inventory_id,warehouse_id,product_id,stock_quantity,reorder_level,last_restock_date
700001,501,20637,5315.0,70.0,2025-10-16
700002,501,20423,34094.0,196.0,2026-04-22
700003,501,20629,14914.0,148.0,2026-01-12
700004,501,21036,10340.0,177.0,2026-03-14
700005,501,20770,1921.0,121.0,2025-07-12
700006,501,21266,1921.0,453.0,2026-04-12
700007,501,20896,678.0,470.0,2026-06-26
700008,501,20154,22780.0,80.0,2026-04-28
700009,501,21079,10410.0,217.0,2026-08-20
700010,501,20904,13946.0,246.0,2025-11-05
700011,501,21264,236.0,418.0,2025-11-09
700012,501,20336,39683.0,186.0,2025-11-10
700013,501,20620,20234.0,430.0,2026-03-22
700014,501,21415,2703.0,,2026-04-05
700015,501,21070,2273.0,343.0,2026-06-29
700016,501,20276,2295.0,260.0,2026-03-06
700017,501,20869,4109.0,237.0,2026-05-11
700018,501,20357,8426.0,,2026-08-13
700019,501,20546,6406.0,168.0,2026-05-27
700020,501,20864,3899.0,19.0,2026-04-18
700021,501,21120,,499.0,2026-07-17
700022,501,20605,1702.0,441.0,2025-11-01
700023,501,20022,3913.0,146.0,2026-03-08
700024,501,20174,5168.0,144.0,2025-12-31
700025,501,20749,6897.0,285.0,2026-08-04
700026,501,21371,17419.0,201.0,2026-02-28
700027,501,21316,2523.0,277.0,2025-09-16
700028,501,21092,8178.0,359.0,2026-02-28
700029,501,20275,10166.0,476.0,2026-05-01
700030,501,20991,539.0,,2025-10-02
700031,501,20077,10594.0,72.0,2026-05-09
700032,501,21318,2118.0,359.0,2026-07-23
700033,501,20792,762.0,197.0,2026-06-27
700034,501,20662,33681.0,248.0,2026-06-22
700035,501,20928,38177.0,200.0,2026-01-10
700036,501,21281,18715.0,337.0,2026-06-15
700037,501,20301,4115.0,92.0,2026-06-28
700038,501,20116,1164.0,109.0,2026-07-30
700039,501,21005,13057.0,422.0,2026-01-09
700040,501,20540,6570.0,144.0,2025-12-11
700041,501,21436,1474.0,155.0,2026-05-14
700042,501,20584,7742.0,83.0,2026-02-27
700043,501,20554,396.0,31.0,2026-02-23
700044,501,20555,27188.0,,2025-12-13
700045,501,20852,,332.0,2026-07-29
700046,501,21337,12303.0,342.0,2026-03-25
700047,501,20453,4231.0,452.0,2025-12-05
700048,501,20976,8315.0,,2026-04-02
700049,501,20236,8962.0,100.0,2025-09-12
700050,501,20040,2315.0,243.0,2026-02-03
700051,501,21103,39561.0,,2026-06-22
700052,501,20210,16902.0,354.0,2025-09-17
700053,501,20315,31772.0,383.0,2025-09-03
700054,501,20395,25509.0,402.0,2026-03-26
700055,501,21449,10319.0,,2026-07-16
700056,501,21272,28876.0,180.0,2026-08-04
700057,501,20122,1049.0,256.0,2026-01-20
700058,501,20220,2471.0,269.0,2026-03-18
700059,501,20773,524.0,201.0,2025-10-16
700060,501,20444,4457.0,355.0,2026-05-29
700061,501,21000,5574.0,299.0,2026-02-14
700062,501,21211,3586.0,413.0,2026-06-22
700063,501,20099,19986.0,228.0,2026-06-20
700064,501,20488,4998.0,263.0,2026-02-28
700065,501,21059,3736.0,93.0,2026-04-05
700066,501,20365,8862.0,80.0,2026-06-14
700067,501,21306,1720.0,320.0,2026-06-25
700068,501,20204,18354.0,296.0,2026-03-24
700069,501,20003,878.0,,2026-07-27
700070,501,20934,49091.0,343.0,2026-07-13
700071,501,21134,16757.0,125.0,2026-04-27
700072,501,20093,2509.0,354.0,2026-01-17
700073,501,20835,63.0,17.0,2026-04-01
700074,501,21180,19141.0,271.0,2025-10-21
700075,501,20026,13899.0,60.0,2025-08-09
700076,502,21159,2758.0,,2026-07-06
700077,502,20450,3117.0,200.0,2025-09-08
700078,502,20557,163.0,360.0,2025-10-27
700079,502,21086,938.0,140.0,2026-01-09
700080,502,20894,,191.0,2026-06-23
700081,502,21061,4201.0,337.0,2026-01-07
700082,502,20391,2063.0,439.0,2025-11-11
700083,502,20580,849.0,32.0,2026-02-06
700084,502,20339,139.0,208.0,2025-10-03
700085,502,21482,787.0,83.0,2026-02-05
700086,502,20459,831.0,164.0,2026-03-28
700087,502,20763,2763.0,348.0,2026-08-28
700088,502,20501,2144.0,159.0,2026-07-09
700089,502,20410,4610.0,403.0,2026-06-25
700090,502,21152,1350.0,187.0,2025-10-21
700091,502,20801,269.0,,2026-04-19
700092,502,20442,2639.0,442.0,2025-01-12
700093,502,20594,3022.0,229.0,2025-09-11
700094,502,21279,,22.0,2026-03-25
700095,502,20240,3114.0,393.0,2026-01-23
700096,502,21457,1438.0,173.0,2025-10-19
700097,502,21384,1563.0,378.0,2026-05-02
700098,502,20745,1178.0,54.0,2026-07-23
700099,502,20797,54.0,215.0,2025-08-10
700100,502,20259,241.0,264.0,2026-02-21
700101,502,20004,67.0,447.0,2025-11-12
700102,502,21458,2137.0,202.0,2026-05-08
700103,502,21338,797.0,73.0,2026-06-10
700104,502,20158,1501.0,292.0,2025-11-18
700105,502,21113,5031.0,45.0,2026-01-14
700106,502,21360,606.0,353.0,2026-04-25
700107,502,20543,1116.0,49.0,2025-11-23
700108,502,21302,2976.0,,2026-05-07
700109,502,21442,549.0,399.0,2026-11-05
700110,502,21459,169.0,80.0,2026-04-01
700111,502,20070,723.0,193.0,2025-11-29
700112,502,20648,371.0,278.0,2026-04-20
700113,502,20118,5609.0,475.0,2026-03-05
700114,502,20509,3488.0,11.0,2026-03-13
700115,502,20778,2120.0,369.0,2026-08-12
700116,502,20940,4334.0,289.0,2026-08-09
700117,502,21372,3439.0,415.0,2026-02-15
700118,502,20246,436.0,120.0,2026-03-28
700119,502,21127,4713.0,384.0,2025-10-26
700120,502,21499,1638.0,79.0,2026-08-04
700121,502,20529,3480.0,196.0,2026-02-03
700122,502,21056,4784.0,143.0,2026-06-14
700123,502,20448,809.0,440.0,2026-03-01
700124,502,20168,246.0,345.0,2026-07-30
700125,502,20210,547.0,276.0,2026-03-27
700126,502,20807,1177.0,91.0,2026-05-23
700127,502,20370,3600.0,250.0,2026-01-01
700128,502,20831,4165.0,77.0,2026-06-19
700129,502,20012,15.0,147.0,2026-04-09
700130,502,21142,1510.0,434.0,2026-05-31
700131,502,21115,1141.0,353.0,2026-01-07
700132,502,20453,531.0,227.0,2026-04-16
700133,502,21081,270.0,16.0,2026-07-05
700134,502,21431,870.0,,2026-05-26
700135,502,21493,6049.0,281.0,2026-07-17
700136,502,20627,825.0,401.0,2025-11-02
700137,502,20667,1545.0,304.0,2026-05-23
700138,502,20935,2565.0,293.0,2026-05-23
700139,502,20550,955.0,265.0,2026-02-27
700140,502,20238,,284.0,2026-07-16
700141,502,20069,6934.0,140.0,2026-05-07
700142,502,20169,613.0,162.0,2026-07-12
700143,502,20787,1453.0,124.0,2026-06-20
700144,502,21484,756.0,197.0,2026-02-07
700145,502,20433,708.0,172.0,2025-10-08
700146,502,21213,79.0,191.0,2025-11-22
700147,502,20104,1987.0,,2026-07-08
700148,502,21292,1476.0,135.0,2026-08-07
700149,502,20592,112.0,34.0,2025-12-11
700150,502,20470,690.0,80.0,2025-09-08
700151,503,21085,16254.0,303.0,2025-11-17
700152,503,21156,1863.0,379.0,2026-08-19
700153,503,21257,1065.0,,2026-01-22
700154,503,20964,4574.0,388.0,2026-05-01
700155,503,20134,28876.0,96.0,2025-10-17
700156,503,20887,1886.0,90.0,2026-01-19
700157,503,21423,7587.0,47.0,2026-02-15
700158,503,20387,9756.0,103.0,2026-08-02
700159,503,20940,1846.0,134.0,2025-12-08
700160,503,20229,8864.0,487.0,2025-09-11
700161,503,20688,3120.0,238.0,2026-05-01
700162,503,20991,6807.0,415.0,2026-08-24
700163,503,21335,6830.0,15.0,2025-12-10
700164,503,21148,5221.0,43.0,2026-03-08
700165,503,20661,644.0,79.0,2026-01-01
700166,503,20901,12272.0,,2026-01-12
700167,503,20499,,381.0,2025-09-29
700168,503,21445,1405.0,417.0,2026-03-21
700169,503,20237,283.0,312.0,2025-11-23
700170,503,20003,6081.0,50.0,2025-09-29
700171,503,20272,7701.0,,2025-10-14
700172,503,20815,114.0,122.0,2025-09-05
700173,503,20185,4883.0,286.0,2025-09-02
700174,503,21316,,353.0,2025-10-19
700175,503,20273,7050.0,191.0,2026-07-15
700176,503,20319,1304.0,,2025-10-18
700177,503,20545,7989.0,466.0,2026-05-20
700178,503,20944,3327.0,456.0,2025-10-29
700179,503,20326,18781.0,175.0,2026-02-21
700180,503,20182,1007.0,,2026-04-25
700181,503,20971,2838.0,458.0,2026-05-06
700182,503,21132,819.0,449.0,2026-01-01
700183,503,20101,17596.0,458.0,2026-01-08
700184,503,20707,14277.0,116.0,2026-06-17
700185,503,20962,2030.0,198.0,2026-08-07
700186,503,20883,7340.0,346.0,2026-08-23
700187,503,21168,11563.0,235.0,2026-08-12
700188,503,20929,5512.0,385.0,2026-02-08
700189,503,20318,5132.0,206.0,2026-08-06
700190,503,21166,1884.0,304.0,2026-01-31
700191,503,20223,665.0,53.0,2026-02-23
700192,503,21169,15480.0,330.0,2025-12-08
700193,503,20174,15695.0,481.0,2025-11-14
700194,503,20333,6822.0,101.0,2025-11-15
700195,503,21041,2817.0,223.0,2026-05-13
700196,503,21183,2923.0,203.0,2025-11-18
700197,503,21184,8807.0,416.0,2026-06-02
700198,503,20345,15473.0,399.0,2026-06-27
700199,503,20641,14840.0,446.0,2026-08-30
700200,503,20176,10298.0,273.0,2026-02-14
700201,503,21142,6990.0,63.0,2026-05-25
700202,503,21339,598.0,308.0,2025-10-18
700203,503,20875,1199.0,197.0,2026-02-08
700204,503,21212,15569.0,440.0,2026-08-18
700205,503,20760,6345.0,135.0,2026-04-10
700206,503,21152,63.0,391.0,2026-06-08
700207,503,20075,728.0,202.0,2026-03-30
700208,503,21086,7411.0,356.0,2025-09-29
700209,503,21274,35.0,120.0,2026-08-16
700210,503,21488,1193.0,120.0,2025-10-13
700211,503,20114,5414.0,89.0,2025-09-04
700212,503,20984,8010.0,369.0,2026-01-16
700213,503,20829,7181.0,419.0,2026-02-26
700214,503,21285,1728.0,17.0,2026-06-03
700215,503,20903,8474.0,161.0,2025-09-24
700216,503,20922,,266.0,2025-11-09
700217,503,20638,2678.0,105.0,2026-04-17
700218,503,20769,9337.0,404.0,2025-12-01
700219,503,20538,7136.0,368.0,2026-08-30
700220,503,21327,12873.0,345.0,2026-03-10
700221,503,20481,7293.0,472.0,2026-08-16
700222,503,20811,5716.0,81.0,2026-03-27
700223,503,20652,669.0,127.0,2026-06-15
700224,503,20981,3119.0,456.0,2026-08-21
700225,503,20711,2097.0,14.0,2026-05-08
700226,504,20791,1077.0,433.0,2026-01-03
700227,504,20528,13905.0,85.0,2026-07-17
700228,504,20188,1922.0,486.0,2025-09-24
700229,504,20870,,23.0,2026-07-27
700230,504,20947,3839.0,445.0,2026-02-21
700231,504,20564,6096.0,393.0,2025-10-10
700232,504,20718,2688.0,266.0,2025-09-09
700233,504,20040,3311.0,397.0,2025-11-05
700234,504,20302,2611.0,406.0,2026-03-24
700235,504,20363,836.0,285.0,2026-03-23
700236,504,20589,4934.0,74.0,2025-09-23
700237,504,20949,1269.0,328.0,2026-02-12
700238,504,20917,95.0,165.0,2025-09-11
700239,504,20448,3992.0,367.0,2026-06-23
700240,504,21018,750.0,141.0,2026-08-27
700241,504,20521,10859.0,26.0,2025-09-18
700242,504,20182,11846.0,16.0,2026-04-15
700243,504,21068,9483.0,66.0,2026-07-04
700244,504,20550,1779.0,207.0,2026-02-17
700245,504,20304,60.0,176.0,2026-07-08
700246,504,20068,10145.0,256.0,2026-07-28
700247,504,20427,2151.0,180.0,2025-10-08
700248,504,20703,13091.0,239.0,2025-10-17
700249,504,20089,12755.0,143.0,2026-02-21
700250,504,20504,7380.0,164.0,2025-11-09
700251,504,20741,1343.0,477.0,2026-08-12
700252,504,21254,1872.0,493.0,2026-08-10
700253,504,21045,7332.0,393.0,2026-05-29
700254,504,20482,1467.0,58.0,2026-08-03
700255,504,20819,715.0,249.0,2025-09-18
700256,504,21272,3132.0,235.0,2026-08-24
700257,504,20524,10590.0,63.0,2025-10-28
700258,504,20753,4584.0,390.0,2026-05-10
700259,504,20939,3249.0,211.0,2026-05-03
700260,504,20777,393.0,479.0,2026-08-31
700261,504,21416,3674.0,197.0,2026-04-09
700262,504,21153,17747.0,192.0,2026-06-30
700263,504,20892,581.0,316.0,2026-05-13
700264,504,20546,2812.0,332.0,2026-03-11
700265,504,20761,8078.0,76.0,2026-01-28
700266,504,20342,5197.0,470.0,2026-05-20
700267,504,21197,,309.0,2025-08-31
700268,504,21209,4666.0,218.0,2025-09-21
700269,504,20333,1715.0,196.0,2025-10-25
700270,504,20985,1338.0,81.0,2025-09-10
700271,504,20119,6380.0,158.0,2026-04-27
700272,504,21192,6395.0,429.0,2026-02-21
700273,504,20970,7768.0,305.0,2026-07-15
700274,504,20687,9410.0,343.0,2026-08-11
700275,504,20610,2756.0,197.0,2025-10-14
700276,504,20998,2680.0,167.0,2026-04-01
700277,504,20287,6162.0,267.0,2026-06-02
700278,504,21486,4041.0,374.0,2025-12-11
700279,504,21281,4660.0,109.0,2025-11-04
700280,504,21157,6115.0,,2026-04-06
700281,504,21167,8496.0,417.0,2026-04-23
700282,504,21237,1588.0,408.0,2025-12-27
700283,504,20244,1813.0,266.0,2026-01-29
700284,504,20096,380.0,239.0,2025-09-13
700285,504,20950,3323.0,320.0,2025-11-24
700286,504,21378,141.0,120.0,2025-09-27
700287,504,21411,2412.0,185.0,2025-12-28
700288,504,20709,3011.0,469.0,2026-04-15
700289,504,21244,1300.0,153.0,2026-06-12
700290,504,20796,3440.0,431.0,2026-04-16
700291,504,20180,119.0,377.0,2026-05-22
700292,504,20356,147.0,430.0,2026-08-12
700293,504,21163,6657.0,,2025-10-12
700294,504,21142,1719.0,162.0,2026-01-10
700295,504,20232,523.0,319.0,2026-06-15
700296,504,20683,2843.0,473.0,2025-09-10
700297,504,20575,5657.0,298.0,2025-10-31
700298,504,21396,936.0,112.0,2025-09-05
700299,504,20601,3754.0,60.0,2026-08-08
700300,504,21388,,338.0,2026-03-11
700301,505,21328,279.0,303.0,2025-09-20
700302,505,20090,3985.0,264.0,2026-02-05
700303,505,21309,4090.0,208.0,2025-09-01
700304,505,20950,5334.0,221.0,2026-04-09
700305,505,20486,6808.0,138.0,2026-08-09
700306,505,20492,,270.0,2026-02-17
700307,505,21126,3819.0,296.0,2025-09-04
700308,505,20146,2051.0,215.0,2026-08-15
700309,505,20728,8337.0,214.0,2026-05-26
700310,505,21270,1661.0,206.0,2025-10-14
700311,505,20535,3039.0,421.0,2025-11-19
700312,505,21229,430.0,124.0,2025-09-08
700313,505,21099,135.0,105.0,2026-02-09
700314,505,21094,17284.0,460.0,2026-04-16
700315,505,20456,9504.0,478.0,2026-01-02
700316,505,20271,6260.0,160.0,2026-04-25
700317,505,20797,2765.0,120.0,2026-03-07
700318,505,20167,1001.0,352.0,2026-06-12
700319,505,20116,894.0,365.0,2025-12-27
700320,505,21361,1514.0,347.0,2026-05-07
700321,505,20519,4189.0,80.0,2026-01-01
700322,505,20922,6592.0,59.0,2026-08-28
700323,505,21161,5675.0,141.0,2026-04-03
700324,505,20970,1727.0,343.0,2026-03-29
700325,505,20969,16288.0,264.0,2025-10-05
700326,505,20351,7040.0,234.0,2025-12-31
700327,505,20069,4249.0,374.0,2025-12-17
700328,505,20881,4974.0,353.0,2026-06-30
700329,505,20609,2860.0,313.0,2026-02-07
700330,505,20081,1497.0,26.0,2026-07-26
700331,505,20296,2313.0,425.0,2026-01-21
700332,505,20287,7456.0,65.0,2026-04-15
700333,505,20376,76.0,382.0,2026-05-05
700334,505,21210,649.0,121.0,2025-10-16
700335,505,20569,248.0,425.0,2025-11-04
700336,505,20105,219.0,251.0,2026-02-04
700337,505,21004,10169.0,33.0,2026-01-02
700338,505,20289,6394.0,37.0,2026-03-16
700339,505,20480,3379.0,232.0,2025-10-15
700340,505,20465,541.0,100.0,2026-06-07
700341,505,20661,3557.0,146.0,2025-10-19
700342,505,21145,3372.0,170.0,2025-12-21
700343,505,20354,1000.0,265.0,2026-08-20
700344,505,20177,,369.0,2025-11-21
700345,505,20484,2673.0,410.0,2026-03-21
700346,505,20577,5030.0,132.0,2026-06-07
700347,505,20610,5300.0,405.0,2025-12-27
700348,505,21321,244.0,475.0,2025-09-16
700349,505,21076,2468.0,229.0,2026-08-15
700350,505,20721,5169.0,127.0,2025-12-03
700351,505,20207,3677.0,296.0,2026-01-24
700352,505,20636,10207.0,210.0,2025-10-08
700353,505,20748,5652.0,58.0,2026-07-17
700354,505,21050,935.0,220.0,2025-12-04
700355,505,21389,385.0,323.0,2025-11-09
700356,505,21255,5407.0,321.0,2025-12-17
700357,505,20001,141.0,58.0,2026-07-15
700358,505,20277,4634.0,185.0,2026-07-11
700359,505,20806,,119.0,2026-07-27
700360,505,21134,4505.0,467.0,2025-10-09
700361,505,20249,2583.0,253.0,2026-06-13
700362,505,20601,5420.0,265.0,2026-08-03
700363,505,21069,3223.0,141.0,2026-05-19
700364,505,20189,4147.0,413.0,2026-07-21
700365,505,21088,14922.0,418.0,2026-02-11
700366,505,20412,2565.0,377.0,2026-08-20
700367,505,21140,17082.0,278.0,2026-02-08
700368,505,21298,12395.0,247.0,2026-07-24
700369,505,21489,1146.0,306.0,2026-03-23
700370,505,20815,,176.0,2026-07-17
700371,505,20503,558.0,142.0,2026-01-31
700372,505,21222,97.0,80.0,2026-03-05
700373,505,20889,522.0,455.0,2026-07-02
700374,505,20150,6040.0,401.0,2026-08-08
700375,505,20076,388.0,165.0,2026-07-25
700376,506,20160,927.0,144.0,2026-08-12
700377,506,20155,4498.0,177.0,2026-03-14
700378,506,20187,57.0,380.0,2026-02-10
700379,506,21335,4066.0,179.0,2026-04-15
700380,506,21225,799.0,70.0,2026-08-16
700381,506,20443,303.0,487.0,2025-10-01
700382,506,21340,2880.0,347.0,2026-01-22
700383,506,20404,2393.0,82.0,2026-06-23
700384,506,20574,5067.0,139.0,2026-02-06
700385,506,20895,3206.0,61.0,2026-04-22
700386,506,20552,3927.0,444.0,2026-08-24
700387,506,21042,800.0,485.0,2025-12-15
700388,506,20375,,58.0,2025-10-03
700389,506,21194,3352.0,469.0,2026-02-10
700390,506,20820,3968.0,169.0,2025-11-25
700391,506,20051,11240.0,190.0,2026-03-30
700392,506,20849,1284.0,289.0,2026-03-15
700393,506,20545,1123.0,41.0,2026-07-23
700394,506,20433,3615.0,478.0,2025-11-18
700395,506,20011,1006.0,455.0,2026-02-20
700396,506,21401,6444.0,53.0,2025-09-26
700397,506,20755,4718.0,389.0,2025-10-28
700398,506,20274,1352.0,188.0,2026-03-29
700399,506,20248,3354.0,275.0,2026-07-18
700400,506,20502,3390.0,78.0,2025-10-10
700401,506,20684,263.0,41.0,2026-05-29
700402,506,21010,5620.0,341.0,2026-01-08
700403,506,21468,1698.0,309.0,2026-05-03
700404,506,20783,4227.0,100.0,2026-03-09
700405,506,20137,931.0,332.0,2025-10-23
700406,506,21219,5452.0,278.0,2026-07-24
700407,506,20816,1190.0,55.0,2026-08-25
700408,506,20918,26.0,309.0,2026-08-27
700409,506,21221,5691.0,116.0,2026-02-07
700410,506,21492,231.0,154.0,2025-09-05
700411,506,21159,928.0,419.0,2026-02-08
700412,506,20476,7233.0,140.0,2025-12-16
700413,506,21309,7260.0,122.0,2026-02-23
700414,506,21294,2056.0,298.0,2026-04-03
700415,506,20818,2412.0,477.0,2026-01-20
700416,506,20196,1436.0,13.0,2025-09-24
700417,506,20921,838.0,35.0,2026-03-05
700418,506,20184,962.0,360.0,2026-10-02
700419,506,21210,2694.0,399.0,2026-01-22
700420,506,20776,3369.0,499.0,2026-03-31
700421,506,20639,3785.0,252.0,2026-08-26
700422,506,21253,,108.0,2026-07-26
700423,506,20791,,42.0,2026-07-27
700424,506,21104,1646.0,265.0,2025-10-21
700425,506,21308,143.0,463.0,2025-09-18
700426,506,20063,1925.0,485.0,2026-08-21
700427,506,21384,1406.0,493.0,2026-06-11
700428,506,21174,5277.0,,2026-08-17
700429,506,21250,1043.0,430.0,2026-05-02
700430,506,20206,300.0,29.0,2026-08-13
700431,506,21032,372.0,265.0,2025-10-28
700432,506,21222,3460.0,265.0,2026-08-14
700433,506,20532,2324.0,150.0,2026-08-18
700434,506,20497,257.0,377.0,2026-06-11
700435,506,20259,212.0,95.0,2025-10-13
700436,506,21208,2914.0,53.0,2026-01-11
700437,506,20388,182.0,295.0,2026-07-23
700438,506,21231,4164.0,84.0,2026-08-28
700439,506,20085,2957.0,495.0,2026-08-27
700440,506,20807,205.0,234.0,2025-10-26
700441,506,21059,,120.0,2025-11-30
700442,506,21040,10415.0,123.0,2025-09-09
700443,506,20837,1132.0,327.0,2026-06-12
700444,506,20871,1118.0,350.0,2026-02-14
700445,506,20456,4044.0,16.0,2026-03-04
700446,506,20007,7101.0,266.0,2026-03-29
700447,506,20045,10303.0,166.0,2026-06-15
700448,506,20853,3379.0,394.0,2025-10-12
700449,506,20374,1139.0,212.0,2025-11-24
700450,506,21147,210.0,266.0,2026-05-16
700451,507,20257,2342.0,348.0,2025-11-05
700452,507,21354,1275.0,326.0,2026-06-10
700453,507,20928,,16.0,2026-01-17
700454,507,20775,3695.0,494.0,2025-09-02
700455,507,20797,184.0,245.0,2026-03-16
700456,507,21412,1059.0,184.0,2026-05-22
700457,507,20790,18.0,413.0,2025-08-31
700458,507,20318,987.0,127.0,2026-07-16
700459,507,20035,90.0,463.0,2026-08-01
700460,507,20293,197.0,197.0,2026-06-23
700461,507,21077,195.0,59.0,2025-11-16
700462,507,21037,1634.0,248.0,2026-04-27
700463,507,21017,2138.0,210.0,2025-09-16
700464,507,20433,1366.0,456.0,2026-08-15
700465,507,20181,5109.0,131.0,2025-09-11
700466,507,21190,733.0,486.0,2026-07-27
700467,507,20765,525.0,240.0,2025-12-07
700468,507,21132,3166.0,102.0,2026-06-27
700469,507,20090,395.0,14.0,2026-08-23
700470,507,20691,5153.0,172.0,2026-06-27
700471,507,20217,19.0,141.0,2026-01-26
700472,507,20684,5464.0,427.0,2026-04-27
700473,507,20429,69.0,82.0,2025-10-15
700474,507,20144,3460.0,256.0,2026-03-07
700475,507,20515,1170.0,73.0,2026-02-05
700476,507,21169,7733.0,259.0,2026-08-08
700477,507,20462,120.0,18.0,2025-12-06
700478,507,20767,1259.0,56.0,2026-07-22
700479,507,20273,5435.0,200.0,2026-04-08
700480,507,21250,1155.0,166.0,2026-11-07
700481,507,20955,1549.0,,2026-07-13
700482,507,20911,1856.0,230.0,2026-06-20
700483,507,20631,946.0,39.0,2026-06-25
700484,507,21432,1541.0,495.0,2025-09-10
700485,507,20697,1370.0,374.0,2026-03-01
700486,507,20542,3611.0,209.0,2025-09-15
700487,507,20676,73.0,370.0,2025-09-16
700488,507,21484,515.0,,2026-03-01
700489,507,20067,4687.0,318.0,2026-08-09
700490,507,20008,3447.0,280.0,2025-10-06
700491,507,20941,949.0,328.0,2025-12-10
700492,507,20523,1510.0,225.0,2025-11-26
700493,507,21088,507.0,32.0,2026-07-16
700494,507,20023,325.0,468.0,2025-09-11
700495,507,20046,972.0,269.0,2025-09-18
700496,507,20902,680.0,99.0,2025-10-12
700497,507,20958,1367.0,419.0,2026-04-04
700498,507,20838,,356.0,2026-05-25
700499,507,21074,5718.0,,2026-04-29
700500,507,20256,6683.0,110.0,2026-08-29
700501,507,20770,1869.0,482.0,2026-07-23
700502,507,20120,1198.0,498.0,2025-12-12
700503,507,21188,578.0,114.0,2026-01-19
700504,507,20771,2622.0,183.0,2026-07-02
700505,507,20291,1801.0,104.0,2026-04-29
700506,507,20543,277.0,431.0,2026-04-21
700507,507,20153,3773.0,201.0,2026-07-07
700508,507,20233,2697.0,141.0,2026-01-17
700509,507,20225,4668.0,118.0,2026-03-03
700510,507,20584,2018.0,446.0,2026-05-15
700511,507,20900,1483.0,26.0,2026-02-06
700512,507,20617,845.0,107.0,2026-07-17
700513,507,20817,4211.0,110.0,2026-07-28
700514,507,20918,3136.0,195.0,2026-07-23
700515,507,21136,72.0,81.0,2026-05-17
700516,507,20101,42.0,124.0,2026-06-19
700517,507,20402,737.0,89.0,2026-07-01
700518,507,20613,2596.0,381.0,2026-05-28
700519,507,20313,6809.0,29.0,2025-12-02
700520,507,20470,254.0,48.0,2026-01-15
700521,507,20717,1407.0,257.0,2026-03-02
700522,507,21401,748.0,47.0,2026-02-04
700523,507,21120,5466.0,156.0,2026-03-10
700524,507,20182,2880.0,,2025-12-15
700525,507,20265,2843.0,476.0,2026-03-16
700526,508,20259,1794.0,318.0,2026-03-01
700527,508,20199,1520.0,355.0,2025-09-24
700528,508,20618,906.0,351.0,2025-11-01
700529,508,21103,165.0,205.0,2026-03-04
700530,508,20817,5676.0,381.0,2026-07-19
700531,508,21233,4756.0,453.0,2026-04-17
700532,508,21058,23187.0,473.0,2025-11-30
700533,508,20273,16158.0,386.0,2026-05-23
700534,508,21309,2300.0,493.0,2026-04-09
700535,508,20134,4157.0,420.0,2026-03-02
700536,508,20245,8217.0,80.0,2025-11-02
700537,508,21224,5376.0,481.0,2025-11-14
700538,508,21477,806.0,294.0,2025-12-03
700539,508,20987,1699.0,295.0,2026-03-28
700540,508,21017,392.0,365.0,2025-09-30
700541,508,20869,8739.0,17.0,2025-10-28
700542,508,20982,2644.0,93.0,2025-11-14
700543,508,20546,737.0,208.0,2025-11-19
700544,508,21371,3160.0,500.0,2026-07-15
700545,508,20404,2731.0,14.0,2026-07-02
700546,508,20330,1258.0,233.0,2026-03-10
700547,508,21061,342.0,137.0,2026-04-07
700548,508,20685,3159.0,58.0,2026-08-02
700549,508,21276,2084.0,436.0,2025-10-14
700550,508,20395,4199.0,132.0,2026-03-25
700551,508,21248,2083.0,,2025-09-08
700552,508,20925,5424.0,337.0,2026-02-15
700553,508,21462,2278.0,56.0,2026-06-27
700554,508,21146,2335.0,216.0,2025-11-16
700555,508,20538,5938.0,485.0,2026-08-20
700556,508,21178,1466.0,323.0,2026-04-30
700557,508,20498,408.0,369.0,2025-02-09
700558,508,20677,83.0,303.0,2026-05-20
700559,508,21343,3992.0,40.0,2026-12-08
700560,508,21235,2748.0,454.0,2025-12-03
700561,508,20041,3455.0,483.0,2026-06-12
700562,508,21200,679.0,342.0,2026-01-31
700563,508,20656,416.0,232.0,2026-08-04
700564,508,21180,42.0,,2026-02-23
700565,508,21386,1225.0,250.0,2026-01-10
700566,508,20986,2529.0,345.0,2026-06-29
700567,508,20931,1413.0,247.0,2025-12-06
700568,508,21376,1632.0,143.0,2026-05-26
700569,508,20892,6653.0,496.0,2026-02-17
700570,508,20608,1215.0,21.0,2026-05-12
700571,508,20338,2047.0,427.0,2026-01-20
700572,508,20329,4343.0,37.0,2025-12-17
700573,508,21121,1433.0,301.0,2026-01-30
700574,508,20227,2761.0,77.0,2026-04-03
700575,508,20799,5627.0,315.0,2025-11-23
700576,508,20605,8472.0,249.0,2025-09-30
700577,508,20073,451.0,57.0,2025-10-06
700578,508,20182,7410.0,72.0,2026-05-08
700579,508,21337,1922.0,412.0,2026-05-28
700580,508,21204,848.0,324.0,2026-01-13
700581,508,21321,1744.0,339.0,2026-04-26
700582,508,20446,11104.0,243.0,2026-02-26
700583,508,21295,1925.0,80.0,2026-06-15
700584,508,21372,1131.0,176.0,2026-05-02
700585,508,20728,2847.0,334.0,2026-02-11
700586,508,20794,779.0,399.0,2026-06-25
700587,508,21277,224.0,367.0,2026-07-08
700588,508,20423,391.0,145.0,2026-06-25
700589,508,20507,389.0,151.0,2026-05-21
700590,508,20102,467.0,447.0,2026-01-18
700591,508,20551,424.0,333.0,2026-07-12
700592,508,20891,2906.0,308.0,2026-02-22
700593,508,21331,570.0,90.0,2026-01-22
700594,508,20250,1203.0,422.0,2026-03-24
700595,508,20562,6443.0,130.0,2025-10-16
700596,508,20748,1823.0,496.0,2026-03-02
700597,508,20304,3125.0,124.0,2026-05-27
700598,508,20254,537.0,393.0,2026-01-03
700599,508,21080,606.0,337.0,2026-04-22
700600,508,20086,118.0,152.0,2026-04-02
700601,509,21138,838.0,460.0,2025-12-22
700602,509,20569,1478.0,238.0,2026-07-19
700603,509,20097,882.0,180.0,2026-08-05
700604,509,20756,420.0,299.0,2025-09-25
700605,509,20013,582.0,279.0,2026-01-11
700606,509,20859,2796.0,350.0,2025-12-14
700607,509,21478,1046.0,67.0,2026-04-16
700608,509,20661,2050.0,431.0,2026-03-09
700609,509,21055,3168.0,182.0,2026-03-12
700610,509,21264,,288.0,2026-04-05
700611,509,20048,182.0,173.0,2026-03-02
700612,509,21038,7271.0,417.0,2026-08-30
700613,509,20472,,218.0,2026-02-18
700614,509,20512,386.0,304.0,2025-12-18
700615,509,21182,9361.0,,2025-12-09
700616,509,20549,11482.0,92.0,2025-10-30
700617,509,20641,285.0,11.0,2026-02-04
700618,509,21122,1467.0,373.0,2026-05-09
700619,509,20447,7427.0,376.0,2026-03-21
700620,509,21424,6243.0,306.0,2026-05-11
700621,509,20848,923.0,261.0,2026-01-29
700622,509,21001,1063.0,189.0,2026-04-10
700623,509,20328,2095.0,20.0,2026-04-05
700624,509,20629,2999.0,425.0,2026-03-15
700625,509,21364,4359.0,205.0,2026-06-13
700626,509,20040,2083.0,397.0,2025-11-23
700627,509,20041,2810.0,271.0,2026-03-11
700628,509,20020,6229.0,222.0,2026-06-14
700629,509,20060,169.0,314.0,2025-12-09
700630,509,20895,1317.0,494.0,2025-09-22
700631,509,20562,5655.0,385.0,2026-06-19
700632,509,20012,10210.0,357.0,2025-10-21
700633,509,20887,3244.0,,2026-01-29
700634,509,21063,3438.0,136.0,2026-08-17
700635,509,20449,513.0,408.0,2025-11-12
700636,509,21016,2685.0,411.0,2025-09-13
700637,509,20501,3443.0,353.0,2025-10-29
700638,509,20515,1257.0,359.0,2026-07-14
700639,509,20838,1420.0,484.0,2025-12-03
700640,509,20984,2144.0,,2025-09-20
700641,509,20075,92.0,419.0,2025-10-02
700642,509,20721,1759.0,201.0,2026-05-12
700643,509,21179,1075.0,397.0,2026-08-31
700644,509,20876,1796.0,186.0,2026-06-27
700645,509,21435,577.0,63.0,2025-11-26
700646,509,21452,10012.0,171.0,2026-06-27
700647,509,21347,4075.0,66.0,2026-07-25
700648,509,21196,5145.0,484.0,2025-10-09
700649,509,21053,7046.0,125.0,2025-10-11
700650,509,20061,3123.0,89.0,2026-07-15
700651,509,20049,412.0,457.0,2025-12-05
700652,509,21130,3486.0,107.0,2025-09-07
700653,509,20274,4001.0,306.0,2026-01-07
700654,509,21437,6193.0,500.0,2026-03-02
700655,509,21050,2557.0,158.0,2025-12-27
700656,509,21193,618.0,181.0,2026-03-10
700657,509,21243,1511.0,56.0,2025-12-26
700658,509,20103,2042.0,246.0,2025-10-18
700659,509,20414,4699.0,297.0,2025-12-14
700660,509,20152,3828.0,195.0,2025-10-26
700661,509,20769,1992.0,213.0,2026-01-21
700662,509,20672,19491.0,307.0,2026-01-03
700663,509,20837,4213.0,342.0,2025-12-10
700664,509,21457,1226.0,,2026-01-28
700665,509,21329,486.0,132.0,2026-02-14
700666,509,20701,751.0,,2025-12-01
700667,509,20243,1278.0,131.0,2026-02-13
700668,509,20466,793.0,16.0,2026-08-15
700669,509,20966,935.0,365.0,2025-11-16
700670,509,20823,1519.0,454.0,2025-09-26
700671,509,20654,862.0,255.0,2026-02-12
700672,509,20171,10278.0,374.0,2026-03-28
700673,509,20299,379.0,199.0,2026-03-18
700674,509,21410,3365.0,112.0,2026-04-25
700675,509,21304,2391.0,468.0,2026-02-13
700676,510,20889,4907.0,245.0,2026-08-04
700677,510,21433,144.0,141.0,2026-04-28
700678,510,20865,616.0,84.0,2025-12-29
700679,510,20044,,404.0,2026-08-20
700680,510,20987,2438.0,312.0,2026-08-15
700681,510,20488,2064.0,164.0,2026-07-31
700682,510,20430,362.0,364.0,2026-02-05
700683,510,21377,,115.0,2026-07-17
700684,510,20085,1342.0,391.0,2026-04-28
700685,510,20194,3221.0,97.0,2025-11-13
700686,510,20849,989.0,384.0,2026-07-04
700687,510,20678,1030.0,289.0,2026-05-18
700688,510,20091,399.0,23.0,2026-03-29
700689,510,20539,1783.0,313.0,2026-05-18
700690,510,20973,252.0,347.0,2026-05-30
700691,510,20597,475.0,23.0,2026-02-07
700692,510,20852,673.0,,2025-11-30
700693,510,20238,861.0,283.0,2026-02-16
700694,510,20439,337.0,379.0,2026-03-14
700695,510,21308,148.0,61.0,2025-10-21
700696,510,21173,1146.0,168.0,2026-08-11
700697,510,21201,414.0,318.0,2026-01-19
700698,510,21364,1058.0,149.0,2025-09-16
700699,510,20292,204.0,374.0,2025-10-14
700700,510,20523,797.0,230.0,2026-04-12
700701,510,20702,924.0,19.0,2026-04-01
700702,510,20293,65.0,399.0,2025-10-10
700703,510,20634,499.0,190.0,2026-06-27
700704,510,20122,175.0,327.0,2026-05-26
700705,510,20398,80.0,240.0,2025-10-17
700706,510,20393,5591.0,232.0,2026-07-12
700707,510,21369,473.0,240.0,2026-08-07
700708,510,21191,2017.0,293.0,2025-12-21
700709,510,20762,357.0,474.0,2026-02-19
700710,510,20051,1390.0,,2026-05-15
700711,510,21051,1735.0,359.0,2025-10-31
700712,510,21080,1100.0,237.0,2025-11-10
700713,510,20993,775.0,216.0,2026-06-20
700714,510,20543,645.0,,2026-05-08
700715,510,20109,,32.0,2026-03-15
700716,510,20079,3223.0,49.0,2025-10-20
700717,510,20937,2158.0,70.0,2026-03-11
700718,510,21161,4075.0,174.0,2026-01-10
700719,510,20591,161.0,316.0,2025-10-12
700720,510,20636,1595.0,395.0,2026-08-19
700721,510,21151,3385.0,167.0,2026-02-14
700722,510,21468,243.0,337.0,2026-02-05
700723,510,20859,84.0,,2026-03-25
700724,510,20172,1642.0,133.0,2026-07-03
700725,510,20189,1038.0,463.0,2026-07-21
700726,510,20697,2241.0,146.0,2025-09-17
700727,510,20727,183.0,351.0,2026-06-24
700728,510,20621,1927.0,428.0,2025-09-01
700729,510,20780,274.0,433.0,2026-04-27
700730,510,21104,217.0,67.0,2026-08-06
700731,510,20637,218.0,314.0,2026-07-07
700732,510,20650,2048.0,113.0,2026-06-24
700733,510,20307,1330.0,484.0,2026-04-10
700734,510,21043,900.0,198.0,2025-09-21
700735,510,20728,540.0,64.0,2026-06-14
700736,510,20524,2548.0,69.0,2026-04-14
700737,510,20796,606.0,396.0,2026-07-10
700738,510,20373,2061.0,435.0,2026-05-29
700739,510,20317,703.0,276.0,2026-07-13
700740,510,21127,575.0,186.0,2026-07-03
700741,510,20209,755.0,23.0,2025-11-07
700742,510,20090,436.0,447.0,2026-08-15
700743,510,20110,1673.0,47.0,2026-02-13
700744,510,20622,849.0,22.0,2025-10-06
700745,510,20407,321.0,12.0,2025-10-17
700746,510,20912,2793.0,302.0,2026-06-10
700747,510,21406,589.0,239.0,2026-06-20
700748,510,20975,953.0,451.0,2026-04-21
700749,510,21014,2879.0,194.0,2026-03-28
700750,510,20941,1189.0,37.0,2026-04-20
700751,511,21137,774.0,31.0,2026-07-26
700752,511,21430,17489.0,177.0,2026-05-25
700753,511,21191,6148.0,429.0,2026-01-18
700754,511,20995,2538.0,99.0,2026-06-29
700755,511,20192,933.0,76.0,2026-06-25
700756,511,20781,9831.0,354.0,2026-05-22
700757,511,20900,,475.0,2026-01-30
700758,511,20854,4744.0,282.0,2025-11-05
700759,511,20935,13959.0,293.0,2025-09-13
700760,511,20584,9670.0,35.0,2026-01-20
700761,511,20217,1024.0,393.0,2026-02-02
700762,511,21013,2324.0,,2025-11-18
700763,511,20254,1778.0,197.0,2026-06-16
700764,511,21403,8477.0,278.0,2026-04-08
700765,511,21087,212.0,33.0,2026-08-26
700766,511,20870,5250.0,172.0,2026-01-07
700767,511,20444,8944.0,33.0,2026-03-10
700768,511,20704,13028.0,415.0,2025-12-14
700769,511,20380,2605.0,336.0,2026-05-25
700770,511,20930,10714.0,30.0,2026-01-18
700771,511,20102,730.0,142.0,2025-12-27
700772,511,20196,11659.0,387.0,2026-05-04
700773,511,20771,849.0,448.0,2025-10-03
700774,511,21308,3150.0,322.0,2025-12-10
700775,511,20234,9931.0,217.0,2025-11-25
700776,511,20811,1011.0,378.0,2026-04-23
700777,511,20384,1620.0,237.0,2025-12-23
700778,511,20230,7971.0,63.0,2026-08-11
700779,511,20204,7922.0,224.0,2026-04-05
700780,511,20272,6377.0,42.0,2026-03-11
700781,511,20142,7367.0,265.0,2025-12-12
700782,511,21293,4869.0,301.0,2026-04-05
700783,511,20486,1805.0,391.0,2026-07-24
700784,511,20593,2639.0,104.0,2025-09-22
700785,511,20083,,115.0,2026-07-20
700786,511,20376,14877.0,173.0,2026-03-12
700787,511,20980,5448.0,126.0,2025-11-08
700788,511,20830,3187.0,82.0,2026-08-12
700789,511,20062,3857.0,353.0,2025-09-18
700790,511,20491,18311.0,393.0,2025-12-11
700791,511,20879,1036.0,321.0,2025-09-05
700792,511,21170,5491.0,330.0,2026-08-15
700793,511,20019,4387.0,427.0,2026-04-07
700794,511,20846,5882.0,20.0,2026-05-27
700795,511,21404,114.0,158.0,2025-11-29
700796,511,20069,12798.0,26.0,2025-11-06
700797,511,20116,16738.0,,2025-09-19
700798,511,21143,5181.0,279.0,2026-04-01
700799,511,20849,7423.0,327.0,2026-08-10
700800,511,20140,,401.0,2026-03-25
700801,511,21347,7644.0,49.0,2026-06-16
700802,511,21390,1030.0,282.0,2025-09-08
700803,511,21155,5343.0,488.0,2025-12-05
700804,511,21493,5807.0,328.0,2025-09-01
700805,511,20181,3434.0,224.0,2026-08-05
700806,511,21359,8298.0,225.0,2025-11-13
700807,511,21218,16948.0,304.0,2025-09-08
700808,511,20791,16165.0,217.0,2026-04-14
700809,511,21112,3729.0,234.0,2026-02-18
700810,511,20013,748.0,38.0,2025-10-05
700811,511,20307,26067.0,474.0,2026-03-22
700812,511,20623,11360.0,125.0,2025-11-25
700813,511,21489,828.0,129.0,2025-12-29
700814,511,21275,15782.0,38.0,2026-05-10
700815,511,21102,12690.0,65.0,2026-08-09
700816,511,20402,4552.0,360.0,2025-10-17
700817,511,21055,5567.0,293.0,2026-07-15
700818,511,20462,3168.0,386.0,2026-02-20
700819,511,21007,350.0,405.0,2026-04-23
700820,511,20591,2540.0,486.0,2026-02-26
700821,511,20835,10104.0,58.0,2026-01-07
700822,511,20856,29.0,137.0,2025-12-03
700823,511,20165,2525.0,424.0,2026-01-23
700824,511,21146,3160.0,314.0,2026-02-07
700825,511,21310,4797.0,12.0,2026-09-02
700826,512,21082,6744.0,421.0,2026-02-21
700827,512,20017,1136.0,388.0,2025-11-21
700828,512,20553,1139.0,211.0,2025-12-26
700829,512,21379,3574.0,468.0,2026-03-23
700830,512,20641,1608.0,249.0,2025-10-09
700831,512,20908,680.0,123.0,2026-02-18
700832,512,20970,1609.0,276.0,2025-10-05
700833,512,20171,406.0,409.0,2026-07-29
700834,512,20307,519.0,70.0,2026-01-26
700835,512,21285,1843.0,131.0,2025-10-08
700836,512,20352,1451.0,392.0,2026-07-23
700837,512,20400,6582.0,103.0,2025-11-29
700838,512,20165,1202.0,191.0,2025-11-18
700839,512,20170,2322.0,150.0,2026-06-09
700840,512,20355,2673.0,244.0,2026-05-30
700841,512,20730,35.0,455.0,2025-10-16
700842,512,21498,2910.0,183.0,2025-12-06
700843,512,20074,524.0,436.0,2026-02-16
700844,512,20120,8673.0,425.0,2025-09-18
700845,512,21177,430.0,363.0,2025-10-20
700846,512,20301,1431.0,450.0,2025-09-25
700847,512,20835,238.0,30.0,2025-09-21
700848,512,20423,15412.0,306.0,2026-04-22
700849,512,20918,1864.0,292.0,2025-11-15
700850,512,20671,2418.0,185.0,2025-12-02
700851,512,20224,186.0,412.0,2026-07-09
700852,512,20042,3704.0,231.0,2026-04-20
700853,512,20683,630.0,455.0,2026-03-27
700854,512,20906,6101.0,198.0,2026-02-06
700855,512,21283,613.0,434.0,2026-02-19
700856,512,20972,565.0,68.0,2026-07-09
700857,512,20767,99.0,411.0,2026-03-16
700858,512,20282,1707.0,477.0,2026-04-12
700859,512,21058,2223.0,290.0,2026-07-21
700860,512,20303,182.0,198.0,2026-03-03
700861,512,21476,3992.0,107.0,2026-07-23
700862,512,20947,1613.0,227.0,2026-06-24
700863,512,20162,1986.0,311.0,2026-02-20
700864,512,21298,1553.0,225.0,2025-11-17
700865,512,20570,1368.0,230.0,2026-07-20
700866,512,20034,2191.0,436.0,2026-03-25
700867,512,20289,451.0,274.0,2026-07-01
700868,512,20823,537.0,40.0,2026-04-08
700869,512,21401,5288.0,364.0,2026-04-08
700870,512,20713,7805.0,233.0,2025-09-15
700871,512,20132,1249.0,140.0,2026-02-11
700872,512,20517,844.0,277.0,2025-10-10
700873,512,20764,2760.0,479.0,2026-04-07
700874,512,21367,1404.0,229.0,2025-10-24
700875,512,20439,69.0,126.0,2026-02-08
700876,512,21235,454.0,13.0,2026-04-07
700877,512,20362,3363.0,285.0,2026-03-26
700878,512,20413,2874.0,363.0,2026-06-15
700879,512,20323,73.0,277.0,2025-12-24
700880,512,20782,671.0,166.0,2026-05-02
700881,512,21189,,464.0,2025-10-02
700882,512,21080,2978.0,466.0,2025-12-14
700883,512,21468,53.0,225.0,2025-11-05
700884,512,21277,294.0,442.0,2026-06-16
700885,512,21039,4299.0,324.0,2025-10-02
700886,512,21493,526.0,472.0,2026-08-10
700887,512,21356,2826.0,471.0,2025-11-07
700888,512,20500,727.0,287.0,2025-11-03
700889,512,20325,280.0,442.0,2026-07-01
700890,512,20172,744.0,484.0,2026-05-16
700891,512,21053,3423.0,141.0,2026-07-10
700892,512,20311,5172.0,33.0,2026-05-22
700893,512,21253,4738.0,287.0,2025-12-28
700894,512,20594,1352.0,158.0,2025-10-02
700895,512,21069,2947.0,148.0,2025-09-01
700896,512,20335,613.0,85.0,2025-12-10
700897,512,21364,927.0,366.0,2025-12-01
700898,512,20806,6056.0,310.0,2026-01-22
700899,512,21200,35.0,145.0,2026-07-17
700900,512,20725,239.0,408.0,2026-01-21
700901,513,20646,969.0,174.0,2025-12-15
700902,513,20475,112.0,55.0,2025-11-15
700903,513,20107,832.0,272.0,2025-10-28
700904,513,20245,3636.0,439.0,2026-06-11
700905,513,20730,2274.0,249.0,2026-06-22
700906,513,21010,9277.0,303.0,2026-01-31
700907,513,21403,7069.0,388.0,2025-10-04
700908,513,21177,1739.0,270.0,2025-10-23
700909,513,20825,1248.0,18.0,2026-05-10
700910,513,21323,1985.0,104.0,2026-08-24
700911,513,20559,3709.0,158.0,2026-05-16
700912,513,20957,1297.0,190.0,2026-04-19
700913,513,21104,4067.0,479.0,2026-02-16
700914,513,21217,2189.0,135.0,2025-10-24
700915,513,21112,3338.0,299.0,2026-08-02
700916,513,21107,2381.0,497.0,2026-08-16
700917,513,21005,1450.0,475.0,2026-01-23
700918,513,20941,12325.0,31.0,2026-03-02
700919,513,20745,5995.0,385.0,2025-12-25
700920,513,20003,627.0,465.0,2026-02-16
700921,513,20308,8432.0,175.0,2025-09-17
700922,513,21046,2778.0,35.0,2026-04-17
700923,513,20741,9350.0,384.0,2026-07-27
700924,513,21311,6687.0,191.0,2026-08-02
700925,513,20803,2302.0,358.0,2026-08-03
700926,513,20341,94.0,162.0,2025-12-25
700927,513,21319,1301.0,423.0,2026-02-23
700928,513,21212,3242.0,394.0,2025-09-20
700929,513,20091,,184.0,2026-08-01
700930,513,21029,1240.0,472.0,2025-11-07
700931,513,21473,624.0,243.0,2026-06-01
700932,513,20065,7488.0,466.0,2025-11-18
700933,513,21301,17294.0,133.0,2025-09-05
700934,513,21266,3100.0,282.0,2026-04-03
700935,513,20404,783.0,,2026-07-26
700936,513,20315,1321.0,117.0,2026-05-01
700937,513,20953,77.0,280.0,2025-11-16
700938,513,21164,10212.0,316.0,2026-08-23
700939,513,20066,521.0,57.0,2026-01-03
700940,513,20601,3571.0,374.0,2026-05-25
700941,513,21277,1331.0,354.0,2026-02-02
700942,513,20882,3358.0,231.0,2026-08-16
700943,513,20643,4381.0,75.0,2026-08-07
700944,513,20193,7359.0,361.0,2026-07-20
700945,513,20008,961.0,253.0,2025-12-12
700946,513,21007,46.0,91.0,2026-01-13
700947,513,21132,612.0,214.0,2026-01-29
700948,513,21136,9572.0,407.0,2026-02-22
700949,513,20969,8607.0,125.0,2026-03-21
700950,513,20830,,402.0,2025-12-22
700951,513,20052,3814.0,202.0,2026-02-16
700952,513,20296,4546.0,461.0,2025-09-10
700953,513,20743,801.0,406.0,2025-12-14
700954,513,21055,10218.0,248.0,2026-06-21
700955,513,20336,2255.0,112.0,2026-04-21
700956,513,21368,2008.0,35.0,2025-11-19
700957,513,21482,3041.0,199.0,2026-05-18
700958,513,20455,200.0,443.0,2026-06-27
700959,513,20983,756.0,197.0,2026-01-07
700960,513,21386,5568.0,472.0,2026-06-15
700961,513,20795,359.0,109.0,2026-06-05
700962,513,20900,3842.0,414.0,2026-01-29
700963,513,21487,1170.0,175.0,2026-07-13
700964,513,20098,2050.0,271.0,2025-12-13
700965,513,21086,1416.0,26.0,2026-06-27
700966,513,21230,1827.0,449.0,2025-09-23
700967,513,20350,5277.0,194.0,2025-12-17
700968,513,21298,1465.0,388.0,2026-01-28
700969,513,20752,3473.0,277.0,2025-11-12
700970,513,20943,2687.0,136.0,2025-10-14
700971,513,20112,4529.0,236.0,2025-12-23
700972,513,20272,11480.0,407.0,2025-11-13
700973,513,20375,5482.0,291.0,2026-08-22
700974,513,20769,1006.0,,2026-06-03
700975,513,20717,132.0,457.0,2026-06-26
700976,514,20241,1654.0,122.0,2026-03-07
700977,514,20636,4917.0,203.0,2025-10-09
700978,514,20611,287.0,414.0,2026-05-24
700979,514,20748,3731.0,456.0,2026-08-29
700980,514,21058,4941.0,469.0,2026-01-22
700981,514,21267,2213.0,29.0,2026-05-04
700982,514,21339,8015.0,428.0,2026-01-09
700983,514,20360,613.0,233.0,2026-06-26
700984,514,21445,425.0,337.0,2026-01-10
700985,514,20969,7085.0,331.0,2026-03-31
700986,514,20727,3721.0,338.0,2025-12-28
700987,514,20617,6342.0,219.0,2026-01-28
700988,514,21395,3104.0,425.0,2025-09-15
700989,514,21222,1539.0,421.0,2026-08-05
700990,514,20975,9300.0,465.0,2026-08-03
700991,514,20141,8738.0,385.0,2026-08-02
700992,514,20448,6453.0,356.0,2025-11-22
700993,514,20952,1728.0,279.0,2025-11-19
700994,514,20983,4852.0,139.0,2026-05-30
700995,514,20705,2436.0,303.0,2025-10-26
700996,514,20327,522.0,448.0,2026-03-27
700997,514,20893,13558.0,117.0,2026-01-22
700998,514,21012,800.0,298.0,2025-12-08
700999,514,20689,16320.0,45.0,2025-12-02
701000,514,20152,3212.0,369.0,2025-10-21
701001,514,20875,1114.0,69.0,2025-09-03
701002,514,20626,4246.0,189.0,2025-10-28
701003,514,21487,11221.0,21.0,2026-08-21
701004,514,20263,7166.0,,2025-10-16
701005,514,20676,8935.0,376.0,2025-10-03
701006,514,20333,5848.0,433.0,2025-12-06
701007,514,20078,6410.0,58.0,2026-01-07
701008,514,21143,10289.0,323.0,2026-08-01
701009,514,20134,1562.0,305.0,2026-04-20
701010,514,21019,,441.0,2026-04-07
701011,514,20660,1360.0,250.0,2025-11-11
701012,514,20729,23907.0,206.0,2026-04-22
701013,514,21473,15683.0,236.0,2025-11-23
701014,514,21404,219.0,356.0,2026-01-23
701015,514,21247,6650.0,483.0,2025-09-16
701016,514,20513,14106.0,36.0,2025-09-25
701017,514,20007,1083.0,329.0,2025-10-22
701018,514,21154,4564.0,221.0,2026-02-04
701019,514,20060,,375.0,2025-11-17
701020,514,20039,188.0,324.0,2025-11-06
701021,514,20340,6502.0,500.0,2026-07-06
701022,514,21371,1919.0,362.0,2025-09-16
701023,514,20927,14045.0,84.0,2025-09-28
701024,514,21007,19267.0,361.0,2026-06-16
701025,514,20616,15703.0,224.0,2025-10-26
701026,514,21428,3497.0,,2026-04-04
701027,514,21106,10774.0,495.0,2025-10-22
701028,514,20805,10124.0,300.0,2025-09-05
701029,514,20698,2090.0,366.0,2026-06-12
701030,514,20479,9603.0,220.0,2026-01-10
701031,514,20219,205.0,451.0,2026-06-04
701032,514,20649,4933.0,424.0,2025-12-22
701033,514,21155,1422.0,88.0,2026-08-24
701034,514,20763,699.0,146.0,2025-11-08
701035,514,21316,436.0,440.0,2025-10-25
701036,514,20121,6482.0,208.0,2026-04-10
701037,514,20883,2259.0,44.0,2026-01-13
701038,514,21244,7017.0,41.0,2025-10-01
701039,514,21180,368.0,311.0,2026-08-28
701040,514,20245,2060.0,105.0,2026-05-02
701041,514,20170,4218.0,287.0,2026-08-08
701042,514,21479,8507.0,472.0,2026-03-26
701043,514,21370,2088.0,151.0,2026-07-25
701044,514,20793,5348.0,285.0,2026-03-22
701045,514,20211,11810.0,83.0,2025-09-09
701046,514,20366,5204.0,220.0,2026-06-21
701047,514,20996,1443.0,427.0,2026-05-05
701048,514,21325,134.0,14.0,2026-05-02
701049,514,20247,11101.0,76.0,2026-06-23
701050,514,20175,117.0,300.0,2025-11-11
701051,515,20677,9903.0,22.0,2025-09-19
701052,515,20277,3589.0,473.0,2026-03-18
701053,515,21100,13341.0,238.0,2026-03-16
701054,515,21439,7645.0,238.0,2025-11-16
701055,515,21220,29477.0,175.0,2026-08-31
701056,515,20158,2059.0,,2025-12-16
701057,515,21054,6949.0,479.0,2026-03-01
701058,515,20944,2451.0,390.0,2026-02-14
701059,515,20194,3117.0,58.0,2026-04-16
701060,515,20653,4709.0,474.0,2025-09-18
701061,515,20728,9865.0,474.0,2026-08-23
701062,515,21497,19741.0,46.0,2026-03-04
701063,515,20232,6972.0,229.0,2025-12-22
701064,515,20060,2579.0,247.0,2026-01-24
701065,515,21230,2608.0,339.0,2026-08-24
701066,515,21376,6379.0,232.0,2026-01-16
701067,515,20053,1301.0,323.0,2025-12-21
701068,515,20463,558.0,21.0,2026-03-24
701069,515,20727,2088.0,338.0,2026-02-04
701070,515,20313,1614.0,108.0,2026-05-08
701071,515,20810,1676.0,126.0,2025-09-01
701072,515,20997,1269.0,75.0,2026-08-20
701073,515,20804,205.0,191.0,2026-04-19
701074,515,20937,86.0,337.0,2025-11-15
701075,515,20641,20979.0,,2026-01-27
701076,515,20789,2662.0,336.0,2025-10-28
701077,515,20198,2313.0,377.0,2026-05-07
701078,515,20748,5428.0,394.0,2026-01-08
701079,515,20949,1174.0,,2026-05-24
701080,515,20114,14280.0,414.0,2026-03-12
701081,515,20927,7359.0,211.0,2025-12-31
701082,515,20540,447.0,319.0,2025-11-05
701083,515,20201,2577.0,165.0,2026-06-15
701084,515,20516,10075.0,432.0,2026-02-03
701085,515,21408,13806.0,128.0,2026-03-27
701086,515,20794,3004.0,271.0,2026-06-17
701087,515,21122,4531.0,78.0,2026-01-15
701088,515,20670,871.0,495.0,2026-03-25
701089,515,20777,22550.0,242.0,2026-07-08
701090,515,21183,1257.0,166.0,2025-11-16
701091,515,20586,,144.0,2026-07-31
701092,515,20886,5001.0,185.0,2025-10-22
701093,515,21372,4462.0,336.0,2026-02-10
701094,515,20534,3427.0,441.0,2026-06-25
701095,515,21082,1250.0,178.0,2026-02-25
701096,515,20451,926.0,181.0,2026-04-19
701097,515,20200,1188.0,388.0,2025-12-20
701098,515,21176,984.0,303.0,2026-06-30
701099,515,20767,7210.0,276.0,2026-01-29
701100,515,20864,2055.0,137.0,2026-03-16
701101,515,20726,284.0,341.0,2026-05-20
701102,515,20899,16579.0,394.0,2026-05-18
701103,515,20330,10262.0,115.0,2026-02-20
701104,515,21099,12529.0,309.0,2025-09-20
701105,515,21391,25175.0,279.0,2026-05-07
701106,515,20642,911.0,318.0,2026-02-18
701107,515,21034,2406.0,300.0,2025-11-09
701108,515,20675,6770.0,99.0,2026-05-03
701109,515,20460,5678.0,172.0,2025-11-27
701110,515,20117,797.0,292.0,2026-04-21
701111,515,21051,8067.0,473.0,2026-07-17
701112,515,21068,1212.0,434.0,2026-08-23
701113,515,20747,1208.0,393.0,2026-01-30
701114,515,21335,3671.0,36.0,2025-10-08
701115,515,20820,4285.0,,2026-01-07
701116,515,20425,4137.0,214.0,2026-08-09
701117,515,20141,457.0,,2025-12-18
701118,515,20340,10010.0,259.0,2026-05-24
701119,515,20946,1472.0,477.0,2026-01-19
701120,515,20553,661.0,152.0,2026-03-19
701121,515,20721,10470.0,387.0,2026-08-24
701122,515,21474,14856.0,240.0,2026-07-15
701123,515,20783,9447.0,258.0,2026-01-22
701124,515,20017,7906.0,,2026-03-02
701125,515,21161,5077.0,433.0,2026-03-19
701126,516,20450,2735.0,95.0,2026-06-04
701127,516,20411,311.0,441.0,2026-05-31
701128,516,20822,1794.0,17.0,2026-05-12
701129,516,21424,1594.0,432.0,2026-08-15
701130,516,21111,1028.0,434.0,2026-11-08
701131,516,20516,4392.0,295.0,2026-04-13
701132,516,20955,2341.0,136.0,2025-11-01
701133,516,21143,289.0,442.0,2026-08-21
701134,516,20136,850.0,104.0,2026-04-09
701135,516,21151,3929.0,134.0,2026-08-26
701136,516,20060,271.0,,2026-07-22
701137,516,20703,6511.0,,2026-06-02
701138,516,20749,2336.0,27.0,2026-05-06
701139,516,21277,2239.0,381.0,2026-06-18
701140,516,21295,3067.0,426.0,2026-04-25
701141,516,20547,,118.0,2026-07-29
701142,516,21398,1461.0,75.0,2026-01-09
701143,516,20464,3873.0,45.0,2026-09-03
701144,516,20915,2851.0,253.0,2026-02-03
701145,516,20273,1062.0,301.0,2026-05-16
701146,516,21084,7207.0,333.0,2026-01-30
701147,516,21298,5457.0,39.0,2025-10-01
701148,516,21438,3671.0,426.0,2026-05-02
701149,516,20401,6497.0,212.0,2025-12-08
701150,516,20250,6902.0,381.0,2026-07-08
701151,516,20535,4211.0,456.0,2026-08-22
701152,516,21238,6200.0,,2025-11-22
701153,516,21359,4086.0,97.0,2026-04-28
701154,516,21314,3896.0,13.0,2026-07-14
701155,516,21272,3294.0,99.0,2026-03-18
701156,516,20718,4775.0,362.0,2026-03-18
701157,516,21461,590.0,25.0,2025-10-14
701158,516,20058,7271.0,414.0,2026-03-31
701159,516,20443,7021.0,252.0,2025-11-08
701160,516,21288,101.0,398.0,2026-02-18
701161,516,20825,5973.0,473.0,2026-04-02
701162,516,20644,471.0,395.0,2026-06-21
701163,516,20057,1395.0,406.0,2026-04-24
701164,516,20230,4650.0,113.0,2026-06-16
701165,516,21456,599.0,361.0,2025-11-13
701166,516,21183,5822.0,271.0,2026-08-19
701167,516,21380,6099.0,343.0,2026-04-08
701168,516,21163,2420.0,393.0,2026-06-14
701169,516,20695,22.0,333.0,2026-04-19
701170,516,20313,1156.0,54.0,2026-04-11
701171,516,20246,3279.0,498.0,2026-06-22
701172,516,20294,13578.0,57.0,2025-10-03
701173,516,20043,3415.0,264.0,2026-05-04
701174,516,21469,1028.0,11.0,2025-10-27
701175,516,21029,3435.0,244.0,2026-08-06
701176,516,20604,2654.0,189.0,2025-09-10
701177,516,20318,5172.0,261.0,2026-01-19
701178,516,20237,387.0,455.0,2025-10-05
701179,516,20071,4892.0,465.0,2026-06-06
701180,516,20587,2663.0,251.0,2025-11-05
701181,516,21351,11266.0,267.0,2025-09-02
701182,516,20143,1430.0,247.0,2025-10-26
701183,516,20840,3422.0,230.0,2026-03-31
701184,516,21118,9189.0,481.0,2026-01-11
701185,516,20360,370.0,20.0,2025-11-18
701186,516,20452,9461.0,185.0,2026-08-05
701187,516,21202,3979.0,,2025-11-27
701188,516,21444,240.0,362.0,2026-06-29
701189,516,21276,1224.0,408.0,2026-04-21
701190,516,20356,4209.0,37.0,2026-05-08
701191,516,20041,238.0,,2026-05-06
701192,516,20872,2982.0,287.0,2025-12-15
701193,516,20001,1451.0,,2025-09-01
701194,516,21474,3315.0,427.0,2026-03-21
701195,516,20303,160.0,381.0,2025-09-29
701196,516,21010,7013.0,241.0,2026-02-24
701197,516,21494,12406.0,259.0,2025-11-06
701198,516,20901,,68.0,2025-10-14
701199,516,21278,4733.0,465.0,2026-04-05
701200,516,21108,476.0,140.0,2026-02-03
701201,517,21361,9028.0,67.0,2025-11-07
701202,517,20985,158.0,422.0,2026-07-02
701203,517,21052,142.0,487.0,2025-11-05
701204,517,21062,2486.0,98.0,2026-01-05
701205,517,20158,4264.0,246.0,2025-09-06
701206,517,21360,9355.0,157.0,2026-07-07
701207,517,20381,7310.0,337.0,2025-11-28
701208,517,20031,3754.0,29.0,2026-04-30
701209,517,21172,2033.0,149.0,2026-02-14
701210,517,21311,37204.0,251.0,2026-04-20
701211,517,21377,3532.0,183.0,2026-01-23
701212,517,20592,3817.0,488.0,2026-03-29
701213,517,21016,1136.0,293.0,2026-10-05
701214,517,20077,10070.0,303.0,2025-09-02
701215,517,20607,7522.0,468.0,2025-09-02
701216,517,20530,1586.0,100.0,2025-10-08
701217,517,20757,547.0,365.0,2026-03-31
701218,517,21425,7254.0,335.0,2026-08-31
701219,517,20316,6757.0,231.0,2026-06-01
701220,517,20169,2029.0,21.0,2026-08-14
701221,517,20622,19158.0,167.0,2026-01-15
701222,517,20398,1041.0,323.0,2026-01-03
701223,517,21305,3600.0,221.0,2026-08-17
701224,517,20280,18283.0,356.0,2025-11-16
701225,517,21319,3460.0,150.0,2026-06-04
701226,517,21255,6470.0,205.0,2026-08-09
701227,517,21077,3222.0,110.0,2026-07-08
701228,517,20923,2038.0,253.0,2026-03-12
701229,517,20744,26283.0,105.0,2025-03-12
701230,517,20092,3348.0,485.0,2025-11-19
701231,517,21174,14275.0,354.0,2026-07-13
701232,517,20520,1661.0,286.0,2026-07-29
701233,517,20560,1524.0,274.0,2026-02-23
701234,517,20215,201.0,154.0,2026-01-14
701235,517,21459,6705.0,,2025-09-26
701236,517,20037,2923.0,20.0,2025-12-13
701237,517,20501,12702.0,407.0,2026-02-27
701238,517,20145,4075.0,259.0,2026-02-06
701239,517,20374,21923.0,396.0,2025-10-12
701240,517,20595,1305.0,53.0,2026-02-17
701241,517,20988,12905.0,374.0,2026-04-17
701242,517,20725,9529.0,17.0,2026-07-25
701243,517,21450,9370.0,19.0,2026-05-10
701244,517,20751,11845.0,415.0,2026-02-12
701245,517,21035,9101.0,372.0,2025-10-18
701246,517,20562,6257.0,80.0,2025-10-21
701247,517,21013,895.0,180.0,2026-08-20
701248,517,20307,210.0,339.0,2026-07-28
701249,517,21326,16126.0,,2026-07-05
701250,517,20481,6096.0,,2025-09-19
701251,517,20103,10124.0,150.0,2026-04-16
701252,517,20692,4176.0,50.0,2026-04-28
701253,517,20206,793.0,444.0,2026-05-26
701254,517,21117,850.0,151.0,2026-03-09
701255,517,20572,7356.0,99.0,2026-07-12
701256,517,20458,3577.0,479.0,2026-03-18
701257,517,20360,1423.0,,2026-05-24
701258,517,20704,4301.0,447.0,2025-12-12
701259,517,20278,422.0,102.0,2026-05-19
701260,517,20238,5545.0,45.0,2026-04-22
701261,517,21447,1992.0,431.0,2025-11-04
701262,517,20895,10156.0,132.0,2025-11-13
701263,517,20686,2363.0,303.0,2025-11-10
701264,517,20079,3862.0,217.0,2026-05-01
701265,517,21493,74.0,,2025-09-04
701266,517,20745,478.0,113.0,2026-01-15
701267,517,21321,3169.0,,2026-04-07
701268,517,20698,4157.0,428.0,2026-05-17
701269,517,21136,5826.0,492.0,2025-11-04
701270,517,20759,2192.0,386.0,2026-05-13
701271,517,21109,7549.0,159.0,2026-03-18
701272,517,20805,12506.0,415.0,2025-10-20
701273,517,20559,9623.0,403.0,2026-05-27
701274,517,20003,257.0,,2026-06-01
701275,517,21249,4164.0,294.0,2026-05-18
701276,518,21124,388.0,231.0,2026-01-18
701277,518,20030,970.0,253.0,2026-01-10
701278,518,20746,15105.0,45.0,2026-04-27
701279,518,21497,,229.0,2025-09-15
701280,518,20276,2417.0,423.0,2025-10-30
701281,518,20035,3368.0,355.0,2025-11-19
701282,518,20174,4241.0,487.0,2025-06-10
701283,518,20250,2870.0,76.0,2026-02-18
701284,518,21377,34.0,134.0,2026-01-04
701285,518,20353,1383.0,38.0,2025-12-15
701286,518,21147,2551.0,217.0,2026-03-12
701287,518,21399,322.0,28.0,2026-07-28
701288,518,20312,1511.0,262.0,2025-11-17
701289,518,20922,118.0,214.0,2026-07-22
701290,518,20038,,488.0,2026-02-27
701291,518,20286,1769.0,334.0,2025-09-09
701292,518,20427,498.0,451.0,2026-06-01
701293,518,20265,2933.0,121.0,2025-09-30
701294,518,20258,4092.0,324.0,2026-02-10
701295,518,20987,5641.0,67.0,2025-10-10
701296,518,20495,781.0,399.0,2026-06-20
701297,518,20257,641.0,420.0,2026-08-27
701298,518,20259,386.0,105.0,2026-02-18
701299,518,20536,3540.0,341.0,2026-06-30
701300,518,20530,4289.0,321.0,2026-03-15
701301,518,20369,112.0,71.0,2026-05-27
701302,518,20980,9629.0,466.0,2026-08-14
701303,518,21091,187.0,182.0,2025-09-02
701304,518,21229,2727.0,336.0,2025-12-26
701305,518,20664,4320.0,197.0,2025-12-30
701306,518,21168,7165.0,286.0,2026-03-04
701307,518,20040,4381.0,457.0,2026-07-17
701308,518,20175,5661.0,13.0,2026-06-02
701309,518,20950,1451.0,358.0,2026-02-05
701310,518,20734,5901.0,464.0,2025-11-24
701311,518,21096,292.0,306.0,2025-09-05
701312,518,20863,7879.0,399.0,2025-11-01
701313,518,21352,2775.0,48.0,2026-04-13
701314,518,20351,5948.0,399.0,2025-12-18
701315,518,21208,2106.0,281.0,2026-02-23
701316,518,20527,3610.0,188.0,2026-06-22
701317,518,20450,2615.0,,2026-08-11
701318,518,20225,4602.0,166.0,2025-11-15
701319,518,21438,298.0,342.0,2026-07-10
701320,518,20136,218.0,83.0,2025-12-12
701321,518,21063,993.0,470.0,2026-05-04
701322,518,20800,608.0,51.0,2026-01-10
701323,518,20570,7187.0,,2025-11-11
701324,518,20327,866.0,148.0,2026-04-10
701325,518,20535,13030.0,344.0,2025-12-11
701326,518,20643,1437.0,491.0,2025-09-27
701327,518,21452,703.0,423.0,2026-05-01
701328,518,20134,5455.0,454.0,2025-09-10
701329,518,21176,3761.0,273.0,2025-12-26
701330,518,20173,2413.0,498.0,2025-12-26
701331,518,21458,2836.0,328.0,2026-03-12
701332,518,20728,,182.0,2026-03-02
701333,518,20771,907.0,308.0,2025-10-29
701334,518,20799,19623.0,,2025-12-15
701335,518,21010,12878.0,44.0,2026-08-06
701336,518,20839,3676.0,69.0,2026-02-10
701337,518,21242,779.0,230.0,2025-11-24
701338,518,21367,3989.0,70.0,2026-02-28
701339,518,21074,262.0,76.0,2025-11-30
701340,518,20432,109.0,76.0,2026-02-12
701341,518,20313,1043.0,376.0,2026-02-27
701342,518,21306,2173.0,499.0,2026-05-26
701343,518,20239,7092.0,70.0,2026-03-23
701344,518,21021,,319.0,2026-05-23
701345,518,20589,4750.0,189.0,2026-08-30
701346,518,21274,1939.0,372.0,2026-04-26
701347,518,21079,1485.0,,2026-01-21
701348,518,21109,1622.0,18.0,2026-04-29
701349,518,20172,15374.0,84.0,2026-07-01
701350,518,20094,143.0,114.0,2026-01-02
701351,519,20742,4832.0,166.0,2026-03-05
701352,519,21261,2070.0,375.0,2025-12-26
701353,519,20908,1383.0,306.0,2026-05-20
701354,519,20265,3094.0,397.0,2025-09-02
701355,519,20097,1597.0,345.0,2026-03-01
701356,519,20842,4950.0,274.0,2025-10-29
701357,519,20374,5532.0,385.0,2025-10-31
701358,519,20159,1312.0,71.0,2026-04-22
701359,519,21229,776.0,427.0,2026-08-25
701360,519,20886,2149.0,468.0,2025-11-27
701361,519,20993,5831.0,90.0,2026-05-23
701362,519,21387,567.0,447.0,2026-03-19
701363,519,20751,2336.0,477.0,2026-03-25
701364,519,20015,2391.0,493.0,2025-10-13
701365,519,21360,3164.0,259.0,2026-05-10
701366,519,20704,338.0,281.0,2026-07-29
701367,519,21038,,22.0,2025-10-17
701368,519,20518,5741.0,238.0,2026-01-10
701369,519,20724,474.0,429.0,2025-10-02
701370,519,20128,650.0,227.0,2025-10-27
701371,519,21087,8512.0,422.0,2026-06-29
701372,519,20500,478.0,333.0,2025-12-02
701373,519,20380,4615.0,197.0,2026-02-03
701374,519,20394,1623.0,195.0,2025-11-10
701375,519,21259,680.0,297.0,2026-01-18
701376,519,20376,4900.0,87.0,2025-09-11
701377,519,20628,1411.0,116.0,2026-07-21
701378,519,21161,1732.0,373.0,2026-04-06
701379,519,20755,1066.0,362.0,2026-01-11
701380,519,20461,2153.0,146.0,2025-11-04
701381,519,21224,428.0,486.0,2025-09-15
701382,519,21205,1188.0,155.0,2025-12-24
701383,519,20398,8352.0,106.0,2025-09-24
701384,519,20556,715.0,418.0,2026-02-18
701385,519,20676,2561.0,409.0,2026-05-19
701386,519,21011,942.0,397.0,2025-12-08
701387,519,20179,3556.0,346.0,2026-08-14
701388,519,20123,336.0,266.0,2026-06-20
701389,519,21370,8384.0,347.0,2026-05-21
701390,519,20468,1448.0,174.0,2026-02-15
701391,519,21263,645.0,221.0,2026-05-02
701392,519,20178,183.0,437.0,2025-12-08
701393,519,20410,446.0,344.0,2026-01-06
701394,519,21128,1757.0,150.0,2026-06-24
701395,519,20226,984.0,58.0,2026-02-08
701396,519,20782,4228.0,336.0,2026-02-06
701397,519,21464,1350.0,28.0,2026-03-05
701398,519,20625,685.0,211.0,2026-01-26
701399,519,20771,2299.0,407.0,2025-11-10
701400,519,20616,2938.0,70.0,2026-04-28
701401,519,20666,438.0,172.0,2025-10-29
701402,519,20100,439.0,119.0,2026-08-15
701403,519,20006,89.0,465.0,2026-06-17
701404,519,21124,3193.0,54.0,2026-06-30
701405,519,20096,2611.0,163.0,2026-02-10
701406,519,20069,1542.0,310.0,2026-04-29
701407,519,21488,4452.0,241.0,2025-09-09
701408,519,20498,3923.0,369.0,2026-04-20
701409,519,21211,2108.0,399.0,2026-03-17
701410,519,20910,4855.0,267.0,2025-09-29
701411,519,20885,552.0,70.0,2025-11-29
701412,519,21081,284.0,268.0,2026-08-25
701413,519,21426,753.0,332.0,2026-03-09
701414,519,20493,141.0,,2026-03-30
701415,519,20167,1814.0,355.0,2026-07-31
701416,519,20031,6606.0,134.0,2025-10-06
701417,519,20466,96.0,259.0,2026-06-02
701418,519,20820,312.0,31.0,2026-07-06
701419,519,20840,1441.0,205.0,2026-06-27
701420,519,20448,6505.0,419.0,2025-12-31
701421,519,20279,910.0,500.0,2026-01-26
701422,519,20950,1695.0,158.0,2026-06-18
701423,519,21143,102.0,345.0,2026-01-25
701424,519,21457,385.0,177.0,2026-02-07
701425,519,21321,10334.0,68.0,2026-07-27
701426,520,20714,9298.0,491.0,2026-04-01
701427,520,20574,14.0,367.0,2026-01-01
701428,520,20838,8403.0,419.0,2025-12-07
701429,520,21355,2824.0,76.0,2026-01-24
701430,520,21094,5609.0,278.0,2025-09-10
701431,520,21310,1680.0,64.0,2026-02-24
701432,520,21500,2008.0,495.0,2026-03-26
701433,520,20700,1859.0,199.0,2026-06-16
701434,520,21146,3046.0,157.0,2026-02-11
701435,520,20935,417.0,238.0,2025-12-21
701436,520,21091,84.0,404.0,2025-09-27
701437,520,21176,1020.0,378.0,2026-07-26
701438,520,21252,3379.0,324.0,2026-07-15
701439,520,20721,625.0,283.0,2026-02-17
701440,520,21198,3101.0,102.0,2026-06-19
701441,520,20056,9708.0,220.0,2025-10-17
701442,520,21268,273.0,333.0,2025-10-25
701443,520,20185,3094.0,340.0,2025-11-14
701444,520,20694,1625.0,127.0,2025-09-01
701445,520,21481,5614.0,433.0,2026-05-15
701446,520,20077,540.0,262.0,2026-01-06
701447,520,20954,3269.0,74.0,2025-11-23
701448,520,21064,5045.0,444.0,2026-02-12
701449,520,20876,,221.0,2026-07-16
701450,520,21495,3185.0,374.0,2026-02-08
701451,520,20723,1905.0,259.0,2026-04-28
701452,520,20982,2665.0,392.0,2025-12-27
701453,520,20676,5630.0,38.0,2025-11-08
701454,520,21216,2342.0,360.0,2025-10-24
701455,520,21405,86.0,,2026-04-13
701456,520,21265,7406.0,277.0,2026-07-01
701457,520,20525,3241.0,393.0,2026-04-03
701458,520,20239,3127.0,113.0,2026-05-10
701459,520,20406,673.0,,2026-03-13
701460,520,20821,2980.0,468.0,2026-03-10
701461,520,20885,1387.0,461.0,2026-03-22
701462,520,20187,2919.0,440.0,2026-06-13
701463,520,21061,312.0,500.0,2026-01-10
701464,520,20127,2972.0,177.0,2026-03-02
701465,520,20513,,12.0,2025-11-02
701466,520,21486,137.0,275.0,2026-02-14
701467,520,20867,10473.0,99.0,2025-11-01
701468,520,20786,1447.0,139.0,2026-04-10
701469,520,20770,5669.0,,2026-08-13
701470,520,20075,4225.0,,2025-11-17
701471,520,20972,2319.0,226.0,2026-05-23
701472,520,20572,3716.0,328.0,2026-05-14
701473,520,21419,5841.0,35.0,2026-07-23
701474,520,20976,1435.0,459.0,2026-04-17
701475,520,20352,1097.0,51.0,2025-10-29
701476,520,20336,3052.0,227.0,2026-07-26
701477,520,20803,4570.0,196.0,2025-09-10
701478,520,20504,3981.0,366.0,2026-06-25
701479,520,20245,4429.0,289.0,2025-11-27
701480,520,21054,1585.0,322.0,2026-03-03
701481,520,20078,4718.0,34.0,2026-05-01
701482,520,21296,355.0,332.0,2025-11-10
701483,520,20112,2179.0,489.0,2026-04-09
701484,520,20096,16.0,326.0,2026-03-12
701485,520,20632,1087.0,372.0,2026-07-06
701486,520,21329,1265.0,239.0,2025-12-13
701487,520,20417,1398.0,351.0,2025-12-13
701488,520,20624,3294.0,327.0,2025-10-19
701489,520,20133,1363.0,353.0,2026-02-13
701490,520,21415,1650.0,320.0,2026-04-02
701491,520,20371,751.0,,2025-11-24
701492,520,20293,1295.0,285.0,2026-05-22
701493,520,20493,714.0,188.0,2026-01-21
701494,520,20967,211.0,427.0,2026-05-05
701495,520,20229,2563.0,316.0,2025-10-17
701496,520,20049,,,2025-11-26
701497,520,21455,2677.0,150.0,2025-09-28
701498,520,20252,1725.0,342.0,2026-05-26
701499,520,20985,1324.0,270.0,2026-01-30
701500,520,20924,5514.0,164.0,2026-02-13
701501,521,21195,4471.0,77.0,2025-10-30
701502,521,21117,3984.0,108.0,2026-08-21
701503,521,20126,159.0,105.0,2026-02-20
701504,521,21424,2549.0,261.0,2025-12-31
701505,521,20084,2921.0,122.0,2026-08-24
701506,521,20750,3108.0,214.0,2025-11-21
701507,521,20375,5300.0,32.0,2025-11-24
701508,521,21106,4658.0,455.0,2025-12-23
701509,521,20204,5718.0,413.0,2025-09-01
701510,521,20431,8841.0,208.0,2026-01-20
701511,521,20250,10239.0,346.0,2025-10-27
701512,521,21146,7733.0,62.0,2026-07-08
701513,521,21402,19009.0,492.0,2026-01-28
701514,521,21162,112.0,227.0,2025-11-10
701515,521,20315,1331.0,191.0,2025-12-07
701516,521,21055,46.0,275.0,2025-09-21
701517,521,20148,6367.0,246.0,2025-04-12
701518,521,21381,13943.0,409.0,2026-07-18
701519,521,21181,1704.0,148.0,2025-10-03
701520,521,21314,15986.0,122.0,2026-01-23
701521,521,20670,380.0,328.0,2025-11-10
701522,521,20293,16640.0,446.0,2026-07-19
701523,521,21160,2646.0,448.0,2026-08-26
701524,521,21291,653.0,364.0,2025-11-03
701525,521,20283,4063.0,57.0,2026-07-16
701526,521,20677,1812.0,368.0,2025-11-16
701527,521,20381,2048.0,419.0,2025-11-01
701528,521,20712,2242.0,36.0,2026-07-14
701529,521,20071,9922.0,457.0,2026-03-22
701530,521,21327,4731.0,344.0,2025-11-05
701531,521,21085,2278.0,292.0,2025-11-18
701532,521,20707,5756.0,184.0,2026-01-11
701533,521,20515,7690.0,43.0,2025-09-11
701534,521,21357,,62.0,2025-12-09
701535,521,20344,3259.0,24.0,2026-01-11
701536,521,20054,794.0,332.0,2026-06-19
701537,521,20166,1220.0,215.0,2025-10-12
701538,521,21065,6980.0,180.0,2026-07-29
701539,521,20679,1223.0,49.0,2026-04-26
701540,521,21104,4548.0,24.0,2025-12-21
701541,521,20836,7540.0,88.0,2025-12-08
701542,521,20919,690.0,,2025-12-15
701543,521,20040,5116.0,11.0,2025-10-23
701544,521,20695,1811.0,425.0,2025-09-28
701545,521,21020,20121.0,101.0,2026-02-17
701546,521,20510,4035.0,,2025-12-06
701547,521,20598,10014.0,126.0,2026-03-29
701548,521,21490,4879.0,380.0,2025-12-16
701549,521,21077,271.0,408.0,2026-03-26
701550,521,21075,6124.0,221.0,2026-02-21
701551,521,21148,18468.0,189.0,2025-12-14
701552,521,20082,5620.0,481.0,2026-06-07
701553,521,20979,10445.0,500.0,2025-09-29
701554,521,20907,13166.0,236.0,2026-03-21
701555,521,21244,1581.0,417.0,2026-05-21
701556,521,21337,1455.0,342.0,2025-11-04
701557,521,21378,5766.0,281.0,2026-04-16
701558,521,21451,3233.0,215.0,2025-12-18
701559,521,21205,11186.0,115.0,2025-11-25
701560,521,21331,14063.0,34.0,2025-10-10
701561,521,20015,2663.0,344.0,2026-01-12
701562,521,21214,1651.0,254.0,2025-10-29
701563,521,20269,9261.0,401.0,2025-10-10
701564,521,20078,1962.0,455.0,2026-08-24
701565,521,20299,10561.0,387.0,2026-01-27
701566,521,21323,3366.0,136.0,2026-06-02
701567,521,20873,6725.0,401.0,2026-04-22
701568,521,20983,613.0,455.0,2025-11-02
701569,521,20720,5971.0,35.0,2025-12-01
701570,521,20322,3671.0,244.0,2026-01-19
701571,521,21116,5395.0,251.0,2025-11-04
701572,521,21477,1123.0,164.0,2026-04-06
701573,521,21450,8153.0,408.0,2026-03-02
701574,521,20095,12130.0,141.0,2026-02-08
701575,521,21391,1492.0,,2025-12-01
701576,522,21181,312.0,476.0,2026-05-24
701577,522,20099,74.0,287.0,2025-12-27
701578,522,20893,3185.0,487.0,2026-04-26
701579,522,20447,2896.0,280.0,2026-04-15
701580,522,20105,2453.0,20.0,2026-03-12
701581,522,20462,818.0,221.0,2026-02-28
701582,522,21452,1537.0,243.0,2026-06-06
701583,522,20097,2798.0,280.0,2026-03-27
701584,522,21436,2129.0,18.0,2025-10-13
701585,522,20259,13658.0,424.0,2025-11-26
701586,522,20254,455.0,474.0,2025-08-31
701587,522,20600,3683.0,186.0,2026-02-17
701588,522,20066,1606.0,467.0,2026-06-23
701589,522,21191,1733.0,65.0,2025-12-04
701590,522,20884,3920.0,277.0,2026-08-25
701591,522,20855,3656.0,378.0,2026-04-26
701592,522,20550,14694.0,348.0,2026-06-18
701593,522,20132,426.0,460.0,2025-11-19
701594,522,21462,341.0,182.0,2025-12-10
701595,522,21263,3995.0,269.0,2026-07-20
701596,522,20537,2678.0,417.0,2025-11-03
701597,522,20441,993.0,33.0,2026-05-09
701598,522,21465,257.0,120.0,2025-11-24
701599,522,20637,278.0,240.0,2026-01-02
701600,522,21354,6964.0,41.0,2026-02-17
701601,522,20338,660.0,322.0,2026-07-22
701602,522,21377,1211.0,218.0,2025-11-01
701603,522,20185,797.0,142.0,2025-12-27
701604,522,20149,1360.0,124.0,2025-11-10
701605,522,21317,223.0,201.0,2025-09-27
701606,522,20557,2270.0,315.0,2026-05-23
701607,522,20275,217.0,380.0,2025-10-03
701608,522,20448,4995.0,239.0,2025-11-30
701609,522,21224,825.0,71.0,2026-08-24
701610,522,20050,2408.0,403.0,2026-07-27
701611,522,20931,6576.0,337.0,2025-11-26
701612,522,20980,3263.0,172.0,2026-02-22
701613,522,20848,2360.0,298.0,2026-04-22
701614,522,20209,1216.0,113.0,2026-06-29
701615,522,21291,1256.0,194.0,2026-01-18
701616,522,21456,3432.0,444.0,2025-10-31
701617,522,20478,15934.0,416.0,2025-11-14
701618,522,21480,3362.0,87.0,2025-09-17
701619,522,20222,2530.0,76.0,2026-06-26
701620,522,20142,4067.0,263.0,2025-09-25
701621,522,20649,1940.0,295.0,2025-12-07
701622,522,21304,192.0,289.0,2026-01-30
701623,522,21180,2562.0,214.0,2026-02-02
701624,522,21320,9801.0,451.0,2026-05-27
701625,522,21153,598.0,62.0,2026-04-04
701626,522,20665,3631.0,194.0,2025-10-11
701627,522,20144,695.0,139.0,2025-09-09
701628,522,20414,2380.0,411.0,2026-06-23
701629,522,20790,315.0,232.0,2026-04-05
701630,522,21208,1856.0,310.0,2026-01-29
701631,522,20489,4375.0,327.0,2026-06-01
701632,522,21155,1324.0,363.0,2026-07-31
701633,522,21212,3390.0,98.0,2026-04-10
701634,522,21316,4920.0,27.0,2026-07-19
701635,522,20497,8122.0,52.0,2025-10-23
701636,522,20835,829.0,113.0,2026-07-11
701637,522,20415,1580.0,71.0,2025-09-23
701638,522,20383,513.0,444.0,2026-07-31
701639,522,20119,15163.0,105.0,2026-04-06
701640,522,20440,8115.0,213.0,2026-05-14
701641,522,20676,2407.0,262.0,2025-09-13
701642,522,20982,5721.0,67.0,2026-01-01
701643,522,20346,2282.0,362.0,2026-02-02
701644,522,20150,3029.0,13.0,2026-07-07
701645,522,20425,289.0,134.0,2025-12-06
701646,522,20380,4364.0,357.0,2025-09-30
701647,522,20565,424.0,159.0,2026-03-31
701648,522,20939,5423.0,475.0,2025-10-07
701649,522,20224,4723.0,365.0,2026-07-26
701650,522,20538,3824.0,201.0,2025-12-25
701651,523,20568,148.0,418.0,2025-10-20
701652,523,20746,1448.0,34.0,2026-08-28
701653,523,20269,1224.0,14.0,2025-09-29
701654,523,21322,1790.0,493.0,2025-09-16
701655,523,20890,368.0,377.0,2026-07-29
701656,523,20095,11082.0,338.0,2026-06-05
701657,523,20039,3236.0,469.0,2025-11-07
701658,523,20564,1462.0,219.0,2026-08-25
701659,523,20101,2028.0,281.0,2025-10-30
701660,523,20029,2377.0,52.0,2026-08-05
701661,523,20296,,117.0,2026-04-15
701662,523,20577,2907.0,211.0,2026-01-30
701663,523,20475,10096.0,,2026-08-30
701664,523,20480,2755.0,341.0,2026-07-11
701665,523,21477,19438.0,73.0,2026-08-18
701666,523,20364,7644.0,273.0,2026-04-21
701667,523,20146,938.0,363.0,2025-10-11
701668,523,20117,10696.0,103.0,2025-11-02
701669,523,21285,496.0,336.0,2026-03-21
701670,523,20273,6819.0,448.0,2026-07-22
701671,523,21224,1921.0,340.0,2025-12-05
701672,523,20319,8434.0,298.0,2026-05-14
701673,523,21116,8120.0,108.0,2026-03-19
701674,523,21397,6573.0,232.0,2025-10-21
701675,523,21159,6258.0,141.0,2025-09-13
701676,523,20883,,332.0,2026-02-16
701677,523,20299,338.0,119.0,2026-01-22
701678,523,21169,2068.0,323.0,2026-01-17
701679,523,21460,764.0,346.0,2026-04-09
701680,523,20049,4760.0,286.0,2026-04-21
701681,523,20934,1703.0,118.0,2026-08-19
701682,523,21168,14889.0,436.0,2026-03-03
701683,523,21353,4107.0,26.0,2025-12-04
701684,523,21390,6931.0,346.0,2025-09-11
701685,523,21177,570.0,434.0,2025-09-22
701686,523,21022,7941.0,387.0,2025-09-24
701687,523,20554,10267.0,71.0,2025-10-01
701688,523,20111,2677.0,421.0,2026-07-03
701689,523,21060,3737.0,434.0,2025-10-19
701690,523,20688,5803.0,290.0,2026-01-21
701691,523,20647,771.0,432.0,2026-04-22
701692,523,20386,2800.0,316.0,2025-11-20
701693,523,21216,2039.0,85.0,2026-02-25
701694,523,20786,635.0,27.0,2025-11-29
701695,523,20698,1837.0,464.0,2026-07-05
701696,523,21145,283.0,414.0,2026-08-01
701697,523,20046,105.0,266.0,2025-09-24
701698,523,21001,582.0,256.0,2026-08-24
701699,523,20636,13231.0,279.0,2026-03-30
701700,523,20428,3197.0,307.0,2025-11-01
701701,523,20243,13536.0,,2026-05-15
701702,523,21297,2271.0,140.0,2026-07-05
701703,523,21234,1498.0,448.0,2026-05-28
701704,523,20819,2829.0,192.0,2026-05-17
701705,523,20774,2321.0,309.0,2026-04-07
701706,523,20950,448.0,,2026-02-14
701707,523,20781,4105.0,331.0,2025-12-27
701708,523,21068,976.0,313.0,2026-02-19
701709,523,20109,3875.0,182.0,2026-02-06
701710,523,20582,4211.0,,2026-07-24
701711,523,21283,661.0,445.0,2026-07-25
701712,523,20526,254.0,60.0,2026-05-15
701713,523,20469,6085.0,302.0,2026-04-10
701714,523,20549,2469.0,,2025-11-01
701715,523,21161,240.0,66.0,2025-11-23
701716,523,20220,21137.0,458.0,2026-01-02
701717,523,21252,239.0,159.0,2026-03-01
701718,523,21291,4761.0,67.0,2026-03-29
701719,523,20713,16500.0,373.0,2026-04-29
701720,523,20658,1096.0,166.0,2026-04-07
701721,523,21015,615.0,133.0,2026-03-14
701722,523,20154,519.0,459.0,2026-07-01
701723,523,20197,1449.0,220.0,2026-01-20
701724,523,21118,427.0,140.0,2026-02-06
701725,523,20758,4724.0,441.0,2026-02-18
701726,524,21195,418.0,235.0,2026-05-21
701727,524,20666,4626.0,490.0,2025-10-06
701728,524,20853,37109.0,500.0,2026-01-13
701729,524,21241,10925.0,451.0,2025-11-18
701730,524,20362,6204.0,347.0,2025-12-08
701731,524,21470,2375.0,308.0,2026-05-04
701732,524,21384,6352.0,270.0,2025-10-07
701733,524,21339,4864.0,204.0,2025-09-01
701734,524,21376,3607.0,87.0,2025-11-12
701735,524,21480,910.0,46.0,2026-07-06
701736,524,20737,14140.0,470.0,2026-03-27
701737,524,21485,3881.0,262.0,2026-08-22
701738,524,20686,1406.0,153.0,2026-01-02
701739,524,20077,2978.0,268.0,2026-06-22
701740,524,20918,3473.0,353.0,2026-05-29
701741,524,20900,11417.0,124.0,2026-07-17
701742,524,20824,8592.0,300.0,2026-03-13
701743,524,20567,9527.0,188.0,2026-07-06
701744,524,21289,72.0,186.0,2026-04-19
701745,524,21489,3495.0,56.0,2026-04-14
701746,524,20543,4264.0,223.0,2026-08-18
701747,524,20087,126.0,264.0,2026-02-02
701748,524,20475,1954.0,346.0,2025-09-05
701749,524,21449,9278.0,57.0,2026-04-13
701750,524,20384,958.0,238.0,2025-11-16
701751,524,21048,4978.0,137.0,2025-12-21
701752,524,20762,1574.0,353.0,2026-02-18
701753,524,20760,79.0,174.0,2026-08-01
701754,524,20054,1793.0,434.0,2025-09-06
701755,524,20848,24193.0,308.0,2026-02-24
701756,524,20606,10504.0,434.0,2026-07-06
701757,524,21152,20840.0,309.0,2026-06-18
701758,524,20797,4347.0,110.0,2025-10-01
701759,524,20320,755.0,271.0,2025-10-02
701760,524,20457,5157.0,369.0,2025-12-15
701761,524,21475,3935.0,154.0,2026-01-20
701762,524,20705,12083.0,362.0,2026-04-30
701763,524,20997,,184.0,2026-01-16
701764,524,20105,4351.0,405.0,2026-07-03
701765,524,21191,1056.0,113.0,2025-12-13
701766,524,20628,2550.0,439.0,2025-10-07
701767,524,21269,8684.0,133.0,2025-08-09
701768,524,20655,4198.0,304.0,2026-06-14
701769,524,20332,3062.0,53.0,2026-07-09
701770,524,21450,3259.0,272.0,2026-01-04
701771,524,20031,3996.0,408.0,2025-12-16
701772,524,21331,,275.0,2026-03-02
701773,524,20801,14462.0,76.0,2026-08-25
701774,524,20894,20192.0,241.0,2026-04-09
701775,524,20013,10042.0,337.0,2025-11-24
701776,524,20127,2461.0,221.0,2026-01-26
701777,524,21131,7569.0,151.0,2025-11-26
701778,524,21130,3739.0,361.0,2025-10-27
701779,524,21395,1909.0,77.0,2025-12-10
701780,524,20670,11939.0,,2025-11-28
701781,524,20393,255.0,500.0,2026-06-09
701782,524,21031,15072.0,91.0,2026-06-06
701783,524,20564,4020.0,289.0,2026-08-11
701784,524,20464,6586.0,71.0,2025-12-30
701785,524,21320,6995.0,497.0,2026-06-28
701786,524,20477,14647.0,325.0,2026-05-22
701787,524,20231,6576.0,410.0,2026-01-30
701788,524,21073,6182.0,140.0,2026-05-07
701789,524,20246,448.0,,2026-01-10
701790,524,21239,,281.0,2026-06-10
701791,524,21033,1057.0,260.0,2026-02-14
701792,524,20898,8686.0,78.0,2025-11-20
701793,524,21324,4663.0,84.0,2026-07-17
701794,524,21064,7406.0,73.0,2025-12-01
701795,524,20611,276.0,183.0,2026-06-24
701796,524,20371,576.0,105.0,2026-06-19
701797,524,21172,8184.0,482.0,2026-01-07
701798,524,21467,486.0,251.0,2026-08-02
701799,524,20360,480.0,402.0,2025-10-26
701800,524,21124,79.0,,2025-09-27
701801,525,21024,12641.0,112.0,2025-11-01
701802,525,20263,5393.0,422.0,2025-12-30
701803,525,20842,1757.0,435.0,2026-06-26
701804,525,21331,1418.0,164.0,2026-03-20
701805,525,20711,1735.0,166.0,2025-12-15
701806,525,20173,6008.0,446.0,2026-02-14
701807,525,20516,4366.0,60.0,2026-04-04
701808,525,20357,826.0,336.0,2026-04-22
701809,525,20610,771.0,187.0,2025-09-30
701810,525,20305,418.0,,2026-02-26
701811,525,20504,4353.0,477.0,2025-12-27
701812,525,20532,5828.0,472.0,2025-11-01
701813,525,21269,1242.0,390.0,2025-10-27
701814,525,21004,85.0,302.0,2026-02-22
701815,525,20807,346.0,308.0,2026-06-02
701816,525,21360,13861.0,378.0,2026-07-29
701817,525,21130,1412.0,95.0,2026-04-15
701818,525,20106,5912.0,455.0,2026-03-24
701819,525,20374,3951.0,479.0,2026-06-05
701820,525,20057,1940.0,175.0,2026-08-29
701821,525,20120,928.0,246.0,2025-12-28
701822,525,21252,522.0,350.0,2025-10-29
701823,525,20090,3849.0,153.0,2026-06-14
701824,525,20202,6008.0,393.0,2026-01-23
701825,525,20338,4163.0,178.0,2025-12-02
701826,525,21285,3047.0,248.0,2026-07-16
701827,525,20195,173.0,500.0,2026-08-13
701828,525,20356,13940.0,479.0,2026-03-25
701829,525,20435,6463.0,384.0,2025-09-19
701830,525,20776,1397.0,295.0,2025-09-22
701831,525,20420,15767.0,454.0,2025-11-21
701832,525,20881,3714.0,216.0,2026-03-08
701833,525,21235,3521.0,401.0,2025-12-07
701834,525,20917,5559.0,54.0,2026-02-07
701835,525,20937,6734.0,254.0,2025-09-21
701836,525,20074,4308.0,232.0,2025-12-04
701837,525,20016,553.0,490.0,2025-10-02
701838,525,20294,1665.0,231.0,2026-03-27
701839,525,20726,10613.0,31.0,2025-09-30
701840,525,20388,1026.0,111.0,2025-10-17
701841,525,21282,1877.0,396.0,2025-10-22
701842,525,20157,2281.0,86.0,2026-03-25
701843,525,20402,2334.0,372.0,2025-12-26
701844,525,20690,3827.0,377.0,2026-07-22
701845,525,20654,11556.0,466.0,2025-11-20
701846,525,21409,1110.0,295.0,2026-05-12
701847,525,21143,522.0,87.0,2026-01-02
701848,525,21054,887.0,50.0,2026-05-16
701849,525,20462,8789.0,171.0,2025-11-12
701850,525,21426,4185.0,409.0,2026-08-10
701851,525,20445,1358.0,404.0,2026-07-15
701852,525,20446,6824.0,359.0,2026-01-15
701853,525,21288,7967.0,412.0,2025-11-29
701854,525,21041,7557.0,,2025-10-28
701855,525,20733,10130.0,348.0,2025-12-13
701856,525,21168,1172.0,59.0,2025-09-25
701857,525,20034,5672.0,391.0,2025-10-17
701858,525,20978,2489.0,22.0,2026-02-05
701859,525,20577,,313.0,2025-10-31
701860,525,21084,5257.0,336.0,2025-12-08
701861,525,20984,6040.0,361.0,2026-03-06
701862,525,20759,4305.0,91.0,2025-10-21
701863,525,20645,788.0,146.0,2026-01-23
701864,525,20972,3175.0,84.0,2025-11-29
701865,525,21315,16846.0,495.0,2025-12-05
701866,525,20796,11172.0,296.0,2026-01-27
701867,525,20823,178.0,227.0,2025-09-25
701868,525,20784,726.0,498.0,2026-04-07
701869,525,21082,570.0,188.0,2026-03-11
701870,525,20739,5220.0,475.0,2025-11-08
701871,525,20224,6865.0,262.0,2025-10-22
701872,525,20434,968.0,363.0,2025-11-04
701873,525,21191,2842.0,90.0,2026-01-17
701874,525,20499,7407.0,295.0,2026-01-05
701875,525,20194,5321.0,,2026-04-08
701876,526,21227,3501.0,119.0,2026-06-30
701877,526,20384,3999.0,465.0,2026-04-29
701878,526,20212,3181.0,,2026-05-11
701879,526,21224,1582.0,363.0,2025-09-15
701880,526,20292,3730.0,466.0,2025-10-07
701881,526,20633,5232.0,417.0,2026-08-15
701882,526,20222,9258.0,73.0,2025-09-24
701883,526,20293,4532.0,445.0,2025-10-01
701884,526,21404,6416.0,59.0,2026-07-20
701885,526,20053,782.0,416.0,2026-01-18
701886,526,20144,2774.0,113.0,2026-08-29
701887,526,20246,42.0,69.0,2025-11-13
701888,526,20513,1269.0,201.0,2026-06-30
701889,526,21159,5808.0,358.0,2026-06-21
701890,526,21128,21529.0,,2025-11-23
701891,526,20014,468.0,43.0,2026-03-03
701892,526,20491,2300.0,406.0,2026-01-14
701893,526,20851,7213.0,477.0,2025-12-11
701894,526,21363,1023.0,196.0,2026-03-12
701895,526,20545,3629.0,132.0,2025-12-19
701896,526,20092,5918.0,212.0,2026-01-31
701897,526,20282,4288.0,73.0,2026-06-21
701898,526,21084,933.0,45.0,2026-02-04
701899,526,20979,1967.0,277.0,2026-05-01
701900,526,20972,6862.0,60.0,2026-05-05
701901,526,21199,3620.0,332.0,2026-04-18
701902,526,20547,23.0,366.0,2026-01-08
701903,526,20572,,425.0,2025-10-01
701904,526,21189,161.0,433.0,2026-02-19
701905,526,20400,6136.0,170.0,2026-03-21
701906,526,20841,1014.0,424.0,2025-09-17
701907,526,20344,14212.0,357.0,2025-10-27
701908,526,20843,2056.0,353.0,2026-07-29
701909,526,20360,1774.0,280.0,2025-09-11
701910,526,20751,722.0,208.0,2025-11-26
701911,526,21459,1634.0,20.0,2026-01-30
701912,526,21000,9377.0,481.0,2026-05-23
701913,526,20017,25131.0,457.0,2026-05-22
701914,526,20011,2058.0,26.0,2026-01-29
701915,526,20148,2667.0,482.0,2026-08-09
701916,526,21220,5737.0,15.0,2026-06-13
701917,526,21017,9738.0,,2026-02-13
701918,526,21489,4028.0,272.0,2026-07-09
701919,526,20213,2226.0,464.0,2026-01-03
701920,526,20797,2384.0,229.0,2026-08-15
701921,526,20125,5330.0,200.0,2026-01-16
701922,526,20439,14.0,110.0,2026-01-08
701923,526,20622,4331.0,,2025-12-18
701924,526,21491,1968.0,316.0,2026-04-13
701925,526,20260,7083.0,228.0,2025-09-21
701926,526,20683,437.0,,2025-11-30
701927,526,21115,3975.0,380.0,2026-08-18
701928,526,21289,2938.0,272.0,2025-10-10
701929,526,20317,4607.0,498.0,2025-12-30
701930,526,20521,300.0,332.0,2026-07-12
701931,526,20138,3887.0,250.0,2025-11-30
701932,526,21246,3694.0,26.0,2026-01-09
701933,526,20161,3685.0,305.0,2026-05-28
701934,526,20279,4145.0,,2025-10-10
701935,526,20485,5056.0,432.0,2026-07-27
701936,526,20052,7325.0,467.0,2025-10-21
701937,526,20261,1409.0,452.0,2026-04-16
701938,526,20842,7811.0,233.0,2026-03-29
701939,526,20476,3090.0,488.0,2026-01-13
701940,526,20464,359.0,444.0,2025-11-25
701941,526,20665,270.0,82.0,2025-09-18
701942,526,20881,1823.0,427.0,2026-04-14
701943,526,20749,6885.0,444.0,2026-06-01
701944,526,21045,5511.0,234.0,2025-11-09
701945,526,20825,6963.0,279.0,2025-11-30
701946,526,20101,3263.0,385.0,2026-04-26
701947,526,21359,2600.0,302.0,2026-07-18
701948,526,20112,715.0,11.0,2025-11-14
701949,526,21254,1782.0,68.0,2026-05-06
701950,526,20020,2550.0,235.0,2026-08-25
701951,527,20578,255.0,329.0,2025-12-22
701952,527,21394,685.0,161.0,2026-04-27
701953,527,20412,2505.0,20.0,2025-12-24
701954,527,20880,3655.0,169.0,2026-05-31
701955,527,21124,17594.0,121.0,2025-09-10
701956,527,21060,,411.0,2025-09-08
701957,527,21480,2826.0,124.0,2026-01-15
701958,527,20959,1502.0,283.0,2025-09-06
701959,527,20075,2777.0,358.0,2025-10-20
701960,527,20455,4230.0,278.0,2026-06-18
701961,527,20839,346.0,256.0,2025-09-05
701962,527,20585,1449.0,12.0,2026-02-08
701963,527,20620,5030.0,308.0,2026-05-20
701964,527,21365,1330.0,60.0,2025-12-26
701965,527,21200,2330.0,164.0,2026-08-31
701966,527,20149,2434.0,261.0,2026-05-31
701967,527,21406,560.0,17.0,2025-12-17
701968,527,20856,1235.0,334.0,2026-06-25
701969,527,20365,1119.0,25.0,2026-02-21
701970,527,20675,73.0,198.0,2025-10-27
701971,527,21234,67.0,171.0,2026-08-07
701972,527,21246,4895.0,280.0,2026-07-28
701973,527,20824,876.0,97.0,2026-01-31
701974,527,21330,2005.0,85.0,2025-12-13
701975,527,20965,,212.0,2026-08-26
701976,527,20660,7759.0,387.0,2026-05-26
701977,527,20912,824.0,420.0,2025-12-02
701978,527,21448,1542.0,420.0,2025-10-19
701979,527,20751,5662.0,92.0,2026-05-13
701980,527,21324,5067.0,352.0,2026-07-02
701981,527,20935,566.0,451.0,2026-03-30
701982,527,20916,,231.0,2025-11-30
701983,527,21136,1683.0,329.0,2025-11-02
701984,527,20512,1812.0,222.0,2025-12-12
701985,527,20360,394.0,80.0,2026-02-06
701986,527,20143,231.0,392.0,2025-12-28
701987,527,21001,3575.0,202.0,2026-02-21
701988,527,21272,1884.0,218.0,2025-10-31
701989,527,20213,1577.0,282.0,2025-10-31
701990,527,20207,3591.0,336.0,2025-09-12
701991,527,21355,3984.0,337.0,2025-11-22
701992,527,20747,475.0,469.0,2026-06-18
701993,527,20875,2588.0,336.0,2026-08-16
701994,527,20354,399.0,365.0,2026-03-04
701995,527,20740,3823.0,101.0,2025-11-14
701996,527,20165,2939.0,272.0,2026-02-16
701997,527,21341,8618.0,72.0,2025-10-10
701998,527,20129,196.0,180.0,2026-01-14
701999,527,20117,161.0,73.0,2025-11-05
702000,527,20033,911.0,77.0,2025-12-05
702001,527,21104,833.0,248.0,2026-08-27
702002,527,20017,779.0,393.0,2026-03-23
702003,527,20211,6502.0,369.0,2026-07-24
702004,527,20598,789.0,360.0,2026-04-04
702005,527,20021,872.0,142.0,2026-07-22
702006,527,20617,3913.0,,2026-05-20
702007,527,20560,1641.0,138.0,2026-08-15
702008,527,20206,,181.0,2025-12-18
702009,527,20972,186.0,119.0,2026-04-08
702010,527,20769,1836.0,316.0,2026-08-14
702011,527,20469,94.0,273.0,2026-01-18
702012,527,21067,178.0,318.0,2026-05-23
702013,527,21445,6507.0,15.0,2026-04-16
702014,527,20063,412.0,142.0,2025-09-24
702015,527,20840,2088.0,93.0,2026-05-16
702016,527,21465,1454.0,103.0,2026-04-01
702017,527,21492,,440.0,2025-12-23
702018,527,20827,6320.0,182.0,2026-06-25
702019,527,20533,61.0,344.0,2026-04-28
702020,527,20255,2994.0,152.0,2025-12-16
702021,527,20350,9085.0,241.0,2025-12-18
702022,527,20555,2256.0,307.0,2025-12-01
702023,527,20139,7586.0,39.0,2025-12-26
702024,527,21017,147.0,262.0,2025-11-26
702025,527,20906,,111.0,2026-04-01
702026,528,21486,3202.0,487.0,2025-09-11
702027,528,20907,13947.0,361.0,2025-09-26
702028,528,20539,42288.0,187.0,2026-01-13
702029,528,20589,3150.0,97.0,2025-12-19
702030,528,20515,11285.0,464.0,2025-10-27
702031,528,21292,2346.0,33.0,2026-07-17
702032,528,20495,8855.0,227.0,2026-07-09
702033,528,20779,6626.0,285.0,2026-03-11
702034,528,21389,38002.0,402.0,2026-02-28
702035,528,20724,9967.0,38.0,2026-11-01
702036,528,21000,4570.0,123.0,2025-12-02
702037,528,21454,1287.0,247.0,2026-07-22
702038,528,21026,1743.0,361.0,2026-06-15
702039,528,20577,2713.0,108.0,2026-03-02
702040,528,20809,3071.0,278.0,2026-02-18
702041,528,21452,20206.0,162.0,2026-02-25
702042,528,21409,8755.0,227.0,2026-05-09
702043,528,21374,7876.0,394.0,2026-06-06
702044,528,20281,1296.0,409.0,2025-10-15
702045,528,21010,,482.0,2026-05-08
702046,528,20851,13636.0,151.0,2026-01-15
702047,528,20257,745.0,,2026-08-09
702048,528,20151,13077.0,282.0,2026-05-31
702049,528,20968,8335.0,140.0,2026-04-13
702050,528,21033,906.0,199.0,2026-02-06
702051,528,20591,6515.0,399.0,2026-02-02
702052,528,20886,7046.0,500.0,2025-10-22
702053,528,20704,1926.0,308.0,2026-04-22
702054,528,21211,30960.0,210.0,2026-01-03
702055,528,20605,20160.0,215.0,2025-09-16
702056,528,21238,11751.0,439.0,2025-10-16
702057,528,20622,6594.0,412.0,2026-03-03
702058,528,20461,5639.0,140.0,2025-09-10
702059,528,20994,11187.0,466.0,2026-06-18
702060,528,21307,8379.0,327.0,2025-12-22
702061,528,20262,683.0,346.0,2025-09-28
702062,528,21285,7636.0,317.0,2026-02-23
702063,528,20720,17450.0,90.0,2026-05-18
702064,528,20298,6534.0,236.0,2026-06-30
702065,528,20159,567.0,,2026-02-28
702066,528,20010,16399.0,13.0,2025-12-07
702067,528,20419,2390.0,202.0,2026-07-08
702068,528,20913,3180.0,479.0,2025-09-15
702069,528,20283,1913.0,33.0,2025-11-29
702070,528,20219,4260.0,257.0,2026-01-29
702071,528,20123,15024.0,173.0,2025-11-20
702072,528,21370,7787.0,88.0,2025-12-18
702073,528,20820,2437.0,54.0,2026-05-31
702074,528,20238,22343.0,295.0,2026-04-02
702075,528,20387,22496.0,139.0,2025-10-16
702076,528,20493,21730.0,110.0,2026-05-08
702077,528,20245,2900.0,93.0,2025-10-02
702078,528,20375,6378.0,,2026-07-20
702079,528,21127,44626.0,452.0,2026-06-01
702080,528,20576,15713.0,333.0,2025-12-27
702081,528,20617,293.0,289.0,2025-11-03
702082,528,20776,717.0,241.0,2026-01-04
702083,528,20797,6626.0,485.0,2026-04-25
702084,528,21429,25499.0,127.0,2026-05-20
702085,528,21366,8223.0,175.0,2026-05-18
702086,528,20417,7320.0,,2026-05-01
702087,528,20343,1185.0,168.0,2025-11-12
702088,528,21470,11365.0,172.0,2025-10-15
702089,528,20449,18349.0,445.0,2026-03-24
702090,528,20728,5088.0,473.0,2026-01-24
702091,528,20810,,221.0,2026-05-09
702092,528,21488,35470.0,24.0,2026-03-02
702093,528,21282,2422.0,456.0,2026-08-02
702094,528,20581,7874.0,459.0,2026-08-17
702095,528,20106,3597.0,321.0,2026-05-06
702096,528,20340,16731.0,494.0,2026-02-01
702097,528,20778,,69.0,2026-07-20
702098,528,21355,10699.0,298.0,2026-03-09
702099,528,20637,16994.0,464.0,2026-03-04
702100,528,21246,5358.0,112.0,2026-01-05
702101,529,21220,7819.0,226.0,2026-05-29
702102,529,20711,2414.0,86.0,2025-10-10
702103,529,20910,545.0,260.0,2025-12-27
702104,529,20323,3774.0,226.0,2026-07-02
702105,529,20718,4998.0,217.0,2026-05-05
702106,529,21032,1208.0,57.0,2025-09-29
702107,529,20977,6170.0,15.0,2026-02-01
702108,529,21035,7501.0,493.0,2026-03-23
702109,529,20055,1028.0,171.0,2026-04-01
702110,529,20419,13017.0,444.0,2025-12-19
702111,529,20377,481.0,251.0,2025-09-15
702112,529,20206,715.0,79.0,2025-11-26
702113,529,20640,646.0,195.0,2026-08-07
702114,529,20468,7115.0,16.0,2025-11-26
702115,529,20138,3367.0,317.0,2025-11-30
702116,529,20786,523.0,186.0,2026-04-21
702117,529,20948,1840.0,146.0,2026-01-03
702118,529,21371,3029.0,366.0,2026-07-20
702119,529,21254,276.0,127.0,2025-12-23
702120,529,20282,6787.0,418.0,2026-05-12
702121,529,20061,5160.0,125.0,2025-10-12
702122,529,20923,2231.0,413.0,2026-07-28
702123,529,20430,10827.0,197.0,2025-11-19
702124,529,21357,1715.0,133.0,2026-04-02
702125,529,20364,13132.0,53.0,2026-01-30
702126,529,20929,3495.0,308.0,2025-11-07
702127,529,20107,3192.0,115.0,2025-10-18
702128,529,21182,575.0,473.0,2026-07-28
702129,529,20687,6773.0,390.0,2026-08-06
702130,529,20260,1768.0,241.0,2026-03-05
702131,529,21323,561.0,467.0,2026-01-14
702132,529,20143,40.0,157.0,2026-04-10
702133,529,20192,2601.0,258.0,2025-09-24
702134,529,20098,2376.0,107.0,2025-10-17
702135,529,20613,4029.0,192.0,2026-08-13
702136,529,20489,7005.0,266.0,2026-04-22
702137,529,20885,262.0,141.0,2026-02-04
702138,529,20411,4169.0,335.0,2026-03-26
702139,529,20071,658.0,454.0,2026-07-06
702140,529,20270,6192.0,150.0,2026-07-23
702141,529,20841,5420.0,184.0,2026-03-23
702142,529,21294,2467.0,151.0,2026-06-05
702143,529,20429,3927.0,466.0,2026-07-18
702144,529,20597,1196.0,54.0,2026-03-31
702145,529,21289,2020.0,491.0,2026-03-21
702146,529,21163,5466.0,,2026-03-11
702147,529,20455,1949.0,463.0,2026-03-28
702148,529,20755,1404.0,451.0,2026-06-29
702149,529,21261,2161.0,66.0,2026-04-17
702150,529,21286,5585.0,303.0,2026-08-28
702151,529,20318,1294.0,458.0,2026-05-28
702152,529,21161,605.0,176.0,2025-10-01
702153,529,20606,3947.0,432.0,2026-02-02
702154,529,21485,5544.0,133.0,2025-11-21
702155,529,20933,336.0,398.0,2026-01-05
702156,529,21170,870.0,196.0,2026-02-28
702157,529,20623,485.0,87.0,2025-09-18
702158,529,20536,1356.0,141.0,2026-05-17
702159,529,21414,1897.0,418.0,2026-01-20
702160,529,21320,4380.0,105.0,2026-07-17
702161,529,20215,3339.0,499.0,2026-08-28
702162,529,21268,3075.0,330.0,2025-11-05
702163,529,20459,1377.0,,2026-01-05
702164,529,21404,5839.0,236.0,2026-03-25
702165,529,20428,2021.0,174.0,2025-09-28
702166,529,20501,12264.0,120.0,2025-11-30
702167,529,20084,3188.0,280.0,2025-11-25
702168,529,20135,428.0,234.0,2026-08-10
702169,529,20070,3575.0,495.0,2025-10-19
702170,529,20487,1247.0,239.0,2025-12-12
702171,529,21146,3676.0,295.0,2026-04-02
702172,529,21300,229.0,373.0,2026-05-20
702173,529,20505,609.0,497.0,2025-09-03
702174,529,20229,6138.0,340.0,2026-02-25
702175,529,20149,817.0,43.0,2025-11-13
702176,530,20497,6338.0,438.0,2025-10-09
702177,530,20379,1144.0,306.0,2026-04-09
702178,530,21171,3597.0,375.0,2026-03-27
702179,530,20598,4138.0,177.0,2026-03-02
702180,530,20636,2511.0,223.0,2026-02-02
702181,530,21404,1273.0,368.0,2026-02-17
702182,530,20576,835.0,185.0,2026-05-07
702183,530,21362,118.0,244.0,2025-09-06
702184,530,21447,1266.0,19.0,2026-03-10
702185,530,21411,3699.0,480.0,2026-05-02
702186,530,20791,9731.0,177.0,2025-11-21
702187,530,20785,7160.0,360.0,2026-01-20
702188,530,20767,5075.0,165.0,2026-01-31
702189,530,21138,5426.0,462.0,2025-10-24
702190,530,20038,3820.0,154.0,2025-11-09
702191,530,20458,1053.0,108.0,2026-01-29
702192,530,20153,8305.0,12.0,2026-01-05
702193,530,20213,3881.0,340.0,2026-02-19
702194,530,20715,2871.0,325.0,2026-04-22
702195,530,20418,411.0,495.0,2026-01-07
702196,530,20299,2070.0,385.0,2026-02-13
702197,530,20160,2155.0,71.0,2026-01-21
702198,530,20610,6984.0,319.0,2026-05-25
702199,530,21015,2764.0,159.0,2025-10-30
702200,530,20726,1672.0,39.0,2026-04-10
702201,530,21376,13148.0,486.0,2025-12-22
702202,530,20232,410.0,434.0,2025-09-23
702203,530,20709,1918.0,379.0,2026-06-19
702204,530,20584,150.0,48.0,2026-07-19
702205,530,21092,4704.0,108.0,2026-07-03
702206,530,21478,,330.0,2026-05-17
702207,530,21006,1148.0,48.0,2025-11-18
702208,530,20714,6827.0,239.0,2026-05-30
702209,530,20743,1207.0,355.0,2026-02-18
702210,530,21313,8442.0,298.0,2025-09-06
702211,530,20580,4899.0,34.0,2026-06-02
702212,530,20829,5709.0,257.0,2025-12-21
702213,530,20288,63.0,413.0,2026-03-10
702214,530,20968,11499.0,273.0,2026-05-17
702215,530,20129,4531.0,25.0,2025-12-20
702216,530,20975,1270.0,427.0,2026-05-12
702217,530,20554,6178.0,26.0,2026-01-17
702218,530,20692,1155.0,234.0,2026-05-31
702219,530,21377,7202.0,,2025-12-27
702220,530,20943,417.0,298.0,2026-05-08
702221,530,20940,4249.0,172.0,2025-11-22
702222,530,20547,2718.0,493.0,2026-01-03
702223,530,21316,355.0,25.0,2026-01-29
702224,530,21327,967.0,,2025-10-12
702225,530,20652,44.0,479.0,2026-03-07
702226,530,21332,2210.0,100.0,2026-06-02
702227,530,20010,1252.0,468.0,2025-09-04
702228,530,20254,3187.0,268.0,2025-11-27
702229,530,20565,1232.0,289.0,2026-08-23
702230,530,20567,1246.0,190.0,2025-09-01
702231,530,21279,4749.0,159.0,2026-07-05
702232,530,20205,172.0,166.0,2026-07-10
702233,530,20660,8146.0,320.0,2026-05-04
702234,530,20505,6680.0,450.0,2026-05-21
702235,530,20796,3850.0,149.0,2025-12-29
702236,530,21229,,179.0,2026-05-01
702237,530,20744,7785.0,16.0,2026-01-29
702238,530,20409,716.0,415.0,2025-10-20
702239,530,20463,287.0,,2025-09-24
702240,530,21355,956.0,292.0,2025-12-31
702241,530,20617,5529.0,407.0,2026-08-02
702242,530,20603,123.0,445.0,2026-08-20
702243,530,20578,3054.0,372.0,2026-07-17
702244,530,21439,18829.0,383.0,2026-05-17
702245,530,20488,6763.0,,2025-10-04
702246,530,21431,2575.0,142.0,2026-08-06
702247,530,20355,230.0,462.0,2026-03-02
702248,530,20857,6218.0,421.0,2025-09-28
702249,530,21178,3192.0,240.0,2026-02-24
702250,530,21213,427.0,106.0,2026-04-08
702251,531,20239,529.0,52.0,2026-06-23
702252,531,20907,12913.0,170.0,2025-11-15
702253,531,21278,5943.0,153.0,2026-01-21
702254,531,21062,9496.0,221.0,2026-01-18
702255,531,21065,11344.0,188.0,2025-11-22
702256,531,20897,4556.0,181.0,2026-04-26
702257,531,20289,3914.0,108.0,2026-09-08
702258,531,20920,3024.0,265.0,2025-12-20
702259,531,21163,2048.0,497.0,2025-11-03
702260,531,21470,3063.0,67.0,2025-09-26
702261,531,20354,7986.0,262.0,2025-11-29
702262,531,21107,4948.0,395.0,2026-01-29
702263,531,21027,11982.0,375.0,2026-07-07
702264,531,20050,3147.0,264.0,2026-03-31
702265,531,20537,5018.0,355.0,2025-12-11
702266,531,21088,5360.0,155.0,2025-09-03
702267,531,20216,4812.0,389.0,2025-11-12
702268,531,20297,6515.0,,2026-05-08
702269,531,20521,1456.0,46.0,2026-04-11
702270,531,20707,3858.0,385.0,2026-05-20
702271,531,20998,591.0,412.0,2026-05-02
702272,531,20926,2607.0,325.0,2026-04-08
702273,531,21204,3593.0,472.0,2026-08-27
702274,531,20605,5674.0,111.0,2025-09-11
702275,531,21337,16150.0,188.0,2025-11-21
702276,531,21483,4931.0,88.0,2026-01-10
702277,531,21269,7311.0,414.0,2026-01-04
702278,531,20040,3791.0,319.0,2026-05-09
702279,531,20499,5401.0,469.0,2026-05-01
702280,531,21315,395.0,256.0,2025-10-09
702281,531,21011,1577.0,156.0,2025-11-12
702282,531,20260,2413.0,50.0,2026-05-18
702283,531,21015,3436.0,,2026-05-28
702284,531,20729,251.0,85.0,2025-10-16
702285,531,21147,810.0,304.0,2026-05-10
702286,531,21274,1741.0,286.0,2026-08-14
702287,531,21481,19119.0,470.0,2025-12-29
702288,531,20724,2162.0,96.0,2026-02-12
702289,531,20799,3534.0,420.0,2025-10-05
702290,531,20187,1173.0,397.0,2026-04-19
702291,531,20415,5069.0,410.0,2025-09-17
702292,531,20496,,266.0,2026-06-22
702293,531,20217,1246.0,,2026-06-13
702294,531,20478,3905.0,224.0,2025-11-30
702295,531,20556,30.0,326.0,2026-01-13
702296,531,20961,41.0,65.0,2026-02-03
702297,531,20360,1328.0,105.0,2026-03-22
702298,531,20888,201.0,271.0,2026-02-13
702299,531,21100,614.0,463.0,2025-09-24
702300,531,20857,,297.0,2026-05-14
702301,531,21174,8716.0,293.0,2026-06-09
702302,531,21008,4559.0,76.0,2025-12-29
702303,531,20188,3861.0,384.0,2025-12-12
702304,531,21359,1866.0,252.0,2026-07-09
702305,531,20347,14422.0,183.0,2025-12-15
702306,531,21330,2717.0,39.0,2026-03-17
702307,531,20609,489.0,430.0,2025-09-26
702308,531,20373,5157.0,353.0,2026-01-08
702309,531,20967,,129.0,2026-06-19
702310,531,20805,2275.0,494.0,2026-04-07
702311,531,20942,3804.0,442.0,2026-03-03
702312,531,20483,11137.0,491.0,2026-03-04
702313,531,21048,3655.0,465.0,2026-07-26
702314,531,21090,6508.0,497.0,2026-07-29
702315,531,20515,26516.0,366.0,2026-07-28
702316,531,20037,757.0,339.0,2025-09-27
702317,531,20751,1726.0,265.0,2025-10-14
702318,531,20268,2696.0,432.0,2026-04-02
702319,531,20902,2943.0,301.0,2026-02-08
702320,531,20690,,348.0,2026-01-29
702321,531,20464,12795.0,431.0,2026-03-29
702322,531,20177,6725.0,127.0,2025-11-29
702323,531,20976,5030.0,209.0,2026-05-23
702324,531,21479,1988.0,245.0,2026-01-27
702325,531,21025,9326.0,96.0,2026-01-06
702326,532,20447,22683.0,486.0,2026-01-29
702327,532,21228,12586.0,230.0,2026-04-01
702328,532,20471,11.0,478.0,2026-03-04
702329,532,20464,7397.0,214.0,2026-08-30
702330,532,21265,384.0,494.0,2026-08-16
702331,532,21373,,289.0,2026-05-15
702332,532,20360,449.0,,2026-06-21
702333,532,21356,6769.0,408.0,2026-01-19
702334,532,20670,8483.0,415.0,2026-07-04
702335,532,20907,889.0,474.0,2026-04-27
702336,532,20582,,178.0,2026-04-28
702337,532,21257,4454.0,37.0,2026-05-17
702338,532,20708,3367.0,89.0,2026-03-25
702339,532,21165,943.0,286.0,2026-06-25
702340,532,21258,3969.0,202.0,2026-07-22
702341,532,20650,10170.0,455.0,2026-08-16
702342,532,20355,539.0,177.0,2026-03-24
702343,532,20269,611.0,38.0,2026-03-24
702344,532,21218,3203.0,433.0,2025-12-05
702345,532,20498,20783.0,167.0,2026-06-12
702346,532,21452,8074.0,74.0,2025-11-08
702347,532,21379,8300.0,85.0,2026-07-08
702348,532,21417,3285.0,484.0,2026-06-25
702349,532,21235,6584.0,395.0,2026-05-28
702350,532,20712,74.0,283.0,2025-12-26
702351,532,21440,7391.0,422.0,2026-02-22
702352,532,21081,17877.0,72.0,2026-06-23
702353,532,20707,6933.0,259.0,2026-01-27
702354,532,21295,15128.0,452.0,2026-01-22
702355,532,20385,9411.0,,2026-05-22
702356,532,21484,939.0,88.0,2025-11-26
702357,532,20013,17016.0,115.0,2026-03-17
702358,532,20105,503.0,304.0,2026-07-05
702359,532,20743,5582.0,183.0,2026-01-03
702360,532,20822,1121.0,290.0,2026-01-02
702361,532,20684,86.0,52.0,2026-06-11
702362,532,20243,4008.0,495.0,2026-08-16
702363,532,21206,2556.0,493.0,2026-08-01
702364,532,20770,4866.0,495.0,2026-05-16
702365,532,20211,6294.0,357.0,2026-04-01
702366,532,20751,327.0,220.0,2025-10-03
702367,532,21363,960.0,77.0,2026-01-12
702368,532,20973,5980.0,424.0,2026-01-04
702369,532,21329,3073.0,325.0,2026-01-24
702370,532,21466,9551.0,381.0,2026-02-09
702371,532,20594,7724.0,90.0,2025-11-07
702372,532,20135,13659.0,95.0,2026-08-12
702373,532,21354,8622.0,90.0,2026-03-25
702374,532,20452,4109.0,260.0,2026-04-26
702375,532,21290,8172.0,475.0,2026-05-29
702376,532,20996,2355.0,303.0,2026-06-06
702377,532,20362,2674.0,437.0,2026-08-17
702378,532,20251,11375.0,314.0,2026-06-03
702379,532,20912,4324.0,121.0,2026-06-03
702380,532,20667,11708.0,79.0,2026-01-18
702381,532,21239,12636.0,22.0,2025-09-05
702382,532,20773,14249.0,485.0,2025-10-12
702383,532,20683,18165.0,177.0,2026-06-12
702384,532,21101,4122.0,144.0,2025-01-10
702385,532,20115,2808.0,478.0,2026-04-21
702386,532,21289,6381.0,319.0,2025-09-11
702387,532,21345,3392.0,373.0,2026-01-18
702388,532,20196,6719.0,59.0,2026-03-24
702389,532,20405,8940.0,44.0,2025-12-28
702390,532,20746,8525.0,54.0,2025-11-23
702391,532,20564,3431.0,308.0,2025-09-12
702392,532,20832,1335.0,294.0,2026-03-13
702393,532,21201,4117.0,29.0,2026-03-14
702394,532,20084,1125.0,196.0,2026-08-30
702395,532,20241,16144.0,483.0,2026-02-07
702396,532,20856,3103.0,335.0,2025-08-31
702397,532,20361,1227.0,342.0,2025-10-21
702398,532,20970,188.0,298.0,2026-07-27
702399,532,20548,7589.0,390.0,2026-07-27
702400,532,21351,7407.0,314.0,2026-08-05
702401,533,21440,1989.0,450.0,2026-05-18
702402,533,20373,355.0,391.0,2026-03-20
702403,533,20996,2517.0,382.0,2026-03-19
702404,533,21413,1780.0,62.0,2026-08-11
702405,533,20243,5398.0,407.0,2025-10-27
702406,533,20715,4445.0,472.0,2026-06-04
702407,533,21101,2166.0,169.0,2026-03-30
702408,533,20476,1174.0,167.0,2026-02-03
702409,533,21020,21135.0,75.0,2026-07-08
702410,533,21178,2890.0,222.0,2026-02-03
702411,533,20207,5566.0,217.0,2025-11-19
702412,533,20328,723.0,349.0,2025-10-29
702413,533,20455,3174.0,253.0,2025-09-06
702414,533,20817,133.0,71.0,2026-04-24
702415,533,21494,3362.0,387.0,2025-11-20
702416,533,21107,,56.0,2026-06-10
702417,533,20944,2315.0,465.0,2026-03-03
702418,533,20403,190.0,228.0,2026-08-27
702419,533,21483,150.0,136.0,2026-01-15
702420,533,20983,2345.0,452.0,2026-01-31
702421,533,20703,833.0,326.0,2025-08-31
702422,533,20379,113.0,18.0,2026-04-22
702423,533,21464,6740.0,439.0,2026-03-31
702424,533,20959,2929.0,200.0,2026-05-12
702425,533,21312,1630.0,,2026-01-05
702426,533,20232,10999.0,37.0,2026-04-29
702427,533,20928,590.0,386.0,2025-12-28
702428,533,20806,14907.0,257.0,2026-06-21
702429,533,21338,1799.0,347.0,2026-07-04
702430,533,20437,10472.0,76.0,2026-07-06
702431,533,21135,4411.0,105.0,2026-04-03
702432,533,20124,8370.0,46.0,2026-02-26
702433,533,20609,19750.0,386.0,2025-09-12
702434,533,20276,1625.0,,2025-12-04
702435,533,20522,15508.0,285.0,2026-06-26
702436,533,20575,2356.0,291.0,2025-11-12
702437,533,20660,2325.0,444.0,2025-11-28
702438,533,21422,1987.0,371.0,2026-01-21
702439,533,20226,3723.0,42.0,2026-05-23
702440,533,20845,799.0,247.0,2025-09-02
702441,533,20252,3853.0,353.0,2026-08-12
702442,533,21476,3726.0,366.0,2026-08-30
702443,533,20745,,469.0,2025-12-08
702444,533,20342,8565.0,167.0,2026-02-02
702445,533,21405,2773.0,105.0,2026-03-20
702446,533,21389,1719.0,435.0,2026-03-13
702447,533,20570,1434.0,276.0,2026-05-31
702448,533,20307,1034.0,153.0,2025-11-27
702449,533,20681,284.0,379.0,2026-04-29
702450,533,20286,2002.0,137.0,2026-06-03
702451,533,20762,1504.0,450.0,2026-03-08
702452,533,21212,16206.0,459.0,2026-03-02
702453,533,21284,3896.0,201.0,2026-03-14
702454,533,21136,2037.0,73.0,2025-09-21
702455,533,21063,4148.0,174.0,2025-10-28
702456,533,20915,716.0,83.0,2025-11-16
702457,533,20127,2803.0,111.0,2025-10-04
702458,533,20772,4699.0,416.0,2026-08-20
702459,533,20689,3205.0,85.0,2026-06-20
702460,533,20438,2454.0,480.0,2026-02-01
702461,533,20270,24311.0,69.0,2026-07-19
702462,533,20636,10137.0,,2025-10-16
702463,533,20053,,,2025-12-08
702464,533,20301,4023.0,362.0,2026-02-28
702465,533,21211,4629.0,,2026-03-05
702466,533,20397,1073.0,37.0,2025-09-17
702467,533,20206,2401.0,219.0,2025-09-11
702468,533,20635,192.0,429.0,2025-12-28
702469,533,20618,3082.0,250.0,2025-09-18
702470,533,20130,3740.0,452.0,2025-09-05
702471,533,20555,1234.0,28.0,2025-10-03
702472,533,20185,15878.0,188.0,2025-12-16
702473,533,21201,11470.0,109.0,2025-10-14
702474,533,20179,6115.0,,2025-12-24
702475,533,21399,3640.0,43.0,2026-06-15
702476,534,20231,10812.0,305.0,2026-06-08
702477,534,20326,742.0,389.0,2025-09-04
702478,534,20902,8284.0,251.0,2025-09-09
702479,534,20353,707.0,110.0,2026-01-08
702480,534,20399,8379.0,351.0,2026-05-03
702481,534,20780,1710.0,217.0,2026-08-19
702482,534,20078,11110.0,321.0,2026-08-04
702483,534,20270,15281.0,197.0,2026-11-02
702484,534,20717,854.0,318.0,2026-03-08
702485,534,20460,3292.0,130.0,2026-08-09
702486,534,21320,21002.0,399.0,2025-12-03
702487,534,20315,3501.0,460.0,2026-02-08
702488,534,20973,10556.0,106.0,2026-06-04
702489,534,20385,4709.0,446.0,2025-11-23
702490,534,20518,2494.0,114.0,2025-12-22
702491,534,20601,1784.0,87.0,2026-02-28
702492,534,21169,1204.0,42.0,2025-11-28
702493,534,20400,7603.0,119.0,2026-01-25
702494,534,20915,2590.0,37.0,2026-03-28
702495,534,21398,3795.0,464.0,2026-06-27
702496,534,20160,3593.0,284.0,2026-04-20
702497,534,20867,4563.0,401.0,2025-09-11
702498,534,21354,10636.0,371.0,2026-04-09
702499,534,21191,20933.0,332.0,2025-10-08
702500,534,20284,2775.0,412.0,2025-10-09
702501,534,20116,9314.0,62.0,2026-03-13
702502,534,20289,7665.0,314.0,2026-08-12
702503,534,20706,4517.0,282.0,2026-01-16
702504,534,20858,16560.0,469.0,2025-09-24
702505,534,20870,1186.0,71.0,2025-11-19
702506,534,20333,613.0,300.0,2025-10-09
702507,534,20141,10196.0,62.0,2026-08-17
702508,534,21030,3065.0,153.0,2026-01-06
702509,534,21425,9949.0,156.0,2025-10-16
702510,534,21043,11849.0,54.0,2026-04-29
702511,534,20892,342.0,278.0,2026-04-21
702512,534,20334,11393.0,362.0,2026-04-27
702513,534,20868,3152.0,485.0,2026-05-17
702514,534,20258,3785.0,12.0,2026-01-09
702515,534,20159,5221.0,366.0,2025-09-24
702516,534,21123,13827.0,111.0,2025-10-01
702517,534,20221,102.0,187.0,2026-07-27
702518,534,20011,3434.0,177.0,2026-04-28
702519,534,20091,6168.0,84.0,2025-10-11
702520,534,21247,6798.0,447.0,2026-01-07
702521,534,21287,6251.0,429.0,2025-12-18
702522,534,20154,765.0,349.0,2026-05-31
702523,534,21476,1886.0,335.0,2026-03-30
702524,534,21379,2355.0,459.0,2025-10-30
702525,534,20943,8649.0,130.0,2026-03-30
702526,534,20035,1732.0,197.0,2025-09-23
702527,534,20583,1254.0,38.0,2025-11-05
702528,534,21061,16732.0,,2026-03-25
702529,534,21444,47.0,492.0,2026-04-15
702530,534,21263,32482.0,256.0,2026-05-28
702531,534,20634,5987.0,375.0,2026-04-03
702532,534,21341,9344.0,66.0,2026-05-24
702533,534,20083,1850.0,414.0,2025-11-22
702534,534,20981,76.0,497.0,2026-06-09
702535,534,20072,7096.0,268.0,2025-11-29
702536,534,20036,9522.0,396.0,2026-03-17
702537,534,20872,7149.0,244.0,2026-02-10
702538,534,21057,817.0,264.0,2026-01-31
702539,534,20511,7420.0,141.0,2026-02-18
702540,534,20446,7764.0,212.0,2026-07-09
702541,534,20514,5695.0,170.0,2025-09-13
702542,534,20910,7700.0,419.0,2026-04-19
702543,534,21207,9912.0,271.0,2026-07-01
702544,534,21091,5040.0,54.0,2026-07-05
702545,534,20745,492.0,231.0,2026-03-10
702546,534,20362,3544.0,45.0,2026-08-09
702547,534,20575,428.0,114.0,2026-07-25
702548,534,20254,2774.0,333.0,2026-07-03
702549,534,20133,2770.0,30.0,2026-07-24
702550,534,20269,362.0,303.0,2026-06-12
702551,535,20131,2349.0,351.0,2026-07-01
702552,535,20940,644.0,409.0,2025-06-09
702553,535,21210,9042.0,190.0,2025-11-16
702554,535,20213,16154.0,236.0,2026-04-11
702555,535,20438,,11.0,2026-08-22
702556,535,20684,16992.0,196.0,2026-03-20
702557,535,20418,4048.0,323.0,2026-03-14
702558,535,21360,1949.0,173.0,2025-12-13
702559,535,21285,438.0,475.0,2026-05-02
702560,535,21157,3802.0,145.0,2026-04-26
702561,535,21153,8664.0,64.0,2025-09-07
702562,535,21500,6723.0,204.0,2025-10-06
702563,535,21078,282.0,173.0,2025-11-10
702564,535,20546,,140.0,2025-11-26
702565,535,20635,2823.0,196.0,2026-05-10
702566,535,20340,1916.0,152.0,2026-03-27
702567,535,20609,1448.0,302.0,2025-11-13
702568,535,20525,1806.0,318.0,2026-04-16
702569,535,21090,8908.0,381.0,2026-05-08
702570,535,20628,14499.0,391.0,2026-02-10
702571,535,20547,2844.0,104.0,2025-09-03
702572,535,21099,12952.0,372.0,2026-01-18
702573,535,20852,2124.0,346.0,2026-01-17
702574,535,20331,3543.0,250.0,2026-03-05
702575,535,21178,1403.0,291.0,2026-07-18
702576,535,20929,5601.0,271.0,2026-02-19
702577,535,20440,21146.0,342.0,2026-01-05
702578,535,20278,5065.0,356.0,2025-12-22
702579,535,21402,2425.0,164.0,2025-09-29
702580,535,20792,5714.0,,2025-12-28
702581,535,21494,718.0,306.0,2025-11-20
702582,535,20578,12018.0,31.0,2026-06-28
702583,535,20044,3829.0,364.0,2025-10-08
702584,535,21154,3267.0,147.0,2026-06-24
702585,535,20123,4827.0,350.0,2026-03-05
702586,535,21398,5367.0,417.0,2025-09-20
702587,535,21477,408.0,20.0,2026-02-07
702588,535,20397,6283.0,97.0,2026-02-11
702589,535,20266,1516.0,169.0,2026-07-05
702590,535,20366,6852.0,115.0,2026-02-27
702591,535,20822,9466.0,445.0,2026-04-05
702592,535,21094,8921.0,439.0,2026-08-27
702593,535,20359,4402.0,,2026-06-13
702594,535,20763,4020.0,56.0,2026-06-24
702595,535,21183,844.0,268.0,2026-03-23
702596,535,20630,8175.0,172.0,2026-04-10
702597,535,21471,1734.0,407.0,2026-06-06
702598,535,20500,3759.0,57.0,2026-07-17
702599,535,20186,1831.0,425.0,2025-09-21
702600,535,20710,787.0,43.0,2025-10-27
702601,535,20219,5437.0,22.0,2026-08-21
702602,535,20637,306.0,165.0,2026-08-28
702603,535,21133,7560.0,134.0,2025-12-25
702604,535,20493,2092.0,148.0,2026-02-07
702605,535,20269,1.0,399.0,2025-12-09
702606,535,20713,3918.0,302.0,2026-03-03
702607,535,20038,263.0,484.0,2026-06-02
702608,535,21134,1770.0,277.0,2025-11-06
702609,535,21002,6721.0,148.0,2026-05-06
702610,535,20800,354.0,31.0,2025-09-04
702611,535,20012,10011.0,260.0,2026-01-30
702612,535,20320,21.0,236.0,2026-01-16
702613,535,20851,1552.0,178.0,2026-02-25
702614,535,20178,7394.0,307.0,2026-02-23
702615,535,20829,2082.0,367.0,2026-04-05
702616,535,21325,588.0,35.0,2026-04-23
702617,535,20466,2445.0,285.0,2025-12-06
702618,535,20936,1726.0,69.0,2026-04-06
702619,535,20839,10127.0,347.0,2026-04-30
702620,535,20944,2058.0,213.0,2025-11-03
702621,535,20620,8517.0,115.0,2025-12-27
702622,535,21429,12179.0,498.0,2026-06-01
702623,535,20496,3114.0,498.0,2026-02-17
702624,535,20039,,340.0,2025-08-11
702625,535,20724,2594.0,389.0,2026-01-26
702626,536,20470,,,2026-03-29
702627,536,20288,473.0,303.0,2026-01-29
702628,536,20859,5878.0,462.0,2026-08-12
702629,536,20346,3446.0,99.0,2026-05-13
702630,536,20440,2482.0,122.0,2025-10-04
702631,536,20398,5069.0,428.0,2026-05-30
702632,536,21292,6158.0,161.0,2025-12-24
702633,536,20919,22.0,79.0,2026-02-12
702634,536,21366,924.0,318.0,2026-06-07
702635,536,20007,6318.0,118.0,2026-01-08
702636,536,20108,5555.0,157.0,2026-05-21
702637,536,21404,17119.0,374.0,2026-08-21
702638,536,21415,7244.0,270.0,2025-12-17
702639,536,20589,15239.0,168.0,2026-06-23
702640,536,20647,6136.0,449.0,2026-06-28
702641,536,20725,1791.0,182.0,2026-03-13
702642,536,20918,563.0,105.0,2026-08-25
702643,536,21500,7704.0,,2025-12-27
702644,536,20726,,402.0,2026-05-21
702645,536,21163,250.0,454.0,2026-04-27
702646,536,21066,2259.0,63.0,2026-08-13
702647,536,20001,,94.0,2026-03-28
702648,536,21104,3512.0,343.0,2025-09-17
702649,536,20890,2869.0,217.0,2025-10-11
702650,536,20621,3097.0,301.0,2026-03-09
702651,536,20940,1186.0,141.0,2026-08-13
702652,536,20300,2328.0,104.0,2026-06-05
702653,536,20123,2337.0,38.0,2025-10-07
702654,536,20624,272.0,464.0,2025-10-11
702655,536,21102,7384.0,291.0,2026-05-27
702656,536,21336,2726.0,378.0,2026-02-21
702657,536,20564,,185.0,2025-11-30
702658,536,21079,9612.0,108.0,2025-11-23
702659,536,20115,1206.0,,2026-07-13
702660,536,20834,5420.0,243.0,2025-09-27
702661,536,21182,3235.0,468.0,2026-02-15
702662,536,20770,10736.0,201.0,2025-12-13
702663,536,20297,1230.0,304.0,2026-01-31
702664,536,20242,5732.0,100.0,2026-08-29
702665,536,20860,4736.0,324.0,2026-04-25
702666,536,20058,1771.0,170.0,2025-09-22
702667,536,20913,743.0,339.0,2026-01-29
702668,536,21341,5336.0,55.0,2026-07-13
702669,536,20882,6790.0,114.0,2026-08-28
702670,536,20586,1919.0,95.0,2025-09-03
702671,536,20874,5239.0,428.0,2026-04-10
702672,536,21395,,,2025-11-13
702673,536,20307,6321.0,56.0,2026-05-27
702674,536,20157,1124.0,51.0,2026-08-29
702675,536,20295,11180.0,228.0,2026-07-11
702676,536,20023,1715.0,232.0,2025-11-20
702677,536,20880,2320.0,162.0,2026-02-05
702678,536,20761,303.0,461.0,2026-05-15
702679,536,20009,598.0,82.0,2025-11-03
702680,536,20055,3671.0,199.0,2026-02-24
702681,536,20598,1576.0,89.0,2026-03-05
702682,536,21033,9133.0,303.0,2026-02-03
702683,536,20485,75.0,26.0,2025-11-29
702684,536,21390,2412.0,414.0,2026-04-16
702685,536,20436,2082.0,67.0,2026-05-31
702686,536,20433,99.0,217.0,2026-07-26
702687,536,21198,672.0,421.0,2026-01-15
702688,536,20562,2701.0,343.0,2026-05-09
702689,536,21439,3436.0,,2026-07-09
702690,536,20836,2621.0,145.0,2026-06-11
702691,536,20548,3831.0,112.0,2026-03-30
702692,536,20738,4576.0,299.0,2025-11-28
702693,536,21212,50.0,275.0,2026-04-16
702694,536,20663,3157.0,352.0,2026-07-21
702695,536,20839,16753.0,252.0,2025-10-20
702696,536,21112,3704.0,37.0,2026-06-08
702697,536,20271,5727.0,331.0,2026-02-12
702698,536,20558,1891.0,417.0,2026-01-02
702699,536,20964,7526.0,42.0,2025-12-24
702700,536,20475,7502.0,498.0,2026-07-19
702701,537,20526,1194.0,92.0,2026-01-01
702702,537,20143,6047.0,47.0,2026-02-19
702703,537,20998,217.0,132.0,2026-03-13
702704,537,20355,28.0,22.0,2026-08-14
702705,537,20228,2384.0,207.0,2025-10-18
702706,537,21351,2668.0,,2025-11-09
702707,537,21145,208.0,417.0,2026-03-18
702708,537,21184,500.0,92.0,2026-06-28
702709,537,20017,29.0,130.0,2025-11-13
702710,537,21289,563.0,217.0,2025-10-30
702711,537,21414,2405.0,93.0,2025-12-07
702712,537,21228,1183.0,232.0,2026-05-05
702713,537,20919,694.0,359.0,2026-07-16
702714,537,20313,753.0,129.0,2025-10-23
702715,537,20602,2.0,271.0,2025-10-02
702716,537,20888,578.0,10.0,2025-10-10
702717,537,20110,1686.0,425.0,2026-11-03
702718,537,20015,5929.0,471.0,2026-05-03
702719,537,21456,3044.0,477.0,2026-06-09
702720,537,20384,39.0,132.0,2026-05-19
702721,537,21137,3710.0,159.0,2026-05-09
702722,537,20436,2478.0,318.0,2026-07-29
702723,537,20408,2457.0,379.0,2026-01-16
702724,537,20730,993.0,313.0,2026-08-08
702725,537,21425,823.0,276.0,2026-08-16
702726,537,21492,585.0,17.0,2025-11-30
702727,537,21113,110.0,163.0,2026-01-30
702728,537,20203,420.0,,2026-06-21
702729,537,20320,459.0,285.0,2026-08-14
702730,537,20478,1073.0,311.0,2026-08-31
702731,537,20397,2231.0,177.0,2026-04-19
702732,537,20239,1041.0,240.0,2025-09-08
702733,537,20299,97.0,149.0,2026-05-08
702734,537,20465,5131.0,296.0,2026-01-04
702735,537,20382,4636.0,364.0,2026-08-29
702736,537,21048,2493.0,34.0,2026-02-18
702737,537,21475,7696.0,181.0,2026-06-04
702738,537,21487,1275.0,479.0,2026-06-02
702739,537,20314,5334.0,157.0,2026-05-12
702740,537,20354,127.0,198.0,2026-01-29
702741,537,20619,738.0,484.0,2025-05-10
702742,537,20807,414.0,296.0,2026-08-28
702743,537,20030,353.0,398.0,2025-11-08
702744,537,20038,246.0,445.0,2025-10-14
702745,537,21434,1579.0,61.0,2026-04-11
702746,537,20400,2464.0,497.0,2025-11-04
702747,537,21331,1400.0,202.0,2026-03-28
702748,537,20645,258.0,145.0,2025-12-11
702749,537,20094,,54.0,2026-06-09
702750,537,20433,1638.0,320.0,2026-05-18
702751,537,20244,796.0,19.0,2025-11-03
702752,537,21170,1818.0,275.0,2026-08-18
702753,537,20426,488.0,194.0,2025-11-20
702754,537,20744,686.0,338.0,2026-03-05
702755,537,21334,4044.0,410.0,2026-05-13
702756,537,20531,556.0,262.0,2026-07-14
702757,537,20583,1029.0,443.0,2026-06-06
702758,537,21398,3580.0,11.0,2026-07-10
702759,537,21077,1994.0,57.0,2025-06-11
702760,537,20574,104.0,306.0,2025-11-27
702761,537,21060,258.0,237.0,2026-03-31
702762,537,21369,13.0,287.0,2026-07-14
702763,537,20873,1616.0,152.0,2025-10-04
702764,537,21436,962.0,373.0,2026-03-02
702765,537,20638,234.0,224.0,2025-12-09
702766,537,21390,5136.0,12.0,2026-01-12
702767,537,20512,1223.0,155.0,2025-09-23
702768,537,20684,449.0,437.0,2026-03-16
702769,537,20177,1126.0,244.0,2025-10-30
702770,537,20477,1845.0,264.0,2026-03-16
702771,537,21374,129.0,497.0,2026-03-12
702772,537,20676,521.0,299.0,2026-08-03
702773,537,20771,2666.0,84.0,2025-11-26
702774,537,20719,998.0,351.0,2025-12-04
702775,537,20392,1282.0,252.0,2025-09-01
702776,538,20905,1717.0,197.0,2026-07-22
702777,538,21387,,335.0,2026-01-05
702778,538,20653,549.0,212.0,2025-11-21
702779,538,20917,1785.0,422.0,2025-11-13
702780,538,20909,710.0,156.0,2026-07-31
702781,538,20645,155.0,124.0,2026-03-03
702782,538,20403,5617.0,30.0,2026-02-04
702783,538,20563,12028.0,,2025-11-08
702784,538,20118,4770.0,233.0,2026-05-02
702785,538,21324,5820.0,288.0,2026-07-15
702786,538,20511,839.0,359.0,2025-09-03
702787,538,20406,9792.0,52.0,2026-08-26
702788,538,20370,664.0,207.0,2026-03-31
702789,538,20748,9156.0,391.0,2026-06-03
702790,538,20446,15931.0,285.0,2026-08-14
702791,538,20987,3765.0,367.0,2026-01-09
702792,538,21092,12020.0,476.0,2025-10-06
702793,538,21009,2552.0,290.0,2026-06-30
702794,538,20110,910.0,132.0,2026-03-03
702795,538,21130,1739.0,48.0,2026-05-19
702796,538,20152,2725.0,293.0,2026-04-27
702797,538,20283,230.0,148.0,2025-10-03
702798,538,20759,2948.0,225.0,2025-10-24
702799,538,20617,12026.0,476.0,2026-05-28
702800,538,21322,638.0,260.0,2026-01-12
702801,538,21478,4762.0,316.0,2026-03-10
702802,538,21062,7219.0,240.0,2025-11-02
702803,538,21226,8709.0,58.0,2026-03-16
702804,538,20547,9754.0,,2026-07-29
702805,538,20371,2231.0,74.0,2025-12-23
702806,538,20513,11460.0,423.0,2025-12-15
702807,538,20101,4286.0,35.0,2026-04-16
702808,538,20128,534.0,116.0,2025-12-18
702809,538,20213,1961.0,18.0,2026-01-19
702810,538,21052,3835.0,12.0,2026-05-08
702811,538,21086,860.0,337.0,2026-03-10
702812,538,20228,3098.0,75.0,2026-07-16
702813,538,20805,3325.0,67.0,2026-03-16
702814,538,21157,538.0,110.0,2025-11-16
702815,538,21110,2520.0,306.0,2026-03-30
702816,538,20832,4470.0,122.0,2026-07-08
702817,538,20796,2092.0,368.0,2026-03-18
702818,538,21470,37.0,311.0,2025-11-03
702819,538,20590,27.0,61.0,2026-04-06
702820,538,20061,1337.0,285.0,2026-04-26
702821,538,20794,7889.0,194.0,2025-12-14
702822,538,20352,786.0,255.0,2026-02-17
702823,538,21456,3046.0,124.0,2026-07-17
702824,538,20215,760.0,145.0,2025-11-17
702825,538,20999,1175.0,158.0,2025-11-15
702826,538,20926,5703.0,128.0,2026-01-23
702827,538,21103,3951.0,83.0,2025-11-28
702828,538,20299,303.0,44.0,2026-07-08
702829,538,20606,1695.0,495.0,2025-12-16
702830,538,20463,90.0,201.0,2025-09-15
702831,538,20395,1985.0,475.0,2026-02-18
702832,538,20766,3287.0,84.0,2026-05-30
702833,538,20074,382.0,159.0,2026-08-20
702834,538,20381,1032.0,354.0,2025-10-25
702835,538,20583,1535.0,465.0,2026-06-08
702836,538,20736,7628.0,75.0,2025-11-25
702837,538,21029,15132.0,447.0,2025-11-14
702838,538,20140,139.0,266.0,2026-07-22
702839,538,20544,4333.0,462.0,2025-12-23
702840,538,20722,1407.0,198.0,2025-09-17
702841,538,20753,1508.0,159.0,2026-06-29
702842,538,20823,4248.0,229.0,2025-12-12
702843,538,20147,7587.0,19.0,2026-07-21
702844,538,20274,9125.0,,2026-03-01
702845,538,20065,2605.0,176.0,2026-03-27
702846,538,20838,1337.0,106.0,2026-04-19
702847,538,21051,4689.0,350.0,2026-02-05
702848,538,21484,875.0,173.0,2026-08-31
702849,538,20730,2513.0,27.0,2025-12-02
702850,538,20156,1344.0,495.0,2026-04-26
702851,539,20423,5850.0,23.0,2025-11-20
702852,539,20211,1505.0,21.0,2026-08-30
702853,539,21436,1164.0,301.0,2025-09-12
702854,539,21388,13703.0,495.0,2026-08-11
702855,539,21152,588.0,295.0,2025-09-22
702856,539,20857,3859.0,339.0,2026-08-13
702857,539,20137,1366.0,150.0,2025-10-05
702858,539,20871,217.0,426.0,2026-01-28
702859,539,20092,201.0,77.0,2026-06-08
702860,539,21373,1054.0,399.0,2026-02-04
702861,539,20201,11031.0,378.0,2026-08-26
702862,539,20470,1817.0,310.0,2026-08-21
702863,539,21322,16444.0,348.0,2026-03-10
702864,539,21053,4769.0,35.0,2026-01-10
702865,539,20610,3140.0,340.0,2025-12-25
702866,539,20689,4748.0,490.0,2025-09-26
702867,539,21235,3979.0,306.0,2026-06-01
702868,539,21200,7782.0,,2026-03-14
702869,539,20837,1817.0,270.0,2025-12-30
702870,539,20083,2383.0,160.0,2026-04-13
702871,539,20997,12287.0,,2026-08-05
702872,539,20909,16019.0,357.0,2026-08-14
702873,539,20188,12208.0,32.0,2025-10-25
702874,539,20022,2976.0,438.0,2026-07-24
702875,539,20583,8295.0,387.0,2026-01-06
702876,539,21143,3540.0,237.0,2026-06-06
702877,539,21465,3766.0,310.0,2025-10-08
702878,539,21463,1253.0,272.0,2025-08-31
702879,539,20229,4894.0,258.0,2025-12-23
702880,539,20182,1127.0,137.0,2026-02-03
702881,539,20552,2204.0,400.0,2025-09-13
702882,539,20615,10568.0,320.0,2026-05-25
702883,539,20986,1270.0,28.0,2026-06-10
702884,539,21267,404.0,488.0,2026-05-31
702885,539,20622,391.0,287.0,2026-05-28
702886,539,20665,15468.0,342.0,2026-06-16
702887,539,20269,3869.0,326.0,2025-11-05
702888,539,20840,2882.0,430.0,2026-01-20
702889,539,21275,9114.0,25.0,2025-09-02
702890,539,21162,9888.0,453.0,2026-01-31
702891,539,20091,2210.0,444.0,2025-09-06
702892,539,21392,6473.0,499.0,2025-10-08
702893,539,21191,8069.0,155.0,2025-12-04
702894,539,21461,5818.0,117.0,2026-04-29
702895,539,20762,900.0,60.0,2025-11-11
702896,539,20651,11418.0,390.0,2026-06-30
702897,539,20481,4239.0,67.0,2026-04-16
702898,539,20942,1817.0,426.0,2026-07-29
702899,539,20568,3031.0,418.0,2026-05-21
702900,539,20139,210.0,,2026-07-23
702901,539,21444,749.0,35.0,2025-10-19
702902,539,20324,7938.0,309.0,2025-12-23
702903,539,21256,0.0,,2025-09-26
702904,539,21453,2949.0,393.0,2025-09-08
702905,539,20704,4045.0,265.0,2026-01-20
702906,539,21060,307.0,376.0,2026-02-26
702907,539,20663,19782.0,449.0,2026-03-18
702908,539,21422,1403.0,19.0,2025-12-25
702909,539,21082,1985.0,330.0,2026-02-19
702910,539,21149,1983.0,83.0,2026-08-06
702911,539,21457,1433.0,428.0,2026-07-07
702912,539,20332,8.0,345.0,2025-10-23
702913,539,20379,7152.0,94.0,2025-09-27
702914,539,21189,18642.0,103.0,2026-01-05
702915,539,20635,1390.0,304.0,2026-07-17
702916,539,21310,5953.0,466.0,2026-07-30
702917,539,20144,7412.0,129.0,2025-12-09
702918,539,21434,10325.0,151.0,2026-07-25
702919,539,20290,3006.0,338.0,2026-06-10
702920,539,21379,1975.0,165.0,2026-03-28
702921,539,20812,2153.0,198.0,2026-01-04
702922,539,21454,6824.0,362.0,2026-05-29
702923,539,20353,9287.0,280.0,2026-07-07
702924,539,20789,1097.0,72.0,2025-09-05
702925,539,21219,2537.0,450.0,2025-09-27
702926,540,20169,9028.0,307.0,2025-09-24
702927,540,21376,6390.0,470.0,2026-08-04
702928,540,20800,16292.0,91.0,2026-05-09
702929,540,20988,5456.0,486.0,2026-06-03
702930,540,20852,1942.0,500.0,2026-04-13
702931,540,20490,3473.0,36.0,2026-01-15
702932,540,20511,4206.0,286.0,2025-10-31
702933,540,20872,318.0,19.0,2026-04-30
702934,540,20729,3057.0,251.0,2025-09-09
702935,540,20200,4804.0,474.0,2026-01-04
702936,540,20100,712.0,103.0,2026-08-06
702937,540,21429,5898.0,125.0,2025-09-11
702938,540,20215,3408.0,66.0,2026-02-02
702939,540,20544,11824.0,455.0,2026-02-09
702940,540,20603,169.0,347.0,2025-12-01
702941,540,21416,1199.0,386.0,2026-01-02
702942,540,21302,3578.0,322.0,2026-08-06
702943,540,20313,,129.0,2026-04-28
702944,540,21103,4873.0,255.0,2026-06-11
702945,540,20684,5532.0,189.0,2026-03-01
702946,540,20615,421.0,196.0,2025-09-29
702947,540,20072,2804.0,359.0,2026-02-13
702948,540,20216,2765.0,315.0,2026-06-05
702949,540,20728,1792.0,371.0,2026-01-08
702950,540,21225,10505.0,253.0,2026-05-27
702951,540,21059,6833.0,271.0,2025-09-24
702952,540,20581,4645.0,381.0,2026-03-25
702953,540,20270,4871.0,473.0,2026-06-19
702954,540,20335,2408.0,204.0,2026-03-21
702955,540,20241,9869.0,,2025-10-30
702956,540,20779,4612.0,204.0,2026-06-02
702957,540,21008,5076.0,,2026-03-30
702958,540,20613,7691.0,462.0,2025-10-27
702959,540,20503,1245.0,37.0,2026-06-27
702960,540,20229,6397.0,316.0,2025-11-04
702961,540,21153,845.0,420.0,2026-08-16
702962,540,20762,1647.0,,2026-07-26
702963,540,20829,1590.0,434.0,2025-09-26
702964,540,20265,14933.0,228.0,2026-06-14
702965,540,20028,7549.0,30.0,2025-11-05
702966,540,20917,4696.0,93.0,2026-03-05
702967,540,20010,5048.0,226.0,2026-07-11
702968,540,21299,3210.0,425.0,2026-05-06
702969,540,21111,11427.0,186.0,2025-10-20
702970,540,21481,2666.0,392.0,2026-07-06
702971,540,20331,1862.0,311.0,2026-07-16
702972,540,20589,692.0,187.0,2026-03-19
702973,540,21205,5998.0,401.0,2025-10-13
702974,540,21071,5155.0,421.0,2026-06-25
702975,540,21084,1886.0,152.0,2026-01-30
702976,540,20209,99.0,489.0,2026-02-04
702977,540,20681,7101.0,216.0,2025-12-31
702978,540,20897,45.0,378.0,2025-09-16
702979,540,20396,4729.0,49.0,2025-12-28
702980,540,20738,13667.0,,2025-09-20
702981,540,21044,2238.0,263.0,2026-05-27
702982,540,21046,1041.0,,2026-08-27
702983,540,20720,4745.0,,2025-10-19
702984,540,21127,,369.0,2026-06-01
702985,540,20906,3074.0,,2026-04-07
702986,540,20175,13267.0,428.0,2025-11-23
702987,540,20279,206.0,427.0,2026-04-07
702988,540,21498,2732.0,167.0,2025-11-26
702989,540,20938,4928.0,137.0,2025-11-29
702990,540,21105,7718.0,118.0,2026-08-18
702991,540,21014,768.0,274.0,2026-06-01
702992,540,20318,6257.0,322.0,2026-01-11
702993,540,21180,3128.0,454.0,2026-05-29
702994,540,20839,1964.0,302.0,2025-10-31
702995,540,21349,549.0,76.0,2025-11-30
702996,540,20525,7794.0,437.0,2026-01-23
702997,540,21164,665.0,373.0,2025-10-25
702998,540,20656,1441.0,375.0,2026-08-22
702999,540,20944,1332.0,20.0,2026-03-24
703000,540,20378,7975.0,25.0,2026-03-04
703001,518,20427,498.0,451.0,2026-06-01
703002,531,21147,810.0,304.0,2026-05-10
703003,517,20520,1661.0,286.0,2026-07-29
703004,539,20663,19782.0,449.0,2026-03-18
703005,504,20870,,23.0,2026-07-27
