order_detail_id,order_id,product_id,quantity,discount_pct,line_total
800001,5005294,20309,49,15.5,82616.22
800002,5000640,20678,14,1.3,32893.89
800003,5008766,20226,12,1.4,725.66
800004,5005126,20512,17,0.1,22937.07
800005,5003088,20526,23,1.0,23773.25
800006,5009287,21217,26,15.1,32034.45
800007,5005821,21005,45,0.9,66260.14
800008,5008867,20037,14,26.0,17436.92
800009,5009970,20682,18,,24874.59
800010,5002363,20068,42,6.6,73550.93
800011,5001581,20586,37,20.3,22223.5
800012,5006270,20033,41,5.2,32577.99
800013,5004711,20746,8,0.7,8318.96
800014,5004567,21066,35,26.2,5113.31
800015,5008938,20846,10,,23260.58
800016,5009393,21273,22,6.2,7907.92
800017,5000142,21110,40,1.0,24405.08
800018,5006466,20752,10,1.9,6728.58
800019,5001864,20863,11,1.4,
800020,5008598,21273,48,,16444.31
800021,5003255,20153,7,15.8,8758.01
800022,5003500,21392,50,1.1,71134.81
800023,5001460,20675,6,0.4,12397.63
800024,5001909,20757,38,,44138.43
800025,5006152,20139,2,26.2,1104.83
800026,5009807,21447,26,0.4,44983.42
800027,5006394,20338,40,1.5,54218.34
800028,5009941,20751,20,0.5,22798.44
800029,5007141,21222,18,1.7,10866.42
800030,5004587,20107,14,16.3,26440.96
800031,5007546,20281,15,0.7,11708.21
800032,5010400,21439,42,1.1,27163.78
800033,5006653,21342,24,21.0,25537.41
800034,5007859,20534,19,11.0,35772.77
800035,5010257,20701,30,0.0,3579.6
800036,5004268,21162,1,11.2,1860.02
800037,5006322,20274,42,1.9,53369.77
800038,5001027,20178,15,25.8,19536.16
800039,5003101,20050,46,11.2,62458.63
800040,5001713,20572,2,1.0,4004.99
800041,5008904,20276,2,16.1,737.04
800042,5001567,21414,39,26.6,58518.41
800043,5003080,21281,39,16.9,35212.38
800044,5010345,20503,9,11.4,15949.28
800045,5005420,21196,23,5.3,29574.02
800046,5002504,20984,49,6.6,70094.29
800047,5003893,21094,24,11.2,8920.99
800048,5009946,21266,44,6.7,58095.15
800049,5009001,20873,21,15.8,26745.44
800050,5000734,20348,21,7.0,2503.75
800051,5008260,20814,14,6.4,19629.79
800052,5009154,21477,46,5.6,74694.93
800053,5005860,20692,1,0.4,78.99
800054,5002425,21310,50,25.4,83246.51
800055,5007024,21209,35,15.6,41479.77
800056,5006469,21412,48,10.4,65896.43
800057,5006088,21434,2,6.3,3515.59
800058,5001768,20459,20,6.8,33348.26
800059,5001942,20885,40,16.2,69057.23
800060,5005173,20532,10,20.3,10655.73
800061,5000680,20218,27,5.2,50556.96
800062,5004918,20757,33,25.9,28806.37
800063,5005068,21296,49,26.6,1124.3
800064,5004716,20900,29,15.8,56951.08
800065,5008849,20887,-1,1.6,-544.31
800066,5007937,21372,17,25.4,26093.85
800067,5011520,20408,48,0.4,54955.3
800068,5007540,20997,35,10.6,33787.57
800069,5009704,20818,6,5.9,10261.21
800070,5004989,20809,48,21.9,90559.39
800071,5010815,21297,3,11.7,
800072,5005564,20581,24,0.5,55852.45
800073,5009966,20585,-2,0.4,-4498.12
800074,5009990,20835,29,26.4,11561.4
800075,5009409,21102,47,16.3,51093.49
800076,5002823,20396,48,1.1,87547.86
800077,5003959,20135,20,6.9,21942.18
800078,5006407,20708,18,6.9,9791.87
800079,5003360,20786,32,1.6,20618.34
800080,5008805,20650,13,16.3,25893.52
800081,5005714,20665,12,10.1,12294.76
800082,5010416,20406,6,1.0,11867.94
800083,5005166,20564,2,15.4,2783.51
800084,5001613,21332,23,25.5,1162.61
800085,5008650,20416,4,0.7,1315.61
800086,5003583,21072,34,10.3,59683.67
800087,5002101,20967,-3,25.0,-5589.81
800088,5003380,20166,23,11.1,24074.3
800089,5007029,21038,6,10.0,9658.06
800090,5010329,20741,48,0.7,116450.3
800091,5009825,20576,20,1.9,9938.9
800092,5008807,20749,28,0.7,61122.65
800093,5006892,20330,12,21.4,15543.09
800094,5010142,20538,49,26.0,68669.91
800095,5003304,21323,45,0.8,108653.76
800096,5002859,20074,26,0.8,10183.46
800097,5001268,20490,21,16.7,9536.48
800098,5002150,20490,28,5.1,20281.61
800099,5009848,20348,22,1.7,
800100,5005206,20963,1,10.0,1950.85
800101,5008741,20203,25,5.2,28638.13
800102,5008821,20742,40,1.4,20197.22
800103,5009382,21400,2,0.1,4465.89
800104,5005601,21118,30,1.8,56856.33
800105,5002929,20192,36,0.4,75222.3
800106,5011422,21119,33,16.1,18612.86
800107,5008554,20897,-4,26.0,-3642.49
800108,5001800,20789,36,0.8,65544.73
800109,5001840,20187,22,21.0,34762.61
800110,5005397,20676,33,1.8,69841.74
800111,5006866,20564,14,20.7,18263.9
800112,5006521,20140,25,25.2,44379.59
800113,5004090,20002,28,10.1,16931.19
800114,5000223,20903,11,21.6,10663.83
800115,5001945,21058,1,5.1,1311.64
800116,5009271,20520,48,21.0,69021.23
800117,5000747,20125,18,0.3,4703.11
800118,5008630,21321,15,1.6,30011.21
800119,5011671,21003,-4,0.7,-8467.11
800120,5001534,20830,16,6.0,21018.1
800121,5006886,21218,22,25.4,40985.36
800122,5005830,20249,27,5.5,41713.96
800123,5011389,21441,34,26.5,58536.08
800124,5000541,20514,48,1.4,106021.82
800125,5008482,21076,10,6.5,7186.6
800126,5011367,21126,16,26.9,23931.19
800127,5005155,21127,29,20.9,890.49
800128,5008152,20234,10,16.1,14079.26
800129,5004259,20091,32,10.9,29704.09
800130,5008931,21405,13,11.8,7837.58
800131,5001520,20174,38,15.4,71373.7
800132,5003916,20008,5,0.8,
800133,5008377,20707,19,11.5,2797.01
800134,5010835,20401,20,15.4,30675.28
800135,5009366,20629,39,20.4,9762.41
800136,5001268,21320,2,5.9,3380.62
800137,5004698,21320,27,21.9,37878.37
800138,5000753,21204,24,1.6,53715.77
800139,5008326,20294,15,,23442.36
800140,5005194,21181,7,0.3,5375.23
800141,5004366,21440,38,26.6,54108.81
800142,5006609,21487,41,6.2,91020.86
800143,5002111,21105,43,,101227.39
800144,5001496,21209,31,5.1,41309.87
800145,5005357,20821,48,,86705.41
800146,5011860,21164,25,1.1,16957.89
800147,5006810,20885,22,,38072.13
800148,5005629,20988,17,25.8,
800149,5008724,20453,15,0.5,2150.54
800150,5005721,21301,13,5.2,13957.05
800151,5002686,21211,35,16.6,54847.13
800152,5002165,20211,6,5.2,11577.58
800153,5005358,20774,7,1.6,10476.23
800154,5011464,20020,18,0.9,
800155,5010837,21438,21,16.8,32045.05
800156,5011889,21249,2,16.2,277.83
800157,5001104,21280,11,5.2,441.42
800158,5011973,20474,39,20.5,26046.99
800159,5004559,20064,41,6.5,36003.47
800160,5007990,20896,22,16.6,41844.27
800161,5002391,20435,15,26.8,13685.47
800162,5002644,20877,25,,43600.6
800163,5007766,20576,25,5.4,
800164,5009729,21396,39,21.6,53801.53
800165,5010694,21104,24,5.2,37921.9
800166,5002991,20910,21,5.5,1536.0
800167,5008416,20810,4,5.7,6985.63
800168,5009837,21494,4,5.2,4494.28
800169,5002202,20722,1,6.0,2211.84
800170,5008189,20677,36,0.0,8257.68
800171,5010248,20026,37,21.7,19450.84
800172,5007505,21157,47,25.7,54614.0
800173,5003938,20295,23,1.4,1169.05
800174,5004245,20595,34,20.0,27406.99
800175,5006316,20042,13,1.5,
800176,5001440,20879,46,1.7,49535.87
800177,5007303,21335,47,11.0,84034.8
800178,5009742,21013,24,11.3,2228.21
800179,5001583,20652,12,5.0,18822.77
800180,5001054,20643,6,11.7,10202.36
800181,5000108,20672,16,6.2,32494.57
800182,5004611,20614,34,,67809.71
800183,5008894,20243,50,16.5,93052.82
800184,5010410,20027,48,1.9,705.38
800185,5008630,21188,16,1.1,12328.64
800186,5002158,20924,10,6.5,17975.66
800187,5011754,20501,21,25.4,13834.17
800188,5006871,20580,50,21.7,86585.71
800189,5000499,20429,20,,34511.19
800190,5004615,21331,26,27.0,29121.39
800191,5001991,20097,25,1.7,30254.04
800192,5008943,20215,22,1.0,53549.83
800193,5003130,20572,39,0.6,78412.76
800194,5002600,21019,32,20.1,30272.51
800195,5002316,20349,3,20.7,4677.95
800196,5005106,20358,9,16.9,3196.97
800197,5004875,21087,11,26.1,19482.37
800198,5005704,20919,23,20.9,12269.0
800199,5006699,20616,6,25.0,1011.56
800200,5010997,20439,24,0.2,27213.78
800201,5009872,20983,8,20.3,7496.84
800202,5000101,21326,18,2.0,4498.91
800203,5005968,20568,10,1.9,2341.06
800204,5010562,21012,9,20.4,3145.21
800205,5010200,20171,37,25.0,379.06
800206,5001361,20551,46,21.8,68796.81
800207,5004284,20385,49,1.6,
800208,5005513,21129,24,1.1,27998.04
800209,5011031,20756,44,2.0,72286.37
800210,5008872,20715,34,6.7,47589.66
800211,5005200,21147,42,0.1,61641.34
800212,5000008,21058,17,5.2,22274.41
800213,5006006,20624,45,15.1,70748.4
800214,5010033,20945,16,16.2,7349.19
800215,5011953,20447,29,20.4,27507.59
800216,5011096,20501,29,20.4,20384.79
800217,5004589,20960,12,15.0,15769.3
800218,5000342,21392,28,20.8,31900.62
800219,5008978,21195,2,10.6,2059.26
800220,5004354,21406,1,1.7,49.14
800221,5009189,20739,14,10.2,29651.06
800222,5004230,20443,-10,0.3,-18485.28
800223,5009876,20848,43,11.7,52636.05
800224,5005224,20361,43,10.2,19260.28
800225,5011619,21057,7,10.4,1081.98
800226,5004733,21392,20,16.1,24138.37
800227,5006556,21125,14,5.1,7660.04
800228,5008806,20152,9,0.5,8257.76
800229,5010315,21379,43,25.1,43048.52
800230,5007230,21111,50,26.8,74482.46
800231,5006218,20143,14,1.2,27036.72
800232,5009401,20449,37,15.7,53268.93
800233,5001182,20169,3,0.9,995.36
800234,5008191,21327,47,21.7,24405.32
800235,5009247,20487,-9,11.2,-14386.48
800236,5011296,21175,44,10.9,30072.6
800237,5004366,20683,16,0.2,16256.22
800238,5003173,20519,10,11.4,19420.5
800239,5011105,20348,26,11.6,2946.55
800240,5003970,21356,23,0.7,14093.03
800241,5011579,20233,13,1.8,13184.85
800242,5002966,21098,23,0.4,16600.28
800243,5011980,20410,16,16.0,21475.1
800244,5008754,20605,30,0.7,55709.09
800245,5011852,20878,49,1.0,115919.5
800246,5007718,21159,3,15.4,
800247,5003272,20829,25,0.8,51911.11
800248,5002059,21157,15,0.5,23341.66
800249,5004779,20097,41,10.6,45124.37
800250,5009799,21168,23,15.3,11035.01
800251,5008723,20184,3,26.2,4717.86
800252,5009285,21044,34,11.5,24200.18
800253,5003041,20902,26,1.9,61189.91
800254,5010490,20262,12,0.2,17645.92
800255,5007845,21224,29,,60700.56
800256,5007307,20683,10,0.6,10119.42
800257,5010200,21022,38,1.4,17237.53
800258,5009510,20985,7,10.2,7253.98
800259,5008395,21402,26,25.7,14146.38
800260,5011741,21066,33,25.1,4892.98
800261,5007977,20189,4,26.2,6366.61
800262,5010847,20631,32,21.6,18908.57
800263,5005162,21475,45,11.9,10360.43
800264,5009008,21486,40,10.1,34193.29
800265,5005077,21108,14,11.4,24925.84
800266,5002646,20844,35,25.2,9382.65
800267,5002560,20809,43,21.4,81645.49
800268,5011314,21098,47,20.6,27042.49
800269,5000383,20067,23,11.7,17175.52
800270,5007212,20771,23,5.9,8243.17
800271,5006681,20470,47,1.7,104789.87
800272,5007452,20996,13,1.6,8549.66
800273,5008989,20879,43,11.8,41547.55
800274,5009293,20945,22,20.5,9586.62
800275,5004313,20818,1,12.0,1599.34
800276,5010154,21002,50,0.5,79250.26
800277,5004314,21195,38,0.0,43764.98
800278,5001775,20820,19,11.4,5818.34
800279,5011330,21435,40,0.5,44767.44
800280,5004214,20725,42,1.8,99852.55
800281,5000717,20066,43,11.6,80797.17
800282,5004479,20374,41,6.2,83346.18
800283,5010456,21005,43,27.0,46639.89
800284,5007606,20353,9,6.8,4008.12
800285,5006957,20655,30,6.3,62387.62
800286,5001671,21142,22,1.8,23646.44
800287,5005149,20270,26,0.3,17087.78
800288,5001050,20730,10,1.4,12636.87
800289,5000980,21205,42,20.9,22228.84
800290,5004618,20754,24,21.2,21341.06
800291,5009819,20057,16,0.1,20427.39
800292,5009065,20194,49,0.7,78289.6
800293,5005691,20576,36,11.8,16084.61
800294,5008808,20983,45,5.9,49788.83
800295,5006152,20701,1,1.3,117.77
800296,5000014,20325,-1,11.7,-1234.82
800297,5009529,21218,7,21.6,
800298,5001631,20627,26,0.8,908.65
800299,5003193,20449,31,,52836.84
800300,5008189,20581,26,11.1,54060.87
800301,5002386,20697,14,26.0,17416.09
800302,5007612,21161,33,21.8,57922.86
800303,5002481,21492,5,0.1,8916.77
800304,5007237,20398,38,1.9,63939.97
800305,5002032,20862,35,1.0,9567.21
800306,5007278,20454,1,10.8,1910.12
800307,5006762,20474,17,25.6,10625.46
800308,5006675,20116,32,15.7,63073.66
800309,5011268,20621,30,6.1,5628.37
800310,5004869,20843,1,1.6,1358.0
800311,5007279,20260,30,0.2,49375.85
800312,5007671,21466,49,20.2,93792.01
800313,5003902,20877,18,15.1,35583.68
800314,5007660,20700,45,20.7,38629.37
800315,5008731,20954,47,0.5,98044.23
800316,5011585,21019,24,25.8,21084.67
800317,5006987,20526,28,0.6,29058.28
800318,5010978,20857,-7,20.4,-2177.31
800319,5011651,20867,41,20.7,3181.07
800320,5003530,21427,33,1.0,39837.14
800321,5003477,20249,33,20.1,43106.88
800322,5004398,20543,14,25.8,24003.86
800323,5009816,21067,28,26.4,37358.8
800324,5011134,20044,18,16.1,12972.32
800325,5004890,20299,48,0.4,78081.46
800326,5005828,20530,17,10.7,20114.37
800327,5008579,21457,43,6.6,73093.23
800328,5003161,21335,29,0.3,58085.06
800329,5009560,20518,16,16.8,16336.22
800330,5004227,20184,30,20.4,50886.37
800331,5008856,21348,10,21.3,4471.34
800332,5009911,20074,47,,40507.24
800333,5011160,20662,39,0.2,41388.49
800334,5010799,21362,45,1.9,91242.42
800335,5003887,20532,43,5.3,54443.16
800336,5001727,20439,33,21.0,29620.21
800337,5001273,20948,41,15.6,36879.91
800338,5003506,21466,21,21.6,39491.37
800339,5008396,21390,5,1.5,2463.14
800340,5003390,20751,49,0.5,55856.17
800341,5007183,20596,49,0.7,27382.21
800342,5006941,20275,40,,72248.7
800343,5008334,20591,11,1.6,21453.38
800344,5010370,20505,45,0.6,106473.5
800345,5001362,21434,13,16.9,20266.21
800346,5007628,20815,22,1.5,26839.81
800347,5008444,20959,34,6.7,12666.91
800348,5004622,20237,4,0.9,6110.98
800349,5006928,20361,39,16.8,16184.74
800350,5000817,21289,18,26.4,32569.68
800351,5003495,21067,3,1.8,5340.6
800352,5004712,20326,47,1.3,100637.22
800353,5009940,20552,12,0.9,19828.25
800354,5004956,21302,9,1.3,4342.1
800355,5006946,20212,49,10.1,56309.51
800356,5011659,20444,23,21.5,35329.12
800357,5001495,20883,8,0.9,19612.76
800358,5001763,20007,24,20.6,44500.33
800359,5001441,20372,45,10.8,16503.16
800360,5006434,21070,8,,3649.78
800361,5008203,20006,1,10.2,222.99
800362,5011704,20574,49,11.4,29035.28
800363,5001571,21312,42,11.4,61464.18
800364,5007833,20033,13,15.3,9229.09
800365,5005682,20134,13,1.3,3134.23
800366,5003237,21119,4,0.4,2678.28
800367,5001427,21213,1,,1802.59
800368,5003614,20553,26,20.2,25403.23
800369,5000372,20392,47,15.8,40981.65
800370,5003855,20284,40,0.5,95323.79
800371,5001645,20104,24,25.5,11655.97
800372,5006929,20953,37,1.5,84525.07
800373,5000067,20578,29,25.8,48450.79
800374,5003748,20432,1,6.2,169.98
800375,5007192,20186,24,1.6,22029.24
800376,5001107,20074,41,,46747.59
800377,5005773,21313,49,,95219.05
800378,5009673,20927,8,1.8,2814.57
800379,5005017,21400,49,,96600.01
800380,5009497,20281,28,,21855.33
800381,5008099,20673,29,0.8,6176.78
800382,5002682,20199,37,16.1,40539.67
800383,5001804,20300,15,16.1,30378.68
800384,5000931,20103,20,26.4,
800385,5004844,20404,47,26.5,23497.51
800386,5007950,21413,42,,479.4
800387,5011494,20241,35,0.4,63414.17
800388,5008759,20911,8,10.8,13658.38
800389,5009999,20967,44,1.5,
800390,5001383,20136,19,1.7,20835.13
800391,5010541,20770,1,6.0,727.09
800392,5011181,20759,27,1.5,11874.4
800393,5010104,21022,16,1.0,7287.35
800394,5005867,20360,18,26.2,7697.55
800395,5011718,21432,3,,4734.13
800396,5000248,20395,20,26.3,29779.66
800397,5007148,20896,27,0.7,61144.9
800398,5003388,21353,3,6.7,217.73
800399,5005652,20738,9,15.7,8141.76
800400,5004064,21221,26,0.8,60430.14
800401,5009010,20020,7,0.7,9526.55
800402,5003839,21452,15,5.1,20708.94
800403,5008064,20671,8,1.8,
800404,5002021,20118,33,1.9,25057.03
800405,5000604,20674,48,0.6,106987.96
800406,5002158,20205,3,1.2,2951.79
800407,5000836,20810,12,15.0,18890.09
800408,5010814,20730,50,1.2,63312.52
800409,5002833,20281,15,1.2,11649.26
800410,5006637,21012,26,27.0,8332.79
800411,5011204,21399,5,,4963.92
800412,5002050,21011,13,25.6,22262.82
800413,5002941,20134,1,1.3,241.09
800414,5004020,20469,48,6.0,16878.94
800415,5008068,20163,31,0.5,39150.63
800416,5008551,21227,8,1.4,14950.44
800417,5011237,20337,14,,17142.59
800418,5007184,20263,5,,5978.64
800419,5011942,20515,33,25.6,44921.32
800420,5008429,20234,15,26.7,18450.71
800421,5005977,20263,22,11.4,29170.36
800422,5000003,20144,3,1.8,4146.73
800423,5005875,20211,50,0.4,
800424,5002057,20550,39,10.7,29529.81
800425,5008629,21480,47,1.1,3703.77
800426,5003726,20587,44,11.7,76682.58
800427,5004920,20488,20,,5391.65
800428,5010986,20323,31,15.8,23232.87
800429,5009338,20669,8,,6186.5
800430,5007096,20203,1,0.4,1203.53
800431,5004667,20838,-3,,-6132.03
800432,5003942,20902,49,,104504.58
800433,5001331,20363,27,0.2,42176.69
800434,5011422,21430,37,26.7,25091.81
800435,5000478,20411,10,10.4,6120.49
800436,5010674,21269,37,0.9,74974.85
800437,5001697,21470,1,11.0,1636.28
800438,5011910,20117,26,11.9,54264.31
800439,5001518,20421,34,1.2,32274.19
800440,5002072,20368,1,10.7,412.54
800441,5004918,20291,18,10.2,17484.28
800442,5006516,21337,21,20.7,40842.65
800443,5000531,21153,28,0.2,39000.04
800444,5000388,21063,26,0.1,16285.7
800445,5000380,20246,31,1.7,71552.43
800446,5011885,20461,1,6.5,10.52
800447,5011517,20545,15,1.9,17155.04
800448,5007616,20194,7,26.4,8289.62
800449,5005002,20210,34,26.9,61112.51
800450,5006201,21307,22,,3526.54
800451,5005163,21412,19,26.5,21397.03
800452,5009592,21277,22,0.8,23951.62
800453,5001510,20458,26,20.1,9301.56
800454,5010058,20563,43,0.6,63349.63
800455,5001645,20288,10,6.3,8482.47
800456,5001452,20362,30,1.7,2789.16
800457,5011659,21248,46,6.3,105303.36
800458,5008199,20808,38,25.8,65685.12
800459,5001319,20272,34,5.1,2773.59
800460,5007634,20247,34,20.3,35110.34
800461,5011479,21402,11,21.1,6355.54
800462,5003197,20170,32,21.4,30810.19
800463,5009715,21302,13,5.6,5998.68
800464,5005585,21279,-4,25.7,-3087.88
800465,5010272,20674,37,0.2,82801.75
800466,5001868,20367,28,20.2,55619.13
800467,5002050,20435,27,26.1,24869.42
800468,5000966,20312,28,0.6,44335.26
800469,5004959,20865,12,0.1,29797.97
800470,5001244,21267,32,0.2,26689.23
800471,5008059,20005,39,20.5,24971.12
800472,5009170,21248,16,6.8,36431.81
800473,5006076,20908,2,10.4,946.93
800474,5005014,20237,1,0.9,1527.75
800475,5007215,20063,14,0.5,8715.86
800476,5009902,20893,9,0.5,
800477,5010373,20802,31,11.9,27354.97
800478,5011774,20554,36,20.6,48475.89
800479,5005486,20273,6,25.6,7313.1
800480,5003179,20855,18,16.8,12321.05
800481,5004668,20917,9,1.0,
800482,5010828,20713,27,21.6,27416.16
800483,5010459,21298,45,11.2,99569.13
800484,5010020,20398,16,26.2,20253.32
800485,5010646,20828,20,1.6,40000.39
800486,5009661,21045,38,25.0,31204.94
800487,5007506,21056,1,5.6,1130.88
800488,5007766,20426,5,1.5,6545.72
800489,5005420,21258,40,10.2,14465.7
800490,5011879,20907,16,1.2,33547.42
800491,5010706,20195,48,10.9,47847.98
800492,5005521,21407,39,15.7,27630.49
800493,5004577,21046,48,,69124.45
800494,5000314,21391,7,5.2,408.38
800495,5004697,20413,17,5.2,12567.58
800496,5002541,21310,6,0.7,13297.12
800497,5006962,21062,33,6.1,27128.19
800498,5009763,20064,49,0.7,45697.68
800499,5003229,20880,27,1.8,10650.41
800500,5011187,21424,19,1.3,17169.12
800501,5011345,20825,43,25.1,69647.96
800502,5005023,21376,17,1.5,14678.5
800503,5007890,20930,42,1.5,50540.49
800504,5001470,20474,25,,20708.22
800505,5010761,20486,24,21.6,22805.93
800506,5008103,21171,11,16.7,4766.59
800507,5009046,20453,27,5.5,3676.46
800508,5002778,21081,29,0.1,4458.93
800509,5000402,20958,1,6.6,234.2
800510,5006624,21415,43,1.6,19630.65
800511,5003436,20681,3,6.9,428.61
800512,5010431,21180,49,11.2,87203.27
800513,5002127,20593,11,16.1,21876.24
800514,5007160,20274,21,10.1,24454.35
800515,5008881,20103,19,0.7,39434.67
800516,5000287,21133,25,0.4,8840.5
800517,5003661,21114,7,,14487.94
800518,5008339,20081,11,25.7,10359.36
800519,5001346,21151,14,15.2,9269.42
800520,5000548,20481,30,26.0,38045.03
800521,5000504,20919,8,,5324.9
800522,5009382,21011,26,10.1,53801.81
800523,5005214,21118,8,11.5,13664.05
800524,5001508,20044,24,1.6,20285.67
800525,5005693,20493,46,,42639.08
800526,5002450,20980,11,25.4,10238.05
800527,5007697,21466,50,6.8,111777.09
800528,5007713,21272,31,10.9,59087.67
800529,5002194,21154,1,1.6,527.44
800530,5009824,21438,10,6.2,17203.67
800531,5011915,20497,44,1.6,62299.48
800532,5006323,21330,5,11.5,1620.08
800533,5011301,21119,7,20.6,3736.42
800534,5005891,20557,23,7.0,20541.03
800535,5002745,20421,18,1.6,17017.16
800536,5005220,20951,39,26.6,7186.84
800537,5003982,20464,39,1.1,7829.14
800538,5007728,21289,42,5.2,97886.04
800539,5009756,20565,4,11.8,3336.04
800540,5003938,20586,45,0.9,33607.68
800541,5007276,21431,8,16.8,15146.06
800542,5008787,20472,14,16.9,14471.07
800543,5000881,20054,-7,0.2,-15118.19
800544,5005337,20596,-1,5.7,
800545,5007964,21074,40,16.9,11016.4
800546,5001939,20147,4,1.1,3346.74
800547,5002175,20276,20,,6992.7
800548,5000909,21434,43,20.1,64453.04
800549,5003333,20864,45,0.6,9320.39
800550,5004465,21258,43,0.4,17247.69
800551,5007894,20351,30,22.0,23154.53
800552,5007700,20789,31,10.3,51036.13
800553,5008150,21068,8,12.0,8787.82
800554,5008922,21033,50,10.3,22536.23
800555,5010785,20069,14,0.5,34675.11
800556,5008196,21136,47,0.5,53990.66
800557,5010276,21490,15,5.9,15074.54
800558,5007431,21436,28,26.8,12665.91
800559,5001965,20709,4,26.6,2496.66
800560,5000734,20542,42,15.3,67895.82
800561,5002880,21302,17,11.0,7395.7
800562,5005064,21442,48,20.7,90986.28
800563,5002868,20244,5,1.9,6162.69
800564,5010701,20687,29,5.3,11128.56
800565,5007105,21143,38,1.3,65795.28
800566,5005214,20790,24,0.8,55357.89
800567,5007310,20500,17,25.3,17143.78
800568,5006763,20220,23,6.0,17922.98
800569,5008779,20127,31,20.7,44288.49
800570,5006060,21295,49,,41022.03
800571,5006308,20321,17,20.7,5662.96
800572,5008262,21179,21,1.7,38811.32
800573,5009927,21138,21,,44936.55
800574,5008488,21144,28,0.3,4712.22
800575,5000216,21482,10,1.1,7524.91
800576,5004205,21426,24,25.4,
800577,5000036,20585,35,1.2,78084.75
800578,5009253,21299,46,16.0,73750.24
800579,5005159,20524,27,20.3,
800580,5004969,20027,1,21.8,11.71
800581,5001036,21086,41,1.6,38259.83
800582,5007365,21114,23,6.9,46848.43
800583,5007554,21259,29,21.9,14180.99
800584,5001965,21218,44,1.9,107792.59
800585,5003062,20367,40,20.2,79455.9
800586,5001746,20313,44,0.8,105818.03
800587,5008649,20235,6,0.5,1102.78
800588,5004838,21037,35,6.7,17259.15
800589,5010444,20444,15,0.7,29145.79
800590,5004650,20837,37,,16827.23
800591,5004428,20592,17,1.9,33340.99
800592,5010636,20990,18,26.8,25456.82
800593,5001831,20033,5,,4153.13
800594,5007497,20595,28,0.1,21217.88
800595,5011366,20516,35,0.7,31097.73
800596,5000592,21471,14,26.5,20949.82
800597,5005857,20330,39,15.2,54499.68
800598,5003039,20292,31,10.4,29302.57
800599,5006115,21094,46,6.5,18003.56
800600,5005461,20548,26,20.2,
800601,5009320,20022,44,1.0,82307.06
800602,5007895,21263,4,1.3,8934.13
800603,5005147,20159,25,,42106.84
800604,5000832,20164,34,11.6,54507.16
800605,5000122,21260,20,0.9,
800606,5008058,20841,43,16.5,15833.39
800607,5003330,21468,26,11.4,54836.28
800608,5009429,20682,8,11.0,9868.89
800609,5008984,21462,13,0.5,4608.87
800610,5007486,20436,27,1.3,37874.62
800611,5011190,20694,45,21.9,66653.9
800612,5007522,21367,39,1.8,14994.05
800613,5003548,20705,10,16.1,16275.09
800614,5010315,20619,2,,
800615,5001173,20647,29,25.1,46087.4
800616,5008485,21438,49,0.9,89061.09
800617,5008766,20102,49,26.6,27771.15
800618,5009906,20288,31,0.3,27979.49
800619,5010260,21490,46,5.4,
800620,5007257,20900,32,16.0,62693.3
800621,5002301,20130,14,0.6,5621.23
800622,5006231,21124,28,25.8,39231.11
800623,5009470,20373,23,10.1,38385.4
800624,5003353,21050,4,12.0,4392.19
800625,5004346,20291,21,6.0,21352.36
800626,5009473,20520,10,1.6,
800627,5009360,20790,19,6.1,41483.54
800628,5005737,20651,5,1.9,11571.97
800629,5010277,21164,24,21.9,12855.76
800630,5007988,20388,17,0.1,7875.53
800631,5008224,21425,39,1.6,9169.18
800632,5004625,20322,12,,10007.83
800633,5001559,20817,28,26.2,
800634,5010086,20863,1,21.1,104.15
800635,5007506,20836,7,1.3,11227.95
800636,5000179,21301,19,6.2,20183.59
800637,5003927,20343,19,,12798.5
800638,5010475,21350,24,,31645.46
800639,5006881,21042,45,0.3,110070.0
800640,5006193,20132,29,16.2,42372.97
800641,5008457,21004,21,20.1,40364.9
800642,5003440,21019,35,0.3,41315.68
800643,5006629,21402,13,1.1,9415.05
800644,5009359,21253,13,10.6,6663.47
800645,5007543,20336,38,0.0,72814.84
800646,5002847,20108,13,20.2,24439.28
800647,5005366,20415,19,15.9,12503.25
800648,5005161,20682,33,1.4,45100.27
800649,5003868,20841,1,25.3,
800650,5005138,21378,25,0.3,17969.43
800651,5000623,21464,48,5.7,2641.15
800652,5003088,20263,48,0.0,71833.44
800653,5001453,21054,6,0.4,8178.87
800654,5008709,21222,12,0.4,7340.08
800655,5003315,21291,14,10.5,15449.74
800656,5002157,20845,38,5.8,63271.22
800657,5000848,21040,41,1.7,70329.94
800658,5010996,20571,5,21.8,8434.07
800659,5001414,20731,25,1.0,23689.71
800660,5005236,21284,32,5.3,65642.4
800661,5009439,20745,36,11.9,41144.85
800662,5003404,21354,45,0.3,
800663,5008446,21294,1,,1047.76
800664,5000747,21411,37,20.0,64399.54
800665,5001095,21079,1,0.9,2153.34
800666,5008578,20690,46,0.5,104594.52
800667,5008801,20701,11,7.0,1220.64
800668,5006239,20731,43,2.0,40334.72
800669,5004778,21041,20,26.1,31486.87
800670,5000805,21020,15,0.1,34475.09
800671,5001400,20381,8,,4933.46
800672,5004998,20059,31,1.7,20066.78
800673,5009165,20860,20,0.7,7992.86
800674,5005158,21358,1,11.8,202.15
800675,5011487,20446,50,25.8,19615.51
800676,5004935,20477,20,26.3,25564.61
800677,5009864,20490,6,0.7,11997.74
800678,5003633,21276,34,26.0,48248.33
800679,5006649,20155,24,26.5,29897.68
800680,5002029,20185,20,5.9,492.33
800681,5011864,20566,27,26.9,24529.93
800682,5001586,20801,44,1.0,1896.6
800683,5008178,20428,45,5.5,947.46
800684,5006214,20152,10,15.1,7828.97
800685,5003457,21328,3,1.6,123.36
800686,5003708,21081,14,20.8,1706.55
800687,5001738,20763,25,16.4,2339.55
800688,5001086,20368,25,5.5,10914.04
800689,5007779,20852,29,0.5,30527.44
800690,5006014,20830,19,16.3,5637.77
800691,5010643,21258,32,0.1,12874.15
800692,5010638,21281,24,16.4,21799.54
800693,5006527,21095,7,1.4,14390.53
800694,5007887,21378,39,15.1,23871.04
800695,5002159,21095,15,15.3,26489.67
800696,5011149,20516,3,1.9,2633.31
800697,5004843,21176,48,20.9,44991.32
800698,5011334,21323,21,,48251.62
800699,5011659,20877,3,25.9,5176.19
800700,5003900,20984,26,16.4,33290.42
800701,5008104,20397,41,16.7,54721.99
800702,5002522,20522,48,10.3,106202.79
800703,5005535,21096,40,0.3,35381.93
800704,5009361,21222,45,11.5,24457.73
800705,5001465,20698,6,10.0,
800706,5001752,20717,-8,6.3,-4490.63
800707,5002220,20228,45,6.3,56417.61
800708,5004843,20694,33,15.3,53010.19
800709,5010984,20381,12,1.9,7377.63
800710,5000292,20713,20,2.0,25385.33
800711,5006484,20377,42,26.6,29894.53
800712,5002276,21464,2,1.5,114.95
800713,5005774,20778,50,1.1,9982.97
800714,5009665,21295,13,26.7,23534.34
800715,5006093,20987,7,0.9,4513.91
800716,5000467,21089,27,1.8,21822.35
800717,5010183,20247,23,,29234.43
800718,5002016,20444,34,5.9,62604.26
800719,5010635,20527,25,1.0,37076.24
800720,5011431,20239,48,6.4,76359.18
800721,5010539,20329,3,10.0,4613.46
800722,5008354,20631,26,0.7,19458.77
800723,5000358,20937,28,20.4,3518.83
800724,5001889,20992,1,,1731.46
800725,5000664,20135,20,26.5,17322.77
800726,5001999,20539,14,5.3,30115.68
800727,5011520,21409,42,20.8,74503.38
800728,5001943,21499,17,26.4,27541.41
800729,5009436,21269,33,0.6,67071.89
800730,5003824,21429,47,5.8,69815.23
800731,5005767,21161,15,0.9,33365.24
800732,5011654,20364,8,16.7,2538.78
800733,5011625,20774,18,1.0,27103.15
800734,5008323,21161,36,1.3,79753.35
800735,5004289,21154,34,25.1,
800736,5000221,21220,42,6.8,50077.7
800737,5000820,20449,48,26.9,59924.34
800738,5010481,20823,37,25.8,40749.7
800739,5000627,21488,8,21.6,7878.76
800740,5009766,21233,47,25.1,51358.01
800741,5007126,20023,46,6.1,10626.59
800742,5003148,20988,28,10.0,44030.95
800743,5007028,20115,20,6.6,
800744,5000556,21174,16,0.5,34603.39
800745,5010455,20457,29,0.2,72062.69
800746,5002549,20380,25,11.4,22836.65
800747,5011790,20620,39,10.6,58984.56
800748,5005989,20535,3,1.7,6808.3
800749,5000675,21434,3,11.5,4980.73
800750,5010770,21289,45,1.3,109192.5
800751,5004037,20624,43,26.3,58685.71
800752,5006495,20297,35,16.8,44697.16
800753,5009664,20650,11,15.3,22171.66
800754,5003450,21482,4,0.0,3043.44
800755,5011156,21249,18,10.7,2664.59
800756,5001983,20571,20,6.2,40466.26
800757,5005356,20689,27,1.0,65465.51
800758,5005922,20610,39,0.2,80053.99
800759,5004080,21304,37,10.2,13242.55
800760,5003738,20571,44,0.1,94815.29
800761,5011288,20786,33,6.0,20311.9
800762,5004899,20146,47,1.7,4568.35
800763,5002602,20274,13,6.9,15677.26
800764,5004497,20279,29,1.8,27279.65
800765,5006772,20109,48,0.9,81278.01
800766,5003352,20671,13,1.1,12462.42
800767,5001126,20428,1,5.8,20.99
800768,5006442,21322,38,1.8,27319.42
800769,5009290,20970,38,16.0,38462.64
800770,5000905,20985,39,5.2,51040.96
800771,5000924,20342,24,1.2,30331.44
800772,5000920,20879,5,26.7,4014.97
800773,5006118,20784,45,25.0,43031.25
800774,5002553,20064,-3,5.3,-2668.21
800775,5008247,20409,48,15.7,47272.47
800776,5005313,20510,29,1.3,60069.66
800777,5001573,20980,49,22.0,47684.42
800778,5011416,20077,14,0.6,
800779,5005982,20399,40,6.1,78308.84
800780,5009504,20451,41,15.5,45067.6
800781,5002745,21213,31,11.9,52372.94
800782,5006451,20034,44,,99527.84
800783,5000238,20654,28,,42621.59
800784,5001773,21473,24,25.4,22682.04
800785,5004246,20730,50,,62992.11
800786,5011035,20954,25,26.6,38471.33
800787,5001033,20743,34,16.5,6669.38
800788,5006530,20135,43,1.4,49962.65
800789,5004374,21227,3,15.4,4810.37
800790,5006493,21073,49,26.9,41543.95
800791,5006637,20768,1,0.4,438.22
800792,5006156,20219,8,22.0,
800793,5007557,20214,20,20.1,30174.39
800794,5007577,20515,7,25.7,9515.96
800795,5001030,20831,8,15.0,11099.64
800796,5005018,21044,25,11.4,17814.36
800797,5000066,20002,24,6.9,15029.02
800798,5006391,20118,23,21.4,13992.55
800799,5008598,21249,30,26.3,3665.17
800800,5005810,21087,16,2.0,37579.47
800801,5009500,20103,32,1.8,65680.56
800802,5002369,20581,3,16.7,5844.86
800803,5003216,21095,-1,21.9,-1628.37
800804,5011668,20518,39,6.8,44605.54
800805,5001250,20412,10,16.7,7306.16
800806,5001447,20458,46,20.9,16291.83
800807,5010189,21468,2,25.3,3556.41
800808,5004338,20369,45,10.5,44650.07
800809,5010037,21045,27,0.3,29473.88
800810,5002149,20183,32,1.6,50744.49
800811,5003282,21225,18,5.2,30501.56
800812,5011875,20418,34,5.8,
800813,5001484,20668,41,1.9,18609.45
800814,5007309,20447,33,10.5,35194.79
800815,5011649,20805,10,20.4,19006.25
800816,5011533,20188,32,1.5,32819.88
800817,5002312,20994,32,1.0,68742.75
800818,5002669,20287,50,26.1,64522.46
800819,5007513,20511,19,0.2,17548.19
800820,5000919,21010,15,1.4,18422.13
800821,5001288,21351,8,,12620.82
800822,5004151,21268,29,1.1,60690.72
800823,5006044,20965,13,11.5,14005.27
800824,5007587,20950,45,10.1,100669.03
800825,5008774,20537,6,16.5,1578.7
800826,5006092,20686,4,11.3,5305.93
800827,5010235,20839,48,16.2,12602.18
800828,5000052,21236,2,5.0,3177.79
800829,5002229,20922,23,0.2,20400.37
800830,5002193,21474,18,0.1,6303.05
800831,5006076,20652,30,,46660.65
800832,5009049,21462,36,11.0,11416.17
800833,5008268,21397,48,26.8,10465.61
800834,5001476,20599,16,11.8,20576.57
800835,5000779,20658,38,,63810.19
800836,5005104,21018,30,5.9,50350.18
800837,5000069,20590,23,6.8,10756.37
800838,5010200,20816,22,6.5,47476.59
800839,5003042,20202,13,25.8,15885.23
800840,5009384,20264,48,6.9,892.42
800841,5011896,21203,23,11.7,38633.4
800842,5002408,20870,3,25.5,1790.15
800843,5008666,20681,10,15.2,1301.34
800844,5006233,21362,13,6.8,
800845,5008614,21122,13,20.0,13494.94
800846,5006137,20117,42,5.7,93826.61
800847,5010881,21157,27,26.4,31078.42
800848,5004981,21126,33,27.0,49290.55
800849,5002540,20151,41,26.2,66210.56
800850,5005127,20749,35,10.6,68786.06
800851,5011810,20117,14,10.5,29683.57
800852,5007895,20172,28,0.3,47248.39
800853,5011935,20391,24,0.8,45154.01
800854,5011066,20952,5,0.2,9693.82
800855,5011330,20655,8,11.3,15748.93
800856,5006249,20569,14,20.3,
800857,5010810,20744,31,1.7,15209.07
800858,5009933,20655,35,26.1,57405.04
800859,5005434,20194,27,0.2,43356.38
800860,5004805,21012,38,0.7,
800861,5008064,20512,21,0.6,28192.22
800862,5010344,20754,37,21.7,32692.04
800863,5006112,21141,12,20.8,14370.9
800864,5004245,21482,28,0.5,21197.56
800865,5008494,20586,17,5.7,12081.28
800866,5009510,20694,33,1.3,61772.2
800867,5000480,20850,37,16.7,54154.65
800868,5003968,20499,46,11.1,17986.0
800869,5010081,20257,3,,1590.65
800870,5005074,20839,37,16.5,9679.4
800871,5002800,21044,11,1.3,8731.85
800872,5009786,20169,35,0.1,6325.17
800873,5004902,20252,40,1.6,65079.79
800874,5006213,21108,3,6.9,5612.53
800875,5007007,20387,5,5.8,5583.05
800876,5003801,21064,49,1.6,85988.9
800877,5011518,20166,1,25.7,874.81
800878,5005441,21471,31,25.5,47020.03
800879,5006058,20908,22,16.0,9765.2
800880,5010693,21055,12,6.3,25422.68
800881,5000370,21170,10,1.5,23386.46
800882,5008483,21110,39,21.4,18891.75
800883,5011942,20856,22,15.1,20137.69
800884,5008805,20351,3,1.1,2935.88
800885,5000793,20637,43,10.3,45288.53
800886,5004001,20202,19,26.2,23091.71
800887,5010555,20443,6,0.2,
800888,5002627,21043,1,27.0,114.38
800889,5000557,20610,29,26.5,43840.27
800890,5006655,20908,24,1.0,12555.26
800891,5007731,20592,24,1.4,47309.54
800892,5010667,20490,10,15.3,7348.32
800893,5001201,20698,13,,26055.04
800894,5011825,20152,26,10.2,21530.12
800895,5004556,20430,25,1.8,43699.25
800896,5002672,21233,37,1.2,53331.91
800897,5010483,21289,41,0.0,100796.86
800898,5010342,21217,5,15.6,6124.19
800899,5007919,20170,19,21.0,18386.65
800900,5007101,20332,17,0.1,15575.96
800901,5009874,20344,23,1.4,41035.84
800902,5005152,20883,5,25.3,9239.87
800903,5011654,20437,28,11.2,61140.08
800904,5002827,20698,20,1.9,41966.98
800905,5007795,20445,21,6.9,29124.54
800906,5000055,20317,24,,58067.86
800907,5011199,21084,45,1.9,99047.7
800908,5005239,20023,30,1.3,7284.65
800909,5007667,20910,44,10.8,3037.8
800910,5009912,20234,31,25.2,38911.78
800911,5011919,21135,14,15.2,7975.97
800912,5007881,20570,9,,5570.6
800913,5003024,21132,11,10.0,3575.29
800914,5006163,21207,19,,21377.74
800915,5005838,20350,20,1.0,4247.69
800916,5001844,21470,29,16.8,44359.81
800917,5008032,20918,37,0.5,9864.58
800918,5010708,20668,9,10.3,16139.38
800919,5007751,21253,21,1.9,11811.58
800920,5005957,20140,15,26.2,26271.77
800921,5004841,20639,34,5.4,50026.6
800922,5008003,20533,10,15.8,7174.68
800923,5003650,20786,32,0.2,20911.69
800924,5000504,20528,32,5.1,20652.67
800925,5006565,20916,23,25.1,20579.2
800926,5006479,20722,16,1.9,36933.0
800927,5008344,20157,30,1.9,31215.52
800928,5011732,21143,15,,19577.54
800929,5003634,20510,8,7.0,15613.96
800930,5001818,21156,33,0.7,75502.07
800931,6000005,20196,12,26.0,12198.01
800932,5005680,21169,37,25.0,6461.59
800933,5005501,20969,2,16.1,3769.85
800934,5002183,20750,34,5.5,56272.16
800935,5000089,20875,40,1.2,71686.51
800936,5008693,21350,-6,1.3,
800937,5010816,20584,28,15.6,49721.73
800938,5008092,20283,22,1.5,8487.71
800939,5007813,20714,23,1.1,11148.99
800940,5005684,21072,25,10.3,43885.05
800941,5006354,20690,40,16.4,76417.76
800942,5001208,20011,28,1.5,2385.39
800943,5007228,20380,14,16.2,
800944,5006247,20284,28,1.1,66324.28
800945,5010267,20829,27,1.0,55950.97
800946,5007174,20848,3,1.3,4104.8
800947,5008141,20894,41,20.3,62075.19
800948,5002786,20778,22,25.9,3291.05
800949,5010570,20749,8,1.7,17287.75
800950,5005543,20939,4,0.4,5230.59
800951,5010155,20193,6,16.6,10877.7
800952,5005214,20939,37,20.0,38861.84
800953,5004989,21470,28,16.9,
800954,5003732,20453,44,15.0,5388.97
800955,5010243,20948,27,,28257.83
800956,5005345,20740,26,16.1,41611.95
800957,5000227,20058,18,16.0,20665.86
800958,5009575,21210,5,25.8,6258.4
800959,5009966,20137,42,,7633.08
800960,5000127,20593,49,11.0,103372.27
800961,5007618,20863,9,5.9,1117.91
800962,5002842,20796,29,,45097.05
800963,5000024,20864,4,5.7,785.97
800964,5001302,20739,14,0.1,32985.98
800965,5005348,21106,3,1.6,2084.2
800966,5000525,21144,12,1.8,1989.14
800967,5007689,20607,23,1.0,3072.81
800968,5010686,20428,8,21.3,140.27
800969,5007651,21497,3,5.1,4145.63
800970,5008624,20888,17,16.4,25937.89
800971,5009411,20332,8,20.4,5840.41
800972,5011370,21347,44,1.9,33640.73
800973,5007453,20529,11,5.3,9320.61
800974,5008595,20079,19,15.6,37443.1
800975,5003124,20555,48,1.5,78171.81
800976,5010813,20606,25,25.1,14678.53
800977,5008864,20894,33,1.2,61936.51
800978,5007884,21285,25,,41097.77
800979,5006796,20658,14,,23067.12
800980,5010411,20418,28,5.2,30108.86
800981,5005070,21284,11,15.1,20229.49
800982,5002175,20194,39,6.4,58735.3
800983,5007909,21311,13,1.9,24255.44
800984,5009422,21386,3,1.6,3111.44
800985,5004403,20366,32,21.1,41201.71
800986,5007561,21204,40,0.1,90891.02
800987,5008535,20366,39,26.2,46968.77
800988,5000193,21402,1,25.6,544.82
800989,5004419,21268,1,21.1,1669.57
800990,5011471,20724,10,16.5,17838.77
800991,5004824,21458,15,25.6,12787.13
800992,5006942,21132,16,0.3,5760.91
800993,5004352,21400,34,26.9,55553.16
800994,5004555,20660,30,5.5,
800995,5008972,20933,18,11.6,11585.05
800996,5003946,20228,4,21.0,4228.14
800997,5010046,21093,50,10.4,110125.12
800998,5002180,20034,17,21.7,32099.61
800999,5004947,20452,46,16.3,50595.86
801000,5009274,20662,15,0.1,15934.6
801001,5000518,21049,11,2.0,11839.89
801002,5000182,20140,4,,9312.59
801003,5007898,21243,25,11.5,48771.02
801004,5011369,20782,22,6.7,20784.22
801005,5010872,20570,44,0.6,27538.81
801006,5005403,21449,45,15.9,4083.48
801007,5008301,20295,33,1.6,1673.93
801008,5005369,21133,13,6.5,4315.51
801009,5001191,20255,5,0.1,7965.93
801010,5011349,20752,33,,17949.06
801011,5000802,21052,5,6.2,10926.11
801012,5001030,20214,8,1.9,14819.06
801013,5005403,20920,34,10.8,71540.42
801014,5002953,20028,17,16.9,19683.86
801015,5007699,20761,25,0.9,47524.64
801016,5000937,20632,4,1.1,4667.21
801017,5006759,20188,20,10.2,18700.67
801018,5011990,20196,43,25.4,44063.94
801019,5010849,20779,22,21.9,29107.0
801020,5011060,20639,10,1.2,15366.96
801021,5005332,20564,1,20.2,1312.79
801022,5001561,21125,3,20.9,1368.15
801023,5007465,20181,47,0.0,64448.75
801024,5010651,20243,40,25.9,66061.93
801025,5000420,20654,34,5.8,48899.71
801026,5008427,21243,36,5.6,74912.29
801027,5004029,21021,8,6.5,4686.59
801028,5009334,21133,32,6.5,10622.8
801029,5011498,21423,36,,31718.73
801030,5007882,20560,30,20.4,15759.61
801031,5003530,21270,36,1.3,57572.5
801032,5002088,20498,33,,61926.07
801033,5011994,20400,27,6.2,56731.0
801034,5011325,20692,25,6.5,1853.87
801035,5002250,20295,9,10.5,415.24
801036,5008167,21342,11,20.3,11808.36
801037,5010889,20158,18,0.1,4631.8
801038,5008696,20330,39,0.2,64139.95
801039,5007889,21484,39,21.1,52990.74
801040,5007060,20429,37,,58183.54
801041,5005397,20563,28,1.7,40794.42
801042,5005864,20648,45,0.6,32130.45
801043,5008242,20468,40,0.1,
801044,5005824,20645,15,10.0,1442.34
801045,5007641,21275,32,15.0,28882.59
801046,5009122,20814,20,1.8,29420.72
801047,5008093,21245,-7,16.4,-10536.58
801048,5010126,20448,39,1.3,25329.93
801049,5010955,21258,14,,5581.7
801050,5002318,20216,46,,51047.44
801051,5006461,20103,37,1.7,76020.48
801052,5001150,21155,38,1.3,41493.64
801053,5011919,20750,22,2.0,37759.97
801054,5005952,20656,23,26.8,21922.66
801055,5002980,21296,35,1.0,1083.16
801056,5002330,20797,5,15.3,5014.79
801057,5001182,20739,10,10.1,21202.92
801058,5006721,20593,29,0.6,68328.57
801059,5003752,21406,18,0.7,893.52
801060,5005690,21313,49,1.2,105941.92
801061,5001081,21095,37,6.5,72129.88
801062,5003965,20990,41,,78184.67
801063,5004138,21262,4,1.1,5255.59
801064,5005760,20446,15,20.5,6304.99
801065,5008078,21120,25,5.3,12242.11
801066,5008281,20848,22,0.9,30223.89
801067,5010021,21271,24,20.6,27396.81
801068,5001615,20905,8,25.7,10627.1
801069,5002197,21099,11,0.6,24483.52
801070,5010626,20944,43,15.8,47165.19
801071,5007197,21085,28,20.5,33605.03
801072,5002557,20801,17,6.1,695.03
801073,5006444,21168,41,0.7,23061.88
801074,5011602,21326,28,20.7,5662.91
801075,5011501,20552,33,11.5,48695.25
801076,5005160,21427,14,11.5,15108.12
801077,5007234,20035,7,5.3,6240.47
801078,5006350,21023,11,5.4,9227.83
801079,5008140,21403,35,1.0,31680.84
801080,5005897,20139,32,25.9,17749.14
801081,5000593,20287,1,10.8,1557.62
801082,5008360,20775,21,11.6,44261.22
801083,5008776,20174,38,5.2,79979.04
801084,5004402,21356,-8,5.4,-4669.91
801085,5006592,20035,27,2.0,
801086,5001985,20468,36,6.4,28625.76
801087,5007711,20619,1,0.3,1886.03
801088,5008391,20901,31,25.7,8548.7
801089,5001132,20241,15,25.6,20301.27
801090,5007316,20958,6,17.0,1248.73
801091,5000481,21331,23,0.8,35007.05
801092,5001281,21227,44,0.8,82727.8
801093,5006831,21496,46,2.0,64325.1
801094,5011436,20964,18,1.9,3448.61
801095,5007677,21447,36,6.9,58219.97
801096,5000409,20855,42,1.6,34001.37
801097,5005880,20667,38,10.8,24960.0
801098,5010352,20834,29,26.8,35179.47
801099,5000523,21000,32,10.9,
801100,5002612,20968,38,15.6,15514.19
801101,5000278,21275,25,16.0,22299.06
801102,5007184,20210,19,6.3,43775.08
801103,5002076,20514,16,11.7,31648.84
801104,5002886,20535,35,25.1,60522.05
801105,5005878,20045,11,,1854.73
801106,5001969,21365,7,1.8,11010.57
801107,5011904,20149,44,25.1,36429.89
801108,5010990,20423,19,1.4,27749.18
801109,5002153,20620,5,26.2,6242.56
801110,5003014,20698,11,1.7,23128.9
801111,5002804,21048,2,0.4,4146.03
801112,5008364,20305,35,26.6,62270.5
801113,5005078,21322,-7,16.6,-4274.06
801114,5007312,20208,46,21.0,43679.23
801115,5005846,21097,27,0.5,66768.93
801116,5004589,20255,5,1.1,7886.19
801117,5002648,21289,44,,106874.17
801118,5008426,21293,16,1.1,28114.98
801119,5010299,20467,13,6.6,24068.6
801120,5005615,20003,12,0.5,6254.17
801121,5007149,20251,49,,19064.75
801122,5007931,20736,13,21.6,16673.3
801123,5011606,21472,17,1.4,13968.45
801124,5008177,20213,33,0.4,4483.2
801125,5011819,21032,25,6.2,25373.37
801126,5002577,20667,21,20.9,12231.84
801127,5008929,20974,45,26.5,74251.39
801128,5010573,21202,39,6.6,56085.84
801129,5000322,20320,25,0.2,22513.63
801130,5009220,21325,14,15.6,25308.69
801131,5003664,20870,41,21.3,25844.58
801132,5000897,21361,33,6.7,40635.94
801133,5000101,20857,34,11.6,11744.68
801134,5008695,21229,34,20.7,50735.74
801135,5004906,20564,19,16.6,26068.25
801136,5005976,20045,39,26.8,4847.45
801137,5001005,20301,39,0.5,20489.43
801138,5004444,21140,9,,5427.61
801139,5007242,20658,1,,2062.19
801140,5006706,20227,21,,38138.07
801141,5006363,20717,16,0.9,9498.85
801142,5002610,20445,23,20.8,27135.83
801143,5009954,21009,35,0.3,
801144,5006615,20893,22,10.7,47035.08
801145,5010785,20597,34,1.2,10992.65
801146,5005685,21449,41,20.8,3503.73
801147,5001081,21466,11,25.8,19577.78
801148,5011714,21373,8,1.4,9450.53
801149,5010221,20912,27,1.6,29518.38
801150,5005832,20405,32,1.3,23915.09
801151,5005462,20310,34,26.2,15713.61
801152,5007950,21284,10,11.0,19278.56
801153,5008469,20412,14,0.1,12266.98
801154,5010548,20226,5,11.1,272.61
801155,5010623,20873,45,1.2,67249.31
801156,5000772,20119,44,0.6,162.26
801157,5007372,20289,14,5.7,6091.67
801158,5003193,20458,15,1.9,6588.64
801159,5000274,21225,16,20.9,22622.35
801160,5009562,20265,14,15.7,7501.0
801161,5002021,20680,29,5.1,13980.39
801162,5004372,20079,22,1.2,
801163,5010115,21053,12,21.9,15311.69
801164,5001557,21228,22,1.4,
801165,5011001,20022,2,,2822.93
801166,5009862,20287,40,26.4,51408.42
801167,5009213,20779,18,20.0,21853.3
801168,5008340,21481,17,16.9,14917.41
801169,5003792,21105,47,15.3,95530.45
801170,5010956,20696,21,15.5,43664.94
801171,5003941,20078,4,26.8,3625.54
801172,5009714,21349,16,,38809.59
801173,5004799,21329,17,1.2,25982.4
801174,5001425,20315,24,6.8,38986.08
801175,5004041,20652,10,26.4,12152.24
801176,5005293,20765,37,1.1,1168.41
801177,5007242,20996,18,,11224.44
801178,5001729,20167,14,15.6,15662.58
801179,5008897,21052,15,21.8,27326.91
801180,5004420,20861,37,25.7,34086.92
801181,5007300,20647,9,11.5,16900.06
801182,5011958,20709,-7,26.2,-4392.96
801183,5000533,20160,49,6.6,21625.35
801184,5001912,21388,50,1.4,110978.74
801185,5004793,20420,34,,52549.11
801186,5011817,20454,33,0.5,70312.54
801187,5005111,21222,40,10.5,21985.85
801188,5000681,21161,34,15.9,64180.66
801189,5011750,21013,18,0.3,1878.41
801190,5011080,20775,41,0.3,97460.99
801191,5004510,21461,10,0.2,18514.2
801192,5008711,20388,7,15.5,2742.96
801193,5006621,20861,5,5.2,5877.27
801194,5007874,20985,33,15.2,49815.72
801195,5011273,21186,33,10.0,37262.81
801196,5001165,20246,37,26.9,63507.98
801197,5000433,20114,27,10.3,32078.55
801198,5000632,20513,24,,35683.67
801199,5005275,20773,27,,15453.39
801200,5008445,21449,50,10.2,4844.71
801201,5010398,20631,36,6.5,25369.21
801202,5005770,20551,26,,44752.73
801203,5004954,20594,45,5.6,74499.3
801204,5005187,21287,25,21.3,43723.16
801205,5006282,20652,27,25.0,33435.18
801206,5003500,20286,1,15.1,1016.12
801207,5005803,20094,46,20.6,33673.3
801208,5007867,20783,47,1.0,102958.33
801209,5001181,21368,5,16.9,9767.57
801210,5004814,20261,47,26.7,36272.42
801211,5005897,20586,50,1.3,37191.15
801212,5002974,20099,38,0.4,56036.23
801213,5008736,20827,44,16.9,35142.76
801214,5010201,20559,29,0.5,48713.3
801215,5005380,20501,50,1.2,43623.66
801216,5007855,20924,18,16.0,29068.65
801217,5003383,20754,13,0.2,14640.38
801218,5010404,21324,45,16.1,19822.51
801219,5008358,21196,17,26.6,16942.5
801220,5009423,20011,49,22.0,3305.65
801221,5011224,21049,27,0.1,29624.99
801222,5006314,20034,23,1.9,54410.9
801223,5001132,20708,19,16.9,9225.67
801224,5007843,20502,49,1.8,60369.81
801225,5004133,21074,1,0.9,328.44
801226,5004189,20798,37,1.6,
801227,5011439,20129,32,15.3,30609.09
801228,5007682,20328,31,26.4,44274.22
801229,5004064,20301,9,15.2,4029.77
801230,5006079,20522,39,15.3,81479.86
801231,5011529,20289,30,,13814.91
801232,5010101,20194,40,16.9,53483.49
801233,5007063,21200,38,1.2,
801234,5002930,20382,45,1.5,58087.91
801235,5009757,21000,17,0.1,2288.29
801236,5003298,21238,48,1.1,43207.59
801237,5007120,20500,13,0.5,17462.38
801238,5001962,20215,31,1.1,75380.36
801239,5008480,20320,7,15.9,5312.13
801240,5009574,20115,26,5.6,50096.27
801241,5001502,20751,50,21.3,45081.33
801242,5009839,20792,38,25.5,49845.7
801243,5006593,21173,45,7.0,61430.78
801244,5005585,21269,47,5.6,90721.47
801245,5001986,21128,25,11.1,43613.45
801246,5001052,20487,24,17.0,35858.19
801247,5007866,21140,44,16.4,29696.46
801248,5000815,20193,10,0.3,21672.79
801249,5007751,21319,40,16.9,47862.61
801250,5010199,20331,45,1.8,10989.61
801251,5005836,20866,28,25.1,32056.33
801252,5005677,20901,20,20.3,5916.13
801253,5004391,20590,35,,16561.58
801254,5011862,20096,18,10.6,90.92
801255,5009853,20451,25,10.2,
801256,5010704,21322,29,25.9,15732.31
801257,5004903,21478,38,25.1,63560.48
801258,5001056,20400,45,0.6,100196.54
801259,5003870,20736,4,10.8,5836.96
801260,5000516,20590,43,0.5,21469.09
801261,5002513,21347,4,1.7,3064.48
801262,5006628,21078,23,15.1,43795.55
801263,5003206,20667,26,15.7,16139.76
801264,5005502,20649,26,0.7,48628.46
801265,5007332,20913,29,20.3,29104.58
801266,5004297,21400,2,16.0,3755.1
801267,5009683,21433,46,0.5,93081.53
801268,5011293,20871,21,0.2,14709.16
801269,5007967,21394,30,0.7,1656.92
801270,5011376,21390,20,16.7,8332.17
801271,5004048,21428,23,1.9,13298.86
801272,5000268,20025,4,5.8,1755.77
801273,5011458,21066,15,25.6,2209.23
801274,5000956,20531,44,21.4,47040.81
801275,5007084,20347,24,1.2,3253.52
801276,5000184,20772,29,1.2,9667.18
801277,5008005,20917,7,25.3,1426.42
801278,5009481,20173,10,15.9,
801279,5009048,20032,37,0.4,42222.81
801280,5004656,20414,8,6.4,7190.2
801281,5002085,20751,7,,5910.41
801282,5006694,21240,41,6.0,24729.96
801283,5000886,21488,30,10.9,33577.69
801284,5007171,20462,31,20.9,33133.76
801285,5003007,20459,25,21.5,35110.5
801286,5007335,20347,32,5.6,4144.84
801287,5002745,20200,27,0.3,17153.06
801288,5000732,20171,26,16.3,297.27
801289,5010245,21125,18,15.0,8821.22
801290,5006927,21008,36,1.6,32306.33
801291,5009465,21075,5,0.1,7135.66
801292,5011747,21418,35,21.1,536.84
801293,5008012,21202,26,1.7,39352.16
801294,5005309,20452,27,0.6,35268.08
801295,5000212,20090,45,15.3,17115.16
801296,5011311,20620,22,0.8,36920.75
801297,5011404,21474,17,16.1,4999.47
801298,5002798,20570,40,11.7,22239.59
801299,5011790,20366,39,0.9,63070.53
801300,5000062,20342,10,10.2,11486.86
801301,5003983,20818,-6,0.6,-10839.15
801302,5010378,21343,31,6.6,70951.49
801303,5011675,20736,50,1.1,80896.24
801304,5001942,20766,32,21.5,4275.17
801305,5001436,20375,42,20.7,50942.86
801306,5005773,20575,21,1.1,9998.4
801307,5006461,20446,38,6.6,18765.33
801308,5000017,20595,27,20.4,25555.49
801309,5001346,20709,28,,
801310,5010367,21355,3,26.4,5177.03
801311,5006816,20495,37,15.3,36367.97
801312,5011771,20195,7,5.2,7424.22
801313,5002995,20726,39,5.8,46749.84
801314,5006772,20039,31,20.6,2309.78
801315,5004612,20485,27,11.9,13582.38
801316,5005162,21396,9,21.3,12463.25
801317,5011388,20076,1,,2408.2
801318,5005299,20192,-9,1.2,
801319,5005031,21009,39,10.1,23711.75
801320,5001523,20366,23,0.3,37420.64
801321,5006042,20297,10,15.5,12970.16
801322,5011746,20424,16,11.7,21141.85
801323,5005218,20054,33,1.2,70557.34
801324,5010452,20893,18,10.3,38655.62
801325,5009626,20711,8,0.4,3716.59
801326,5006143,20131,4,20.3,3441.29
801327,5008613,20417,10,20.2,18902.47
801328,5011774,20266,48,0.1,66229.38
801329,5001894,20500,8,,10119.67
801330,5007113,20282,4,5.4,6975.09
801331,5007479,21103,48,,54939.01
801332,5011075,20610,32,16.2,55154.61
801333,5010048,20201,28,0.0,7593.6
801334,5000248,21126,49,0.3,99958.12
801335,5000561,20857,21,0.2,8189.55
801336,5007199,20957,3,0.6,7003.53
801337,5011847,21105,12,,21511.09
801338,5002756,21177,4,20.1,7756.6
801339,5007363,20185,5,26.4,96.27
801340,5001385,21026,41,20.6,6949.63
801341,5001631,21142,8,25.6,14047.2
801342,5007425,20095,20,10.8,8137.89
801343,5011337,20077,21,1.0,44075.42
801344,5010357,20355,40,10.5,21806.85
801345,5005560,21464,5,16.1,244.78
801346,5001773,20903,14,1.3,17086.37
801347,5007212,20524,29,,15581.24
801348,5011124,20656,5,21.5,5110.86
801349,5011528,21356,7,6.6,4034.34
801350,5009005,20929,16,20.5,8221.44
801351,5001094,21151,31,16.1,20307.31
801352,5004292,20418,33,1.2,36982.72
801353,5001288,21187,46,20.6,17222.89
801354,5002326,20673,42,21.0,7124.08
801355,5002487,20006,7,,1381.9
801356,5000467,21471,26,16.8,44041.45
801357,5002625,21348,17,5.1,9165.96
801358,5000170,21020,39,20.7,71151.89
801359,5005647,20486,34,21.0,32555.66
801360,5011983,20508,1,20.6,1126.68
801361,5004152,20237,40,,48160.21
801362,5000969,21369,45,16.7,23805.22
801363,5011614,21489,34,6.4,46621.52
801364,5007585,21390,22,11.5,9737.53
801365,5008513,20652,27,16.9,37046.18
801366,5003532,20764,12,26.9,8674.37
801367,5005893,21168,31,0.1,17542.39
801368,5007742,20330,41,26.5,49659.77
801369,5008202,21167,40,10.6,66836.51
801370,5011182,20829,49,11.6,90668.62
801371,5005888,20558,49,10.1,97439.93
801372,5009168,20551,37,21.9,55265.8
801373,5004862,20308,16,20.2,19768.82
801374,5010911,21358,-9,25.4,-1538.85
801375,5005978,20298,36,0.8,56386.39
801376,5010323,20961,18,25.7,21223.07
801377,5003861,21484,8,1.6,13556.37
801378,5011840,21396,16,26.0,20833.66
801379,5006376,20065,34,11.2,34353.36
801380,5000462,20132,6,16.2,8766.82
801381,5007733,20425,12,15.5,20715.51
801382,5008499,21133,12,16.8,3544.72
801383,5000807,21226,24,26.0,
801384,5000644,20985,43,1.1,42757.5
801385,5007571,21312,22,,35720.31
801386,5001245,20889,45,1.7,
801387,5001380,20976,22,15.6,11415.61
801388,5010029,21126,24,20.8,38892.27
801389,5011301,21429,3,0.4,4711.75
801390,5007306,20840,41,0.2,15038.59
801391,5011331,20260,18,6.0,27903.79
801392,5000635,20683,9,10.6,8191.23
801393,5006470,20869,36,26.2,28396.68
801394,5005066,20655,16,20.1,28372.94
801395,5002090,20983,22,11.5,22892.63
801396,5010821,20356,23,5.8,48773.2
801397,5006345,20338,45,5.8,58332.88
801398,5008833,21371,16,20.0,30571.26
801399,5004783,20451,50,,57822.34
801400,5008169,21355,46,0.7,107099.84
801401,5001681,21393,8,26.4,8989.03
801402,5001059,20974,14,2.0,30800.58
801403,5010340,21386,23,0.1,
801404,5009949,21074,25,1.2,8186.07
801405,5008906,20023,45,1.4,10915.91
801406,5005654,20414,7,6.2,6304.87
801407,5007894,20208,32,0.9,38116.56
801408,5010459,21465,41,25.3,2348.78
801409,5010031,20223,34,6.6,63748.26
801410,5004984,21411,25,5.4,51454.36
801411,5004469,20550,14,1.2,11728.15
801412,5003903,20969,44,1.0,97863.2
801413,5003188,21046,11,11.7,14143.2
801414,5008171,20357,46,6.4,52037.48
801415,5002546,20124,13,15.8,10729.49
801416,5007170,20450,23,,12944.66
801417,5005908,20514,21,21.5,36928.87
801418,5005644,21133,47,10.2,14984.82
801419,5008465,21432,19,,37073.1
801420,5002576,20857,4,0.3,1558.35
801421,5004622,20643,30,0.4,57539.92
801422,5009976,20423,22,25.0,24440.13
801423,5000184,20616,41,10.8,8221.02
801424,5001460,21191,42,0.7,80445.04
801425,5009998,20229,5,11.0,1188.73
801426,5001921,21457,17,26.6,30782.1
801427,5011847,21301,27,10.7,27305.95
801428,5011106,20655,17,25.4,28146.56
801429,5005612,20094,25,1.6,22679.97
801430,5011886,21388,25,20.8,44571.58
801431,5002071,20727,33,0.3,39002.49
801432,5005549,20343,45,15.8,34819.77
801433,5006573,21321,39,10.6,70892.34
801434,5009539,20722,42,15.5,83508.68
801435,5006621,21225,21,10.1,33745.83
801436,5005581,20180,21,15.8,26934.81
801437,5010950,20332,49,1.3,44356.13
801438,5008215,20804,48,21.9,46703.3
801439,5000721,21129,33,1.0,38536.23
801440,5010811,21469,19,1.9,21280.71
801441,5008676,21344,47,25.8,67550.94
801442,5003974,20603,48,5.1,66144.24
801443,5003124,21147,29,20.1,34040.98
801444,5005942,20222,29,26.6,20321.11
801445,5008922,20400,47,1.2,104018.03
801446,5007906,21404,47,21.6,83450.77
801447,5001646,21498,6,15.9,151.18
801448,5005503,20452,4,2.0,5151.31
801449,5011265,20098,27,20.3,22246.77
801450,5008883,20358,20,26.7,6266.56
801451,5011422,20574,41,10.8,24459.35
801452,5007830,20841,48,,20997.7
801453,5007877,21321,24,15.1,
801454,5001727,20611,-2,0.6,-4574.77
801455,5009465,20423,45,,59456.17
801456,5010453,21385,38,,59567.65
801457,5004397,20687,15,,4820.09
801458,5010096,20073,31,27.0,21700.13
801459,5010997,20590,30,12.0,13247.26
801460,5011410,20421,44,,41682.05
801461,5007562,20820,49,1.4,16698.77
801462,5003014,20194,24,6.7,36028.95
801463,5007110,20891,4,0.2,7230.79
801464,5010527,21495,21,26.3,18380.64
801465,5000271,20212,4,1.7,5026.2
801466,5004847,20673,2,1.2,424.27
801467,5006642,21330,6,6.7,2049.54
801468,5006454,20987,28,,17928.09
801469,5010862,20571,3,25.9,4795.12
801470,5001161,20951,26,20.9,
801471,5006575,21051,41,0.3,
801472,5006786,20990,42,6.8,75628.56
801473,5006530,20989,5,20.7,6316.21
801474,5001117,20513,8,,2056.1
801475,5004303,20122,14,16.5,18980.47
801476,5001975,20380,2,2.0,129.32
801477,5004064,20455,6,0.9,10344.49
801478,5008581,20246,37,16.6,72456.44
801479,5001377,21102,5,1.9,6370.61
801480,5010434,20806,33,,28624.96
801481,5005223,20767,9,15.7,18191.12
801482,5003174,21265,28,0.5,27636.56
801483,5004227,20172,15,0.4,25286.25
801484,5010057,21340,24,10.1,25731.75
801485,5002479,20608,1,11.7,257.69
801486,5009326,20939,47,10.3,55350.55
801487,5005327,20823,19,1.3,27834.89
801488,5010377,20814,5,11.1,6658.61
801489,5002382,21155,39,0.4,42973.89
801490,5002885,21458,1,11.3,1016.32
801491,5006653,20490,4,25.4,256.98
801492,5011734,21258,7,25.9,2088.91
801493,5009871,20363,48,6.9,
801494,5001591,20349,42,0.9,81843.42
801495,5008738,21119,3,0.0,2016.78
801496,5001578,21485,32,0.7,76484.83
801497,5007247,20946,30,,71359.77
801498,5007153,20359,25,25.8,18046.18
801499,5003452,21187,20,0.0,9431.0
801500,5011339,21277,12,6.6,12300.67
801501,5003655,21348,9,0.5,5087.78
801502,5007475,21110,28,0.8,17118.07
801503,5000450,20987,6,16.0,3279.53
801504,5011447,20362,40,5.0,79305.62
801505,5007216,20261,20,20.2,16803.81
801506,5004996,21005,28,,41436.55
801507,5007524,20966,27,15.1,10341.94
801508,5000990,20739,12,1.5,27877.47
801509,5001741,20719,13,1.3,1432.84
801510,5001749,20595,32,,20001.19
801511,5007002,20927,47,,12494.31
801512,5006408,20767,16,16.0,32224.68
801513,5002342,20807,42,,62466.24
801514,5008145,21168,21,6.3,11146.04
801515,5005703,20825,9,25.8,14441.24
801516,5011381,20165,4,21.0,2810.82
801517,5008774,20963,36,0.4,77721.82
801518,5001427,20394,27,15.5,29988.72
801519,5000492,21162,43,16.3,75387.47
801520,5000202,20009,33,20.2,50268.18
801521,5002669,21221,4,0.9,9287.57
801522,5007667,20227,43,5.9,83127.59
801523,5005943,20266,6,0.7,8228.95
801524,5010017,20565,5,25.1,3541.23
801525,5000810,20289,17,0.3,7820.61
801526,5009733,20610,38,26.7,57289.55
801527,5004667,21497,2,5.7,2746.28
801528,5001247,21091,32,0.1,62855.16
801529,5009115,21113,12,0.3,18882.78
801530,5008590,21406,32,,1586.88
801531,5009007,20885,28,0.2,57569.67
801532,5000213,20165,14,5.1,11817.9
801533,5009371,21293,39,6.4,64857.75
801534,5006859,21171,37,26.1,14223.83
801535,5001341,20368,2,10.6,826.0
801536,5002275,20227,26,6.6,49889.29
801537,5011570,20168,39,11.5,77048.87
801538,5008019,21345,22,0.1,
801539,5009116,21238,36,20.7,25983.53
801540,5004378,20839,28,20.9,6938.97
801541,5000155,20292,17,20.1,14329.52
801542,5003992,21276,46,,45898.39
801543,5003956,20441,7,1.7,2920.02
801544,5006968,21354,21,12.0,5012.15
801545,5005806,20657,46,21.2,2597.89
801546,5008687,20566,2,1.0,2460.82
801547,5008584,20775,43,1.0,101497.52
801548,5005573,20192,25,16.2,43951.0
801549,5007446,20817,28,6.9,35732.97
801550,5005878,20285,3,10.8,1227.78
801551,5009013,20851,43,25.4,77362.19
801552,5003159,21109,16,11.8,31482.46
801553,5009994,20291,39,6.3,39527.83
801554,5009743,20873,49,0.2,73968.19
801555,5007380,20801,49,15.0,1813.44
801556,5006610,21453,9,16.7,4989.93
801557,5002984,20719,44,10.5,
801558,5011868,20443,39,15.8,60884.61
801559,5002164,20074,21,1.5,50622.81
801560,5005103,21322,11,0.2,8037.1
801561,5011322,20745,27,26.8,25639.64
801562,5007306,21417,50,,70193.32
801563,5010055,21049,29,1.5,31373.51
801564,5008249,20958,45,0.3,11249.9
801565,5002413,21468,5,25.9,8819.6
801566,5009664,20347,19,1.7,2562.67
801567,5008784,20339,44,5.0,58885.33
801568,5002589,20422,30,6.3,48797.27
801569,5009739,20806,7,16.1,6391.94
801570,5000220,20543,41,26.0,70107.55
801571,5010663,20203,6,22.0,
801572,5007021,21311,42,5.6,75408.12
801573,5007567,20104,6,0.3,3899.67
801574,5002414,20205,4,11.2,3537.37
801575,5005066,20873,42,0.1,63464.83
801576,5000939,21372,9,0.3,18462.4
801577,5003485,20609,14,2.0,29016.43
801578,5001657,20550,36,20.5,24266.9
801579,5002673,20142,14,11.1,2730.53
801580,5001757,20261,37,0.7,38683.5
801581,5010040,20687,26,1.3,10398.76
801582,5005717,21331,38,5.7,54980.82
801583,5005819,21124,28,,52079.04
801584,5010599,21371,29,6.8,64553.13
801585,5001010,20314,27,25.0,4603.03
801586,5004744,20723,5,1.4,2370.44
801587,5009736,20386,19,21.5,30113.68
801588,5010294,20540,23,16.8,46943.67
801589,5001644,20137,13,0.7,2789.63
801590,5007476,20127,44,20.6,62940.35
801591,5011299,20777,10,1.3,10473.95
801592,5004114,20817,26,0.5,35461.56
801593,5004307,21064,22,6.3,36763.21
801594,5009949,20314,41,1.0,9226.51
801595,5000896,20691,2,5.8,2619.46
801596,5000887,20448,26,2.0,16766.86
801597,5004063,20280,44,20.8,21680.68
801598,5009285,21063,19,10.1,10709.79
801599,5004212,20390,1,5.5,1770.78
801600,5008135,20363,22,11.4,30509.46
801601,5002313,21296,50,16.4,1306.67
801602,5003495,20722,47,7.0,102850.5
801603,5006536,21139,24,10.6,
801604,5011800,20352,10,1.7,19093.6
801605,5008169,21265,23,0.2,22769.91
801606,5006128,20166,38,27.0,32661.08
801607,5010511,20727,3,1.8,
801608,5002168,20543,24,15.9,46639.77
801609,5001854,21316,24,1.7,53365.58
801610,5008082,21260,9,,16418.2
801611,5000838,20044,6,25.7,3829.33
801612,5000695,20809,24,1.5,57106.91
801613,5000480,20874,1,6.8,97.41
801614,5002074,21077,24,20.4,1804.18
801615,5000775,21440,27,,39126.65
801616,5006175,20871,12,,6299.72
801617,5009333,21340,40,6.3,44699.02
801618,5003317,20130,40,10.5,14461.05
801619,5006072,20239,29,25.5,36719.64
801620,5009667,20411,38,1.3,25619.97
801621,5007041,20204,50,,9619.09
801622,5011357,21162,11,0.8,22856.49
801623,5009690,20469,11,21.8,3217.92
801624,5000077,21208,12,5.8,5970.43
801625,5004186,21348,47,15.2,22644.19
801626,5010301,20759,24,1.8,10522.88
801627,5000594,20048,6,6.4,
801628,5007947,20676,16,,32448.84
801629,5005421,20697,3,1.6,4962.58
801630,5003604,21200,30,1.5,37899.65
801631,5004323,21084,42,,92632.99
801632,5010336,21033,16,1.3,7935.16
801633,5011514,21308,27,20.8,40381.76
801634,5002663,21167,21,1.3,38739.38
801635,5008744,20523,16,0.1,16582.76
801636,5009621,21439,44,16.6,23997.35
801637,5006484,21163,18,15.6,16857.2
801638,5009169,20446,20,20.0,8459.52
801639,5007915,20799,22,6.5,23519.33
801640,5008031,20605,47,11.9,77433.57
801641,5005054,20449,50,0.5,84964.54
801642,5009447,20699,50,5.2,72849.53
801643,5010531,20449,38,20.3,51723.34
801644,5001276,20859,36,0.4,591.98
801645,5009232,20254,26,0.1,2594.8
801646,5003456,21295,40,25.6,58689.7
801647,5000232,20534,40,5.1,80303.62
801648,5006468,20007,42,1.8,41507.96
801649,5007989,20992,39,0.6,79340.05
801650,5001837,20644,46,6.8,99322.85
801651,5007876,20893,31,26.2,54772.91
801652,5000092,20697,14,15.4,19910.83
801653,5011180,21468,26,15.0,52608.17
801654,5007571,21149,3,10.6,5864.97
801655,5001466,20895,15,1.5,4571.98
801656,5005657,20373,39,0.3,72183.57
801657,5009211,21116,5,16.3,10005.83
801658,5011292,20900,41,,79752.03
801659,5010226,20762,50,11.0,91299.76
801660,5010693,20934,23,11.3,23782.67
801661,5001148,21316,48,25.7,80672.68
801662,5005647,20162,38,1.8,54421.28
801663,5001212,20135,50,1.7,57919.34
801664,5006856,20023,8,11.6,1739.85
801665,5000059,21397,47,0.4,13943.42
801666,5004844,20424,41,2.0,60127.36
801667,5009648,20046,43,0.3,55344.32
801668,5003532,21299,24,6.8,42692.68
801669,5005776,21370,41,16.9,54333.71
801670,5010975,20969,32,11.2,63840.24
801671,5003654,20211,40,1.4,
801672,5011230,21419,50,6.5,55211.28
801673,5002039,20288,13,25.5,8767.64
801674,5001288,20388,32,16.6,12376.03
801675,5010931,20299,24,25.1,29358.94
801676,5010728,20760,33,10.2,47510.71
801677,5004809,20699,41,25.6,46881.9
801678,5007793,20704,36,0.8,9691.88
801679,5010838,20115,50,16.5,85215.09
801680,5005998,20023,34,0.2,8347.95
801681,5010961,20005,8,6.1,
801682,5001215,20641,48,0.6,105085.68
801683,5004000,20714,43,26.9,15406.26
801684,5002217,21189,34,15.1,60211.88
801685,5000523,20151,42,0.4,91536.78
801686,5006724,20255,15,10.0,21529.53
801687,5006923,20914,8,1.7,9874.67
801688,5009771,21245,4,11.2,6395.41
801689,5004536,20752,24,12.0,14486.0
801690,5003580,20270,50,0.5,32795.2
801691,5009970,21317,47,10.7,74847.3
801692,5009925,21125,28,6.9,15029.51
801693,5006334,21023,16,1.0,14046.6
801694,5000508,21134,5,20.7,2504.14
801695,5005795,20133,24,26.7,36942.5
801696,5006611,20162,46,20.3,53467.49
801697,5009899,20440,35,26.2,10859.97
801698,5011537,21399,34,1.5,39961.94
801699,5002312,20436,5,0.7,7056.46
801700,5011668,20568,4,,891.56
801701,5001843,20286,13,16.1,13053.93
801702,5005877,20182,25,,41507.15
801703,5000421,20788,36,26.3,60361.63
801704,5002965,21269,39,16.0,66986.01
801705,5011940,20970,3,0.0,3614.91
801706,5002082,20531,17,,22938.24
801707,5000841,20068,41,,7262.43
801708,5009133,20612,43,,40092.12
801709,5002307,21158,33,1.9,14117.22
801710,5011396,20891,37,6.3,62796.65
801711,5011197,20710,47,,51231.27
801712,5003021,20555,33,0.5,54288.73
801713,5007910,21347,25,11.5,17243.56
801714,5004019,20427,37,5.2,69670.76
801715,5003496,20980,14,26.6,12820.65
801716,5005249,21311,6,25.3,8524.5
801717,5011740,20819,46,0.6,86014.16
801718,5010649,20772,6,0.3,2018.33
801719,5005524,20752,42,26.9,21058.19
801720,5010386,20451,24,6.2,29284.51
801721,5011427,20163,25,26.5,23322.84
801722,5008736,21413,47,0.6,541.93
801723,5004031,20006,14,25.2,2600.41
801724,5003506,20200,7,21.1,3519.31
801725,5006425,20327,49,20.6,85511.5
801726,5010362,20560,-3,5.3,-1874.92
801727,5005931,20162,29,0.3,42166.43
801728,5001280,20613,42,26.7,34979.98
801729,5011393,20538,34,,50481.67
801730,5004545,20612,20,25.7,14661.47
801731,5007270,20057,21,1.6,26408.39
801732,5009110,20674,1,1.1,2217.7
801733,5009125,20763,9,0.5,1002.42
801734,5001446,20249,17,1.4,27403.86
801735,5007990,20707,15,1.0,2470.15
801736,5002321,20795,36,11.6,18727.79
801737,5011214,20699,22,16.5,28233.04
801738,5005999,20340,3,0.7,7148.53
801739,5000970,20948,7,26.6,5475.93
801740,5001449,21425,22,2.0,5151.33
801741,5010132,21398,-9,16.2,-18405.2
801742,5009323,20522,37,21.4,71734.24
801743,5005600,21455,30,0.9,13786.1
801744,5011614,20286,49,1.6,57706.84
801745,5002893,20134,12,5.5,2770.02
801746,5000618,20773,49,11.0,25035.19
801747,5000788,21186,25,1.5,30895.51
801748,5005802,20112,5,0.8,9697.94
801749,5010962,21307,47,0.1,8875.53
801750,5003864,21383,35,1.6,41288.74
801751,5011754,20670,44,0.7,55178.63
801752,5001981,20488,24,1.0,8149.2
801753,5003320,20409,18,26.2,15519.17
801754,5002593,20949,20,1.3,8060.24
801755,5003508,20830,32,20.1,16863.12
801756,5007723,20556,15,10.5,8801.97
801757,5008986,21487,30,25.4,41631.5
801758,5002478,20741,24,11.1,
801759,5010768,20195,41,20.6,36420.76
801760,5010888,20938,34,1.9,22549.97
801761,5007602,20594,24,0.3,41963.73
801762,5000453,21192,34,,26655.62
801763,5006446,21156,35,10.2,72416.92
801764,5011849,20786,17,25.8,8259.65
801765,5008071,21371,29,5.3,65592.08
801766,5005188,20242,30,1.0,40982.44
801767,5001210,20997,28,5.4,28602.27
801768,5004155,21346,-4,0.6,-6969.61
801769,5004472,20009,12,21.1,18073.18
801770,5008708,20912,40,1.4,43819.81
801771,5002397,20068,32,0.0,8933.12
801772,5001552,20086,28,11.0,23198.78
801773,5000375,20164,40,0.9,71887.93
801774,5007438,20201,37,0.7,9964.16
801775,5005477,21261,29,16.4,52976.29
801776,5006854,21422,26,0.1,59967.99
801777,5001386,21431,10,25.1,17043.87
801778,5008685,21083,24,0.2,4319.5
801779,5002854,20933,50,11.4,32253.5
801780,5003192,20057,22,1.7,27637.81
801781,5010420,20088,7,21.6,6860.16
801782,5000291,21170,47,0.5,111032.27
801783,5000583,20115,43,1.3,86625.48
801784,5010904,20524,50,25.8,26900.47
801785,5005460,20090,1,11.6,396.95
801786,5009270,20858,43,,85948.46
801787,5008892,21064,41,1.8,
801788,5010711,21125,32,0.7,18320.45
801789,5006248,20366,27,25.6,32781.21
801790,5011718,20704,23,12.0,5492.93
801791,5000256,21200,40,,37861.17
801792,5004309,20154,31,0.7,21982.14
801793,5003879,21207,48,21.6,6907.35
801794,5010539,21485,7,20.7,13361.26
801795,5009888,20007,4,10.1,4557.46
801796,5003563,20902,-10,26.7,-17584.96
801797,5011612,21408,35,20.0,38691.8
801798,5008647,21368,22,0.0,51717.6
801799,5002669,20347,-8,16.4,-917.66
801800,5002585,20809,12,10.6,25915.52
801801,5009003,21440,16,15.9,26103.83
801802,5003835,20424,38,0.8,56410.18
801803,5000250,20895,17,0.5,5234.18
801804,5010621,21394,40,0.6,2211.45
801805,5005524,21171,17,16.4,7393.08
801806,5008493,21422,20,6.0,43404.88
801807,5005357,20738,20,1.1,21226.31
801808,5008015,20869,18,16.1,16141.47
801809,5000830,20949,9,11.3,3259.62
801810,5005527,21431,38,0.8,85779.13
801811,5003986,21477,20,25.2,25733.14
801812,5005285,20553,6,1.0,7272.76
801813,5006827,21223,33,0.1,71883.55
801814,5002372,20257,28,20.5,14753.26
801815,5011827,20849,20,0.6,24760.94
801816,5004688,20859,22,,284.76
801817,5008905,20734,7,15.6,10425.85
801818,5000254,21210,28,21.2,37219.76
801819,5005860,21226,29,1.7,28500.44
801820,5009705,20531,6,21.4,6414.66
801821,5002388,21106,33,1.0,23066.0
801822,5008471,20889,33,16.1,13117.27
801823,5007134,20920,14,21.5,25924.2
801824,5003471,20650,7,25.3,12443.45
801825,5003869,21297,5,0.0,12408.8
801826,5009955,20488,6,0.1,2055.82
801827,5002357,21395,47,11.8,31931.6
801828,5003033,20122,45,6.0,68680.39
801829,5002208,21469,15,21.9,13375.37
801830,5010551,21367,43,1.8,16531.9
801831,5005437,20727,24,6.3,26658.4
801832,5010907,21029,40,21.2,
801833,5008672,20870,33,1.6,26008.77
801834,5001607,21096,43,12.0,33572.03
801835,5000066,20146,5,21.5,388.1
801836,5002426,20323,50,25.4,33199.98
801837,5004766,20997,15,20.8,12828.26
801838,5006063,20269,3,20.8,2314.18
801839,5004078,20928,43,10.6,30202.73
801840,5001540,20340,13,21.0,
801841,5010318,21027,16,20.8,15266.09
801842,5011216,20079,38,21.8,69385.08
801843,5004197,20195,43,,35310.93
801844,5003956,21047,39,,53113.73
801845,5004177,20921,44,5.7,75298.44
801846,5011176,20283,17,21.5,5226.97
801847,5010499,20266,9,26.0,9198.53
801848,5003070,20712,24,10.4,31395.84
801849,5007591,21055,1,0.1,2258.74
801850,5010013,20266,30,0.3,41310.5
801851,5010090,20004,47,10.7,78389.24
801852,5004050,20372,24,6.4,
801853,5005066,20516,21,0.7,18658.64
801854,5004770,21074,44,26.8,10674.38
801855,5004091,21329,47,11.4,64417.68
801856,5004695,20312,23,,36381.61
801857,5009627,20663,31,1.9,44448.41
801858,5011830,20347,12,0.7,1634.99
801859,5006829,20483,7,1.1,16008.05
801860,5005551,20154,46,16.1,27559.98
801861,5000194,21365,50,15.3,67834.96
801862,5008225,21497,17,1.1,24482.08
801863,5005039,20057,14,0.6,17784.51
801864,5009732,21344,37,0.6,71238.99
801865,5002177,21484,32,0.9,54611.24
801866,5006478,21146,4,6.1,5567.93
801867,5004696,21360,9,6.3,10348.81
801868,5007339,20422,28,0.5,48363.29
801869,5003568,20314,14,15.0,2704.99
801870,5010424,20334,18,,22298.16
801871,5009719,21260,20,10.6,41287.96
801872,5005000,20473,39,26.5,8707.28
801873,5001095,20085,18,,31451.99
801874,5001859,20893,36,0.8,85499.17
801875,5006713,21358,36,1.7,8110.93
801876,5002812,20884,34,15.9,6003.31
801877,5005264,21260,41,0.5,94202.59
801878,5006989,20264,4,0.4,79.56
801879,5006901,20454,11,6.3,22071.31
801880,5011656,20454,23,,43932.76
801881,5011157,20255,38,1.5,59692.62
801882,5006147,21213,37,15.9,59671.52
801883,5001456,21188,42,1.6,32199.06
801884,5010860,20254,1,15.8,84.12
801885,5011902,20586,43,1.9,31789.95
801886,5005998,20567,-6,1.5,-3172.31
801887,5008831,21396,19,16.0,28083.22
801888,5001261,20656,43,1.9,54927.75
801889,5006179,20890,50,1.6,84576.77
801890,5010707,21322,4,20.9,2316.4
801891,5000323,21498,47,11.5,1246.19
801892,5008902,21329,37,26.2,42240.74
801893,5011237,20942,32,1.2,48753.45
801894,5006670,20246,33,1.1,76633.63
801895,5009262,20795,40,16.3,19702.31
801896,5010298,21223,37,25.1,60427.37
801897,5011299,20883,23,5.9,53541.75
801898,5004764,21138,21,20.4,36351.12
801899,5009325,20383,34,20.7,3011.12
801900,5008265,20778,29,25.6,4355.76
801901,5005963,20686,46,26.9,50286.67
801902,5005386,21419,5,20.2,5253.27
801903,5011666,20491,36,15.5,
801904,5004684,20656,18,21.5,18399.1
801905,5001982,20594,32,11.8,49497.84
801906,5006498,20897,46,21.9,44209.46
801907,5003147,20079,23,21.3,42264.75
801908,5011009,20112,6,11.5,10382.27
801909,5008770,20365,46,0.2,27655.9
801910,5003878,21477,18,6.7,28887.86
801911,5005315,20846,35,0.5,81988.85
801912,5001442,21188,34,,
801913,5011766,20687,42,11.4,15079.05
801914,5009600,20939,27,1.7,34845.68
801915,5008999,20787,22,26.3,4760.27
801916,5011053,21091,44,1.9,84868.63
801917,5003753,20781,46,1.5,37807.57
801918,5008499,20697,43,10.9,
801919,5010341,21167,40,5.9,70350.29
801920,5009269,20758,31,10.8,36986.49
801921,5008816,20785,50,,
801922,5005345,20118,45,0.6,34621.47
801923,5009239,21086,5,0.9,4699.02
801924,5009108,20427,19,1.8,37060.01
801925,5003615,20446,22,20.2,9282.21
801926,5006702,20390,14,11.1,23321.81
801927,5004901,20018,48,0.9,76726.23
801928,5010972,20039,26,25.1,
801929,5000297,20122,24,1.3,38461.02
801930,5010712,20069,31,26.1,57026.0
801931,5003187,20649,15,10.8,25201.36
801932,5007996,21377,45,0.6,20644.68
801933,5000117,21034,40,6.3,36197.43
801934,5002192,21153,1,25.5,1039.76
801935,5007510,20525,19,,1094.17
801936,5005178,20500,23,26.9,22697.72
801937,5007409,20537,18,21.6,4446.83
801938,5002630,20429,4,10.6,6290.11
801939,5000780,20116,12,0.4,27945.45
801940,5001835,21272,28,12.0,52710.63
801941,5007669,21359,13,20.0,8342.36
801942,5006354,20479,-4,0.8,-3455.89
801943,5001165,20534,24,1.6,49959.18
801944,5003885,20157,24,0.7,25277.89
801945,5001532,21204,16,,29114.24
801946,5002533,21346,25,0.9,
801947,5006763,20820,43,25.5,11072.26
801948,5010242,20751,14,0.7,15926.83
801949,5000820,20619,22,10.1,37414.24
801950,5001234,20503,30,20.0,48003.84
801951,5004938,20886,34,0.2,
801952,5000313,20080,10,6.2,8026.37
801953,5011772,20741,25,0.4,60834.44
801954,5006025,20325,22,1.4,30334.96
801955,5010219,21222,12,5.4,6971.6
801956,5006651,20230,17,6.3,6252.13
801957,5002066,20957,6,1.5,13880.23
801958,5011899,20512,42,11.6,50144.71
801959,5002813,21426,2,,4091.49
801960,5001051,21245,50,5.5,85074.1
801961,5000322,20743,19,1.4,4400.99
801962,5008446,21491,17,10.5,
801963,5002341,21126,16,25.5,24389.51
801964,5000353,20242,4,1.5,5436.73
801965,5001424,21031,32,10.3,21562.73
801966,5007000,21198,14,0.4,22073.77
801967,5009638,20611,22,0.3,50474.3
801968,5003654,21239,26,26.3,40562.5
801969,5006256,21487,38,15.9,28746.22
801970,5010152,21312,41,11.5,59933.02
801971,5004429,20312,34,1.0,53619.03
801972,5010745,20003,14,1.3,7237.87
801973,5000011,20903,33,0.1,40764.68
801974,5008804,20054,6,20.5,10322.61
801975,5008548,20041,10,1.8,23709.02
801976,5006891,20508,27,5.0,36397.09
801977,5008689,20959,12,25.5,3569.83
801978,5001923,20161,6,1.7,10041.52
801979,5000876,20680,29,10.4,13199.61
801980,5008411,21143,2,25.4,2617.36
801981,5009408,20408,21,0.5,24018.8
801982,5001678,20883,11,21.2,21443.42
801983,5006611,21110,43,20.4,21094.37
801984,5001080,20363,9,10.4,12622.01
801985,5003893,20253,47,11.8,64067.57
801986,5009283,20616,30,1.8,6622.31
801987,5003358,20345,36,27.0,2505.8
801988,5008268,20924,4,,5690.69
801989,5006319,21452,16,,17201.44
801990,5000058,20831,50,1.8,80145.93
801991,5009969,20488,17,0.1,5824.83
801992,5002503,21454,21,0.5,17112.8
801993,5010193,20534,5,12.0,9308.11
801994,5004603,20043,2,10.3,472.11
801995,5011030,20591,49,0.5,96633.39
801996,5010199,20263,-7,1.3,-10339.53
801997,5003459,20959,5,11.5,1766.95
801998,5000034,20879,38,20.6,33053.12
801999,5008279,21264,21,1.3,
802000,5011403,20826,44,15.5,45510.92
802001,5006546,20157,14,5.7,14002.97
802002,5010310,21392,46,15.7,55782.93
802003,5004628,20186,29,25.4,20180.41
802004,5007373,20722,21,11.8,43582.64
802005,5005677,20140,11,21.0,20623.46
802006,5003119,21105,16,5.7,36206.98
802007,5010033,20982,15,6.0,4644.26
802008,5007555,21341,28,0.4,49768.92
802009,5000642,20777,50,11.2,47116.84
802010,5006517,21423,18,0.5,18808.19
802011,5010933,20099,9,1.1,13178.46
802012,5008313,21257,31,11.8,38300.95
802013,5005660,21271,26,25.4,27885.63
802014,5005397,21292,13,16.5,20173.8
802015,5011098,21470,48,5.0,83836.51
802016,5001215,20445,26,10.0,34858.28
802017,5007557,21032,44,11.7,42038.64
802018,5009855,20572,5,5.6,9547.24
802019,5005669,20604,25,10.2,39876.14
802020,5004724,20144,15,26.2,15581.91
802021,5003467,20898,-4,1.7,-3548.67
802022,5003896,20249,18,5.9,27691.6
802023,5005998,20821,31,26.6,41308.52
802024,5009544,21438,33,25.8,44909.28
802025,5001257,20852,5,25.0,3967.35
802026,5011860,20152,18,20.7,13162.63
802027,5002942,21451,6,0.9,1021.34
802028,5009866,20462,48,26.1,47931.19
802029,5009601,20191,45,0.2,58325.07
802030,5005622,21291,13,1.9,15724.7
802031,5003595,20290,45,,17223.9
802032,5009052,20017,25,0.5,25232.95
802033,5008359,21100,45,21.4,63909.7
802034,5008651,20351,49,6.2,45479.86
802035,5005303,21099,36,0.3,80369.73
802036,5008767,21052,19,,44086.49
802037,5000573,21423,50,6.4,49147.02
802038,5000055,20728,42,15.1,40339.9
802039,5009790,21351,21,15.6,28215.37
802040,5001187,21060,30,1.0,50008.86
802041,5011796,21324,27,20.8,11227.24
802042,5000895,21303,43,0.0,92454.3
802043,5001150,20336,11,16.8,17536.88
802044,5003151,21164,36,15.6,20839.17
802045,5001607,21284,19,1.4,40580.28
802046,5005200,21318,18,1.6,24842.14
802047,5003620,20177,22,15.7,30315.48
802048,5010916,21321,21,26.6,31340.98
802049,5004868,21107,17,25.3,14122.81
802050,5000260,21020,26,20.3,47673.86
802051,5002123,21165,12,1.6,3452.9
802052,5011989,20908,33,11.0,15519.7
802053,5005756,20268,19,1.3,
802054,5006484,20143,34,16.4,55558.97
802055,5009923,20167,19,0.4,25084.52
802056,5010431,21016,35,0.4,71952.09
802057,5008054,21405,22,5.2,14256.12
802058,5011401,20816,43,1.4,97856.7
802059,5010942,20119,32,25.9,87.97
802060,5002684,20588,28,1.6,49429.11
802061,5001081,20865,45,6.5,104583.72
802062,5003119,20984,24,20.4,29259.3
802063,5002274,20885,28,20.3,45974.98
802064,5011513,20661,8,15.1,9894.31
802065,5010743,20601,25,0.4,29341.91
802066,5007906,21127,5,17.0,161.1
802067,5001951,21379,44,,46637.35
802068,5006865,21057,44,0.5,73781.56
802069,5002795,20667,23,20.3,13498.4
802070,5006594,21363,15,11.5,24517.2
802071,5007868,20109,10,25.7,12695.42
802072,5002296,20925,9,15.8,14881.75
802073,5011797,21346,9,6.6,14735.05
802074,5002146,20605,34,26.0,47050.71
802075,5000208,20125,5,0.7,1301.18
802076,5009837,20959,12,20.4,3814.21
802077,5007675,21008,8,,7274.03
802078,5011849,20197,39,5.6,87474.45
802079,5006617,20130,46,1.3,18339.68
802080,5009483,20263,33,15.2,41878.9
802081,5009091,20403,32,,37863.13
802082,5007366,20422,2,21.1,2739.31
802083,5005536,20873,29,26.0,32459.97
802084,5002160,20135,39,,45269.0
802085,5011847,20040,26,21.7,33482.6
802086,5011234,20270,14,15.2,7826.02
802087,5003421,21024,2,1.2,3734.9
802088,5010996,20166,5,1.9,5775.15
802089,5006839,21054,23,11.0,28015.65
802090,5010682,21262,21,0.8,27675.52
802091,5011877,20791,22,25.1,31881.8
802092,5002718,20240,11,0.7,17636.17
802093,5005858,20648,31,,16433.72
802094,5007278,21497,12,6.2,16390.31
802095,5011102,21451,19,25.5,2431.4
802096,5001472,21144,27,10.3,4088.17
802097,5001863,20376,40,1.0,45276.26
802098,5001977,21400,17,,29942.47
802099,5002415,20389,7,0.4,16043.41
802100,5002359,20346,49,10.9,101539.92
802101,5008292,21087,8,15.2,16258.87
802102,5007284,20204,36,0.8,9309.4
802103,5006730,21237,33,0.3,29365.46
802104,5004416,21426,28,1.6,57164.61
802105,5001606,20527,45,21.0,53254.97
802106,5010587,20895,6,21.9,1450.04
802107,5011796,21215,49,20.7,83461.73
802108,5001916,20731,-5,1.7,
802109,5002828,21075,33,1.5,46435.34
802110,5009344,21117,20,11.3,30489.38
802111,5004144,20697,26,11.5,38681.88
802112,5011557,20712,11,1.5,15819.1
802113,5001830,20420,6,21.9,9285.26
802114,5000876,21129,7,20.7,6547.74
802115,5007669,20977,1,20.4,1426.89
802116,5010925,20075,14,0.4,21487.15
802117,5001560,21149,48,0.1,104860.95
802118,5007948,21152,16,11.9,
802119,5004849,20846,24,5.5,53395.75
802120,5003602,21167,28,1.8,51390.85
802121,5004072,20494,16,10.3,14220.54
802122,5009083,20176,41,11.2,33413.44
802123,5006744,21124,4,1.4,7447.42
802124,5006586,21251,37,2.0,84087.67
802125,5004313,20553,23,10.0,25344.46
802126,5000439,20597,29,0.0,9489.96
802127,5010477,20333,18,,36017.05
802128,5001081,20961,1,25.7,1179.06
802129,5003315,20396,16,,22071.39
802130,5001050,20283,8,26.4,2306.21
802131,5011374,21493,2,6.8,125.0
802132,5004654,21458,46,6.5,49280.86
802133,5005972,20991,30,15.4,41861.26
802134,5003356,21111,40,1.7,80017.77
802135,5003828,20733,30,,11182.76
802136,5011494,21092,30,16.1,41918.62
802137,5002590,21160,12,20.1,2353.76
802138,5011818,21492,19,1.8,33307.14
802139,5011515,21154,43,15.7,19430.19
802140,5008073,20083,42,5.4,30863.82
802141,5008039,21293,26,20.9,36540.23
802142,5009469,20399,3,11.4,5541.66
802143,5003136,21420,43,1.3,60430.04
802144,5003107,20703,5,15.4,302.99
802145,5011211,20850,2,21.4,2762.11
802146,5004904,20701,39,21.7,3643.67
802147,5002864,20958,7,0.4,1748.23
802148,5007469,21278,20,11.6,40370.16
802149,5011830,20774,37,16.9,46764.34
802150,5004496,20721,43,17.0,33853.75
802151,5010793,20927,14,10.5,4489.12
802152,5005933,21347,26,1.6,19939.4
802153,5011471,21388,22,25.5,36895.37
802154,5010598,20760,24,5.9,36207.8
802155,5003749,20517,42,1.9,2403.31
802156,5009184,21307,39,16.8,6133.65
802157,5011873,20554,34,1.7,56680.7
802158,5006834,20253,50,0.2,2109.77
802159,5000637,20941,23,6.5,49067.31
802160,5010596,20844,20,5.1,6802.24
802161,5002271,20532,45,0.6,59803.12
802162,5002958,21280,34,11.4,1275.15
802163,5003430,21251,45,25.2,78058.21
802164,5007618,20888,50,1.9,89519.68
802165,5007271,20629,13,16.0,3434.01
802166,5011560,20951,45,10.6,10100.14
802167,5000842,20233,10,1.0,10224.82
802168,5002979,20614,44,0.5,103699.5
802169,5008053,20493,21,1.1,25737.36
802170,5002738,20491,15,1.0,
802171,5008586,20204,5,0.9,1291.67
802172,5004150,21039,11,11.9,23321.0
802173,5001504,20400,49,1.3,108334.57
802174,5002583,20636,46,26.7,9917.14
802175,5003572,20986,-8,5.6,-4285.0
802176,5006301,21233,43,21.3,49370.97
802177,5011272,21395,12,10.5,8272.91
802178,5005317,21464,50,0.8,2894.16
802179,5000899,21483,12,21.8,11739.29
802180,5004728,21219,36,6.6,52604.41
802181,5010833,20351,3,6.0,2790.42
802182,5004062,20641,20,11.2,39116.4
802183,5006891,21245,17,0.5,30455.63
802184,5003416,21095,-3,0.4,-6229.92
802185,5005282,21426,28,15.3,49205.72
802186,5001558,20056,27,,1782.42
802187,5006276,20473,22,0.8,6629.26
802188,5003826,21328,8,10.6,298.88
802189,5009230,21358,49,,8378.18
802190,5001218,20870,14,1.4,11056.45
802191,5007342,21051,49,,81698.85
802192,5008710,21432,43,6.7,79634.61
802193,5010020,20893,36,20.9,68175.25
802194,5011342,20014,50,21.3,49444.85
802195,5007472,21193,18,15.4,20256.59
802196,5009416,20033,26,26.8,15952.05
802197,5004322,20198,12,21.8,16800.64
802198,5002945,20605,42,6.1,73751.43
802199,5004307,20811,30,0.7,54897.61
802200,5002969,20361,29,0.4,14407.05
802201,5005224,20115,8,1.5,16083.71
802202,5007752,21456,11,1.4,24044.06
802203,5011748,20425,21,16.8,35694.42
802204,5010908,20526,25,10.8,23282.54
802205,5007997,20697,4,1.3,
802206,5011872,21460,10,0.7,7546.9
802207,5007721,20616,45,26.0,7485.51
802208,5009192,20908,11,,5225.55
802209,5005048,20646,37,0.1,70428.93
802210,5007145,21251,11,1.5,25126.58
802211,5009294,21183,23,1.6,47045.14
802212,5009537,20431,17,,
802213,5001679,20263,18,27.0,19664.4
802214,5000238,21234,48,15.5,62742.67
802215,5007252,20867,7,21.8,535.58
802216,5006445,20449,41,0.2,69880.99
802217,5007621,20415,25,26.5,14378.07
802218,5009519,21049,6,,
802219,5009710,21297,44,5.1,103628.37
802220,5004972,20282,14,16.2,21625.71
802221,5002910,20899,11,10.1,3730.63
802222,5006702,21207,27,5.4,57583.42
802223,5008612,20686,2,6.8,2787.56
802224,5000293,20625,33,,21768.63
802225,5006696,20298,20,0.7,31357.35
802226,5004911,20218,42,16.1,69601.75
802227,5001812,20730,49,10.9,55954.68
802228,5011730,21095,4,10.2,7489.25
802229,5010677,20050,38,1.5,57232.34
802230,5002823,21497,43,1.9,61424.35
802231,5001955,20552,3,11.9,4406.83
802232,5002161,20784,2,,2544.9
802233,5001682,21347,32,21.2,19652.59
802234,5008118,20890,45,0.1,77279.44
802235,5008870,20493,28,1.8,34073.59
802236,5011375,21404,37,,70387.81
802237,5004283,20396,30,20.8,43818.19
802238,5001172,21026,6,0.1,1279.6
802239,5002609,20391,47,0.7,88515.75
802240,5005705,21437,3,5.7,3430.93
802241,5008356,20755,-4,,-2863.61
802242,5003739,20072,30,11.1,590.47
802243,5004148,20687,15,1.1,6011.44
802244,5006330,20790,17,6.2,37077.32
802245,5002575,21158,-8,20.4,-2776.96
802246,5009769,20913,14,1.9,17294.26
802247,5007997,20791,9,21.7,13634.61
802248,5007748,20920,23,1.5,53440.65
802249,5010152,20884,38,10.7,7124.44
802250,5000158,20759,38,6.3,15897.72
802251,5003181,20049,14,1.0,6500.76
802252,5000521,21198,42,6.0,62498.02
802253,5006726,21485,21,1.3,49889.89
802254,5008778,21037,14,0.7,7347.62
802255,5002646,20416,35,6.6,10827.58
802256,5003102,21195,43,15.3,41946.43
802257,5003723,20313,26,25.3,47085.73
802258,5005695,20498,8,0.6,18793.84
802259,5005350,21422,4,15.6,7794.41
802260,5011532,20990,32,1.4,60960.36
802261,5010645,20590,29,0.4,
802262,5010668,20374,8,10.1,15586.5
802263,5005430,21197,29,21.5,20361.02
802264,5006418,20044,40,,27143.77
802265,5001101,20536,42,15.6,62931.54
802266,5007249,20169,11,1.3,19235.89
802267,5010381,20964,50,1.5,9618.52
802268,5002063,20729,2,2.0,2699.47
802269,5008425,20245,5,1.2,5516.3
802270,5002152,20928,16,1.2,12419.87
802271,5003941,20236,17,21.8,22319.3
802272,5007071,21359,34,15.3,
802273,5004716,20845,24,5.8,39960.77
802274,5010875,20363,9,20.5,11199.22
802275,5007733,21224,15,0.4,37183.42
802276,5004373,20308,7,25.2,7458.37
802277,5000785,21420,34,6.8,45119.28
802278,5001367,20474,13,6.1,10254.98
802279,5003273,20567,6,16.9,2676.34
802280,5011869,20622,3,1.4,3166.45
802281,5006136,20278,5,,10597.98
802282,5001800,20243,37,1.5,81228.98
802283,5007492,20344,1,0.2,1805.88
802284,5000881,20537,1,0.1,314.79
802285,5009661,21049,15,16.6,13739.98
802286,5000493,20123,15,0.9,24742.79
802287,5004829,20972,9,21.8,1823.05
802288,5004831,20750,35,11.1,54494.5
802289,5004163,20137,45,16.4,8129.68
802290,5009072,20658,13,1.2,27027.37
802291,5009398,21051,41,25.3,53866.16
802292,5007470,21132,16,21.8,4518.58
802293,5002741,21182,48,1.5,56471.7
802294,5000241,20129,45,0.8,50412.84
802295,5009809,21186,23,11.1,25653.62
802296,5002613,20445,19,0.8,28077.3
802297,5003233,20735,33,,23020.05
802298,5002526,20726,23,10.8,26107.02
802299,5006958,21459,18,0.7,3503.84
802300,5007976,20948,24,15.2,21690.55
802301,5009846,20826,40,1.1,
802302,5002949,20149,43,0.3,47390.03
802303,5003395,21225,3,,4767.21
802304,5011534,20864,25,0.9,5162.37
802305,5007257,21440,28,1.0,53775.14
802306,5011800,20146,8,11.2,702.44
802307,5004895,20885,35,26.0,53358.66
802308,5003082,20571,12,20.2,20655.91
802309,5002847,20106,47,1.2,43271.39
802310,5008924,21208,19,26.3,7395.96
802311,5001690,20842,24,21.9,12728.86
802312,5011639,20065,44,21.6,39250.58
802313,5004665,20655,46,20.9,80755.45
802314,5006051,20645,42,25.2,3356.49
802315,5003113,21160,14,11.2,3051.93
802316,5001341,21247,17,15.5,9509.2
802317,5009798,20466,11,16.6,16869.52
802318,5008037,20268,1,26.1,186.6
802319,5004771,21178,47,21.8,36866.83
802320,5004652,20338,5,1.0,6811.7
802321,5006169,20672,31,10.8,59870.73
802322,5011482,20727,38,1.5,44371.39
802323,5011517,20789,19,2.0,34174.59
802324,5009340,20006,41,21.0,8043.08
802325,5005937,21076,40,0.6,30560.33
802326,5001097,21382,18,,30339.02
802327,5004916,20692,13,21.5,809.36
802328,5010405,20193,45,10.3,87745.44
802329,5000845,20126,45,0.5,91990.69
802330,5003477,20363,16,0.7,24868.37
802331,5007193,20896,49,11.3,99121.28
802332,5000885,20720,35,16.9,61635.19
802333,5006450,21072,19,6.0,34951.48
802334,5007210,20614,46,26.0,80628.85
802335,5006691,20710,19,1.4,27783.08
802336,5007501,20749,5,0.8,10903.77
802337,5004799,20069,22,16.2,45891.63
802338,5005175,21352,14,15.8,16925.33
802339,5011052,21500,10,15.8,10086.15
802340,5009367,21153,15,25.9,15512.65
802341,5010236,20032,33,0.4,37658.18
802342,5010451,21243,19,15.1,35558.21
802343,5006786,20133,-2,26.7,-3078.54
802344,5010193,20177,27,1.2,
802345,5009720,20134,21,20.1,4098.61
802346,5000274,21276,13,0.5,8512.91
802347,5008825,21131,7,15.1,3338.18
802348,5007751,21001,33,,24242.53
802349,5010592,20166,42,1.3,
802350,5003098,20478,27,1.4,
802351,5004191,20938,18,0.1,12157.27
802352,5002849,21089,32,1.4,25968.87
802353,5005453,21424,11,0.3,10040.73
802354,5010782,21007,27,26.1,15222.14
802355,5000877,21234,16,2.0,24255.55
802356,5002813,20449,50,1.0,84537.58
802357,5001767,21187,16,26.1,5575.61
802358,5007447,21385,12,21.1,
802359,5010959,20204,21,5.8,5156.77
802360,5006850,20515,15,0.8,27225.04
802361,5002895,20058,32,16.8,
802362,5004561,20696,38,26.3,68914.08
802363,5005925,20842,26,25.1,13224.6
802364,5003305,21213,27,0.4,51569.44
802365,5002218,21272,15,6.6,29970.61
802366,5004992,21059,41,5.6,42419.97
802367,5002781,21380,30,21.4,394.73
802368,5006491,21002,9,5.5,13548.21
802369,5008816,21147,27,10.6,35461.62
802370,5001737,20302,17,5.7,21015.2
802371,5004739,20390,37,,69193.42
802372,5003309,20740,43,1.5,80795.55
802373,5010649,20871,48,0.5,33519.88
802374,5002048,21028,2,25.9,1914.2
802375,5006236,21425,23,1.9,5390.98
802376,5005672,20529,2,15.1,1519.29
802377,5000687,20010,12,15.5,4307.78
802378,5009769,20598,48,5.3,32405.13
802379,5004177,20760,21,21.5,26429.58
802380,5002381,21196,20,10.8,24222.97
802381,5004400,20291,16,25.1,12962.85
802382,5007923,20665,1,1.2,1125.99
802383,5002803,20673,49,0.1,10510.27
802384,5003139,20977,47,1.5,82987.03
802385,5011213,20415,2,25.7,1162.77
802386,5001927,21191,44,0.1,84784.97
802387,5000624,20332,31,26.4,20925.69
802388,5009228,21466,36,25.3,64504.5
802389,5008032,21497,49,0.3,71136.81
802390,5005696,20442,34,,7977.65
802391,5006247,20145,1,21.2,
802392,5007829,20670,9,,9047.42
802393,5009186,20318,50,0.4,91574.23
802394,5005594,20956,39,15.5,45815.36
802395,5007911,20227,44,0.7,89761.28
802396,5004261,20529,33,1.6,29054.32
802397,5007230,20052,41,0.6,70675.59
802398,5001388,20899,8,16.2,2529.08
802399,5001328,21138,1,25.2,1626.62
802400,5002772,20014,7,6.2,8250.44
802401,5004552,20978,37,0.8,55250.53
802402,5005893,20179,49,26.7,37649.28
802403,5003463,20809,26,21.3,49429.85
802404,5001899,20862,40,1.4,10889.78
802405,5011094,20327,32,11.7,8308.96
802406,5006833,20984,42,1.6,
802407,5002526,20510,48,,99727.85
802408,5011335,20585,21,6.2,
802409,5009315,20299,49,1.6,78747.82
802410,5002058,20896,36,0.7,
802411,5006439,20003,32,15.2,14213.84
802412,5000383,20747,41,1.2,82842.91
802413,5002092,20474,6,1.5,4964.93
802414,5010930,20628,32,1.5,48761.76
802415,5005792,20368,26,25.4,8960.37
802416,5007128,21265,31,0.1,30720.63
802417,5006589,20033,40,25.1,
802418,5009449,21365,44,1.0,69773.1
802419,5007891,20914,16,,16996.88
802420,5002232,20816,38,,82355.84
802421,5006018,20063,7,26.7,3210.42
802422,5011688,20361,16,,7972.66
802423,5008915,20048,18,11.4,209.24
802424,5000301,20501,35,25.5,23026.05
802425,5010492,20011,25,25.5,1610.88
802426,5009913,20041,44,11.3,94227.64
802427,5005512,20205,16,0.5,15854.41
802428,5008193,21170,42,11.0,88749.84
802429,5008945,20439,49,0.2,55561.47
802430,5004099,21070,35,6.7,15109.47
802431,5006450,21084,49,25.1,82345.67
802432,5008955,20839,16,25.5,3734.54
802433,5002932,21263,44,25.7,73980.36
802434,5002597,21359,49,0.7,39030.21
802435,5002863,20098,10,1.1,10224.48
802436,5008894,20985,46,0.8,84806.62
802437,5011361,20251,30,5.9,11734.65
802438,5010387,21029,22,0.2,34500.34
802439,5001428,20731,29,11.7,24510.0
802440,5011727,20345,4,16.6,318.09
802441,5004635,20104,12,26.9,5718.47
802442,5009391,20463,9,1.5,7401.65
802443,5000501,20415,34,0.1,26577.72
802444,5010037,20431,12,15.4,9773.53
802445,5009141,21435,39,1.7,43121.84
802446,5011138,20905,3,0.8,5320.7
802447,5000383,21211,34,16.0,53663.38
802448,5003720,20014,12,11.9,13284.14
802449,5000184,20979,24,1.5,52761.41
802450,5009541,20855,35,5.5,27211.46
802451,5001781,20264,6,25.7,89.03
802452,5003350,20083,28,2.0,21315.39
802453,5002481,20438,19,1.7,31952.99
802454,5009719,20629,29,6.4,8535.97
802455,5009183,20915,5,0.7,4975.97
802456,5001609,21392,39,1.6,55204.64
802457,5005573,20736,15,15.5,20735.29
802458,5004844,20638,43,10.6,84886.47
802459,5004442,20041,31,,74096.71
802460,5004087,20592,39,0.5,77579.73
802461,5008875,20497,12,26.5,12691.27
802462,5010706,20265,38,1.5,23789.39
802463,5011628,20472,45,16.2,46905.96
802464,5006630,20555,19,5.8,29592.2
802465,5008677,20558,44,1.7,95672.56
802466,5009509,20710,38,1.8,55340.75
802467,5007625,20195,48,1.3,53003.32
802468,5004218,21116,11,11.0,23406.72
802469,5005868,21424,37,26.1,25033.61
802470,5003370,21332,31,0.6,2090.73
802471,5011544,20130,21,11.2,7532.67
802472,5008591,20409,40,0.8,46356.56
802473,5006471,20534,5,10.6,9456.2
802474,5009429,21010,9,1.0,11098.12
802475,5001205,20148,19,25.1,10710.25
802476,5004248,20646,5,21.6,7469.13
802477,5005148,21236,41,26.3,50538.54
802478,5001080,20348,20,26.3,1889.67
802479,5007212,20106,46,20.0,34292.08
802480,5001636,20816,49,21.0,89344.62
802481,5001224,20422,-7,10.2,-10912.12
802482,5005674,20040,9,0.4,14743.0
802483,5007385,20012,12,20.4,16892.81
802484,5003402,20274,37,11.2,42559.03
802485,5005391,20361,7,0.8,3463.6
802486,5009161,20716,21,15.1,
802487,5011993,20447,10,26.7,8734.65
802488,5003828,20461,36,10.2,363.69
802489,5004492,20539,24,0.9,54025.59
802490,5001339,21408,24,15.8,27924.42
802491,5005559,20593,25,26.5,43555.73
802492,5007989,21462,43,16.1,12854.6
802493,5000369,20817,41,21.0,44398.92
802494,5000928,20057,47,26.3,44268.3
802495,5002474,20288,47,6.0,39995.27
802496,5008779,20365,1,11.0,
802497,5001869,20091,45,15.9,39427.3
802498,5007213,20685,21,0.7,50106.84
802499,5009728,20143,24,16.9,38983.54
802500,5004562,20675,30,,61552.49
802501,5006273,20070,9,26.0,4178.95
802502,5011987,20815,29,0.9,35595.26
802503,5002824,20150,11,0.1,8562.52
802504,5011813,21453,33,0.7,21810.72
802505,5006916,21470,30,15.9,46385.86
802506,5000614,20531,39,0.8,52623.03
802507,5003429,20422,3,26.5,3827.75
802508,5003672,21463,47,0.9,20405.38
802509,5006116,20069,11,1.9,26861.39
802510,5008327,21417,20,26.2,22209.08
802511,5010074,21133,50,25.8,13171.98
802512,5002025,21026,31,26.3,4877.38
802513,5006242,21221,28,22.0,51170.68
802514,5001892,20842,35,25.7,17659.74
802515,5004809,21198,14,16.6,18483.46
802516,5010609,20507,44,1.9,62484.21
802517,5001593,21039,41,1.0,97678.21
802518,5003894,21386,18,16.7,15803.83
802519,5001213,20277,32,20.0,52050.94
802520,5010368,21166,12,21.1,18673.36
802521,5005223,20105,25,10.1,25985.15
802522,5008476,20365,40,1.5,23735.35
802523,5006588,21448,29,21.3,13010.02
802524,5005493,20792,22,6.1,36372.75
802525,5002175,20324,49,16.4,75107.9
802526,5010397,21398,26,16.7,52853.32
802527,5003844,20151,27,1.9,57958.85
802528,5001614,21068,19,0.7,23551.11
802529,5003436,20829,36,1.2,74450.58
802530,5006783,20980,5,0.6,6200.72
802531,5005664,20354,33,5.1,34520.1
802532,5009311,20712,43,20.4,49972.88
802533,5000267,20728,50,11.1,50286.28
802534,5003662,21289,28,1.6,
802535,5008953,20659,12,16.0,7522.8
802536,5009001,20347,27,5.4,3504.62
802537,5009557,20174,41,,90025.27
802538,5005841,20506,36,20.7,31709.98
802539,5004631,20349,44,1.3,85394.65
802540,5005162,20860,38,1.8,15018.2
802541,5011409,21442,1,1.1,2364.06
802542,5006483,20052,9,5.4,14764.98
802543,5011128,21101,15,21.7,9494.07
802544,5007870,20195,48,,47686.88
802545,5008874,20727,13,0.5,15333.8
802546,5007525,21264,16,26.7,
802547,5007933,20095,49,11.9,101699.69
802548,5007061,20540,10,5.6,6812.85
802549,5006166,20537,24,1.7,7434.08
802550,5004462,21116,41,21.2,77244.55
802551,5004119,20119,30,16.3,93.16
802552,5009143,21034,26,25.6,18682.05
802553,5006554,21479,28,10.5,47363.15
802554,5000559,20660,1,26.3,552.32
802555,5005848,20483,34,11.7,69419.87
802556,5001771,20888,30,5.5,51740.73
802557,5004705,20258,37,10.6,1434.59
802558,5005642,20254,48,,4761.63
802559,5006921,20170,30,16.1,30832.24
802560,5004322,21301,29,10.4,29427.14
802561,5005561,21293,46,6.4,76498.89
802562,5000460,21094,35,1.6,14416.24
802563,5011075,20197,22,11.2,46417.34
802564,5011804,20811,38,0.4,69747.05
802565,5009662,21195,5,1.5,5672.17
802566,5003526,21454,34,15.8,23446.05
802567,5003045,20268,24,26.9,4429.86
802568,5006477,21096,4,1.9,3481.41
802569,5005692,21440,43,1.8,81915.91
802570,5000526,21219,32,1.8,49162.53
802571,5000742,20207,32,5.7,74033.19
802572,5010009,20245,29,21.2,25517.91
802573,5008639,21301,37,1.2,41400.04
802574,5010801,20972,23,15.7,5022.33
802575,5006191,20094,30,20.0,22126.8
802576,5003914,20287,40,1.7,68660.98
802577,5000042,20849,31,26.6,28340.56
802578,5007403,21008,20,1.3,18002.68
802579,5008364,21146,1,0.9,1469.07
802580,5008375,21407,30,1.1,24935.26
802581,5004415,21342,13,6.8,
802582,5011596,20245,32,,28515.03
802583,5009019,20431,19,6.1,17175.89
802584,5003627,21284,35,15.8,63835.85
802585,5008849,20769,34,20.4,25904.58
802586,5011247,20390,4,1.9,7352.95
802587,5007457,20997,18,25.9,14402.64
802588,5000522,20717,26,25.2,11650.71
802589,5002898,20214,16,26.8,22115.3
802590,5001310,20253,2,15.5,4086.07
802591,5002475,20348,37,26.8,3472.17
802592,5011293,20765,34,1.9,1064.99
802593,5011166,20473,42,16.1,10703.89
802594,5004021,21037,23,6.9,11317.41
802595,5000053,20544,29,21.4,10343.01
802596,5009597,20041,34,10.4,73551.06
802597,5003509,20909,44,1.6,75374.44
802598,5011495,21422,14,15.5,27312.75
802599,5000688,20383,21,21.8,1834.01
802600,5004517,20610,45,,78579.28
802601,5002618,20857,30,16.7,9765.09
802602,5000076,21058,34,1.4,46334.53
802603,5004794,20457,17,,41862.69
802604,5004739,21455,35,20.5,12902.73
802605,5004440,20278,3,5.7,6798.57
802606,5011364,21381,14,1.9,28795.67
802607,5003400,20118,30,11.8,20480.3
802608,5000993,20349,2,6.6,3673.14
802609,5004631,20009,47,10.7,80117.18
802610,5007697,20699,10,0.3,15322.99
802611,5001598,20952,11,15.7,18014.19
802612,5007339,21384,11,5.7,25910.2
802613,5005942,21022,8,20.5,2925.98
802614,5003377,21117,50,11.9,75707.85
802615,5004614,20579,37,11.2,9252.58
802616,5000178,20922,19,0.1,36455.29
802617,5003171,20385,-7,0.5,-3593.31
802618,5001763,21375,28,0.8,53381.03
802619,5008216,21073,22,1.2,25210.06
802620,5006205,21374,13,15.1,12041.37
802621,5009634,21331,43,20.8,52252.8
802622,5007201,20905,34,16.6,50696.84
802623,5010406,20338,18,10.4,22193.74
802624,5008871,20653,44,0.7,43962.89
802625,5004896,20146,25,21.8,1933.1
802626,5004169,20429,30,20.7,41846.13
802627,5005934,20247,38,21.6,38600.9
802628,5000919,21417,13,1.4,19286.99
802629,5009592,20051,48,5.5,104186.02
802630,5011810,21457,15,0.7,549.92
802631,5011998,20791,30,0.9,57521.9
802632,5009455,20338,15,0.2,20600.22
802633,5003074,21117,30,,
802634,5001078,20512,46,10.8,55417.41
802635,5000517,20732,46,6.2,55356.73
802636,5010047,20685,9,11.4,19160.41
802637,5010907,20157,5,10.3,4757.1
802638,5007113,20685,13,25.8,23177.99
802639,5006946,21029,7,,8788.5
802640,5010911,21006,33,1.1,46312.88
802641,5005806,20047,46,1.7,21143.48
802642,5011975,20506,39,27.0,31623.34
802643,5010098,20575,39,15.3,15902.42
802644,5008075,20875,7,11.3,11262.69
802645,5007639,20670,33,0.6,41425.65
802646,5001772,20855,30,1.4,24336.06
802647,5003908,20985,9,1.1,10339.76
802648,5004731,20286,47,1.5,55407.71
802649,5000392,21226,24,0.1,23970.49
802650,5001788,21274,8,15.4,9144.31
802651,5011473,20866,39,7.0,55439.78
802652,5011022,20618,31,0.5,64172.1
802653,5004666,20878,4,0.9,9472.37
802654,5010993,21115,32,25.8,13032.84
802655,5010170,20457,33,0.1,82084.53
802656,5011477,20422,24,0.7,41370.92
802657,5003418,20034,14,26.5,24814.44
802658,5000679,20107,31,1.4,68970.35
802659,5002341,21326,8,0.1,2038.28
802660,5004921,21430,45,26.2,30725.23
802661,5000880,20938,16,16.1,9075.7
802662,5005201,21247,9,1.9,5844.53
802663,5005227,21146,3,11.6,3931.35
802664,5002097,20012,47,1.8,81623.81
802665,5004896,20792,43,5.1,71849.29
802666,5000444,20135,31,15.4,30905.24
802667,5005608,20489,15,,21431.94
802668,5005312,20789,49,6.6,83997.54
802669,5006971,20722,17,0.6,39761.33
802670,5007309,21042,39,16.5,79893.67
802671,5008725,21166,43,26.0,62757.31
802672,5003807,20441,6,10.7,2273.72
802673,5010206,20105,1,10.8,1031.31
802674,5007175,21430,9,25.4,6211.66
802675,5006193,21200,23,1.9,28938.4
802676,5002579,20505,8,25.8,14129.82
802677,5005647,20375,18,,20566.19
802678,5007043,20661,48,0.6,69504.93
802679,5007358,20989,28,0.9,44202.29
802680,5010164,20360,29,10.4,15056.69
802681,5000046,20641,3,10.6,5907.1
802682,5010233,20808,17,16.1,
802683,5009827,20202,20,,27765.39
802684,5007874,20340,28,21.3,52878.47
802685,5008260,20352,38,10.2,66281.78
802686,5001908,21239,8,0.7,
802687,5000398,20672,47,1.8,99930.33
802688,5009643,20719,29,5.8,3050.6
802689,5006012,21015,17,20.7,22398.28
802690,5008231,21454,-9,1.0,-7297.2
802691,5000397,20434,2,1.8,2503.16
802692,5011216,21175,43,21.0,26057.71
802693,5001899,21261,6,1.5,
802694,5010980,21335,1,,1791.99
802695,5011279,20747,29,6.3,
802696,5000105,21496,32,1.0,45204.51
802697,5004176,20202,3,21.9,3858.5
802698,5004120,20179,9,16.3,7896.32
802699,5007470,21340,10,25.5,8884.94
802700,5002186,20718,17,26.7,332.83
802701,5003522,20928,43,10.6,30202.73
802702,5001286,21414,48,16.9,81540.65
802703,5010316,20110,25,6.8,35789.73
802704,5002053,20594,23,20.1,32228.66
802705,5005729,20981,21,6.2,23725.85
802706,5002253,20095,15,6.0,5713.74
802707,5001918,21449,40,10.9,3845.56
802708,5002906,20533,7,11.0,5308.58
802709,5006795,20600,14,1.2,24675.04
802710,5008902,20249,16,6.2,
802711,5003651,21238,37,26.8,24651.04
802712,5003326,20283,9,25.6,2622.69
802713,5000566,20790,4,15.2,7887.01
802714,5007570,20885,30,,52410.98
802715,5009701,20269,46,26.3,33019.87
802716,5002252,20846,21,,41480.59
802717,5003541,21400,28,1.0,61959.19
802718,5001466,21185,7,11.5,1892.45
802719,5010508,20986,39,,17304.57
802720,5005434,20228,42,1.8,55185.3
802721,5006350,21385,37,6.2,61682.63
802722,5009633,20957,1,6.3,2200.64
802723,5010000,21309,15,10.1,26514.34
802724,5007337,21341,38,15.5,57303.51
802725,5000091,20390,5,11.5,8291.74
802726,5011468,20404,38,,18920.44
802727,5005124,20460,32,1.6,11771.47
802728,5007690,20252,41,5.2,64266.29
802729,5006988,21058,50,26.9,50516.85
802730,5000232,21173,49,26.3,53009.55
802731,5011035,20907,29,,
802732,5004673,20199,23,25.4,22406.98
802733,5003202,20702,33,1.7,79322.44
802734,5009983,20120,20,0.8,1125.72
802735,5010659,20636,22,6.8,6030.64
802736,5009222,21255,23,1.9,54642.17
802737,5000857,20432,44,1.1,7885.97
802738,5006267,21337,49,1.4,118493.47
802739,5010014,20296,15,21.5,28830.73
802740,5008763,20276,19,0.7,8287.14
802741,5003091,20794,48,10.0,93794.54
802742,5007207,20285,21,6.4,9018.37
802743,5005372,20970,1,6.9,1121.83
802744,5004475,21482,13,0.7,9821.94
802745,5005888,20967,9,11.6,19765.57
802746,5000128,20185,16,6.3,392.19
802747,5006086,20494,4,25.3,1087.72
802748,5008538,20814,46,1.7,67736.56
802749,5010025,20811,9,1.3,16369.77
802750,5009022,20372,43,26.1,13064.8
802751,5003395,21413,28,15.8,273.48
802752,5006573,20790,16,0.4,37054.07
802753,5005366,20810,34,26.4,46343.7
802754,5006091,20431,49,26.8,34530.84
802755,5010020,20224,17,5.9,6721.14
802756,5005470,20225,16,6.1,31392.5
802757,5006545,20020,45,20.8,52701.94
802758,5003784,21179,29,0.4,54305.39
802759,5000637,21269,3,0.2,
802760,5003031,21062,34,10.1,26759.62
802761,5002165,21119,33,20.0,17747.66
802762,5001019,20748,28,11.7,12506.64
802763,5011923,21158,17,1.6,7294.75
802764,5000984,20891,38,0.8,68279.52
802765,5005610,20741,31,21.0,59832.74
802766,5002190,20916,42,15.8,42245.48
802767,5002771,21418,27,26.9,383.69
802768,5002773,20945,2,11.7,967.98
802769,5006995,21232,40,0.4,
802770,5003605,21422,2,1.9,4529.81
802771,5003728,21341,34,15.6,51210.88
802772,5002863,21434,4,21.6,5883.07
802773,5008810,20064,29,26.9,19909.68
802774,5002093,20673,24,1.7,5065.44
802775,5009225,20054,18,0.3,38836.4
802776,5006413,20957,35,0.9,81461.19
802777,5002537,20623,42,11.7,8827.21
802778,5005335,20693,11,0.5,4866.26
802779,5010872,20599,8,16.5,9740.04
802780,5001313,20371,27,25.6,25246.8
802781,5008666,20558,41,15.9,76271.28
802782,5009543,21119,14,1.6,9261.05
802783,5010983,21030,18,,17322.93
802784,5003147,20433,11,11.1,3371.6
802785,5004766,21163,17,,18580.42
802786,5003075,20371,22,,22064.56
802787,5005655,20020,1,16.9,1407.67
802788,5008012,20239,42,5.1,67742.26
802789,5001506,20841,20,0.9,8740.22
802790,5006778,20342,48,,51084.53
802791,5002915,21051,19,0.5,33249.74
802792,5001075,21265,4,0.1,3963.95
802793,5006003,21163,32,0.4,35365.49
802794,5007859,20613,2,16.0,1908.87
802795,5002675,20382,45,20.3,47001.08
802796,5002672,20525,25,15.9,1451.78
802797,5010299,20254,8,1.0,791.21
802798,5007929,20633,4,27.0,
802799,5009705,20880,1,16.5,335.41
802800,5001845,21102,42,16.1,45767.11
802801,5007140,21429,5,5.8,7427.15
802802,5000132,21390,14,20.8,5545.44
802803,5003897,20693,46,1.5,20145.28
802804,5010185,20143,8,1.9,15340.09
802805,5011581,20282,11,25.6,15085.65
802806,5005165,20540,4,21.0,7698.33
802807,5011180,21462,32,21.5,8950.51
802808,5006102,21393,6,26.0,6778.41
802809,5011003,20340,23,,49065.44
802810,5004891,20218,38,26.6,55092.0
802811,5009086,21147,43,1.8,62035.06
802812,5008361,20308,37,0.9,64381.02
802813,5005192,20302,22,5.9,27138.46
802814,5007657,20683,33,,
802815,5004143,20372,1,1.0,407.03
802816,5003862,20076,10,1.6,23696.69
802817,5007471,20163,41,,51311.51
802818,5010828,20383,29,10.1,2911.61
802819,5008508,20767,22,1.8,51799.26
802820,5005019,20614,33,1.1,77305.63
802821,5008234,20153,2,26.1,2196.19
802822,5006662,21039,22,1.9,51936.22
802823,5001610,21019,43,21.3,40067.74
802824,5002799,21002,41,25.9,
802825,5006939,20003,34,5.8,16776.27
802826,5007111,20695,30,1.4,72481.06
802827,5002903,21468,31,,73646.67
802828,5006045,20564,36,21.6,46431.3
802829,5011402,20282,39,10.3,64484.51
802830,5011948,21143,9,15.5,13341.15
802831,5010061,20604,39,25.7,51469.53
802832,5001530,20341,33,0.4,24724.3
802833,5002485,20954,24,1.2,49712.92
802834,5001571,20395,41,6.0,77863.52
802835,5011574,20416,19,20.5,5003.08
802836,5009333,20432,47,20.8,6745.73
802837,5004963,20500,12,16.0,13608.1
802838,5010177,20137,16,15.1,2935.5
802839,5004758,21128,12,1.8,23124.45
802840,5001426,21473,47,1.6,58590.2
802841,5011237,20005,4,11.6,2847.86
802842,5000137,20618,3,6.6,5829.48
802843,5005935,20872,20,0.8,4841.36
802844,5006691,21400,6,15.7,11305.54
802845,5001240,20053,23,25.2,29835.18
802846,5008484,21213,5,0.5,9540.31
802847,5007667,21060,21,0.6,41587.27
802848,5005655,20839,25,11.6,6923.93
802849,5010270,20165,17,0.0,15121.5
802850,5000042,21288,22,0.6,5512.7
802851,5005631,20060,13,1.0,5361.9
802852,5006346,21232,13,0.9,4995.9
802853,5001206,20762,2,0.8,4070.53
802854,5001063,20293,35,15.3,
802855,5006652,20421,42,5.8,38011.9
802856,5002992,21149,49,1.0,106081.18
802857,5003846,20677,48,26.9,8048.49
802858,5002798,21489,42,26.4,45285.46
802859,5003134,20069,49,1.6,120021.2
802860,5002809,20558,19,6.9,39127.71
802861,5005441,20450,5,20.2,2702.31
802862,5003715,20235,8,20.4,1176.3
802863,5000928,21098,42,1.6,29948.34
802864,5008473,20103,50,11.3,92697.71
802865,5002833,21029,34,26.4,39321.21
802866,5011411,20734,24,0.2,42268.09
802867,5000367,20361,48,0.5,23822.21
802868,5007380,20392,37,26.7,28085.69
802869,5006762,20198,40,1.6,70468.18
802870,5008521,20474,19,20.3,12721.48
802871,5002758,21387,7,25.9,8631.69
802872,5008943,21167,21,0.3,39131.88
802873,5006095,20566,19,5.9,22220.74
802874,5008192,20845,33,25.5,43455.22
802875,5000773,20471,31,25.5,47395.79
802876,5009994,21355,8,25.8,13917.96
802877,5001094,20153,22,11.2,
802878,5008663,20319,8,15.7,2685.53
802879,5006209,20409,38,11.9,39111.01
802880,5002309,20690,39,1.4,
802881,5003659,20619,6,20.3,9046.16
802882,5007951,20811,34,0.3,62467.91
802883,5007862,21428,9,5.5,5012.93
802884,5006220,21126,35,5.4,67746.37
802885,5004712,21273,23,,8787.39
802886,5008108,20297,19,0.6,
802887,5000121,20141,20,21.4,16656.75
802888,5001534,21147,29,0.8,42263.64
802889,5011889,20345,5,20.9,377.11
802890,5003564,21296,42,26.3,967.62
802891,5005368,20066,32,25.9,50401.52
802892,5011034,20720,25,10.1,47627.67
802893,5005286,20742,39,10.3,17914.79
802894,5007780,20723,35,0.2,16795.04
802895,5011545,21383,27,0.8,32110.27
802896,5002525,20601,42,1.8,48601.52
802897,5011015,20204,44,21.4,9015.36
802898,5000468,20638,1,25.4,1647.29
802899,5009413,21000,18,26.2,1789.89
802900,5010456,20297,27,26.6,30419.24
802901,5011853,20399,30,0.6,62171.72
802902,5008266,20476,26,1.5,11018.19
802903,5006922,21365,7,25.2,8386.87
802904,5006080,21272,46,25.9,72917.79
802905,5001496,20945,38,1.7,20474.47
802906,5003188,20351,39,1.3,38089.21
802907,5005805,20726,35,10.4,39906.23
802908,5005737,21132,40,1.4,14243.36
802909,5006783,20430,30,0.7,53026.5
802910,5007097,21496,37,16.5,
802911,5008999,20735,18,0.6,12632.65
802912,5002660,20733,50,15.9,21124.66
802913,5011840,20621,3,1.4,591.01
802914,5007251,21227,25,20.3,37764.65
802915,5008037,20358,40,5.4,16175.09
802916,5009849,20721,24,6.8,21217.17
802917,5008029,20808,2,5.2,4416.9
802918,5010167,20067,17,21.0,11357.89
802919,5002057,20877,25,11.0,
802920,5002798,20304,34,,72336.25
802921,5007997,21007,44,6.5,31385.71
802922,5006275,20163,29,10.2,33054.33
802923,5002235,21261,31,6.9,63065.04
802924,5005071,20277,16,,
802925,5006034,21154,26,1.5,13727.47
802926,5000108,21028,50,26.9,47209.08
802927,5011199,20768,44,21.4,15216.27
802928,5007013,20425,30,25.0,45966.38
802929,5007576,20103,10,,18435.03
802930,5003005,20701,12,21.8,1119.7
802931,5003521,20398,45,10.1,69389.23
802932,5009968,20235,2,0.4,367.96
802933,5006604,20572,46,21.1,73412.6
802934,5002491,20391,20,15.7,31976.51
802935,5010340,21486,28,10.3,23882.05
802936,5007120,20029,37,1.1,79025.15
802937,5005492,20608,13,1.4,3740.68
802938,5008236,21111,34,1.6,68084.3
802939,5002957,20575,27,25.9,9631.57
802940,5006610,21129,48,,42181.07
802941,5002447,20640,46,6.3,10950.49
802942,5003600,21492,-8,11.4,
802943,5011615,20741,28,21.2,53905.66
802944,5006947,21160,21,6.1,4840.82
802945,5011065,20368,45,1.5,20476.82
802946,5009115,20710,22,0.1,32594.03
802947,5004212,20596,48,0.9,26769.37
802948,5002192,20291,16,0.5,17220.35
802949,5003205,20520,9,1.0,16217.8
802950,5005422,20213,26,16.2,2971.88
802951,5007342,20090,41,0.4,18337.0
802952,5004046,20270,4,25.8,1956.51
802953,5007714,20095,45,0.5,99086.18
802954,5009862,20195,44,11.5,43565.29
802955,5006352,20635,48,25.5,55170.89
802956,5004049,21329,4,1.4,6101.13
802957,5006197,21132,37,1.2,13201.83
802958,5011004,20258,22,6.7,890.21
802959,5001866,20649,11,6.6,19351.18
802960,5001427,20098,16,0.2,16508.04
802961,5003530,20989,35,27.0,40700.89
802962,5011052,21233,4,26.0,4318.37
802963,5003567,20256,49,,22717.61
802964,5009153,20373,2,11.8,
802965,5004572,21425,47,21.4,8826.55
802966,5003954,20001,39,,19649.01
802967,5004625,20325,44,27.0,44917.89
802968,5004948,20252,24,1.3,
802969,5005753,20790,3,0.1,6968.56
802970,5007330,20401,13,0.9,23356.36
802971,5007079,20290,40,26.2,13324.15
802972,5006157,20440,35,6.7,
802973,5005755,20123,17,1.7,27815.46
802974,5004991,20650,36,0.6,85155.18
802975,5004199,20988,7,1.9,11998.43
802976,5008892,21262,35,1.9,45614.39
802977,5010421,20388,9,6.4,3906.46
802978,5002265,20939,22,,25908.77
802979,5004921,20892,28,0.5,57579.66
802980,5007492,21013,30,26.3,2314.25
802981,5011555,20372,14,6.0,5410.6
802982,5010123,21496,33,15.9,39601.03
802983,5006421,21028,31,1.3,39520.0
802984,5001815,21191,2,1.9,3784.42
802985,5008973,21257,22,6.8,28722.21
802986,5002876,20813,38,,10897.26
802987,5000337,20101,16,25.1,3186.91
802988,5002513,21215,41,26.6,64639.5
802989,5008546,21348,46,11.4,23155.52
802990,5001943,20501,32,6.5,26421.45
802991,5007248,20708,50,,27550.22
802992,5010173,20899,50,,18787.05
802993,5005638,20796,23,0.0,45389.12
802994,5000668,20166,37,6.0,40949.97
802995,5010567,20175,19,1.3,933.34
802996,5007825,21226,30,15.4,25374.16
802997,5005824,21481,25,25.6,19640.67
802998,5010134,20700,-6,10.1,-5839.06
802999,5007238,20109,41,,69635.14
803000,5002848,21299,1,6.4,1786.5
803001,5006108,21322,40,5.1,27790.9
803002,5004578,20437,46,21.9,88341.32
803003,5011245,21392,40,21.2,45342.15
803004,5011221,21214,33,16.5,53090.49
803005,5000847,20989,36,,42265.21
803006,5007211,20900,13,1.6,29835.29
803007,5000294,21446,26,,19416.98
803008,5002077,20172,36,15.4,51547.39
803009,5004165,20551,4,16.7,6372.48
803010,5007815,21117,46,21.2,62298.71
803011,5011662,21085,43,1.4,69377.97
803012,5006271,20299,38,15.1,52691.27
803013,5010382,20511,27,5.1,23712.55
803014,5003850,21101,12,1.3,9574.1
803015,5010445,20550,39,20.1,26421.41
803016,5010353,20459,1,1.0,1771.18
803017,5004988,21103,18,1.9,21500.73
803018,5005087,20482,38,15.4,
803019,5008528,21034,30,11.2,25728.38
803020,5008876,20567,45,6.2,22657.06
803021,5011297,21075,11,11.0,13985.6
803022,5009440,20898,27,1.4,24026.62
803023,5000382,20971,5,12.0,5643.53
803024,5005068,20998,35,,4282.95
803025,5003467,20820,20,16.5,5772.02
803026,5002150,20505,13,15.2,26241.09
803027,5008671,21151,11,15.1,7291.7
803028,5005868,20339,38,1.4,52782.67
803029,5002481,20178,9,26.5,11611.11
803030,5003670,21446,5,5.4,4004.99
803031,5004923,21337,1,,2305.42
803032,5005266,21211,31,1.4,57432.6
803033,5000502,20560,22,21.3,11426.37
803034,5008461,20904,30,10.4,28165.13
803035,5004996,20120,8,5.3,429.86
803036,5001664,20076,47,6.6,105715.16
803037,5010485,20213,27,11.3,3266.64
803038,5001412,21494,4,,4660.21
803039,5008483,20210,25,20.8,48685.43
803040,5008614,20550,20,1.9,16635.8
803041,5010907,21027,13,6.1,14705.89
803042,5010322,21500,32,1.0,37948.84
803043,5009675,21126,47,0.9,95301.2
803044,5003045,21364,28,0.9,31748.43
803045,5001966,21465,4,1.5,302.16
803046,5010700,21186,13,21.7,12770.98
803047,5002204,20208,27,11.5,28720.83
803048,5010119,20497,8,0.8,11419.27
803049,5006567,20192,18,0.3,37648.91
803050,5009866,20310,21,1.4,12966.93
803051,5005161,20130,19,10.4,6876.67
803052,5005740,20917,41,5.6,10558.06
803053,5011709,21217,50,20.7,57541.27
803054,5007827,20226,45,15.8,2323.79
803055,5004057,20643,39,20.4,59781.43
803056,5004990,21296,46,5.4,1360.31
803057,5010189,20942,16,1.1,24401.4
803058,5009963,21409,-2,15.0,-3807.59
803059,5010071,21169,20,11.6,4116.79
803060,5002576,20703,18,2.0,1263.55
803061,5003177,20766,13,25.4,1650.5
803062,5011155,21253,15,26.4,6329.78
803063,5002542,21385,5,6.2,8335.49
803064,5010637,20390,6,6.2,10545.97
803065,5002759,20939,7,11.7,8115.03
803066,5003735,20491,18,,9363.83
803067,5003057,21049,26,6.7,26643.05
803068,5010004,21309,24,0.8,46811.53
803069,5000619,20519,47,1.9,22962.67
803070,5000619,20434,11,25.4,10458.71
803071,5001473,21190,48,10.6,17331.73
803072,5008105,20159,34,,42948.97
803073,5000914,20821,43,10.2,70101.4
803074,5011360,20427,12,21.4,18734.59
803075,5010068,20431,15,15.7,12173.59
803076,5001424,20025,34,1.3,15637.02
803077,5002590,21281,5,,5340.15
803078,5010953,21190,43,,15456.87
803079,5007913,20009,38,0.3,72319.45
803080,5009832,21099,3,0.5,6684.04
803081,5002630,21404,2,6.8,4221.46
803082,5003196,20775,14,15.2,28305.82
803083,5004107,21433,30,16.7,50821.66
803084,5002258,20979,37,25.2,61769.23
803085,5000835,20359,31,15.0,25634.33
803086,5007080,20551,39,20.8,59073.61
803087,5000114,20575,26,0.1,12504.14
803088,5008329,20502,35,1.0,43472.58
803089,5007511,20193,39,10.2,76130.82
803090,5010745,21228,23,0.6,52185.03
803091,5004164,20683,46,,41351.15
803092,5011923,21227,6,15.7,9586.63
803093,5011056,20704,23,15.1,5299.43
803094,5010807,20951,10,6.7,2342.39
803095,5010381,20129,47,26.5,39012.36
803096,5007236,21423,29,21.3,23967.57
803097,5004270,21262,4,27.0,3879.25
803098,5008816,20075,5,5.4,7288.74
803099,5002935,20873,3,0.6,4510.51
803100,5009232,20395,31,11.1,55678.27
803101,5009478,20789,27,,36819.36
803102,5005443,20505,7,5.7,15712.76
803103,5011558,21472,36,0.9,29730.24
803104,5006551,20572,47,1.8,93356.62
803105,5011568,21418,42,20.7,647.47
803106,5010074,21008,47,16.7,35705.32
803107,5000582,20843,38,26.4,38598.08
803108,5009548,21386,40,5.2,39968.06
803109,5004318,20874,20,1.4,2061.13
803110,5009416,20486,45,1.4,53778.66
803111,5004811,20312,35,16.8,46387.0
803112,5004792,21171,3,1.1,1543.43
803113,5008291,21431,18,25.3,30597.05
803114,5001707,20182,28,0.9,57949.2
803115,5007488,21038,13,26.1,17182.41
803116,5008658,21285,15,0.7,27636.63
803117,5009364,20940,-3,10.7,-1334.46
803118,5009903,21425,24,11.6,5069.14
803119,5000245,20689,34,20.3,66366.8
803120,5004866,20091,20,16.5,17398.23
803121,5004186,20647,22,,46492.66
803122,5003406,21493,15,1.4,
803123,5001386,20758,48,2.0,62919.29
803124,5003650,20420,8,15.9,13331.46
803125,5008750,20342,2,1.3,2525.06
803126,5010537,20529,17,25.2,11377.64
803127,5011798,20519,24,21.3,7198.41
803128,5011709,20184,40,6.3,79866.88
803129,5010319,20575,46,0.5,22034.14
803130,5000516,20840,12,15.6,3722.34
803131,5004605,20035,6,1.3,5574.91
803132,5008103,20906,41,26.3,276.79
803133,5011216,20812,15,26.5,21986.06
803134,5009512,21340,25,25.4,22242.18
803135,5010881,20682,7,11.6,8577.06
803136,5006831,20262,31,0.2,45585.29
803137,5000876,20793,24,25.8,8974.34
803138,5000116,21236,6,20.3,7997.99
803139,5010848,21363,33,20.7,48330.74
803140,5003576,20347,37,10.5,4543.71
803141,5004912,20564,36,20.9,46845.87
803142,5003803,21319,30,0.5,
803143,5006129,20171,7,21.9,74.68
803144,5006889,21106,12,21.3,6667.75
803145,5000697,20251,29,20.9,9535.28
803146,5001126,20181,47,10.6,57617.18
803147,5001448,20794,32,1.6,68365.8
803148,5001148,21068,42,1.5,51640.93
803149,5004086,21217,43,20.9,49360.69
803150,5009524,20453,42,,4841.42
803151,5002870,20352,34,1.5,65050.31
803152,5010838,20019,50,5.9,24942.15
803153,5003483,20064,8,1.9,7370.68
803154,5003470,20216,37,11.5,45593.48
803155,5009508,20532,8,6.0,10054.09
803156,5007349,20341,6,1.6,4441.17
803157,5006953,20831,8,,11517.51
803158,5009977,20940,28,0.6,13863.68
803159,5004705,21288,13,1.1,3241.12
803160,5010525,20574,29,0.9,19220.64
803161,5008857,21242,21,6.0,25807.09
803162,5006635,21444,21,11.6,15062.64
803163,5002828,20620,27,1.8,
803164,5008973,20807,31,21.8,40375.05
803165,5005583,20573,41,16.7,20575.47
803166,5010870,20971,8,0.7,10189.13
803167,5002349,20990,19,1.8,36048.38
803168,5000148,20576,33,15.4,14142.42
803169,5003912,20141,23,26.0,18034.22
803170,5003203,21488,20,1.7,24696.5
803171,5010565,20373,33,,60772.09
803172,5005672,21433,13,,20991.64
803173,5001859,21324,-10,0.2,-5239.8
803174,5009207,21401,36,6.1,15033.65
803175,5005333,21259,28,0.5,17443.7
803176,5005843,20557,44,1.4,41662.09
803177,5005816,20893,15,0.9,35588.74
803178,5011186,21253,40,26.6,16833.56
803179,5010119,20666,46,6.7,13043.64
803180,5002188,21254,25,1.0,51317.14
803181,5011325,20817,21,16.5,24036.28
803182,5009761,21346,29,21.5,
803183,5010503,21499,12,10.1,23746.55
803184,5008788,20305,34,1.7,81012.25
803185,5010653,21459,1,16.5,163.69
803186,5011323,20668,20,16.2,40950.55
803187,5004522,20641,40,2.0,86338.0
803188,5004083,20539,9,1.0,20239.15
803189,5006319,21260,22,15.7,42825.87
803190,5011035,21134,25,0.4,15725.84
803191,5010246,20513,46,25.4,58050.32
803192,5007040,20910,39,21.4,2372.62
803193,5009738,20582,21,1.6,
803194,5002411,21269,48,20.1,78420.25
803195,5000304,20490,8,6.5,10858.57
803196,5001772,20756,11,1.3,18200.67
803197,5004108,20401,20,26.0,26831.81
803198,5000797,20757,27,10.1,28594.32
803199,5005568,20212,20,15.6,21577.37
803200,5002505,20720,22,,46574.46
803201,5001737,21317,47,1.6,82474.52
803202,5010535,20575,6,,2720.93
803203,5006000,21354,28,0.9,7525.81
803204,5007025,20089,14,,23341.12
803205,5007755,20748,26,1.6,12941.67
803206,5000082,20713,29,20.1,30010.38
803207,5000458,20478,13,5.4,28843.11
803208,5004230,20352,38,16.6,61557.91
803209,5009082,20392,15,16.1,13032.65
803210,5009611,21315,16,17.0,28866.2
803211,5007625,20598,36,10.1,22865.49
803212,5002854,20757,49,6.8,53798.27
803213,5010109,21140,35,10.1,
803214,5005022,20435,21,1.6,25755.61
803215,5000272,21175,11,10.6,7543.46
803216,5010543,21380,30,0.8,498.18
803217,5009256,20607,49,6.9,6156.28
803218,5006462,21258,-8,5.6,-3041.34
803219,5007372,21425,13,16.0,2609.12
803220,5007903,20044,15,20.6,10230.45
803221,5004926,21325,24,11.4,45545.36
803222,5006180,20576,44,,18611.38
803223,5006864,20806,-7,1.0,-7542.33
803224,5007898,20862,28,25.6,5751.92
803225,5004310,20679,15,6.7,3480.0
803226,5004052,20751,38,26.9,31823.87
803227,5009373,21067,48,,86841.81
803228,5001157,20532,16,16.8,17797.88
803229,5007240,20690,39,1.8,87519.36
803230,5005337,20061,27,1.2,11273.54
803231,5000895,20210,30,0.7,
803232,5003617,21471,45,16.7,76317.21
803233,5008676,20431,6,20.2,4609.5
803234,5007301,21472,44,0.1,36630.29
803235,5011917,21171,50,,25515.81
803236,5008713,21114,50,26.3,80622.27
803237,5008398,20024,23,1.1,1728.77
803238,5004037,20808,31,10.8,64417.82
803239,5006534,20168,11,15.6,20724.95
803240,5010449,20811,1,21.1,1453.98
803241,5009998,21440,34,6.9,61406.86
803242,5000706,20382,27,10.4,31703.62
803243,5000190,20215,32,6.0,73956.79
803244,5009434,21301,9,0.4,10151.82
803245,5008582,20214,31,0.2,58418.99
803246,5006287,20850,23,21.9,31562.25
803247,5004019,20061,1,21.5,331.75
803248,5002459,20569,6,1.7,9611.03
803249,5007892,20068,39,,743.22
803250,5010929,20824,27,5.3,
803251,5009201,20064,30,0.1,28147.22
803252,5004063,21327,25,5.3,15700.55
803253,5000553,21227,34,10.5,57675.2
803254,5002288,20779,14,1.2,8396.72
803255,5011674,21065,27,20.8,37315.72
803256,5011396,20578,18,1.6,39881.05
803257,5002572,20772,48,20.6,12858.99
803258,5009379,21253,27,6.2,14520.66
803259,5007656,20359,36,20.6,27807.66
803260,5002018,20666,5,15.7,1281.02
803261,5002507,20078,14,0.4,17265.88
803262,5005553,20954,37,21.8,60661.0
803263,5007350,21110,46,15.4,23983.54
803264,5003505,20831,24,5.7,36942.21
803265,5001444,20711,15,26.0,5177.48
803266,5004623,20175,30,10.3,1339.31
803267,5005016,21368,37,1.0,86109.8
803268,5001898,20025,3,0.0,1397.91
803269,5010818,20371,41,15.4,43593.71
803270,5003739,20797,4,1.8,4651.26
803271,5006361,20826,23,16.8,23423.8
803272,5008100,21011,41,2.0,
803273,5009356,21048,20,0.5,41418.67
803274,5003933,20084,35,1.5,39112.58
803275,5009309,21331,19,6.7,27198.89
803276,5009658,21485,43,1.2,102258.99
803277,5002654,20525,36,0.9,2463.43
803278,5007511,20968,2,0.6,961.66
803279,5000814,20621,45,21.7,7039.95
803280,5008853,21491,23,,37585.27
803281,5007058,20596,27,21.3,11958.09
803282,5003459,21194,50,20.7,51077.53
803283,5010142,21442,20,16.9,39727.62
803284,5002430,20877,17,1.8,38871.48
803285,5005173,20615,38,20.1,
803286,5003179,21350,3,6.7,3637.13
803287,5010970,20253,38,16.7,14108.19
803288,5008789,20321,10,25.8,3116.92
803289,5009943,20329,46,0.5,78206.74
803290,5005118,20707,4,21.5,522.31
803291,5005176,20566,49,0.8,60411.97
803292,5000959,20797,34,26.7,29510.89
803293,5007252,20584,25,26.6,38608.4
803294,5001940,21286,37,0.9,37045.77
803295,5009726,20326,50,,106735.46
803296,5000142,20930,14,,13426.15
803297,5002822,21348,14,20.5,6323.51
803298,5010722,20390,18,26.7,24723.44
803299,5009037,21153,27,0.0,37682.55
803300,5008661,21338,42,21.0,59540.85
803301,5000913,20620,47,10.3,71322.49
803302,5007413,21009,44,5.4,28150.31
803303,5009797,20879,47,0.7,51127.61
803304,5002613,20589,48,6.1,78363.53
803305,5010113,20805,35,16.3,69948.26
803306,5010508,21434,27,,42547.23
803307,5005852,20482,19,5.8,9406.47
803308,5007660,20667,36,25.5,19749.44
803309,5007718,20016,36,21.8,39789.47
803310,5003546,20124,19,1.7,18307.57
803311,5009490,21425,33,,7797.96
803312,5002654,20398,10,16.7,14287.78
803313,5010855,21098,17,21.8,9633.5
803314,5010737,21208,23,21.2,9572.55
803315,5011716,20982,4,1.6,1296.44
803316,5005336,20975,47,1.8,69715.62
803317,5004063,21067,3,26.8,3980.97
803318,5002051,20906,47,6.2,403.83
803319,5009484,20688,32,5.2,75750.81
803320,5005763,21110,27,2.0,16307.03
803321,5008690,21001,37,20.5,28927.59
803322,5005449,20069,19,1.5,
803323,5010322,20312,38,5.3,57324.26
803324,5001998,21338,33,,
803325,5007462,21226,39,7.0,36261.66
803326,5006189,20565,26,0.1,24560.75
803327,5007979,20251,11,16.7,3808.88
803328,5000619,21228,49,16.3,
803329,5006595,20503,50,,98107.85
803330,5000344,21056,50,1.0,59299.52
803331,5007673,20532,2,20.7,2120.45
803332,5005032,20910,13,6.0,945.83
803333,5001449,21272,11,1.6,23155.03
803334,5004908,20061,30,1.4,12500.8
803335,5010965,20722,49,26.9,84282.82
803336,5006714,21019,16,25.2,14170.11
803337,5005152,21395,33,0.3,25343.31
803338,5009940,20163,31,,36868.49
803339,5006527,21163,20,0.3,22125.62
803340,5000565,21060,13,21.5,10884.76
803341,5000532,21226,18,1.4,17743.92
803342,5006843,20586,25,0.6,18727.46
803343,5004366,21311,5,0.0,9509.7
803344,5006933,21087,10,,21114.49
803345,5000619,21368,5,1.8,11542.43
803346,5002905,21096,48,0.3,42458.32
803347,5005144,20924,43,15.2,70103.13
803348,5010345,21261,32,11.0,62232.5
803349,5001903,21339,8,25.9,7373.48
803350,5000728,20640,41,11.7,9197.73
803351,5001620,20615,20,21.9,21380.66
803352,5009425,21054,43,16.5,49140.3
803353,5006548,20835,9,0.7,4840.9
803354,5011388,20920,24,21.9,44215.03
803355,5010459,21251,12,21.8,21761.68
803356,5000425,21147,42,16.5,51522.04
803357,5000743,21350,1,1.5,1934.96
803358,5001821,20314,12,16.6,2274.92
803359,5010206,20219,28,25.1,3613.48
803360,5002237,20773,34,26.3,14385.05
803361,5005151,21423,8,,8275.18
803362,5011627,21176,8,1.2,9366.08
803363,5011144,20497,27,21.0,30692.16
803364,5003036,20439,14,,15858.8
803365,5010369,20538,29,25.6,40861.06
803366,5004062,20171,2,26.3,20.13
803367,5006409,20179,15,25.8,11666.8
803368,5001873,21198,25,0.4,39417.45
803369,5005361,20340,46,15.4,93384.39
803370,5000853,20243,15,1.9,32796.94
803371,5006118,20489,34,26.0,36385.13
803372,5009263,20692,3,,
803373,5008478,21436,45,1.1,27502.75
803374,5007471,21429,25,0.2,
803375,5001542,20628,27,0.1,41727.5
803376,5003067,21121,28,1.8,55168.8
803377,5011967,20546,49,5.0,38246.88
803378,5008737,20193,33,0.1,71663.66
803379,5004491,20767,20,5.9,45124.15
803380,5005901,20297,11,,13355.43
803381,5008452,21445,9,20.8,16519.28
803382,5006762,21192,25,6.5,21816.36
803383,5010467,21414,22,6.5,42050.02
803384,5003235,20192,20,5.7,39566.39
803385,5010507,20773,30,15.3,14587.12
803386,5006629,21110,35,25.3,16112.9
803387,5011038,20755,19,0.4,16283.35
803388,5010324,20439,1,1.6,1118.0
803389,5010799,21029,3,5.7,4445.32
803390,5006641,20060,41,20.2,13630.97
803391,5001998,21404,11,1.7,24488.53
803392,5004620,21154,20,20.4,8533.44
803393,5003407,20979,49,,81583.78
803394,5002055,20419,28,5.6,39962.28
803395,5009894,21016,2,16.7,3438.67
803396,5010777,20547,40,10.4,49662.77
803397,5007362,21279,6,11.1,5541.97
803398,5008036,20900,44,,85998.04
803399,5003166,20190,12,1.3,19401.89
803400,5005527,21037,15,25.3,5922.18
803401,5008950,20206,4,20.5,
803402,5001946,20203,5,10.4,5413.45
803403,5009694,20105,36,12.0,36627.78
803404,5008240,21168,44,1.5,24549.94
803405,5000493,20302,10,5.2,12427.43
803406,5002996,20023,17,10.1,3759.92
803407,5003449,20214,45,1.2,83952.04
803408,5003062,20612,7,1.9,6775.26
803409,5000033,21132,-8,1.0,-2860.23
803410,5005236,21075,27,1.8,37876.84
803411,5009086,21358,14,15.1,2724.27
803412,5000098,20078,42,1.0,51485.6
803413,5007541,20414,39,26.8,27412.65
803414,5001084,20942,17,20.2,20919.45
803415,5011786,20576,49,,24548.89
803416,5002491,20560,16,16.5,8816.93
803417,5002065,20410,43,25.9,50912.29
803418,5005826,20732,22,0.3,28140.23
803419,5006921,21466,23,1.9,54120.74
803420,5007025,21361,37,10.4,43754.67
803421,5007000,20495,12,10.9,12407.75
803422,5000260,21082,43,1.2,37199.84
803423,5008065,20717,25,15.1,
803424,5004644,21056,31,6.1,34871.71
803425,5008991,21178,18,6.6,16863.61
803426,5004558,21124,4,1.8,7417.2
803427,5007733,20618,10,1.8,20430.22
803428,5004198,20769,36,6.3,
803429,5003340,21282,37,5.6,83071.71
803430,5002287,20458,29,15.4,10985.1
803431,5008224,20126,10,0.3,20483.46
803432,5011395,21253,44,21.3,19853.96
803433,5007079,20703,19,16.6,
803434,5003915,21382,48,1.6,80986.35
803435,5000085,20902,11,10.9,23512.99
803436,5011951,20732,39,15.8,42129.51
803437,5003073,20921,12,1.5,21450.58
803438,5004359,20588,28,21.6,39382.55
803439,5010349,21345,48,0.1,100204.34
803440,5000751,21427,27,11.8,29038.32
803441,5002059,21009,46,1.3,30705.37
803442,5005420,21282,47,21.9,87302.83
803443,5005367,20054,8,1.6,17035.56
803444,5006860,20945,22,15.5,10189.55
803445,5011237,21295,45,1.7,54394.45
803446,5008905,21494,43,0.4,50759.75
803447,5009015,20283,34,0.0,13317.12
803448,5004423,21376,47,0.2,
803449,5008611,20069,2,10.4,4460.72
803450,5005453,21233,9,1.0,12998.89
803451,5011477,21105,2,1.9,4708.25
803452,5009528,21186,15,0.3,18763.14
803453,5006667,20124,45,15.7,37184.65
803454,5001175,20913,18,26.6,16636.95
803455,5000125,20391,17,0.1,32209.79
803456,5006952,20503,11,1.8,21605.73
803457,5008811,20393,47,11.1,75658.15
803458,5004003,20234,32,25.3,40113.3
803459,5009534,20013,-3,20.2,-98.87
803460,5007881,20357,36,16.9,36156.48
803461,5002239,20204,16,21.2,3286.65
803462,5009914,21086,24,21.8,17798.45
803463,5004442,20487,24,21.2,34043.68
803464,5002000,20458,5,1.1,
803465,5007562,21020,34,16.4,65393.39
803466,5005536,20571,5,21.3,8487.99
803467,5001369,20449,32,15.3,46289.02
803468,5009609,20553,2,16.0,2056.94
803469,5008645,20603,36,,51646.87
803470,5000273,20379,21,1.0,4738.46
803471,5011884,20307,49,,33159.5
803472,5008195,20524,36,1.7,25659.13
803473,5008326,21484,33,1.6,55920.03
803474,5000138,21357,41,16.5,78456.01
803475,5008345,21131,32,,14217.75
803476,5003861,21451,6,0.8,1022.38
803477,5007911,20599,10,11.7,12874.93
803478,5003133,20100,23,2.0,39499.32
803479,5001964,20247,30,10.3,34866.75
803480,5004749,21435,49,0.1,55060.57
803481,5011304,20044,41,0.9,34901.22
803482,5010394,21301,14,10.1,14253.77
803483,5001316,20859,46,1.1,751.11
803484,5009568,20139,10,0.1,7477.81
803485,5008187,21047,43,1.3,58032.13
803486,5010854,20421,19,1.7,17944.3
803487,5009907,20133,8,21.4,13204.55
803488,5002416,20448,44,6.4,27100.72
803489,5007528,20532,12,11.0,14278.95
803490,5008956,21066,46,21.1,7184.76
803491,5008598,21459,44,5.3,8168.18
803492,5008107,20962,28,10.5,45517.23
803493,5009228,20335,19,,25018.99
803494,5005050,20987,41,,22463.47
803495,5000495,20856,46,,38733.62
803496,5000033,20213,47,5.0,
803497,5005261,21099,47,,87456.82
803498,5004076,20809,9,21.6,17045.11
803499,5008835,20445,45,1.3,66163.69
803500,5011951,20335,44,2.0,57353.48
803501,5005639,20833,2,5.7,
803502,5001033,20160,50,7.0,21972.18
803503,5000705,21228,38,5.4,82055.26
803504,5007744,20077,29,5.6,58037.94
803505,5003659,21080,40,25.1,49050.21
803506,5002115,20160,2,,889.28
803507,5002201,20570,48,0.4,30102.79
803508,5007350,21488,24,11.8,26590.82
803509,5001440,20514,29,26.4,47813.76
803510,5000615,20332,5,1.7,4507.79
803511,5009701,21347,-5,25.1,-2918.74
803512,5009824,20943,4,5.4,1430.2
803513,5000157,20639,22,1.7,33636.22
803514,5002751,20171,30,1.7,402.83
803515,5010797,21163,35,1.9,38098.46
803516,5008106,20960,14,16.0,18181.08
803517,5005641,20160,20,0.7,9384.25
803518,5005934,20379,43,,9222.33
803519,5006924,20956,47,5.4,61812.85
803520,5000443,21294,34,0.6,35695.67
803521,5004692,20756,41,0.0,68732.4
803522,5010697,20197,37,1.3,86768.78
803523,5002638,21026,18,0.9,3808.06
803524,5003533,21471,48,5.3,92545.69
803525,5001676,20398,46,21.9,61620.99
803526,5001897,21182,47,6.2,52656.76
803527,5005024,21378,36,15.7,21879.09
803528,5002133,20108,30,0.7,70179.88
803529,5009954,20076,50,1.4,118724.26
803530,5001393,20695,49,0.4,119586.39
803531,5010875,20464,28,26.8,4160.28
803532,5007273,20134,16,0.9,3873.15
803533,5007199,21256,6,10.7,8871.83
803534,5008307,21166,30,21.5,46446.72
803535,5001156,20398,24,20.5,32726.4
803536,5000280,20727,-6,0.6,-7070.02
803537,5000280,20861,7,0.6,8627.43
803538,5006572,20813,38,15.6,11656.89
803539,5001475,20651,35,21.6,64737.0
803540,5008060,20279,33,11.6,27944.44
803541,5003217,20279,2,6.2,
803542,5010924,20888,-10,2.0,-17885.69
803543,5009253,20604,27,,39853.05
803544,5006235,21258,43,1.1,17126.47
803545,5002938,21150,14,5.5,10836.3
803546,5002716,20372,25,15.5,8685.33
803547,5001867,21116,24,5.3,54339.92
803548,5005802,20188,15,0.7,15509.27
803549,5005254,21182,35,1.2,41302.7
803550,5002264,20491,26,0.5,14424.34
803551,5010574,20457,8,,19700.09
803552,5010583,21166,1,26.9,1441.72
803553,5006392,20165,43,1.6,37636.52
803554,5002649,20550,50,15.2,35950.96
803555,5000739,20331,5,1.7,1222.31
803556,5001346,20794,27,,58094.0
803557,5007824,21164,49,15.7,28330.82
803558,5006026,21275,6,1.5,6275.59
803559,5001190,20851,8,1.4,19023.41
803560,5008848,20678,1,1.4,2347.18
803561,5010711,20110,4,21.1,4847.74
803562,5010537,20641,43,1.2,93571.01
803563,5007854,20540,29,,37582.74
803564,5005804,20764,38,11.5,33255.7
803565,5010566,20583,29,11.8,56241.42
803566,5001130,20584,36,20.2,60443.71
803567,5004052,20212,20,10.9,22778.95
803568,5004637,21296,42,,1026.7
803569,5011582,20163,49,21.7,48698.08
803570,5006864,20473,26,21.5,6199.74
803571,5009026,20342,28,20.7,28402.47
803572,5007703,20724,30,1.8,62937.75
803573,5002344,20005,39,1.6,30907.65
803574,5007224,20707,4,6.4,622.78
803575,5010643,21277,18,1.4,19478.25
803576,5001265,21411,13,0.5,28142.16
803577,5007491,20899,45,21.8,13275.43
803578,5011348,20502,8,21.8,7848.9
803579,5009993,21382,50,,68157.34
803580,5000466,20553,23,15.5,23795.63
803581,5007731,21106,21,6.8,
803582,5003251,20764,39,21.7,30197.12
803583,5008425,21449,-1,20.4,-85.89
803584,5010923,20486,50,16.0,50906.1
803585,5005389,21308,3,1.6,5574.59
803586,5009487,20286,40,11.9,42176.64
803587,5006747,21039,45,10.6,96811.89
803588,5002920,20338,14,25.4,14371.99
803589,5006043,20517,6,1.0,346.48
803590,5007939,20183,44,,62895.57
803591,5011169,20973,29,2.0,42392.12
803592,5003689,21427,29,15.8,29774.82
803593,5010783,20747,3,0.4,6110.76
803594,5007233,21252,39,11.9,52434.93
803595,5011867,21285,9,1.7,16414.99
803596,5005074,20227,31,11.4,56426.43
803597,5008628,20867,17,25.9,1232.49
803598,5002410,20676,46,,97652.57
803599,5008388,20827,43,,41163.28
803600,5009091,21324,38,5.1,18933.63
803601,5001640,20466,12,0.1,22044.01
803602,5009372,21373,6,25.7,5341.09
803603,5005181,20553,49,21.6,47035.4
803604,5000378,21109,-6,6.3,-12542.12
803605,5002318,21496,10,0.2,14240.56
803606,5011882,21486,20,2.0,18637.05
803607,5002699,20176,8,6.7,6850.09
803608,5007195,21247,37,1.4,24149.99
803609,5002170,20083,44,0.3,34076.66
803610,5011902,20441,31,26.7,9642.73
803611,5010496,21012,32,22.0,10958.19
803612,5005219,20566,18,20.2,17852.15
803613,5000012,20734,47,21.6,65025.67
803614,5000869,20002,27,25.5,13529.75
803615,5006479,21355,48,1.5,
803616,5003344,20857,21,16.7,6835.56
803617,5004466,21432,29,11.0,51231.82
803618,5011858,21389,28,5.8,31035.06
803619,5009152,20049,26,,11402.12
803620,5009133,20665,4,20.2,3637.83
803621,5011813,21428,27,26.8,11649.1
803622,5009383,21448,24,0.0,13680.96
803623,5008156,21369,13,25.8,6125.79
803624,5009992,20764,9,10.6,7956.45
803625,5003846,20478,1,10.5,2099.09
803626,5009354,21473,23,25.3,21766.09
803627,5000505,21341,28,11.2,44372.29
803628,5009181,20589,24,10.2,37470.95
803629,5009051,21048,12,1.6,24576.46
803630,5005987,21215,6,0.3,12848.86
803631,5001516,20048,48,1.9,617.79
803632,5003815,21378,16,6.7,10762.19
803633,5009752,21110,42,1.6,25470.03
803634,5004223,20784,34,1.0,42916.5
803635,5007594,20476,7,11.2,6400.06
803636,5010289,21035,9,20.0,7018.49
803637,5001946,21272,18,0.7,38236.6
803638,5009548,20631,8,25.9,
803639,5002960,20309,17,6.7,31647.77
803640,5000592,20014,12,20.4,12002.47
803641,5010445,20943,39,16.5,12308.27
803642,5008884,21012,47,15.9,17353.54
803643,5000432,20225,5,10.6,9340.02
803644,5001303,20259,16,7.0,17717.91
803645,5008083,20936,24,1.2,16536.27
803646,5002680,20549,37,11.9,32213.66
803647,5001603,20326,39,25.1,63370.93
803648,5009739,20545,4,1.7,4584.0
803649,5005305,20479,41,11.3,31673.47
803650,5002435,20270,24,1.5,15583.49
803651,5008711,20408,28,16.4,26907.5
803652,5005539,21148,29,20.9,9678.19
803653,5008908,20352,21,21.5,32020.13
803654,5002656,21399,33,20.9,31147.4
803655,5007093,20052,39,21.1,53363.07
803656,5000403,20711,27,0.1,
803657,5000634,20332,24,16.6,18357.67
803658,5001415,20918,39,1.2,10324.65
803659,5002702,20602,24,11.4,13516.04
803660,5005282,20588,4,0.5,7140.24
803661,5008128,21419,11,5.1,11074.42
803662,5007988,21095,41,6.5,79927.71
803663,5000317,20827,44,,41951.4
803664,5010693,21281,39,11.0,37712.42
803665,5000874,20734,5,10.9,7861.74
803666,5002716,21243,15,5.4,31279.58
803667,5003693,21243,31,1.6,67241.19
803668,5005242,20394,25,21.1,25927.13
803669,5006066,21367,10,,2936.32
803670,5003475,21468,39,5.3,87917.53
803671,5006369,20421,22,10.9,18833.01
803672,5004597,20493,47,0.8,57777.39
803673,5011231,20282,2,5.2,3494.92
803674,5008566,20099,23,5.1,
803675,5011417,20845,36,1.3,62804.59
803676,5002776,20783,49,0.9,107447.96
803677,5009860,20851,48,21.6,90756.72
803678,5002626,21139,43,0.0,80538.57
803679,5008597,21383,20,,17815.06
803680,5008254,21330,49,10.9,15984.43
803681,5001261,20123,30,0.1,49885.06
803682,5003103,20317,41,10.5,89409.2
803683,5003994,20119,17,11.4,55.88
803684,5011119,20978,-7,0.7,-10463.34
803685,5010907,20210,26,0.2,63802.5
803686,5008374,20955,29,10.3,51419.64
803687,5010080,20497,42,25.0,45325.98
803688,5009413,20751,44,10.0,45367.74
803689,5002977,21444,33,,23616.32
803690,5005266,20294,44,1.2,91193.39
803691,5004628,21106,32,21.8,17667.69
803692,5004787,20662,-2,5.1,
803693,5006504,20681,3,11.3,408.36
803694,5004682,20576,32,26.1,11979.37
803695,5004404,21458,6,0.4,6847.3
803696,5003316,20998,27,5.9,3169.27
803697,5011267,21162,15,16.5,26235.12
803698,5010725,20545,17,20.1,15835.33
803699,5005054,20631,16,0.6,11986.69
803700,5011331,21499,27,,59194.67
803701,5003056,20035,22,0.3,20648.45
803702,5000951,20946,5,1.0,11786.15
803703,5007081,21132,27,0.6,9692.28
803704,5000662,20590,20,1.4,
803705,5001845,20546,38,,30878.5
803706,5003878,20008,35,1.9,16895.91
803707,5006380,20433,47,15.2,13741.55
803708,5005295,21198,44,21.4,54747.51
803709,5011123,20205,7,21.8,5451.45
803710,5007117,20362,9,15.1,7317.71
803711,5010026,20835,40,25.1,16228.43
803712,5006307,21161,3,10.3,6040.08
803713,5010512,20823,4,25.6,4417.25
803714,5004718,20988,50,0.7,86751.46
803715,5009015,20458,20,5.0,8507.25
803716,5003929,20978,8,1.4,11873.81
803717,5000038,21463,4,0.1,1750.65
803718,5003063,21050,22,,27039.39
803719,5005010,20777,45,1.0,47276.01
803720,5010103,20733,48,15.5,20376.13
803721,5003788,20617,47,0.7,34899.17
803722,5001502,20031,12,1.0,8213.24
803723,5006090,20626,3,1.0,1379.12
803724,5009120,21031,10,0.6,7467.03
803725,5004407,20481,39,1.4,65900.16
803726,5009584,20084,22,10.2,22413.58
803727,5009715,21200,30,6.5,35975.81
803728,5007883,20795,43,11.1,22495.82
803729,5008281,21004,8,1.9,18879.78
803730,5000104,20651,48,6.9,105428.82
803731,5004613,20012,23,1.1,40228.3
803732,5002423,21131,4,25.7,1669.37
803733,5009985,20256,1,0.2,548.87
803734,5003748,21439,28,11.8,16149.95
803735,5002814,20198,6,1.6,10570.23
803736,5005690,20839,50,25.5,11670.42
803737,5005233,20211,43,1.1,86561.16
803738,5007146,20921,27,1.5,48263.81
803739,5005234,20963,40,20.6,68843.29
803740,5000953,20333,36,26.6,52925.95
803741,5002368,20512,47,1.1,62779.47
803742,5007570,20025,43,10.5,17932.86
803743,5008831,20030,12,16.0,13141.5
803744,5005679,20627,44,1.6,
803745,5011665,20441,11,25.5,3477.63
803746,5005572,21122,38,20.9,39002.96
803747,5008544,20295,35,0.7,1791.62
803748,5001272,21138,8,20.7,13795.85
803749,5010908,20787,46,1.7,13275.55
803750,5001711,20388,10,1.1,4586.29
803751,5005556,21324,34,21.1,14084.45
803752,5003659,21199,48,0.3,9245.3
803753,5001503,21310,16,0.8,35423.29
803754,5011010,20364,6,16.1,1917.8
803755,5006198,20627,14,11.9,434.53
803756,5009883,20465,16,1.9,11749.71
803757,5002518,20481,5,21.4,6735.0
803758,5006145,20824,16,1.1,27226.46
803759,5002192,20845,35,26.0,45779.54
803760,5002183,21426,30,1.4,61372.29
803761,5002551,20110,24,1.7,36238.26
803762,5011259,20162,22,0.9,31795.82
803763,5011996,21138,30,1.4,64325.56
803764,5010161,20868,41,25.1,31305.68
803765,5005997,21260,41,6.0,88995.41
803766,5000444,21488,-7,10.0,-7913.93
803767,5007397,20491,50,,
803768,5007431,20082,50,1.3,10404.46
803769,5001419,20981,47,,5982.55
803770,5000525,21009,47,,25047.45
803771,5010499,20223,50,,94751.17
803772,5002514,21067,32,1.5,57140.4
803773,5006521,20543,13,5.1,28507.48
803774,5008439,20489,43,5.4,58826.49
803775,5009935,20118,33,1.5,25159.2
803776,5006010,21077,18,1.2,1679.52
803777,5001960,21040,24,0.1,41838.84
803778,5006753,21142,36,0.5,60444.82
803779,5005336,20200,1,20.4,507.22
803780,5011809,20349,25,21.6,38540.46
803781,5005662,20765,30,21.8,749.08
803782,5005864,21397,2,1.2,588.57
803783,5007760,20735,8,1.9,5541.08
803784,5010836,20625,30,,19884.01
803785,5003909,20028,40,1.8,54730.79
803786,5005739,21423,27,10.3,25433.58
803787,5008563,21246,32,20.5,16049.33
803788,5002946,20751,10,11.6,
803789,5004648,21134,10,,5614.57
803790,5007576,20983,49,26.9,42115.62
803791,5007909,21399,36,1.4,42355.6
803792,5009593,21327,22,10.4,13072.41
803793,5002426,21400,24,0.5,53376.1
803794,5001020,20848,6,11.2,7386.15
803795,5011612,20641,46,1.1,100200.54
803796,5001058,21384,15,20.5,29786.86
803797,5010109,20295,4,1.3,203.52
803798,5002363,20760,19,26.3,22450.31
803799,5003263,21449,29,0.8,3104.07
803800,5002796,21337,47,,
803801,5010262,20705,38,21.0,58233.4
803802,5011116,20245,13,21.5,11395.52
803803,5010720,20760,13,20.8,16507.06
803804,5001043,21479,17,1.5,31647.88
803805,5007084,21138,18,15.6,33036.98
803806,5006766,20399,1,15.8,1755.49
803807,5003265,21262,37,1.6,48368.39
803808,5008244,20479,4,1.8,3421.05
803809,5004128,20533,9,1.1,7584.54
803810,5008725,21207,4,11.1,8112.62
803811,5009370,21101,37,1.1,29579.95
803812,5010933,20153,28,0.3,41480.94
803813,5008728,21085,50,,76993.32
803814,5010146,20400,35,20.6,62250.43
803815,5011903,20340,36,20.6,68591.31
803816,5001621,20391,10,10.2,17031.38
803817,5008207,21139,49,6.8,85535.71
803818,5007123,21137,19,7.0,
803819,5010623,20474,14,1.3,11608.36
803820,5008645,21375,23,15.9,37174.15
803821,5010974,21135,29,,19385.65
803822,5008980,21063,34,21.8,
803823,5007751,21430,23,1.6,20938.67
803824,5001008,20838,29,5.3,56416.69
803825,5008943,21231,28,21.8,19883.54
803826,5011118,21233,35,1.4,50346.98
803827,5007039,20282,28,1.4,50890.1
803828,5005741,20585,42,20.9,75018.27
803829,5010378,20377,5,0.8,4809.81
803830,5006298,20238,27,10.2,341.14
803831,5004114,21044,14,6.6,10516.5
803832,5003024,20487,45,,79789.88
803833,5004020,20030,29,25.5,28166.87
803834,5003186,21287,35,12.0,68445.92
803835,5007935,20100,16,20.5,22290.66
803836,5003249,20596,38,20.9,16915.44
803837,5009032,20207,-5,16.6,-10230.59
803838,5000965,20285,-3,0.6,-1368.17
803839,5007123,20772,6,26.0,1498.06
803840,5005136,21319,35,0.7,50044.07
803841,5005202,20984,47,26.1,53196.37
803842,5001729,20242,41,26.7,41469.53
803843,5000317,20819,8,5.8,14176.42
803844,5002967,21313,16,16.7,29166.2
803845,5001551,21297,14,25.3,25954.25
803846,5007842,20764,16,16.1,13274.59
803847,5010944,20751,16,1.5,18055.44
803848,5003785,20439,7,20.9,6291.03
803849,5011771,21301,1,25.8,840.32
803850,5006549,20785,34,10.8,18421.23
803851,5002667,20337,12,1.7,16229.05
803852,5006277,21140,10,5.7,7613.03
803853,5008397,20247,30,1.1,38442.83
803854,5001325,20689,-8,0.2,-19553.93
803855,5006664,20484,48,11.5,62980.0
803856,5006112,21432,6,20.9,9420.62
803857,5010698,21282,2,,4666.36
803858,5009867,21498,26,0.7,773.51
803859,5006998,21398,41,10.9,89148.79
803860,5005034,20716,18,0.1,4745.63
803861,5004775,20387,43,0.2,38305.04
803862,5006038,20713,36,26.7,34176.95
803863,5006727,21465,-7,,-481.0
803864,5005338,20334,46,10.1,54731.61
803865,5004366,20042,-4,10.8,-3341.61
803866,5005112,20662,42,16.8,37158.4
803867,5005046,20511,10,1.7,
803868,5007542,20367,8,10.8,17763.07
803869,5005316,20992,35,,70557.91
803870,5011779,20151,37,1.6,79667.99
803871,5003980,20831,45,,73306.59
803872,5007458,20668,7,0.2,15276.08
803873,5003768,20076,49,20.0,94401.44
803874,5008077,20196,25,26.7,25172.14
803875,5000301,20099,22,6.9,30324.83
803876,5004582,20388,20,11.9,8170.92
803877,5002571,20351,36,0.8,35337.38
803878,5004860,20695,46,6.4,105501.84
803879,5005405,20631,23,1.2,17126.85
803880,5002241,21453,13,0.8,8583.45
803881,5008506,21044,32,16.0,21618.51
803882,5002843,20759,20,0.8,8858.36
803883,5008611,21032,18,6.0,18307.78
803884,5007304,20207,49,20.1,96052.28
803885,5011593,20400,13,15.0,24752.33
803886,5001757,21450,9,10.7,12900.83
803887,5005471,20813,18,11.6,
803888,5006590,20686,32,1.9,46945.79
803889,5006899,21400,50,15.2,94771.63
803890,5011218,21133,35,16.4,10388.47
803891,5009828,20899,47,0.5,17642.1
803892,5011609,20837,-4,1.6,-2011.3
803893,5005411,20469,8,1.5,2947.83
803894,5009245,20630,24,,21351.13
803895,5001524,21271,6,5.5,8151.76
803896,5006816,20423,10,1.0,14664.08
803897,5005543,20027,17,26.5,187.18
803898,5008186,20949,11,20.4,3575.25
803899,5007968,20988,25,11.5,38658.13
803900,5007044,21274,41,16.4,46310.65
803901,5003515,20814,33,11.3,43847.96
803902,5010219,20022,29,16.9,45535.3
803903,5003359,20849,6,26.1,5522.64
803904,5007062,20680,13,0.6,6564.25
803905,5011636,20133,15,26.3,23215.06
803906,5005897,20813,26,,9355.46
803907,5000195,20249,20,1.7,32141.74
803908,5007593,20795,28,1.5,16230.28
803909,5004438,21447,16,20.3,22151.24
803910,5011752,20821,14,16.6,21197.08
803911,5002205,20304,47,11.9,89074.74
803912,5006718,21196,43,1.7,57392.43
803913,5001636,20734,10,0.3,17594.06
803914,5000684,21120,47,1.2,24011.59
803915,5011654,21028,35,0.4,45026.22
803916,5007049,21282,25,16.3,49767.39
803917,5010700,20471,47,26.5,70893.59
803918,5010786,20321,45,25.1,14158.46
803919,5006903,20165,35,25.3,23255.98
803920,5011895,20113,14,5.3,8982.96
803921,5002048,20285,46,26.3,15554.58
803922,5010849,20141,19,1.8,19769.83
803923,5008990,21350,2,25.8,2916.74
803924,5001833,20084,28,,23761.39
803925,5010808,20098,39,15.6,34029.22
803926,5005922,21092,38,11.7,55881.5
803927,5002931,21456,48,25.1,79700.55
803928,5011795,21415,30,26.6,10216.18
803929,5005766,20746,21,11.6,19440.22
803930,5001890,20736,24,26.7,28779.1
803931,5008712,20492,45,20.6,88546.09
803932,5008802,20577,30,0.4,71997.06
803933,5003052,21348,15,0.3,8496.68
803934,5003304,21091,49,21.4,75725.84
803935,5003363,21041,26,5.4,52398.58
803936,5000834,20122,18,,27384.48
803937,5003918,21155,27,11.4,26465.39
803938,5002108,20102,40,1.6,30391.82
803939,5000624,20329,16,0.8,
803940,5002454,21316,22,25.5,37074.51
803941,5002513,20878,37,20.1,70643.74
803942,5009024,20332,5,25.0,3439.31
803943,5009292,21407,38,0.8,31680.47
803944,5009300,21155,48,15.2,45031.65
803945,5006108,20416,31,1.1,
803946,5006672,21364,5,0.9,5669.36
803947,5004578,21017,38,26.3,17646.02
803948,5004383,20781,42,20.5,27861.28
803949,5007748,20682,34,5.5,44534.75
803950,5008444,20257,31,1.6,20217.14
803951,5011337,21419,4,0.3,3610.26
803952,5005324,20219,5,,634.93
803953,5007091,21169,10,11.6,2058.39
803954,5010082,20296,19,20.9,36798.06
803955,5006456,21340,4,21.9,3725.71
803956,5005539,20643,46,17.0,73523.23
803957,5004423,21479,33,0.7,61933.08
803958,5005277,20867,18,20.4,1401.85
803959,5010793,21044,15,1.6,11870.88
803960,5009743,20068,16,15.4,28945.92
803961,5006756,20260,29,0.9,47395.21
803962,5005499,21221,20,20.7,37159.66
803963,5000736,20434,36,15.2,38908.55
803964,5007259,20285,49,11.9,19806.37
803965,5007642,20840,42,0.7,15328.21
803966,5010792,20446,14,,6595.25
803967,5000009,20384,12,11.7,4755.59
803968,5006884,21456,30,0.3,66306.28
803969,5000929,20028,48,16.9,55577.94
803970,5001390,20438,47,26.0,59502.32
803971,5003341,20312,14,1.7,21922.32
803972,5009543,20676,45,26.7,71089.6
803973,5002009,20992,16,1.6,32222.3
803974,5002581,21487,32,1.1,66864.31
803975,5000653,20171,9,6.4,115.07
803976,5009988,20227,14,25.2,
803977,5011704,21272,20,0.7,42485.11
803978,5008938,20195,35,0.9,38804.88
803979,5002260,20998,17,26.8,1552.26
803980,5009626,20556,22,0.5,14351.96
803981,5001746,20453,42,1.4,5967.06
803982,5008621,20984,11,25.4,12568.15
803983,5001735,20032,24,0.6,27332.77
803984,5010336,20539,28,,62648.25
803985,5011122,20090,47,,20936.04
803986,5005083,21484,26,1.4,44147.76
803987,5011608,20529,44,1.2,38896.57
803988,5002772,21065,4,1.2,6896.36
803989,5007831,20876,25,16.3,51012.43
803990,5005999,20008,33,15.5,13721.93
803991,5004869,20872,37,1.9,
803992,5004498,21280,46,25.6,1448.7
803993,5007836,20479,41,26.7,26174.36
803994,5004268,20702,49,16.3,100288.27
803995,5009107,21189,28,10.4,52331.31
803996,5010397,20208,3,0.6,3584.24
803997,5003218,20196,1,10.5,1229.42
803998,5006305,20426,13,25.9,12803.03
803999,5005402,20910,31,0.6,2385.0
804000,5002624,20887,31,,13461.15
804001,5001117,20027,29,26.7,318.43
804002,5004373,20336,44,1.7,82878.62
804003,5010393,20638,47,0.3,103472.64
804004,5008400,20548,21,1.0,9353.01
804005,5002958,20142,-6,1.1,-1301.86
804006,5004138,21375,35,20.4,53542.46
804007,5010628,20437,45,0.9,109658.21
804008,5001793,20232,28,20.5,31890.79
804009,5011141,20640,34,25.7,6418.06
804010,5001214,21079,5,1.2,10734.13
804011,5003463,20445,28,5.5,39416.67
804012,5005250,20581,6,1.2,13864.88
804013,5001432,20354,16,26.6,12945.18
804014,5004368,20903,21,25.1,19449.38
804015,5002662,20785,2,20.4,966.98
804016,5003678,20832,17,1.3,40534.04
804017,5007871,20216,46,25.9,47460.66
804018,5006932,20103,32,1.0,
804019,5007565,20965,10,10.9,
804020,5004453,21487,37,11.8,80146.82
804021,5007537,21380,22,6.4,344.71
804022,5005097,20604,16,1.1,28106.91
804023,5011738,21052,27,16.9,52270.58
804024,5001254,21146,47,0.9,69046.21
804025,5005417,20946,26,1.0,61287.97
804026,5009203,21268,35,1.4,73025.23
804027,5001524,21132,4,5.2,1369.44
804028,5003149,21391,27,,1563.55
804029,5000683,21040,19,10.7,29607.92
804030,5005762,21201,32,21.1,45561.03
804031,5009635,20556,43,16.2,23625.33
804032,5009487,21170,29,11.3,61073.09
804033,5011364,20377,3,20.4,2315.69
804034,5010529,20350,32,0.1,6858.1
804035,5006530,20453,6,0.1,863.68
804036,5011034,20676,45,21.5,76132.79
804037,5007230,20992,6,16.7,10229.11
804038,5005245,20829,28,26.9,42843.41
804039,5003079,20748,14,0.4,7053.57
804040,5006756,20332,15,0.4,13702.22
804041,5007661,20022,14,25.4,19734.04
804042,5009105,20471,41,16.9,69920.85
804043,5002526,20867,17,16.8,1383.85
804044,5006973,20067,35,1.9,29037.45
804045,5004723,20287,47,20.3,65411.28
804046,5010033,20766,15,1.0,2527.32
804047,5008064,20662,7,10.0,6699.23
804048,5004795,20974,15,10.2,30239.34
804049,5002054,20414,49,15.2,39899.48
804050,5008954,20691,28,11.6,34414.44
804051,5007070,20741,31,26.1,55970.12
804052,5005334,20364,3,,856.04
804053,5007389,21354,36,11.7,8621.54
804054,5000011,21255,42,0.4,101307.06
804055,5007082,21186,29,25.7,27033.73
804056,5004757,21163,44,,48285.79
804057,5009528,21279,42,1.3,43070.29
804058,5010800,20088,22,6.6,25685.62
804059,5006803,20098,3,1.4,3058.04
804060,5001301,20362,5,21.3,9202.55
804061,5006841,20219,2,1.0,341.15
804062,5006726,20581,7,20.4,13032.24
804063,5005075,20942,4,,
804064,5005180,21079,36,26.8,57260.26
804065,5006441,20561,6,16.8,360.97
804066,5005020,20414,2,2.0,1882.05
804067,5000704,20414,47,6.4,42242.44
804068,5002550,21444,46,25.4,27843.66
804069,5011366,21331,47,25.6,
804070,5005303,20662,38,1.7,39721.12
804071,5006887,20263,31,11.1,41242.87
804072,5011959,20184,49,26.8,76431.84
804073,5008089,20464,49,0.9,9856.51
804074,5004557,20187,3,15.8,5052.38
804075,5003396,20926,21,,11163.16
804076,5005178,21481,9,11.8,8382.13
804077,5007491,20796,23,10.9,40441.71
804078,5006644,21345,9,,15779.17
804079,5008038,20634,42,0.1,51179.11
804080,5002417,20698,14,1.8,
804081,5007355,20525,30,6.0,1947.21
804082,5008892,21080,5,16.4,6843.45
804083,5000144,20778,4,25.2,604.02
804084,5007349,20635,39,0.1,
804085,5005886,20965,39,1.1,46953.25
804086,5003102,20814,33,,49285.7
804087,5011718,20876,13,1.3,31280.31
804088,5005223,21429,23,2.0,35543.1
804089,5011612,21298,22,20.9,
804090,5002312,20654,15,1.1,22649.78
804091,5002315,20126,49,26.2,74295.19
804092,5001922,20676,5,,9127.31
804093,5006601,20017,27,15.5,23143.31
804094,5000591,20427,21,11.4,36956.73
804095,5004345,20039,6,25.4,420.03
804096,5005794,20552,39,11.4,57613.96
804097,5001970,21227,18,11.4,30226.88
804098,5010463,20487,37,26.5,48953.99
804099,5010299,20447,1,25.7,885.38
804100,5005238,21050,24,1.6,29467.57
804101,5008975,21073,38,6.0,41429.13
804102,5007906,20690,13,0.7,29499.9
804103,5010317,21181,48,26.7,27098.72
804104,5005306,20983,23,0.5,26907.95
804105,5002770,20217,14,0.0,5403.3
804106,5011093,20001,4,1.4,2011.2
804107,5010426,21417,14,1.0,20854.86
804108,5000374,21459,8,1.4,1546.28
804109,5008819,21389,35,1.0,40770.58
804110,5003191,21272,16,,31968.65
804111,5002151,20653,24,1.0,23907.31
804112,5002215,21299,22,27.0,30652.92
804113,5008848,21429,9,1.1,14035.9
804114,5008557,20952,13,11.8,
804115,5011539,21195,15,5.6,
804116,5008177,21444,7,1.8,5577.49
804117,5009949,21349,35,1.3,84810.05
804118,5008387,20804,35,16.4,36452.69
804119,5011635,21393,2,11.4,2705.26
804120,5002144,21430,33,1.3,
804121,5011838,20061,49,1.6,20376.56
804122,5005799,20529,20,5.6,16892.88
804123,5010021,21121,44,16.5,73716.24
804124,5007121,20973,28,10.2,37505.54
804125,5005423,20032,2,21.3,1803.39
804126,5004583,20138,8,11.5,14488.37
804127,5009857,20139,36,21.3,21207.35
804128,5001316,20061,32,25.9,10020.93
804129,5003672,20948,10,1.1,10540.47
804130,5003138,21271,4,0.4,5727.8
804131,5010523,21206,30,0.5,4811.22
804132,5004170,21342,22,6.4,27735.57
804133,5001466,21396,28,0.2,49170.26
804134,5001787,20553,43,0.1,
804135,5009794,21232,43,25.4,12439.53
804136,5011150,20034,48,0.2,115520.98
804137,5003679,20281,33,0.6,25784.01
804138,5010847,21376,3,,2469.35
804139,5000251,21365,35,11.0,49895.14
804140,5010603,20593,15,0.8,35271.25
804141,5008469,20639,12,0.3,18608.33
804142,5004921,20715,7,11.8,9262.3
804143,5005423,21361,19,16.4,20964.02
804144,5010526,20004,14,26.7,19166.34
804145,5005391,20959,24,5.9,9018.02
804146,5010453,20284,18,2.0,42249.03
804147,5009096,21308,12,1.4,22343.67
804148,5000060,20841,16,20.3,5623.38
804149,5009829,20204,43,0.1,11198.03
804150,5001074,20605,35,0.7,64993.94
804151,5006082,20067,-7,25.2,-4428.14
804152,5005667,21330,48,,16361.17
804153,5009357,21107,37,1.0,40736.96
804154,5008163,20478,15,15.6,29692.13
804155,5005279,20400,13,6.0,27373.17
804156,5004957,20142,13,21.7,2233.17
804157,5008463,20539,43,20.7,77456.22
804158,5002920,20953,46,16.6,25696.97
804159,5007934,21236,27,,44390.35
804160,5011148,20604,36,26.0,47318.5
804161,5004028,20003,20,,7741.76
804162,5001992,20380,18,6.8,4223.69
804163,5010126,20378,6,20.4,1995.79
804164,5011368,21434,15,,28111.56
804165,5009193,20161,36,0.9,60739.46
804166,5005141,20284,44,1.0,104329.25
804167,5007505,20572,9,0.5,18113.46
804168,5008509,20505,44,0.8,103897.95
804169,5002603,21409,28,6.3,58762.34
804170,5002461,20701,14,25.8,1239.5
804171,5004743,20130,13,0.3,5235.47
804172,5011303,20183,46,10.0,66718.17
804173,5002413,20177,48,1.8,77048.98
804174,5010944,20766,30,11.3,4528.76
804175,5000323,20226,31,1.4,1874.61
804176,5000452,20796,24,21.3,37274.33
804177,5002374,21086,50,17.0,39356.11
804178,5011359,20311,43,5.8,65694.66
804179,5003868,20298,35,6.1,51891.21
804180,5008392,20831,22,6.4,33612.32
804181,5004996,20035,28,16.0,22141.49
804182,5008359,21145,15,0.4,21842.28
804183,5005188,21315,30,11.9,57449.83
804184,5005161,21465,37,6.6,
804185,5000971,21429,16,0.8,25028.4
804186,5008743,20266,13,0.1,17937.12
804187,5010977,20881,37,5.9,74211.74
804188,5003961,21223,46,1.1,99198.3
804189,5001240,21393,49,1.7,73535.11
804190,5011624,20747,50,,101641.47
804191,5001386,21494,7,,7790.32
804192,5006565,20214,3,15.2,4803.73
804193,5001177,21443,46,25.6,47099.75
804194,5003804,20752,8,0.6,5454.2
804195,5000194,20925,34,0.4,66502.46
804196,5004128,21251,50,1.2,114559.59
804197,5001531,21339,14,0.3,17361.52
804198,5011973,21123,24,1.1,47557.69
804199,5004351,20161,7,6.5,11143.06
804200,5005653,20418,47,1.6,52459.11
804201,5008006,21057,48,16.8,19779.5
804202,5000986,20165,33,11.0,26124.62
804203,5003485,20954,-7,1.4,-14470.25
804204,5010584,20686,48,11.8,63312.22
804205,5010662,20122,12,0.7,19347.41
804206,5006153,21200,5,1.8,6297.37
804207,5010658,20952,3,1.2,5758.01
804208,5000191,20956,43,5.5,56492.4
804209,5007098,20031,2,1.9,1356.43
804210,5002164,20055,2,16.6,2856.23
804211,5003583,21368,41,10.3,86455.37
804212,5004641,20832,5,1.3,11921.78
804213,5001873,20464,27,6.7,5113.27
804214,5009481,21264,16,1.0,7905.11
804215,5005217,20317,8,0.6,19375.45
804216,5003294,21266,35,16.8,41209.46
804217,5010656,20790,10,20.8,18415.43
804218,5009201,20651,49,0.1,115486.18
804219,5002997,20224,22,11.5,8180.32
804220,5006166,21457,47,,106881.88
804221,5001658,20560,23,,14192.22
804222,5009865,20853,9,11.3,5982.06
804223,5006583,20052,37,16.9,53321.45
804224,5009550,21018,37,25.3,49296.09
804225,5010053,20399,45,,69145.71
804226,5009272,20071,38,,65930.63
804227,5006447,21135,47,1.5,31102.37
804228,5009160,21070,34,21.0,12428.12
804229,5009561,20419,45,0.6,67626.84
804230,5007887,21244,9,1.0,4411.34
804231,5011531,20488,30,0.5,10237.95
804232,5007814,20678,28,0.1,66587.63
804233,5002939,21074,5,7.0,1541.1
804234,5001345,20575,12,10.6,5164.57
804235,5008751,20381,44,21.6,21618.99
804236,5005717,20246,4,1.7,9232.57
804237,5006065,20607,5,21.4,530.35
804238,5000801,20593,1,1.5,2334.82
804239,5001518,20950,13,5.1,30699.64
804240,5010229,21311,10,1.3,18772.15
804241,5008446,21113,3,2.0,4640.2
804242,5004041,21156,33,1.9,74589.66
804243,5007823,20498,25,17.0,49040.76
804244,5004114,20291,12,15.3,10994.2
804245,5006374,20101,38,7.0,9397.97
804246,5007846,20844,29,26.9,7597.51
804247,5009567,21451,10,0.8,1703.96
804248,5009780,20223,40,1.5,79093.14
804249,5011905,21027,40,0.9,47754.7
804250,5004340,20417,35,,73703.03
804251,5010494,20537,10,1.7,3097.53
804252,5006441,20378,44,11.4,16290.63
804253,5011540,20120,43,,1912.82
804254,5005331,20685,34,0.2,81533.85
804255,5002300,21160,8,6.2,1842.16
804256,5008808,20624,19,16.2,29484.52
804257,5011927,21129,35,25.3,30839.6
804258,5006626,21122,12,21.9,12161.01
804259,5001692,20361,2,5.0,947.7
804260,5007711,20200,30,10.0,17204.67
804261,5003023,20394,39,15.1,43522.09
804262,5005865,20957,27,15.4,53646.72
804263,5011691,21280,15,25.4,473.67
804264,5000580,20436,8,1.2,11233.48
804265,5005464,20559,15,25.7,18815.1
804266,5003971,21237,-5,,-4373.45
804267,5008874,20352,14,,21401.14
804268,5009692,20288,29,16.1,22026.37
804269,5007474,20832,35,11.3,74997.27
804270,5004614,21272,3,21.1,5063.56
804271,5010232,21107,2,15.4,1881.71
804272,5007835,20003,37,1.6,19070.51
804273,5003792,21016,6,11.2,10997.15
804274,5010788,20922,30,16.7,33835.96
804275,5009776,21004,1,15.7,2027.99
804276,5007045,20062,23,0.1,55305.64
804277,5007802,20733,45,5.9,21272.86
804278,5001968,20458,48,0.9,21298.57
804279,5010836,20137,12,15.3,2196.44
804280,5001877,21328,1,1.0,41.37
804281,5002934,21170,10,2.0,23267.75
804282,5008362,20114,29,,38411.08
804283,5003243,21063,45,0.7,28017.5
804284,5003498,20712,11,10.8,14325.52
804285,5004138,20415,9,1.4,6943.73
804286,5000105,21060,21,11.5,14123.67
804287,5009722,20999,27,,34706.36
804288,5004787,20612,50,,41142.89
804289,5002931,20580,18,26.8,29140.57
804290,5007381,21387,7,0.6,11578.81
804291,5001646,21287,10,0.5,22111.59
804292,5002446,20722,35,20.7,65308.07
804293,5001233,20614,33,20.2,62376.03
804294,5006490,20200,41,21.6,20482.48
804295,5002259,20725,3,25.9,5381.93
804296,5006125,20860,23,11.0,8238.36
804297,5006685,20140,24,10.4,51034.15
804298,5011906,21301,38,22.0,33567.6
804299,5007224,20342,16,20.4,16291.38
804300,5001965,21177,6,0.7,14459.89
804301,5011233,21348,40,11.1,20203.41
804302,5005197,20456,31,15.8,45187.0
804303,5002880,20127,49,1.1,87306.85
804304,5011989,20919,37,0.4,24852.25
804305,5006106,21047,20,0.2,27292.51
804306,5002524,20629,30,,7490.68
804307,5004748,20223,6,12.0,10599.28
804308,5011813,20701,33,25.4,2937.42
804309,5006774,20728,39,11.1,39223.3
804310,5004171,20320,40,1.2,35660.87
804311,5008227,20481,5,26.8,6272.29
804312,5005759,21356,39,1.8,23632.16
804313,5008239,20947,48,15.6,82968.17
804314,5005181,20617,10,0.7,
804315,5005683,20288,7,1.8,6222.89
804316,5011517,20241,9,16.7,13637.87
804317,5000451,20822,15,6.5,32469.42
804318,5010039,20680,20,5.1,9641.65
804319,5006130,20360,21,0.3,12132.15
804320,5010400,21129,28,11.4,29262.52
804321,5003214,20082,48,,8490.55
804322,5011786,21488,12,0.1,15059.09
804323,5011055,21091,24,5.7,44498.81
804324,5005991,20171,1,11.2,12.13
804325,5009310,20120,42,20.3,1899.31
804326,5010150,20622,32,11.2,30418.48
804327,5004432,21228,38,20.3,69131.13
804328,5001123,20112,1,16.7,1628.71
804329,5011733,20906,25,11.8,201.98
804330,5006888,21314,26,1.6,48523.38
804331,5002582,20827,28,1.0,26642.52
804332,5009106,21004,40,26.2,71015.67
804333,5008972,20444,6,11.4,10402.08
804334,5005222,20772,5,0.6,1676.88
804335,5009353,21368,38,,
804336,5009379,20696,7,,16949.23
804337,5001649,20733,22,1.4,10897.41
804338,5006113,20568,2,10.1,429.07
804339,5011593,21330,5,5.4,1731.75
804340,5011612,21475,21,1.6,5400.12
804341,5010640,20024,6,21.5,357.96
804342,5003994,21056,35,21.9,32746.51
804343,5009249,21225,33,6.7,55034.72
804344,5007607,20313,9,21.5,17128.03
804345,5010123,21216,46,,38737.84
804346,5002145,21101,43,,32812.54
804347,5001077,20028,37,20.5,40985.39
804348,5008254,21081,5,16.1,645.65
804349,5005574,20884,31,21.0,
804350,5010273,20559,42,26.3,52256.85
804351,5008362,20004,42,11.5,69422.41
804352,5010580,20354,14,20.2,12314.67
804353,5000800,20594,37,26.2,47887.9
804354,5003813,21267,44,26.3,27100.4
804355,5009239,20665,21,20.9,18931.06
804356,5002973,20751,11,5.4,11921.63
804357,5000685,21357,28,1.3,63333.14
804358,5011457,20697,2,21.0,2656.12
804359,5007682,20946,35,6.5,77919.53
804360,5007208,20975,21,26.6,23282.85
804361,5000158,20118,37,10.6,25602.7
804362,5010564,20139,38,0.5,28301.92
804363,5007504,21032,33,0.7,35456.71
804364,5002904,21206,38,0.6,6088.09
804365,5004376,20042,21,,16678.08
804366,5009978,20754,40,,33717.79
804367,5001790,20705,12,21.9,18179.99
804368,5006987,20617,31,21.1,18289.71
804369,5007815,20631,37,,23424.69
804370,5002602,20111,6,5.9,3957.17
804371,5000876,20680,2,25.2,759.95
804372,5010490,21193,27,25.2,26865.12
804373,5000956,20211,17,20.1,27647.38
804374,5007412,21235,34,1.4,72538.9
804375,5011096,20668,47,20.8,7605.98
804376,5002793,21316,30,1.6,66774.83
804377,5009331,21127,9,1.1,
804378,5008642,20858,47,0.3,95088.16
804379,5010779,20621,41,0.6,8142.65
804380,5010962,21024,47,16.6,74089.32
804381,5011412,20963,47,20.1,81400.26
804382,5004073,20250,39,0.8,39298.88
804383,5002567,21348,25,26.8,10397.14
804384,5011445,21004,26,21.9,48849.74
804385,5002891,20342,36,5.7,43424.92
804386,5010902,21206,8,0.1,1288.15
804387,5003617,21220,20,1.4,25228.19
804388,5002448,21070,2,,818.98
804389,5010501,20378,50,1.8,20517.91
804390,5010076,20750,1,6.8,1632.3
804391,5011089,21062,25,5.5,20682.98
804392,5009677,20103,27,15.8,47517.24
804393,5010673,20909,31,0.9,
804394,5011620,20204,38,1.3,9777.06
804395,5000853,20575,37,,16743.44
804396,5004131,20031,13,21.2,7082.19
804397,5001219,20384,46,6.5,19303.32
804398,5006483,21080,46,25.7,55955.88
804399,5000441,21028,19,,23043.97
804400,5001462,20218,49,10.9,86234.82
804401,5005962,20548,4,25.8,1335.24
804402,5008373,20640,23,0.6,5808.32
804403,5001568,20081,46,6.8,54340.69
804404,5007496,21220,40,1.7,50302.86
804405,5005259,20553,29,0.8,35222.68
804406,5003967,20022,21,5.4,37537.01
804407,5003661,20521,3,6.8,5094.48
804408,5011103,21336,20,1.1,47379.23
804409,5007168,20359,14,21.7,10664.27
804410,5007547,20510,14,,28911.0
804411,5010109,20204,32,0.9,8266.68
804412,5003997,21053,8,0.9,12952.53
804413,5011670,20865,26,0.9,64045.26
804414,5000927,20641,2,1.1,4356.54
804415,5001573,21406,8,26.7,293.14
804416,5007598,20511,10,16.8,7699.66
804417,5009077,21498,23,26.9,
804418,5008474,20072,9,15.5,168.37
804419,5008454,20446,21,1.5,
804420,5003266,20312,50,1.5,78453.28
804421,5000813,20469,38,1.2,14044.83
804422,5010973,21097,48,5.7,112496.88
804423,5010202,20360,11,5.7,6010.74
804424,5001184,20398,50,0.7,85160.67
804425,5002564,20947,5,25.0,7679.96
804426,5004308,20047,8,1.4,3688.35
804427,5004229,20281,27,0.3,21159.68
804428,5005735,21250,39,11.0,67594.95
804429,5002117,20222,14,,
804430,5009824,20775,27,,53881.67
804431,5006236,21497,3,20.8,3459.79
804432,5001742,20814,25,25.9,27750.45
804433,5008707,20296,26,,56657.6
804434,5002115,20877,39,1.6,89357.36
804435,5011594,21194,37,20.6,37845.03
804436,5006743,20572,44,,83125.7
804437,5005008,20487,41,21.6,57862.74
804438,5000359,20580,48,2.0,104035.55
804439,5009511,20298,30,10.5,
804440,5000809,20946,45,,89896.17
804441,5001531,20202,13,6.5,20017.1
804442,5009626,21347,3,10.8,2085.59
804443,5011357,21382,13,5.2,21131.35
804444,5006845,20861,31,1.4,37899.7
804445,5006173,20597,38,6.7,11601.97
804446,5010619,20574,39,1.7,25639.79
804447,5001747,20297,8,6.9,11432.16
804448,5004384,20651,37,25.1,65381.06
804449,5009575,21170,46,15.0,92833.57
804450,5010918,21376,37,1.7,31882.45
804451,5006782,20793,25,20.2,10053.8
804452,5005089,20436,12,26.7,12501.23
804453,5009663,21409,3,0.4,6692.4
804454,5005677,21308,30,25.3,42319.27
804455,5010266,20990,34,0.5,
804456,5002720,20486,21,6.7,23747.7
804457,5002805,20813,21,0.4,7602.13
804458,5009136,21400,21,0.2,46844.9
804459,5003267,21417,13,1.4,19286.99
804460,5010333,21328,16,1.0,661.95
804461,5006215,20398,45,6.8,71936.33
804462,5010464,21334,19,1.9,8700.13
804463,5003490,20553,34,,37049.44
804464,5000738,20861,7,20.8,6874.17
804465,5007434,20490,17,21.8,13182.6
804466,5008784,21252,11,25.2,12556.67
804467,5000408,20638,42,0.1,92650.4
804468,5004021,20224,18,6.5,7071.12
804469,5002367,20424,15,1.8,22042.71
804470,5002629,20376,4,1.6,4500.19
804471,5009334,21343,43,1.3,104001.25
804472,5007025,20743,32,21.7,5886.16
804473,5009582,20127,40,1.6,70910.58
804474,5007292,21240,10,26.7,4703.44
804475,5002273,21480,7,15.5,471.31
804476,5009900,21148,46,0.0,19407.86
804477,5005037,20274,32,21.6,32496.99
804478,5002020,20624,13,22.0,18777.35
804479,5001635,20963,31,0.1,67128.71
804480,5000166,20616,18,,4017.9
804481,5001939,21104,12,17.0,16600.83
804482,5008193,20629,38,20.2,9535.99
804483,5004564,20420,41,1.8,79778.75
804484,5004046,20286,25,0.7,29711.55
804485,5008311,20135,42,1.1,48949.21
804486,5006328,20926,41,6.3,23023.31
804487,5010828,20348,27,1.9,3395.63
804488,5010737,20972,47,15.3,10311.73
804489,5006710,21424,32,11.3,25986.69
804490,5010214,20637,26,16.3,25552.07
804491,5005409,20965,34,0.1,41347.49
804492,5005376,21358,39,21.9,6981.2
804493,5000589,20173,4,15.7,1413.61
804494,5005967,21080,7,20.4,9122.42
804495,5001474,21461,37,6.0,64521.42
804496,5005621,21307,28,21.5,
804497,5001383,21073,7,15.6,6852.28
804498,5011626,21219,1,20.6,1242.21
804499,5005269,20668,25,25.2,28597.16
804500,5009214,20802,21,1.3,20760.37
804501,5008608,20366,30,20.2,39067.21
804502,5003898,20771,47,15.3,15162.05
804503,5004427,20553,44,,39434.51
804504,5000506,21283,41,0.5,1026.81
804505,5002922,20653,25,,21306.28
804506,5004390,20427,5,0.1,9921.47
804507,5008880,21142,31,21.4,11655.23
804508,5007511,20424,14,21.3,16487.89
804509,5000587,21267,-7,26.6,-4293.88
804510,5003755,21151,47,0.9,36366.39
804511,5000604,20551,34,1.4,64114.99
804512,5006102,20696,14,10.8,30729.1
804513,5002928,20953,15,0.9,7575.06
804514,5009024,20760,46,15.3,62465.83
804515,5003924,20770,44,25.9,25219.19
804516,5001674,21172,-2,5.4,-1035.3
804517,5002836,21105,10,10.6,21453.5
804518,5002554,20219,21,,2894.64
804519,5007655,20245,12,1.5,13198.92
804520,5009407,20958,31,1.4,7664.42
804521,5008852,20644,21,,48602.68
804522,5010530,20563,36,21.1,42098.7
804523,5009430,20598,26,25.8,27734.76
804524,5010572,21162,13,0.2,27175.6
804525,5011547,21125,25,15.3,12208.45
804526,5008093,20342,36,0.8,45681.36
804527,5009982,21068,34,6.8,39555.18
804528,5006358,21281,50,26.8,39765.9
804529,5011811,20800,10,1.7,9066.6
804530,5004572,21197,37,5.6,31239.6
804531,5000548,21005,7,,8757.42
804532,5009738,20124,25,,19114.29
804533,5010584,21392,-9,1.9,-12700.69
804534,5000056,21087,16,10.9,34166.64
804535,5002494,20469,33,10.7,11024.06
804536,5008572,21229,45,20.1,67658.32
804537,5000169,20641,50,26.1,81382.38
804538,5006958,21456,23,5.2,48336.42
804539,5005401,20169,42,16.3,35661.62
804540,5009224,20682,36,25.4,37224.56
804541,5005604,20573,10,15.7,5078.65
804542,5009072,21054,23,1.0,31163.48
804543,5008188,20930,46,16.8,46755.75
804544,5004083,21295,45,21.8,62056.51
804545,5010376,21198,34,0.2,53715.37
804546,5003652,20362,2,16.9,2302.12
804547,5000856,20580,36,1.8,78185.9
804548,5007997,20437,3,1.8,7244.16
804549,5004922,20046,38,0.3,48908.93
804550,5011831,20742,33,0.4,16831.7
804551,5001646,20121,16,26.4,11013.27
804552,5001793,20656,45,15.3,49630.68
804553,5006236,20395,40,,80489.95
804554,5004707,20858,38,10.7,
804555,5009837,21246,17,20.0,8579.83
804556,5006345,21273,32,7.0,11404.33
804557,5010577,20161,44,21.2,59030.12
804558,5006038,20049,43,1.7,19825.43
804559,5010522,20707,38,0.9,6264.03
804560,5004307,20218,50,,
804561,5011165,20835,7,11.9,3340.48
804562,5009816,20280,10,1.0,6159.28
804563,5007378,20615,43,25.2,44026.08
804564,5001007,21248,10,11.5,21621.61
804565,5004807,20795,7,1.1,4074.05
804566,5008494,20793,21,25.6,7873.71
804567,5008947,20104,41,16.2,22397.98
804568,5005119,21174,4,15.1,7381.48
804569,5008329,20230,25,11.9,8644.81
804570,5005363,21354,37,1.3,9904.68
804571,5005015,20416,3,1.2,981.74
804572,5003193,21087,3,26.8,5263.04
804573,5005468,20902,44,1.8,103657.72
804574,5003206,20884,25,20.1,4193.75
804575,5009858,20733,42,,20698.65
804576,5009195,20705,25,0.7,48156.03
804577,5005433,20469,16,10.4,5362.95
804578,5006995,20167,8,1.4,10455.86
804579,5011610,20015,28,1.7,13251.43
804580,5007489,20826,26,20.2,25397.0
804581,5011651,20551,9,1.4,16971.61
804582,5002079,20203,26,0.1,31385.94
804583,5004159,20696,23,26.0,41880.94
804584,5006985,20894,37,5.2,66632.47
804585,5000369,20745,38,26.7,36134.72
804586,5003606,20175,17,1.4,834.24
804587,5004726,21080,39,16.9,53059.69
804588,5007282,20866,33,1.2,49836.19
804589,5003932,21472,48,21.5,31400.25
804590,5002728,20312,6,5.0,9079.87
804591,5001546,20908,4,1.1,2090.43
804592,5009042,20687,10,0.2,4044.1
804593,5007430,20205,5,,3649.9
804594,5008855,20572,29,20.4,46692.47
804595,5004822,21293,8,,11939.63
804596,5005217,20362,46,10.3,40424.79
804597,5007531,21089,17,26.7,10256.03
804598,5005801,20011,6,1.7,510.12
804599,5007379,21317,38,11.9,59701.65
804600,5003389,20683,14,0.9,14124.43
804601,5000674,20216,6,25.7,6207.23
804602,5000669,20793,23,10.7,10350.63
804603,5011043,20260,50,21.7,64564.61
804604,5003442,20633,-10,0.8,-214.97
804605,5011049,20288,15,16.6,11325.05
804606,5011733,20833,5,6.8,5188.49
804607,5009387,21410,14,1.8,5316.49
804608,5007857,20251,37,20.4,12242.61
804609,5000094,20373,45,6.3,78276.37
804610,5004342,20602,16,15.1,8634.4
804611,5009477,20711,25,1.7,11462.76
804612,5005954,20052,24,16.8,34628.51
804613,5004434,20575,7,0.4,3356.39
804614,5000314,21421,27,0.5,36689.53
804615,5011995,20082,44,1.1,9174.48
804616,5003138,20879,2,21.0,1730.87
804617,5001908,20798,32,0.8,74680.93
804618,5006693,20521,20,1.6,35858.14
804619,5005120,21045,7,6.0,7204.51
804620,5008683,21248,46,11.2,99796.57
804621,5011813,20625,19,26.5,10979.84
804622,5006412,21456,28,16.2,52016.4
804623,5001391,20182,19,6.1,37259.32
804624,5011573,20882,35,16.8,2901.81
804625,5008641,21463,32,1.7,13780.87
804626,5000368,20796,44,1.4,85615.72
804627,5003546,20903,41,0.2,50596.33
804628,5003775,21051,42,,54071.93
804629,5009232,20080,19,0.4,45527.74
804630,5011639,20916,6,25.6,5332.65
804631,5004977,21382,39,20.5,53162.72
804632,5003465,20170,39,16.8,39747.5
804633,5010331,21400,6,6.7,12512.54
804634,5010793,21410,34,21.7,10294.99
804635,5011063,20098,7,16.3,6057.15
804636,5008708,20272,48,10.5,3692.84
804637,5005830,20282,18,10.5,29695.72
804638,5001724,21467,16,1.9,9238.35
804639,5004135,21271,44,0.9,62689.47
804640,5009221,20816,36,11.9,73202.11
804641,5009744,20472,34,1.6,41614.58
804642,5007103,20561,10,25.5,
804643,5004229,20737,25,6.9,34175.61
804644,5010781,20280,13,10.6,7230.63
804645,5003174,20085,15,25.5,19604.86
804646,5006516,21334,28,26.9,9553.85
804647,5005286,21067,2,1.9,3556.77
804648,5004899,20710,50,16.5,61916.5
804649,5001940,21336,47,10.3,100983.87
804650,5002897,21339,5,1.0,6157.01
804651,5009333,21418,16,6.4,291.13
804652,5009231,20004,27,5.6,
804653,5009086,21083,18,1.6,3194.18
804654,5009680,20779,43,1.1,78017.91
804655,5009670,21250,18,25.5,26114.9
804656,5008850,20209,31,5.1,59460.21
804657,5011324,20734,1,16.9,1466.47
804658,5002343,21246,48,0.6,30100.07
804659,5005368,20244,33,5.0,39388.45
804660,5008294,21064,22,0.6,38999.61
804661,5006185,20552,4,0.5,6636.09
804662,5007212,20505,12,26.7,20937.65
804663,5011174,21135,6,0.8,3998.73
804664,5002636,20172,8,1.9,13282.9
804665,5005044,20905,38,1.3,67055.85
804666,5004020,21036,29,26.9,51027.48
804667,5000736,20663,6,21.4,6892.86
804668,5007607,20089,-9,0.0,-16672.23
804669,5004783,20965,29,25.5,26300.2
804670,5003890,20280,3,16.4,1560.35
804671,5011894,20192,41,21.5,67520.91
804672,5004997,20641,7,0.2,
804673,5002129,20272,2,,144.24
804674,5006512,20195,2,,2237.56
804675,5002683,21367,31,11.8,
804676,5009524,20383,45,26.3,
804677,5000004,20166,1,16.5,983.13
804678,5006272,20420,9,,17512.41
804679,5011198,20903,50,1.1,61146.41
804680,5000499,21151,40,1.8,30669.04
804681,5008093,20889,45,1.7,20957.22
804682,5009567,20062,31,11.3,66185.28
804683,5006791,20826,40,26.1,36183.51
804684,5004053,20739,11,0.7,25761.9
804685,5000913,20006,41,0.3,10150.58
804686,5010234,20713,17,0.3,21951.84
804687,5010450,20470,29,21.4,51699.76
804688,5000181,20632,31,26.4,26917.86
804689,5001197,21391,44,0.2,2702.34
804690,5001281,21362,17,21.2,14260.58
804691,5005423,20194,11,6.3,16584.07
804692,5011629,21224,22,21.9,42763.42
804693,5007701,20541,26,16.6,8740.17
804694,5001453,20585,42,16.2,79475.74
804695,5010083,20837,13,26.2,4902.53
804696,5005761,20035,-2,21.5,-1477.98
804697,5008987,21222,8,1.0,4863.91
804698,5011055,20994,31,2.0,65921.87
804699,5007525,20088,3,0.3,3738.84
804700,5003170,21152,23,20.3,43331.37
804701,5003316,20119,39,0.8,143.53
804702,5010602,21218,38,1.6,93378.29
804703,5011360,20699,15,5.7,21739.59
804704,5004625,20439,8,6.0,8544.07
804705,5005801,21189,11,16.5,19159.08
804706,5006647,20709,1,1.6,836.75
804707,5007498,20439,14,0.6,15811.08
804708,5002038,21159,5,1.1,10767.94
804709,5007084,20809,48,25.3,86616.98
804710,5011415,21403,28,6.2,24013.44
804711,5004490,21342,31,25.4,31148.64
804712,5002273,21314,21,11.7,35169.21
804713,5000654,20718,37,25.5,736.26
804714,5000908,20099,16,15.4,20040.86
804715,5000077,20580,35,11.4,68582.96
804716,5010757,21089,44,20.5,28790.29
804717,5006760,21372,34,16.4,58483.8
804718,5002028,21311,43,15.9,68779.86
804719,5005776,20667,16,7.0,10957.19
804720,5002708,21240,46,0.4,29398.75
804721,5007996,20688,21,21.3,41268.91
804722,5000422,20990,7,26.9,9886.35
804723,5007387,21432,13,,
804724,5010160,21198,46,11.9,64153.87
804725,5008807,21016,32,5.3,62548.37
804726,5004143,20733,28,0.4,14010.09
804727,5010835,20359,33,0.0,32103.72
804728,5010857,21345,26,6.9,50582.79
804729,5002775,21009,23,21.4,12226.15
804730,5010052,21426,10,1.0,20540.42
804731,5011132,20716,6,15.1,1344.36
804732,5002050,21423,1,11.5,929.38
804733,5006395,20781,50,11.1,37089.97
804734,5009478,21047,3,0.4,4085.67
804735,5004142,20797,3,11.2,3154.52
804736,5006955,20361,11,,4888.64
804737,5005075,20447,4,1.2,4709.32
804738,5009077,20378,9,21.6,2948.56
804739,5001321,21026,18,11.6,3396.89
804740,5002543,21043,24,20.5,2989.65
804741,5001812,21014,2,6.3,519.59
804742,5006555,20049,1,15.3,397.27
804743,5009578,21218,36,15.3,76147.06
804744,5006483,20780,32,1.8,12057.07
804745,5001637,21201,19,1.8,33669.11
804746,5010328,20010,34,5.5,13649.79
804747,5001278,20631,2,1.3,1487.78
804748,5003881,21140,16,0.0,12917.12
804749,5011691,21007,3,26.6,1679.91
804750,5010131,21422,4,6.2,8662.51
804751,5011773,20914,29,5.3,
804752,5003871,20004,28,1.3,51615.76
804753,5010237,20991,44,0.6,72137.28
804754,5010154,20315,23,11.1,35637.89
804755,5003222,21303,45,15.8,81467.29
804756,5011051,20427,11,10.6,19533.08
804757,5008743,20427,31,0.4,61328.38
804758,5009656,20114,33,5.1,41479.99
804759,5003771,20506,46,1.0,50584.01
804760,5004757,20888,50,20.1,72911.55
804761,5005308,21157,9,0.7,13976.84
804762,5000722,21344,26,6.3,47189.19
804763,5009075,20446,2,16.0,888.25
804764,5002790,20070,12,25.1,5639.7
804765,5005022,21480,23,20.5,1456.95
804766,5007592,20041,44,5.7,100176.63
804767,5001642,21123,45,0.1,90072.29
804768,5002451,20435,39,0.4,
804769,5000855,21024,-10,15.1,-16047.2
804770,5006669,21075,19,6.7,25324.08
804771,5011625,21099,40,2.0,87777.03
804772,5000375,20178,24,1.8,41368.2
804773,5001609,21315,4,21.9,6790.51
804774,5000067,20026,34,1.2,22553.33
804775,5009575,20579,8,0.4,2243.87
804776,5011754,21313,47,11.3,91229.71
804777,5003976,20488,-6,25.4,-1535.18
804778,5011936,20274,5,11.3,5744.74
804779,5005886,20273,44,1.3,71145.49
804780,5008850,20244,43,1.7,53107.19
804781,5007673,20717,19,1.6,11200.21
804782,5001687,20025,30,15.9,11756.42
804783,5005527,20598,3,25.2,834.5
804784,5002040,20085,47,0.7,81877.27
804785,5007819,20818,4,16.0,6106.56
804786,5004362,21412,8,15.8,10320.83
804787,5006197,20807,24,2.0,39172.56
804788,5007101,20424,37,0.2,55257.91
804789,5009726,20490,8,20.6,5499.94
804790,5009345,20166,35,20.5,32761.16
804791,5002414,20782,40,0.6,40260.18
804792,5006521,20296,8,15.3,16590.83
804793,5003812,20593,48,0.2,
804794,5002319,20133,36,,66829.13
804795,5003012,21007,36,,23042.63
804796,5002384,21244,-3,26.4,-1093.18
804797,5003470,20472,28,,34444.97
804798,5005650,20242,49,11.9,59568.04
804799,5003648,20439,30,25.7,25325.45
804800,5009374,20634,11,1.4,13229.63
804801,5002381,21373,41,1.6,48335.74
804802,5010153,20310,4,2.0,2454.86
804803,5007668,20088,13,,12106.54
804804,5000497,20294,38,1.1,78837.64
804805,5004259,21294,2,5.1,2004.69
804806,5008065,21039,16,1.9,37771.8
804807,5002636,20878,8,1.5,18830.05
804808,5007181,21145,4,,4292.43
804809,5011909,20242,49,21.8,52874.24
804810,5000152,21436,49,21.0,23921.62
804811,5008658,21473,28,,33060.24
804812,5011062,21419,49,11.1,60037.08
804813,5003698,20692,11,6.8,813.09
804814,5003207,21428,29,,13435.01
804815,5001618,20191,19,1.6,24280.68
804816,5000695,20217,33,6.7,11883.01
804817,5005474,20764,35,0.6,34402.79
804818,5008605,21089,2,20.3,1311.94
804819,5011845,20529,41,6.4,
804820,5001549,20888,21,5.2,36333.49
804821,5005002,20628,15,,20768.61
804822,5001898,20775,43,11.9,90322.54
804823,5010323,21422,8,11.8,16290.68
804824,5001468,21153,17,26.1,17533.55
804825,5004246,20039,12,1.3,1111.44
804826,5008546,20524,32,0.6,23063.34
804827,5007127,20521,10,10.8,16252.78
804828,5000027,21476,29,21.9,
804829,5008509,21455,14,10.2,5829.76
804830,5007164,20497,2,,2731.07
804831,5007322,21226,45,0.0,44989.65
804832,5003837,20640,6,25.2,1140.22
804833,5002081,20713,37,1.9,47010.79
804834,5005202,20069,46,11.5,101336.96
804835,5011660,21258,29,1.3,11527.05
804836,5004775,20137,32,26.7,5068.84
804837,5001263,20858,22,1.3,44062.92
804838,5003761,20278,28,10.5,60223.44
804839,5010293,21279,48,25.9,36954.8
804840,5002488,20220,16,15.4,11221.34
804841,5002158,21226,6,11.2,5326.77
804842,5011342,21312,41,1.3,66840.56
804843,5000461,21335,27,,
804844,5008929,21083,26,10.4,4201.2
804845,5007572,21477,10,11.8,15171.55
804846,5006006,20282,24,1.2,43708.57
804847,5010352,20917,37,10.6,9023.35
804848,5005923,21034,6,25.7,4305.45
804849,5009630,20724,26,20.8,43992.34
804850,5004368,20469,15,6.1,
804851,5001187,21035,10,26.0,7213.45
804852,5007495,20173,24,0.9,9970.73
804853,5005853,21131,50,16.1,23563.32
804854,5002649,21397,43,1.8,12577.44
804855,5001493,20302,28,1.9,36008.08
804856,5004965,20809,6,0.0,14494.14
804857,5011667,21079,50,6.1,
804858,5001750,20958,-1,6.0,-235.7
804859,5008176,21066,22,21.5,3418.77
804860,5005471,21417,42,6.7,58962.39
804861,5007464,20595,17,1.9,2702.17
804862,5010635,20404,25,6.0,15984.7
804863,5008711,20508,49,1.2,68696.14
804864,5010960,20007,30,26.9,53801.75
804865,5005143,20212,28,1.5,
804866,5007564,20897,31,1.5,37575.45
804867,5000891,20281,18,20.0,11319.12
804868,5001858,20002,5,1.0,3329.47
804869,5002841,21129,33,16.9,32347.07
804870,5003493,21487,41,1.6,93243.05
804871,5006738,20676,43,25.7,68856.8
804872,5002528,20736,7,1.5,11279.67
804873,5002086,20555,49,25.9,60032.57
804874,5010087,20748,-8,15.2,-3431.69
804875,5010999,20525,22,16.8,1263.89
804876,5005678,20093,-1,0.9,-812.22
804877,5009523,20545,12,21.0,11051.97
804878,5006304,21296,38,21.0,938.43
804879,5006610,20976,26,6.6,14929.8
804880,5010397,20683,23,26.1,17303.8
804881,5002335,20736,4,5.7,6170.69
804882,5009187,21467,40,0.4,23449.03
804883,5004410,20993,19,,33665.34
804884,5002961,21023,36,21.6,25028.48
804885,5005845,21169,26,11.1,5382.09
804886,5000280,21206,20,11.2,
804887,5000741,20758,3,0.1,4008.7
804888,5011351,20578,15,5.1,32052.1
804889,5008396,21482,7,1.4,5251.46
804890,5004881,20407,17,25.5,4558.77
804891,5002660,20390,40,26.0,55465.66
804892,5006106,21101,24,1.9,19031.79
804893,5002895,20629,13,16.3,3421.75
804894,5010472,20575,5,1.6,2368.54
804895,5001368,21150,35,1.2,28323.44
804896,5006512,20493,13,16.1,13516.17
804897,5010460,21325,25,21.1,42248.98
804898,5004520,20026,19,20.4,10154.1
804899,5004550,20175,6,0.1,298.32
804900,5009011,20587,37,0.8,72443.05
804901,5000989,20814,43,15.5,54429.83
804902,5000060,21345,46,1.3,94875.65
804903,5001400,21386,28,21.5,23167.14
804904,5008589,21206,33,11.5,4707.26
804905,5007923,21095,23,21.3,37740.22
804906,5006799,21399,18,6.8,20017.96
804907,5009437,20776,31,0.2,64301.23
804908,5001964,21222,1,6.9,
804909,5004513,20755,20,,12614.34
804910,5010685,20981,32,11.9,19088.8
804911,5002658,21287,12,1.2,26347.23
804912,5002749,21049,36,10.3,35466.95
804913,5000729,21270,14,5.6,21413.88
804914,5008698,20469,30,,11043.14
804915,5000690,20760,4,6.1,6021.81
804916,5006470,21417,15,1.9,22141.37
804917,5005367,21273,25,21.2,
804918,5000536,20884,50,15.1,8912.38
804919,5010430,21104,43,1.5,70595.2
804920,5001035,20757,45,11.5,46915.04
804921,5000082,20308,31,21.5,49312.44
804922,5006893,20432,12,5.1,2063.73
804923,5007219,21220,33,15.6,35631.62
804924,5011646,20037,9,11.8,13360.45
804925,5003216,20003,41,5.7,20251.68
804926,5008886,21146,11,16.9,13550.71
804927,5002558,20082,22,11.6,4100.22
804928,5006440,21042,50,0.3,122300.0
804929,5007655,20034,21,16.2,42437.75
804930,5000257,20414,34,1.6,32125.45
804931,5000403,20750,40,15.3,59337.09
804932,5005027,21234,-3,0.8,-4603.6
804933,5006723,20874,2,16.1,175.38
804934,5010431,20310,28,25.1,
804935,5005767,20311,37,16.0,50407.1
804936,5008604,20271,12,,22641.49
804937,5011107,20863,19,,2502.98
804938,5006868,21489,-10,0.7,-14547.25
804939,5002583,20178,29,25.7,37820.8
804940,5006057,21463,14,1.7,6029.13
804941,5011267,20398,8,1.3,
804942,5009450,20271,24,6.2,53227.37
804943,5000499,21098,27,10.4,17530.73
804944,5005617,20539,38,11.7,76218.25
804945,5000929,20178,23,20.2,32216.23
804946,5005946,21026,10,20.8,1690.76
804947,5001685,21179,7,,10476.03
804948,5010379,21291,39,0.8,47703.08
804949,5001221,20204,37,1.0,9548.71
804950,5007312,20973,17,25.5,18891.49
804951,5010197,20597,25,11.5,7240.18
804952,5000398,20664,7,1.5,2499.99
804953,5007431,20542,15,6.0,26910.98
804954,5001121,21483,47,0.9,58267.36
804955,5006551,20687,38,6.6,14382.07
804956,5002094,20828,21,0.4,42512.61
804957,5001284,20312,4,0.4,6346.35
804958,5001353,21191,43,0.8,82277.45
804959,5001929,21203,14,0.9,26392.23
804960,5002976,20440,26,10.8,
804961,5008826,20595,45,6.3,
804962,5010925,20867,26,21.9,1986.74
804963,5007077,20830,32,0.0,50240.32
804964,5000420,20859,9,0.4,148.0
804965,5010452,20135,18,26.2,15654.13
804966,5007926,20829,13,,26748.88
804967,5002124,21031,41,25.5,22945.71
804968,5003684,21068,47,1.9,57553.98
804969,5006785,20227,4,,8110.81
804970,5009207,20650,6,25.5,10637.26
804971,5007683,21298,11,1.9,26888.15
804972,5004458,20025,23,0.3,10685.16
804973,5000404,21418,48,5.0,886.46
804974,5011823,21249,37,21.8,4796.39
804975,5003662,20701,11,16.5,1095.95
804976,5008229,20709,37,0.8,31211.61
804977,5006882,20518,30,,36336.8
804978,5009410,20538,32,20.5,48178.78
804979,5001249,20056,4,0.1,334.35
804980,5005221,20301,44,6.9,21629.4
804981,5000673,20266,26,26.5,26393.97
804982,5011852,20995,36,6.9,54351.56
804983,5001981,20764,45,1.1,44009.66
804984,5003957,21143,31,0.2,54273.3
804985,5007619,20850,21,1.1,36492.59
804986,5011888,20845,29,0.3,51105.17
804987,5005040,20322,49,15.1,38678.53
804988,5009656,20967,43,16.7,88987.29
804989,5002666,20207,25,15.7,51704.98
804990,5011982,20469,24,25.8,6661.79
804991,5005497,21255,30,11.9,64007.12
804992,5008650,20948,11,0.0,11723.47
804993,5005023,20462,7,1.3,9335.72
804994,5010487,21255,33,26.2,58979.54
804995,5000804,21290,8,26.0,13314.49
804996,5001375,20135,11,25.3,9683.08
804997,5008717,20125,39,1.7,10046.98
804998,5004836,20883,46,20.5,90469.06
804999,5008605,21192,12,,8276.68
805000,5010132,21478,24,16.1,44967.11
805001,5009749,20614,9,20.7,16905.06
805002,5004148,20711,42,21.6,15358.94
805003,5010197,20927,15,0.2,5363.3
805004,5009364,20065,20,21.4,17886.69
805005,5005486,20790,46,1.0,105888.7
805006,5003296,20586,23,20.5,13779.94
805007,5008138,20066,22,1.3,46154.63
805008,5006741,21242,35,1.0,45299.68
805009,5000236,20701,22,16.9,2181.41
805010,5002735,21209,29,25.8,30215.36
805011,5000861,20010,4,1.8,1668.73
805012,5004917,20364,3,25.5,851.47
805013,5001264,21458,6,20.4,5472.34
805014,5005889,20513,39,11.2,15677.21
805015,5009016,20112,7,0.2,13659.24
805016,5005565,20315,3,26.5,3843.18
805017,5009282,20830,46,21.9,57782.3
805018,5002073,21317,42,1.2,74000.23
805019,5002686,20015,39,6.4,17574.85
805020,5007244,21283,16,25.6,299.62
805021,5000471,20378,49,21.5,16073.75
805022,5004939,21497,18,0.2,26158.1
805023,5008345,21369,46,0.6,29037.48
805024,5002400,20251,18,6.5,6995.89
805025,5002486,20023,8,1.2,1944.54
805026,5010210,20057,15,11.0,17061.17
805027,5010160,20491,20,20.2,8898.82
805028,5005068,20805,12,0.4,28538.03
805029,5007013,20710,15,1.1,22000.75
805030,5006551,21068,47,15.1,49809.72
805031,5008687,21307,31,25.7,4353.93
805032,5002142,21136,37,0.3,42588.72
805033,5004337,21486,46,0.9,43346.36
805034,5008857,20366,10,,16139.29
805035,5007085,21236,41,,
805036,5006682,20380,32,1.9,50073.38
805037,5001755,21352,42,,60183.41
805038,5004436,20583,12,15.6,22269.65
805039,5003993,20581,25,6.3,54788.26
805040,5005813,21169,37,0.1,8606.83
805041,5011890,20427,23,0.2,45593.07
805042,5005618,20844,5,1.5,1765.07
805043,5003385,21201,32,20.5,45907.5
805044,5001627,21452,39,16.1,47602.18
805045,5009349,21310,7,1.8,15341.46
805046,5010737,21394,14,1.6,766.22
805047,5008394,20301,46,,18993.58
805048,5010146,20347,4,25.0,411.63
805049,5010956,20408,23,6.5,24720.0
805050,5003790,20344,38,,57277.91
805051,5004404,20594,4,25.4,5233.19
805052,5008309,21325,9,20.0,15421.68
805053,5005583,20394,31,26.1,30112.28
805054,5000250,20809,13,1.1,31058.53
805055,5007683,20566,47,0.9,57887.76
805056,5000833,20190,31,21.4,39914.43
805057,5005682,21117,45,12.0,68059.73
805058,5011752,20834,37,1.2,60581.33
805059,5009794,20741,17,16.4,34722.05
805060,5008100,21217,31,0.7,44673.21
805061,5002968,20993,31,1.5,
805062,5009960,20476,15,16.9,29411.29
805063,5009435,20475,45,27.0,20058.87
805064,5001872,20506,27,,28251.07
805065,5000587,21434,41,10.7,68685.26
805066,5001341,21009,38,,25442.41
805067,5009711,20306,20,11.7,28259.36
805068,5003254,21022,3,15.7,1163.49
805069,5006500,20045,42,21.1,5626.83
805070,5008119,21472,16,25.2,9973.41
805071,5000959,20337,13,20.6,14201.11
805072,5007259,20615,31,,33818.94
805073,5005348,21488,35,0.8,43614.57
805074,5004938,20445,11,0.7,16271.67
805075,5003000,20630,27,0.4,32373.4
805076,5007977,20097,7,,8583.16
805077,5004950,21377,2,21.0,729.23
805078,5000890,20897,25,1.5,30302.79
805079,5010739,20338,49,25.6,50167.1
805080,5006509,20235,27,11.4,4418.87
805081,5006503,20413,38,,24980.75
805082,5005295,20382,47,0.4,
805083,5009032,20145,50,26.3,60347.77
805084,5010551,20242,5,5.4,6526.83
805085,5010043,20011,47,21.2,3203.24
805086,5002692,20980,3,26.2,2762.25
805087,5003694,20191,41,1.9,52235.41
805088,5007918,20055,27,10.3,41471.89
805089,5000043,20381,39,11.8,21557.57
805090,5003241,21375,29,15.1,47317.62
805091,5007954,20623,21,26.0,3698.83
805092,5011907,20152,7,16.0,5422.18
805093,5001726,21469,27,16.7,25678.65
805094,5006412,21099,34,25.6,56643.06
805095,5002398,20927,24,16.0,7222.72
805096,5000131,20294,38,5.4,75409.92
805097,5006624,20188,46,0.2,47801.25
805098,5008455,20416,36,0.0,11923.92
805099,5002554,21032,29,1.8,30813.77
805100,5009490,21053,7,16.0,9606.57
805101,5002655,20786,5,6.9,3048.09
805102,5011463,20308,20,16.1,18266.2
805103,5003904,21364,30,0.2,34256.45
805104,5002015,20729,49,11.0,60063.18
805105,5000376,20960,2,2.0,3030.18
805106,5009800,20243,-4,0.5,-8870.66
805107,5004120,20093,38,0.8,30895.64
805108,5009980,20418,21,26.5,17507.92
805109,5011822,20770,46,1.9,34904.96
805110,5000051,20045,5,1.6,835.42
805111,5005712,21402,50,25.4,27314.42
805112,5003881,21432,33,25.3,48931.25
805113,5000048,20183,10,0.2,16083.27
805114,5003627,20320,45,10.8,36220.33
805115,5010094,21319,27,15.9,32696.04
805116,5002893,21073,6,15.2,5901.22
805117,5005116,21305,23,11.8,47785.7
805118,5000672,21465,25,20.4,1526.13
805119,5000745,20013,46,0.1,1897.9
805120,5009253,21243,45,,97905.76
805121,5005608,20795,49,21.0,22780.06
805122,5010661,21156,34,1.2,77398.32
805123,5001018,21039,15,6.5,33750.6
805124,5011277,20927,30,25.9,7964.34
805125,5009734,20779,29,1.9,62635.88
805126,5005347,20232,9,16.1,
805127,5011167,20534,16,11.0,30124.44
805128,5001888,21118,5,6.9,8983.92
805129,5010970,20664,7,1.8,2492.37
805130,5008233,21238,49,25.9,33047.36
805131,5005784,21166,13,1.0,25382.99
805132,5007815,21142,39,,24195.86
805133,5011333,20760,37,,55286.47
805134,5010061,20715,11,26.5,12129.2
805135,5008573,20866,18,0.9,27265.92
805136,5006879,20857,26,,7518.22
805137,5000518,20584,48,26.7,74027.14
805138,5001610,21464,29,,1675.23
805139,5010087,21397,33,20.6,7804.53
805140,5000897,20558,30,,58661.71
805141,5003017,20925,43,5.7,79630.53
805142,5003917,21233,49,1.0,70771.72
805143,5001823,20590,10,1.7,4932.6
805144,5008388,21193,27,1.6,35341.28
805145,5002398,21082,37,15.5,27376.26
805146,5006813,21380,1,1.8,16.44
805147,5004991,21033,39,16.9,16284.87
805148,5000390,20939,9,21.0,9334.72
805149,5005288,20384,47,15.1,17908.87
805150,5005761,21119,2,0.3,1340.49
805151,5001346,21352,33,26.1,35015.1
805152,5007618,20958,17,10.8,3802.37
805153,5004299,21237,34,1.5,29891.16
805154,5008943,21047,39,1.5,52527.13
805155,5007756,20805,49,6.0,109978.38
805156,5006205,21011,50,21.1,90805.22
805157,5008671,21363,23,26.7,31136.38
805158,5011789,20087,28,0.1,36659.82
805159,5002310,20648,34,,20466.37
805160,5005823,20084,34,0.3,38457.96
805161,5004348,20945,29,10.2,14274.14
805162,5001334,20447,48,,51078.03
805163,5006769,20192,10,0.1,20958.02
805164,5010509,20090,5,10.9,2000.47
805165,5006941,20553,44,0.2,53764.54
805166,5005969,20761,41,10.0,70783.42
805167,5008646,21193,50,25.8,49351.16
805168,5008839,20435,12,20.4,11905.61
805169,5008619,21271,17,21.9,19088.34
805170,5006686,20491,26,0.1,14482.32
805171,5010872,20089,37,,68130.14
805172,5004595,20740,36,20.9,54320.25
805173,5001616,20129,25,17.0,23433.39
805174,5004999,20721,15,1.5,14014.83
805175,5002928,21436,36,26.6,16329.24
805176,5003052,21012,11,0.4,4810.01
805177,5009660,20010,-5,6.2,-1992.45
805178,5003864,20296,39,5.1,90620.32
805179,5004130,21027,-10,1.8,-11830.25
805180,5009054,20034,50,,120093.2
805181,5003786,20331,10,,2317.79
805182,5001448,21111,20,1.4,40130.99
805183,5007550,21041,34,1.1,71635.82
805184,5002335,20926,35,21.4,
805185,5007071,20966,50,0.4,22467.77
805186,5010628,21052,3,21.7,5472.37
805187,5006775,21146,48,1.6,70017.19
805188,5011959,20224,37,0.8,15421.19
805189,5005677,20740,6,16.5,9556.98
805190,5000899,21360,2,0.9,2432.27
805191,5008709,20887,3,21.4,1304.35
805192,5005155,20914,30,15.3,
805193,5002138,20472,44,1.8,53744.7
805194,5001517,21460,28,,21088.76
805195,5007121,20641,3,0.6,6567.86
805196,5002667,20592,39,1.1,
805197,5000117,20416,21,25.5,5181.94
805198,5010633,21019,24,11.5,25148.16
805199,5007620,20545,2,15.5,1970.24
805200,5008774,21062,15,21.6,10295.53
805201,5004457,20833,41,0.2,45558.51
805202,5005976,21173,11,1.1,15969.07
805203,5008656,20724,26,26.0,41103.95
805204,5003860,21159,49,1.5,105098.97
805205,5007339,20591,50,0.5,98605.5
805206,5009499,20843,10,1.6,13579.99
805207,5002250,20681,25,6.6,3583.29
805208,5000003,20020,23,0.4,11523.87
805209,5004072,20755,5,25.7,3196.61
805210,5004582,20743,32,0.2,7502.41
805211,5001696,20418,24,21.5,21370.21
805212,5002404,20528,32,1.1,37900.7
805213,5002459,20326,39,0.8,83930.52
805214,5009529,20541,10,1.1,3986.36
805215,5000056,20415,13,26.8,7446.08
805216,5004837,20016,35,5.8,46599.14
805217,5001741,20382,17,0.1,22256.22
805218,5010285,20069,46,1.5,112787.46
805219,5005073,20964,11,1.6,2113.93
805220,5002850,20348,8,,1009.19
805221,5006595,20616,11,5.6,2334.22
805222,5008033,21109,29,15.2,54862.29
805223,5010820,20924,44,5.6,79854.21
805224,5000702,20622,40,,31985.64
805225,5005455,20635,48,5.9,92378.5
805226,5000658,21310,3,26.9,4894.36
805227,5008657,21427,50,5.6,57554.74
805228,5005751,21346,19,11.5,29475.35
805229,5000501,21277,20,0.8,21774.2
805230,5000220,20111,3,0.1,2100.54
805231,5004361,20770,14,5.9,10190.09
805232,5009644,20152,2,21.0,1456.98
805233,5006108,21341,24,25.4,31951.48
805234,5005850,21115,28,0.6,15276.71
805235,5000155,20401,20,26.9,26505.48
805236,5003823,20269,20,16.4,16284.95
805237,5004029,20173,3,25.7,
805238,5003897,21178,28,1.1,27777.01
805239,5006628,20530,43,26.2,42046.6
805240,5002217,21433,25,10.7,45401.91
805241,5003883,20934,47,21.1,43229.88
805242,5005496,20722,22,0.2,51662.91
805243,5000891,21173,33,16.2,40592.75
805244,5006030,20380,38,21.2,55410.77
805245,5009871,20144,1,11.1,1251.34
805246,5011037,20947,18,1.2,36421.45
805247,5002935,20123,27,1.5,44267.38
805248,5010702,20369,28,11.1,27596.02
805249,5004463,20667,37,16.0,22886.38
805250,5004873,20154,4,25.8,2119.45
805251,5000852,20419,44,21.0,52553.3
805252,5000434,21381,41,12.0,4128.27
805253,5010703,20853,1,1.1,741.11
805254,5004327,21087,11,15.5,22276.86
805255,5006006,21450,47,1.8,108640.05
805256,5009096,20558,43,15.3,80562.52
805257,5008821,20073,43,7.0,38346.81
805258,5004926,21045,34,10.8,33206.43
805259,5004387,21369,31,1.6,
805260,5003560,20736,2,11.0,2911.94
805261,5009994,21423,4,10.7,3751.14
805262,5000243,20578,31,11.2,61983.15
805263,5001867,20011,11,15.8,801.07
805264,5008924,21450,32,26.5,11432.13
805265,5000084,20068,39,0.2,20081.03
805266,5000690,20442,24,1.4,7544.08
805267,5003406,20923,17,0.9,6818.65
805268,5010627,20462,13,1.6,17285.06
805269,5011799,20660,17,20.9,10077.32
805270,5009318,20112,2,6.9,3640.64
805271,5007231,20320,14,1.1,12493.94
805272,5006812,20448,36,1.8,23263.03
805273,5002735,21342,15,11.2,17940.84
805274,5009436,20237,39,,
805275,5009292,21390,15,0.4,7471.94
805276,5002989,21149,39,10.8,76074.05
805277,5007773,20432,5,10.8,808.24
805278,5002768,20618,10,11.2,18474.57
805279,5001472,21427,40,1.2,48189.9
805280,5010020,20018,14,26.4,16620.15
805281,5003057,20419,19,15.9,24158.49
805282,5003053,20474,16,26.2,9919.78
805283,5011361,20267,5,0.6,4285.13
805284,5011299,21228,7,26.0,11823.92
805285,5003217,20237,39,,60002.93
805286,5008569,20220,18,26.3,10997.51
805287,5010436,20822,38,6.8,81991.94
805288,5003116,21279,40,16.4,34743.83
805289,5009447,21089,28,0.1,23022.35
805290,5009490,21151,2,26.1,1153.99
805291,5000691,20095,37,26.8,32459.63
805292,5003145,20274,10,20.8,10258.93
805293,5008082,20124,46,6.0,42384.71
805294,5003450,20093,15,6.6,11482.6
805295,5008829,21430,26,15.4,20350.26
805296,5006915,21143,18,10.3,28324.28
805297,5008696,20210,32,26.3,57989.75
805298,5003694,21355,30,20.1,56201.74
805299,5007112,21242,23,1.4,29648.08
805300,5003246,20503,43,1.3,84888.79
805301,5004636,20114,3,5.0,3774.88
805302,5010361,20446,36,1.9,18672.28
805303,5003207,20766,47,0.4,7966.93
805304,5003842,21363,38,26.3,51723.44
805305,5010927,21114,13,0.2,28385.17
805306,5009686,21224,16,26.6,29229.05
805307,5001752,21051,39,10.6,61321.62
805308,5005701,21444,38,15.0,26207.9
805309,5002714,20393,2,25.8,2687.14
805310,5006661,20041,16,1.3,38127.57
805311,5002165,20268,25,1.5,6217.81
805312,5007748,21357,30,0.4,
805313,5004518,20651,32,1.9,74060.63
805314,5005742,20493,38,26.0,34846.87
805315,5004579,20333,17,26.0,25197.11
805316,5004221,21276,33,20.0,63528.7
805317,5002642,20822,37,1.1,84716.82
805318,5010798,20394,49,6.8,60027.39
805319,5006966,20086,43,10.5,35826.84
805320,5003433,21465,35,21.6,2104.37
805321,5001117,21271,25,11.2,31916.94
805322,5002949,20345,10,5.8,898.2
805323,5000087,20375,14,0.4,21327.91
805324,5011431,20303,11,21.4,4970.84
805325,5010380,20598,46,21.1,66040.93
805326,5000140,20337,22,15.8,25485.5
805327,5010236,21298,42,1.8,102768.5
805328,5004033,21217,5,26.8,5311.5
805329,5008457,20467,10,2.0,19426.15
805330,5004423,21415,32,15.8,12500.67
805331,5001857,20286,42,26.4,36996.72
805332,5011217,21023,13,10.9,10271.57
805333,5011927,20722,44,6.1,97217.37
805334,5001519,21064,22,25.7,29151.62
805335,5003769,20403,46,0.2,69551.08
805336,5006629,21159,32,10.5,62364.75
805337,5002787,21470,1,1.7,1807.27
805338,5001530,20170,23,6.0,26483.64
805339,5007533,20100,18,0.9,31259.49
805340,5004083,20205,38,15.6,31939.86
805341,5009151,20190,14,25.4,17108.53
805342,5011643,21423,10,5.5,9923.92
805343,5003193,21256,21,21.0,27469.89
805344,5002619,20169,10,11.9,13653.39
805345,5011603,21382,13,16.0,18723.98
805346,5002051,20729,25,1.8,33812.22
805347,5009559,20895,41,16.0,10657.11
805348,5003233,21442,41,10.2,88007.91
805349,5005652,20704,12,26.9,2380.63
805350,5008287,21441,47,16.9,91486.34
805351,5000706,20037,3,1.7,4963.46
805352,5008713,20196,22,1.2,29857.66
805353,5006162,20336,20,26.6,28129.52
805354,5002961,20373,30,20.4,44331.55
805355,5000532,20093,14,16.1,9627.02
805356,5000119,21282,27,21.6,50345.34
805357,5001266,21251,44,10.1,91731.16
805358,5010201,20452,48,0.9,
805359,5006107,21269,35,25.5,53316.86
805360,5002656,20324,45,15.2,
805361,5008780,20992,30,5.4,58083.64
805362,5002843,21118,21,1.4,39961.54
805363,5010106,20479,36,26.5,23045.07
805364,5011290,20864,50,20.7,8261.87
805365,5008192,21039,7,1.3,16626.23
805366,5006359,20516,49,1.5,43186.07
805367,5001117,20891,2,0.7,3597.28
805368,5006069,20804,41,22.0,39841.32
805369,5009838,20178,35,6.0,57748.38
805370,5001391,20650,37,10.1,79155.96
805371,5003497,20122,25,1.4,40022.97
805372,5001437,21260,37,25.8,63395.95
805373,5007648,21438,50,,
805374,5002289,20790,28,0.9,64519.09
805375,5008493,20747,50,16.0,85894.2
805376,5007198,21450,33,6.8,
805377,5011539,21275,7,20.6,5901.82
805378,5005199,20514,47,0.0,105287.05
805379,5009069,20527,46,26.9,50372.76
805380,5006696,20524,32,26.0,17169.89
805381,5006491,21025,33,1.2,61583.41
805382,5001609,20879,47,,51024.64
805383,5009803,21313,49,25.5,79885.35
805384,5000592,20538,15,21.0,22441.77
805385,5004918,20773,11,5.1,5992.72
805386,5006037,20278,11,1.6,26011.91
805387,5002511,20104,3,25.0,1466.78
805388,5006779,20381,29,6.8,16938.72
805389,5007984,21070,38,11.5,15560.6
805390,5011427,21010,37,11.2,
805391,5007451,20029,50,15.5,91241.83
805392,5009974,21017,21,25.3,9884.06
805393,5011604,20078,50,0.9,61354.3
805394,5000182,20051,18,6.3,38739.01
805395,5004540,20863,47,25.1,4646.8
805396,5011370,20443,22,10.9,36343.87
805397,5002389,21347,43,1.0,33177.78
805398,5003218,21120,28,0.9,14348.21
805399,5003938,20712,33,1.3,47553.66
805400,5004546,20598,36,10.5,28307.53
805401,5009386,20091,24,0.9,24778.41
805402,5008506,20401,34,1.6,60654.39
805403,5005903,20781,40,6.4,31240.68
805404,5008732,20301,35,25.7,13730.9
805405,5005954,21201,44,11.6,70189.39
805406,5008827,20487,40,12.0,63363.87
805407,5007128,20312,1,11.1,1416.14
805408,5000632,21016,49,25.3,75549.69
805409,5005110,20047,5,10.4,2094.8
805410,5007534,21012,8,1.4,3463.07
805411,5008251,20347,45,11.6,5458.21
805412,5008440,20989,32,10.6,45572.26
805413,5009208,20803,40,1.6,72274.01
805414,5003600,21062,15,0.7,13040.13
805415,5010474,21155,44,1.6,47899.23
805416,5001358,21359,43,6.3,32319.43
805417,5008934,21027,7,20.2,6729.51
805418,5005071,21175,9,1.9,
805419,5008125,20595,18,0.6,41669.57
805420,5004760,20282,28,1.4,50890.1
805421,5001789,20801,14,0.5,606.51
805422,5003062,21321,39,0.5,78901.43
805423,5011297,20619,19,6.5,33606.23
805424,5001236,21172,28,11.8,13513.65
805425,5009556,21135,14,1.5,9264.54
805426,5010005,20088,18,10.0,20250.49
805427,5000523,20149,18,1.5,19598.92
805428,5002879,20880,43,21.1,13628.14
805429,5001200,21445,6,1.1,13752.16
805430,5011119,20663,6,11.3,7778.58
805431,5011673,20740,46,20.9,69409.21
805432,5001716,20777,35,11.9,32721.79
805433,5005780,20340,34,1.7,80200.77
805434,5002071,21499,31,0.7,67759.54
805435,5009865,20645,38,26.8,2971.86
805436,5004486,21266,19,0.3,26807.38
805437,5000773,21182,41,20.9,38735.91
805438,5007833,21293,22,20.5,31075.01
805439,5009694,20464,44,0.2,8913.26
805440,5011530,21139,18,1.7,33140.69
805441,5006687,20098,21,0.7,21558.25
805442,5002539,21313,40,2.0,85782.93
805443,5003676,21194,3,1.2,3818.25
805444,5002041,20972,32,6.6,7741.89
805445,5000353,20620,40,25.4,50481.82
805446,5002987,21141,15,16.0,19052.33
805447,5010033,20874,29,10.4,2715.85
805448,5002706,21173,15,15.3,18649.42
805449,5007130,20892,10,15.8,17402.04
805450,5006160,20467,32,21.2,49984.67
805451,5005147,20521,36,25.7,48736.46
805452,5003829,20622,29,11.2,27566.74
805453,5005877,20183,45,,53374.54
805454,5001468,21274,24,1.3,32005.09
805455,5001391,20445,23,0.4,34125.36
805456,5000655,20576,22,26.5,8191.24
805457,5009750,20257,9,11.5,5278.96
805458,5010086,20141,7,0.4,
805459,5003788,20326,3,0.4,6482.23
805460,5011988,21215,36,21.9,60390.92
805461,5002989,20409,14,0.2,16322.93
805462,5007748,21026,6,0.6,1273.19
805463,5008312,20114,48,,62432.57
805464,5010734,20576,35,1.6,17446.27
805465,5007786,21216,24,26.6,17639.61
805466,5011796,20394,32,1.5,41430.83
805467,5004553,21171,47,0.4,24351.6
805468,5009980,20184,11,16.0,19689.7
805469,5001618,21316,19,1.3,42419.66
805470,5006417,20210,31,15.9,
805471,5009681,20228,34,1.1,44992.26
805472,5006232,20799,17,25.4,14500.35
805473,5006408,20958,45,15.5,
805474,5008783,20568,30,6.8,6672.37
805475,5007922,20499,49,26.6,15818.57
805476,5004499,21271,33,20.0,37955.28
805477,5008173,20513,36,1.4,
805478,5006483,21006,40,5.0,53923.14
805479,5000843,20919,20,0.2,13460.62
805480,5011044,20201,6,0.8,1614.18
805481,5007950,20025,24,25.1,8376.28
805482,5009939,20677,50,11.1,10195.94
805483,5009566,21284,29,6.5,58734.61
805484,5000956,20545,27,5.9,29619.99
805485,5006933,21078,46,1.3,101828.51
805486,5005554,21079,37,0.2,80236.51
805487,5004799,21045,28,16.5,25599.0
805488,5010770,21162,19,1.4,39240.61
805489,5003652,20491,2,25.2,834.12
805490,5001306,20118,16,16.3,10365.54
805491,5004176,20703,28,1.8,
805492,5011294,20627,20,1.8,691.92
805493,5009348,21254,5,0.1,10356.73
805494,5010769,20693,41,6.2,17098.81
805495,5005934,21135,47,,23113.64
805496,5009977,21286,12,16.0,10184.13
805497,5000594,20808,26,0.5,60266.49
805498,5010802,20297,35,11.6,47490.73
805499,5008193,20691,13,21.0,14279.1
805500,5005224,20291,11,1.7,11696.21
805501,5003773,21245,41,20.9,58392.34
805502,5001806,21480,8,0.3,635.53
805503,5006077,20257,1,,654.82
805504,5010317,20983,3,15.7,2973.57
805505,5011999,21239,9,5.3,18041.66
805506,5006577,20831,50,0.9,80880.46
805507,5005746,20420,37,5.1,69576.06
805508,5007510,20806,37,25.6,29960.37
805509,5011794,21150,10,5.5,7740.21
805510,5009747,20561,20,0.4,1440.42
805511,5008117,20967,5,16.1,10421.89
805512,5009712,21022,25,0.8,11409.49
805513,5000447,20831,19,10.6,27726.25
805514,5000214,20305,24,21.0,45957.52
805515,5010540,21469,12,0.0,13700.76
805516,5004128,20561,13,0.3,937.21
805517,5003754,20514,49,25.3,81996.21
805518,5008896,21254,32,11.8,58520.21
805519,5004693,20279,31,20.3,23667.33
805520,5008129,20803,38,11.7,61612.86
805521,5003818,20145,48,1.8,77192.74
805522,5011703,21221,19,1.5,43848.87
805523,5008282,20141,1,25.6,788.33
805524,5006286,20241,25,21.6,35654.56
805525,5007646,20928,28,0.2,21954.76
805526,5006944,20006,27,25.1,5021.78
805527,5010567,20545,39,6.3,42602.56
805528,5008542,20277,50,5.4,96172.25
805529,5006118,20963,28,6.0,57051.5
805530,5001872,20855,42,20.5,27470.62
805531,5003004,21109,-10,0.6,-22175.15
805532,5002677,20370,5,16.1,6354.59
805533,5011147,21497,37,20.7,42724.6
805534,5005636,20557,35,0.7,33375.57
805535,5000439,21495,9,20.3,8518.73
805536,5005118,21386,47,11.7,43742.47
805537,5001394,20439,30,1.5,33574.12
805538,5004917,20585,42,15.4,80234.45
805539,5003673,20948,15,15.0,13588.57
805540,5004533,21471,45,1.4,90334.66
805541,5010237,20777,38,0.5,40123.59
805542,5011856,20875,29,2.0,51551.89
805543,5001398,21176,43,16.3,42648.62
805544,5011265,20139,6,1.5,4423.81
805545,5008908,20161,43,6.0,68816.26
805546,5009874,20822,32,15.2,
805547,5003809,21045,43,15.1,39971.88
805548,5004364,20637,44,16.1,43345.29
805549,5008623,21221,22,0.7,
805550,5010785,20729,31,6.7,39835.07
805551,5003890,21083,8,26.7,1057.51
805552,5006107,20123,18,21.1,23639.23
805553,5004066,20026,2,6.5,1255.5
805554,5003141,20505,1,5.7,2244.68
805555,5001824,21185,2,0.5,2357.45
805556,5003602,20614,20,,44862.23
805557,5010359,20710,42,15.3,52757.31
805558,5004970,20715,14,6.3,19679.75
805559,5007918,20579,29,21.5,6410.85
805560,5007646,20351,20,20.1,15812.37
805561,5004773,20587,14,6.4,25863.5
805562,5005229,20673,20,1.0,4251.26
805563,5007263,20748,14,15.1,6012.53
805564,5005815,20634,22,25.3,20045.7
805565,5002146,20769,2,10.0,1722.89
805566,5002168,20936,43,5.3,28398.01
805567,5002413,20025,23,1.1,10599.42
805568,5010373,20847,44,1.8,68589.24
805569,5008314,21325,10,25.6,15935.74
805570,5002045,21471,5,25.7,7563.52
805571,5011553,20499,2,0.1,878.76
805572,5000170,20826,7,25.3,6400.66
805573,5006285,20706,10,26.1,6981.55
805574,5007514,20934,13,11.7,13381.76
805575,5009834,21052,4,1.1,9216.13
805576,5001434,20510,30,25.7,46778.91
805577,5005788,20185,33,1.8,847.74
805578,5003646,20273,19,20.7,24683.36
805579,5003383,20052,2,0.3,3457.99
805580,5004198,20847,8,,9905.5
805581,5002690,20449,19,5.5,30664.09
805582,5003000,20179,22,21.3,18149.05
805583,5004642,20902,5,21.4,9428.23
805584,5011490,21476,46,0.8,13419.0
805585,5006683,20631,33,16.6,20743.06
805586,5004151,21159,50,16.2,91238.93
805587,5006349,20938,16,1.8,10622.57
805588,5004011,21087,14,0.6,33351.78
805589,5000848,20682,18,25.0,18712.08
805590,5000451,21062,6,1.2,5189.79
805591,5004414,20507,7,1.9,9940.67
805592,5006833,21214,34,1.0,64853.06
805593,5005046,21418,30,5.2,552.87
805594,5009588,20712,33,6.6,45000.12
805595,5002401,21355,29,20.9,53784.39
805596,5010706,20796,46,15.8,76435.28
805597,5007909,21452,23,0.3,33359.79
805598,5005773,20380,20,11.3,10142.84
805599,5011228,21328,9,21.5,295.25
805600,5005103,20073,34,26.0,24126.18
805601,5006225,20946,44,0.6,104137.17
805602,5001402,20183,26,15.2,35531.45
805603,5002689,21290,45,10.0,91087.34
805604,5000211,21325,20,0.1,42795.16
805605,5010769,21228,20,0.3,45515.24
805606,5005181,20364,28,21.5,8373.72
805607,5002029,20478,16,0.8,37225.4
805608,5009197,20047,47,6.2,20614.17
805609,5006062,20468,21,1.4,17590.37
805610,5004466,21469,24,2.0,26853.49
805611,5001482,20582,30,0.7,
805612,5011914,20359,38,0.1,36930.95
805613,5007859,20658,32,21.6,52792.18
805614,5004923,20902,9,,21440.22
805615,5011920,21105,35,,83738.23
805616,5000352,20859,35,21.1,455.92
805617,5001074,20469,22,11.3,7299.99
805618,5002423,20393,33,10.0,53778.98
805619,5009291,20432,19,1.1,3405.31
805620,5006666,20902,22,1.3,52092.75
805621,5010600,20884,49,1.7,10112.66
805622,5003863,20397,3,0.8,4768.33
805623,5002934,20191,21,6.5,25500.17
805624,5005546,20387,10,15.5,5695.72
805625,5000518,21028,21,0.5,26988.61
805626,5006291,20755,4,16.6,2870.49
805627,5000561,20499,28,1.4,12142.55
805628,5010987,20109,26,20.6,
805629,5004336,21025,38,,71703.76
805630,5001315,20752,35,1.7,23598.05
805631,5005088,20528,1,1.3,1495.16
805632,5003704,20683,17,26.7,12685.92
805633,5002656,21498,41,0.7,1219.76
805634,5009760,20600,21,11.0,33341.28
805635,5008639,20669,2,15.4,1312.38
805636,5007514,20732,19,6.0,22913.49
805637,5010928,20944,41,5.6,50419.31
805638,5001222,20406,15,25.2,22417.22
805639,5009304,21195,36,,41046.94
805640,5002922,20733,10,20.8,3978.77
805641,5006260,21154,19,6.5,9522.4
805642,5006024,20510,20,1.4,
805643,5005866,21042,48,11.3,104454.26
805644,5011395,21375,49,16.5,78632.08
805645,5010694,20467,20,6.9,36909.68
805646,5009261,20575,3,1.5,1422.57
805647,5006908,21015,29,6.7,44954.39
805648,5002469,20684,39,1.2,75349.33
805649,5000454,21082,31,21.2,21389.65
805650,5006703,21446,16,16.1,11366.37
805651,5007753,20489,17,16.1,20626.44
805652,5010595,20367,24,16.8,49704.74
805653,5006412,20133,7,17.0,12200.77
805654,5002499,20900,6,1.3,13812.12
805655,5006528,21495,42,1.2,49281.06
805656,5005274,21388,1,1.6,2215.07
805657,5001119,20643,-6,1.0,-11438.66
805658,5007926,20099,42,,55529.88
805659,5005389,20530,19,1.8,24721.29
805660,5005955,21474,20,20.8,5552.24
805661,5011959,21224,5,11.7,10988.27
805662,5008039,20367,50,1.3,122843.01
805663,5008566,20355,9,22.0,4276.09
805664,5000277,20818,2,1.6,3576.7
805665,5010643,21413,2,11.9,20.44
805666,5009624,20209,48,16.1,81395.75
805667,5002205,20459,26,15.5,39305.87
805668,5002619,20458,39,15.1,14825.45
805669,5008693,20825,27,25.5,43498.89
805670,5011046,21080,29,21.3,37365.59
805671,5007590,21245,20,1.6,35434.04
805672,5000052,20061,15,10.3,5686.22
805673,5009248,21239,7,26.7,10861.4
805674,5000019,20102,3,6.9,2156.61
805675,5001927,20061,30,11.9,11169.58
805676,5003769,20680,37,1.7,18476.1
805677,5008726,20310,47,16.9,24459.06
805678,5005909,21462,43,0.3,
805679,5009485,20105,48,26.8,40623.54
805680,5001224,21343,3,0.5,7314.71
805681,5000117,21209,42,1.6,58032.36
805682,5009139,20880,43,21.2,13610.86
805683,5011934,21131,6,,3360.09
805684,5004888,20759,10,25.9,3308.49
805685,5008128,21279,6,21.4,4899.88
805686,5006293,20157,39,,39173.73
805687,5001985,21056,2,20.5,1904.77
805688,5000825,20179,5,1.4,5167.77
805689,5007803,21119,35,25.3,17576.24
805690,5001487,20888,12,6.4,20499.19
805691,5000362,20167,7,6.9,8638.54
805692,5003989,20160,46,15.0,18475.53
805693,5001947,20735,40,,28100.79
805694,5006661,20161,34,1.5,57017.73
805695,5002418,20972,3,1.0,769.32
805696,5008698,20998,29,0.9,3584.9
805697,5007610,20565,19,6.2,16852.3
805698,5001668,20652,32,,
805699,5006433,20141,-4,10.9,-3776.38
805700,5008720,20068,23,21.5,14586.45
805701,5005748,21119,44,1.3,29194.91
805702,5008623,20381,16,10.5,8974.49
805703,5011047,21349,24,0.3,58744.68
805704,5008462,21242,32,0.3,41709.69
805705,5004009,20055,28,0.7,47610.74
805706,5009206,20963,9,21.0,
805707,5010213,20112,36,0.0,70388.28
805708,5009377,20248,31,25.7,5985.36
805709,5003635,21210,5,26.5,
805710,5003365,20094,11,15.5,
805711,5000579,21272,9,1.2,19022.03
805712,5003940,20105,39,15.4,38147.0
805713,5008996,20961,22,0.2,34841.76
805714,5001981,20660,11,10.6,7369.7
805715,5011158,20260,29,10.5,42803.95
805716,5008105,20365,4,1.0,2385.58
805717,5009212,21422,29,6.8,62401.44
805718,5006047,20556,49,15.4,27178.9
805719,5001597,20866,3,15.1,3893.17
805720,5002179,21268,23,5.2,46138.57
805721,5001528,20087,12,0.1,15711.35
805722,5009079,21414,27,1.1,54587.34
805723,5007995,20604,35,26.1,45941.93
805724,5001326,20639,14,15.9,18312.81
805725,5008126,20121,49,5.7,43214.17
805726,5005299,21084,2,16.8,3733.5
805727,5004006,20867,4,0.5,389.4
805728,5002261,21203,48,,86470.04
805729,5007516,20769,25,1.2,23641.85
805730,5005310,20628,17,26.2,
805731,5003227,20735,2,21.4,1109.91
805732,5000866,20246,22,0.8,51244.06
805733,5010413,21289,21,20.2,41198.87
805734,5003642,20024,35,0.3,2652.02
805735,5011679,20992,30,16.2,
805736,5000136,20277,41,21.3,65606.56
805737,5008683,20883,8,21.1,15615.0
805738,5002100,20468,30,21.8,19929.97
805739,5001521,20450,44,11.3,26432.49
805740,5000714,20391,42,6.6,74399.43
805741,5001562,20028,11,1.8,15050.97
805742,5004078,20498,45,1.1,105183.56
805743,5008575,20651,29,0.1,68348.96
805744,5005615,21426,9,16.8,15536.03
805745,5007103,20584,12,21.3,19870.18
805746,5002109,21376,17,0.5,14827.52
805747,5010902,20677,42,5.5,9104.09
805748,5003335,20203,40,,45772.68
805749,5002519,20979,26,16.8,48279.81
805750,5002580,20507,44,6.1,59809.04
805751,5002733,21032,4,0.8,4293.46
805752,5003670,20296,14,1.6,33730.12
805753,5008427,21086,27,0.9,25374.73
805754,5003750,20523,15,,15437.4
805755,5008533,21489,16,0.1,23416.24
805756,5005806,21371,20,1.1,47242.16
805757,5002899,21285,43,6.2,74836.91
805758,5004193,20230,20,,7716.55
805759,5005242,21221,50,1.1,115860.36
805760,5005191,20220,10,21.8,6482.78
805761,5004388,21402,45,11.8,29064.59
805762,5011701,20228,17,10.7,20312.48
805763,5009659,20058,18,1.0,24356.2
805764,5011254,20630,20,1.5,23715.45
805765,5007050,20630,4,26.7,3529.63
805766,5000758,20989,11,1.0,17347.66
805767,5005023,20059,35,1.5,22702.13
805768,5003415,20812,24,6.3,
805769,5011585,20066,23,21.1,38572.72
805770,5005562,20289,7,11.3,2864.96
805771,5008053,20204,24,1.7,6149.96
805772,5005188,20712,7,0.9,10128.02
805773,5005448,20141,20,5.1,20111.02
805774,5001886,20781,7,15.7,4923.91
805775,5008516,21107,1,25.9,824.08
805776,5000576,20019,5,1.5,2610.84
805777,5008334,20129,37,0.2,41701.27
805778,5005748,20174,22,,38977.13
805779,5004337,20775,22,25.5,39077.86
805780,5007968,20191,11,20.2,11400.08
805781,5006817,21270,18,10.9,25986.37
805782,5011753,21011,27,11.9,
805783,5003317,20243,34,0.7,75249.08
805784,5006268,21336,7,0.7,16649.8
805785,5011459,21250,44,25.1,64179.17
805786,5002006,21439,30,0.9,19441.93
805787,5001198,20496,49,25.8,78214.78
805788,5000865,20359,33,6.5,30016.98
805789,5001711,20783,28,11.9,54583.62
805790,5009533,20708,39,1.7,22400.69
805791,5010986,20061,24,5.8,9554.37
805792,5000945,21172,16,10.1,7870.92
805793,5001983,21205,19,,9458.4
805794,5004438,20896,3,1.7,6725.46
805795,5006407,20790,1,5.0,2208.92
805796,5009076,20622,34,,35813.64
805797,5006096,20105,9,21.1,
805798,5001092,21246,41,11.9,22787.66
805799,5001439,20379,40,1.5,8980.05
805800,5004778,20408,27,11.1,
805801,5001128,21411,13,21.7,22146.04
805802,5008519,20871,30,1.0,20844.65
805803,5006044,20208,28,26.5,24736.34
805804,5008429,20972,8,0.3,2066.02
805805,5002540,21394,22,17.0,1015.62
805806,5003848,20724,20,1.3,42172.14
805807,5002273,20897,11,0.5,13468.59
805808,5002726,20563,48,11.3,63103.59
805809,5008282,20448,25,6.5,15381.69
805810,5001208,20026,17,,10763.05
805811,5002774,21253,23,26.8,9652.92
805812,5005520,20230,16,20.1,5017.72
805813,5007526,21032,15,5.9,15272.71
805814,5008798,20029,8,10.9,15393.41
805815,5000370,20533,47,0.6,39808.41
805816,5002081,20486,7,25.1,6354.78
805817,5002053,21407,29,1.4,24030.97
805818,5009929,21130,16,25.8,9591.63
805819,5000778,21352,31,0.2,44421.09
805820,5004887,20458,23,1.3,10164.37
805821,5009769,20901,15,1.1,5506.01
805822,5008055,20778,2,0.1,403.36
805823,5011369,20969,27,10.5,54289.81
805824,5007067,20411,16,1.7,10743.64
805825,5002957,20734,11,20.0,15529.36
805826,5007308,21229,48,11.4,80027.06
805827,5010836,20518,12,,
805828,5006572,21037,25,1.0,13081.12
805829,5004254,21348,38,6.9,20100.01
805830,5011047,21418,21,1.5,402.12
805831,5001412,21255,45,0.4,108543.28
805832,5009886,21462,8,25.1,2135.01
805833,5002343,20418,17,21.5,15137.23
805834,5007512,21200,42,,50312.26
805835,5009158,20877,49,2.0,111813.13
805836,5010302,21054,47,0.9,63746.21
805837,5004649,20104,34,11.6,
805838,5004354,21033,21,20.7,8367.8
805839,5011212,20702,48,26.1,86738.97
805840,5005980,20988,23,1.0,39785.11
805841,5005003,20714,34,10.4,14931.32
805842,5011963,21124,37,0.4,69587.26
805843,5008128,20584,40,26.8,61605.12
805844,5011453,21204,16,20.6,28895.88
805845,5004780,20608,6,26.3,
805846,5007517,20973,1,1.1,1475.22
805847,5008622,20865,38,16.6,78775.22
805848,5004140,20015,32,15.9,12956.78
805849,5009125,20930,45,1.4,54205.5
805850,5001255,21391,49,0.5,3000.38
805851,5003269,20039,46,6.9,4018.79
805852,5011230,20335,48,,63525.1
805853,5001302,21428,25,5.3,13954.28
805854,5004436,20009,35,1.4,65875.1
805855,5002209,21011,18,10.3,37164.54
805856,5006618,20551,31,,44050.84
805857,5002269,21218,31,10.6,69209.62
805858,5003824,20948,9,20.3,7644.77
805859,5010888,20259,7,5.5,7876.61
805860,5009029,20478,32,10.0,67546.08
805861,5002843,21109,23,11.7,45307.35
805862,5011094,21231,3,1.4,2686.13
805863,5006441,20802,46,,45244.73
805864,5001316,20072,36,25.5,593.79
805865,5007508,20086,27,,24934.03
805866,5004367,21455,28,21.6,10179.36
805867,5006063,21289,38,1.2,92300.42
805868,5002730,21407,34,1.9,28031.37
805869,5006938,20151,34,5.6,70232.47
805870,5010922,21417,4,,5988.63
805871,5008771,20652,21,15.8,29195.1
805872,5005083,20226,18,,1044.33
805873,5003535,21359,34,21.4,21436.66
805874,5004779,21477,31,21.5,41859.36
805875,5011005,21202,19,21.2,23052.69
805876,5008933,21496,24,,34245.84
805877,5002578,20398,37,15.4,53689.82
805878,5008304,21417,11,1.9,16237.0
805879,5006582,20469,46,1.5,16950.02
805880,5009980,20945,19,0.8,10330.97
805881,5004524,20991,14,17.0,19165.8
805882,5005417,20656,1,10.7,1162.8
805883,5001199,20720,13,1.0,27273.33
805884,5002523,20579,22,,6102.49
805885,5008966,20155,39,16.2,55392.07
805886,5001037,20138,4,16.6,6826.72
805887,5001924,20038,17,15.4,16162.06
805888,5008431,21079,1,10.3,1949.09
805889,5000650,20139,24,0.5,17874.9
805890,5010310,20718,12,0.5,318.92
805891,5009044,20238,-1,1.8,-13.82
805892,5006569,20919,47,0.2,31632.47
805893,5004614,20873,45,0.3,67861.9
805894,5005112,20130,21,0.5,8440.33
805895,5003953,21142,15,1.8,12206.9
805896,5006066,20895,20,20.1,4944.85
805897,5004976,20597,44,1.5,14182.58
805898,5004203,20898,4,16.2,3025.21
805899,5003445,20009,24,0.3,45675.44
805900,5000258,21363,39,6.0,67706.25
805901,5000905,20095,2,0.4,957.34
805902,5011103,21248,3,0.8,7270.73
805903,5001545,21066,13,0.9,2550.32
805904,5010706,20572,27,25.1,40905.47
805905,5011420,20794,22,0.4,47574.68
805906,5009469,20497,46,11.1,58843.19
805907,5011616,20085,41,20.8,56967.25
805908,5011999,21095,17,16.4,29631.74
805909,5006012,21093,50,20.8,97342.74
805910,5000998,20886,1,1.6,263.6
805911,5003574,21069,1,1.9,2096.13
805912,5003715,21077,36,,2655.28
805913,5002062,21465,9,15.6,582.54
805914,5002326,20660,12,10.9,8012.69
805915,5009736,20759,16,20.7,5665.07
805916,5005859,20166,14,5.2,15626.45
805917,5008508,21392,43,0.9,
805918,5004803,21019,37,,41354.75
805919,5010302,20198,19,0.9,33710.5
805920,5009368,21354,19,25.7,3828.81
805921,5009057,20441,40,10.7,15158.14
805922,5004161,20143,40,0.0,78186.0
805923,5001515,20892,37,21.7,59875.81
805924,5003489,20510,4,,8377.81
805925,5007071,21059,41,15.9,37791.52
805926,5003767,21021,17,1.2,
805927,5000700,21135,42,16.8,23476.43
805928,5003251,20036,18,6.9,1160.32
805929,5006229,21491,32,7.0,57484.71
805930,5007312,20825,6,26.1,9588.57
805931,5005580,20239,6,10.0,
805932,5008868,20434,39,25.9,36832.35
805933,5011154,21267,15,25.4,9351.59
805934,5000824,20274,34,26.6,32326.01
805935,5004207,20599,1,1.8,1431.84
805936,5003042,21032,50,11.1,48095.79
805937,5007974,21470,4,5.7,6934.9
805938,5000080,20912,10,1.4,10954.95
805939,5005405,20688,3,0.4,7461.22
805940,5010547,20145,1,1.0,1621.28
805941,5000805,21067,27,21.7,38325.04
805942,5006005,20905,23,0.5,40915.4
805943,5006512,21270,43,25.9,51627.62
805944,5006106,20789,35,6.6,59998.25
805945,5008201,20633,41,0.0,888.47
805946,5003767,20044,23,21.2,15568.15
805947,5003204,20420,40,0.4,78942.56
805948,5004429,20634,1,5.5,1152.68
805949,5008792,20783,10,6.3,20733.28
805950,5009644,20199,35,5.5,43193.3
805951,5009498,20421,12,21.1,9096.57
805952,5000450,21369,37,16.1,19714.17
805953,5001853,20895,44,26.7,9980.06
805954,5005946,20414,16,25.8,
805955,5002166,21493,29,,25431.94
805956,5008889,21123,50,5.7,94470.21
805957,5002058,20411,49,,33203.64
805958,5007403,21444,31,21.8,19669.72
805959,5011546,20884,29,16.2,5102.2
805960,5000239,21299,12,15.5,19353.71
805961,5006397,20981,1,15.0,346.26
805962,5000841,20684,8,1.2,15456.27
805963,5004395,20064,11,20.5,
805964,5010523,20332,13,25.5,8882.6
805965,5004712,20307,32,11.0,26079.99
805966,5007302,20657,6,15.4,363.8
805967,5005267,20613,44,16.9,41545.11
805968,5003283,21136,42,1.6,47713.59
805969,5003873,21278,34,10.7,69327.98
805970,5003249,20743,47,1.3,10897.7
805971,5008900,20575,30,0.5,14370.09
805972,5011065,20775,36,6.5,80253.86
805973,5008702,21471,49,25.8,74022.71
805974,5004287,20170,41,1.1,49670.9
805975,5007462,20950,24,26.5,43895.73
805976,5003816,21402,32,,23058.35
805977,5004135,20623,3,1.0,706.92
805978,5003025,21101,29,0.9,23231.17
805979,5010117,20333,17,,31973.09
805980,5003222,21251,41,11.7,83955.48
805981,5000658,21266,19,1.7,
805982,5001804,20636,33,1.0,9608.9
805983,5010783,20833,45,11.1,44541.97
805984,5010987,20102,24,5.6,17493.83
805985,5008006,20334,7,1.9,9088.41
805986,5002543,20250,24,1.7,23964.52
805987,5008592,21011,24,1.2,
805988,5005820,20869,21,0.6,22310.76
805989,5001580,20723,33,1.5,15629.05
805990,5001878,20477,16,0.8,27527.92
805991,5004828,21279,38,5.5,37310.13
805992,5011528,21356,12,,7375.1
805993,5007648,21174,34,21.6,57938.95
805994,5005883,20703,4,16.6,238.96
805995,5004208,20516,37,0.5,32940.96
805996,5003825,20912,14,25.6,11572.7
805997,5009939,20250,46,0.9,46305.8
805998,5004004,20488,44,15.8,12706.72
805999,5007199,20161,1,1.5,1676.99
806000,5005156,21494,14,1.9,16277.54
806001,5001252,20732,13,0.7,16561.6
806002,5007340,20073,42,0.2,40193.67
806003,5011535,20293,43,0.7,26854.68
806004,5001869,20674,34,0.3,76011.86
806005,5003073,20626,22,10.3,9163.48
806006,5006495,20692,30,21.4,1870.13
806007,5001698,20461,37,1.8,
806008,5010845,20916,11,16.5,10972.31
806009,5001353,20551,35,16.4,55960.04
806010,5010993,21438,41,25.9,55721.18
806011,5005695,20112,38,16.4,62113.75
806012,5006198,21245,29,26.7,38273.44
806013,5004078,20394,14,15.6,15531.3
806014,5011094,20974,8,15.4,15193.75
806015,5004785,20368,28,5.1,12275.47
806016,5005431,20004,20,25.2,
806017,5006026,20964,29,,
806018,5001816,20724,45,0.4,95752.55
806019,5011759,20014,39,0.3,48858.04
806020,5007803,20505,18,0.4,42675.09
806021,5008363,20937,23,0.3,3620.35
806022,5003650,20364,-5,1.7,-1872.47
806023,5009837,20206,2,16.6,
806024,5006458,21054,36,21.4,38726.47
806025,5006663,20899,36,5.8,12793.3
806026,5008651,21079,9,0.9,19380.1
806027,5008949,21359,36,1.2,28530.87
806028,5007137,20520,13,26.2,17462.81
806029,5010802,21221,21,6.4,46053.61
806030,5011585,20468,43,6.2,34264.94
806031,5011448,20719,3,10.3,300.5
806032,5010940,20847,15,20.9,18834.74
806033,5010993,20321,29,0.4,12133.3
806034,5000729,20874,24,11.7,2214.99
806035,5006831,20795,49,5.5,27249.57
806036,5006683,20689,4,21.8,7660.91
806037,5009364,20833,11,6.8,11414.68
806038,5000350,20179,-9,1.4,-9301.99
806039,5000718,20312,24,1.3,37734.04
806040,5006921,21406,19,15.8,799.74
806041,5000594,20997,47,26.4,37353.13
806042,5007349,20009,33,20.3,50205.19
806043,5001722,20181,22,15.6,25461.37
806044,5000351,21478,39,5.9,81955.11
806045,5010288,21260,37,1.4,84243.14
806046,5003347,20389,24,11.2,49041.47
806047,5002729,20058,4,10.6,4887.64
806048,5008626,20183,-5,6.6,-7525.94
806049,5011900,20982,36,0.2,11833.96
806050,5007650,20526,11,21.7,8992.49
806051,5009637,20887,40,16.4,18497.67
806052,5011900,20985,38,11.8,55321.51
806053,5006474,20146,42,15.4,3513.4
806054,5002232,20876,41,11.2,88757.97
806055,5008449,21133,25,16.2,7438.09
806056,5002637,20601,12,25.0,10605.51
806057,5007017,20782,44,15.8,37514.06
806058,5009471,21354,15,1.6,4003.21
806059,5005724,20427,18,25.5,26636.01
806060,5001948,20435,26,25.5,24142.77
806061,5004413,20054,20,6.5,40468.11
806062,5008814,20524,3,,1829.38
806063,5004277,20690,15,21.6,26874.19
806064,5004498,20880,16,0.3,6407.76
806065,5011040,20378,3,0.8,1243.61
806066,5000653,21106,19,26.0,9926.78
806067,5000871,21227,46,16.5,72800.01
806068,5006043,20925,19,1.7,36678.08
806069,5004665,20232,31,11.0,39526.81
806070,5011389,20858,10,0.4,20211.23
806071,5008459,20244,16,2.0,19700.51
806072,5000958,20095,41,15.7,6724.23
806073,5007571,20665,5,0.1,5692.65
806074,5003842,20126,47,21.3,75994.27
806075,5011749,21119,26,10.2,15695.93
806076,5008586,20152,28,16.8,21482.17
806077,5011166,20939,20,,20980.14
806078,5000684,20538,39,1.3,
806079,5008571,20866,35,,49967.65
806080,5008323,20768,22,16.0,8130.83
806081,5001413,20614,-6,10.8,-12677.01
806082,5004125,20069,13,25.4,
806083,5005423,20197,42,1.6,98194.91
806084,5004432,20889,14,15.3,5617.96
806085,5004538,20231,24,10.4,
806086,5002303,20151,40,15.9,73611.05
806087,5001953,21080,28,15.0,38965.12
806088,5001917,20010,45,20.3,15236.53
806089,5006918,20211,40,26.2,60086.19
806090,5006962,21333,46,26.4,1117.93
806091,5001102,21372,10,16.7,17139.39
806092,5004799,20837,15,0.0,7665.0
806093,5004416,21350,42,6.4,38613.03
806094,5007556,20222,39,20.3,29674.01
806095,5007437,20866,47,16.4,60059.0
806096,5003260,21354,6,21.1,1283.96
806097,5001206,21029,33,1.1,51283.82
806098,5006872,20114,14,1.4,18283.67
806099,5002367,20552,23,1.7,37697.34
806100,5003022,20189,44,10.2,
806101,5000363,20376,9,20.7,8160.02
806102,5009134,20997,33,0.9,35313.35
806103,5002140,20116,31,0.4,72192.41
806104,5003246,20681,30,1.8,4520.93
806105,5000456,20030,38,0.0,49541.36
806106,5003603,20688,46,17.0,95337.75
806107,5002030,21159,2,5.8,4102.49
806108,5008258,21144,12,16.2,1697.45
806109,5002860,20439,14,0.1,
806110,5002065,20389,12,1.7,27144.01
806111,5004562,20269,2,22.0,1519.41
806112,5010844,21294,49,1.0,51236.75
806113,5010751,20703,19,1.0,1347.36
806114,5002336,21133,13,1.5,4546.29
806115,5010520,20552,11,16.7,15278.02
806116,5011150,21256,11,26.5,13387.22
806117,5004728,20938,37,0.0,25014.96
806118,5009094,21480,41,10.8,2914.06
806119,5009810,21467,39,10.1,20636.2
806120,5002166,21283,24,17.0,501.39
806121,5005553,20260,8,10.3,11834.37
806122,5011976,21498,49,10.7,1310.96
806123,5004510,21474,29,15.9,8548.83
806124,5008420,20836,2,15.2,2756.2
806125,5008370,20555,16,,20978.09
806126,5001796,21098,27,5.1,18567.71
806127,5009240,20726,23,21.9,22858.28
806128,5003389,20899,20,11.3,6692.42
806129,5010991,20147,3,25.1,
806130,5003002,20033,22,1.2,18218.46
806131,5004714,21467,41,26.1,17833.39
806132,5005480,20922,34,1.4,49448.57
806133,5005363,21360,35,5.1,40760.78
806134,5003793,21180,49,15.3,83176.99
806135,5005659,21225,23,5.0,39056.44
806136,5005018,21446,24,11.5,17984.33
806137,5006519,20948,37,11.0,35095.81
806138,5010623,21486,23,1.0,21651.31
806139,5007406,20291,33,0.1,35659.74
806140,5009357,21301,47,21.5,41783.96
806141,5001011,20480,19,5.0,22920.61
806142,5011426,21313,23,26.6,36943.56
806143,5006866,20902,37,6.3,83172.32
806144,5002083,20180,8,25.0,9139.74
806145,5007563,21375,34,0.1,65277.22
806146,5005858,20103,45,16.1,78913.24
806147,5005094,20852,19,15.7,16945.35
806148,5001721,20985,38,5.4,20964.51
806149,5008882,21329,9,16.9,11569.56
806150,5002342,21128,25,25.1,36745.19
806151,5001646,20880,43,25.4,12885.41
806152,5006984,20149,7,15.7,6523.02
806153,5002001,21359,7,26.2,
806154,5008456,21068,30,6.1,35163.77
806155,5004779,20814,-2,6.4,-2804.26
806156,5003404,20232,11,0.9,15617.32
806157,5007281,20050,50,15.5,64602.36
806158,5003138,20931,45,,37141.74
806159,5010073,20347,37,21.4,3990.34
806160,5002660,21073,1,26.3,854.79
806161,5008702,20689,9,0.6,21910.01
806162,5006602,20508,11,16.6,13017.81
806163,5000588,20151,31,,60372.44
806164,5000299,21280,46,5.4,1842.03
806165,5000269,20920,23,2.0,53169.38
806166,5008349,20338,-9,25.3,-9251.52
806167,5004258,20657,18,1.1,1275.87
806168,5003670,20349,29,20.5,45334.2
806169,5011686,20736,13,10.2,19097.73
806170,5009157,20149,50,1.4,54496.71
806171,5010009,21105,49,11.3,104299.03
806172,5010648,20968,23,0.9,11025.66
806173,5001813,21234,30,26.4,
806174,5010114,20972,29,16.7,
806175,5006649,20512,8,,10232.07
806176,5000543,20602,48,1.2,30144.12
806177,5000676,21050,25,,24924.41
806178,5007577,20148,14,,9398.47
806179,5008880,20668,22,1.0,53586.64
806180,5006998,20187,2,26.4,2944.22
806181,5009549,20526,44,,36245.59
806182,5010089,20489,48,1.9,68096.31
806183,5007372,21311,16,0.9,30157.16
806184,5010163,21436,30,20.6,14720.05
806185,5006362,20895,8,1.9,2428.49
806186,5006707,20570,28,0.5,
806187,5008168,21378,40,26.6,21166.8
806188,5007646,20175,41,1.8,2003.84
806189,5001231,20849,25,26.1,23010.98
806190,5004216,20842,48,25.2,24382.05
806191,5009734,21217,15,1.7,21398.39
806192,5008544,20671,8,1.2,7661.43
806193,5003831,21402,5,0.1,3657.79
806194,5005946,20872,18,26.2,3241.56
806195,5011348,21021,27,26.6,12416.97
806196,5003820,20859,1,10.2,14.83
806197,5000063,20944,36,0.4,46709.25
806198,5007626,20700,19,26.5,15117.25
806199,5008338,20365,33,16.2,16659.32
806200,5007604,20362,28,10.2,10818.46
806201,5002514,20063,23,15.3,12189.07
806202,5011604,20241,4,15.6,6141.32
806203,5000524,20927,15,0.7,5336.43
806204,5006277,20871,41,1.7,28286.26
806205,5000458,20510,16,,28306.59
806206,5009590,21076,37,1.9,27898.6
806207,5009527,20374,11,15.4,20167.96
806208,5001515,20835,4,,
806209,5001085,20385,42,21.2,74393.19
806210,5011375,20674,45,,80624.41
806211,5006117,21178,44,1.4,43517.19
806212,5000513,21168,16,10.8,8084.37
806213,5010856,20527,47,25.6,52383.11
806214,5002906,21169,18,5.8,3948.2
806215,5009123,20011,10,,805.22
806216,5005344,20653,10,26.9,7355.32
806217,5006872,21305,23,0.4,53962.08
806218,5011560,21297,35,,77914.86
806219,5004792,20046,29,0.9,37100.61
806220,5004102,20505,35,,61901.26
806221,5009088,20053,24,,40913.25
806222,5008888,20287,45,,77636.5
806223,5009430,21034,38,0.6,36479.44
806224,5010450,20991,44,,71992.14
806225,5006747,20175,1,1.6,48.97
806226,5011331,20947,38,1.3,76811.91
806227,5007139,21100,10,0.2,18032.76
806228,5003862,20647,42,1.3,87956.68
806229,5009315,20209,32,0.1,64612.12
806230,5010365,21307,16,,2682.71
806231,5002801,20792,7,20.9,9749.05
806232,5009527,20661,8,0.0,11654.08
806233,5003483,20431,13,1.8,12290.08
806234,5000859,21302,29,20.9,11212.81
806235,5001030,21136,49,1.7,55609.28
806236,5001915,20345,27,16.5,2149.67
806237,5009930,21241,19,0.7,1933.87
806238,5009473,21329,36,,44496.18
806239,5007237,21000,50,,6696.58
806240,5011314,20648,9,6.3,6057.59
806241,5010734,20421,-1,1.5,-946.36
806242,5008807,20037,34,1.4,56424.24
806243,5003676,21228,43,1.2,96974.4
806244,5003998,21358,34,1.6,7668.12
806245,5000528,20765,38,0.7,1204.85
806246,5005651,20420,9,0.1,17815.58
806247,5001760,21023,24,20.4,16941.05
806248,5011206,21464,12,6.3,656.09
806249,5009369,21060,50,1.7,27981.09
806250,5004625,20340,26,1.8,61267.61
806251,5008054,20809,35,5.7,79729.85
806252,5002517,20335,46,25.4,45643.37
806253,5004145,21449,20,6.1,2026.36
806254,5004217,20921,19,21.1,
806255,5005909,20291,49,10.3,47543.08
806256,5002439,21359,19,11.1,13549.12
806257,5009747,20255,12,0.9,18965.12
806258,5007766,20746,37,10.6,34639.28
806259,5006643,20211,30,1.6,60086.19
806260,5004023,20367,33,0.2,81979.97
806261,5009904,20648,10,11.6,6349.95
806262,5007255,21162,23,25.5,35891.31
806263,5001637,20194,17,20.8,21663.71
806264,5008427,20041,23,10.7,49588.54
806265,5005796,21129,4,25.7,3505.65
806266,5010798,20410,20,1.8,31381.77
806267,5005153,20627,2,1.7,69.26
806268,5002578,21274,5,0.8,6701.51
806269,5011055,20798,40,,70107.48
806270,5002578,21187,3,15.2,1199.62
806271,5003240,21045,7,20.2,6116.17
806272,5000179,20792,27,21.3,37413.33
806273,5008004,20094,11,0.5,10090.74
806274,5009431,21161,19,0.2,42561.16
806275,5007416,21038,5,16.6,7458.17
806276,5008528,20499,43,0.2,18874.44
806277,5006832,21475,26,25.4,5068.76
806278,5008630,20864,11,0.2,2287.49
806279,5002745,20169,33,1.4,49217.95
806280,5008574,21344,13,20.0,20144.8
806281,5007661,21444,46,,37249.29
806282,5000151,20956,28,0.2,38848.87
806283,5009960,20425,42,16.3,71817.86
806284,5005448,20805,18,,35887.43
806285,5004139,20917,20,5.3,5166.64
806286,5002189,20529,27,21.5,18964.23
806287,5010725,20143,17,15.0,28244.69
806288,5003718,21275,6,25.8,4727.4
806289,5002170,20925,30,11.9,51903.5
806290,5003107,21292,40,1.9,72926.76
806291,5009072,20879,43,26.7,34528.75
806292,5005654,20070,17,16.1,8949.6
806293,5004979,20883,43,6.8,99142.41
806294,5001858,20456,4,11.6,6121.42
806295,5010820,20808,37,1.5,84901.91
806296,5004457,20714,40,26.4,14429.43
806297,5001587,21496,11,1.7,15429.18
806298,5004685,21149,23,6.8,46876.03
806299,5003420,20440,1,0.8,417.08
806300,5008694,20632,29,1.1,33837.27
806301,5011586,20080,27,25.5,38178.27
806302,5000545,21129,16,21.6,14796.4
806303,5007974,21053,34,0.7,55159.34
806304,5009041,20932,13,,
806305,5001096,20594,33,25.7,43000.2
806306,5005621,20276,37,1.0,16089.36
806307,5000521,21244,4,10.9,1764.54
806308,5004813,20204,17,5.6,4183.39
806309,5001670,20469,40,1.4,14754.11
806310,5007458,20195,17,20.6,15101.29
806311,5004739,20434,49,15.5,52771.5
806312,5001456,20843,47,20.9,51307.23
806313,5001602,21344,16,,30930.02
806314,5000096,20403,10,0.9,15013.75
806315,5005050,20203,38,0.5,45688.09
806316,5003962,21183,28,26.3,42896.05
806317,5001529,21150,2,,1607.02
806318,5000711,20882,22,0.9,2172.57
806319,5005149,20762,45,10.5,82631.41
806320,5005020,20354,38,,34933.46
806321,5011667,20635,43,15.5,21575.0
806322,5005700,21412,22,1.0,33371.1
806323,5007693,21439,4,21.9,2042.94
806324,5011336,20086,2,0.2,1858.14
806325,5005235,20984,19,26.7,21330.31
806326,5005702,20814,43,11.3,57135.22
806327,5009203,20968,12,11.5,5137.21
806328,5008767,21464,46,10.4,2404.95
806329,5001088,20098,32,5.2,31361.96
806330,5000246,20545,50,20.3,46457.93
806331,5005117,20067,11,0.8,9228.39
806332,5002430,21218,27,5.0,64055.23
806333,5004922,21326,25,10.0,5738.4
806334,5008512,20392,37,10.4,34331.22
806335,5006093,20381,48,16.2,25208.78
806336,5008640,20810,17,20.4,25060.86
806337,5008212,20502,-8,1.1,-9926.55
806338,5011887,20379,46,0.1,10473.84
806339,5007470,21347,11,1.8,8418.75
806340,5007683,20714,46,0.6,22410.7
806341,5010530,21295,-8,10.2,-1864.97
806342,5006577,20050,17,16.6,21678.87
806343,5004266,20648,43,5.5,29188.93
806344,5007721,20178,14,0.7,24401.76
806345,5002512,20287,16,15.3,23664.64
806346,5011937,20383,2,11.0,198.79
806347,5010287,20043,19,0.6,4970.04
806348,5004825,20720,32,26.2,50045.61
806349,5004348,21125,5,1.0,2853.92
806350,5002983,21124,15,11.2,25152.02
806351,5001686,20783,32,11.8,62452.09
806352,5011507,21336,46,0.9,109192.6
806353,5005889,20533,41,25.3,26097.27
806354,5005812,20116,18,0.0,42086.52
806355,5010957,21367,40,1.4,15441.15
806356,5007354,20873,-9,10.8,-12142.99
806357,5010840,20711,42,0.3,19531.71
806358,5003289,20248,44,0.4,11388.1
806359,5000531,20787,19,6.4,5221.2
806360,5010224,21026,18,6.3,3600.55
806361,5007240,21161,43,1.6,94971.4
806362,5011929,20220,25,0.6,20600.65
806363,5006597,20909,6,6.0,9818.73
806364,5010016,21344,50,10.6,86583.9
806365,5004671,20833,12,0.8,13254.03
806366,5010476,21179,32,1.6,59201.22
806367,5003759,20373,40,26.2,54801.81
806368,5011872,20517,30,15.8,1473.42
806369,5000453,20704,21,25.4,4251.6
806370,5001457,20863,13,,1683.4
806371,5009622,20658,12,16.5,21084.89
806372,5006171,21317,30,1.3,52803.81
806373,5009065,21110,3,10.8,1649.19
806374,5002795,20963,31,0.1,67128.71
806375,5010821,20013,31,5.1,1215.0
806376,5000452,21478,10,25.2,16704.11
806377,5000734,20419,18,1.7,26751.38
806378,5007936,21277,48,10.5,47148.17
806379,5008738,21470,31,1.3,56253.2
806380,5001586,21118,27,10.2,46793.57
806381,5000818,21013,27,22.0,2204.35
806382,5005972,21360,8,21.6,7696.87
806383,5009118,20782,42,1.5,
806384,5006643,21135,45,15.3,25606.8
806385,5005805,21387,15,1.1,24686.92
806386,5001979,20310,9,,5619.25
806387,5011147,20872,48,10.0,10541.66
806388,5000854,20154,8,0.2,5701.37
806389,5002603,20274,-1,5.5,-1224.08
806390,5011010,21182,46,16.7,45767.4
806391,5007356,20666,7,1.6,2093.4
806392,5004810,20037,4,15.1,5715.81
806393,5007390,21062,26,10.3,20417.71
806394,5008249,21276,28,5.4,2539.14
806395,5005334,20054,26,26.1,41580.44
806396,5007834,21327,12,1.7,7822.75
806397,5005736,21467,26,6.4,14323.68
806398,5008418,20564,22,0.2,36119.82
806399,5006090,21451,11,1.6,1859.24
806400,5001497,20305,33,0.0,79989.36
806401,5007682,20614,34,20.1,64346.75
806402,5008578,21256,2,15.3,2804.94
806403,5002594,20680,1,11.0,452.11
806404,5003994,20481,37,26.8,
806405,5006448,20856,39,1.1,41585.32
806406,5003761,20639,2,15.7,2622.34
806407,5007448,20786,24,11.7,13876.52
806408,5002153,21087,13,1.1,30813.73
806409,5001667,20375,50,,61028.65
806410,5000847,20961,33,,41579.69
806411,5002881,20976,36,11.7,19543.26
806412,5011717,20257,50,,32906.53
806413,5004116,20800,16,17.0,12248.68
806414,5003632,20376,29,0.3,33057.39
806415,5006068,20349,25,15.8,41391.67
806416,5010500,21431,12,26.7,20015.74
806417,5010479,20370,16,0.4,24139.85
806418,5004380,20240,26,15.1,35640.46
806419,5005753,21199,10,0.0,1931.9
806420,5004859,21289,27,0.5,66046.53
806421,5010441,21116,34,10.6,72673.19
806422,5000113,21136,47,1.2,53610.83
806423,5000843,20265,49,10.0,28028.64
806424,5002298,20859,6,6.6,92.52
806425,5000632,20911,38,1.6,71568.66
806426,5008758,20408,25,1.4,
806427,5006201,21430,45,16.0,34971.8
806428,5005167,20350,38,21.3,6415.73
806429,5002907,20373,27,1.9,49171.26
806430,5006546,21276,39,15.3,72575.15
806431,5010649,20140,2,11.0,4224.37
806432,5009575,21114,46,6.3,94300.71
806433,5009044,20480,23,26.1,21583.47
806434,5005435,21469,24,20.4,21811.61
806435,5005670,21388,5,25.1,8430.33
806436,5006711,21437,24,1.4,28698.99
806437,5009845,20674,10,10.1,20158.91
806438,5008030,20754,36,0.6,
806439,5004233,20932,37,20.1,45890.35
806440,5004599,21150,7,16.2,4804.66
806441,5009989,20838,6,25.0,9244.26
806442,5007989,21450,28,6.0,30981.54
806443,5004079,20466,45,15.0,70335.63
806444,5011688,20034,33,25.5,59286.97
806445,5011886,21314,37,,65403.39
806446,5007211,20866,17,26.1,19202.92
806447,5006637,20313,12,21.5,22837.38
806448,5011074,20434,27,0.7,34171.16
806449,5011653,21206,44,26.8,5191.29
806450,5009001,21471,21,0.2,42669.23
806451,5000106,20185,12,20.9,248.31
806452,5003897,20595,38,25.9,36403.51
806453,5005045,20335,28,1.1,36832.85
806454,5011757,20539,-7,1.2,-15709.76
806455,5005506,21338,5,1.2,8864.73
806456,5000299,20141,10,16.7,8826.38
806457,5001719,20298,44,1.6,68360.92
806458,5005529,21439,17,6.0,10450.12
806459,5009665,21224,44,,107647.74
806460,5001979,20970,10,1.4,11881.0
806461,5006538,21390,10,1.2,4941.28
806462,5010610,20976,4,1.1,2432.15
806463,5005052,20044,43,20.5,29364.23
806464,5008059,20286,11,25.4,9821.27
806465,5003705,20399,46,0.4,95521.78
806466,5002146,20491,39,0.6,21614.76
806467,5007726,21150,9,11.6,6516.52
806468,5010354,20986,50,1.9,27830.97
806469,5009537,21140,7,27.0,4125.41
806470,5000464,20025,15,20.2,5577.66
806471,5010374,21496,14,,16620.65
806472,5005048,21381,50,0.9,56708.98
806473,5001509,20091,24,1.7,24578.38
806474,5005949,20488,10,11.0,3052.52
806475,5007736,20801,18,10.1,704.56
806476,5002270,21186,49,15.1,52194.28
806477,5002885,20637,41,0.4,47948.0
806478,5009259,20866,38,11.2,51578.72
806479,5000247,21143,49,21.7,67305.69
806480,5003753,20956,32,5.6,41996.37
806481,5005329,20514,13,1.5,28685.12
806482,5008342,20503,4,21.3,6296.5
806483,5001930,21135,22,1.4,14573.34
806484,5005939,20577,24,12.0,50889.48
806485,5001761,21349,37,10.9,80935.96
806486,5000406,20554,36,25.1,45728.52
806487,5002849,21288,1,21.8,197.13
806488,5000201,21431,17,26.7,28355.63
806489,5004046,20877,5,20.3,9278.95
806490,5006851,21221,14,26.3,24174.87
806491,5006730,20800,44,25.3,30315.47
806492,5003021,21249,45,0.2,7444.73
806493,5000991,20137,3,,641.17
806494,5001596,20655,20,20.8,35155.45
806495,5009393,21102,3,10.7,3479.49
806496,5008230,20961,41,1.0,64411.87
806497,5002575,20495,18,1.4,20596.02
806498,5004955,20013,29,15.1,1016.85
806499,5003865,21219,7,15.1,9297.76
806500,5005854,20576,1,20.6,402.22
806501,5002415,21080,35,10.4,51342.28
806502,5000902,20664,11,20.6,3166.77
806503,5006266,21288,26,15.4,5544.97
806504,5007202,21354,16,1.7,4265.75
806505,5009473,21157,15,15.0,19940.11
806506,5000784,20062,26,5.7,59014.83
806507,5000923,20371,14,6.7,16416.45
806508,5000101,21486,35,,33180.61
806509,5006760,20002,24,20.9,12769.02
806510,5008955,21353,39,15.1,2575.7
806511,5004215,21094,30,5.6,11854.47
806512,5009695,21034,47,,
806513,5008416,21014,3,20.6,660.43
806514,5004596,20431,14,1.9,13222.0
806515,5002258,20762,20,0.3,40910.5
806516,5005176,20492,7,1.8,17035.15
806517,5001934,20568,19,10.9,4039.94
806518,5009150,20119,18,1.9,65.51
806519,5006110,20064,13,16.6,10182.59
806520,5009466,20037,17,,25265.01
806521,5001287,21494,1,21.4,931.57
806522,5006181,20020,35,20.8,9207.48
806523,5008367,20876,6,6.3,13705.71
806524,5003023,20133,46,,76215.95
806525,5011598,20413,31,,20524.08
806526,5005530,21422,16,0.5,36755.62
806527,5002329,21345,35,,68165.36
806528,5004244,20216,24,25.8,
806529,5007288,20011,47,11.2,3609.75
806530,5002732,20589,10,26.0,12865.86
806531,5004043,21317,36,20.5,51038.33
806532,5006664,20589,10,0.7,17264.6
806533,5006885,20312,13,22.0,16152.61
806534,5006047,20739,45,1.0,105071.18
806535,5008821,21305,29,0.4,68039.15
806536,5010413,21380,24,16.1,337.08
806537,5009035,21203,17,15.6,27293.91
806538,5001289,20157,16,20.9,13423.84
806539,5001745,20699,36,1.0,54775.47
806540,5004666,20308,25,6.8,27605.84
806541,5007448,20262,12,26.2,13048.78
806542,5007226,20417,30,0.3,70848.71
806543,5009936,20478,6,20.7,11159.18
806544,5010383,20140,20,0.7,47132.55
806545,5005832,21397,41,26.8,8939.37
806546,5005801,20141,45,1.6,
806547,5009053,21222,49,1.2,29731.26
806548,5005173,21259,24,21.2,11841.18
806549,5000054,21014,39,0.2,10791.51
806550,5011293,20961,47,0.2,74434.66
806551,5001345,21305,35,15.6,69584.42
806552,5008252,20360,16,6.9,8631.64
806553,5003942,20764,47,0.9,46058.6
806554,5000907,20022,9,10.9,15151.98
806555,5007268,20036,38,25.2,1968.08
806556,5007614,20807,49,6.8,76060.05
806557,5000434,20884,16,25.2,2512.68
806558,5005925,20281,38,,24971.24
806559,5009513,20663,49,1.5,70543.64
806560,5006606,20580,31,0.5,68218.04
806561,5011838,20708,37,26.1,15976.79
806562,5005146,20012,48,1.4,83700.04
806563,5010993,20995,50,0.5,80677.59
806564,5001709,20521,18,21.4,25778.5
806565,5007585,21335,26,1.9,51240.53
806566,5004769,20715,8,11.0,10681.5
806567,5008519,20393,30,25.5,40470.04
806568,5001806,20760,22,21.1,27829.21
806569,5008179,20061,48,1.7,19940.43
806570,5009207,20729,14,11.7,17025.94
806571,5004837,21470,27,5.1,47108.4
806572,5001726,20154,9,1.1,6356.2
806573,5009811,20691,12,15.5,14098.35
806574,5002547,20520,35,10.3,57144.55
806575,5004562,20672,17,6.7,34341.44
806576,5000842,21035,-3,,-2166.96
806577,5003687,20075,5,0.8,7643.16
806578,5004584,20996,16,15.1,9079.0
806579,5000491,21385,4,20.8,5630.45
806580,5011631,20412,44,11.8,34038.11
806581,5009335,21054,17,16.4,19450.83
806582,5007383,21114,6,21.5,10304.77
806583,5007402,20839,48,26.7,11023.15
806584,5008734,21059,33,2.0,35444.96
806585,5009387,20660,42,26.8,23039.86
806586,5011452,20828,6,5.3,11548.89
806587,5003619,20298,5,21.0,6236.73
806588,5004267,21118,32,26.2,45577.7
806589,5003948,21131,2,11.6,993.09
806590,5007785,21247,20,,13146.72
806591,5001014,20394,19,0.4,24874.27
806592,5004582,21148,5,1.9,2069.47
806593,5006398,20040,38,10.7,55810.91
806594,5006072,21155,24,21.9,20736.86
806595,5011331,20570,33,10.9,
806596,5003899,20985,40,6.2,54712.41
806597,5003523,20803,30,11.1,48972.25
806598,5009428,21039,9,1.7,
806599,5005895,20884,42,20.0,7054.32
806600,5008831,21398,11,0.6,26682.9
806601,5011412,20139,13,0.5,9682.24
806602,5002384,20284,46,21.9,86045.28
806603,5007275,20286,29,1.1,34326.57
806604,5004498,20493,14,25.7,12890.37
806605,5010123,21469,39,6.8,41499.6
806606,5008336,20799,40,21.7,35810.66
806607,5001730,20298,4,11.4,5595.69
806608,5003640,21363,34,20.9,49669.72
806609,5004347,20201,6,1.0,1610.93
806610,5005501,20539,45,11.5,90462.89
806611,5003575,20757,34,11.3,35527.03
806612,5001341,21085,24,11.1,30293.28
806613,5004156,20793,41,1.7,20310.7
806614,5009879,20903,34,,33633.62
806615,5008614,20280,41,15.1,21656.42
806616,5004017,20416,15,15.7,4188.28
806617,5010536,21337,8,1.4,19345.87
806618,5007090,21186,18,0.3,22515.77
806619,5000879,20689,12,16.0,24687.33
806620,5006651,20682,12,15.1,14121.38
806621,5000486,21322,40,1.3,28903.7
806622,5005729,21153,1,10.6,1247.71
806623,5008054,20019,26,20.5,10957.58
806624,5005383,21241,14,25.1,1074.82
806625,5003033,20919,13,20.3,6987.25
806626,5000897,20294,45,,
806627,5002786,20521,32,15.5,49268.5
806628,5000541,20770,44,1.5,33523.49
806629,5000673,20003,44,21.1,18184.24
806630,5006834,20124,47,0.8,45701.78
806631,5002039,20575,11,21.5,4156.98
806632,5001179,20577,4,0.4,9599.61
806633,5000127,21255,13,11.7,27799.38
806634,5004100,21060,23,26.5,17697.68
806635,5001208,20237,48,0.5,73627.77
806636,5005433,21438,37,5.8,63925.02
806637,5002523,21018,39,26.1,51404.27
806638,5006337,20826,30,0.0,36722.1
806639,5007056,20107,4,5.2,8556.42
806640,5009506,20537,10,0.8,3125.89
806641,5006521,20226,6,0.7,365.4
806642,5008662,20136,7,0.3,7785.42
806643,5009706,20440,50,1.8,20643.6
806644,5004424,20298,46,26.8,53165.39
806645,5002477,21500,19,6.7,21234.82
806646,5000181,20397,15,1.1,23769.53
806647,5001106,21423,12,0.8,12500.99
806648,5010401,20461,18,1.0,200.48
806649,5003859,20142,5,20.2,875.37
806650,5003710,20287,21,11.3,32526.65
806651,5004301,20227,14,20.0,23009.39
806652,5005757,20027,27,0.9,400.82
806653,5000261,20793,39,15.0,16705.94
806654,5002140,21322,3,1.7,2158.99
806655,5010278,20449,19,0.1,
806656,5010410,21015,5,6.8,7742.45
806657,5007084,21214,32,1.5,60729.9
806658,5011870,21426,47,1.9,95662.34
806659,5005091,20082,49,0.4,10289.35
806660,5001049,21333,6,1.9,194.36
806661,5005061,21425,6,1.9,1406.34
806662,5011208,20774,47,20.5,56829.92
806663,5004910,21205,13,10.1,7819.77
806664,5011458,20445,50,,66141.35
806665,5010206,21419,43,0.3,102354.51
806666,5006520,21279,16,1.1,16440.98
806667,5009563,20522,38,26.6,68798.97
806668,5008584,20254,12,11.4,1062.14
806669,5004049,20339,19,6.0,25160.1
806670,5003999,20670,18,6.3,21300.07
806671,5000790,20063,15,1.3,9263.34
806672,5004476,20392,42,6.5,40666.83
806673,5000518,20586,37,21.6,21861.01
806674,5010006,21020,6,10.8,12313.03
806675,5007428,20754,50,1.7,55462.83
806676,5006304,20293,2,0.7,1249.05
806677,5006643,20074,33,0.4,
806678,5005962,21232,7,2.0,2660.24
806679,5006336,20906,1,0.2,9.14
806680,5005698,21306,8,6.1,7329.08
806681,5004949,20952,39,26.2,55913.35
806682,5008412,20577,10,1.3,23782.16
806683,5005500,20188,13,20.5,
806684,5008418,20553,17,0.3,20751.85
806685,5003599,20188,20,1.7,20470.78
806686,5011917,21313,19,21.7,32555.93
806687,5004550,21041,29,0.2,61657.17
806688,5009931,20689,23,21.1,44444.54
806689,5010581,21499,2,1.6,4331.96
806690,5003591,21430,7,1.9,6353.21
806691,5005576,20611,49,10.8,100580.41
806692,5009684,20422,33,,50640.84
806693,5011473,20614,26,6.0,57889.81
806694,5008434,20523,14,25.7,10791.66
806695,5005148,20450,26,1.9,17274.45
806696,5004656,20493,5,11.4,5489.74
806697,5004352,21084,42,10.4,84434.54
806698,5011109,21286,27,6.7,25451.22
806699,5002248,21007,26,16.7,16522.89
806700,5003450,20950,38,1.8,92857.88
806701,5000933,20069,33,11.2,72944.69
806702,5004480,20118,18,15.4,11786.62
806703,5007432,21115,43,1.0,23366.25
806704,5001842,20038,27,26.2,22392.24
806705,5005447,20738,14,1.9,14738.23
806706,5008893,20492,2,11.8,4371.54
806707,5005322,20016,27,5.2,36176.87
806708,5009419,20468,21,15.6,15057.07
806709,5009076,20555,14,16.0,19443.75
806710,5003550,21063,3,,1869.71
806711,5011047,21160,50,21.1,9684.58
806712,5001696,20762,35,25.2,53712.98
806713,5004251,21002,9,25.4,10695.2
806714,5002374,21084,11,,18238.96
806715,5003497,20974,7,20.2,12540.23
806716,5007260,21210,4,5.7,6362.99
806717,5001679,20949,9,1.1,3634.46
806718,5007274,21298,48,0.8,118645.74
806719,5011778,21361,46,,60468.87
806720,5001397,20374,12,0.1,25980.39
806721,5009885,20561,25,26.6,1326.89
806722,5007137,21084,13,0.4,29051.3
806723,5011684,21237,4,21.0,2820.43
806724,5003424,21303,12,20.2,20589.36
806725,5002299,20682,43,1.5,58707.42
806726,5003993,20948,36,,29965.19
806727,5006621,20471,14,25.9,21289.63
806728,5000575,20481,19,11.0,
806729,5011567,20550,40,11.7,29947.83
806730,5002103,20212,5,15.6,5394.34
806731,5009324,20853,26,1.7,19151.89
806732,5010465,21166,10,25.2,14752.5
806733,5010255,21089,16,10.8,11746.57
806734,5011037,20576,11,25.7,4140.2
806735,5003894,20639,21,1.3,32237.95
806736,5008343,20828,28,21.3,44789.05
806737,5002669,20667,22,16.5,13527.12
806738,5008547,20199,12,1.5,15435.97
806739,5010748,21240,3,,1615.08
806740,5011743,21130,31,,56136.81
806741,5005402,21012,1,10.3,393.81
806742,5004551,21358,32,16.7,6109.56
806743,5005599,21275,11,25.6,8690.26
806744,5000437,20590,2,10.3,900.21
806745,5001231,20605,20,1.2,36952.39
806746,5002696,20104,41,11.8,23574.01
806747,5006738,21372,15,,30400.3
806748,5010040,20039,49,,4570.57
806749,5002679,20450,33,1.1,22104.06
806750,5009763,20432,17,21.3,2424.54
806751,5009178,21390,11,1.2,5435.41
806752,5000487,20769,33,26.8,23121.16
806753,5005222,20321,2,5.1,797.29
806754,5003129,20702,38,10.1,83535.66
806755,5006775,21176,8,1.5,9337.64
806756,5001999,20541,21,11.9,7457.2
806757,5000377,20384,41,21.1,
806758,5000693,20229,35,1.4,
806759,5006641,21392,11,0.5,15744.6
806760,5010227,20530,13,20.2,13745.24
806761,5002663,20381,23,0.4,14356.67
806762,5010154,21461,25,0.7,46053.6
806763,5001845,21246,26,0.1,16386.22
806764,5006975,20332,10,21.0,7245.48
806765,5001041,21015,36,11.6,52874.62
806766,5005911,20370,37,1.2,55375.03
806767,5004454,20381,49,0.0,30708.79
806768,5000506,20171,33,5.6,425.54
806769,5008279,20999,25,0.3,37871.29
806770,5000300,20770,34,,20697.31
806771,5000599,21412,14,,17117.63
806772,5006421,20375,29,0.5,44134.88
806773,5003297,20049,35,0.8,16284.72
806774,5001970,20919,-6,1.4,-3989.63
806775,5010629,20801,17,,701.69
806776,5007440,20012,22,0.6,38673.78
806777,5001787,20822,37,16.1,71867.96
806778,5010037,20316,36,,4868.64
806779,5006053,20047,10,6.6,4367.29
806780,5003223,21047,8,10.8,9757.48
806781,5010617,20740,5,,8555.5
806782,5003941,20957,40,26.0,69518.56
806783,5008158,20973,25,0.1,
806784,5000326,21443,48,26.2,48751.22
806785,5011079,21060,2,5.3,4409.99
806786,5003294,20207,23,0.2,56314.88
806787,5006437,20622,18,,15260.62
806788,5005109,20434,1,10.9,1135.6
806789,5000836,20606,17,15.6,
806790,5011723,20792,8,1.1,13930.74
806791,5008012,20223,11,5.5,20867.34
806792,5003568,20542,40,0.9,75656.11
806793,5008296,21305,45,,87981.66
806794,5001274,20651,48,,99766.7
806795,5000820,20865,10,25.7,18468.38
806796,5010901,21116,38,25.4,67776.67
806797,5009261,21250,7,6.1,12800.39
806798,5011612,20732,39,1.3,49384.59
806799,5005016,20907,5,6.2,9953.02
806800,5008123,21116,48,20.3,91465.51
806801,5011022,21047,25,1.9,33534.5
806802,5010485,21094,37,16.9,12870.39
806803,5009440,21270,15,10.5,21752.53
806804,5011522,20612,31,12.0,26915.54
806805,5002732,20567,48,0.1,25739.2
806806,5006026,21081,24,10.9,
806807,5011722,20067,34,16.9,23894.69
806808,5009782,20553,16,,19589.92
806809,5005891,21228,39,11.0,79229.39
806810,5004958,21204,20,21.7,35619.45
806811,5000990,20388,16,26.4,5460.88
806812,5002075,20432,49,25.9,6579.92
806813,5009447,20391,11,21.1,
806814,5011685,20670,30,6.5,35424.34
806815,5009994,20972,10,1.5,2551.45
806816,5008480,20006,28,,6591.41
806817,5011659,20845,16,6.3,26499.11
806818,5001634,21371,35,25.7,62109.82
806819,5002587,20415,45,1.9,34542.58
806820,5002279,20891,28,16.3,42450.1
806821,5010225,21378,34,26.7,17967.27
806822,5006467,20342,38,6.6,45399.95
806823,5011596,20304,39,,66446.27
806824,5008583,20804,9,,8207.46
806825,5004552,20174,6,25.5,9924.12
806826,5006850,21237,40,16.5,29810.84
806827,5002330,20991,26,16.5,
806828,5010499,20967,45,0.5,111237.22
806829,5011493,20052,5,6.3,8124.73
806830,5009293,20638,36,10.9,70829.26
806831,5003540,20392,16,10.2,
806832,5002044,20727,47,,47247.3
806833,5009944,20986,6,1.7,3346.53
806834,5006664,21044,8,20.6,5108.66
806835,5003496,20275,35,1.0,83447.25
806836,5002601,20923,24,15.2,8237.27
806837,5002725,20360,49,6.2,26633.14
806838,5001076,21325,25,25.9,39678.7
806839,5000059,20872,46,16.0,9428.93
806840,5006657,20632,2,1.1,
806841,5002748,21366,14,0.5,31498.24
806842,5000285,20378,3,,1183.44
806843,5010964,20887,18,0.0,9956.88
806844,5011132,20877,5,21.0,9197.46
806845,5002132,20453,22,5.9,2982.95
806846,5000899,21338,22,26.6,28977.26
806847,5003787,20879,-1,0.7,-1087.82
806848,5006723,20962,3,16.7,4539.01
806849,5003006,20415,22,10.5,15407.03
806850,5005797,20570,27,,12733.61
806851,5002761,20776,8,0.8,16494.1
806852,5001593,21372,8,0.7,16345.18
806853,5001119,21476,46,25.4,10091.31
806854,5001423,20338,43,1.7,58166.37
806855,5009577,21080,15,1.0,24312.27
806856,5000679,20379,36,16.6,6843.07
806857,5006620,20768,16,26.2,5195.28
806858,5002370,20859,14,0.6,229.75
806859,5004324,20066,15,5.2,30225.61
806860,5003256,20560,8,1.7,
806861,5003337,20277,27,0.9,54403.4
806862,5007009,20402,11,0.5,26531.67
806863,5000208,20918,33,22.0,6897.03
806864,5009433,21310,2,1.2,4410.06
806865,5007964,21097,17,1.1,41786.19
806866,5003275,20711,48,26.9,16366.45
806867,5003193,20858,23,26.9,34117.61
806868,5004840,20299,17,0.9,27515.03
806869,5002061,20123,7,6.7,10870.85
806870,5005811,21100,15,0.8,26886.52
806871,5010172,21472,3,15.9,2102.52
806872,5005156,21094,40,20.2,13361.39
806873,5008028,21112,34,26.1,27310.2
806874,5009731,20770,26,21.8,15726.8
806875,5002798,20103,42,15.9,73827.93
806876,5006015,21429,12,25.5,14097.4
806877,5010457,20616,17,11.6,3378.14
806878,5002322,21490,7,11.0,6653.52
806879,5006138,20216,38,0.6,52592.98
806880,5011834,20829,17,0.0,35584.23
806881,5003169,21172,33,20.9,14283.56
806882,5011997,20858,36,20.3,58222.95
806883,5007952,21121,25,25.9,37169.12
806884,5000441,21294,-6,15.1,-5380.33
806885,5009981,21160,31,6.7,7100.31
806886,5009822,20530,21,20.3,22176.02
806887,5001909,20784,41,10.2,46942.95
806888,5004554,21167,43,21.5,63089.11
806889,5005474,20230,45,0.0,17662.5
806890,5011646,20071,32,26.8,22937.25
806891,5010751,20383,30,5.4,3169.48
806892,5008780,20549,23,,22479.5
806893,5009638,21221,29,0.1,67878.47
806894,5004497,20262,43,0.1,63294.56
806895,5000515,20326,10,1.7,21325.4
806896,5010302,20249,36,21.4,46260.56
806897,5009731,20069,43,0.7,106288.06
806898,5006965,21000,28,26.3,2780.49
806899,5002953,21224,43,6.2,100385.28
806900,5010422,21455,6,0.2,2776.7
806901,5007487,20251,43,11.6,15800.83
806902,5003484,20179,-7,1.0,-7264.23
806903,5009270,21202,26,6.3,37510.66
806904,5009447,20284,8,6.5,17915.12
806905,5006044,21425,18,11.0,3827.66
806906,5002294,20608,48,,11878.65
806907,5009320,21354,35,6.3,8894.66
806908,5007986,20370,20,21.5,23782.36
806909,5011688,20009,46,0.9,87017.75
806910,5001721,20155,42,1.8,69903.63
806911,5000337,20459,9,0.5,16021.12
806912,5003029,21029,24,,33450.69
806913,5009167,21207,7,26.8,12789.3
806914,5003368,20359,47,1.7,44946.18
806915,5009855,20728,48,0.6,53976.59
806916,5011797,20902,17,1.3,40253.49
806917,5002105,21393,42,10.1,57644.01
806918,5010442,20083,9,16.1,5865.62
806919,5001405,21452,45,21.8,51194.06
806920,5010941,20823,40,,58362.28
806921,5007808,21000,44,26.3,4369.35
806922,5006342,21498,8,,237.52
806923,5010543,20149,49,10.4,48531.92
806924,5000091,20222,-3,26.1,-2116.5
806925,5001360,20257,21,0.3,13876.42
806926,5009839,21056,42,1.5,49560.02
806927,5009751,21014,29,1.1,7952.09
806928,5006793,21289,3,21.8,5767.55
806929,5000643,20724,7,0.9,14820.07
806930,5009056,20180,49,26.3,55010.57
806931,5005655,20396,18,15.6,28017.09
806932,5010454,20400,40,1.5,88257.18
806933,5007219,21439,46,0.2,30021.54
806934,5006198,20038,42,25.0,35398.75
806935,5000012,21003,19,,40097.28
806936,5007738,20195,8,26.4,6587.38
806937,5010291,20312,45,0.1,71611.52
806938,5005524,20315,46,0.4,79854.54
806939,5009251,20492,39,6.0,90850.81
806940,5010309,20956,28,25.4,29039.33
806941,5000105,21134,30,0.8,18795.23
806942,5004619,20439,44,1.4,49292.03
806943,5005905,20305,44,16.3,89268.13
806944,5003190,20330,19,15.8,26363.26
806945,5009850,20290,20,10.7,8061.29
806946,5006799,20180,6,26.8,6690.29
806947,5003275,20384,12,,4739.43
806948,5002935,20621,13,16.8,2161.04
806949,5008742,21421,30,6.4,38348.86
806950,5000240,20896,4,25.8,6768.79
806951,5004197,20303,8,15.3,3895.73
806952,5007630,21474,29,26.2,7501.83
806953,5001774,21122,33,1.4,42220.98
806954,5011348,20216,49,7.0,63450.76
806955,5006717,20626,6,,2766.6
806956,5003654,21324,50,12.0,23101.32
806957,5008992,20742,37,16.1,15897.12
806958,5002236,21092,37,15.2,52254.22
806959,5010235,20893,12,1.2,28384.81
806960,5004398,21310,6,20.8,10605.56
806961,5000157,20203,25,1.1,29876.7
806962,5008041,21057,46,15.5,44677.18
806963,5006251,20532,-10,11.4,-11845.64
806964,5011521,20115,32,,64073.58
806965,5005797,20613,32,6.1,34141.44
806966,5009205,20421,10,25.1,7196.17
806967,5006500,20014,16,0.3,20044.33
806968,5006911,20923,38,16.9,12780.88
806969,5001515,20676,41,1.3,87214.88
806970,5010040,20624,-7,1.5,-12768.23
806971,5005866,20534,1,11.7,1867.97
806972,5010477,21241,35,6.3,3361.49
806973,5005219,20238,39,1.9,538.3
806974,5000014,20939,10,15.4,11107.13
806975,5009624,21421,38,0.9,51429.53
806976,5008783,20979,27,5.1,57187.21
806977,5000155,20130,22,0.2,8868.91
806978,5004006,20307,7,25.2,4794.76
806979,5007960,20039,-9,26.9,-617.37
806980,5000725,20009,12,11.0,20386.73
806981,5010655,21231,30,26.7,19968.9
806982,5010361,20129,31,10.8,31227.96
806983,5005400,20480,48,,60281.84
806984,5011384,21429,41,20.3,51528.03
806985,5002767,20460,4,16.4,1250.12
806986,5010909,20553,18,16.8,18336.17
806987,5003811,20342,2,,2172.01
806988,5010294,20494,24,6.7,45949.28
806989,5007386,20686,34,16.9,42253.01
806990,5003328,20307,5,,4523.71
806991,5011934,20589,17,1.6,29083.8
806992,5001918,20702,49,6.0,112629.6
806993,5001516,20826,15,1.6,18067.27
806994,5005350,20372,34,1.6,13755.1
806995,5005744,20795,10,11.7,5196.28
806996,5000234,20782,1,15.2,858.67
806997,5011872,20736,30,21.7,38427.76
806998,5003045,20158,38,11.9,8623.26
806999,5005725,20718,30,1.7,
807000,5006062,20611,50,15.6,97110.22
807001,5011924,20879,41,25.8,33327.0
807002,5010893,21115,25,0.8,13612.47
807003,5010429,21039,26,0.6,62192.55
807004,5000986,20100,28,2.0,48086.13
807005,5011458,21041,10,21.6,16702.1
807006,5001060,20483,47,10.7,97049.54
807007,5011179,20618,33,21.3,54031.89
807008,5003382,20234,46,,76420.67
807009,5004377,20657,36,15.7,2175.04
807010,5003285,21412,35,1.6,52768.62
807011,5000619,20022,48,5.5,85708.17
807012,5004201,20724,37,0.1,78967.01
807013,5002488,20223,13,25.6,19415.96
807014,5011202,21013,6,2.0,615.46
807015,5006492,20464,8,1.1,1605.98
807016,5000772,20603,50,10.0,65342.7
807017,5001791,20859,16,21.0,208.69
807018,5006941,20503,24,11.7,42387.39
807019,5003054,20166,5,6.6,5498.46
807020,5000133,20407,11,10.4,3547.67
807021,5003254,21420,21,6.2,28047.19
807022,5007903,20969,42,15.1,80110.33
807023,5009775,21163,35,1.6,38214.97
807024,5005507,21031,36,1.2,26719.04
807025,6000001,21336,16,,32039.67
807026,5008965,20708,7,26.3,3014.46
807027,5009824,21206,43,26.3,5107.96
807028,5007233,20120,39,10.3,1984.94
807029,5005756,20006,21,21.5,4093.56
807030,5000779,21488,39,0.5,48746.06
807031,5010170,20106,22,20.3,16339.06
807032,5002701,20140,-6,26.6,-10451.75
807033,5003865,20482,49,5.3,24387.56
807034,5001863,21288,31,1.9,7666.31
807035,5007197,20547,41,20.6,45109.43
807036,5002268,20843,33,21.2,35887.6
807037,5010448,21250,11,0.8,21250.25
807038,5004331,21182,10,16.5,9973.32
807039,5008524,21134,10,6.5,5905.09
807040,5005772,20373,15,0.2,27790.76
807041,5011291,21441,28,1.2,64799.6
807042,5002449,20986,4,1.8,2228.75
807043,5011117,20981,44,20.3,14895.83
807044,5006836,21115,5,0.1,2741.71
807045,5004827,20574,28,0.0,18726.4
807046,5005982,20761,10,10.1,17245.07
807047,5003478,20451,23,1.9,29350.85
807048,5009112,20964,6,,1033.53
807049,5007990,20501,21,6.5,17339.08
807050,5010090,20889,10,5.3,4486.6
807051,5010043,20727,15,,14883.32
807052,5001536,20430,2,25.4,2655.77
807053,5000568,20051,42,0.2,96275.6
807054,5009201,20589,4,11.3,6168.66
807055,5000694,20915,12,0.5,11966.39
807056,5006791,20420,11,6.1,20466.81
807057,5000575,20092,12,15.4,5680.25
807058,5011165,20389,13,0.9,29645.33
807059,5007643,20974,10,0.6,22314.7
807060,5005550,20119,49,2.0,178.15
807061,5010146,20929,37,15.8,20136.08
807062,5002431,21090,21,26.7,13945.75
807063,5007152,21035,21,21.5,16069.41
807064,5003281,20511,49,5.1,43033.89
807065,5002867,21324,46,0.4,24054.77
807066,5009644,20254,24,,2368.83
807067,5011508,20174,30,25.4,
807068,5003665,20062,36,21.4,68108.47
807069,5003660,20235,15,0.2,2765.26
807070,5002955,20186,7,6.0,6137.89
807071,5002293,21074,41,17.0,11278.22
807072,5004500,20537,6,1.0,1871.75
807073,5002500,21120,28,15.8,12190.91
807074,5002647,20404,4,15.2,2307.24
807075,5009807,20274,29,11.5,33244.39
807076,5004410,21287,4,,7449.05
807077,5006293,21205,1,2.0,655.72
807078,5002352,21272,20,26.6,31403.9
807079,5002541,20086,24,26.6,16399.26
807080,5004334,21307,11,6.7,1940.01
807081,5011508,20603,50,16.0,60986.52
807082,5009307,21184,3,0.9,5748.59
807083,5010157,21238,21,10.9,17030.19
807084,5002271,20521,7,16.3,10675.45
807085,5003455,20317,35,1.2,84255.9
807086,5002846,20283,11,,4278.32
807087,5000178,21357,49,,111619.05
807088,5001986,20195,47,11.5,46535.65
807089,5002489,20231,46,10.3,69892.46
807090,5011950,20068,28,0.5,26300.4
807091,5007953,20038,20,1.5,22138.27
807092,5001248,20518,32,26.1,29020.35
807093,5008137,20792,50,1.4,86803.0
807094,5007061,21483,27,,32020.34
807095,5002041,20375,21,16.6,26788.36
807096,5002487,21463,26,26.7,8349.31
807097,5004982,20865,35,0.9,86214.77
807098,5008098,20578,35,6.7,73527.3
807099,5009226,21440,6,16.7,9695.82
807100,5009445,20156,23,0.8,51996.98
807101,5004794,21368,18,1.7,41595.06
807102,5006369,21406,7,16.9,290.79
807103,5011874,20201,24,0.7,6463.24
807104,5000349,20920,33,25.1,58304.68
807105,5001208,21204,11,16.9,20791.66
807106,5002515,20387,45,,60734.57
807107,5005686,20096,5,20.4,22.49
807108,5003721,20806,21,16.8,19015.83
807109,5001287,20958,50,10.0,11283.75
807110,5005227,20609,8,20.0,13535.36
807111,5002337,21290,34,21.0,60410.02
807112,5005619,20560,7,,4568.83
807113,5002284,21176,2,1.0,2346.26
807114,5009883,21331,18,1.6,27175.88
807115,5008301,21183,31,6.9,59993.36
807116,5000225,21179,46,10.8,77145.08
807117,5005359,20568,23,26.0,4061.65
807118,5009006,20293,14,15.2,7466.66
807119,5000287,20264,19,20.9,300.13
807120,5009858,20193,2,26.8,3182.44
807121,5008725,20425,12,0.7,24343.79
807122,5011842,21405,4,,2170.95
807123,5009399,20542,46,11.2,77961.68
807124,5009539,20181,20,,24435.68
807125,5009573,20321,48,21.1,15908.89
807126,5002811,21128,5,21.6,7692.45
807127,5002833,20831,19,15.8,26113.54
807128,5011729,20901,23,20.8,
807129,5002462,20914,10,25.3,9379.93
807130,5003212,21476,33,25.8,7200.6
807131,5000782,21315,6,0.3,13002.83
807132,5011970,20184,4,0.7,8464.01
807133,5002508,20373,43,16.2,66894.6
807134,5003150,20669,14,21.0,8578.58
807135,5010872,21338,21,1.3,37194.19
807136,5002231,20925,32,26.5,46188.81
807137,5006498,20240,2,16.0,2712.51
807138,5005155,20274,21,10.3,24399.94
807139,5004279,20526,7,0.3,7286.49
807140,5002174,20264,6,25.5,89.27
807141,5000968,20664,15,1.9,5335.36
807142,5000624,20886,38,11.5,9009.14
807143,5003382,20538,7,11.9,11679.19
807144,5002338,20230,21,27.0,6017.02
807145,5006441,21358,16,1.2,3623.19
807146,5004242,21014,43,16.6,9943.1
807147,5007311,20747,5,,8088.37
807148,5011006,20286,2,1.8,2350.59
807149,5011448,20215,28,,61338.9
807150,5003721,20834,6,,8770.01
807151,5002517,20415,41,12.0,
807152,5005548,20413,17,0.8,13150.88
807153,5003021,20934,2,21.2,1837.24
807154,5002573,20475,4,16.9,2029.7
807155,5003791,20873,50,,59368.76
807156,5005947,20761,29,11.1,49454.4
807157,5000072,20638,41,16.1,75958.84
807158,5002429,20355,37,1.7,22154.67
807159,5011659,20312,24,6.4,35784.25
807160,5002510,20274,31,20.8,31802.7
807161,5010027,21094,19,1.4,7841.87
807162,5002721,20203,24,0.2,28942.64
807163,5001149,20908,50,26.1,19525.12
807164,5000918,20021,49,20.0,29383.93
807165,5008131,20513,5,12.0,1218.05
807166,5006114,20668,37,21.1,50064.54
807167,5004394,20885,-9,21.5,-14555.17
807168,5009235,20008,24,16.2,9896.91
807169,5000491,20937,20,21.0,2494.5
807170,5008521,21400,48,0.5,106752.2
807171,5002416,21233,50,26.3,53760.83
807172,5000347,21066,39,0.9,7650.96
807173,5001446,20857,32,,12416.79
807174,5009808,20827,48,11.7,40736.53
807175,5009252,21464,35,1.6,2009.57
807176,5003750,21455,45,25.2,15608.48
807177,5007074,21375,36,1.6,68079.26
807178,5002156,21173,48,11.8,62144.17
807179,5009350,20037,40,25.6,50089.06
807180,5011125,20583,29,5.6,60194.9
807181,5006123,20500,36,15.7,40970.1
807182,5005293,20762,45,0.7,91679.32
807183,5008472,20321,3,21.3,991.79
807184,5008857,20029,21,0.2,45260.27
807185,5002928,21235,37,10.2,71894.09
807186,5000401,20359,42,15.0,34730.39
807187,5008324,20046,23,1.8,29157.4
807188,5010324,21204,43,1.3,96534.18
807189,5006177,20098,32,16.4,27656.75
807190,5011291,20929,4,11.7,2282.87
807191,5011926,20762,38,11.3,69153.93
807192,5000347,21416,44,1.7,76026.64
807193,5005919,20945,27,15.6,12490.56
807194,5006150,20462,37,26.7,36646.98
807195,5005299,21425,44,1.8,10323.69
807196,5009638,20456,27,0.7,46414.4
807197,5000635,21279,10,15.1,8821.03
807198,5009068,20100,3,1.6,5173.11
807199,5004329,20972,4,2.0,1015.4
807200,5005110,20744,12,,5941.29
807201,5007913,21004,15,25.7,26811.3
807202,5006675,20266,42,5.9,54586.21
807203,5006824,20795,9,,5248.65
807204,5005831,21481,36,0.9,37672.07
807205,5004324,20974,15,15.5,28454.61
807206,5002583,20217,40,0.2,15407.12
807207,5008641,21377,18,10.2,7460.33
807208,5010568,20030,49,,53213.94
807209,5000230,21141,27,21.9,31885.44
807210,5006635,20538,39,0.9,73194.25
807211,5005433,20969,36,0.8,80231.65
807212,5010584,20062,23,25.1,41465.39
807213,5008940,20212,33,1.6,41508.31
807214,5006685,20985,9,20.5,1577.46
807215,5001750,20100,22,25.2,28837.66
807216,5004830,20854,13,26.7,19674.24
807217,5002680,20743,9,0.2,2110.05
807218,5001397,20473,25,1.8,7457.31
807219,5009078,21368,24,0.9,55911.43
807220,5000862,20260,12,1.6,
807221,5001381,20492,36,21.8,69766.29
807222,5011537,20451,-6,16.6,-6509.4
807223,5010718,20879,5,0.7,5439.11
807224,5008377,20626,38,,17610.01
807225,5004541,21301,17,6.2,18059.0
807226,5011798,21050,5,0.4,6213.94
807227,5011937,20058,26,5.6,33546.49
807228,5006817,20171,1,0.2,13.63
807229,5006091,20853,34,21.2,20076.59
807230,5003816,20535,31,5.3,67775.92
807231,5004227,21437,18,11.9,19232.11
807232,5006751,21467,6,21.2,2782.81
807233,5006532,20834,31,25.0,38530.36
807234,5006439,20257,34,12.0,19830.08
807235,5002136,20975,43,6.1,60989.46
807236,5007351,20435,49,16.1,51240.75
807237,5003107,20187,5,0.4,9960.75
807238,5002702,21480,40,20.5,2533.82
807239,5011817,21315,11,21.7,18721.73
807240,5011488,20518,27,16.4,
807241,5006249,20961,31,11.7,43437.94
807242,5000418,20230,13,1.4,5031.06
807243,5001070,21225,3,21.4,4214.88
807244,5003621,20640,39,1.8,9729.99
807245,5011462,20122,26,,33518.63
807246,5005251,20793,14,21.9,5510.19
807247,5000269,20031,5,5.7,3259.72
807248,5007220,20463,46,21.8,30034.1
807249,5000711,20567,25,6.5,12547.0
807250,5006879,21341,24,26.1,31651.67
807251,5005194,20883,19,1.4,46345.29
807252,5001660,21492,48,,67178.39
807253,5010785,21475,13,1.0,3363.32
807254,5002040,20326,33,0.1,71519.27
807255,5004039,20133,38,25.8,59210.47
807256,5007274,20307,7,20.2,5115.27
807257,5007613,20130,50,,16036.42
807258,5008948,20428,1,16.1,18.69
807259,5005275,20227,33,0.7,67320.96
807260,5011669,20821,11,16.1,16754.7
807261,5000773,20758,32,1.2,42288.61
807262,5008289,20579,-10,20.0,-2252.88
807263,5010029,21102,14,26.6,13346.47
807264,5010283,21240,1,0.0,641.67
807265,5010530,20621,17,0.6,3376.22
807266,5001687,21402,-3,,-2172.7
807267,5010391,21151,-8,15.3,-5290.57
807268,5000654,21243,3,0.4,6586.57
807269,5002406,21181,20,1.4,15188.34
807270,5000016,20445,20,16.7,24817.9
807271,5002502,20399,35,20.6,57939.37
807272,5008633,20090,12,1.2,5323.82
807273,5006330,20366,39,10.3,57088.06
807274,5005461,20262,18,0.5,26389.31
807275,5005199,20955,21,20.4,33042.35
807276,5006304,20519,-9,21.2,-279.21
807277,5009218,20228,25,15.6,28232.22
807278,5003935,20380,46,1.4,91649.51
807279,5000611,20685,46,1.4,108984.12
807280,5002254,20105,23,10.7,23746.78
807281,5001960,20663,11,6.4,15048.53
807282,5007831,20061,42,6.4,16613.64
807283,5006778,20088,9,0.1,11239.02
807284,5010632,21387,28,11.4,41282.99
807285,5011369,20660,42,6.0,29586.71
807286,5004815,20712,29,1.8,41577.88
807287,5002824,20408,7,,7957.99
807288,5000402,20198,43,0.6,76523.14
807289,5006962,21369,4,15.0,2159.2
807290,5002382,20723,23,1.9,10848.74
807291,5011170,20731,31,0.3,29582.94
807292,5004631,20390,2,15.0,3185.53
807293,5011259,20215,9,,22017.39
807294,5011503,20945,11,1.9,5914.76
807295,5003009,20311,21,16.1,28575.38
807296,5009841,20265,2,25.3,949.54
807297,5006481,20892,14,2.0,28355.81
807298,5009333,20931,8,16.3,6147.6
807299,5010612,20305,19,0.2,45962.37
807300,5011506,20400,13,1.3,28741.82
807301,5007356,20426,41,11.2,48389.14
807302,5006697,21280,38,21.3,1265.92
807303,5005301,20311,13,15.7,17773.85
807304,5003138,21404,33,16.2,62628.84
807305,5009484,21493,33,10.1,48922.66
807306,5011196,20911,41,16.7,65369.18
807307,5011645,20024,11,0.7,830.15
807308,5000580,20721,25,15.3,20085.55
807309,5001628,20893,21,15.4,42534.11
807310,5003418,20520,19,11.9,30467.99
807311,5002280,20782,49,,
807312,5006282,21089,2,16.1,1381.08
807313,5006043,20226,35,16.2,1798.81
807314,5011512,20214,28,10.8,47161.18
807315,5002106,20035,2,1.7,1850.77
807316,5000028,21446,49,6.9,38626.52
807317,5003481,20819,29,1.4,53789.89
807318,5005358,20233,5,1.5,5086.59
807319,5009268,20779,18,26.8,31394.85
807320,5003455,20384,34,26.6,11200.5
807321,5001925,20569,49,1.4,78729.6
807322,5005680,20080,34,26.3,22892.99
807323,5001342,21083,32,20.1,4610.93
807324,5002369,21214,28,5.9,50764.96
807325,5000246,21102,43,15.1,47415.29
807326,5006921,20768,23,1.7,9947.51
807327,5001225,20371,36,16.1,37960.69
807328,5000883,20950,45,16.2,
807329,5010074,21348,26,,13752.64
807330,5007908,20568,13,1.1,3068.19
807331,5008387,21212,32,25.6,36154.59
807332,5007373,20085,29,10.1,45737.66
807333,5009773,20163,28,1.0,35184.16
807334,5007712,21271,18,11.5,22902.56
807335,5002084,20895,4,26.6,908.52
807336,5007932,20564,27,6.2,41663.8
807337,5005918,21395,16,16.3,
807338,5001836,20408,29,10.6,29801.94
807339,5007205,20969,47,20.0,84473.29
807340,5003450,21365,43,6.9,64123.66
807341,5004952,20569,24,1.0,38717.87
807342,5007144,20082,13,15.9,2305.0
807343,5011800,21225,40,20.6,56770.36
807344,5005829,21028,20,21.5,20278.59
807345,5009654,20056,35,25.6,2178.77
807346,5006416,20571,28,1.3,59612.23
807347,5003308,21331,3,16.3,
807348,5011008,20551,17,15.8,27375.67
807349,5008998,20587,33,26.9,47611.81
807350,5005345,20193,42,0.8,90569.2
807351,5011169,20360,16,0.2,9252.82
807352,5010804,21050,37,20.1,36888.12
807353,5008997,20729,40,0.0,55091.2
807354,5005308,21500,48,1.6,56578.27
807355,5005027,20100,47,,73715.13
807356,5010916,20257,35,16.6,19346.26
807357,5005274,21493,24,,31049.04
807358,5009466,20436,4,15.3,4815.16
807359,5003351,20856,49,21.0,41735.19
807360,5000308,20798,30,6.9,65708.12
807361,5009852,20418,7,1.4,7828.94
807362,5006323,21093,35,0.9,85260.93
807363,5005643,20067,45,10.6,34022.91
807364,5002360,20855,5,11.1,3656.99
807365,5009432,20013,40,6.5,1544.62
807366,5003598,20327,35,,68980.83
807367,5007446,20153,18,6.7,24954.54
807368,5001242,21122,30,0.7,38655.21
807369,5010651,20857,4,20.1,1248.87
807370,5006452,21493,27,16.4,33248.33
807371,5008734,21330,26,5.3,9014.61
807372,5003019,20058,8,25.3,8167.94
807373,5005256,20761,38,25.1,54597.23
807374,5011990,20825,4,11.9,7620.69
807375,5007269,20170,2,25.3,1830.09
807376,5005986,20235,21,16.9,3223.55
807377,5008545,20006,33,25.0,6145.92
807378,5007260,20933,8,26.0,4310.17
807379,5007217,21440,46,,80224.28
807380,5001247,20711,14,1.3,6445.27
807381,5002647,21474,23,0.0,8061.96
807382,5004321,20113,14,1.6,9333.93
807383,5010557,20022,16,10.4,27088.02
807384,5000252,20651,12,,21034.81
807385,5004947,20578,2,0.1,4498.78
807386,5002051,21202,42,,64538.9
807387,5006554,20610,9,0.3,
807388,5003594,21353,3,1.9,228.94
807389,5007822,20894,-3,16.8,-4741.55
807390,5006773,21374,-6,6.7,-6107.42
807391,5002769,20239,-2,0.0,-3399.18
807392,5003629,20511,28,1.2,25601.37
807393,5006111,20123,25,15.9,34996.11
807394,5004385,20822,15,26.8,25419.91
807395,5011407,20006,48,21.9,9309.02
807396,5002848,20916,38,11.7,40083.27
807397,5011656,21245,21,0.4,37659.47
807398,5010843,20180,31,10.2,42405.35
807399,5007537,20030,36,1.6,46182.98
807400,5008631,20221,49,21.0,64762.22
807401,5009937,21054,46,11.4,55779.48
807402,5003533,20708,40,25.3,17459.18
807403,5003744,20050,29,1.9,43499.94
807404,5006695,20427,6,1.0,11798.5
807405,5004872,20156,27,22.0,47995.11
807406,5000440,20128,25,10.5,19676.13
807407,5000496,20392,-2,0.7,-2056.64
807408,5003834,20485,4,11.3,2025.91
807409,5009231,20415,46,10.9,32070.73
807410,5008403,20580,36,16.6,66402.28
807411,5010417,20069,42,20.5,83115.72
807412,5002171,21432,34,0.7,67016.22
807413,5001646,20863,12,10.2,1422.43
807414,5006298,20916,12,6.4,13417.63
807415,5005150,20817,8,0.9,10867.39
807416,5005749,20334,20,0.9,26231.57
807417,5000582,20069,12,1.0,29572.17
807418,5003388,21261,29,5.1,60136.96
807419,5005326,20522,12,21.1,23353.96
807420,5001692,21251,27,2.0,61361.27
807421,5004869,20430,32,1.1,56333.76
807422,5002488,20012,20,20.1,28260.79
807423,5010088,21106,23,0.1,16222.45
807424,5006175,20360,41,5.1,22546.21
807425,5004126,20550,5,6.5,3963.93
807426,5003189,21470,47,0.7,85805.57
807427,5011621,20820,30,15.6,8751.35
807428,5011858,20598,12,1.7,2069.37
807429,5011814,20981,49,,81358.01
807430,5007320,20020,15,1.7,27276.63
807431,5006566,21163,32,6.1,33341.56
807432,5002315,20172,41,6.7,64743.97
807433,5000392,21266,26,0.8,36499.81
807434,5000297,21273,43,15.1,13989.85
807435,5008751,20004,15,,20955.59
807436,5006945,21325,49,25.8,77875.2
807437,5006480,21413,36,6.4,390.87
807438,5007402,21404,42,26.9,69531.74
807439,5011894,20942,33,16.3,42592.96
807440,5007157,20928,40,,23004.42
807441,5011688,20001,43,6.3,20545.99
807442,5001525,21349,40,,96336.55
807443,5007048,20508,23,6.8,30417.47
807444,5011635,21413,33,1.7,376.29
807445,5003366,20552,28,0.3,46546.02
807446,5000585,20653,48,1.5,47573.14
807447,5011884,20857,4,25.6,1162.9
807448,5000922,21121,-9,0.2,-18021.75
807449,5005364,21450,22,16.0,20031.77
807450,5006719,20046,15,1.2,19131.88
807451,5011680,20290,13,15.2,4975.79
807452,5004452,20475,25,6.1,14334.3
807453,5009897,20429,4,20.9,5565.41
807454,5011955,20366,34,11.2,49269.72
807455,5002278,20047,49,17.0,19016.89
807456,5000191,20305,22,16.5,44527.41
807457,5004038,20958,34,1.7,8380.57
807458,5011008,21170,42,15.8,83963.33
807459,5009325,20454,41,21.2,69184.03
807460,5011753,20622,13,15.2,11800.86
807461,5002966,21373,41,0.7,48777.84
807462,5002454,20337,44,0.8,60051.35
807463,5002532,20836,17,0.3,27544.16
807464,5010274,21032,-3,0.2,-3239.57
807465,5006625,20449,7,0.8,11859.17
807466,5009501,20391,16,26.2,22394.93
807467,5004835,20514,33,10.5,66162.83
807468,5003815,20246,29,0.5,67753.27
807469,5002180,21009,45,16.2,25503.27
807470,5003245,21016,45,1.7,91302.37
807471,5002816,21307,36,0.8,6750.64
807472,5000785,20733,1,10.7,448.62
807473,5002769,21415,4,26.9,1356.59
807474,5004145,20487,37,16.9,55347.98
807475,5003365,20843,5,15.4,5837.74
807476,5005419,20800,22,16.6,16923.09
807477,5004007,20840,12,1.0,4366.26
807478,5003256,21448,6,11.3,3033.75
807479,5007086,21372,17,0.2,34908.39
807480,5010985,21264,29,6.9,13474.12
807481,5000762,20077,27,15.8,48196.76
807482,5011102,20319,2,6.4,745.45
807483,5011221,20017,40,,32135.88
807484,5010792,21080,48,25.1,58860.25
807485,5004860,21439,30,26.9,14341.12
807486,5009572,20144,30,26.3,31121.59
807487,5007874,20441,46,1.4,19247.27
807488,5002256,21467,39,15.5,19396.65
807489,5007602,20855,25,26.8,15055.78
807490,5002338,21028,15,21.2,15267.07
807491,5001440,20073,37,16.3,29696.48
807492,5005969,20060,47,15.4,16565.64
807493,5001734,20267,9,10.2,6968.3
807494,5004990,21127,18,0.4,695.96
807495,5000978,20503,10,6.8,18641.49
807496,5010398,20385,30,6.1,65433.56
807497,5010809,20079,25,16.6,48683.5
807498,5007944,20723,25,,8943.25
807499,5000884,20333,31,21.1,48990.15
807500,5008588,20432,15,0.6,2701.99
807501,5010013,20259,50,20.5,47331.12
807502,5003070,20798,49,10.8,102827.44
807503,5008018,21198,49,,64536.97
807504,5009244,21027,18,10.2,19472.93
807505,5010971,21404,8,1.1,17918.54
807506,5002117,21163,18,0.8,19813.2
807507,5010072,20009,19,1.3,35797.04
807508,5003723,21083,47,11.8,7475.81
807509,5001940,20768,39,26.3,12646.35
807510,5001077,20520,12,0.7,21689.26
807511,5007395,21445,35,16.0,68135.09
807512,5004194,20735,25,0.1,17633.6
807513,5003656,20398,5,11.7,7572.7
807514,5003829,20652,4,20.8,5230.75
807515,5006882,20712,37,1.4,53263.72
807516,5003947,21214,24,20.2,36900.35
807517,5010631,21143,50,5.6,82801.07
807518,5000023,20069,33,26.7,60212.23
807519,5004741,21194,5,0.9,6383.08
807520,5007586,20146,7,1.5,681.78
807521,5000135,20704,49,,10572.0
807522,5001540,20874,33,1.9,3383.63
807523,5006021,20957,14,,26304.32
807524,5004932,20598,36,6.3,14498.01
807525,5000437,20929,2,0.1,1291.39
807526,5009458,20083,25,0.2,19381.16
807527,5007481,20715,6,10.9,8020.12
807528,5001477,20069,7,21.9,13608.68
807529,5001440,21426,50,1.4,102287.15
807530,5001220,21122,21,1.0,26976.9
807531,5009768,20181,20,1.1,27123.32
807532,5002557,20997,10,21.6,8465.79
807533,5001606,20892,16,26.5,24304.98
807534,5005831,21205,26,0.7,17274.82
807535,5009519,20016,44,5.3,58892.72
807536,5008732,21436,26,11.7,14187.36
807537,5009927,20890,20,1.7,33796.33
807538,5011074,21460,47,0.7,35470.43
807539,5002286,21332,10,0.5,675.11
807540,5000914,20028,19,,26208.91
807541,5000297,20811,26,1.1,47386.27
807542,5010016,21294,41,,36116.04
807543,5005813,20197,50,15.7,100147.98
807544,5007926,20947,3,26.9,4491.24
807545,5000220,21096,4,0.2,3541.74
807546,5005252,21342,26,16.5,29241.42
807547,5001045,20297,2,20.7,2434.4
807548,5006771,21098,17,2.0,12072.67
807549,5000358,21153,20,0.2,27857.17
807550,5011516,20502,20,11.9,22106.4
807551,5008040,21029,43,15.1,57364.91
807552,5003458,21363,18,0.5,33077.44
807553,5003688,20490,26,,15429.11
807554,5009354,20006,25,20.9,4910.53
807555,5007441,20215,3,6.9,6867.07
807556,5008979,21026,25,0.4,5315.65
807557,5000222,20024,15,,1133.16
807558,5004383,20268,3,16.2,634.78
807559,5009711,21364,18,0.5,20492.08
807560,5003873,20595,7,5.7,14608.81
807561,5005710,20131,38,11.0,36507.0
807562,5009584,21364,12,25.7,10201.42
807563,5011208,21480,15,10.7,1067.31
807564,5003287,20464,-8,5.7,-1531.28
807565,5000868,20788,49,1.1,110251.2
807566,5004268,21252,26,26.2,29282.61
807567,5006699,21024,40,16.0,63508.37
807568,5002217,20294,42,15.5,74449.15
807569,5003202,21015,38,,62883.32
807570,5001633,20409,19,1.6,21841.79
807571,5004053,21137,44,,57554.53
807572,5010720,21144,49,1.7,8130.59
807573,5007021,21063,39,2.0,
807574,5004069,21136,40,26.3,34034.95
807575,5010798,20755,11,,7997.98
807576,5001414,20298,31,15.8,
807577,5003347,20518,16,5.6,18535.33
807578,5009045,20112,8,5.8,14734.61
807579,5006633,20022,19,10.1,32274.72
807580,5003983,20630,26,1.3,30892.69
807581,5003281,20763,31,6.8,3234.17
807582,5000973,20959,47,7.0,17453.84
807583,5011056,20435,5,0.1,6225.77
807584,5003895,21089,36,0.6,29452.02
807585,5005208,20032,23,16.8,21924.88
807586,5009149,20423,9,10.1,11984.55
807587,5006565,20120,4,10.2,203.81
807588,5004415,20441,37,21.7,12294.13
807589,5006414,20123,39,17.0,53879.86
807590,5001630,20967,42,1.1,103195.35
807591,5008355,21271,26,5.3,35399.05
807592,5007563,20480,34,11.7,38123.14
807593,5001654,20367,17,10.4,37915.8
807594,5003500,21228,14,11.5,28281.54
807595,5009793,20825,17,1.2,36321.52
807596,5005322,20823,41,20.5,48380.43
807597,5004280,20190,20,21.1,25849.53
807598,5001639,20301,9,10.7,4243.62
807599,5002090,20637,19,1.6,21952.1
807600,5009788,20739,39,16.9,76436.63
807601,5001341,20121,24,,16407.68
807602,5007147,20545,-5,1.8,-5724.18
807603,5008827,20868,19,10.4,17354.78
807604,5004438,20353,43,0.5,20444.38
807605,5007522,21480,30,1.5,2354.54
807606,5002930,20064,44,11.7,36489.02
807607,5002469,20569,-7,16.9,-9479.03
807608,5000199,20961,9,20.6,11339.92
807609,5009746,20343,36,1.1,32719.01
807610,5010797,20491,47,0.3,26127.17
807611,5010306,20223,27,1.5,53387.87
807612,5000670,21004,22,,49431.91
807613,5008636,21166,28,15.6,46608.45
807614,5011476,20356,40,20.4,19022.17
807615,5003920,20774,31,1.9,46253.31
807616,5008468,20756,-9,21.6,-11828.68
807617,5005983,20738,49,1.8,51636.39
807618,5011269,20363,33,1.6,50826.15
807619,5004499,21396,18,6.7,29550.72
807620,5010236,20687,26,20.3,8396.97
807621,5010901,20869,21,1.9,22018.97
807622,5003420,21071,2,1.3,4553.82
807623,5010945,20210,2,21.5,3860.41
807624,5010593,20074,16,21.3,27059.7
807625,5003260,20672,21,6.3,42603.66
807626,5005979,20125,29,10.2,6824.83
807627,5006385,20966,36,0.5,16160.55
807628,5003769,21464,37,1.2,2133.04
807629,5002785,20624,43,11.6,70391.0
807630,5000748,20294,40,1.7,82483.53
807631,5011358,21084,18,0.1,40346.03
807632,5007708,20666,30,16.3,
807633,5004441,20943,4,20.0,1209.47
807634,5010110,20962,47,22.0,66586.66
807635,5004997,20683,1,1.2,1005.83
807636,5001269,20273,24,0.2,39239.12
807637,5000789,21472,37,1.7,30309.41
807638,5001614,20128,37,5.7,30682.45
807639,5007356,20864,3,16.7,520.72
807640,5001416,20879,4,20.8,3470.51
807641,5008468,20747,31,25.4,47294.98
807642,5000930,20514,40,26.8,65591.59
807643,5002048,20909,13,0.2,22586.57
807644,5008496,20326,50,12.0,95454.48
807645,5011313,21314,24,26.7,33365.51
807646,5005630,21050,20,16.1,20937.75
807647,5002023,20049,14,15.6,5542.06
807648,5011530,21251,37,,84430.88
807649,5002696,20075,24,0.4,36835.11
807650,5010119,20646,1,0.2,1901.58
807651,5003905,21094,30,0.3,12520.03
807652,5003639,20927,50,0.7,17788.11
807653,5009982,21309,17,10.2,30016.16
807654,5010448,20898,46,6.7,38733.92
807655,5000022,21342,6,10.2,7257.15
807656,5000155,20503,41,5.4,77578.21
807657,5010841,20900,27,,62154.53
807658,5008295,21414,42,1.2,84827.78
807659,5006700,21444,2,1.1,1604.93
807660,5006798,21001,34,1.1,33068.82
807661,5001616,21264,43,21.3,
807662,5000787,20338,38,0.9,51821.17
807663,5010074,20033,30,0.7,24969.08
807664,5000539,20008,47,1.9,22688.79
807665,5011896,20399,15,26.8,22892.2
807666,5002707,20817,32,0.5,43645.0
807667,5006538,20405,13,6.7,9183.96
807668,5011414,21335,5,1.9,9853.95
807669,5010043,21097,32,21.6,62352.46
807670,5003330,20193,44,16.4,79961.06
807671,5002515,20408,2,10.5,2057.6
807672,5010249,20045,13,,1856.42
807673,5003864,20772,12,1.5,3988.07
807674,5005358,20206,9,10.6,17315.39
807675,5010727,21454,34,20.6,22109.45
807676,5005031,20749,30,1.3,65092.85
807677,5004862,20883,14,11.8,30547.22
807678,5004763,21439,19,20.3,9902.76
807679,5006945,20339,30,10.9,37655.62
807680,5008445,20868,42,5.0,40675.26
807681,5004835,20670,26,16.5,27417.56
807682,5006722,21322,44,16.4,26929.93
807683,5011557,21253,40,11.5,20296.59
807684,5009598,21108,47,11.7,83396.26
807685,5006944,20868,25,0.2,
807686,5009367,20601,27,1.4,
807687,5010423,20675,49,1.9,99722.51
807688,5008664,20508,22,6.4,29219.84
807689,5001315,20722,45,6.2,99320.97
807690,5011763,21437,24,,27447.41
807691,5008565,20396,28,15.4,43685.41
807692,5008770,20908,2,5.1,1002.94
807693,5006010,21309,33,1.2,64106.31
807694,5001425,21307,38,10.6,6421.73
807695,5000049,21408,40,25.4,41234.4
807696,5006558,20635,22,1.6,30454.62
807697,5003585,20892,27,21.8,43637.36
807698,5001074,20101,38,5.6,9539.44
807699,5003880,20996,21,5.9,13207.46
807700,5006798,20854,2,11.7,3646.21
807701,5002607,20718,15,16.6,334.14
807702,5011271,20414,16,5.4,14534.04
807703,5003709,20646,27,16.5,42957.02
807704,5010449,21393,1,1.0,1511.4
807705,5003067,20389,29,1.6,65664.76
807706,5005363,20313,26,1.1,62339.74
807707,5001066,21424,34,6.9,28980.5
807708,5005649,20599,23,,31423.3
807709,5003375,20242,8,2.0,10818.26
807710,5010035,20653,50,26.3,37078.47
807711,5001593,21180,8,,14205.2
807712,5008727,20274,36,2.0,45698.89
807713,5009255,20734,38,6.2,62900.97
807714,5008188,21059,11,1.8,11839.1
807715,5005974,21066,39,1.2,
807716,5003664,20183,38,0.3,61055.18
807717,5004503,21237,18,21.9,12547.33
807718,5007572,20079,10,25.7,17348.6
807719,5006365,20292,47,1.0,49087.29
807720,5008022,20402,14,5.7,32002.84
807721,5004542,20580,42,11.7,82020.88
807722,5003592,20115,31,1.2,62514.2
807723,5010772,21356,38,16.0,19696.56
807724,5000662,21277,32,26.3,25883.2
807725,5008642,20838,5,1.2,10148.14
807726,5010188,20991,42,1.2,68442.67
807727,5006066,20775,30,11.2,63516.42
807728,5005411,20735,11,26.2,
807729,5000703,21262,9,0.4,11908.76
807730,5000996,21474,32,10.2,10072.54
807731,5010175,20798,31,5.3,69065.28
807732,5008570,21300,14,16.6,6647.85
807733,5004596,20245,11,0.7,12197.28
807734,5003305,21277,5,1.5,5405.14
807735,5003763,20945,7,1.7,3771.61
807736,5005744,20238,37,16.7,
807737,5007587,20995,42,1.4,67156.18
807738,5000977,21166,39,10.6,68764.82
807739,5009439,21331,33,2.0,49619.91
807740,5006250,20943,23,15.3,7363.04
807741,5002854,21227,41,21.4,61079.23
807742,5011474,20442,5,11.9,1404.31
807743,5000302,20312,32,0.0,50974.72
807744,5006819,20970,49,26.6,43337.95
807745,5005574,21191,19,11.6,32397.13
807746,5001830,20505,25,1.7,58497.35
807747,5004368,20603,43,26.8,45705.04
807748,5006796,20290,11,15.1,4215.25
807749,5005493,20945,8,0.4,4367.42
807750,5002168,20315,38,0.1,66165.49
807751,5007850,20387,37,15.5,38396.23
807752,5005929,21289,27,10.7,59275.93
807753,5008226,21286,22,,16514.85
807754,5011882,20828,1,1.5,
807755,5009885,20089,14,0.3,25856.78
807756,5010224,20736,47,20.7,60972.37
807757,5001349,20064,2,1.4,1852.06
807758,5000941,20406,6,1.3,11831.98
807759,5008367,20059,43,10.3,25399.39
807760,5010467,20179,48,,42314.95
807761,5003334,20389,46,1.3,
807762,5000017,20735,25,1.6,17368.83
807763,5009478,20492,11,1.4,26878.56
807764,5010722,21439,31,16.3,16968.04
807765,5006820,20922,12,0.7,14084.71
807766,5006629,20342,20,10.6,22871.38
807767,5003359,21211,44,16.4,69116.03
807768,5007294,20987,50,5.2,30843.18
807769,5000071,20874,23,10.6,2149.14
807770,5001804,20408,3,25.4,2572.58
807771,5004836,21120,22,6.2,10670.67
807772,5002387,20276,38,5.7,15739.73
807773,5004703,20233,18,1.3,18348.9
807774,5000438,20137,4,1.6,850.57
807775,5005213,21255,-9,0.5,-21686.86
807776,5002591,20583,34,25.0,56069.91
807777,5004632,20742,-6,0.3,-3063.38
807778,5002293,20215,9,6.9,20601.2
807779,5007421,20276,1,21.8,343.49
807780,5009607,20317,6,5.3,13844.48
807781,5010565,20414,28,,26375.6
807782,5005108,20194,26,0.4,41666.92
807783,5005627,20005,11,1.9,8690.96
807784,5003432,20837,38,25.3,14505.25
807785,5004549,20958,33,25.1,6197.79
807786,5001933,21412,25,,38074.92
807787,5002870,20656,2,1.2,2573.01
807788,5005374,21024,46,25.0,65209.49
807789,5005185,21084,50,20.0,89747.6
807790,5007283,21044,36,,23104.78
807791,5011724,21336,26,1.4,61406.17
807792,5004938,20914,38,1.0,47238.68
807793,5001906,20912,17,0.1,18868.96
807794,5005695,21433,11,1.6,22012.55
807795,5008005,21042,1,1.0,2428.83
807796,5011004,21391,37,1.3,2247.38
807797,5001328,20004,40,0.4,74409.17
807798,5009622,21430,10,11.5,8187.84
807799,5006943,20980,6,1.1,7403.44
807800,5008428,20072,12,20.8,210.42
807801,5000795,21051,28,0.2,49147.35
807802,5006872,20301,34,0.7,17826.67
807803,5006757,21165,48,0.5,13965.98
807804,5007084,21135,23,,13628.74
807805,5002469,20775,-8,1.3,-18826.04
807806,5007592,20483,12,20.6,22031.59
807807,5009894,20380,2,0.2,229.58
807808,5000669,20774,17,0.4,25752.56
807809,5008228,20958,31,5.5,7345.72
807810,5004872,20906,10,20.7,72.64
807811,5003122,21086,36,1.5,33628.14
807812,5011590,20866,19,0.6,28867.82
807813,5008671,20246,6,20.4,11214.33
807814,5006553,21315,16,21.8,27196.83
807815,5007380,20271,4,1.8,9287.36
807816,5005316,20525,32,5.7,2083.65
807817,5011558,21111,23,,46384.67
807818,5008433,20904,22,20.5,18326.2
807819,5003309,21481,31,20.3,26089.36
807820,5011282,21114,45,21.7,
807821,5002495,21270,40,21.7,50747.8
807822,5007549,21041,17,10.7,32341.15
807823,5005018,21429,34,15.8,45143.21
807824,5011278,20702,14,0.2,
807825,5011681,20858,10,1.6,19967.72
807826,5005409,21217,11,21.7,12499.44
807827,5011893,20727,2,25.5,1766.32
807828,5004358,21093,41,20.8,79821.05
807829,5004690,20567,13,21.6,5470.76
807830,5001211,20521,16,15.5,24634.25
807831,5002925,20764,22,16.3,18209.05
807832,5006805,20426,21,5.7,26319.77
807833,5010584,20687,18,5.4,6900.09
807834,5003363,20405,42,16.7,26491.05
807835,5008512,20134,26,6.5,5938.2
807836,5010444,21365,24,1.1,38019.61
807837,5002671,21487,28,5.6,16942.65
807838,5003124,20072,36,20.9,630.46
807839,5004890,21267,29,,21351.55
807840,5002522,20286,30,1.6,35330.72
807841,5000993,20576,45,10.1,20493.29
807842,5006398,20804,25,6.5,29121.04
807843,5001685,20215,8,16.0,16522.26
807844,5009919,20329,42,12.0,63153.18
807845,5009443,20511,47,10.9,38754.65
807846,5000685,21074,47,0.5,15498.86
807847,5006053,21023,21,1.0,18436.16
807848,5009347,21023,17,21.6,11819.0
807849,5004323,20745,11,16.9,11858.53
807850,5004252,20575,35,5.2,15973.18
807851,5007543,20382,21,0.6,27355.38
807852,5011813,21157,5,0.6,7772.73
807853,5004621,20498,6,16.5,11840.68
807854,5000404,21158,44,1.9,18822.96
807855,5011620,21163,14,16.1,13033.48
807856,5002336,20655,33,25.4,54637.44
807857,5004447,20736,32,5.3,49574.92
807858,5010075,21326,11,,2791.41
807859,5007772,20015,35,25.4,12570.66
807860,5007774,21298,15,20.6,29676.39
807861,5007691,21365,27,6.6,40393.44
807862,5003976,20990,38,1.3,72463.84
807863,5005295,20601,26,6.8,28554.75
807864,5001175,21444,4,0.2,3239.07
807865,5001336,20981,25,0.4,55591.24
807866,5006929,20444,44,5.6,81275.57
807867,5010813,20769,42,10.1,36140.45
807868,5000651,20806,16,1.3,17187.38
807869,5000151,20877,4,15.1,7907.48
807870,5004606,21428,11,6.5,6062.08
807871,5003282,21465,44,16.5,2817.59
807872,5004655,20135,1,26.9,861.43
807873,5009943,20456,23,11.8,35118.51
807874,5003856,20712,11,1.5,15819.1
807875,5004347,21062,4,25.2,2619.41
807876,5001467,21188,11,1.2,8467.37
807877,5006670,21203,19,11.8,31878.41
807878,5005630,20144,6,1.7,8301.91
807879,5008608,20208,34,0.1,40825.77
807880,5000388,21145,4,,
807881,5010620,20907,10,25.7,15767.8
807882,5007740,20760,16,,19085.09
807883,5008601,21351,7,21.0,8803.37
807884,5001672,21006,14,25.2,14860.08
807885,5006705,20725,25,21.4,47573.04
807886,5007242,20779,24,21.5,17677.95
807887,5010943,21169,32,25.1,5580.95
807888,5001162,21198,32,0.9,50201.05
807889,5001726,20561,3,6.6,202.61
807890,5000347,20331,46,26.6,8396.77
807891,5000007,20909,20,11.2,30918.56
807892,5010808,20271,15,26.6,26032.04
807893,5005327,21470,33,25.3,45321.36
807894,5004628,21447,43,1.5,73574.02
807895,5007751,20137,26,15.8,4730.86
807896,5001015,21234,49,0.1,75722.79
807897,5008138,20220,30,5.8,23427.54
807898,5002130,20234,21,,35169.62
807899,5008777,20882,38,0.1,3782.91
807900,5001615,20265,11,1.8,
807901,5003090,20838,9,21.9,14439.53
807902,5001593,20126,45,25.1,69247.26
807903,5002954,20398,4,15.8,5776.86
807904,5011124,20347,5,,581.77
807905,5004123,21058,13,15.7,15146.76
807906,5005735,20576,45,21.9,17803.4
807907,5002349,20479,26,16.7,18862.82
807908,5006973,21100,24,0.3,43235.26
807909,5011627,20006,19,20.8,3736.72
807910,5004348,21267,8,1.3,6598.77
807911,5001233,20446,1,1.7,519.73
807912,5011338,21240,11,25.2,5279.66
807913,5001812,20610,3,10.7,5510.11
807914,5001001,20801,45,11.9,1726.14
807915,5004161,20120,39,26.3,1630.88
807916,5004191,21444,10,11.5,7180.8
807917,5008632,20987,20,26.2,9604.33
807918,5005992,21001,32,0.7,31249.47
807919,5000023,20922,25,10.1,20838.37
807920,5004527,20096,48,6.4,253.84
807921,5005528,20918,36,20.2,7697.67
807922,5004806,20152,7,0.1,6448.53
807923,5001094,21436,36,0.1,22224.67
807924,5007389,20622,5,25.3,3998.21
807925,5006888,21424,14,10.6,11458.9
807926,5006754,21237,2,26.7,
807927,5011061,21233,26,,33493.66
807928,5008208,21059,8,26.3,6462.07
807929,5001279,21450,19,25.5,25078.7
807930,5007230,20830,49,10.1,52289.86
807931,5009585,20062,4,,8607.43
807932,5007352,20060,1,15.2,353.29
807933,5000364,20594,18,6.6,29484.04
807934,5006293,20417,4,1.7,9313.85
807935,5003100,20971,12,16.6,12836.46
807936,5009006,20245,33,5.5,34823.04
807937,5003374,20888,49,0.6,88891.86
807938,5007697,20896,22,26.9,36676.45
807939,5004993,20921,31,5.8,52994.91
807940,5007272,21465,47,21.6,2825.87
807941,5004963,21171,10,1.1,5144.78
807942,5003308,21422,21,0.9,48047.81
807943,5011277,20553,1,16.7,1019.9
807944,5001804,20138,5,1.5,10078.42
807945,5000861,21483,40,16.7,41682.99
807946,5009439,20751,5,16.2,
807947,5010229,20577,5,0.0,12047.7
807948,5003387,21266,21,17.0,24666.24
807949,5005862,21322,3,20.8,1739.49
807950,5000466,20994,50,0.2,108278.51
807951,5010520,21344,10,20.5,15399.15
807952,5010126,21496,47,6.9,62437.3
807953,5007548,20435,29,6.5,33796.14
807954,5001168,20799,3,16.6,2860.74
807955,5000582,21348,10,1.9,5573.55
807956,5011121,20179,44,5.9,43400.91
807957,5005424,21338,40,15.1,60940.54
807958,5008359,21032,43,1.8,45689.38
807959,5003719,20017,18,1.8,17930.36
807960,5000315,21253,6,6.7,3209.61
807961,5002641,21308,14,0.6,26279.11
807962,5000156,20039,31,0.3,2900.31
807963,5003148,20476,7,15.4,10486.56
807964,5007033,21377,1,21.2,363.69
807965,5006482,20612,8,,7853.65
807966,5007809,20573,11,1.3,
807967,5007569,20119,13,26.5,35.45
807968,5009814,20573,16,26.9,7046.26
807969,5003084,20890,34,6.5,54648.28
807970,5003927,21134,38,,
807971,5004248,20110,17,1.7,25668.76
807972,5005825,21233,47,,54512.17
807973,5010130,20515,-10,10.1,-16448.46
807974,5000276,20609,27,5.5,53961.67
807975,5000085,20208,5,1.9,5895.61
807976,5005189,20251,30,0.6,12395.58
807977,5005633,21235,4,25.0,6491.37
807978,5009167,20785,24,,14475.56
807979,5009346,20694,27,0.1,51155.37
807980,5000847,20242,25,15.6,29115.47
807981,5007709,20856,31,25.0,25066.99
807982,5009686,20037,16,6.2,25259.96
807983,5005900,21321,2,6.4,3806.3
807984,5009035,21051,40,20.3,56069.91
807985,5006883,21366,17,21.8,30060.13
807986,5004702,20706,35,1.8,32470.37
807987,5004433,21375,43,0.8,81978.01
807988,5007714,20591,17,16.7,28067.39
807989,5002279,21214,47,21.4,71176.52
807990,5007322,20243,47,26.0,77518.01
807991,5009544,20604,25,10.1,39920.54
807992,5005357,20769,42,1.7,39517.31
807993,5007101,21475,42,0.9,
807994,5009023,20486,23,0.3,27793.52
807995,5010092,20551,11,1.3,20764.12
807996,5006598,21167,44,25.7,61102.33
807997,5000354,21425,42,26.8,7345.66
807998,5004813,20895,25,15.2,6560.13
807999,5004861,20601,23,21.6,
808000,5008776,20341,47,1.5,34824.49
808001,5004559,20981,3,1.3,5311.74
808002,5003876,21274,12,0.1,16197.11
808003,5003435,20668,28,0.3,10880.26
808004,5009607,20725,9,,19261.64
808005,5004158,21262,31,25.3,30764.31
808006,5008267,20527,18,15.5,22785.04
808007,5000351,20935,44,11.1,19568.95
808008,5005610,20070,5,25.8,2327.91
808009,5008924,20982,35,6.2,10813.55
808010,5004684,21048,44,0.5,91121.07
808011,5007822,20160,38,,16088.36
808012,5009501,20225,31,1.4,63867.35
808013,5011694,21348,50,0.1,28379.09
808014,5009348,21324,11,11.3,5122.72
808015,5009229,21152,1,0.8,2344.92
808016,5001709,21294,2,1.5,2080.73
808017,5003766,20916,26,25.9,23014.97
808018,5005459,20209,44,25.1,66609.02
808019,5010084,20850,41,16.6,60081.25
808020,5008137,21492,4,1.9,7004.89
808021,5008713,20019,23,16.2,10217.53
808022,5005343,21435,31,1.4,34380.94
808023,5006762,21240,24,5.0,14630.08
808024,5006274,20172,47,5.3,75332.37
808025,5005170,20873,21,26.8,23251.38
808026,5008532,20398,32,1.1,54283.28
808027,5009497,20142,11,16.9,2005.44
808028,5009845,20689,24,,58720.58
808029,5001691,20835,-10,0.6,-5384.2
808030,5001790,20430,32,1.2,56276.8
808031,5007852,21076,6,27.0,3366.56
808032,5007269,21377,33,,15002.36
808033,5005767,20221,19,11.8,
808034,5003576,20887,3,0.8,1646.2
808035,5005318,20048,42,1.2,544.43
808036,5007746,21351,6,0.0,9551.58
808037,5006222,20219,20,1.8,3383.97
808038,5006203,20738,50,26.8,39276.19
808039,5005632,20564,29,1.1,
808040,5007194,21141,1,0.2,
808041,5000778,21226,26,1.1,25708.09
808042,5005399,20113,39,,23332.79
808043,5001375,20399,22,1.2,45317.39
808044,5007293,21216,40,21.0,31642.34
808045,5010476,20361,27,1.3,13292.25
808046,5000485,20048,47,16.9,512.43
808047,5004409,20444,21,0.4,40927.38
808048,5002907,20977,39,21.9,54599.89
808049,5004400,21137,46,1.0,79637.62
808050,5008716,20676,11,,17424.87
808051,5005819,20603,23,1.1,33030.01
808052,5010630,20192,43,6.3,84526.49
808053,5003784,20476,45,25.3,49038.57
808054,5004474,20347,25,0.0,3430.25
808055,5007255,20788,8,1.5,17927.39
808056,5002497,20913,11,0.2,13823.83
808057,5005532,20826,48,,46593.0
808058,5008133,20458,4,20.0,1432.8
808059,5006001,20179,30,25.3,23490.83
808060,5007110,21372,1,16.2,1724.23
808061,5003340,20679,-10,1.3,-2454.27
808062,5008787,21487,41,21.3,2438.09
808063,5000186,20868,27,1.2,27194.31
808064,5002335,20661,24,1.9,34297.96
808065,5008282,20565,20,0.6,18798.33
808066,5001769,20041,2,,3607.05
808067,5000518,21345,5,,8358.72
808068,5005803,20524,27,1.9,19205.19
808069,5006808,20556,41,20.8,21289.94
808070,5007533,20677,9,,1746.5
808071,5005871,21126,17,1.3,34331.51
808072,5006412,21157,28,0.4,43614.88
808073,5001608,20974,44,26.8,72305.03
808074,5008937,20278,1,11.3,2131.61
808075,5004415,20456,38,6.3,61640.04
808076,5004701,20105,46,0.9,52705.62
808077,5000578,20987,24,1.8,15335.7
808078,5002853,20775,33,25.2,58852.83
808079,5008831,20381,46,1.2,28482.72
808080,5005138,20345,2,1.3,188.22
808081,5006684,20055,30,10.0,46233.99
808082,5005132,20592,36,15.3,60960.22
808083,5000655,21074,50,11.8,
808084,5008502,21399,37,11.9,38896.37
808085,5004288,20285,31,0.6,14137.77
808086,5007163,20205,50,10.8,44416.25
808087,5007185,21074,1,11.4,293.64
808088,5002781,21035,17,0.1,
808089,5011829,20341,50,20.9,29750.7
808090,5011704,21255,31,0.8,74473.96
808091,5001100,20706,11,20.4,8272.06
808092,5002271,21267,43,11.7,31731.07
808093,5010786,20319,21,6.3,7835.58
808094,5007805,21330,24,1.1,8690.22
808095,5000896,20903,46,,45504.3
808096,5003943,20242,14,,14392.15
808097,5005028,20425,7,21.8,11183.11
808098,5007371,21406,17,0.4,846.43
808099,5004603,20408,35,0.7,39950.87
808100,5008662,20415,13,1.9,9978.97
808101,5002874,21001,40,10.1,35364.14
808102,5005307,21497,22,16.4,
808103,5009011,20340,8,6.0,18045.29
808104,5010919,21368,36,1.7,83190.11
808105,5005078,20645,49,0.2,5224.69
808106,5008965,21128,10,0.3,19564.73
808107,5002220,20388,14,21.6,5089.9
808108,5005023,20037,2,5.9,3167.59
808109,5010385,21396,31,11.3,48383.72
808110,5001023,20330,48,1.4,77992.28
808111,5003591,20150,2,20.8,1234.24
808112,5009078,20014,16,26.0,14877.43
808113,5010978,20248,44,5.9,10759.24
808114,5010178,20432,47,,7938.16
808115,5001890,21461,22,20.4,32487.04
808116,5005296,21143,44,0.0,77187.44
808117,5004961,21037,39,26.0,15253.38
808118,5007497,20819,31,11.7,51492.99
808119,5007298,20518,37,1.9,44542.95
808120,5000086,20302,44,27.0,
808121,5007872,20340,32,15.6,64809.48
808122,5001606,20016,2,1.0,2798.49
808123,5007684,20974,23,11.0,45953.92
808124,5002406,20899,19,,6795.03
808125,5008513,20138,47,1.0,95218.06
808126,5010945,21006,41,11.7,
808127,5004637,20400,13,11.0,25917.15
808128,5003113,20602,36,27.0,16704.36
808129,5005344,20479,-9,20.8,-6208.06
808130,5010021,20517,17,,974.75
808131,5010483,21045,16,16.7,14592.96
808132,5004558,20947,3,6.5,5744.61
808133,5003293,20474,16,,9866.02
808134,5005103,20443,3,0.1,5556.71
808135,5011942,21479,37,26.7,51258.42
808136,5004428,20257,14,26.9,6782.79
808137,5008339,20886,5,6.4,1253.73
808138,5000366,20045,38,5.2,6116.88
808139,5006966,20167,1,26.0,980.9
808140,5000819,21164,13,6.6,8327.71
808141,5006730,20247,4,0.2,5172.35
808142,5010409,21243,3,5.4,6255.92
808143,5007942,21264,37,,14439.8
808144,5000455,20990,6,0.4,11545.99
808145,5003219,20770,18,0.5,13853.38
808146,5007868,20907,40,26.7,62222.32
808147,5009899,20791,32,0.7,61480.52
808148,5001374,20042,14,10.1,11787.42
808149,5004750,20479,17,20.9,11711.53
808150,5005662,21453,2,1.0,1317.87
808151,5008760,20662,38,,38387.66
808152,5006896,21297,22,5.4,51650.39
808153,5002993,20800,25,16.7,19207.73
808154,5003456,20976,7,1.4,4243.35
808155,5009978,20519,36,0.3,58990.66
808156,5000563,20668,29,0.7,63523.3
808157,5007671,21343,46,1.7,110806.26
808158,5005491,21257,36,21.7,39486.03
808159,5007718,21446,38,0.9,31885.78
808160,5010135,21336,19,26.8,33313.97
808161,5002083,20585,21,26.3,34948.46
808162,5011545,20899,24,0.5,9008.73
808163,5011010,21136,24,,27514.28
808164,5001877,20320,36,26.0,24038.6
808165,5002177,21350,49,16.0,34648.9
808166,5004576,21477,40,26.0,50915.85
808167,5001367,20830,37,6.4,48704.71
808168,5007023,21190,39,15.3,13341.7
808169,5004965,20247,23,0.1,29770.84
808170,5008965,20912,26,16.8,24034.23
808171,5002931,20447,45,,50030.59
808172,5011587,20028,16,1.6,21936.9
808173,5010886,21415,19,15.6,7439.9
808174,5005866,20465,46,6.1,32334.16
808175,5009003,20211,27,16.9,45669.17
808176,5009442,21276,38,5.4,13903.25
808177,5000553,20786,15,0.6,9763.07
808178,5010307,21450,9,21.0,16872.31
808179,5009087,20098,30,,30518.37
808180,5009421,21284,34,25.7,54720.78
808181,5006131,21006,19,15.5,22782.53
808182,5008260,20137,30,1.4,
808183,5001072,20601,25,26.8,21564.54
808184,5006877,20710,4,25.3,4431.29
808185,5002520,21340,12,16.0,12021.51
808186,5000275,21189,27,,47815.31
808187,5006859,21040,38,1.5,65316.47
808188,5003409,20277,17,25.1,25889.24
808189,5005042,20799,18,0.7,20436.77
808190,5011651,20710,20,11.7,26190.31
808191,5005010,21015,42,27.0,50940.67
808192,5011815,20038,5,11.8,4955.83
808193,5005793,21353,29,1.5,2222.07
808194,5001349,20665,2,20.2,1818.91
808195,5010858,20024,8,10.1,546.59
808196,5000100,21458,27,0.8,30689.11
808197,5000273,20727,49,21.0,45888.77
808198,5005336,21256,46,10.9,67865.03
808199,5006109,20267,32,1.5,27176.54
808200,5004437,20612,44,21.4,34121.96
808201,5010397,21159,34,25.1,55453.23
808202,5007013,21341,37,16.0,55465.37
808203,5002652,20820,26,0.4,8950.43
808204,5006420,21151,14,0.3,10898.13
808205,5001198,20627,37,6.7,1216.17
808206,5003114,20789,29,0.6,52906.38
808207,5011109,20168,20,,43976.9
808208,5004729,21247,5,11.2,2939.15
808209,5000907,20424,18,16.6,22464.71
808210,5006348,21024,13,0.7,
808211,5011754,20526,34,0.3,35391.55
808212,5006892,20571,17,1.7,36046.46
808213,5003396,21116,32,1.0,75743.08
808214,5007958,21162,12,1.3,
808215,5007083,20522,33,1.0,80584.48
808216,5002727,20049,23,6.9,10043.34
808217,5001393,20567,11,15.6,4983.37
808218,5006651,20635,49,1.6,28941.65
808219,5009576,20846,9,0.6,21061.66
808220,5010360,21065,29,21.1,39928.03
808221,5009918,20480,26,0.6,32817.74
808222,5003489,20993,50,2.0,86821.14
808223,5009484,20360,22,10.5,11409.57
808224,5000102,20289,-6,1.3,-2732.53
808225,5009427,20228,32,0.8,42474.11
808226,5002864,20249,15,0.9,24302.49
808227,5008720,20161,9,15.6,12932.42
808228,5002582,20638,46,0.6,100966.37
808229,5000930,20603,15,15.4,18426.64
808230,5003901,20336,43,16.0,69212.42
808231,5007222,20988,22,16.2,32212.49
808232,5010603,21331,11,,15797.36
808233,5005263,21236,33,10.6,49342.69
808234,5010943,20545,31,6.6,33755.15
808235,5003996,21424,13,25.6,8855.1
808236,5004142,20886,47,1.6,12389.38
808237,5001526,21283,21,20.2,421.8
808238,5002220,20638,45,6.0,93405.59
808239,5006837,21473,3,7.0,3534.57
808240,5005937,20934,2,0.9,2310.54
808241,5009518,20365,25,0.7,14955.08
808242,5010003,21105,18,1.9,42374.26
808243,5009837,20970,18,5.9,20409.78
808244,5004102,21269,47,5.5,90817.57
808245,5009075,20145,17,1.9,27311.26
808246,5000145,20675,3,20.5,4947.85
808247,5002192,21414,34,15.5,58731.02
808248,5009199,20606,11,5.8,8122.77
808249,5004787,21069,33,0.1,70441.58
808250,5006308,20674,38,11.7,75240.48
808251,5008773,21282,43,16.2,85702.18
808252,5007310,20590,9,15.5,3816.11
808253,5009649,20088,22,25.8,20405.49
808254,5010251,20358,46,,19505.85
808255,5008809,20307,10,17.0,7600.56
808256,5006352,20334,9,1.8,11697.0
808257,5008137,20886,35,16.6,7819.71
808258,5001210,20429,14,1.1,
808259,5007597,20009,44,20.5,66772.27
808260,5004558,20686,17,21.7,19906.2
808261,5007810,20807,24,,29419.39
808262,5002861,20022,20,25.2,28267.07
808263,5005574,20941,29,5.8,62330.66
808264,5006104,20494,23,0.6,23182.07
808265,5011922,20041,16,,36157.46
808266,5003132,21126,17,1.4,34296.73
808267,5005493,21253,43,11.2,21892.8
808268,5006207,20128,43,0.6,37586.46
808269,5009975,21413,7,5.7,76.57
808270,5003900,20246,44,11.6,91330.14
808271,5001815,20755,3,10.2,2318.08
808272,5004627,20219,7,2.0,1181.98
808273,5000436,20420,38,1.8,73941.28
808274,5004635,20477,1,11.8,1529.71
808275,5005426,21099,11,11.4,21823.34
808276,5008938,20494,20,7.0,7346.63
808277,5002407,21036,46,15.5,93562.81
808278,5003463,20096,3,,14.19
808279,5008905,20514,23,21.9,40239.81
808280,5006282,21261,34,0.3,74071.54
808281,5008920,20399,39,15.1,69033.12
808282,5007551,20840,40,1.3,14510.08
808283,5002899,20159,36,1.8,60510.6
808284,5001115,20514,23,1.3,50853.65
808285,5005146,20147,31,0.4,26120.79
808286,5006045,20174,27,11.7,52930.83
808287,5008697,21196,31,25.6,31316.07
808288,5005195,20685,37,,70857.94
808289,5007960,21035,25,20.9,19276.47
808290,5007625,21365,48,25.2,57509.95
808291,5006412,20206,30,6.7,60235.88
808292,5008849,20012,25,0.0,44212.75
808293,5010800,21381,17,21.1,1065.26
808294,5008086,20774,46,16.3,58559.23
808295,5007198,20815,24,15.0,25266.83
808296,5011559,20338,43,0.8,58698.92
808297,5007336,20153,14,5.8,19596.31
808298,5000561,20851,38,25.9,67908.37
808299,5004660,21281,12,15.1,11069.26
808300,5003818,20370,1,16.9,1258.8
808301,5005539,20716,33,1.9,
808302,5003977,21406,18,0.2,898.02
808303,5002337,21435,8,15.1,7639.71
808304,5011887,21398,3,1.6,7203.94
808305,5002400,20067,4,,2865.27
808306,5004518,20639,36,11.5,49553.77
808307,5002131,21413,23,16.3,223.31
808308,5002673,20027,13,1.6,191.62
808309,5008342,20281,23,0.5,17988.75
808310,5006031,20981,44,0.5,42504.69
808311,5011073,21473,2,16.7,2110.61
808312,5007582,21053,24,25.8,29094.18
808313,5007781,20350,38,0.3,8127.68
808314,5007374,21241,32,0.8,3253.76
808315,5002100,21131,20,21.3,8841.16
808316,5002279,20397,16,10.7,22893.09
808317,5005619,21368,20,15.9,39540.46
808318,5005014,20177,7,26.9,8364.3
808319,5001551,21261,30,26.7,48051.01
808320,5005740,21500,34,11.7,35962.75
808321,5003786,20996,30,15.9,16862.72
808322,5000828,20610,44,0.3,90226.83
808323,5000612,20539,17,1.9,37881.97
808324,5000743,20815,37,11.1,40740.28
808325,5001314,20209,19,16.8,31950.34
808326,5001146,20765,46,21.8,1148.59
808327,5008630,20332,29,0.7,26411.17
808328,5009984,20952,35,1.1,67244.83
808329,5009220,21393,42,1.8,62965.98
808330,5003948,21383,45,0.9,53463.16
808331,5008240,20157,17,25.1,13505.51
808332,5003937,20750,44,0.9,76367.61
808333,5005945,21374,35,11.1,33946.47
808334,5011989,20048,23,5.4,285.46
808335,5003220,21489,22,26.6,23656.5
808336,5011336,20030,1,0.6,1295.9
808337,5004464,21301,12,10.7,12135.98
808338,5003218,20150,41,2.0,31307.85
808339,5010291,21141,16,16.1,20298.3
808340,5000680,21045,5,6.1,5140.6
808341,5002231,20262,3,1.3,4362.86
808342,5009294,20992,36,,73384.32
808343,5007057,21171,20,15.7,8770.57
808344,5009859,21376,37,21.9,25330.82
808345,5007542,20498,43,6.2,95325.78
808346,5006966,20857,11,26.6,3155.0
808347,5005260,20217,36,6.6,12977.18
808348,5003832,21266,36,11.5,45087.0
808349,5004239,20385,24,16.8,31726.16
808350,5001555,20620,21,1.6,34958.32
808351,5008176,21306,42,16.2,34338.98
808352,5004674,20925,28,11.7,48553.24
808353,5003435,20729,4,1.0,5454.03
808354,5001575,20938,34,0.7,22825.81
808355,5004711,20568,50,6.7,11132.56
808356,5008458,21070,14,0.9,6419.5
808357,5010846,20185,7,10.2,164.44
808358,5000865,21456,27,16.4,50038.96
808359,5000679,20697,21,15.1,29972.15
808360,5004160,21330,18,16.0,5535.73
808361,5008079,21142,33,5.6,11432.16
808362,5001552,20707,42,21.9,5456.28
808363,5007208,20838,32,25.3,49105.51
808364,5011672,20953,42,15.9,26558.97
808365,5010375,20731,7,20.1,5353.4
808366,5010455,20160,42,1.3,19587.84
808367,5010573,20819,25,10.5,42090.96
808368,5009411,20427,22,0.8,43348.57
808369,5009497,20931,31,15.5,24049.63
808370,5009793,20804,17,20.1,16921.97
808371,5009450,20612,36,25.6,26426.17
808372,5007752,21132,9,10.1,2921.98
808373,5005841,20069,14,10.0,31364.42
808374,5006860,20351,4,26.6,2905.2
808375,5003769,20396,20,25.0,27663.0
808376,5008314,20053,20,21.3,27296.31
808377,5003636,20523,36,1.5,36788.33
808378,5009505,20212,32,21.3,32192.2
808379,5004397,20862,19,21.0,4144.41
808380,5011128,21128,20,16.6,32732.16
808381,5004232,20400,24,6.8,50104.99
808382,5006151,20990,15,1.4,28575.17
808383,5009324,21002,1,10.8,1420.93
808384,5000190,21036,17,11.9,36050.69
808385,5008424,20870,6,0.6,4776.93
808386,5007519,21102,46,1.6,58788.88
808387,5009184,21066,17,1.5,3314.84
808388,5006329,20674,35,0.7,77933.57
808389,5001422,20716,15,10.4,3546.95
808390,5003760,20254,46,11.0,4089.91
808391,5007517,20954,33,11.3,61367.53
808392,5005252,20669,16,15.3,10511.47
808393,5004958,20708,44,1.7,25272.58
808394,5006768,20414,17,16.6,13614.14
808395,5005028,20829,39,1.9,80083.36
808396,5001981,20071,45,26.9,41894.41
808397,5003487,20184,35,26.1,55116.25
808398,5005151,20386,21,21.3,33368.34
808399,5000545,20738,3,,2858.79
808400,5000347,20061,49,1.7,20355.86
808401,5005991,20860,16,0.7,
808402,5008774,21229,47,1.8,86850.29
808403,5007912,20363,30,5.2,44515.14
808404,5002495,21434,40,10.2,67385.2
808405,5006092,20662,20,5.6,
808406,5000554,21365,2,1.1,3168.3
808407,5004262,21324,23,0.5,12015.31
808408,5003921,20684,47,6.1,86302.08
808409,5003904,21191,18,1.2,34302.85
808410,5006312,21248,5,1.7,12007.93
808411,5009253,20080,26,1.4,38986.72
808412,5005898,21321,26,25.3,39490.36
808413,5010345,21408,-4,21.1,-4361.12
808414,5002078,20670,3,10.3,3398.46
808415,5008852,20381,45,,27948.13
808416,5008516,21477,3,10.9,
808417,5010381,20830,5,1.1,2152.66
808418,5004133,20895,27,,
808419,5004210,21146,30,0.8,44116.52
808420,5003589,20175,35,10.3,1562.53
808421,5001958,21288,-10,0.1,-2518.38
808422,5010537,20269,23,15.7,18884.5
808423,5001052,21408,43,15.3,50328.36
808424,5000490,20327,38,1.6,87080.73
808425,5009706,20989,36,1.3,56602.12
808426,5007051,21259,29,0.5,18066.69
808427,5005217,21221,2,1.0,4639.1
808428,5002213,21274,39,0.4,52482.52
808429,5011115,21265,9,6.0,8392.15
808430,5009344,20161,1,10.2,1528.87
808431,5002570,20546,16,25.1,9846.41
808432,5002558,20430,11,0.4,19501.79
808433,5009513,20396,33,,
808434,5009578,21231,3,1.9,2672.51
808435,5010618,21035,48,10.9,41689.82
808436,5011821,21294,10,10.3,9474.2
808437,5004389,20974,35,1.7,
808438,5010064,21103,42,1.2,50526.36
808439,5004167,20138,44,6.4,84278.11
808440,5004339,20274,43,5.7,52523.93
808441,5004555,20411,31,,20773.45
808442,5005324,21127,34,26.0,976.71
808443,5009500,20605,35,0.8,64928.48
808444,5000820,21073,7,0.8,8053.86
808445,5003421,21263,49,21.7,86822.6
808446,5008130,21214,4,26.5,5664.53
808447,5005484,20180,8,20.7,9663.75
808448,5005686,21355,11,16.2,21613.17
808449,5004879,20413,19,20.2,11823.63
808450,5004687,20914,41,15.2,43657.48
808451,5007320,20730,10,6.6,11970.42
808452,5004478,20530,12,1.9,15597.55
808453,5004356,20587,42,5.3,78502.34
808454,5005386,20130,20,1.2,7981.85
808455,5011169,20208,12,20.4,11481.12
808456,5007756,20284,18,1.7,42378.37
808457,5009019,20769,22,15.1,17877.83
808458,5000389,20872,48,,
808459,5008065,20793,35,21.6,13828.39
808460,5002935,20688,19,11.5,41988.06
808461,5005140,21443,49,10.4,60421.56
808462,5007620,21114,44,1.1,95206.48
808463,5010925,20217,7,10.6,2415.28
808464,5005288,20104,21,0.8,13580.38
808465,5002489,21046,41,0.4,59461.71
808466,5000538,21480,30,26.5,1756.94
808467,5003221,21251,28,1.2,64153.37
808468,5006837,20043,40,1.3,10389.56
808469,5005632,20631,39,1.8,28864.82
808470,5005211,20213,4,0.7,541.78
808471,5009262,20437,28,11.1,61208.93
808472,5006870,20215,40,22.0,76710.5
808473,5003060,20410,5,20.5,6351.45
808474,5010429,20356,36,15.8,24486.34
808475,5000186,21373,27,1.9,31733.81
808476,5009874,20966,36,,
808477,5007604,20015,44,1.1,20950.78
808478,5003735,20546,22,1.8,17750.49
808479,5003724,20030,43,26.9,40979.83
808480,5010605,20194,37,0.1,59473.84
808481,5005773,20602,16,21.6,7973.34
808482,5002075,21286,23,15.8,19566.05
808483,5007378,20867,13,11.1,1130.74
808484,5011102,20153,14,6.7,19409.09
808485,5004584,21407,22,26.5,13589.59
808486,5008576,21448,22,21.3,9869.67
808487,5001910,20168,20,11.9,39333.65
808488,5011569,20827,27,2.0,25431.5
808489,5007632,21029,34,1.5,52624.18
808490,5007740,20446,40,26.0,15650.11
808491,5009953,20621,43,20.1,6864.53
808492,5005265,21469,39,0.7,44215.78
808493,5004431,20897,21,0.8,25635.23
808494,5001526,20725,29,5.5,
808495,5000213,20272,-4,10.5,-307.74
808496,5002373,20413,14,0.4,10873.81
808497,5010462,21430,13,21.4,9453.49
808498,5000508,20503,14,26.0,20721.66
808499,5002803,20906,31,,280.84
808500,5003825,21114,37,0.4,80626.65
808501,5005441,20178,32,0.2,56056.3
808502,5011117,20346,28,0.9,64534.91
808503,5004492,21271,49,5.5,66572.7
808504,5005962,20231,1,6.0,1592.24
808505,5009297,20072,2,11.0,39.41
808506,5006511,20884,47,0.4,9828.18
808507,5006483,20133,38,0.3,79559.08
808508,5008846,20381,32,2.0,19653.63
808509,5006003,21149,48,1.7,103181.5
808510,5000219,20580,37,26.0,60554.7
808511,5007854,20550,23,5.7,18390.1
808512,5003983,20605,46,0.1,85936.74
808513,5007301,20927,21,15.3,6372.55
808514,5001966,21316,23,20.4,41413.06
808515,5000802,20438,11,21.5,14772.93
808516,5008744,20649,40,1.4,74285.63
808517,5007894,20118,24,6.8,17313.06
808518,5010129,21307,17,,3191.02
808519,5010311,21274,42,0.2,56633.13
808520,5003983,21254,39,6.1,75930.71
808521,5009249,20861,34,21.5,33093.73
808522,5005390,20668,8,,16812.73
808523,5006087,21477,-8,21.0,-10871.22
808524,5010197,20961,3,1.0,4713.06
808525,5007740,20059,41,0.1,26971.91
808526,5007580,21325,45,2.0,94457.79
808527,5009137,20632,5,15.7,4972.77
808528,5002899,21248,12,1.7,28819.04
808529,5006063,20489,6,,8633.52
808530,5002960,20683,29,11.0,26275.87
808531,5002504,21062,-5,,-4307.31
808532,5010112,21413,48,,553.46
808533,5004374,21207,27,1.2,27330.63
808534,5002415,21150,43,6.1,33071.59
808535,5008828,21287,5,6.5,10389.11
808536,5002952,20378,21,26.1,6485.08
808537,5006511,21442,20,21.8,37385.07
808538,5000996,20879,18,20.8,
808539,5007834,21084,32,5.6,67777.39
808540,5005707,20767,17,26.2,30081.17
808541,5007929,20558,32,0.6,70358.66
808542,5007281,20166,24,,28229.34
808543,5004980,21118,4,11.3,6847.46
808544,5006519,20002,19,1.0,12651.98
808545,5000719,21361,20,5.7,24891.81
808546,5010206,21027,35,26.8,30864.67
808547,5004075,21197,46,16.4,34395.05
808548,5002263,20267,33,5.2,
808549,5011528,20953,33,0.4,25679.11
808550,5002781,20093,27,0.9,21930.04
808551,5009940,20630,24,16.1,24240.32
808552,5010001,21465,6,0.2,459.22
808553,5010916,20504,20,0.4,47722.74
808554,5004239,21499,21,16.6,38551.82
808555,5004948,20113,3,25.9,1506.19
808556,5010153,21328,28,21.3,920.88
808557,5005248,20967,6,,14891.25
808558,5006409,20311,16,21.4,20396.39
808559,5010153,20646,10,1.7,
808560,5000861,20402,18,25.5,32507.05
808561,5009122,20181,15,21.4,16167.04
808562,5009988,21008,43,16.1,32901.86
808563,5008209,20988,40,6.2,65557.2
808564,5000605,20133,39,11.9,
808565,5003783,21383,34,16.7,33954.11
808566,5009896,21163,42,25.1,34906.11
808567,5011379,20568,29,26.7,5072.77
808568,5005124,20098,50,1.9,50708.87
808569,5006187,20249,47,0.1,76762.52
808570,5011115,21471,26,10.3,47482.19
808571,5007121,20224,11,10.6,4131.76
808572,5002566,20634,33,26.0,29786.78
808573,5007905,20507,36,10.4,46693.79
808574,5000878,20202,1,1.7,1618.82
808575,5000580,21336,7,0.9,16616.27
808576,5003650,20548,15,15.7,5688.73
808577,5002849,20874,26,,2546.32
808578,5000319,21329,42,15.2,55095.82
808579,5007587,20085,47,1.3,81382.54
808580,5001693,20676,32,21.9,53863.01
808581,5008935,20279,28,6.6,25051.52
808582,5011569,21339,27,20.1,26833.36
808583,5004739,21099,6,12.0,11823.03
808584,5003863,20918,12,25.3,2401.9
808585,5001611,20094,34,,30938.8
808586,5010948,21205,40,0.1,26737.24
808587,5007886,20680,21,15.2,9046.29
808588,5004854,20152,26,16.7,19971.71
808589,5003788,21454,14,6.3,10743.51
808590,5007053,20867,49,11.0,4266.8
808591,5002648,20846,49,11.8,101748.57
808592,5008954,20430,23,1.1,40489.89
808593,5004658,21179,7,1.6,12950.27
808594,5008001,21292,22,1.9,40109.72
808595,5000404,20971,17,15.1,18512.05
808596,5005018,20521,39,20.1,56777.21
808597,5002397,20722,14,5.9,30998.69
808598,5007799,21279,36,,35346.44
808599,5000698,21186,33,5.4,39167.35
808600,5010786,21472,21,1.4,17255.14
808601,5003083,21251,27,21.9,48901.17
808602,5009420,20624,40,0.5,73702.04
808603,5011907,21126,1,0.6,2033.82
808604,5006796,20083,3,,2328.07
808605,5003687,20606,34,26.7,19536.36
808606,5002368,20650,31,11.0,65655.92
808607,5008019,21383,10,,11964.62
808608,5010347,20064,17,0.5,15886.23
808609,5006252,20111,48,21.1,26543.73
808610,5000654,20588,46,10.1,74190.32
808611,5001600,21209,18,5.9,23784.17
808612,5005000,21111,34,21.5,54315.22
808613,5005446,20471,21,25.7,32020.63
808614,5008023,20253,1,5.3,1727.56
808615,5003871,20085,20,16.2,29402.91
808616,5006205,21112,31,0.7,33458.97
808617,5001136,21322,32,1.5,23076.11
808618,5001988,21370,31,5.1,46915.07
808619,5002717,20575,37,0.3,17758.73
808620,5001096,21418,5,26.3,71.64
808621,5006812,21046,29,5.4,39946.92
808622,5007787,21078,13,5.8,27465.57
808623,5005092,21081,29,20.4,3552.86
808624,5008987,20975,13,0.1,19616.86
808625,5010671,20622,16,16.4,14318.61
808626,5002043,20915,40,0.8,39767.69
808627,5000312,20571,13,26.0,20750.82
808628,5005122,20201,36,11.5,8640.43
808629,5004954,20937,10,20.7,1251.99
808630,5008225,21342,50,1.3,66470.01
808631,5006594,21096,6,1.6,5238.09
808632,5006455,20307,15,0.2,13708.48
808633,5000167,20607,15,0.9,2006.03
808634,5006829,20323,49,20.0,34891.14
808635,5010890,21423,18,20.9,14952.04
808636,5008940,21309,18,1.6,34825.51
808637,5007952,20445,38,20.3,45116.15
808638,5005955,20307,13,20.9,9416.45
808639,5006227,21480,15,21.7,935.84
808640,5009690,20763,37,26.4,3048.35
808641,5010838,21162,39,22.0,63718.34
808642,5003612,21048,41,26.9,62379.84
808643,5002202,21187,28,1.4,13018.55
808644,5010431,20105,1,6.2,
808645,5004447,20667,41,21.9,23579.3
808646,5001294,20461,13,16.0,122.85
808647,5008473,20507,47,25.4,50755.75
808648,5004244,20304,14,6.5,28159.21
808649,5008934,21041,6,0.7,12692.74
808650,5003429,21441,43,,99715.12
808651,5003165,20385,38,0.0,48590.98
808652,5001008,21029,44,26.9,50540.58
808653,5001986,20852,14,20.7,
808654,5000814,20366,27,0.9,43664.21
808655,5009117,20257,20,0.2,13228.89
808656,5005964,20238,28,26.1,291.14
808657,5007321,20952,12,20.6,18509.57
808658,5008089,20910,44,16.5,2843.68
808659,5008119,21142,42,6.2,18007.12
808660,5010959,20143,9,11.1,15639.15
808661,5010186,20586,38,0.6,28465.73
808662,5010496,20380,25,16.8,34667.98
808663,5009875,21397,9,16.7,2233.06
808664,5008370,21454,44,0.4,35891.42
808665,5000453,20550,22,10.7,16657.84
808666,5010489,21409,3,1.6,6611.77
808667,5004913,20137,50,6.7,10081.06
808668,5006209,20498,42,1.8,97476.48
808669,5008539,21258,1,16.0,338.28
808670,5000988,20150,47,11.2,32520.27
808671,5009013,21330,20,1.0,7249.18
808672,5004050,20336,45,15.7,72690.29
808673,5010712,21279,32,5.4,31452.31
808674,5003403,20555,28,5.7,43655.85
808675,5006264,20960,7,15.1,9187.94
808676,5007187,20731,16,15.9,
808677,5002899,21104,-9,26.6,-11010.55
808678,5000864,20321,36,1.5,14895.68
808679,5003249,20900,28,11.2,57991.3
808680,5008018,21042,37,1.7,89231.16
808681,5006096,20961,44,1.6,68705.99
808682,5007063,20241,4,10.7,6497.86
808683,5009889,20287,47,20.2,65493.35
808684,5007214,21281,39,1.8,41610.78
808685,5000808,21098,43,5.8,29352.67
808686,5000250,20200,4,0.0,2548.84
808687,5011320,21156,21,25.4,36095.56
808688,5000470,20876,10,26.4,17942.72
808689,5000382,20225,10,1.0,20685.95
808690,5011493,21193,9,25.3,8943.07
808691,5010247,21282,4,1.7,9351.75
808692,5006422,21049,30,5.3,31203.27
808693,5000433,20098,31,15.9,26952.72
808694,5007075,20721,40,25.2,28380.62
808695,5010947,20248,29,,7505.8
808696,5007988,20596,14,6.0,7405.92
808697,5002767,20375,4,16.0,5139.25
808698,5008259,21342,17,10.2,20561.93
808699,5011875,21185,39,1.1,60158.42
808700,5001872,20956,-3,5.3,-3949.67
808701,5001920,20359,12,6.2,10950.29
808702,5002843,21477,29,0.4,
808703,5000647,21198,25,0.2,39496.6
808704,5003222,21339,48,25.9,44240.9
808705,5007101,20546,24,10.9,17569.74
808706,5007122,21429,33,1.2,51412.92
808707,5010156,21219,42,0.2,65577.16
808708,5003461,20017,16,20.8,12854.35
808709,5011595,21376,41,,28213.05
808710,5010915,20335,29,0.0,38572.61
808711,5006684,20741,40,0.7,97041.92
808712,5007614,21447,46,26.3,58890.49
808713,5004695,21355,16,15.8,31587.39
808714,5004032,21198,3,1.3,4687.35
808715,5008576,21240,16,2.0,10061.39
808716,5010418,21475,49,25.8,9501.44
808717,5001795,21112,19,0.1,20631.02
808718,5010086,21091,24,10.2,42375.33
808719,5011770,20817,33,21.8,35373.83
808720,5000048,21213,9,16.6,14393.88
808721,5010239,20841,11,5.9,
808722,5010382,20227,50,11.7,90702.2
808723,5009817,20235,11,1.1,2009.57
808724,5007665,20460,37,5.7,13043.65
808725,5005379,20896,39,11.8,78447.73
808726,5009098,20837,41,5.6,19777.74
808727,5001419,20124,19,6.0,17506.73
808728,5000660,20419,24,22.0,28302.58
808729,5002135,20781,46,6.2,36003.55
808730,5008704,20113,9,20.8,
808731,5006994,21063,45,5.4,26691.39
808732,5002180,20756,26,1.2,43063.36
808733,5008971,21022,49,15.9,18958.61
808734,5010117,21013,9,5.9,886.45
808735,5010992,20616,49,21.3,8668.58
808736,5011402,20490,23,26.4,41995.15
808737,5011744,20627,14,6.9,459.19
808738,5005731,21060,2,20.4,293.36
808739,5008764,21442,6,5.3,13581.97
808740,5010729,20179,20,0.9,20775.92
808741,5007517,20349,22,0.9,42870.36
808742,5001424,20985,11,0.6,12944.65
808743,5008176,21068,37,0.4,46001.25
808744,5000733,21204,8,21.5,14284.17
808745,5005555,20479,25,,18376.83
808746,5008767,21221,21,1.2,48612.15
808747,5006999,20756,13,1.2,21531.68
808748,5005613,21035,21,15.4,17318.12
808749,5007624,20456,27,,44077.32
808750,5009580,20138,5,15.2,8676.65
808751,5008706,20262,30,1.3,43628.56
808752,5009642,20688,7,0.6,17374.54
808753,5004311,21056,40,5.1,45474.94
808754,5011382,20689,22,0.3,53719.44
808755,5009571,20076,23,26.9,40489.07
808756,5009182,21452,37,21.4,42308.2
808757,5004677,20879,22,6.9,22437.83
808758,5008186,21484,28,26.7,35344.38
808759,5001917,20755,39,10.8,29933.68
808760,5007072,20577,16,5.4,36470.8
808761,5010434,20346,20,16.5,38840.02
808762,5002518,20464,47,0.8,9463.74
808763,5001497,21253,50,,28610.16
808764,5006415,21316,45,11.9,89677.78
808765,5005638,20557,33,0.5,31531.78
808766,5002025,20350,40,11.0,7637.27
808767,5011900,20370,12,21.1,14342.13
808768,5009994,20756,22,,29357.12
808769,5005106,20943,26,1.7,9659.9
808770,5003749,20161,27,20.4,36590.77
808771,5011059,20162,-6,6.6,-8172.82
808772,5004051,21195,45,16.6,43223.68
808773,5006740,20022,9,10.1,15288.03
808774,5001985,20841,18,6.3,7437.57
808775,5010006,20810,16,1.1,29305.57
808776,5009716,20591,36,26.4,52515.6
808777,5009335,20584,12,1.2,24945.02
808778,5010392,20457,17,1.6,41651.05
808779,5006522,21416,32,21.5,44154.93
808780,5008707,20112,26,,42397.21
808781,5001716,20310,29,15.9,15273.37
808782,5011312,21022,45,16.7,17245.35
808783,5002676,20399,17,,31367.32
808784,5003695,21179,44,,77761.76
808785,5000106,20881,26,0.3,55252.22
808786,5007967,20736,26,10.2,38195.46
808787,5007029,21319,5,1.8,7069.96
808788,5000704,20844,4,10.3,1285.9
808789,5004160,21472,30,1.2,24700.2
808790,5010342,20311,23,10.5,33385.78
808791,5011987,21314,-8,5.1,-14399.21
808792,5001059,20770,35,10.1,24338.18
808793,5009742,20269,23,25.1,16778.75
808794,5002617,20933,7,1.1,5040.43
808795,5002165,21191,37,10.7,
808796,5007568,20250,24,0.3,24305.82
808797,5011870,20896,24,20.6,43458.92
808798,5005638,20895,14,11.7,3825.3
808799,5000202,21084,30,0.8,66772.21
808800,5010486,21351,11,15.3,14832.01
808801,5007143,20183,18,,22771.2
808802,5005483,21339,47,1.4,57642.03
808803,5004498,21154,7,11.4,3324.4
808804,5001370,20808,13,10.9,26983.64
808805,5000320,21094,46,15.6,16251.34
808806,5005460,21067,46,5.9,78470.16
808807,5003568,20406,14,0.5,27831.72
808808,5003241,20125,20,6.0,4926.92
808809,5005193,21392,13,15.2,15858.24
808810,5009869,20210,22,20.9,42789.08
808811,5001188,20840,21,15.3,6537.26
808812,5011865,20261,32,10.9,30019.43
808813,5004863,20611,23,0.1,52874.44
808814,5011442,20645,13,1.4,1369.48
808815,5006525,21063,2,11.5,1109.79
808816,5005693,20554,20,0.9,33612.94
808817,5005158,20275,41,5.7,93111.72
808818,5005468,21127,31,11.7,1062.62
808819,5000761,21231,9,11.8,7208.42
808820,5005875,20983,29,1.2,33688.74
808821,5006687,20543,38,10.5,78587.93
808822,5011495,20140,24,11.0,50692.41
808823,5007507,20297,34,0.7,51822.31
808824,5005313,21272,49,10.9,93396.64
808825,5010279,21215,50,25.7,79795.23
808826,5000404,20440,19,11.1,7101.65
808827,5005725,20545,41,26.1,35323.18
808828,5000637,21337,5,1.9,12029.86
808829,5006848,20422,49,26.8,62264.7
808830,5007245,20917,26,1.2,7007.43
808831,5011089,20940,37,0.0,
808832,5009721,20515,29,,50035.17
808833,5010251,20414,23,16.0,18551.64
808834,5001714,20420,19,0.1,37610.66
808835,5000903,20603,31,16.8,37451.53
808836,5003628,20091,35,1.0,36098.72
808837,5000098,20206,46,,78799.46
808838,5011621,21167,-7,0.8,-12978.54
808839,5006991,20541,21,21.2,6670.0
808840,5008962,21066,-10,20.1,-1581.7
808841,5004321,20623,6,5.9,1343.86
808842,5001482,20876,8,15.3,16519.01
808843,5004010,20447,1,16.2,998.59
808844,5008599,20648,18,26.0,9568.02
808845,5008362,21242,48,,61999.77
808846,5004428,20947,22,1.7,44289.83
808847,5003309,20969,30,,67196.7
808848,5004004,20803,10,1.7,18050.14
808849,5000797,20012,17,0.9,29794.09
808850,5008758,20936,2,25.9,1033.52
808851,5001870,20083,38,10.6,26389.45
808852,5005572,20308,45,27.0,53441.37
808853,5006475,21424,2,0.6,1820.09
808854,5008575,21007,19,26.7,10624.91
808855,5001534,21287,50,21.1,87668.55
808856,5009867,20998,32,1.3,3939.79
808857,5004636,21455,39,5.8,17035.78
808858,5000742,20304,16,20.9,27225.59
808859,5010409,20833,35,26.5,28642.47
808860,5006031,20802,21,1.1,20802.44
808861,5004983,21170,21,0.9,49410.72
808862,5002530,20232,40,26.9,41890.69
808863,5001421,20968,30,1.4,14308.73
808864,5002740,20955,44,1.9,85321.85
808865,5001100,21335,9,0.3,18026.4
808866,5008591,20154,12,25.9,6349.78
808867,5005272,20157,50,26.3,39085.69
808868,5004579,21327,29,0.1,19212.7
808869,5002298,21303,19,25.8,30312.11
808870,5002390,20380,39,1.5,28744.41
808871,5001973,20644,30,25.3,51917.92
808872,5007199,20650,32,15.8,64118.64
808873,5004478,20610,34,0.9,69301.15
808874,5006831,21473,20,0.5,25210.71
808875,5004546,20444,44,20.5,68447.12
808876,5011034,20334,36,6.0,44786.9
808877,5010602,20430,22,10.9,34891.76
808878,5003958,21208,20,16.9,8778.19
808879,5009652,21242,18,0.4,23438.17
808880,5006653,20324,42,1.8,75621.29
808881,5000085,20287,20,20.4,27799.66
808882,5007795,20552,6,1.6,9844.09
808883,5011637,20153,20,15.1,25230.92
808884,5011682,21319,11,26.7,11609.99
808885,5004203,21271,11,11.5,13996.01
808886,5008049,21388,24,1.9,52999.66
808887,5005444,20348,22,10.7,2518.62
808888,5002546,20169,42,0.0,80794.56
808889,5004753,20917,20,1.5,5373.96
808890,5001607,20691,31,26.9,31507.17
808891,5007311,21262,47,5.9,58756.01
808892,5000256,20717,18,2.0,10567.59
808893,5009564,21159,41,26.3,65798.73
808894,5006942,21404,33,20.7,59265.72
808895,5010390,20967,39,1.3,
808896,5007248,20179,14,0.4,14616.52
808897,5006615,20021,8,27.0,4377.61
808898,5009556,20192,44,10.3,82799.92
808899,5008009,21439,46,0.6,29901.21
808900,5006601,21487,23,11.7,19583.77
808901,5006575,20839,32,6.9,9333.83
808902,5010031,21015,11,26.1,13506.09
808903,5002308,20276,7,,2877.9
808904,5002199,20854,11,,16624.72
808905,5010382,20100,15,25.3,19635.75
808906,5001223,21249,11,7.0,1695.83
808907,5006599,21316,-5,25.5,-8426.02
808908,5000045,21002,29,,45549.38
808909,5005609,21290,20,,35580.29
808910,5001636,21000,45,11.5,5366.02
808911,5008185,20709,10,11.8,
808912,5002587,21369,43,25.5,20344.15
808913,5007865,21194,4,10.9,4591.18
808914,5008791,20125,44,,10239.6
808915,5011120,21320,34,25.5,45500.03
808916,5008349,20111,41,0.1,28707.34
808917,5001222,21258,12,16.6,4030.42
808918,5003528,20805,3,1.9,7027.06
808919,5000689,20572,13,6.1,
808920,5003756,20254,49,6.9,4557.34
808921,5006451,20033,4,20.1,2678.79
808922,5007752,21015,27,16.8,
808923,5004279,21114,48,17.0,87163.94
808924,5001009,21047,-7,26.8,-7006.35
808925,5006321,20074,4,16.4,5648.82
808926,5002834,20748,18,5.7,8586.3
808927,5003695,20501,20,21.0,13952.51
808928,5007278,20374,-10,0.9,-21476.95
808929,5002883,20635,19,1.5,18921.61
808930,5011354,21024,1,0.2,1886.35
808931,5004998,21468,44,,78136.22
808932,5008051,20046,3,0.9,3837.99
808933,5004037,20309,43,11.5,75931.9
808934,5008769,21434,13,0.8,24192.64
808935,5011131,20353,43,15.5,17362.32
808936,5007416,20648,36,0.0,25859.52
808937,5009334,21212,35,21.6,41670.11
808938,5005403,20371,47,1.0,58479.37
808939,5007481,20306,33,0.6,52489.43
808940,5002305,20758,4,0.9,5302.13
808941,5003748,20308,-5,26.8,-522.65
808942,5008273,20904,11,1.8,11318.44
808943,5011895,20660,9,0.6,6704.22
808944,5004254,21258,17,1.6,6736.7
808945,5009168,20586,39,6.9,27363.19
808946,5000100,20514,12,,25107.6
808947,5010703,21421,44,0.4,59850.44
808948,5007747,20411,36,21.4,19328.71
808949,5009435,20657,37,16.7,2208.94
808950,5003831,20510,-6,,-12566.72
808951,5009897,20247,48,0.9,61632.91
808952,5006771,21349,13,10.4,28596.54
808953,5002721,20953,40,1.6,55992.75
808954,5006130,21469,11,25.9,9306.24
808955,5001131,20775,-3,10.1,-6430.32
808956,5002392,21457,7,20.8,12348.04
808957,5007703,20392,8,0.7,8226.57
808958,5011354,20592,40,26.3,58937.01
808959,5003121,21057,14,10.1,10818.42
808960,5011684,20882,14,0.9,1382.54
808961,5003113,20969,-10,0.4,-22376.43
808962,5002932,20760,17,1.7,26791.91
808963,5009042,20762,39,26.0,59211.48
808964,5011937,21189,10,17.0,17313.05
808965,5011266,21367,47,26.4,13543.11
808966,5001939,20832,4,26.0,7150.65
808967,5005068,21417,33,20.6,39425.63
808968,5009061,20153,17,0.1,25235.38
808969,5008375,21485,23,11.9,48773.04
808970,5000149,20989,18,,25577.05
808971,5006699,20354,30,1.9,32440.1
808972,5000265,20947,11,10.4,20184.99
808973,5001339,20163,13,25.2,12342.38
808974,5008215,20748,49,1.6,24390.06
808975,5004932,20692,18,2.0,1399.03
808976,5009022,21107,49,16.2,45665.87
808977,5006813,20086,49,1.7,44840.11
808978,5001493,20239,7,1.1,11766.26
808979,5006126,20832,48,,86735.45
808980,5010756,21480,37,15.0,2505.94
808981,5011421,21280,30,,941.0
808982,5011259,21194,19,1.8,24035.42
808983,5000570,20553,46,17.0,46746.45
808984,5011149,20681,35,6.5,5021.98
808985,5001620,20275,4,1.1,
808986,5004979,20675,48,6.0,93604.6
808987,5001769,20679,45,16.5,9343.4
808988,5010758,20262,11,16.9,13468.72
808989,5004787,20919,12,1.4,7979.26
808990,5011383,20772,40,,13266.57
808991,5007902,21437,23,15.2,23653.87
808992,5011392,20678,14,6.1,31294.18
808993,5004186,20639,2,1.3,3070.28
808994,5004983,20977,14,25.6,18671.41
808995,5000410,20234,34,16.4,47698.31
808996,5008030,20766,15,11.2,2266.93
808997,5006435,21494,16,15.1,16099.76
808998,5005179,20191,2,5.4,2457.16
808999,5010044,20725,1,1.4,2387.13
809000,5002620,20715,40,10.2,53887.54
809001,5008384,20935,47,1.7,23113.44
809002,5007256,21482,32,,24201.43
809003,5011265,20493,19,,23521.63
809004,5002530,20546,2,0.8,1630.11
809005,5006179,20247,13,1.8,16540.65
809006,5010394,20338,4,20.3,4387.01
809007,5003469,21282,30,,52229.01
809008,5007846,21174,-5,1.9,-10661.41
809009,5003612,21428,45,,25144.23
809010,5010739,20767,42,5.4,95264.22
809011,5011793,21259,5,,3118.08
809012,5005609,20658,28,1.0,58330.64
809013,5001496,21178,40,5.1,
809014,5003352,21398,27,0.1,65823.83
809015,5001992,21066,29,0.7,5700.65
809016,5001339,20318,31,0.9,56491.0
809017,5009254,20872,35,0.7,
809018,5010783,21326,-3,15.0,-650.35
809019,5005411,20257,30,26.4,14633.96
809020,5011157,21051,48,16.3,70660.75
809021,5008443,21197,49,16.5,36594.38
809022,5007815,21375,43,0.5,82225.92
809023,5000944,21280,33,1.2,1380.13
809024,5011344,20318,39,20.9,56726.38
809025,5000118,20846,1,1.8,2311.93
809026,5004426,21226,21,,18664.71
809027,5010542,20905,6,,9987.04
809028,5005870,21174,1,5.6,2051.86
809029,5011187,20860,27,,9725.45
809030,5010142,20375,19,21.9,22696.84
809031,5006830,20715,41,25.1,46069.95
809032,5002032,21348,20,22.0,8863.14
809033,5000954,21038,44,25.1,58942.79
809034,5004578,20595,4,20.6,2601.43
809035,5003965,20054,38,11.9,72448.74
809036,5005927,20426,45,,52751.19
809037,5005283,21185,41,6.0,50789.94
809038,5006579,21432,20,6.2,37237.85
809039,5003940,20720,22,21.9,36411.06
809040,5001492,20666,15,20.2,3637.92
809041,5011691,20805,16,,37515.86
809042,5001969,21408,22,0.5,30248.7
809043,5004025,20713,38,25.8,36518.61
809044,5011830,20533,46,6.3,36727.21
809045,5001563,20479,31,10.9,24056.23
809046,5011491,20467,41,25.8,60304.31
809047,5004806,20920,33,,77064.94
809048,5010720,20339,22,25.8,22996.27
809049,5006792,20988,48,27.0,
809050,5009418,20029,12,0.6,25759.35
809051,5009662,20442,49,1.5,15386.88
809052,5004043,21110,18,20.3,8841.3
809053,5001402,20622,30,26.9,23475.41
809054,5005733,21217,-6,15.1,-7392.57
809055,5010080,21019,41,1.5,47815.84
809056,5001105,20177,47,1.8,
809057,5007059,20224,1,0.4,418.47
809058,5002204,20070,28,15.1,14916.22
809059,5000942,20827,11,0.0,10572.43
809060,5010486,20549,26,16.5,21454.69
809061,5011053,20800,3,5.3,2620.37
809062,5010409,20968,36,16.0,14628.0
809063,5000502,20286,13,10.4,13940.79
809064,5004146,20255,11,11.3,15560.27
809065,5011087,20716,47,6.9,11547.91
809066,5007604,20648,45,21.8,25277.68
809067,5000861,20443,25,5.6,43756.52
809068,5006263,20554,6,1.3,10043.18
809069,5000594,21107,47,10.2,46938.14
809070,5005566,20718,17,15.7,382.78
809071,5009309,21161,35,22.0,61276.22
809072,5001118,21292,15,0.7,27682.06
809073,5007842,20112,2,0.4,3894.82
809074,5011087,20085,13,16.3,19089.08
809075,5009052,20667,25,6.3,17249.47
809076,5000950,20338,8,21.5,8641.91
809077,5008632,21255,6,26.6,10665.43
809078,5005777,21472,30,1.0,24750.2
809079,5001584,20372,28,20.4,9163.49
809080,5010498,20128,13,16.1,9591.4
809081,5008263,20460,27,0.0,10093.68
809082,5001537,20547,16,26.6,16273.43
809083,5006986,20778,7,0.9,
809084,5006979,20920,7,1.6,16248.03
809085,5001432,21079,9,20.1,15625.32
809086,5010223,20455,13,6.7,21101.31
809087,5005821,20449,9,1.5,15139.91
809088,5002468,20433,32,1.0,10922.63
809089,5009086,20882,25,6.8,2321.84
809090,5001413,20971,28,11.3,31855.15
809091,5002304,20197,-9,0.8,-21212.84
809092,5004699,20108,14,1.3,32552.72
809093,5006776,20921,34,0.2,61578.78
809094,5011466,20439,30,10.2,30608.69
809095,5003967,20443,15,6.9,25892.37
809096,5000788,21034,10,21.8,7552.4
809097,5010773,20397,18,0.7,28638.8
809098,5010908,20956,20,,25997.49
809099,5004546,20922,10,20.2,17004.34
809100,5005457,20162,10,15.1,12381.73
809101,5002716,20295,46,16.8,1972.92
809102,5008394,20392,-5,25.0,-3883.39
809103,5004850,20760,46,,62097.08
809104,5002544,20316,26,22.0,3656.89
809105,5002248,20860,3,0.7,1198.93
809106,5010439,21252,11,21.9,13110.64
809107,5000060,20583,9,20.6,15712.77
809108,5001591,21292,19,0.9,34993.32
809109,5002985,20796,6,,9969.82
809110,5007156,21018,6,0.6,10637.21
809111,5004858,20881,33,,70057.48
809112,5005073,20566,26,21.9,25237.11
809113,5009896,20809,35,1.9,
809114,5003899,20239,41,11.7,61530.26
809115,5005105,20579,8,1.8,2212.33
809116,5004051,20915,10,,9992.03
809117,5010242,20375,43,25.4,49064.58
809118,5000511,21463,15,1.0,6505.78
809119,5000126,21439,2,6.6,1221.58
809120,5009194,20604,12,0.3,21250.7
809121,5002704,20985,19,0.1,44862.35
809122,5006763,21035,35,11.9,30057.65
809123,5006387,20946,17,21.0,31977.37
809124,5008288,21327,36,26.1,17642.97
809125,5003533,21181,19,,13682.6
809126,5007928,20263,26,16.9,32334.03
809127,5007300,21289,39,,
809128,5001375,21481,20,0.1,21097.88
809129,5010700,20145,45,25.8,
809130,5006710,20068,47,15.3,43985.76
809131,5005197,20543,12,16.8,23070.33
809132,5001145,20227,17,20.5,27765.35
809133,5002712,20465,13,0.5,9682.88
809134,5009464,21031,48,16.9,29964.26
809135,5011849,21256,6,11.1,8832.09
809136,5007326,21181,17,11.0,11653.13
809137,5007383,20542,32,5.7,57593.31
809138,5007460,20608,36,,8226.1
809139,5006377,20452,-3,10.3,-3536.27
809140,5001995,21252,47,25.3,53579.49
809141,5004964,20821,19,21.7,27008.3
809142,5008717,21255,19,5.9,43298.65
809143,5010537,20159,39,11.5,59077.94
809144,5009699,20721,5,0.8,
809145,5007942,20679,20,25.0,3729.9
809146,5000420,20246,48,0.3,112368.76
809147,5009595,21406,3,1.0,148.47
809148,5005986,20022,19,0.4,35757.09
809149,5011451,21033,6,0.4,3002.82
809150,5005067,20059,48,25.9,23421.88
809151,5005746,20357,44,1.6,52327.55
809152,5002045,20149,36,0.7,39516.2
809153,5004943,20967,16,20.1,31760.06
809154,5000521,20543,-8,21.9,-14437.44
809155,5007820,21251,42,11.7,86003.18
809156,5010677,20486,13,0.1,15740.89
809157,5002710,20626,5,20.0,1857.4
809158,5009526,20256,34,1.0,18511.99
809159,5006600,20166,45,1.5,52188.26
809160,5008711,20087,27,25.4,26397.9
809161,5001623,20257,30,10.5,
809162,5001828,21368,5,20.6,9332.68
809163,5000666,20931,35,1.9,31522.96
809164,5009074,20029,1,1.9,2118.54
809165,5000245,20890,23,,31432.65
809166,5006793,20703,40,21.5,2249.18
809167,5002221,20810,1,6.9,1724.18
809168,5004265,20432,14,21.4,1994.14
809169,5004927,20548,33,0.1,14831.19
809170,5007224,21289,36,,78149.53
809171,5003647,20707,27,1.4,4428.3
809172,5006292,20839,25,1.7,7699.35
809173,5000916,21079,18,25.2,29255.93
809174,5003677,20406,10,0.3,19919.76
809175,5006010,20627,17,20.4,476.73
809176,5006396,20030,38,6.7,46222.09
809177,5010509,20649,40,11.7,66525.57
809178,5000075,20683,12,1.4,12045.57
809179,5007213,20343,16,25.3,10983.53
809180,5010509,20508,12,26.4,12532.52
809181,5003642,20944,25,0.6,32371.85
809182,5000417,20300,31,1.2,73932.32
809183,5008972,21382,25,0.4,42694.78
809184,5005969,20726,43,,43719.97
809185,5004013,20338,39,22.0,41860.96
809186,5007319,21225,35,1.2,61811.06
809187,5006093,20240,12,16.6,16158.82
809188,5003475,20280,38,1.6,23263.43
809189,5002251,20937,23,25.7,2698.01
809190,5003601,20181,15,20.6,16331.59
809191,5008605,20544,21,15.3,8071.03
809192,5002106,21033,50,0.5,24998.38
809193,5004975,20772,9,10.9,2705.61
809194,5006127,20502,3,21.5,2954.63
809195,5003940,21345,41,26.1,63315.21
809196,5007467,20411,1,0.9,676.94
809197,5003353,20251,25,0.7,10319.26
809198,5004446,20099,44,6.3,61040.53
809199,5001230,20801,50,20.4,1732.89
809200,5001314,21160,26,0.0,6382.74
809201,5003077,21437,35,0.2,42362.06
809202,5003145,20386,33,10.3,59765.01
809203,5009481,21355,15,1.7,34572.16
809204,5006860,21345,27,1.4,55631.46
809205,5002897,20926,16,25.4,7153.24
809206,5004853,21070,1,6.6,432.16
809207,5009433,21143,23,10.6,36071.09
809208,5002559,20777,37,5.7,37025.98
809209,5010764,21153,39,1.7,53505.03
809210,5005110,20229,22,1.7,5776.95
809211,5010518,20334,35,16.7,38586.35
809212,5007376,20421,6,0.8,5718.5
809213,5005972,20858,28,0.8,56364.17
809214,5007093,20409,47,5.9,51668.64
809215,5011103,21289,46,26.2,83459.8
809216,5000286,20077,25,26.5,38955.55
809217,5006911,20864,15,6.4,2925.51
809218,5004020,20096,26,0.9,145.58
809219,5010180,20747,4,25.7,6078.04
809220,5000167,21286,20,16.2,16933.13
809221,5009052,20632,-10,25.3,-8812.96
809222,5001707,21483,15,26.2,
809223,5006435,20218,40,1.0,78217.52
809224,5005094,20703,27,0.6,1922.41
809225,5005154,20790,49,11.2,101173.23
809226,5006392,20163,47,11.0,53093.56
809227,5010999,20813,25,2.0,8904.77
809228,5001775,20250,13,,11779.1
809229,5009889,20315,33,16.1,48256.78
809230,5000507,20289,15,1.4,
809231,5005442,20196,40,,54671.27
809232,5007686,20224,16,15.4,5687.15
809233,5004189,20103,20,0.9,41426.57
809234,5001064,20526,38,1.0,39277.54
809235,5006880,20834,21,16.8,28954.95
809236,5011907,20488,31,1.7,10451.63
809237,5007526,21205,22,21.4,11570.08
809238,5008940,21239,2,0.9,4195.54
809239,5007414,21174,22,6.9,44519.27
809240,5001372,20730,15,1.6,18916.86
809241,5010676,20781,32,26.1,19732.36
809242,5010036,20365,-8,0.4,-4800.08
809243,5005010,20933,36,16.8,21807.15
809244,5004994,20397,43,21.5,54084.29
809245,5007132,21411,5,,10747.76
809246,5004896,21014,5,0.9,1373.82
809247,5009047,20209,30,26.9,44323.82
809248,5006849,20703,13,5.9,876.25
809249,5003766,20081,46,5.5,55098.66
809250,5002907,20414,48,0.1,46044.95
809251,5004523,20591,23,26.4,33551.63
809252,5005852,21312,-1,21.5,-1296.61
809253,5006057,21294,39,15.6,34766.21
809254,5010129,21278,12,0.9,27153.95
809255,5004405,21307,4,0.2,754.61
809256,5006082,21080,49,1.9,78698.09
809257,5001685,21485,39,,74253.54
809258,5004341,20690,6,25.9,10160.09
809259,5007403,20063,20,11.6,11062.2
809260,5006900,20882,4,10.1,358.34
809261,5003900,21100,41,26.0,54821.04
809262,5010249,20318,9,20.2,13206.55
809263,5007375,21122,42,5.9,51283.35
809264,5003186,20310,20,26.7,9180.68
809265,5001258,20745,21,1.0,26970.66
809266,5011009,21425,-6,20.4,-1141.13
809267,5001764,21201,47,0.7,84219.69
809268,5006515,20067,41,1.1,34292.69
809269,5000380,20858,3,26.7,4462.3
809270,5000486,20606,32,21.5,19691.57
809271,5006587,21468,20,11.9,41943.71
809272,5005539,21160,17,0.5,4152.46
809273,5010822,20910,39,1.6,2970.3
809274,5003377,20636,-3,6.6,-824.12
809275,5010830,21274,36,26.5,35750.37
809276,5008615,20362,47,5.6,3751.31
809277,5002246,20111,13,15.2,7726.5
809278,5001542,20737,10,10.1,13200.38
809279,5010037,21491,25,0.2,48193.67
809280,5003838,20078,40,,49479.67
809281,5000670,20900,43,6.2,94072.6
809282,5008215,21059,19,20.3,16596.88
809283,5006213,20616,34,10.5,6840.36
809284,5010885,20882,9,,880.71
809285,5007848,20790,47,,81525.46
809286,5007130,20145,26,15.7,
809287,5011994,21285,20,1.8,36440.65
809288,5008965,20685,33,0.2,79135.79
809289,5004351,20905,24,1.8,42136.52
809290,5000438,20666,33,,8926.13
809291,5003649,20454,46,17.0,81758.27
809292,5003056,21266,48,20.9,53730.79
809293,5010503,20816,40,1.1,91306.46
809294,5006784,21220,7,25.0,6716.43
809295,5011642,20588,28,15.8,42296.05
809296,5007454,21080,18,6.3,27612.85
809297,5010425,20180,29,5.9,41569.06
809298,5005410,20096,-8,21.9,-35.3
809299,5000304,20573,40,1.0,23857.02
809300,5008531,20090,4,11.9,1582.42
809301,5007615,20501,6,15.8,4461.27
809302,5007692,20104,13,0.8,8406.9
809303,5009015,21140,42,1.1,33534.46
809304,5008892,20994,22,11.4,42295.89
809305,5002985,20802,11,25.4,8219.21
809306,5009504,20845,39,0.4,
809307,5001664,21498,6,1.5,177.06
809308,5000314,20929,14,6.4,8469.64
809309,5002997,20860,26,,10359.32
809310,5010862,20673,17,21.7,2858.0
809311,5003498,21000,49,0.8,6549.44
809312,5000129,20729,5,15.8,
809313,5011871,20647,48,1.7,100114.54
809314,5011997,20753,2,1.5,2027.86
809315,5007988,21469,14,15.5,13506.67
809316,5005580,20610,45,,81448.49
809317,5005260,20495,50,5.8,54658.14
809318,5000312,21300,43,1.6,24090.76
809319,5003634,21331,15,0.6,22876.71
809320,5000194,21474,34,5.7,11238.37
809321,5002069,20429,23,1.0,40051.97
809322,5002122,20799,19,6.3,20355.59
809323,5007987,20443,29,10.2,48284.21
809324,5006275,21333,35,26.8,845.97
809325,5003693,20422,3,,4666.21
809326,5004739,20774,3,21.7,3572.69
809327,5002715,21181,43,,31065.25
809328,5005816,20586,15,,8851.27
809329,5001421,20757,5,1.6,
809330,5011736,21344,8,16.6,12923.66
809331,5002908,20996,19,,12521.06
809332,5002621,20305,28,5.0,64476.27
809333,5004009,20106,9,1.5,8260.85
809334,5004007,21113,42,0.4,66023.45
809335,5011629,20689,22,25.2,40303.05
809336,5011312,20922,9,25.6,9686.9
809337,5000385,20450,38,11.8,22699.38
809338,5008869,20644,15,1.8,
809339,5010548,20748,11,11.2,4941.14
809340,5004907,20520,42,20.1,61081.6
809341,5001598,20848,25,5.0,32924.39
809342,5011050,20806,32,,32807.52
809343,5007823,20161,5,0.0,8512.65
809344,5001358,20893,29,5.1,65888.85
809345,5003180,20232,37,27.0,38695.88
809346,5010888,20001,47,1.6,23583.71
809347,5008209,20194,33,0.8,52672.55
809348,5003793,21153,15,1.7,20578.86
809349,5003786,21457,44,21.9,
809350,5010499,20997,3,16.3,2711.43
809351,5006461,20696,10,5.1,23351.95
809352,5006096,20288,17,15.9,12942.79
809353,5001674,21394,7,0.9,385.84
809354,5009879,21017,18,16.7,9447.42
809355,5006001,20503,46,,77010.16
809356,5001127,21061,5,1.1,10796.86
809357,5009003,21139,2,1.6,3686.04
809358,5002193,20957,36,21.3,66540.54
809359,5001730,21209,15,0.8,20894.35
809360,5011088,20511,45,0.1,41603.16
809361,5001725,20279,16,15.9,12889.77
809362,5006463,20258,7,21.9,237.1
809363,5008991,21492,20,26.7,26170.15
809364,5003272,20616,12,25.9,1998.83
809365,5008128,20756,36,2.0,59143.39
809366,5008847,20714,2,11.7,865.57
809367,5006908,20071,23,10.7,5862.24
809368,5009003,20284,24,1.7,56504.49
809369,5003269,20037,12,0.9,20015.43
809370,5003190,21027,46,20.4,44111.66
809371,5010238,20879,9,10.1,8863.61
809372,5004322,21442,41,1.0,97024.31
809373,5002284,21170,3,,7094.29
809374,5009945,20173,18,1.6,
809375,5000171,21296,27,1.0,835.58
809376,5008916,20109,38,15.7,54735.53
809377,5005952,20300,39,25.1,
809378,5003388,20205,10,11.9,8773.7
809379,5003425,20016,26,20.3,29288.06
809380,5010666,21489,50,1.7,72003.77
809381,5001952,20597,38,0.4,12385.38
809382,5008984,20632,5,1.0,5839.91
809383,5008172,20319,26,0.2,10332.75
809384,5005089,20583,20,,43844.47
809385,5007130,21416,24,11.9,37166.08
809386,5007802,21305,32,26.0,55780.61
809387,5002545,20727,-4,0.2,-4732.32
809388,5006068,20252,9,11.2,13214.37
809389,5006938,20067,46,25.3,29060.29
809390,5007839,20206,16,21.3,27098.61
809391,5005835,21235,39,1.8,82868.83
809392,5007008,20917,7,1.0,1890.43
809393,5000432,20172,11,0.7,18487.4
809394,5001750,20733,44,0.8,21927.45
809395,5009050,20165,16,15.7,11997.58
809396,5002019,20324,35,0.3,63980.33
809397,5001928,20497,38,25.1,40954.54
809398,5006880,20056,45,21.0,2974.47
809399,5001691,21038,23,0.7,40848.24
809400,5011661,20518,35,0.4,42779.49
809401,5001597,20014,5,21.3,4944.48
809402,5010933,21406,33,26.9,1205.91
809403,5010637,21314,25,26.9,34660.91
809404,5003183,21152,39,26.2,68035.76
809405,5004684,20939,7,25.1,6883.53
809406,5010024,21086,43,1.3,40248.5
809407,5008825,20383,-4,,-438.23
809408,5000643,21214,39,1.3,74164.85
809409,5000470,20044,16,5.6,12974.03
809410,5009941,21470,30,1.3,54438.58
809411,5003507,20418,7,0.7,7884.52
809412,5002902,20326,5,1.2,10716.93
809413,5010121,20292,2,25.5,1571.89
809414,5007795,21360,27,11.8,29224.06
809415,5002363,21229,20,21.2,29656.38
809416,5003693,20304,26,16.6,46646.62
809417,5011931,20257,12,6.0,7476.05
809418,5010942,21233,34,1.7,48759.69
809419,5007109,21268,23,1.1,48134.02
809420,5011866,20435,44,0.1,54786.76
809421,5005738,20823,38,20.6,44784.0
809422,5004348,21207,4,20.2,2568.22
809423,5003985,21261,22,,38362.14
809424,5005768,21235,14,15.7,25537.05
809425,5000174,20697,2,15.7,2834.32
809426,5008434,21313,9,5.2,18670.92
809427,5005482,20755,30,10.8,23025.91
809428,5007171,21491,4,0.0,7726.44
809429,5005876,21210,14,0.4,23522.13
809430,5007001,20585,20,25.1,33826.19
809431,5003353,20078,37,0.9,45402.18
809432,5007932,20993,35,11.9,54635.3
809433,5010710,20410,15,1.6,23584.27
809434,5011633,21068,25,15.7,26307.29
809435,5007434,20885,50,0.3,102699.97
809436,5003794,20311,46,20.5,59311.05
809437,5001899,21037,13,1.8,6747.21
809438,5009843,21201,14,20.8,20008.74
809439,5007544,20976,35,1.6,21173.71
809440,5004359,20082,17,0.9,3551.85
809441,5000173,21486,45,6.7,
809442,5003987,21131,37,5.4,19660.62
809443,5006716,20718,16,0.4,425.65
809444,5007014,20766,50,0.7,8449.93
809445,5003865,20117,47,5.5,105219.14
809446,5011115,20804,24,21.1,23590.85
809447,5005698,21172,34,1.0,18418.75
809448,5000899,20835,24,25.7,9659.06
809449,5002391,20072,2,0.8,43.93
809450,5004393,20408,27,5.9,29205.35
809451,5000078,21306,44,5.4,40610.46
809452,5011483,20649,44,,65056.44
809453,5011301,21086,48,0.4,45338.24
809454,5004709,21213,39,10.6,66860.78
809455,5011786,20726,14,22.0,13895.92
809456,5011758,20031,16,26.6,8119.21
809457,5010425,20227,9,6.0,17380.31
809458,5000173,20259,21,11.1,22229.55
809459,5004564,20621,23,17.0,3814.18
809460,5010314,21078,4,26.7,6575.95
809461,5010657,21274,35,0.5,47052.41
809462,5009644,20641,17,20.3,29841.67
809463,5007639,20586,2,15.4,1275.13
809464,5001535,20623,34,,6474.14
809465,5005112,20791,41,25.7,58940.12
809466,5007017,20516,17,0.9,15074.19
809467,5005378,20755,44,1.2,37405.92
809468,5008688,20998,41,11.1,4546.65
809469,5003303,20980,35,25.5,32531.95
809470,5007255,20482,46,20.2,19292.26
809471,5002093,21091,31,0.9,60403.32
809472,5006470,21275,1,11.2,942.93
809473,5006862,20783,6,16.7,11059.22
809474,5005588,21150,21,25.6,12797.15
809475,5008147,21302,13,0.8,6303.69
809476,5007075,20659,33,16.1,20663.08
809477,5010730,21084,22,,48719.48
809478,5005692,20357,24,21.9,22654.0
809479,5008267,21176,7,1.3,8187.03
809480,5004117,20714,8,0.0,3921.04
809481,5005254,20537,22,21.9,5414.22
809482,5011941,21314,4,0.5,7548.59
809483,5006265,21267,32,,26715.98
809484,5010702,21167,48,1.0,88816.31
809485,5005985,20634,13,11.3,14065.17
809486,5009956,20514,9,20.4,16048.43
809487,5008099,21104,39,21.2,
809488,5000806,20042,43,1.6,39627.3
809489,5000163,21150,45,10.6,32951.19
809490,5004693,21354,26,20.6,5599.07
809491,5001571,21324,18,0.5,9403.29
809492,5006023,20421,7,,5945.24
809493,5001824,21424,11,0.5,10020.59
809494,5007733,21402,2,1.5,1442.61
809495,5005446,20687,40,20.2,12934.62
809496,5004837,21400,41,10.1,
809497,5003918,20033,24,1.7,19774.11
809498,5010961,20926,30,26.1,13286.48
809499,5005158,20991,49,1.8,79364.87
809500,5000370,20826,10,0.6,12167.26
809501,5006456,20224,28,1.4,11599.5
809502,5011188,21424,6,5.0,5218.58
809503,5007128,21471,32,25.7,48406.51
809504,5004374,21344,32,1.8,60868.29
809505,5008701,20549,29,26.2,21150.31
809506,5010299,20352,11,0.3,21302.08
809507,5003217,21087,16,,37771.2
809508,5005586,21041,20,1.5,41968.29
809509,5011279,21399,31,0.2,36916.77
809510,5002674,21269,23,16.4,39316.45
809511,5008368,20583,12,11.6,23325.08
809512,5001297,20031,1,16.2,579.35
809513,5000214,20693,20,0.2,
809514,5011344,20139,31,0.1,23181.23
809515,5006632,20585,9,11.2,18046.66
809516,5009522,21408,5,21.3,5437.58
809517,5006070,20055,45,16.4,64419.36
809518,5000810,20536,22,0.4,38900.81
809519,5003411,21187,26,7.0,11402.08
809520,5002497,20043,13,2.0,3352.66
809521,5007455,21137,31,16.5,45266.13
809522,5004037,20229,28,6.2,7015.9
809523,5008085,21370,1,0.4,1588.34
809524,5011150,20127,47,,79255.55
809525,5010029,20597,26,,7512.78
809526,5001085,20601,2,1.2,2328.5
809527,5011007,20332,40,1.6,36099.02
809528,5004963,21384,25,10.2,56076.73
809529,5001749,21225,1,26.4,1315.59
809530,5002653,20702,24,6.6,54813.4
809531,5011703,20422,48,20.9,65910.17
809532,5006820,20933,17,11.8,10916.68
809533,5008952,20335,44,0.9,57997.24
809534,5005638,21032,12,6.3,12166.23
809535,5010033,20476,43,10.6,23343.9
809536,5002840,20109,32,11.1,48608.24
809537,5005514,20171,46,1.2,620.82
809538,5007474,20879,25,1.7,26921.67
809539,5001348,20230,11,,3833.94
809540,5011675,20905,15,15.6,22634.43
809541,5002324,20664,25,0.5,9019.18
809542,5002984,20454,27,0.9,57297.17
809543,5007752,20309,16,2.0,31286.62
809544,5007793,21037,50,21.5,20744.8
809545,5000094,21387,4,21.9,5198.65
809546,5000011,20924,25,11.7,42439.85
809547,5009405,20251,43,16.6,14907.12
809548,5004393,20214,24,0.2,
809549,5001717,21124,15,20.3,22574.51
809550,5004932,21294,38,26.1,29660.49
809551,5003223,20014,16,1.0,19903.59
809552,5002301,20003,40,0.3,20889.14
809553,5002829,20943,19,5.6,6779.09
809554,5011424,20376,9,2.0,10084.26
809555,5008674,20591,5,1.7,9741.63
809556,5007023,20571,17,,36119.8
809557,5009816,20237,-3,,-4541.61
809558,5008568,21454,23,0.7,18704.91
809559,5007844,20182,7,15.1,12411.42
809560,5010134,20011,24,0.2,2071.61
809561,5004295,20376,9,0.2,10269.48
809562,5011535,20160,35,12.0,14553.62
809563,5003969,20765,-1,16.3,-26.73
809564,5011917,21026,12,1.6,2520.77
809565,5000901,20735,36,21.6,19927.56
809566,5004234,20213,9,26.1,907.2
809567,5001681,20172,7,11.5,10485.16
809568,5003472,21218,34,20.9,67161.85
809569,5011861,21252,26,0.2,39598.98
809570,5003913,21015,38,15.1,53602.35
809571,5005960,21227,13,1.3,24319.11
809572,5004662,20349,30,0.6,58636.56
809573,5010908,20242,18,1.1,24564.62
809574,5000957,20186,37,1.3,34065.29
809575,5008232,21095,16,15.8,28088.85
809576,5004118,21025,19,0.4,35744.22
809577,5009213,20243,38,1.8,83170.27
809578,5007995,20756,10,25.7,
809579,5010259,20254,42,2.0,4111.88
809580,5004788,20687,40,1.8,15917.04
809581,5006211,20537,1,15.5,266.27
809582,5004799,21326,19,16.2,4060.75
809583,5007494,20822,40,0.6,92048.77
809584,5000061,21325,18,0.1,38515.65
809585,5006899,20082,6,0.3,1261.19
809586,5005715,21269,44,11.0,80072.41
809587,5000915,21201,44,0.9,78685.16
809588,5005581,20559,8,1.0,13370.62
809589,5002883,21317,48,20.8,67794.31
809590,5001252,20556,1,1.6,645.15
809591,5001785,21427,10,20.7,9669.68
809592,5009515,21335,50,1.7,98740.38
809593,5005326,21287,18,5.1,37960.82
809594,5003917,21298,17,16.8,35242.89
809595,5011365,20415,42,1.2,
809596,5006237,20890,4,1.4,6779.89
809597,5002062,20061,39,16.4,13778.78
809598,5007981,20031,39,0.6,26800.87
809599,5009682,21128,35,25.4,51237.22
809600,5007130,20780,42,15.1,13681.62
809601,5009897,21085,41,1.7,327.66
809602,5009381,20849,6,11.9,6583.82
809603,5007686,20571,38,5.9,77131.79
809604,5003452,20234,10,1.2,16579.63
809605,5009731,20030,14,1.3,18014.8
809606,5007393,21076,-8,16.8,-5115.93
809607,5004233,20675,2,25.5,3091.11
809608,5009362,21365,40,0.8,63558.23
809609,5005126,20528,27,,38766.17
809610,5004013,21349,-2,1.5,-4836.47
809611,5006542,21132,33,16.1,9998.88
809612,5011491,20578,4,10.9,8024.84
809613,5001284,20394,39,,50288.78
809614,5001535,20845,44,6.9,72405.92
809615,5008855,20470,45,26.5,75018.4
809616,5008101,20629,8,6.3,2357.27
809617,5001985,20333,29,1.8,57040.01
809618,5005884,20654,49,7.0,69575.36
809619,5011536,20927,22,5.6,7440.55
809620,5002686,21002,-10,1.9,-15627.04
809621,5004431,20112,40,20.5,62176.31
809622,5007145,21154,19,0.5,10133.46
809623,5002810,21035,3,0.0,
809624,5002206,20064,28,21.6,20616.88
809625,5007193,21017,37,0.9,23103.14
809626,5006639,20292,11,16.6,9678.2
809627,5002615,20556,30,20.3,15676.35
809628,5010523,20094,25,11.3,20444.24
809629,5003723,20209,44,11.5,78703.58
809630,5007313,21486,46,10.1,39322.28
809631,5007478,20461,47,11.1,470.06
809632,5009516,20950,40,0.6,98939.58
809633,5008016,21052,49,10.5,102167.24
809634,5010561,20339,41,16.0,48517.01
809635,5005120,20414,5,1.0,4753.14
809636,5001446,20147,46,25.6,28953.16
809637,5008939,21328,25,26.9,763.71
809638,5001635,21411,36,10.7,69943.12
809639,5009277,20263,16,0.6,23800.81
809640,5010713,20816,1,1.8,2266.51
809641,5000062,20891,41,,58000.28
809642,5010643,21078,1,1.7,2204.69
809643,5003863,21098,27,5.5,18489.44
809644,5001757,20627,49,11.8,1522.57
809645,5006629,20608,19,15.3,4696.42
809646,5006561,20168,13,16.1,24348.02
809647,5006790,20899,45,25.5,12647.31
809648,5002333,20937,32,15.6,4264.02
809649,5003838,20559,44,25.1,55636.65
809650,5011037,20988,42,7.0,68247.98
809651,5000326,20517,47,1.7,2694.9
809652,5008054,20074,43,1.9,
809653,5010421,20030,12,20.1,12500.07
809654,5006272,20544,32,0.0,14520.32
809655,5011124,20503,15,6.5,28052.24
809656,5000006,21214,5,10.9,8583.49
809657,5001810,20803,1,10.7,1639.75
809658,5006819,20919,25,10.4,15106.11
809659,5009117,21025,14,5.1,25095.0
809660,5006902,20622,33,0.1,35290.18
809661,5011422,21350,7,0.8,860.29
809662,5008344,20556,21,25.4,10271.26
809663,5011000,20304,22,16.2,39659.52
809664,5006875,21444,27,26.6,16080.13
809665,5002225,20958,12,11.9,2650.93
809666,5000475,20834,9,26.9,10902.85
809667,5003240,20245,15,1.4,16515.4
809668,5001192,21354,10,11.3,2405.72
809669,5001057,20349,10,1.4,19388.21
809670,5002290,20739,29,1.1,67644.14
809671,5005922,21011,39,1.1,88781.96
809672,5003353,21452,18,5.5,24745.98
809673,5008632,20325,37,,50966.15
809674,5001149,20096,27,6.2,143.09
809675,5001367,20450,3,21.1,1603.1
809676,5000613,20074,29,16.3,32650.34
809677,5010630,21455,38,10.6,15753.16
809678,5000231,21105,8,16.8,15972.54
809679,5010223,21224,6,1.7,14679.24
809680,5010784,21037,17,,7996.66
809681,5001175,20932,37,,48474.91
809682,5002835,21042,33,6.9,75374.58
809683,5000137,20944,32,21.8,32598.51
809684,5011487,21456,16,0.3,35363.35
809685,5001345,20657,34,0.9,2414.85
809686,5008203,20436,30,11.7,37648.65
809687,5006589,21030,26,16.0,28403.36
809688,5010484,20912,14,1.1,15383.6
809689,5008229,20370,3,1.3,4485.32
809690,5002290,20727,7,1.6,8165.38
809691,5008001,21161,11,26.4,18171.88
809692,5001635,20254,50,21.1,3941.06
809693,5011259,20102,47,1.2,35855.56
809694,5000248,20084,28,6.6,29669.97
809695,5008835,20424,23,10.2,30907.68
809696,5001068,21090,5,26.4,3334.01
809697,5011965,20994,49,6.0,99946.05
809698,5010948,20945,15,0.3,8197.13
809699,5003250,20992,1,10.8,1825.6
809700,5001622,20540,47,6.8,87742.04
809701,5011640,21087,42,20.1,80426.78
809702,5006390,21347,21,0.6,16268.57
809703,5003323,20413,15,1.2,11556.93
809704,5006435,20743,42,21.1,7784.78
809705,5009856,20073,37,1.3,35018.43
809706,5003452,20006,20,20.7,3938.36
809707,5001463,21226,27,25.4,20137.37
809708,5011898,20062,27,25.2,48611.77
809709,5001905,20163,40,1.2,
809710,5008446,20679,45,16.2,9376.97
809711,5008986,20723,24,0.7,11458.9
809712,5010584,20993,48,,84198.79
809713,5004800,20144,7,1.3,9724.97
809714,5009105,21078,17,11.4,33781.35
809715,5008202,20564,44,0.6,71950.09
809716,5004371,20521,31,5.8,53207.8
809717,5006023,21470,33,0.4,60428.48
809718,5006992,21196,28,0.5,37828.03
809719,5001131,21190,22,0.7,8823.38
809720,5011895,20999,43,26.6,47955.62
809721,5007055,20068,33,1.9,74923.1
809722,5003864,21373,14,1.5,
809723,5005800,21234,23,5.1,33764.4
809724,5005221,20849,35,15.6,36792.66
809725,5009498,20919,8,26.9,3943.77
809726,5011285,20873,4,,5638.9
809727,5011956,21028,24,5.6,29263.17
809728,5000323,20636,19,11.2,4962.39
809729,5007482,20148,1,16.4,629.17
809730,5005024,20878,16,0.2,38157.13
809731,5006764,20909,14,26.4,17938.34
809732,5007498,20661,5,1.6,7167.26
809733,5000587,20850,44,1.0,76537.97
809734,5011346,20446,29,11.6,13554.27
809735,5001402,20926,28,5.5,15857.48
809736,5006819,20230,7,15.6,2318.89
809737,5008803,20884,39,20.4,6517.69
809738,5011146,20164,11,0.7,19809.08
809739,5001351,21322,20,,14451.85
809740,5000360,20613,18,,20124.91
809741,5001729,20135,47,1.5,54554.95
809742,5011909,21104,46,5.9,72146.94
809743,5009932,20792,11,1.4,
809744,5010062,20878,1,1.6,2351.37
809745,5007149,20063,38,,22278.32
809746,5009044,20739,22,1.7,51004.92
809747,5002160,20073,2,15.0,1630.15
809748,5010533,20079,48,0.0,112077.12
809749,5003464,20846,30,1.3,69711.12
809750,5002340,21039,6,0.6,14352.13
809751,5006501,20616,21,6.0,4437.35
809752,5001841,20689,32,5.6,73983.62
809753,5007774,21379,12,0.0,16039.44
809754,5003477,21108,31,26.9,45537.28
809755,5001377,20305,8,6.3,18169.7
809756,5002622,20463,3,0.7,
809757,5008058,20965,23,15.9,23546.62
809758,5011561,20813,-1,,-359.46
809759,5009058,21123,49,,73043.61
809760,5006369,21440,40,16.0,65181.98
809761,5011914,21500,15,,15919.83
809762,5008419,20626,23,6.0,10039.25
809763,5003733,21048,28,1.4,
809764,5003026,20615,26,0.5,
809765,5007282,20166,40,0.9,46672.14
809766,5003892,21127,4,5.2,147.21
809767,5010806,21121,7,0.7,13946.69
809768,5002970,20796,29,21.3,45039.82
809769,5004603,20927,36,26.1,9531.42
809770,5003252,21215,7,11.7,13276.29
809771,5003941,20164,29,,49015.82
809772,5011149,20685,8,16.8,15993.44
809773,5009672,21104,-2,20.6,-2646.8
809774,5006948,20559,46,21.3,61116.58
809775,5008911,20549,12,15.2,10056.33
809776,5005508,21280,36,1.8,1496.45
809777,5007251,20072,42,26.9,679.74
809778,5000086,20581,48,25.6,83526.08
809779,5007326,20564,30,26.2,36422.51
809780,5007097,21252,22,5.4,31760.99
809781,5009618,21416,42,15.1,62678.21
809782,5006667,20707,28,0.9,4615.6
809783,5006678,21358,46,1.6,10374.51
809784,5010922,21136,12,16.4,11582.04
809785,5005402,20139,15,11.8,9903.05
809786,5008202,20833,31,0.9,34205.07
809787,5007738,21279,2,,1556.41
809788,5004186,20437,37,0.2,90800.3
809789,5003943,20399,45,20.2,74868.76
809790,5002343,20588,14,1.8,24664.32
809791,5000589,21057,39,1.6,23352.18
809792,5006008,20773,40,5.9,21607.99
809793,5000082,20407,50,,13264.16
809794,5006975,20210,13,25.5,23814.06
809795,5002270,20647,32,10.2,60971.76
809796,5007428,20296,35,1.9,84068.22
809797,5001746,20994,16,25.9,25726.45
809798,5007219,21146,29,11.9,37874.09
809799,5002629,20721,28,0.3,26479.72
809800,5004216,20698,36,16.2,64529.05
809801,5000792,21297,32,0.6,78939.82
809802,5005452,20217,20,,6090.29
809803,5006092,21388,30,10.3,60576.83
809804,5009448,20149,27,15.5,25219.93
809805,5007757,20805,48,25.6,85270.26
809806,5001590,20193,17,11.2,32815.68
809807,5011979,20277,18,1.2,36159.14
809808,5010476,21370,42,0.7,66509.39
809809,5010388,20570,7,11.5,3900.74
809810,5011459,20776,24,21.0,39406.27
809811,5001143,21260,29,20.3,53371.85
809812,5007221,20820,48,16.3,13886.03
809813,5001435,21480,2,21.8,124.62
809814,5004478,20055,14,,17836.05
809815,5002707,20656,6,25.3,5836.15
809816,5011378,20946,34,1.3,79902.94
809817,5008478,21045,36,1.3,
809818,5001313,20078,13,10.3,14439.0
809819,5000028,20665,3,6.8,3186.52
809820,5005649,21337,37,0.8,90019.13
809821,5011438,21097,45,1.7,109939.46
809822,5004035,20787,18,2.0,5178.93
809823,5006688,21321,32,20.5,51726.64
809824,5006771,20591,35,0.2,69231.96
809825,5005194,20930,17,1.2,20519.17
809826,5005076,21357,20,15.1,38912.9
809827,5007761,21100,15,1.8,26615.49
809828,5007379,20884,12,1.5,2481.61
809829,5007303,21159,48,0.8,103685.74
809830,5000388,20540,43,10.1,85814.67
809831,5011194,20012,33,15.4,49373.26
809832,5006713,20778,22,15.1,3770.71
809833,5011259,21426,30,25.4,46433.8
809834,5005181,20198,24,0.1,42925.43
809835,5003555,20602,24,5.9,14355.07
809836,5002286,21028,23,26.8,21745.88
809837,5008633,20023,19,0.3,4660.36
809838,5002184,21349,10,5.3,23249.42
809839,5010609,21139,46,5.9,81074.25
809840,5005029,20197,47,6.2,104747.9
809841,5010745,20103,43,20.7,71271.68
809842,5004928,21381,1,1.2,1367.91
809843,5008990,21351,6,21.8,7469.34
809844,5008183,21485,27,1.9,63754.21
809845,5001750,21000,46,26.0,4586.55
809846,5001287,20754,11,2.0,12164.58
809847,5002894,21272,21,1.0,44474.59
809848,5004707,20860,12,25.3,3607.65
809849,5007564,21124,2,11.6,3338.5
809850,5000757,21194,10,26.7,9442.58
809851,5009097,20755,42,1.3,35669.51
809852,5003502,20233,31,1.8,31440.8
809853,5001974,21005,31,1.1,45553.76
809854,5002189,20337,31,6.8,39749.9
809855,5006855,20052,6,,10259.53
809856,5011380,20600,50,0.3,88927.91
809857,5000462,20158,20,25.2,3853.4
809858,5008614,20938,17,5.6,10849.73
809859,5002295,20873,10,1.2,14944.29
809860,5009501,21237,31,11.0,24625.18
809861,5004189,21445,3,11.4,6159.97
809862,5008006,20221,19,10.2,28544.9
809863,5000744,21280,33,0.0,1396.89
809864,5006248,21204,15,1.4,33640.59
809865,5002360,20089,19,6.8,32803.54
809866,5000515,20042,1,26.8,685.55
809867,5005881,20970,15,1.5,17803.43
809868,5004717,20207,20,1.9,48135.32
809869,5006770,20058,49,,59069.93
809870,5009636,20051,34,26.6,57320.69
809871,5001828,21013,49,,5077.54
809872,5003504,21230,23,5.8,14943.04
809873,5004310,20435,40,1.7,49008.45
809874,5010159,20007,41,20.2,44110.41
809875,5001467,20143,28,6.1,51391.66
809876,5009692,20923,32,1.3,12783.31
809877,5008921,20149,1,6.0,1039.09
809878,5011211,21102,21,11.6,24110.92
809879,5000156,20241,22,1.5,39420.11
809880,5000304,20455,26,16.5,37769.76
809881,5009833,20767,32,1.7,75421.11
809882,5000365,21375,15,26.2,21274.77
809883,5000260,20007,19,6.6,28642.4
809884,5002528,20598,18,1.0,37377.09
809885,5005799,20200,-10,15.4,-5390.8
809886,5002702,20510,-9,1.3,-18642.31
809887,5003047,20419,10,0.7,15013.07
809888,5005158,21160,18,5.8,4162.53
809889,5008881,21149,11,10.7,21480.84
809890,5009847,20037,36,20.1,
809891,5009332,20679,20,20.0,3978.56
809892,5010467,20386,33,0.3,66427.78
809893,5006728,21178,14,0.2,14014.89
809894,5008288,20238,23,16.3,270.86
809895,5003452,20454,12,1.7,25259.84
809896,5009045,21173,32,7.0,43684.11
809897,5009301,20316,22,1.8,3895.63
809898,5011862,20016,48,1.8,66621.08
809899,5001565,20729,36,,39269.01
809900,5010387,20537,7,1.4,2174.89
809901,5006987,20991,23,,37366.7
809902,5005960,21119,25,6.0,15798.11
809903,5007607,21107,38,7.0,39302.32
809904,5009176,20129,6,11.7,5983.14
809905,5006780,21198,17,0.5,
809906,5001060,21289,9,15.8,18630.21
809907,5009011,21255,11,0.8,26426.25
809908,5010053,21184,6,26.9,8480.77
809909,5010105,20135,18,26.9,15505.65
809910,5002080,20186,26,25.7,18020.02
809911,5001721,20271,42,1.3,98013.84
809912,5003349,21376,12,26.8,7699.97
809913,5004891,20017,28,,
809914,5004668,20438,50,25.4,
809915,5005080,20815,47,16.1,48840.53
809916,5011451,20714,29,,10589.26
809917,5000445,20437,14,21.1,27161.89
809918,5006597,21381,8,15.5,7232.46
809919,5003214,20117,22,26.6,38254.61
809920,5002238,20542,38,6.8,67594.27
809921,5000198,20441,13,20.6,4380.24
809922,5003234,20947,3,10.4,5505.0
809923,5001665,21201,-10,0.3,-17991.26
809924,5009228,21379,48,26.9,46899.32
809925,5006646,21092,41,25.7,50733.69
809926,5003054,21375,42,1.4,79587.24
809927,5009849,20979,21,5.7,44197.72
809928,5011699,20725,2,0.1,
809929,5011774,21319,33,,37585.97
809930,5005433,21129,32,16.5,31517.84
809931,5008082,20965,32,16.8,32409.93
809932,5009374,20020,41,17.0,47202.33
809933,5008981,20601,38,,35061.82
809934,5005742,21401,18,15.3,6780.35
809935,5006031,21025,34,21.4,50477.09
809936,5000700,20554,38,20.1,51491.22
809937,5004285,20407,-10,5.5,-3401.53
809938,5010018,20723,24,10.4,10339.55
809939,5009348,21489,2,10.7,2616.45
809940,5009489,21469,12,15.6,11563.44
809941,5002437,20982,13,1.6,4213.43
809942,5000962,20661,39,1.3,56075.06
809943,5002498,21292,49,26.9,66568.9
809944,5007469,21446,19,1.3,15878.54
809945,5011066,20197,7,11.2,14769.15
809946,5000226,20914,45,1.3,55771.03
809947,5006723,20988,42,1.5,72284.15
809948,5001663,20857,40,,12441.8
809949,5000159,20118,16,6.2,11616.34
809950,5002489,21129,28,,26257.01
809951,5006654,20845,29,,43467.59
809952,5011233,20847,9,1.8,14029.62
809953,5007684,20643,1,0.3,1919.92
809954,5000203,21062,10,1.7,8605.87
809955,5007830,21478,28,10.9,55713.13
809956,5007502,20455,25,15.9,36578.03
809957,5008071,21477,3,0.5,5134.59
809958,5006760,20732,-4,15.7,-4326.11
809959,5002272,21118,21,16.9,33679.56
809960,5002522,20478,25,1.4,57812.88
809961,5007184,20792,4,0.5,7007.63
809962,5003341,20571,22,0.3,47312.73
809963,5001363,20189,1,,2150.24
809964,5001361,21308,29,1.8,53778.14
809965,5005345,20917,35,26.5,7017.52
809966,5006536,21234,18,21.9,21746.46
809967,5005835,20337,32,5.9,41428.39
809968,5003714,20142,4,1.5,864.4
809969,5001736,21099,34,1.1,75295.68
809970,5010641,20370,41,,52169.71
809971,5010001,20156,26,25.5,44143.65
809972,5008515,21475,9,21.9,1836.89
809973,5002269,20807,9,1.4,14779.65
809974,5008616,20874,11,20.1,918.63
809975,5003968,20849,19,1.6,23286.24
809976,5000235,21088,50,5.5,94307.22
809977,5000740,21396,45,1.7,77835.91
809978,5007683,21128,44,10.5,77277.74
809979,5006856,20536,32,5.5,53685.68
809980,5002200,21127,13,0.2,503.65
809981,5000503,20437,40,20.3,78392.28
809982,5002695,20119,21,,72.46
809983,5006293,20663,5,0.8,7249.49
809984,5006817,20440,7,25.1,2204.37
809985,5010558,20290,30,11.5,11983.61
809986,5008143,21085,36,25.1,67258.73
809987,5003236,21206,6,0.9,958.38
809988,5010872,20125,11,1.3,2845.29
809989,5004416,21393,8,11.4,10821.04
809990,5002762,20495,35,21.1,32046.38
809991,5005789,20597,22,6.2,6752.92
809992,5002544,20162,6,26.1,6466.5
809993,5008439,21476,45,1.7,13008.19
809994,5009528,20550,42,0.3,35504.96
809995,5011393,20660,9,21.1,5321.56
809996,5008304,20359,20,20.5,15468.16
809997,5011900,20036,28,20.6,1539.34
809998,5002461,20732,29,20.8,29466.8
809999,5009003,20906,5,26.8,33.53
810000,5001128,21196,13,1.4,17404.15
810001,5007528,20445,15,11.9,19685.99
810002,5007872,20807,39,0.5,64629.73
810003,5006102,21396,-5,1.1,-8701.22
810004,5005548,20084,49,25.4,41471.24
810005,5006382,21242,24,5.1,29776.2
810006,5003746,21100,36,25.8,48265.65
810007,5005963,21251,19,1.7,43312.34
810008,5006381,21436,37,,20372.62
810009,5009798,20911,15,15.1,
810010,5011922,21319,16,5.6,21748.4
810011,5003887,20284,25,1.9,58739.09
810012,5001346,21059,26,11.2,25304.68
810013,5001932,21330,9,11.2,2926.03
810014,5008854,21300,28,,
810015,5006023,20933,14,0.7,10121.63
810016,5009680,20226,19,10.9,
810017,5007229,20247,18,5.7,21992.87
810018,5001703,21073,35,26.0,30039.6
810019,5007433,21419,41,1.7,40686.28
810020,5007418,21298,12,20.2,23860.71
810021,5008643,21388,49,21.0,87139.69
810022,5008912,20948,32,1.0,
810023,5006757,21258,14,1.5,5553.51
810024,5008893,20239,11,1.4,18433.75
810025,5006632,20456,1,0.7,1719.05
810026,5008623,21436,17,0.3,10473.97
810027,5007982,20423,23,25.6,25346.64
810028,5000891,20672,10,0.4,21564.89
810029,5000967,21485,37,1.1,88079.35
810030,5008942,21095,46,1.2,94758.17
810031,5000853,20656,45,5.4,55431.67
810032,5005954,20780,26,,8798.78
810033,5004725,20062,5,15.9,10121.44
810034,5001823,20848,2,10.1,2492.55
810035,5001852,20611,18,0.8,41090.05
810036,5003191,20402,16,15.1,32928.84
810037,5010101,20169,41,11.1,69522.82
810038,5011063,20567,14,21.9,5869.04
810039,5009077,20763,33,11.3,3276.6
810040,5000379,20590,21,,8925.34
810041,5001761,20752,24,0.2,16428.44
810042,5009081,21076,9,21.9,5402.63
810043,5003891,21324,8,26.0,3108.18
810044,5001247,20055,15,16.1,21550.18
810045,5008062,20352,15,11.0,25930.77
810046,5006214,21251,23,15.6,45016.82
810047,5006525,21360,20,16.9,20395.73
810048,5000004,20632,13,10.9,13665.39
810049,5009794,21016,5,1.6,10155.03
810050,5008983,20419,46,1.7,68364.64
810051,5011062,20013,49,5.9,1904.3
810052,5002196,20746,49,1.2,50697.05
810053,5001632,21173,38,1.4,54998.53
810054,5005620,21351,12,26.6,14021.72
810055,5007928,21357,32,21.6,57493.92
810056,5004845,20179,35,5.0,
810057,5000087,21268,19,15.1,34134.16
810058,5010923,21339,38,1.6,46509.67
810059,5010825,20196,36,6.1,46434.86
810060,5001531,21245,37,25.2,49830.91
810061,5008136,20764,44,5.2,41247.75
810062,5001146,21244,11,1.1,
810063,5002525,21015,50,11.5,73520.05
810064,5003107,20094,46,21.6,33249.2
810065,5008599,20106,3,25.1,2093.87
810066,5010376,20299,43,0.4,69947.97
810067,5008933,20823,27,15.0,34064.46
810068,5007480,20356,35,0.1,82681.74
810069,5007947,21016,47,26.1,71689.95
810070,5008220,21004,48,26.9,84410.5
810071,5009486,20058,23,1.6,30933.19
810072,5008440,20060,29,1.4,11912.83
810073,5007930,21238,34,1.6,30450.65
810074,5000509,20037,13,1.6,21530.22
810075,5000616,21311,35,1.9,65303.11
810076,5000538,20212,12,,15247.32
810077,5006357,20836,13,26.1,15612.53
810078,5009061,20141,15,1.5,15655.44
810079,5009938,21494,29,0.5,34198.95
810080,5004693,21086,7,15.8,5589.52
810081,5009423,21097,-7,20.6,-13813.58
810082,5010943,21247,44,1.4,28718.91
810083,5001244,20491,35,15.6,16470.62
810084,5009970,20358,46,0.9,19486.19
810085,5011666,21081,14,1.7,2118.11
810086,5005928,20094,47,15.1,36788.57
810087,5006772,20792,46,1.6,79696.78
810088,5002663,20327,50,1.8,58336.69
810089,5006401,20949,3,5.0,1163.71
810090,5007066,20038,47,11.1,46954.48
810091,5002930,20674,24,1.8,52848.18
810092,5003363,20229,42,25.5,8358.5
810093,5006920,20895,49,11.9,13358.22
810094,5007764,21400,35,21.2,61646.26
810095,5000771,20872,34,5.4,7848.66
810096,5010367,20255,21,20.8,26524.38
810097,5007339,20406,12,,18796.9
810098,5010153,20306,21,1.8,32999.12
810099,5008014,20947,38,0.8,77201.03
810100,5000496,20473,7,25.5,1584.11
810101,5011497,20909,28,6.8,45430.79
810102,5005013,20732,32,25.1,30749.75
810103,5000287,20259,14,20.2,13302.72
810104,5011612,21398,32,5.8,73562.21
810105,5001916,20883,28,16.4,57908.11
810106,5004166,20279,32,25.6,22806.16
810107,5008969,21078,25,15.5,47379.57
810108,5011464,20184,4,11.3,7560.5
810109,5009594,20244,7,15.0,7475.64
810110,5010763,21114,49,10.3,96162.57
810111,5010631,21400,12,6.5,
810112,5004686,20872,41,0.1,9994.82
810113,5006704,20545,27,0.6,
810114,5000127,20904,10,10.0,9430.29
810115,5010926,21308,50,11.6,83467.72
810116,5002933,20983,5,11.4,5208.75
810117,5001446,20655,25,0.8,55041.37
810118,5002049,21480,17,0.3,1350.5
810119,5006133,20615,14,25.7,14238.26
810120,5005206,21203,18,21.4,26913.46
810121,5011097,21412,29,1.2,43900.31
810122,5004129,20680,32,6.5,15199.06
810123,5000581,20753,19,11.4,17328.41
810124,5008763,20987,15,11.0,8686.84
810125,5005739,21390,11,10.7,4912.78
810126,5008903,20554,10,16.9,14093.01
810127,5007060,21270,4,5.2,6144.18
810128,5005530,20961,11,0.2,17420.88
810129,5009493,20104,40,10.1,23442.32
810130,5004682,20604,40,20.6,
810131,5010223,21319,14,6.1,18929.06
810132,5008155,20694,33,,52384.33
810133,5010619,21071,43,16.9,82432.46
810134,5011991,21055,48,25.7,80636.3
810135,5008959,21164,18,0.8,12246.72
810136,5010268,21110,23,11.4,12558.76
810137,5008614,21462,33,20.5,9347.79
810138,5005712,20824,33,1.8,55757.12
810139,5011128,21204,33,1.5,73934.25
810140,5002012,20766,23,20.4,3115.84
810141,5005549,20490,22,15.3,3575.86
810142,5002374,20667,35,21.1,20334.86
810143,5004718,20035,20,5.7,17754.62
810144,5007181,21347,40,20.3,24846.32
810145,5003039,20262,17,0.1,25023.43
810146,5010149,21087,33,21.0,62480.67
810147,5004850,20307,50,1.2,45237.06
810148,5010890,20826,25,11.9,26960.14
810149,5011014,20352,37,15.7,60584.77
810150,5004604,20301,9,5.7,4481.22
810151,5000750,20111,4,20.7,2223.19
810152,5011747,20360,6,21.1,2743.16
810153,5007255,20848,27,16.0,31441.06
810154,5011961,21400,7,1.4,15427.21
810155,5010134,20697,31,26.6,38251.52
810156,5009039,21139,20,20.8,
810157,5011406,21164,36,0.8,24493.43
810158,5005082,20487,10,16.6,15012.92
810159,5011622,21311,47,0.5,88944.22
810160,5008922,20393,46,1.1,82377.81
810161,5005083,20119,18,,48.95
810162,5005493,20618,6,1.6,12283.09
810163,5008626,20463,3,5.6,2364.52
810164,5000422,20991,42,10.4,62069.47
810165,5008705,21036,17,0.2,40838.35
810166,5002606,20712,30,20.7,34733.4
810167,5004591,20072,20,1.1,437.93
810168,5005931,20303,31,21.6,13973.1
810169,5007630,21362,16,,18125.73
810170,5010049,20363,25,21.3,
810171,5000468,20107,11,0.3,24746.38
810172,5008896,20996,33,0.3,21989.71
810173,5007863,20317,13,6.1,29742.97
810174,5002406,20550,31,16.4,21974.18
810175,5000326,20460,40,0.6,14863.88
810176,5008639,21052,50,6.0,109494.02
810177,5005889,20549,48,6.6,44304.78
810178,5008932,20543,33,15.1,64739.72
810179,5003310,20226,2,,121.56
810180,5009403,20732,35,11.5,39739.38
810181,5005444,21384,19,10.5,
810182,5004231,20677,16,11.1,3262.7
810183,5007284,20045,7,,1054.29
810184,5011022,21218,8,1.5,19678.57
810185,5008377,20504,45,1.2,
810186,5008006,21194,35,6.4,42201.76
810187,5003573,20406,46,,71962.88
810188,5002079,21008,21,0.1,19132.64
810189,5010704,20897,18,26.9,16191.84
810190,5007399,21087,10,26.8,17543.48
810191,5008379,20597,29,25.1,7107.98
810192,5006983,20318,24,16.4,36894.49
810193,5010029,20895,24,11.7,6557.65
810194,5004597,20424,46,15.2,58373.52
810195,5007011,21340,19,12.0,19940.44
810196,5011676,20929,11,10.4,6370.33
810197,5001348,20086,46,1.9,42009.15
810198,5005054,20894,9,10.0,15387.25
810199,5002532,21299,32,26.2,45074.68
810200,5009962,20975,27,27.0,29771.96
810201,5006956,21389,40,0.9,46642.01
810202,5010545,21359,3,11.6,2127.3
810203,5000517,21416,38,10.6,59714.62
810204,5010413,21309,33,26.9,47430.88
810205,5003921,20473,41,25.3,9303.26
810206,5009952,21144,43,6.3,6801.12
810207,5011409,20748,22,26.8,8146.21
810208,5007715,21110,28,10.0,15530.51
810209,5009530,21227,46,0.0,87185.64
810210,5011491,20141,50,1.2,52343.75
810211,5009642,21255,5,0.6,12036.15
810212,5007116,20204,9,11.0,2088.05
810213,5004188,20660,-9,20.9,-5335.05
810214,5010889,21011,1,25.4,1717.13
810215,5009860,20543,9,10.2,18675.32
810216,5000371,20907,44,5.3,88427.0
810217,5010920,20714,45,20.5,17534.4
810218,5001759,20415,19,6.7,13871.02
810219,5005024,20882,26,26.9,1893.95
810220,5008090,21280,6,5.2,240.77
810221,5000691,20405,26,,19490.07
810222,5008073,20038,50,,52536.25
810223,5003918,20335,24,0.7,31698.7
810224,5004514,20420,50,20.9,78367.93
810225,5011331,20904,40,1.5,41283.71
810226,5006501,21119,48,26.1,23846.41
810227,5011308,20586,22,25.1,12418.15
810228,5004837,21302,42,6.6,19175.04
810229,5009318,20179,6,6.0,5912.02
810230,5002799,20725,18,21.3,34296.17
810231,5006247,21041,32,17.0,56582.63
810232,5008914,21283,39,26.5,721.5
810233,5001610,20532,41,21.9,42811.44
810234,5000472,21414,35,21.0,56523.24
810235,5000251,20990,42,0.7,80578.49
810236,5006491,20776,44,0.3,91174.81
810237,5003018,20782,15,1.3,14991.25
810238,5008448,20785,3,1.9,1787.58
810239,5009763,20925,29,1.6,56039.28
810240,5008175,21116,39,0.3,92964.59
810241,5001156,21106,7,25.0,3706.66
810242,5007111,20830,20,5.8,11041.56
810243,5006422,21324,2,6.6,980.76
810244,5004886,21326,12,0.1,3057.42
810245,5007825,20404,6,20.2,3256.8
810246,5011176,21063,3,25.6,1399.46
810247,5001000,20625,17,15.4,11307.7
810248,5010283,20992,46,6.7,87837.7
810249,5006645,20081,15,10.6,16997.31
810250,5005022,20419,13,10.6,17571.19
810251,5010054,21428,5,,2180.82
810252,5007641,20984,17,0.8,25828.57
810253,5006554,21172,1,0.3,545.56
810254,5001793,20166,49,25.1,43211.76
810255,5010799,20764,2,11.3,1754.26
810256,5000936,20221,24,0.8,39831.02
810257,5005460,20547,18,21.9,19479.89
810258,5001546,21447,42,21.4,57344.48
810259,5002904,20347,12,21.4,1294.16
810260,5004754,21260,44,11.7,89715.87
810261,5002519,21105,13,15.9,26236.14
810262,5005285,21068,11,0.1,13717.24
810263,5008115,20677,36,1.3,8150.33
810264,5002748,20594,37,15.1,55090.55
810265,5011151,20345,36,6.3,3216.35
810266,5009257,20611,36,,60972.33
810267,5002918,20880,1,0.7,398.88
810268,5007255,21247,2,21.2,
810269,5003676,20074,34,,2434.29
810270,5000570,20203,47,10.6,50772.87
810271,5011201,20331,2,0.6,494.4
810272,5000040,20102,45,6.1,32627.2
810273,5007512,21333,26,26.0,635.3
810274,5007543,20463,36,20.4,23925.75
810275,5003861,21411,17,16.9,30735.55
810276,5000447,20563,24,16.6,29666.51
810277,5000914,20969,19,6.8,39783.32
810278,5001398,21122,29,0.8,37329.07
810279,5009830,20551,10,0.4,
810280,5006238,21433,2,16.1,3412.52
810281,5004270,20431,15,,14426.36
810282,5002941,20489,-6,1.2,-8572.78
810283,5000857,21337,12,26.6,21602.24
810284,5011941,21479,49,5.8,87238.16
810285,5002312,21263,49,7.0,103122.63
810286,5011785,20877,14,1.1,32240.0
810287,5007888,20826,21,26.3,18944.93
810288,5002787,20787,41,26.2,8883.45
810289,5003802,21053,45,0.9,
810290,5003190,20445,3,11.9,3937.2
810291,5005572,21389,24,20.8,22365.57
810292,5004156,21438,38,11.5,61680.11
810293,5003069,20724,9,26.8,14074.47
810294,5003568,20934,30,25.0,26229.6
810295,5007879,21229,20,11.3,33382.25
810296,5008083,20029,11,15.1,20168.22
810297,5002506,21212,26,,39167.47
810298,5004632,20113,33,1.5,22023.76
810299,5003763,21334,35,6.8,15226.04
810300,5001851,21365,43,2.0,67498.59
810301,5003890,20868,14,0.2,14243.48
810302,5003897,20541,48,11.4,17141.76
810303,5005318,21424,13,20.5,9462.11
810304,5007657,20309,41,,60619.82
810305,5006659,20254,33,20.3,2627.47
810306,5011554,21431,43,20.2,78083.22
810307,5010872,20469,27,11.0,8989.38
810308,5002654,20379,26,0.5,5896.29
810309,5006190,20127,3,6.1,5075.08
810310,5007586,20766,6,21.8,798.53
810311,5004926,20197,1,,1855.65
810312,5004931,20603,23,15.8,28120.59
810313,5009525,20434,28,,27835.52
810314,5006378,20296,4,0.7,9725.32
810315,5008647,20105,44,10.2,45682.98
810316,5004177,20961,42,1.8,65449.69
810317,5004542,20306,49,6.3,73469.52
810318,5008860,21117,11,21.1,14916.42
810319,5001791,20197,33,11.0,69782.83
810320,5008531,20709,3,21.2,2010.25
810321,5003209,20254,35,0.8,3468.53
810322,5011357,21119,34,25.7,16982.63
810323,5008668,20774,3,12.0,4015.28
810324,5011608,21305,29,6.0,64213.66
810325,5007841,20845,48,0.1,84757.56
810326,5011517,20102,50,0.2,38530.29
810327,5001768,20022,45,26.5,62495.54
810328,5009099,20547,39,0.7,53663.23
810329,5003377,20804,9,0.7,11133.89
810330,5006994,20139,1,1.5,737.3
810331,5006061,20590,13,6.7,6086.21
810332,5008831,20567,9,25.6,3594.21
810333,5010621,20437,4,21.1,7760.54
810334,5008590,20830,4,0.4,8862.05
810335,5003743,21027,48,0.3,57652.6
810336,5001229,20287,41,11.0,63719.2
810337,5006441,20147,9,20.4,6060.67
810338,5003566,20291,15,1.8,15933.15
810339,5007362,20302,20,1.5,
810340,5004372,20490,9,0.3,17206.98
810341,5011632,20253,42,6.6,58372.83
810342,5008350,20693,44,5.3,18526.01
810343,5005788,21324,43,1.6,22215.07
810344,5004994,20764,2,0.8,1961.92
810345,5005527,21154,43,0.4,22956.66
810346,5002281,20316,38,1.2,6769.93
810347,5009384,21114,27,5.3,55941.14
810348,5006708,20227,22,,44880.64
810349,5003756,20495,37,0.6,42679.77
810350,5010243,20302,5,5.9,6167.83
810351,5004113,20246,40,10.1,84436.24
810352,5010936,20432,47,21.0,6728.7
810353,5011264,20820,26,1.1,8887.53
810354,5010391,20601,22,5.9,24395.03
810355,5009201,20310,7,0.7,4352.99
810356,5001665,21007,11,6.3,7863.21
810357,5007788,20856,45,17.0,40268.9
810358,5004035,21302,25,11.2,10851.58
810359,5010117,21026,48,16.4,8566.53
810360,5010590,20588,29,11.6,45991.75
810361,5003169,20412,50,27.0,32013.78
810362,5006497,21119,25,1.1,16621.63
810363,5003645,21408,29,26.9,29293.84
810364,5008220,20024,49,27.0,2718.52
810365,5007177,20439,8,0.4,9053.08
810366,5001050,21054,44,,59376.21
810367,5000407,20933,35,21.0,20131.14
810368,5008125,21494,31,1.2,36300.31
810369,5009086,20064,35,,25738.23
810370,5011051,21190,34,1.7,13498.81
810371,5006665,21138,46,21.1,78926.02
810372,5009603,20200,42,10.2,24033.01
810373,5002125,21226,49,21.7,38358.18
810374,5008844,21112,21,21.0,18032.17
810375,5002603,21164,47,1.5,31751.89
810376,5001466,21295,5,11.1,3129.06
810377,5009937,20300,31,0.4,74530.96
810378,5006854,21478,19,15.4,35895.97
810379,5000844,20440,6,,2492.37
810380,5007477,20560,33,1.9,21364.56
810381,5000856,20152,40,,36332.32
810382,5010278,20480,34,15.5,36482.5
810383,5008663,21446,28,25.5,17662.58
810384,5005070,20996,-2,0.3,-1332.71
810385,5007106,20516,16,0.2,14287.69
810386,5006546,20897,15,20.6,14656.09
810387,5009891,20332,19,11.5,15421.88
810388,5008452,20137,2,10.5,386.82
810389,5000592,20582,33,11.7,35751.22
810390,5007126,20574,-10,1.0,-6621.12
810391,5005183,21151,42,,29021.59
810392,5001841,21371,30,0.8,71078.19
810393,5011026,20555,43,,56662.99
810394,5002020,20066,11,1.7,22983.79
810395,5010977,21453,7,,3717.99
810396,5007950,21113,40,5.7,59533.48
810397,5007470,20067,8,16.6,5642.58
810398,5003178,21186,3,15.9,3165.46
810399,5009231,20778,8,26.9,1180.59
810400,5007018,21304,39,0.2,15512.75
810401,5008417,21399,47,16.4,46885.18
810402,5002746,20673,34,15.6,6161.32
810403,5010585,21363,44,26.7,59565.25
810404,5002915,20108,19,26.2,33033.31
810405,5004761,21056,46,0.1,55051.51
810406,5006567,21055,18,0.4,40535.21
810407,5006612,21235,45,11.3,86367.68
810408,5001087,21127,22,1.5,841.23
810409,5000190,20576,20,6.0,9523.52
810410,5001375,21291,10,11.6,10899.9
810411,5003352,20162,11,0.6,15946.04
810412,5001537,20009,12,20.8,18141.9
810413,5001086,21275,31,10.3,29527.14
810414,5000424,20709,16,1.4,13415.28
810415,5007433,21304,49,1.3,19275.56
810416,5001516,20522,21,20.8,41024.82
810417,5007088,20044,45,15.7,32585.41
810418,5002680,20579,2,0.8,558.71
810419,5006597,20019,21,,8861.49
810420,5000757,21376,50,11.4,38832.94
810421,5001022,21328,2,,61.35
810422,5007908,20151,43,16.9,78190.95
810423,5006503,20320,-8,11.2,-6410.29
810424,5009519,21150,41,6.7,31331.88
810425,5002016,21131,20,1.5,11065.49
810426,5001895,20389,50,1.9,112869.94
810427,5009959,20566,7,0.5,8656.38
810428,5011480,21179,23,0.4,43069.79
810429,5001867,20204,29,21.4,5941.94
810430,5004866,21281,36,26.8,
810431,5004854,20456,23,1.4,39259.47
810432,5009662,20200,9,25.7,4261.02
810433,5005165,20572,10,0.0,20227.2
810434,5001967,21071,21,10.8,43212.85
810435,5006088,20426,12,20.2,12727.27
810436,5006082,20167,4,,4400.79
810437,5004263,21362,46,6.7,100740.13
810438,5001309,20507,34,5.7,46412.95
810439,5002390,20375,10,1.2,
810440,5000144,20011,29,5.7,2365.24
810441,5011155,21015,7,11.8,10257.92
810442,5009512,20117,48,1.0,112574.88
810443,5002169,21314,34,10.7,57585.48
810444,5000557,20017,11,6.1,
810445,5004253,20628,11,15.5,14379.46
810446,5007282,20432,27,16.1,4105.18
810447,5008541,20417,10,12.0,20844.82
810448,5010249,20009,16,1.8,29992.17
810449,5004230,20226,46,16.7,2350.04
810450,5002746,20079,43,26.3,73996.58
810451,5005893,20889,2,0.1,946.59
810452,5009926,21038,30,6.9,49953.64
810453,5004222,21441,10,0.4,23330.1
810454,5001474,20354,32,5.3,33403.49
810455,5000008,20589,23,6.6,37349.25
810456,5009073,20286,31,21.4,29162.2
810457,5004291,20980,18,21.4,17651.47
810458,5006084,20133,18,20.7,29974.83
810459,5008979,20391,30,15.4,48135.45
810460,5001475,20156,26,1.3,58482.93
810461,5006137,20749,3,15.6,5566.2
810462,5011903,20911,26,1.1,49216.85
810463,5008646,20904,42,1.9,43171.87
810464,5009892,20098,28,26.3,21333.91
810465,5006981,20673,14,0.6,2987.9
810466,5001678,20139,21,11.2,13958.59
810467,5004133,20165,33,10.5,26271.38
810468,5005184,20870,10,10.8,7144.56
810469,5006590,20967,46,1.1,113023.47
810470,5011989,20937,28,12.0,3890.16
810471,5010658,20247,6,25.9,5760.59
810472,5008014,20362,24,10.8,48800.61
810473,5005949,21358,45,11.8,9096.95
810474,5001088,20644,24,0.3,55434.72
810475,5004472,21372,2,1.5,4053.37
810476,5010785,21168,31,0.5,17472.15
810477,5000612,21116,36,21.9,67221.98
810478,5008279,20924,27,0.5,51648.77
810479,5004221,20869,44,11.1,41808.35
810480,5001076,20639,20,15.3,26347.8
810481,5009132,20912,16,1.1,17581.26
810482,5010958,20111,44,0.7,30622.85
810483,5000195,20234,47,10.8,70352.66
810484,5007042,20474,42,12.0,31049.73
810485,5000166,20187,40,21.6,62724.7
810486,5005983,20031,13,5.5,8493.23
810487,5004134,21071,45,11.4,91976.1
810488,5009090,20386,1,0.7,2004.89
810489,5001291,20994,23,6.7,46564.1
810490,5001461,20878,6,5.8,13506.02
810491,5000570,21087,35,0.4,83547.22
810492,5000592,21402,49,26.4,26409.31
810493,5003515,20395,18,1.4,35856.82
810494,5011518,20338,21,1.6,28435.73
810495,5006128,20606,28,22.0,17120.38
810496,5011509,20078,34,16.7,35069.15
810497,5008452,20463,14,1.6,11502.0
810498,5005546,21329,1,25.9,1146.28
810499,5007444,20524,44,0.3,
810500,5009881,20802,31,0.3,30956.76
810501,5001082,20258,35,0.2,1514.91
810502,5009523,20881,26,1.5,54587.2
810503,5003399,20128,25,15.7,18532.93
810504,5011714,20336,3,11.5,5087.46
810505,5002088,20450,6,16.3,3401.25
810506,5000831,20723,13,1.3,6169.4
810507,5011804,20962,46,,82548.57
810508,5010728,20955,15,20.2,23660.98
810509,5001224,21251,20,10.2,41649.6
810510,5010117,20942,42,10.3,58095.19
810511,5007106,21221,7,26.4,12071.03
810512,5000612,20286,44,26.3,38811.13
810513,5003530,20400,38,1.3,84014.57
810514,5005898,20338,38,15.3,44291.15
810515,5011038,20399,26,0.0,54207.4
810516,5011013,21199,39,6.3,7059.74
810517,5006281,20166,22,1.0,25643.77
810518,5001348,20909,10,,17165.37
810519,5010270,21359,43,11.2,30629.3
810520,5010713,20833,20,11.1,19796.43
810521,5003402,20112,42,1.8,80641.51
810522,5000500,20255,25,0.6,39630.28
810523,5009615,21468,44,26.3,77193.56
810524,5006951,21406,34,1.3,1677.56
810525,5010919,20522,37,6.8,85058.92
810526,5000805,21488,36,21.7,35409.2
810527,5001684,21198,44,,65404.47
810528,5001006,20645,14,0.9,1482.3
810529,5010856,20756,11,1.8,18108.47
810530,5001639,20242,2,0.8,2737.68
810531,5001409,20169,46,0.1,45012.86
810532,5007413,21122,44,26.3,42078.25
810533,5002483,21137,11,20.9,15215.79
810534,5005735,20520,27,0.8,48751.7
810535,5007493,20558,26,,51472.77
810536,5002905,20134,32,6.2,7332.01
810537,5006850,20787,3,11.9,775.96
810538,5008647,21185,39,0.8,1465.5
810539,5000838,21185,8,1.7,3358.48
810540,5008629,20126,20,6.0,38624.79
810541,5009362,20433,38,26.1,
810542,5004824,20176,18,0.6,16420.38
810543,5004684,20835,38,20.8,16302.1
810544,5010620,21076,22,27.0,12344.04
810545,5005489,20145,10,21.6,12839.25
810546,5002823,21222,13,20.2,6370.98
810547,5011479,21169,1,1.4,229.59
810548,5004877,20770,-6,0.1,-4636.36
810549,5008206,20289,41,,15910.22
810550,5008194,21071,4,11.7,8147.97
810551,5010948,20103,11,0.7,22830.6
810552,5001340,20540,43,11.4,36206.05
810553,5010741,20655,1,11.7,1959.74
810554,5007003,21342,16,20.9,17046.49
810555,5006566,20746,47,21.9,38439.57
810556,5010606,20553,46,0.1,56264.7
810557,5005431,20197,41,11.0,86699.88
810558,5006609,20804,25,10.0,28030.95
810559,5002372,20710,11,5.1,15481.35
810560,5010739,20574,24,0.4,15987.0
810561,5002385,20431,50,25.5,35861.32
810562,5006458,20172,5,26.9,6186.16
810563,5008226,21085,14,15.5,13560.97
810564,5008779,20745,15,25.4,14516.68
810565,5002275,20434,50,26.4,46902.34
810566,5001547,20350,18,16.8,3212.8
810567,5008191,21420,46,1.4,64580.59
810568,5009491,20717,37,17.0,18397.44
810569,5001517,21078,38,1.3,84119.21
810570,5007899,21341,12,15.4,18117.26
810571,5009918,20330,49,1.0,79940.11
810572,5006806,20066,5,1.9,10425.92
810573,5007640,20809,6,11.0,12899.78
810574,5002533,21288,15,10.8,3372.96
810575,5002542,20701,15,5.9,1684.2
810576,5004473,20136,6,10.2,6010.58
810577,5011757,20624,34,11.8,55532.08
810578,5004992,20955,3,,5040.56
810579,5010498,20561,4,0.7,287.22
810580,5010417,21435,8,0.1,8989.48
810581,5004554,21367,3,26.4,864.45
810582,5001770,20383,46,10.4,4603.0
810583,5010629,20400,-4,1.5,-8825.72
810584,5001842,20607,39,15.6,4442.01
810585,5000931,20171,27,20.6,292.84
810586,5002399,21144,8,5.5,1276.13
810587,5001068,20288,35,6.9,29498.55
810588,5008773,20403,48,12.0,63994.02
810589,5007190,20476,28,20.5,12902.79
810590,5004796,20704,30,25.3,6081.85
810591,5007365,21096,28,1.0,24593.46
810592,5006926,20666,34,1.7,10157.61
810593,5006099,20715,29,21.6,34108.77
810594,5010397,20810,11,1.8,20004.98
810595,5004718,20812,9,,17732.43
810596,5002770,21022,9,25.3,3092.98
810597,5005656,20184,16,21.7,26696.17
810598,5003879,20159,24,0.4,40915.52
810599,5003059,21205,9,15.4,5094.53
810600,5002367,21164,38,26.4,19182.13
810601,5010073,20540,48,0.1,105432.54
810602,5008979,21182,6,1.5,7058.96
810603,5001129,20447,8,26.6,6997.25
810604,5005256,20703,47,1.6,3312.74
810605,5005311,20752,38,0.4,25959.56
810606,5003409,20429,4,5.7,6634.87
810607,5006613,21389,49,15.5,48718.78
810608,5007279,21279,28,16.3,24349.77
810609,5011894,20427,2,16.0,3336.95
810610,5003665,20375,5,1.2,7555.93
810611,5003027,20926,47,0.6,
810612,5008466,21423,47,,49208.98
810613,5006745,20534,36,11.9,67094.56
810614,5002337,21160,9,1.4,2178.48
810615,5000064,20838,32,,58768.84
810616,5005417,20305,11,15.0,22663.65
810617,5010855,20747,47,5.4,90929.24
810618,5001382,20064,15,1.0,13946.82
810619,5003411,21385,27,5.4,45395.54
810620,5006123,21059,29,25.4,23711.08
810621,5010049,20854,21,,36594.21
810622,5001549,21454,4,6.6,3059.75
810623,5008051,20580,11,1.1,24060.43
810624,5004975,20070,48,20.8,23853.9
810625,5006462,21274,38,5.3,48621.04
810626,5009875,20694,33,1.6,61584.45
810627,5010862,20798,24,15.7,47597.8
810628,5009379,20614,16,11.4,33577.98
810629,5004828,21211,41,16.6,64249.5
810630,5004219,21398,5,26.5,8968.32
810631,5003555,20731,45,11.7,38032.75
810632,5000160,20467,34,1.4,66453.28
810633,5002420,21321,12,11.4,21617.83
810634,5005903,21034,7,21.9,5279.92
810635,5005052,20754,49,1.6,54408.86
810636,5007129,20303,5,21.6,2253.73
810637,5005768,20956,17,1.8,23208.67
810638,5005095,21088,36,0.8,71278.3
810639,5000881,20874,19,16.8,
810640,5003925,20687,-1,1.0,-401.17
810641,5001753,20172,44,6.4,69704.74
810642,5011364,21376,48,1.8,41318.95
810643,5007163,21008,29,5.8,24913.74
810644,5009442,21292,42,20.7,61898.53
810645,5001916,20672,30,1.4,64045.14
810646,5002252,20799,17,0.2,19398.59
810647,5008167,20140,45,0.5,106261.82
810648,5004400,20752,15,,9084.61
810649,5007781,20224,47,20.3,15738.4
810650,5010855,21357,34,15.3,65996.09
810651,5004615,20724,6,22.0,9998.26
810652,5001209,20011,32,6.8,2579.48
810653,5010460,21176,16,0.1,18940.72
810654,5006784,21213,37,20.8,56194.82
810655,5005393,21082,4,6.7,3267.81
810656,5002491,20757,41,1.9,47381.54
810657,5005365,20018,12,,14478.11
810658,5005535,21320,9,0.1,16150.44
810659,5009443,20259,5,1.5,5864.3
810660,5006472,20867,9,5.6,831.25
810661,5003265,21368,36,15.5,71511.34
810662,5009627,21471,50,1.5,
810663,5010516,20704,28,1.7,7469.74
810664,5002998,20533,48,25.3,30552.9
810665,5009066,20034,20,0.9,47796.13
810666,5007783,20317,43,1.1,103619.16
810667,5008589,20322,34,1.3,31200.55
810668,5008928,20665,33,1.4,37082.58
810669,5006804,20267,8,26.0,5104.22
810670,5008133,21430,48,15.8,37392.07
810671,5002890,20932,2,5.1,
810672,5001521,20983,48,,56099.29
810673,5007242,20171,28,1.3,377.51
810674,5006750,21061,10,21.9,17052.28
810675,5007328,21397,23,1.3,6761.72
810676,5000638,20803,33,20.0,48476.47
810677,5009859,21450,22,,4109.73
810678,5000833,20753,42,15.4,36575.57
810679,5007015,20814,22,1.6,32428.7
810680,5007168,21093,43,1.2,104432.04
810681,5002393,20299,45,20.5,58428.8
810682,5011467,20071,47,5.0,72195.92
810683,5001112,21043,6,1.7,924.16
810684,5002919,21027,42,0.3,50446.03
810685,5008385,20991,33,16.6,45394.24
810686,5000172,20360,8,10.0,4172.11
810687,5008819,20251,50,11.7,18352.27
810688,5007931,20990,41,0.3,78976.82
810689,5001906,20931,39,0.7,35555.26
810690,5008926,20453,33,6.2,4460.16
810691,5005806,21146,46,20.8,54007.16
810692,5004844,20412,20,1.8,17226.05
810693,5006159,20509,15,21.5,10410.28
810694,5010583,20600,10,15.6,15056.2
810695,5005913,20490,18,20.9,25804.24
810696,5000177,20317,6,0.9,14487.73
810697,5006904,20517,38,20.3,1766.58
810698,5005802,21421,38,10.6,46395.56
810699,5000160,20084,25,10.5,25384.88
810700,5004021,21481,46,6.7,
810701,5000721,20526,4,10.8,3725.21
810702,5010202,20007,7,20.3,12101.86
810703,5009291,20823,47,0.1,69691.87
810704,5004049,20473,34,25.7,7673.59
810705,5009272,20731,24,1.2,
810706,5005391,21097,18,26.5,32881.18
810707,5000139,20990,29,11.2,49754.41
810708,5009222,20749,13,0.7,28378.37
810709,5000496,21234,15,25.9,17193.9
810710,5000555,20986,20,5.1,10769.25
810711,5000700,20109,27,11.9,40644.13
810712,5009709,20757,2,15.9,
810713,5010147,20979,18,1.0,39771.92
810714,5001427,21041,10,0.7,21154.57
810715,5008607,20364,3,20.0,
810716,5003634,20553,13,15.5,13449.7
810717,5010895,21174,6,25.7,9689.82
810718,5011018,21396,39,0.8,68075.4
810719,5009212,20030,27,1.2,34778.03
810720,5006873,21213,2,0.0,3835.3
810721,5005653,21420,4,15.6,4806.95
810722,5010857,21067,24,1.0,43072.84
810723,5008619,20652,13,26.9,15690.59
810724,5002312,20509,19,1.0,16629.92
810725,5001627,20530,20,11.5,23451.97
810726,5008097,21120,40,1.6,20352.66
810727,5006627,20068,31,26.8,14179.1
810728,5003281,20054,37,0.1,79990.52
810729,5000898,21410,36,21.3,10956.27
810730,5010201,21236,32,,39765.84
810731,5001481,20923,17,5.4,6509.03
810732,5002731,20561,43,5.4,2941.43
810733,5006980,20883,46,1.8,111749.2
810734,5004499,21385,1,21.1,1402.28
810735,5004865,21345,-6,0.7,-12450.31
810736,5009067,21231,2,26.8,1329.44
810737,5005129,20473,38,10.2,10365.51
810738,5009650,20269,10,6.8,9077.49
810739,5003863,20832,16,1.6,38033.73
810740,5002359,20755,38,0.4,32566.69
810741,5004530,20768,20,16.7,7330.07
810742,5003601,21011,1,21.9,1797.69
810743,5005296,20031,39,21.9,21057.83
810744,5000725,20061,50,0.3,21067.11
810745,5005475,20020,16,,1588.95
810746,5002409,20838,23,0.5,47012.2
810747,5009184,20694,35,1.8,65184.08
810748,5001427,20918,30,0.9,7966.15
810749,5004868,20765,1,15.2,27.08
810750,5010810,20427,24,0.1,47623.05
810751,5008285,20494,8,16.6,12929.0
810752,5009119,20509,38,0.9,33293.44
810753,5007154,20361,50,16.4,20849.42
810754,5002955,20441,18,6.1,7172.53
810755,5000202,21298,40,10.8,88904.57
810756,5003668,21278,49,21.8,87494.55
810757,5001942,20481,12,5.2,19495.51
810758,5003990,20232,41,20.7,46579.75
810759,5010029,20395,48,20.8,76804.87
810760,5002023,21324,6,15.2,2671.35
810761,5004845,21260,32,5.9,69533.73
810762,5000541,21024,19,6.7,
810763,5000936,20798,29,15.0,57991.59
810764,5009570,20566,19,1.7,23212.52
810765,5009572,20028,23,26.5,23554.58
810766,5008147,20961,2,20.9,2510.46
810767,5005013,20413,38,6.4,27736.64
810768,5009419,20859,27,10.4,399.41
810769,5011837,20189,20,21.7,33774.08
810770,5003294,20168,36,17.0,66702.02
810771,5007645,20964,16,7.0,2906.06
810772,5007487,21497,45,1.4,64608.93
810773,5001968,20571,33,,70969.1
810774,5004480,21033,26,0.1,13051.42
810775,5005629,20742,14,5.7,6760.74
810776,5004033,20311,25,0.8,40221.88
810777,5006634,20924,12,0.6,22931.94
810778,5007083,20458,27,10.3,10844.06
810779,5006179,20101,49,26.5,9577.47
810780,5007473,20146,34,27.0,2454.2
810781,5000223,20130,32,1.0,12796.82
810782,5008859,20828,39,6.2,74354.38
810783,5002078,20170,11,1.4,13285.92
810784,5005911,20312,30,21.5,37514.21
810785,5002523,20947,15,26.9,22456.21
810786,5004176,20929,5,20.3,2575.66
810787,5000958,21233,47,25.2,
810788,5010917,20146,27,15.9,2245.27
810789,5007445,20724,19,5.1,38521.07
810790,5008517,20250,15,15.8,12829.43
810791,5004756,20102,23,20.8,14065.48
810792,5004896,20188,43,1.2,44236.04
810793,5001629,20618,11,16.4,19132.0
810794,5010895,20476,4,,461.48
810795,5005216,20291,17,1.6,18094.34
810796,5009106,21026,21,1.6,4411.35
810797,5002432,20881,42,11.0,79674.72
810798,5005715,20862,12,1.0,3280.19
810799,5004842,20224,16,25.3,5021.63
810800,5010184,20957,9,1.5,20820.34
810801,5006108,20007,20,10.1,40137.11
810802,5000390,20323,46,20.2,32673.06
810803,5000069,20688,36,6.1,84410.62
810804,5001573,20659,21,1.6,15421.75
810805,5004127,21023,38,11.3,29889.81
810806,5010736,21363,20,25.3,27592.24
810807,5009713,20565,4,20.7,2999.41
810808,5003647,21472,35,16.2,24441.86
810809,5009529,21433,14,,28471.52
810810,5003608,21181,49,25.4,28153.89
810811,5011594,20276,8,0.2,3506.89
810812,5008535,20450,15,0.1,10148.89
810813,5011132,20134,10,11.6,2159.35
810814,5005257,21257,3,6.9,3912.46
810815,5009572,20829,43,1.3,88837.08
810816,5005862,20428,11,20.4,195.08
810817,5006869,21249,26,0.4,4292.78
810818,5008165,20666,1,11.9,267.75
810819,5000788,21191,34,16.2,54957.08
810820,5003228,20360,48,10.5,24893.6
810821,5006360,20924,44,25.7,62851.35
810822,5008669,20510,6,15.6,10627.56
810823,5004424,20953,7,5.3,13670.12
810824,5001156,20559,44,21.9,58013.65
810825,5000293,20754,12,6.4,12674.64
810826,5005869,20066,6,1.2,12600.38
810827,5010085,21133,14,11.1,4418.83
810828,5009691,21412,4,0.1,6122.63
810829,5002940,20559,26,20.5,34895.3
810830,5002575,20144,8,0.8,11170.55
810831,5008978,21109,4,1.4,8798.67
810832,5002723,20522,23,1.4,55938.01
810833,5006160,20168,45,16.7,83678.89
810834,5002288,21070,17,21.2,6198.33
810835,5005453,20921,3,21.2,4290.12
810836,5006138,20364,36,26.5,10080.47
810837,5011669,21223,8,,17147.22
810838,5004845,20697,22,15.9,31103.53
810839,5000120,20005,36,6.2,27196.41
810840,5009180,20427,21,1.1,41253.05
810841,5011675,20875,23,26.5,30664.49
810842,5010421,20680,39,26.8,14502.1
810843,5009633,21456,24,16.7,44319.47
810844,5001872,20939,19,11.7,22026.52
810845,5009333,21232,44,26.5,12541.13
810846,5007244,20759,45,1.2,19850.95
810847,5007867,20915,44,11.9,38849.67
810848,5006712,21437,44,26.1,39434.43
810849,5009029,20205,49,6.1,45821.43
810850,5007653,20184,6,25.5,9525.21
810851,5010663,20710,11,5.7,15383.47
810852,5004246,20571,46,25.0,74418.23
810853,5004738,20312,17,16.3,22666.23
810854,5001975,20161,16,1.8,26750.15
810855,5001508,20057,50,,
810856,5006079,20493,18,25.5,16617.94
810857,5006264,20899,16,1.0,5975.64
810858,5000222,21360,41,0.6,50012.49
810859,5011328,20889,45,6.6,19912.55
810860,5000766,20199,41,0.7,53167.92
810861,5005352,20419,7,1.9,10382.15
810862,5004564,20626,41,25.2,14240.69
810863,5003257,20645,8,11.4,757.28
810864,5008454,20646,44,21.1,66147.52
810865,5002836,20501,22,25.6,14454.09
810866,5007356,20362,43,,13598.78
810867,5002842,20719,33,,3069.7
810868,5010794,20554,41,16.2,58268.08
810869,5008034,21373,5,,5876.63
810870,5011524,21382,9,0.3,15385.55
810871,5011066,20743,10,,1757.2
810872,5004297,21031,35,0.2,26239.77
810873,5003157,20996,29,15.8,16320.01
810874,5001997,20165,6,26.1,3944.04
810875,5006005,20537,1,0.1,314.79
810876,5001086,20250,30,16.3,25506.49
810877,5005105,20342,22,0.1,28113.38
810878,5007172,20848,42,26.5,42794.77
810879,5004545,21312,41,20.0,54176.74
810880,5008846,20947,17,11.5,30812.01
810881,5004986,20922,31,0.2,24667.8
810882,5011974,20202,28,0.1,46064.85
810883,5010193,20091,43,0.6,44529.04
810884,5005273,21066,7,0.5,1378.79
810885,5010674,20559,45,1.1,75133.79
810886,5006396,20799,44,5.5,47541.74
810887,5005682,21094,42,16.1,14750.27
810888,5006686,21416,37,5.5,61460.08
810889,5009449,20273,41,10.1,60383.89
810890,5003471,20479,-10,0.2,
810891,5003787,21424,10,,8093.37
810892,5003283,21497,42,21.7,47886.62
810893,5011679,20054,4,1.3,8543.75
810894,5007700,21200,23,,27905.94
810895,5009255,21297,16,0.8,39390.49
810896,5003751,21199,17,20.5,2610.96
810897,5007584,21218,32,6.6,74638.7
810898,5009271,21034,22,6.1,19951.08
810899,5005834,20519,36,1.9,29234.23
810900,5010753,21176,9,15.0,9065.1
810901,5005996,20210,45,1.9,108546.37
810902,5008075,20689,42,11.8,90725.94
810903,5011679,20254,5,26.6,
810904,5010040,21477,48,,73401.39
810905,5000059,21450,17,15.9,337.7
810906,5001159,20075,33,15.4,43020.52
810907,5001377,20736,21,11.9,30266.16
810908,5006843,20257,23,1.4,15030.3
810909,5001512,20665,25,25.0,21368.81
810910,5007314,20978,43,,47769.19
810911,5001889,20643,12,21.4,18163.2
810912,5001547,20956,17,2.0,23161.4
810913,5008372,20878,23,6.7,51278.43
810914,5003658,21184,44,16.4,71125.54
810915,5010043,21094,15,25.6,4671.46
810916,5008470,20533,32,5.5,25767.5
810917,5011900,21483,33,16.8,34347.18
810918,5002526,20564,35,1.0,57002.72
810919,5005812,20564,26,0.9,42387.65
810920,5006131,21450,18,0.7,23974.93
810921,5004332,21016,41,10.6,75654.96
810922,5009153,20384,29,16.8,10828.89
810923,5006435,20231,-9,21.9,-11906.21
810924,5011909,21360,2,11.3,2177.02
810925,5009682,20331,45,10.7,9993.61
810926,5010506,21137,18,0.8,31225.5
810927,5005582,21014,12,1.0,3293.85
810928,5010336,20517,7,10.5,365.44
810929,5005661,20207,31,11.1,67612.7
810930,5011196,20267,38,16.1,27488.66
810931,5003414,21087,8,1.0,18981.47
810932,5003995,20084,6,5.7,6419.11
810933,5009891,20320,2,15.4,1526.78
810934,5007040,20330,17,0.4,27902.41
810935,5009738,20465,43,25.7,23916.38
810936,5006568,21153,15,0.7,20788.21
810937,5000334,21368,-1,21.8,-1838.33
810938,5003772,21375,30,26.1,42607.19
810939,5006399,21079,34,16.8,61467.0
810940,5003271,20406,5,1.5,9840.0
810941,5003575,21010,28,1.5,34353.1
810942,5000427,20080,44,1.9,101909.77
810943,5003004,20268,34,20.4,6833.66
810944,5003131,20021,37,0.3,27651.63
810945,5001064,20812,44,1.2,86691.86
810946,5002878,21446,13,5.8,10368.93
810947,5003785,21355,35,10.8,73200.6
810948,5000025,20306,26,0.6,41355.31
810949,5003470,21072,14,15.2,23233.15
810950,5010086,20722,8,20.0,15059.33
810951,5004580,21280,43,20.2,1452.51
810952,5006024,20716,43,20.9,8976.37
810953,5007929,20263,40,15.8,50403.13
810954,5004912,21065,30,6.2,49105.14
810955,5003662,21341,1,5.7,1682.88
810956,5008048,20859,14,25.2,172.89
810957,5003532,21293,50,21.5,69736.65
810958,5006243,20524,46,10.6,29818.19
810959,5001551,20813,28,10.8,9077.78
810960,5003424,20323,5,0.4,4432.6
810961,5005458,20816,47,0.7,107719.0
810962,5005614,20906,30,0.1,274.53
810963,5009248,20639,3,1.6,4591.42
810964,5011803,21008,36,11.2,
810965,5004348,20262,25,11.1,
810966,5005562,20387,12,1.0,4443.83
810967,5005041,21360,39,0.2,47764.3
810968,5000326,20990,12,1.6,22813.76
810969,5008971,20277,30,6.4,57093.38
810970,5003577,21121,7,6.1,13188.26
810971,5010630,20740,11,6.9,19535.53
810972,5002963,21205,47,1.9,30850.19
810973,5007949,21226,34,16.4,28417.46
810974,5007561,21213,21,1.3,39747.13
810975,5010364,20506,1,21.1,876.39
810976,5008217,21090,24,11.7,19199.53
810977,5002744,21094,23,0.5,9579.43
810978,5011401,20757,3,1.5,3481.08
810979,5003901,20147,12,0.8,10070.66
810980,5002794,21469,44,21.9,39234.41
810981,5008694,21432,8,0.5,15800.28
810982,5002681,20375,35,1.3,52837.96
810983,5004057,20479,35,26.9,22283.0
810984,5002373,20785,18,,10889.47
810985,5009101,21203,35,0.5,66246.9
810986,5009677,20192,8,25.4,12520.27
810987,5006307,20369,10,20.4,8824.69
810988,5004359,20788,22,0.7,49700.74
810989,5003830,21454,27,5.1,20984.98
810990,5011929,20474,10,20.6,6670.31
810991,5002343,20243,31,16.2,57900.03
810992,5001974,20627,37,15.9,1096.25
810993,5009203,21198,33,1.0,51717.59
810994,5007391,20226,44,,2131.83
810995,5000522,20371,26,,24148.35
810996,5002767,20083,40,5.8,29269.82
810997,5006299,20771,26,26.0,7327.94
810998,5001699,21190,46,0.0,18578.94
810999,5010482,20851,13,6.9,29188.68
811000,5006655,20244,3,10.4,3377.23
811001,5009525,20233,28,7.0,26894.37
811002,5002155,20488,45,21.8,12069.47
811003,5008594,20736,29,,39661.24
811004,5008243,20625,9,26.4,5208.05
811005,5002013,21141,49,10.9,66016.34
811006,5001371,20028,13,0.4,18041.1
811007,5003510,20965,27,5.7,30994.18
811008,5008941,21223,47,5.9,96435.65
811009,5002068,21354,-5,26.5,-996.73
811010,5008685,20806,37,27.0,29396.6
811011,5007183,20626,11,25.1,3825.78
811012,5003082,20779,49,0.9,63275.78
811013,5007021,20343,8,1.8,7219.43
811014,5007986,21384,-5,26.2,-9217.07
811015,5000552,20762,50,,102071.08
811016,5009223,21467,11,11.1,5755.72
811017,5001218,20302,16,0.9,20785.79
811018,5011795,20396,44,21.7,63536.38
811019,5006156,21044,36,10.7,25855.35
811020,5008963,20805,42,0.4,99883.1
811021,5001926,20085,50,1.7,86226.3
811022,5008442,21488,46,25.1,43280.43
811023,5000839,21224,15,1.0,36959.42
811024,5011781,21256,27,,37196.12
811025,5011056,20466,4,6.5,6877.26
811026,5004994,20318,42,25.8,57305.61
811027,5006424,21364,4,10.2,4109.86
811028,5002054,20184,4,26.4,6273.43
811029,5004037,21113,5,25.2,5902.84
811030,5007412,20369,36,22.0,31130.33
811031,5005832,20521,42,16.3,64052.7
811032,5006103,20047,46,0.6,21380.09
811033,5002582,21333,-10,6.2,-309.73
811034,5010654,20133,50,20.8,83158.42
811035,5005388,20206,38,5.1,77607.23
811036,5004127,20749,32,2.0,68939.94
811037,5007797,20040,6,16.8,8210.29
811038,5003501,20322,43,20.9,31623.59
811039,5011403,21005,33,0.1,48983.03
811040,5005024,20133,19,25.7,29645.14
811041,5002494,21098,25,25.1,13569.07
811042,5009332,20131,47,25.6,37746.21
811043,5003571,20254,41,,4075.42
811044,5007846,21480,1,26.0,58.96
811045,5000128,20033,34,21.0,22513.25
811046,5007196,21002,40,1.9,62508.14
811047,5008378,21455,32,15.4,12553.56
811048,5010071,20396,9,10.8,14805.24
811049,5008549,21412,19,11.1,25880.22
811050,5005305,20698,11,1.1,23270.07
811051,5005123,20536,2,2.0,3479.63
811052,5011910,20321,33,16.9,11519.58
811053,5006723,21431,34,11.9,68161.82
811054,5004486,21295,4,10.5,1851.15
811055,5011063,20401,4,1.5,7143.06
811056,5006298,21315,32,11.1,61836.28
811057,5009589,20182,22,5.2,43555.88
811058,5001171,20024,44,5.4,3163.42
811059,5007315,20379,42,0.3,9543.92
811060,5004331,21353,12,16.3,781.32
811061,5003382,20831,47,5.8,
811062,5010827,20200,3,20.8,1514.01
811063,5000412,21246,14,6.4,8266.92
811064,5010214,20329,10,0.8,16950.2
811065,5009630,20918,49,0.6,13050.77
811066,5009937,20452,25,16.8,27333.49
811067,5003008,21378,33,1.7,23386.57
811068,5003009,21463,42,5.8,17332.99
811069,5001735,20140,45,5.0,101456.01
811070,5001088,20848,26,21.6,28258.14
811071,5011756,20302,34,1.8,43768.66
811072,5001564,21191,50,26.2,71174.93
811073,5009282,20104,6,16.3,3273.84
811074,5011188,20693,18,,7082.64
811075,5007887,20802,33,5.4,31268.26
811076,5004377,20837,34,15.2,14733.15
811077,5000803,20052,48,1.5,81992.98
811078,5001431,21348,40,15.5,19203.47
811079,5011213,21277,6,1.9,6459.83
811080,5009747,20098,3,0.2,3095.26
811081,5006899,21152,5,10.8,10542.68
811082,5005325,21496,10,0.2,14240.56
811083,5009214,21281,29,0.5,31350.96
811084,5001036,21207,25,,6251.88
811085,5005598,20604,7,10.7,11103.15
811086,5004550,20545,-8,1.4,-9195.99
811087,5008021,20225,8,1.5,16465.18
811088,5002184,20171,26,1.3,350.54
811089,5003785,20877,21,,46355.18
811090,5006447,20895,36,12.0,9803.06
811091,5008168,20366,2,1.7,3208.28
811092,5007080,21144,32,25.2,4040.4
811093,5008383,20248,40,6.8,9687.58
811094,5001794,20775,13,,30406.34
811095,5001241,20657,19,1.7,1338.58
811096,5004363,20690,38,1.6,85448.95
811097,5005181,20169,42,20.6,14086.2
811098,5010924,20416,14,1.4,4572.16
811099,5011933,20773,4,12.0,2020.73
811100,5009989,20931,39,1.7,35197.2
811101,5011041,21420,4,25.9,
811102,5006134,20032,27,0.4,30811.24
811103,5005375,20916,50,0.1,59669.77
811104,5011770,21001,30,6.7,27526.21
811105,5002748,21123,47,26.4,69308.88
811106,5000157,21212,29,16.6,36728.62
811107,5009753,20558,13,1.8,28238.14
811108,5001365,20190,27,1.0,43786.95
811109,5010255,20736,20,25.8,
811110,5008416,21462,48,25.6,12724.54
811111,5008305,20073,28,26.6,19707.52
811112,5009589,20026,45,11.0,26889.17
811113,5000627,20595,5,11.8,10741.35
811114,5003578,21046,6,20.3,6963.12
811115,5003245,20502,15,6.6,17577.23
811116,5001902,21193,19,1.0,25021.44
811117,5004787,20664,7,11.8,
811118,5007999,20632,22,5.2,24605.49
811119,5000875,20704,38,0.2,
811120,5001949,20636,32,21.4,7397.71
811121,5002532,21096,29,6.9,23953.78
811122,5009196,20234,23,10.8,34427.9
811123,5010985,20027,49,1.9,720.07
811124,5006150,20940,3,26.0,1105.83
811125,5005258,20683,24,0.2,24384.33
811126,5011018,20646,29,16.6,46083.76
811127,5006267,20746,5,16.6,4366.82
811128,5009265,20990,16,16.9,25688.67
811129,5003847,20514,3,16.8,5591.41
811130,5002418,20055,32,15.1,46521.67
811131,5007442,21489,45,1.8,64737.47
811132,5007645,20241,2,11.3,3227.1
811133,5009743,21381,20,6.9,41907.29
811134,5005786,21417,12,,17893.65
811135,5009368,20188,39,1.5,39999.23
811136,5008682,21477,49,20.5,
811137,5004254,21157,22,15.2,29176.68
811138,5008569,20300,28,21.0,53395.03
811139,5011657,20108,42,16.6,82519.66
811140,5007478,20225,46,5.4,90926.25
811141,5011489,20197,46,0.7,108530.47
811142,5001483,21394,45,5.5,2365.24
811143,5009544,21260,12,11.3,24578.81
811144,5000226,21200,32,1.9,40262.12
811145,5002735,20326,24,10.6,46547.08
811146,5008724,20543,21,0.7,48185.65
811147,5004569,20649,36,10.5,60686.69
811148,5010940,20644,35,16.0,68111.86
811149,5000828,21485,28,6.1,63284.84
811150,5001570,21419,36,6.5,70994.33
811151,5011799,20324,49,0.5,89392.78
811152,5010954,21046,22,21.8,25050.92
811153,5010109,21368,47,0.5,109935.16
811154,5001229,20457,4,21.8,7788.41
811155,5009000,21022,6,,2164.12
811156,5003575,20150,12,11.2,8303.05
811157,5001875,20750,3,1.9,5154.34
811158,5000089,21493,18,22.0,32733.56
811159,5011442,20371,18,0.8,22441.6
811160,5002473,20616,8,0.4,1791.13
811161,5009245,20452,50,1.1,64982.74
811162,5007338,20703,24,1.4,1695.05
811163,5002215,20107,3,0.3,6749.01
811164,5007418,21266,24,5.4,32129.79
811165,5006884,20499,42,1.2,18250.77
811166,5002471,20808,33,21.4,60424.91
811167,5008602,21201,35,,62148.36
811168,5010087,20927,14,10.7,4479.09
811169,5010537,21176,9,26.1,7881.3
811170,5006405,20965,27,6.9,30599.77
811171,5011814,21065,2,26.7,2558.21
811172,5011864,21179,22,26.9,30236.09
811173,5003083,21221,46,20.3,85898.33
811174,5007199,20602,8,25.2,3803.61
811175,5008005,21141,22,0.8,32999.85
811176,5011948,20771,48,21.0,14442.59
811177,5005296,21470,38,,68466.48
811178,5007549,21262,17,26.9,16509.39
811179,5000839,20257,10,0.4,6601.19
811180,5008449,20894,50,26.4,69907.49
811181,5003422,20899,14,11.6,4668.85
811182,5009756,20649,29,26.4,40201.64
811183,5006291,20364,-4,1.1,-1507.12
811184,5008685,21002,19,10.8,26997.66
811185,5001374,21405,25,,16969.13
811186,5009815,20616,31,1.7,6850.03
811187,5007611,20784,-6,0.4,-7619.4
811188,5001218,21317,31,11.3,49035.68
811189,5008007,20241,25,6.4,42567.17
811190,5002986,20708,14,0.4,8147.62
811191,5002422,20954,1,6.2,1966.55
811192,5010431,20086,45,0.0,41891.85
811193,5004239,20051,38,6.7,81433.23
811194,5006927,20031,28,26.8,14169.91
811195,5010767,20798,20,25.7,34959.64
811196,5011977,20271,17,1.3,39672.27
811197,5009292,21216,49,10.3,44011.9
811198,5000911,21431,17,21.1,30521.95
811199,5005160,20598,43,20.4,47254.15
811200,5011399,20528,4,,8883.06
811201,5002248,21369,16,0.2,10140.64
811202,5004659,21017,24,1.6,14879.97
811203,5003681,20845,15,20.9,20971.98
811204,5006857,21206,35,20.2,4501.76
811205,5000899,21219,32,0.1,50013.62
811206,5010646,21172,20,1.4,10790.78
811207,5008590,21480,22,6.5,1639.02
811208,5005636,21337,-8,21.0,-15500.24
811209,5005075,20288,22,0.7,19776.75
811210,5005991,20675,49,1.6,100027.47
811211,5009593,21294,19,,18663.23
811212,5005144,21488,49,15.7,51889.03
811213,5008078,21403,6,25.3,4097.94
811214,5004015,21449,-9,6.9,-904.09
811215,5009721,21377,31,2.0,14021.59
811216,5009119,21205,41,6.0,25787.11
811217,5009028,20658,11,21.3,18216.75
811218,5005549,21478,48,11.0,95401.02
811219,5004573,20055,40,,68220.82
811220,5006363,20146,25,6.5,2311.32
811221,5007109,20094,13,5.5,11326.16
811222,5008956,21027,5,5.5,5692.25
811223,5004693,20343,42,11.6,34119.52
811224,5005874,21423,9,15.8,7958.04
811225,5002523,20671,8,1.3,7653.67
811226,5001421,20197,47,15.5,94362.44
811227,5005013,20761,19,1.1,36045.84
811228,5007033,21188,49,6.8,35580.4
811229,5004318,20665,15,21.9,13351.23
811230,5000779,20160,10,,3732.91
811231,5002011,21301,5,5.4,5356.77
811232,5011535,21355,36,1.1,83479.63
811233,5005060,20545,5,26.1,4307.7
811234,5010685,21082,48,11.2,37322.43
811235,5009853,20108,30,,63324.44
811236,5004327,21093,16,20.2,31385.66
811237,5007380,20667,35,25.6,19175.07
811238,5008347,20487,43,12.0,68116.16
811239,5010805,20833,19,26.4,15569.93
811240,5006438,20889,31,22.0,11455.76
811241,5001105,21147,50,16.0,61703.04
811242,5011638,20986,46,0.2,26048.2
811243,5010344,21294,35,10.5,33085.78
811244,5011352,20473,50,12.0,13365.44
811245,5011942,20087,16,11.5,18557.95
811246,5005139,20437,16,5.6,37140.43
811247,5000509,20808,37,25.9,63870.37
811248,5004148,21381,41,1.8,34885.41
811249,5008632,21490,15,16.2,
811250,5004797,20443,34,0.9,
811251,5006315,20859,7,1.0,114.41
811252,5000204,20042,28,21.4,20611.59
811253,5002086,21122,19,20.2,19674.06
811254,5009482,20643,23,21.0,34989.97
811255,5000998,20522,38,5.9,88201.4
811256,5005014,20402,11,,23971.83
811257,5002724,21254,37,25.3,57307.26
811258,5000656,20430,33,20.3,46816.04
811259,5007694,21440,19,16.5,30777.15
811260,5009641,21334,7,,2715.2
811261,5004382,20453,46,1.3,6541.97
811262,5008498,21001,3,6.4,2761.47
811263,5000229,20381,34,0.5,21201.6
811264,5009603,20428,31,1.2,682.39
811265,5007163,21271,47,,53314.23
811266,5004661,21255,38,,87425.54
811267,5009806,20109,27,15.4,39029.44
811268,5009743,21088,14,,24673.56
811269,5006641,20645,23,15.7,2071.52
811270,5002492,20320,33,26.9,21767.39
811271,5000517,21352,13,0.8,
811272,5008515,20094,26,20.2,19128.62
811273,5011662,20650,1,15.6,2008.47
811274,5010570,20424,27,25.1,30262.71
811275,5000415,20334,17,20.1,17976.96
811276,5000031,20560,42,20.1,
811277,5010264,20713,34,0.5,43815.6
811278,5006496,21348,33,1.7,18430.22
811279,5002341,21378,28,26.2,14897.5
811280,5003286,20452,16,6.4,19680.11
811281,5005084,20961,26,1.3,40722.77
811282,5003565,21050,31,,32608.23
811283,5010155,21227,43,1.2,80521.62
811284,5011102,20416,8,1.3,2615.31
811285,5009569,21140,44,25.0,26641.56
811286,5005662,21313,18,15.4,33324.04
811287,5008616,21128,19,,36762.85
811288,5011484,21138,48,16.5,87159.17
811289,5000389,20341,50,6.6,35129.14
811290,5007733,20744,49,11.1,21741.3
811291,5002365,20746,15,1.9,15409.55
811292,5010670,20305,38,1.3,90911.54
811293,5005690,20551,36,11.4,61001.42
811294,5002017,20022,3,11.0,5044.99
811295,5006132,21489,28,10.5,36712.4
811296,5002424,20363,13,1.0,20144.51
811297,5010006,20641,50,11.0,98011.25
811298,5000772,20268,14,21.0,2792.65
811299,5011808,20972,36,25.1,6984.48
811300,5005378,21112,-7,6.0,-7152.0
811301,5006665,21339,26,1.0,32016.44
811302,5003585,21102,11,6.1,13415.31
811303,5003292,21205,3,,1569.71
811304,5005465,20584,18,21.7,29653.78
811305,5011323,21156,-7,11.2,
811306,5002200,20520,45,1.5,80679.48
811307,5011575,20309,50,15.1,84701.33
811308,5003873,21210,37,1.2,61666.32
811309,5008998,21421,46,0.8,62319.62
811310,5008272,20489,-1,,-1083.17
811311,5002481,21157,48,16.4,62757.38
811312,5004681,21247,45,21.4,23413.88
811313,5005185,21076,1,25.3,574.16
811314,5000361,21236,27,6.9,42042.14
811315,5007963,21399,36,0.0,42957.0
811316,5002259,20559,28,1.1,46749.91
811317,5011127,20271,46,,90381.55
811318,5005000,20514,28,16.4,
811319,5003437,21058,16,5.3,20942.03
811320,5001026,20251,5,26.6,1525.55
811321,5005374,20534,10,1.0,20943.25
811322,5003053,20045,7,0.8,1179.09
811323,5009505,20362,37,0.0,89187.39
811324,5009793,21359,46,1.1,36493.01
811325,5005037,21279,41,0.9,42215.2
811326,5003090,20433,23,11.1,7049.72
811327,5001463,21088,16,0.9,31647.31
811328,5000086,20975,40,1.1,59755.38
811329,5003529,21253,24,1.6,13540.23
811330,5000727,20441,37,16.7,13079.2
811331,5007954,21154,36,0.3,19238.83
811332,5009040,20136,38,10.7,37855.07
811333,5009060,20736,3,25.9,3636.65
811334,5009611,21290,12,0.2,26934.86
811335,5001258,21338,29,20.8,41215.62
811336,5002009,21430,48,15.2,37658.53
811337,5000412,20326,49,1.9,104281.85
811338,5003833,20638,35,0.4,76976.81
811339,5001219,20734,7,25.3,9227.62
811340,5011663,20327,12,15.4,16563.29
811341,5000683,20912,42,2.0,45730.82
811342,5008103,20277,26,0.1,52811.38
811343,5001828,20293,31,1.3,19243.37
811344,5004229,21440,50,21.7,
811345,5007796,21055,32,6.4,67721.47
811346,5006429,20072,3,20.8,52.6
811347,5001354,20572,10,5.5,19114.7
811348,5009886,21152,16,0.4,37669.99
811349,5010665,20502,5,,6166.46
811350,5005630,21308,28,,39339.36
811351,5003598,20858,21,11.3,37798.65
811352,5010753,20945,4,21.9,1712.33
811353,5009444,21170,22,10.5,46749.18
811354,5006601,20947,9,1.5,18155.43
811355,5008933,20295,12,16.0,519.62
811356,5009690,21015,17,11.3,25053.31
811357,5011205,20482,48,25.5,18794.03
811358,5006000,21459,23,0.7,4477.13
811359,5006235,21154,18,5.5,9117.7
811360,5000477,21135,50,,24656.16
811361,5006825,20631,36,25.1,
811362,5009180,20648,28,0.2,20072.73
811363,5004537,20071,32,25.5,56194.69
811364,5000321,20071,29,0.1,12246.04
811365,5004594,20319,24,21.0,7550.06
811366,5001724,21322,35,,18961.65
811367,5002088,20226,8,26.4,361.11
811368,5005157,20135,20,20.9,18642.6
811369,5006713,20836,8,6.3,12181.9
811370,5002143,20386,42,25.9,62835.94
811371,5004957,20810,13,0.5,23955.23
811372,5003704,20466,13,15.5,20199.66
811373,5002316,20760,43,10.4,61770.02
811374,5003064,20433,27,21.2,
811375,5009363,21317,27,1.5,47427.13
811376,5011595,21217,21,25.3,22765.45
811377,5011996,21050,-5,20.5,-4959.93
811378,5002508,21185,40,6.1,
811379,5007513,20704,3,,809.28
811380,5010269,21401,44,21.4,15380.54
811381,5005787,21141,11,7.0,15468.68
811382,5004448,20236,28,0.8,
811383,5004486,21072,37,20.6,57491.86
811384,5003645,20541,3,1.8,1187.44
811385,5001951,20934,32,6.3,34954.15
811386,5001715,20643,12,10.5,20682.02
811387,5010485,20024,30,1.9,2236.68
811388,5010128,20872,10,21.6,1913.12
811389,5002670,21050,12,,11873.87
811390,5005566,20911,17,16.8,27071.76
811391,5000278,20475,11,20.4,5346.59
811392,5009415,20489,20,0.7,28720.54
811393,5010962,20590,37,1.4,18306.3
811394,5011686,20918,36,0.7,9578.68
811395,5002957,20929,38,26.4,18076.84
811396,5011660,20258,19,1.4,812.49
811397,5009304,20891,35,1.9,62191.67
811398,5002526,20624,31,15.2,48680.38
811399,5004683,21116,18,5.9,40496.73
811400,5001372,20155,-2,26.3,-2498.25
811401,5008091,20517,31,11.9,1593.05
811402,5007719,20706,41,5.0,36797.23
811403,5009733,20301,39,25.9,15258.96
811404,5001448,20366,48,6.2,73473.77
811405,5008642,21253,20,26.2,8462.65
811406,5006746,20912,22,16.3,20458.87
811407,5007282,20972,27,5.1,6637.13
811408,5003425,20728,28,1.6,31169.58
811409,5010874,20253,37,5.4,34084.6
811410,5009220,20605,7,26.5,9621.46
811411,5009468,20354,21,0.3,
811412,5004893,21031,2,0.1,1500.92
811413,5000931,21235,48,10.6,92852.56
811414,5007886,20796,6,,11674.87
811415,5001781,20375,26,0.8,39449.9
811416,5007474,20211,26,26.9,38685.57
811417,5009756,20390,33,1.8,60723.66
811418,5006717,20999,38,6.2,54157.85
811419,5007535,21313,34,0.8,73808.33
811420,5003226,21470,45,5.6,78100.33
811421,5007162,20144,30,26.9,30868.23
811422,5000582,21489,42,0.3,61344.57
811423,5007597,20943,12,2.0,4444.81
811424,5004059,21264,47,0.6,23315.09
811425,5010981,21441,22,0.5,51274.7
811426,5000392,21279,36,0.1,37366.24
811427,5004543,21341,6,15.5,9047.92
811428,5007154,20732,35,15.7,37853.44
811429,5009676,20354,49,6.4,50554.97
811430,5010755,20955,44,,68709.74
811431,5001819,21038,41,11.7,64750.15
811432,5009701,20298,47,,66714.11
811433,5005694,20034,19,1.8,44993.95
811434,5006329,20483,8,5.5,17480.99
811435,5008234,21468,45,11.6,94694.7
811436,5011762,21003,32,1.0,67532.26
811437,5005318,20032,42,20.8,38111.9
811438,5011843,21021,31,22.0,15149.98
811439,5008961,21263,3,5.0,6449.41
811440,5004410,20720,39,10.7,73803.29
811441,5008596,20169,39,1.1,21890.2
811442,5000830,21369,30,11.3,16898.95
811443,5001971,21273,48,0.2,18357.29
811444,5011067,21240,43,10.3,24749.85
811445,5003145,20048,37,10.9,432.53
811446,5003386,20091,13,21.6,
811447,5002687,21276,17,1.7,15856.07
811448,5003832,20541,34,16.8,11402.04
811449,5000633,20449,25,1.4,42098.01
811450,5006345,20215,47,1.3,114055.24
811451,5004371,21102,25,1.2,32080.36
811452,5002503,20314,11,20.0,2000.33
811453,5000389,21189,3,16.8,5206.43
811454,5002194,20246,44,25.9,76556.15
811455,5007531,21264,41,1.1,20236.38
811456,5007414,20869,36,6.8,35861.38
811457,5007868,20153,10,0.1,14844.34
811458,5003933,20175,35,,1633.95
811459,5002796,21454,8,21.0,5176.02
811460,5001992,21102,30,26.7,28560.61
811461,5002069,20383,12,6.1,1258.41
811462,5009838,20765,24,10.5,685.86
811463,5002122,21066,35,,5487.45
811464,5001844,20331,47,1.6,11501.42
811465,5007583,21449,45,21.3,3821.28
811466,5009550,20389,7,,13627.23
811467,5006666,20920,39,15.7,77553.23
811468,5002421,20874,9,1.2,929.39
811469,5008164,21158,12,20.1,4181.14
811470,5000081,20341,23,1.2,17093.67
811471,5007779,20603,46,0.7,66327.2
811472,5005252,20707,47,5.7,7372.36
811473,5000076,21112,45,16.1,41037.04
811474,5006083,20357,12,20.7,11501.04
811475,5001973,21410,13,21.1,3966.48
811476,5011381,20026,5,,3346.88
811477,5010726,20047,46,,15916.76
811478,5000280,20206,41,0.9,87439.94
811479,5006115,21241,31,5.3,
811480,5007971,21091,32,1.9,61722.64
811481,5007581,20460,40,21.9,11678.76
811482,5007820,21250,45,0.7,87020.46
811483,5007007,20484,31,,45592.3
811484,5009822,20115,27,0.6,54778.51
811485,5002689,20137,31,21.0,5292.29
811486,5008792,20122,30,,47735.31
811487,5011140,20733,35,26.6,12905.89
811488,5006707,21327,31,,17166.16
811489,5003551,20498,35,0.8,
811490,5000549,21185,7,15.3,6559.79
811491,5010751,20718,49,1.0,1295.7
811492,5008502,20598,45,11.2,27912.86
811493,5005441,20595,3,0.1,7110.56
811494,5008996,21063,10,,5617.92
811495,5008955,20576,7,0.2,3538.9
811496,5009472,20621,12,5.9,2256.14
811497,5010314,21125,21,0.7,12022.8
811498,5002710,21153,28,6.5,36538.12
811499,5001809,20020,46,,56552.73
811500,5011653,20678,37,16.6,73457.78
811501,5001072,20064,24,21.3,17739.23
811502,5011362,21176,48,26.2,41976.73
811503,5008946,20006,43,15.2,9054.74
811504,5009838,21093,1,5.2,2330.33
811505,5010793,20767,21,25.3,37612.25
811506,5005270,21244,17,20.7,6674.44
811507,5008113,21447,27,16.5,39162.47
811508,5007798,20686,22,16.8,27373.08
811509,5011120,20385,21,0.5,18926.27
811510,5003195,21317,38,0.1,67698.01
811511,5011036,20103,22,6.1,43178.11
811512,5011114,20708,7,26.2,
811513,5008104,20718,4,0.3,106.52
811514,5005726,21381,16,1.7,25078.3
811515,5008349,21365,15,1.6,23642.13
811516,5005101,20611,17,16.8,32548.03
811517,5009894,21349,4,1.9,9633.66
811518,5011238,20407,37,,12532.38
811519,5006182,20768,3,20.7,1046.71
811520,5010448,21126,26,0.2,53092.2
811521,5006532,20184,7,6.6,13931.95
811522,5000738,20746,12,20.1,10040.55
811523,5011511,20579,26,10.1,6582.35
811524,5001344,21323,19,10.9,41205.19
811525,5008530,21221,46,0.6,107130.42
811526,5002220,21044,38,15.7,25763.66
811527,5007028,21386,42,1.3,43692.93
811528,5009783,20198,48,10.6,76827.5
811529,5005026,20490,4,10.6,627.44
811530,5011155,20384,25,21.3,8830.34
811531,5006979,21096,19,1.0,16688.42
811532,5000126,21376,39,10.4,30631.56
811533,5001541,21374,45,,38441.38
811534,5004727,20337,34,11.1,41585.23
811535,5010887,21152,6,26.0,10495.41
811536,5007126,20551,29,,46866.06
811537,5008527,20348,35,,4460.08
811538,5010268,20628,3,21.8,3629.29
811539,5005391,21404,22,1.0,49325.82
811540,5000468,20159,45,11.4,68243.88
811541,5005263,20237,7,,10640.26
811542,5011110,20099,4,,5845.25
811543,5002463,21183,48,0.1,99677.82
811544,5005937,21002,45,16.2,60070.9
811545,5007968,21051,48,0.4,84083.75
811546,5006880,21227,45,16.1,71558.56
811547,5009078,20346,7,0.1,16263.97
811548,5000291,21080,39,1.8,62701.1
811549,5009694,21219,7,1.6,10776.21
811550,5000608,21382,44,15.0,64127.91
811551,5001311,20788,5,25.5,8474.56
811552,5005749,20801,-5,20.3,-173.51
811553,5011969,20758,17,0.1,22715.95
811554,5002885,20266,31,16.3,35836.96
811555,5003875,20556,6,0.8,3902.37
811556,5003373,20291,24,21.3,20430.77
811557,5006751,20978,17,,22800.78
811558,5003541,20416,26,15.9,7242.46
811559,5000764,20854,9,21.8,14531.15
811560,5005617,21028,34,1.1,43432.35
811561,5004596,21323,18,,32683.75
811562,5007658,20842,24,15.9,13706.75
811563,5004058,20034,20,11.2,42828.42
811564,5004412,20274,46,5.5,56307.56
811565,5003260,20091,17,1.0,17533.66
811566,5002501,20956,23,2.0,31336.01
811567,5010528,21073,27,26.8,22922.88
811568,5009444,21138,11,10.1,21504.92
811569,5011382,20610,25,1.7,
811570,5009145,21472,1,1.4,821.67
811571,5007171,21029,31,1.8,47834.73
811572,5005861,21387,30,0.4,49723.31
811573,5007726,20305,13,15.0,26784.32
811574,5011540,21163,38,1.6,41490.54
811575,5003002,20614,44,16.1,87441.08
811576,5007461,20635,4,6.6,2535.47
811577,5006302,21315,1,,1943.25
811578,5008257,20946,5,11.2,10571.82
811579,5008878,21434,20,5.4,35493.54
811580,5003190,20693,32,21.5,11168.6
811581,5002888,21147,2,15.2,2491.63
811582,5003852,20514,4,16.9,7446.26
811583,5005476,20071,29,0.8,36327.08
811584,5003852,20316,41,5.6,6979.11
811585,5008938,20317,50,1.3,120243.74
811586,5005555,21029,22,20.4,27517.31
811587,5002554,21265,20,5.7,18708.74
811588,5010035,20446,8,16.5,3531.85
811589,5005965,20653,22,0.1,22114.26
811590,5009515,20734,16,0.7,28037.55
811591,5008067,20384,2,0.7,891.34
811592,5007701,21097,11,0.0,27338.85
811593,5011310,20748,10,16.5,4223.85
811594,5005674,20914,-1,1.3,-1239.36
811595,5003263,20258,26,5.5,1065.6
811596,5006490,21031,29,25.9,16142.75
811597,5009663,20943,46,11.1,15456.3
811598,5000529,20831,45,0.8,72865.87
811599,5010503,20115,46,1.5,92481.33
811600,5010652,20792,19,0.2,33386.58
811601,5001912,21134,48,,29920.79
811602,5009247,21301,40,16.8,37689.93
811603,5003392,20032,36,20.4,
811604,5003637,20390,43,10.1,72437.03
811605,5001703,20564,14,5.8,21695.58
811606,5000956,20679,24,11.0,5311.38
811607,5005232,20754,17,,18799.81
811608,5002488,20122,-10,0.6,-16139.08
811609,5003312,20168,13,25.1,21736.2
811610,5004724,21297,34,16.4,70541.55
811611,5008014,20124,37,25.2,27128.57
811612,5010941,21229,27,1.3,50146.76
811613,5006439,20838,19,,38953.26
811614,5007344,20409,24,1.6,27589.63
811615,5010332,20846,28,1.1,65195.55
811616,5001941,21146,49,0.0,72638.09
811617,5001631,20917,6,15.2,1387.96
811618,5009323,20123,13,15.7,18241.26
811619,5002239,21449,13,,
811620,5006517,20965,9,,8742.79
811621,5007392,20821,6,15.6,9193.39
811622,5000562,20328,49,5.5,89854.39
811623,5002079,20906,5,6.1,43.01
811624,5001625,21055,25,0.2,56411.95
811625,5004450,20904,36,,35797.38
811626,5011513,20996,7,20.1,3738.14
811627,5005281,20308,40,0.8,79769.5
811628,5011859,20761,14,1.0,26586.94
811629,5011595,20138,41,0.0,83901.58
811630,5005073,20216,35,16.3,40789.77
811631,5006890,20167,6,0.6,7905.52
811632,5001781,20765,42,5.1,1272.67
811633,5000152,20084,43,,48442.87
811634,5009957,20209,17,15.5,
811635,5005769,20969,40,20.0,71892.16
811636,5010457,20709,34,21.1,22811.76
811637,5002360,21047,37,,49782.84
811638,5004108,20971,35,25.9,33264.75
811639,5000220,20678,45,,
811640,5005992,20485,26,1.8,14578.77
811641,5005821,21098,46,5.6,
811642,5007120,21313,8,0.7,17384.17
811643,5007119,20790,12,21.8,21819.49
811644,5004815,20236,23,25.1,28922.41
811645,5003634,21262,3,15.3,3375.74
811646,5007954,20303,36,15.9,17406.58
811647,5006689,20186,8,1.6,7343.08
811648,5003209,20318,24,0.7,43823.23
811649,5004469,20388,23,21.2,8404.64
811650,5001623,20489,20,20.2,23080.55
811651,5010558,21480,43,20.8,2713.58
811652,5003122,20415,40,0.1,31267.9
811653,5008904,20572,31,5.3,59380.99
811654,5006452,21050,33,1.0,40764.97
811655,5009330,20756,7,1.4,11570.51
811656,5009458,20351,4,21.9,3091.23
811657,5004121,20987,29,0.5,18775.95
811658,5002225,20735,45,0.5,
811659,5011056,20700,19,0.6,20444.28
811660,5003303,20558,22,,36108.36
811661,5004464,21356,5,16.3,2582.4
811662,5011197,21383,8,11.8,8459.16
811663,5002846,21378,40,5.3,27309.21
811664,5004583,21364,17,15.8,16377.65
811665,5011422,21075,25,15.9,30035.47
811666,5004373,21327,30,0.6,19775.73
811667,5002442,20720,15,22.0,24793.94
811668,5011368,20842,48,12.0,28684.76
811669,5000608,21017,49,1.0,30565.18
811670,5009926,20873,38,0.9,
811671,5009788,21268,30,2.0,62212.16
811672,5005853,21238,13,1.0,11713.89
811673,5004043,20150,32,1.0,24684.74
811674,5006101,21090,26,10.5,21082.15
811675,5001162,21175,44,0.2,33684.02
811676,5002438,21492,15,,
811677,5007835,20413,27,6.1,19770.78
811678,5004321,21268,30,11.0,56498.8
811679,5001564,21347,31,0.5,24039.67
811680,5003297,20584,32,21.5,52852.48
811681,5005257,20090,5,5.3,2126.2
811682,5006822,20933,12,1.8,8579.58
811683,5008225,20368,32,21.4,11619.47
811684,5004511,20275,9,20.6,17209.64
811685,5007425,20658,35,,72986.95
811686,5004348,20481,46,21.0,62277.31
811687,5008872,21181,27,5.5,19651.65
811688,5006733,20391,18,11.5,30212.68
811689,5000529,20389,7,0.0,16107.84
811690,5008333,20131,34,26.4,27012.16
811691,5010267,20549,44,20.9,34394.7
811692,5008198,21048,37,0.1,76932.57
811693,5005660,21140,35,26.1,20881.33
811694,5011768,20798,14,5.7,31059.03
811695,5007993,20069,13,0.9,32068.88
811696,5001886,20729,35,0.9,47770.96
811697,5004790,20756,13,21.4,17129.46
811698,5009628,21084,46,0.7,102487.27
811699,5008640,20624,23,0.4,42421.26
811700,5003692,20033,42,1.3,34745.5
811701,5000945,20582,19,25.3,17413.68
811702,5010653,21376,3,25.9,1948.66
811703,5011758,20235,-9,1.9,-1630.89
811704,5000868,20283,1,16.9,325.49
811705,5003714,21084,12,1.7,26466.57
811706,5006652,21255,49,1.8,116530.25
811707,5009977,20271,9,10.9,18960.12
811708,5002492,20759,3,26.8,980.49
811709,5007661,21375,18,26.2,25529.72
811710,5004290,20872,-2,25.0,-366.03
811711,5007783,20560,44,16.0,24391.75
811712,5001865,21320,32,25.1,43053.48
811713,5010267,21495,27,25.3,23952.91
811714,5011946,20636,27,20.8,6289.46
811715,5004683,20711,24,20.3,8922.06
811716,5006032,20593,7,6.6,15497.54
811717,5009652,21081,30,0.7,4584.98
811718,5004014,20258,6,10.1,233.94
811719,5007971,20899,13,20.2,3913.59
811720,5008119,21159,29,,62896.07
811721,5007217,20634,23,16.8,23341.52
811722,5009675,20074,21,1.9,10389.5
811723,5003944,20746,18,25.3,
811724,5010578,21047,45,5.8,57962.39
811725,5009708,20659,49,5.1,34704.16
811726,5007615,21018,29,1.8,50792.51
811727,5006424,20835,2,10.1,973.92
811728,5004948,21313,36,0.7,78228.78
811729,5004977,20543,31,16.5,59813.25
811730,5002368,21056,12,0.8,14260.63
811731,5001960,21214,41,1.4,77889.18
811732,5001931,20121,30,26.6,20593.76
811733,5004656,20235,18,21.4,2613.42
811734,5002979,20460,7,10.4,2344.72
811735,5009750,21314,39,5.3,70048.24
811736,5002983,20482,10,1.7,5166.25
811737,5009559,21368,5,25.2,8791.99
811738,5007233,21215,34,,72372.02
811739,5004405,20341,33,1.5,24451.24
811740,5008998,20606,18,11.7,
811741,5003562,20760,9,16.8,12005.14
811742,5011039,20734,49,21.8,67619.77
811743,5006313,20282,2,0.2,3679.25
811744,5008337,20847,37,0.6,58382.13
811745,5006860,21396,20,1.2,34769.7
811746,5008185,21202,33,1.6,49997.79
811747,5001060,20747,43,16.6,73341.38
811748,5010803,20457,23,1.8,56236.88
811749,5001978,20310,49,5.7,28936.67
811750,5004287,20138,32,26.5,48130.86
811751,5000992,20925,33,6.1,60852.58
811752,5010738,20953,28,15.2,905.83
811753,5006409,21481,13,5.1,13027.26
811754,5009739,20495,50,1.6,57095.12
811755,5004821,21046,35,20.8,40363.37
811756,5006310,20085,1,26.3,1292.96
811757,5003106,20499,17,1.6,7357.31
811758,5009403,20312,22,0.7,34799.8
811759,5011088,21353,9,26.2,516.68
811760,5011273,20335,31,25.2,
811761,5000964,21016,36,25.5,55357.28
811762,5002907,21184,40,15.6,65278.34
811763,5004142,21049,27,5.2,28112.6
811764,5010571,21480,41,,2891.19
811765,5000480,20586,25,,13923.13
811766,5001172,20063,48,1.3,29642.69
811767,5000965,20544,48,21.2,17163.02
811768,5010716,20247,18,20.8,18471.21
811769,5009262,21057,36,0.1,70336.23
811770,5007542,21156,40,0.5,91701.99
811771,5005086,20688,13,0.8,32202.09
811772,5009520,20823,15,1.4,21952.65
811773,5011846,20750,11,,14102.19
811774,5006609,20495,18,10.4,18716.06
811775,5011978,20501,47,26.2,30630.17
811776,5004920,21332,20,1.0,1343.43
811777,5003315,20521,25,0.7,45232.64
811778,5009291,21202,19,1.2,28903.62
811779,5008881,21239,21,,43741.97
811780,5009888,20097,4,15.0,4185.71
811781,5001387,20384,-9,11.3,-3582.85
811782,5003349,20014,43,0.2,53923.16
811783,5004844,20923,15,16.1,5093.65
811784,5004610,21169,1,6.6,217.48
811785,5008796,20115,13,11.6,23456.09
811786,5006639,20142,33,26.9,5292.34
811787,5009810,21354,31,15.7,7087.79
811788,5001692,21384,24,0.6,59588.71
811789,5010980,20305,10,0.7,24069.53
811790,5007470,21263,4,16.5,7558.25
811791,5002844,20972,40,16.7,8630.88
811792,5004803,20687,47,,16931.31
811793,5010714,21099,23,1.9,50523.3
811794,5011017,20448,33,15.7,18306.01
811795,5010249,20366,49,7.0,74364.77
811796,5003937,20123,17,0.9,28041.83
811797,5004270,20125,50,10.6,11714.53
811798,5010759,20151,39,6.3,79963.39
811799,5000871,20619,35,0.0,66209.85
811800,5004741,20125,44,,10908.4
811801,5008628,21259,13,,6479.09
811802,5006359,20041,11,16.0,22308.69
811803,5005847,20872,11,20.1,2144.69
811804,5002187,20979,48,16.9,89024.83
811805,5007627,20371,2,5.3,2380.4
811806,5010906,20403,47,21.1,56181.12
811807,5003112,20140,40,26.1,70152.97
811808,5000731,21462,37,6.4,12339.73
811809,5008444,21488,23,15.4,24442.75
811810,5007103,21429,8,0.5,12552.04
811811,5009707,20562,9,20.4,1756.47
811812,5004196,20808,7,26.7,11953.13
811813,5008436,20587,44,,77637.86
811814,5008273,21433,9,11.7,16161.65
811815,5001694,20416,43,26.5,10468.21
811816,5008970,20375,34,20.7,41239.46
811817,5001109,21415,7,1.1,3211.93
811818,5006245,20607,5,5.7,636.29
811819,5005841,20976,43,21.2,20831.88
811820,5004761,21261,11,16.8,19998.31
811821,5003147,20167,2,26.4,1951.19
811822,5007891,20337,21,0.7,28689.77
811823,5002936,21025,27,20.2,40696.73
811824,5005154,20671,21,16.9,
811825,5011160,20797,2,20.5,1882.77
811826,5011603,20063,38,0.9,23562.23
811827,5001511,20209,49,1.8,97253.7
811828,5010683,21393,33,6.0,47357.3
811829,5009472,21082,1,1.9,858.98
811830,5007195,21217,17,15.2,20920.93
811831,5003713,20121,4,1.4,3688.55
811832,5003230,21079,48,22.0,81353.38
811833,5010215,20200,2,26.4,937.97
811834,5000492,20051,27,5.0,58914.72
811835,5009235,20387,27,6.3,9065.39
811836,5006840,20802,41,2.0,40244.69
811837,5004282,21235,43,1.9,91275.15
811838,5007343,21224,22,26.8,40080.44
811839,5009138,20584,24,25.0,37872.0
811840,5003205,20253,46,0.2,47708.05
811841,5010986,21061,48,26.8,76715.59
811842,5009916,21075,4,2.0,5599.96
811843,5000372,20310,8,0.8,4969.84
811844,5001167,20200,11,,6245.3
811845,5006578,21126,35,,56073.37
811846,5010427,20598,10,21.4,17833.16
811847,5007695,20753,27,5.3,26319.96
811848,5005258,20616,10,26.8,1645.46
811849,5011719,21093,43,1.2,104432.04
811850,5008120,21405,16,25.1,8191.66
811851,5009112,21404,17,0.9,38153.91
811852,5004517,21170,38,15.0,76688.6
811853,5005069,20343,11,1.5,9957.04
811854,5005900,21381,22,25.3,36945.44
811855,5002720,20713,18,20.4,18557.2
811856,5007737,20358,10,21.8,3342.74
811857,5010101,20258,22,0.5,949.37
811858,5007709,20389,22,26.0,37462.23
811859,5010619,20347,38,26.2,3847.92
811860,5010441,20220,38,5.3,29832.39
811861,5000060,21480,14,26.7,817.68
811862,5006416,21399,20,20.5,18972.68
811863,5005230,20432,16,26.8,2122.45
811864,5000219,21471,36,2.0,71827.96
811865,5001725,20571,12,6.1,24305.64
811866,5006434,20858,39,6.3,74154.52
811867,5001849,20564,31,,50080.13
811868,5004994,20225,7,22.0,11408.62
811869,5006892,21286,17,1.1,16986.68
811870,5007335,20839,29,0.4,
811871,5008864,20060,27,0.1,11237.49
811872,5007865,21216,43,0.9,42670.1
811873,5003806,20427,27,21.2,42260.09
811874,5010797,20693,20,10.4,7967.41
811875,5006576,21000,9,26.7,888.88
811876,5008051,21347,44,15.2,29079.85
811877,5000547,21111,4,15.8,6854.01
811878,5008642,20276,24,17.0,8749.66
811879,5007491,20107,46,20.3,82725.6
811880,5010100,21445,39,5.4,85502.58
811881,5003464,20384,35,11.4,13917.6
811882,5005300,21329,48,5.9,69872.19
811883,5006941,20996,25,26.8,12230.99
811884,5006806,21070,10,0.9,4585.36
811885,5008492,20545,27,25.0,23607.86
811886,5001578,21324,1,21.7,411.1
811887,5006910,20676,12,11.1,22991.78
811888,5003218,20713,15,0.9,19252.7
811889,5011852,20141,4,15.1,3598.37
811890,5002691,20622,16,20.2,13667.76
811891,5011203,21246,39,16.3,20593.49
811892,5010483,20570,50,11.7,27799.49
811893,5004402,20567,7,15.9,3159.96
811894,5009950,20553,5,0.8,
811895,5000357,20707,20,1.6,3273.57
811896,5004262,20316,39,0.2,7018.42
811897,5007297,20989,45,6.5,
811898,5009304,21234,21,0.8,
811899,5000760,21263,5,1.0,11201.6
811900,5001693,21018,23,11.2,36427.63
811901,5010350,20023,21,5.4,4887.43
811902,5006148,21124,12,10.0,20393.53
811903,5004633,20145,8,0.5,13035.77
811904,5011321,21371,16,,38061.22
811905,5003026,20860,43,21.0,13671.57
811906,5003570,20617,13,1.5,
811907,5009873,21090,19,5.8,16215.23
811908,5009263,20425,5,16.1,8570.18
811909,5000297,21364,50,,47540.26
811910,5003282,21405,42,,22450.52
811911,5005721,20385,35,16.9,50614.01
811912,5009675,20844,9,16.5,2693.3
811913,5004713,20693,28,6.7,11614.99
811914,5006649,20920,26,16.7,51088.84
811915,5004315,21103,37,6.2,
811916,5010621,20098,18,5.5,17585.28
811917,5011699,21259,19,10.2,10682.86
811918,5011468,21455,27,0.2,12495.13
811919,5001232,20204,20,0.8,5171.89
811920,5000522,20877,45,20.3,83510.58
811921,5002923,20368,44,0.6,
811922,5008224,20118,12,0.3,9260.26
811923,5005137,20123,20,26.3,24534.73
811924,5004775,20804,30,20.1,
811925,5008404,20127,26,15.1,39768.3
811926,5003316,20505,50,5.1,
811927,5003165,21412,15,,20661.58
811928,5001557,21268,49,1.9,101716.89
811929,5008507,20096,18,11.0,90.51
811930,5010648,20529,15,11.5,11877.81
811931,5009598,20364,46,,15702.06
811932,5000533,20202,22,7.0,33693.94
811933,5001775,20273,44,0.7,71577.98
811934,5002104,20074,22,,7936.22
811935,5005304,21441,14,1.1,32432.59
811936,5000256,20274,34,22.0,34351.89
811937,5006939,20723,31,21.9,11641.13
811938,5004095,20126,48,11.0,87768.67
811939,5009489,20469,15,1.4,5532.79
811940,5002774,20213,-3,16.4,-342.09
811941,5008888,20001,20,21.1,8046.85
811942,5004144,21333,47,6.5,
811943,5007256,20681,49,11.4,6662.31
811944,5009837,21432,38,11.9,66452.49
811945,5004011,20408,41,6.5,44066.08
811946,5001777,20876,15,0.3,36458.35
811947,5003309,20819,33,10.4,55622.14
811948,5009827,20783,46,25.3,76033.83
811949,5010317,21056,38,25.9,33732.44
811950,5001799,20895,40,1.1,12241.45
811951,5009297,21457,44,20.3,68748.71
811952,5001072,20647,2,15.1,
811953,5006089,20249,33,11.9,47530.87
811954,5001091,21165,33,25.7,7169.85
811955,5011807,20349,39,15.2,65031.13
811956,5011881,21125,20,1.2,11392.63
811957,5001557,21125,50,0.9,28568.05
811958,5010960,20293,3,25.1,1413.21
811959,5005553,20759,48,1.1,21195.77
811960,5006307,20815,25,,30654.61
811961,5001208,21130,44,20.9,15593.58
811962,5000599,20007,25,15.2,1653.81
811963,5002706,21414,48,6.9,91353.0
811964,5010107,21291,11,0.4,13508.97
811965,5007870,20500,16,0.4,21513.76
811966,5007958,21192,22,,15132.85
811967,5006496,20998,15,,1835.55
811968,5000686,21426,35,11.4,64339.24
811969,5000730,21201,44,6.2,74476.97
811970,5001953,20124,26,16.1,21382.52
811971,5004501,20841,22,15.9,8159.01
811972,5007785,21366,37,,66177.96
811973,5003897,20345,6,1.0,566.38
811974,5005019,21006,44,11.6,
811975,5010934,21068,-9,1.1,-11110.85
811976,5000153,21327,5,0.6,3295.95
811977,5006163,20626,24,25.3,8324.87
811978,5000255,20720,44,21.1,73568.06
811979,5004320,20692,41,0.2,3245.21
811980,5008496,21178,6,1.2,5946.2
811981,5009823,20325,41,0.5,57049.36
811982,5003340,20552,11,10.4,16433.5
811983,5002959,21171,28,1.1,14405.38
811984,5004551,21097,47,0.4,116344.2
811985,5007900,21339,21,26.3,19250.91
811986,5011898,21433,37,26.2,55531.67
811987,5006102,21411,10,1.0,21539.03
811988,5006433,20191,49,0.5,63318.61
811989,5011675,20252,36,,59107.53
811990,5007032,20301,49,1.4,25510.28
811991,5006949,21441,40,5.6,88448.27
811992,5001044,21386,49,1.9,50665.21
811993,5011861,20407,9,1.8,3181.24
811994,5007820,20160,32,21.9,11809.22
811995,5006549,20756,37,0.4,61778.69
811996,5011954,20133,28,0.5,
811997,5002579,20836,37,0.2,60009.18
811998,5001182,21381,29,16.3,17336.02
811999,5009303,21418,39,0.0,758.16
812000,5001229,20794,14,0.6,30214.0
812001,5005451,21438,19,21.7,27285.61
812002,5007745,20157,3,25.8,2361.05
812003,5008799,20265,21,6.8,12439.38
812004,5002586,21298,15,11.3,33152.33
812005,5005402,20450,24,,16173.21
812006,5003439,20722,43,0.7,100471.6
812007,5007843,21451,44,10.7,6749.19
812008,5001433,21358,45,10.4,9241.34
812009,5003008,20056,48,11.1,3570.37
812010,5007345,20019,18,20.6,7576.48
812011,5008952,21424,30,25.0,20599.65
812012,5004237,21333,49,25.7,1202.16
812013,5004111,20654,4,6.7,5697.94
812014,5004002,21327,11,6.9,6791.52
812015,5001863,20194,-5,10.1,-7232.5
812016,5002341,20793,26,26.0,9696.0
812017,5006620,20672,35,11.8,66838.18
812018,5004747,20180,22,10.6,29960.07
812019,5010731,20834,6,6.4,9306.95
812020,5006724,20852,42,1.3,43856.67
812021,5008852,20546,6,,4343.14
812022,5008806,21429,36,15.0,48252.83
812023,5004620,21184,39,1.3,74430.06
812024,5002540,20363,46,20.2,57456.46
812025,5007535,20580,32,26.7,51876.23
812026,5001433,21331,36,5.0,52473.74
812027,5003903,20952,8,26.3,11453.86
812028,5006936,21121,36,15.6,60963.37
812029,5004002,20598,21,20.3,35579.18
812030,5000086,20793,14,1.2,6970.64
812031,5011330,21142,25,2.0,50815.21
812032,5005457,21191,41,16.4,66113.61
812033,5003611,20439,5,10.8,5067.36
812034,5005852,20795,10,16.4,4919.69
812035,5005581,20263,28,,35030.77
812036,5000541,20331,8,26.6,1460.31
812037,5001008,21005,4,16.1,4986.41
812038,5008430,21129,28,5.6,31178.13
812039,5011733,20153,41,1.0,60313.49
812040,5004953,21157,36,16.8,46842.83
812041,5007485,20693,49,,21568.03
812042,5001713,21088,43,1.5,84537.19
812043,5002839,21337,12,25.5,21925.98
812044,5009621,21276,-9,11.3,-5577.32
812045,5003685,21395,47,21.7,28347.44
812046,5005624,21335,49,6.2,92335.82
812047,5006389,20985,43,0.2,28139.57
812048,5011729,20663,13,21.6,14896.53
812049,5001281,20195,-2,5.6,-2112.26
812050,5000320,20425,27,5.7,52015.55
812051,5008770,20846,45,16.8,88145.37
812052,5010178,20152,32,0.1,29478.97
812053,5009454,20190,38,1.9,61065.84
812054,5003353,20576,12,1.8,5969.42
812055,5009762,20666,21,1.6,
812056,5003292,20634,9,0.9,10879.13
812057,5010195,21205,9,0.0,
812058,5007965,20924,19,0.1,36491.54
812059,5001545,20697,48,5.0,76657.7
812060,5011313,21246,13,,8168.5
812061,5005048,20455,48,,74655.72
812062,5009589,20422,8,0.4,13831.97
812063,5011885,20482,38,1.6,19651.74
812064,5003631,20509,28,21.3,19482.03
812065,5000382,20475,49,,23397.74
812066,5000575,20146,38,25.4,2803.05
812067,5004348,20975,27,0.6,40538.8
812068,5002090,20824,3,0.3,5146.25
812069,5001876,20845,10,15.9,14865.1
812070,5007648,20344,15,0.8,26925.36
812071,5002025,21102,4,5.2,4925.05
812072,5005846,21278,34,10.7,69327.98
812073,5010135,20728,44,16.9,41364.85
812074,5003946,20313,27,16.1,54918.8
812075,5002152,20388,16,7.0,6900.3
812076,5004005,20793,-5,1.9,-2471.87
812077,5008926,20535,50,1.7,113471.62
812078,5011908,20116,21,0.9,48659.03
812079,5003029,21375,50,20.7,76200.96
812080,5001990,21497,39,21.3,44693.31
812081,5005774,20233,36,16.7,30971.91
812082,5005053,20472,-8,0.3,-9921.03
812083,5005551,20820,22,6.9,7079.19
812084,5007586,20347,42,20.0,4610.26
812085,5002479,21200,50,1.1,63422.59
812086,5004113,21342,38,16.7,42635.09
812087,5005434,20190,34,1.1,55083.42
812088,5002403,21266,17,0.8,23865.26
812089,5004034,20381,17,,10536.88
812090,5005144,20117,45,1.0,105538.95
812091,5009012,20531,22,1.6,
812092,5007258,20347,30,26.9,3009.02
812093,5010152,21492,27,1.7,47379.4
812094,5008878,20137,11,0.2,2372.35
812095,5002660,21054,11,15.1,12781.54
812096,5007471,20886,37,10.5,8871.18
812097,5000270,21412,40,20.2,48907.5
812098,5007015,20345,40,,
812099,5005121,21095,38,0.4,78912.32
812100,5010388,20371,39,0.8,48623.47
812101,5007318,20021,17,26.3,9391.61
812102,5003214,21022,18,,8123.74
812103,5004471,20631,46,,25794.29
812104,5004461,21385,4,10.6,6355.59
812105,5006710,20465,17,1.8,12496.79
812106,5011693,20209,33,0.5,66364.46
812107,5005904,21385,15,16.4,22287.22
812108,5003377,21184,19,21.2,28949.86
812109,5006973,21070,21,5.2,9211.43
812110,5010053,20785,19,15.7,9728.73
812111,5007722,20660,44,1.6,32446.46
812112,5009474,21251,42,26.8,71295.95
812113,5004054,20012,49,1.5,85357.14
812114,5011907,20133,15,1.2,31121.41
812115,5009809,21061,15,16.3,27412.46
812116,5009159,20258,17,21.2,580.98
812117,5007908,20560,17,0.1,11207.93
812118,5001753,20834,24,1.9,39017.59
812119,5011825,20211,27,25.6,40887.92
812120,5008001,20307,20,,15329.32
812121,5000075,21294,20,20.3,16835.99
812122,5011468,20326,17,0.2,36806.38
812123,5000008,20139,23,0.7,17095.68
812124,5005647,21276,49,0.6,118627.36
812125,5003447,20482,21,20.7,8752.15
812126,5000569,20436,17,20.6,19183.9
812127,5009609,20249,35,21.4,44975.55
812128,5007714,20906,35,10.2,287.9
812129,5000187,21166,30,,
812130,5000387,20176,35,0.5,31960.64
812131,5011697,20662,32,11.2,30216.72
812132,5008762,20162,5,0.5,7255.49
812133,5000410,20083,15,11.1,10358.63
812134,5009006,21259,36,0.1,22517.78
812135,5002792,20631,3,20.2,1804.33
812136,5001758,20707,40,25.1,4983.55
812137,5004823,20639,13,26.6,14841.25
812138,5008384,21061,17,11.0,33034.69
812139,5005086,20422,36,1.5,61556.43
812140,5009026,21223,41,0.6,88862.87
812141,5003594,20786,7,,4583.6
812142,5003755,20172,49,1.2,81938.28
812143,5011590,21450,24,0.5,40408.78
812144,5006891,20251,44,0.5,18198.47
812145,5011996,20867,18,15.4,1489.91
812146,5006719,20305,11,26.3,19650.72
812147,5006522,20815,50,6.6,57841.22
812148,5004509,21225,9,1.2,15894.27
812149,5007253,21398,26,11.0,56469.93
812150,5005605,20903,11,21.8,10636.63
812151,5006969,20679,4,6.9,926.01
812152,5005689,20872,25,25.8,4526.57
812153,5008386,20269,21,0.5,20351.31
812154,5003969,21166,-9,0.3,-17697.09
812155,5011939,21106,7,,3859.87
812156,5006098,20415,-8,1.9,-6140.9
812157,5008635,20291,36,11.9,34306.56
812158,5009043,20108,20,0.2,47022.17
812159,5002943,21115,5,6.3,2571.55
812160,5003981,21328,18,1.1,743.95
812161,5003433,20840,17,11.6,5523.24
812162,5002916,21371,7,26.0,12371.81
812163,5008669,20658,33,0.5,69094.03
812164,5003669,21051,44,5.4,73207.46
812165,5007181,20439,20,25.7,16883.63
812166,5001047,20394,17,20.5,17764.52
812167,5000245,21494,33,0.2,39033.38
812168,5002009,21108,35,,69629.18
812169,5000089,21297,6,5.5,14071.58
812170,5000919,21257,3,,3328.32
812171,5011381,21222,50,1.5,30245.9
812172,5003204,21475,11,11.2,2552.67
812173,5002515,20864,21,10.9,3898.81
812174,5008100,20761,7,1.0,13293.47
812175,5008433,20165,21,15.7,15746.82
812176,5001686,20345,26,21.6,1943.61
812177,5010924,21041,27,0.5,57232.39
812178,5008999,21148,1,0.2,421.07
812179,5005970,21353,25,1.2,1921.41
812180,5004015,21446,25,10.3,18987.7
812181,5000486,20344,20,15.8,30471.98
812182,5010591,20805,15,0.5,35636.72
812183,5005014,21445,34,,77692.54
812184,5006948,21413,50,10.9,516.78
812185,5007867,20252,3,1.4,4890.91
812186,5001916,20871,11,11.9,6801.53
812187,5011402,20208,34,0.1,40825.77
812188,5011213,20243,44,11.3,86986.0
812189,5008848,20296,8,6.4,18334.14
812190,5002235,20808,25,0.7,57832.07
812191,5004718,20239,37,25.9,46597.66
812192,5010882,20048,36,1.0,467.6
812193,5003594,20142,36,26.5,5805.06
812194,5010960,21389,14,1.5,16225.87
812195,5000963,21336,12,1.9,28197.59
812196,5001563,20424,29,0.2,
812197,5005367,20066,21,0.4,44458.42
812198,5001237,21446,44,1.4,36734.1
812199,5011924,20063,43,5.8,25344.2
812200,5005011,20869,29,1.0,30686.11
812201,5004929,21025,6,,9440.37
812202,5004602,21343,36,0.5,87776.55
812203,5007789,20605,6,0.5,11164.26
812204,5011935,20505,5,6.1,11175.79
812205,5006380,21365,14,10.1,20159.88
812206,5006182,20542,13,20.7,19675.55
812207,5005444,21085,49,5.8,49481.38
812208,5002418,21379,1,1.8,1312.56
812209,5003892,21266,44,0.7,61831.17
812210,5001147,21111,13,,26429.06
812211,5000605,20564,35,0.7,57175.45
812212,5010839,20356,16,25.9,17895.45
812213,5008475,20921,12,6.4,20383.5
812214,5003084,20363,13,6.6,19005.02
812215,5005896,20494,34,26.8,5985.07
812216,5009007,21313,20,16.6,36501.51
812217,5007828,21407,32,1.5,26490.04
812218,5007168,20063,14,20.7,6946.41
812219,5000984,21083,46,25.2,6205.14
812220,5005924,20471,43,20.0,70596.02
812221,5010955,20023,30,0.5,7343.7
812222,5003519,20684,23,1.0,44526.74
812223,5006718,20670,41,6.3,48516.83
812224,5005973,21229,39,1.2,72507.59
812225,5011975,20304,11,21.7,18528.29
812226,5010569,20069,48,2.0,117093.85
812227,5001603,20233,15,1.6,15244.28
812228,5010606,21492,16,1.6,
812229,5007463,20427,12,,18782.26
812230,5005396,20055,27,5.7,43598.65
812231,5009024,20266,28,,28927.02
812232,5001308,20794,40,,85283.56
812233,5002957,21299,23,11.1,
812234,5001909,20651,42,0.7,98393.63
812235,5009561,20539,7,,13308.78
812236,5009289,20450,43,15.5,24608.61
812237,5004430,21201,25,15.3,38211.13
812238,5011686,20870,29,5.6,21927.08
812239,5008009,20483,28,5.5,61183.46
812240,5003911,20264,24,0.2,478.32
812241,5011613,20069,28,0.5,69350.23
812242,5007324,20501,5,1.7,4340.29
812243,5003315,20194,6,1.4,9518.9
812244,5010924,21039,14,5.7,31770.08
812245,5004013,21345,21,21.6,34404.49
812246,5009281,20590,3,1.7,1479.78
812247,5006260,21224,22,1.9,53714.36
812248,5005028,21197,38,16.8,28277.35
812249,5007243,20638,37,,76228.24
812250,5004915,20145,17,,27311.26
812251,5007413,21208,20,16.0,8873.26
812252,5000874,21401,5,10.2,1996.84
812253,5010590,20629,36,1.9,11105.82
812254,5007503,20521,28,,48415.78
812255,5000895,21400,14,5.2,29665.31
812256,5007143,20687,19,26.5,5658.9
812257,5007421,21335,48,1.1,95369.35
812258,5010520,21185,32,5.3,6929.01
812259,5011112,21409,24,1.4,53001.68
812260,5010842,21153,19,1.1,26225.66
812261,5008235,20679,7,0.3,1735.4
812262,5004081,21310,14,25.5,23277.78
812263,5010892,20980,11,5.2,13010.29
812264,5001368,20016,32,11.6,39981.69
812265,5000558,21136,50,,56686.44
812266,5000814,20388,5,25.6,1725.08
812267,5009062,20609,3,16.6,5291.48
812268,5007738,20950,14,11.9,30692.17
812269,5003950,21276,25,6.0,10117.92
812270,5007979,20043,5,20.1,1051.32
812271,5001160,21343,20,,48519.7
812272,5001188,20545,7,16.9,6781.57
812273,5005328,20829,50,16.2,87704.66
812274,5004518,20940,2,1.7,979.3
812275,5004514,20683,11,26.2,8264.53
812276,5001167,20959,35,1.7,13738.26
812277,5003491,21389,31,20.3,29071.24
812278,5009671,21108,30,,56607.62
812279,5001779,20198,50,0.9,88711.84
812280,5010959,20586,11,0.3,8264.95
812281,5004385,20939,5,16.0,5514.18
812282,5012000,20333,20,1.2,39578.29
812283,5008911,20207,25,0.7,60905.16
812284,5001339,20332,27,1.3,24441.13
812285,5003337,20737,17,1.5,24587.35
812286,5000025,20638,9,0.5,19774.16
812287,5001265,21438,39,6.2,67094.31
812288,5007859,20070,20,20.8,
812289,5003850,21042,1,0.8,2433.73
812290,5011512,20460,47,1.5,17306.92
812291,5000293,21113,45,1.5,69958.15
812292,5010277,20230,3,,1163.37
812293,5002317,21204,45,16.4,85568.57
812294,5010224,20819,-4,15.2,-6380.89
812295,5011523,20522,17,25.0,31449.4
812296,5007646,20612,14,25.1,10345.91
812297,5011723,20691,43,21.6,46872.15
812298,5003044,20389,17,,35050.66
812299,5004604,21350,23,0.5,29571.77
812300,5005040,20773,49,10.6,25147.71
812301,5002124,21392,30,1.8,42378.8
812302,5007524,21160,26,16.9,5304.06
812303,5010401,21393,45,21.1,54204.42
812304,5003061,21396,46,26.5,59492.08
812305,5008492,20218,21,5.5,39197.65
812306,5003424,21003,26,10.2,49770.93
812307,5001298,21002,20,6.5,29788.54
812308,5007724,21078,32,0.4,71483.16
812309,5004851,20549,49,1.4,47745.83
812310,5003796,20736,44,0.7,71476.62
812311,5004454,20695,13,0.6,31663.29
812312,5008977,20544,41,5.7,17543.72
812313,5002848,20239,9,,15020.98
812314,5008112,20909,3,0.8,5180.95
812315,5006179,20043,24,0.7,6271.63
812316,5004920,20339,29,1.1,40404.07
812317,5003249,21288,33,5.3,7878.06
812318,5007304,21304,37,16.8,12269.27
812319,5002456,20517,21,0.4,1220.03
812320,5002310,20779,7,25.5,7384.75
812321,5005416,20305,48,16.4,97267.06
812322,5002356,20870,50,10.5,35842.96
812323,5010177,21059,28,26.4,22586.57
812324,5008240,21390,4,1.3,1974.51
812325,5006594,20116,20,15.3,39608.09
812326,5003266,20693,-3,25.3,-996.37
812327,5011406,20197,45,11.5,
812328,5011088,20501,-4,,-3002.44
812329,5007170,20827,9,15.1,7343.99
812330,5010751,20843,11,10.9,
812331,5001381,21022,1,21.2,362.53
812332,5000310,20325,3,26.2,3096.15
812333,5010793,20760,5,1.9,7863.94
812334,5011706,21474,20,20.3,5587.29
812335,5011801,21292,20,0.6,36946.58
812336,5004630,21263,32,26.7,53079.76
812337,5005744,20975,8,1.9,11854.4
812338,5002635,20120,49,1.2,2746.9
812339,5000035,21279,21,21.5,17127.75
812340,5004037,20090,37,0.3,16564.64
812341,5001772,20281,38,1.0,29571.2
812342,5010657,20106,12,0.3,11148.65
812343,5010739,20585,8,1.9,17721.49
812344,5008077,21347,7,6.1,5122.8
812345,5004879,20910,20,1.9,1518.59
812346,5001206,21005,5,0.6,7384.53
812347,5003124,21289,20,15.0,41793.82
812348,5005657,21367,18,,5898.49
812349,5006142,21087,19,10.6,40709.5
812350,5005643,21265,34,16.2,28263.49
812351,5009472,21338,50,5.9,84430.28
812352,5001378,21403,45,21.6,32256.86
812353,5002604,20392,7,15.6,6118.15
812354,5002219,20532,24,10.7,28654.16
812355,5011356,20323,3,1.3,2635.53
812356,5010411,21294,26,26.3,20239.1
812357,5000335,20102,18,0.1,13884.8
812358,5011289,21177,39,26.0,70042.35
812359,5011579,20821,11,,19590.41
812360,5007110,20468,10,0.2,
812361,5009790,21424,23,26.3,15519.32
812362,5011152,20599,25,15.2,30911.51
812363,5010334,20805,16,1.0,37821.48
812364,5001653,21461,28,21.8,40619.93
812365,5007647,21026,19,15.9,3411.2
812366,5007402,20326,28,1.4,59893.35
812367,5005859,20021,1,0.5,745.84
812368,5008381,21066,4,21.0,625.55
812369,5009925,21317,45,0.0,80248.95
812370,5001920,20163,16,11.6,17952.55
812371,5000579,20407,37,21.1,10508.02
812372,5005129,20468,3,26.1,1883.41
812373,5003194,20862,23,5.5,6001.25
812374,5010302,21132,14,16.3,4231.84
812375,5000071,21022,2,26.5,676.29
812376,5002530,20166,8,0.6,9362.68
812377,5000010,20729,5,6.9,6411.24
812378,5011373,20710,34,16.3,42204.07
812379,5011034,20758,6,10.5,7182.75
812380,5008561,20211,46,6.6,87450.64
812381,5003342,20363,41,0.8,63661.03
812382,5009662,20799,31,15.7,29879.95
812383,5002226,21438,34,1.6,61360.98
812384,5007207,20471,22,5.9,42484.85
812385,5004036,20369,11,15.7,10280.33
812386,5000459,21055,24,1.8,53287.25
812387,5005598,21195,26,26.5,22009.18
812388,5002087,20949,17,10.6,6205.65
812389,5010557,20168,1,6.2,2093.93
812390,5003866,20580,43,11.6,84068.86
812391,5004411,21360,20,26.9,17941.37
812392,5004583,21356,1,0.8,612.12
812393,5006097,20946,40,11.5,84288.82
812394,5009120,20072,26,0.2,574.49
812395,5001108,21302,22,0.0,10753.82
812396,5004931,20076,16,1.6,37914.7
812397,5008782,20646,35,20.9,52750.72
812398,5003197,21071,18,0.8,41192.01
812399,5004899,20027,3,20.3,35.82
812400,5009127,21499,21,,43729.04
812401,5010864,20476,14,15.2,28504.32
812402,5011758,20347,16,26.6,1611.39
812403,5007254,20186,38,21.2,27932.06
812404,5011911,20419,40,5.3,57270.39
812405,5001412,20732,30,0.6,38257.57
812406,5005275,21024,42,10.7,70891.22
812407,5007317,20752,-1,10.3,-615.24
812408,5006754,21401,-10,16.0,-3735.73
812409,5005391,20045,3,15.4,430.95
812410,5006784,20092,22,0.3,12272.51
812411,5001217,21015,15,0.6,24772.52
812412,5003861,20291,-7,11.6,-6693.44
812413,5005315,20494,48,12.0,56043.61
812414,5004826,20176,50,,35884.02
812415,5007161,20284,7,26.8,12272.34
812416,5011396,20159,23,5.3,37281.67
812417,5000539,20259,18,10.0,19289.66
812418,5000759,21086,29,25.1,20598.89
812419,5011136,20979,11,21.5,19272.2
812420,5010044,20942,41,0.3,63034.38
812421,5009975,20428,2,11.6,39.39
812422,5011845,21416,12,1.5,
812423,5003129,20597,15,5.5,4638.63
812424,5008967,21261,11,25.1,18003.29
812425,5010571,20223,25,1.8,49282.65
812426,5004117,20777,29,5.8,28989.59
812427,5010665,20808,18,16.6,34971.81
812428,5010647,21024,1,16.1,1585.82
812429,5011657,20694,14,0.2,26498.46
812430,5003136,21041,5,21.3,8383.01
812431,5000340,21219,25,21.9,30546.67
812432,5003568,21122,6,10.3,6983.63
812433,5008809,20670,16,1.4,19923.51
812434,5000486,20754,26,16.4,24527.77
812435,5002874,21138,22,21.8,37412.33
812436,5004111,21299,26,26.1,36672.8
812437,5004950,21349,23,11.4,50029.21
812438,5008430,21176,9,21.4,8382.55
812439,5006242,20872,33,6.1,7561.45
812440,5001240,20516,19,0.2,16966.63
812441,5009127,20245,48,20.8,42450.95
812442,5006562,20984,45,2.0,67542.68
812443,5011720,20093,29,11.2,21106.34
812444,5004298,21463,23,16.2,8443.94
812445,5011973,20972,1,,228.46
812446,5009626,20396,14,,25741.34
812447,5000463,21485,7,10.3,15113.55
812448,5009468,20149,50,15.1,46924.65
812449,5006520,20898,13,6.3,10993.47
812450,5006162,20236,2,0.3,3347.73
812451,5004088,20051,28,,63926.49
812452,5003526,21163,41,1.1,44993.58
812453,5010432,20771,3,11.0,1016.92
812454,5005019,21123,22,5.3,41743.21
812455,5011964,20628,42,15.2,55098.31
812456,5000849,21398,42,0.9,101572.66
812457,5001967,21429,23,20.1,28978.51
812458,5002643,20145,47,0.4,76662.14
812459,5000134,20803,26,5.1,45307.14
812460,5000979,20779,6,10.2,
812461,5010670,21210,22,25.3,27722.51
812462,5011932,21173,49,21.2,56677.78
812463,5011741,21429,25,,36820.38
812464,5000169,21132,5,0.1,
812465,5004530,20808,5,1.1,11519.82
812466,5005448,20321,34,20.2,11397.34
812467,5000209,21080,42,0.1,68693.22
812468,5003629,20918,16,15.7,3614.11
812469,5009915,20978,38,20.7,45360.71
812470,5009240,20111,44,0.7,30622.85
812471,5000920,20103,32,1.1,
812472,5008606,21322,25,0.2,18266.14
812473,5007917,20021,15,6.0,10569.22
812474,5008819,20764,18,16.5,14862.72
812475,5000675,20337,22,1.3,29874.34
812476,5002066,20260,44,1.2,71692.28
812477,5004413,20235,39,26.7,5280.59
812478,5007831,21425,9,,2023.5
812479,5009713,20320,1,0.2,900.55
812480,5011626,20729,14,25.1,14442.16
812481,5010012,20700,12,10.2,11665.13
812482,5011533,20115,39,0.9,78885.7
812483,5003209,20774,4,11.4,5390.21
812484,5009205,20189,24,20.5,41150.03
812485,5003669,20742,37,5.7,17867.68
812486,5009298,21091,25,22.0,38340.7
812487,5003663,21093,48,20.7,93567.02
812488,5000127,21162,40,1.3,82695.6
812489,5007662,20137,20,0.9,4283.1
812490,5001047,20272,25,16.7,1790.12
812491,5001453,20549,24,0.2,23670.32
812492,5007561,20760,38,1.3,60131.49
812493,5010188,21078,35,0.3,78263.2
812494,5007371,20707,43,21.7,5600.5
812495,5009410,20497,20,0.4,28663.29
812496,5010312,20218,26,1.7,50481.91
812497,5011314,20911,50,0.3,95413.4
812498,5000153,20358,4,21.2,1347.35
812499,5002004,20732,22,0.3,28140.23
812500,5010387,20879,49,11.9,47291.21
812501,5000566,20454,5,21.1,8447.78
812502,5005451,20030,11,,14168.83
812503,5003803,21179,23,0.9,42853.58
812504,5011060,20138,24,0.4,48916.67
812505,5007512,20702,36,1.2,86973.72
812506,5001210,21051,40,0.7,69858.74
812507,5003242,21321,47,15.5,80751.72
812508,5011257,21275,9,10.1,8591.51
812509,5007441,21263,4,25.7,6725.49
812510,5005489,20466,30,26.3,40656.75
812511,5010417,21250,10,25.9,14430.38
812512,5006229,21167,1,,1865.29
812513,5003546,21266,6,1.8,8338.12
812514,5008171,20795,35,0.5,20493.82
812515,5005151,20490,50,,92131.91
812516,5009444,20655,19,1.3,41620.6
812517,5005823,21044,37,21.0,23508.52
812518,5011392,21160,6,25.4,1098.81
812519,5006988,20655,9,1.4,19695.04
812520,5011534,20774,2,10.1,2734.65
812521,5001466,20522,42,16.0,87022.35
812522,5011057,20210,37,5.0,86428.93
812523,5010347,20822,4,,6778.64
812524,5006380,20923,27,5.4,10337.87
812525,5003749,20990,27,10.5,
812526,5008294,20590,17,0.5,8487.78
812527,5005594,21097,41,0.2,101695.55
812528,5004049,21192,16,5.4,14126.73
812529,5009402,21399,24,21.2,22566.74
812530,5005691,21279,40,10.4,37237.4
812531,5008107,20333,2,,3537.21
812532,5002662,21213,40,15.7,
812533,5002316,20157,27,15.3,24256.46
812534,5008696,21287,36,26.5,58801.26
812535,5005048,20187,47,1.3,92784.96
812536,5007670,20675,27,,49739.89
812537,5007486,20221,15,15.0,21330.88
812538,5004620,21237,28,10.9,22267.09
812539,5004478,20977,15,10.1,24172.81
812540,5003221,20339,16,0.8,22359.52
812541,5001008,21436,25,11.0,13749.83
812542,5004967,20403,1,20.6,1202.92
812543,5010742,20308,23,6.4,44795.03
812544,5000051,20024,4,21.7,238.03
812545,5005777,21126,9,1.3,18175.51
812546,5009374,21393,37,0.3,56317.33
812547,5005279,20151,31,11.3,
812548,5008900,20968,24,1.2,11470.21
812549,5007850,20012,44,0.1,77736.63
812550,5010630,21126,9,,14676.68
812551,5002989,20386,47,0.4,94514.36
812552,5011802,21296,32,16.5,835.27
812553,5005878,21047,36,22.0,38395.47
812554,5011375,20017,9,5.6,8618.26
812555,5010860,21004,18,25.3,32346.77
812556,5011854,20021,36,25.4,20130.99
812557,5003374,20167,43,0.7,56599.23
812558,5010787,20662,5,16.0,4466.15
812559,5007440,21105,46,7.0,102660.02
812560,5006137,20504,49,5.4,111051.2
812561,5005328,20183,-6,0.3,-9640.29
812562,5004530,21213,17,,32404.45
812563,5009421,21454,17,15.1,11820.48
812564,5006188,20413,18,6.5,13124.37
812565,5008416,20767,32,1.2,75804.73
812566,5011998,21369,38,6.0,22684.34
812567,5004043,20128,6,0.3,5260.45
812568,5008386,21469,10,11.1,10149.98
812569,5007605,20945,49,21.3,21137.15
812570,5001813,20158,24,,6151.01
812571,5006963,20838,12,6.9,22950.42
812572,5007843,20894,30,10.4,51062.86
812573,5007959,20404,7,20.5,3785.31
812574,5010970,21380,12,1.7,197.47
812575,5007415,21298,39,25.7,72202.57
812576,5009700,21008,1,20.2,
812577,5000629,20578,14,16.3,26384.72
812578,5008705,21007,18,6.2,12880.8
812579,5009431,20473,6,1.0,1804.33
812580,5010712,20869,42,15.4,37977.67
812581,5003308,21235,23,0.3,49617.87
812582,5003535,20391,36,20.2,54485.24
812583,5002679,20133,41,5.0,81793.44
812584,5006280,20661,10,11.3,12921.46
812585,5007725,20545,43,0.4,49929.74
812586,5011940,21438,41,17.0,62413.74
812587,5004243,20707,14,26.7,1706.98
812588,5004940,20993,47,16.7,69370.09
812589,5003705,20724,35,1.8,73427.38
812590,5008402,21126,2,6.3,3834.39
812591,5001287,20338,16,,18560.84
812592,5009577,20729,33,1.3,44859.39
812593,5008685,20268,25,11.8,5567.62
812594,5005542,20020,35,25.3,45511.91
812595,5001635,20682,49,10.9,60514.87
812596,5009026,21311,1,11.2,1688.92
812597,5007983,20974,38,1.1,84369.34
812598,5009579,21215,46,6.5,92382.04
812599,5009326,21023,7,25.7,4612.14
812600,5006167,20256,-9,,-4692.34
812601,5011461,20284,41,21.5,77085.33
812602,5001701,20018,2,,3190.47
812603,5001090,20188,3,6.0,2936.3
812604,5002383,20447,2,15.7,
812605,5009103,20227,10,1.7,20194.85
812606,5003400,20600,30,16.2,44847.5
812607,5011070,20330,25,0.9,40826.97
812608,5010052,20377,40,,38245.76
812609,5005612,21189,37,0.4,76869.96
812610,5010338,20885,14,21.7,22583.69
812611,5010537,20435,3,,3514.85
812612,5001985,20228,49,11.7,57892.11
812613,5006581,21353,22,11.5,
812614,5006242,21332,32,,1602.35
812615,5010330,20328,24,27.0,33997.38
812616,5011402,20583,30,11.5,58378.67
812617,5009251,20089,46,25.9,63143.29
812618,5005227,20187,-2,0.5,-3980.3
812619,5002801,20224,36,16.8,12584.33
812620,5000835,20878,48,1.9,112521.48
812621,5009981,20385,41,20.4,48074.13
812622,5000001,21030,27,26.7,25738.59
812623,5003842,21038,34,1.3,60019.49
812624,5009815,21235,23,6.1,46731.37
812625,5004617,20236,17,26.4,21006.4
812626,5005626,20245,37,15.4,34953.69
812627,5005501,21173,23,11.2,29979.98
812628,5007645,21062,29,1.6,24982.41
812629,5003951,21257,12,15.8,14153.78
812630,5004088,20922,28,16.6,462.37
812631,5008386,20913,9,16.3,9485.78
812632,5004264,21234,23,20.3,28356.41
812633,5004410,20065,28,5.4,30138.84
812634,5007598,20632,10,21.3,9284.87
812635,5010697,20101,8,26.7,1559.41
812636,5006135,20448,32,1.4,20762.48
812637,5003355,21496,27,2.0,37756.04
812638,5002920,21186,42,11.6,46582.27
812639,5001644,20378,19,26.9,5803.94
812640,5000451,20339,28,,39010.83
812641,5010589,20646,37,1.5,69441.94
812642,5010518,20210,42,26.0,76421.37
812643,5002133,21476,49,21.1,11369.04
812644,5010784,20760,29,15.0,39520.11
812645,5011331,20693,31,6.0,12955.94
812646,5000264,20403,25,,28141.31
812647,5005984,21073,42,0.8,48323.16
812648,5010284,20812,24,11.0,42596.11
812649,5010772,21220,26,,24780.43
812650,5010118,20607,14,1.3,1864.74
812651,5003553,20207,22,0.9,53488.59
812652,5007891,21000,49,0.1,6595.66
812653,5002295,21045,39,16.9,
812654,5005620,20639,1,11.3,1379.6
812655,5000846,20199,25,26.0,24159.52
812656,5001215,20217,38,6.6,13698.14
812657,5003225,20714,6,20.2,2346.74
812658,5003972,20510,18,0.4,37624.6
812659,5009369,21403,23,0.8,20860.9
812660,5004251,20504,10,1.2,23669.71
812661,5005955,20902,25,16.4,50139.94
812662,5001688,21096,48,26.4,31343.35
812663,5007969,21088,-10,5.5,-18861.44
812664,5006103,21300,42,10.1,21497.89
812665,5000830,20649,30,5.4,53454.01
812666,5001953,20284,32,21.8,59934.23
812667,5001634,21302,44,15.5,18173.96
812668,5008986,20909,20,26.3,25661.01
812669,5007822,21051,22,5.0,36758.5
812670,5000451,20299,40,1.7,64218.6
812671,5007024,21183,18,16.3,31317.69
812672,5003272,21413,39,1.8,444.26
812673,5009127,20943,21,16.0,6667.21
812674,5006169,21119,11,1.0,7320.91
812675,5008864,21039,19,,38132.77
812676,5000458,20797,42,,43815.18
812677,5000302,21173,11,0.2,16114.39
812678,5002011,20914,3,1.8,3699.23
812679,5009055,21157,6,0.9,9299.13
812680,5008950,20281,38,5.8,28137.45
812681,5004768,20618,40,21.9,64993.88
812682,5009147,20848,19,10.0,23705.56
812683,5010666,20945,9,1.5,4859.08
812684,5005091,20775,6,21.6,11215.51
812685,5000624,20717,25,1.5,14752.1
812686,5005105,21320,8,11.5,12717.73
812687,5009956,20031,4,11.6,2444.61
812688,5010118,21408,22,0.0,30400.7
812689,5003054,20135,17,0.8,19872.87
812690,5003829,21186,28,0.7,34884.01
812691,5006038,20568,28,26.4,4917.89
812692,5006818,20787,33,5.4,
812693,5011891,21387,30,25.7,37092.79
812694,5005288,20940,4,21.6,1562.1
812695,5002175,20651,36,,80430.53
812696,5011406,20838,40,21.5,64504.39
812697,5004284,20047,1,15.6,394.65
812698,5010068,20214,3,0.7,5625.13
812699,5003775,21301,26,20.2,23497.32
812700,5001989,20521,-8,0.1,-14561.9
812701,5010329,21053,21,0.1,34274.86
812702,5008567,21349,3,1.7,7239.97
812703,5011934,20037,12,11.2,17935.11
812704,5005473,20706,11,21.9,8116.18
812705,5007342,20804,2,0.3,2484.17
812706,5004167,20217,27,11.8,9191.01
812707,5010952,20360,9,0.2,5204.71
812708,5011591,21211,39,1.4,72253.91
812709,5007013,20048,42,21.0,435.32
812710,5002580,21343,23,20.0,45089.02
812711,5006278,21274,28,0.6,37604.09
812712,5003479,20180,33,15.7,42376.4
812713,5000140,20280,39,15.8,20430.16
812714,5002240,20292,27,1.9,27942.73
812715,5005272,20835,37,11.2,17797.11
812716,5006542,20202,9,1.9,14539.77
812717,5011540,21010,1,1.3,1229.39
812718,5010639,21112,-6,0.7,-6475.93
812719,5010870,21171,1,5.4,492.11
812720,5004057,20704,32,21.7,
812721,5007818,20102,4,6.6,2884.75
812722,5001601,20845,45,16.7,66256.61
812723,5009160,21163,14,5.1,14742.28
812724,5010873,20601,27,1.1,31466.55
812725,5002841,20371,11,,13797.26
812726,5000678,20953,42,26.8,286.23
812727,5004851,20402,33,6.5,74795.3
812728,5000316,21190,49,21.5,15535.63
812729,5009845,21190,1,10.6,361.08
812730,5003064,20977,21,16.9,31282.14
812731,5002411,21354,7,25.8,1408.72
812732,5005737,20784,18,0.1,22927.05
812733,5000819,20465,48,2.0,35213.2
812734,5010165,21422,35,1.4,79675.65
812735,5011306,20035,27,6.7,23714.56
812736,5009142,21455,50,16.8,19290.34
812737,5005054,20992,42,1.0,85099.29
812738,5000992,21335,17,5.4,32308.09
812739,5002472,20636,35,20.9,8142.71
812740,5000213,21461,15,21.7,21788.5
812741,5000536,20892,40,0.1,82587.33
812742,5005104,20544,35,0.5,15802.19
812743,5010283,20362,45,,54990.15
812744,5000923,20004,20,5.0,35486.3
812745,5008670,20637,19,5.7,21037.42
812746,5010006,21217,15,20.2,17371.22
812747,5005473,21029,33,0.9,51387.53
812748,5000400,21036,12,16.6,
812749,5000519,21265,-3,10.1,-2675.37
812750,5007862,20527,12,11.8,15855.15
812751,5006168,20555,31,,46078.05
812752,5002355,20445,21,20.1,24995.17
812753,5006482,20237,13,20.5,15932.64
812754,5002328,21120,3,5.5,1465.95
812755,5000438,20751,22,5.2,23893.68
812756,5002285,20547,49,5.5,64163.91
812757,5005845,20039,49,,4588.96
812758,5003116,20984,19,11.2,25840.82
812759,5009666,21070,19,5.6,8298.99
812760,5000969,20217,3,,1143.96
812761,5001636,21002,43,21.5,53770.7
812762,5003874,21281,31,,26945.2
812763,5008557,20239,24,12.0,35895.34
812764,5010557,20997,17,1.0,18173.37
812765,5004135,21337,41,11.1,89393.72
812766,5011859,20861,28,5.4,32843.27
812767,5007971,21034,38,10.6,
812768,5003149,21096,27,,19139.78
812769,5002856,20264,30,10.8,
812770,5006318,20688,19,1.0,46969.7
812771,5007531,20049,28,26.8,9613.24
812772,5000780,21049,17,0.8,18522.07
812773,5001379,20052,3,16.5,4344.17
812774,5011149,21479,14,0.4,
812775,5000290,21163,2,6.2,2081.63
812776,5003320,21352,29,26.0,30812.48
812777,5003820,20574,22,15.9,12374.14
812778,5005541,21002,30,1.8,46928.9
812779,5006183,20589,24,1.9,40934.3
812780,5004523,20090,46,16.4,17268.28
812781,5003721,21470,31,1.9,55911.23
812782,5011170,20273,24,11.4,34835.54
812783,5007356,20092,46,25.3,19226.23
812784,5001500,20719,30,0.1,3346.75
812785,5009918,20358,8,21.8,2674.19
812786,5007526,21092,11,0.2,18282.98
812787,5004925,20083,17,0.2,13179.19
812788,5005182,21377,43,,19687.45
812789,5002354,21290,40,5.5,85014.85
812790,5000394,20891,37,0.8,66482.69
812791,5009393,21035,14,0.7,13551.53
812792,5001080,21082,33,16.1,24243.29
812793,5004225,20010,33,0.6,13935.27
812794,5000384,20497,14,1.0,19943.43
812795,5003049,20772,28,1.7,9286.6
812796,5005534,20424,5,0.3,7459.8
812797,5002256,20427,25,1.9,48713.52
812798,5003789,21043,31,0.7,
812799,5006395,20670,24,15.3,25672.23
812800,5005094,20929,10,11.7,5707.18
812801,5009652,20023,16,26.0,2912.88
812802,5000253,20268,21,25.1,3971.57
812803,5000286,20526,23,1.8,23581.14
812804,5011609,20838,26,16.7,44491.6
812805,5009385,20374,38,16.4,68847.61
812806,5008368,20288,20,1.2,17888.33
812807,5011772,21129,3,1.0,3503.29
812808,5000755,20775,23,,40360.58
812809,5004274,20341,27,20.8,16085.69
812810,5001057,20700,26,10.4,25218.15
812811,5001518,20222,19,,18048.04
812812,5008420,21009,3,1.6,1996.44
812813,5003123,21217,21,11.6,26940.63
812814,5008459,21167,34,10.5,56874.58
812815,5007906,20368,5,0.8,2291.37
812816,5002560,21335,17,26.0,25272.72
812817,5006794,21260,-1,16.7,-1923.54
812818,5002496,21090,40,20.9,28665.21
812819,5001023,21247,8,21.5,4157.17
812820,5007551,21317,19,20.8,26835.25
812821,5003513,21082,27,20.1,18889.75
812822,5007194,20542,44,20.8,66510.2
812823,5000976,21340,29,10.3,31023.36
812824,5009032,20575,5,7.0,2238.56
812825,5005958,20259,36,5.7,40422.56
812826,5000953,20504,42,15.3,85225.34
812827,5004528,20637,14,1.1,16257.42
812828,5005838,21157,3,10.6,4194.46
812829,5007087,21362,12,1.1,14858.38
812830,5007206,20633,25,25.7,402.52
812831,5009739,21277,44,15.5,40804.68
812832,5011906,21277,47,25.5,38428.61
812833,5007268,21166,41,1.8,
812834,5010166,20451,22,1.7,28131.97
812835,5006532,20517,40,0.5,2321.53
812836,5006451,21351,37,25.3,43999.35
812837,5007439,20103,19,0.5,39514.1
812838,5002405,20947,2,1.3,4042.73
812839,5006496,20859,48,6.3,
812840,5006515,20959,39,21.4,12240.45
812841,5002847,20987,8,1.3,5137.93
812842,5010409,21224,9,26.9,16374.14
812843,5011254,20753,4,21.4,3236.34
812844,5009480,21414,17,0.9,34439.31
812845,5007132,20392,35,1.0,35882.5
812846,5010530,21140,49,0.5,39360.89
812847,5000458,20362,47,1.0,13841.28
812848,5005567,21005,33,25.4,36577.92
812849,5011901,20131,28,1.6,29741.01
812850,5005111,20561,8,20.5,459.89
812851,5010602,21247,28,0.0,18535.16
812852,5010231,20413,17,10.5,11864.96
812853,5011625,20210,28,0.8,68297.3
812854,5006694,20526,42,,37097.54
812855,5000513,20162,41,1.1,59136.26
812856,5004034,20079,33,11.3,68346.03
812857,5010780,21117,22,,27904.49
812858,5007171,20326,5,5.1,10293.9
812859,5011999,20411,26,25.6,13213.69
812860,5002564,20104,11,11.2,6367.76
812861,5008096,20854,10,26.1,15257.91
812862,5011320,21223,18,0.3,39130.71
812863,5010388,20972,48,6.3,11650.13
812864,5002457,20268,8,0.9,2001.82
812865,5011566,21458,34,16.4,32568.22
812866,5011663,20032,50,6.2,53735.21
812867,5005076,20235,8,0.5,1470.37
812868,5005395,20781,29,25.4,
812869,5010438,20621,13,16.2,2176.62
812870,5001409,21239,5,6.3,9917.3
812871,5009224,20298,27,1.6,41948.75
812872,5000773,20735,20,16.5,11791.04
812873,5001359,20824,44,21.7,59277.42
812874,5002697,20029,-3,1.5,-6381.53
812875,5000373,20804,29,5.1,34286.21
812876,5008689,20415,16,6.7,11680.86
812877,5011629,21099,29,6.0,61040.86
812878,5011110,20084,16,0.4,18079.71
812879,5008885,20391,1,2.0,1858.66
812880,5010767,21395,41,17.0,26212.97
812881,5003786,20662,18,26.4,14087.53
812882,5002757,20776,7,1.2,14374.15
812883,5000683,20895,39,11.0,10740.66
812884,5010084,20888,34,5.1,58887.71
812885,5003182,20621,14,26.0,2069.93
812886,5011440,21315,11,1.5,23551.61
812887,5005307,21062,45,5.6,37189.97
812888,5007827,20191,36,0.8,46379.53
812889,5009242,20351,2,2.0,1939.44
812890,5008615,20212,45,6.7,53668.59
812891,5005274,21186,35,21.3,34559.06
812892,5003584,21423,31,15.5,27508.68
812893,5005353,20344,44,22.0,62102.04
812894,5004649,20327,20,26.7,17441.0
812895,5005840,20013,24,6.4,927.76
812896,5005114,20395,8,21.3,12720.0
812897,5001758,21318,28,0.8,38957.51
812898,5007530,20347,2,0.7,272.5
812899,5007940,21355,43,16.8,83882.91
812900,5009557,21372,15,25.3,23054.85
812901,5000239,20365,41,6.5,23093.77
812902,5004545,21235,14,6.5,28324.01
812903,5004562,21421,33,1.1,44572.35
812904,5011638,20780,28,25.9,7960.8
812905,5008677,20042,38,27.0,25979.9
812906,5005931,20251,9,1.8,3673.78
812907,5011941,20423,28,0.9,41100.89
812908,5005181,20340,25,20.9,47452.88
812909,5002862,20667,44,1.6,31881.88
812910,5007859,20884,38,16.6,6653.74
812911,5003851,20274,19,7.0,22888.3
812912,5010024,20728,34,21.1,
812913,5007838,21294,31,11.3,29042.61
812914,5006666,21150,17,26.9,10178.58
812915,5005068,21293,35,,61314.95
812916,5011338,20043,28,0.0,7368.48
812917,5004639,20963,-10,25.2,-16213.72
812918,5007919,20839,48,5.8,14166.17
812919,5007902,21056,40,,37520.42
812920,5009089,21435,15,0.9,16720.3
812921,5008980,20845,42,1.2,73346.25
812922,5003945,20893,3,,6801.72
812923,5002914,21146,49,5.7,68497.72
812924,5000452,20213,38,15.9,4359.07
812925,5010194,20796,11,20.9,17170.9
812926,5004213,20818,14,15.4,21525.64
812927,5008291,20976,11,26.6,4963.9
812928,5000945,20640,35,1.3,
812929,5009696,20071,6,,
812930,5010353,20903,14,1.1,17120.99
812931,5003407,21399,38,1.4,44708.69
812932,5010419,20301,20,15.6,8912.81
812933,5002147,20719,22,16.8,2044.01
812934,5007852,20201,21,11.4,5045.95
812935,5001681,21467,18,26.1,7829.29
812936,5006733,20138,44,1.3,88870.19
812937,5003905,21338,18,,31880.73
812938,5009940,21427,7,1.1,8441.77
812939,5008944,20828,26,16.5,44126.44
812940,5003918,21359,1,11.6,709.1
812941,5000020,21447,47,26.3,60170.71
812942,5011258,21195,48,11.4,48979.92
812943,5006475,20525,43,1.1,2936.49
812944,5001595,21316,19,11.2,38164.8
812945,5005857,21415,28,15.2,11016.03
812946,5005655,21015,16,15.5,22463.07
812947,5001691,20589,48,15.3,70685.74
812948,5006860,20279,30,20.0,22990.08
812949,5007945,20962,12,2.0,21360.04
812950,5000275,20594,48,25.2,62966.64
812951,5000727,21202,27,0.5,41364.58
812952,5001047,21048,3,1.4,6156.6
812953,5011382,20254,35,5.2,3314.68
812954,5000619,20609,-3,11.9,-5589.68
812955,5004379,20082,15,,3001.17
812956,5007735,20038,46,25.1,38718.37
812957,5010142,20904,5,1.6,5155.23
812958,5000399,20996,6,0.0,4010.16
812959,5002194,20886,15,21.0,3174.5
812960,5011238,20783,6,1.3,13103.79
812961,5001876,20136,25,21.5,21892.67
812962,5008670,21019,36,0.7,42325.63
812963,5002643,20861,5,5.2,5877.27
812964,5001947,21135,-10,1.6,-6610.81
812965,5011936,20425,27,1.7,54221.94
812966,5003022,21320,47,,83581.37
812967,5008007,20193,20,1.5,42823.86
812968,5008208,20493,8,25.2,7415.49
812969,5009426,21340,24,26.6,21009.02
812970,5003476,20884,46,20.8,7648.9
812971,5010516,21051,47,10.5,73983.08
812972,5008240,21298,17,1.2,41850.93
812973,5006763,20076,30,15.7,60903.38
812974,5004651,20472,44,26.7,40116.97
812975,5005378,21333,20,15.6,557.38
812976,5008006,21290,34,15.3,64768.72
812977,5004985,20890,8,15.3,11648.22
812978,5002407,21230,5,,3076.06
812979,5003349,20718,34,26.6,666.57
812980,5002495,20478,2,5.9,4413.95
812981,5006412,20464,39,5.7,7465.0
812982,5003447,20586,6,,4046.94
812983,5004966,21260,10,21.2,18196.26
812984,5002100,20365,44,1.8,26029.36
812985,5005455,20434,13,0.2,16535.62
812986,5005654,20347,35,26.6,3524.92
812987,5002581,21066,48,25.5,7079.05
812988,5000080,21329,11,25.2,12728.22
812989,5003755,20119,3,11.9,9.81
812990,5007666,20619,11,11.8,18353.37
812991,5011416,20915,29,16.6,24239.45
812992,5003113,20668,46,6.3,66233.12
812993,5001674,20770,9,15.5,5882.47
812994,5006317,20953,35,17.0,69632.85
812995,5008359,21211,9,1.3,16690.89
812996,5004492,20464,12,25.4,1817.08
812997,5007681,20159,44,26.0,55731.65
812998,5000610,21265,35,11.9,30587.7
812999,5008302,20433,18,6.0,5833.68
813000,5008606,20119,18,20.6,53.02
813001,5007248,20721,15,,12720.06
813002,5005562,21083,17,15.7,2584.45
813003,5011929,20116,38,16.3,74366.88
813004,5002322,21371,5,20.5,9493.81
813005,5008227,21080,49,10.7,71638.52
813006,5007824,20569,37,21.2,47510.87
813007,5010653,21488,11,6.3,12947.45
813008,5006421,20019,11,6.9,5428.96
813009,5000306,21198,5,15.6,6680.39
813010,5005550,21196,24,16.2,27307.87
813011,5009730,21137,22,15.4,32547.55
813012,5006178,21465,9,16.9,573.56
813013,5001655,20758,3,5.2,3804.05
813014,5010341,20046,47,1.5,59764.53
813015,5008664,20131,39,,35615.37
813016,5003097,21179,30,0.1,56347.2
813017,5010753,20772,16,1.6,5312.03
813018,5011969,21188,47,0.2,36544.93
813019,5008848,21068,12,,14949.28
813020,5007352,20455,33,5.4,54311.2
813021,5004085,20273,41,1.0,66496.16
813022,5010632,20325,28,0.3,39038.85
813023,5010901,20490,50,1.4,52958.55
813024,5000489,20972,14,21.4,2850.37
813025,5001624,20832,44,1.7,104486.45
813026,5005730,20309,27,21.8,42129.19
813027,5008261,20167,26,16.4,28811.94
813028,5000672,21239,4,5.7,7984.65
813029,5002404,21016,7,1.2,14274.83
813030,5004359,21320,2,15.1,3050.1
813031,5011092,21255,30,5.9,68366.28
813032,5001050,20311,8,1.9,12728.28
813033,5008303,21246,27,5.6,16079.61
813034,5002055,20153,22,10.9,29127.0
813035,5005706,21498,19,21.2,448.56
813036,5006629,21377,29,5.8,12608.35
813037,5010780,20958,3,2.0,737.2
813038,5000373,20842,11,20.8,5916.23
813039,5007389,20373,3,,4110.14
813040,5004751,20687,29,0.9,11645.62
813041,5010228,20460,14,1.3,5165.72
813042,5000799,20915,3,,2546.62
813043,5006870,21282,3,25.4,5322.79
813044,5000353,21374,23,11.0,22332.77
813045,5005353,20129,24,25.3,20246.45
813046,5005790,20294,13,26.6,20016.73
813047,5003765,20020,35,1.3,68830.22
813048,5011300,20978,20,0.2,30045.79
813049,5005128,21208,9,1.1,4701.24
813050,5000831,20321,50,0.1,20982.5
813051,5009370,21408,21,1.1,28699.64
813052,5003303,20840,22,1.5,7964.38
813053,5005307,20167,47,25.9,46164.58
813054,5009084,21166,30,1.0,
813055,5007111,21417,36,,39542.99
813056,5010262,20425,24,1.1,
813057,5000673,20095,29,5.2,12679.59
813058,5011234,21440,15,25.3,21737.03
813059,5008703,21304,-8,1.2,-3150.22
813060,5011561,20365,19,21.3,9007.99
813061,5006144,20673,4,1.4,846.82
813062,5011172,20108,35,2.0,80804.63
813063,5001025,20748,46,15.2,19732.2
813064,5009374,20973,23,,34170.26
813065,5005313,21094,32,20.7,10622.14
813066,5001511,20737,35,21.5,40342.64
813067,5010490,21327,37,1.1,24267.38
813068,5006212,20761,48,11.6,81395.18
813069,5005389,21198,50,5.9,74481.56
813070,5007673,20302,19,1.4,24558.59
813071,5001290,21386,24,1.4,24942.09
813072,5008445,20836,17,21.9,
813073,5000324,20258,2,10.3,77.81
813074,5002692,20716,18,,4664.87
813075,5010450,21397,35,21.2,8214.98
813076,5002442,21495,-8,6.8,-8854.82
813077,5004846,20746,14,20.9,11596.69
813078,5010643,21180,15,26.0,22245.73
813079,5007469,20656,47,5.9,57589.3
813080,5011058,20381,43,21.9,21046.8
813081,5011942,20064,-8,16.1,-6303.78
813082,5003332,21167,41,16.0,64369.39
813083,5005265,21316,36,20.8,64494.71
813084,5000387,20235,19,5.1,3330.69
813085,5005392,21140,28,11.7,19960.18
813086,5009066,20877,1,11.4,2063.02
813087,5009544,20355,13,25.8,5875.67
813088,5007924,20713,23,1.3,29401.65
813089,5000630,21465,46,0.4,3513.63
813090,5006442,20160,9,0.9,4214.41
813091,5008088,20147,19,10.5,14386.06
813092,5009572,21495,18,10.6,19111.02
813093,5010403,21123,42,12.0,74053.43
813094,5005815,20778,45,10.1,8167.06
813095,5000912,20588,1,0.6,1783.27
813096,5002847,20947,25,0.5,50943.75
813097,5003155,20837,15,22.0,5978.7
813098,5004465,20216,38,11.5,46825.74
813099,5002121,21029,2,15.6,2652.42
813100,5011984,21349,11,16.2,22630.74
813101,5005021,20056,29,0.7,2409.44
813102,5003163,21384,38,0.3,94633.55
813103,5011310,20332,37,,28301.41
813104,5000500,21390,32,0.2,15972.15
813105,5003286,20846,36,20.6,
813106,5010878,20637,17,0.3,19900.84
813107,5003002,20363,25,10.2,35139.41
813108,5009662,20341,17,11.0,11381.24
813109,5010091,20056,32,15.7,2257.08
813110,5011367,20625,49,0.0,38525.76
813111,5006588,20882,50,1.9,4887.83
813112,5004337,20420,11,6.1,20466.81
813113,5011369,20110,37,0.1,56776.65
813114,5010005,20067,44,6.9,34643.66
813115,5007919,20420,21,1.9,40820.68
813116,5000419,21444,35,15.1,24110.45
813117,5009191,20963,17,1.5,36296.63
813118,5010021,20107,10,21.0,17825.88
813119,5004438,21299,43,1.6,80758.8
813120,5009243,20135,-3,2.0,-3464.55
813121,5004560,20687,12,20.7,3856.07
813122,5008767,21382,34,2.0,
813123,5001559,20315,10,21.5,13682.08
813124,5006589,20369,29,0.4,32021.67
813125,5004577,21055,13,1.2,29040.28
813126,5006827,20450,14,0.8,9405.93
813127,5000531,20051,15,,25529.71
813128,5007024,20345,-4,5.4,-360.8
813129,5000671,21227,26,5.4,46617.78
813130,5011005,20092,38,1.9,20857.79
813131,5007031,20086,50,5.2,44126.08
813132,5000881,21394,48,2.0,2616.36
813133,5001074,20288,29,,23444.04
813134,5000759,21412,50,2.0,75077.31
813135,5010627,20689,13,15.8,26808.29
813136,5001469,20650,17,0.7,40171.72
813137,5005167,21100,31,1.5,
813138,5005828,20939,-7,15.8,-7738.23
813139,5010393,20296,-4,16.2,-8207.27
813140,5008012,20169,28,20.3,44545.86
813141,5002249,20156,9,25.2,15342.03
813142,5005260,21024,3,21.0,4479.61
813143,5001133,20420,7,,13662.37
813144,5002854,21022,43,0.7,19644.1
813145,5002796,20036,46,16.0,2675.43
813146,5006697,20435,28,1.8,34271.01
813147,5000494,21236,43,,53866.85
813148,5005597,20336,41,21.1,61986.51
813149,5011456,20039,4,11.0,334.07
813150,5005371,20781,18,,14989.52
813151,5005887,20120,49,10.1,
813152,5011657,20166,19,20.1,17874.11
813153,5011668,21422,45,0.9,102959.6
813154,5003516,20446,46,25.6,18094.91
813155,5001005,21455,38,6.4,16493.24
813156,5005269,21189,19,17.0,32894.8
813157,5002841,20043,13,25.8,
813158,5003714,20824,50,1.3,84910.62
813159,5010474,21164,48,1.2,32526.22
813160,5000452,21032,20,1.5,21315.79
813161,5000998,20119,37,21.7,107.48
813162,5008641,21075,46,16.2,55068.13
813163,5011533,20123,46,0.9,75877.9
813164,5008744,20230,34,1.8,13104.79
813165,5011896,20825,47,0.8,100824.87
813166,5011177,20910,17,1.7,1293.43
813167,5001348,20453,3,15.6,364.84
813168,5001945,20183,24,,30903.08
813169,5008616,21163,11,0.0,12205.71
813170,5000111,21059,45,1.2,48728.6
813171,5001413,20398,26,0.1,
813172,5010074,20555,22,10.6,32518.68
813173,5005191,20318,15,,23196.97
813174,5001669,20235,20,0.4,3679.62
813175,5001896,21243,15,16.9,27477.1
813176,5002913,20922,7,,14923.14
813177,5008022,21095,37,20.9,61021.11
813178,5008028,20653,18,0.2,18075.38
813179,5006170,20781,47,2.0,38433.39
813180,5009949,21257,17,1.9,23361.31
813181,5006346,21087,17,0.5,40539.33
813182,5003169,20109,7,15.5,10106.78
813183,5007046,20702,33,26.1,59633.04
813184,5006617,20182,16,10.3,29972.86
813185,5004098,21305,30,16.9,58725.11
813186,5003277,21294,8,1.9,8289.14
813187,5011109,21484,39,,65885.82
813188,5004128,20009,17,1.6,31931.58
813189,5006756,20565,14,1.9,12986.73
813190,5007022,20859,46,15.4,642.5
813191,5006163,21475,2,20.8,413.95
813192,5010583,20420,28,6.1,52097.34
813193,5009885,20114,3,1.9,3898.06
813194,5003960,21354,46,0.7,12388.79
813195,5010648,21250,48,1.6,91980.54
813196,5005985,20525,35,1.8,2373.25
813197,5008395,20169,2,21.9,278.4
813198,5011461,21433,11,25.4,16688.38
813199,5007527,21368,20,16.0,39493.44
813200,5002686,21200,24,16.8,25610.16
813201,5004068,20756,47,6.9,73354.23
813202,5010013,20749,8,1.1,17393.27
813203,5006864,20322,28,0.4,25928.87
813204,5006865,21305,44,0.8,102817.23
813205,5010749,20054,28,1.4,59745.64
813206,5002964,20896,5,,11288.92
813207,5003290,21075,17,1.8,23848.38
813208,5000522,21488,26,10.2,29329.29
813209,5000047,20202,26,20.4,34082.59
813210,5010744,20992,24,10.6,43912.71
813211,5003151,20865,23,,53625.41
813212,5011927,21316,3,0.5,6752.13
813213,5009566,20009,13,11.9,21862.29
813214,5010365,20735,18,0.2,12683.48
813215,5010586,21297,17,26.4,31051.78
813216,5007162,20837,18,16.8,7652.74
813217,5002597,20649,9,,15188.62
813218,5007808,20314,44,1.8,9821.61
813219,5003887,21139,25,25.9,34697.14
813220,5007536,20980,13,20.6,12878.04
813221,5002864,21312,32,0.2,52749.65
813222,5011385,21385,49,11.5,77072.18
813223,5007557,21188,1,1.6,766.64
813224,5004196,20396,15,0.3,27580.01
813225,5002031,20169,48,10.9,94437.73
813226,5005860,20159,33,,47729.64
813227,5004947,20274,3,1.7,3819.9
813228,5003142,20518,12,16.0,12369.97
813229,5011885,21041,35,5.3,70611.11
813230,5008610,21147,29,,33316.7
813231,5004055,21149,-4,6.8,-8152.35
813232,5011891,20442,1,10.2,286.28
813233,5005613,20195,4,15.2,3794.9
813234,5004124,21347,3,7.0,2174.44
813235,5010724,20585,26,1.0,58123.24
813236,5009761,20226,11,26.5,495.85
813237,5011168,20691,3,22.0,3253.47
813238,5009029,21173,42,0.6,61281.05
813239,5008199,21126,26,15.9,44740.02
813240,5006692,20734,5,20.6,7005.86
813241,5011552,20440,23,15.4,8180.92
813242,5001987,21207,45,10.7,62476.02
813243,5000008,21119,39,0.2,26165.7
813244,5003706,20948,31,20.8,26166.79
813245,5007468,20974,7,20.9,12430.23
813246,5010569,21421,31,25.5,31540.84
813247,5007035,20240,49,,70807.84
813248,5011043,20590,-10,26.6,-3683.14
813249,5003030,20260,13,16.7,17858.75
813250,5006411,20976,6,5.1,3500.67
813251,5010190,20588,18,25.8,23961.06
813252,5002047,20049,48,1.2,22243.28
813253,5011448,21248,43,26.3,77424.92
813254,5010748,20760,28,5.5,42422.0
813255,5004343,20880,42,0.2,16837.24
813256,5007477,20239,20,11.5,30082.74
813257,5011832,21056,11,10.4,11807.19
813258,5011567,21395,25,25.2,14404.42
813259,5005226,21045,11,26.8,8816.22
813260,5009519,20594,9,11.4,13984.4
813261,5001375,20423,25,6.7,34549.46
813262,5010098,20117,31,1.4,72410.85
813263,5006047,20128,29,26.1,18845.99
813264,5005559,20162,16,16.9,19390.75
813265,5002713,21319,2,26.3,2122.43
813266,5007982,21014,2,0.4,552.3
813267,5010165,20156,23,1.8,51472.82
813268,5002406,20356,32,,6899.41
813269,5000475,20625,34,,23898.55
813270,5001299,20409,47,0.9,54414.05
813271,5003049,20996,43,16.8,23911.25
813272,5006368,21103,23,10.1,25176.73
813273,5003885,20516,9,16.4,6732.25
813274,5006116,20913,1,20.2,1004.87
813275,5011144,20566,31,22.0,30051.87
813276,5007187,21080,34,10.3,49931.02
813277,5000400,20605,19,0.1,35495.61
813278,5010006,21480,38,5.2,2870.39
813279,5002766,21064,42,0.5,74528.7
813280,5011724,21056,24,5.1,27284.96
813281,5004091,21132,13,,3431.91
813282,5002053,21271,17,,24367.58
813283,5002922,20969,2,11.1,3994.51
813284,5005119,20112,49,0.3,95518.85
813285,5010867,20562,17,21.8,3259.42
813286,5001012,20126,44,15.5,76386.68
813287,5005732,20217,38,0.7,14563.44
813288,5004450,20445,40,21.5,
813289,5008247,20563,20,0.9,29376.01
813290,5002645,21132,43,20.9,12283.45
813291,5006970,21336,25,5.1,56828.73
813292,5000326,20519,9,0.3,3094.07
813293,5004829,21318,6,1.0,8331.21
813294,5009460,20143,38,16.9,61723.94
813295,5003090,20958,32,6.7,7486.39
813296,5003147,20094,1,0.2,920.11
813297,5010715,20065,45,11.7,45211.68
813298,5005400,20801,22,,
813299,5008489,21417,47,1.8,69447.0
813300,5002883,20483,30,1.0,68675.31
813301,5002938,20091,2,1.1,2060.7
813302,5006252,20423,26,,38319.16
813303,5006413,20002,34,6.0,21496.94
813304,5005589,21165,19,1.2,5489.31
813305,5009258,20452,44,16.3,48396.04
813306,5001692,21082,32,11.3,24853.6
813307,5006019,21059,43,5.9,44347.85
813308,5010047,20455,13,11.6,19993.09
813309,5002427,21318,1,1.4,1382.92
813310,5003892,20463,34,15.8,23902.38
813311,5003098,21370,18,25.8,21299.08
813312,5008398,21109,8,6.7,16651.44
813313,5009107,20580,17,25.6,27972.82
813314,5010158,21276,38,1.2,86292.63
813315,5001956,21077,45,20.3,3387.09
813316,5003814,20956,37,26.1,38013.33
813317,5007840,20177,31,0.5,50419.55
813318,5006980,20979,12,15.6,22604.38
813319,5000662,20602,26,0.5,16443.75
813320,5002199,20669,29,0.5,22381.09
813321,5001521,20948,27,,25437.8
813322,5004887,20007,4,21.2,2358.77
813323,5009985,21266,14,10.1,17811.2
813324,5000613,20659,12,10.0,8060.15
813325,5001302,21290,43,16.9,80366.02
813326,5007024,21268,9,1.1,18835.05
813327,5003142,21368,23,6.9,50337.68
813328,5000742,20408,45,11.3,45882.29
813329,5008141,21393,45,0.6,68287.95
813330,5011501,20750,9,11.0,14028.63
813331,5009348,20942,34,26.2,38693.12
813332,5003039,20805,37,26.5,64934.05
813333,5007954,21361,43,11.2,50396.01
813334,5009343,20214,39,5.9,69297.25
813335,5008104,21235,5,15.4,9152.83
813336,5007875,21425,45,16.5,8977.79
813337,5002166,21017,41,0.4,25729.95
813338,5000461,20645,22,16.7,1957.95
813339,5007967,20445,26,0.2,38653.96
813340,5000354,20255,13,5.1,19674.8
813341,5009679,20996,34,1.0,22497.0
813342,5009035,20754,46,11.9,45731.16
813343,5000397,20390,20,16.1,31443.04
813344,5007577,20416,41,5.8,12792.38
813345,5002036,20625,21,0.6,16411.97
813346,5007400,20196,31,6.7,39730.08
813347,5007372,20186,31,15.4,24463.88
813348,5010295,20341,25,26.8,13765.81
813349,5011664,21343,32,0.9,77709.94
813350,5011505,20600,28,25.3,37312.26
813351,5003424,20665,36,6.5,
813352,5003538,20944,46,0.1,59863.82
813353,5004900,21183,24,25.8,37017.49
813354,5002199,20220,39,1.8,31749.04
813355,5002535,20169,23,16.2,5009.31
813356,5005994,20485,40,0.1,22817.16
813357,5008108,20583,14,0.4,30660.35
813358,5007831,20816,23,25.6,39495.35
813359,5000349,21093,8,0.6,19547.21
813360,5009332,21091,17,26.9,24433.84
813361,5004169,20118,7,5.8,5103.82
813362,5002281,20270,32,16.6,17592.73
813363,5004409,20888,1,15.9,1534.88
813364,5010569,21013,19,5.2,1885.32
813365,5011110,20599,19,15.0,23548.15
813366,5006378,20953,3,1.7,3857.7
813367,5008223,21044,26,0.0,20910.76
813368,5000163,20790,1,1.9,2281.0
813369,5003513,21467,26,,14430.8
813370,5005987,21436,23,1.5,14000.11
813371,5002993,20326,14,21.1,23963.41
813372,5006593,20337,37,26.2,37567.87
813373,5006482,20389,3,1.3,6813.62
813374,5005279,21395,28,0.1,21546.55
813375,5009432,20625,8,5.1,5969.13
813376,5006044,20699,29,0.5,44347.54
813377,5004300,21245,18,27.0,23658.7
813378,5003430,20296,37,1.4,89325.08
813379,5004345,20718,35,15.2,792.75
813380,5007432,21252,6,15.9,7700.65
813381,5000686,21264,45,0.2,22412.78
813382,5003258,20565,29,11.8,24186.3
813383,5003277,21362,43,16.6,75557.65
813384,5010069,20919,39,1.0,26037.81
813385,5002769,20766,30,5.3,4835.1
813386,5003351,20407,13,20.4,3724.76
813387,5001865,21198,45,0.7,70737.7
813388,5003918,21460,15,21.1,8994.72
813389,5000744,20221,17,1.3,28071.43
813390,5006213,20623,13,16.4,2586.8
813391,5009383,20881,1,21.9,1664.69
813392,5006404,20833,14,1.4,15369.51
813393,5001382,21129,15,0.7,17569.55
813394,5002748,20305,7,20.5,13489.11
813395,5009874,20522,19,10.6,41898.01
813396,5010715,21217,33,0.4,47699.03
813397,5003607,20617,11,15.6,6942.3
813398,5007244,21149,44,21.7,75339.29
813399,5005059,21215,27,21.0,45815.13
813400,5000235,21266,-5,21.8,-5533.28
813401,5005648,21475,35,11.6,8085.55
813402,5009548,21447,8,11.4,12312.42
813403,5004963,20830,41,0.1,26323.12
813404,5010791,20901,4,,1186.2
813405,5003236,21347,16,17.0,10350.03
813406,5006686,21171,18,1.4,9232.51
813407,5000235,21040,28,0.7,48518.81
813408,5005875,21284,24,5.1,49335.78
813409,5009680,21189,15,1.5,30819.32
813410,5006310,21307,7,6.2,1241.17
813411,5011350,20745,9,26.0,8639.95
813412,5000011,20813,23,25.1,6261.33
813413,5004285,20861,28,25.8,25760.79
813414,5005071,20830,35,6.1,32000.98
813415,5002724,21363,36,10.1,59772.1
813416,5000247,21389,33,,38673.8
813417,5001998,21004,34,20.3,65189.12
813418,5001371,20393,41,0.6,73794.9
813419,5004284,21469,49,16.8,46546.05
813420,5003687,20102,14,25.5,8053.52
813421,5003298,21214,42,,79707.99
813422,5010171,21471,-9,6.6,
813423,5001233,20011,40,0.7,3435.38
813424,5006904,20793,10,6.7,4701.85
813425,5002143,20398,16,25.3,20500.31
813426,5009239,20510,45,15.8,79517.85
813427,5006856,21273,10,20.1,3061.85
813428,5007529,20870,31,0.4,24730.44
813429,5007831,21056,1,12.0,1054.21
813430,5003844,20094,39,,33834.64
813431,5007214,20902,42,25.2,
813432,5002730,20316,14,1.8,2479.04
813433,5004311,20872,15,5.9,3444.34
813434,5011031,20166,24,15.2,23962.44
813435,5009799,20044,13,10.5,9994.23
813436,5009046,20166,-7,,-6527.51
813437,5006845,20086,20,11.3,16514.7
813438,5004079,20447,48,16.1,47989.32
813439,5006899,20838,31,0.1,63619.0
813440,5001857,21419,7,0.5,7913.7
813441,5007721,20991,-8,1.1,-13049.89
813442,5009687,20183,9,6.3,13590.2
813443,5003064,20854,43,1.0,87893.0
813444,5005076,21066,32,10.9,5644.24
813445,5007188,20010,9,25.6,2844.66
813446,5008786,21399,4,5.7,4500.94
813447,5011214,20453,19,21.4,2151.84
813448,5005203,20029,5,6.0,10149.98
813449,5011156,20155,33,0.0,55931.04
813450,5010390,20233,19,26.2,14482.06
813451,5007702,21401,39,21.1,13684.79
813452,5004805,21327,11,1.0,7221.92
813453,5009849,21333,6,,167.81
813454,5005744,20085,9,10.0,
813455,5010245,20913,22,11.0,24655.72
813456,5005566,20428,42,26.2,690.59
813457,5003878,20273,28,0.8,45503.75
813458,5009676,21109,26,21.5,45532.67
813459,5006871,20280,32,0.7,19769.44
813460,5002187,20856,48,0.9,51285.44
813461,5007186,20212,47,25.1,44999.29
813462,5009194,20133,21,16.4,36866.9
813463,5009579,20046,7,1.8,8873.99
813464,5010147,20042,2,,1575.28
813465,5004207,20531,33,6.4,42013.55
813466,5004691,20190,11,21.7,
813467,5004680,20995,14,,22544.32
813468,5000071,21305,20,11.0,41929.68
813469,5006257,20415,50,0.7,38850.13
813470,5010099,20780,1,,300.81
813471,5000099,20438,12,1.6,20201.36
813472,5004794,20587,47,10.2,83302.4
813473,5000775,20039,10,11.3,832.36
813474,5007652,21360,36,26.8,32338.65
813475,5011001,21131,40,21.7,17592.44
813476,5001774,20759,5,21.8,1745.78
813477,5008515,21044,48,26.5,28374.29
813478,5011677,20451,24,1.0,30907.96
813479,5006128,20944,4,1.6,5127.39
813480,5000906,20351,3,0.3,2959.62
813481,5003659,20379,13,26.4,2180.74
813482,5010872,20559,19,26.5,23575.85
813483,5004845,20648,30,1.1,21312.55
813484,5010244,21434,43,1.2,
813485,5005817,21148,32,17.0,11205.93
813486,5011894,20494,23,6.5,47807.98
813487,5001224,20427,45,15.1,75885.83
813488,5002268,21424,31,1.8,27870.87
813489,5008123,20924,22,6.4,39588.74
813490,5005663,20415,43,20.1,26883.67
813491,5002635,21021,5,0.7,3110.82
813492,5006707,21049,3,1.9,3232.36
813493,5005984,21408,4,1.5,5444.49
813494,5011630,21486,49,20.5,37041.14
813495,5011197,20953,4,25.0,1395.24
813496,5000524,21214,35,0.7,66962.81
813497,5001799,21262,46,0.5,60805.9
813498,5007456,21353,22,25.2,1280.11
813499,5008343,20378,26,10.9,9680.61
813500,5005674,21111,44,10.2,80408.5
813501,5009642,20518,47,15.1,48968.16
813502,5000520,20359,15,,11469.78
813503,5006771,20873,25,,35545.63
813504,5004754,21445,47,20.4,86703.06
813505,5010477,20728,18,5.1,19324.87
813506,5010767,20908,24,0.9,12567.94
813507,5006435,21249,33,1.4,5393.82
813508,5003317,20795,14,1.4,8123.38
813509,5003337,21496,15,10.5,19156.27
813510,5005807,20563,29,15.5,36319.84
813511,5004251,21269,33,25.4,50337.66
813512,5003459,20224,6,21.7,1973.86
813513,5001514,21370,44,21.2,55292.13
813514,5011654,21037,6,21.5,2489.38
813515,5009254,21240,50,6.8,29901.82
813516,5009252,20839,40,25.3,9361.4
813517,5006382,21073,39,1.2,44690.57
813518,5010726,21132,22,5.3,7523.99
813519,5005261,21430,21,1.7,19098.49
813520,5009252,20301,27,15.4,12060.8
813521,5008610,20402,43,10.7,93082.63
813522,5011488,20775,26,16.8,51576.1
813523,5002572,21201,6,,10740.62
813524,5009395,20034,30,6.0,68004.58
813525,5007802,20011,1,,84.85
813526,5005820,20120,49,2.0,2724.65
813527,5004176,20676,25,5.2,51078.48
813528,5001942,20204,39,5.9,9566.7
813529,5000162,20895,20,15.9,5204.78
813530,5000439,20307,29,16.5,22174.4
813531,5009784,20265,-8,0.6,-5054.05
813532,5000569,20816,32,16.5,61671.1
813533,5009814,21176,20,16.2,19860.26
813534,5001567,21439,42,2.0,26916.58
813535,5001104,21383,5,15.0,5095.15
813536,5002915,20485,41,21.4,18401.05
813537,5000550,20043,46,1.0,11984.31
813538,5002488,21491,3,0.9,5742.68
813539,5001410,20237,22,21.2,26725.52
813540,5005423,21222,23,21.6,11073.99
813541,5002629,21021,33,25.6,15383.06
813542,5006911,20526,23,,17673.85
813543,5011213,20071,38,1.7,81569.18
813544,5000849,20286,19,6.4,21284.6
813545,5003137,21242,6,,7749.97
813546,5008114,20830,7,20.2,5117.39
813547,5002125,20136,22,,19486.43
813548,5008134,21256,36,25.9,44170.39
813549,5006790,20038,17,26.1,14117.92
813550,5007608,20935,45,1.3,22219.94
813551,5001666,21462,39,11.7,12270.25
813552,5003399,20372,41,6.5,15761.05
813553,5000979,21294,47,11.8,43784.13
813554,5002561,21259,39,25.2,18265.17
813555,5000001,20972,2,6.2,485.94
813556,5003287,20349,34,20.7,53016.73
813557,5003119,20659,35,1.0,25859.64
813558,5005817,20068,42,0.5,44006.96
813559,5010112,20789,8,26.7,10762.61
813560,5000226,20229,26,1.1,6868.98
813561,5006483,20222,33,6.5,29456.34
813562,5011624,21202,10,21.8,12040.61
813563,5006244,20873,1,2.0,1482.33
813564,5011521,21136,15,,14408.28
813565,5007579,21181,41,0.8,31325.57
813566,5008169,21188,27,0.1,21014.93
813567,5005717,20907,22,0.0,
813568,5006195,20261,18,1.6,18648.43
813569,5010358,20049,48,25.5,16772.51
813570,5008521,21441,31,1.7,71379.35
813571,5002801,21272,38,1.2,
813572,5004477,20817,1,11.1,1218.61
813573,5004220,20664,32,1.1,11474.93
813574,5010545,20508,14,0.9,19687.07
813575,5010887,21154,49,10.1,23612.22
813576,5004654,20099,45,16.5,55632.04
813577,5006364,21090,29,,26168.33
813578,5003419,21053,13,1.4,20941.66
813579,5001662,20893,39,10.4,83660.48
813580,5005947,20607,14,20.1,1509.55
813581,5009808,21129,24,,28026.35
813582,5010453,20242,42,0.7,57549.28
813583,5011129,20090,31,17.0,11553.8
813584,5009687,21301,36,0.1,40729.59
813585,5000380,20595,50,21.9,23135.56
813586,5011764,21321,28,1.1,56305.59
813587,5010209,20557,27,15.4,21935.4
813588,5008367,20495,25,20.8,22977.31
813589,5011372,21496,13,15.7,15637.51
813590,5009979,20080,18,21.8,769.68
813591,5006081,20642,12,15.8,10888.98
813592,5010309,20221,29,0.3,48371.74
813593,5004122,20193,12,26.2,19251.17
813594,5008492,20539,39,10.9,78932.7
813595,5007007,21205,41,1.5,27021.6
813596,5009828,20643,38,21.9,57150.92
813597,5005406,20411,23,20.8,12443.17
813598,5001780,20557,50,1.6,47247.25
813599,5004664,21102,25,25.2,24287.56
813600,5011862,20773,8,0.2,4583.37
813601,5001762,20320,12,0.2,10806.54
813602,5006709,20400,45,1.4,
813603,5009756,21338,23,0.8,40942.86
813604,5007880,20562,42,0.5,10246.07
813605,5005198,21155,44,16.7,40548.84
813606,5008170,20483,23,20.6,42227.22
813607,5003624,20368,31,1.9,14048.97
813608,5005368,20476,16,,28060.03
813609,5004526,20728,40,10.0,40726.8
813610,5004112,21208,1,26.1,390.32
813611,5000928,20091,33,10.8,30666.72
813612,5005602,21030,14,5.8,
813613,5007051,21405,14,1.4,9435.72
813614,5007204,20631,2,0.1,1505.87
813615,5005392,21364,11,0.0,12585.87
813616,5010945,20462,50,10.7,60332.87
813617,5007899,20958,23,,5669.21
813618,5011432,21099,16,11.6,31671.39
813619,5000270,20737,23,1.1,33400.33
813620,5004000,20931,14,16.6,10719.74
813621,5002827,20336,23,15.1,37417.25
813622,5005311,21234,7,,10817.54
813623,5000399,20605,44,,61547.41
813624,5004734,21430,29,0.6,26669.24
813625,5001546,21307,40,10.8,6744.59
813626,5009998,20176,10,,9159.14
813627,5000023,21254,46,6.3,89368.55
813628,5010540,20919,45,20.6,24095.6
813629,5010823,20180,49,1.0,73894.8
813630,5005258,20367,21,,46000.79
813631,5007038,20878,11,12.0,23131.33
813632,5008611,20959,7,16.7,2328.38
813633,5003458,21242,27,,29580.1
813634,5001456,20185,19,0.7,493.56
813635,5000640,21085,24,16.4,48708.77
813636,5010589,20103,33,11.3,61180.49
813637,5000816,21056,36,0.2,43040.67
813638,5009058,20071,9,0.8,9652.42
813639,5001443,21308,40,1.6,74327.82
813640,5007884,21084,3,5.3,6374.32
813641,5002902,20503,21,10.5,
813642,5008660,20064,29,16.9,22633.3
813643,5006256,20409,25,26.7,21408.36
813644,5001699,20391,44,16.3,69847.62
813645,5003908,20830,49,15.2,80751.74
813646,5000503,21252,14,1.1,21130.24
813647,5001026,20372,28,5.7,10855.74
813648,5005304,21437,31,21.1,29663.14
813649,5011586,20327,14,11.6,1791.8
813650,5009976,20465,3,,2207.56
813651,5004607,20426,13,,
813652,5004599,20474,19,1.7,15690.36
813653,5002585,20710,46,15.0,57986.47
813654,5004349,20319,46,11.6,16192.81
813655,5002773,20897,12,1.5,14545.34
813656,5007619,21396,10,11.0,15660.44
813657,5001763,20183,11,16.0,14890.72
813658,5004093,21484,27,0.8,46124.73
813659,5008443,21403,12,,10851.03
813660,5001538,20895,23,11.2,6320.0
813661,5000051,20272,29,20.7,1976.82
813662,5009962,20566,17,5.2,20029.61
813663,5001788,21459,19,1.5,3668.7
813664,5000092,21311,26,10.2,44406.5
813665,5008577,20509,9,6.9,7407.87
813666,5009397,20173,8,1.3,3310.16
813667,5008202,20108,1,20.6,1870.52
813668,5010803,20613,12,21.5,10703.29
813669,5010197,20008,40,25.4,14683.97
813670,5002732,21247,37,1.9,24027.53
813671,5011640,20373,37,20.6,54538.2
813672,5011988,21033,39,0.1,19577.12
813673,5002755,20081,14,16.9,14746.21
813674,5006546,20845,23,6.9,37848.55
813675,5000040,20669,4,15.3,2627.87
813676,5002289,20348,-2,1.9,-251.53
813677,5007123,20570,16,1.9,9883.14
813678,5009213,21192,38,10.9,31600.35
813679,5009058,21277,29,20.5,25302.63
813680,5008999,21257,24,,30089.4
813681,5006526,20990,19,20.6,29147.06
813682,5003068,21251,14,,32303.95
813683,5008904,21153,32,5.1,42383.1
813684,5011669,20135,23,1.1,26805.52
813685,5006001,20577,2,26.6,3537.2
813686,5006234,20863,10,15.2,1119.36
813687,5010014,21386,23,26.6,17793.8
813688,5008113,20651,44,,86885.35
813689,5010837,20460,14,21.1,4129.44
813690,5003986,21381,38,1.2,15880.36
813691,5009604,20008,40,20.5,15648.46
813692,5009046,20115,15,6.4,28656.76
813693,5006072,20194,36,1.5,57055.49
813694,5009082,21209,20,25.3,20978.6
813695,5004192,21036,9,26.6,15901.1
813696,5008828,21299,14,25.2,19987.38
813697,5009130,21466,7,,16555.48
813698,5000586,21124,11,1.8,20397.31
813699,5009655,20536,17,1.7,29667.37
813700,5002597,20571,17,0.3,36559.84
813701,5009027,20160,19,1.3,8861.17
813702,5005096,20209,19,1.8,37710.62
813703,5010262,20051,34,1.1,
813704,5003954,20034,27,11.1,57883.47
813705,5005415,20571,9,0.1,19394.04
813706,5011822,20973,43,0.9,63562.83
813707,5000115,20891,31,0.7,55757.86
813708,5004268,20899,14,10.7,4716.38
813709,5006888,21404,29,20.1,52476.06
813710,5010653,20779,16,1.3,33053.6
813711,5009969,20293,37,1.1,23014.44
813712,5009223,20277,44,5.6,84452.66
813713,5001938,20276,33,0.4,14436.94
813714,5003381,20265,2,1.4,1253.34
813715,5009515,21490,25,5.4,25257.73
813716,5011502,20567,50,25.4,20021.52
813717,5002880,20893,16,6.1,35969.41
813718,5010987,20861,33,1.5,40303.92
813719,5005782,21221,15,10.8,31349.07
813720,5006456,21351,10,1.4,15696.43
813721,5001860,20328,38,5.9,69388.04
813722,5002585,21474,23,0.5,8021.65
813723,5002203,21274,15,1.1,20043.72
813724,5011372,20569,36,16.4,49042.64
813725,5005280,20066,39,,70379.75
813726,5005885,21315,49,11.6,94154.26
813727,5007712,21090,22,26.7,14609.83
813728,5000839,20256,2,16.3,920.65
813729,5007773,21457,30,27.0,49342.67
813730,5008559,20314,9,21.8,1599.81
813731,5011106,21311,28,1.7,52349.0
813732,5001315,20972,15,6.7,3625.12
813733,5001877,20997,34,0.6,36493.6
813734,5002213,21241,30,,2555.32
813735,5006090,20252,23,1.7,37382.85
813736,5009428,20501,27,26.9,17429.15
813737,5005722,21364,22,,22176.3
813738,5006687,21155,4,25.6,3292.41
813739,5009498,20906,20,1.0,181.37
813740,5001262,21360,37,20.9,35915.88
813741,5003758,21186,44,1.1,54596.91
813742,5010325,21370,16,1.5,25132.79
813743,5008937,20364,33,1.4,12396.0
813744,5010504,20248,23,,4416.84
813745,5003091,21019,15,21.9,13870.56
813746,5001624,20650,21,10.4,44776.44
813747,5005754,20698,30,16.5,53581.7
813748,5000207,20931,32,1.3,28997.27
813749,5001415,20925,46,0.1,90244.92
813750,5007622,20953,13,1.4,9911.01
813751,5005092,20774,33,6.3,47028.99
813752,5003359,21339,13,25.1,12111.27
813753,5002376,20952,26,21.3,39750.5
813754,5003070,20402,8,15.8,16328.67
813755,5002409,20775,42,11.9,88222.02
813756,5002342,20765,9,1.3,283.63
813757,5003664,20794,7,20.9,12021.77
813758,5002891,20124,47,20.7,
813759,5007703,21015,48,,74566.77
813760,5011103,20310,48,20.6,23867.26
813761,5000697,20538,24,5.7,42860.93
813762,5011762,20431,7,,6658.17
813763,5010649,21253,12,20.7,5456.0
813764,5009112,20954,20,1.6,41259.71
813765,5010959,21189,6,11.4,11088.7
813766,5010849,20667,-10,26.2,-5434.41
813767,5010392,20772,17,11.0,5104.86
813768,5003546,20337,18,20.5,19687.84
813769,5002277,21094,25,7.0,9732.22
813770,5010292,20919,14,16.6,7874.06
813771,5008120,20729,46,1.4,62467.91
813772,5007570,20289,32,1.7,14514.43
813773,5001806,20238,3,5.0,40.1
813774,5000801,21448,47,25.9,19852.78
813775,5004740,21035,23,1.8,22016.61
813776,5010986,21168,21,,11859.76
813777,5003613,20237,4,16.8,5130.51
813778,5003535,20766,34,1.9,5676.52
813779,5008982,20571,33,25.7,52888.71
813780,5009043,20489,35,0.1,50564.63
813781,5004268,21393,35,20.8,42319.29
813782,5002590,21058,10,1.1,13669.27
813783,5003596,20941,41,1.5,92145.24
813784,5003091,21134,29,1.3,18077.14
813785,5007835,21163,28,26.4,22866.84
813786,5003092,21228,42,21.8,74970.04
813787,5000815,21034,30,0.9,28712.64
813788,5011361,20044,-1,20.3,
813789,5005635,20736,7,16.0,9619.21
813790,5003348,21455,13,5.6,5690.65
813791,5007941,21240,44,1.4,27838.21
813792,5011673,20622,8,15.3,7253.5
813793,5008911,20170,9,5.4,10429.31
813794,5006492,20280,3,,1765.66
813795,5001721,20917,20,0.2,5444.89
813796,5007050,21061,35,1.0,75654.46
813797,5005531,21002,28,,39250.78
813798,5009053,20283,42,20.2,13127.55
813799,5005440,21101,-10,26.1,-5973.71
813800,5007290,20074,17,1.6,20390.09
813801,5010829,20588,7,25.2,9393.54
813802,5007598,20749,17,0.3,37259.66
813803,5004125,20549,46,0.5,45231.74
813804,5004004,20713,-10,16.1,-10866.48
813805,5008356,20143,11,15.8,18103.97
813806,5000773,20728,38,1.4,42387.55
813807,5004657,20059,20,16.8,10957.61
813808,5002571,20600,12,1.5,21085.82
813809,5009571,20266,1,21.1,
813810,5004921,21070,17,7.0,7315.29
813811,5006429,20504,11,6.0,24771.74
813812,5008071,20249,23,11.0,33465.99
813813,5006161,21221,17,0.2,39751.0
813814,5003524,20769,26,25.2,
813815,5010901,20696,30,11.5,65331.32
813816,5008627,21244,22,20.9,8615.73
813817,5002793,20243,19,0.9,41966.26
813818,5004980,20056,8,1.2,661.33
813819,5002648,21111,13,20.0,21164.42
813820,5002663,20649,23,6.2,40634.84
813821,5003605,20847,14,21.6,17423.52
813822,5004364,21374,10,6.7,10179.03
813823,5002805,21333,5,16.1,138.52
813824,5002649,20859,45,1.7,730.32
813825,5002033,20155,46,5.7,73520.5
813826,5003588,20034,32,1.3,76165.13
813827,5009006,20895,40,1.4,12204.31
813828,5000655,20166,15,17.0,14658.63
813829,5000501,21438,46,5.2,79980.56
813830,5010014,20433,23,20.0,6343.95
813831,5005135,20255,11,5.6,16560.2
813832,5003549,20781,34,0.3,
813833,5007550,20063,13,15.6,6865.07
813834,5010659,20044,18,0.3,15415.26
813835,5008668,20853,16,0.2,11965.62
813836,5002274,20492,29,16.6,59937.75
813837,5003697,20505,39,,91348.7
813838,5003943,20952,19,26.1,27276.75
813839,5008965,20482,4,1.5,2070.71
813840,5009423,21474,27,0.2,9445.11
813841,5008114,20177,7,0.4,11396.5
813842,5009516,20085,26,5.1,43286.83
813843,5010491,21182,4,1.4,4710.75
813844,5011125,21405,1,,540.69
813845,5003905,20138,25,0.1,51108.34
813846,5011092,20628,24,26.6,27252.13
813847,5010086,21432,22,,41223.65
813848,5006316,20568,46,21.5,8617.29
813849,5008033,20671,6,25.1,4356.08
813850,5003869,20976,49,10.6,26931.93
813851,5000082,21384,33,11.0,73361.85
813852,5001116,20819,21,25.3,29509.76
813853,5000520,21485,49,10.3,105794.87
813854,5008962,20620,40,1.2,66857.96
813855,5011372,20437,49,16.1,101091.13
813856,5011091,20899,40,16.4,12615.24
813857,5010830,20181,40,10.1,49310.15
813858,5001834,20826,48,20.9,46475.49
813859,5001073,21402,7,0.5,5100.4
813860,5004737,20427,32,0.2,63433.84
813861,5001868,20495,6,0.2,6948.89
813862,5000042,20780,29,5.1,
813863,5009127,21201,42,10.4,67908.45
813864,5005306,20625,25,20.1,15705.14
813865,5005747,20611,33,5.7,71610.73
813866,5007238,21091,50,,73633.82
813867,5009195,20751,4,0.5,4559.69
813868,5002167,21253,20,,11455.53
813869,5001817,21111,2,5.2,3858.44
813870,5003018,20618,13,10.8,24125.13
813871,5003379,21478,10,1.8,21929.73
813872,5002531,21151,14,6.5,10220.41
813873,5002946,21124,35,25.1,49501.52
813874,5003494,20781,12,16.1,8400.94
813875,5003310,20668,28,1.2,65169.19
813876,5003861,21393,50,1.1,75493.83
813877,5008990,20428,27,5.1,570.88
813878,5006375,20261,5,21.4,4137.78
813879,5000277,21313,28,0.5,60967.15
813880,5003551,20474,39,15.6,27652.4
813881,5011935,20923,36,20.5,11583.66
813882,5001999,20295,33,26.4,1252.05
813883,5006964,21175,46,,33239.11
813884,5004215,21171,48,1.1,24694.93
813885,5005692,20299,34,10.6,49643.66
813886,5006541,21269,7,1.5,14098.55
813887,5003571,21295,41,5.7,58254.32
813888,5010649,21350,42,1.2,58219.72
813889,5007683,21439,4,0.6,2600.11
813890,5010970,20756,36,,50935.74
813891,5002573,20323,40,10.2,31971.67
813892,5005060,21147,36,11.6,46753.27
813893,5007973,20524,29,,
813894,5002578,21265,20,16.6,16546.23
813895,5001649,20026,13,1.6,8588.42
813896,5009823,20504,9,6.1,20246.23
813897,5011190,20780,43,20.2,13165.94
813898,5003925,20833,29,11.4,28607.96
813899,5008961,20058,30,6.8,38215.45
813900,5004635,21362,5,20.6,3446.83
813901,5004335,20465,28,0.3,20897.36
813902,5004292,21455,28,0.4,12931.94
813903,5000324,21306,32,1.0,30908.59
813904,5000715,21186,39,,48784.17
813905,5005999,20913,32,0.2,40214.77
813906,5011935,20552,10,0.3,
813907,5006983,20026,45,16.5,25227.48
813908,5006932,20307,46,0.1,42081.46
813909,5002153,20128,32,1.2,27802.48
813910,5010642,20613,8,11.2,8071.78
813911,5011395,21497,9,25.4,9776.52
813912,5002211,21368,20,25.2,35167.97
813913,5010261,20531,17,22.0,18036.12
813914,5008713,21128,6,5.4,11138.36
813915,5009802,21319,17,11.7,21614.49
813916,5011107,20143,35,1.6,67318.15
813917,5003880,20751,28,11.4,
813918,5004122,20721,8,0.7,7535.28
813919,5009975,20205,16,11.6,14085.73
813920,5006852,20825,11,1.9,23335.65
813921,5002039,20408,16,15.5,15541.24
813922,5010186,20255,30,1.5,47125.75
813923,5011279,21204,6,1.9,13388.0
813924,5006999,21037,13,25.5,5118.81
813925,5003419,21481,2,21.6,1655.73
813926,5005129,20069,35,,73445.03
813927,5007725,21300,30,21.2,13459.67
813928,5001612,20614,20,0.5,47136.14
813929,5009906,20015,11,0.6,
813930,5006255,21184,17,20.4,26165.48
813931,5002515,20282,24,16.3,37028.41
813932,5008990,21498,41,25.6,913.9
813933,5011295,21487,8,16.0,9845.2
813934,5000321,20526,24,12.0,22050.55
813935,5001539,20977,33,0.9,58622.42
813936,5002715,21140,9,26.0,5376.75
813937,5000173,20793,41,21.1,16302.28
813938,5003086,21430,33,1.6,30042.44
813939,5007898,21434,19,1.9,34966.39
813940,5000063,20120,3,0.7,169.03
813941,5010249,20950,11,10.1,
813942,5002772,20584,1,5.8,1981.97
813943,5001598,20789,27,16.0,41626.19
813944,5011732,21042,34,0.5,82997.17
813945,5003226,21000,5,20.2,537.61
813946,5007124,21375,13,25.4,18638.0
813947,5004150,20925,5,20.2,7835.6
813948,5011882,20735,7,,4883.04
813949,5005093,20283,15,20.4,4676.66
813950,5004439,20091,25,0.9,25810.84
813951,5006633,21164,49,20.7,26650.46
813952,5001381,21481,16,,14175.07
813953,5009693,20588,35,11.2,55758.45
813954,5002377,20635,7,,4570.52
813955,5000918,21100,20,0.9,35812.56
813956,5009824,20041,31,0.8,74246.4
813957,5008808,20821,27,1.7,48183.59
813958,5005837,21224,15,1.8,36660.76
813959,5002678,21142,11,6.4,19499.9
813960,5008452,20677,13,16.9,2477.99
813961,5006410,20193,24,26.7,38241.49
813962,5005184,21225,20,15.9,30065.41
813963,5001979,20467,48,1.9,93340.66
813964,5001455,20266,36,1.6,48926.21
813965,5000818,20352,47,,89648.61
813966,5003375,21371,1,5.3,2261.8
813967,5004739,20609,25,,46792.16
813968,5007533,20388,34,11.1,14016.7
813969,5010095,21068,41,5.1,48568.94
813970,5004221,20182,6,,12405.16
813971,5010872,20726,2,20.6,2020.76
813972,5006593,21073,16,25.7,13788.06
813973,5003850,20996,31,1.7,20366.93
813974,5004083,21000,-10,0.7,-1337.97
813975,5004604,20879,2,0.2,2186.6
813976,5011494,21174,6,5.3,12350.28
813977,5007451,21257,37,0.2,51726.31
813978,5006064,20123,39,1.9,63682.11
813979,5008070,20616,1,11.4,
813980,5004565,21450,-9,1.9,-13121.13
813981,5006282,20427,36,11.7,63139.87
813982,5002609,20431,20,0.7,19119.62
813983,5010608,21294,14,15.7,12465.39
813984,5011773,20958,34,10.2,7655.9
813985,5005341,20286,37,1.7,43530.27
813986,5003005,20874,15,25.0,1175.85
813987,5005036,20253,7,1.6,15495.18
813988,5004575,20150,22,15.9,14416.57
813989,5008002,21316,10,16.8,18820.01
813990,5001193,20283,-10,21.4,-3078.6
813991,5007861,21146,1,6.1,1391.98
813992,5003384,20594,24,5.9,39606.69
813993,5010157,20171,24,6.0,308.17
813994,5008830,20763,39,1.4,4304.54
813995,5007157,20794,32,20.1,55512.47
813996,5003525,21383,38,1.6,44827.77
813997,5006460,20138,24,0.2,49014.89
813998,5008880,20203,27,20.4,25970.07
813999,5005212,20774,14,25.6,15842.11
814000,5005603,21035,31,20.2,24114.36
814001,5009923,20858,6,25.5,9070.7
814002,5007181,21225,15,1.5,26410.02
814003,5006772,20162,50,25.6,54252.11
814004,5011238,20621,42,0.9,8316.08
814005,5004023,20453,31,15.7,3765.5
814006,5001236,20141,38,22.0,31406.25
814007,5005217,21407,33,1.1,27428.79
814008,5011324,20741,3,0.7,
814009,5007183,20797,41,26.9,35489.56
814010,5010528,21209,20,0.4,27971.46
814011,5007550,21177,36,20.2,
814012,5011538,20106,9,0.7,8327.94
814013,5011758,21120,31,0.2,15997.73
814014,5002973,20210,11,16.6,22557.58
814015,5008592,21259,23,1.4,14199.15
814016,5010937,20478,29,1.0,67335.0
814017,5003331,21229,46,1.6,85175.53
814018,5006601,21249,44,,7206.35
814019,5007548,20758,46,10.3,
814020,5004629,21455,9,11.1,3710.14
814021,5009614,21335,8,6.5,15027.02
814022,5000032,21334,29,20.5,10761.38
814023,5010356,20665,42,26.4,35229.48
814024,5010607,20090,34,1.3,15068.88
814025,5011033,20584,38,6.3,74915.02
814026,5004626,20298,5,,7839.34
814027,5007999,21348,47,20.4,21255.63
814028,5006891,20207,32,15.3,66496.41
814029,5006283,21435,7,20.7,6243.82
814030,5006047,20361,9,1.9,4403.82
814031,5009796,20645,48,0.9,5082.17
814032,5011796,21058,20,2.0,27089.75
814033,5005018,20612,13,0.6,12749.36
814034,5010681,21422,11,,19860.04
814035,5009470,21186,39,26.1,36159.98
814036,5001415,20045,19,26.1,2384.16
814037,5004221,21190,37,26.0,11058.51
814038,5000584,20792,27,0.0,
814039,5005046,20118,40,20.3,24675.44
814040,5002491,21255,15,1.4,35817.83
814041,5011828,20221,7,25.4,8736.46
814042,5005941,20100,47,0.0,82363.27
814043,5008249,20037,37,16.3,52123.92
814044,5006928,20812,35,15.6,58908.67
814045,5010893,21146,10,1.4,14616.56
814046,5000485,21389,22,,24151.71
814047,5001414,20560,27,6.2,16713.89
814048,5004084,21413,33,21.6,300.12
814049,5007474,21301,24,21.9,
814050,5007583,20884,24,0.0,5038.8
814051,5009886,20568,32,0.6,7590.66
814052,5003087,20681,9,0.5,1374.23
814053,5003736,21443,38,21.8,40895.75
814054,5006499,20508,32,10.9,40458.24
814055,5009053,21056,50,20.1,47858.9
814056,5007198,21298,19,0.2,47247.99
814057,5010394,20965,27,1.0,32538.96
814058,5008887,20359,44,15.8,36041.78
814059,5008375,20362,3,0.6,7039.94
814060,5009107,20736,36,1.1,58245.3
814061,5006926,21406,29,1.4,1429.41
814062,5005369,20237,48,10.3,66375.99
814063,5009958,20271,7,15.7,13952.32
814064,5007512,20187,47,1.9,92220.92
814065,5010972,21345,37,10.3,69354.39
814066,5002435,20248,7,15.1,1544.35
814067,5005670,21429,1,,1557.97
814068,5005973,20197,49,26.3,85804.13
814069,5003345,20230,30,11.0,10479.75
814070,5008832,20358,13,1.9,5451.4
814071,5006579,20142,26,10.5,5105.21
814072,5000090,20045,21,15.6,3009.54
814073,5010282,20325,1,0.7,1388.65
814074,5004319,20286,6,0.8,7123.59
814075,5008479,21323,50,0.7,120848.1
814076,5008446,20118,13,6.7,9387.97
814077,5006385,20987,37,11.7,21259.02
814078,5007753,21036,48,10.7,103176.65
814079,5009304,20546,33,5.9,25514.08
814080,5006864,21378,-10,0.9,-7144.52
814081,5007321,21491,21,0.8,40239.3
814082,5004496,21308,41,1.1,
814083,5002574,21319,21,1.7,29724.06
814084,5005431,20513,10,,12522.57
814085,5006092,21129,10,0.4,11748.42
814086,5004607,20431,9,1.2,8560.51
814087,5007803,20623,48,16.9,9494.14
814088,5011861,20300,4,,9047.22
814089,5006025,20426,49,0.4,64864.42
814090,5005008,20212,39,1.2,49254.68
814091,5006662,20380,15,15.7,19457.37
814092,5010081,20508,47,0.9,
814093,5010104,20888,3,27.0,3996.9
814094,5005261,20680,42,20.9,16876.44
814095,5002386,20283,6,20.7,1863.61
814096,5011639,20429,50,,83199.75
814097,5003820,21088,22,15.1,37279.79
814098,5009502,20107,24,25.8,40182.68
814099,5001651,21371,3,5.7,6756.73
814100,5010591,20491,33,16.8,15308.64
814101,5001326,20476,17,10.5,32328.98
814102,5011566,20338,3,26.0,3054.94
814103,5005305,20448,44,6.3,27129.67
814104,5005382,20351,9,16.0,7480.7
814105,5004414,20583,21,11.7,40772.72
814106,5000310,21260,36,0.5,82714.47
814107,5003641,20046,21,1.4,26730.41
814108,5000287,21413,37,25.2,321.04
814109,5001895,20715,10,6.8,13981.96
814110,5004331,20236,8,0.9,13310.32
814111,5005693,20141,10,20.6,8413.14
814112,5004995,20424,15,16.0,18855.27
814113,5001306,20623,41,16.6,8138.86
814114,5000964,20602,45,21.5,22453.63
814115,5010595,21118,4,21.7,6044.6
814116,5003350,20187,16,21.3,25185.89
814117,5006809,20209,16,0.7,32112.03
814118,5000385,20316,7,0.9,1250.88
814119,5009085,21006,34,0.9,47812.8
814120,5005276,20259,49,16.5,48718.31
814121,5003952,21071,42,16.8,80612.31
814122,5003376,21193,7,1.7,9153.24
814123,5011739,20490,29,5.4,10863.32
814124,5000116,20259,40,15.9,40055.82
814125,5009878,21447,9,1.9,15336.68
814126,5007943,20096,37,16.2,175.18
814127,5000392,21422,14,0.9,32031.87
814128,5004438,20501,21,21.5,14557.41
814129,5001151,20178,1,15.6,1481.45
814130,5000829,21254,13,20.3,21482.7
814131,5005644,20520,1,21.2,1434.3
814132,5009716,20221,34,15.1,
814133,5001169,20634,1,20.7,967.28
814134,5000645,20896,5,12.0,10034.6
814135,5010616,20803,41,11.6,66552.32
814136,5005527,20799,31,21.9,27682.37
814137,5010650,21242,38,0.5,49430.9
814138,5005883,21497,46,1.9,65709.77
814139,5005839,20931,13,5.7,11254.99
814140,5003757,20335,31,1.9,40449.37
814141,5010946,20939,11,0.9,14311.92
814142,5009007,20712,-9,6.2,-12325.32
814143,5003615,21484,50,25.9,63803.8
814144,5005066,20546,42,1.2,34094.36
814145,5005969,21362,45,16.5,67156.67
814146,5000894,21034,8,15.2,6551.85
814147,5003351,20973,48,16.1,60070.92
814148,5002826,20922,36,0.0,19071.36
814149,5011730,20545,41,21.7,37426.32
814150,5010777,20027,1,1.9,14.7
814151,5010674,20983,16,1.9,18455.2
814152,5001663,20758,6,15.6,6773.45
814153,5007114,21109,40,15.4,75493.66
814154,5004139,20409,42,20.3,39106.34
814155,5009167,20802,2,11.3,1776.86
814156,5006056,20253,12,6.9,12980.97
814157,5000244,20529,25,15.5,18901.59
814158,5000039,20329,43,0.3,73253.25
814159,5007701,21332,18,15.7,1029.56
814160,5005450,20106,32,15.9,25077.95
814161,5002064,20818,26,21.5,37093.75
814162,5008012,20218,3,1.4,5842.61
814163,5010567,20902,9,11.0,19216.31
814164,5006067,20600,25,,43750.39
814165,5010137,21359,19,6.5,14250.19
814166,5009570,20216,21,0.6,29064.54
814167,5001107,20332,32,20.4,23361.64
814168,5001840,20727,46,10.1,49023.1
814169,5001081,21422,37,0.8,84741.09
814170,5009254,21434,48,25.2,67355.19
814171,5005559,21315,17,1.9,36250.13
814172,5004489,20136,32,17.0,29629.01
814173,5006847,21497,7,0.8,
814174,5002885,21362,38,16.6,64001.99
814175,5004338,20137,21,6.1,4261.28
814176,5002265,20382,12,10.2,14121.95
814177,5003576,20235,34,0.8,6230.24
814178,5002407,20542,13,21.8,
814179,5009424,21079,10,1.5,21403.06
814180,5000369,20185,18,0.7,467.58
814181,5011729,21021,15,0.4,9360.66
814182,5009632,20329,27,0.2,46042.36
814183,5005325,21109,6,,13198.0
814184,5000151,20481,17,0.9,28871.38
814185,5001832,20430,45,16.6,66803.78
814186,5003011,20219,43,11.0,6593.92
814187,5000843,20753,48,0.0,49409.76
814188,5010710,21235,29,26.8,45932.93
814189,5001812,20690,16,10.7,32651.22
814190,5001282,20527,5,20.1,5984.63
814191,5005479,21084,40,21.3,
814192,5011994,20099,24,1.1,35142.57
814193,5002595,20630,30,5.5,34128.58
814194,5011576,21027,31,,
814195,5008810,20693,31,15.9,11591.43
814196,5010651,20217,7,,2693.55
814197,5011694,20587,42,,73694.38
814198,5009412,20333,14,,27508.52
814199,5009042,20756,19,0.6,31660.49
814200,5011919,20181,28,26.6,28181.93
814201,5011368,21221,7,1.6,16138.45
814202,5011227,21250,20,1.2,38481.02
814203,5003438,20719,17,20.1,1516.81
814204,5008932,20261,-5,,-5216.97
814205,5004119,20776,10,0.7,20638.41
814206,5009383,20925,7,5.1,
814207,5003506,20364,31,1.5,11632.92
814208,5003989,21309,3,1.3,5821.95
814209,5000957,20660,40,15.3,25390.01
814210,5011771,20311,9,,14363.1
814211,5001904,20059,21,20.7,10966.17
814212,5003038,20123,48,5.6,75421.82
814213,5011314,20903,3,1.7,3646.53
814214,5011756,21445,23,20.6,42322.55
814215,5001289,20226,18,1.4,
814216,5001908,20276,19,26.3,6150.68
814217,5011247,21298,36,1.4,88446.09
814218,5009269,21131,41,16.8,19160.71
814219,5011878,20876,46,10.0,100927.82
814220,5005369,20906,38,20.8,275.68
814221,5009236,21499,14,25.1,23081.78
814222,5004816,20407,50,21.2,14182.03
814223,5005976,21391,4,21.5,193.24
814224,5001531,20621,27,15.5,4558.44
814225,5000146,20904,20,16.2,
814226,5007905,21089,28,1.5,22699.72
814227,5010899,20368,16,1.2,7302.82
814228,5003463,21369,12,1.0,7544.51
814229,5003948,21280,40,1.0,1676.27
814230,5000844,20463,2,5.3,
814231,5004113,21460,26,1.5,19463.86
814232,5006503,20980,43,27.0,39163.11
814233,5006375,21133,26,5.7,8704.87
814234,5006763,21334,46,16.3,17971.58
814235,5011054,21028,28,,32404.41
814236,5001230,21462,19,,6302.77
814237,5008921,21435,46,0.3,51586.04
814238,5002847,20855,16,1.3,12992.39
814239,5007963,21170,14,1.4,32774.29
814240,5000628,20938,41,11.8,24448.4
814241,5006344,20612,3,16.2,2480.41
814242,5008837,20355,13,6.0,7443.57
814243,5007957,21004,23,15.6,46699.06
814244,5001060,20277,33,0.6,66694.34
814245,5004764,20165,26,15.8,19472.93
814246,5009393,20419,35,1.9,51910.74
814247,5010630,21438,45,25.7,61322.46
814248,5004246,21404,33,15.0,63525.68
814249,5004579,20216,27,26.0,27819.75
814250,5004754,20827,44,21.5,33197.43
814251,5008023,21164,36,0.2,24641.58
814252,5010715,20975,42,,59761.42
814253,5011281,20116,36,21.1,66412.53
814254,5005072,20011,22,15.5,1607.85
814255,5000989,21489,28,0.8,40691.28
814256,5010008,20159,50,1.9,83956.92
814257,5006320,21016,25,1.1,51033.14
814258,5000181,20211,43,1.6,86123.54
814259,5004630,20481,18,0.1,30816.47
814260,5000650,21183,43,1.5,
814261,5011719,21101,12,0.4,9661.4
814262,5007726,20070,17,5.0,
814263,5008955,20184,42,0.1,89409.14
814264,5011723,20184,8,6.3,15973.38
814265,5004134,20931,11,21.7,7907.6
814266,5009088,21188,46,22.0,27954.47
814267,5011940,21382,36,25.1,46233.82
814268,5010407,20393,43,1.5,
814269,5010755,20824,40,10.1,61872.06
814270,5004881,20787,2,,430.99
814271,5008302,20021,19,0.0,14242.21
814272,5000632,21484,29,0.3,49791.08
814273,5008734,20768,12,20.3,4207.97
814274,5008242,20552,1,1.9,1635.68
814275,5006716,20856,40,6.1,40495.31
814276,5004062,20857,28,6.0,10284.8
814277,5007601,21214,17,0.0,32754.07
814278,5011998,20267,8,1.9,6766.55
814279,5008861,20322,36,5.7,
814280,5010737,21082,38,1.2,32874.28
814281,5000869,21451,1,1.7,168.85
814282,5000159,20365,47,5.2,26841.43
814283,5003664,20716,16,12.0,3715.85
814284,5009936,20576,49,0.3,24747.46
814285,5009109,20891,41,0.1,74189.86
814286,5010312,20704,33,25.5,6672.12
814287,5004251,21334,47,21.0,17331.17
814288,5011047,20194,29,15.9,39242.14
814289,5005459,20177,20,15.9,27494.14
814290,5004475,20223,15,0.6,29930.93
814291,5003542,21044,26,20.9,16540.41
814292,5009880,20738,33,21.9,27657.52
814293,5004444,20177,29,25.4,35363.15
814294,5010872,21018,15,1.4,26379.0
814295,5005252,20811,34,5.0,59523.09
814296,5007950,20852,23,0.9,24114.08
814297,5005141,20359,44,1.3,42248.5
814298,5011478,20180,24,,33999.83
814299,5003363,20796,33,21.9,50861.47
814300,5009566,21021,40,15.5,21177.39
814301,5000506,20445,47,6.8,65253.5
814302,5002549,21375,46,25.2,66126.67
814303,5002991,20591,1,25.4,1478.59
814304,5011016,21280,16,26.8,495.77
814305,5002595,21259,3,25.2,1405.01
814306,5011248,20971,17,0.6,
814307,5006376,21407,15,5.9,11862.53
814308,5002796,20688,1,10.4,2237.37
814309,5001858,21261,48,21.5,82335.7
814310,5010762,20805,24,16.5,
814311,5002819,21349,17,0.3,41610.81
814312,5002996,21479,1,5.6,1784.15
814313,5007615,20569,5,15.1,6917.4
814314,5009257,20291,40,16.7,36041.58
814315,5000914,21488,2,11.4,2225.95
814316,5001799,20896,11,,24710.19
814317,5007396,21192,3,16.5,2337.97
814318,5006721,21441,26,21.0,48112.49
814319,5007987,20098,16,21.4,13001.32
814320,5009539,21089,2,6.1,1545.69
814321,5006490,20517,15,15.3,741.08
814322,5009909,20876,22,0.8,53204.07
814323,5008676,21176,13,15.7,
814324,5009278,20982,45,,14629.41
814325,5005304,21047,42,10.1,51628.78
814326,5006572,21308,18,21.7,26615.25
814327,5001384,21152,-2,1.0,-4680.38
814328,5002815,20133,-10,25.5,-15644.7
814329,5003828,20117,3,1.4,7007.5
814330,5001697,20108,26,0.7,60822.56
814331,5004151,21425,13,1.9,3047.07
814332,5002378,21288,37,6.4,8730.38
814333,5006396,21056,15,0.4,17897.67
814334,5001752,21448,37,1.1,20859.47
814335,5011750,20297,27,11.3,36760.04
814336,5000795,20498,38,16.6,74901.19
814337,5005154,21463,7,0.9,
814338,5003701,21341,31,25.5,41215.34
814339,5000638,20550,30,15.6,21468.83
814340,5000476,21223,34,1.0,73394.62
814341,5002510,21257,45,1.5,62090.9
814342,5009389,21348,25,25.7,10553.39
814343,5011645,20837,34,1.9,17043.89
814344,5005041,20681,8,1.4,1210.49
814345,5007070,20295,46,1.3,2340.47
814346,5000015,20475,33,26.9,14729.99
814347,5010804,20981,1,20.6,131.9
814348,5009151,21440,34,21.1,52040.83
814349,5007832,20366,29,21.5,37149.75
814350,5008104,20422,31,16.4,44988.62
814351,5000171,20262,13,25.1,14346.89
814352,5003301,20655,25,10.3,49770.27
814353,5008216,20708,2,26.3,861.27
814354,5009418,21362,24,0.8,54005.35
814355,5009928,20466,15,1.5,27168.86
814356,5005091,21392,10,1.0,14241.35
814357,5002277,21337,27,0.5,
814358,5008683,21489,5,16.8,6094.32
814359,5011524,20656,32,0.9,41293.15
814360,5006734,20315,6,16.5,8732.13
814361,5004503,21362,29,5.9,56800.69
814362,5005076,20954,23,11.8,42530.21
814363,5004834,21459,31,25.3,4539.47
814364,5004841,20843,48,20.2,52862.58
814365,5006822,20614,46,1.5,107323.53
814366,5011993,20438,26,20.6,35318.17
814367,5010216,20997,44,16.6,39625.07
814368,5005381,20407,-1,6.3,-337.27
814369,5003684,20893,16,10.3,
814370,5004036,21444,14,15.9,9553.31
814371,5007803,20795,20,26.4,8662.43
814372,5011816,21397,23,10.9,6104.04
814373,5003058,20150,15,1.1,11559.28
814374,5003005,21022,49,0.2,22497.85
814375,5010975,20871,43,11.5,26708.52
814376,5000418,20757,21,15.5,20904.14
814377,5007483,21498,25,6.7,698.82
814378,5009731,20706,34,1.7,31574.77
814379,5008916,21180,19,10.0,34270.45
814380,5001694,20297,38,1.4,57510.76
814381,5000449,20684,42,26.6,60284.15
814382,5004812,20722,45,11.6,
814383,5005878,20266,23,1.6,31258.41
814384,5009175,21312,47,10.3,69635.29
814385,5009834,20869,41,0.7,43515.28
814386,5002327,21059,26,22.0,22227.08
814387,5000737,20046,22,6.5,26554.84
814388,5002573,20041,6,1.3,14297.84
814389,5008297,20939,38,11.9,43953.27
814390,5008273,20437,20,21.7,38507.63
814391,5001789,20857,28,20.7,8676.44
814392,5010016,21367,31,20.9,9600.22
814393,5010773,21497,44,1.2,63301.32
814394,5004149,20071,25,6.8,23180.7
814395,5000964,20630,2,,1899.64
814396,5008248,21094,5,0.7,2078.3
814397,5005608,20714,11,0.6,5359.08
814398,5008484,21425,25,26.9,4366.45
814399,5009343,21068,25,0.5,31050.72
814400,5004213,21176,1,1.2,1170.76
814401,5001102,20326,36,0.7,
814402,5010428,20330,30,0.5,49190.11
814403,5007639,20884,3,11.1,559.94
814404,5010362,20798,43,5.2,95901.39
814405,5010012,21374,14,0.0,15274.0
814406,5006517,20866,24,,36464.61
814407,5003925,21367,12,0.5,4674.63
814408,5010553,20200,31,,17402.84
814409,5004435,20224,42,1.6,17363.96
814410,5004592,20713,31,0.9,39788.92
814411,5006831,21031,18,,13318.95
814412,5004435,20398,1,1.3,1692.92
814413,5003485,21038,1,,1683.01
814414,5010448,20027,36,1.9,529.03
814415,5006983,20367,50,21.5,97701.88
814416,5011416,20294,33,0.6,68810.4
814417,5005717,20797,3,15.8,2991.11
814418,5011446,21331,48,10.3,66061.68
814419,5007531,21228,50,5.6,107739.19
814420,5008984,20161,12,10.8,18223.88
814421,5001291,21222,-4,1.1,-2429.5
814422,5007044,21111,24,15.3,41368.29
814423,5008324,20947,49,,84295.27
814424,5001094,20481,4,25.9,5079.53
814425,5002164,21103,41,11.1,44381.03
814426,5005673,21135,35,15.0,19986.94
814427,5005862,20109,1,,1686.46
814428,5007860,20417,21,0.2,49643.84
814429,5010849,20122,40,5.9,61114.19
814430,5001143,20743,14,25.7,2443.64
814431,5007461,21058,40,0.3,55119.34
814432,5004824,20838,44,12.0,79541.72
814433,5009507,21222,43,21.4,20756.37
814434,5003505,20609,12,20.7,20125.39
814435,5007572,20319,40,0.0,15928.4
814436,5007276,20815,41,20.0,40625.1
814437,5003772,21069,21,15.0,38140.63
814438,5011817,20848,12,20.2,13275.11
814439,5004375,20782,33,,29939.97
814440,5004120,20091,26,0.3,
814441,5010481,20617,25,0.4,18619.47
814442,5009058,20895,11,,2549.48
814443,5007614,20072,16,0.2,353.53
814444,5011643,20266,22,11.6,26860.8
814445,5005030,21422,3,1.2,6843.19
814446,5006390,20685,49,,110440.25
814447,5003519,20652,40,5.8,62214.2
814448,5003301,21303,32,16.4,57519.48
814449,5005513,20905,23,6.7,38365.9
814450,5007324,21316,17,,
814451,5002812,21262,48,26.6,46806.06
814452,5006005,20859,20,5.5,312.04
814453,5007386,21497,9,21.3,10313.84
814454,5004372,20131,44,25.8,35241.88
814455,5006734,21066,19,11.2,3339.98
814456,5005693,20577,31,15.1,63416.68
814457,5007496,20059,40,16.3,22046.91
814458,5009738,21042,37,,67626.87
814459,5000038,20701,17,26.1,
814460,5001560,20949,10,21.1,3221.64
814461,5011595,20545,33,0.5,38279.7
814462,5002329,20604,1,1.0,1758.46
814463,5001723,20489,16,20.4,18418.17
814464,5006139,20121,29,,24355.26
814465,5009276,20142,39,0.7,8496.32
814466,5005651,20067,7,26.9,4327.5
814467,5001454,21435,37,1.0,41201.79
814468,5008148,20754,26,20.1,23442.21
814469,5010308,20012,6,10.1,9539.34
814470,5007935,20485,23,,9626.49
814471,5006052,20675,20,21.7,32487.77
814472,5009353,20001,45,,20331.31
814473,5001128,20632,9,16.5,8866.05
814474,5005299,20247,35,16.5,37866.25
814475,5006480,20599,-3,11.3,-3879.98
814476,5010725,20937,31,1.4,4825.76
814477,5003125,21223,28,26.1,45118.29
814478,5004621,20893,40,26.3,70578.95
814479,5009368,20145,-1,2.0,-1604.91
814480,5006997,20163,29,16.9,30588.14
814481,5001543,20437,46,1.3,111642.61
814482,5001269,20284,30,0.1,71780.25
814483,5000720,20625,44,25.9,25634.57
814484,5005306,21016,3,0.8,6142.55
814485,5005431,21202,37,10.1,51215.71
814486,5005097,20917,41,15.3,9473.18
814487,5004202,20514,34,16.8,63369.36
814488,5002118,21394,40,11.5,1968.95
814489,5011746,21199,45,20.0,6954.84
814490,5008069,21070,7,,3219.47
814491,5005996,20368,45,6.3,19478.97
814492,5008106,20636,1,1.4,290.0
814493,5009463,20816,39,1.6,88573.73
814494,5004548,20177,10,25.1,12243.23
814495,5002439,20517,16,,780.22
814496,5011829,20258,45,0.1,1949.7
814497,5003557,21018,39,,62464.19
814498,5009487,21124,46,1.5,85558.42
814499,5000341,21229,1,0.2,1877.99
814500,5005241,20876,4,1.6,9595.46
814501,5007786,20141,7,,7372.63
814502,5005036,21020,11,10.3,22700.41
814503,5000380,20624,45,0.4,82998.12
814504,5010430,21372,20,0.6,40904.09
814505,5006421,20449,25,25.9,31637.55
814506,5002974,20791,28,5.5,51195.07
814507,5005789,20514,24,0.7,53387.25
814508,5009137,20204,37,1.5,9500.48
814509,5009343,20149,49,2.0,53081.79
814510,5010655,21128,2,11.6,3469.45
814511,5008100,20845,33,,51737.96
814512,5011234,20481,43,21.0,58215.75
814513,5011061,20798,17,1.3,39474.28
814514,5004514,20276,43,0.2,18849.55
814515,5009287,20761,21,10.2,36174.36
814516,5000516,20842,19,2.0,12644.66
814517,5009637,20014,39,25.3,36606.78
814518,5001991,20696,35,,68210.33
814519,5008842,20973,25,11.1,33151.48
814520,5007058,20623,25,0.9,5896.95
814521,5010642,20745,50,1.9,
814522,5004321,21492,4,0.1,7133.42
814523,5009845,21251,10,26.2,17114.37
814524,5011537,20646,3,21.3,
814525,5002718,20359,38,21.9,28871.95
814526,5000495,21482,43,10.0,29445.28
814527,5007555,21408,26,0.8,35640.68
814528,5006251,21241,30,1.0,3044.25
814529,5009508,21320,5,16.3,7517.47
814530,5004713,20241,29,5.3,49958.22
814531,5000581,20759,35,16.3,13079.92
814532,5002897,20967,37,15.9,77305.83
814533,5000520,21026,8,1.6,1680.51
814534,5000987,20880,42,1.5,16617.92
814535,5001634,21389,1,0.1,1175.46
814536,5004427,20949,20,16.8,6794.44
814537,5007215,20716,7,25.5,1376.29
814538,5004990,20914,45,20.1,45147.97
814539,5003368,20104,49,0.2,31879.21
814540,5009288,20138,1,0.7,2032.06
814541,5003687,21462,49,25.3,13042.01
814542,5007862,20411,28,26.4,14077.12
814543,5004060,21248,41,1.1,99066.07
814544,5006526,20810,24,26.1,32846.54
814545,5011552,20341,14,16.3,8814.63
814546,5005920,20816,22,21.7,39758.47
814547,5006122,20957,39,16.0,76940.14
814548,5010074,20933,9,26.9,4789.97
814549,5008445,20352,49,15.0,80900.13
814550,5007964,20918,24,0.5,6398.65
814551,5000338,21165,9,1.3,2597.57
814552,5004401,21471,2,15.5,3440.74
814553,5009697,21476,36,5.9,9961.92
814554,5000930,20973,36,15.7,45267.99
814555,5007829,21411,19,1.3,40800.15
814556,5004690,20597,45,26.9,10764.56
814557,5003855,20496,19,10.7,36500.09
814558,5006089,20260,44,25.3,54204.59
814559,5004388,20608,31,1.5,8911.03
814560,5008457,20396,18,25.6,24697.53
814561,5006698,21044,5,1.4,3965.0
814562,5007341,21148,25,25.3,7879.17
814563,5011971,20331,11,,2568.72
814564,5005918,20123,45,16.1,62843.2
814565,5007350,21048,48,15.8,84119.44
814566,5008786,20850,45,20.5,62859.18
814567,5002301,21155,15,1.8,16296.09
814568,5006884,20546,3,20.6,1957.12
814569,5005471,21253,36,0.9,20454.83
814570,5002272,20990,4,1.1,7643.23
814571,5002594,20972,38,,8268.24
814572,5008462,20375,8,10.0,11012.69
814573,5011504,21272,36,20.8,60993.73
814574,5004974,20156,3,15.7,5763.52
814575,5002390,20485,32,15.2,15494.66
814576,5003577,20119,44,25.1,122.27
814577,5011800,20224,47,1.2,19510.09
814578,5001867,21192,23,15.7,18096.14
814579,5010160,21429,37,0.1,58286.59
814580,5004770,21271,11,16.1,13268.53
814581,5000144,20877,44,10.6,91592.7
814582,5006663,20058,48,1.2,64818.65
814583,5006085,20370,48,11.5,64348.7
814584,5002932,20421,16,10.8,13712.11
814585,5009762,20421,42,16.8,33573.15
814586,5003290,21275,40,25.2,31770.85
814587,5005989,21394,26,1.0,1431.66
814588,5004847,20370,38,6.9,53590.59
814589,5003987,20960,-2,21.7,-2421.05
814590,5005778,20454,1,15.8,1803.05
814591,5001316,20877,47,16.7,91161.93
814592,5011356,21335,2,5.3,3804.97
814593,5006785,20965,39,21.9,37078.35
814594,5008007,20544,42,26.4,14026.63
814595,5000312,20723,18,20.3,6897.84
814596,5002391,21370,33,26.9,38469.43
814597,5011317,21399,25,16.4,24938.93
814598,5006552,21454,7,16.6,4781.26
814599,5002818,21255,14,1.0,33565.59
814600,5010096,21285,10,16.9,15418.62
814601,5007734,21138,24,1.8,51251.68
814602,5004102,20082,33,5.7,6560.82
814603,5000141,20975,5,,5551.09
814604,5011601,20117,26,1.1,60916.47
814605,5007262,20736,2,26.9,2391.72
814606,5004971,20867,27,25.0,1981.26
814607,5006161,20683,39,1.9,38949.57
814608,5004254,20308,50,0.1,123357.02
814609,5001318,20749,18,,39213.99
814610,5004020,20852,23,10.2,21851.11
814611,5002630,20297,50,5.4,72602.19
814612,5000703,21231,22,1.1,19758.22
814613,5011985,20253,44,11.7,27199.9
814614,5008097,20547,34,16.1,39527.91
814615,5001581,20865,24,22.0,46531.37
814616,5007983,20066,25,1.5,52342.16
814617,5003077,20163,36,5.0,43409.03
814618,5005654,20711,5,21.5,1830.78
814619,5001359,20930,18,27.0,16052.74
814620,5001243,20522,13,1.4,31617.14
814621,5009765,21085,29,1.5,46453.55
814622,5006656,21295,37,,18815.82
814623,5010612,21478,44,1.0,97276.89
814624,5008288,21108,45,15.7,76230.38
814625,5007845,20578,16,0.8,35738.03
814626,5006367,20237,39,0.8,59642.19
814627,5009249,20147,36,20.3,24273.15
814628,5007361,20194,48,0.6,76769.09
814629,5010703,21437,4,1.1,4797.72
814630,5001631,20155,19,21.2,25375.74
814631,5002995,20710,39,16.5,48294.87
814632,5006415,21409,37,16.1,69528.87
814633,5002575,20738,50,25.2,40134.69
814634,5002570,21104,46,0.8,76057.14
814635,5006689,20574,31,0.6,20608.4
814636,5006938,20070,9,21.8,4416.13
814637,5004720,20182,30,11.8,
814638,5009069,21292,50,,72573.64
814639,5001018,20404,1,16.4,568.65
814640,5000920,21411,45,21.0,77344.71
814641,5006724,20578,46,11.0,92182.14
814642,5001830,21199,50,1.7,9495.29
814643,5001903,21357,36,0.1,82418.34
814644,5007098,20981,37,0.7,9266.08
814645,5001701,21480,1,10.2,71.55
814646,5008642,20366,24,26.0,28982.19
814647,5004412,20559,3,5.8,4770.88
814648,5005968,20021,11,0.3,8220.75
814649,5005907,21092,28,25.2,34880.56
814650,5008134,20391,5,0.0,9482.95
814651,5000290,20738,37,15.3,33630.51
814652,5000701,20747,39,1.9,78243.48
814653,5002851,20284,14,6.1,31485.59
814654,5002225,20657,-4,15.9,-241.1
814655,5011880,20228,23,15.3,26065.97
814656,5004783,20102,6,0.8,4595.84
814657,5008063,20818,10,0.5,18083.43
814658,5000652,20639,39,6.7,56594.88
814659,5004521,20896,39,15.6,75067.9
814660,5006921,21413,31,11.8,317.17
814661,5009214,20550,20,26.1,12531.96
814662,5001386,21329,4,,4597.51
814663,5011136,20275,35,2.0,82604.35
814664,5003846,20417,18,20.9,33725.98
814665,5007284,20040,-3,20.7,-3912.72
814666,5001035,20533,40,1.2,33674.99
814667,5007482,21264,27,0.2,13447.67
814668,5001099,20175,17,0.3,843.55
814669,5008357,20350,9,26.0,1428.77
814670,5003557,20896,3,1.5,6739.14
814671,5002010,21281,32,15.1,29518.03
814672,5003400,21045,47,0.9,50997.62
814673,5010639,21366,17,0.1,38401.62
814674,5006046,20876,32,10.4,69898.61
814675,5005005,21023,45,16.6,33280.85
814676,5005100,20837,23,0.9,11647.22
814677,5001985,21312,-7,0.3,-11527.42
814678,5007758,21433,12,25.8,18107.89
814679,5001200,20216,19,,21137.72
814680,5002788,20101,41,5.7,10281.65
814681,5011818,20762,14,1.7,28235.22
814682,5011926,21308,38,26.4,52815.05
814683,5001875,20788,20,0.3,45364.5
814684,5011408,21266,30,,33539.29
814685,5009512,21409,31,1.7,68252.21
814686,5004177,21373,6,0.8,7131.03
814687,5005285,20401,32,1.8,56970.46
814688,5008321,21323,18,1.9,42979.57
814689,5005053,20596,35,,19617.81
814690,5002338,20972,40,1.2,10236.87
814691,5011070,20270,24,15.9,13305.29
814692,5011425,20452,27,1.3,35019.72
814693,5008523,20480,14,0.1,17759.98
814694,5002725,21255,32,20.5,61609.57
814695,5000154,20440,8,0.8,3336.61
814696,5001908,21336,41,21.1,77485.88
814697,5006877,20072,40,10.9,789.07
814698,5008710,21129,25,0.5,29341.56
814699,5010571,20297,22,21.1,26643.31
814700,5000232,20593,48,15.5,96142.61
814701,5002153,21023,7,21.2,
814702,5001837,20683,15,20.6,12124.98
814703,5008110,21321,12,25.6,18153.12
814704,5007000,20301,9,0.7,4718.83
814705,5011843,20343,41,21.0,29765.44
814706,5010257,21154,39,16.0,17560.02
814707,5006886,21464,8,0.5,464.47
814708,5000628,20096,33,6.6,174.14
814709,5011670,20937,13,11.6,1814.36
814710,5009085,20145,32,5.7,49418.03
814711,5001917,20804,27,5.2,31888.01
814712,5003209,20256,28,20.3,12273.13
814713,5001551,21283,47,6.4,1107.28
814714,5007760,20706,21,15.7,16724.56
814715,5008155,20666,22,26.8,4894.33
814716,5005747,21062,12,10.8,
814717,5005858,20830,5,21.3,8494.56
814718,5000260,20976,17,0.6,10388.89
814719,5002660,21300,20,11.1,10123.22
814720,5000055,20011,1,0.9,85.71
814721,5005101,20299,21,0.0,34297.83
814722,5005101,21181,24,,17468.14
814723,5009751,20988,35,25.1,45804.42
814724,5002746,21366,36,15.3,68947.9
814725,5002489,20449,50,,71814.25
814726,5001240,20414,21,1.2,19922.85
814727,5007230,20137,15,5.2,
814728,5003303,20115,2,11.4,3616.79
814729,5000048,21310,36,20.2,64115.44
814730,5002477,20654,21,26.1,23694.1
814731,5010836,20234,49,0.7,81651.31
814732,5003435,21276,30,6.9,9931.91
814733,5000523,21424,-3,21.9,-2145.11
814734,5010867,20680,40,1.0,20116.4
814735,5004142,20666,22,11.1,5944.07
814736,5010862,20655,9,11.5,17677.6
814737,5001806,20943,10,21.5,2966.99
814738,5010836,21227,10,0.9,18782.82
814739,5009658,21470,9,1.4,16315.03
814740,5008935,20461,16,1.0,178.2
814741,5001421,20470,49,,109137.88
814742,5002134,20698,46,0.9,97508.0
814743,5002322,20083,23,2.0,17509.07
814744,5006924,21460,6,16.6,3803.09
814745,5003461,21356,14,6.7,
814746,5007177,20102,4,20.8,2446.17
814747,5011039,21299,10,5.9,17960.4
814748,5008267,21094,41,1.0,16990.57
814749,5011032,20075,21,10.5,28962.34
814750,5006799,20137,-8,21.9,-1350.19
814751,5010374,21226,5,5.8,4708.92
814752,5005396,21370,10,10.4,14288.69
814753,5007618,21007,5,21.3,3002.01
814754,5007853,20286,11,1.4,12980.93
814755,5003373,20181,12,1.4,16224.63
814756,5004326,21118,9,5.7,16379.49
814757,5010691,20901,31,1.3,11356.08
814758,5006332,21252,6,1.8,8991.72
814759,5006514,20543,26,16.3,50286.11
814760,5006294,21169,30,25.5,5204.2
814761,5002597,21387,39,17.0,53866.92
814762,5001624,20904,10,7.0,9744.63
814763,5010519,21127,39,,
814764,5006868,20860,6,5.9,2272.29
814765,5000351,21314,44,11.8,73604.42
814766,5003416,21227,25,21.7,37101.28
814767,5011049,20348,27,26.5,2544.13
814768,5001294,20627,39,16.7,1144.52
814769,5005898,20389,42,11.3,85725.92
814770,5008333,20225,7,0.9,14494.79
814771,5008147,20618,48,11.1,88777.82
814772,5008190,20285,20,0.2,9157.85
814773,5006415,20323,16,,13472.25
814774,5004932,21437,41,1.6,48927.99
814775,5005845,21096,27,1.1,23691.17
814776,5003228,20475,21,11.1,11399.66
814777,5007694,20617,7,11.2,4648.14
814778,5002097,20238,43,1.7,594.72
814779,5001877,21141,14,1.1,20936.4
814780,5010691,21081,50,26.7,5640.8
814781,5005124,21472,22,,13420.11
814782,5010599,21339,39,0.5,48267.21
814783,5011892,21306,43,15.6,35408.29
814784,5007441,20494,19,16.4,18446.25
814785,5004165,20670,8,11.2,8971.64
814786,5002789,20239,3,20.9,
814787,5009346,20804,23,0.6,28481.94
814788,5006113,21142,39,16.8,24040.72
814789,5005643,20183,28,26.5,33165.7
814790,5002056,20279,14,,12042.97
814791,5004210,21288,8,0.1,
814792,5008441,21470,7,1.1,12728.07
814793,5007208,20493,41,1.3,50147.52
814794,5006511,20839,16,0.4,4992.75
814795,5007291,20974,41,5.6,86888.16
814796,5003222,20882,26,21.8,2026.08
814797,5002128,21337,42,11.2,91471.05
814798,5008079,21000,35,25.8,3499.2
814799,5001138,21329,29,11.5,39702.22
814800,5002859,21258,50,0.5,20035.32
814801,5000823,21117,32,15.6,46418.11
814802,5008859,20610,42,15.4,73081.51
814803,5007561,20454,21,0.7,
814804,5001932,20623,35,2.0,8164.09
814805,5009336,21356,21,26.1,9576.15
814806,5002449,21363,43,0.6,78938.92
814807,5006835,21365,23,1.3,
814808,5003762,21415,25,10.3,10404.08
814809,5002432,21274,14,0.5,18820.96
814810,5004135,21110,5,16.3,2579.17
814811,5003981,21326,43,21.6,8597.91
814812,5000391,21047,41,1.6,55164.77
814813,5000400,20301,25,1.6,12989.05
814814,5005694,21254,16,1.0,32842.97
814815,5001772,21413,37,,407.31
814816,5008737,21259,45,26.6,20680.74
814817,5002660,21178,8,2.0,7864.07
814818,5008681,21339,3,0.4,3716.59
814819,5007980,20121,44,1.6,40491.72
814820,5005147,21497,2,15.5,2460.88
814821,5007770,20669,49,,33635.63
814822,5006441,20649,27,11.1,45209.89
814823,5002371,20873,24,10.5,32490.22
814824,5005515,20087,1,0.2,1307.97
814825,5005746,21498,16,1.6,471.69
814826,5001230,20384,-6,,-2412.8
814827,5007046,21102,33,21.6,33602.55
814828,5001895,20950,35,1.3,85962.47
814829,5002328,20678,11,16.1,21969.73
814830,5010224,21494,29,6.4,32171.07
814831,5000098,20133,18,25.2,28273.86
814832,5004597,20677,13,0.2,2975.98
814833,5004162,20265,6,21.4,2997.35
814834,5001197,21331,34,25.1,39072.99
814835,5009482,21477,38,6.0,61443.04
814836,5000613,20220,42,10.9,31022.84
814837,5011800,21500,45,26.0,39889.4
814838,5009116,21096,23,25.7,15161.53
814839,5011118,20852,6,0.5,6316.02
814840,5010441,20983,27,26.3,23397.05
814841,5003305,20412,45,5.1,37456.13
814842,5000520,20058,24,16.9,27259.26
814843,5000984,21389,16,25.2,14082.03
814844,5011327,20651,43,,85620.81
814845,5003038,20714,16,6.1,7363.71
814846,5003854,20213,42,,4800.73
814847,5001357,21236,47,15.3,66581.35
814848,5007717,20957,9,1.6,20799.2
814849,5004235,20408,-2,1.1,-2273.71
814850,5004687,20149,2,0.7,2195.34
814851,5010433,20693,13,0.9,5727.91
814852,5005358,21457,13,11.0,11068.79
814853,5009134,20409,8,5.7,8813.35
814854,5009480,20519,48,1.5,20433.47
814855,5001607,20181,50,0.9,67945.44
814856,5008311,20681,48,26.6,5406.7
814857,5004721,21407,19,0.7,15856.2
814858,5011993,21224,11,0.3,27295.22
814859,5001863,20070,18,1.4,11136.34
814860,5008298,20624,43,1.2,78672.3
814861,5001994,21180,27,6.4,50648.12
814862,5007477,21129,23,6.7,25312.18
814863,5005983,21186,15,26.3,13870.05
814864,5009093,20524,32,20.9,18353.22
814865,5001500,20912,9,1.6,9839.46
814866,5001297,20967,12,6.6,
814867,5000126,20180,50,0.9,75479.02
814868,5011971,20619,6,0.6,11282.16
814869,5003278,20060,7,1.2,2881.34
814870,5010930,21384,32,6.7,74575.81
814871,5011088,20329,44,0.5,74806.45
814872,5007385,20211,2,21.1,3211.92
814873,5005308,20651,18,0.7,42168.7
814874,5006905,20296,11,1.2,26609.97
814875,5002999,20574,21,0.4,13988.62
814876,5001537,20759,29,1.2,12792.83
814877,5002436,20600,40,21.2,56228.84
814878,5003183,20876,1,1.7,2396.43
814879,5011001,21136,29,21.8,26181.98
814880,5002743,20058,32,16.5,36520.63
814881,5006019,20208,31,1.7,36627.33
814882,5010902,20076,1,1.9,2362.44
814883,5008863,20674,3,16.5,5617.14
814884,5003192,21486,19,0.9,17903.93
814885,5008814,21284,29,11.3,55719.36
814886,5009525,20872,4,6.7,
814887,5001032,20377,30,26.9,21265.96
814888,5007547,21491,2,5.1,3666.2
814889,5001892,21220,33,6.4,39515.64
814890,5001596,20135,36,20.8,33599.11
814891,5009602,20275,11,0.6,26332.24
814892,5002613,20289,14,25.1,4838.45
814893,5002375,21122,35,1.7,
814894,5011580,20690,22,20.4,40018.77
814895,5004736,20136,18,1.5,19778.7
814896,5006713,21481,46,25.3,36284.55
814897,5004874,20143,17,26.6,24390.12
814898,5002747,20409,14,0.9,16208.44
814899,5008453,21421,30,25.4,30564.37
814900,5007223,20785,48,11.7,25744.04
814901,5005475,20230,41,21.5,12632.61
814902,5004908,20024,14,1.1,1052.3
814903,5004907,20359,39,0.2,37864.88
814904,5005391,20208,10,26.8,8798.35
814905,5004726,21318,18,,24867.39
814906,5008610,21005,43,20.0,51112.21
814907,5002958,20760,48,16.4,64335.22
814908,5011586,20177,36,11.3,52196.37
814909,5000112,20496,-1,20.2,-1716.69
814910,5009085,20510,36,15.5,63840.93
814911,5010596,21318,50,0.0,70128.0
814912,5009823,21230,16,1.1,10913.81
814913,5010605,20965,6,20.9,5777.4
814914,5010993,20840,49,0.2,17972.95
814915,5010861,21370,11,10.4,15717.56
814916,5007698,20803,46,1.8,82946.18
814917,5004226,20953,3,0.2,1249.25
814918,5004164,20583,15,25.8,24472.87
814919,5003413,20967,40,0.9,98480.03
814920,5004333,21364,41,0.7,46582.59
814921,5007115,20758,36,,43192.81
814922,5008338,20346,25,16.9,48317.46
814923,5010948,20674,14,,29635.16
814924,5001779,20678,50,6.0,111883.97
814925,5006769,21154,26,6.8,12988.84
814926,5004238,20056,41,0.7,3406.46
814927,5009247,20104,43,0.0,
814928,5007508,20235,27,11.0,4438.82
814929,5009835,21360,29,21.3,28007.93
814930,5004771,21144,29,1.6,4816.88
814931,5005110,21093,28,,
814932,5000236,20700,49,26.7,
814933,5010064,21226,48,0.1,47940.97
814934,5001994,21223,47,1.9,100534.93
814935,5003274,20026,34,6.4,21366.32
814936,5002695,21423,49,5.3,48730.11
814937,5009672,20556,9,,5871.26
814938,5001303,20278,-5,1.1,-11883.68
814939,5001439,21309,38,0.9,74043.54
814940,5004517,20932,33,1.5,50457.19
814941,5003516,21387,39,20.5,51595.42
814942,5010198,20384,35,5.7,14812.97
814943,5009792,21282,47,,104741.04
814944,5005855,20274,18,21.4,18326.19
814945,5008877,21195,43,16.1,41550.24
814946,5001897,20066,17,0.1,36098.56
814947,5004830,20778,24,0.6,4816.05
814948,5009495,20265,41,0.4,25954.14
814949,5011985,21280,50,16.0,1777.86
814950,5001385,21139,38,15.7,59999.36
814951,5010087,20488,34,0.6,11591.35
814952,5001372,21349,6,26.2,10871.01
814953,5005367,20338,1,6.3,1289.41
814954,5006827,20951,20,26.5,3690.58
814955,5010504,20487,47,5.4,80036.49
814956,5010840,21034,11,10.1,9550.6
814957,5002423,21010,41,11.5,45195.87
814958,5004767,20758,46,1.9,60359.18
814959,5009684,21126,8,1.0,16205.11
814960,5002957,20134,18,16.0,3693.36
814961,5001758,21115,37,0.8,20146.46
814962,5005411,20467,26,20.5,40973.31
814963,5001481,21219,35,20.6,43477.18
814964,5004235,20822,32,,57859.23
814965,5001708,20788,-5,10.3,-10203.6
814966,5000578,21073,30,5.9,32742.0
814967,5007371,21089,27,16.1,18644.55
814968,5008264,20787,33,15.4,8196.45
814969,5001577,20839,11,5.8,3246.41
814970,5000150,21263,21,15.9,39965.96
814971,5001112,21179,21,21.0,31191.19
814972,5011312,20995,4,15.9,5455.26
814973,5004783,20138,18,0.1,36798.01
814974,5009943,20934,29,1.6,33266.13
814975,5005234,21199,6,16.1,972.52
814976,5000561,21495,16,25.3,14194.31
814977,5004648,21066,23,25.8,3378.39
814978,5000811,20177,6,25.3,7326.32
814979,5000008,20822,45,21.6,81677.08
814980,5009330,20784,-8,0.4,-10159.2
814981,5010912,20760,5,26.1,5924.01
814982,5000573,20254,8,11.1,710.49
814983,5005732,20050,45,21.4,54082.5
814984,5001306,20014,44,,46054.7
814985,5002952,20252,33,10.4,
814986,5006786,20337,26,11.1,31800.47
814987,5008834,21105,31,1.4,73349.84
814988,5003537,20443,41,20.7,60282.03
814989,5006445,20979,23,26.5,37729.76
814990,5003016,20574,1,5.5,632.02
814991,5004162,20623,50,0.2,11877.2
814992,5003408,20530,20,1.1,26207.91
814993,5004905,20735,7,5.6,
814994,5001809,20694,32,0.1,60628.59
814995,5002419,20053,39,1.8,66416.39
814996,5010149,21436,6,0.1,3704.11
814997,5007361,20690,50,15.5,96550.54
814998,5011260,20356,18,16.3,20203.66
814999,5009524,20978,28,0.0,42148.4
815000,5000323,20989,20,5.6,30075.65
815001,5003134,21301,15,20.7,13471.21
815002,5005281,20232,25,1.2,
815003,5005369,20673,5,1.1,1061.74
815004,5002784,21037,32,0.0,16912.96
815005,5008300,20029,44,0.2,94831.04
815006,5004623,20296,23,20.3,44882.9
815007,5004742,21002,6,16.3,7999.9
815008,5000420,20249,48,5.0,74550.53
815009,5003847,21312,17,6.0,26394.65
815010,5006044,20392,12,20.6,9866.91
815011,5006631,20910,19,20.8,1164.72
815012,5003560,20888,29,16.1,44405.78
815013,5007814,21015,9,5.2,14175.66
815014,5005557,20268,49,0.9,12261.15
815015,5008399,20932,4,25.2,4644.45
815016,5011606,20668,21,26.9,16341.6
815017,5008616,20390,40,7.0,69706.85
815018,5009216,20697,7,0.1,11755.86
815019,5003124,20243,6,0.2,13346.11
815020,5009554,21089,8,15.9,5537.48
815021,5011018,20016,42,10.5,53128.95
815022,5009591,20658,-2,0.4,-4191.73
815023,5006678,21462,20,6.7,6648.74
815024,5000046,21445,-8,11.1,-16482.2
815025,5005377,21132,14,,5005.4
815026,5006284,20530,19,1.4,24821.99
815027,5007233,20963,3,5.0,6177.69
815028,5006779,20519,8,,6778.73
815029,5008517,20210,28,26.9,50327.95
815030,5005071,21062,2,15.1,1486.55
815031,5009248,21213,29,20.4,44267.03
815032,5000878,20118,26,11.0,17910.59
815033,5007482,20978,47,21.5,55538.04
815034,5007934,21145,38,20.7,44055.91
815035,5004102,20757,23,,21160.95
815036,5009655,21123,38,20.8,60300.65
815037,5007705,20574,12,,7487.88
815038,5001632,21408,29,10.3,35946.06
815039,5002588,20363,8,26.3,9228.6
815040,5009023,21289,46,26.9,82668.18
815041,5008186,20152,40,20.9,29176.51
815042,5000570,21441,22,25.3,38494.67
815043,5007628,20006,8,,1877.3
815044,5001512,20314,34,1.5,7612.61
815045,5006009,20483,2,0.1,4619.98
815046,5005847,20237,28,1.5,42517.88
815047,5007431,21441,26,1.1,60231.96
815048,5001891,20364,28,0.7,10592.49
815049,5006711,20612,13,5.2,12159.35
815050,5010202,21219,20,10.1,28129.53
815051,5006440,20780,21,11.9,7098.65
815052,5001431,20400,32,1.0,70964.15
815053,5008269,20661,27,6.5,36775.91
815054,5006417,21266,10,10.6,12651.53
815055,5003600,20468,43,0.6,36310.61
815056,5000241,21350,26,20.4,25288.24
815057,5008839,20629,9,1.4,2790.61
815058,5002951,21075,20,15.7,24085.52
815059,5000815,20311,36,20.4,46475.73
815060,5004663,21487,33,10.1,72926.23
815061,5004724,20146,36,11.5,3150.32
815062,5002786,20055,30,1.7,50497.79
815063,5008329,20052,42,0.4,72545.05
815064,5000177,21029,8,26.7,9214.34
815065,5000144,20174,46,15.3,86501.87
815066,5011823,20424,32,0.1,47838.51
815067,5006842,20179,11,1.2,11392.16
815068,5001476,20173,34,0.3,14210.72
815069,5008203,21255,13,6.7,29373.53
815070,5002892,20544,38,21.3,13570.15
815071,5000806,21202,48,26.0,54690.85
815072,5006047,20654,31,6.9,44064.4
815073,5008295,21204,37,6.7,78519.74
815074,5008954,21339,37,25.6,34240.43
815075,5008822,21388,13,15.9,24611.17
815076,5001471,20635,16,11.3,21326.6
815077,5004907,20473,43,0.1,13048.62
815078,5003419,20562,23,1.2,5571.47
815079,5004158,20909,27,,46534.52
815080,5003100,21482,36,10.6,24487.52
815081,5004415,20558,26,26.6,42213.43
815082,5001401,20462,26,0.3,35026.84
815083,5002316,20843,29,21.5,31417.52
815084,5011018,21222,2,21.7,961.73
815085,5005278,20436,27,,31965.11
815086,5009483,20454,44,,88756.33
815087,5010781,20730,47,26.0,44575.09
815088,5007837,20668,48,21.1,79125.21
815089,5004439,20590,12,27.0,4395.68
815090,5007811,21237,31,5.2,26229.97
815091,5004583,20011,7,16.7,
815092,5003990,20642,-2,0.7,-2140.29
815093,5010540,21197,28,0.4,24943.03
815094,5003674,20350,23,1.5,4860.18
815095,5002947,20232,20,0.1,28624.35
815096,5008014,20801,47,21.5,1606.41
815097,5010675,20113,40,6.1,25448.78
815098,5009633,21321,48,6.5,91253.61
815099,5004552,21151,41,21.8,25033.37
815100,5007851,21378,42,15.9,25465.04
815101,5004806,21194,39,0.6,49938.75
815102,5002100,20914,15,25.4,14051.06
815103,5002254,20582,10,16.4,10257.05
815104,5007117,21435,38,,41887.92
815105,5011876,20791,37,5.6,67579.04
815106,5002212,20953,11,6.6,17117.2
815107,5004185,20336,48,26.6,67510.85
815108,5011980,20609,25,10.3,47426.63
815109,5008581,21379,3,16.2,3360.26
815110,5011350,20323,10,15.6,7512.28
815111,5008686,20398,48,16.1,69075.34
815112,5002572,20612,42,1.2,40941.61
815113,5001109,21358,20,0.6,4556.5
815114,5008090,20423,15,,21085.17
815115,5009128,20771,15,26.5,4199.09
815116,5006121,21422,24,0.9,54911.79
815117,5003751,20135,35,20.4,32830.78
815118,5002682,20037,6,5.3,9563.37
815119,5009040,21000,46,20.9,4902.65
815120,5002839,20140,11,0.3,26027.32
815121,5011631,20810,39,2.0,70782.29
815122,5004422,20425,15,21.7,23994.45
815123,5008154,20892,25,26.0,38234.88
815124,5002192,20313,34,0.0,82427.9
815125,5001813,21365,18,25.3,21537.4
815126,5002892,20686,14,0.6,20810.96
815127,5003537,20366,40,16.6,54439.52
815128,5003717,20183,38,26.8,44826.87
815129,5011228,20732,12,0.6,15303.03
815130,5006519,21422,34,1.6,77242.21
815131,5003719,20484,17,0.6,25052.64
815132,5001361,20112,34,20.2,53049.3
815133,5010161,21310,41,15.2,77595.57
815134,5007127,21030,21,0.5,27174.37
815135,5003482,20900,7,10.2,14661.09
815136,5003353,20454,28,,50365.49
815137,5008932,20840,20,11.8,6483.23
815138,5002315,20563,24,21.7,27852.37
815139,5006894,21310,41,25.5,68170.64
815140,5002642,20540,2,15.1,1598.06
815141,5005763,21156,32,11.2,65472.45
815142,5008139,20955,3,6.7,
815143,5007058,20922,5,20.8,8337.54
815144,5006748,20663,47,5.7,64779.13
815145,5008789,20008,14,21.7,5394.29
815146,5007967,20761,37,0.9,70336.47
815147,5004530,20147,26,1.7,21621.81
815148,5002902,20817,4,5.1,5203.4
815149,5008039,21150,3,5.9,2312.23
815150,5000146,21331,4,15.7,5173.73
815151,5011782,20950,18,0.8,44433.23
815152,5002065,21200,41,27.0,38387.02
815153,5001702,20772,9,11.8,2678.28
815154,5008080,20570,38,0.9,23711.74
815155,5009686,20364,28,20.3,8501.73
815156,5000345,20646,32,,47802.42
815157,5004725,20772,41,6.6,12920.4
815158,5000359,20674,34,,72352.31
815159,5003079,21443,29,1.0,39511.28
815160,5002589,20716,8,26.4,1553.9
815161,5002046,21070,35,0.3,16145.92
815162,5007918,21169,33,20.9,6078.08
815163,5003793,20700,49,11.8,46783.92
815164,5009886,20209,11,1.9,21810.23
815165,5007152,21327,14,21.3,7306.81
815166,5011594,20292,37,0.9,38682.22
815167,5001567,20124,7,6.2,6436.12
815168,5005975,20481,1,0.5,1705.17
815169,5004046,20774,24,11.4,32341.27
815170,5000306,20341,37,25.9,20623.89
815171,5010724,20719,4,,327.86
815172,5000482,20451,20,26.2,19200.4
815173,5001183,20542,33,,56117.98
815174,5007561,20890,34,6.4,54706.73
815175,5010095,20009,35,26.3,49239.3
815176,5005752,20091,43,20.2,35748.67
815177,5002388,20752,42,16.0,24198.2
815178,5006846,20680,14,25.4,5305.45
815179,5007367,21168,11,11.8,5495.7
815180,5001642,20528,39,26.5,12238.24
815181,5007744,20220,18,16.3,12489.71
815182,5000142,20631,46,15.9,29157.25
815183,5004505,20108,39,0.4,91509.47
815184,5004684,20504,33,15.6,66725.59
815185,5007052,21491,12,26.0,17152.7
815186,5006956,21490,25,6.6,24937.33
815187,5009550,20808,13,0.4,30163.53
815188,5009936,20568,29,6.3,
815189,5000294,20648,40,15.1,24394.15
815190,5007553,20638,48,10.9,94439.01
815191,5005354,20640,15,6.1,3578.44
815192,5000770,20931,10,,8079.28
815193,5002569,20453,1,21.3,113.4
815194,5009892,20046,7,16.5,7545.6
815195,5008574,20611,11,25.4,18883.57
815196,5002578,20763,19,10.4,1905.67
815197,5000572,20315,35,16.7,50815.42
815198,5007262,20355,35,15.1,18100.3
815199,5011242,20740,4,1.3,7531.13
815200,5002778,20198,38,26.0,50344.64
815201,5006021,20386,27,11.2,48408.02
815202,5008580,20387,10,1.6,16594.37
815203,5011574,21143,26,26.5,33523.91
815204,5008754,20402,13,6.0,29622.38
815205,5006866,21241,3,0.6,305.65
815206,5001304,20262,17,6.2,23495.47
815207,5003302,20316,39,21.1,5548.63
815208,5005701,20067,1,,834.72
815209,5004597,20575,3,20.5,
815210,5006760,21276,16,1.8,24003.69
815211,5001951,20006,43,20.9,8446.11
815212,5011186,21319,-2,10.5,-2577.44
815213,5011180,21475,21,0.5,5460.49
815214,5010659,21159,31,25.1,50560.3
815215,5009002,20574,21,1.7,13806.04
815216,5002490,20330,44,1.5,71420.42
815217,5008079,21043,48,0.9,7453.43
815218,5005338,21207,16,21.4,23079.22
815219,5007452,20682,31,0.9,42581.76
815220,5002488,21146,19,25.3,21039.85
815221,5004988,21389,4,1.0,4659.49
815222,5001081,21356,15,25.0,6941.92
815223,5002749,21150,21,10.1,15463.22
815224,5009065,20580,46,1.3,100412.88
815225,5010643,21090,47,26.7,31211.92
815226,5000442,20979,43,0.7,95298.62
815227,5007756,20039,6,6.1,528.69
815228,5006577,21293,27,11.8,42311.05
815229,5002833,21126,5,11.5,9053.99
815230,5010339,20555,16,15.9,22247.88
815231,5001937,20935,40,1.2,
815232,5010573,21207,22,10.2,44635.92
815233,5001104,20252,36,1.4,58690.86
815234,5006004,20284,14,11.0,29842.57
815235,5006422,20526,48,5.5,47358.56
815236,5008499,20102,10,25.6,5744.8
815237,5005572,21244,20,5.2,9387.1
815238,5004235,20294,45,6.6,88168.43
815239,5002823,21031,34,,19053.69
815240,5007399,20318,18,0.7,32867.43
815241,5009348,20666,4,1.0,1203.52
815242,5003271,21468,13,1.1,30605.57
815243,5002516,20683,48,20.2,38995.39
815244,5001316,20681,20,10.0,
815245,5003545,21466,10,0.7,23818.59
815246,5009720,20487,46,16.2,69390.64
815247,5000833,20027,46,0.7,684.26
815248,5008254,21358,31,1.0,7034.15
815249,5002009,20436,31,11.3,39079.84
815250,5002341,20063,23,11.6,12721.53
815251,5000823,21299,7,1.9,13106.7
815252,5004068,20039,3,0.1,281.24
815253,5010824,20874,1,15.7,88.11
815254,5007776,21484,5,11.9,7585.85
815255,5005174,20774,21,,31684.22
815256,5007675,20792,3,1.9,5181.77
815257,5003732,20639,1,6.3,1457.37
815258,5006310,21382,7,26.3,8845.88
815259,5006728,20834,10,0.5,16489.34
815260,5005518,21242,16,,20729.34
815261,5002455,21260,23,0.1,53057.8
815262,5003092,21249,19,1.5,3102.39
815263,5002018,20234,39,2.0,64136.98
815264,5008066,20428,15,0.8,331.53
815265,5001955,21160,35,16.8,7148.67
815266,5000976,21471,44,1.5,88237.64
815267,5009697,20718,39,21.5,817.73
815268,5008999,21111,13,16.6,22063.9
815269,5009292,21271,6,1.7,8479.55
815270,5006416,21054,46,1.3,62138.09
815271,5001751,20022,48,16.5,75731.56
815272,5000904,20264,44,1.8,862.86
815273,5006324,21374,7,21.2,6017.96
815274,5003033,20020,11,0.9,8924.1
815275,5009623,20578,8,21.2,14194.34
815276,5002486,20089,31,26.7,42093.68
815277,5006561,20138,39,1.0,
815278,5004754,20088,39,0.4,48556.17
815279,5005087,20760,22,1.7,34671.88
815280,5003641,20231,30,1.6,50003.04
815281,5003749,20263,45,0.8,66805.1
815282,5001645,20608,22,20.8,5084.85
815283,5002719,20853,28,11.8,18505.95
815284,5004185,21214,12,0.5,23004.92
815285,5002861,20146,2,0.9,195.98
815286,5004930,20714,21,0.8,10210.39
815287,5001735,21481,4,1.4,4164.67
815288,5003950,21092,7,26.5,8568.59
815289,5010339,20206,23,6.1,46477.82
815290,5007717,20634,27,,31056.56
815291,5000599,21353,18,11.2,1243.4
815292,5002398,20143,4,7.0,7271.3
815293,5002040,20764,33,20.9,25812.47
815294,5003415,21095,39,5.2,77085.88
815295,5011003,20742,31,25.6,11811.07
815296,5004334,20359,3,20.0,2334.82
815297,5007068,21483,25,6.5,29241.89
815298,5002839,21439,40,1.3,25817.95
815299,5010483,20430,20,0.4,35457.8
815300,5007918,20363,26,20.5,32353.3
815301,5010692,21237,38,1.8,33306.02
815302,5006257,20841,11,10.3,4351.15
815303,5010270,21472,26,1.9,21255.17
815304,5001572,20371,28,16.7,29313.84
815305,5005109,21164,16,16.9,9119.19
815306,5009770,20864,41,22.0,6663.67
815307,5008420,20012,47,21.5,65249.18
815308,5004376,20461,16,6.9,
815309,5009521,21275,19,,16866.58
815310,5001641,20782,36,0.6,36234.16
815311,5006691,20494,13,11.5,22359.05
815312,5005236,20267,19,26.3,12073.39
815313,5001121,20958,24,20.0,4814.4
815314,5010801,21456,49,,97329.02
815315,5003742,20227,36,21.0,58427.42
815316,5004786,20502,40,1.1,49632.77
815317,5006822,20394,33,10.5,38821.69
815318,5000287,21170,35,7.0,77282.16
815319,5001820,21158,34,1.2,14648.8
815320,5004751,20891,44,0.7,79140.19
815321,5010184,20375,18,15.2,23346.9
815322,5002339,20517,45,,2446.36
815323,5000317,20914,26,0.6,32451.79
815324,5000622,21409,19,1.0,42129.89
815325,5007055,20429,35,5.2,58362.96
815326,5008941,20765,50,11.5,1412.9
815327,5007860,21249,12,6.6,1857.95
815328,5002098,20467,22,21.4,34277.24
815329,5007794,20060,28,1.5,11490.38
815330,5009083,21238,9,0.3,8166.96
815331,5010440,20514,6,6.0,12634.45
815332,5010206,20607,34,25.7,3409.11
815333,5010545,20201,44,5.6,11264.56
815334,5007491,20776,49,10.4,91249.63
815335,5000298,20957,49,25.5,85735.64
815336,5009044,20985,12,21.7,11640.61
815337,5005458,21048,49,15.8,85871.93
815338,5002628,21184,15,21.9,22652.12
815339,5010875,21236,3,11.9,4420.47
815340,5011158,21281,18,11.5,17307.94
815341,5007050,21143,46,11.7,71254.53
815342,5003999,20463,48,20.4,31901.01
815343,5010984,20031,4,11.6,2444.61
815344,5011331,20604,3,7.0,4955.65
815345,5001733,21373,28,16.9,27877.16
815346,5008371,20862,2,0.3,550.56
815347,5007913,21120,39,1.7,
815348,5009212,21313,6,11.3,11646.35
815349,5007970,21500,9,17.0,8948.16
815350,5010234,21082,1,6.1,822.21
815351,5004359,20878,-8,26.7,-14012.61
815352,5009885,21195,24,15.2,
815353,5006374,20030,16,26.5,15331.75
815354,5001351,20035,29,5.7,25744.19
815355,5002208,21320,10,20.9,14208.65
815356,5000155,20865,8,20.6,15788.85
815357,5003638,21416,19,0.4,33263.85
815358,5007414,20588,18,26.9,23605.85
815359,5002820,20776,5,21.7,8136.9
815360,5008593,21001,19,,17433.26
815361,5008242,21229,47,15.7,74556.82
815362,5010082,20638,27,1.6,58666.66
815363,5003886,20322,16,0.4,14816.5
815364,5011088,21359,38,6.0,28652.8
815365,5008856,20891,22,26.2,29408.59
815366,5005859,21106,23,1.4,16011.35
815367,5009256,20951,1,5.8,236.5
815368,5010822,21384,26,0.3,64749.27
815369,5003553,21418,27,10.9,467.67
815370,5010975,21441,48,11.9,99054.57
815371,5004200,20593,16,2.0,37167.56
815372,5011521,20710,5,26.1,5479.8
815373,5003734,21215,37,20.5,63181.07
815374,5002883,21189,43,,74535.82
815375,5011156,21068,40,,49431.49
815376,5011208,20059,8,5.1,4999.41
815377,5008935,21074,5,16.6,1382.02
815378,5001795,20728,15,16.1,14237.41
815379,5004365,20350,31,10.7,5938.83
815380,5011994,20883,19,15.6,39670.82
815381,5008724,20257,30,11.8,17536.89
815382,5002554,20954,4,0.6,8335.8
815383,5000343,20544,25,25.4,8462.62
815384,5010991,21072,32,10.8,55859.75
815385,5006349,21420,23,16.6,27312.48
815386,5008727,20588,10,1.2,17725.02
815387,5011365,20328,45,16.5,72913.91
815388,5000780,21009,12,16.8,6752.18
815389,5004360,21288,3,5.3,716.19
815390,5011034,21214,42,16.8,67326.95
815391,5001915,20076,11,1.6,26066.36
815392,5004418,20678,28,5.0,63321.57
815393,5008922,20584,27,,53342.71
815394,5003416,20964,12,,2224.08
815395,5007750,20551,17,6.1,30529.4
815396,5007154,20080,4,,3160.56
815397,5009820,21071,32,26.7,54110.65
815398,5008149,21313,3,10.2,5895.39
815399,5000641,20125,44,1.0,11415.77
815400,5011154,21294,44,15.5,39269.89
815401,5002135,21424,11,,9517.04
815402,5001930,21111,33,20.3,53523.59
815403,5001419,20132,28,20.9,38617.25
815404,5007635,20833,41,0.8,45284.61
815405,5003860,21362,47,0.5,27129.31
815406,5010011,21294,22,0.9,23027.49
815407,5006955,21076,17,5.2,12387.08
815408,5001251,20549,39,0.1,38502.82
815409,5009036,21021,42,0.4,26209.84
815410,5000081,20969,28,25.6,46801.8
815411,5001484,20580,14,11.1,27526.07
815412,5003856,21042,43,25.4,78698.88
815413,5008730,20784,1,0.3,1271.18
815414,5002256,20355,8,26.0,3606.05
815415,5002671,20172,33,7.0,
815416,5008124,20256,30,15.0,14024.24
815417,5007515,20311,18,,28959.75
815418,5001347,21147,44,15.9,54363.32
815419,5000011,20314,8,15.0,1545.71
815420,5006397,20636,40,11.0,10470.67
815421,5006951,21390,19,0.2,9483.47
815422,5004328,20392,1,1.7,1017.97
815423,5001829,20745,42,20.6,43262.03
815424,5006477,20778,43,21.0,6857.86
815425,5002617,20706,16,0.5,15040.1
815426,5008656,20304,42,10.1,81225.01
815427,5007363,20175,4,,197.69
815428,5011765,21130,12,,21524.5
815429,5010705,21272,21,1.8,44115.2
815430,5001702,20093,40,,30849.74
815431,5000140,20373,7,1.6,12787.09
815432,5011283,20825,50,1.6,106395.49
815433,5010760,20649,12,21.3,17787.87
815434,5000888,20551,24,11.7,40529.91
815435,5001467,20306,14,16.2,18773.43
815436,5007154,20526,30,,31196.51
815437,5002981,21079,10,6.0,20425.26
815438,5005790,20164,25,25.3,33867.49
815439,5010383,21479,41,21.0,61216.78
815440,5000337,20070,17,21.3,8394.92
815441,5002834,20504,13,1.6,30646.05
815442,5006245,20683,37,15.7,31754.0
815443,5009011,20665,11,1.5,12348.32
815444,5003341,20482,7,0.4,3664.2
815445,5006323,21236,22,11.1,
815446,5009240,20851,-9,26.9,-15866.51
815447,5008881,21298,45,11.4,99344.88
815448,5000322,21144,10,,1517.51
815449,5000719,21063,42,0.9,26096.99
815450,5010518,20941,19,26.5,31863.52
815451,5006055,20147,2,6.6,1580.31
815452,5010476,20630,-3,1.2,-3568.15
815453,5002083,20279,19,11.9,16034.62
815454,5009510,20455,15,21.3,20537.63
815455,5004249,20053,46,1.6,78496.83
815456,5004757,21095,16,10.1,29990.35
815457,5009435,20704,14,1.1,3757.67
815458,5005981,21320,21,25.9,27952.07
815459,5002462,21004,8,11.3,17070.71
815460,5002033,20951,6,0.5,1498.83
815461,5003195,20226,24,0.8,1460.14
815462,5000911,20085,10,0.4,17473.33
815463,5004570,21012,1,26.1,324.44
815464,5007784,20807,29,16.9,40136.88
815465,5004101,20038,43,26.0,35758.36
815466,5004058,21357,4,11.1,8149.25
815467,5009677,20107,50,11.5,99847.47
815468,5000250,21395,3,15.4,1955.0
815469,5008891,20299,17,0.1,27737.15
815470,5005888,20079,30,26.6,51415.38
815471,5009127,21356,16,0.7,9803.85
815472,5004734,20185,21,1.6,540.57
815473,5004707,20689,6,0.5,14621.37
815474,5001716,20991,24,5.6,37368.35
815475,5011759,21306,15,6.9,13624.95
815476,5006976,20044,32,25.5,20478.08
815477,5005257,20335,18,,18818.11
815478,5006954,21247,23,0.2,15194.86
815479,5001244,21242,2,1.3,2580.71
815480,5004937,20067,26,1.0,21768.58
815481,5008390,20150,41,1.8,31371.75
815482,5009079,21459,21,1.0,4075.46
815483,5006580,21127,13,1.8,495.58
815484,5011192,21061,27,0.5,58656.77
815485,5009609,21409,1,11.9,1973.23
815486,5002290,20028,36,1.7,49307.87
815487,5010178,20882,19,,1395.4
815488,5003431,20458,46,1.5,20287.55
815489,5008804,20422,24,1.4,41079.28
815490,5000065,21038,21,1.7,36920.62
815491,5001552,20031,24,6.5,15513.89
815492,5010204,20196,3,10.7,3680.01
815493,5003334,20220,37,6.3,28740.6
815494,5004790,20132,48,,82604.79
815495,5005765,20910,9,21.5,546.83
815496,5008589,20207,29,6.6,66452.25
815497,5004503,20423,-6,0.5,-8842.88
815498,5007312,21013,1,1.9,102.68
815499,5006619,20817,29,25.9,29456.26
815500,5004286,20665,21,1.1,23669.81
815501,5004097,21494,15,1.8,17458.0
815502,5003493,20913,8,6.2,9449.26
815503,5009482,21259,35,15.5,18517.5
815504,5004016,20868,14,5.8,13444.24
815505,5009873,20130,39,6.1,14792.69
815506,5011356,21029,-8,16.4,-10509.12
815507,5008773,20829,37,0.9,76751.0
815508,5010489,21350,29,17.0,53101.31
815509,5000158,20784,47,15.8,50456.85
815510,5001756,20366,32,6.4,48878.07
815511,5002093,20798,5,,10574.94
815512,5005895,20467,-3,0.9,-5893.26
815513,5004575,21256,7,6.3,10860.46
815514,5007114,20602,13,,8122.72
815515,5009280,21248,42,,96146.54
815516,5003094,20565,20,5.9,17796.0
815517,5006266,20987,29,25.0,14152.73
815518,5007282,20370,34,15.9,43314.19
815519,5002773,21130,3,27.0,2210.02
815520,5009628,21457,50,10.6,98603.73
815521,5009510,21496,44,11.0,55877.8
815522,5003923,20170,33,0.1,40383.26
815523,5006324,21081,5,16.6,641.8
815524,5003570,20544,43,6.4,18262.93
815525,5001861,20669,33,20.6,20323.32
815526,5003173,20056,9,5.9,708.6
815527,5009545,20010,34,1.7,14198.67
815528,5004011,20108,17,,35523.41
815529,5002676,20784,17,16.0,18207.0
815530,5007809,20270,-3,1.4,-1949.91
815531,5003940,21017,5,,3144.1
815532,5011725,20450,24,1.6,15994.41
815533,5002254,20987,43,15.5,23643.18
815534,5005376,21403,11,,9936.72
815535,5006148,20230,40,10.3,14082.9
815536,5009602,20574,42,21.7,21994.16
815537,5000527,21034,4,16.9,3210.25
815538,5010933,20516,21,0.9,18621.06
815539,5009929,20192,30,,49971.98
815540,5010985,20394,43,1.3,55785.72
815541,5007082,20791,38,5.7,69331.98
815542,5005577,20424,37,,55091.81
815543,5004174,20369,24,0.3,26527.3
815544,5004807,20284,10,6.9,22298.1
815545,5002361,20731,44,5.4,39840.83
815546,5004134,20472,24,11.6,26389.73
815547,5006430,20523,5,,5099.12
815548,5000680,20759,10,0.6,4438.11
815549,5009747,20283,32,10.7,11192.65
815550,5005709,21470,43,1.1,78186.74
815551,5006049,20158,44,6.2,10630.84
815552,5008803,20259,1,0.1,1189.53
815553,5007761,20203,30,6.3,33967.0
815554,5001912,20725,3,0.0,7263.06
815555,5006245,20745,24,20.8,24658.89
815556,5010239,20127,17,,24348.49
815557,5006908,20910,7,1.8,
815558,5005063,20275,30,2.0,70803.73
815559,5000432,20667,39,5.9,27024.04
815560,5006995,21259,25,1.9,15355.59
815561,5001072,20544,2,10.5,812.23
815562,5002778,21335,36,0.7,71816.3
815563,5002602,20554,37,0.3,62560.42
815564,5006799,21398,19,0.4,46181.37
815565,5006856,20092,47,1.6,25876.68
815566,5010679,20762,39,1.2,79055.33
815567,5010924,20547,46,,50228.13
815568,5011320,20573,31,26.4,13745.5
815569,5001378,20147,49,10.7,37017.98
815570,5002425,20351,36,,35159.27
815571,5010157,20497,50,25.9,53311.99
815572,5008484,21222,48,21.6,23110.94
815573,5010471,20508,4,20.2,4529.42
815574,5002347,20928,10,26.4,5782.53
815575,5000981,20632,42,0.8,49154.35
815576,5000913,20933,4,5.5,2752.1
815577,5003301,21071,34,20.4,62433.94
815578,5009376,20708,10,15.2,4954.95
815579,5009002,21399,-4,11.4,
815580,5006126,20952,27,11.5,46419.62
815581,5009911,20603,19,16.7,22981.75
815582,5008235,21333,27,,707.88
815583,5011888,20603,40,5.1,55120.2
815584,5005988,20020,41,1.2,57303.43
815585,5002209,20825,37,1.2,79052.72
815586,5005451,20614,4,25.1,7096.48
815587,5001678,20618,19,0.1,39489.4
815588,5006973,20152,47,0.2,
815589,5009693,20879,26,25.8,21134.19
815590,5011318,20180,18,,24211.17
815591,5006916,21225,14,11.7,22096.83
815592,5009885,20576,48,1.7,23902.0
815593,5001918,20805,48,20.5,91115.4
815594,5006530,20073,7,11.3,5953.87
815595,5001457,21001,13,11.8,11276.01
815596,5004863,20117,12,1.8,27916.3
815597,5009417,20820,47,26.8,11891.05
815598,5010256,21447,47,21.9,
815599,5011375,20009,26,0.4,49432.1
815600,5006361,20417,21,0.5,49494.61
815601,5006612,20287,31,15.8,45579.57
815602,5009696,20357,10,6.4,11312.5
815603,5006184,20532,42,16.7,
815604,5006409,20511,12,16.4,9284.01
815605,5000759,20043,7,0.8,1827.38
815606,5011359,21094,-8,25.4,-2498.15
815607,5001936,20379,22,26.2,3700.51
815608,5007373,20110,48,26.6,54117.76
815609,5007064,20636,8,21.6,1844.72
815610,5009976,20638,34,1.7,73801.46
815611,5011798,21292,46,0.5,85062.63
815612,5001852,20125,-2,21.0,-414.07
815613,5006472,20321,43,1.1,17864.32
815614,5003830,20730,35,5.1,42569.34
815615,5007690,21443,38,1.4,51564.21
815616,5004297,21141,12,6.5,16965.65
815617,5002418,20722,-8,16.5,-15718.17
815618,5003841,20305,38,20.7,73042.41
815619,5004758,21077,8,1.9,741.17
815620,5009436,21480,38,1.3,2988.48
815621,5004114,20142,1,1.4,216.32
815622,5007342,21149,49,21.6,84007.72
815623,5006457,20777,44,11.7,41229.35
815624,5004735,20634,38,10.2,41623.43
815625,5011175,20443,13,1.6,23717.52
815626,5007040,20039,19,1.5,1756.22
815627,5011484,21272,47,0.1,100443.27
815628,5011991,20115,2,26.2,3012.63
815629,5004661,20623,13,16.2,2592.99
815630,5006578,20174,39,,81564.24
815631,5009645,20673,15,11.0,2866.38
815632,5009602,21486,34,0.2,32264.92
815633,5001053,21105,4,0.2,9579.68
815634,5000333,20480,17,1.1,21349.82
815635,5008319,20796,19,10.8,33445.86
815636,5004401,20007,19,0.2,21226.06
815637,5000908,20709,2,6.3,1593.57
815638,5007204,20216,19,0.3,26375.85
815639,5008309,21321,10,21.5,15961.25
815640,5000571,20438,33,6.6,52730.89
815641,5007338,20005,19,5.1,14521.99
815642,5011464,21064,31,10.1,
815643,5007194,20827,48,0.2,46041.97
815644,5003894,21163,48,1.1,52675.41
815645,5006864,21388,34,20.1,61153.11
815646,5005888,20018,15,6.5,22622.04
815647,5004392,20537,25,15.8,6633.07
815648,5005434,20104,42,25.2,20480.09
815649,5000832,21011,5,0.9,11405.32
815650,5010649,20719,35,6.6,3650.49
815651,5011478,21140,41,6.9,30816.21
815652,5002737,20447,8,5.6,8999.19
815653,5003888,20431,15,11.8,12736.79
815654,5002548,20279,3,16.0,2413.96
815655,5002058,21477,15,0.4,25698.74
815656,5002856,21282,33,1.2,77544.38
815657,5005612,20662,29,25.9,22850.76
815658,5003093,20114,12,1.2,15703.51
815659,5006161,20324,20,1.7,36046.81
815660,5005625,20347,47,16.5,5384.81
815661,5008936,21140,27,16.9,18113.84
815662,5002154,21098,24,1.4,17148.12
815663,5003827,21305,12,11.0,25157.81
815664,5005895,20376,31,0.4,35301.77
815665,5006169,21422,11,,18844.18
815666,5011339,20399,43,10.5,80237.38
815667,5001129,21416,3,25.7,3918.05
815668,5004619,21277,9,16.6,8237.76
815669,5011281,20240,20,25.9,23928.22
815670,5005940,20737,13,11.9,16816.9
815671,5008188,20790,2,,3436.62
815672,5003827,21269,39,0.8,79107.29
815673,5010990,20348,5,0.8,635.87
815674,5002680,20121,42,1.5,38690.47
815675,5011378,21362,9,10.2,4946.1
815676,5007142,20631,37,1.2,27551.89
815677,5009799,21084,41,25.0,68993.47
815678,5004684,20237,23,1.1,35067.23
815679,5005511,21007,15,21.7,8960.26
815680,5009355,21351,14,0.8,22108.72
815681,5000049,20862,12,1.1,3276.87
815682,5005358,20318,49,,88751.61
815683,5011948,20681,38,0.9,5779.0
815684,5002566,20634,14,,
815685,5010954,20792,22,10.8,34552.17
815686,5009662,20774,14,6.3,19951.69
815687,5003841,21055,8,15.0,15374.8
815688,5007472,20816,33,25.7,56591.08
815689,5008290,20984,43,0.5,65528.65
815690,5004914,20841,30,15.0,
815691,5006097,20864,49,21.5,
815692,5001347,21058,9,,9789.63
815693,5003392,21192,48,21.2,35301.9
815694,5008853,20144,29,0.3,40697.36
815695,5007026,20286,49,,57648.19
815696,5009711,20549,40,10.7,35299.93
815697,5000823,20277,4,21.1,6416.91
815698,5004023,20704,49,16.2,11143.82
815699,5002643,20074,47,1.2,88180.11
815700,5011078,21354,20,5.9,5104.36
815701,5001486,20446,43,1.7,22348.47
815702,5003249,21099,13,,25907.66
815703,5000997,20714,25,,12228.74
815704,5002470,21171,7,1.1,3601.34
815705,5005542,20121,4,15.5,3161.08
815706,5000713,20696,46,0.7,112399.4
815707,5002883,21345,50,0.3,104170.55
815708,5003902,20009,48,10.8,81730.18
815709,5004705,20738,30,2.0,31549.73
815710,5009182,20654,36,10.7,49082.92
815711,5005919,20244,7,,8337.54
815712,5010020,21305,22,11.4,45915.36
815713,5007249,20962,36,10.9,58260.6
815714,5011717,21373,47,15.2,47751.08
815715,5004809,20447,27,16.2,26961.82
815716,5008680,20223,-5,0.4,-9997.05
815717,5011762,20943,2,12.0,665.21
815718,5000353,20439,50,26.5,41754.62
815719,5003464,20911,4,16.6,6385.14
815720,5011075,20461,-5,11.7,-49.67
815721,5004144,20647,27,11.0,50986.61
815722,5006056,20260,48,10.6,70768.75
815723,5010253,20128,20,1.5,17323.79
815724,5004079,20761,1,25.8,
815725,5010743,20634,6,20.3,5832.94
815726,5001118,21057,32,,12774.43
815727,5007211,20894,23,26.7,32026.37
815728,5003035,20249,3,0.4,4885.02
815729,5002866,20596,14,,7476.83
815730,5010348,20433,3,25.1,774.72
815731,5005047,20657,29,15.8,1750.04
815732,5003161,20583,26,26.8,41847.94
815733,5001975,20038,50,15.7,47366.91
815734,5010771,20827,14,20.2,10737.74
815735,5005075,20772,35,0.0,11809.0
815736,5007470,20985,42,6.9,70507.55
815737,5009027,20781,11,11.0,8168.97
815738,5008401,20790,29,1.3,66553.63
815739,5001756,21178,48,0.6,47858.48
815740,5008727,20892,42,0.9,86022.27
815741,5002095,20495,9,20.6,8292.72
815742,5008155,21197,33,16.2,24733.74
815743,5003598,20936,48,6.3,31365.36
815744,5000344,20940,6,20.2,2385.0
815745,5003970,20801,31,10.3,1210.72
815746,5001093,20593,40,0.5,94341.12
815747,5007381,20009,26,21.3,39059.3
815748,5000399,21005,11,,15265.31
815749,5001778,21384,14,20.4,27836.04
815750,5001608,21394,40,12.0,
815751,5011643,20890,27,10.3,41633.43
815752,5006850,20263,34,15.6,42944.42
815753,5000071,21095,11,11.2,20366.08
815754,5002571,20952,3,5.3,5519.07
815755,5005194,20430,30,10.7,47686.47
815756,5000274,20621,10,1.6,1966.03
815757,5008391,20036,47,1.7,3198.96
815758,5010470,20990,29,0.1,55973.71
815759,5005413,21208,36,20.5,15116.23
815760,5009997,20303,12,,6140.25
815761,5007188,20276,27,20.0,9487.58
815762,5010928,20731,22,21.7,16488.04
815763,5004854,20178,34,16.6,49772.44
815764,5002824,20752,39,0.2,26696.21
815765,5004431,20783,3,6.6,6200.07
815766,5001874,20206,49,1.1,104290.5
815767,5003060,20375,44,1.8,66088.36
815768,5001120,20526,17,16.8,14767.18
815769,5004686,20388,12,20.0,4451.81
815770,5009634,21157,38,11.3,52713.82
815771,5000251,20390,29,0.8,53906.63
815772,5008555,20919,48,15.0,27514.7
815773,5009981,20557,8,0.8,7621.02
815774,5004594,20713,4,1.8,5087.43
815775,5004867,21248,5,20.8,9674.76
815776,5011466,20064,32,0.0,30053.76
815777,5006416,20368,3,21.4,1089.33
815778,5005182,20084,29,26.4,24215.19
815779,5001447,20787,37,15.5,9179.09
815780,5006508,20909,30,0.6,51913.94
815781,5003654,20234,48,5.8,75876.97
815782,5007623,21326,12,0.1,3057.42
815783,5001943,20687,7,22.0,2212.5
815784,5003966,20839,42,6.1,12355.93
815785,5000854,21454,32,20.2,20913.73
815786,5010821,20641,34,16.2,62753.63
815787,5005099,21020,45,11.8,91312.4
815788,5008653,21296,33,1.8,1013.01
815789,5004044,20384,17,,7591.62
815790,5006972,20248,8,16.2,1742.1
815791,5008271,21069,28,25.5,44572.19
815792,5000553,20614,21,,49492.94
815793,5007657,21399,20,1.4,23530.89
815794,5006506,20269,48,6.3,43805.72
815795,5009343,21428,3,,
815796,5010674,21345,14,0.7,29050.73
815797,5006217,21304,21,1.7,
815798,5006507,21153,25,1.2,34472.56
815799,5005650,21467,-10,6.4,-5509.11
815800,5005406,20937,31,11.3,4341.23
815801,5008969,20140,47,1.0,110426.86
815802,5004286,20201,18,10.7,4359.27
815803,5009817,21362,25,0.3,31753.95
815804,5009760,20629,46,25.0,10849.22
815805,5004315,20030,44,25.9,42506.49
815806,5003953,20584,-6,16.2,-10578.91
815807,5009060,21126,21,15.4,36351.01
815808,5005306,20627,13,21.8,358.15
815809,5011841,20524,5,15.6,3059.84
815810,5005867,21234,22,0.0,34032.02
815811,5004720,20652,23,0.2,37899.81
815812,5009614,20140,7,6.0,15615.92
815813,5007367,20681,20,1.9,3010.89
815814,5004222,20827,49,1.4,46436.03
815815,5000256,20951,32,11.4,7118.05
815816,5009864,20248,9,26.6,1716.64
815817,5010190,21196,34,1.2,45610.88
815818,5005292,21166,33,16.2,54540.88
815819,5008465,20481,50,1.3,84573.07
815820,5008685,20894,10,10.8,16944.97
815821,5001655,20770,10,10.0,6961.5
815822,5001770,20402,9,20.3,17388.0
815823,5000295,20323,46,20.1,32714.0
815824,5001194,20716,48,5.7,11945.62
815825,5009842,20963,18,0.1,38977.96
815826,5003541,20679,23,6.3,5358.87
815827,5005428,20207,48,10.1,105868.25
815828,5006709,21488,46,15.6,48769.93
815829,5008040,21414,23,16.1,39447.7
815830,5007945,20370,37,,49882.36
815831,5003410,20674,6,0.2,13427.31
815832,5004134,20926,41,0.3,24497.59
815833,5004295,20166,29,0.7,33905.59
815834,5008286,21385,28,0.5,49515.3
815835,5002976,21261,27,20.3,47021.81
815836,5001283,20451,35,0.4,45347.28
815837,5006692,20637,50,0.6,58355.75
815838,5007784,21122,12,5.3,14745.81
815839,5004237,20178,50,10.1,78899.39
815840,5009545,20786,21,,12196.96
815841,5011557,20499,23,26.1,7475.62
815842,5009692,20289,22,0.9,10059.88
815843,5002991,21482,14,10.7,9512.27
815844,5002839,21431,12,10.9,24330.18
815845,5004278,20846,13,0.7,30391.79
815846,5002737,20269,20,15.8,16401.82
815847,5005044,21493,20,10.6,27527.87
815848,5010652,20292,17,27.0,13092.05
815849,5000389,20417,4,1.0,9380.17
815850,5001118,21235,7,25.1,11344.75
815851,5009403,21480,33,0.5,2616.29
815852,5008737,21081,34,0.1,5227.71
815853,5004137,20658,23,11.5,42832.62
815854,5005640,20983,6,15.1,5989.47
815855,5009773,20187,20,0.1,39963.0
815856,5011227,20119,50,15.1,157.49
815857,5001415,21153,39,26.8,39843.02
815858,5000381,20879,27,15.8,24904.87
815859,5007269,20535,49,26.3,83373.36
815860,5008417,21127,21,1.4,803.81
815861,5004351,20488,35,16.5,10023.59
815862,5006480,20167,49,21.6,50921.94
815863,5000827,21402,38,20.1,22233.79
815864,5008993,20880,14,11.4,4982.56
815865,5010309,20335,4,21.6,4171.16
815866,5005914,20528,32,20.0,24686.59
815867,5000481,20377,35,,33702.62
815868,5009308,21452,8,6.1,10928.38
815869,5000852,20675,24,5.8,46901.88
815870,5005782,20083,21,,16263.86
815871,5006379,21404,19,5.7,40577.17
815872,5004018,20167,23,21.4,23963.11
815873,5007427,20593,32,25.9,56206.45
815874,5002531,20582,36,10.9,39354.69
815875,5011340,20818,15,,27043.36
815876,5003147,20523,47,16.9,40520.08
815877,5006452,21450,1,,1214.67
815878,5001469,21411,40,17.0,72231.91
815879,5004386,20956,42,15.8,
815880,5003008,21228,33,21.0,59507.64
815881,5005515,20846,16,11.3,33412.37
815882,5001626,21279,8,0.9,8237.11
815883,5000728,20327,27,25.3,23692.93
815884,5008640,20266,10,,12389.01
815885,5003725,20281,17,2.0,13095.59
815886,5002507,20150,10,16.7,6490.65
815887,5003893,20855,43,6.4,33112.83
815888,5005409,20405,20,1.1,14977.22
815889,5011628,20853,1,21.3,589.74
815890,5006300,21417,24,21.9,28203.72
815891,5000509,20634,2,0.8,2420.02
815892,5006665,20862,9,,2079.94
815893,5009295,20278,26,,46799.33
815894,5001589,20847,42,0.5,66338.28
815895,5004394,20113,31,1.8,20625.98
815896,5008001,20317,21,0.6,50860.54
815897,5006515,20483,29,21.1,52907.74
815898,5002899,20043,24,1.2,6240.05
815899,5010014,20709,19,26.5,11875.28
815900,5004503,20655,17,1.8,37050.83
815901,5004195,20144,45,1.4,62454.32
815902,5009332,21463,28,11.5,10856.12
815903,5004508,21163,23,5.4,24142.89
815904,5010530,21383,1,21.9,936.31
815905,5000254,20764,5,6.1,
815906,5001119,20293,37,16.0,19547.14
815907,5008819,20655,8,10.4,15908.73
815908,5008309,21467,49,11.5,25523.77
815909,5009804,20364,11,5.1,3976.95
815910,5006091,20819,24,26.3,33273.96
815911,5001042,21112,41,26.2,32888.33
815912,5010500,20620,6,15.0,8627.92
815913,5005571,20804,48,1.4,58962.17
815914,5009462,20121,50,1.8,45919.79
815915,5007619,20757,12,0.5,14065.68
815916,5010487,21421,15,0.3,20424.04
815917,5003247,20522,18,1.5,43733.17
815918,5001127,20928,16,,11816.48
815919,5006224,20196,4,10.6,4912.17
815920,5002365,20851,3,27.0,5281.6
815921,5002876,20966,47,26.3,15627.73
815922,5000997,20774,8,5.4,11510.47
815923,5005297,21173,11,20.4,12852.76
815924,5008208,20004,7,11.6,11557.33
815925,5002967,20308,7,21.1,7243.97
815926,5010769,20668,25,10.5,13504.65
815927,5004267,20837,9,17.0,3817.17
815928,5008313,21411,48,20.1,83440.91
815929,5006282,20759,34,21.4,11932.0
815930,5007466,20743,10,10.4,2104.88
815931,5010588,20712,21,10.2,27532.68
815932,5007846,20880,9,2.0,3542.91
815933,5004280,20109,35,25.4,44613.37
815934,5011312,20818,33,25.8,44501.59
815935,5008055,20517,30,1.2,1728.9
815936,5004420,21340,20,27.0,17412.11
815937,5004829,20676,38,1.9,80341.92
815938,5010024,20724,22,10.0,42300.32
815939,5007068,21145,15,20.4,17456.28
815940,5009649,20086,8,15.1,6322.88
815941,5009481,21150,6,,3916.79
815942,5010844,21075,19,15.7,22881.25
815943,5003297,20754,5,1.9,5535.0
815944,5004963,20618,48,20.2,79690.32
815945,5003108,20617,37,1.3,27307.81
815946,5009794,21177,34,25.3,61640.18
815947,5000001,20626,17,1.5,7775.54
815948,5008872,20707,17,10.8,2522.38
815949,5001082,20795,35,26.2,
815950,5010193,21242,7,0.5,9105.69
815951,5003946,21484,1,25.7,1279.52
815952,5011481,21092,17,20.8,22423.21
815953,5010414,20942,2,1.7,3031.67
815954,5006019,21135,14,21.8,7355.19
815955,5002822,20853,49,1.2,36277.53
815956,5007315,21172,18,16.9,8185.02
815957,5000351,21423,38,,35516.07
815958,5005811,20395,13,21.0,20748.79
815959,5003082,20719,24,1.1,2650.6
815960,5009534,20301,11,10.0,5227.3
815961,5005446,20495,37,1.3,42379.2
815962,5004021,20560,42,21.0,21897.14
815963,5002437,21396,2,1.8,3455.85
815964,5010662,20797,49,26.6,42588.42
815965,5008458,20222,25,0.2,23819.02
815966,5011160,20364,27,0.5,10234.76
815967,5007685,20383,17,,1703.01
815968,5003639,21054,24,0.4,32715.49
815969,5008603,21411,31,1.5,66433.78
815970,5010320,21218,36,1.6,88463.65
815971,5009878,21313,27,1.3,58317.07
815972,5004924,20675,21,1.1,43086.74
815973,5006933,21079,15,6.7,30409.74
815974,5011076,20624,46,,70872.47
815975,5008761,20594,19,5.5,31488.58
815976,5001058,20399,42,15.7,73817.97
815977,5005754,20653,19,1.3,18869.27
815978,5003009,21016,13,26.0,19855.97
815979,5005622,20994,49,0.7,105581.31
815980,5009989,21379,29,20.9,30660.73
815981,5001570,20301,40,15.7,17804.5
815982,5003572,20174,25,0.7,55115.47
815983,5003466,20487,43,1.1,76553.28
815984,5003502,20387,36,,34687.33
815985,5009740,20058,15,11.8,18082.63
815986,5008969,21145,6,26.6,6438.65
815987,5001439,20144,42,25.6,43984.06
815988,5007197,20523,45,1.8,45845.36
815989,5007498,20652,36,0.6,59083.68
815990,5002959,20908,43,26.5,16700.71
815991,5005174,21385,14,10.7,22219.68
815992,5005849,20745,49,1.5,62613.7
815993,5002504,20700,50,20.8,42867.4
815994,5011356,20194,12,0.6,19192.27
815995,5003026,20725,7,25.7,12591.73
815996,5010651,20451,39,1.2,50123.97
815997,5006494,20236,19,0.3,31803.4
815998,5000429,20130,29,26.1,8656.84
815999,5002893,21482,19,1.5,14239.49
816000,5010730,20177,29,6.7,44227.64
816001,5002065,21413,50,,570.72
816002,5002797,20101,5,1.2,1313.69
816003,5002305,20210,29,25.2,53337.59
816004,5008612,21390,32,,15075.92
816005,5005754,20778,31,16.8,5206.89
816006,5007584,21237,8,1.5,7033.22
816007,5002011,21394,-5,0.4,-276.99
816008,5009071,20037,26,1.6,43060.43
816009,5003656,21386,29,,25797.95
816010,5004975,20274,7,,8060.78
816011,5001428,20767,22,0.6,52432.25
816012,5010650,21125,26,11.3,13296.4
816013,5003081,21074,17,26.8,4124.19
816014,5009847,20797,37,20.8,34699.75
816015,5003292,20021,3,20.5,1787.77
816016,5000552,21175,27,6.4,19385.65
816017,5008838,21170,11,1.4,25751.22
816018,5008228,20904,34,0.6,35411.79
816019,5010370,20137,37,,7092.19
816020,5007738,20683,19,6.0,18182.37
816021,5006661,20981,31,25.5,6250.2
816022,5003073,20268,45,21.1,8965.01
816023,5000720,20383,18,1.5,1980.09
816024,5007966,20157,48,5.9,47908.34
816025,5006351,20468,17,25.2,10802.62
816026,5008357,21124,28,26.1,39072.5
816027,5009690,21380,30,0.9,497.68
816028,5007170,20129,38,1.9,
816029,5006549,20778,27,1.8,5352.65
816030,5001931,20890,39,0.8,66506.22
816031,5005535,20983,9,16.4,
816032,5001085,21480,45,21.3,
816033,5007277,20920,28,11.6,58387.25
816034,5001103,21348,22,11.0,11124.38
816035,5004794,20861,23,0.4,28404.32
816036,5008518,20839,31,11.6,8585.67
816037,5001215,20499,8,0.5,3500.97
816038,5007199,20456,34,25.7,43732.82
816039,5010019,21306,27,,23629.27
816040,5010389,20557,42,5.8,37993.7
816041,5005506,21136,15,15.7,14598.78
816042,5000732,21038,34,1.3,60019.49
816043,5005617,21151,8,0.8,6196.27
816044,5002457,21056,15,0.4,17897.67
816045,5003773,21114,27,11.7,52160.53
816046,5006542,21470,10,21.4,14450.77
816047,5010787,20982,45,2.0,14525.66
816048,5004812,20462,30,1.1,40091.29
816049,5003718,20866,35,20.2,42691.84
816050,5001344,21384,21,20.6,41649.15
816051,5005986,20424,5,16.0,6285.09
816052,5004117,20738,21,1.7,22152.42
816053,5008566,20002,30,5.5,19068.78
816054,5009552,20400,17,26.2,28103.42
816055,5010250,20779,39,,13402.61
816056,5006485,20410,28,21.9,34941.78
816057,5003347,20786,44,10.5,25786.02
816058,5006878,20826,49,20.1,47923.56
816059,5010203,20070,1,17.0,520.8
816060,5001530,20277,44,1.7,87941.7
816061,5002482,21268,50,5.1,100407.05
816062,5008605,21266,20,17.0,23491.66
816063,5005121,20036,14,6.3,908.29
816064,5005872,20347,23,0.7,3133.74
816065,5004612,21095,20,0.5,41491.1
816066,5011196,21422,45,11.4,92050.66
816067,5000763,21354,-7,,-1877.66
816068,5004901,20983,16,16.9,15633.3
816069,5008707,21441,12,,22205.76
816070,5000533,20827,37,5.8,33499.23
816071,5000718,21123,41,10.6,73440.32
816072,5006990,21407,38,0.4,31808.22
816073,5002758,20830,7,21.5,10124.32
816074,5007087,20026,41,20.5,21883.96
816075,5001045,21169,4,1.9,913.7
816076,5001409,20222,24,22.0,17871.42
816077,5004432,21096,25,15.8,18675.77
816078,5003348,20649,43,0.6,80504.98
816079,5002837,20279,42,0.7,39951.01
816080,5003741,20193,16,5.2,32972.2
816081,5000251,21316,48,1.9,106514.0
816082,5008821,20842,19,16.0,10838.28
816083,5007174,20754,3,1.5,3334.54
816084,5007822,20547,29,0.8,39863.24
816085,5011908,21120,47,15.1,20633.44
816086,5011594,20634,48,1.6,57612.18
816087,5010845,20714,3,0.3,1465.98
816088,5001382,21343,25,0.4,61017.2
816089,5005219,21140,25,21.4,15863.84
816090,5004022,20134,27,11.0,
816091,5002745,20092,34,16.7,15846.73
816092,5006165,20574,41,5.7,25857.81
816093,5006667,20425,22,25.3,33573.84
816094,5000689,21019,19,15.6,18986.62
816095,5004423,20520,9,1.7,
816096,5005264,20771,43,25.6,12184.79
816097,5004563,20055,20,10.6,30617.18
816098,5004222,21396,39,0.0,68624.4
816099,5002905,20770,49,1.2,37446.68
816100,5003054,21395,13,5.3,9483.04
816101,5003293,20729,35,0.9,47770.96
816102,5005271,21402,21,0.7,15270.44
816103,5004238,20017,4,1.9,3980.47
816104,5010280,21093,14,20.1,27496.87
816105,5003780,20508,18,11.8,22527.89
816106,5008544,20845,49,1.0,85743.85
816107,5006196,21298,23,21.0,45274.55
816108,5009552,20765,34,25.5,808.79
816109,5005724,20247,23,11.2,26462.97
816110,5008690,21162,38,0.5,79197.58
816111,5009049,20044,3,26.4,1896.63
816112,5004468,20708,29,26.4,12471.51
816113,5005060,21482,48,1.9,35827.38
816114,5008399,20202,37,26.7,44663.41
816115,5006676,21094,4,1.9,1642.55
816116,5011294,20694,39,15.4,62574.44
816117,5007506,21270,21,21.6,26676.62
816118,5009889,21478,17,11.4,33636.01
816119,5006578,20688,5,10.6,11161.86
816120,5009111,21401,40,25.2,13306.32
816121,5009595,20691,12,25.5,12429.91
816122,5007728,20123,32,0.9,52784.62
816123,5001299,21472,17,6.5,13245.94
816124,5004701,20147,44,1.9,
816125,5009401,20202,2,16.0,2766.66
816126,5007550,20004,38,1.7,69766.07
816127,5011127,20490,41,20.2,33593.21
816128,5003334,20835,50,1.5,26677.25
816129,5006591,21355,49,0.3,114544.16
816130,5006304,21253,44,1.9,24748.08
816131,5002037,21123,28,6.2,52622.81
816132,5002416,21337,3,5.5,6953.04
816133,5007064,20531,19,1.7,
816134,5005851,21161,1,1.0,2222.1
816135,5000049,21270,6,11.0,8652.4
816136,5011117,21314,41,0.4,77450.78
816137,5005710,20018,50,0.3,80407.05
816138,5011040,20324,15,26.3,20269.45
816139,5010138,20789,5,15.4,7763.62
816140,5009292,20242,34,11.0,41755.17
816141,5007991,20680,36,1.1,18086.48
816142,5006970,20852,2,20.8,1675.81
816143,5011509,20686,37,6.7,
816144,5001795,20029,43,10.3,83296.77
816145,5003959,21498,29,0.3,866.23
816146,5004680,20521,40,15.0,61950.04
816147,5001845,21289,19,1.8,45869.95
816148,5001756,20579,46,6.3,12137.95
816149,5003025,20555,16,0.5,26321.81
816150,5010238,20083,47,0.8,36217.52
816151,5005390,21493,11,26.3,8653.49
816152,5000599,20672,5,1.2,10695.84
816153,5010154,21143,38,26.4,49063.14
816154,5010645,20103,14,,23204.73
816155,5003795,21089,49,1.7,39643.85
816156,5006274,20358,2,26.6,627.51
816157,5006825,21129,31,0.1,36529.79
816158,5002178,21316,-6,1.2,-13409.25
816159,5008016,20548,5,6.8,
816160,5000838,21128,-1,1.4,-1934.89
816161,5001412,20456,49,0.6,84318.37
816162,5009959,20859,50,5.3,781.75
816163,5010952,20611,28,0.4,64175.59
816164,5009210,21204,9,25.7,15209.92
816165,5006158,20677,26,26.5,4383.45
816166,5008533,20983,41,1.9,
816167,5010716,20469,20,10.4,6703.69
816168,5011333,20736,22,1.8,35342.42
816169,5011801,21457,23,16.3,26710.18
816170,5002206,21443,41,1.1,55804.34
816171,5009123,20126,1,,1949.73
816172,5011637,20190,29,20.1,37956.88
816173,5011640,20155,39,5.4,62530.9
816174,5011863,20081,23,1.7,28657.13
816175,5001962,20047,35,10.5,14647.26
816176,5003624,21172,36,15.3,16685.22
816177,5008793,21478,21,0.8,46521.4
816178,5009785,21054,38,0.3,51851.54
816179,5001074,20796,3,10.7,5286.85
816180,5008979,21039,42,15.9,85000.98
816181,5003733,21243,3,11.3,5865.75
816182,5003250,21228,7,1.6,15722.62
816183,5001428,20582,24,2.0,28857.16
816184,5004059,21019,39,1.9,45298.66
816185,5007452,20454,13,0.9,27587.53
816186,5000826,20631,24,0.4,18016.21
816187,5010339,21087,9,1.1,21332.58
816188,5003487,20669,32,15.1,21072.59
816189,5009638,20875,32,0.1,57987.71
816190,5011313,20106,-7,6.3,-6112.0
816191,5000965,21362,32,5.4,58468.85
816192,5006033,20592,37,1.9,72565.69
816193,5004498,21201,3,0.8,5370.31
816194,5003191,21375,45,1.1,85531.49
816195,5000317,20236,38,0.3,63606.81
816196,5003391,21349,8,,18638.82
816197,5011672,21318,17,20.7,18907.91
816198,5000988,20787,47,5.8,
816199,5008047,20350,40,15.3,7268.28
816200,5009497,21218,43,1.0,106309.21
816201,5008463,21070,19,0.5,8747.34
816202,5007434,21448,29,1.7,16250.13
816203,5005068,21097,40,10.3,89174.36
816204,5007586,21421,19,0.6,25792.61
816205,5006375,20164,16,,21268.96
816206,5007353,20686,30,1.1,44370.59
816207,5010537,20931,23,15.1,17927.74
816208,5009123,20138,36,,73375.0
816209,5010515,20819,7,5.1,12496.55
816210,5004843,20430,8,16.8,11847.75
816211,5006938,20533,14,5.6,11261.35
816212,5006501,20791,15,1.4,28615.84
816213,5007434,21272,24,11.8,45283.22
816214,5008943,21265,6,20.9,4707.94
816215,5004330,21129,12,11.5,12526.93
816216,5006088,21104,46,11.8,67623.38
816217,5005495,20065,38,5.1,41032.43
816218,5003858,21130,8,0.6,4582.26
816219,5010942,21460,27,16.6,17113.91
816220,5006486,21131,41,,21763.07
816221,5008434,20752,37,1.9,24895.75
816222,5002429,21208,13,1.5,6763.22
816223,5000160,21380,33,1.3,545.24
816224,5006777,20665,16,0.4,18161.78
816225,5007265,20717,37,26.7,16247.38
816226,5004963,20456,45,11.3,69099.65
816227,5006894,21353,13,,850.48
816228,5000029,21136,20,5.2,21889.51
816229,5003389,20034,-8,0.9,-19118.45
816230,5009849,21054,44,11.5,53294.06
816231,5007683,20912,32,16.7,29616.15
816232,5010052,20458,30,16.0,11283.3
816233,5011578,20207,-10,20.8,-19430.77
816234,5007923,20449,27,25.6,34306.89
816235,5007478,20561,23,0.9,1648.16
816236,5011370,20623,40,5.5,8997.16
816237,5006553,20236,2,10.3,3011.95
816238,5000556,20203,40,21.3,38039.17
816239,5008561,21399,22,16.3,21972.51
816240,5002761,21496,27,21.3,30320.41
816241,5002737,20097,44,21.8,42359.34
816242,5003308,20079,29,26.2,49972.39
816243,5002981,21388,2,25.7,
816244,5001364,20369,20,2.0,21729.15
816245,5008069,20880,48,1.7,18953.34
816246,5004842,20781,49,20.6,32463.94
816247,5008946,20690,35,,63346.3
816248,5009542,21364,21,0.8,23835.35
816249,5000999,20851,38,,68458.23
816250,5011669,20718,29,20.3,
816251,5008876,20286,29,26.7,25441.23
816252,5006681,21153,45,15.9,52818.37
816253,5008803,20050,20,0.5,30428.1
816254,5004703,21082,3,11.4,
816255,5007961,20057,17,,17033.05
816256,5005815,20748,30,26.4,11169.17
816257,5011564,20656,35,1.7,44799.78
816258,5006801,21020,5,20.1,9191.06
816259,5004342,20416,9,21.7,2334.11
816260,5005640,20329,7,12.0,10525.53
816261,5001807,21220,9,2.0,11283.6
816262,5005316,21496,15,25.9,15860.1
816263,5006752,21388,24,11.0,48083.28
816264,5010249,21494,5,0.5,5896.37
816265,5010050,20130,48,1.4,19117.67
816266,5010454,20444,28,1.2,54131.53
816267,5001039,20592,34,0.4,67701.59
816268,5005800,20441,5,26.0,1570.13
816269,5004832,21435,5,17.0,4667.96
816270,5004262,21195,6,1.4,6813.52
816271,5001188,20316,38,0.9,6790.49
816272,5008666,20049,50,21.9,18315.62
816273,5003059,20267,30,1.4,25503.88
816274,5000973,20973,48,11.4,63436.04
816275,5004525,20111,17,,11807.73
816276,5007139,20947,30,1.0,60825.3
816277,5002595,20571,32,17.0,57291.25
816278,5006077,21240,48,,30461.36
816279,5007191,21444,45,11.4,32350.12
816280,5004939,20545,19,1.9,21729.72
816281,5011858,20835,21,0.5,11318.19
816282,5005374,21231,39,,34848.86
816283,5006111,21253,10,1.7,5636.03
816284,5003560,20530,47,0.3,62086.77
816285,5005559,21469,43,26.7,35986.19
816286,5000813,20560,25,6.6,15409.83
816287,5002761,21276,11,26.5,13730.67
816288,5002563,20878,20,1.2,47218.5
816289,5009568,20845,24,1.6,41742.46
816290,5000032,21226,43,1.3,42431.24
816291,5004438,20138,34,26.2,51347.77
816292,5006098,20934,-10,0.2,
816293,5011185,21328,30,6.8,1168.45
816294,5006255,20813,18,15.6,5521.68
816295,5009642,21267,23,0.7,19086.78
816296,5008310,21281,33,20.0,28683.6
816297,5010247,20119,42,15.8,131.2
816298,5004271,21421,45,25.4,45846.55
816299,5003855,20992,16,,23937.5
816300,5008579,20431,34,1.5,32241.49
816301,5002119,21111,32,1.0,64470.07
816302,5010112,20909,15,15.6,22039.92
816303,5008559,21280,-7,0.6,-294.53
816304,5009506,20510,3,1.4,6207.81
816305,5007329,20297,14,6.2,20156.7
816306,5005574,20361,9,15.5,3793.3
816307,5008311,20247,28,21.1,28624.16
816308,5008314,20995,13,1.7,20723.19
816309,5011209,20316,39,15.1,5970.58
816310,5003473,21261,40,,73682.58
816311,5001324,20899,40,6.5,14109.15
816312,5011574,21380,31,11.3,460.3
816313,5007754,21045,36,20.9,31178.66
816314,5006509,20082,8,26.9,1232.93
816315,5007044,20902,49,20.2,93807.26
816316,5008983,20220,31,26.3,18940.16
816317,5004071,21124,29,16.2,45889.22
816318,5007043,20886,33,7.0,8221.54
816319,5009842,20019,16,6.1,7964.52
816320,5006474,20235,26,,4476.14
816321,5005301,20584,-7,1.4,-14521.81
816322,5008611,20459,11,5.3,18636.74
816323,5008113,21088,4,15.1,6778.14
816324,5008216,20619,22,0.3,
816325,5005583,21284,21,11.9,
816326,5004454,21478,7,1.9,15335.18
816327,5000795,20297,50,1.1,75902.29
816328,5010758,20663,24,11.8,30938.94
816329,5003662,20849,28,11.0,31038.36
816330,5002862,20053,30,6.4,48696.34
816331,5004419,20785,38,26.7,16918.52
816332,5011715,21368,29,20.9,53925.0
816333,5006421,21033,37,,18238.52
816334,5004696,20001,21,2.0,10494.57
816335,5001555,20104,18,11.3,10408.24
816336,5006062,20008,22,0.4,10782.68
816337,5005006,21005,21,,31077.41
816338,5007104,21073,32,21.5,29134.93
816339,5009885,21289,22,20.4,43052.55
816340,5011254,21419,43,0.3,68203.05
816341,5008192,21436,7,15.3,3663.94
816342,5008461,20330,43,5.5,66962.82
816343,5008318,21090,40,15.8,30513.41
816344,5001092,21159,35,1.6,74994.48
816345,5000684,20258,47,20.5,1620.52
816346,5010908,21260,50,15.1,98024.27
816347,5001511,21229,23,10.8,38605.98
816348,5006584,21421,31,1.8,41574.64
816349,5002234,20148,37,1.5,27428.51
816350,5010068,20455,8,,11774.56
816351,5009720,20421,16,25.5,11452.38
816352,5007340,20358,5,1.1,2113.79
816353,5011971,20261,25,1.0,26058.53
816354,5000970,20102,21,20.3,12923.47
816355,5008707,20532,14,25.1,14019.57
816356,5005692,20743,25,11.2,5215.22
816357,5009597,20889,-8,15.8,-3191.31
816358,5011528,20387,25,0.5,56028.7
816359,5002746,20773,45,25.9,19142.36
816360,5004863,21354,47,,10835.24
816361,5002178,21318,15,1.8,20659.71
816362,5003371,21391,41,6.3,2364.18
816363,5011987,20376,16,0.4,18220.27
816364,5001496,20630,34,0.9,40561.85
816365,5010908,20933,28,0.8,20222.87
816366,5008130,20304,45,11.5,85671.54
816367,5011072,21224,27,1.2,66392.56
816368,5002686,20470,39,1.1,87484.04
816369,5001819,20093,12,25.6,7317.39
816370,5001221,20596,43,25.9,17931.22
816371,5011119,20346,7,1.9,15970.93
816372,5002942,20572,35,0.3,70582.81
816373,5005444,20319,29,11.0,10277.8
816374,5010010,20598,38,16.5,13514.44
816375,5000489,20694,36,0.4,68002.34
816376,5009612,20632,20,1.9,23147.28
816377,5000493,21301,1,0.5,1126.85
816378,5009412,20653,40,21.8,31473.94
816379,5002791,21311,37,10.4,63053.11
816380,5010743,20446,49,1.8,25440.95
816381,5008388,21460,47,1.6,35148.94
816382,5000666,21357,8,1.0,18150.18
816383,5011778,21175,5,6.7,3578.43
816384,5005829,20202,28,,39194.32
816385,5007326,21494,26,16.0,25884.77
816386,5011444,20423,43,26.0,47132.42
816387,5002310,20714,7,1.1,3393.17
816388,5007507,21372,7,1.9,14129.2
816389,5000433,21314,1,1.7,1864.39
816390,5011711,21315,25,1.6,53472.04
816391,5008103,20418,7,0.7,7884.52
816392,5003259,21173,8,0.4,
816393,5011331,20668,10,0.6,16788.26
816394,5005181,20258,9,25.2,291.97
816395,5008615,20716,44,,11588.82
816396,5009846,21095,16,5.1,
816397,5002918,21210,17,25.7,21307.23
816398,5001273,21343,32,10.4,70260.45
816399,5000745,20534,3,5.6,
816400,5007599,20443,19,27.0,25716.23
816401,5008875,20821,21,15.5,32214.98
816402,5000361,21268,45,16.0,79987.07
816403,5010957,20947,45,25.8,68382.39
816404,5004838,20085,36,0.1,63093.44
816405,5008103,20632,27,10.6,28477.53
816406,5011005,21011,35,0.7,79998.36
816407,5010354,21343,33,26.0,59840.97
816408,5010824,21120,7,0.6,3597.91
816409,5010816,20271,11,0.3,25930.37
816410,5001098,21158,30,25.8,9707.14
816411,5003271,20277,7,0.5,14161.52
816412,5002636,20262,30,25.8,32798.77
816413,5009833,20651,-1,1.7,-2319.11
816414,5008766,21402,37,15.4,22922.14
816415,5000057,21369,25,10.6,14193.59
816416,5001867,20751,4,25.5,3414.04
816417,5003514,20254,49,,4811.88
816418,5010894,20068,5,0.8,329.79
816419,5004151,21233,27,25.4,29385.37
816420,5002791,20776,33,26.8,50205.59
816421,5005992,20908,46,6.0,22848.88
816422,5010493,20407,30,6.7,10075.0
816423,5008320,21214,26,,49843.99
816424,5003798,20079,11,1.2,25376.13
816425,5006921,21306,34,15.1,28163.11
816426,5007273,20829,50,26.8,76610.75
816427,5007858,21029,17,1.5,26312.09
816428,5010248,21408,42,6.7,54149.17
816429,5006301,20648,36,1.5,25471.63
816430,5009704,20344,21,1.7,37353.51
816431,5005371,20643,29,,41437.21
816432,5006773,21034,34,22.0,
816433,5009374,20639,14,15.9,18312.81
816434,5004096,20123,4,1.7,6544.81
816435,5011314,21207,30,,
816436,5005828,21479,1,6.9,1759.58
816437,5002454,20804,37,6.4,43145.24
816438,5010961,20274,47,11.7,53757.08
816439,5009915,20200,26,1.6,16302.38
816440,5002444,21249,18,5.8,2810.8
816441,5007917,20685,20,11.7,42434.51
816442,5006252,20188,45,16.2,39265.16
816443,5005758,20170,2,2.0,2400.92
816444,5011727,20796,9,16.4,14848.16
816445,5002896,21207,-6,25.2,-3454.91
816446,5003941,20381,15,1.2,9287.84
816447,5004201,20836,41,0.6,66230.14
816448,5009982,20535,14,25.4,
816449,5003715,21499,1,1.3,2172.58
816450,5002322,20001,30,1.8,15022.83
816451,5007330,20030,41,0.3,53292.16
816452,5010074,20145,42,26.3,50692.13
816453,5000725,20325,37,0.2,51638.8
816454,5000670,20193,37,0.1,80350.17
816455,5008181,20258,23,0.1,996.51
816456,5006389,21018,12,1.3,21124.6
816457,5005633,21250,1,0.9,1929.89
816458,5000150,20534,34,0.9,71278.98
816459,5002456,20689,13,11.7,28113.68
816460,5011283,20393,13,20.9,18619.84
816461,5010149,20758,23,21.8,24057.53
816462,5009535,20323,18,10.2,14387.25
816463,5011373,21292,33,0.3,61145.85
816464,5011643,20013,48,1.2,1958.61
816465,5002924,20455,9,0.6,15563.71
816466,5007049,20918,39,1.1,10335.1
816467,5010563,20655,4,6.3,8318.35
816468,5006250,20192,33,11.1,61546.09
816469,5003262,20381,42,10.4,23584.35
816470,5009433,20088,28,0.8,34720.83
816471,5010973,20165,7,,5585.17
816472,5008508,20923,38,6.3,14411.17
816473,5001977,20095,43,6.8,53849.32
816474,5005815,20509,5,0.3,4407.24
816475,5006341,20160,43,11.7,17941.11
816476,5005606,21339,39,,47830.62
816477,5010548,21495,36,1.0,42326.42
816478,5006473,20980,1,6.7,1164.04
816479,5000281,20230,44,21.1,13626.03
816480,5006757,20882,13,16.8,1077.81
816481,5010629,21391,49,1.0,2985.31
816482,5001930,21492,34,0.5,60391.29
816483,5010493,20371,23,10.2,25958.15
816484,5000729,21473,13,0.4,16403.43
816485,5003565,21382,4,12.0,6035.57
816486,5004009,20581,26,10.2,54608.17
816487,5011615,20707,25,5.6,3925.62
816488,5003973,21429,44,11.5,61404.1
816489,5006700,20893,45,1.3,106335.28
816490,5006269,20741,36,20.9,69571.14
816491,5000712,21414,24,0.2,48963.64
816492,5003036,20722,14,20.8,26090.29
816493,5001950,21108,9,0.8,17940.82
816494,5005281,20304,21,1.6,44452.4
816495,5008226,20825,4,0.6,8598.14
816496,5003344,21175,42,0.4,32088.49
816497,5008425,20780,3,1.5,1133.8
816498,5004887,20475,43,16.6,21898.05
816499,5000136,20046,28,20.4,28772.69
816500,5003510,21399,1,1.4,1176.54
816501,5008739,21147,38,25.0,41869.92
816502,5006535,21081,20,6.4,2881.2
816503,5007092,20705,45,5.4,82578.14
816504,5001903,20419,45,26.8,49801.66
816505,5007186,20723,8,10.2,
816506,5004299,20539,48,0.3,108705.38
816507,5003886,20158,38,25.8,
816508,5001526,20552,46,25.6,57063.73
816509,5000926,20695,3,5.8,6924.66
816510,5004085,20230,12,7.0,4380.3
816511,5002190,21303,40,17.0,71383.32
816512,5009960,20288,18,,12856.79
816513,5011406,21036,14,11.0,29992.09
816514,5005384,20925,45,21.8,69106.47
816515,5003209,20223,10,21.3,
816516,5000135,20717,17,1.2,10061.98
816517,5010652,20007,6,0.7,2794.24
816518,5007832,20400,30,5.4,63572.05
816519,5004664,20826,18,15.9,18529.97
816520,5011843,20051,14,0.6,31963.24
816521,5004497,20876,26,25.1,47475.08
816522,5002944,20411,-1,1.4,-673.53
816523,5006454,20155,30,11.4,45049.91
816524,5010304,20211,4,0.0,8141.76
816525,5009757,20589,20,10.5,31121.48
816526,5011509,20865,7,15.2,14754.82
816527,5008375,21131,46,21.7,20231.31
816528,5007349,20151,17,20.6,29536.32
816529,5002984,20233,30,25.7,23021.33
816530,5006759,21330,32,,8716.58
816531,5008091,20365,32,0.2,19238.89
816532,5008809,20157,7,5.3,
816533,5006028,20532,11,15.7,12397.82
816534,5007366,20049,3,1.1,1391.61
816535,5002640,21385,47,0.1,83449.1
816536,5004728,20939,10,20.8,10398.17
816537,5008325,21450,4,1.4,4816.77
816538,5009444,20104,45,25.5,21854.95
816539,5008472,21305,1,21.1,
816540,5000005,21281,27,21.2,23116.37
816541,5006751,20360,28,15.3,13742.47
816542,5009952,20744,2,,979.23
816543,5006968,21154,42,15.5,19023.35
816544,5007011,20060,8,16.8,2773.02
816545,5000611,20953,7,1.7,10606.72
816546,5000176,21432,9,16.2,14970.57
816547,5005063,21030,27,0.7,34868.24
816548,5001659,20117,28,1.4,65403.35
816549,5008612,21350,-1,5.7,-921.25
816550,5011121,20096,6,11.2,30.1
816551,5006359,20409,50,1.8,57361.57
816552,5011350,21163,22,5.7,23019.97
816553,5008731,20368,14,6.4,6053.65
816554,5010267,20608,25,6.3,6836.12
816555,5006214,20512,39,10.7,47037.0
816556,5007623,20815,24,20.3,23691.37
816557,5000815,20270,40,5.4,24944.13
816558,5006479,20336,30,26.1,42481.71
816559,5005865,20103,48,6.9,93404.18
816560,5007976,20202,5,11.4,7295.41
816561,5010662,20207,23,6.9,52534.23
816562,5010602,20710,2,,2960.13
816563,5007422,20266,28,0.8,38363.1
816564,5010651,20077,32,16.6,56579.36
816565,5010084,20228,23,0.3,30682.14
816566,5005254,20425,38,0.6,77166.31
816567,5003366,20662,35,15.7,31374.73
816568,5000357,21042,-1,0.0,-2453.36
816569,5001468,21157,41,5.9,60337.98
816570,5005847,20914,4,1.1,4967.47
816571,5005574,21095,43,1.0,88757.6
816572,5010278,20385,22,,22161.8
816573,5000730,20874,32,6.8,3117.2
816574,5011176,20314,39,15.6,7482.14
816575,5002939,21197,29,1.4,25574.47
816576,5007161,21147,2,12.0,2585.65
816577,5004570,21108,22,1.4,43590.07
816578,5008665,20624,44,6.0,76590.86
816579,5006153,21282,6,15.4,12072.61
816580,5000648,20489,39,1.4,55610.25
816581,5003061,21056,49,1.2,57996.12
816582,5010543,21406,15,1.9,735.6
816583,5002613,20259,17,0.6,20120.79
816584,5007513,20233,48,0.5,49327.01
816585,5002731,20792,19,0.1,33420.04
816586,5002164,20221,2,21.4,2629.97
816587,5006424,20817,31,25.1,31827.68
816588,5011706,20238,45,20.7,502.09
816589,5004677,21357,38,11.2,77330.79
816590,5003795,20679,32,21.3,6262.25
816591,5005017,20100,3,10.8,4689.45
816592,5008317,20887,49,11.3,24041.99
816593,5005782,21117,40,20.6,54585.28
816594,5000061,20005,28,25.1,16890.64
816595,5008979,20278,35,26.3,61989.77
816596,5007876,21129,30,1.2,34962.16
816597,5001497,20633,22,5.9,448.61
816598,5008583,20813,41,6.4,13948.14
816599,5007337,20207,45,25.8,81918.36
816600,5006152,20713,47,0.0,60872.99
816601,5003980,20320,30,1.7,26610.3
816602,5001945,21200,4,0.7,5094.33
816603,5004820,20865,23,1.6,56255.23
816604,5007079,21096,33,26.8,21431.44
816605,5009258,20989,14,0.2,22257.26
816606,5010189,20721,10,16.3,7939.36
816607,5006072,20864,16,,2447.1
816608,5010388,21480,28,20.5,1773.68
816609,5002317,20421,46,1.4,43576.68
816610,5009090,20958,44,15.5,9322.88
816611,5003398,20597,18,0.8,5843.2
816612,5011265,21464,38,16.0,1862.53
816613,5010325,20248,40,0.2,10373.61
816614,5009359,21364,23,15.3,22289.58
816615,5011453,20139,16,25.4,8934.45
816616,5006935,20195,4,21.6,3508.49
816617,5003079,20617,5,6.8,3484.61
816618,5005930,20576,13,0.3,6565.65
816619,5006283,21406,12,6.1,563.29
816620,5009982,20760,5,6.0,7535.28
816621,5001865,20782,16,0.5,16120.27
816622,5006119,20909,28,16.4,40751.22
816623,5011512,20866,47,1.7,70619.61
816624,5006708,21463,41,6.0,16884.37
816625,5001068,20872,32,25.8,5794.01
816626,5001586,20287,27,16.3,39462.6
816627,5007981,20200,40,6.1,23933.61
816628,5000657,21219,19,16.7,24761.18
816629,5000776,21455,3,1.5,1370.26
816630,5008362,20496,23,1.6,48686.86
816631,5001553,21129,15,1.4,17445.69
816632,5004092,20192,19,1.7,39182.48
816633,5011086,20982,13,26.2,3160.07
816634,5002479,21348,42,21.5,18731.91
816635,5002075,20553,12,6.5,13737.43
816636,5003492,20561,9,0.5,647.54
816637,5010327,20663,41,6.9,55790.35
816638,5008405,20726,5,0.8,6311.7
816639,5006400,20137,45,1.6,9568.91
816640,5010649,21393,47,26.7,
816641,5002278,20698,50,1.0,105880.0
816642,5011696,20809,7,1.2,16706.91
816643,5005373,21105,47,16.2,94515.37
816644,5001949,21470,7,10.7,11492.59
816645,5002490,20262,38,1.7,55038.88
816646,5011514,20139,12,15.4,7599.08
816647,5003964,20369,17,20.6,14964.29
816648,5000264,20557,16,1.4,15149.85
816649,5001866,21454,10,26.4,6027.77
816650,5003518,20879,6,0.3,6553.22
816651,5002943,20786,37,5.5,
816652,5000758,20041,38,15.9,77158.12
816653,5005565,20976,43,26.7,19377.88
816654,5000837,20116,30,16.3,58710.7
816655,5011923,21099,29,6.9,60456.43
816656,5004727,20351,38,21.3,29592.29
816657,5010491,20596,19,11.4,9473.5
816658,5010816,21363,31,21.3,45058.09
816659,5006398,20600,26,1.3,45778.7
816660,5005013,21070,20,1.0,9161.46
816661,5001121,20351,47,21.7,36414.96
816662,5005822,20960,2,16.6,2578.74
816663,5002422,20814,18,1.4,26586.5
816664,5004164,20555,40,0.3,65936.79
816665,5003803,21051,26,15.2,38777.58
816666,5002698,20545,35,26.7,29909.11
816667,5011512,20632,33,,38777.01
816668,5011080,20564,16,20.8,20846.71
816669,5001155,21231,48,26.8,31906.65
816670,5005714,20146,5,,
816671,5009355,21424,33,21.4,23747.28
816672,5011897,20165,17,20.2,12066.96
816673,5006943,21401,17,15.8,6365.87
816674,5002896,21439,8,25.9,3876.62
816675,5001968,20238,19,10.6,238.99
816676,5010833,20957,48,21.6,88382.52
816677,5003670,21359,10,0.7,7965.35
816678,5005061,20586,15,1.2,11168.65
816679,5001978,20400,9,0.7,20019.15
816680,5002880,20220,7,10.3,
816681,5000639,21017,24,5.5,14290.21
816682,5004525,21016,2,0.4,4111.55
816683,5004092,20313,45,7.0,101459.05
816684,5003034,20987,3,5.6,1842.78
816685,5009922,21074,22,,7276.66
816686,5003758,20839,48,5.2,14256.4
816687,5000902,20341,11,11.3,7339.51
816688,5004619,21471,5,20.1,8133.58
816689,5004020,20250,10,25.3,7587.95
816690,5003530,20607,33,20.7,3531.51
816691,5009109,20013,3,16.5,103.46
816692,5008838,21186,23,0.6,28683.58
816693,5002312,20374,6,1.7,12782.15
816694,5011614,20151,2,1.4,4315.13
816695,5006887,21055,32,16.5,60413.92
816696,5008227,20281,5,26.2,2900.52
816697,5003917,21203,23,6.2,41039.79
816698,5000850,20282,1,6.5,1723.49
816699,5006433,21043,43,25.9,
816700,5004660,20461,5,15.9,47.31
816701,5009632,20079,31,1.0,71659.31
816702,5001384,21427,29,10.0,31825.82
816703,5002476,20706,30,1.8,27831.75
816704,5005174,20415,15,11.9,10340.47
816705,5006818,20096,6,11.8,29.9
816706,5009471,21267,4,16.0,2807.99
816707,5002147,20671,21,0.7,20213.02
816708,5003006,21221,11,15.9,21674.91
816709,5009641,21089,49,10.5,36094.86
816710,5010583,20139,12,0.6,8928.47
816711,5004192,20649,4,1.4,7428.56
816712,5007230,20071,25,1.6,55165.75
816713,5001578,20994,7,1.4,14976.72
816714,5000501,20503,41,5.3,77660.21
816715,5004916,20866,13,10.6,17764.58
816716,5011027,20342,19,16.2,20366.79
816717,5005519,20463,42,26.8,25669.09
816718,5002067,21434,13,0.8,24192.64
816719,5011828,21166,36,1.8,69723.34
816720,5010650,21207,16,5.2,24633.89
816721,5008696,20288,1,,890.8
816722,5006317,21392,3,16.0,3625.07
816723,5008724,20148,24,1.0,17881.78
816724,5008217,20487,48,10.5,77332.73
816725,5000232,21126,50,20.2,81639.39
816726,5000467,20247,6,25.9,5760.59
816727,5006653,20294,36,15.8,63587.0
816728,5009484,20507,43,0.4,61997.81
816729,5011814,20058,38,1.7,51055.07
816730,5000591,20354,19,0.3,20880.49
816731,5008629,20011,25,,1701.69
816732,5009813,20021,9,21.0,5329.58
816733,5002033,20988,49,6.2,80307.56
816734,5011240,20560,27,5.4,
816735,5004494,20683,44,26.5,32923.74
816736,5003094,20922,17,20.2,
816737,5011618,20781,21,1.0,17347.59
816738,5004257,20602,34,0.3,
816739,5007626,20399,36,1.1,74230.78
816740,5003682,20939,45,0.3,58903.26
816741,5004214,20167,43,6.9,53065.34
816742,5002248,20481,41,0.3,70052.55
816743,5011150,20692,39,16.2,2592.01
816744,5009079,20013,40,0.8,1638.78
816745,5002458,20326,12,,24549.16
816746,5004922,20482,8,21.1,3317.33
816747,5005499,20941,29,20.0,52934.74
816748,5005634,20716,40,11.3,9363.53
816749,5008244,20258,5,0.2,
816750,5008355,20679,29,16.3,6035.72
816751,5011635,21347,11,21.1,6764.15
816752,5004572,20108,19,,44268.21
816753,5002437,20428,27,26.8,440.34
816754,5008039,20171,44,25.2,449.58
816755,5011141,21330,37,1.7,13316.15
816756,5004789,20512,35,0.8,46892.48
816757,5000766,20360,24,6.9,12947.45
816758,5009787,20321,2,0.1,839.3
816759,5008062,21138,36,20.4,62316.2
816760,5005031,21482,43,16.8,27220.53
816761,5007503,20194,49,0.1,78762.65
816762,5009986,20447,47,25.1,41948.95
816763,5003906,20688,2,0.9,4949.17
816764,5001342,20681,4,25.5,457.31
816765,5009885,20570,40,1.1,24909.35
816766,5005337,20955,48,5.6,89567.78
816767,5008791,20484,1,5.9,1395.11
816768,5001140,20572,32,0.3,64532.86
816769,5003547,20999,17,15.2,21903.81
816770,5001209,21038,3,,5311.93
816771,5004042,20857,48,1.5,18475.13
816772,5000289,20597,13,,3382.03
816773,5008805,20185,45,21.2,927.63
816774,5011591,20509,12,16.4,8869.29
816775,5008512,20099,40,21.4,46548.81
816776,5011745,21223,2,6.0,4099.28
816777,5008301,20849,16,1.9,19549.68
816778,5002073,20734,50,,86558.54
816779,5002853,20020,34,15.7,68370.33
816780,5008219,20259,36,21.1,33821.21
816781,5001229,21017,30,1.3,18656.67
816782,5005592,21049,27,0.8,29417.4
816783,5010115,21154,32,6.1,16106.33
816784,5006950,20915,19,26.6,13976.82
816785,5011278,20465,5,0.1,3739.16
816786,5006351,20583,5,1.1,10873.16
816787,5007967,21107,45,21.1,39485.82
816788,5000921,20008,39,11.8,16926.91
816789,5007502,21032,40,11.4,38346.79
816790,5009729,20012,3,11.3,4706.01
816791,5006568,20602,6,11.2,3386.64
816792,5010582,20820,-6,21.1,-1636.21
816793,5009814,20187,14,26.1,20693.55
816794,5007051,20001,40,1.2,20152.83
816795,5000607,20673,3,26.1,476.01
816796,5006355,21356,10,0.4,6145.92
816797,5001491,20463,31,20.1,20680.38
816798,5007240,20807,28,0.2,46540.73
816799,5001256,20421,35,6.6,31407.57
816800,5003745,21341,8,0.1,14262.52
816801,5003286,20290,32,15.2,12248.1
816802,5006656,20930,10,16.9,10152.08
816803,5004563,21179,23,11.8,38140.11
816804,5003705,21050,4,11.9,4397.18
816805,5008055,20242,23,6.7,29610.84
816806,5000453,20288,37,15.3,28370.57
816807,5006961,21200,7,11.7,7927.5
816808,5004541,20990,41,1.2,78263.89
816809,5000235,20270,39,11.2,22829.41
816810,5010046,20019,34,1.0,17843.84
816811,5006854,20881,31,10.1,59402.22
816812,5002891,21462,10,5.2,3377.82
816813,5010283,20627,13,1.7,450.2
816814,5004044,21053,1,,1625.6
816815,5001116,20989,31,15.0,41975.29
816816,5004807,21349,17,20.8,33054.93
816817,5006893,20511,33,1.2,30173.05
816818,5008310,21174,29,6.9,58684.49
816819,5001919,20117,3,16.4,5941.45
816820,5003544,20216,12,26.3,12314.21
816821,5005401,20988,20,20.9,
816822,5010450,20633,49,10.1,954.59
816823,5003079,20212,37,0.9,46870.69
816824,5009630,20430,15,20.4,21253.32
816825,5008186,21003,33,5.7,66336.37
816826,5003827,20349,20,1.3,38815.75
816827,5002059,20349,34,1.3,65986.77
816828,5005081,21127,18,1.4,688.98
816829,5002464,20161,22,16.0,31462.75
816830,5007691,20571,32,0.4,68749.5
816831,5001280,20467,8,11.7,14002.68
816832,5001481,20477,45,21.0,61656.85
816833,5003007,20621,44,16.4,7349.44
816834,5011248,20829,42,,64880.52
816835,5011808,20173,41,10.4,15400.47
816836,5006517,20259,42,16.1,41958.59
816837,5006355,20120,48,11.9,
816838,5002860,20164,3,1.4,5364.39
816839,5001032,20696,22,,40547.25
816840,5010306,20129,17,1.5,18910.46
816841,5004050,20499,11,15.8,4073.61
816842,5011678,20509,28,0.6,24606.27
816843,5003115,20039,39,16.9,3041.26
816844,5003776,20791,9,10.8,15532.65
816845,5001510,20586,47,1.2,34995.1
816846,5007983,21305,25,15.5,49762.05
816847,5007753,21468,12,25.8,21195.62
816848,5005177,20799,10,16.1,9592.96
816849,5008798,21330,14,5.7,4833.52
816850,5001389,21283,1,25.0,18.88
816851,5001833,21427,4,25.3,3643.51
816852,5011729,20109,33,21.2,44432.25
816853,5002019,20730,42,0.7,53451.66
816854,5001616,21166,37,0.3,72754.7
816855,5007741,21317,34,1.1,59965.58
816856,5002624,20513,33,26.6,16865.29
816857,5004330,21312,20,1.3,32605.15
816858,5010041,20502,14,11.8,15492.05
816859,5004223,20299,9,0.8,14581.48
816860,5011846,21271,7,25.7,7477.48
816861,5002442,20932,39,10.9,53940.53
816862,5008522,21181,2,26.2,1136.82
816863,5010873,21327,24,0.2,15884.25
816864,5010366,20697,27,0.5,
816865,5007272,20897,38,1.9,45873.19
816866,5001668,21140,17,10.5,12283.37
816867,5008392,21308,29,11.2,48630.33
816868,5003630,21276,3,11.5,6312.98
816869,5007257,20650,17,25.1,30300.72
816870,5002515,21230,31,1.3,21102.75
816871,5006979,20146,28,21.5,2173.38
816872,5004596,20514,49,10.5,98241.78
816873,5000113,21348,32,1.1,17980.81
816874,5010321,20531,36,11.5,43335.65
816875,5009304,20992,42,0.7,85357.17
816876,5001377,20862,15,0.0,4141.65
816877,5006703,20696,20,21.5,38632.83
816878,5007154,20220,48,21.6,31196.93
816879,5009283,20624,7,16.0,10888.64
816880,5007657,21223,3,21.5,5135.01
816881,5010906,20759,48,1.4,21131.48
816882,5005154,20659,48,1.6,35249.71
816883,5003110,20829,35,5.9,68939.21
816884,5001500,20935,27,11.3,
816885,5002837,20026,11,15.2,6262.73
816886,5009279,20146,46,11.0,4048.15
816887,5011503,20053,30,,52026.0
816888,5010587,21371,39,15.8,78429.62
816889,5004571,20612,47,1.0,45908.36
816890,5004891,20080,1,1.2,1998.35
816891,5002031,21455,33,0.2,15271.83
816892,5011495,20218,31,6.6,57189.65
816893,5011181,20369,17,,14813.51
816894,5007504,20749,42,0.9,91499.31
816895,5010879,20853,5,15.9,3151.02
816896,5010182,21037,1,27.0,385.83
816897,5001138,20668,50,26.3,55901.82
816898,5005958,20049,14,26.4,4832.89
816899,5009594,20757,17,0.8,19866.3
816900,5011863,21005,34,16.6,42131.91
816901,5004591,20856,50,0.1,53853.59
816902,5008554,20906,44,25.2,301.47
816903,5007311,20140,20,5.9,44664.38
816904,5004496,20584,9,,16076.66
816905,5003481,20266,2,,2160.13
816906,5000984,20262,25,11.4,32636.7
816907,5004296,20360,24,11.8,12266.01
816908,5011663,21363,15,6.3,25957.76
816909,5008295,20495,14,21.3,12786.06
816910,5001129,21135,21,11.8,
816911,5001605,21051,17,6.9,27836.21
816912,5003699,20005,36,11.2,25746.71
816913,5004941,20630,7,21.0,6657.18
816914,5007462,20770,18,5.1,13212.93
816915,5003003,21271,19,0.4,27207.03
816916,5004100,20487,45,,63264.87
816917,5005548,20082,17,,3386.98
816918,5000920,20875,49,1.0,87993.74
816919,5000495,20885,43,1.0,87701.86
816920,5003655,20988,19,25.9,24599.67
816921,5009289,21319,-9,26.2,-9563.88
816922,5010729,21079,10,26.5,15970.82
816923,5003001,20926,35,26.7,15375.04
816924,5011445,21093,19,1.6,45957.57
816925,5004419,20709,17,26.6,10610.79
816926,5003244,21491,39,6.0,
816927,5005525,20842,9,,4516.63
816928,5006428,21385,18,5.5,30231.7
816929,5010333,20366,20,1.7,32082.76
816930,5006908,21481,37,16.8,32506.36
816931,5008492,20150,18,1.3,13843.09
816932,5006206,21211,39,0.3,73059.99
816933,5002965,21257,3,0.1,4198.23
816934,5004930,20837,42,15.1,18221.24
816935,5000061,21169,-9,25.3,-1565.45
816936,5001948,21022,30,0.1,13788.0
816937,5006157,20694,41,6.5,72703.86
816938,5009632,20961,28,15.7,37456.95
816939,5000830,21167,17,10.1,28564.39
816940,5004618,20747,22,1.4,44362.31
816941,5006649,20067,18,6.7,14202.85
816942,5008593,20951,33,0.6,8235.27
816943,5006783,21072,11,21.0,17006.07
816944,5006101,21004,18,1.8,42522.8
816945,5006095,20617,38,0.6,28244.77
816946,5008284,20021,48,1.5,35440.62
816947,5008277,20506,21,20.9,18450.83
816948,5001802,20164,26,1.1,46632.85
816949,5003681,21320,45,1.5,79620.55
816950,5001213,20177,17,,23453.38
816951,5007185,20431,17,10.4,14664.15
816952,5002094,20300,27,11.4,57744.84
816953,5003299,20645,13,15.0,1180.58
816954,5007120,20994,24,21.7,40776.95
816955,5006820,20241,21,6.7,35641.82
816956,5008091,20433,17,26.3,4319.75
816957,5002722,20113,18,0.3,12159.31
816958,5008488,21417,10,11.2,13361.56
816959,5001698,20613,46,26.2,38572.74
816960,5004884,20911,21,1.9,39430.52
816961,5000681,21414,28,11.2,50827.98
816962,5006958,20342,5,,5404.45
816963,5000514,20110,22,6.1,31731.51
816964,5006405,21445,39,20.4,71945.09
816965,5008555,20830,46,27.0,46286.34
816966,5000332,20220,16,16.4,11088.7
816967,5004241,20521,12,0.4,21777.26
816968,5005185,20130,27,6.9,10153.84
816969,5004805,20343,4,1.4,3624.42
816970,5009575,21461,28,16.6,43321.0
816971,5004766,20229,20,16.5,4461.07
816972,5011600,21424,11,1.0,9970.23
816973,5003910,21026,40,21.6,6694.73
816974,5001994,21086,46,21.2,34375.43
816975,5006749,20612,49,,42833.99
816976,5010193,20912,1,26.1,821.07
816977,5005616,20625,7,1.0,5448.64
816978,5004983,20623,47,0.2,11164.57
816979,5009681,20814,45,15.0,57298.5
816980,5003993,20510,32,10.7,59971.02
816981,5008402,20423,5,1.9,7265.38
816982,5010829,20301,40,,17825.62
816983,5006110,20760,24,25.8,28550.68
816984,5007201,20476,32,0.5,78692.24
816985,5001706,20530,50,0.7,
816986,5005259,21232,9,0.7,3465.68
816987,5008590,20240,28,15.7,38110.78
816988,5004537,20073,41,25.4,29329.22
816989,5003728,20608,16,11.0,4155.66
816990,5006994,21244,22,,10837.74
816991,5000730,21100,17,6.1,28843.39
816992,5002609,20258,22,6.6,891.17
816993,5000993,20045,41,15.9,5854.87
816994,5011259,20694,14,5.1,
816995,5009019,21331,6,20.6,7309.5
816996,5002371,20403,31,25.4,35036.12
816997,5009692,20204,46,,11955.31
816998,5007639,20326,43,15.3,79012.45
816999,5002214,21059,20,26.3,16155.19
817000,5002551,20133,42,25.7,65531.35
817001,5000914,20809,47,25.8,84244.77
817002,5009382,21400,13,1.6,28592.42
817003,5001001,20594,22,0.7,38312.42
817004,5009404,21104,3,15.5,4225.21
817005,5010965,20996,19,10.0,11428.96
817006,5004398,21340,18,20.6,17044.78
817007,5011338,21381,43,10.7,56423.49
817008,5007796,21215,12,1.9,25285.31
817009,5000670,20442,14,0.0,4463.2
817010,5005257,20004,25,25.8,34645.84
817011,5006004,21130,34,6.5,56937.16
817012,5009647,20820,47,11.0,14457.7
817013,5010611,20100,22,20.2,30765.31
817014,5000783,20284,42,26.8,73634.03
817015,5003284,20591,7,2.0,13596.66
817016,5000432,21044,34,0.0,27344.84
817017,5000993,20194,46,1.3,73052.27
817018,5003913,21137,7,0.2,12216.7
817019,5007475,21500,40,1.4,47244.39
817020,5006553,21358,10,20.9,1812.97
817021,5002905,20242,37,6.2,47890.12
817022,5002380,20573,14,5.9,7936.68
817023,5008638,20137,7,20.5,1202.6
817024,5005234,20018,6,0.4,9639.17
817025,5006658,20583,17,10.7,33380.29
817026,5003761,20564,38,11.7,55199.69
817027,5006253,20453,10,1.6,
817028,5003153,20226,29,,1760.78
817029,5001929,20978,48,1.1,71459.6
817030,5002087,20942,26,0.0,40093.3
817031,5001869,21123,28,25.7,41683.1
817032,5006304,21342,18,,19056.08
817033,5008952,20448,45,1.8,29078.79
817034,5006197,21475,32,1.2,8262.21
817035,5002909,21142,14,5.4,28685.97
817036,5009837,20896,22,25.5,37378.87
817037,5011788,21223,40,0.5,86782.71
817038,5003102,20900,19,15.7,37357.09
817039,5010680,21118,44,15.8,71500.79
817040,5006797,20280,48,26.5,21949.45
817041,5011722,21177,8,5.5,18347.89
817042,5005803,21066,29,10.0,5166.76
817043,5000546,21094,48,1.6,19770.84
817044,5006047,20371,14,25.2,13161.31
817045,5001703,20962,17,1.5,30414.45
817046,5010184,21474,37,20.5,10310.55
817047,5010764,20004,32,17.0,49606.11
817048,5011702,20583,50,21.1,86743.45
817049,5006395,20850,36,6.7,59016.47
817050,5000332,20640,15,0.7,3784.22
817051,5007393,20477,44,15.6,64407.56
817052,5004354,20747,9,1.6,18111.41
817053,5001986,20828,13,0.8,26211.64
817054,5009943,20592,41,,81476.21
817055,5005371,21213,22,20.6,33497.51
817056,5002789,20471,19,5.6,36808.44
817057,5010402,20357,6,,6490.18
817058,5005570,20657,41,21.9,2294.95
817059,5006210,20316,32,1.1,5706.77
817060,5003650,20267,8,20.8,5462.9
817061,5000335,20003,40,6.3,19632.02
817062,5008627,21023,8,1.0,7023.3
817063,5005988,21224,15,0.2,37258.08
817064,5003709,20475,33,0.0,20150.46
817065,5001848,20436,-6,6.5,-7973.16
817066,5000752,20617,14,21.9,8176.12
817067,5010676,21106,25,0.9,
817068,5009244,20918,13,6.7,3249.97
817069,5007697,20548,4,1.8,1767.13
817070,5004430,20499,16,6.9,6551.56
817071,5004735,20558,7,1.3,15282.57
817072,5001526,21280,37,0.1,1564.64
817073,5005790,20592,36,0.9,71324.17
817074,5011454,20473,7,0.7,2111.44
817075,5004149,21132,27,2.0,9555.76
817076,5006592,20865,6,11.9,13139.15
817077,5011070,21373,20,,23674.26
817078,5007171,20056,17,0.1,1420.97
817079,5008557,20476,12,6.5,18906.71
817080,5002911,21438,39,20.8,56651.06
817081,5003233,20995,45,11.1,
817082,5007140,21481,39,15.1,34963.56
817083,5008139,21247,29,16.3,16068.0
817084,5011750,20724,25,15.3,45237.85
817085,5004628,21109,14,1.6,30732.88
817086,5011513,20359,12,0.2,11650.73
817087,5003136,20429,11,21.9,15111.4
817088,5002342,21233,22,16.1,26928.56
817089,5007355,20080,44,1.1,61246.59
817090,5008739,21022,13,6.1,5615.95
817091,5007220,21484,30,5.7,48718.21
817092,5010128,21162,9,16.3,15778.77
817093,5007864,20159,15,0.1,25649.23
817094,5001493,20921,12,6.6,20339.94
817095,5004946,20885,45,,69067.53
817096,5009066,20270,31,,20394.33
817097,5011841,20776,21,10.1,39237.92
817098,5005954,20468,14,,11738.81
817099,5000427,21204,7,17.0,13215.14
817100,5002322,21404,38,1.3,
817101,5004473,21476,21,1.1,6107.54
817102,5006783,21074,21,0.8,6904.14
817103,5008441,20803,20,1.0,36357.35
817104,5001409,21376,-2,,-1732.14
817105,5004538,21011,25,6.8,53631.47
817106,5009683,20082,14,0.4,2939.81
817107,5009343,20321,50,1.6,20667.44
817108,5010540,20947,27,21.5,43407.15
817109,5003502,21107,41,6.8,42496.33
817110,5006336,20764,32,25.7,23511.37
817111,5007349,20068,1,,2108.79
817112,5010486,20626,41,,14964.14
817113,5006077,20136,25,20.7,22115.78
817114,5008178,20849,38,1.6,46572.48
817115,5005298,20881,13,20.4,22056.56
817116,5002022,20390,17,0.4,31727.86
817117,5009864,20215,12,20.4,23485.22
817118,5003085,20258,10,1.6,426.76
817119,5003651,20033,9,11.6,6668.48
817120,5009700,20613,28,1.6,31305.41
817121,5003890,21335,48,0.9,95562.21
817122,5011850,21399,4,1.6,4696.63
817123,5010728,20204,25,1.9,6393.18
817124,5002377,20162,9,0.3,13086.13
817125,5007172,20556,17,6.0,10477.13
817126,5003384,20058,16,20.4,17407.44
817127,5002344,20464,41,0.5,8280.57
817128,5005088,21309,45,0.8,87771.61
817129,5003223,21121,24,21.3,37897.45
817130,5004525,21398,24,1.5,57690.11
817131,5002605,20871,49,0.0,34390.16
817132,5010542,20346,45,16.6,87285.4
817133,5011695,21467,29,1.2,16863.99
817134,5007220,20131,25,1.3,26635.43
817135,5005097,20484,-9,26.4,-9820.61
817136,5009552,21017,34,1.2,21165.65
817137,5006969,20416,1,6.8,
817138,5007140,20947,21,5.9,40470.33
817139,5001851,20968,39,15.9,15865.86
817140,5006876,20294,8,10.2,15070.24
817141,5004949,20512,32,21.9,33753.95
817142,5002606,20379,10,15.7,1921.37
817143,5005779,21228,43,16.5,81957.11
817144,5005390,20002,37,26.5,18291.9
817145,5009063,20705,43,11.3,
817146,5005156,20055,1,0.6,1702.1
817147,5003406,20387,1,,2209.22
817148,5000717,21103,44,10.4,48003.45
817149,5003407,21189,35,1.1,72203.77
817150,5000243,21308,49,15.7,78004.55
817151,5006239,20581,50,21.2,92151.87
817152,5003025,21387,44,1.8,71902.43
817153,5008110,21152,16,6.6,35325.08
817154,5000785,21404,31,5.2,66555.89
817155,5000165,20902,41,10.6,
817156,5003515,20322,14,1.4,
817157,5000558,20768,18,0.5,7880.04
817158,5000592,20802,-10,1.9,-9825.79
817159,5003055,20373,37,1.5,67657.59
817160,5003002,21290,11,25.3,18480.61
817161,5000314,21471,13,21.5,20776.77
817162,5008026,20310,10,6.6,5849.08
817163,5004317,20175,49,1.3,2407.03
817164,5002653,20536,26,10.8,41173.22
817165,5006811,21495,22,25.1,19569.44
817166,5006961,21258,5,5.3,1906.88
817167,5001687,20551,14,25.6,19920.7
817168,5002629,21448,16,0.8,9047.67
817169,5004581,21234,23,26.3,26221.67
817170,5001345,21410,3,0.2,1157.81
817171,5000383,20781,41,26.6,25111.04
817172,5006117,20606,9,25.6,5248.99
817173,5010360,21343,15,11.4,32567.01
817174,5007054,20074,43,1.8,5713.6
817175,5006562,20254,48,25.7,3562.83
817176,5000308,20145,9,1.7,14488.38
817177,5008997,20248,15,6.1,3660.13
817178,5009059,20243,30,15.3,56634.06
817179,5000214,20155,25,1.8,41609.3
817180,5011227,20795,15,1.2,8721.27
817181,5009745,20423,19,,27861.75
817182,5005907,20093,16,0.8,13008.69
817183,5005106,21240,24,0.0,15400.08
817184,5011522,20714,20,20.9,7753.86
817185,5007552,20767,45,26.8,78979.25
817186,5004241,21143,19,20.0,26664.75
817187,5009192,20143,31,1.7,59564.05
817188,5001159,20998,38,2.0,4645.32
817189,5007564,21061,45,1.7,96582.26
817190,5008659,20175,34,7.0,1573.73
817191,5002423,20227,28,20.7,45616.12
817192,5008923,20799,31,20.4,28214.04
817193,5010297,21290,40,0.5,89512.99
817194,5001610,20173,44,0.6,18335.01
817195,5000445,21164,-6,10.8,-3670.72
817196,5000719,20736,12,0.1,19611.41
817197,5004915,20656,13,0.7,16809.2
817198,5009023,20762,13,0.2,26618.5
817199,5004076,21133,40,21.6,11134.05
817200,5005697,21339,26,15.9,27197.81
817201,5009958,20605,21,5.9,36954.26
817202,5001063,20762,20,16.8,34139.96
817203,5009047,20861,-6,26.8,-5445.77
817204,5004580,20269,49,,47104.59
817205,5006524,20551,13,0.9,24638.87
817206,5006533,21279,16,10.4,14894.96
817207,5006996,20510,5,0.4,10451.28
817208,5007091,21005,30,16.1,37398.09
817209,5010282,21089,7,21.2,4539.94
817210,5006503,20413,13,1.4,9995.73
817211,5000897,21133,4,0.1,
817212,5001048,20389,22,1.3,49966.52
817213,5004659,20639,35,10.3,48830.53
817214,5006948,20626,40,11.9,16363.69
817215,5005614,20265,15,1.8,9361.95
817216,5009661,20126,9,11.9,16290.21
817217,5011486,20421,3,25.3,2153.09
817218,5004071,20645,25,16.2,2238.3
817219,5010007,20321,35,0.7,14599.53
817220,5008032,20992,10,1.9,20077.54
817221,5007623,20043,3,0.5,785.53
817222,5004137,20845,44,15.4,65795.28
817223,5007783,20138,35,1.1,70835.44
817224,5005957,20353,16,,7186.71
817225,5003406,20755,37,6.5,29767.61
817226,5005114,20688,35,21.6,68519.33
817227,5005044,20051,33,5.3,71779.48
817228,5006935,20597,42,15.6,11600.0
817229,5000103,20425,10,0.7,20286.49
817230,5002293,20750,13,16.2,19079.64
817231,5011690,20817,41,0.3,56032.56
817232,5005320,20505,34,0.2,80770.38
817233,5008908,21480,37,,2340.84
817234,5010492,20808,43,16.5,83643.93
817235,5005472,21108,24,21.6,37810.75
817236,5005166,21156,20,1.2,45528.42
817237,5006295,21425,16,6.4,3578.22
817238,5003581,20142,20,21.4,3448.81
817239,5003360,20648,30,25.9,15968.25
817240,5010151,20227,44,2.0,88586.16
817241,5008512,20068,49,25.2,26529.08
817242,5011456,21177,14,,32244.72
817243,5004678,20995,48,26.6,57134.33
817244,5001502,21274,35,0.1,47241.56
817245,5003897,20115,31,1.8,62134.56
817246,5003150,21395,30,1.1,22854.5
817247,5007983,20838,-10,6.2,-19269.15
817248,5007393,21380,8,0.8,132.85
817249,5008297,20986,36,1.7,20079.15
817250,5000515,21353,43,,3150.96
817251,5002332,21121,40,6.9,74719.45
817252,5009866,20895,31,5.8,9036.27
817253,5010115,20126,27,6.6,51810.63
817254,5001532,21403,26,1.7,23367.93
817255,5005036,21497,25,11.2,32326.31
817256,5001345,20991,49,25.5,60210.62
817257,5003000,21476,49,21.5,11311.4
817258,5000170,20048,26,,304.96
817259,5002842,20827,41,1.2,38933.45
817260,5008046,20330,7,7.0,10727.89
817261,5008754,20841,10,0.5,4387.75
817262,5007827,20008,49,26.7,17674.4
817263,5007546,21403,13,11.5,
817264,5009859,21147,8,0.7,11670.69
817265,5010973,20897,45,16.9,46017.17
817266,5005081,20847,27,10.4,38402.86
817267,5011343,20609,46,15.4,82303.45
817268,5000696,21321,36,5.9,68879.39
817269,5005694,21339,32,16.8,33116.0
817270,5006043,20233,26,26.7,19683.29
817271,5006119,21045,1,20.9,866.07
817272,5011820,21043,18,20.5,2242.23
817273,5004206,21060,10,21.1,15461.01
817274,5003520,20881,10,1.7,20952.45
817275,5006867,20107,1,20.5,1793.87
817276,5006131,20897,17,10.2,18785.88
817277,5011244,21496,38,1.5,53409.24
817278,5007811,20874,18,26.0,1392.21
817279,5004580,21203,45,20.7,67882.86
817280,5004189,20224,19,1.3,7879.07
817281,5006963,20938,4,16.3,2263.52
817282,5011541,20841,22,11.2,8614.99
817283,5005251,20119,25,11.3,82.27
817284,5004679,20942,21,11.0,28820.91
817285,5000829,20570,2,5.7,1187.54
817286,5011073,20821,46,15.2,70816.68
817287,5007015,21442,30,1.4,70706.55
817288,5005777,20694,5,5.3,
817289,5010611,20539,43,11.2,86735.34
817290,5001807,20129,45,10.6,45432.54
817291,5005204,20226,19,1.7,1145.46
817292,5003328,21297,34,5.2,79992.09
817293,5004143,20868,13,1.4,13067.05
817294,5003993,21135,24,5.2,15285.48
817295,5007720,20501,41,1.4,35698.99
817296,5011292,20604,48,6.6,79631.5
817297,5009147,20838,10,1.8,20173.03
817298,5004261,21034,16,25.3,11543.0
817299,5001993,20835,39,21.6,
817300,5004135,20263,39,0.5,58072.85
817301,5001925,20192,41,25.8,63822.31
817302,5002185,20872,13,21.3,2496.57
817303,5003278,21248,17,15.2,35220.02
817304,5003771,20188,13,,13468.44
817305,5004092,21103,29,5.8,33262.94
817306,5003663,20821,35,5.3,60172.76
817307,5005970,21087,34,21.4,64048.07
817308,5000116,20541,27,5.8,10251.68
817309,5005460,20193,2,0.8,4312.82
817310,5007226,20259,5,26.7,4363.99
817311,5010704,20191,33,,35743.1
817312,5001140,20933,41,16.4,24955.33
817313,5008913,20865,3,5.6,
817314,5011732,21370,20,1.4,31447.88
817315,5010533,21306,-7,21.0,-5395.34
817316,5000309,21099,1,25.8,1661.49
817317,5009945,20495,7,21.7,6360.54
817318,5004945,20964,50,,9755.24
817319,5002690,20321,36,16.9,12566.81
817320,5003402,20409,22,1.0,25444.7
817321,5003005,21486,22,15.7,17634.84
817322,5004395,20322,19,1.2,17453.27
817323,5008157,20486,43,21.5,40912.75
817324,5002381,20537,7,0.5,2194.74
817325,5003751,20878,41,16.3,82003.9
817326,5006463,20852,26,0.5,27369.43
817327,5006207,20432,35,16.6,
817328,5005767,21237,27,21.4,18941.48
817329,5002822,20438,5,0.8,8485.67
817330,5003822,21128,14,1.7,27006.0
817331,5010352,21036,9,16.2,18154.12
817332,5009094,20148,4,11.5,2664.2
817333,5009194,21297,33,0.4,81570.49
817334,5000204,20515,3,0.4,5466.96
817335,5011069,21474,34,25.0,8938.26
817336,5005159,21015,13,6.1,20281.56
817337,5004588,20465,33,5.4,23369.17
817338,5005097,21347,7,11.9,4806.37
817339,5008223,20333,21,15.8,35416.16
817340,5000968,20801,30,0.2,1303.59
817341,5002387,20268,24,,5041.92
817342,5010796,21299,46,11.2,77964.54
817343,5009641,20106,-6,10.9,-4981.67
817344,5008937,20276,38,0.7,16574.28
817345,5003540,20197,15,1.4,35140.89
817346,5008815,20877,16,1.3,36771.2
817347,5005897,21359,-7,0.1,-5609.43
817348,5006157,21165,27,0.6,7847.97
817349,5011332,21135,19,11.1,11347.88
817350,5009407,20576,31,20.9,12421.6
817351,5008018,21007,27,21.8,16107.87
817352,5006288,20249,46,6.0,70692.21
817353,5005878,21428,45,1.8,26046.03
817354,5002107,21365,33,0.2,52752.69
817355,5004661,21350,27,,7219.18
817356,5009014,21263,49,1.7,
817357,5003993,20223,47,26.0,69818.76
817358,5009446,20710,49,0.1,72595.8
817359,5000750,21483,13,16.7,13546.97
817360,5005991,20589,31,25.9,39938.07
817361,5000445,20808,27,16.1,52772.2
817362,5010694,21312,9,11.6,13141.16
817363,5010734,20628,3,0.2,4631.75
817364,5003312,20744,14,1.6,6875.6
817365,5005584,20959,5,16.5,1667.12
817366,5004275,20042,28,26.8,19195.53
817367,5011937,20312,4,6.5,5957.67
817368,5011825,21100,9,1.6,16001.82
817369,5011227,20558,14,,24681.27
817370,5000780,20390,39,26.3,53859.78
817371,5011580,20903,4,16.1,4149.79
817372,5009559,21042,16,0.8,38939.73
817373,5009694,20917,42,1.7,11262.41
817374,5000034,20170,34,11.0,37067.29
817375,5001374,20259,14,21.9,13019.33
817376,5004276,20089,50,0.9,91789.89
817377,5002267,21330,7,0.4,2552.59
817378,5006332,21354,9,0.7,2423.89
817379,5011690,21055,28,1.6,62295.07
817380,5003024,21284,34,5.9,69303.16
817381,5000884,21069,1,5.1,2027.76
817382,5009246,20973,33,1.9,48288.54
817383,5010000,21217,42,2.0,59732.63
817384,5008294,21086,41,0.6,38648.65
817385,5010828,20485,28,1.4,15764.17
817386,5010228,20646,23,1.2,43298.08
817387,5002447,20270,10,1.7,6479.94
817388,5010004,20508,35,5.2,47082.09
817389,5004962,20588,34,16.3,51054.51
817390,5003722,20645,26,15.9,2336.16
817391,5009887,21301,48,20.6,43162.22
817392,5000617,20243,22,5.3,46435.03
817393,5010825,20337,47,25.7,48044.66
817394,5002285,20377,3,16.8,2420.42
817395,5002002,20942,26,16.1,33638.28
817396,5011611,20081,9,1.7,11213.66
817397,5007754,20139,13,6.7,9078.92
817398,5000559,21021,42,0.2,26262.47
817399,5001416,20021,1,11.1,666.39
817400,5003988,20625,34,16.6,22294.62
817401,5006268,20740,17,11.7,28634.68
817402,5008735,20603,19,1.7,27120.12
817403,5001596,20790,7,1.5,16032.12
817404,5010794,20784,47,,49977.45
817405,5000030,20884,46,16.0,8112.47
817406,5001845,20590,24,,11814.14
817407,5009839,20510,3,1.2,6220.4
817408,5004544,20394,14,,18291.61
817409,5005980,20236,10,0.7,16671.48
817410,5007649,20216,28,0.9,38635.76
817411,5011838,20574,47,1.4,30993.53
817412,5005053,21481,50,1.0,52269.52
817413,5006230,20601,50,0.6,58565.98
817414,5008719,20007,15,15.7,24284.47
817415,5002840,21040,40,1.2,68963.59
817416,5006953,21042,3,,7301.2
817417,5008495,21083,37,25.6,4964.4
817418,5002894,21467,36,0.4,21104.12
817419,5008808,20192,30,16.8,52363.58
817420,5008138,20669,29,,17927.37
817421,5006651,21456,4,1.9,
817422,5008013,20282,48,0.6,87948.01
817423,5011875,20096,44,,185.21
817424,5011259,20054,15,6.0,30513.39
817425,5000128,21209,-8,25.2,-8402.67
817426,5002445,20185,2,6.7,48.81
817427,5003353,20308,17,0.0,32980.17
817428,5006624,20041,32,1.0,76486.92
817429,5008676,20688,8,1.8,19616.9
817430,5003030,21467,18,20.5,8422.58
817431,5009830,21154,25,1.9,13145.89
817432,5003042,21120,32,15.5,13982.11
817433,5008907,20883,34,26.8,61569.43
817434,5005367,21376,9,0.9,7818.31
817435,5001463,20861,25,5.6,29262.35
817436,5000270,20573,24,6.8,13475.6
817437,5004773,21227,-2,16.8,-3153.85
817438,5011925,20167,47,15.4,52706.12
817439,5005964,20762,33,1.7,66554.45
817440,5011193,20165,27,1.7,23608.22
817441,5008216,21308,20,25.9,27986.24
817442,5002487,20885,7,16.1,12099.44
817443,5006513,21086,28,0.3,26473.86
817444,5006174,20265,21,1.6,13133.42
817445,5001991,21279,7,0.2,7258.38
817446,5009301,20366,27,25.8,32693.08
817447,5005834,21452,15,16.4,18243.07
817448,5001552,21234,8,,9281.46
817449,5007583,21048,18,1.1,37052.01
817450,5001728,20356,22,6.5,29094.41
817451,5011225,20229,42,5.3,10624.83
817452,5008383,20669,35,5.5,25654.29
817453,5011217,20602,18,20.9,9050.1
817454,5005046,20712,7,,10056.48
817455,5011970,20952,30,1.8,57230.47
817456,5003757,21339,14,21.1,13739.46
817457,5011521,20817,44,0.7,59891.25
817458,5003915,20408,37,16.0,35726.46
817459,5007969,20793,7,5.6,3330.1
817460,5000906,20077,18,11.5,33772.08
817461,5006068,20368,49,20.4,18018.68
817462,5009677,20010,46,10.2,17548.88
817463,5011867,20865,17,20.7,33509.05
817464,5007807,21049,22,25.3,18049.79
817465,5006282,21128,3,11.1,5233.61
817466,5008968,21094,10,11.0,3725.45
817467,5003378,20057,41,1.4,51664.02
817468,5008789,20635,29,0.7,
817469,5004885,20815,37,1.8,45002.2
817470,5002148,20989,41,21.2,51466.32
817471,5010162,20170,11,0.0,13474.56
817472,5002948,20232,44,6.7,58813.15
817473,5001126,20696,26,6.4,59883.35
817474,5002622,20184,2,0.4,4244.79
817475,5011352,20820,24,1.0,8212.17
817476,5011605,20940,17,10.4,7587.36
817477,5005735,20320,31,20.4,22266.39
817478,5000750,20025,18,1.8,8236.49
817479,5007302,21115,9,1.9,4846.15
817480,5010228,20929,27,16.5,14571.74
817481,5006089,20298,49,6.1,72647.69
817482,5003379,20561,49,10.6,3167.61
817483,5010200,20581,28,16.2,54879.48
817484,5000634,20128,27,0.6,23600.8
817485,5004122,20359,38,21.9,28871.95
817486,5000405,20828,35,15.7,59970.09
817487,5006387,21169,30,,6161.21
817488,5006199,21201,45,0.4,80879.48
817489,5004920,21220,42,0.1,53677.71
817490,5003932,20411,25,20.4,13593.49
817491,5000888,20441,46,25.3,14581.86
817492,5001911,20235,25,6.6,4313.21
817493,5003569,20292,48,20.8,40105.36
817494,5011281,20713,4,0.4,5159.96
817495,5010758,21442,26,1.9,60968.27
817496,5008130,20458,3,0.7,1333.85
817497,5009740,20524,9,16.0,5481.6
817498,5011276,20252,8,1.9,12976.28
817499,5003948,20852,4,1.6,4164.13
817500,5010096,20432,11,,1991.43
817501,5004290,20909,33,1.6,56530.83
817502,5008083,21451,1,21.5,134.84
817503,5001757,21152,38,0.6,89286.59
817504,5010554,20825,24,26.9,37939.08
817505,5008194,21450,1,0.8,2344.01
817506,5010137,20567,30,1.7,15829.35
817507,5005603,20891,33,1.6,58817.18
817508,5011881,20263,34,1.0,50373.2
817509,5008933,20859,30,20.2,395.25
817510,5005143,20035,8,0.7,7478.4
817511,5011024,20195,9,1.3,9938.12
817512,5008967,20356,26,1.4,33726.47
817513,5011491,20700,48,21.4,
817514,5009015,20640,23,20.4,4651.33
817515,5000043,21488,5,1.3,6199.25
817516,5000214,20468,2,0.0,1699.06
817517,5002072,21384,33,0.1,82346.62
817518,5011407,20866,24,0.6,36464.61
817519,5004813,21194,28,11.8,31813.63
817520,5004814,21463,33,10.1,12997.11
817521,5010683,20885,27,1.1,55012.99
817522,5005394,20855,45,0.7,36763.24
817523,5008727,20859,4,0.3,65.84
817524,5008120,21498,34,15.1,864.83
817525,5003589,21345,25,1.5,51458.37
817526,5006200,21218,-5,16.6,-10413.66
817527,5000931,20977,25,6.2,42035.77
817528,5011878,20484,49,26.8,53177.18
817529,5011391,20646,38,,71608.37
817530,5009798,21147,25,1.5,36177.08
817531,5009896,20209,34,10.9,61228.72
817532,5000835,20268,29,15.2,6209.48
817533,5002013,20304,3,26.9,4717.58
817534,5001687,21107,43,,40361.06
817535,5000292,21482,9,1.4,
817536,5003356,20272,31,1.9,2614.13
817537,5005075,21152,8,25.5,14088.43
817538,5005287,20004,13,25.8,18015.83
817539,5002264,20517,43,0.1,2505.68
817540,5004861,21123,34,10.1,61242.34
817541,5009052,21326,47,1.4,11819.06
817542,5011858,21056,27,0.3,32248.15
817543,5006055,21053,41,1.9,65711.86
817544,5000445,21492,42,15.6,63279.64
817545,5007654,20166,37,6.2,40862.84
817546,5000213,20847,22,0.9,34608.93
817547,5004577,20613,41,,46492.26
817548,5006494,20594,9,21.2,12437.6
817549,5003415,21410,33,1.9,12518.96
817550,5008042,21101,34,0.3,27401.45
817551,5006351,20666,20,0.1,6072.32
817552,5011820,20102,30,21.9,
817553,5000399,20615,38,6.2,48789.51
817554,5001051,21380,14,1.9,229.91
817555,5006335,20071,13,15.2,7565.0
817556,5004932,20075,48,1.3,73004.52
817557,5006934,20448,34,1.0,22149.63
817558,5007651,21294,6,16.5,5291.61
817559,5006812,21320,18,,27256.9
817560,5003886,20238,10,20.8,111.43
817561,5004361,21071,3,10.6,6187.11
817562,5007168,20488,38,10.2,11703.85
817563,5003216,21011,16,25.7,27363.56
817564,5004259,21136,41,1.7,46530.22
817565,5011959,20589,3,0.2,5205.46
817566,5002658,21147,48,10.8,62901.84
817567,5000835,20048,1,16.3,10.98
817568,5002192,21389,22,26.9,18922.72
817569,5004600,21044,30,0.1,24103.67
817570,5007246,20566,26,,27434.45
817571,5004919,20056,34,0.2,2839.09
817572,5004493,21218,24,5.3,56758.18
817573,5001524,20580,9,21.6,15605.33
817574,5000461,21384,47,10.5,105072.06
817575,5004162,20039,45,20.7,3348.68
817576,5002540,21181,38,,23150.67
817577,5010098,20469,23,1.2,8500.82
817578,5008193,20904,1,6.8,976.56
817579,5010753,21077,45,1.1,4203.05
817580,5008353,20930,27,25.3,24639.86
817581,5010030,20702,8,0.7,19425.3
817582,5005885,20283,2,21.5,614.94
817583,5010423,20192,22,0.7,45830.72
817584,5011248,20424,23,0.4,34280.68
817585,5009922,20045,12,10.6,1821.61
817586,5004652,21163,33,27.0,26730.5
817587,5001440,21456,33,6.0,68767.0
817588,5001152,20250,43,5.9,41101.91
817589,5002158,20957,38,20.5,70951.21
817590,5010791,20882,20,27.0,1454.89
817591,5005544,21440,12,15.3,19717.55
817592,5005722,21393,17,25.5,19335.28
817593,5000326,20803,12,5.8,20756.74
817594,5011435,21418,15,21.5,228.91
817595,5003230,20908,18,0.5,9464.0
817596,5003700,20792,-10,11.2,
817597,5002358,21487,45,0.1,93826.48
817598,5002001,20463,6,21.7,3922.5
817599,5008723,20469,4,,1267.42
817600,5004274,21078,39,,86595.28
817601,5009974,20020,26,0.8,57093.43
817602,5007943,20115,28,5.3,54121.28
817603,5004973,21342,29,5.8,36794.89
817604,5008564,20983,29,,30108.45
817605,5003548,20963,37,0.4,79880.76
817606,5007126,20591,30,,47033.33
817607,5006502,20100,11,0.6,19160.85
817608,5009135,20160,28,5.7,12476.42
817609,5001114,21263,29,,55519.22
817610,5006010,21035,35,15.4,28863.53
817611,5010890,20591,40,1.5,78091.59
817612,5004779,21062,29,15.3,21504.17
817613,5004016,20386,1,6.7,1883.75
817614,5004005,21064,48,25.2,64031.55
817615,5010844,20863,21,0.2,2766.46
817616,5004611,21038,38,15.7,57293.77
817617,5005256,21304,25,21.8,7791.85
817618,5005885,20872,21,11.2,4550.48
817619,5000178,20541,2,1.9,790.82
817620,5004238,20360,32,10.7,16558.65
817621,5004008,21004,12,1.6,28406.27
817622,5000896,20889,26,1.2,12170.2
817623,5000800,20508,43,1.9,59857.26
817624,5008940,20605,12,11.8,19792.72
817625,5011879,20119,17,21.6,49.45
817626,5009777,21064,40,0.0,71336.4
817627,5003506,20673,35,1.7,7387.1
817628,5000058,21493,2,20.5,703.53
817629,5001617,20050,7,0.9,10607.02
817630,5006477,20318,34,0.7,62082.92
817631,5007841,20649,48,1.5,89052.35
817632,5008850,21430,2,21.8,1446.98
817633,5011356,20926,34,1.2,20131.69
817634,5008299,20062,14,21.0,26621.42
817635,5003625,21104,41,0.4,68063.4
817636,5004211,21206,12,25.5,1440.95
817637,5000435,20932,43,21.4,
817638,5010170,20035,8,5.5,7116.91
817639,5007368,20017,31,1.3,31037.29
817640,5002447,20050,10,15.4,12935.76
817641,5009421,21364,35,5.4,37883.47
817642,5009070,20216,22,16.3,25639.29
817643,5002088,20139,4,25.5,2230.62
817644,5005694,21367,17,26.7,4878.61
817645,5001269,20684,20,15.9,32891.51
817646,5007135,21017,14,0.4,8785.84
817647,5001755,20869,26,20.6,22064.93
817648,5000692,20253,44,21.4,13559.35
817649,5003962,20789,29,0.5,52959.6
817650,5007719,20386,37,16.3,62527.03
817651,5003678,21480,-1,20.8,-63.11
817652,5010063,21181,24,10.7,16506.93
817653,5010659,21198,6,15.9,7987.97
817654,5006644,20133,43,20.1,72148.33
817655,5003755,20134,1,5.9,229.86
817656,5000437,20983,27,1.9,31143.15
817657,5001906,20890,18,12.0,27229.59
817658,5002431,20835,13,1.8,6914.96
817659,5004130,20756,6,16.0,8449.06
817660,5002560,20696,44,0.3,107945.55
817661,5007506,21487,30,11.1,60855.61
817662,5003948,21138,17,6.7,34491.81
817663,5000197,20954,7,0.9,
817664,5009886,20537,47,11.3,13136.62
817665,5003374,20892,30,10.3,55616.24
817666,5011487,20174,11,6.7,22785.5
817667,5010756,20661,42,1.4,60327.35
817668,5000462,20301,46,0.3,24215.59
817669,5004988,21351,22,1.9,34357.03
817670,5006288,20879,40,,38999.44
817671,5001439,20924,3,0.1,5761.82
817672,5001866,21052,5,1.1,11520.17
817673,5009519,20123,42,,59212.92
817674,5002612,20428,1,0.3,22.21
817675,5003323,20682,27,20.7,29677.36
817676,5009272,20705,45,0.6,86768.15
817677,5008430,20382,50,0.3,65328.42
817678,5008058,21077,26,20.8,1944.71
817679,5010155,20321,39,20.9,12958.74
817680,5010455,21175,37,26.1,20974.27
817681,5004822,20843,13,16.8,14926.95
817682,5005264,20758,21,20.3,22386.91
817683,5002528,21402,47,12.0,
817684,5010154,21044,3,1.5,2376.59
817685,5000673,20388,25,25.2,8671.75
817686,5010168,20551,40,5.2,72522.38
817687,5002130,20873,23,0.4,34650.18
817688,5004706,20662,17,5.5,17083.04
817689,5002947,20838,34,1.9,68518.46
817690,5005593,21463,49,5.4,20307.69
817691,5008648,20298,-3,10.3,-4248.87
817692,5006798,20146,4,0.2,394.73
817693,5002406,20189,34,0.7,72814.84
817694,5003734,21414,20,21.3,32176.34
817695,5000509,20138,34,0.2,69437.77
817696,5004307,21016,21,6.1,
817697,5005540,20397,38,10.8,54310.2
817698,5006506,20798,27,1.0,62885.0
817699,5010063,20196,39,,53465.21
817700,5000546,21296,22,20.8,544.67
817701,5004721,20676,4,0.1,8612.22
817702,5008654,20307,9,26.9,6024.59
817703,5004550,20209,49,0.7,98343.1
817704,5005774,20616,49,0.6,10948.62
817705,5009529,20591,41,0.7,80693.98
817706,5007734,21457,38,21.5,
817707,5007371,20978,28,6.2,39535.2
817708,5008673,20885,17,1.0,34672.83
817709,5004729,21181,25,0.1,19235.74
817710,5002892,20140,45,11.2,94834.67
817711,5005671,21413,47,,480.87
817712,5008697,20072,18,25.4,297.3
817713,5008841,21108,5,11.3,8912.13
817714,5006782,21201,23,21.7,32497.96
817715,5008145,20266,22,6.3,28471.23
817716,5001927,20723,46,15.3,18733.71
817717,5003346,21464,49,6.0,2687.6
817718,5005641,20492,24,11.3,52755.92
817719,5003611,21486,22,20.0,16735.31
817720,5011295,21459,7,20.7,1088.16
817721,5002295,20024,40,10.6,2717.76
817722,5009076,21073,22,21.2,20106.81
817723,5001643,20553,31,0.5,
817724,5000621,20770,50,16.8,32177.6
817725,5005226,20987,38,5.8,23292.46
817726,5001182,20251,14,15.8,4900.04
817727,5007531,20924,26,20.7,39638.72
817728,5009001,21039,19,11.3,40556.07
817729,5000200,20445,1,,1486.69
817730,5004607,20850,2,21.8,2748.06
817731,5006972,20686,20,1.6,29430.85
817732,5007338,20429,7,20.3,9813.35
817733,5002240,20049,50,6.9,21833.35
817734,5004585,21009,15,16.4,8480.8
817735,5011592,20004,33,,60463.05
817736,5005102,20014,33,1.4,40885.3
817737,5000220,20886,10,21.6,2100.26
817738,5003618,20475,46,10.6,25111.14
817739,5005491,21289,-9,1.7,-21750.0
817740,5006184,20132,32,21.0,44078.21
817741,5000063,21275,44,5.2,44292.3
817742,5010511,21366,40,21.4,71091.5
817743,5007662,21473,16,0.7,20128.03
817744,5007286,21037,30,20.8,12557.87
817745,5004693,21143,1,15.1,1489.37
817746,5007883,21277,35,6.9,35761.71
817747,5011963,21384,30,0.9,74261.08
817748,5009145,20320,3,0.4,2696.22
817749,5010442,20790,5,0.5,11567.77
817750,5007192,21436,20,16.1,10369.54
817751,5003923,21467,45,26.9,19361.34
817752,5009270,20512,18,5.4,22997.85
817753,5004822,20212,42,12.0,47245.23
817754,5008874,20777,-9,0.8,-9474.3
817755,5011375,20377,35,21.7,26575.18
817756,5000261,20200,45,10.8,25577.61
817757,5001691,20141,11,,11573.9
817758,5003900,20361,45,0.1,22423.1
817759,5007693,20207,25,15.7,51704.98
817760,5001947,21003,9,25.1,14369.79
817761,5002309,21485,6,6.3,13532.15
817762,5004648,21218,32,0.8,79273.66
817763,5001611,21378,43,16.5,25885.35
817764,5009925,21283,33,11.6,734.26
817765,5011890,20447,20,16.4,19924.05
817766,5002497,20677,12,21.8,2152.5
817767,5001342,20073,36,21.1,27236.88
817768,5009150,20432,31,5.8,5291.99
817769,5009598,21048,45,16.1,78580.99
817770,5008061,20250,48,10.4,43687.1
817771,5009724,20678,10,1.2,23519.44
817772,5009616,21013,26,6.3,2549.97
817773,5005433,20180,15,6.6,21341.29
817774,5011892,20804,8,16.8,8292.18
817775,5000560,21391,27,10.7,1483.79
817776,5001359,21362,36,22.0,64004.15
817777,5008147,20032,45,1.9,50578.69
817778,5003011,20007,17,6.5,39008.87
817779,5007796,21011,28,5.1,
817780,5006727,21460,5,0.9,3765.85
817781,5008387,20695,19,1.3,45951.23
817782,5007248,20943,42,0.5,15794.95
817783,5003584,20489,3,1.5,4273.37
817784,5002461,21029,46,10.3,64836.63
817785,5005767,20596,33,21.5,14578.3
817786,5005479,20274,28,6.7,33838.94
817787,5006861,21327,34,16.2,18895.04
817788,5000316,20679,16,25.2,2975.96
817789,5003063,21053,5,1.0,8087.16
817790,5005198,20693,2,1.0,880.33
817791,5004325,21415,17,6.0,7413.92
817792,5010635,20083,22,21.9,13346.98
817793,5001430,20881,10,5.8,20078.54
817794,5007683,20655,19,0.3,42042.28
817795,5010185,20532,22,0.5,29266.49
817796,5005185,20573,18,21.4,8523.46
817797,5000575,20409,47,0.0,54908.22
817798,5008567,20024,42,10.0,2872.8
817799,5001463,21428,23,21.2,10682.47
817800,5002845,21232,35,1.6,13355.49
817801,5004351,20885,39,1.6,79061.47
817802,5011842,20867,23,11.0,2002.78
817803,5004802,20461,50,0.9,557.44
817804,5000889,21383,23,25.4,20570.04
817805,5010290,21263,6,21.6,10644.92
817806,5001622,21338,19,16.5,28469.43
817807,5009369,21306,37,0.6,35882.46
817808,5002611,20071,27,16.8,32865.96
817809,5003352,20407,38,16.3,11448.57
817810,5001759,20069,6,6.2,14009.44
817811,5011071,21082,-3,25.2,-1964.89
817812,5011009,21254,1,1.0,2052.69
817813,5006049,20777,23,,24187.7
817814,5004842,20705,26,1.6,49628.35
817815,5000999,20200,23,20.5,11651.38
817816,5008646,20497,22,5.5,29915.15
817817,5000051,20475,29,10.6,15830.93
817818,5005190,20679,23,20.6,4541.03
817819,5004058,20144,18,1.8,
817820,5009886,20875,15,25.8,20189.04
817821,5001459,20614,31,11.5,64983.91
817822,5003264,21123,38,1.7,74842.85
817823,5003095,20371,7,5.8,8287.41
817824,5004838,20442,25,20.9,6304.27
817825,5000779,20557,48,16.7,38397.04
817826,5003406,20420,25,16.8,41214.99
817827,5001830,21009,7,1.2,4677.29
817828,5002328,20306,31,11.7,43802.0
817829,5010790,20787,49,20.4,11451.18
817830,5002328,20977,13,11.6,20600.21
817831,5007285,20309,18,,28517.11
817832,5001977,20689,19,,36575.46
817833,5004297,20040,19,21.2,24624.3
817834,5007524,20282,14,1.0,25548.28
817835,5011380,21284,32,26.0,51293.96
817836,5000182,20671,39,6.0,
817837,5011488,20673,8,,1453.16
817838,5000153,20852,9,,9378.82
817839,5003487,21338,38,10.2,61234.84
817840,5007671,21221,29,16.8,56531.42
817841,5011928,20996,4,0.5,2660.07
817842,5006568,20674,19,25.9,31570.33
817843,5006699,20958,34,0.4,8491.4
817844,5002517,20048,46,5.3,571.53
817845,5007828,20400,40,11.4,79386.66
817846,5005212,21267,8,26.7,4900.6
817847,5009979,20786,12,20.0,6286.08
817848,5006490,20305,37,6.6,
817849,5004483,20291,16,0.8,17168.42
817850,5005651,20060,28,21.0,9215.63
817851,5002105,20331,20,0.0,4973.8
817852,5009480,20333,21,2.0,41220.71
817853,5003962,20621,48,21.3,7547.64
817854,5003393,20161,41,21.2,55005.34
817855,5003972,20521,26,0.4,47184.07
817856,5009131,20411,3,5.8,1930.41
817857,5011067,21043,3,26.4,345.97
817858,5007908,21069,49,16.2,87738.41
817859,5002684,21472,33,21.0,21725.17
817860,5009058,20805,33,,78400.79
817861,5009673,20631,26,,16636.95
817862,5010589,20972,8,11.3,1838.08
817863,5001346,20789,38,0.8,69186.11
817864,5003627,20745,39,,50240.15
817865,5009056,20671,33,20.6,25397.86
817866,5006639,20257,31,6.3,19251.48
817867,5006084,20339,3,0.9,4188.18
817868,5005483,20485,45,1.9,25206.8
817869,5007922,21151,2,,1555.31
817870,5002829,21017,13,21.8,6405.39
817871,5010080,21142,39,1.4,88183.1
817872,5003843,20591,11,0.4,21715.01
817873,5006008,20524,38,1.7,27084.64
817874,5011772,21176,41,1.1,48049.75
817875,5007974,20595,29,0.6,29135.3
817876,5003868,20179,40,20.0,33543.36
817877,5006325,20771,-10,1.7,-3743.95
817878,5007311,21459,25,1.4,4832.14
817879,5002366,20370,38,6.4,53878.41
817880,5006457,21240,46,15.1,25059.78
817881,5007015,20107,9,10.9,18094.39
817882,5010277,20695,18,1.6,43400.42
817883,5011680,20231,41,0.4,69170.88
817884,5007621,20248,36,26.3,6894.61
817885,5000885,20016,15,10.3,19017.03
817886,5002052,20673,30,20.6,5114.39
817887,5009651,20924,35,10.1,60492.41
817888,5010546,20123,-4,15.5,-5626.01
817889,5001330,21448,13,0.1,7403.11
817890,5004237,21363,-4,10.8,
817891,5002480,20799,4,16.9,3800.6
817892,5003435,21406,22,1.5,1083.28
817893,5006459,21432,28,0.4,55356.56
817894,5005162,20292,8,15.2,7156.85
817895,5007520,20391,8,25.8,11258.16
817896,5002249,20006,-4,15.2,-842.3
817897,5002012,21247,4,,1972.67
817898,5007317,21297,41,21.7,79671.94
817899,5005244,20108,3,5.3,6692.88
817900,5011371,20873,49,0.4,73819.95
817901,5000189,20825,3,26.2,4787.8
817902,5005541,20198,49,11.5,77638.53
817903,5001878,21065,18,0.4,31284.9
817904,5011767,21366,21,0.7,47152.39
817905,5008440,21271,12,20.0,13801.92
817906,5007701,20948,8,25.6,6343.46
817907,5001752,20973,8,0.7,11849.51
817908,5008112,20306,31,21.5,38940.62
817909,5008830,21330,32,1.9,11493.24
817910,5008921,20861,46,1.1,56409.38
817911,5006736,21103,3,16.1,3064.75
817912,5007455,20356,14,20.4,20939.69
817913,5004905,20315,48,1.8,82155.22
817914,5000514,21236,16,20.8,21194.17
817915,5008088,20369,13,0.5,14340.13
817916,5010487,20737,46,15.8,56871.74
817917,5002518,21037,38,2.0,19682.46
817918,5007138,20047,38,5.7,16755.62
817919,5001268,20046,49,,52882.48
817920,5011304,20194,41,11.8,58185.02
817921,5005217,20103,29,20.5,48188.18
817922,5001981,20308,44,16.2,23793.13
817923,5006214,20193,34,1.5,72800.56
817924,5006983,20419,4,1.9,5932.66
817925,5008869,20553,46,,47197.01
817926,5005379,20138,6,1.3,12118.66
817927,5001203,20128,10,5.1,8345.32
817928,5007843,20033,15,11.5,11126.71
817929,5003598,20926,44,25.9,19539.58
817930,5000235,20699,24,25.1,27627.49
817931,5006867,20273,50,22.0,63891.36
817932,5003607,21409,32,0.5,71313.96
817933,5010681,20132,41,16.2,59906.61
817934,5003356,20115,8,6.7,15234.62
817935,5009636,21412,36,6.1,51794.15
817936,5003218,20303,33,5.4,17948.16
817937,5009634,20372,40,5.2,15590.43
817938,5005925,20910,43,1.7,3271.62
817939,5004914,20367,13,20.5,25726.09
817940,5010820,20831,49,1.0,79182.87
817941,5004318,20727,48,25.6,42334.79
817942,5004380,20041,26,,46640.61
817943,5002183,20388,3,21.8,1087.91
817944,5002284,20591,24,10.2,42716.5
817945,5006791,21091,23,6.1,42463.81
817946,5000743,21195,30,5.8,32547.32
817947,5003696,20052,5,0.7,8610.3
817948,5002002,20175,12,1.8,586.49
817949,5011444,20893,30,1.4,70818.37
817950,5011651,20102,34,0.4,26148.09
817951,5010202,21001,45,20.8,35049.45
817952,5001603,21284,42,1.2,89885.73
817953,5011380,21483,15,1.0,18577.2
817954,5011709,21026,18,5.0,3650.51
817955,5011579,21123,1,0.2,1999.6
817956,5002340,20092,37,21.0,16354.77
817957,5002504,20293,21,25.5,
817958,5011681,20687,17,1.4,6792.3
817959,5010220,20296,25,15.9,51479.08
817960,5004074,21418,16,0.5,309.48
817961,5008786,21182,31,1.7,36397.26
817962,5011044,21411,11,10.2,21491.17
817963,5008086,21236,17,21.6,22291.35
817964,5002745,21029,7,1.6,10823.39
817965,5005902,21348,17,26.8,7070.06
817966,5003221,20158,5,,1271.16
817967,5001176,20410,42,25.4,50063.84
817968,5010452,20351,21,26.1,15356.21
817969,5009656,21059,11,,12044.05
817970,5001034,20153,25,20.2,29644.1
817971,5011550,20926,2,27.0,874.98
817972,5001501,20612,21,21.7,16223.32
817973,5002660,20660,43,,23749.55
817974,5006418,20711,45,5.9,19751.4
817975,5006586,21216,35,11.7,30946.41
817976,5002087,20540,5,10.9,3143.94
817977,5004921,20742,14,10.8,6395.1
817978,5007523,20844,8,1.8,2815.51
817979,5003053,20305,4,0.4,9656.9
817980,5001965,20361,3,25.5,1114.8
817981,5003163,21289,32,1.8,77254.65
817982,5010860,21183,28,1.8,
817983,5005032,20288,44,26.8,
817984,5003119,20186,23,20.4,17077.89
817985,5008807,21047,24,0.7,32586.92
817986,5011651,20396,32,6.7,55060.44
817987,5008537,21111,29,5.6,55711.26
817988,5003889,20873,33,6.0,46920.23
817989,5001890,21403,14,1.7,12582.73
817990,5010028,20090,43,1.0,19115.63
817991,5000883,20971,17,27.0,15917.31
817992,5003566,20990,13,16.8,20897.16
817993,5001174,20349,20,1.3,38815.75
817994,5006302,20924,25,26.7,35230.36
817995,5008308,20145,12,,19298.19
817996,5004894,20932,2,0.4,3092.16
817997,5004622,21102,9,5.9,10999.54
817998,5000327,20267,21,2.0,17744.08
817999,5000703,21476,34,1.1,9888.4
818000,5001512,20860,4,0.6,1600.18
818001,5010944,20071,20,10.1,15136.82
818002,5006521,20372,12,0.5,4909.01
818003,5000580,20289,1,21.8,360.83
818004,5000129,20792,6,25.7,7849.25
818005,5001113,21425,29,0.1,6922.04
818006,5001279,21491,49,1.9,92850.56
818007,5005387,21130,50,0.3,64272.6
818008,5011816,20998,16,1.6,1963.91
818009,5007560,20792,24,15.0,35918.48
818010,5002689,20944,31,12.0,35537.38
818011,5008891,20445,30,21.6,35037.04
818012,5001922,21098,25,15.4,15326.35
818013,5002662,20412,4,26.9,2564.61
818014,5010807,20471,17,25.7,25921.46
818015,5009282,21234,34,0.5,52331.97
818016,5008583,21047,23,1.0,31134.79
818017,5005134,20489,6,16.3,7262.57
818018,5011275,21463,36,16.4,13185.06
818019,5003180,20524,47,0.1,34044.68
818020,5001324,21125,24,1.9,13574.29
818021,5011307,20028,30,25.2,
818022,5004984,20744,18,21.1,7088.22
818023,5003968,21271,43,1.5,60893.78
818024,5007113,20964,17,25.8,2463.51
818025,5011265,21382,39,1.6,65801.41
818026,5000222,20179,26,25.4,20331.47
818027,5007668,20091,18,1.6,18452.54
818028,5006572,21086,45,0.6,42419.25
818029,5006722,20541,28,0.0,11285.96
818030,5011998,20674,5,0.7,11133.37
818031,5011370,20940,27,6.3,12601.94
818032,5005484,21433,36,0.9,72553.57
818033,5004175,20390,15,1.7,27629.77
818034,5005918,20043,27,0.7,7055.58
818035,5009014,20786,17,1.4,10975.76
818036,5002614,21129,22,1.1,25664.87
818037,5004163,20869,15,1.0,15872.13
818038,5010094,20833,43,5.3,45339.17
818039,5009002,20807,32,1.2,52656.45
818040,5002258,20745,25,1.6,31913.33
818041,5005110,21436,2,11.7,1091.34
818042,5006381,20429,13,,16898.52
818043,5000414,20358,8,6.0,3214.5
818044,5004114,20653,17,25.2,12794.84
818045,5009602,21033,24,0.6,11987.16
818046,5001085,20233,41,15.1,35951.08
818047,5007036,21166,7,,13695.37
818048,5004190,20452,27,15.0,30158.82
818049,5008474,20372,3,10.3,1106.38
818050,5010416,21328,8,21.5,262.44
818051,5009233,20746,25,11.0,23300.2
818052,5007536,20210,19,25.3,34898.6
818053,5000262,20623,16,1.8,3739.77
818054,5006250,20023,2,15.0,418.23
818055,5009093,20148,42,21.8,24718.39
818056,5002567,20178,44,1.2,
818057,5006605,20894,38,5.1,68505.54
818058,5006094,20456,40,6.1,65022.75
818059,5003203,21149,4,1.1,8650.94
818060,5007431,20811,26,1.3,47290.45
818061,5002949,21203,26,5.0,46986.32
818062,5010644,20813,45,0.7,16241.21
818063,5009351,20767,41,0.4,97911.25
818064,5008764,21074,1,6.2,310.87
818065,5010240,20479,23,2.0,19630.99
818066,5008650,21307,34,,6407.74
818067,5000117,20015,15,11.3,6405.69
818068,5005216,20536,23,20.9,
818069,5008515,20058,24,0.4,32671.75
818070,5002445,21024,5,16.9,7853.49
818071,5000717,20567,31,0.8,16506.75
818072,5008363,20793,37,20.2,14879.63
818073,5009801,20797,26,20.2,24568.33
818074,5009045,21276,11,0.9,14694.98
818075,5005951,20176,11,1.3,9964.01
818076,5009439,20002,25,1.9,16496.01
818077,5010790,20427,39,15.3,65612.79
818078,5011963,21134,27,0.9,
818079,5010298,20412,13,1.3,11253.94
818080,5008339,21134,9,1.1,5621.52
818081,5001577,20794,15,26.3,24002.28
818082,5007419,20843,6,6.4,7750.53
818083,5006743,20871,43,1.6,29696.25
818084,5005030,20995,-4,5.3,-6142.85
818085,5010654,20355,8,1.8,4785.33
818086,5004183,21191,3,26.0,4282.07
818087,5000401,20201,3,26.3,599.62
818088,5005915,20679,37,0.8,9126.82
818089,5002680,21227,43,6.3,76365.14
818090,5008318,20009,47,,71324.93
818091,5000449,21184,38,27.0,53638.06
818092,5001513,20069,46,25.7,85077.24
818093,5001310,20687,40,1.5,15965.67
818094,5010676,20343,9,1.0,8188.02
818095,5010833,20918,40,0.3,10685.85
818096,5000073,20672,18,0.9,38621.95
818097,5001278,20524,33,1.9,23473.01
818098,5011872,20422,22,0.3,
818099,5002750,20029,17,1.3,36235.43
818100,5003085,21100,5,10.8,8058.73
818101,5002856,21002,26,0.2,41334.39
818102,5009081,21445,32,26.9,54211.43
818103,5002040,20598,46,25.8,79614.6
818104,5008232,21382,14,2.0,23525.0
818105,5002566,21373,20,,23578.41
818106,5000272,20284,28,26.8,49089.35
818107,5008555,20135,7,0.3,8224.19
818108,5008597,20401,9,1.1,16137.16
818109,5002850,21038,13,0.7,23088.13
818110,5006213,20351,14,21.3,10902.42
818111,5002019,21469,18,,16235.4
818112,5007619,20018,21,11.1,30112.72
818113,5007879,21434,34,0.3,63591.97
818114,5008942,20763,1,6.8,104.33
818115,5005081,20319,23,1.6,9012.29
818116,5006708,20352,10,16.8,16160.6
818117,5010526,20270,46,1.5,29868.35
818118,5004005,20822,46,26.7,78060.88
818119,5005446,21288,3,1.3,746.44
818120,5011333,20283,37,1.7,14245.79
818121,5006930,21081,18,0.8,2748.22
818122,5000621,20830,9,16.5,11856.57
818123,5005214,20887,45,20.6,19764.41
818124,5008985,21348,1,5.2,538.61
818125,5002152,20724,31,0.0,66227.78
818126,5010226,20537,1,21.1,248.62
818127,5011940,21483,22,5.8,25925.52
818128,5000890,21351,11,1.4,17266.07
818129,5009922,21063,9,,4452.33
818130,5007785,20157,39,1.5,40745.64
818131,5004082,21285,35,0.6,64550.41
818132,5001214,20016,12,26.3,12499.93
818133,5004872,20610,21,0.6,42933.23
818134,5001361,21324,16,26.6,6165.95
818135,5001350,20595,27,5.1,59632.41
818136,5009833,20982,19,10.8,5582.33
818137,5002635,21253,22,15.7,10633.35
818138,5008173,21114,3,5.5,6202.55
818139,5011493,20986,30,1.9,16698.58
818140,5005452,20392,20,1.6,20380.02
818141,5011002,20540,46,11.8,26248.06
818142,5003751,21088,7,16.3,11694.1
818143,5004894,20541,17,0.1,6845.34
818144,5002550,21328,7,11.1,260.06
818145,5000982,21071,49,6.2,106029.74
818146,5003827,20751,29,5.3,31462.99
818147,5005079,20154,31,15.7,18661.58
818148,5006333,20692,13,16.4,861.94
818149,5001155,21318,24,16.5,28107.3
818150,5004193,20090,31,5.6,13140.71
818151,5002822,21281,50,15.6,45850.3
818152,5003924,21394,26,6.0,1359.35
818153,5008710,20439,30,0.5,33914.97
818154,5006339,20469,3,10.9,999.94
818155,5009547,20365,12,26.9,5284.43
818156,5007761,20531,25,11.1,30230.22
818157,5004032,20857,18,16.0,5908.29
818158,5002961,20668,32,11.4,48419.55
818159,5000744,21247,3,11.8,1751.57
818160,5003154,20322,46,,42768.5
818161,5008689,20629,44,20.6,10986.32
818162,5011569,20528,7,1.2,10049.5
818163,5002614,21472,2,10.9,1485.01
818164,5004191,20985,6,0.6,12903.59
818165,5001837,21069,13,16.2,23277.54
818166,5005801,21402,13,21.1,7511.1
818167,5011795,20053,14,11.4,21511.02
818168,5003438,21134,27,0.4,
818169,5007109,20306,22,10.6,31472.54
818170,5010975,20577,13,0.2,31261.37
818171,5007403,20491,38,26.7,15530.55
818172,5001993,20144,30,0.7,41931.81
818173,5004816,21175,24,21.2,14507.02
818174,5006126,20499,28,5.5,11637.64
818175,5001184,20898,27,26.7,17861.58
818176,5011972,20098,45,0.5,46289.29
818177,5006547,20521,5,1.3,8991.87
818178,5002297,21376,30,11.8,23194.57
818179,5003868,20553,4,5.0,4652.61
818180,5005612,21215,3,,6385.77
818181,5010274,20573,22,1.0,
818182,5011147,20984,42,20.5,51139.46
818183,5001079,21002,-10,0.4,-15865.98
818184,5009850,21296,50,1.2,1544.24
818185,5005168,20118,28,5.2,20545.32
818186,5001040,20417,1,0.6,2354.52
818187,5007167,21443,5,1.3,6791.65
818188,5008301,20945,27,10.7,13215.72
818189,5005581,21381,34,1.6,31238.87
818190,5005609,21028,44,11.7,50182.41
818191,5006052,20539,50,0.2,113348.35
818192,5006457,20027,-4,6.6,-55.97
818193,5002992,21134,27,0.4,16983.91
818194,5000699,20687,19,20.3,6136.25
818195,5001692,20766,47,11.9,7047.06
818196,5010991,21347,50,26.5,28641.85
818197,5011616,21153,7,21.0,7717.94
818198,5004682,20843,43,6.8,55308.09
818199,5002270,20051,26,,59240.87
818200,5007274,21378,20,6.7,13452.74
818201,5009024,20438,8,0.8,13577.07
818202,5005852,21491,12,0.7,23017.06
818203,5002136,20380,33,5.0,67527.27
818204,5005966,21022,30,16.1,11579.71
818205,5006127,20082,27,26.5,4183.92
818206,5003110,20358,14,25.2,4476.36
818207,5003817,20575,10,20.1,3846.47
818208,5010437,21322,22,0.2,16074.21
818209,5005739,20782,-9,17.0,-7563.97
818210,5011237,21033,35,11.3,15599.49
818211,5008617,20561,16,15.9,973.0
818212,5000029,21277,42,1.4,45449.26
818213,5003520,21362,28,16.9,5247.17
818214,5009525,20155,8,1.4,13369.21
818215,5001877,20123,6,0.2,9967.03
818216,5010449,20942,46,20.3,56534.64
818217,5009621,20943,1,0.5,
818218,5000495,21431,46,21.6,82065.44
818219,5004912,21316,13,21.4,23113.32
818220,5001466,20325,28,10.2,35162.38
818221,5000630,20549,48,20.3,37806.11
818222,5009147,20137,24,26.2,3827.56
818223,5005872,20698,5,21.3,8416.93
818224,5001654,21098,2,,1076.83
818225,5001655,21240,36,0.5,
818226,5006944,20555,42,26.1,51317.61
818227,5009087,20908,32,,12631.35
818228,5006680,20797,34,1.8,39535.73
818229,5010390,21200,2,1.5,2526.64
818230,5001101,20989,6,26.8,6996.41
818231,5011999,21209,40,11.7,49595.99
818232,5006540,21041,49,25.1,78186.71
818233,5001620,21324,35,,18100.41
818234,5004830,20211,5,21.2,8019.63
818235,5006293,20514,8,1.4,17670.3
818236,5001477,20520,10,1.6,17910.57
818237,5000065,21008,12,21.3,8612.83
818238,5003698,20554,22,26.4,27460.17
818239,5008488,20849,4,21.2,3925.88
818240,5003114,20989,8,11.7,11252.88
818241,5002653,21102,40,21.1,40990.13
818242,5009664,21288,37,26.1,6892.9
818243,5005626,21267,27,5.0,21435.96
818244,5007857,20155,14,0.2,23680.86
818245,5001525,20980,46,6.8,53488.39
818246,5009310,20753,46,15.1,40201.02
818247,5003099,21233,-3,11.5,-3873.41
818248,5009902,20288,22,0.9,19736.91
818249,5005725,20051,9,25.1,15483.2
818250,5008814,20835,47,22.0,19857.62
818251,5005016,20884,5,1.5,1034.0
818252,5002149,20952,26,0.3,50357.37
818253,5009141,20922,3,21.5,129.53
818254,5002242,20429,6,11.3,9361.29
818255,5011053,20599,22,15.2,27202.13
818256,5000841,20605,37,1.0,68500.3
818257,5001142,21377,48,16.3,18542.83
818258,5005487,21037,23,16.9,10101.79
818259,5011350,20197,24,10.6,50979.24
818260,5002457,20490,20,0.6,6713.08
818261,5008959,21063,10,26.0,4639.8
818262,5007426,21302,47,0.1,22951.1
818263,5009402,20985,48,26.0,61660.23
818264,5005809,20153,8,1.7,11685.27
818265,5009889,20551,17,1.2,32122.52
818266,5002945,20215,24,0.6,58654.03
818267,5007825,21194,33,,39620.19
818268,5000812,21069,42,,89473.43
818269,5002805,20052,8,26.5,10197.1
818270,5001063,20836,29,26.2,34780.82
818271,5005577,20881,21,1.5,44089.66
818272,5003299,20428,3,0.3,66.64
818273,5000850,21216,37,25.9,27453.74
818274,5008130,20336,-3,5.8,-5415.12
818275,5008924,20875,34,1.3,60871.86
818276,5004810,20054,34,1.4,72548.28
818277,5003072,21120,11,1.4,5608.36
818278,5010324,20871,9,25.1,4731.1
818279,5006744,20763,34,11.8,3356.86
818280,5000138,21136,24,20.1,22138.88
818281,5002464,21043,41,0.9,6366.47
818282,5003996,20993,44,6.5,72894.32
818283,5002515,20892,13,20.3,21413.6
818284,5003561,20681,37,25.6,4224.45
818285,5011677,20605,47,1.1,86926.0
818286,5001260,20298,43,21.7,53160.66
818287,5007998,20449,47,0.2,
818288,5010596,20350,31,0.5,6617.18
818289,5001581,20232,13,15.1,15812.16
818290,5007103,21193,48,25.4,47632.52
818291,5009981,20061,45,20.3,15156.91
818292,5002548,20858,6,26.3,8973.3
818293,5008619,21333,21,1.0,686.49
818294,5010990,20863,47,21.0,4901.16
818295,5007840,20879,3,1.0,3253.61
818296,5007421,20165,7,10.8,
818297,5009885,21006,29,21.2,32427.67
818298,5008609,20585,45,,101512.44
818299,5002578,20258,6,26.4,191.52
818300,5001648,20834,11,1.9,17883.06
818301,5010044,21186,49,20.7,48751.55
818302,5007282,20553,9,26.5,8099.21
818303,5006161,21401,16,12.0,6261.8
818304,5003508,20329,7,0.2,11936.91
818305,5000179,20214,10,0.0,18882.6
818306,5008195,21174,30,0.8,64685.74
818307,5011204,21392,45,0.7,64280.27
818308,5003943,20068,28,,32201.17
818309,5001009,20023,9,1.3,2185.4
818310,5009139,20066,42,10.2,80168.0
818311,5002751,20536,42,5.4,70537.01
818312,5004726,20305,3,21.2,5730.15
818313,5011859,20161,32,,39771.1
818314,5000614,21451,31,21.8,4164.05
818315,5008934,21182,27,16.8,26831.23
818316,5006041,21140,1,11.8,712.06
818317,5004015,20226,35,1.8,2107.91
818318,5010458,20287,23,0.2,40082.5
818319,5008594,21150,40,11.7,28929.55
818320,5004989,21234,20,1.0,30628.82
818321,5009030,21140,43,,34089.89
818322,5000872,21270,-5,5.9,-7623.51
818323,5006781,20917,13,5.2,3361.86
818324,5005346,20293,1,1.5,
818325,5010692,21136,50,15.2,
818326,5009680,21318,8,10.4,10053.55
818327,5005983,20965,34,1.4,40809.44
818328,5002489,21005,21,5.8,29392.49
818329,5007888,20569,41,0.1,66744.33
818330,5007559,20187,13,21.4,20437.53
818331,5009517,20103,39,15.4,68962.08
818332,5000386,20464,31,0.9,6235.75
818333,5003186,20777,14,15.7,12524.16
818334,5010147,20952,19,0.6,
818335,5002343,21066,9,5.7,1680.09
818336,5000925,20678,44,21.9,81803.85
818337,5010919,20513,24,0.2,30264.31
818338,5009997,20221,22,0.7,36548.58
818339,5006638,21041,45,10.7,85608.92
818340,5007066,21364,28,6.0,30114.55
818341,5008671,20180,32,11.6,43090.83
818342,5003817,21451,40,1.6,6760.87
818343,5002245,20152,37,25.4,25452.91
818344,5008274,20521,28,7.0,47446.44
818345,5007609,20799,42,6.6,44852.51
818346,5010670,21047,21,10.8,25613.39
818347,5005152,20961,41,11.9,57320.05
818348,5011905,21099,22,1.8,48375.89
818349,5011241,21108,35,20.3,56055.0
818350,5002480,20796,49,20.6,
818351,5010352,21135,45,21.5,23732.39
818352,5009265,21032,9,26.3,7177.04
818353,5002895,20067,35,6.4,27705.46
818354,5008351,20182,43,6.7,83784.92
818355,5010812,20173,49,0.4,20459.61
818356,5003649,20185,18,1.2,465.23
818357,5004092,20808,46,,106196.69
818358,5002447,20323,48,10.9,38066.94
818359,5011772,21492,46,10.6,73412.1
818360,5002920,20088,18,16.4,
818361,5000566,20638,36,0.0,79494.12
818362,5004403,20508,39,5.0,52573.58
818363,5005415,20857,17,11.4,5885.63
818364,5009082,20809,4,20.5,
818365,5009146,21350,10,1.9,7534.57
818366,5004244,20282,3,10.3,4960.35
818367,5003500,20444,2,1.1,3870.45
818368,5009874,20651,11,1.8,25484.29
818369,5000955,21004,42,16.6,84266.16
818370,5003506,20812,25,1.1,49306.6
818371,5004556,20230,42,11.6,14572.74
818372,5001615,20809,40,5.6,91216.45
818373,5011774,20852,45,0.9,47179.73
818374,5006847,20335,15,0.7,19811.69
818375,5004887,20469,31,16.1,9729.71
818376,5010033,20781,36,1.9,29468.38
818377,5010934,21145,48,5.5,66316.32
818378,5009026,21077,3,1.4,279.35
818379,5006589,21323,21,25.9,37875.47
818380,5010062,20445,24,11.0,31819.35
818381,5001411,20556,29,15.5,16066.46
818382,5004950,20898,30,0.1,27048.22
818383,5009853,20671,44,25.7,31688.68
818384,5011281,21421,2,20.9,2160.54
818385,5007317,20541,44,0.4,17664.14
818386,5001156,20132,33,5.2,54546.78
818387,5000641,20644,5,1.2,11444.65
818388,5007447,21281,21,1.5,22474.25
818389,5003769,20747,45,20.8,72887.36
818390,5007603,20833,15,0.1,16684.45
818391,5006060,21288,49,1.0,12228.89
818392,5006632,20577,24,0.7,57424.16
818393,5000533,21061,44,26.5,70610.83
818394,5007173,21480,37,21.6,2311.36
818395,5003902,21180,40,6.6,74873.92
818396,5003482,20078,25,10.7,27643.48
818397,5010442,20860,28,1.7,11077.31
818398,5008046,20205,32,16.6,26578.05
818399,5008674,20478,28,5.1,62320.64
818400,5001081,20191,14,16.7,15145.56
818401,5010773,21209,22,0.2,30830.4
818402,5001727,21239,40,26.0,62657.87
818403,5009469,20784,19,5.3,22941.07
818404,5006131,20111,46,1.5,31756.87
818405,5005350,21217,38,1.9,54098.95
818406,5008664,20312,8,,11252.67
818407,5004384,20453,21,1.5,2980.5
818408,5000067,20943,34,20.3,10241.96
818409,5011631,20821,31,10.4,50425.66
818410,5003104,21444,30,0.6,24195.65
818411,5005980,20109,31,0.2,52862.83
818412,5010736,20169,47,1.9,83569.4
818413,5005551,20755,13,16.3,9362.67
818414,5005008,21151,28,0.7,21708.81
818415,5010030,20620,43,16.9,60451.3
818416,5001919,20329,19,12.0,28569.3
818417,5007101,20389,24,1.3,54508.93
818418,5003210,20039,31,1.3,2871.22
818419,5002401,20418,49,1.8,
818420,5006652,21328,17,1.7,698.35
818421,5007728,20473,18,6.5,5112.28
818422,5009235,20958,26,21.2,5137.37
818423,5011730,20694,28,6.9,49439.0
818424,5006215,21370,1,0.1,1593.13
818425,5008544,20200,5,1.2,3147.82
818426,5007990,20936,10,25.6,5188.51
818427,5006621,20281,35,16.6,22944.8
818428,5002332,21331,41,10.8,56113.15
818429,5008873,21185,39,5.9,45281.8
818430,5010861,20067,27,16.0,19180.7
818431,5001714,20980,19,1.1,23444.22
818432,5001436,20917,30,1.2,8085.5
818433,5009114,20746,36,5.7,35550.35
818434,5003485,20939,27,26.5,26054.5
818435,5006554,20772,4,15.1,1145.81
818436,5005941,20685,6,16.0,12110.41
818437,5008328,20623,31,20.6,5858.62
818438,5002810,20909,32,,52366.57
818439,5003321,20284,39,1.5,92006.61
818440,5006489,20979,4,11.2,7927.6
818441,5008678,21431,39,11.4,78629.35
818442,5010737,21472,5,26.2,3075.02
818443,5011955,20797,37,26.7,32114.79
818444,5006883,21313,29,20.1,50706.03
818445,5001427,21078,15,5.7,31724.69
818446,5002382,20582,50,21.3,48279.3
818447,5003027,21119,40,6.7,25088.74
818448,5005579,21059,30,10.9,29296.35
818449,5011005,21475,26,11.9,5986.02
818450,5002262,21483,43,6.9,50080.88
818451,5011543,20894,10,10.7,16963.96
818452,5004590,20348,10,0.7,1273.03
818453,5001779,20555,4,15.5,5588.42
818454,5005033,20208,43,15.4,43724.9
818455,5004603,20827,29,5.3,26395.51
818456,5006256,21469,33,26.0,27881.05
818457,5000416,21059,33,,26583.72
818458,5002417,20195,1,1.9,1097.52
818459,5009584,21374,18,21.0,15514.02
818460,5002861,21086,10,6.5,8866.98
818461,5004334,21268,24,26.9,37124.16
818462,5009510,20662,14,1.7,14634.1
818463,5004135,20628,20,15.5,26144.47
818464,5003844,20477,13,1.0,22321.34
818465,5011935,20687,10,0.2,4044.1
818466,5000189,21138,50,1.1,107535.45
818467,5004174,20218,19,,29947.83
818468,5000843,21368,48,25.2,84403.12
818469,5008630,20212,29,10.3,33251.9
818470,5003442,20223,38,5.4,72163.45
818471,5007137,20162,3,25.0,3281.38
818472,5006859,21105,44,16.8,87848.95
818473,5008429,20464,10,1.3,2003.41
818474,5009603,20521,22,0.9,39724.55
818475,5006145,21484,33,5.4,53760.52
818476,5009405,20277,13,1.1,26141.37
818477,5009124,21410,32,,11050.62
818478,5006168,20074,12,1.1,29631.31
818479,5000181,20287,35,15.6,51583.04
818480,5008258,21196,42,25.2,42656.33
818481,5011359,21493,40,6.1,9421.55
818482,5011891,20215,21,0.6,51322.28
818483,5005938,20183,48,15.6,
818484,5003054,20543,43,0.7,98665.86
818485,5001716,21063,50,15.3,26553.45
818486,5006420,20850,47,1.3,81508.72
818487,5006968,20969,50,0.3,111994.51
818488,5005344,21497,38,,46092.66
818489,5001372,20047,9,,3518.15
818490,5003376,20436,41,0.6,57921.21
818491,5007101,21450,2,0.7,3455.32
818492,5001713,21085,26,0.3,47273.95
818493,5009394,21040,20,20.7,27676.18
818494,5006500,20274,41,15.1,45088.79
818495,5004572,21059,10,5.1,10401.13
818496,5002942,20665,25,25.8,21140.88
818497,5008952,20546,26,,17923.04
818498,5008648,20954,13,6.7,
818499,5008565,20718,22,26.8,
818500,5004604,20352,5,0.1,9702.19
818501,5006860,20579,46,16.9,
818502,5009619,20073,23,10.2,19805.33
818503,5000563,21227,25,0.7,
818504,5004616,20578,33,15.3,62935.59
818505,5001560,20024,40,15.8,2559.68
818506,5008312,21236,42,16.3,58795.77
818507,5005940,20492,11,0.5,27123.9
818508,5011044,21225,44,11.8,69368.52
818509,5008440,20912,13,1.5,14227.0
818510,5001430,20037,14,5.8,22196.72
818511,5003490,20129,6,26.0,5014.18
818512,5005359,20019,18,0.4,9503.99
818513,5002219,20336,44,,62306.51
818514,5001061,20928,12,0.6,9371.47
818515,5003693,20353,8,25.5,2847.93
818516,5002772,21082,46,10.2,36170.11
818517,5000944,20665,19,0.2,21610.42
818518,5006268,20059,15,0.3,9848.02
818519,5011398,20411,50,12.0,30055.96
818520,5011723,20598,39,11.3,85233.0
818521,5004645,20955,33,15.3,55250.46
818522,5006669,20106,49,15.1,38765.89
818523,5007407,21230,19,11.5,11597.31
818524,5008016,20623,43,1.0,10132.51
818525,5010150,20589,50,20.4,69197.47
818526,5002891,20987,24,1.1,15445.02
818527,5007773,21278,13,10.6,26537.44
818528,5007923,20451,40,20.2,41522.81
818529,5004647,21184,31,5.4,
818530,5007528,21201,2,0.5,3591.03
818531,5002629,20683,18,,14531.65
818532,5007553,20434,18,15.9,19293.68
818533,5001907,21350,13,11.1,26675.75
818534,5008720,20010,40,25.2,12710.91
818535,5011099,20457,18,1.2,44280.38
818536,5011831,21006,24,6.3,31911.15
818537,5004132,20634,6,26.5,5379.19
818538,5009598,21194,9,20.4,9228.74
818539,5003910,21033,22,1.7,10866.63
818540,5010749,21328,40,11.9,1472.68
818541,5011232,21362,48,25.2,49115.24
818542,5008555,21463,10,26.3,3228.8
818543,5001956,20907,24,20.9,40287.47
818544,5000156,21141,1,20.3,1205.14
818545,5010222,20013,17,5.5,663.48
818546,5006458,21383,29,0.0,34766.94
818547,5005311,21083,33,0.9,5897.66
818548,5006796,20232,7,5.5,9476.98
818549,5005909,20633,31,1.6,661.02
818550,5009038,20980,30,0.2,37354.04
818551,5000732,20074,16,1.7,9714.71
818552,5007284,20708,41,0.3,23884.84
818553,5006492,21429,43,1.7,66653.56
818554,5008485,20517,44,5.0,2438.19
818555,5000956,20435,15,1.4,18434.26
818556,5007629,20835,8,26.6,3180.69
818557,5007848,20923,31,1.3,12383.83
818558,5005099,20928,9,15.9,5946.74
818559,5004026,20622,20,5.5,20231.88
818560,5010982,20954,34,1.0,70569.2
818561,5004025,20182,1,0.8,2071.7
818562,5003408,20469,23,6.4,8053.41
818563,5000394,20290,24,0.3,10800.14
818564,5005463,21033,4,25.0,
818565,5005718,21162,39,6.8,76135.25
818566,5001957,20798,18,,31548.37
818567,5008546,20858,5,26.5,7457.46
818568,5000490,21189,20,16.8,34709.54
818569,5008037,21293,35,6.3,58267.86
818570,5009689,21383,45,25.4,40245.73
818571,5001509,20730,15,26.8,14072.3
818572,5009703,20424,30,0.2,44803.71
818573,5007299,21063,43,1.8,26475.7
818574,5004004,21282,6,0.7,14170.33
818575,5003604,20539,32,20.2,58005.28
818576,5009165,21446,19,5.8,15154.59
818577,5007010,20501,6,0.5,5271.93
818578,5011783,20071,-6,0.6,-6172.26
818579,5008173,20070,32,21.0,15862.44
818580,5006758,20157,20,5.5,20046.66
818581,5008525,20701,25,0.3,2974.05
818582,5006313,21061,47,,102003.61
818583,5003270,21174,45,16.3,81867.89
818584,5008191,20622,11,16.4,9844.04
818585,5001349,21317,7,0.6,
818586,5008480,20575,26,10.7,11177.38
818587,5002220,21259,26,11.4,14423.3
818588,5008953,21359,48,11.8,33959.82
818589,5009250,20566,41,1.2,50344.96
818590,5003010,21094,8,12.0,2946.87
818591,5003749,20977,32,26.4,42218.61
818592,5009467,20200,19,25.6,9007.6
818593,5011864,20298,38,2.0,58798.98
818594,5008742,20135,26,1.3,30240.61
818595,5002278,20943,27,21.5,8010.86
818596,5006998,20523,15,16.5,12994.19
818597,5001672,21380,-2,1.3,-33.04
818598,5008320,21378,18,11.7,11458.62
818599,5003786,20099,20,25.8,21971.51
818600,5007657,20662,34,,32177.58
818601,5008131,21241,33,11.8,2983.36
818602,5007319,21445,35,10.7,72434.09
818603,5001473,20138,19,15.1,33010.16
818604,5009838,20652,10,,12944.78
818605,5009167,21406,20,1.3,986.8
818606,5009708,20948,38,25.2,30293.45
818607,5006342,20956,43,,56014.16
818608,5002879,21208,18,1.0,9411.99
818609,5000059,20582,30,10.7,32869.19
818610,5002712,20990,3,1.3,5720.83
818611,5006329,21397,43,11.4,11347.87
818612,5007079,20676,24,26.3,38121.35
818613,5010529,20215,14,25.2,25747.19
818614,5010818,20821,23,10.6,37329.08
818615,5010884,20548,-3,1.9,-1324.0
818616,5002310,20280,23,16.7,11919.77
818617,5001067,20454,24,1.6,50571.07
818618,5004908,20878,15,0.9,35521.4
818619,5001471,20106,32,20.8,23616.81
818620,5008768,20015,40,0.1,19238.74
818621,5008128,21448,50,,26535.36
818622,5004066,20897,24,0.5,29386.01
818623,5001581,20112,15,1.8,28800.54
818624,5001144,20995,15,20.6,19313.97
818625,5009027,20442,38,1.3,
818626,5001063,21191,10,6.6,18015.55
818627,5011172,20075,42,1.5,63749.52
818628,5007829,20428,1,1.7,21.9
818629,5008437,21374,31,25.8,25095.18
818630,5010254,20709,27,15.9,19309.12
818631,5005506,21343,16,26.9,28660.93
818632,5011268,21019,36,20.1,34056.58
818633,5005933,20225,46,0.6,95539.84
818634,5011235,20961,32,16.3,42503.26
818635,5011273,20230,2,6.5,733.98
818636,5005885,21270,21,7.0,31644.46
818637,5004597,21325,41,0.6,87290.99
818638,5011323,20792,24,0.8,41918.98
818639,5005164,21262,32,,37665.92
818640,5011594,20601,38,20.4,35643.94
818641,5011870,20830,35,6.0,
818642,5001440,20025,-3,25.9,-1035.85
818643,5006024,21144,49,0.2,8254.66
818644,5003609,21072,18,11.5,31174.53
818645,5003917,21016,10,21.0,16305.84
818646,5002530,20250,6,26.6,
818647,5008436,21175,4,6.1,2881.15
818648,5011874,21314,6,11.8,10036.97
818649,5002639,20849,26,0.9,32092.07
818650,5003641,21271,36,,51239.63
818651,5004311,20111,22,0.1,15403.94
818652,5003877,20938,6,21.2,3196.51
818653,5002021,20281,25,21.8,15367.28
818654,5002445,21041,49,22.0,81422.74
818655,5000100,20375,29,0.5,44134.88
818656,5009730,20049,4,20.6,1489.64
818657,5010222,21176,7,,6909.62
818658,5005386,21061,34,,73492.91
818659,5008334,20609,21,6.9,41348.41
818660,5000180,20025,10,0.3,4645.72
818661,5002674,20307,27,1.0,24477.46
818662,5010703,20316,25,1.4,4444.89
818663,5005340,21326,34,1.9,8506.6
818664,5002524,20200,36,0.4,22847.8
818665,5004385,21390,-1,0.1,-499.63
818666,5007164,20835,36,1.3,19246.62
818667,5002744,20660,12,11.7,7940.75
818668,5007436,21062,31,20.3,21630.24
818669,5010993,21202,35,10.3,48339.51
818670,5000662,20454,11,1.9,23107.74
818671,5004433,21103,7,20.6,6767.53
818672,5007872,21409,25,0.7,55602.04
818673,5003755,20121,1,26.6,686.46
818674,5007310,20739,32,1.7,74188.98
818675,5009790,20480,10,6.2,
818676,5001873,21029,34,11.4,47335.05
818677,5008111,20459,47,26.9,61467.08
818678,5006664,20120,35,26.5,1459.64
818679,5009802,21102,16,5.8,19575.51
818680,5000469,20612,-5,1.0,-4883.87
818681,5002228,20641,7,16.2,12919.86
818682,5007980,21198,35,25.3,41388.32
818683,5006447,21083,7,,1117.21
818684,5001798,20854,50,6.4,96626.56
818685,5006802,21306,-5,0.1,-4873.37
818686,5004403,20894,7,11.4,11781.69
818687,5000492,20726,47,0.4,59569.21
818688,5000176,21300,14,15.8,6711.62
818689,5004511,20302,15,25.7,14610.09
818690,5011557,20077,16,,29951.78
818691,5001119,21033,43,0.0,21606.64
818692,5000338,21253,3,21.5,1350.24
818693,5001831,20951,17,20.3,3401.61
818694,5008172,21300,20,,9622.18
818695,5006348,20273,46,11.4,66768.11
818696,5006125,20868,26,25.1,19852.38
818697,5011511,21012,16,1.2,6940.19
818698,5011780,21048,49,0.8,101169.77
818699,5001672,21177,9,,21602.46
818700,5002534,20898,18,16.3,13597.22
818701,5007371,20730,38,26.2,35942.03
818702,5004552,20319,46,17.0,15203.66
818703,5009105,20751,4,16.1,3844.8
818704,5010266,20007,15,0.9,1738.46
818705,5000637,20787,32,20.1,7506.51
818706,5004414,20722,20,21.5,36942.41
818707,5003510,21206,46,,7288.24
818708,5004857,21081,17,7.0,2433.32
818709,5007817,20487,8,6.3,13493.62
818710,5004503,20101,27,20.8,5686.65
818711,5011933,20859,27,0.9,441.76
818712,5010374,21345,50,21.5,82019.94
818713,5001213,20039,35,,2729.34
818714,5003376,20390,1,25.5,1396.01
818715,5010388,21392,47,26.1,49964.12
818716,5007115,20420,12,,19997.2
818717,5002248,20938,33,0.7,22154.47
818718,5011471,20220,5,0.1,4140.85
818719,5011356,20564,-1,0.8,-1631.94
818720,5009932,20641,16,10.9,
818721,5003994,21497,36,12.0,46130.52
818722,5004685,20834,26,26.7,31583.3
818723,5011263,20787,32,0.1,9385.49
818724,5010855,20519,43,0.9,48723.28
818725,5006277,21346,29,1.5,
818726,5000993,21474,18,0.7,6265.19
818727,5002224,20076,15,26.6,26514.28
818728,5005191,20368,19,15.4,7425.71
818729,5004456,21200,6,0.9,7626.1
818730,5005463,20742,25,0.4,12751.29
818731,5005824,20105,27,21.1,24630.1
818732,5002273,21470,22,21.0,31953.48
818733,5009803,20012,16,20.6,22467.15
818734,5005211,20314,37,25.7,6248.98
818735,5003065,21391,12,10.8,658.72
818736,5006074,20489,21,16.3,25418.98
818737,5001550,21082,42,,36334.73
818738,5007791,20187,37,15.1,62830.71
818739,5011668,20085,47,1.9,80887.82
818740,5005649,21279,11,26.4,8411.66
818741,5010717,20280,45,25.8,20773.59
818742,5000736,20416,25,,8197.7
818743,5001714,20045,-5,11.9,-747.97
818744,5009224,20632,33,,32937.1
818745,5002850,20418,41,16.9,
818746,5003053,20090,39,25.8,12994.32
818747,5004079,21499,14,5.9,28998.61
818748,5009952,21190,17,,6824.93
818749,5009080,20319,17,25.1,5070.41
818750,5006450,21184,17,16.7,27381.71
818751,5006995,20455,23,6.1,37573.16
818752,5002449,21063,20,1.9,12301.74
818753,5002070,20789,48,5.7,83076.19
818754,5001637,21243,11,,24053.76
818755,5004474,21214,21,16.0,33987.16
818756,5007144,21188,8,1.4,6145.62
818757,5001841,20414,3,5.4,2725.13
818758,5000202,20259,29,0.5,34358.23
818759,5004807,20907,28,15.4,50270.2
818760,5005000,20319,4,21.1,1256.75
818761,5001561,21263,31,1.7,68958.88
818762,5002513,20580,7,0.9,15342.15
818763,5001931,21402,32,1.1,23175.51
818764,5004638,20624,40,1.0,73331.68
818765,5010181,20808,33,5.9,72340.76
818766,5000093,20543,33,0.8,75644.06
818767,5004431,20266,37,21.0,40371.31
818768,5002491,20810,15,10.2,24946.04
818769,5005446,20037,31,21.3,41062.59
818770,5006024,20642,40,15.5,36425.92
818771,5002610,21097,39,0.4,96540.94
818772,5003114,20733,45,10.4,20255.56
818773,5011785,20934,8,20.4,7423.56
818774,5006847,21466,25,20.1,47913.03
818775,5005374,20955,27,15.6,45044.81
818776,5007424,21177,22,25.1,39991.61
818777,5011774,20462,3,,3980.75
818778,5003108,20250,44,1.2,44158.42
818779,5009413,21051,23,1.3,39926.06
818780,5001069,20198,7,15.8,10552.32
818781,5000719,20784,5,0.1,6368.62
818782,5002355,21042,-9,25.9,-16361.46
818783,5010903,21371,28,0.3,66674.02
818784,5005093,20616,36,5.6,7639.26
818785,5005975,20443,46,1.7,83838.24
818786,5005653,21029,45,11.7,62437.19
818787,5007895,21403,12,1.3,10829.09
818788,5006881,20473,25,20.3,6052.42
818789,5011248,20295,43,16.3,1855.34
818790,5006843,20325,18,5.9,23686.78
818791,5002623,20924,4,0.3,7667.05
818792,5002149,20763,12,5.3,1272.09
818793,5003706,20585,21,2.0,46471.49
818794,5000420,20113,47,26.4,23437.81
818795,5006397,20433,15,16.5,4318.37
818796,5008737,21383,2,,1774.31
818797,5001315,20517,9,1.4,517.62
818798,5008942,21266,12,0.2,16947.96
818799,5005069,20901,40,20.9,11743.19
818800,5005391,20676,-8,10.9,-15362.34
818801,5005344,21482,42,1.0,31636.56
818802,5004286,20155,25,21.9,33092.53
818803,5000739,20677,35,26.1,5932.91
818804,5001747,21161,37,,82633.11
818805,5002184,20264,33,10.9,587.18
818806,5003648,21362,-8,16.9,-16384.93
818807,5010327,21306,41,0.7,39721.64
818808,5008424,20951,37,16.4,7765.79
818809,5006891,20472,26,21.8,25290.16
818810,5001936,20841,7,0.0,3086.86
818811,5000765,20237,3,,4560.11
818812,5002909,21423,38,21.7,31246.16
818813,5004990,20509,46,6.0,38228.48
818814,5002654,20100,25,26.2,32331.96
818815,5011596,21460,7,1.5,5240.27
818816,5006000,21390,11,15.8,4632.2
818817,5011900,20156,44,15.9,
818818,5000270,20020,3,6.7,6877.03
818819,5011906,21419,34,11.9,26859.75
818820,5010681,20029,8,11.7,15255.2
818821,5001322,21218,45,,87991.66
818822,5009123,21457,19,16.6,27850.61
818823,5000121,20306,47,21.9,58738.17
818824,5010463,21384,37,25.6,68760.81
818825,5006115,20915,23,6.4,21575.58
818826,5007980,20866,7,6.6,9993.53
818827,5005612,20864,45,,6919.97
818828,5005295,20898,48,,34613.06
818829,5009336,20169,7,,3401.23
818830,5008039,21121,23,10.6,41256.21
818831,5010513,20518,50,1.9,60193.18
818832,5009372,20290,33,16.7,12407.44
818833,5011120,20128,14,20.3,9812.12
818834,5005370,20250,23,5.1,22171.65
818835,5000131,20441,44,1.2,18447.78
818836,5007042,21378,-1,,-534.94
818837,5000888,20638,17,10.8,33484.69
818838,5011751,20023,36,16.7,7377.65
818839,5001325,21366,25,26.2,41718.77
818840,5006240,20999,38,26.3,42552.6
818841,5006500,20543,35,21.6,63406.43
818842,5005497,21191,34,1.7,64466.36
818843,5000891,21146,47,6.3,65283.85
818844,5009928,20727,45,26.1,39422.14
818845,5008954,20868,4,26.2,3009.36
818846,5001860,20886,35,1.4,9244.88
818847,5008963,20866,12,2.0,17975.51
818848,5007357,20113,16,1.8,10645.67
818849,5005968,20229,36,,9616.68
818850,5001462,20339,3,20.2,3372.52
818851,5010089,21438,30,0.8,54582.22
818852,5007554,20446,24,26.1,9377.38
818853,5010892,20189,21,6.9,42165.84
818854,5008544,21468,31,1.0,73056.32
818855,5002791,20421,28,1.4,26524.94
818856,5001361,20382,14,,14604.21
818857,5009090,21400,43,16.2,80542.48
818858,5010769,21179,27,25.9,37615.56
818859,5008003,21489,41,11.7,53036.67
818860,5009719,20775,8,5.2,18082.15
818861,5008118,20056,28,15.8,1972.6
818862,5000295,20844,21,1.0,7450.93
818863,5005570,20094,47,26.1,32022.09
818864,5000800,20170,41,11.5,44447.67
818865,5006317,20596,27,25.4,11335.11
818866,5001652,20699,48,25.8,54738.59
818867,5002121,20194,21,6.7,31525.33
818868,5001798,20111,50,0.1,35008.96
818869,5010920,21410,43,6.9,15481.16
818870,5009288,21041,26,1.0,54835.72
818871,5004655,20879,24,,19429.61
818872,5002763,20896,24,0.1,54679.43
818873,5000217,20747,41,,70684.79
818874,5001932,20838,46,11.9,83251.75
818875,5011012,20461,41,1.4,454.79
818876,5000182,21243,25,5.6,52022.42
818877,5004016,21157,14,0.4,21807.44
818878,5003190,21304,24,1.2,9450.65
818879,5001598,21199,12,0.5,2306.69
818880,5011168,20687,3,5.5,1148.8
818881,5005191,20660,22,5.3,15613.21
818882,5009770,20204,8,6.9,1941.54
818883,5006250,21473,48,6.3,56978.75
818884,5003031,20054,13,6.2,26388.67
818885,5009859,20549,4,16.1,3316.53
818886,5001495,21020,24,11.6,48810.38
818887,5003119,21230,24,25.1,12398.05
818888,5008173,20713,8,6.6,9677.51
818889,5010124,21320,1,0.6,1785.51
818890,5007272,20044,50,10.3,38525.25
818891,5005324,20561,6,16.8,360.97
818892,5011289,20145,15,1.4,24220.99
818893,5000415,20235,22,0.4,4047.58
818894,5008048,20995,44,20.2,56939.73
818895,5007793,20120,15,6.7,794.08
818896,5000456,20644,16,1.5,36511.66
818897,5008245,20091,30,0.3,31160.54
818898,5007296,21357,42,21.1,75942.02
818899,5006197,20851,3,27.0,5281.6
818900,5007612,20553,48,25.3,43901.01
818901,5005639,21497,4,15.7,4910.1
818902,5010038,21091,44,,63240.54
818903,5008840,20893,29,20.7,55057.81
818904,5009204,21265,29,1.5,28335.91
818905,5009633,20734,24,6.2,39726.93
818906,5000577,20051,41,1.1,93135.78
818907,5003863,20260,49,0.0,80808.84
818908,5011045,20584,17,1.8,35124.18
818909,5007440,20651,25,21.9,46063.77
818910,5008815,20023,45,1.2,10938.05
818911,5008669,20193,13,1.3,27892.03
818912,5008204,21464,50,11.7,2576.15
818913,5003991,21223,6,0.5,13017.41
818914,5011340,20829,32,1.4,66044.33
818915,5004007,21153,29,0.9,40109.59
818916,5001194,21233,44,16.8,
818917,5004439,20015,31,16.7,12432.48
818918,5010587,20871,27,21.1,14951.3
818919,5004952,20246,25,5.2,55649.02
818920,5011573,20874,16,,1652.25
818921,5004041,21109,39,26.7,63774.74
818922,5002065,20791,32,20.3,
818923,5001336,20010,-5,1.2,-2098.66
818924,5002150,20851,43,1.5,102147.13
818925,5009395,20418,5,,5609.11
818926,5010806,20652,37,5.3,57853.59
818927,5000383,20907,19,1.3,39797.24
818928,5008300,20271,30,7.0,65966.76
818929,5007944,21413,36,5.2,395.88
818930,5008460,20028,33,10.9,40968.67
818931,5008341,20366,22,0.2,
818932,5006950,20196,21,25.5,21490.75
818933,5002993,20903,8,11.0,8804.09
818934,5011719,20905,47,16.6,70080.93
818935,5005993,21015,30,20.0,39875.28
818936,5000655,20131,34,25.7,27269.07
818937,5003896,20446,6,25.6,2360.21
818938,5004585,21277,13,0.4,14210.3
818939,5001055,20082,10,25.3,1574.9
818940,5008519,21360,43,26.8,38626.72
818941,5007919,21478,14,6.7,29169.67
818942,5008139,21355,18,25.9,31273.21
818943,5006424,20471,19,20.0,31193.59
818944,5001782,20882,27,1.4,2652.88
818945,5003305,20475,30,2.0,17952.23
818946,5005924,20505,10,25.0,17852.7
818947,5009137,20297,36,11.6,48847.61
818948,5008812,21325,17,25.2,27236.4
818949,5002352,20129,21,1.7,23312.55
818950,5003633,20961,4,11.6,5611.24
818951,5010778,20365,36,1.3,21405.19
818952,5009797,20192,17,15.7,30065.0
818953,5003745,20833,23,16.0,21511.08
818954,5003145,20831,5,0.7,8104.37
818955,5004516,20974,11,2.0,24200.45
818956,5008895,20291,10,0.7,10741.08
818957,5001462,20438,10,21.2,13481.26
818958,5007319,20997,37,1.9,39194.23
818959,5002757,20371,47,15.8,49737.0
818960,5010325,20089,23,10.4,38175.7
818961,5008051,20439,5,15.4,4806.04
818962,5010413,20922,34,17.0,34574.58
818963,5011751,21149,35,16.8,63679.32
818964,5009446,20791,39,26.8,55234.96
818965,5007192,21286,16,1.4,15938.97
818966,5007537,20227,26,5.2,50637.1
818967,5005436,20700,6,,5780.6
818968,5010826,21268,41,,85457.08
818969,5007533,20099,27,15.3,33858.93
818970,5007274,20058,20,0.8,27117.11
818971,5010637,20388,14,1.2,6414.31
818972,5010439,20717,47,0.6,27987.35
818973,5007996,21301,42,5.6,44901.76
818974,5007279,20604,36,6.0,60107.28
818975,5006660,20711,23,6.5,10030.79
818976,5005704,21132,50,11.6,15962.39
818977,5005410,20716,13,10.9,3056.87
818978,5000784,20507,9,25.3,9732.21
818979,5010987,20261,47,0.3,49336.44
818980,5000062,20246,8,6.5,17563.49
818981,5009323,20555,21,0.2,34651.54
818982,5010394,20453,18,21.9,2025.62
818983,5005415,21480,17,15.7,1141.89
818984,5007921,21224,35,1.4,
818985,5005025,20006,9,0.9,2214.77
818986,5008068,20810,9,0.3,16617.73
818987,5008228,21145,13,1.5,18720.91
818988,5007592,20922,18,16.4,26141.84
818989,5011274,20126,21,0.0,
818990,5000834,20632,1,16.8,981.58
818991,5004423,20149,37,27.0,29857.12
818992,5004402,20233,44,5.6,42898.8
818993,5011228,21263,33,1.9,73258.48
818994,5007008,20902,15,1.0,35625.74
818995,5007266,20814,22,10.9,29363.8
818996,5007995,20717,4,0.2,2391.49
818997,5005892,20545,5,5.7,5496.84
818998,5007930,20998,17,25.3,1584.07
818999,5008836,21478,39,7.0,80997.08
819000,5007333,20243,13,20.8,22947.83
819001,5008735,21320,40,1.2,
819002,5009106,20130,21,0.2,8465.77
819003,5006506,20335,1,,1242.3
819004,5009806,20288,43,20.1,31102.7
819005,5011362,20482,23,1.9,11858.21
819006,5001277,20602,43,10.8,24380.22
819007,5002911,21406,22,10.5,984.3
819008,5001436,21113,25,11.0,35117.18
819009,5001499,20304,4,11.5,
819010,5002766,20143,7,25.2,10234.55
819011,5003805,21024,24,21.1,
819012,5008544,20457,43,10.3,96037.93
819013,5000539,21225,38,1.8,66701.6
819014,5007361,20127,26,15.6,39534.09
819015,5010067,20841,-8,21.5,-2769.35
819016,5000154,20644,41,,84252.52
819017,5005123,21143,37,6.4,60753.53
819018,5010716,21073,6,21.2,
819019,5011038,20959,37,0.1,14759.7
819020,5008323,20275,21,0.3,50422.37
819021,5010821,20284,21,0.6,49994.69
819022,5002838,20359,9,0.0,8755.56
819023,5002604,20505,27,0.7,63819.83
819024,5009941,21329,9,,10901.29
819025,5000988,21317,42,0.3,74674.32
819026,5004346,20534,19,1.5,39591.21
819027,5011258,21164,39,25.9,19820.67
819028,5009171,20453,1,21.6,112.97
819029,5000894,20419,32,6.4,45284.13
819030,5002379,21264,24,5.4,11330.66
819031,5002216,20833,-1,6.3,-1043.27
819032,5001797,20358,24,5.4,9705.05
819033,5003980,21305,18,21.2,33411.83
819034,5008091,20648,35,25.9,18629.63
819035,5002900,20219,1,11.4,152.66
819036,5009513,20118,19,1.0,14559.13
819037,5001464,20407,38,,12953.16
819038,5011705,20879,23,1.5,24818.33
819039,5011930,20955,4,20.9,6254.25
819040,5000908,20569,20,1.7,32036.76
819041,5005908,20058,32,16.3,36608.1
819042,5009753,20702,26,0.4,63322.97
819043,5004378,20542,45,1.6,84511.92
819044,5002195,20902,36,1.4,85156.32
819045,5000426,20131,3,20.0,2590.68
819046,5006559,20380,31,25.3,2717.01
819047,5001436,20716,46,0.3,12103.44
819048,5010419,20692,3,1.5,234.36
819049,5004317,21296,7,20.4,174.18
819050,5010316,21068,10,0.3,12445.25
819051,5007913,20091,-9,6.3,-8785.58
819052,5009307,20750,22,,37875.56
819053,5011278,21455,9,1.8,4098.27
819054,5000013,20677,4,26.4,675.29
819055,5009695,20609,42,,87493.41
819056,5009258,20094,43,21.0,31318.64
819057,5007121,21406,26,20.2,1037.19
819058,5005111,21296,5,20.5,124.26
819059,5011164,20733,5,15.3,2127.54
819060,5007939,21164,5,,3422.44
819061,5001644,20712,-10,21.0,-11534.0
819062,5010596,20971,13,0.4,16607.36
819063,5004633,21199,19,0.2,
819064,5000100,20028,40,1.2,55065.19
819065,5011266,20622,31,10.4,29733.37
819066,5009328,21283,21,1.7,519.58
819067,5008945,20469,46,21.6,13491.18
819068,5011048,20064,6,1.6,5544.92
819069,5008174,21057,34,5.8,78611.44
819070,5003674,20433,39,1.2,13285.06
819071,5011221,21455,3,25.2,1040.57
819072,5010615,21241,44,25.6,3355.44
819073,5002249,20953,37,1.8,59410.09
819074,5003135,20995,12,,18370.16
819075,5004085,20719,10,6.1,1048.58
819076,5006184,20225,4,20.0,6686.37
819077,5006264,21088,42,15.5,70835.2
819078,5003287,20520,6,1.4,10768.18
819079,5005207,20908,8,16.8,3517.16
819080,5006362,21238,47,,35676.84
819081,5007008,20171,15,16.5,171.09
819082,5001132,20196,34,25.3,34887.96
819083,5003298,20994,18,25.8,28981.32
819084,5001657,20829,12,0.7,24942.45
819085,5003115,20776,7,0.4,14490.54
819086,5011201,20766,23,1.1,3871.31
819087,5003522,20768,41,25.8,13385.07
819088,5008647,20703,39,21.0,2206.92
819089,5005566,20998,33,25.8,3054.38
819090,5002988,21081,20,25.2,2302.49
819091,5000882,20695,46,11.0,100316.92
819092,5002206,20506,39,1.9,42496.57
819093,5006965,20705,29,0.4,56029.76
819094,5009888,21099,8,20.9,14169.72
819095,5007157,20326,50,6.4,101528.86
819096,5003428,20917,4,15.5,922.03
819097,5000747,21450,20,5.4,20033.63
819098,5010583,21389,31,1.0,
819099,5009109,21383,18,11.3,19141.0
819100,5008281,21129,3,26.2,2611.55
819101,5006343,20279,9,20.9,6819.43
819102,5001458,21020,7,10.7,14381.3
819103,5009654,20744,14,20.5,5554.98
819104,5006636,20314,24,26.7,3998.84
819105,5010540,20408,39,,38016.26
819106,5003642,20973,12,20.7,14194.35
819107,5010648,20435,45,25.4,41841.65
819108,5003875,21136,8,,6770.05
819109,5000722,20847,23,16.2,30595.93
819110,5003074,20264,13,,257.01
819111,5009808,21409,26,21.1,45946.44
819112,5004387,20848,5,1.1,6855.2
819113,5005649,21296,6,6.9,174.62
819114,5001575,21280,13,6.2,516.17
819115,5006444,20975,33,15.6,42070.45
819116,5010725,20674,16,11.6,31716.08
819117,5006261,20528,33,,68171.64
819118,5007182,20239,48,11.6,72117.0
819119,5006520,21143,6,0.3,10493.98
819120,5001193,20400,43,25.6,71663.04
819121,5000608,20138,13,,21255.75
819122,5004625,20281,7,25.3,4110.26
819123,5006006,20337,24,,32557.17
819124,5008787,20016,20,20.7,22416.21
819125,5002834,20333,35,0.7,69612.53
819126,5006706,21332,1,26.7,49.73
819127,5000575,21128,31,25.2,45503.2
819128,5011579,20143,46,15.9,75617.59
819129,5006794,20873,37,21.9,43709.02
819130,5008821,20265,10,6.0,5974.36
819131,5009427,21060,29,1.6,18580.36
819132,5003995,20270,20,0.3,13144.45
819133,5003757,20911,31,0.9,58800.3
819134,5005472,20867,48,21.4,3691.31
819135,5006884,20741,25,10.2,54848.72
819136,5004614,20736,2,1.4,3226.03
819137,5005121,20374,46,,92712.82
819138,5010147,20216,21,6.5,27339.38
819139,5000070,21144,22,10.4,3327.39
819140,5007029,20733,12,10.5,5395.45
819141,5005589,20135,47,1.8,54388.8
819142,5005180,21381,25,1.2,57383.78
819143,5011412,21105,19,6.9,42448.65
819144,5010658,20243,10,,18766.58
819145,5008462,20149,2,,1963.21
819146,5003672,20252,38,,59061.23
819147,5004173,21229,26,1.6,48142.69
819148,5006989,20783,-8,20.6,-14055.26
819149,5007175,21123,10,10.5,17932.31
819150,5007027,21126,16,26.1,24193.09
819151,5005406,21486,49,1.0,
819152,5009326,20300,43,15.1,88123.52
819153,5010725,20778,30,10.8,5402.31
819154,5002975,20905,32,15.5,48344.0
819155,5002371,20982,49,25.6,12007.88
819156,5002099,21099,20,0.3,44649.85
819157,5008828,21135,48,5.9,30345.22
819158,5000932,20260,32,25.6,39263.2
819159,5001679,21477,4,0.9,6818.6
819160,5010757,21407,37,16.1,26089.16
819161,5009232,21249,50,1.7,8147.6
819162,5010876,21478,30,10.4,60027.61
819163,5004624,20650,8,21.4,14963.55
819164,5008116,20250,3,6.9,2837.1
819165,5010588,20859,42,10.8,618.53
819166,5004854,20613,37,15.4,35566.27
819167,5007421,21265,13,0.7,12805.47
819168,5011325,20247,37,26.9,35044.26
819169,5006751,20983,50,25.8,43621.81
819170,5007542,20137,42,20.3,
819171,5005662,20144,5,1.3,6946.41
819172,5000500,20351,21,1.9,
819173,5000110,21052,17,20.3,31564.56
819174,5001048,20177,8,26.7,9585.35
819175,5003172,20537,25,0.9,7806.85
819176,5002901,20792,8,6.1,13226.45
819177,5010687,20463,12,10.1,9007.22
819178,5002203,20148,21,0.1,15788.8
819179,5011394,20487,44,1.2,78254.38
819180,5000688,21379,13,5.2,16472.5
819181,5004808,20081,21,15.2,22571.82
819182,5002834,20771,50,6.9,17729.5
819183,5002483,20903,46,5.7,53638.2
819184,5009654,20804,44,0.1,54761.26
819185,5006231,20466,18,25.2,24758.14
819186,5010234,20202,27,6.0,41796.29
819187,5001246,21419,26,27.0,46361.69
819188,5001014,20732,24,0.7,30575.26
819189,5010642,21008,17,20.9,12263.53
819190,5007744,20356,13,15.8,15186.59
819191,5008637,20530,19,25.7,18704.6
819192,5007491,20482,18,0.1,9450.62
819193,5005246,21128,5,10.2,8811.0
819194,5008827,20579,6,0.7,1677.83
819195,5006715,20166,7,26.5,6057.72
819196,5004066,20407,42,,13439.81
819197,5010024,20714,20,0.6,9743.78
819198,5006176,21061,34,0.0,74235.26
819199,5005322,21467,12,0.0,7062.96
819200,5001054,20523,25,11.1,23057.55
819201,5003616,20007,8,,4648.03
819202,5004688,20044,2,0.7,1705.93
819203,5001707,20159,44,26.3,55505.71
819204,5005442,20702,14,0.3,34131.22
819205,5000456,20070,41,26.3,18960.26
819206,5004927,21097,39,1.2,95765.51
819207,5009907,20177,36,22.0,45899.85
819208,5003935,20418,20,15.2,19237.73
819209,5007479,20682,2,1.2,2738.89
819210,5007828,20850,16,6.2,26370.11
819211,5002161,20917,36,6.0,
819212,5002791,21445,48,1.3,109794.83
819213,5002722,21331,5,0.6,7625.57
819214,5009659,20202,13,1.4,
819215,5001137,21120,13,15.8,5660.07
819216,5003697,20039,13,6.5,1140.63
819217,5001209,21129,40,25.5,35150.89
819218,5010293,20798,15,11.2,31336.63
819219,5009657,21036,15,1.4,35600.57
819220,5008098,20153,15,0.8,22110.49
819221,5001292,20538,47,16.4,74411.98
819222,5005785,20541,13,26.2,3867.05
819223,5010328,21318,37,6.4,48573.46
819224,5011376,20523,20,0.3,20686.95
819225,5004699,21006,29,1.6,40493.44
819226,5010088,21449,3,,319.17
819227,5002776,20404,15,11.5,9029.66
819228,5006555,21474,37,21.5,10180.85
819229,5000561,21332,6,0.6,404.66
819230,5010119,21494,23,16.8,22679.99
819231,5001917,20275,5,2.0,11800.62
819232,5001388,21100,40,25.8,53628.5
819233,5003025,21095,18,5.0,35653.16
819234,5000318,21014,24,6.8,6201.75
819235,5008693,20600,28,16.2,41857.66
819236,5004152,21192,26,25.2,18151.21
819237,5001185,20866,1,11.5,1352.75
819238,5002700,20870,12,21.6,7535.43
819239,5002536,20776,8,1.2,16427.59
819240,5011987,20695,36,21.4,69334.82
819241,5000291,21108,46,,92159.69
819242,5005576,21128,29,6.9,52981.76
819243,5008355,21380,10,1.7,164.55
819244,5005164,20392,38,10.5,35219.74
819245,5000354,20703,29,0.8,2060.65
819246,5007544,20571,34,20.9,58011.7
819247,5007620,20004,45,,
819248,5005515,21427,36,0.5,43678.19
819249,5004453,21103,25,0.1,30410.06
819250,5004161,20763,9,6.9,937.95
819251,5008820,20067,46,1.7,38241.31
819252,5009855,20195,-2,10.7,-1998.14
819253,5007974,20505,3,1.9,7005.4
819254,5010973,21341,39,5.8,65562.63
819255,5008050,20477,41,16.4,59447.27
819256,5009075,20636,-8,16.2,
819257,5001223,20730,3,16.3,3218.17
819258,5006851,20996,28,11.4,16580.67
819259,5009073,20694,45,1.0,84490.86
819260,5005132,20732,10,0.4,12778.18
819261,5004741,20015,39,25.2,14044.86
819262,5010121,21185,38,1.3,54338.69
819263,5004101,20746,13,5.6,12851.24
819264,5004935,20515,6,0.9,10879.04
819265,5009775,20156,36,20.6,65142.08
819266,5000711,21187,25,0.7,11706.23
819267,5008706,20922,45,5.3,105223.25
819268,5008679,21365,19,16.8,25320.78
819269,5004685,21104,7,0.5,11608.91
819270,5006577,20682,48,0.3,66332.24
819271,5003733,20286,19,,18032.79
819272,5004873,20122,1,15.8,1367.11
819273,5006422,20782,36,11.5,32260.8
819274,5003483,20144,30,0.6,41974.04
819275,5005994,20630,43,20.6,41101.16
819276,5002923,20584,32,20.7,53391.1
819277,5001765,20087,4,1.1,5184.69
819278,5011556,20113,5,1.1,3350.48
819279,5003222,20539,18,25.6,30420.06
819280,5010855,20283,36,26.9,10307.45
819281,5003060,21353,36,5.5,2646.42
819282,5001967,20710,27,15.4,33875.37
819283,5004825,20525,7,,
819284,5005079,20636,40,25.5,8764.78
819285,5002637,20186,5,5.0,4430.85
819286,5001313,21097,29,1.2,71210.25
819287,5000309,20063,27,26.7,12383.03
819288,5001989,20301,3,25.6,1178.52
819289,5009452,21159,43,25.8,69476.59
819290,5002600,21116,4,21.5,7507.36
819291,5000913,21459,36,1.1,6979.45
819292,5004131,21363,14,1.4,25494.19
819293,5010355,21149,34,0.3,74127.81
819294,5009513,20887,11,21.2,4794.79
819295,5002007,20636,7,,1634.72
819296,5006400,21342,40,0.2,53768.65
819297,5009042,20534,6,5.6,11982.08
819298,5010820,20998,10,21.7,976.71
819299,5008841,20116,42,16.6,81900.37
819300,5004376,21382,43,10.6,65914.58
819301,5008295,20396,24,10.3,39701.94
819302,5003340,20723,45,6.8,20165.59
819303,5010495,20646,7,0.4,13284.38
819304,5005185,20664,9,6.4,3054.37
819305,5002450,21259,31,5.2,18400.41
819306,5002735,21165,30,16.9,7290.03
819307,5006410,20692,21,20.2,1329.08
819308,5007432,20243,50,2.0,109211.69
819309,5001424,20435,34,,35258.16
819310,5006678,21267,43,16.0,30185.85
819311,5011501,20084,2,1.5,2235.0
819312,5005866,20578,6,16.5,11280.72
819313,5001047,20803,24,26.4,32435.17
819314,5009248,20833,20,0.8,22090.05
819315,5008086,20318,28,21.8,40263.24
819316,5008104,20785,40,0.8,24101.63
819317,5005862,20104,19,16.0,10404.32
819318,5003503,20122,20,25.2,
819319,5004842,20501,44,21.7,30423.53
819320,5000535,21244,44,1.9,21370.5
819321,5009137,21296,30,15.9,788.69
819322,5007379,20590,37,0.3,18510.53
819323,5007196,21382,12,20.8,16296.03
819324,5003990,20894,-6,5.5,-10771.07
819325,5008170,20154,25,21.8,13960.66
819326,5010409,20839,11,,3401.5
819327,5002359,20273,37,26.3,44673.17
819328,5004167,20404,9,1.0,6060.58
819329,5004805,21409,30,21.8,52544.77
819330,5007034,20846,29,1.0,67592.24
819331,5007927,20899,1,1.3,372.35
819332,5006947,20890,23,15.4,33449.08
819333,5009760,20956,6,10.5,7465.59
819334,5003066,20090,31,10.4,12472.54
819335,5008551,21259,6,1.4,3704.13
819336,5008620,21078,38,6.1,80028.3
819337,5009761,20371,22,6.5,25852.58
819338,5000564,20438,35,,50178.35
819339,5010489,21166,22,0.2,43302.94
819340,5005824,21400,5,20.5,8884.84
819341,5011280,20659,19,1.4,13981.37
819342,5002357,20207,26,6.4,59705.46
819343,5010949,20511,43,25.3,29726.06
819344,5003649,21410,45,0.2,17367.15
819345,5002198,20440,49,1.7,20251.33
819346,5006625,21246,35,15.5,18657.98
819347,5001876,20662,40,20.6,33772.63
819348,5007010,20518,21,21.9,20126.98
819349,5004408,20151,8,11.3,15527.47
819350,5011425,20221,42,21.0,55510.47
819351,5011541,20370,31,1.2,46395.29
819352,5009309,20261,13,1.3,13509.37
819353,5003375,20182,43,,70494.28
819354,5010509,21022,28,26.8,9429.39
819355,5006519,20376,17,6.2,18231.7
819356,5003723,20323,33,10.1,26406.0
819357,5007789,20277,12,26.0,18055.17
819358,5004082,20018,19,0.4,
819359,5005937,20093,23,1.0,18662.29
819360,5003117,20198,12,0.5,21376.78
819361,5005905,20890,22,1.9,37100.32
819362,5001356,21036,20,0.1,48093.26
819363,5005809,20392,40,26.6,30404.34
819364,5008510,20423,29,0.7,42654.69
819365,5002406,20133,10,0.7,20852.6
819366,5010053,20453,40,21.9,4501.37
819367,5011734,21065,2,1.3,3444.69
819368,5011039,20143,4,0.9,7748.23
819369,5000956,21444,35,0.7,28199.86
819370,5010630,20455,29,10.4,45205.4
819371,5011619,20551,32,0.6,60833.12
819372,5005871,20740,35,1.1,66030.88
819373,5004869,20744,26,0.2,12950.65
819374,5003533,21342,31,10.7,37286.51
819375,5004652,20593,38,0.5,89624.07
819376,5003355,20755,19,5.9,15384.16
819377,5009079,20687,9,16.5,3045.23
819378,5005523,20141,5,1.5,5218.48
819379,5008982,20706,16,26.3,11140.26
819380,5010737,20236,12,,15855.53
819381,5007626,20338,22,26.0,22402.91
819382,5011488,21500,17,11.5,
819383,5004710,20341,44,22.0,25816.53
819384,5011541,21447,49,,75073.12
819385,5008440,20174,2,1.1,4391.48
819386,5005026,20644,17,15.0,33476.75
819387,5005286,20492,21,5.3,49283.96
819388,5000832,21230,6,12.0,3641.62
819389,5009252,20756,1,6.0,1575.82
819390,5003122,20497,41,26.6,43302.86
819391,5007532,20191,8,5.1,9859.81
819392,5011874,20740,30,0.3,57055.72
819393,5003099,20579,17,11.7,4227.25
819394,5002460,20073,12,26.6,
819395,5005983,21018,32,22.0,44517.91
819396,5000800,21137,10,10.5,
819397,5000029,20236,47,0.3,78671.58
819398,5007986,20922,49,16.5,25497.0
819399,5010397,20575,4,20.3,1534.74
819400,5003820,20208,44,11.7,46698.55
819401,5005182,20949,48,1.8,
819402,5003212,20707,2,1.3,328.36
819403,5010372,20539,3,10.2,6119.45
819404,5011590,21118,24,26.2,
819405,5004920,20877,14,1.2,32207.4
819406,5010528,21004,19,0.3,45570.8
819407,5011421,20592,48,15.4,81184.33
819408,5003869,20309,18,1.3,35448.86
819409,5010420,21404,18,5.8,38400.76
819410,5002849,20826,18,,16238.51
819411,5007487,20174,24,,39483.33
819412,5009954,20014,20,21.7,19677.42
819413,5010990,20998,35,0.7,4335.34
819414,5005010,20758,21,10.6,25111.54
819415,5010954,20840,5,,1343.32
819416,5009118,21447,4,0.1,6941.37
819417,5007620,21174,-5,1.9,-10661.41
819418,5003335,20158,-10,1.4,-2539.74
819419,5010682,21319,13,1.4,18456.77
819420,5003239,20161,13,,18525.23
819421,5004748,20822,43,7.0,92581.25
819422,5000005,20475,47,10.6,25657.03
819423,5008987,20454,22,16.0,39572.89
819424,5007779,20900,23,26.9,39213.63
819425,5009990,20359,-2,1.1,-1924.28
819426,5000490,20603,25,1.1,35902.18
819427,5005134,20458,42,,
819428,5007774,20992,43,21.7,68908.32
819429,5000497,20410,25,1.9,39187.27
819430,5003191,20842,48,20.3,25979.27
819431,5004495,20059,25,1.8,16166.42
819432,5002971,20978,2,20.8,2384.4
819433,5005707,20202,35,1.3,56889.4
819434,5001143,20110,21,27.0,23547.49
819435,5010244,21414,4,,6876.82
819436,5011854,20298,10,11.1,14036.6
819437,5011175,20927,40,25.6,10662.12
819438,5008242,20615,12,21.1,12959.8
819439,5005945,20224,45,5.0,17961.41
819440,5011558,20520,43,5.5,
819441,5005228,21005,36,21.4,42042.76
819442,5002237,21321,42,26.9,62425.76
819443,5004981,21215,42,26.7,66125.87
819444,5005596,20810,46,1.8,83657.19
819445,5001070,20748,19,1.5,9466.98
819446,5009631,20596,11,25.1,4636.58
819447,5005915,21108,-2,0.4,-4002.92
819448,5002148,21223,24,1.1,51755.64
819449,5001793,20680,50,,25145.5
819450,5007649,20731,23,16.5,18382.26
819451,5011278,20919,20,1.0,13352.72
819452,5007338,20036,24,0.6,1651.79
819453,5011664,20487,10,0.1,17983.1
819454,5008203,20585,24,6.7,50563.15
819455,5006176,20146,28,11.0,2464.09
819456,5011413,21403,15,1.4,13522.64
819457,5004087,20381,8,,4692.8
819458,5006371,20382,27,0.9,35065.05
819459,5001049,21097,14,0.4,34655.72
819460,5010009,20627,39,1.3,1356.11
819461,5003359,20144,38,0.9,53006.65
819462,5011638,20651,3,,6369.89
819463,5009401,20221,28,25.0,35133.21
819464,5007695,20547,7,15.7,8176.9
819465,5010768,21287,21,1.3,46060.99
819466,5010771,20458,22,1.2,9732.29
819467,5008504,20733,5,0.4,2501.8
819468,5007036,21021,50,10.9,27912.8
819469,5007737,20988,32,26.2,41263.29
819470,5011346,20227,27,15.2,47037.77
819471,5010072,20907,28,0.3,59242.78
819472,5009859,20236,36,15.7,50951.26
819473,5008940,21027,23,,22083.54
819474,5005249,20245,26,25.1,21745.84
819475,5007556,20142,6,1.8,1292.65
819476,5002247,20891,41,5.5,
819477,5005643,21258,49,15.9,16595.69
819478,5006726,20108,6,0.4,14078.38
819479,5004157,20638,43,15.0,80708.61
819480,5005456,21457,21,,39708.01
819481,5005055,20481,47,0.4,80223.6
819482,5002825,20819,7,1.4,12983.77
819483,5010450,21319,34,0.2,48859.03
819484,5005860,20493,27,6.7,31217.19
819485,5010827,20145,50,17.0,67962.89
819486,5008851,20610,45,0.3,92277.43
819487,5002627,20121,19,16.7,14801.89
819488,5007393,21358,7,,1264.27
819489,5007853,20679,39,5.6,9154.67
819490,5006691,21159,38,0.1,82663.77
819491,5006124,20909,45,,78184.27
819492,5000997,21089,49,,40087.47
819493,5008482,20136,46,1.8,50391.62
819494,5003377,20149,26,10.6,25694.15
819495,5000954,21392,6,2.0,8458.5
819496,5000884,20443,6,1.5,10957.67
819497,5001210,21286,40,11.3,35846.51
819498,5003125,20330,24,1.0,39154.34
819499,5004921,21346,28,,36124.18
819500,5008693,20072,35,25.2,579.63
819501,5005423,20403,22,0.9,33030.25
819502,5006384,20590,28,20.8,11127.7
819503,5008916,20196,8,10.7,9813.36
819504,5003122,20418,14,0.5,15800.8
819505,5007501,20720,49,25.9,76943.85
819506,5000787,20926,13,15.8,
819507,5003691,20558,45,20.4,79233.12
819508,5005721,20258,5,1.5,213.6
819509,5006201,20854,28,1.0,57232.65
819510,5007616,20389,33,1.9,74494.16
819511,5009384,21334,42,0.9,19427.9
819512,5000741,20621,18,10.6,3215.18
819513,5002691,20132,33,20.6,45685.81
819514,5004926,20057,16,15.6,17257.98
819515,5011768,20436,2,10.4,2546.86
819516,5003858,21176,5,0.7,5883.43
819517,5010105,21271,2,25.7,2136.42
819518,5007359,20142,21,1.3,4547.3
819519,5011753,21092,49,21.3,64223.59
819520,5008105,21310,27,,51159.78
819521,5007002,20108,3,0.2,7053.33
819522,5006229,21349,25,22.0,47873.67
819523,5001697,20943,34,5.0,12208.11
819524,5007658,20704,23,1.9,6123.37
819525,5000212,20727,41,1.7,47777.19
819526,5004002,20585,41,20.1,73972.77
819527,5007932,21323,2,6.1,4571.05
819528,5011770,21478,46,20.2,81975.2
819529,5002462,21474,43,10.1,13550.05
819530,5006349,21223,31,1.0,66918.62
819531,5003856,20704,17,25.8,3423.31
819532,5006039,21370,17,0.7,26920.47
819533,5011733,20236,20,26.4,24713.41
819534,5003103,20557,41,6.9,36655.99
819535,5000162,20167,19,25.3,18813.39
819536,5000062,20832,26,26.1,46416.41
819537,5010166,20431,-10,15.7,-8115.73
819538,5001742,20695,22,1.3,53206.68
819539,5002172,20327,15,15.3,28429.47
819540,5005361,20740,20,1.9,37426.72
819541,5008316,20278,27,0.6,64496.28
819542,5009275,20355,47,1.3,28256.93
819543,5004143,20389,30,10.9,61508.94
819544,5010778,21136,11,0.1,12686.91
819545,5000541,20208,42,6.4,47251.45
819546,5000043,21034,15,17.0,12023.96
819547,5000998,20035,34,10.0,28806.53
819548,5007692,20956,13,15.7,15235.64
819549,5005726,20769,32,15.5,25881.61
819550,5008204,21099,5,16.7,9326.31
819551,5007497,20799,36,6.8,38362.69
819552,5006216,20981,47,21.2,
819553,5000190,20196,15,20.5,16380.78
819554,5010102,21194,6,26.8,5657.82
819555,5001833,21123,47,1.8,92474.62
819556,5009210,21085,8,1.0,864.31
819557,5011110,20333,19,16.8,31662.63
819558,5002030,20999,29,1.8,43269.76
819559,5004415,20436,2,1.1,2811.21
819560,5011616,20934,14,15.3,13823.58
819561,5008966,20239,13,25.7,16416.34
819562,5003691,20663,26,0.1,37963.34
819563,5002901,20520,34,1.5,60957.83
819564,5004696,20623,13,21.2,2438.28
819565,5008468,20050,22,26.5,24724.74
819566,5003202,21481,29,6.2,28723.95
819567,5008886,20386,48,1.1,95846.92
819568,5008602,20098,22,21.4,17876.82
819569,5009304,21388,43,5.9,91085.85
819570,5010057,20386,50,6.1,94792.99
819571,5005956,20979,14,26.0,23122.17
819572,5002524,20286,30,26.8,26282.61
819573,5010861,21425,46,21.2,8660.73
819574,5008166,21035,28,11.2,24237.18
819575,5008153,20087,14,1.2,18128.08
819576,5005598,20289,37,0.2,17038.39
819577,5011648,20057,36,16.9,38232.35
819578,5003630,20016,15,25.3,15836.92
819579,5003117,20504,24,26.5,42260.5
819580,5011591,20682,19,11.7,23254.26
819581,5001210,20295,50,0.4,2567.19
819582,5005905,20702,38,0.3,92641.88
819583,5001376,20516,45,1.4,39700.94
819584,5004981,21397,13,12.0,3407.52
819585,5000805,20519,33,1.3,1481.98
819586,5004589,20058,36,10.4,44087.18
819587,5004686,21321,45,21.4,71917.11
819588,5003125,20282,33,6.7,56753.67
819589,5005326,20916,41,16.2,41043.72
819590,5001448,21453,11,20.1,5849.87
819591,5003943,21313,16,11.7,30916.87
819592,5002312,21228,23,21.6,41160.02
819593,5009895,20431,11,16.4,8853.17
819594,5003242,21458,38,6.1,40884.44
819595,5006490,21459,28,16.2,4599.65
819596,5003966,20653,22,0.2,22092.13
819597,5003108,21399,-10,1.6,-11741.58
819598,5000291,20330,3,10.7,4414.75
819599,5005554,21020,6,10.6,12340.63
819600,5002715,21086,35,1.2,32793.6
819601,5002975,20415,18,5.1,13366.32
819602,5009042,21300,22,15.1,10634.51
819603,5002227,20257,6,21.4,3125.62
819604,5011655,20714,30,21.9,11483.75
819605,5000248,20420,8,20.2,12649.83
819606,5006547,21117,49,25.7,62571.98
819607,5008491,20979,27,16.1,50558.55
819608,5003689,20977,39,26.0,51733.57
819609,5007475,20559,12,26.3,14930.53
819610,5000844,20972,46,0.1,11903.46
819611,5009396,20572,50,22.0,78886.08
819612,5007756,21131,10,25.1,4207.13
819613,5008608,20872,43,1.8,10303.99
819614,5009943,20018,23,1.9,36393.67
819615,5005674,21180,47,0.7,93534.28
819616,5011141,20435,36,1.3,44287.08
819617,5006701,21349,28,1.5,67710.55
819618,5005705,21111,17,0.6,34388.11
819619,5011658,20724,40,0.3,85198.83
819620,5000544,20220,15,0.6,12360.39
819621,5008871,20351,39,10.8,34423.07
819622,5008542,20924,16,5.8,28976.37
819623,5004297,20368,4,1.7,1816.47
819624,5000386,20184,41,5.6,82475.13
819625,5010915,20205,29,11.9,25443.74
819626,5011756,20837,34,10.2,15601.85
819627,5007071,21057,1,0.6,364.87
819628,5003882,21037,20,6.6,9872.94
819629,5000075,21254,7,25.3,10841.91
819630,5009482,20898,5,6.4,4223.75
819631,5005661,20590,40,0.1,20051.53
819632,5000542,20180,21,1.0,31669.2
819633,5007522,20092,6,0.8,3330.26
819634,5009436,20417,45,11.2,94654.45
819635,5010732,20741,26,16.8,52850.22
819636,5006028,21384,4,1.8,9811.55
819637,5007875,20986,25,5.9,13348.08
819638,5008492,21456,7,11.2,13780.0
819639,5006001,20879,2,0.7,2175.64
819640,5010261,20675,10,25.2,15517.78
819641,5011910,20934,47,,53749.7
819642,5004751,20651,6,0.6,14070.39
819643,5009673,20624,13,11.0,21425.44
819644,5006070,20745,41,,39040.65
819645,5001690,21323,17,2.0,40550.44
819646,5006681,20215,12,0.4,29386.02
819647,5011762,21346,16,1.3,27682.11
819648,5007671,20045,40,0.3,6771.62
819649,5000265,20693,19,6.9,7864.71
819650,5001921,21144,21,0.9,3512.9
819651,5000775,21237,49,15.3,37043.09
819652,5009006,21276,8,15.1,4843.99
819653,5000548,20926,11,0.1,6585.71
819654,5005769,20381,12,16.3,6294.68
819655,5000594,21296,11,0.8,341.11
819656,5006164,20605,5,11.9,8237.61
819657,5008715,20096,24,6.3,127.06
819658,5001965,20043,41,0.3,
819659,5009000,20923,24,16.0,8159.56
819660,5009926,21171,42,0.9,21651.76
819661,5010171,20110,5,,7680.2
819662,5008154,20413,1,25.9,577.85
819663,5001300,21352,47,25.7,50139.92
819664,5001833,21225,8,26.6,10496.08
819665,5005874,21229,41,26.7,56552.23
819666,5009207,20366,25,10.2,36635.71
819667,5000596,20391,45,0.4,85005.16
819668,5008868,21338,7,,11192.17
819669,5010529,21163,45,5.5,47186.17
819670,5005423,20193,27,21.0,46367.15
819671,5009398,20228,9,0.4,11994.01
819672,5001904,20737,39,10.5,
819673,5007745,20424,36,26.9,39380.58
819674,5005410,20802,41,1.7,40367.89
819675,5004419,20197,26,20.6,49049.94
819676,5005865,20572,12,10.3,21772.56
819677,5004958,20034,3,16.6,6033.6
819678,5009448,20298,25,0.9,39117.74
819679,5000748,21051,44,2.0,75838.59
819680,5005161,21055,6,0.5,13498.17
819681,5002300,20259,49,,45626.01
819682,5003533,21045,42,1.8,45158.47
819683,5008803,21458,7,1.0,7940.39
819684,5006898,20635,19,16.1,20347.73
819685,5008690,21259,41,21.9,20048.99
819686,5005751,21257,4,,4146.4
819687,5006625,20680,19,11.3,8561.16
819688,5002213,21279,50,16.8,43221.98
819689,5004654,20423,41,21.7,47551.61
819690,5003422,20403,39,26.2,43605.02
819691,5005665,20651,3,20.6,5619.66
819692,5006998,20689,30,16.6,61277.48
819693,5010886,21056,45,25.1,40377.58
819694,5009533,20978,44,1.2,65438.4
819695,5008331,21256,15,0.1,24812.31
819696,5003707,20181,28,26.8,28105.14
819697,5009961,20327,39,0.9,13747.45
819698,5006804,20568,5,20.3,950.98
819699,5007051,20944,4,1.6,5127.39
819700,5006259,20166,22,,21732.45
819701,5001085,20993,11,20.6,15475.43
819702,5003199,20991,12,5.3,18743.55
819703,5007729,20220,18,20.6,11848.07
819704,5007039,20871,21,0.1,14723.9
819705,5000952,20959,28,26.4,
819706,5008385,20898,40,25.1,27039.2
819707,5010349,21052,13,16.1,25409.6
819708,5004770,21128,4,,7716.0
819709,5001953,20298,16,10.8,22534.35
819710,5009441,20127,45,5.7,76450.47
819711,5006585,20964,35,1.4,6739.8
819712,5011447,20022,19,16.9,29833.47
819713,5011190,20258,1,1.3,42.81
819714,5004977,21463,47,7.0,19149.35
819715,5007141,20951,35,0.3,8760.74
819716,5007750,21232,33,15.6,10800.73
819717,5010497,20532,24,16.7,26728.9
819718,5003581,20859,34,27.0,409.78
819719,5008726,20390,27,,42903.44
819720,5000558,21114,41,,
819721,5000151,20274,37,1.7,47112.08
819722,5002414,20832,-5,10.3,-10834.68
819723,5000926,20560,39,6.5,24065.08
819724,5009255,20522,39,,94851.41
819725,5007087,21297,16,1.2,39231.66
819726,5009539,20725,26,5.8,59295.62
819727,5002849,21064,32,1.1,56441.36
819728,5002103,21387,32,26.0,39405.89
819729,5008201,20319,31,5.9,11616.18
819730,5004188,20893,16,25.1,28691.25
819731,5006440,21013,26,1.0,2694.21
819732,5009178,21101,47,16.9,31571.73
819733,5011057,20108,36,1.7,83367.76
819734,5007689,20243,5,20.3,8881.81
819735,5004808,20650,36,15.1,72733.15
819736,5000704,20433,42,0.5,14408.36
819737,5007971,20900,48,5.5,105794.94
819738,5006030,20716,8,0.3,2104.95
819739,5007435,20608,31,22.0,7056.45
819740,5007598,21443,8,25.8,8169.24
819741,5008661,20122,8,26.9,
819742,5003788,21256,10,21.7,12964.99
819743,5001066,20825,20,0.7,42947.45
819744,5001369,21430,35,0.3,32284.16
819745,5007495,21073,-5,1.3,-5723.76
819746,5002632,20177,47,0.3,76596.19
819747,5005284,21423,28,11.1,26140.33
819748,5011136,20416,8,0.2,2644.46
819749,5010220,20359,11,2.0,10487.22
819750,5000376,21084,45,1.9,99047.7
819751,5005567,20063,10,1.8,6144.28
819752,5009108,20013,20,10.0,743.4
819753,5001278,20304,43,26.1,68358.68
819754,5009303,20146,2,0.8,196.18
819755,5007550,20219,37,1.7,6266.72
819756,5010947,20794,40,1.1,85891.49
819757,5008809,20880,49,21.2,15510.05
819758,5011038,21417,14,25.6,15672.75
819759,5006814,20230,22,6.4,8082.36
819760,5003788,20843,24,16.4,27689.93
819761,5002850,20578,23,5.8,48784.03
819762,5009660,20298,45,11.0,63235.75
819763,5004405,21087,30,16.3,60179.88
819764,5006987,21257,11,26.1,11387.18
819765,5009775,20842,44,11.4,26473.64
819766,5009070,21088,21,6.9,39022.23
819767,5004314,20560,49,10.1,29071.46
819768,5003223,21142,8,6.4,7879.62
819769,5003965,20927,1,0.2,357.55
819770,5005011,20378,38,21.4,12481.24
819771,5004399,21329,38,0.7,58372.23
819772,5011803,20777,12,15.1,10811.4
819773,5000170,20243,48,20.5,85051.39
819774,5000427,20324,50,27.0,66923.12
819775,5008294,21109,6,,13358.63
819776,5009138,20729,47,0.8,64214.3
819777,5009343,21283,2,0.6,50.04
819778,5006763,20124,36,11.9,31088.66
819779,5000739,21069,2,6.1,4012.78
819780,5006519,20530,44,11.3,51710.93
819781,5002216,20377,24,20.1,18595.35
819782,5005880,20028,10,20.6,11063.2
819783,5001162,21000,40,11.0,4796.74
819784,5000255,20039,25,10.4,2102.02
819785,5010391,20132,29,1.9,49603.68
819786,5007537,20021,19,16.1,11949.21
819787,5003057,20962,37,20.9,53158.53
819788,5011798,20230,11,16.9,3587.84
819789,5010827,20670,22,6.5,25977.85
819790,5008481,20949,2,2.0,800.31
819791,5007755,21397,11,0.3,3266.63
819792,5001429,20333,32,5.0,60889.68
819793,5006932,21280,47,26.4,1464.28
819794,5010002,20500,39,0.4,52439.79
819795,5003869,20773,44,,24955.97
819796,5003474,20139,25,5.8,17627.88
819797,5001234,20761,18,1.3,34079.63
819798,5000409,20805,23,11.5,48602.04
819799,5005002,21311,31,21.0,46578.51
819800,5001959,20521,7,,12754.42
819801,5011616,21455,-1,1.4,-457.22
819802,5007410,20229,28,15.7,6305.34
819803,5004806,21156,23,,52622.65
819804,5006375,21209,11,20.7,12248.75
819805,5004173,20281,17,2.0,13095.59
819806,5009399,20862,30,10.6,7405.27
819807,5003271,21493,24,1.8,57362.39
819808,5006517,21193,6,20.9,6313.22
819809,5005074,21421,21,21.9,22398.85
819810,5009755,20580,48,5.6,100213.83
819811,5000798,20385,9,16.6,17330.38
819812,5005098,20372,1,0.6,408.67
819813,5001746,21402,48,26.5,25835.19
819814,5004746,20461,26,1.0,
819815,5007899,20361,14,10.3,6263.8
819816,5009529,20046,27,21.4,27396.54
819817,5004495,20168,37,25.7,61368.98
819818,5011734,21152,2,1.7,4647.29
819819,5002460,21117,15,0.4,25677.08
819820,5005362,20785,35,21.7,16645.8
819821,5003361,20616,11,21.2,1948.48
819822,5001819,21042,25,1.3,60536.66
819823,5006356,20021,16,,11837.53
819824,5004618,20383,1,0.3,111.34
819825,5001548,20550,36,0.5,30371.78
819826,5001674,20531,41,15.3,47235.32
819827,5006369,20801,23,1.5,986.4
819828,5001759,20551,28,15.0,45517.74
819829,5007570,21086,12,15.7,9593.41
819830,5002219,21442,11,,25925.74
819831,5010764,21279,39,0.1,40480.09
819832,5003170,20190,22,20.9,28506.56
819833,5006649,21270,25,10.0,36456.75
819834,5004390,20811,3,1.1,5467.65
819835,5004619,21105,50,26.9,87709.77
819836,5008130,21479,12,1.2,22407.72
819837,5010074,21040,3,1.4,5161.8
819838,5003065,21216,49,0.1,49016.59
819839,5004249,20006,39,0.2,9665.11
819840,5007181,20849,29,15.0,30702.07
819841,5004905,20817,37,0.4,50515.25
819842,5007435,20565,-4,1.8,-3714.28
819843,5001425,20283,34,16.6,11106.48
819844,5004517,20508,41,11.4,51546.23
819845,5000980,21143,30,0.3,52469.92
819846,5001621,21337,25,11.3,
819847,5011245,20769,28,0.9,26559.28
819848,5004263,20458,50,0.6,22253.18
819849,5007788,20764,7,1.0,6852.87
819850,5000830,20630,5,26.9,4400.0
819851,5001114,20023,11,5.6,2554.67
819852,5002558,20201,50,6.0,12746.4
819853,5010551,20636,13,1.6,3762.38
819854,5005812,20570,9,1.7,5570.6
819855,5011155,21125,-3,0.5,-1721.0
819856,5005094,21236,22,26.4,27081.44
819857,5009163,20813,29,1.9,10340.07
819858,5004858,20623,50,25.6,8854.34
819859,5009521,21035,35,15.1,28965.88
819860,5007736,21065,9,26.1,11606.19
819861,5011913,21054,25,6.5,31991.49
819862,5009934,20135,32,1.2,37256.93
819863,5003002,20361,45,15.6,18944.04
819864,5009391,20883,31,10.4,68713.94
819865,5009605,20920,39,10.6,82245.06
819866,5011130,20237,43,5.4,62710.02
819867,5002445,20137,45,6.9,9053.51
819868,5003051,20205,30,1.7,29368.5
819869,5010646,21172,14,26.6,5623.03
819870,5011180,20029,38,,80914.77
819871,5009408,21471,26,0.4,52722.7
819872,5002908,21131,40,0.8,22288.26
819873,5008655,20281,45,6.0,33249.92
819874,5009227,21165,15,1.4,4324.89
819875,5010190,20815,38,,46877.4
819876,5003361,20735,1,15.8,594.49
819877,5008354,20216,22,26.7,22453.52
819878,5005908,20500,48,25.7,48146.76
819879,5009768,20467,28,10.2,49841.95
819880,5003077,20010,40,16.3,14223.31
819881,5009630,20624,8,1.0,14666.34
819882,5001893,20902,41,,96393.43
819883,5006082,20646,20,0.4,37955.37
819884,5005223,20748,8,16.3,3387.17
819885,5000578,20003,43,21.5,17680.87
819886,5010989,20596,9,25.9,3753.05
819887,5003349,20997,10,25.6,8033.86
819888,5010919,21283,40,20.7,798.39
819889,5000467,21262,1,11.1,1181.05
819890,5002521,20649,18,26.6,24884.93
819891,5005927,21145,37,,45168.49
819892,5009612,20100,12,10.3,18862.94
819893,5009865,21303,31,1.8,65453.34
819894,5004373,20419,1,0.9,1498.28
819895,5003532,20251,44,0.6,18180.18
819896,5011965,20598,33,5.8,72144.39
819897,5007389,20890,42,0.1,72127.48
819898,5004944,20287,45,25.6,58463.11
819899,5005814,21296,38,16.1,996.63
819900,5007550,20370,44,,49788.45
819901,5008528,20899,11,26.3,3058.37
819902,5007097,20511,30,5.7,26180.7
819903,5010317,21220,14,15.9,15062.71
819904,5001161,20487,-6,15.6,-9115.76
819905,5004078,20018,22,26.3,26152.86
819906,5004488,20731,20,25.9,14185.11
819907,5005635,21030,23,5.5,28266.8
819908,5006249,20054,8,10.8,15442.8
819909,5006152,21047,22,0.5,29931.51
819910,5005226,20634,16,0.5,19418.74
819911,5005197,21188,17,0.8,13138.91
819912,5004264,20472,27,11.7,29654.87
819913,5000556,21433,38,11.1,68701.78
819914,5005425,20137,44,1.1,9403.81
819915,5010953,20089,1,,1748.73
819916,5002075,21485,47,10.4,101363.58
819917,5001040,21262,22,1.3,28847.27
819918,5009929,21191,47,10.8,80865.53
819919,5008927,21253,31,0.4,17702.75
819920,5000355,20668,34,1.1,64583.44
819921,5009387,21087,41,26.7,72026.52
819922,5009901,20182,10,25.7,15516.89
819923,5008390,20355,46,2.0,27459.58
819924,5003026,21240,30,,18961.35
819925,5000940,20717,35,11.1,18640.06
819926,5004305,20073,16,1.6,15097.08
819927,5006172,21322,49,26.4,26402.82
819928,5010146,20746,24,6.4,23524.3
819929,5007237,20339,48,5.7,63765.21
819930,5007773,20181,38,20.9,41217.03
819931,5001537,20785,13,,7454.01
819932,5007095,20160,4,15.1,1604.68
819933,5003748,21418,47,5.7,861.6
819934,5002002,20639,47,5.3,69227.52
819935,5001276,20331,17,17.0,3509.02
819936,5008119,20028,7,5.7,9197.5
819937,5010155,20710,39,0.8,57375.46
819938,5007659,21440,48,15.6,78590.85
819939,5006489,20570,27,15.0,14450.7
819940,5006701,20128,42,1.2,36490.75
819941,5010679,21173,8,16.3,9828.92
819942,5003616,20525,2,5.2,130.92
819943,5004434,20388,29,1.7,13219.55
819944,5007904,21173,41,1.0,
819945,5011677,20421,39,5.6,35371.71
819946,5006770,20761,27,5.8,48788.77
819947,5005487,21140,43,20.4,27632.95
819948,5008359,21326,19,21.1,3823.3
819949,5005317,20895,17,,5186.83
819950,5003378,20104,34,26.5,16290.98
819951,5001363,20986,40,10.1,20403.7
819952,5003950,21282,10,16.6,
819953,5000071,20361,27,,13440.4
819954,5004173,20378,50,0.2,20852.21
819955,5006164,20482,7,21.5,2887.95
819956,5000132,21456,46,1.8,100140.0
819957,5004917,20729,23,26.1,23409.63
819958,5003234,21165,13,1.9,3729.23
819959,5002183,20855,49,6.0,37894.48
819960,5002977,20841,47,1.7,20373.72
819961,5002284,20630,25,0.8,29854.98
819962,5009869,21309,24,11.4,41809.49
819963,5002139,20868,33,6.4,31488.15
819964,5006790,21166,-3,0.0,-5916.78
819965,5007208,20752,28,20.9,15191.09
819966,5010307,20494,21,1.3,13497.84
819967,5004724,20493,18,5.2,21146.05
819968,5006478,20349,50,6.8,91631.91
819969,5010784,21343,2,5.7,4621.62
819970,5001993,21333,9,0.4,295.99
819971,5001016,21396,41,,71494.31
819972,5002318,21175,7,17.0,4456.73
819973,5002369,20576,17,1.7,8465.29
819974,5003286,20096,41,0.9,229.57
819975,5001323,20839,48,5.1,14271.44
819976,5008017,20452,2,6.9,2446.87
819977,5006197,20383,12,0.8,1329.44
819978,5010036,20654,2,,3050.51
819979,5004736,21382,36,0.7,
819980,5003717,20480,24,5.8,28708.54
819981,5007519,21354,4,0.8,1076.2
819982,5003958,21303,13,1.4,27559.98
819983,5009231,20678,23,11.6,48400.53
819984,5008796,20201,17,0.7,4578.13
819985,5008840,20955,36,21.6,55790.1
819986,5002919,21033,35,25.3,13137.34
819987,5010959,21405,33,0.2,22512.04
819988,5010989,21328,27,11.2,1001.96
819989,5000428,21313,2,16.4,3658.9
819990,5007589,20714,38,26.7,13652.08
819991,5003630,20180,31,0.2,47127.55
819992,5000434,20291,25,6.6,25257.23
819993,5010854,20551,45,25.6,64030.83
819994,5000817,21261,4,1.6,8600.67
819995,5001776,20031,39,12.0,23727.13
819996,5001929,20757,34,15.9,33684.59
819997,5000950,20645,24,10.6,2292.36
819998,5008765,20611,17,1.3,38611.67
819999,5005073,20755,2,11.0,1531.62
820000,5003165,20385,48,0.6,107633.98
820001,5011382,21128,17,10.2,29957.39
820002,5007481,21410,12,20.5,3689.21
820003,5008521,21298,4,1.2,9847.28
820004,5006597,21023,48,17.0,35329.32
820005,5006762,21391,39,1.8,2356.86
820006,5011873,21331,36,,54848.87
820007,5006030,21326,22,22.0,4376.49
820008,5001587,20884,10,6.5,1963.03
820009,5010419,21195,29,,26085.08
820010,5002358,20243,19,10.7,37816.22
820011,5004649,20111,30,15.1,17851.41
820012,5009500,21420,16,16.5,19022.77
820013,5000540,21158,41,1.2,17664.73
820014,5004927,20769,48,20.8,36387.39
820015,5001485,20956,32,21.5,
820016,5007962,20246,20,0.9,
820017,5010151,20276,27,1.6,11669.73
820018,5002187,21316,43,0.5,
820019,5011737,20761,3,1.1,5691.45
820020,5007721,21435,24,0.7,
820021,5001332,20661,30,0.1,43659.1
820022,5007123,20713,42,26.5,39981.9
820023,5003709,20062,5,1.3,11878.54
820024,5009371,21445,6,15.2,11791.54
820025,5009393,21121,6,0.4,11990.43
820026,5008282,20281,17,26.7,9794.97
820027,5002245,21147,32,0.4,46823.79
820028,5002624,21106,24,10.2,15216.36
820029,5007507,21086,10,0.0,9483.4
820030,5002574,20676,22,26.8,34707.5
820031,5009765,20626,31,,
820032,5006928,20285,35,0.1,16042.29
820033,5004842,20186,22,16.8,17074.15
820034,5011178,20223,42,16.7,70232.3
820035,5009425,20053,39,7.0,62899.43
820036,5006896,20984,29,25.5,33089.79
820037,5010577,20921,8,21.3,11425.79
820038,5009037,21483,24,0.9,29753.55
820039,5006132,21200,16,1.9,20131.06
820040,5001008,20709,44,1.3,36929.43
820041,5000825,20804,18,1.3,22133.24
820042,5002335,20038,9,11.8,8920.49
820043,5001106,20437,25,25.6,45737.03
820044,5004372,20199,1,5.8,1230.18
820045,5000553,20354,32,1.9,34602.77
820046,5009555,21000,39,1.0,5202.31
820047,5010533,21444,11,,8871.74
820048,5004257,21413,39,15.4,382.73
820049,5010416,20328,41,20.3,63409.39
820050,5003874,21369,19,15.5,10195.89
820051,5007236,20370,5,0.6,7528.56
820052,5005820,20464,25,26.1,3750.06
820053,5001468,20540,31,6.8,41622.68
820054,5001301,20419,27,5.9,38412.59
820055,5006178,20063,28,6.9,16310.49
820056,5007936,20021,29,15.3,18412.18
820057,5005656,21134,47,26.3,21876.61
820058,5008599,20977,6,11.7,9497.04
820059,5004651,21433,6,16.3,10213.14
820060,5004292,20851,12,16.9,24049.37
820061,5000993,21332,39,15.2,2243.94
820062,5007482,21454,38,1.3,30717.04
820063,5003125,21011,48,15.2,93691.65
820064,5011001,21473,28,1.4,34975.75
820065,5010389,20920,7,0.6,16413.16
820066,5002204,21065,6,10.2,9402.22
820067,5000049,20931,27,20.6,19682.23
820068,5001296,20013,12,25.4,369.72
820069,5006779,20211,27,11.1,48856.67
820070,5011442,20527,32,0.1,47889.02
820071,5009181,20875,37,1.8,
820072,5010314,20837,35,11.9,15756.68
820073,5005623,20503,23,1.0,45543.64
820074,5002957,20125,7,20.5,1458.42
820075,5010451,21442,15,,26532.88
820076,5002710,20642,47,6.5,47359.09
820077,5000880,20619,26,6.6,45938.29
820078,5006858,20329,21,11.3,
820079,5011088,20932,15,,21887.29
820080,5006835,20616,7,0.7,1562.52
820081,5010712,20715,26,15.9,32803.59
820082,5001958,20981,13,0.6,269.29
820083,5008387,21386,4,26.3,3107.22
820084,5007014,21370,8,25.5,9504.53
820085,5007668,21367,18,1.0,6976.71
820086,5007214,20632,10,20.3,9402.85
820087,5000650,21321,37,15.3,63720.96
820088,5010169,20466,-2,20.7,-2916.4
820089,5007035,21457,46,,31408.6
820090,5003093,20247,12,0.9,15408.23
820091,5001600,20986,45,6.9,23771.22
820092,5010879,20970,49,1.1,58394.05
820093,5009834,20185,30,11.2,696.9
820094,5004677,20689,31,0.7,75391.88
820095,5011763,20758,46,,
820096,5008828,21247,31,0.3,20459.51
820097,5006338,20494,21,20.2,24598.06
820098,5010350,21054,47,16.6,53647.17
820099,5010357,20881,39,,65920.28
820100,5000842,20933,30,1.6,21492.63
820101,5008419,21306,38,1.1,36666.88
820102,5007981,20342,8,1.5,10079.78
820103,5007510,20926,15,,6697.18
820104,5000213,21227,12,26.1,16807.88
820105,5009250,20519,4,25.0,1052.07
820106,5003823,20019,41,25.5,16192.52
820107,5003788,20707,30,10.6,4461.24
820108,5009633,20578,24,20.4,43015.33
820109,5003646,20040,50,0.4,81905.56
820110,5005590,20255,50,1.4,78622.65
820111,5002187,20903,43,5.1,50459.08
820112,5003231,21148,18,1.5,7480.46
820113,5000222,21139,30,21.5,44108.91
820114,5003466,21427,2,0.2,2433.88
820115,5007103,21479,9,26.9,12434.24
820116,5001906,21308,22,25.0,31158.77
820117,5009754,20201,10,10.4,2429.95
820118,5010878,20509,47,0.5,41344.94
820119,5010973,20174,47,1.5,102782.31
820120,5004516,21408,19,,
820121,5008905,20027,44,16.6,549.71
820122,5009872,20245,10,6.1,10485.44
820123,5011646,20535,25,0.5,57428.41
820124,5011959,20124,40,5.6,37013.11
820125,5011162,21150,32,1.9,25712.25
820126,5009268,20221,41,0.0,68593.41
820127,5009924,20080,19,11.1,14572.37
820128,5000205,20141,35,6.9,34526.74
820129,5010806,20321,12,25.2,
820130,5009447,21299,2,15.0,3244.7
820131,5005100,20234,37,1.4,61220.44
820132,5008278,21279,18,25.4,13951.56
820133,5000289,20864,47,5.0,9303.72
820134,5001547,21467,49,,28436.65
820135,5004057,20173,22,20.7,7313.71
820136,5002614,20525,33,21.2,1795.58
820137,5000501,20743,28,1.5,6479.09
820138,5009263,21391,4,11.6,217.61
820139,5009613,21161,38,0.8,
820140,5006394,21052,2,6.7,4347.15
820141,5003890,20882,5,6.8,464.37
820142,5006625,21395,12,0.7,9178.78
820143,5008019,21073,6,6.1,6534.48
820144,5004535,20914,12,21.6,11813.44
820145,5010994,20013,34,0.2,1401.39
820146,5002156,20171,-2,1.3,-26.96
820147,5005658,20466,36,6.5,61895.35
820148,5007582,21283,42,15.3,895.4
820149,5003880,20690,24,0.3,54680.74
820150,5002793,20094,4,1.7,3625.11
820151,5001846,20184,43,1.6,90163.49
820152,5009879,21101,23,0.8,18443.31
820153,5002104,20060,4,25.4,1243.19
820154,5001020,20034,11,1.3,26181.76
820155,5008334,20817,27,0.8,36714.44
820156,5002838,20765,9,1.7,282.48
820157,5001576,21269,29,6.5,55443.4
820158,5005609,20759,29,15.0,11005.98
820159,5001299,20510,22,1.5,45477.75
820160,5001850,21094,42,15.2,14908.5
820161,5003916,20931,20,1.8,18031.48
820162,5009537,21406,20,1.2,987.8
820163,5000351,21231,24,7.0,20268.57
820164,5005696,20374,34,0.7,73169.01
820165,5005383,21460,43,21.2,25752.18
820166,5008222,20839,25,1.4,7722.84
820167,5004459,20086,13,,11968.97
820168,5001621,21398,8,25.2,14603.11
820169,5002622,20063,11,10.2,
820170,5004012,21445,22,0.6,50679.53
820171,5003392,21001,25,11.9,21660.05
820172,5010362,20773,6,0.9,3413.42
820173,5000372,20869,10,1.8,10495.91
820174,5004074,20887,8,11.3,3925.22
820175,5000058,20829,25,,43433.69
820176,5003733,21405,4,26.6,2006.9
820177,5010912,20040,5,10.9,7327.09
820178,5004824,20072,44,1.3,961.5
820179,5002848,21443,2,,2708.4
820180,5011312,21144,38,1.8,6298.94
820181,5002880,21494,47,20.8,44117.88
820182,5003913,20179,46,25.9,35729.97
820183,5004319,20066,32,10.9,60604.25
820184,5009170,21416,49,20.1,68818.06
820185,5005235,21056,27,20.7,25649.74
820186,5007783,21284,47,5.2,96514.09
820187,5002606,20731,7,1.7,6586.22
820188,5000134,20828,3,20.4,4853.71
820189,5008599,20279,39,1.7,36723.78
820190,5007090,21135,4,21.7,2104.17
820191,5005451,21332,13,11.9,777.09
820192,5009229,20693,4,,1501.0
820193,5002888,20647,15,0.9,31540.41
820194,5005851,20430,18,5.2,30374.09
820195,5007005,21402,7,1.2,5064.52
820196,5000576,21269,48,21.9,76653.59
820197,5006805,20383,29,25.9,2399.89
820198,5002398,21384,11,,24701.24
820199,5002780,20601,8,1.3,
820200,5007870,21135,4,0.7,2668.51
820201,5006789,21210,16,11.5,23886.5
820202,5006071,21303,4,1.9,8436.99
820203,5003826,20945,1,,435.21
820204,5001079,21001,1,1.0,973.6
820205,5000949,21404,12,0.1,27149.58
820206,5008361,20339,49,1.5,67992.84
820207,5008836,20549,30,6.9,27601.54
820208,5006599,21292,3,0.5,5547.56
820209,5000288,20486,31,1.3,37085.09
820210,5000740,20127,21,,27807.54
820211,5001703,20276,20,6.1,8248.93
820212,5010937,20065,33,25.3,28048.65
820213,5009669,21179,39,15.9,61666.06
820214,5011344,21398,4,26.3,7194.18
820215,5004426,20184,39,6.9,77371.57
820216,5000773,20774,17,15.1,21951.73
820217,5001450,20087,-5,0.7,
820218,5004199,21428,47,20.5,22023.3
820219,5004885,20569,39,1.3,62725.88
820220,5009559,21095,23,16.9,39850.22
820221,5003874,20425,28,15.3,48450.6
820222,5005068,21405,2,0.8,1356.16
820223,5007019,20539,23,1.2,51617.79
820224,5001182,21102,50,25.2,48575.12
820225,5006702,20714,29,6.2,13332.52
820226,5011715,20527,32,21.4,37678.45
820227,5002179,20087,11,16.3,
820228,5006393,20074,28,25.1,18431.45
820229,5001413,20142,28,15.6,5184.62
820230,5006378,21468,44,1.9,102750.18
820231,5007563,21399,37,0.6,43885.35
820232,5010710,20498,28,5.7,62403.48
820233,5006235,21081,3,20.2,368.46
820234,5007464,20957,26,15.6,51537.68
820235,5005867,21402,13,5.1,9034.26
820236,5006988,21228,25,11.0,50788.07
820237,5003411,21399,1,,1110.92
820238,5011423,20020,45,,8881.32
820239,5011220,20771,46,1.1,17327.3
820240,5000397,20271,31,15.6,61862.16
820241,5003135,20008,29,6.7,13314.48
820242,5004778,20904,21,1.0,21783.97
820243,5003842,20118,16,26.7,9077.59
820244,5003638,20755,16,,
820245,5008012,20750,38,0.9,65953.84
820246,5007612,20526,23,1.6,23629.17
820247,5011627,20834,19,0.7,31266.77
820248,5008358,20412,15,16.1,11038.18
820249,5008126,20082,16,10.5,3019.09
820250,5000302,20531,9,1.3,12082.57
820251,5004350,21140,47,,37792.26
820252,5010291,20159,24,1.1,
820253,5005751,20833,40,1.0,44091.04
820254,5008614,21399,17,6.5,18966.71
820255,5011098,21431,19,1.0,42803.1
820256,5011240,21022,33,21.8,11872.31
820257,5008226,21087,36,0.1,86193.12
820258,5003504,20109,18,6.0,28910.7
820259,5001485,20779,43,26.0,55056.24
820260,5010975,21142,2,26.5,1109.17
820261,5005378,21094,45,21.1,14862.04
820262,5011736,21076,39,1.1,29646.44
820263,5009413,21124,6,10.3,10162.78
820264,5002614,21403,14,6.6,11955.52
820265,5004889,21141,20,16.9,25130.94
820266,5009954,20958,31,21.1,6133.09
820267,5005883,21421,47,16.5,53596.9
820268,5007295,20822,3,11.7,6132.73
820269,5004865,20469,3,5.9,1056.06
820270,5003112,20681,33,25.6,3767.75
820271,5000113,20614,1,1.3,2337.86
820272,5000789,20802,18,25.4,13449.62
820273,5006621,20999,24,6.1,34241.42
820274,5007388,20763,8,16.8,745.07
820275,5001471,20398,38,1.6,64135.51
820276,5003746,21436,31,1.6,18850.56
820277,5007043,21436,6,22.0,2892.1
820278,5010830,20960,9,11.4,12327.88
820279,5009873,20376,18,26.6,15105.81
820280,5004107,20322,-9,1.6,-8233.87
820281,5000729,20783,4,20.0,7080.74
820282,5000129,21168,35,,16613.98
820283,5001310,20992,45,0.9,
820284,5007389,20424,5,16.7,6232.71
820285,5006410,20259,32,1.6,37493.39
820286,5007541,20020,26,15.8,53232.15
820287,5011849,20883,47,15.3,98481.89
820288,5010660,20948,12,11.1,11369.63
820289,5005603,20347,27,6.0,3482.39
820290,5011604,20285,4,21.3,1444.33
820291,5010262,21085,41,1.3,22931.43
820292,5003089,20004,49,1.1,90510.61
820293,5011964,20848,31,15.1,36485.77
820294,5002946,20596,46,6.8,24126.65
820295,5004979,20628,46,21.4,55933.69
820296,5003912,20231,15,10.1,22841.84
820297,5004101,21046,22,0.6,31842.21
820298,5009337,20833,43,1.9,46966.97
820299,5005268,20552,39,12.0,57223.8
820300,5009344,20815,40,5.8,46669.32
820301,5001009,21086,36,20.8,27039.07
820302,5000711,20693,16,5.6,
820303,5008066,20061,8,21.0,
820304,5008862,21383,37,1.5,43692.45
820305,5010813,21276,4,0.5,6271.96
820306,5000623,20598,34,1.4,81011.08
820307,5004773,21093,38,,92569.01
820308,5003206,20761,40,16.2,64299.74
820309,5010562,21463,40,6.4,16402.46
820310,5001186,20792,21,20.4,29432.03
820311,5003202,21327,25,0.9,16430.04
820312,5010222,20740,5,26.3,7029.43
820313,5006651,21240,1,27.0,468.42
820314,5000057,20699,31,10.2,42784.5
820315,5010833,20276,11,0.4,4812.31
820316,5006266,20347,32,5.7,4140.45
820317,5010400,20719,14,25.6,1163.15
820318,5006848,20973,18,1.6,26419.75
820319,5001005,20593,16,0.0,37926.08
820320,5003952,20319,34,11.5,11982.14
820321,5002926,20395,40,,80328.32
820322,5011587,21144,9,21.3,1195.61
820323,5005071,21431,18,0.2,40877.98
820324,5008574,20411,27,16.6,15381.82
820325,5009834,21070,29,15.4,11351.88
820326,5006838,20793,34,16.6,14290.01
820327,5007345,21459,12,21.1,1856.01
820328,5000623,21338,35,21.2,49491.76
820329,5006105,20417,21,10.4,44570.02
820330,5001221,20777,12,15.3,10785.94
820331,5006832,21143,30,1.5,51838.38
820332,5009625,21352,48,20.7,54652.67
820333,5010829,20987,33,1.3,21193.95
820334,5009595,21029,21,1.5,32503.17
820335,5011513,21182,21,1.4,24731.45
820336,5008894,20415,16,5.8,11793.54
820337,5011681,21307,3,20.8,449.14
820338,5004189,20099,27,0.7,39695.29
820339,5000165,20476,35,0.8,36824.73
820340,5006741,21162,48,5.9,94609.8
820341,5010957,20841,42,1.7,18206.3
820342,5006050,20277,50,0.4,101255.35
820343,5009263,21173,42,10.6,55115.96
820344,5007249,20027,35,1.0,519.06
820345,5011901,20296,11,0.1,26906.24
820346,5005553,20320,44,10.7,35455.14
820347,5001837,20525,32,16.9,1836.18
820348,5001023,21094,12,0.2,5013.03
820349,5008525,21266,29,26.6,30123.1
820350,5009104,21072,5,11.6,8649.81
820351,5002305,20398,28,26.3,35395.28
820352,5009686,21231,41,0.8,36933.84
820353,5009599,20614,15,0.9,35209.98
820354,5002884,20289,16,,5441.06
820355,5008810,21248,37,,80090.36
820356,5000110,20738,4,0.2,4283.9
820357,5010467,20293,48,5.5,28528.26
820358,5006223,21265,17,0.2,16829.93
820359,5009657,20231,48,0.7,80736.62
820360,5001071,21109,9,,17969.9
820361,5004082,20564,21,16.9,28708.64
820362,5003539,20437,27,21.8,51918.9
820363,5006197,20154,13,16.2,7779.41
820364,5004438,21146,15,,17611.03
820365,5009119,20107,11,20.8,19658.11
820366,5001839,21171,10,6.8,4848.26
820367,5011068,21117,16,1.3,27141.39
820368,5007981,20052,25,25.6,32256.12
820369,5000604,20453,38,1.3,5404.24
820370,5005379,20473,36,0.1,10924.42
820371,5003995,20852,36,20.9,30126.47
820372,5011329,21281,23,6.3,23415.16
820373,5002242,20460,45,0.5,16738.69
820374,5007792,21476,40,21.5,9233.8
820375,5006580,20076,3,6.9,6726.1
820376,5003276,20084,19,0.3,21491.21
820377,5009496,21050,9,16.0,9433.22
820378,5001529,20375,1,21.6,1199.16
820379,5002737,20234,4,1.6,6605.0
820380,5010165,20898,39,25.6,
820381,5006609,21448,35,25.2,14923.65
820382,5001740,20109,45,26.8,56283.59
820383,5008157,21098,13,21.6,7385.63
820384,5003592,21349,18,0.0,
820385,5000025,21489,44,5.3,61042.79
820386,5006168,20411,3,6.8,1909.92
820387,5004872,20154,13,26.7,6804.66
820388,5010479,20144,2,1.4,2775.75
820389,5001522,21380,28,10.4,
820390,5003121,21043,29,,4053.26
820391,5003900,20099,30,1.8,
820392,5005404,20770,11,10.9,7581.07
820393,5002113,21100,29,0.1,52347.41
820394,5000148,21431,41,1.5,91898.09
820395,5002971,20855,21,0.1,
820396,5008040,20640,4,5.8,957.3
820397,5010315,20063,4,26.2,1847.04
820398,5009497,21351,47,,74671.07
820399,5007764,20867,1,6.3,91.68
820400,5008770,20274,9,1.6,11471.35
820401,5006590,21371,33,,78816.54
820402,5008213,21206,29,,3931.02
820403,5006875,20006,50,1.9,12180.1
820404,5008529,21041,32,15.8,57400.69
820405,5003512,20802,27,11.5,23933.47
820406,5003426,21023,50,0.3,44205.98
820407,5001149,20800,36,,32938.61
820408,5006537,20123,29,15.6,40740.3
820409,5003274,20368,8,25.8,2742.25
820410,5000636,20172,34,16.8,47878.01
820411,5004072,21414,24,1.7,48227.71
820412,5003141,20909,30,5.3,49459.25
820413,5000187,21135,24,5.0,15317.72
820414,5005092,20591,18,,29968.14
820415,5009160,20255,9,,14180.78
820416,5005134,20180,21,25.1,23959.83
820417,5009802,21490,4,,4254.83
820418,5006309,21487,31,1.3,69056.21
820419,5003661,20360,34,1.2,19465.22
820420,5010315,20833,1,5.8,1048.83
820421,5008475,20011,15,1.4,1279.19
820422,5006557,21493,16,10.0,4744.66
820423,5006008,21380,33,16.6,460.72
820424,5010728,20162,45,1.8,64446.25
820425,5010292,20227,13,10.9,23796.23
820426,5011781,20720,49,1.4,102384.13
820427,5000965,20007,31,21.0,42999.54
820428,5007348,20352,5,21.4,7633.55
820429,5010231,21496,-1,0.5,-1419.78
820430,5001858,21159,50,11.4,96465.02
820431,5007034,21056,29,1.3,34289.5
820432,5004880,20901,26,20.5,7671.67
820433,5004971,21000,41,1.5,5441.47
820434,5008509,21397,44,0.3,13066.52
820435,5002263,20290,5,5.2,2139.45
820436,5000837,20325,38,0.6,52821.88
820437,5007077,21407,40,5.5,
820438,5001722,20118,44,10.6,30446.46
820439,5002989,20424,32,5.1,45444.19
820440,5004864,21016,50,,102479.09
820441,5008671,20958,28,0.6,6978.87
820442,5011899,20669,12,1.4,9177.37
820443,5001169,21276,18,1.4,8850.57
820444,5002981,20751,26,5.8,28059.26
820445,5006474,20783,40,5.8,83375.67
820446,5001842,21153,18,5.2,23815.37
820447,5001124,20019,20,20.2,8460.72
820448,5006082,20875,45,5.7,76974.12
820449,5009840,20064,32,6.9,27980.05
820450,5010609,20650,24,5.6,53914.48
820451,5001325,21039,14,25.7,25032.0
820452,5002724,20189,30,10.8,57713.56
820453,5003456,20473,19,6.0,5425.15
820454,5010139,20938,27,5.3,17286.69
820455,5009573,20235,17,1.5,3093.14
820456,5007083,20346,27,26.4,46217.3
820457,5002216,21496,17,11.3,21516.38
820458,5000907,20849,3,1.3,3687.98
820459,5010633,20780,7,20.7,2129.86
820460,5008240,20385,36,11.0,66323.44
820461,5008558,21080,41,1.2,66319.29
820462,5002228,20221,49,1.8,80501.9
820463,5008553,20952,34,21.7,51717.23
820464,5008082,20297,25,21.4,30161.37
820465,5000756,20088,17,2.0,20825.5
820466,5010841,21415,30,,10898.19
820467,5010202,21211,19,1.4,35200.62
820468,5000980,20509,22,,17369.03
820469,5001236,21060,43,0.8,47827.19
820470,5001071,21326,49,21.3,9835.11
820471,5010616,20191,47,25.8,45291.21
820472,5000191,20789,6,16.4,9206.22
820473,5003063,20713,21,10.1,24451.51
820474,5001848,20755,5,,4220.56
820475,5008621,21286,48,0.8,48107.87
820476,5010116,20366,19,25.7,23037.25
820477,5003825,20663,25,21.4,28720.24
820478,5002974,20824,4,1.7,6765.32
820479,5001006,20068,17,20.3,30654.61
820480,5008983,20082,9,16.9,1576.8
820481,5001577,21115,46,26.8,18482.22
820482,5010888,21313,32,1.0,69326.61
820483,5006874,20100,13,10.1,20480.42
820484,5011847,20813,33,0.8,11898.23
820485,5005920,21437,11,15.4,11286.04
820486,5004778,20661,25,,34379.54
820487,5006115,20304,36,11.3,
820488,5005046,20858,3,20.7,4827.56
820489,5011428,20116,21,20.9,38838.84
820490,5003779,20308,37,15.2,7410.7
820491,5008576,20344,23,26.0,
820492,5007875,20473,-1,0.6,-301.94
820493,5003690,20398,4,1.1,6785.41
820494,5000215,20706,11,0.8,10308.89
820495,5006698,20971,48,25.2,46051.19
820496,5007287,20226,17,25.5,776.74
820497,5002184,21413,26,21.8,235.85
820498,5005369,20845,41,5.5,68483.72
820499,5006368,20590,5,6.2,2353.4
820500,5010924,21336,43,0.4,102586.34
820501,5009148,21469,12,16.9,11385.33
820502,5009187,20162,27,1.5,38785.88
820503,5004836,20993,17,15.2,25543.13
820504,5009815,20007,22,1.1,47184.18
820505,5009023,20405,6,25.2,3398.27
820506,5004687,20493,24,16.4,24863.71
820507,5002651,21371,19,15.4,38390.82
820508,5006869,21220,14,11.4,15868.69
820509,5002279,20183,14,0.2,22516.58
820510,5004606,20946,21,25.4,37301.37
820511,5004825,20368,6,11.5,2453.06
820512,5007268,21396,24,1.1,41765.87
820513,5006224,20719,2,10.2,
820514,5006189,21146,31,0.0,45954.71
820515,5007734,21199,1,6.0,181.6
820516,5000868,20688,6,20.2,11955.92
820517,5009250,20248,6,11.5,1379.86
820518,5002118,20912,30,1.2,32931.52
820519,5000711,20164,17,25.9,22844.91
820520,5008604,20865,35,15.9,
820521,5003432,20480,30,1.7,37447.58
820522,5011983,20458,22,0.1,9840.65
820523,5006379,20801,35,6.9,1418.75
820524,5010979,21057,12,20.4,21820.3
820525,5003685,21041,32,5.6,64354.22
820526,5003905,20065,4,1.0,
820527,5006014,20493,5,0.1,6189.9
820528,5004306,21491,28,25.3,40401.55
820529,5003703,20410,4,0.9,6333.88
820530,5005439,20372,36,20.5,11766.83
820531,5010534,21070,23,,7970.93
820532,5001950,21320,39,1.9,68724.26
820533,5001480,20106,42,1.0,38746.32
820534,5004809,20766,30,1.2,5044.43
820535,5005805,20614,8,0.5,18854.45
820536,5010957,20153,7,6.3,9746.15
820537,5007146,20340,5,1.2,11854.22
820538,5003664,20959,2,1.0,790.63
820539,5004447,20448,16,7.0,9791.64
820540,5001888,21262,28,25.1,27861.51
820541,5005502,21139,45,25.0,63213.41
820542,5005238,20968,16,26.7,5673.19
820543,5009778,20839,26,0.8,8080.63
820544,5003861,20376,3,1.0,3395.72
820545,5011283,21158,48,0.3,20869.04
820546,5011364,20639,49,0.3,75984.0
820547,5007409,21243,-2,15.0,-3747.38
820548,5004254,21305,19,25.3,33433.03
820549,5005326,20879,5,10.4,4907.8
820550,5003008,21232,44,11.4,15117.61
820551,5011144,21370,40,11.6,56389.3
820552,5010923,20126,34,16.6,58257.69
820553,5011405,21373,10,0.8,11885.05
820554,5010465,20109,39,1.6,65571.92
820555,5002085,20208,12,21.5,
820556,5006753,21127,5,0.9,192.35
820557,5007438,20970,5,0.5,5994.73
820558,5008959,21292,7,1.6,12801.21
820559,5001344,20274,18,0.3,23245.81
820560,5005251,21436,27,15.1,
820561,5005370,21381,7,0.5,632.07
820562,5000506,21488,24,0.3,30057.88
820563,5007925,20479,42,10.1,32884.95
820564,5005793,20552,37,,54967.86
820565,5010235,20188,30,,30831.12
820566,5007229,20850,40,1.2,69439.41
820567,5010637,21321,28,,47310.36
820568,5007099,21310,18,1.5,39569.99
820569,5010489,21087,20,6.7,44721.49
820570,5008063,21372,31,10.2,57278.08
820571,5004693,20454,40,15.5,72378.98
820572,5008547,20201,28,0.2,7578.41
820573,5006541,21132,1,5.1,342.72
820574,5003368,20730,26,0.9,33022.48
820575,5009542,20427,28,0.6,55282.14
820576,5005251,20443,3,0.4,5540.02
820577,5003393,20928,38,16.6,24899.45
820578,5008546,21131,25,,10265.07
820579,5004825,20089,3,11.9,4896.08
820580,5010603,21068,27,0.5,33534.77
820581,5000237,21241,30,20.3,2450.77
820582,5009679,20970,2,0.7,2393.07
820583,5005033,20577,41,0.9,97902.02
820584,5005518,21457,17,1.3,32281.79
820585,5008304,20560,19,20.0,
820586,5002953,20974,45,0.5,100517.19
820587,5007620,20984,46,21.2,55516.71
820588,5009442,20176,14,1.4,12668.62
820589,5008917,21211,29,,45771.71
820590,5005878,20838,12,11.4,21841.1
820591,5011604,20442,5,1.8,
820592,5011605,21310,10,0.2,22273.46
820593,5010108,21479,18,0.7,33781.68
820594,5000068,20159,43,1.6,72423.76
820595,5001638,20339,39,0.2,54830.98
820596,5011913,20988,45,0.8,77997.69
820597,5008560,20639,33,11.4,45475.62
820598,5004849,20276,36,1.2,15622.89
820599,5008525,20871,35,1.5,24195.93
820600,5008156,21368,16,5.9,35393.64
820601,5002833,21271,32,6.3,43108.0
820602,5009475,20284,38,10.1,81820.38
820603,5011845,21025,6,5.7,10687.0
820604,5009714,20952,39,16.1,63565.45
820605,5005523,20805,43,21.6,80494.82
820606,5009997,20132,10,,12954.95
820607,5011942,20116,-1,25.4,-1744.25
820608,5011338,21342,27,0.3,36257.47
820609,5001024,20143,32,11.0,55668.43
820610,5005371,20690,45,25.1,77023.34
820611,5003575,21269,18,0.7,36547.86
820612,5004874,20149,6,1.9,6506.44
820613,5011759,20105,47,12.0,47819.6
820614,5002090,20875,21,1.3,37597.33
820615,5005568,20790,15,0.2,34807.94
820616,5006930,20055,14,1.9,23517.69
820617,5011151,20338,9,,12161.97
820618,5008467,20006,1,21.5,194.93
820619,5003436,20298,18,22.0,22168.04
820620,5006281,20009,46,11.6,77622.29
820621,5011116,20004,44,21.3,64674.72
820622,5010420,20681,18,,2016.46
820623,5002456,21447,23,1.5,39353.55
820624,5003295,21149,6,0.3,13081.38
820625,5001904,20807,10,15.6,14056.82
820626,5009773,21147,44,26.2,47705.26
820627,5006500,20949,39,1.1,15749.31
820628,5010266,20538,24,25.9,33679.69
820629,5005950,20755,32,11.4,24395.76
820630,5008008,20428,45,20.5,797.07
820631,5001102,20949,8,0.7,3243.69
820632,5006683,20125,28,1.4,7235.23
820633,5003244,20302,23,1.0,
820634,5001855,20720,26,6.9,51295.9
820635,5005530,20350,40,,6272.86
820636,5006895,20057,43,25.7,40830.5
820637,5009193,20854,46,20.3,75694.93
820638,5011898,20957,44,16.6,86184.23
820639,5010137,20836,6,21.3,7673.82
820640,5010191,20724,31,20.6,52584.86
820641,5009165,20884,33,16.8,5764.39
820642,5001563,21291,17,25.5,15616.2
820643,5003402,20914,5,0.9,6221.89
820644,5008314,20451,42,25.4,40757.92
820645,5010044,21450,35,0.7,42756.3
820646,5001828,20764,17,5.8,15835.76
820647,5009739,20947,1,20.9,1619.96
820648,5006625,20942,5,,7602.31
820649,5000280,21202,5,5.9,7244.38
820650,5011758,20268,11,7.0,2583.07
820651,5010444,20711,23,1.5,10567.2
820652,5004515,20231,42,6.7,66375.99
820653,5010486,20763,22,0.1,2460.22
820654,5005661,20155,19,21.3,25343.54
820655,5006199,20954,17,16.0,29938.45
820656,5007744,20622,19,2.0,19932.15
820657,5008644,20010,6,10.9,2271.14
820658,5005408,20334,32,11.9,37311.83
820659,5010382,20427,26,0.2,51539.99
820660,5010057,21442,5,15.5,10099.23
820661,5011724,20737,9,25.9,9792.36
820662,5002077,20488,-10,5.7,-3234.3
820663,5010342,20048,32,,333.35
820664,5009577,20941,17,1.6,38167.78
820665,5010291,20184,37,1.9,77346.0
820666,5004138,20258,4,11.4,153.7
820667,5001527,21179,4,26.9,5497.47
820668,5004696,20345,34,,3180.3
820669,5009731,20124,29,26.1,21007.09
820670,5009208,21159,14,21.2,24022.62
820671,5010596,20488,43,15.4,12476.93
820672,5003553,20065,43,25.8,36303.6
820673,5002874,20479,22,26.3,14121.42
820674,5001783,20134,22,21.6,4213.17
820675,5000557,20228,45,15.0,51179.26
820676,5008664,20195,23,26.2,18990.17
820677,5002468,20770,22,1.5,16761.74
820678,5007565,20435,41,11.0,45481.14
820679,5003702,20978,7,,10347.43
820680,5001416,20384,2,16.9,745.92
820681,5009552,20405,37,15.1,23785.61
820682,5001050,21257,6,26.7,6160.76
820683,5000188,20630,1,1.4,1186.98
820684,5004064,20391,41,25.7,57775.82
820685,5002479,20947,47,16.0,80854.65
820686,5005001,20584,24,21.1,39841.34
820687,5010835,20089,11,20.8,16138.72
820688,5003362,21201,43,0.6,77129.65
820689,5002391,21424,21,2.0,18841.81
820690,5005233,20909,39,0.0,67895.49
820691,5011031,21050,3,,3515.0
820692,5009362,20575,33,20.5,12629.79
820693,5000998,20055,31,5.1,50376.21
820694,5001847,21096,29,0.7,25548.99
820695,5000752,20171,10,21.2,107.64
820696,5000522,21045,44,0.1,48127.86
820697,5002389,20420,13,21.4,
820698,5000353,20508,17,11.7,21300.46
820699,5001491,21011,28,20.9,50979.82
820700,5003795,20404,30,,16283.99
820701,5007449,20755,33,0.8,28168.02
820702,5011884,20532,38,1.5,50043.16
820703,5010877,20832,1,0.9,2394.02
820704,5001350,20550,4,5.3,3211.85
820705,5007944,21084,47,0.1,105347.98
820706,5011379,20329,5,20.2,6817.67
820707,5010461,20918,32,6.2,8042.79
820708,5002098,20209,8,6.6,15102.03
820709,5000388,21304,6,,2147.44
820710,5005448,20612,5,25.1,3694.97
820711,5000072,20693,13,0.9,5727.91
820712,5002662,20124,20,2.0,19212.31
820713,5009112,20336,17,11.8,28731.2
820714,5000897,20048,16,0.1,209.71
820715,5005927,20180,-9,,-13490.26
820716,5006842,20182,41,1.4,84426.06
820717,5010880,21475,15,5.1,3720.03
820718,5008864,20021,11,1.2,
820719,5003204,20140,48,12.0,100245.66
820720,5005399,20679,8,1.4,1961.43
820721,5005697,20236,41,0.6,68421.89
820722,5009754,20611,17,,35208.21
820723,5000790,20651,9,7.0,19746.67
820724,5004821,20019,44,16.2,19546.58
820725,5008156,21090,17,10.0,
820726,5008913,20121,14,15.5,11063.77
820727,5007976,20437,30,22.0,57540.13
820728,5008497,20150,32,0.6,24784.48
820729,5000366,20057,21,16.3,22463.23
820730,5000613,21450,29,11.6,57944.03
820731,5004741,20175,28,0.9,1381.02
820732,5002028,21373,10,0.4,11932.98
820733,5010374,21467,38,0.1,22343.67
820734,5000617,20629,29,26.1,6739.41
820735,5008104,21180,26,6.8,48563.84
820736,5001471,21034,27,6.2,24459.34
820737,5003561,21102,34,1.0,43717.61
820738,5008233,20748,33,25.1,12503.09
820739,5001979,20798,28,0.6,65477.56
820740,5002688,21085,4,21.1,1943.84
820741,5008997,21293,31,25.7,40923.42
820742,5006847,20514,39,11.8,77056.68
820743,5000057,21257,49,25.3,51273.85
820744,5002752,20357,39,0.2,47041.13
820745,5009426,20839,24,,7060.53
820746,5011861,21494,30,11.4,31502.62
820747,5005298,20267,19,1.8,16086.93
820748,5010922,21200,23,5.0,28023.94
820749,5007005,21365,38,15.7,51311.1
820750,5011254,21043,40,1.9,6148.52
820751,5009816,20903,46,10.3,51021.7
820752,5002647,20339,6,11.6,
820753,5007850,21484,43,5.9,69681.33
820754,5001792,21412,45,15.8,58054.68
820755,5010428,21469,19,11.2,
820756,5008672,20410,-8,20.0,
820757,5009566,20750,7,15.6,10347.21
820758,5011428,20339,6,26.3,6229.45
820759,5011575,20535,33,6.8,71005.76
820760,5011136,20979,-4,21.0,-7052.71
820761,5008680,20811,44,1.6,79786.73
820762,5009824,20114,27,16.7,29789.78
820763,5008218,21300,8,10.9,4058.4
820764,5010046,20437,35,1.3,84945.46
820765,5010596,21327,43,16.5,23811.12
820766,5002634,20635,27,11.2,18870.55
820767,5004744,20920,27,2.0,62416.23
820768,5007987,21096,25,1.9,21758.83
820769,5009619,20034,30,11.4,64097.94
820770,5007992,20812,26,26.3,38212.86
820771,5005581,21384,41,20.2,81724.66
820772,5010155,21405,18,20.4,9793.9
820773,5002224,20475,42,0.9,25415.23
820774,5009082,20844,36,0.2,12876.24
820775,5009738,20779,49,21.1,29439.19
820776,5000851,20268,33,1.6,8199.18
820777,5005869,21500,34,5.2,38610.07
820778,5009056,20815,24,1.6,29250.07
820779,5002789,21494,5,1.5,
820780,5003764,20953,29,1.8,69540.43
820781,5001092,21249,-10,7.0,-1541.66
820782,5002778,20697,14,5.9,22146.68
820783,5008930,21330,27,15.9,8313.49
820784,5008638,20895,32,20.3,7891.96
820785,5010065,20005,28,1.5,22212.66
820786,5007951,20315,-4,26.1,-5152.13
820787,5009332,20156,23,15.6,44239.37
820788,5005912,20220,34,,26325.72
820789,5004074,20528,2,16.3,1705.5
820790,5007040,21326,-10,16.4,-2132.13
820791,5010751,20281,45,25.2,26458.44
820792,5001259,20564,8,1.9,12910.74
820793,5007339,20509,34,20.5,23897.22
820794,5003311,21405,5,15.9,2874.33
820795,5009974,21071,1,0.3,2299.98
820796,5003291,21038,4,16.4,5980.84
820797,5005074,20919,48,1.7,31819.95
820798,5001080,20124,12,10.5,10527.56
820799,5003837,21417,47,6.1,
820800,5010993,20506,40,7.0,41320.27
820801,5000607,21112,31,25.2,25203.73
820802,5003154,20640,29,21.0,5820.51
820803,5000208,20461,38,0.6,424.94
820804,5011853,20018,3,25.1,3624.37
820805,5007013,21318,5,15.3,5939.84
820806,5008707,21025,49,0.7,91904.8
820807,5003704,21152,47,10.1,99878.91
820808,5007554,21463,33,20.0,11565.84
820809,5011999,20540,43,10.5,16638.6
820810,5001074,21435,50,25.8,41730.45
820811,5008389,20369,42,1.4,45910.59
820812,5011162,21337,19,1.1,46086.24
820813,5006605,20140,10,,18724.86
820814,5004949,21192,48,0.6,44530.56
820815,5009994,20049,11,,4818.81
820816,5008201,20397,36,15.5,48740.75
820817,5009988,20893,49,,115318.06
820818,5003792,20137,2,10.1,388.55
820819,5001997,21339,31,16.2,32312.48
820820,5009677,21106,9,,5693.43
820821,5006898,21181,47,1.5,35656.41
820822,5008152,21354,12,25.6,2421.45
820823,5009864,20779,11,11.2,4488.4
820824,5006221,21139,48,11.8,79294.9
820825,5003674,21063,3,1.4,1854.67
820826,5003387,21163,37,11.7,36252.07
820827,5007024,20144,1,11.8,1241.49
820828,5006128,21304,6,,1987.22
820829,5003617,20113,45,0.1,30459.26
820830,5002552,20037,20,27.0,24573.26
820831,5003763,21077,22,25.9,1539.56
820832,5002344,21112,10,1.5,10706.26
820833,5008509,20513,32,11.8,30713.36
820834,5010637,20917,46,,12410.31
820835,5002786,20639,14,15.2,18465.23
820836,5011981,20745,15,1.3,19206.38
820837,5007817,20704,4,16.9,902.1
820838,5010985,21084,14,26.6,23056.16
820839,5010112,20790,21,26.4,35937.98
820840,5007411,20854,16,25.2,24709.97
820841,5004265,21399,13,1.6,15264.05
820842,5007348,20471,4,0.1,8200.63
820843,5006891,20636,37,1.7,10697.44
820844,5005727,20481,23,21.1,31099.24
820845,5005413,20004,34,0.7,63057.29
820846,5006143,21476,27,15.5,6709.21
820847,5009914,21417,13,0.8,19404.35
820848,5010527,21053,23,1.7,36937.91
820849,5000290,20880,18,6.7,6745.98
820850,5011813,20309,48,1.2,94626.06
820851,5002112,20361,16,11.3,7078.83
820852,5005595,20670,24,11.4,26854.31
820853,5009680,20438,8,,10100.68
820854,5002229,20095,25,15.4,27251.35
820855,5011523,20857,8,15.8,2632.16
820856,5006564,20120,44,10.8,2226.93
820857,5001041,20285,11,0.3,5031.77
820858,5010660,20067,19,10.7,14349.16
820859,5007664,21447,30,,46849.05
820860,5005618,20947,46,0.1,94113.33
820861,5003114,20560,30,10.2,17779.05
820862,5005328,20199,8,16.3,8744.44
820863,5007224,20580,25,21.8,43237.56
820864,5011618,20808,15,0.5,34769.13
820865,5011504,20903,47,,49225.02
820866,5008775,20314,36,0.7,8125.88
820867,5001416,20813,13,21.5,3709.11
820868,5007726,21267,46,25.3,28716.67
820869,5003590,20749,7,5.4,14557.41
820870,5004957,21047,39,0.7,52953.75
820871,5011193,21289,17,0.2,41710.23
820872,5006070,20873,23,0.1,
820873,5010624,21483,23,,28772.77
820874,5005364,20371,11,,11723.52
820875,5008285,20419,40,1.8,59387.04
820876,5003430,20337,38,,41249.54
820877,5008143,21100,24,26.4,31916.9
820878,5008015,20531,50,26.1,50259.02
820879,5009097,20281,11,16.3,7237.16
820880,5007663,20825,17,1.9,36064.18
820881,5007536,20638,31,,64688.34
820882,5005183,20373,8,15.3,12579.17
820883,5005568,20348,41,0.2,5245.69
820884,5004439,20789,31,1.5,56043.02
820885,5004362,20279,47,1.1,44527.0
820886,5009808,20242,34,0.3,46775.17
820887,5004190,20728,6,0.5,6753.86
820888,5008422,21323,34,16.7,68935.75
820889,5002721,20407,17,26.3,4509.81
820890,5004296,20333,28,20.6,44529.58
820891,5004891,20774,27,0.3,40942.18
820892,5002842,21385,14,,23239.84
820893,5011813,20772,11,25.8,2753.86
820894,5001046,20817,12,25.4,12271.04
820895,5009445,21047,7,11.1,8509.08
820896,5001720,21367,50,0.7,19438.47
820897,5007621,21372,38,5.6,73808.43
820898,5002168,20759,44,10.5,17582.78
820899,5011138,20722,13,1.8,30038.65
820900,5008988,20695,6,6.9,13687.6
820901,5002926,21297,35,,76872.52
820902,5008100,21200,45,26.9,42189.81
820903,5004145,20013,38,20.2,1252.38
820904,5004864,21170,15,16.5,29737.61
820905,5004987,20093,9,15.0,6269.94
820906,5011500,20287,19,1.3,32746.68
820907,5002280,20693,33,0.1,14657.46
820908,5005656,20148,4,26.7,2206.62
820909,5000540,20487,34,1.0,60591.7
820910,5006149,20028,4,5.6,
820911,5007365,20982,30,15.6,8339.9
820912,5011431,20765,6,0.3,191.01
820913,5004911,21209,34,1.9,46835.35
820914,5008999,21045,19,5.7,19617.5
820915,5006957,20615,5,26.4,5037.18
820916,5009338,21431,36,1.8,80445.24
820917,5009875,20850,11,21.4,15191.63
820918,5004864,20371,49,0.9,61029.44
820919,5001082,21063,10,6.2,5881.26
820920,5002922,21137,-4,16.3,
820921,5003546,21329,44,0.4,67793.1
820922,5008667,20369,8,0.1,8860.17
820923,5001290,20581,25,20.2,46660.66
820924,5007728,20138,4,15.9,6884.02
820925,5006996,20719,22,25.5,1830.27
820926,5007340,20597,40,5.1,12422.03
820927,5002208,20279,14,0.4,13357.24
820928,5004071,20142,10,10.1,1972.32
820929,5002892,20965,35,,41881.89
820930,5002131,20006,45,26.5,8213.18
820931,5004256,20860,35,11.5,12466.2
820932,5006790,21150,15,1.3,12126.33
820933,5006515,20209,46,21.2,73262.65
820934,5007240,20562,34,,8202.74
820935,5011749,20086,17,5.7,14923.74
820936,5000306,20546,8,0.2,6559.89
820937,5010578,20841,19,20.1,6694.52
820938,5009005,20790,32,20.9,58854.96
820939,5002212,20986,23,,11040.47
820940,5006632,20101,14,0.3,3711.85
820941,5000191,20988,28,25.3,36545.69
820942,5009925,21040,18,21.0,24814.33
820943,5007149,20674,48,25.6,80079.52
820944,5002984,20108,20,11.3,41792.25
820945,5000113,21296,37,1.2,1142.74
820946,5009938,20271,11,12.0,22887.39
820947,5003922,20378,34,11.3,12602.43
820948,5011330,20011,5,17.0,358.93
820949,5011357,20157,42,1.0,
820950,5004479,21344,16,15.4,26219.23
820951,5002046,20927,36,,10769.6
820952,5004444,20890,22,0.3,37705.42
820953,5005595,20024,8,0.9,
820954,5003581,20030,20,11.7,23023.7
820955,5009874,20584,50,0.1,105094.8
820956,5011783,20478,32,17.0,62292.5
820957,5000951,20778,38,5.9,7218.83
820958,5000746,20485,4,1.7,2245.17
820959,5002790,21332,38,5.4,2439.07
820960,5004183,20631,15,11.7,
820961,5011389,21441,22,,42823.39
820962,5007215,20065,9,11.1,9103.78
820963,5010053,20992,24,,40916.43
820964,5009967,21007,25,,17756.5
820965,5000461,20773,39,11.5,19814.03
820966,5006369,20292,33,10.9,31018.99
820967,5011184,20942,19,0.4,29181.75
820968,5004885,20515,23,20.7,33370.8
820969,5010634,20856,38,5.3,38798.31
820970,5002757,20084,17,0.1,
820971,5001715,20094,12,11.2,9824.3
820972,5005475,20899,20,26.5,5545.58
820973,5006858,21039,6,0.7,14337.69
820974,5001271,21097,21,2.0,51148.5
820975,5003117,20909,7,5.4,11528.31
820976,5003449,21450,11,5.2,5075.1
820977,5008924,21242,21,16.4,22951.84
820978,5009494,21444,44,15.5,30167.48
820979,5002046,20838,43,0.4,87980.7
820980,5003518,20995,43,15.9,58644.09
820981,5004898,21238,38,11.0,30781.95
820982,5000893,20111,21,26.4,10832.8
820983,5010277,20146,15,26.2,1094.6
820984,5007088,21033,20,10.5,8994.39
820985,5010199,20354,38,,37069.68
820986,5010305,20335,11,15.5,12363.19
820987,5005697,21045,27,25.8,21935.43
820988,5009719,21158,6,0.5,2603.4
820989,5008109,20333,35,1.5,69051.7
820990,5007917,20630,21,26.1,18682.24
820991,5006044,20499,20,0.1,8787.6
820992,5003125,21150,14,0.8,11375.24
820993,5007227,20718,1,11.7,23.58
820994,5008277,20740,30,25.8,42462.73
820995,5011709,20388,35,25.1,12156.68
820996,5009429,20891,14,1.7,24927.39
820997,5005178,20524,3,1.6,2140.44
820998,5011318,21024,28,,52182.71
820999,5000660,21081,50,15.6,6495.0
821000,5000916,20089,46,0.1,85128.41
821001,5008456,20381,39,1.1,24172.83
821002,5006949,20617,34,6.7,23720.76
821003,5011948,20994,38,1.8,80972.36
821004,5003566,20024,15,1.8,1119.48
821005,5000291,20344,47,1.7,83600.71
821006,5004501,20356,14,1.4,13055.41
821007,5011222,21191,9,0.8,17220.86
821008,5007682,20074,28,0.8,31960.45
821009,5001007,20417,15,0.1,35495.42
821010,5002274,20104,9,0.4,5843.63
821011,5002867,20769,16,26.8,
821012,5005804,21082,44,25.0,28895.46
821013,5003190,20471,45,25.8,68523.29
821014,5000921,20738,9,0.9,9571.16
821015,6000010,20081,46,0.8,57839.02
821016,5009534,21354,33,15.6,7554.02
821017,5005497,20722,33,20.7,61576.18
821018,5000457,20219,12,,2065.53
821019,5007334,21229,17,6.0,30070.36
821020,5011963,20788,32,0.3,72583.2
821021,5011755,21187,-9,10.7,-3789.85
821022,5004463,20309,44,21.3,69093.94
821023,5009672,21124,-8,7.0,-14048.88
821024,5011387,20772,49,1.6,16268.08
821025,5009280,21346,15,25.8,19510.0
821026,5008970,20600,21,26.7,27459.73
821027,5000274,20178,1,0.7,1742.98
821028,5008561,20224,7,16.0,2470.48
821029,5005217,21199,9,16.3,1455.3
821030,5002826,21137,14,0.0,24482.36
821031,5006616,21199,9,1.4,1714.37
821032,5007534,21086,34,1.4,31792.15
821033,5000295,20814,1,1.3,1478.53
821034,5009825,20286,12,1.1,14204.1
821035,5000307,20853,45,25.5,25121.96
821036,5002008,20329,46,25.7,58399.61
821037,5002850,20317,43,6.0,98485.35
821038,5004089,20806,31,11.6,29825.42
821039,5002128,21032,6,1.6,6388.25
821040,5009591,21107,36,21.3,31508.58
821041,5011080,20017,34,11.2,30626.46
821042,5000105,20901,17,25.8,4681.69
821043,5008440,20348,35,26.2,3311.41
821044,5006069,20687,13,12.0,4635.72
821045,5006779,20625,37,1.9,28538.15
821046,5010845,20302,13,5.2,16155.65
821047,5002697,21397,35,0.6,10362.55
821048,5011219,20753,25,5.1,24421.8
821049,5010633,21483,41,5.7,48367.03
821050,5000751,20964,43,6.2,7877.23
821051,5005069,21381,14,5.4,
821052,5007207,20464,6,1.7,1197.18
821053,5005835,21019,3,0.3,3541.34
821054,5007876,20240,39,,59442.75
821055,5008209,21407,10,,7093.14
821056,5001925,21219,41,11.8,56575.09
821057,5008702,20594,4,1.4,6916.79
821058,5008081,21389,40,,39723.37
821059,5003223,20917,31,15.6,7137.28
821060,5001432,20169,2,0.6,2860.27
821061,5000595,20119,6,25.8,16.52
821062,5006228,21248,46,0.9,
821063,5000221,21105,29,21.2,54838.4
821064,5008639,20936,22,1.4,15127.57
821065,5008612,21015,35,10.1,52278.15
821066,5003848,21109,44,5.9,92368.18
821067,5001508,20091,4,26.8,3050.42
821068,5007046,21192,41,1.4,37730.39
821069,5009718,20944,26,1.6,33328.02
821070,5006811,20845,47,6.3,77841.13
821071,5008307,20987,40,20.0,20822.4
821072,5005868,21055,43,11.9,
821073,5003886,21164,17,1.0,11543.02
821074,5006068,20565,3,16.3,2374.38
821075,5003938,21080,2,0.7,3251.46
821076,5009070,20339,10,16.0,11833.42
821077,5000230,20039,31,5.3,2754.86
821078,5011706,20114,20,10.6,23682.42
821079,5010996,20867,19,25.9,1377.49
821080,5000338,20576,50,25.1,18971.05
821081,5001215,20978,-6,26.5,-6638.37
821082,5003641,21462,28,20.6,7921.48
821083,5003698,20301,23,10.2,10905.52
821084,5002707,20649,47,15.5,74803.6
821085,5010869,20020,11,21.7,6322.8
821086,5009951,20259,49,0.5,58053.55
821087,5006935,20771,12,20.8,3619.79
821088,5011471,20886,29,15.6,6556.88
821089,5002388,20302,19,,23637.02
821090,5000386,21311,45,1.5,84303.49
821091,5000803,21216,7,1.6,6897.23
821092,5001728,21161,19,26.8,31217.2
821093,5004821,20535,40,16.5,77109.91
821094,5005899,20848,41,0.4,56610.54
821095,5008021,20273,13,1.1,21062.85
821096,5008455,21282,42,5.0,94896.96
821097,5008336,21282,6,16.2,11958.44
821098,5000423,20240,34,20.1,43861.95
821099,5007636,20820,1,0.7,343.21
821100,5000173,21005,37,10.7,49092.98
821101,5004395,21097,46,1.7,
821102,5005201,20515,17,1.3,30699.53
821103,5005443,20796,-8,0.8,-15661.22
821104,5003695,20912,12,10.4,11946.01
821105,5008824,20757,33,10.5,34793.12
821106,5011918,21318,40,1.1,55485.27
821107,5008712,20876,16,26.7,28591.34
821108,5010657,20024,26,15.4,1671.7
821109,5001768,20883,-8,1.1,-19573.18
821110,5010278,21056,35,1.8,41174.23
821111,5009097,21108,45,,85815.7
821112,5002508,20894,31,26.9,43048.2
821113,5001064,20784,34,20.8,34333.2
821114,5002434,20295,26,11.1,1191.53
821115,5007003,20232,12,21.4,13512.75
821116,5002144,21174,19,25.1,30932.22
821117,5005432,21059,13,16.6,11882.94
821118,5005039,20887,45,25.7,18494.9
821119,5005617,20392,15,0.8,
821120,5002621,20477,32,0.7,55111.34
821121,5005236,20784,7,15.8,7514.85
821122,5010925,21137,16,15.8,23559.03
821123,5006084,21015,41,5.7,64237.41
821124,5009891,20961,39,6.6,57804.06
821125,5010743,20081,47,16.2,49922.15
821126,5011609,20035,38,0.4,35629.73
821127,5008964,21457,45,0.6,15673.39
821128,5004565,21292,12,11.3,19781.66
821129,5005233,21156,50,10.5,103107.13
821130,5005885,20631,43,21.7,25375.99
821131,5005396,20503,37,1.9,72599.81
821132,5010536,20755,37,1.9,
821133,5006741,20322,42,1.6,38424.71
821134,5000097,20992,27,0.5,54982.98
821135,5009705,21162,8,6.2,15718.03
821136,5010118,20070,14,0.6,8731.87
821137,5011939,20375,33,15.9,
821138,5010844,20393,1,26.5,1330.89
821139,5001917,21167,23,11.4,
821140,5008288,20850,26,1.8,44861.51
821141,5011797,20788,32,6.3,68215.1
821142,5006872,20012,11,0.1,19434.16
821143,5006970,20106,37,0.6,34271.58
821144,5000841,20550,41,10.2,31217.98
821145,5007278,20626,2,7.0,863.69
821146,5005017,20337,41,1.0,55844.13
821147,5002126,20244,12,0.5,15001.54
821148,5003556,20520,26,0.1,47277.36
821149,5005098,20365,12,26.7,5298.89
821150,5010954,20282,2,6.8,3435.93
821151,5004627,20515,46,1.3,83069.32
821152,5010565,21181,47,21.9,28271.73
821153,5007114,20410,33,25.4,39335.87
821154,5007639,20505,10,0.6,23660.78
821155,5003507,21205,12,21.1,6335.04
821156,5006268,20860,24,11.3,8567.57
821157,5010371,20357,5,6.5,5650.2
821158,5009404,20255,29,15.2,39218.83
821159,5011013,21427,41,25.6,37195.97
821160,5007679,20524,5,,3596.4
821161,5002325,20485,21,16.4,10024.48
821162,5009805,20418,45,16.4,42672.37
821163,5004673,21130,39,16.1,25019.13
821164,5004215,21426,6,16.4,10407.15
821165,5000349,20280,42,0.2,26078.04
821166,5005107,20170,26,,24874.04
821167,5008021,20297,37,5.0,53952.79
821168,5006128,21404,5,11.3,10044.08
821169,5011856,21231,38,5.4,32644.02
821170,5007346,20083,25,0.9,19245.22
821171,5001589,20502,5,11.9,5526.6
821172,5008038,20376,17,0.6,19320.16
821173,5003839,20200,15,0.0,
821174,5008130,21007,47,5.7,33812.49
821175,5001572,20482,25,21.4,10327.25
821176,5003187,20493,25,1.8,30422.85
821177,5009748,20033,40,1.3,33090.95
821178,5008617,20303,42,11.2,21442.59
821179,5010828,20143,2,26.3,2881.15
821180,5006652,20498,15,26.7,25985.69
821181,5007164,21032,21,,21359.07
821182,5008773,20877,40,16.7,77584.62
821183,5011081,21478,5,5.4,10562.89
821184,5003888,21014,45,16.9,10368.14
821185,5010210,21058,45,2.0,60951.93
821186,5000958,20542,22,6.7,39175.51
821187,5004246,20122,11,1.6,
821188,5004727,21464,13,20.0,606.84
821189,5008139,20180,9,0.8,13599.93
821190,5003839,21341,7,1.9,12254.85
821191,5001126,20176,18,0.7,16403.86
821192,5001739,21260,1,26.9,1688.0
821193,5000904,20773,32,1.3,18131.43
821194,5011663,21177,36,6.1,82041.29
821195,5004193,20711,25,0.1,11649.34
821196,5000556,20602,5,0.6,3159.08
821197,5005654,20355,33,1.8,19739.47
821198,5003696,20623,23,25.8,
821199,5006743,20731,48,25.6,34182.1
821200,5009506,21042,3,0.3,7338.0
821201,5005884,20301,15,1.5,7801.35
821202,5002762,21427,21,16.8,21305.01
821203,5004585,21491,38,1.2,72520.37
821204,5003535,20506,24,1.0,26391.66
821205,5011944,20422,40,,69298.72
821206,5005669,21133,17,21.4,4744.04
821207,5002005,20402,37,1.9,87987.19
821208,5001796,20798,13,5.3,28962.86
821209,5007072,21116,47,1.5,110685.79
821210,5006784,20844,1,1.6,352.66
821211,5004768,20666,25,25.6,5652.91
821212,5011479,20867,39,16.5,3186.16
821213,5004580,20649,1,27.0,1374.96
821214,5005056,20139,44,21.4,25887.16
821215,5001498,20481,26,5.5,42106.59
821216,5005284,20812,29,20.1,46207.61
821217,5008678,21232,43,11.4,14774.02
821218,5009060,20220,38,1.8,30934.96
821219,5010874,20681,8,16.0,1031.25
821220,5001381,20407,5,11.3,1596.38
821221,5008385,20004,14,16.3,21885.71
821222,5005548,20218,19,,34976.66
821223,5006988,21180,37,,73040.15
821224,5006312,20969,17,15.5,32272.84
821225,5010172,21104,43,15.4,60633.03
821226,5007130,20756,24,21.6,31543.14
821227,5001809,21190,50,25.4,15065.1
821228,5003050,20166,23,0.8,26863.56
821229,5000367,21403,19,21.4,13654.31
821230,5001706,20733,34,1.4,16841.45
821231,5000574,20811,48,20.8,70056.65
821232,5011344,20930,22,10.0,24189.07
821233,5000520,21258,7,5.8,2655.54
821234,5002407,20042,2,11.9,1650.2
821235,5010426,20599,41,15.1,
821236,5003065,20838,41,0.6,83720.13
821237,5011551,20995,11,5.0,16946.35
821238,5010587,21108,15,1.8,29599.94
821239,5007880,21071,8,1.7,18141.46
821240,5006960,20078,1,1.2,1223.37
821241,5005574,20286,15,21.3,14128.7
821242,5004083,20057,30,,38071.32
821243,5006075,20008,17,,7528.98
821244,5004864,21207,13,20.1,20790.62
821245,5006437,20669,36,20.5,22198.82
821246,5009570,20934,32,16.8,31037.19
821247,5009906,20716,39,21.6,8069.31
821248,5004787,20030,19,0.4,24671.6
821249,5009356,20335,14,0.9,18453.67
821250,5002777,21492,46,16.5,68567.23
821251,5006424,21009,45,20.9,24072.9
821252,5001677,20437,12,5.0,28032.37
821253,5008027,21029,48,26.0,55814.0
821254,5001979,20188,49,6.5,47704.41
821255,5004667,20548,35,1.8,15462.38
821256,5006296,21407,13,21.0,
821257,5006900,20662,36,11.1,34032.09
821258,5010114,20245,7,1.2,7722.82
821259,5009160,21355,35,1.7,80668.37
821260,5005225,21283,3,6.9,70.3
821261,5004962,20347,1,,115.81
821262,5006759,20389,17,0.2,39040.8
821263,5006837,20538,43,10.1,73209.4
821264,5006720,20787,4,16.1,985.29
821265,5009064,20307,50,0.8,45420.21
821266,5003998,21438,47,25.4,64306.51
821267,5011614,20996,15,11.7,8852.43
821268,5007116,21088,29,0.2,57765.92
821269,5004952,20296,10,1.6,24092.94
821270,5003969,21447,11,10.2,17158.88
821271,5006042,21014,10,11.3,2459.3
821272,5002672,20627,45,1.8,1556.81
821273,5002252,20946,32,15.1,64688.09
821274,5008754,21400,7,20.6,12423.13
821275,5004712,20616,49,0.5,10959.64
821276,5008382,20845,34,21.8,46995.62
821277,5006835,20102,38,1.1,29018.94
821278,5001231,20088,33,5.9,38817.18
821279,5000934,21166,38,1.7,73671.8
821280,5004348,21186,29,10.2,32673.33
821281,5000586,21447,12,,16634.28
821282,5009465,20635,50,6.6,
821283,5000165,21082,29,20.2,20263.6
821284,5004027,20181,3,25.5,3064.74
821285,5002329,21500,5,1.3,5911.54
821286,5009917,20737,3,1.9,4321.32
821287,5007246,20949,4,1.1,1615.31
821288,5000394,20374,38,10.2,73953.53
821289,5005194,20715,5,20.8,5940.83
821290,5005517,20851,17,25.9,30380.06
821291,5003700,20710,6,21.0,7029.56
821292,5009215,20959,-8,5.4,-3021.98
821293,5010988,21398,32,21.7,61145.66
821294,5000870,20942,13,1.7,19705.86
821295,5004359,20516,47,16.1,35283.47
821296,5010486,21334,27,,12539.78
821297,5007411,20541,20,7.0,7497.1
821298,5010621,21088,18,16.0,30178.31
821299,5007625,21290,23,26.0,38279.17
821300,5005027,20300,28,1.5,66574.81
821301,5001602,21128,17,0.8,33093.24
821302,5011681,20169,21,7.0,41382.7
821303,5011782,20152,12,1.9,10855.43
821304,5005516,21064,38,25.5,50488.34
821305,5007368,20461,50,15.1,477.56
821306,5009198,20492,50,1.2,122423.08
821307,5003250,20950,6,1.2,14751.35
821308,5009309,20985,48,10.0,38814.34
821309,5002985,20883,1,20.7,1961.77
821310,5003162,20400,18,21.4,31691.94
821311,5009635,21367,12,21.7,3678.63
821312,5010618,20230,19,0.9,7390.38
821313,5010365,21138,20,16.6,36272.83
821314,5004893,21253,-1,1.7,-563.6
821315,5009978,20290,2,15.1,766.41
821316,5007948,20504,3,,7086.54
821317,5006918,21218,23,26.4,42273.96
821318,5005976,20897,32,11.3,34928.5
821319,5003782,20056,15,11.7,1108.21
821320,5000852,20965,11,5.3,12680.82
821321,5009741,20353,35,0.9,16573.88
821322,5010691,20209,6,11.6,10720.18
821323,5010740,20509,10,6.7,8248.65
821324,5003197,20893,48,0.8,113998.89
821325,5008406,21143,20,0.3,34979.94
821326,5004344,20059,18,,
821327,5010944,21492,38,0.0,67835.32
821328,5002449,20496,5,5.3,10186.12
821329,5006463,20846,18,1.1,
821330,5001408,20701,34,1.7,3987.91
821331,5005565,20658,32,1.8,66124.89
821332,5009263,21126,19,1.6,38253.89
821333,5005184,20288,27,11.9,21533.9
821334,5006076,21127,50,0.6,1929.35
821335,5006071,20369,-8,11.1,-7884.58
821336,5008667,20233,41,21.1,
821337,5007725,20611,18,5.8,39018.98
821338,5009614,20809,25,0.0,60392.25
821339,5003901,20736,37,16.0,50844.39
821340,5007748,20604,25,10.7,39654.11
821341,5011729,21280,23,21.3,766.22
821342,5003561,20277,43,15.3,74052.63
821343,5004507,20529,5,0.7,4442.43
821344,5011051,20015,13,1.4,6171.23
821345,5005173,21015,34,0.1,
821346,5002574,21156,33,11.0,67670.54
821347,5009972,20261,11,21.8,9056.79
821348,5000466,20819,16,1.5,29647.08
821349,5011909,20979,31,15.8,58256.27
821350,5008276,21107,33,1.2,36259.56
821351,5006897,20406,39,15.8,65609.34
821352,5001137,20391,17,5.9,30339.75
821353,5000288,21233,6,15.9,7361.66
821354,5000879,20195,48,0.4,53486.63
821355,5007147,21223,12,15.7,22057.63
821356,5001639,20740,17,6.6,30288.56
821357,5005388,21199,45,11.4,7702.49
821358,5002066,20980,40,11.8,44016.39
821359,5004660,20222,38,15.0,30835.84
821360,5007259,20909,37,12.0,56684.03
821361,5007916,20570,23,25.9,10731.3
821362,5008204,21051,39,5.0,65162.8
821363,5005143,21071,16,11.4,32702.61
821364,5000011,20140,41,0.8,96524.42
821365,5001318,21257,41,25.9,42558.01
821366,5010231,21419,37,1.5,1360.49
821367,5006467,20762,23,15.8,39732.83
821368,5011255,20682,10,1.5,13652.89
821369,5000363,20010,49,15.6,17569.27
821370,5005072,21353,3,5.1,221.47
821371,5004458,20190,21,11.3,30513.26
821372,5000898,21228,32,16.2,61210.47
821373,5002840,20863,5,0.7,655.38
821374,5006167,20427,1,,1581.08
821375,5004361,20719,43,0.1,4797.01
821376,5005037,20816,33,21.5,59790.04
821377,5007904,20146,42,10.4,3721.05
821378,5009729,21015,32,0.7,52794.87
821379,5006527,20435,16,21.6,15634.84
821380,5009378,20871,15,21.5,8264.17
821381,5005606,20934,38,0.6,44033.09
821382,5005398,21125,50,6.0,27097.85
821383,5009731,21026,37,20.4,6287.41
821384,5000205,20116,11,0.8,25513.78
821385,5009247,20410,23,15.4,31090.97
821386,5011992,20886,25,5.2,6348.99
821387,5001517,21050,38,1.8,46562.16
821388,5001375,20143,26,20.5,40402.62
821389,5003882,20841,8,0.0,3527.84
821390,5003923,20297,1,15.7,1293.95
821391,5004159,20931,28,11.2,
821392,5000484,21451,27,11.6,4099.81
821393,5010003,20184,31,1.7,64935.53
821394,5009667,20278,29,21.5,54708.17
821395,5008798,21114,46,26.8,73669.29
821396,5007297,20788,9,6.4,19165.02
821397,5005488,20795,-1,,-488.44
821398,5008021,20275,27,1.8,63853.4
821399,5009455,21290,7,10.9,14027.45
821400,5010372,21078,20,20.9,35481.41
821401,5002585,20587,17,,31774.76
821402,5011788,20096,5,10.8,25.2
821403,5001295,20862,11,15.8,2557.33
821404,5009810,21145,48,21.8,54877.63
821405,5007306,20971,40,1.5,50535.23
821406,5004810,20872,42,0.8,10166.85
821407,5003259,21182,46,1.3,54228.6
821408,5007631,21391,44,6.5,2531.76
821409,5005275,20128,32,15.3,23834.72
821410,5006749,20311,13,25.5,15707.62
821411,5010778,20467,8,,12496.17
821412,5006757,21312,-9,11.7,-13126.3
821413,5000939,21405,23,25.8,11665.46
821414,5001079,20029,49,6.5,98940.7
821415,5010840,21206,33,26.3,3920.06
821416,5006550,21046,46,11.4,59345.22
821417,5003144,20056,20,15.6,1412.35
821418,5001156,20705,14,5.9,25555.19
821419,5008976,21391,17,10.4,937.38
821420,5002695,21437,26,26.6,23144.5
821421,5004843,21204,45,1.8,100512.36
821422,5003655,20164,11,1.4,19669.44
821423,5008336,20431,16,1.4,15187.87
821424,5008654,20562,17,17.0,3459.49
821425,5004980,21486,29,11.7,24348.93
821426,5009031,20351,50,,46358.54
821427,5002475,20704,49,,12420.43
821428,5001367,21324,34,,14887.75
821429,5003181,20257,39,21.9,20187.31
821430,5002062,20561,32,1.2,2286.15
821431,5001106,20818,36,1.7,64315.21
821432,5011520,20167,19,1.6,24782.3
821433,5007355,20490,30,0.3,13227.1
821434,5007431,20750,44,25.9,57102.32
821435,5000142,20867,26,15.5,2149.54
821436,5006460,20651,45,0.3,105846.41
821437,5011379,21443,33,0.6,45142.77
821438,5005300,20428,19,26.9,309.45
821439,5003555,20404,47,16.7,26630.51
821440,5008479,21222,43,1.4,26037.88
821441,5009480,20267,-10,0.6,-8570.27
821442,5007420,20923,11,1.4,4389.81
821443,5000054,21028,26,26.7,24615.88
821444,5006532,20403,7,5.9,9979.37
821445,5011337,20386,25,1.9,49516.47
821446,5009777,21422,28,1.7,63546.59
821447,5005456,21187,40,26.3,13901.29
821448,5006060,20483,46,1.4,104876.68
821449,5001558,20457,5,0.6,12374.8
821450,5008332,20482,3,0.1,1575.1
821451,5004652,20668,9,,16133.76
821452,5006264,20349,32,,
821453,5004070,20872,3,25.0,549.05
821454,5007219,20544,28,16.0,10672.44
821455,5002885,20496,48,,102226.92
821456,5004683,20710,29,21.9,33589.15
821457,5009766,21344,17,1.8,32336.28
821458,5011233,21255,37,25.1,67114.23
821459,5009374,20603,12,0.9,17267.9
821460,5005491,21341,28,25.8,37076.85
821461,5004779,20995,36,6.2,54760.21
821462,5008453,20884,32,10.6,6006.25
821463,5006336,21459,35,26.3,5056.59
821464,5009506,21499,13,15.2,24266.03
821465,5000458,20514,5,0.7,11122.34
821466,5002929,21047,17,1.2,22966.18
821467,5010371,20140,42,16.0,83727.91
821468,5000772,20564,33,25.5,40444.78
821469,5007646,20025,31,5.9,13592.81
821470,5007504,20170,46,1.0,55784.68
821471,5008190,20392,37,10.5,34292.9
821472,5011611,20486,8,1.1,9589.74
821473,5000556,21278,8,22.0,14248.29
821474,5002668,21237,5,16.6,3721.89
821475,5004556,20409,26,25.8,22538.07
821476,5006861,21133,27,6.9,8924.64
821477,5004120,21244,1,10.6,442.62
821478,5008013,20564,4,6.5,6152.67
821479,5007877,21307,35,1.3,6530.04
821480,5001714,20661,4,21.2,4591.71
821481,5008031,21319,2,25.7,2139.71
821482,5008384,20470,35,1.9,77876.24
821483,5006548,20530,31,15.0,34912.96
821484,5002791,21412,50,0.7,76073.23
821485,5010540,21282,49,0.4,116073.97
821486,5000672,20693,11,21.6,3834.32
821487,5006166,20061,18,15.0,6465.93
821488,5002196,20468,1,15.4,718.7
821489,5008237,20955,-1,,-1960.88
821490,5004813,21209,4,17.0,4661.91
821491,5009828,20076,26,16.5,52282.02
821492,5011812,20089,42,0.7,77259.11
821493,5003957,20889,27,,12548.75
821494,5011016,21165,34,11.2,8828.74
821495,5007002,20001,8,0.7,4050.96
821496,5011400,20473,1,21.2,239.36
821497,5009608,20871,32,1.7,22077.08
821498,5003319,20829,28,0.3,58433.49
821499,5011406,20560,42,11.6,24502.62
821500,5005236,20809,20,0.2,48217.17
821501,5001826,21348,29,1.9,16163.3
821502,5003251,20587,50,,87928.78
821503,5008198,21425,4,1.5,941.38
821504,5005360,20890,1,16.6,1433.68
821505,5011799,21364,36,,36988.73
821506,5005400,20369,15,1.8,16330.12
821507,5011552,20470,29,1.9,64526.03
821508,5003058,20929,8,16.6,4312.38
821509,5004450,21115,22,10.2,10843.87
821510,5007857,20306,22,25.1,26367.93
821511,5009171,20832,10,,24133.44
821512,5007500,20998,27,15.6,2842.58
821513,5001348,20501,4,25.9,
821514,5005920,20372,36,5.0,14060.99
821515,5004708,20655,34,10.3,67687.57
821516,5001669,21392,4,1.0,5696.54
821517,5008040,20165,32,11.7,25133.71
821518,5000692,20274,20,1.5,25517.8
821519,5005849,20292,41,0.1,43210.11
821520,5010324,20416,26,0.7,8551.44
821521,5004971,21180,17,15.3,28857.32
821522,5009250,20840,39,17.0,11896.95
821523,5002726,20568,20,0.6,4744.16
821524,5001198,20675,45,1.7,91768.6
821525,5005160,21027,35,10.6,37695.38
821526,5005971,21338,35,0.8,62304.35
821527,5011458,20293,38,11.2,21222.61
821528,5007647,20274,46,16.6,49693.66
821529,5011742,20265,3,15.4,1613.08
821530,5001244,21089,17,25.4,
821531,5009438,20558,28,,45522.55
821532,5000832,20328,15,21.9,22732.84
821533,5005577,20523,27,26.7,20532.37
821534,5011515,20811,9,1.9,16270.26
821535,5006963,21274,1,1.2,1334.9
821536,5007060,20482,12,5.3,5972.46
821537,5007546,21054,49,5.9,63105.7
821538,5005140,21023,49,21.6,34066.54
821539,5001329,20800,48,6.4,41438.89
821540,5010991,20619,16,0.4,30146.29
821541,5007761,20464,30,0.5,6058.95
821542,5007682,20247,48,20.3,49567.53
821543,5007319,21031,17,1.9,12527.93
821544,5000872,21003,42,20.4,71266.99
821545,5008301,20004,20,16.6,31153.24
821546,5008535,20530,32,1.6,41720.66
821547,5001984,21428,38,10.6,20023.44
821548,5004551,20668,26,6.7,12878.09
821549,5011338,20511,27,1.7,24562.1
821550,5003947,20654,46,0.8,69670.02
821551,5001675,21471,22,16.7,37310.64
821552,5011728,20119,30,0.2,111.08
821553,5009002,20798,9,10.8,18886.67
821554,5010083,20949,27,1.6,10848.25
821555,5005794,21167,10,1.5,18409.95
821556,5009198,21451,36,10.6,
821557,5010035,21109,18,25.3,29996.68
821558,5004828,20284,4,1.1,9474.9
821559,5006729,21158,38,0.1,16554.47
821560,5009751,20616,25,20.1,4490.18
821561,5002423,20085,35,0.9,60849.63
821562,5011509,20130,2,0.9,800.61
821563,5011287,20931,19,16.1,14635.43
821564,5007848,20874,43,15.3,3806.72
821565,5005451,20321,11,0.8,4583.8
821566,5006472,20004,32,16.1,50144.01
821567,5011334,21166,49,1.7,94997.85
821568,5001286,20032,42,,47784.23
821569,5011273,20565,2,21.2,1490.25
821570,5003870,20715,5,20.5,5963.33
821571,5011415,20325,26,25.2,27196.86
821572,5009156,20824,48,26.8,60454.3
821573,5004945,21082,5,20.3,3489.35
821574,5009007,20236,42,0.2,70372.77
821575,5008147,20172,8,6.4,12673.59
821576,5005393,21221,16,,33588.96
821577,5005785,20261,38,1.6,39368.92
821578,5009406,21050,18,6.7,20955.22
821579,5011484,20768,35,15.6,12997.01
821580,5006224,21319,15,6.8,20129.94
821581,5007323,20660,8,1.2,5923.34
821582,5002698,21192,3,0.3,2791.56
821583,5010170,20120,15,,715.78
821584,5010220,20909,28,11.7,43042.26
821585,5004514,21293,41,1.9,71461.86
821586,5000451,21469,36,1.0,40691.26
821587,5006854,21038,43,20.5,61140.9
821588,5007364,21146,44,11.4,
821589,5011759,21175,6,11.6,4068.59
821590,5001167,20360,34,21.0,15564.3
821591,5000562,20471,12,25.1,18445.26
821592,5006424,21409,21,25.6,34994.01
821593,5001645,20605,49,10.3,82194.75
821594,5011054,20641,39,20.2,68546.2
821595,5007410,21345,7,1.6,14393.72
821596,5007458,21029,9,6.0,13293.54
821597,5011844,20394,32,0.6,41809.39
821598,5005216,20022,45,26.0,62920.68
821599,5010865,21136,41,16.0,39761.32
821600,5011430,20397,5,0.4,7979.25
821601,5004432,21097,11,12.0,24058.19
821602,5008572,21071,41,0.8,93826.24
821603,5008982,21435,11,0.8,12273.93
821604,5002909,21260,35,0.6,80336.02
821605,5008545,20761,16,2.0,30078.16
821606,5005959,20883,27,5.2,63320.92
821607,5000837,20151,32,0.2,69882.36
821608,5008980,20146,-5,0.9,-489.95
821609,5003812,21408,36,,49497.87
821610,5003840,20155,9,6.4,14277.67
821611,5001318,21407,15,25.8,9353.87
821612,5004069,21255,36,26.1,
821613,5005263,21376,47,16.2,34525.37
821614,5010164,21340,21,5.0,23792.57
821615,5002006,20123,49,1.2,80581.77
821616,5006697,20330,16,10.6,23571.7
821617,5003276,20498,32,16.4,63225.94
821618,5010859,20148,14,21.8,8239.46
821619,5009295,21097,27,10.5,60058.48
821620,5000723,20470,13,1.5,29043.4
821621,5004866,20392,19,16.4,16448.99
821622,5007783,21170,2,26.9,3471.17
821623,5002761,20164,34,1.5,60734.78
821624,5009595,21040,28,25.9,36205.88
821625,5001104,20032,38,0.4,43363.97
821626,5010468,20711,7,10.7,2915.72
821627,5011410,20080,42,6.8,64075.99
821628,5006182,20558,39,5.0,81953.86
821629,5001633,20800,21,15.5,16366.92
821630,5010358,21342,26,1.2,34599.42
821631,5008700,20934,2,0.8,2312.87
821632,5004085,21092,25,0.1,41593.86
821633,5011861,20315,29,0.2,50444.17
821634,5007163,20611,2,20.4,3663.49
821635,5009705,21249,43,6.2,6686.17
821636,5010038,21360,48,0.5,58610.12
821637,5010955,21441,42,,96707.5
821638,5011146,21441,41,1.4,94693.05
821639,5007553,20244,36,0.0,45230.76
821640,5009743,20522,40,1.1,97579.49
821641,5005825,21314,8,,12047.39
821642,5004356,21015,11,16.7,15224.05
821643,5006579,20554,37,5.9,59046.5
821644,5009287,20369,46,10.7,45540.3
821645,5004954,20912,15,26.1,12315.99
821646,5003431,20140,35,16.1,69690.19
821647,5005108,20397,20,0.6,31852.93
821648,5002954,21100,39,10.9,62787.62
821649,5005153,20815,25,0.7,30747.5
821650,5010584,20401,9,0.8,16186.11
821651,5010947,20185,45,1.0,1165.43
821652,5006352,21376,40,16.1,29418.36
821653,5005430,21018,1,20.5,1417.94
821654,5005431,20015,28,0.2,13453.64
821655,5011278,20260,13,1.6,21096.05
821656,5009715,21282,33,0.5,78093.78
821657,5000669,20627,46,15.4,1371.01
821658,5001222,21451,4,0.5,683.64
821659,5011448,20781,8,16.5,5573.93
821660,5006384,21224,8,26.7,14594.62
821661,5002445,21015,42,22.0,54429.76
821662,5010938,20903,15,,16674.61
821663,5004541,20821,43,10.9,69554.95
821664,5010990,20496,12,15.8,21736.13
821665,5001006,20942,40,20.4,49098.87
821666,5002827,20340,19,6.5,42629.6
821667,5006427,20341,-6,16.7,-3759.65
821668,5004525,21401,20,25.4,6635.37
821669,5008173,20788,50,1.3,112273.72
821670,5003772,20012,50,1.9,
821671,5000309,20384,31,0.8,13801.81
821672,5008925,20176,3,,2731.22
821673,5009718,20396,35,21.7,50540.3
821674,5007197,20170,21,6.2,24129.26
821675,5005125,20104,14,16.8,7593.33
821676,5011236,20681,20,16.0,2578.13
821677,5009395,20369,37,0.7,40732.17
821678,5000316,20188,40,0.6,41399.7
821679,5009649,20193,-5,0.3,-10836.39
821680,5000312,20918,12,20.2,2565.89
821681,5004886,21213,26,10.7,
821682,5007282,20867,35,5.5,
821683,5004952,20757,-6,25.5,-5265.79
821684,5008610,21418,29,15.3,477.5
821685,5010595,21072,8,26.4,11522.64
821686,5002130,20291,25,26.0,20011.08
821687,5002602,20650,16,0.9,37732.52
821688,5002784,20763,48,11.0,4782.08
821689,5008732,21451,1,5.4,162.49
821690,5010880,20162,15,26.7,16035.0
821691,5009443,20224,17,21.3,5621.19
821692,5002339,20869,34,21.4,28563.41
821693,5004480,20057,33,0.2,42089.32
821694,5003625,21067,32,0.4,57778.52
821695,5007151,21191,28,11.1,48013.18
821696,5010759,21236,5,25.9,6196.69
821697,5003442,21199,46,0.5,8842.31
821698,5005782,20978,31,0.3,46524.31
821699,5010174,20669,40,15.4,26247.66
821700,5002224,20579,-6,21.0,-1334.83
821701,5008807,20019,12,1.6,6259.66
821702,5001801,20922,15,21.4,29136.51
821703,5003505,21465,-8,11.7,-541.74
821704,5009374,20450,9,16.0,5120.16
821705,5004387,20412,45,1.0,39074.36
821706,5005623,21423,9,2.0,9262.32
821707,5007093,20928,13,15.8,8599.94
821708,5000765,20308,47,1.5,102791.57
821709,5008963,20109,40,1.3,67458.29
821710,5007587,21331,12,26.4,13551.11
821711,5010658,20164,49,21.2,70023.63
821712,5011822,21135,44,1.5,29117.11
821713,5000671,20291,31,,28468.74
821714,5001313,21377,8,0.5,3673.86
821715,5011484,21062,6,5.2,4979.67
821716,5010624,20079,36,21.5,65985.4
821717,5008655,20510,11,0.6,22946.64
821718,5007324,20523,7,20.2,5795.25
821719,5009785,21268,10,26.0,15658.84
821720,5007198,21030,41,26.5,39191.17
821721,5008309,21352,29,6.0,39140.18
821722,5001536,21270,27,11.6,38673.32
821723,5011519,20903,34,16.8,34978.96
821724,5001257,21057,37,0.4,41736.0
821725,5011892,20063,24,20.2,
821726,5006112,21106,48,6.3,31754.41
821727,5011927,21095,43,11.4,79433.57
821728,5000116,20326,17,25.7,27401.94
821729,5002211,21074,28,,8212.59
821730,5009130,20575,50,26.1,17788.1
821731,5001144,20090,31,21.8,10885.63
821732,5006469,21178,18,16.1,15148.36
821733,5009632,20216,18,1.9,24586.65
821734,5002148,20958,30,6.8,7010.97
821735,5008354,21206,33,2.0,5212.56
821736,5003779,20057,38,1.6,47786.6
821737,5010383,21121,45,1.6,88844.72
821738,5007856,21299,46,0.2,87622.3
821739,5006869,20575,36,0.1,17313.43
821740,5002798,20231,14,1.0,23477.04
821741,5004713,20919,38,1.4,25267.67
821742,5005729,20980,49,1.8,60033.46
821743,5006960,21087,38,1.6,89615.54
821744,5008457,21203,32,20.5,48394.0
821745,5008347,20006,40,21.4,7807.18
821746,5009790,20342,38,0.4,48413.65
821747,5010725,21390,4,21.3,1574.41
821748,5001824,20160,43,0.9,20135.49
821749,5007492,21320,42,1.6,74237.07
821750,5006435,21026,43,26.1,6783.75
821751,5003779,20332,11,0.0,10088.65
821752,5006526,21252,49,,59299.28
821753,5006303,21408,12,1.8,16283.72
821754,5008525,21274,8,21.0,8539.02
821755,5005138,20127,1,25.7,1338.58
821756,5002072,20513,32,21.6,
821757,5008935,21466,16,1.8,37687.59
821758,5008533,20172,39,10.8,58879.39
821759,5009579,20298,19,0.2,29939.48
821760,5011902,20127,15,20.4,21510.98
821761,5002108,20333,44,,74645.94
821762,5011684,20532,17,15.4,19228.45
821763,5009582,20723,9,0.7,4297.09
821764,5008025,21042,20,1.0,48576.53
821765,5000613,20807,40,0.9,66020.42
821766,5010024,20423,34,6.3,47188.71
821767,5001370,20709,8,0.0,6802.88
821768,5009640,21073,41,1.9,46649.52
821769,5005725,20234,42,25.5,52507.75
821770,5009200,20409,19,0.5,22085.96
821771,5007985,20951,2,2.0,492.08
821772,5010535,20689,17,20.2,33225.03
821773,5009299,21411,21,15.3,38698.46
821774,5002634,20286,32,0.8,37992.49
821775,5003874,21048,22,1.7,45011.06
821776,5003071,21319,2,0.9,2853.9
821777,5004466,20681,28,11.6,3798.44
821778,5008401,21439,31,5.5,19157.47
821779,5001995,20266,2,11.7,
821780,5001480,20196,37,0.8,50418.45
821781,5002700,21434,20,6.7,35005.79
821782,5006163,20708,13,15.7,6403.45
821783,5003293,20579,19,2.0,5243.58
821784,5005890,20093,5,6.0,3852.12
821785,5002701,20283,19,6.5,6958.2
821786,5001917,20753,7,6.6,6730.02
821787,5009017,20661,17,1.3,24442.98
821788,5011810,20414,7,1.6,6614.06
821789,5007845,20526,24,26.3,18467.33
821790,5002709,20476,9,5.7,4911.09
821791,5000815,20006,10,0.3,2475.75
821792,5001451,20145,17,16.7,23190.9
821793,5011569,20132,35,16.5,50956.71
821794,5008689,20326,1,1.0,2147.73
821795,5010240,20073,27,16.1,21722.19
821796,5010684,20458,28,20.3,9991.99
821797,5011933,21282,19,16.2,37868.41
821798,5011453,20126,1,1.8,2017.53
821799,5008512,20980,15,0.3,18658.31
821800,5000628,20900,36,5.5,79346.21
821801,5009829,20026,36,26.3,17813.32
821802,5006029,20850,27,5.8,44689.32
821803,5010829,20032,34,1.6,38331.88
821804,5004965,20693,20,0.5,8847.74
821805,5002713,20081,50,2.0,62107.99
821806,5010422,20973,37,5.9,51934.08
821807,5010961,21326,1,21.3,200.72
821808,5007987,20761,1,26.8,1404.16
821809,5006255,20526,49,0.8,50749.67
821810,5005953,21304,6,0.7,2374.62
821811,5008816,20571,6,25.8,9603.19
821812,5008178,20983,13,1.4,15071.28
821813,5005971,21097,39,0.3,96637.86
821814,5009184,20057,5,11.6,5648.72
821815,5000399,21485,31,0.6,74169.3
821816,5008261,20544,42,10.3,17094.95
821817,5006744,20526,22,1.5,22624.78
821818,5001401,21136,30,26.8,25353.04
821819,5006401,20381,41,16.1,21558.2
821820,5008473,21472,6,5.8,4710.04
821821,5004980,20212,47,25.8,44578.74
821822,5010678,20270,15,15.3,8375.14
821823,5010626,21247,26,0.2,17176.8
821824,5001891,20178,34,1.2,58963.03
821825,5009683,20334,30,11.4,35178.36
821826,5001397,21100,23,6.5,
821827,5006827,20602,44,1.4,27576.17
821828,5011241,20032,23,6.4,24665.49
821829,5011815,20165,15,0.4,13289.13
821830,5007044,21227,8,25.8,11250.74
821831,5011328,20407,44,6.2,14855.86
821832,5000731,20524,1,26.6,532.21
821833,5006128,20451,17,6.5,20676.85
821834,5007562,20990,29,6.9,52163.69
821835,5004613,20692,10,10.8,
821836,5001295,21052,23,0.6,53260.69
821837,5004824,20088,38,16.6,39615.95
821838,5008631,20235,6,1.0,
821839,5006749,21251,15,16.4,29080.51
821840,5011775,20510,15,25.1,23578.33
821841,5010201,20049,33,,15354.17
821842,5004818,20176,14,20.4,10227.41
821843,5011215,20932,35,25.3,40584.62
821844,5011466,20913,44,25.7,41166.75
821845,5007762,20746,25,1.8,25708.76
821846,5006187,21208,43,26.7,16647.39
821847,5004796,20780,47,10.4,16157.95
821848,5009787,21492,24,10.2,38473.34
821849,5000926,20085,22,16.7,32150.22
821850,5002985,20286,34,1.4,40122.86
821851,5006614,20341,-10,20.1,-6010.32
821852,5009931,20966,19,5.1,8134.87
821853,5006135,21336,35,0.7,83249.0
821854,5000401,20813,37,1.7,13219.4
821855,5001711,21125,22,,12455.79
821856,5011833,20093,18,10.3,13233.26
821857,5004084,20590,37,1.5,18287.74
821858,5003025,21024,24,0.3,45227.03
821859,5010368,20008,48,1.1,23360.5
821860,5006384,20905,42,16.0,63076.05
821861,5008418,20367,26,6.9,60254.06
821862,5006053,20541,44,10.7,15837.43
821863,5010328,21269,44,1.3,88799.4
821864,5002311,20964,25,0.8,4843.44
821865,5008598,20361,13,21.0,5122.57
821866,5009941,21301,41,11.9,40907.39
821867,5007416,20066,3,,6261.93
821868,5005670,21475,2,,412.9
821869,5011475,20269,2,20.6,1546.68
821870,5002684,21121,28,10.9,50056.42
821871,5000473,20606,4,22.0,2445.77
821872,5004398,21192,7,25.1,4893.4
821873,5006624,20459,21,1.8,36894.2
821874,5006750,20604,44,5.3,
821875,5009738,20486,35,21.8,33173.81
821876,5010578,20205,49,1.0,48310.14
821877,5000201,20279,9,16.9,7164.28
821878,5001879,20590,19,26.7,6988.43
821879,5005892,20944,18,,21056.68
821880,5009460,21396,30,21.0,41702.52
821881,5006165,20561,33,21.9,1863.65
821882,5007375,20948,13,5.7,13065.27
821883,5008505,20780,48,1.3,18177.7
821884,5006858,20932,20,0.9,30766.39
821885,5004655,20763,21,26.8,1720.74
821886,5003520,20582,26,27.0,23286.94
821887,5001840,20621,17,0.7,3372.82
821888,5000629,20423,47,1.6,68503.46
821889,5010298,20412,16,15.9,11802.12
821890,5002982,20255,23,1.4,36166.42
821891,5010231,21125,4,20.2,1840.35
821892,5010225,21048,32,5.9,62673.31
821893,5011004,20800,49,1.3,44607.13
821894,5003652,21352,8,21.3,9039.86
821895,5011813,20726,6,0.4,7604.58
821896,5006175,20337,14,1.0,19068.73
821897,5005001,20007,7,1.0,12374.35
821898,5009173,20227,5,20.6,8156.01
821899,5007997,20803,4,20.2,5861.25
821900,5004014,20769,23,5.5,20803.87
821901,5009121,20389,50,,113675.33
821902,5000448,20088,30,0.8,37200.89
821903,5011329,21233,21,21.2,24142.04
821904,5010175,20243,26,26.0,42882.3
821905,5006624,20625,31,0.3,24300.32
821906,5011569,21473,49,0.5,61766.25
821907,5002801,20242,-1,16.6,-1150.82
821908,5000658,20480,30,6.8,35504.73
821909,5007934,20852,29,1.6,30189.95
821910,5002614,20727,7,21.1,6547.24
821911,5004753,20687,37,16.9,12459.3
821912,5000757,21096,12,0.9,10550.7
821913,5009696,20993,39,10.1,62123.18
821914,5000454,20547,15,26.5,15277.12
821915,5011585,21103,23,26.2,20667.88
821916,5001332,20776,17,21.8,27630.12
821917,5004215,21200,45,21.8,45133.29
821918,5001393,20237,9,,12958.86
821919,5000475,20256,18,2.0,9701.47
821920,5009242,20335,48,11.0,
821921,5008662,20307,2,10.6,1637.33
821922,5000129,21207,20,11.5,36172.96
821923,5011613,20395,36,2.0,71277.24
821924,5001387,21395,-6,0.2,-4612.5
821925,5008001,20079,37,1.8,
821926,5008585,20495,21,10.9,21713.55
821927,5009500,21261,45,16.2,82401.25
821928,5008932,20708,15,11.2,7783.01
821929,5004551,21447,39,25.8,50267.62
821930,5002158,21285,43,0.9,79065.44
821931,5010111,20942,29,15.6,37743.22
821932,5001231,21332,33,5.9,2106.95
821933,5009185,20089,20,,36493.66
821934,5002094,20073,8,20.5,6098.67
821935,5009767,20274,33,0.1,42702.81
821936,5006493,20221,23,10.8,34323.47
821937,5004109,21242,26,,27022.92
821938,5006262,21416,44,2.0,75794.61
821939,5002513,20232,31,5.5,41969.48
821940,5007363,20717,40,15.7,20200.64
821941,5006612,20819,11,20.1,16533.52
821942,5007430,20220,38,26.2,23248.48
821943,5010309,20224,43,11.6,15970.74
821944,5006095,21011,9,1.2,20467.43
821945,5009281,21138,26,6.6,52808.71
821946,5003560,20545,34,15.7,33414.73
821947,5004690,20773,11,0.5,6283.2
821948,5001968,21410,5,1.1,1912.28
821949,5009254,20768,25,5.9,10350.53
821950,5008937,20719,47,16.5,4382.49
821951,5003037,20757,22,20.9,20500.08
821952,5007614,21341,1,10.5,1597.22
821953,5004127,20271,16,6.3,35447.08
821954,5006730,20925,38,1.0,73878.53
821955,5001020,20733,40,,16939.92
821956,5000882,21078,24,20.0,43062.14
821957,5001311,21067,30,5.3,51502.5
821958,5008116,21389,14,10.8,14693.88
821959,5002844,21014,42,10.3,10445.49
821960,5000768,21103,7,15.4,7210.75
821961,5005383,21097,32,6.9,74043.55
821962,5011956,20812,44,10.1,78882.58
821963,5006886,21197,18,21.6,12621.77
821964,5000748,20788,13,26.4,21767.68
821965,5000375,20119,28,0.3,103.57
821966,5003690,20314,10,26.4,1673.0
821967,5009266,20720,29,1.3,60656.14
821968,5005159,20814,49,,58354.59
821969,5006841,20421,4,20.8,3043.72
821970,5007654,20199,45,11.5,52008.26
821971,5003330,21058,5,,5113.88
821972,5002492,20902,28,1.3,66299.87
821973,5003484,21487,4,0.7,7422.6
821974,5006186,20217,8,1.8,3032.02
821975,5001095,21031,45,0.6,33601.62
821976,5007209,20929,35,21.7,17712.95
821977,5006709,20510,40,21.7,65729.72
821978,5007437,21095,15,11.2,27771.93
821979,5007699,21468,3,1.2,7055.68
821980,5002710,20469,25,20.8,7406.98
821981,5005541,20290,40,1.7,17747.48
821982,5002648,21078,9,,19842.23
821983,5009399,20227,8,22.0,12819.52
821984,5009058,20698,8,20.3,13638.2
821985,5006730,21262,25,11.9,29260.43
821986,5002112,20394,46,6.0,56835.95
821987,5003684,20501,24,1.0,20981.74
821988,5008676,21226,20,26.8,14636.63
821989,5007572,20714,5,0.9,2428.59
821990,5011907,20865,42,1.5,102831.34
821991,5011131,21273,6,11.9,2025.65
821992,5001546,21060,44,11.6,92982.44
821993,5008697,20411,24,21.0,12951.39
821994,5009511,20827,37,1.3,35099.51
821995,5000989,21157,45,,55668.09
821996,5005686,20670,16,16.0,16973.38
821997,5000430,21025,35,0.5,65778.5
821998,5010977,21154,32,,12607.19
821999,5004705,20131,8,,6433.52
822000,5008229,21110,34,25.3,15652.53
822001,5006648,20854,24,,46182.54
822002,5001355,21195,40,11.5,40770.53
822003,5003534,20853,32,5.3,22708.3
822004,5010209,20754,23,25.0,19465.59
822005,5004704,20504,11,10.2,23664.92
822006,5011655,20800,40,15.1,31322.67
822007,5002347,20442,37,15.8,9931.9
822008,5010447,21238,28,,22477.56
822009,5009504,21447,42,20.8,57782.23
822010,5004176,21041,7,1.2,
822011,5000827,20846,39,11.6,81167.19
822012,5002573,21350,10,1.3,3538.3
822013,5000584,20375,14,0.4,21327.91
822014,5006459,21212,32,11.4,43055.06
822015,5002780,20358,28,15.2,10149.61
822016,5008355,21209,26,15.3,30923.07
822017,5004896,21276,8,16.1,14725.52
822018,5001952,20984,5,12.0,6738.95
822019,5007635,20062,13,16.1,26253.15
822020,5001960,21201,9,1.6,15981.01
822021,5007742,21437,24,0.4,28990.05
822022,5005468,21187,35,21.5,12955.84
822023,5010981,20923,34,1.4,13568.5
822024,5006985,20029,18,16.7,32380.59
822025,5003514,21055,35,5.5,74782.58
822026,5005721,20919,27,7.0,16933.68
822027,5002279,21420,39,1.1,54919.7
822028,5011148,21439,26,20.5,13517.15
822029,5011014,20933,-10,,-6152.19
822030,5009762,21039,43,25.2,77401.38
822031,5003639,20937,29,15.8,
822032,5009840,20921,15,0.8,27003.78
822033,5010831,20962,50,,75831.78
822034,5001491,21013,14,6.8,1365.73
822035,5010934,20529,26,26.9,17005.62
822036,5010966,20219,6,15.3,875.63
822037,5007630,20908,5,26.9,1931.38
822038,5010627,20750,18,0.2,31461.97
822039,5007899,20645,5,0.1,533.67
822040,5002620,21145,46,1.7,66108.72
822041,5008295,20281,47,1.8,36279.35
822042,5007339,20874,17,15.7,1497.88
822043,5011927,20267,10,0.4,8587.51
822044,5003860,21467,30,0.3,17604.43
822045,5004076,20691,39,10.2,48693.54
822046,5006583,20387,24,0.5,
822047,5000480,21022,8,25.2,2753.0
822048,5006182,20613,42,2.0,46767.23
822049,5007769,20348,30,20.7,3049.88
822050,5005061,21445,21,,48327.24
822051,5000896,21000,4,0.2,537.88
822052,5004561,20985,17,26.4,16908.34
822053,5007283,21484,35,1.8,59188.58
822054,5011969,20889,7,,3104.14
822055,5001737,20821,20,11.9,31988.05
822056,5002096,20706,37,26.4,25726.89
822057,5002983,21336,45,5.0,102399.5
822058,5006188,21382,3,6.3,4819.88
822059,5007673,21222,31,20.6,15116.2
822060,5001955,20221,49,,73205.9
822061,5001999,21136,20,1.8,22674.58
822062,5004104,20985,22,20.7,39684.24
822063,5003603,20608,43,1.7,12335.36
822064,5001859,20336,39,21.7,58514.39
822065,5006463,20505,27,,63434.21
822066,5009754,20522,16,11.4,34966.81
822067,5011410,20008,1,11.6,435.01
822068,5002527,20590,27,11.6,11976.72
822069,5003481,21420,41,15.4,49388.01
822070,5003814,21013,35,0.4,
822071,5000048,21241,17,5.3,1650.15
822072,5007433,21254,26,16.4,45067.86
822073,5007885,20865,1,6.9,2314.14
822074,5010328,20001,11,1.6,5519.59
822075,5008736,21350,22,1.2,49731.32
822076,5010020,20700,48,15.8,43750.72
822077,5007317,21268,12,1.7,24961.04
822078,5007931,20966,35,25.8,11716.63
822079,5008381,20029,45,0.9,96306.02
822080,5006806,20580,9,16.3,16660.28
822081,5008431,21063,26,0.4,16236.79
822082,5002532,20585,21,0.5,47182.79
822083,5011510,21191,46,26.4,65303.48
822084,5007304,20475,41,20.4,19928.19
822085,5005969,21426,40,26.1,61330.79
822086,5009286,20067,7,15.3,5014.21
822087,5006090,20823,15,0.3,22197.56
822088,5007040,20051,28,,63862.17
822089,5008438,21164,9,5.6,5827.07
822090,5010371,21197,37,,32464.04
822091,5011888,21092,16,1.7,26193.73
822092,5001197,20684,10,15.5,16523.97
822093,5000705,20706,28,0.0,26452.44
822094,5009269,21336,39,0.1,93323.67
822095,5009496,21063,19,6.0,11198.22
822096,5003244,20268,26,1.0,6499.35
822097,5010454,20509,27,1.2,23584.25
822098,5011508,20460,30,5.8,10564.72
822099,5011393,20682,28,2.0,38034.04
822100,5008400,20202,26,15.7,36095.0
822101,5006897,21313,49,11.6,94790.14
822102,5011832,21244,7,0.9,3434.51
822103,5005491,20741,44,0.7,106746.11
822104,5004277,20609,10,0.0,21149.0
822105,5010393,20213,1,,128.49
822106,5001393,20377,47,10.1,40973.58
822107,5005093,20154,29,1.0,
822108,5011344,20502,5,0.8,6222.92
822109,5000121,20702,9,16.0,18486.32
822110,5006247,20750,12,11.8,18536.71
822111,5007482,20405,4,15.2,2568.39
822112,5008982,20707,26,1.8,4246.99
822113,5011260,21154,40,11.2,19039.43
822114,5004618,20866,41,6.7,58470.86
822115,5006361,20834,50,10.3,74326.32
822116,5010133,21162,34,26.4,52415.77
822117,5005170,20050,38,21.9,45379.15
822118,5009016,21131,27,5.2,14377.27
822119,5006354,21414,5,1.6,10057.66
822120,5007218,21416,5,16.7,7321.07
822121,5006474,20201,13,16.0,2961.5
822122,5007313,20725,36,20.7,69115.28
822123,5009418,20432,27,0.8,4853.8
822124,5010952,20374,14,1.4,29916.03
822125,5011211,20391,49,15.9,78156.58
822126,5010444,21080,27,15.2,37485.1
822127,5007222,20575,28,15.1,11444.08
822128,5000062,21277,23,0.2,25191.79
822129,5006677,20510,-7,11.9,
822130,5002935,21365,46,20.6,58503.05
822131,5002660,20388,18,5.7,7871.35
822132,5000391,21428,13,5.6,7233.24
822133,5004648,20320,27,0.5,24241.63
822134,5011885,20488,29,22.0,7758.21
822135,5005504,21241,48,26.5,3616.2
822136,5010066,21226,21,,15662.4
822137,5002535,20234,20,,26681.79
822138,5000054,20057,46,,57788.15
822139,5004698,20058,38,,48821.74
822140,5005219,20450,-7,0.4,-4721.93
822141,5008552,20160,44,25.3,15530.79
822142,5000080,20617,7,0.7,5197.75
822143,5002360,20994,23,26.1,36881.96
822144,5004218,21358,48,25.5,8196.19
822145,5011792,20589,45,0.6,77768.92
822146,5006502,20819,5,0.9,9321.15
822147,5007278,20169,2,0.7,3756.0
822148,5006228,20936,49,2.0,33488.19
822149,5008781,20138,7,0.9,14195.74
822150,5005790,20281,34,16.9,22209.06
822151,5003141,20883,40,21.8,77382.34
822152,5007020,20841,35,1.6,15187.35
822153,5009353,21007,20,6.0,14342.52
822154,5004947,20637,41,6.9,44818.86
822155,5010314,21087,28,10.9,59791.62
822156,5004427,20373,35,0.3,64780.12
822157,5000078,20035,27,20.0,20334.02
822158,5008489,21469,37,25.4,31514.03
822159,5003336,20002,19,,12575.3
822160,5010253,21494,30,0.3,35449.33
822161,5007222,20648,48,6.8,32134.76
822162,5004901,20773,37,10.2,19074.05
822163,5008038,21256,29,21.9,37502.44
822164,5001881,21233,7,0.9,10120.46
822165,5009448,21291,7,0.4,8596.62
822166,5007273,20842,41,21.4,21884.35
822167,5005310,20396,50,21.9,72016.01
822168,5005582,20261,9,5.9,8916.76
822169,5009557,20748,23,0.5,11576.38
822170,5004671,20168,20,0.6,44378.72
822171,5002437,21225,28,6.1,46996.42
822172,5005402,21192,4,10.1,3356.22
822173,5010822,20521,23,5.8,39476.75
822174,5002700,20226,26,0.1,1592.99
822175,5007512,20612,26,11.4,22728.24
822176,5007384,20252,22,1.3,35903.01
822177,5007796,20355,4,25.2,1822.52
822178,5007038,20335,11,0.3,14587.1
822179,5004202,20209,42,11.6,75041.26
822180,5002065,21028,13,0.6,16690.44
822181,5001597,20516,24,,21216.79
822182,5000380,20169,9,1.6,8297.36
822183,5000404,20849,21,5.1,24821.97
822184,5010304,20954,34,,71068.17
822185,5009167,21116,49,1.5,115395.82
822186,5008610,21083,4,0.8,715.59
822187,5000738,20708,3,0.8,1738.91
822188,5010976,21069,43,,91787.51
822189,5008334,21104,14,11.0,20767.71
822190,5010142,20083,32,1.6,24459.88
822191,5001375,20174,4,10.1,7983.7
822192,5004767,21457,12,10.5,25539.61
822193,5006414,20180,6,25.3,6827.39
822194,5005920,21468,39,21.3,
822195,5002642,20999,14,26.7,15592.19
822196,5009275,20569,45,15.3,62109.92
822197,5004713,20695,10,0.1,24478.9
822198,5011831,21154,32,10.3,15385.92
822199,5005932,20827,24,16.1,19353.31
822200,5001589,20575,20,20.9,7615.91
822201,5001164,20615,13,6.0,16726.74
822202,5001661,20840,-8,21.5,-2308.09
822203,5008985,21221,30,11.3,62346.7
822204,5008401,20287,3,,4699.05
822205,5005712,21348,42,10.7,21309.03
822206,5008718,20579,47,21.6,10376.77
822207,5003900,21026,43,15.9,7720.08
822208,5004885,21203,46,5.2,82954.63
822209,5005525,21047,28,0.7,38018.08
822210,5004189,21270,14,1.4,22366.62
822211,5004362,20077,45,5.3,90345.08
822212,5005829,20818,16,20.7,23059.55
822213,5000601,21481,22,16.1,19490.73
822214,5011356,21428,26,0.5,15248.04
822215,5003554,20012,20,16.8,29428.01
822216,5001843,21421,18,,21903.1
822217,5000476,20458,39,,16431.98
822218,5006799,20107,36,16.8,67584.89
822219,5006299,21329,32,1.6,48710.05
822220,5010837,20920,42,6.7,92435.46
822221,5011673,20544,42,,16942.49
822222,5006288,20661,36,25.4,39122.75
822223,5001824,21020,34,0.7,77674.21
822224,5004134,21014,8,10.3,1989.62
822225,5000140,21116,11,1.4,25931.48
822226,5002999,20333,2,0.2,3997.89
822227,5002204,20239,-6,20.6,-8096.85
822228,5011375,21361,29,21.8,29930.88
822229,5000898,20259,37,6.8,41060.79
822230,5004326,20800,9,15.5,
822231,5001158,21121,36,0.8,71653.63
822232,5008781,21061,42,1.3,90510.25
822233,5007957,20506,-5,26.6,-4076.49
822234,5006659,20158,38,0.4,9748.89
822235,5009706,20624,43,,79627.83
822236,5007383,20232,40,1.7,56331.8
822237,5004551,20411,20,21.0,10792.82
822238,5004965,20051,14,15.9,27043.35
822239,5004546,21362,29,11.2,35306.76
822240,5007174,20440,47,11.3,17527.72
822241,5007763,21223,31,11.4,59888.79
822242,5007686,21056,9,11.7,9520.27
822243,5010672,20620,2,1.3,3339.51
822244,5009842,20590,29,5.2,13795.21
822245,5006361,20414,36,10.8,30834.91
822246,5010430,20355,6,15.7,3080.98
822247,5006918,21137,36,21.4,49482.35
822248,5006130,20541,46,21.1,14629.02
822249,5003612,20926,6,,3401.63
822250,5001753,21457,45,15.3,28266.47
822251,5006997,20800,25,0.3,22989.32
822252,5001811,20756,29,16.3,
822253,5006467,20361,7,16.6,2911.94
822254,5010723,21279,36,0.9,37067.01
822255,5000882,20621,32,1.0,6329.66
822256,5007864,20516,2,16.5,1494.27
822257,5007817,20125,7,1.1,1814.31
822258,5003975,21163,32,5.5,33554.61
822259,5001609,21132,44,0.4,15826.6
822260,5008869,20033,27,10.2,20322.27
822261,5003783,20896,23,6.9,48834.27
822262,5000593,21057,43,10.4,1576.57
822263,5000258,21206,9,1.4,1430.31
822264,5005268,21186,10,1.6,12345.66
822265,5005410,20352,1,26.7,1423.76
822266,5001819,20619,26,26.6,36101.39
822267,5000711,20780,46,0.8,17508.54
822268,5003807,21481,24,1.0,25089.37
822269,5004253,21181,1,6.9,717.06
822270,5007240,21341,3,10.1,4813.07
822271,5010761,21045,44,25.5,35891.15
822272,5011599,20377,21,10.4,18246.25
822273,5007650,21226,28,25.2,20939.18
822274,5003952,20624,44,26.0,60294.93
822275,5004292,20089,43,1.5,78461.37
822276,5004440,21031,42,,31361.52
822277,5006961,20625,42,11.1,29356.63
822278,5008866,20979,7,26.0,11561.09
822279,5011231,20436,2,21.9,2219.98
822280,5011913,21147,-5,26.2,-5421.05
822281,5002929,20104,26,0.1,16932.45
822282,5011483,21473,5,1.5,6239.33
822283,5001404,20337,18,,24690.29
822284,5003230,20496,24,1.2,51010.2
822285,5009177,20263,12,1.9,17617.15
822286,5006889,20876,19,,34369.09
822287,5011052,20773,34,0.0,19518.38
822288,5010653,21371,37,5.7,83332.97
822289,5000592,20909,43,0.8,74260.26
822290,5005684,20259,47,10.3,50199.56
822291,5003614,20916,38,1.7,44622.71
822292,5005602,20650,22,0.6,52039.28
822293,5007351,20799,1,11.0,
822294,5001235,21276,49,5.8,46958.84
822295,5010137,20081,-10,21.7,-9924.6
822296,5002333,21395,6,0.2,4612.5
822297,5009531,21337,31,1.2,75117.31
822298,5009353,21169,50,10.6,10408.4
822299,5005675,20086,10,26.7,6823.72
822300,5002881,20908,24,1.3,12517.21
822301,5002482,21487,42,21.2,74494.46
822302,5002714,20581,11,1.8,25264.58
822303,5006524,20848,2,15.2,2351.15
822304,5008189,20392,25,0.9,25656.25
822305,5008595,20097,8,11.1,8755.51
822306,5008370,21067,45,0.1,81495.77
822307,5006964,21203,13,25.7,18374.12
822308,5003167,20228,6,1.5,7907.7
822309,5006116,20842,20,1.8,13337.33
822310,5006700,20901,25,25.9,6875.55
822311,5005285,20939,18,16.4,19756.52
822312,5003116,21234,7,0.2,10806.71
822313,5010777,20322,33,0.9,30405.61
822314,5002784,20609,23,6.5,45480.92
822315,5010132,20074,34,1.6,
822316,5001448,20927,40,6.8,13356.31
822317,5002879,20090,12,,4774.19
822318,5010171,20726,23,,24409.48
822319,5011238,20590,18,26.2,6665.78
822320,5009799,21060,22,0.3,6267.64
822321,5011307,20938,5,0.9,3349.98
822322,5006394,21314,10,,18814.57
822323,5007364,20498,41,11.9,85368.73
822324,5003681,20042,34,6.4,29804.77
822325,5003714,20462,22,25.1,22265.73
822326,5010161,20855,36,25.6,22035.73
822327,5009509,20415,8,21.5,4913.97
822328,5010247,20612,37,1.6,35921.59
822329,5009976,20881,46,0.3,97753.94
822330,5010393,20738,44,,47217.28
822331,5008757,20714,25,1.6,12057.2
822332,5004631,20225,1,21.3,1644.43
822333,5010967,20080,24,26.0,292.51
822334,5011718,21265,8,20.7,6293.12
822335,5005090,20470,43,2.0,95579.0
822336,5003185,20797,1,1.9,1161.63
822337,5006597,21188,43,0.2,33434.73
822338,5003181,20282,6,0.1,11048.8
822339,5001704,20735,13,,9050.15
822340,5002431,21009,20,25.5,10076.87
822341,5000798,21326,12,6.1,2873.79
822342,5003521,21249,39,10.7,5773.27
822343,5003751,20223,37,0.9,73606.8
822344,5001592,20745,28,,34471.59
822345,5001129,21450,8,0.4,6266.04
822346,5008161,20600,23,11.4,36352.52
822347,5006602,20911,5,0.9,9483.92
822348,5006234,21022,18,1.1,8189.99
822349,5002023,20052,32,1.6,54606.49
822350,5009403,20048,25,0.6,326.03
822351,5003953,20917,11,20.4,2388.55
822352,5003965,20882,39,16.8,3233.44
822353,5000400,21131,26,21.5,11464.3
822354,5010058,20220,45,1.2,
822355,5002574,20033,11,0.3,9192.21
822356,5011531,20890,34,20.8,46290.31
822357,5006107,20201,9,11.3,
822358,5001050,21469,36,10.6,36745.44
822359,5003005,21426,7,26.6,10660.27
822360,5007880,20347,3,25.6,306.25
822361,5005778,20586,41,0.5,30743.93
822362,5010065,21076,7,1.7,5288.87
822363,5002542,20983,3,1.5,
822364,5003802,21499,18,0.8,39304.63
822365,5004872,20964,39,15.1,6466.58
822366,5006029,21380,31,21.8,405.81
822367,5005600,20096,39,21.2,173.64
822368,5008432,20843,19,,22235.85
822369,5000898,20742,24,,12106.04
822370,5008385,21462,23,,6957.67
822371,5011656,20126,34,25.1,
822372,5005153,20349,29,20.8,45163.13
822373,5000797,21167,18,10.3,30177.36
822374,5008924,20649,19,1.1,35393.04
822375,5008748,20604,3,5.3,5046.24
822376,5005059,20256,32,0.5,17511.04
822377,5009706,20804,22,5.5,25900.6
822378,5000524,20666,27,1.4,8090.96
822379,5007037,21470,1,0.6,1827.49
822380,5011724,21174,10,1.3,21453.23
822381,5006880,20877,34,16.1,66421.94
822382,5000072,21313,11,26.8,17620.51
822383,5011991,20037,38,1.2,63190.31
822384,5002904,21222,43,16.4,22076.75
822385,5008750,21448,24,11.2,12148.69
822386,5006843,20770,14,,10699.05
822387,5003458,20065,48,0.2,54506.61
822388,5008379,20229,16,1.8,4197.15
822389,5001195,20196,50,16.3,57487.25
822390,5002222,20318,13,11.8,21084.14
822391,5002977,20522,34,20.2,66924.33
822392,5005437,20336,16,0.5,30505.59
822393,5001066,21175,48,,36378.0
822394,5001136,20430,1,1.9,1746.19
822395,5006277,20897,20,11.0,21904.15
822396,5007365,20687,11,5.6,4207.8
822397,5003974,20164,46,25.2,62399.6
822398,5000414,21243,39,,
822399,5011959,20283,36,10.4,12634.03
822400,5002867,20842,3,27.0,1487.21
822401,5006720,21261,7,0.8,
822402,5009572,20048,10,5.1,124.51
822403,5010672,20809,10,26.9,17658.69
822404,5002497,20538,34,21.8,50352.89
822405,5006557,20717,22,16.7,10978.56
822406,5001278,20326,20,11.3,38485.51
822407,5004853,20427,4,26.9,5807.88
822408,5002981,20417,8,26.8,13871.28
822409,5000608,21432,24,16.0,40016.79
822410,5005297,20059,25,11.8,14520.15
822411,5001634,21081,33,0.7,5043.48
822412,5002414,20919,17,,9721.86
822413,5009511,20619,15,11.4,25140.83
822414,5006156,21441,8,,17783.35
822415,5003066,20967,49,11.7,107490.8
822416,5008417,20691,44,1.1,60503.34
822417,5008958,20883,5,15.3,
822418,5002951,21076,36,,27559.64
822419,5011237,21254,21,0.6,43280.57
822420,5005266,20969,40,10.8,80159.76
822421,5008064,21055,38,25.4,64094.83
822422,5007033,20435,5,11.5,5515.32
822423,5003078,20843,47,1.6,63825.94
822424,5010920,20033,38,0.6,31659.36
822425,5002726,20189,32,26.9,50449.76
822426,5011032,20853,27,26.2,14931.55
822427,5004317,20799,27,20.3,24604.39
822428,5003691,21427,44,20.0,42922.18
822429,5009622,20287,8,25.4,10421.38
822430,5006817,20319,33,1.5,12943.82
822431,5009272,20398,-7,,
822432,5008364,21380,41,11.4,608.1
822433,5002649,20076,10,22.0,18783.96
822434,5011531,21010,49,11.6,53953.54
822435,5008710,20817,40,26.8,40135.85
822436,5005792,21020,9,0.6,20581.53
822437,5005678,20816,28,1.1,63914.52
822438,5003567,20498,2,0.1,4722.09
822439,5010885,20334,1,5.9,
822440,5005984,21318,13,20.9,
822441,5003186,20145,5,1.2,8090.04
822442,5010170,20451,3,26.9,2852.74
822443,5005712,20224,30,,12579.29
822444,5004796,21188,22,5.7,16163.42
822445,5008221,20273,19,6.3,29165.59
822446,5003618,20815,31,11.2,34095.35
822447,5008278,20382,44,15.6,48666.73
822448,5006410,21047,43,11.9,51799.7
822449,5001695,20090,18,21.3,6361.1
822450,5008661,20763,20,11.3,
822451,5001226,21223,15,21.5,25675.03
822452,5006593,20864,20,5.0,3959.03
822453,5004686,21111,30,16.9,50733.55
822454,5011924,20838,10,6.1,19289.69
822455,5011876,20434,5,21.3,5015.24
822456,5008324,21452,47,10.8,60990.62
822457,5009758,20261,26,15.6,23104.18
822458,5011829,21188,22,,12821.03
822459,5006729,20171,3,25.6,30.49
822460,5010494,20975,35,20.8,41871.06
822461,5010963,20393,4,0.8,7185.02
822462,5004932,20188,43,15.0,38057.32
822463,5010226,21334,30,1.7,13765.05
822464,5010488,20899,7,25.5,1967.36
822465,5011150,21311,49,0.4,92822.28
822466,5011345,20069,38,1.2,93456.03
822467,5011653,21178,12,16.4,10062.8
822468,5003158,20870,8,,4703.24
822469,5000684,20904,7,1.9,7195.31
822470,5006960,20777,41,11.7,38418.26
822471,5000776,21374,-10,1.4,-10757.26
822472,5011452,20333,31,6.2,58241.78
822473,5011274,20969,8,6.4,16822.77
822474,5009297,20662,36,1.5,37707.1
822475,5011093,20154,13,26.0,6869.64
822476,5011385,20083,37,1.3,28367.96
822477,5000787,20723,25,0.6,11948.38
822478,5002645,20024,14,25.6,791.62
822479,5011915,21072,3,11.6,5189.88
822480,5004091,21130,30,1.7,59696.61
822481,5001736,20487,3,1.8,5303.12
822482,5010464,20308,6,21.0,5139.77
822483,5010658,21387,11,16.1,15357.98
822484,5009663,21366,23,21.8,40669.58
822485,5003131,21138,39,10.4,75990.27
822486,5005217,20298,21,1.7,32593.65
822487,5007586,21013,34,15.8,2996.49
822488,5002708,21433,11,0.7,22213.89
822489,5006643,20812,18,11.5,31767.61
822490,5009518,20137,24,1.5,5108.6
822491,5007327,21131,29,0.0,16289.3
822492,5007529,21221,21,0.8,48808.96
822493,5005269,20249,4,25.2,4891.56
822494,5006288,21008,28,26.2,18845.36
822495,5006183,20521,34,1.5,61020.79
822496,5007543,20865,5,11.6,10986.57
822497,5011788,20427,21,10.8,37207.0
822498,5004044,20456,19,5.5,31083.16
822499,5011790,21472,29,25.3,18052.64
822500,5001480,20653,10,20.6,7989.23
822501,5004198,21322,17,16.1,10442.08
822502,5009181,21333,11,10.4,325.45
822503,5008586,21158,33,0.4,14333.08
822504,5004093,20703,21,26.7,1102.6
822505,5007277,20658,20,1.1,41622.66
822506,5001634,21218,49,1.0,121143.05
822507,5005418,21049,2,20.5,1746.33
822508,5010689,20035,-5,20.3,-3751.44
822509,5008856,20924,22,0.1,42253.36
822510,5003886,20509,45,10.5,35607.13
822511,5008271,20445,49,26.7,53504.48
822512,5009684,20695,42,15.5,86962.57
822513,5001536,21074,50,15.5,14002.5
822514,5009784,20221,20,0.3,33359.82
822515,5009703,20583,46,25.6,75252.42
822516,5011541,21487,32,1.1,4755.74
822517,5005933,20422,44,0.7,75846.69
822518,5008407,20522,-9,25.2,-16605.29
822519,5008118,20492,41,15.2,86162.06
822520,5011463,20139,5,11.0,3330.96
822521,5007439,21164,9,1.4,6086.32
822522,5005215,20956,6,1.5,8216.32
822523,5009312,20672,41,0.7,88149.75
822524,5008680,21032,9,26.2,7186.78
822525,5002283,20549,33,0.8,32351.02
822526,5011946,20678,5,0.9,11795.43
822527,5007583,21404,2,5.8,4266.75
822528,5010919,20714,38,2.0,18252.44
822529,5000175,21202,47,1.5,71281.34
822530,5005551,20340,13,6.5,29167.62
822531,5008330,20384,33,16.7,12337.34
822532,5000674,20391,39,,61762.45
822533,5004794,20181,4,11.8,4837.77
822534,5009754,20114,48,1.9,62369.0
822535,5006265,20042,38,25.1,26656.09
822536,5008468,20283,46,,15999.34
822537,5004142,20657,40,10.3,2571.52
822538,5009208,20229,35,16.2,7834.92
822539,5011025,20979,34,10.4,67991.69
822540,5006285,20341,43,,31925.39
822541,5004309,20692,13,0.0,1031.03
822542,5011734,21144,41,1.4,6823.91
822543,5005556,21089,12,,9807.46
822544,5006196,21231,15,1.7,13389.79
822545,5000572,20005,20,11.9,14190.97
822546,5001085,21047,8,1.7,10752.92
822547,5003569,20811,27,20.4,39605.89
822548,5004491,21343,28,0.7,68133.42
822549,5007240,20332,11,15.8,8494.64
822550,5001923,20651,22,10.2,46608.75
822551,5010065,20773,4,21.3,1807.17
822552,5002612,20207,37,,90684.28
822553,5010677,21193,49,25.9,48298.96
822554,5002450,21270,2,1.9,3179.03
822555,5008274,20353,47,1.7,22076.69
822556,5006998,20956,36,26.4,36835.8
822557,5006160,20370,9,16.8,11342.82
822558,5011936,21256,12,1.9,19492.2
822559,5002456,21282,19,1.4,44556.38
822560,5003215,20370,5,26.4,5574.46
822561,5002593,21283,4,15.5,85.07
822562,5010105,21420,5,21.3,5602.89
822563,5006161,21473,17,0.1,21515.25
822564,5006027,20866,27,6.6,38546.47
822565,5002413,21011,29,11.8,58874.93
822566,5003847,20548,44,25.1,14826.25
822567,5005554,21048,15,,23040.43
822568,5010049,20187,4,0.8,7936.6
822569,5003064,21205,31,20.5,16489.97
822570,5006344,20079,24,,49706.2
822571,5004134,20135,41,25.2,36139.78
822572,5005125,21408,5,10.4,6190.69
822573,5001243,21104,32,,52855.98
822574,5002742,21287,-1,26.7,-1628.92
822575,5002860,20326,24,16.3,43579.31
822576,5007072,20490,9,20.1,9471.12
822577,5006077,21197,5,25.0,3354.0
822578,5011480,21130,5,16.2,578.26
822579,5005111,21214,13,11.2,22241.94
822580,5007418,21383,25,5.3,28383.01
822581,5011314,20487,46,1.1,81894.2
822582,5001808,21251,42,5.7,91847.11
822583,5011368,20346,6,0.7,13856.82
822584,5005008,20331,1,16.9,206.66
822585,5011281,20610,7,10.2,12928.92
822586,5011284,21134,16,0.3,10074.65
822587,5008268,21285,49,0.9,
822588,5004786,21365,37,,58495.04
822589,5001917,20847,46,,
822590,5001293,20072,9,0.6,198.06
822591,5001964,20386,49,6.5,92501.4
822592,5010931,21094,10,0.2,4177.53
822593,5002818,20071,19,26.1,4712.44
822594,5003194,21061,17,12.0,32663.51
822595,5001467,20222,24,1.3,22614.22
822596,5004667,20353,44,0.6,20898.81
822597,5005583,21227,47,1.7,87566.6
822598,5004426,21468,13,0.9,30667.47
822599,5001824,21480,34,26.5,1991.2
822600,5002844,20663,15,10.7,19578.0
822601,5006199,20645,26,1.1,2747.28
822602,5006502,20896,44,0.6,99743.88
822603,5000915,20306,26,1.5,40980.87
822604,5008938,21289,46,21.1,89227.35
822605,5009171,20290,33,20.1,11901.01
822606,5005265,20825,49,,77458.95
822607,5005700,21106,47,,26181.71
822608,5008318,21326,-4,,-1017.1
822609,5002906,20233,8,,6932.22
822610,5001099,21270,21,21.9,26574.54
822611,5000635,20715,11,,13102.83
822612,5004196,20532,23,0.0,30750.54
822613,5000104,21195,12,0.3,13779.06
822614,5005335,20371,21,15.9,22196.52
822615,5002193,20429,45,1.6,77887.63
822616,5006170,21210,49,1.1,81748.86
822617,5001941,20630,33,0.3,39607.21
822618,5002566,20606,13,10.6,9110.49
822619,5000033,21348,21,1.2,11787.98
822620,5002626,20221,27,1.1,44674.39
822621,5003933,20093,27,10.1,19894.15
822622,5009984,21378,23,10.2,14890.29
822623,5005540,21107,18,1.2,19777.94
822624,5002698,20036,9,16.0,523.45
822625,5000251,21240,11,26.9,5159.67
822626,5007926,21105,39,0.6,93027.55
822627,5010392,21270,22,26.8,26093.31
822628,5004019,21114,45,0.4,
822629,5005365,20919,32,0.4,21493.84
822630,5009586,21343,14,6.4,32111.22
822631,5008172,21383,28,0.7,33333.1
822632,5002386,20261,20,26.4,15498.25
822633,5009404,21185,42,15.2,47554.84
822634,5006436,20999,3,5.1,4325.76
822635,5009491,20734,25,12.0,38823.4
822636,5000764,20540,28,20.7,28267.91
822637,5000449,20558,18,0.7,39536.93
822638,5004669,20030,37,5.8,45439.86
822639,5004154,20003,25,25.7,9729.58
822640,5010821,21114,24,,46312.41
822641,5009868,21111,44,,
822642,5003050,21130,39,,51406.92
822643,5005226,20157,4,5.1,4026.3
822644,5007350,21082,45,0.7,39127.08
822645,5002950,20718,12,1.4,316.03
822646,5002927,21490,11,21.2,9257.25
822647,5004262,20275,41,26.0,73067.52
822648,5004054,20410,26,0.8,41211.75
822649,5007220,20589,31,20.4,42902.43
822650,5002822,21232,15,6.9,5415.49
822651,5001622,20459,35,0.0,62617.45
822652,5007739,20440,14,0.6,5850.84
822653,5007297,20254,6,26.8,438.76
822654,5010490,21124,42,11.1,70504.97
822655,5010007,21049,39,10.6,38294.03
822656,5001076,20672,36,15.1,66175.64
822657,5000713,21457,19,0.6,38827.16
822658,5010642,20732,14,26.7,13165.63
822659,5000710,20766,23,20.2,3123.67
822660,5005435,20970,18,0.8,21515.94
822661,5006764,21106,12,10.4,7591.23
822662,5010444,21229,11,1.9,
822663,5010492,20051,14,20.2,25660.63
822664,5007751,21356,14,21.9,6746.93
822665,5001227,20869,16,,16194.91
822666,5000745,20298,16,6.3,23671.17
822667,5004456,21301,35,25.8,29411.28
822668,5005131,21462,25,1.3,8791.95
822669,5009079,20647,42,15.7,75124.1
822670,5003435,21436,20,0.8,
822671,5008154,20323,8,0.8,7063.67
822672,5007432,20670,50,1.4,62260.97
822673,5001123,20707,19,0.6,3141.5
822674,5009919,20810,19,26.8,25757.2
822675,5011804,20373,12,6.5,20829.14
822676,5008118,20275,39,15.4,79459.12
822677,5002695,20696,26,6.6,59755.4
822678,5008899,21390,17,6.6,7941.06
822679,5008160,21090,39,0.9,35015.22
822680,5004057,20804,36,0.6,44580.42
822681,5005797,20269,36,5.8,33029.61
822682,5010937,21397,13,16.0,3252.63
822683,5001917,20023,1,,229.78
822684,5008969,20243,36,11.6,70929.65
822685,5001354,21368,15,0.2,35191.48
822686,5003351,20299,38,,57842.47
822687,5002183,20708,32,6.6,17463.86
822688,5004811,20097,33,16.4,33963.31
822689,5003729,21313,-6,10.1,-11803.91
822690,5005863,20475,39,,23337.9
822691,5002393,21028,26,1.0,33246.56
822692,5001628,20161,37,11.1,56001.32
822693,5009937,20445,35,10.8,46507.5
822694,5000480,21492,28,21.8,39087.43
822695,5009998,20944,32,0.6,41435.96
822696,5000091,21095,35,21.0,57649.7
822697,5007345,20806,35,6.6,35578.49
822698,5007078,21189,38,26.7,58100.94
822699,5011245,20393,48,20.8,68837.09
822700,5001291,20579,42,20.3,9426.61
822701,5006354,21048,18,1.3,36977.09
822702,5009927,21466,16,10.2,34463.8
822703,5002166,20575,36,,14540.51
822704,5002916,20546,38,21.8,24415.56
822705,5006681,20033,40,11.6,
822706,5008004,21492,20,6.2,33489.23
822707,5010619,21298,25,0.9,61732.36
822708,5002994,21206,28,1.8,4431.81
822709,5008487,21448,35,0.9,19771.84
822710,5003683,20111,12,6.4,7872.28
822711,5007618,21025,21,20.7,31454.69
822712,5003283,21485,39,6.7,87583.51
822713,5007352,21292,42,1.1,
822714,5008643,20257,10,11.1,5892.03
822715,5002046,20682,9,25.8,9256.24
822716,5006058,20562,-6,21.1,-1160.68
822717,5001828,20276,24,21.8,8243.66
822718,5007437,20234,40,1.6,66050.02
822719,5009243,20660,-10,11.9,-6602.3
822720,5003452,20496,24,25.3,38567.43
822721,5010713,21271,44,,50100.97
822722,5006573,21482,6,20.4,3633.87
822723,5006244,20446,8,0.1,4225.53
822724,5007019,20305,32,26.7,56855.47
822725,5006151,20525,11,20.1,606.88
822726,5010049,21434,49,15.2,77950.72
822727,5002508,21027,22,16.6,22104.02
822728,5008843,20438,31,21.0,41897.98
822729,5004869,21387,41,,61337.06
822730,5006936,20341,19,1.1,14135.15
822731,5010072,20899,1,16.4,
822732,5006112,21136,15,1.2,17109.84
822733,5003771,20697,34,16.5,47726.15
822734,5011213,21343,39,16.2,80086.91
822735,5010207,20815,49,0.8,60204.41
822736,5009749,21390,38,26.7,13930.62
822737,5004921,20732,5,0.6,6376.26
822738,5006071,21143,6,1.9,10325.57
822739,5009817,20776,6,,11198.37
822740,5004122,20669,14,10.9,9675.33
822741,5002904,20820,18,20.8,4927.3
822742,5001672,21349,9,6.1,20747.71
822743,5010694,20660,18,11.6,11924.61
822744,5001178,20183,49,0.1,78886.98
822745,5010753,20814,31,11.0,41329.82
822746,5010661,20129,21,16.9,19707.76
822747,5003520,21311,43,0.1,81701.64
822748,5001351,21291,41,0.5,50301.05
822749,5011240,21428,4,0.2,2352.92
822750,5010262,21362,28,2.0,5432.02
822751,5007972,20501,48,26.7,31069.93
822752,5003127,20341,26,,19381.96
822753,5007956,20665,34,11.3,34370.17
822754,5006526,20656,49,16.4,53340.45
822755,5003857,20036,47,6.2,3052.51
822756,5010567,20374,24,25.9,38541.48
822757,5002185,21382,17,25.8,21628.6
822758,5005607,20727,30,20.7,28201.86
822759,5001536,20746,13,16.8,11326.52
822760,5007504,20555,39,21.9,50360.3
822761,5011109,20103,2,0.1,4176.1
822762,5003699,20721,32,1.1,30019.71
822763,5011001,21354,2,6.8,
822764,5010429,20380,42,7.0,37137.47
822765,5008649,21236,14,1.5,23064.05
822766,5008707,20621,50,0.3,9960.03
822767,5008548,20460,2,26.5,549.54
822768,5002890,21497,43,25.1,46897.9
822769,5009393,20168,45,1.5,98948.03
822770,5001129,20453,50,25.3,5381.76
822771,5010605,21121,21,11.6,37247.37
822772,5005989,21299,23,25.8,32573.02
822773,5007928,20823,6,27.0,6501.19
822774,5004367,21398,24,,46503.5
822775,5007439,20970,44,0.5,52753.59
822776,5001189,20641,44,15.7,81695.13
822777,5006413,20738,33,16.6,29534.41
822778,5002500,21242,31,11.1,36029.26
822779,5010212,20728,21,,23662.27
822780,5008198,20241,24,10.5,39074.48
822781,5004507,21193,2,1.8,2612.55
822782,5003191,21086,17,0.8,15992.81
822783,5009578,20239,13,2.0,21652.78
822784,5005749,21172,32,5.0,16634.88
822785,5000750,20623,-2,11.0,-423.68
822786,5007518,20389,14,1.3,31796.88
822787,5001772,20271,23,11.1,48344.89
822788,5008396,21359,41,11.3,29171.79
822789,5010470,20727,44,20.8,41310.56
822790,5004154,21417,33,10.8,44291.76
822791,5003824,20818,28,15.1,43203.95
822792,5001227,20964,44,15.9,7226.88
822793,5009162,21079,9,0.5,19458.32
822794,5001206,20372,6,20.1,1971.01
822795,5003462,20139,9,1.6,6628.98
822796,5006969,20986,6,11.0,3029.92
822797,5010156,21058,41,15.9,47657.22
822798,5002910,20790,45,0.0,104633.1
822799,5011449,20461,3,15.2,28.62
822800,5010540,20054,3,1.9,6368.86
822801,5011598,20193,7,1.9,14927.48
822802,5005803,20140,49,0.2,116056.18
822803,5008438,20648,34,0.8,24227.5
822804,5008491,21354,-3,20.2,-649.3
822805,5002677,20564,36,10.5,53005.12
822806,5000012,20068,50,6.0,88766.55
822807,5006744,20286,47,26.9,41119.83
822808,5009734,20616,28,1.5,6199.71
822809,5006569,20435,15,15.0,15891.6
822810,5000205,20345,19,15.1,1538.09
822811,5004704,20362,28,10.1,18476.0
822812,5008439,21011,29,0.1,66684.87
822813,5009455,20911,-6,0.7,-11403.67
822814,5009716,20092,42,15.6,19833.86
822815,5002341,20579,34,1.0,9478.99
822816,5002914,21284,13,21.8,22020.88
822817,5011793,20756,26,1.4,42976.19
822818,5007313,20731,29,1.8,27258.0
822819,5011338,21341,17,0.2,30277.52
822820,5006749,21211,49,0.1,91977.46
822821,5001679,21258,12,1.3,4769.82
822822,5003674,21028,38,5.3,46480.6
822823,5004358,20575,29,1.8,13709.59
822824,5001796,21001,36,2.0,34695.41
822825,5010198,21098,49,16.8,29542.53
822826,5009725,20988,26,5.9,42748.46
822827,5010198,21394,35,16.2,1631.33
822828,5004439,20931,37,,33358.25
822829,5001032,21298,32,0.4,79416.1
822830,5005203,21054,46,1.7,61886.26
822831,5009013,20364,44,10.4,15019.36
822832,5008049,20075,42,0.8,64202.56
822833,5000402,21264,21,0.2,
822834,5009799,20649,4,26.4,5545.05
822835,5008030,21360,24,,23208.43
822836,5001456,21339,41,1.5,50232.48
822837,5003062,20054,12,10.1,23345.99
822838,5000727,21346,1,10.7,1565.36
822839,5003985,20860,42,5.3,16007.44
822840,5005626,20674,16,15.1,30460.35
822841,5006073,20688,2,6.6,4664.51
822842,5010533,20246,50,0.8,116463.78
822843,5001709,21047,28,16.3,32045.45
822844,5010568,20273,16,,24717.77
822845,5008479,20993,32,,55849.03
822846,5001256,20558,48,0.3,105856.51
822847,5006947,21260,42,0.8,96209.26
822848,5000238,21360,24,11.6,26035.85
822849,5007574,20878,26,26.3,45789.52
822850,5006025,20962,9,6.4,15300.76
822851,5002406,20666,48,16.0,12254.05
822852,5006745,20984,44,21.0,53237.72
822853,5003503,20993,37,1.7,64444.32
822854,5004476,20864,43,10.4,8028.08
822855,5011709,21379,47,26.6,
822856,5003003,21216,49,6.0,46121.72
822857,5006574,20953,1,5.7,2028.15
822858,5004144,20004,20,21.8,29210.83
822859,5011810,20988,33,1.3,56910.01
822860,5009710,20722,21,0.5,
822861,5007300,21428,28,10.4,
822862,5009299,20315,50,10.1,78345.15
822863,5009915,20532,31,0.2,41363.49
822864,5007864,20250,15,0.1,15221.61
822865,5005463,21127,17,15.8,555.67
822866,5008661,20078,8,0.2,9886.03
822867,5007806,20927,-2,0.7,-711.52
822868,5007862,21023,6,2.0,5214.27
822869,5000272,20758,21,25.6,20898.19
822870,5003891,21328,11,0.7,456.47
822871,5006857,20879,12,1.2,12988.13
822872,5002280,20565,23,1.4,21444.09
822873,5010533,20004,4,0.1,
822874,5009074,20133,16,0.1,33565.76
822875,5010012,20693,8,0.1,3553.32
822876,5001443,21080,10,1.5,16126.32
822877,5002130,20315,3,6.3,4899.4
822878,5004643,20594,46,16.7,67200.19
822879,5004853,20676,18,1.6,38173.08
822880,5001063,21474,35,0.9,12157.79
822881,5010509,20549,30,1.9,29083.9
822882,5009365,20834,47,6.5,72826.53
822883,5004322,20371,39,0.6,48721.5
822884,5000881,20317,19,16.1,38841.04
822885,5007620,20750,35,20.8,48548.53
822886,5008251,20029,9,16.5,16229.17
822887,5004990,20226,21,11.1,1144.97
822888,5001014,21428,45,10.0,23871.1
822889,5003575,20366,40,25.9,48368.92
822890,5005113,20973,4,5.9,5614.5
822891,5004586,20955,29,1.4,56521.47
822892,5007828,20843,47,6.1,60907.07
822893,5004839,21361,17,1.4,22122.82
822894,5006147,21055,26,0.8,58315.71
822895,5005801,21355,47,0.2,109979.09
822896,5007329,20254,46,6.6,4292.1
822897,5001429,21059,47,1.9,50533.73
822898,5004343,20940,49,15.4,20649.07
822899,5002935,20284,6,26.6,10547.89
822900,5007797,21447,34,26.6,43350.57
822901,5011815,21382,3,20.2,4104.87
822902,5000794,20920,12,0.4,28193.45
822903,5008184,20330,16,25.8,19563.99
822904,5004103,20306,33,,44093.24
822905,5004091,20856,4,10.5,3859.78
822906,5006320,20978,16,16.7,20062.64
822907,5010665,20582,33,6.0,38059.06
822908,5006531,20486,26,1.1,31166.65
822909,5005469,20865,35,5.2,82473.87
822910,5006380,20807,39,26.7,47611.65
822911,5003488,21308,6,,9619.56
822912,5006123,20991,44,1.3,71629.27
822913,5001486,20928,5,15.0,3339.1
822914,5008314,20935,26,16.6,10848.07
822915,5009477,20034,41,1.3,97586.58
822916,5007922,20420,16,1.9,31101.47
822917,5003705,20720,39,1.5,81406.76
822918,5008564,20403,11,21.6,13065.45
822919,5008237,20222,27,21.6,20208.45
822920,5007433,20351,36,1.8,34981.16
822921,5011788,20012,6,1.4,10462.51
822922,5011293,20711,34,16.0,13321.53
822923,5006944,20586,13,16.4,8190.34
822924,5001212,20165,21,0.7,18548.74
822925,5007019,20179,19,,14578.78
822926,5005695,20653,40,0.7,39966.26
822927,5000387,21214,1,1.5,1897.81
822928,5004352,20548,50,1.9,22066.61
822929,5005898,21492,-8,0.6,-14195.43
822930,5005053,21391,6,1.9,362.22
822931,5005773,21135,6,26.2,2974.86
822932,5010163,20788,29,0.8,65448.64
822933,5011986,21130,42,25.2,28789.31
822934,5002324,20934,27,10.9,28044.69
822935,5002361,21061,11,10.6,21471.46
822936,5010565,20291,18,15.3,16491.29
822937,5003758,21217,26,25.2,28223.52
822938,5008515,21487,11,6.2,11769.85
822939,5007376,20075,41,1.1,
822940,5003477,21178,15,26.4,11073.89
822941,5010897,20837,46,26.3,17323.92
822942,5002891,20649,17,0.9,31731.49
822943,5011583,21233,35,10.0,45955.67
822944,5010915,20922,5,0.3,9186.41
822945,5003482,21320,18,5.7,30490.23
822946,5002772,20440,40,10.5,15051.75
822947,5002975,21376,17,,12592.22
822948,5011504,20677,31,,7046.78
822949,5003876,20444,4,6.9,7286.94
822950,5007826,21200,14,,17704.46
822951,5002919,20056,16,15.3,1133.9
822952,5007426,20571,28,5.7,56954.75
822953,5001108,20375,4,1.3,6038.62
822954,5009746,20557,17,5.1,15492.68
822955,5009634,20315,1,16.8,1450.13
822956,5000946,21307,2,25.5,281.65
822957,5004035,21381,33,21.6,28532.42
822958,5010240,20313,14,5.6,32040.21
822959,5000686,20143,33,20.8,51086.73
822960,5008484,21452,4,,5213.97
822961,5000202,20496,15,5.1,30622.9
822962,5010195,20407,40,20.1,11504.0
822963,5010188,20081,48,5.3,57615.93
822964,5001943,21467,44,,21598.53
822965,5010698,20395,49,20.2,78998.94
822966,5002360,20285,49,26.1,16613.97
822967,5002233,20209,-8,11.4,-14325.91
822968,5006259,20850,16,1.7,27635.2
822969,5009812,21376,14,16.1,10296.43
822970,5001379,20690,28,0.1,63922.17
822971,5011716,20585,24,5.9,50996.7
822972,5010469,20926,28,5.7,15823.92
822973,5000547,20697,39,0.6,65169.13
822974,5011530,20911,13,,19831.06
822975,5005470,21342,19,10.1,23006.57
822976,5008878,20263,5,,7093.55
822977,5008844,20849,9,20.2,8945.32
822978,5010658,21319,46,20.7,52525.04
822979,5007436,20959,41,1.1,16191.62
822980,5000705,20434,46,20.3,46726.45
822981,5004860,20023,30,1.2,
822982,5002698,20447,4,10.3,4275.57
822983,5004976,20025,1,20.7,369.51
822984,5009332,20630,30,27.0,26363.88
822985,5002800,20798,38,1.1,88415.41
822986,5009557,21293,33,1.7,57635.34
822987,5009267,20795,42,1.2,24419.57
822988,5000555,20718,38,25.3,758.19
822989,5008491,20904,-6,0.2,-6274.29
822990,5009120,20604,19,16.3,28247.23
822991,5005871,21233,-7,0.5,-10161.31
822992,5006699,20872,34,1.0,8213.71
822993,5007866,20517,38,25.7,1646.89
822994,5003030,21397,15,22.0,3484.96
822995,5004425,20113,50,1.4,33403.21
822996,5007998,21247,47,1.4,
822997,5006494,21275,24,6.7,23777.17
822998,5005028,21330,37,16.3,11338.37
822999,5002679,21238,24,,21734.86
823000,5010696,20881,29,0.3,61627.48
823001,5004316,20052,2,10.0,3121.56
823002,5000457,20977,35,0.5,62426.25
823003,5001192,21477,45,0.9,76709.2
823004,5009441,21316,4,0.8,8975.7
823005,5000075,20223,18,26.9,26413.9
823006,5004166,20383,19,10.6,1897.0
823007,5007553,20829,36,1.5,74224.52
823008,5011281,20566,30,,27702.9
823009,5004081,21016,13,15.0,22807.53
823010,5009419,20554,16,,26836.08
823011,5009112,21449,34,15.5,3099.97
823012,5005615,21444,38,5.7,29075.35
823013,5005066,20117,17,10.2,36165.15
823014,5000201,20817,24,1.8,32306.07
823015,5005815,20906,19,20.9,137.67
823016,5006755,20775,32,26.4,56153.86
823017,5010858,20309,21,0.2,41817.92
823018,5011910,21339,42,1.0,51718.87
823019,5003088,20186,32,0.1,29820.07
823020,5000186,20317,7,6.6,15930.16
823021,5007129,20940,30,6.4,
823022,5006947,21403,30,11.2,24357.22
823023,5005833,20599,11,10.1,14419.05
823024,5004163,20640,48,,9121.77
823025,5003330,20967,29,,71758.25
823026,5002622,20724,14,1.7,29400.86
823027,5003297,20615,38,16.5,43432.02
823028,5003871,21389,38,11.2,39704.54
823029,5003571,20765,34,0.9,1075.85
823030,5000652,20826,6,20.9,5809.44
823031,5002591,20480,18,0.9,22651.41
823032,5006756,20960,28,21.5,33981.3
823033,5004259,21125,13,20.1,5988.62
823034,5008409,20627,16,0.2,562.55
823035,5001331,20545,-10,26.3,-8592.09
823036,5010866,20347,11,0.8,1497.24
823037,5010661,20546,11,20.3,7203.23
823038,5007621,21239,20,25.1,31709.96
823039,5005531,21258,28,1.0,11163.4
823040,5010844,20252,2,16.7,2754.65
823041,5008992,20449,29,0.9,49081.33
823042,5001122,20435,22,25.1,20538.18
823043,5007357,20273,46,16.0,63301.59
823044,5010637,20502,10,26.9,9171.27
823045,5005567,20023,6,1.3,1456.93
823046,5005214,21309,30,1.1,58337.45
823047,5005218,20892,43,6.2,83360.29
823048,5005698,21135,14,5.3,8907.12
823049,5002188,20858,24,16.3,40763.37
823050,5009532,20945,45,11.8,21754.88
823051,5004953,20926,50,1.8,29425.63
823052,5000924,20888,41,1.5,73705.45
823053,5007271,21054,37,5.4,47904.44
823054,5009199,20531,16,1.0,21545.41
823055,5005936,20493,30,0.8,36879.19
823056,5009864,21195,46,26.2,39098.25
823057,5002895,21179,36,15.7,57057.88
823058,5011416,20548,33,15.1,12604.29
823059,5001785,20862,50,16.3,11555.2
823060,5009820,20303,32,0.7,18268.98
823061,5010691,20795,16,6.7,8784.83
823062,5008700,20639,1,11.5,1376.49
823063,5008170,21131,24,10.6,12051.84
823064,5001034,21358,11,0.6,2506.07
823065,5007445,20656,30,11.9,34415.3
823066,5010355,20154,20,0.5,14210.59
823067,5009376,20893,44,1.8,103445.57
823068,5010393,20968,28,,10686.56
823069,5011287,21417,34,11.3,45378.14
823070,5010492,20679,48,20.4,9500.8
823071,5007682,20607,20,0.9,2674.71
823072,5002343,21095,28,10.5,52249.6
823073,5009197,21349,8,0.8,19483.36
823074,5006514,20104,11,15.9,
823075,5009295,20440,26,16.5,9127.75
823076,5002417,21298,31,26.7,56619.35
823077,5006227,20290,16,5.3,6839.01
823078,5009097,20302,27,5.6,33412.47
823079,5004666,20309,47,1.3,92560.9
823080,5005410,20701,21,5.2,2375.42
823081,5005033,21233,49,,66839.96
823082,5005627,20069,49,0.2,121728.81
823083,5000778,21276,-2,20.2,-3618.05
823084,5004694,21366,21,0.0,47484.78
823085,5003447,21087,42,1.1,99552.05
823086,5009285,21362,38,10.9,64825.2
823087,5008135,21324,37,26.7,14239.34
823088,5010257,20003,31,16.2,13607.28
823089,5006647,21481,11,1.1,11487.68
823090,5003814,21074,37,10.4,10987.24
823091,5006024,20790,25,0.1,58071.37
823092,5011950,21025,32,16.0,50771.75
823093,5011316,21132,7,0.8,2507.76
823094,5010537,20943,26,10.3,8814.78
823095,5006846,21079,4,26.3,6405.71
823096,5001693,20110,47,0.6,71760.72
823097,5004135,20928,15,0.6,11714.34
823098,5002144,20025,50,20.1,18615.5
823099,5002927,21053,10,21.0,12906.78
823100,5011587,20242,33,6.7,42485.13
823101,5002399,20121,6,6.1,5269.09
823102,5011627,20404,34,0.3,23057.42
823103,5002341,20623,24,16.4,4775.63
823104,5006970,21377,4,11.9,1626.47
823105,5006138,20033,42,26.9,25733.5
823106,5007673,20168,29,5.6,61112.27
823107,5011971,21091,8,10.6,14062.19
823108,5008953,21288,24,11.6,5348.34
823109,5004783,21172,4,5.7,2064.04
823110,5009455,20141,28,21.5,23289.79
823111,5010152,21377,5,5.4,2183.08
823112,5004132,20653,48,21.6,37865.32
823113,5007134,21475,35,,8981.91
823114,5010461,20387,32,0.6,
823115,5007579,20444,28,15.7,46187.13
823116,5009014,21460,13,5.7,9316.96
823117,5011386,20608,2,1.7,573.74
823118,5011441,20352,21,0.4,40626.82
823119,5006758,20618,36,21.3,58943.88
823120,5000513,21421,14,20.1,15276.72
823121,5003873,20444,41,16.0,
823122,5000104,20402,39,11.4,83762.01
823123,5008649,20601,25,11.3,26130.8
823124,5008555,20488,29,5.1,9439.15
823125,5007138,21010,49,15.6,51512.21
823126,5001670,21051,46,10.7,72247.16
823127,5005382,20652,46,16.8,63191.66
823128,5010643,21350,28,10.3,4057.99
823129,5000269,20294,6,15.5,10635.59
823130,5003700,21123,16,5.9,30166.35
823131,5004169,21216,13,1.2,12861.21
823132,5004948,20709,13,20.7,8766.36
823133,5009748,20038,29,1.8,32002.72
823134,5001744,21222,35,15.9,18076.92
823135,5000958,20244,29,6.8,33958.25
823136,5011337,21169,27,,6286.95
823137,5002102,21484,22,6.0,35613.03
823138,5007872,21102,50,1.5,63965.9
823139,5009889,20832,8,20.7,15325.58
823140,5003480,20040,48,0.7,78392.5
823141,5011730,20540,9,,3685.17
823142,5011277,21007,47,0.6,35641.16
823143,5003243,20823,9,0.3,13318.53
823144,5000726,20858,41,1.3,82117.26
823145,5004480,20386,49,1.1,97843.73
823146,5000046,20224,3,0.4,1255.41
823147,5003623,21421,13,0.5,17665.33
823148,5008500,20610,46,16.8,
823149,5008912,21339,32,27.0,29056.1
823150,5004975,21342,6,1.8,7935.99
823151,5002600,21220,17,0.1,21726.69
823152,5006216,20519,19,0.9,39454.47
823153,5011769,20083,34,,20996.9
823154,5010351,20554,-1,5.6,-1600.94
823155,5000196,20455,48,1.3,82421.92
823156,5006265,20656,46,0.1,59838.08
823157,5000544,21322,46,0.2,33609.71
823158,5009002,20683,30,16.4,25532.69
823159,5011322,21379,8,26.6,7848.63
823160,5002252,20977,11,1.5,19422.5
823161,5008625,20363,4,25.9,4639.34
823162,5002236,21339,46,16.3,47890.33
823163,5010541,21145,17,0.2,
823164,5008430,21306,24,10.4,20980.38
823165,5001070,20275,49,21.0,93224.91
823166,5010933,20223,13,16.7,21738.57
823167,5002683,20938,50,16.5,28226.34
823168,5005823,20585,29,21.4,51470.9
823169,5001853,20122,10,1.0,16074.14
823170,5005159,20569,38,0.9,61365.22
823171,5003044,20278,19,20.7,36208.56
823172,5006427,21049,30,16.7,27447.02
823173,5011792,20901,39,0.5,14402.48
823174,5001753,20398,19,11.8,28743.66
823175,5005582,20881,49,,102562.55
823176,5006280,20675,12,5.2,23600.31
823177,5009249,20944,40,1.5,51325.99
823178,5002433,21484,35,10.0,54246.15
823179,5001912,20681,15,16.4,1924.39
823180,5010284,21074,44,26.3,10747.29
823181,5001768,20057,3,5.3,3630.77
823182,5007573,20058,7,21.5,7510.51
823183,5002105,21418,11,26.0,158.24
823184,5002226,21243,28,1.9,60548.81
823185,5007037,21224,33,11.9,
823186,5011326,20284,18,0.7,42809.48
823187,5007536,20487,43,21.6,60685.31
823188,5002316,20969,50,,95144.78
823189,5011402,20863,20,10.7,2357.52
823190,5009907,21201,48,1.5,85318.65
823191,5004881,20857,13,6.9,4729.37
823192,5005040,20760,16,1.9,25164.61
823193,5002123,20813,45,17.0,13575.23
823194,5004745,20230,9,21.3,2780.08
823195,5006210,20882,22,1.6,
823196,5002682,20991,31,25.1,38296.95
823197,5004968,20759,25,5.1,10592.98
823198,5009637,21175,3,15.3,1949.15
823199,5010262,20859,3,1.6,48.74
823200,5002586,21193,50,6.5,62187.78
823201,5006261,20629,24,15.1,6407.64
823202,5007316,20318,33,11.3,53824.69
823203,5008952,21225,21,21.4,29504.14
823204,5005756,21134,33,1.0,20633.07
823205,5010342,21019,7,20.9,6555.81
823206,5003525,20900,-1,20.7,-1849.55
823207,5008453,21083,27,5.5,4601.38
823208,5007354,20668,35,1.0,3837.49
823209,5004855,20748,33,21.3,13137.43
823210,5000933,21075,14,25.2,14959.88
823211,5006856,20087,37,21.1,38260.05
823212,5004669,20765,13,15.7,349.92
823213,5011736,20224,22,15.1,7847.56
823214,5005705,20558,43,25.9,70480.32
823215,5009134,21091,31,1.9,59793.8
823216,5009437,20548,6,10.7,2410.46
823217,5007264,20619,47,10.3,79752.6
823218,5011363,20906,47,15.7,362.93
823219,5002280,20236,18,26.4,22242.07
823220,5008547,20848,24,15.0,28280.32
823221,5009230,20557,24,,22632.59
823222,5007299,20336,11,15.8,17747.66
823223,5011857,20107,-2,0.3,-4499.34
823224,5006923,21321,15,26.2,22508.41
823225,5006129,20426,39,5.6,
823226,5006622,20700,6,16.9,
823227,5002994,21286,3,,2982.49
823228,5006107,20873,7,10.9,9433.96
823229,5010699,20685,38,1.7,89756.43
823230,5004816,20835,19,1.3,10157.94
823231,5004538,20151,21,6.6,42919.35
823232,5006659,20186,11,10.7,9162.99
823233,5004255,20092,29,21.3,12769.92
823234,5005707,20699,35,6.7,50187.8
823235,5008455,20341,30,25.3,16857.47
823236,5008277,20851,15,1.5,35632.72
823237,5004799,21236,37,5.1,58727.19
823238,5009660,20779,29,15.2,55790.39
823239,5002374,20937,28,10.7,
823240,5007978,20254,25,6.1,2345.15
823241,5002982,20468,12,1.8,10010.86
823242,5007639,20806,36,26.9,28641.28
823243,5005249,21398,19,0.6,46088.64
823244,5000892,21290,-6,16.8,-11227.36
823245,5009914,21404,23,15.8,43858.76
823246,5009996,20480,37,15.5,
823247,5009400,20353,15,0.5,7131.76
823248,5007837,21005,15,,22265.01
823249,5005590,20985,9,1.4,12826.12
823250,5010065,20710,31,26.1,33974.73
823251,5003756,20968,12,1.4,5723.49
823252,5002095,21033,19,0.7,
823253,5003432,21413,25,21.2,228.52
823254,5009390,21367,28,0.2,10940.36
823255,5004250,21277,9,0.3,9847.78
823256,5001320,20748,9,1.8,4470.7
823257,5011065,20921,2,,3582.36
823258,5000434,20101,46,1.9,12000.36
823259,5009011,20027,16,5.3,226.98
823260,5006048,20684,9,6.2,16508.33
823261,5007015,21284,26,,47139.32
823262,5005825,21414,3,26.2,4525.95
823263,5001059,21424,14,6.0,12048.51
823264,5004555,21487,48,20.0,83625.6
823265,5003763,21296,30,11.8,827.14
823266,5006625,20617,7,15.2,4438.76
823267,5002220,21161,33,,65552.08
823268,5004794,20706,1,0.4,940.95
823269,5008220,20143,20,6.2,36669.23
823270,5007128,20860,15,21.2,4757.08
823271,5011849,20900,15,16.7,29142.59
823272,5006772,20271,26,0.4,61228.5
823273,5007926,21246,49,16.1,25935.7
823274,5004994,20725,14,6.8,31589.47
823275,5002090,20259,16,1.2,18822.9
823276,5008938,20287,14,0.5,24324.71
823277,5006439,21262,25,0.5,33046.69
823278,5011985,20538,14,10.1,23835.62
823279,5011737,21112,16,20.2,13877.92
823280,5006171,21149,19,1.5,40925.77
823281,5002870,21304,13,10.3,4647.61
823282,5005407,20653,32,0.4,32069.61
823283,5002168,20468,39,25.1,24815.62
823284,5003689,20388,3,10.7,1242.33
823285,5004341,20283,15,1.6,5781.2
823286,5008270,20120,2,11.3,100.66
823287,5002190,21485,40,1.5,94835.8
823288,5008731,21305,6,,11999.43
823289,5009763,21236,30,20.9,39688.9
823290,5000663,20140,44,25.6,77690.38
823291,5000657,20774,27,5.0,39012.11
823292,5008036,20398,1,0.1,1713.5
823293,5004381,20404,17,1.6,11378.39
823294,5000655,20600,41,,65460.58
823295,5005984,20657,8,0.9,568.2
823296,5004613,21215,9,25.2,14459.8
823297,5008534,20114,43,1.3,56213.95
823298,5006302,20088,28,1.1,34615.83
823299,5005604,21228,22,0.6,49916.12
823300,5004276,20317,19,11.1,41155.77
823301,5004785,20487,25,1.4,44372.71
823302,5008175,20171,11,1.1,148.61
823303,5006929,20599,36,21.2,41363.1
823304,5006638,20627,36,25.8,941.06
823305,5003680,20263,1,20.8,1185.25
823306,5001238,20646,25,16.0,40013.19
823307,5010333,20031,24,1.6,16326.92
823308,5000816,20504,31,5.1,70479.69
823309,5007028,20703,29,5.4,1965.1
823310,5010942,20145,1,0.7,1626.2
823311,5009394,20375,23,6.9,32752.04
823312,5008009,20248,37,,9595.59
823313,5007725,21148,9,1.3,3747.83
823314,5001784,21032,12,0.2,12958.27
823315,5006048,20496,6,1.7,12688.01
823316,5010905,20240,23,21.8,
823317,5005367,21370,14,1.9,21901.88
823318,5010827,21083,4,5.8,679.52
823319,5011091,20888,39,1.3,70252.42
823320,5000254,20877,32,26.1,55063.66
823321,5010116,21388,19,1.4,42171.92
823322,5004533,21427,41,26.1,36945.99
823323,5004839,20157,4,1.6,4174.8
823324,5001471,21436,47,6.1,27272.87
823325,5009865,21303,24,25.7,38340.58
823326,5011354,20253,20,6.4,10697.54
823327,5005746,20155,17,0.3,28726.52
823328,5008685,20115,48,1.9,96110.38
823329,5007231,20531,8,0.8,10794.47
823330,5007013,20554,9,,15171.61
823331,5008799,21002,11,1.5,17259.83
823332,5003352,21029,34,10.5,47815.88
823333,5011271,20931,13,20.5,9488.56
823334,5003463,21084,41,5.0,87391.73
823335,5000716,21135,42,10.6,25225.87
823336,5006033,20033,37,11.5,27445.88
823337,5002501,20194,11,1.7,17398.23
823338,5004870,20328,14,,26759.36
823339,5003421,21435,49,1.3,54399.19
823340,5005525,21278,1,20.6,1813.0
823341,5001217,20329,3,,4787.75
823342,5004953,20862,7,10.9,1722.1
823343,5002750,20961,22,1.0,34562.46
823344,5005537,20162,47,5.5,64774.39
823345,5004369,20670,46,0.1,58035.31
823346,5011953,20735,35,16.7,20584.89
823347,5000789,20187,20,1.9,39242.94
823348,5002785,20060,50,26.6,15289.95
823349,5005059,21442,40,26.2,70563.13
823350,5002214,20787,38,15.0,9482.96
823351,5009114,20984,13,5.9,18735.82
823352,5007142,20871,22,20.1,12336.94
823353,5010330,20145,8,0.7,13009.57
823354,5000119,20675,18,0.4,37192.89
823355,5000518,21397,24,20.8,5661.72
823356,5001356,21122,15,5.6,
823357,5007572,21303,31,0.3,66453.14
823358,5009922,21085,28,1.5,42151.89
823359,5001737,20154,14,25.5,7448.06
823360,5011296,20756,24,6.6,37578.18
823361,5009274,20828,28,1.2,56228.19
823362,5003432,21416,12,0.7,20945.47
823363,5009667,20153,34,25.3,37739.4
823364,5001044,20597,10,,3242.95
823365,5004476,20820,22,6.3,7124.82
823366,5011896,20050,44,11.2,59743.04
823367,5000541,20841,45,20.6,15756.22
823368,5009544,20108,46,1.3,106958.94
823369,5009172,21003,1,1.3,2103.99
823370,5002251,20530,33,16.1,36684.44
823371,5000833,20652,22,15.8,30585.35
823372,5003395,20932,23,25.6,26562.79
823373,5001292,20135,25,1.9,28900.75
823374,5008355,20291,22,1.0,23558.99
823375,5003661,20084,45,26.1,37728.46
823376,5010564,20637,42,21.2,38860.0
823377,5007863,20615,14,10.4,17170.23
823378,5004951,20768,24,15.0,8975.59
823379,5004163,21247,38,,24928.47
823380,5004684,20854,47,21.2,76467.12
823381,5004243,21473,1,16.0,1064.17
823382,5005439,21282,25,6.6,55534.94
823383,5000550,21318,48,1.2,66515.01
823384,5006908,20391,17,,23697.89
823385,5009453,21343,39,10.5,85534.35
823386,5010457,20914,33,1.7,40733.0
823387,5002154,20076,26,16.4,52344.64
823388,5009902,20658,5,11.4,9321.96
823389,5001706,21425,41,15.8,
823390,5001510,21125,49,25.6,21018.71
823391,5010191,20017,39,0.3,39442.53
823392,5001386,21094,-9,6.3,-3529.97
823393,5008220,20463,35,11.1,25978.85
823394,5009672,21303,38,1.7,80314.84
823395,5000116,20419,16,1.2,23899.96
823396,5000025,20947,34,26.0,51527.43
823397,5008853,21231,23,0.6,20760.75
823398,5003876,20059,16,6.1,9893.45
823399,5005188,21064,18,0.6,31908.77
823400,5008148,20244,50,10.8,56035.89
823401,5004305,20875,18,21.1,25761.43
823402,5008897,20361,2,25.4,744.19
823403,5006372,21419,48,1.9,25601.27
823404,5010602,20360,33,,19103.06
823405,5006259,21088,35,20.5,55536.47
823406,5002795,21373,40,16.6,39968.28
823407,5002930,21412,6,15.8,7740.62
823408,5001941,20458,4,1.7,1760.55
823409,5005664,20080,19,1.1,30332.81
823410,5000709,21004,6,25.6,10738.96
823411,5008017,20767,37,16.4,74164.73
823412,5006679,20091,-5,1.6,-5125.71
823413,5010791,20528,19,1.5,14102.13
823414,5009167,21351,6,1.3,9427.41
823415,5000229,20495,43,11.9,43962.09
823416,5006803,21227,14,1.5,26136.74
823417,5004366,20517,20,15.2,989.28
823418,5008169,20767,-9,1.1,-21341.66
823419,5003103,21187,34,26.9,11719.9
823420,5005763,21168,34,15.8,
823421,5008021,20559,38,,56902.81
823422,5011968,21156,-1,0.7,-2287.94
823423,5008863,20541,19,0.9,7589.41
823424,5005691,20643,45,1.9,85010.03
823425,5003700,21496,17,1.4,23917.87
823426,5001421,21098,31,21.6,17611.89
823427,5008084,20246,49,6.2,107921.53
823428,5010571,21229,24,10.4,40465.15
823429,5000078,20660,48,10.3,32266.6
823430,5000654,21445,28,1.6,63852.31
823431,5003059,20763,26,26.8,2130.44
823432,5009526,20951,-2,0.0,-502.12
823433,5010146,20790,30,16.7,58106.25
823434,5000754,20084,34,25.9,28583.1
823435,5006500,21164,44,11.6,26677.21
823436,5008055,21349,4,1.9,9633.66
823437,5002515,20849,39,1.0,48089.53
823438,5009167,20247,22,1.3,28134.4
823439,5011355,21082,35,20.6,24333.48
823440,5001971,21335,6,1.8,11836.79
823441,5001245,20516,48,11.7,37923.93
823442,5001286,21127,42,25.3,1217.94
823443,5003129,20686,19,1.7,27930.89
823444,5009485,20432,50,21.3,7131.01
823445,5009965,21331,11,25.8,12523.12
823446,5005723,20768,7,20.8,2439.25
823447,5002284,20213,17,21.0,1831.85
823448,5005141,20107,1,25.3,1685.56
823449,5006070,21314,15,7.0,26457.99
823450,5000826,21074,25,0.9,8210.93
823451,5010849,20743,25,1.8,5767.29
823452,5004441,21144,21,0.5,
823453,5002698,20790,11,1.2,25270.06
823454,5010509,20410,27,6.6,40294.58
823455,5007409,21296,27,22.0,658.34
823456,5003753,20952,14,15.0,23117.54
823457,5000025,20998,49,15.0,5195.42
823458,5004291,20684,14,10.3,24557.17
823459,5009863,20926,1,16.7,499.22
823460,5009344,20479,18,0.6,15582.86
823461,5001152,20007,14,21.3,
823462,5002964,21418,41,,669.51
823463,5002318,20505,13,11.1,27509.82
823464,5008252,20833,17,5.2,17943.72
823465,5005118,21218,39,25.1,72948.05
823466,5006460,20942,40,5.5,58289.49
823467,5002136,20894,37,1.6,69162.82
823468,5002893,20327,7,5.1,1320.03
823469,5000243,20878,1,6.4,2236.67
823470,5001532,20184,39,6.8,77454.68
823471,5008029,21055,32,11.2,64248.58
823472,5006213,20131,13,2.0,13752.19
823473,5009978,20999,23,5.0,
823474,5007238,20502,2,21.3,1974.77
823475,5005463,20155,16,0.0,27118.08
823476,5005825,20589,12,0.4,20780.11
823477,5010842,20647,4,1.5,8359.85
823478,5007105,20972,46,26.1,8805.47
823479,5005938,20884,31,0.9,6449.87
823480,5011282,20229,1,0.4,266.06
823481,5011066,20241,3,20.6,4333.12
823482,5011437,21218,49,15.0,
823483,5002557,20807,6,21.5,7844.5
823484,5011872,20656,46,20.4,47678.79
823485,5001527,21232,28,15.9,9131.68
823486,5008933,20308,47,1.3,19868.87
823487,5006109,20619,50,20.3,75384.64
823488,5008616,20005,36,0.3,28907.06
823489,5011559,20319,14,0.7,
823490,5005082,20107,41,2.0,90663.76
823491,5010716,20986,30,11.6,15047.45
823492,5001180,21030,11,1.5,14091.13
823493,5011669,21454,4,10.2,2941.81
823494,5003698,21213,38,6.9,67842.62
823495,5007079,20718,21,0.9,555.86
823496,5009679,21113,10,1.0,15625.17
823497,5011209,20912,23,20.9,20213.33
823498,5009811,20630,37,6.7,41557.42
823499,5004203,20664,33,16.4,10002.86
823500,5007063,20634,14,16.1,14327.42
823501,5009669,20309,11,1.9,21531.5
823502,5011121,20601,12,0.9,14013.41
823503,5007648,20402,37,0.3,89422.26
823504,5010512,20858,37,1.8,73730.41
823505,5011526,21121,11,16.6,18406.99
823506,5001257,20658,21,,43880.55
823507,5009125,20735,13,1.7,9022.61
823508,5007605,20465,12,5.8,8461.95
823509,5001674,20947,16,20.5,26050.43
823510,5001335,20516,4,0.3,3568.34
823511,5005578,20918,41,1.2,10854.12
823512,5008115,21122,1,6.7,
823513,5008329,20637,36,5.9,39775.84
823514,5007625,21090,21,26.7,13945.75
823515,5008472,20483,19,20.5,34927.29
823516,5003484,21233,45,0.3,65454.0
823517,5010994,20218,6,15.6,10002.36
823518,5005723,20078,1,25.7,920.0
823519,5002976,20584,11,11.1,20575.02
823520,5010835,21130,43,10.4,31726.27
823521,5002569,20562,8,2.0,1922.21
823522,5004961,21285,48,20.0,71248.51
823523,5002696,21087,30,5.8,67729.33
823524,5007085,21378,40,11.5,25521.28
823525,5010519,21192,42,5.9,36886.67
823526,5011677,21278,38,11.8,76529.76
823527,5000935,20663,16,,17188.3
823528,5006928,20913,45,,41762.36
823529,5005241,21377,44,1.7,19962.53
823530,5002889,21135,31,25.6,15495.09
823531,5006509,20485,29,0.2,16525.88
823532,5000144,20183,13,15.8,17640.03
823533,5011427,20629,1,6.0,295.6
823534,5011597,21335,45,,75486.67
823535,5009292,20837,8,1.3,4034.86
823536,5008713,21132,11,10.1,3571.31
823537,5002278,21154,3,11.7,1419.92
823538,5002358,20828,39,11.5,70153.12
823539,5009259,20139,17,5.2,12063.31
823540,5002156,20161,35,,50352.32
823541,5001531,20907,30,6.6,59463.48
823542,5001373,20380,6,0.5,3222.49
823543,5006848,20983,47,5.9,52001.66
823544,5006397,21485,25,15.2,51028.4
823545,5010607,20085,41,1.1,71137.14
823546,5010199,20127,33,6.3,55706.96
823547,5007933,20007,34,25.2,17344.12
823548,5002928,20008,35,0.7,17102.59
823549,5000374,20574,22,10.2,13212.81
823550,5011946,20242,10,15.7,11632.39
823551,5004906,20417,6,15.2,12052.1
823552,5004518,20784,13,25.7,12315.22
823553,5005104,20396,12,10.7,19762.45
823554,5007067,20864,29,,5649.95
823555,5006912,21381,1,11.5,214.29
823556,5004904,20677,30,20.0,5505.12
823557,5002931,21059,25,1.6,26961.85
823558,5008844,20827,23,1.9,21685.98
823559,5000506,20556,32,16.4,17539.68
823560,5003735,20520,32,0.6,
823561,5005400,21188,29,0.4,22503.81
823562,5000423,20125,49,0.8,12738.7
823563,5009637,20304,18,0.8,38411.83
823564,5007214,20153,31,0.2,45971.39
823565,5009960,20564,23,6.4,35415.71
823566,5001040,20353,1,11.6,422.41
823567,5011004,20742,23,,11601.63
823568,5005338,20327,24,5.4,12911.76
823569,5003331,21295,39,0.5,9758.68
823570,5011478,21451,17,0.7,2899.65
823571,5004804,21117,-6,0.9,
823572,5011816,21279,34,1.5,34795.78
823573,5002410,21414,34,1.4,68531.1
823574,5009885,20849,20,0.1,24885.49
823575,5011112,20698,-10,10.9,-19058.4
823576,5000612,20835,25,26.5,9953.19
823577,5008264,20778,10,1.8,1982.46
823578,5007503,20964,5,11.5,864.2
823579,5008905,21027,35,1.8,41405.88
823580,5007720,20873,45,0.6,67657.7
823581,5008289,20035,38,1.9,35093.14
823582,5006331,20056,30,16.9,2085.89
823583,5003896,20378,11,1.0,4550.71
823584,5002748,20661,19,0.1,27650.76
823585,5000965,20790,49,21.7,89210.18
823586,5005516,20298,5,,6276.21
823587,5011325,20489,7,26.1,7480.93
823588,5000116,20076,-5,,-12016.92
823589,5002904,20778,31,10.7,5588.64
823590,5007881,20711,1,0.4,464.57
823591,5007825,20041,32,1.2,
823592,5001179,21135,43,5.9,27184.26
823593,5003749,21362,36,,4650.53
823594,5009381,20263,38,16.8,47314.29
823595,5005563,21395,-9,16.0,-5823.39
823596,5009800,20591,46,0.0,91172.92
823597,5005948,21422,18,17.0,34493.02
823598,5009814,20273,38,0.8,61755.1
823599,5007003,20208,6,0.6,7168.49
823600,5008140,21014,30,6.0,
823601,5001340,20615,50,0.7,67960.92
823602,5006471,21320,49,1.2,86961.99
823603,5008699,21483,12,0.0,15011.88
823604,5008674,20777,12,10.1,11448.12
823605,5011262,20983,11,0.1,12920.76
823606,5004301,20800,25,0.5,22943.21
823607,5002748,20244,13,1.1,16153.66
823608,5001137,20544,31,25.2,
823609,5008944,20616,-7,,-1567.24
823610,5002141,20351,38,20.1,30043.5
823611,5011151,20676,49,6.5,98740.95
823612,5007830,20071,-9,,-6154.26
823613,5009968,21300,13,,7327.66
823614,5006531,20343,24,1.9,
823615,5010246,20719,17,26.3,1399.11
823616,5001231,21040,31,21.6,42411.21
823617,5008228,20716,16,16.7,3517.39
823618,5011715,20120,11,26.9,456.25
823619,5006560,20350,47,21.8,7884.84
823620,5001613,21402,50,26.8,
823621,5007861,20463,26,17.0,18017.79
823622,5007346,20894,28,1.4,52445.81
823623,5002855,20468,2,0.7,1687.17
823624,5007049,20989,31,26.6,36246.89
823625,5007112,20470,45,,95737.77
823626,5006789,20383,7,5.3,740.33
823627,5000290,20302,1,11.7,1157.53
823628,5009565,21336,37,6.1,83220.26
823629,5001641,20597,44,20.0,11518.85
823630,5008949,20404,33,16.8,18675.57
823631,5007349,20715,32,2.0,47046.59
823632,5005055,21146,13,5.8,
823633,5003540,21432,15,1.9,29208.69
823634,5010215,21403,10,5.7,8621.94
823635,5008021,20530,39,25.5,38497.0
823636,5003459,20418,4,0.8,4500.9
823637,5011383,20501,26,0.8,22776.14
823638,5011378,20466,29,1.2,52686.44
823639,5011174,21308,27,1.4,50273.25
823640,5004955,20247,16,10.0,18657.79
823641,5002477,21210,33,1.8,54665.68
823642,5009025,21319,9,5.5,12246.43
823643,5009414,20148,-4,0.9,-2983.31
823644,5009199,20536,12,21.9,16638.3
823645,5011815,20738,20,1.5,21140.46
823646,5003774,20448,6,2.0,3869.28
823647,5009754,21025,38,0.6,71344.89
823648,5004303,21322,21,1.1,15205.19
823649,5011428,20409,11,1.3,12683.8
823650,5007496,21048,6,16.9,10377.56
823651,5007678,20972,45,26.3,8590.73
823652,5008770,21020,13,0.4,29788.69
823653,5000138,21154,21,25.4,
823654,5010417,20947,22,26.8,32980.83
823655,5004957,20453,35,10.9,4493.45
823656,5010897,20100,6,1.0,10409.32
823657,5007237,20432,8,21.6,1136.61
823658,5008238,20819,34,26.8,
823659,5005583,20475,37,0.8,22412.2
823660,5011795,20342,20,0.1,25557.62
823661,5006627,21262,29,16.8,32054.29
823662,5002101,20157,45,1.6,46966.47
823663,5011883,20766,45,15.0,6509.77
823664,5007057,21446,5,11.9,3729.8
823665,5003940,20207,3,2.0,
823666,5010763,20419,35,26.8,38734.62
823667,5005817,20613,20,11.5,20111.27
823668,5001597,20835,50,,21423.05
823669,5000787,20771,14,1.0,5278.86
823670,5001544,21140,15,6.9,11274.22
823671,5004979,21113,12,21.9,14791.83
823672,5008438,21275,31,15.7,27749.59
823673,5008788,20420,37,0.8,72728.61
823674,5010574,20443,28,10.9,46255.84
823675,5005882,21292,47,0.2,87173.86
823676,5006503,20083,3,20.7,1848.01
823677,5004362,21435,44,21.9,38652.97
823678,5005046,21315,41,0.1,89030.94
823679,5006398,20140,29,25.8,51067.38
823680,5005117,20548,41,26.5,13557.13
823681,5003738,20431,49,26.7,34578.01
823682,5002268,20948,47,0.4,49890.83
823683,5002717,20044,41,10.2,31625.93
823684,5000886,20584,37,20.1,62200.55
823685,5004625,21474,46,0.0,16123.92
823686,5001881,21133,49,,12804.16
823687,5008620,21380,34,,503.14
823688,5006975,20788,27,5.4,58109.33
823689,5008915,20162,12,,14700.57
823690,5005084,20148,42,20.7,25066.1
823691,5002044,20896,46,26.4,77211.66
823692,5003877,21406,11,,405.27
823693,5002550,21411,1,1.6,2140.85
823694,5003287,20679,1,,244.93
823695,5001514,20230,2,25.4,585.61
823696,5007918,20477,27,5.0,44486.59
823697,5011090,20052,17,1.9,28921.25
823698,5011339,20147,12,5.2,9623.98
823699,5004710,20191,20,15.7,21896.25
823700,5004158,21038,48,,67391.81
823701,5002949,20224,29,,9625.64
823702,5009906,20299,20,0.8,32403.28
823703,5011907,21273,45,0.2,17209.96
823704,5002038,20737,17,21.3,19644.92
823705,5004944,20898,40,11.3,32021.05
823706,5003044,20113,37,11.3,22236.51
823707,5002262,20492,18,5.5,42154.18
823708,5004829,20871,23,26.2,11913.03
823709,5001015,21420,17,16.5,20211.69
823710,5002398,21021,39,,21918.6
823711,5010621,21276,8,6.9,4837.7
823712,5008160,20251,27,21.5,8810.34
823713,5010149,20935,37,1.2,18288.24
823714,5010752,20248,17,0.7,4386.7
823715,5005549,20471,14,21.3,22611.25
823716,5005323,20788,23,1.5,51541.26
823717,5001994,20319,16,0.4,6345.87
823718,5009000,21107,25,0.2,27747.39
823719,5007649,20016,15,25.0,15900.53
823720,5010188,20873,23,21.5,27309.63
823721,5007730,21466,25,27.0,43775.36
823722,5009856,20884,29,1.6,5991.13
823723,5000062,20221,-5,10.2,-7511.81
823724,5001743,21226,4,20.9,3163.27
823725,5011680,21358,29,1.9,6520.51
823726,5005532,20982,28,15.1,7830.02
823727,5002490,20854,18,10.8,33150.34
823728,5008444,20353,49,1.7,23016.12
823729,5004025,20868,19,1.2,19136.74
823730,5009432,20936,28,5.8,18394.09
823731,5006332,21011,33,0.0,75958.74
823732,5009241,20472,23,,26691.99
823733,5005343,21115,28,1.9,15076.91
823734,5003787,21340,21,1.5,24669.14
823735,5009890,20154,17,10.0,10925.73
823736,5001318,20798,11,10.3,23213.1
823737,5001955,20648,37,5.4,25142.64
823738,5011620,20583,30,10.7,58906.39
823739,5005211,20922,45,20.1,87729.12
823740,5001924,20599,44,11.0,57098.8
823741,5004583,20021,43,11.1,28654.58
823742,5000179,20138,18,1.8,36171.81
823743,5002067,20710,12,20.3,14183.7
823744,5006696,20828,42,1.5,84086.18
823745,5007666,21446,15,16.4,10617.87
823746,5008253,20958,34,0.1,8516.97
823747,5006655,20362,2,25.2,1410.68
823748,5001214,20928,17,,13129.33
823749,5000729,20556,28,0.3,18302.85
823750,5003245,21078,46,0.7,102447.53
823751,5006513,20911,10,1.9,18776.44
823752,5003549,21391,2,16.6,102.65
823753,5007003,20418,31,15.5,29712.99
823754,5010494,20217,33,,12507.1
823755,5011482,21201,32,1.2,57052.34
823756,5007704,20997,44,15.1,40337.76
823757,5000808,21306,32,1.8,30658.83
823758,5001325,20075,23,5.8,33386.44
823759,5011513,20658,31,6.7,60862.09
823760,5009043,20476,21,16.8,16190.25
823761,5005383,20800,24,,18572.24
823762,5002610,20720,11,0.7,23147.37
823763,5000077,20737,17,1.6,24562.39
823764,5009945,21305,31,20.0,58418.88
823765,5005483,20585,48,,106328.94
823766,5005716,20951,4,16.2,841.55
823767,5003935,21142,21,0.4,16456.92
823768,5006578,20273,47,25.6,57285.98
823769,5004683,20808,39,0.5,90399.74
823770,5003059,20754,6,25.6,5037.36
823771,5005822,20339,11,15.4,13109.73
823772,5008793,20402,42,20.9,80533.12
823773,5004178,21035,16,20.7,12368.14
823774,5004405,20422,44,1.6,75159.26
823775,5004840,20243,33,10.8,65607.25
823776,5010526,21073,43,1.9,48925.11
823777,5003964,20217,17,1.1,6488.98
823778,5008466,20938,22,1.4,14665.53
823779,5003009,20374,41,10.3,79703.11
823780,5007633,20747,47,5.5,90833.12
823781,5011006,21063,38,6.8,22205.83
823782,5011020,20625,25,,19400.47
823783,5009905,20653,46,0.5,46053.77
823784,5009643,20104,16,1.9,10232.22
823785,5005444,21195,27,15.3,26338.46
823786,5008697,20967,30,16.2,62456.81
823787,5004451,20407,49,5.4,16685.12
823788,5004159,20799,29,0.5,32992.23
823789,5007117,20323,26,6.9,21545.28
823790,5000863,20231,49,1.6,81671.64
823791,5006739,20572,18,0.6,36190.51
823792,5009670,20246,31,1.3,71843.59
823793,5002511,20157,40,1.3,41875.25
823794,5010154,20128,43,20.8,29948.17
823795,5004082,20141,48,15.1,43180.41
823796,5000865,20938,14,5.9,8906.68
823797,5010737,20454,1,20.6,1700.26
823798,5005657,21331,32,,49098.24
823799,5009369,20379,12,11.9,2409.57
823800,5002763,21179,26,20.8,
823801,5002961,20654,7,6.6,9982.09
823802,5002867,20963,39,25.1,63318.06
823803,5000270,21046,22,6.7,29888.11
823804,5002492,21420,45,26.0,47414.54
823805,5010309,20971,22,0.1,28189.42
823806,5008841,21205,2,15.1,1136.13
823807,5007131,21435,5,1.0,5567.81
823808,5003501,21054,33,21.2,35589.59
823809,5007498,20601,30,26.9,25842.09
823810,5005454,20242,24,6.2,31063.86
823811,5006948,21464,33,5.8,1813.87
823812,5008169,20493,22,21.3,21455.86
823813,5007113,20041,26,20.0,50218.69
823814,5011994,21355,5,26.6,8604.94
823815,5003571,21106,26,1.5,18081.43
823816,5006670,21486,43,11.7,36103.58
823817,5001187,20783,17,0.7,37353.1
823818,5006083,20414,31,11.0,26492.75
823819,5002400,20025,4,15.1,1582.43
823820,5001209,21171,39,26.6,14891.25
823821,5006471,20535,24,25.0,41556.24
823822,5008213,21148,38,16.9,13323.07
823823,5002980,21237,36,,23937.92
823824,5011123,20779,34,25.3,1614.3
823825,5010152,21246,9,1.1,5615.37
823826,5011338,20269,5,25.7,3618.34
823827,5000373,20984,12,6.2,17239.46
823828,5011555,20413,13,16.7,8444.67
823829,5001981,21185,18,0.4,24990.2
823830,5011591,20639,37,1.5,56685.1
823831,5011971,20513,44,6.7,47881.41
823832,5000144,20014,38,6.3,44740.36
823833,5003331,21498,16,0.3,477.92
823834,5007040,21222,7,0.1,4294.61
823835,5004452,21087,22,10.8,
823836,5001718,20705,30,25.5,43354.98
823837,5001767,21152,39,0.4,91820.61
823838,5008162,21145,3,1.2,4333.37
823839,5008502,21470,32,16.0,49419.42
823840,5009391,20888,35,5.7,60236.44
823841,5002986,20501,48,25.6,31536.2
823842,5002946,21131,-3,25.3,-1258.77
823843,5001668,20456,48,,81932.81
823844,5008079,21393,3,15.5,3870.11
823845,5005585,20521,5,6.7,8499.91
823846,5011251,20243,8,0.5,17741.33
823847,5000920,20070,10,6.0,5898.22
823848,5010509,20259,50,2.0,58345.28
823849,5001836,21142,12,0.9,24003.65
823850,5008712,20531,18,10.9,21814.73
823851,5001880,20358,5,0.2,2133.03
823852,5006606,20260,20,5.2,31268.07
823853,5003180,21405,21,10.2,12890.39
823854,5004959,20776,23,26.6,35087.38
823855,5005084,21446,18,26.1,11263.07
823856,5004625,21293,24,0.1,42598.88
823857,5009986,20331,38,5.9,8892.66
823858,5009313,21053,40,1.7,64239.84
823859,5000399,20570,11,10.6,6192.08
823860,5004160,21367,26,0.6,10118.18
823861,5009855,20871,43,16.2,25290.1
823862,5010592,21011,32,21.9,57526.09
823863,5006679,20429,28,0.1,49202.19
823864,5004938,20059,21,15.1,11740.57
823865,5001524,21086,37,21.0,27719.98
823866,5004768,20206,5,10.4,9641.18
823867,5003271,20744,17,0.2,8467.73
823868,5003760,20047,15,1.6,6901.63
823869,5004191,20442,20,16.5,5323.96
823870,5002092,21331,41,1.9,61711.88
823871,5006946,21479,18,6.6,31774.51
823872,5004677,20018,30,15.4,40937.43
823873,5007587,21230,50,6.8,32140.02
823874,5004679,21128,43,0.2,84212.72
823875,5003162,20073,27,6.3,24259.46
823876,5001131,20327,9,1.3,17620.32
823877,5010126,20831,21,5.9,32255.88
823878,5000124,20021,33,,21916.51
823879,5006358,21001,31,2.0,29876.6
823880,5006891,21375,28,16.0,45201.68
823881,5005285,20348,33,6.5,3955.61
823882,5002762,20014,2,0.9,2490.46
823883,5002059,20715,-7,11.4,-9304.3
823884,5008014,21092,6,1.4,9852.62
823885,5001684,20760,15,,22677.97
823886,5003548,21061,16,1.4,34445.16
823887,5010707,21098,35,25.4,18920.61
823888,5011098,20958,31,6.1,7299.08
823889,5002632,20344,20,26.0,26780.6
823890,5001835,20628,6,0.1,9272.78
823891,5007900,20090,24,21.4,8470.69
823892,5002657,20312,14,25.1,16703.78
823893,5000606,20095,7,1.7,6366.85
823894,5004317,20704,30,1.3,8035.86
823895,5011384,20066,37,1.0,77859.63
823896,5006835,20402,20,5.2,45960.75
823897,5000019,20526,6,0.6,6226.77
823898,5006757,20599,1,0.2,1455.17
823899,5006982,20223,45,15.3,76513.58
823900,5007256,21051,44,25.2,57884.97
823901,5009535,20146,49,26.8,3546.63
823902,5003918,21019,49,26.9,42409.7
823903,5009356,20868,39,,35424.17
823904,5001308,21023,18,26.3,11764.02
823905,5001383,20341,31,,18258.88
823906,5002594,20994,10,10.7,19377.3
823907,5008626,21285,38,0.8,69942.29
823908,5003175,20264,38,11.1,674.63
823909,5007613,21185,19,21.5,29284.41
823910,5010939,21002,24,0.3,38116.59
823911,5006397,20736,2,10.7,2921.75
823912,5011733,20010,24,11.8,8992.8
823913,5011950,20848,48,21.1,
823914,5010749,20349,26,0.5,50869.47
823915,5006681,20757,6,1.2,6983.36
823916,5008098,20092,21,1.7,11550.17
823917,5010873,20916,31,16.3,30996.03
823918,5007487,20337,15,16.7,17190.75
823919,5002479,21115,4,26.4,1615.93
823920,5005648,20386,2,15.3,3420.22
823921,5009391,21276,3,,3927.81
823922,5011789,21078,20,,32834.88
823923,5005973,21329,20,0.6,30753.17
823924,5004525,20593,39,26.9,
823925,5000581,21363,6,1.5,10915.0
823926,5001931,21418,23,1.0,442.65
823927,5009922,20475,17,0.6,10318.26
823928,5008809,20363,2,26.9,2288.37
823929,5009758,21063,20,5.6,11837.76
823930,5008390,20517,32,,1752.7
823931,5007945,20366,5,20.4,6494.88
823932,5011653,20941,41,6.1,87842.01
823933,5005749,20574,38,0.9,25185.67
823934,5003898,20487,49,6.9,82119.22
823935,5007748,20190,50,15.8,68964.85
823936,5002943,21100,8,6.5,
823937,5006170,21003,13,11.3,24580.63
823938,5007966,20336,30,0.2,57370.43
823939,5010147,20943,17,10.7,5737.81
823940,5008357,21468,26,11.5,54774.38
823941,5001452,20950,3,10.2,6703.8
823942,5009065,20932,12,16.0,15647.08
823943,5005337,21255,7,0.9,16799.75
823944,5010080,20874,26,0.7,2698.5
823945,5006268,20528,7,11.3,8116.09
823946,5008081,20542,34,5.9,61063.11
823947,5000574,21243,18,21.3,31226.68
823948,5011417,21435,49,0.6,54785.0
823949,5008341,21223,26,16.4,47394.7
823950,5008718,21162,9,21.0,14892.75
823951,5001711,20811,31,1.2,56441.89
823952,5001712,20950,29,5.9,67906.49
823953,5002058,20313,47,26.0,84318.89
823954,5006939,20396,25,16.6,38451.57
823955,5006818,21269,21,16.7,35768.81
823956,5008008,20579,4,16.8,
823957,5009436,20949,8,15.0,2776.58
823958,5007109,21332,41,21.7,2178.19
823959,5007511,21370,39,1.0,61572.14
823960,5001713,20510,48,0.6,100130.79
823961,5006936,20218,14,0.4,27542.05
823962,5006453,21151,22,21.7,13449.72
823963,5008169,20950,14,6.3,32643.09
823964,5006936,20921,18,21.4,25675.37
823965,5007662,20479,4,26.4,2564.05
823966,5003068,21465,36,16.9,2294.26
823967,5005522,20528,9,7.0,7811.8
823968,5003194,21000,20,15.3,2282.5
823969,5003771,21194,33,15.9,35751.69
823970,5007058,21223,41,25.9,66244.86
823971,5006700,20668,16,1.7,11673.95
823972,5006405,20319,30,21.6,9365.9
823973,5000891,20174,15,15.5,28140.53
823974,5003873,21187,17,25.9,5940.12
823975,5002992,21169,9,1.8,2057.93
823976,5007096,20991,5,16.3,6902.66
823977,5002994,21001,47,16.2,38733.37
823978,5007038,20134,4,0.5,972.19
823979,5000053,20588,13,26.0,17258.57
823980,5007687,21438,18,6.4,30900.58
823981,5003704,20542,16,6.5,28552.36
823982,5004317,21012,9,6.2,3706.29
823983,5000158,20958,4,1.7,985.95
823984,5002450,20069,47,0.4,116526.3
823985,5002260,20180,14,5.3,20195.78
823986,5004056,21118,44,21.9,66320.8
823987,5008844,20976,25,16.0,12910.8
823988,5006643,20838,14,15.7,24244.61
823989,5011379,20304,35,1.8,73936.74
823990,5009499,21210,16,0.3,26909.43
823991,5009565,21286,26,26.6,19281.14
823992,5004139,21483,30,0.3,37417.11
823993,5011138,21347,44,25.3,25616.33
823994,5004337,20849,18,0.5,22307.26
823995,5011650,20948,-6,1.0,-6330.67
823996,5009317,20307,20,1.9,17966.62
823997,5004748,21283,37,25.2,696.6
823998,5010792,21141,17,21.8,20101.72
823999,5004826,20017,48,20.8,38563.05
824000,5011928,20421,18,6.8,16117.88
824001,5006172,20965,18,6.7,20443.67
824002,5008686,20853,46,16.3,28851.47
824003,5004311,20354,15,21.0,13062.02
824004,5006460,21182,26,1.7,30526.73
824005,5003402,20176,39,20.7,28383.25
824006,5006073,20513,13,0.2,19876.56
824007,5002385,21405,40,0.6,27177.95
824008,5003599,21292,49,,71668.56
824009,5005474,20363,10,0.6,15558.39
824010,5008484,20486,46,11.2,49509.82
824011,5004924,21308,28,1.7,51976.6
824012,5009875,20149,33,5.3,34545.17
824013,5004773,20877,9,1.1,20725.71
824014,5011750,21156,45,5.6,97876.89
824015,5001526,21153,35,11.4,43279.11
824016,5008880,20099,44,11.1,57913.58
824017,5011966,20347,28,1.0,3803.46
824018,5009570,21138,17,0.9,36635.99
824019,5008816,20730,39,21.3,39337.07
824020,5000305,20638,25,20.4,43942.58
824021,5010183,20776,17,10.3,31693.37
824022,5011708,20078,8,6.8,9232.24
824023,5005492,20790,11,1.7,25142.17
824024,5011893,20897,37,1.4,
824025,5009856,21099,50,25.9,82962.73
824026,5001084,20249,33,,48501.98
824027,5002680,20366,44,11.6,63473.6
824028,5010112,21393,34,1.9,50920.55
824029,5011370,20745,2,20.2,2070.47
824030,5006113,20543,22,21.7,39804.63
824031,5000918,20748,24,1.2,11994.72
824032,5006017,20626,4,20.1,1484.06
824033,5003148,20693,11,5.2,4636.39
824034,5010155,21132,-8,15.6,-2438.42
824035,5004114,20063,8,1.8,4915.42
824036,5006397,20741,49,0.5,119115.78
824037,5011686,20269,47,15.6,38635.84
824038,5002977,20766,37,21.1,4968.36
824039,5009723,21024,11,11.4,18421.21
824040,5008981,20205,36,,35779.98
824041,5000004,21181,50,0.3,38394.47
824042,5005283,20707,36,11.8,5281.63
824043,5005286,21434,38,,70503.08
824044,5004322,21328,20,,751.38
824045,5010279,21035,43,26.1,30975.9
824046,5006452,20796,14,1.2,27296.62
824047,5006282,20788,34,0.2,77197.0
824048,5010087,20863,40,1.6,5195.52
824049,5005453,21221,19,15.9,37438.48
824050,5003352,20223,21,1.8,41397.43
824051,5005695,20855,1,0.6,817.78
824052,5002391,21046,3,20.1,3490.3
824053,5011431,20730,41,21.0,41512.0
824054,5006753,21042,40,0.8,
824055,5009742,20960,8,0.7,12281.5
824056,5011422,20393,42,25.7,56505.95
824057,5006187,20814,26,1.6,38324.83
824058,5010258,20993,13,1.5,22688.67
824059,5006150,20242,27,10.6,33307.54
824060,5001982,20431,24,0.6,22966.65
824061,5007214,20860,46,,18402.08
824062,5003288,20872,32,1.3,7707.13
824063,5007870,20168,47,1.0,103870.31
824064,5006739,21077,29,1.6,2694.94
824065,5000121,21287,13,0.7,28687.28
824066,5004714,21126,32,20.0,52380.16
824067,5000516,21437,26,11.8,27811.24
824068,5005476,20817,24,15.7,27733.22
824069,5009398,20137,10,1.1,2137.23
824070,5010086,20343,39,26.5,26342.28
824071,5001835,20819,31,15.8,49102.04
824072,5010002,20974,11,10.2,22175.52
824073,5001499,20219,1,11.7,152.14
824074,5006791,20091,48,1.9,49056.75
824075,5007028,20681,18,0.5,2748.47
824076,5003339,20549,9,2.0,8716.28
824077,5001466,20637,48,15.0,47905.73
824078,5007328,20599,41,7.0,55596.97
824079,5002891,20617,8,1.5,5892.43
824080,5008468,21435,16,1.1,17798.99
824081,5009236,20472,38,11.7,41736.48
824082,5009894,20890,35,1.8,59083.4
824083,5007592,20792,12,21.5,16585.89
824084,5010213,20956,13,0.1,18055.05
824085,5010377,20132,41,1.0,70772.72
824086,5009228,20672,13,,28034.36
824087,5007172,21500,12,1.7,14130.19
824088,5004765,20044,21,11.3,16000.22
824089,5003190,20226,33,15.1,
824090,5004959,21200,31,20.1,31767.73
824091,5011681,21188,29,25.5,16832.67
824092,5006806,20307,46,21.7,32982.76
824093,5006115,21156,6,,11031.89
824094,5010857,20992,27,16.5,46141.5
824095,5003535,21334,8,11.7,3297.26
824096,5011002,20405,49,0.1,37065.21
824097,5009224,20992,36,16.9,61227.28
824098,5000949,21335,41,,80802.38
824099,5008403,21470,8,26.2,10854.62
824100,5009438,20757,33,6.1,36503.62
824101,5007137,20049,16,21.7,5876.01
824102,5004442,20598,21,1.9,40102.11
824103,5001736,20730,23,11.6,26058.1
824104,5001246,20680,26,11.9,11636.02
824105,5006755,21098,10,6.1,6804.46
824106,5011654,20646,37,1.2,69653.44
824107,5011589,20936,22,1.7,15081.54
824108,5008963,20083,28,0.6,
824109,5011254,20927,20,6.2,6721.15
824110,5010774,20141,25,25.7,19681.88
824111,5003811,20065,24,1.7,26843.69
824112,5000956,21113,7,6.0,10385.21
824113,5009513,21243,39,0.8,85281.51
824114,5000938,20499,40,0.1,17575.21
824115,5008680,21382,6,,9104.79
824116,5009196,20765,19,1.5,597.57
824117,5002853,20256,9,6.7,4618.1
824118,5006497,20737,14,0.6,20433.42
824119,5011774,20284,50,10.3,107418.89
824120,5004493,20496,4,0.9,8527.52
824121,5010013,21128,26,1.3,50358.08
824122,5008210,20806,19,21.7,16191.53
824123,5006246,20748,-4,12.0,-1780.59
824124,5000040,21475,35,1.3,9027.64
824125,5010954,20617,25,1.0,18507.31
824126,5010374,20900,1,20.8,1847.21
824127,5003336,20630,20,5.6,22728.31
824128,5003083,20427,25,0.9,49210.09
824129,5000339,20203,46,20.6,44134.14
824130,5006183,20230,46,26.9,13198.21
824131,5004135,21404,13,25.3,21992.79
824132,5011936,20612,38,1.4,36967.43
824133,5010486,21122,3,1.8,3822.7
824134,5004533,20426,19,,25025.25
824135,5002884,21138,7,0.7,15115.85
824136,5004817,20542,7,11.4,11837.01
824137,5011037,20367,21,0.3,52116.8
824138,5003366,20410,21,16.0,28186.07
824139,5003063,20477,2,0.3,3458.33
824140,5010876,20278,47,1.6,111141.81
824141,5007428,20282,23,0.4,42226.55
824142,5002323,21254,25,25.5,38617.45
824143,5009675,21403,-1,0.8,-907.0
824144,5004776,21105,47,11.5,99816.35
824145,5000935,20651,17,0.2,40026.53
824146,5000146,21114,22,26.1,35570.07
824147,5001169,21252,-9,25.9,-10177.49
824148,5007221,20399,19,20.7,31413.19
824149,5011541,20191,47,1.8,59940.66
824150,5002665,20394,12,5.2,14952.96
824151,5007335,20463,33,7.0,25624.0
824152,5010076,20199,24,0.2,31279.4
824153,5002160,20858,30,25.3,45475.27
824154,5011671,20228,23,21.2,24250.27
824155,5004160,21485,30,11.6,63833.64
824156,5008918,21368,9,5.3,20035.87
824157,5006832,20824,47,10.8,72133.6
824158,5004701,20023,37,10.8,8119.64
824159,5003245,20521,33,,60007.72
824160,5005295,20655,16,10.8,31675.42
824161,5010695,20233,15,26.6,11371.24
824162,5009048,21464,47,0.2,2736.97
824163,5009318,20439,13,2.0,14474.93
824164,5008513,21425,50,6.7,11146.08
824165,5007414,21120,3,15.0,1318.58
824166,5008538,21136,-7,16.9,-6715.78
824167,5011937,21369,44,21.7,21879.09
824168,5011189,20050,2,,2425.07
824169,5011668,20537,6,5.6,1784.78
824170,5003892,20794,3,,5484.38
824171,5007480,20289,11,21.5,3984.36
824172,5000831,21003,21,6.8,41721.63
824173,5000939,21418,26,11.5,447.31
824174,5006240,20456,3,21.3,4087.29
824175,5011863,21417,18,1.6,26650.89
824176,5000268,21250,36,1.4,69125.62
824177,5001805,21022,6,,2453.96
824178,5002746,20157,11,1.3,11515.69
824179,5004148,20989,10,25.6,11851.85
824180,5004150,20005,28,26.7,16529.82
824181,5001723,20898,47,15.2,35970.44
824182,5004150,20976,14,1.6,8469.48
824183,5000026,21345,39,1.1,80601.05
824184,5006381,21015,25,,41329.07
824185,5007332,20003,21,10.2,9877.82
824186,5004053,20618,-8,,-12466.18
824187,5003283,20716,15,11.7,
824188,5001201,20702,17,21.6,32590.69
824189,5010462,21153,48,0.4,66723.24
824190,5008819,20524,36,10.8,23283.77
824191,5011201,20982,31,10.5,9138.65
824192,5008103,20240,20,10.1,29030.33
824193,5007330,20003,47,0.3,24544.74
824194,5002694,20448,38,0.5,24880.49
824195,5008975,21131,48,6.8,25128.21
824196,5011164,21167,-8,6.9,
824197,5010548,20981,36,25.5,39981.11
824198,5007739,21366,33,21.7,58426.63
824199,5011627,20196,4,1.9,5390.2
824200,5004980,21287,50,0.5,110557.93
824201,5003089,20821,47,1.4,84131.12
824202,5000154,20123,20,0.4,33156.84
824203,5002065,20981,4,,2100.8
824204,5001118,20644,34,25.9,58367.7
824205,5008743,21058,-7,6.4,-9055.72
824206,5007674,20957,36,25.1,63327.65
824207,5011729,20448,41,21.8,21098.08
824208,5001181,20815,22,,27030.55
824209,5010154,20928,32,0.8,
824210,5002072,20899,25,,7969.41
824211,5000810,21183,46,0.0,95620.2
824212,5007360,20155,18,1.3,30111.24
824213,5000034,21309,33,0.7,64430.74
824214,5007591,21210,46,15.3,65725.0
824215,5009618,21189,40,1.5,82184.85
824216,5003054,20813,42,1.8,14990.54
824217,5008975,20415,48,1.1,37145.89
824218,5008333,20456,11,1.6,18738.18
824219,5005863,20053,39,1.7,66484.03
824220,5001504,20509,13,10.5,10286.5
824221,5010046,21270,7,25.4,8461.21
824222,5006666,20752,10,0.3,6838.32
824223,5010633,20472,45,1.2,55302.02
824224,5000280,20392,40,0.6,41174.26
824225,5003049,20435,33,5.2,38992.38
824226,5010313,21282,38,10.1,81249.88
824227,5006359,20957,10,15.4,19869.16
824228,5006040,20377,47,22.0,35549.94
824229,5007285,20523,6,11.2,5527.59
824230,5003014,21202,48,11.0,65776.84
824231,5008329,20676,42,25.9,67074.45
824232,5004459,20834,48,11.6,70319.16
824233,5001206,20560,49,11.5,28618.73
824234,5000567,21216,2,0.3,1996.67
824235,5000299,20148,33,1.7,24413.59
824236,5002180,20006,22,0.1,5457.58
824237,5008687,20440,49,15.1,17490.72
824238,5007609,20864,28,15.3,4941.7
824239,5005107,20968,29,11.4,12428.96
824240,5003839,20368,46,1.9,20846.86
824241,5005637,20050,46,16.4,58801.15
824242,5001340,21192,44,25.5,30594.23
824243,5008703,20254,14,2.0,1370.63
824244,5008106,20191,45,1.1,57799.09
824245,5006507,21299,18,11.1,30542.22
824246,5010525,20082,41,11.9,7615.39
824247,5008957,20066,39,1.7,81487.98
824248,5006317,21297,49,,119660.54
824249,5010602,20625,7,26.9,4023.19
824250,5007464,20160,36,26.2,12553.91
824251,5007616,20493,24,20.5,23644.32
824252,5000784,20622,40,20.5,34040.95
824253,5000108,20215,6,21.4,11595.09
824254,5010187,21411,20,1.4,42904.02
824255,5002402,21429,11,21.3,13651.14
824256,5000562,20583,22,5.6,
824257,5009390,20970,38,5.5,43270.47
824258,5005034,20985,23,0.7,46074.49
824259,5005455,20774,10,0.8,15087.72
824260,5008136,20341,37,1.2,27498.52
824261,5007803,20375,18,0.1,27504.19
824262,5002574,21334,32,0.3,14891.83
824263,5007986,20237,40,11.4,54635.01
824264,5006880,20231,3,20.2,4055.12
824265,5011392,20788,12,15.6,23041.71
824266,5005368,20756,29,15.1,41274.64
824267,5003146,20119,45,1.6,164.28
824268,5007282,21260,43,6.1,93237.36
824269,5001108,20436,32,10.6,40658.83
824270,5003680,20934,23,0.2,26758.86
824271,5005170,20598,40,0.2,81455.16
824272,5011975,20416,36,10.3,10695.76
824273,5000709,20509,45,1.8,39068.38
824274,5000175,20135,19,25.9,16590.98
824275,5005527,21233,42,20.4,48774.28
824276,5003794,20440,22,,8703.95
824277,5003434,20504,29,0.4,69197.98
824278,5006569,20960,40,5.1,58686.54
824279,5011934,21141,35,0.8,52499.76
824280,5001037,21342,7,,9334.09
824281,5004643,20567,3,1.6,1584.55
824282,5002851,21408,19,0.9,26018.85
824283,5007230,21160,10,16.8,2042.48
824284,5008519,21203,47,15.6,75459.64
824285,5001276,20743,21,0.4,4913.59
824286,5008900,20647,1,10.9,1890.51
824287,5002691,20909,12,11.0,18592.92
824288,5001831,20169,23,21.1,17111.71
824289,5010839,20318,44,0.4,80585.32
824290,5005719,20886,25,25.2,5009.54
824291,5003990,20749,44,10.9,86183.72
824292,5007036,21055,27,21.8,47738.75
824293,5005721,20219,8,6.4,1290.18
824294,5003834,21293,9,21.8,12504.63
824295,5005120,21073,21,11.2,21628.51
824296,5008077,20960,32,25.5,36856.88
824297,5009441,20089,47,21.2,68608.08
824298,5001843,20977,47,21.0,66558.12
824299,5000727,20068,30,26.7,37499.99
824300,5002673,20096,19,,100.8
824301,5002374,21274,14,1.0,18726.38
824302,5010030,20555,39,25.7,47909.99
824303,5009264,20579,2,0.9,558.15
824304,5002269,21140,2,16.4,1349.84
824305,5004406,20790,9,20.9,16552.96
824306,5003734,21486,39,,31150.5
824307,5011373,20990,32,,61022.18
824308,5006468,20828,17,0.2,34484.07
824309,5001965,21253,29,1.9,16311.23
824310,5006129,20258,32,6.1,1303.18
824311,5000770,20161,18,20.7,
824312,5009646,20321,31,10.8,11615.78
824313,5007655,20735,14,26.5,7265.25
824314,5011276,21194,30,6.5,
824315,5003915,20658,46,11.6,85568.44
824316,5004310,20074,3,25.9,3456.94
824317,5011572,20794,17,15.7,31115.04
824318,5004859,20538,36,22.0,53178.47
824319,5002499,20029,29,1.7,61562.86
824320,5011283,21436,4,5.9,2326.04
824321,5003238,20855,45,21.9,28914.49
824322,5008159,20968,10,1.2,
824323,5010144,20289,5,15.6,1947.19
824324,5003847,20608,15,5.8,4123.56
824325,5001666,20141,37,10.1,35245.14
824326,5007586,20277,21,0.3,42569.95
824327,5009208,20702,36,0.0,88030.08
824328,5007870,20221,32,5.3,50698.9
824329,5002712,21219,13,1.3,20073.97
824330,5001030,21165,9,5.3,2492.3
824331,5002258,21352,30,,38163.83
824332,5007435,20542,47,1.3,88537.12
824333,5011869,20003,31,21.4,12762.91
824334,5010133,20520,34,0.9,61329.14
824335,5003916,20142,15,0.9,3261.23
824336,5002003,20791,9,20.7,13808.74
824337,5006779,20399,27,1.4,55504.21
824338,5010099,20224,8,0.8,3334.31
824339,5010597,20189,2,1.6,4244.41
824340,5008395,21319,41,0.6,58682.09
824341,5000354,21223,35,25.4,56932.07
824342,5011326,20731,37,26.8,25923.72
824343,5001137,20357,15,5.2,17186.29
824344,5002015,21471,16,21.9,25441.11
824345,5006817,21268,7,1.0,14664.3
824346,5007254,20520,-7,26.9,-9313.86
824347,5005853,21009,-5,6.1,-3175.23
824348,5002266,20700,44,0.7,47297.03
824349,5010566,20353,46,25.2,16441.52
824350,5003145,21485,49,11.4,104497.5
824351,5002422,20101,50,16.1,11155.76
824352,5000927,21279,50,21.3,40884.26
824353,5004183,20103,3,1.2,6195.17
824354,5004555,20584,50,0.1,105094.8
824355,5003661,21297,-5,6.8,-11565.0
824356,5001267,20439,20,1.7,22337.3
824357,5001042,20711,38,,13275.82
824358,5010180,21284,26,16.9,46801.4
824359,5002507,21122,13,25.4,12584.03
824360,5007889,20282,20,20.7,29234.9
824361,5001433,21000,11,21.6,1162.0
824362,5002938,20379,11,0.1,2504.61
824363,5004861,21435,24,26.5,19841.65
824364,5003302,20186,48,10.9,39894.42
824365,5008188,21360,40,1.2,48498.15
824366,5003413,21446,42,25.6,26458.31
824367,5006649,20240,20,20.6,25639.69
824368,5004543,20022,7,1.9,12975.27
824369,5004195,20471,19,6.3,36535.49
824370,5003904,20399,24,16.8,41631.28
824371,5000647,20578,-4,0.4,-8970.53
824372,5000317,20582,13,21.5,12520.72
824373,5000411,21288,39,25.6,7314.64
824374,5007636,21347,17,0.9,13130.05
824375,5011314,20697,40,5.3,63679.69
824376,5001551,20334,50,26.6,48572.08
824377,5008129,20983,46,12.0,47595.98
824378,5010090,21245,7,11.7,11128.95
824379,5006627,20584,6,1.3,12459.89
824380,5009468,20614,46,20.5,86621.53
824381,5007403,21316,46,1.9,102075.91
824382,5005476,21286,9,21.2,7165.26
824383,5001150,20924,24,21.3,36312.75
824384,5009263,20712,23,1.6,33042.72
824385,5008474,21363,13,10.3,21536.35
824386,5010849,20245,21,15.3,19862.03
824387,5009761,21394,6,20.3,265.97
824388,5008568,20649,48,10.8,80644.36
824389,5009895,21293,19,10.9,30078.26
824390,5005326,21382,21,25.9,26681.67
824391,5001855,20988,43,0.5,74756.52
824392,5010732,20226,11,6.3,632.13
824393,5002362,20390,50,1.1,92661.39
824394,5001455,20752,38,6.6,24343.61
824395,5010054,20621,28,11.5,4951.04
824396,5000763,21043,20,0.4,3121.26
824397,5006974,20136,42,1.9,45962.89
824398,5007067,20928,50,6.6,36690.79
824399,5010467,20049,-9,1.3,
824400,5008529,20870,19,0.1,15203.02
824401,5006571,20350,37,11.6,7016.85
824402,5001141,20443,12,6.4,20825.14
824403,5001497,20737,33,1.9,47534.57
824404,5003766,21443,11,6.8,
824405,5011574,20740,32,11.6,53961.62
824406,5000966,20251,45,1.3,18462.43
824407,5005696,20499,40,20.7,13951.09
824408,5005243,20555,19,5.5,29686.44
824409,5001679,20923,7,16.2,2374.2
824410,5000386,20551,21,5.0,38154.57
824411,5002878,20628,43,0.5,66188.82
824412,5000922,20219,-8,25.6,-1025.53
824413,5007025,21455,46,6.1,20029.49
824414,5000743,20196,28,0.4,38308.35
824415,5011813,20780,48,20.6,14623.19
824416,5009427,20932,3,1.0,4610.3
824417,5006433,21197,3,10.8,2393.41
824418,5004846,21063,24,,10985.04
824419,5000916,21471,15,6.2,28645.68
824420,5002249,20150,21,0.9,16215.72
824421,5000199,20148,45,20.8,26822.66
824422,5000514,20794,9,16.7,16277.26
824423,5002764,20445,4,0.9,5905.05
824424,5010610,20149,8,0.8,8772.53
824425,5005043,21114,7,6.2,14365.42
824426,5010518,21317,20,,35594.87
824427,5004905,20558,45,21.7,
824428,5002347,21072,18,5.8,33182.38
824429,5009586,20193,34,5.9,69548.56
824430,5005360,20210,9,15.6,18677.5
824431,5001054,21451,27,11.0,4127.63
824432,5011207,20421,3,1.2,2847.72
824433,5002179,20435,17,1.3,20913.35
824434,5010133,21314,45,15.1,72460.75
824435,5002037,20658,49,1.2,101872.4
824436,5001032,21122,17,0.5,21948.73
824437,5009412,21002,44,0.5,69740.23
824438,5010501,21086,35,11.1,29507.6
824439,5002209,21223,7,0.6,15171.71
824440,5007069,21194,23,5.4,28028.87
824441,5011785,20761,47,15.3,76363.61
824442,5007835,20350,20,1.3,4234.82
824443,5002962,20015,12,20.7,4581.48
824444,5005631,20385,26,11.3,29733.38
824445,5001256,21275,13,21.9,10781.06
824446,5005633,20904,41,10.1,38621.23
824447,5009613,20160,1,16.1,396.44
824448,5011705,21444,12,,7633.56
824449,5001872,20597,-3,20.8,-777.52
824450,5007259,20415,44,26.5,25305.4
824451,5003958,21322,31,0.1,22672.71
824452,5001223,20776,43,0.4,89013.29
824453,5004675,20335,41,1.7,53606.62
824454,5005580,21350,16,6.2,29835.15
824455,5011516,20815,49,0.2,60568.55
824456,5002889,20993,38,21.4,52921.91
824457,5003643,20275,16,20.8,30517.85
824458,5005109,20632,37,,43171.69
824459,5011816,21396,37,10.7,58138.94
824460,5003119,20063,18,20.9,8908.57
824461,5010782,21411,16,1.0,34462.45
824462,5001562,20418,9,20.3,8136.33
824463,5005591,20106,15,6.7,13041.24
824464,5001344,20365,29,26.5,12840.58
824465,5006098,21082,41,26.9,26243.21
824466,5007081,20084,13,16.9,12256.22
824467,5004533,20578,30,15.8,56876.43
824468,5010540,20359,30,0.2,29126.83
824469,5001494,20118,-8,21.0,-4891.74
824470,5009440,21455,50,16.6,19336.71
824471,5003729,20247,14,21.5,14239.52
824472,5007525,20694,7,16.2,11125.1
824473,5011799,20304,32,16.8,57273.55
824474,5009523,21077,42,1.4,3910.95
824475,5003597,21111,31,10.2,
824476,5003509,21020,50,0.2,114801.94
824477,5011877,20505,12,21.4,22451.56
824478,5002345,21465,22,25.5,1256.95
824479,5007157,20059,50,21.9,25714.82
824480,5010973,21184,40,,64891.62
824481,5011583,21157,12,21.8,14675.92
824482,5011902,21016,1,5.4,1952.57
824483,5008933,20444,8,1.2,15466.15
824484,5005056,21143,39,11.3,60685.12
824485,5001240,20501,22,1.1,19213.84
824486,5006910,20869,32,11.1,30406.08
824487,5011029,21276,34,1.2,81467.99
824488,5003111,21105,10,0.2,23949.21
824489,5009899,20326,5,6.1,10185.43
824490,5007837,21059,17,26.6,13676.01
824491,5001068,21167,46,20.2,68608.35
824492,5006792,20120,18,16.0,857.91
824493,5005252,20933,16,0.5,11590.87
824494,5004383,20626,39,0.3,18055.32
824495,5007142,21018,20,16.7,29714.28
824496,5011285,20474,5,26.1,3104.13
824497,5007939,20193,26,1.2,55840.57
824498,5006780,20966,41,1.5,18220.1
824499,5008522,20265,11,2.0,6851.44
824500,5008161,20816,3,20.1,5532.4
824501,5010158,20560,16,16.3,8838.05
824502,5005616,21449,47,0.5,5045.94
824503,5011659,20730,9,0.8,11442.39
824504,5005732,20477,3,26.3,3834.69
824505,5002835,20943,29,16.6,9141.34
824506,5008783,21429,5,5.1,7482.34
824507,5010722,21418,17,16.6,275.62
824508,5002986,21252,13,0.1,19819.33
824509,5000288,20614,47,,110101.96
824510,5010812,20274,24,1.4,30652.45
824511,5005535,20980,40,1.7,49056.81
824512,5004267,20869,6,11.6,5669.07
824513,5002723,21371,31,10.9,65969.44
824514,5010512,21456,11,1.7,23970.91
824515,5006189,21430,27,10.6,22331.99
824516,5007106,20881,7,16.5,12458.5
824517,5011714,20775,29,21.1,54554.02
824518,5009289,20856,14,,14988.44
824519,5007202,20993,1,1.4,1747.05
824520,5002681,20037,30,,50341.52
824521,5009194,21000,17,21.2,1804.98
824522,5007566,20835,24,20.5,10335.06
824523,5010269,20417,-5,1.6,-11654.15
824524,5004528,21054,23,16.8,26189.91
824525,5006872,20161,24,21.2,32198.25
824526,5000592,20387,36,5.7,6022.71
824527,5011204,21129,24,1.7,27828.18
824528,5006981,21010,20,1.7,24488.1
824529,5001308,21068,1,,1225.8
824530,5011115,20093,45,20.8,29210.54
824531,5006466,21334,27,6.9,11733.2
824532,5007620,20615,21,0.7,28543.59
824533,5004217,20402,28,1.3,66992.15
824534,5010086,21255,44,20.4,84819.72
824535,5004398,21467,28,1.7,16200.08
824536,5004322,20992,19,16.3,32547.72
824537,5009279,21065,44,0.2,
824538,5010691,20836,21,6.8,31806.85
824539,5005117,20428,12,5.9,251.59
824540,5004213,21083,16,25.4,2152.54
824541,5000871,21216,20,26.2,14779.78
824542,5005460,21264,17,20.6,6736.31
824543,5002285,20013,40,,1618.96
824544,5008495,20593,31,0.7,72967.41
824545,5004969,20146,47,25.9,3443.69
824546,5007268,20814,18,26.3,19872.47
824547,5010499,21174,29,26.7,46203.79
824548,5009816,20010,30,10.3,11432.18
824549,5010105,20880,6,16.9,2002.83
824550,5003569,20920,20,1.3,46564.49
824551,5007593,20079,13,0.4,30232.8
824552,5007158,21068,31,20.6,30724.92
824553,5001587,21028,27,1.7,34281.15
824554,5001569,21312,47,25.8,57602.43
824555,5004301,20669,9,15.1,
824556,5001172,20597,15,,3912.15
824557,5002154,21168,37,,19701.13
824558,5003490,20522,47,12.0,102019.4
824559,5004460,20590,8,5.2,3805.58
824560,5000311,20448,16,5.3,9970.62
824561,5010581,21158,33,25.9,10663.46
824562,5001623,20377,50,0.8,48098.11
824563,5007923,20511,48,1.9,43577.12
824564,5003726,21483,27,10.4,30263.95
824565,5004757,20478,29,1.5,66994.92
824566,5002777,20690,7,,11693.47
824567,5011733,21067,1,0.4,1805.58
824568,5006765,21493,48,16.4,10521.56
824569,5001442,21328,43,15.3,
824570,5000727,20436,46,5.4,61846.68
824571,5004782,20241,43,2.0,76657.3
824572,5004840,21183,38,25.5,58848.0
824573,5003701,21307,5,0.7,938.53
824574,5006335,20666,37,1.2,11110.1
824575,5005120,21237,22,1.9,19262.8
824576,5010113,20808,42,21.2,77100.11
824577,5007644,21352,21,1.9,29579.12
824578,5009193,20988,21,0.4,36545.69
824579,5003640,21300,23,1.2,12938.14
824580,5010060,20832,47,0.6,112859.48
824581,5001927,20830,32,1.8,62696.85
824582,5008477,21364,34,20.8,30810.21
824583,5000307,20794,29,21.8,49237.79
824584,5006966,21303,10,15.8,18103.84
824585,5010043,21117,11,,18678.61
824586,5002170,21078,18,16.4,
824587,5008550,20936,41,5.3,27077.17
824588,5002503,20155,5,25.6,6304.95
824589,5007330,20556,7,22.0,3579.79
824590,5005809,21298,28,5.4,66000.68
824591,5001236,21255,1,1.4,2387.86
824592,5008410,21024,8,16.0,12701.67
824593,5000279,20063,13,26.9,5945.93
824594,5004848,20898,47,,42121.04
824595,5004755,20268,7,,1740.99
824596,5000053,20478,39,11.2,81224.16
824597,5009636,20547,31,2.0,42096.96
824598,5011348,20004,40,21.0,59019.32
824599,5011169,21277,15,1.6,16198.95
824600,5004656,20990,8,11.6,13663.53
824601,5003242,20257,16,10.7,9469.66
824602,5005481,20417,17,25.2,30120.77
824603,5008774,20565,37,25.2,26170.15
824604,5009478,21013,38,21.7,3114.35
824605,5000138,20474,35,1.1,29079.72
824606,5011606,20482,20,,7778.29
824607,5005874,20696,34,11.0,74460.48
824608,5008378,20373,13,0.4,24037.06
824609,5003403,20488,35,1.3,11848.24
824610,5006357,20586,32,20.5,19172.09
824611,5003306,20174,-5,15.5,-9380.18
824612,5006081,20045,24,21.8,3186.81
824613,5001998,20097,6,5.1,7009.83
824614,5000032,20130,37,0.7,14841.16
824615,5004745,21198,10,1.9,15529.52
824616,5011884,20359,43,1.1,41371.97
824617,5008403,20454,32,11.5,60644.16
824618,5010747,21342,40,,50589.94
824619,5001390,21371,2,2.0,4681.22
824620,5010844,20037,45,1.5,74603.41
824621,5004729,20879,10,20.4,8720.1
824622,5009690,21165,10,20.5,2324.74
824623,5010200,20427,27,6.0,50411.79
824624,5002854,20166,7,0.1,8233.56
824625,5008172,21396,21,10.9,32923.88
824626,5007179,20209,47,1.7,93379.15
824627,5009979,20981,47,16.0,49721.11
824628,5005487,20515,3,16.8,4566.78
824629,5006298,21357,22,,49711.34
824630,5003295,20732,50,0.3,63955.06
824631,5002775,20589,11,0.1,19105.81
824632,5006289,20632,40,0.9,46766.48
824633,5002393,20401,6,16.6,9072.05
824634,5011095,20979,1,20.4,1776.57
824635,5005277,20628,34,25.3,39290.96
824636,5010523,21330,4,21.7,1146.69
824637,5009425,20568,6,1.0,1417.52
824638,5000694,20892,35,10.4,64813.28
824639,5001084,20727,30,1.7,34958.92
824640,5005268,21189,36,20.5,59698.74
824641,5007073,20212,20,11.0,22753.38
824642,5001215,20940,34,16.4,14158.56
824643,5004134,21227,29,15.6,46390.34
824644,5004991,20445,23,26.4,
824645,5007748,21164,40,6.4,25678.6
824646,5009499,21042,39,1.7,94054.46
824647,5001043,21078,35,6.3,73553.28
824648,5000359,20754,29,10.3,29354.11
824649,5008922,21073,47,22.0,42519.37
824650,5000458,20931,12,10.3,9882.43
824651,5004211,20940,21,6.6,9770.13
824652,5004341,20946,1,21.6,1866.74
824653,5001198,21258,26,1.3,10334.6
824654,5003099,21124,49,0.7,91878.53
824655,5010095,21155,18,21.9,15552.65
824656,5009880,21151,21,11.0,
824657,5002929,21030,40,5.7,49055.61
824658,5002776,20288,43,1.0,38537.77
824659,5002620,20376,-10,20.3,-9112.42
824660,5002624,20393,18,26.0,24119.06
824661,5003229,20635,11,6.2,1869.93
824662,5007060,21145,-7,16.4,-8555.62
824663,5009736,21462,3,21.7,836.97
824664,5010345,20843,31,0.4,42611.35
824665,5003866,20487,13,0.9,23190.82
824666,5001726,21130,38,5.3,
824667,5003609,20216,18,1.5,24686.9
824668,5002972,20948,45,26.5,35250.34
824669,5007875,21163,-3,25.2,-2489.96
824670,5004151,20497,42,1.7,59407.25
824671,5002566,20411,49,21.6,26241.59
824672,5000994,21035,28,1.9,26775.53
824673,5011708,20672,8,0.8,17182.63
824674,5000796,20710,11,10.2,14649.37
824675,5011832,20356,30,10.4,62497.61
824676,5009452,20771,16,,
824677,5000906,21146,46,11.7,60212.53
824678,5000075,21187,45,1.1,20986.33
824679,5001723,20499,10,5.2,4169.49
824680,5010953,20786,11,22.0,5618.18
824681,5000882,20682,47,0.8,64624.59
824682,5009678,21151,10,11.5,6909.9
824683,5010766,21310,8,11.2,15854.78
824684,5006805,21105,13,20.7,24738.71
824685,5008255,20223,4,1.0,7949.46
824686,5007907,20938,37,1.1,24739.8
824687,5003073,20722,43,1.2,99965.7
824688,5001011,21375,28,,45255.49
824689,5010484,20277,8,0.8,16135.79
824690,5007932,21330,7,0.8,
824691,5002646,20358,10,6.3,4005.3
824692,5007788,21373,25,20.1,23931.85
824693,5008344,20900,33,16.3,64421.56
824694,5000266,21447,19,21.4,25941.55
824695,5007130,20452,28,10.0,33115.57
824696,5001493,21025,15,21.9,22127.64
824697,5010718,20313,9,1.7,21448.22
824698,5010895,21098,36,17.0,21652.54
824699,5008659,20144,35,1.5,48526.32
824700,5004458,20055,30,20.6,40788.65
824701,5004557,20535,23,15.5,44869.2
824702,5001823,20089,37,15.6,57848.93
824703,5000648,21109,17,16.3,31743.48
824704,5006731,20930,12,11.2,13018.12
824705,5010003,20681,3,21.3,
824706,5011019,21060,2,0.5,2101.42
824707,5011827,20322,47,16.8,36356.94
824708,5002840,20272,9,5.2,733.41
824709,5009064,20986,50,5.6,26781.28
824710,5006051,20572,-4,15.3,-6852.98
824711,5002324,20398,26,26.4,32822.45
824712,5002529,20122,17,16.7,22992.51
824713,5006686,20882,1,15.8,83.91
824714,5003939,21096,2,,1407.12
824715,5011602,20637,24,1.2,27841.68
824716,5001287,20476,24,25.4,33756.56
824717,5003107,21432,7,0.4,13839.14
824718,5001547,20458,36,21.1,12717.89
824719,5002436,21012,27,0.3,11818.25
824720,5008189,21164,6,5.9,3872.37
824721,5004484,21064,38,0.7,67295.19
824722,5010315,20280,18,6.3,10493.18
824723,5010791,20735,5,0.2,3523.19
824724,5006351,21039,22,0.5,52677.41
824725,5005501,20185,1,,21.74
824726,5007464,21017,14,11.3,7824.33
824727,5005331,20044,33,15.6,23924.31
824728,5000852,20441,1,21.8,331.85
824729,5001403,20427,17,1.3,33327.79
824730,5002131,21016,15,6.4,28978.98
824731,5007518,20460,14,0.6,5202.36
824732,5002902,20658,15,0.1,31532.64
824733,5004248,20526,34,1.4,35001.07
824734,5002663,21402,24,25.6,13075.77
824735,5006195,20844,37,16.9,11019.42
824736,5004097,21273,12,0.2,4589.32
824737,5003391,20464,43,0.4,8693.23
824738,5009445,21165,8,5.4,2213.03
824739,5005653,20403,20,20.7,24028.06
824740,5002993,21021,9,,5531.81
824741,5004132,20728,20,1.6,22263.98
824742,5007170,20767,33,10.1,71131.68
824743,5006075,20962,28,11.9,44805.23
824744,5009240,21103,5,5.8,5734.99
824745,5003937,20359,7,26.9,4978.02
824746,5008995,21271,23,15.0,28107.03
824747,5001014,20855,9,1.8,7271.2
824748,5010859,20996,8,1.6,5261.33
824749,5006519,20785,46,1.1,27633.06
824750,5007959,21182,46,1.6,54063.77
824751,5009117,20082,35,0.7,7327.4
824752,5009351,20327,48,20.6,14960.1
824753,5010534,21176,42,10.3,44642.94
824754,5003521,21381,26,0.5,55558.67
824755,5003740,21500,21,1.2,24853.61
824756,5002085,21349,44,0.3,107698.57
824757,5009763,21272,13,6.5,26002.34
824758,5009411,21391,37,11.6,2012.85
824759,5008789,20719,27,10.9,2686.45
824760,5001854,20892,37,15.7,
824761,5007024,20741,38,,78820.91
824762,5011383,20295,1,15.2,43.71
824763,5005110,21162,13,0.3,27148.37
824764,5006199,21492,17,6.4,28405.15
824765,5005942,21242,25,1.8,32095.44
824766,5011849,21116,2,21.2,3768.03
824767,5004050,20124,42,21.9,32153.18
824768,5009562,20770,49,,33656.53
824769,5011563,21074,38,6.9,11724.98
824770,5003769,20754,30,1.8,33243.84
824771,5001833,20710,44,1.7,64144.01
824772,5000804,21391,30,16.4,1543.42
824773,5003751,21245,6,26.9,7897.04
824774,5008437,20213,8,0.9,1081.38
824775,5002760,20678,4,11.0,8474.62
824776,5005248,20526,43,6.8,
824777,5002001,20252,13,0.4,21408.87
824778,5010456,20207,23,11.5,49938.55
824779,5008056,20135,34,1.7,39385.15
824780,5002822,20373,33,11.8,54033.25
824781,5003912,21015,12,25.3,14893.42
824782,5005722,20766,39,,6610.86
824783,5002554,20534,11,0.4,23177.2
824784,5008760,20512,41,16.3,46348.2
824785,5000326,21388,15,,33394.92
824786,5010944,20696,28,1.3,68003.63
824787,5004411,21318,21,1.9,28894.14
824788,5009533,21375,40,25.8,57040.21
824789,5011901,20674,40,26.7,65746.29
824790,5005312,20508,10,11.3,12586.44
824791,5004487,20687,40,25.9,12010.72
824792,5011732,20382,28,16.1,30786.27
824793,5007742,21061,35,0.1,76342.23
824794,5004833,21484,21,1.1,35766.29
824795,5002712,20221,29,5.8,45703.29
824796,5001952,20982,24,1.5,7786.54
824797,5005188,21288,3,1.4,745.68
824798,5006357,20556,22,15.2,
824799,5006042,21428,2,0.7,1170.57
824800,5009535,20245,12,5.9,12609.32
824801,5003982,21366,2,15.5,3821.39
824802,5007240,21477,19,0.6,32486.38
824803,5003850,20888,19,16.5,28954.74
824804,5007866,21096,30,26.2,19642.83
824805,5000064,20937,35,25.8,4100.14
824806,5006046,20925,29,1.4,56153.18
824807,5004491,21154,6,16.3,
824808,5008197,20221,40,25.1,
824809,5003911,20093,7,,4211.1
824810,5010558,20348,17,0.1,2177.22
824811,5001158,21413,10,11.1,103.12
824812,5008022,20823,-1,1.7,-1459.06
824813,5010436,20428,28,1.7,613.23
824814,5009143,20533,7,,4473.52
824815,5002981,20790,18,21.8,32729.23
824816,5003240,20695,40,26.5,72040.0
824817,5003333,20919,12,16.1,6789.66
824818,5010181,20115,17,25.8,25746.18
824819,5011153,21144,23,25.6,2888.51
824820,5001081,20016,15,,20946.29
824821,5011435,21411,-7,25.1,-11406.99
824822,5008698,20071,7,15.9,6027.99
824823,5010635,21084,32,1.2,70936.5
824824,5004720,21163,14,25.7,11542.16
824825,5002660,20141,11,,
824826,5002097,21036,14,15.8,28374.54
824827,5005039,20798,43,0.8,100352.51
824828,5002923,20984,33,5.4,47812.86
824829,5003617,21218,29,,67496.48
824830,5008897,21059,27,6.2,27757.55
824831,5010447,20128,48,16.8,35118.92
824832,5000079,21158,39,11.3,15085.32
824833,5003658,20243,16,1.8,35019.06
824834,5011904,21038,15,20.3,21381.88
824835,5004238,21484,31,21.7,41800.53
824836,5010575,20111,7,20.5,3900.4
824837,5000681,20158,17,15.6,3695.76
824838,5011274,20135,-7,0.3,-8224.19
824839,5009807,20367,9,,17698.35
824840,5007454,20008,27,5.4,12568.96
824841,5008172,20110,41,20.5,50067.22
824842,5006874,21364,12,6.0,12906.24
824843,5003381,20450,44,0.2,29740.28
824844,5010041,21159,13,5.0,26892.62
824845,5002983,20773,39,0.3,22321.56
824846,5010362,21400,41,16.9,76154.82
824847,5002481,20754,24,11.4,23995.15
824848,5008603,20059,39,1.9,25193.93
824849,5007457,20272,22,1.3,1866.54
824850,5006714,21372,1,1.5,2026.69
824851,5005385,20949,30,10.4,10975.64
824852,5011229,21146,8,0.8,11764.41
824853,5001387,20094,5,,4540.6
824854,5005364,20903,32,20.5,31457.32
824855,5004927,21107,34,11.3,33539.31
824856,5008715,20016,2,0.1,2823.93
824857,5004927,20587,2,1.8,3876.37
824858,5010325,21215,28,1.5,59239.63
824859,5007227,21499,7,1.6,15161.87
824860,5008519,20461,4,1.0,44.55
824861,5002207,20054,37,16.2,67099.15
824862,5000704,20126,16,25.7,24424.01
824863,5006736,20497,43,26.1,45724.56
824864,5004955,20260,47,20.4,61698.37
824865,5005770,20829,15,,29827.96
824866,5010385,20731,21,21.0,15879.28
824867,5010073,20939,28,26.1,27166.53
824868,5001510,20976,34,,18729.27
824869,5009567,21060,37,10.6,22910.48
824870,5009577,20834,35,,48200.24
824871,5008088,21442,37,1.0,87558.52
824872,5007959,20900,31,10.3,64855.38
824873,5000491,20855,41,11.2,29953.59
824874,5010504,20672,50,0.4,107824.47
824875,5011559,20026,23,5.4,14608.1
824876,5005806,20356,50,26.6,72138.25
824877,5010723,20138,47,16.4,80406.36
824878,5000533,20792,18,1.6,31185.7
824879,5006381,20124,23,25.3,16841.16
824880,5003245,20508,12,25.1,12753.88
824881,5005929,20157,27,16.0,24056.0
824882,5004476,20763,29,,3184.58
824883,5000301,20483,41,21.4,74516.18
824884,5003297,21235,1,0.8,
824885,5002741,20540,9,1.9,4153.07
824886,5006486,20827,10,1.9,9428.69
824887,5004142,20216,46,,63473.03
824888,5009854,21046,27,1.5,38725.25
824889,5006928,20157,20,1.0,21001.27
824890,5009844,20326,23,25.7,37073.22
824891,5006173,20374,22,0.6,47392.33
824892,5010711,21171,30,0.3,15559.18
824893,5000371,20059,46,11.5,26807.94
824894,5001371,21274,14,15.4,
824895,5005849,20756,35,11.9,51691.79
824896,5006353,20341,3,0.6,2243.15
824897,5007641,20065,37,25.3,31448.48
824898,5007858,20885,43,5.2,83981.18
824899,5011135,20120,27,20.0,1225.58
824900,5010273,20984,30,1.7,45166.29
824901,5003390,20534,19,17.0,33361.12
824902,5002931,20960,22,2.0,33331.98
824903,5003789,20498,18,20.7,33735.31
824904,5001261,20084,6,1.8,6684.59
824905,5005598,21235,27,15.6,49308.45
824906,5008848,21453,49,20.6,25895.44
824907,5003568,20785,17,1.2,10201.89
824908,5000399,20489,44,10.9,56694.86
824909,5009826,21166,1,0.5,1962.4
824910,5003365,20179,39,5.2,38755.16
824911,5005977,20267,11,16.3,7938.28
824912,5009150,21409,46,1.4,101586.55
824913,5006597,20806,14,25.6,11336.36
824914,5010180,21084,38,0.8,84578.14
824915,5009144,20506,6,0.8,6611.24
824916,5002213,20006,14,26.2,2565.64
824917,5010936,21354,50,5.2,12855.83
824918,5007498,21107,14,15.2,13203.09
824919,5004662,21206,12,5.3,1831.65
824920,5002808,20959,20,25.6,5941.73
824921,5011598,20741,36,11.0,78278.53
824922,5007669,21359,21,6.2,15800.75
824923,5003926,20906,18,26.8,120.69
824924,5006672,21136,-4,0.4,-4599.57
824925,5003796,21491,28,20.2,43159.89
824926,5007063,20891,3,,5428.53
824927,5006054,20559,16,0.6,26849.29
824928,5011388,20242,50,10.5,61749.63
824929,5005842,20537,8,,2513.32
824930,5007037,21206,14,2.0,2211.39
824931,5007751,20995,27,16.3,36647.89
824932,5005034,20429,1,11.4,1558.46
824933,5004342,20265,22,5.7,13185.54
824934,5009354,21217,24,11.3,30893.78
824935,5011179,20245,19,21.1,16739.85
824936,5007492,20597,40,0.8,12984.88
824937,5000368,21154,26,1.8,13685.66
824938,5008119,20825,48,1.7,102035.87
824939,5003802,20242,8,21.6,8654.61
824940,5006555,20998,28,1.1,3454.3
824941,5005650,20163,25,,29700.92
824942,5004636,20071,3,20.3,3126.93
824943,5006853,20964,8,6.3,1463.97
824944,5009653,20385,-6,0.3,-2436.47
824945,5007349,21087,32,11.1,68179.9
824946,5006625,20751,7,21.9,6263.27
824947,5010026,20164,30,21.7,42599.58
824948,5010841,21470,40,0.3,73320.18
824949,5008052,20222,26,1.3,24498.74
824950,5006114,20020,8,1.1,1497.9
824951,5004607,20427,36,0.3,71291.56
824952,5000586,20386,24,,47681.18
824953,5005632,20869,37,21.4,31083.71
824954,5002468,20763,48,16.9,4465.06
824955,5002620,20822,14,0.4,32281.89
824956,5011742,20009,19,6.8,33802.27
824957,5001033,20070,42,11.7,23270.35
824958,5003682,20828,32,10.4,
824959,5008908,20086,29,16.1,22650.46
824960,5009003,21411,49,0.6,105967.7
824961,5004340,20388,39,,17072.68
824962,5005950,20534,9,16.5,15897.83
824963,5007360,21040,8,1.6,13736.88
824964,5005226,20891,1,20.9,1432.75
824965,5008682,20966,35,20.7,12521.95
824966,5000903,20775,49,,
824967,5009139,20823,15,6.8,20750.37
824968,5000655,20695,4,15.6,8272.35
824969,5000474,20194,18,1.4,28556.71
824970,5007662,20213,11,0.3,1495.9
824971,5001900,21035,4,1.1,3856.27
824972,5004352,20327,7,,14782.82
824973,5001340,21004,37,20.8,70496.05
824974,5009148,20063,46,0.2,28724.18
824975,5005563,20545,28,21.1,25755.3
824976,5000510,20061,28,26.4,8709.15
824977,5005746,20378,13,0.6,5399.85
824978,5002770,20582,50,10.4,54966.02
824979,5002412,21361,-10,0.4,-13145.41
824980,5001902,20611,29,0.9,66133.9
824981,5010112,20574,1,5.9,629.34
824982,5003469,20140,37,5.2,83243.77
824983,5010810,20496,25,25.1,40281.97
824984,5001092,20048,14,20.1,146.76
824985,5009524,20747,19,1.1,38429.47
824986,5000322,20392,41,0.2,42373.45
824987,5009153,20034,24,1.0,57297.48
824988,5002503,20091,47,1.2,48377.49
824989,5006493,20105,14,21.5,12706.42
824990,5011161,21274,22,0.2,29664.97
824991,5001007,20335,3,5.5,3770.81
824992,5003045,20668,31,1.8,48095.32
824993,5008378,20938,34,1.3,22687.89
824994,5009398,21492,44,5.6,74147.58
824995,5009798,20505,9,25.1,16046.01
824996,5005808,20109,22,16.2,31501.04
824997,5001044,20890,18,26.0,
824998,5011323,20551,43,26.5,60444.88
824999,5009800,20375,39,1.4,58816.93
825000,5006818,20077,38,11.6,71216.05
