date_key,date,year,quarter,month,month_name,month_year,week,day,day_name,day_of_week,is_weekend
20200210,10-02-2020,2020,Q1,2,February,2020-02,7,10,Monday,1,FALSE
20200211,11-02-2020,2020,Q1,2,February,2020-02,7,11,Tuesday,2,FALSE
20200212,12-02-2020,2020,Q1,2,February,2020-02,7,12,Wednesday,3,FALSE
20200213,13-02-2020,2020,Q1,2,February,2020-02,7,13,Thursday,4,FALSE
20200214,14-02-2020,2020,Q1,2,February,2020-02,7,14,Friday,5,FALSE
20200215,15-02-2020,2020,Q1,2,February,2020-02,7,15,Saturday,6,TRUE
20200216,16-02-2020,2020,Q1,2,February,2020-02,7,16,Sunday,7,TRUE
20200217,17-02-2020,2020,Q1,2,February,2020-02,8,17,Monday,1,FALSE
20200218,18-02-2020,2020,Q1,2,February,2020-02,8,18,Tuesday,2,FALSE
20200219,19-02-2020,2020,Q1,2,February,2020-02,8,19,Wednesday,3,FALSE
20200220,20-02-2020,2020,Q1,2,February,2020-02,8,20,Thursday,4,FALSE
20200221,21-02-2020,2020,Q1,2,February,2020-02,8,21,Friday,5,FALSE
20200222,22-02-2020,2020,Q1,2,February,2020-02,8,22,Saturday,6,TRUE
20200223,23-02-2020,2020,Q1,2,February,2020-02,8,23,Sunday,7,TRUE
20200224,24-02-2020,2020,Q1,2,February,2020-02,9,24,Monday,1,FALSE
20200225,25-02-2020,2020,Q1,2,February,2020-02,9,25,Tuesday,2,FALSE
20200226,26-02-2020,2020,Q1,2,February,2020-02,9,26,Wednesday,3,FALSE
20200227,27-02-2020,2020,Q1,2,February,2020-02,9,27,Thursday,4,FALSE
20200228,28-02-2020,2020,Q1,2,February,2020-02,9,28,Friday,5,FALSE
20200229,29-02-2020,2020,Q1,2,February,2020-02,9,29,Saturday,6,TRUE
20200301,01-03-2020,2020,Q1,3,March,2020-03,9,1,Sunday,7,TRUE
20200302,02-03-2020,2020,Q1,3,March,2020-03,10,2,Monday,1,FALSE
20200303,03-03-2020,2020,Q1,3,March,2020-03,10,3,Tuesday,2,FALSE
20200304,04-03-2020,2020,Q1,3,March,2020-03,10,4,Wednesday,3,FALSE
20200305,05-03-2020,2020,Q1,3,March,2020-03,10,5,Thursday,4,FALSE
20200306,06-03-2020,2020,Q1,3,March,2020-03,10,6,Friday,5,FALSE
20200307,07-03-2020,2020,Q1,3,March,2020-03,10,7,Saturday,6,TRUE
20200308,08-03-2020,2020,Q1,3,March,2020-03,10,8,Sunday,7,TRUE
20200309,09-03-2020,2020,Q1,3,March,2020-03,11,9,Monday,1,FALSE
20200310,10-03-2020,2020,Q1,3,March,2020-03,11,10,Tuesday,2,FALSE
20200311,11-03-2020,2020,Q1,3,March,2020-03,11,11,Wednesday,3,FALSE
20200312,12-03-2020,2020,Q1,3,March,2020-03,11,12,Thursday,4,FALSE
20200313,13-03-2020,2020,Q1,3,March,2020-03,11,13,Friday,5,FALSE
20200314,14-03-2020,2020,Q1,3,March,2020-03,11,14,Saturday,6,TRUE
20200315,15-03-2020,2020,Q1,3,March,2020-03,11,15,Sunday,7,TRUE
20200316,16-03-2020,2020,Q1,3,March,2020-03,12,16,Monday,1,FALSE
20200317,17-03-2020,2020,Q1,3,March,2020-03,12,17,Tuesday,2,FALSE
20200318,18-03-2020,2020,Q1,3,March,2020-03,12,18,Wednesday,3,FALSE
20200319,19-03-2020,2020,Q1,3,March,2020-03,12,19,Thursday,4,FALSE
20200320,20-03-2020,2020,Q1,3,March,2020-03,12,20,Friday,5,FALSE
20200321,21-03-2020,2020,Q1,3,March,2020-03,12,21,Saturday,6,TRUE
20200322,22-03-2020,2020,Q1,3,March,2020-03,12,22,Sunday,7,TRUE
20200323,23-03-2020,2020,Q1,3,March,2020-03,13,23,Monday,1,FALSE
20200324,24-03-2020,2020,Q1,3,March,2020-03,13,24,Tuesday,2,FALSE
20200325,25-03-2020,2020,Q1,3,March,2020-03,13,25,Wednesday,3,FALSE
20200326,26-03-2020,2020,Q1,3,March,2020-03,13,26,Thursday,4,FALSE
20200327,27-03-2020,2020,Q1,3,March,2020-03,13,27,Friday,5,FALSE
20200328,28-03-2020,2020,Q1,3,March,2020-03,13,28,Saturday,6,TRUE
20200329,29-03-2020,2020,Q1,3,March,2020-03,13,29,Sunday,7,TRUE
20200330,30-03-2020,2020,Q1,3,March,2020-03,14,30,Monday,1,FALSE
20200331,31-03-2020,2020,Q1,3,March,2020-03,14,31,Tuesday,2,FALSE
20200401,01-04-2020,2020,Q2,4,April,2020-04,14,1,Wednesday,3,FALSE
20200402,02-04-2020,2020,Q2,4,April,2020-04,14,2,Thursday,4,FALSE
20200403,03-04-2020,2020,Q2,4,April,2020-04,14,3,Friday,5,FALSE
20200404,04-04-2020,2020,Q2,4,April,2020-04,14,4,Saturday,6,TRUE
20200405,05-04-2020,2020,Q2,4,April,2020-04,14,5,Sunday,7,TRUE
20200406,06-04-2020,2020,Q2,4,April,2020-04,15,6,Monday,1,FALSE
20200407,07-04-2020,2020,Q2,4,April,2020-04,15,7,Tuesday,2,FALSE
20200408,08-04-2020,2020,Q2,4,April,2020-04,15,8,Wednesday,3,FALSE
20200409,09-04-2020,2020,Q2,4,April,2020-04,15,9,Thursday,4,FALSE
20200410,10-04-2020,2020,Q2,4,April,2020-04,15,10,Friday,5,FALSE
20200411,11-04-2020,2020,Q2,4,April,2020-04,15,11,Saturday,6,TRUE
20200412,12-04-2020,2020,Q2,4,April,2020-04,15,12,Sunday,7,TRUE
20200413,13-04-2020,2020,Q2,4,April,2020-04,16,13,Monday,1,FALSE
20200414,14-04-2020,2020,Q2,4,April,2020-04,16,14,Tuesday,2,FALSE
20200415,15-04-2020,2020,Q2,4,April,2020-04,16,15,Wednesday,3,FALSE
20200416,16-04-2020,2020,Q2,4,April,2020-04,16,16,Thursday,4,FALSE
20200417,17-04-2020,2020,Q2,4,April,2020-04,16,17,Friday,5,FALSE
20200418,18-04-2020,2020,Q2,4,April,2020-04,16,18,Saturday,6,TRUE
20200419,19-04-2020,2020,Q2,4,April,2020-04,16,19,Sunday,7,TRUE
20200420,20-04-2020,2020,Q2,4,April,2020-04,17,20,Monday,1,FALSE
20200421,21-04-2020,2020,Q2,4,April,2020-04,17,21,Tuesday,2,FALSE
20200422,22-04-2020,2020,Q2,4,April,2020-04,17,22,Wednesday,3,FALSE
20200423,23-04-2020,2020,Q2,4,April,2020-04,17,23,Thursday,4,FALSE
20200424,24-04-2020,2020,Q2,4,April,2020-04,17,24,Friday,5,FALSE
20200425,25-04-2020,2020,Q2,4,April,2020-04,17,25,Saturday,6,TRUE
20200426,26-04-2020,2020,Q2,4,April,2020-04,17,26,Sunday,7,TRUE
20200427,27-04-2020,2020,Q2,4,April,2020-04,18,27,Monday,1,FALSE
20200428,28-04-2020,2020,Q2,4,April,2020-04,18,28,Tuesday,2,FALSE
20200429,29-04-2020,2020,Q2,4,April,2020-04,18,29,Wednesday,3,FALSE
20200430,30-04-2020,2020,Q2,4,April,2020-04,18,30,Thursday,4,FALSE
20200501,01-05-2020,2020,Q2,5,May,2020-05,18,1,Friday,5,FALSE
20200502,02-05-2020,2020,Q2,5,May,2020-05,18,2,Saturday,6,TRUE
20200503,03-05-2020,2020,Q2,5,May,2020-05,18,3,Sunday,7,TRUE
20200504,04-05-2020,2020,Q2,5,May,2020-05,19,4,Monday,1,FALSE
20200505,05-05-2020,2020,Q2,5,May,2020-05,19,5,Tuesday,2,FALSE
20200506,06-05-2020,2020,Q2,5,May,2020-05,19,6,Wednesday,3,FALSE
20200507,07-05-2020,2020,Q2,5,May,2020-05,19,7,Thursday,4,FALSE
20200508,08-05-2020,2020,Q2,5,May,2020-05,19,8,Friday,5,FALSE
20200509,09-05-2020,2020,Q2,5,May,2020-05,19,9,Saturday,6,TRUE
20200510,10-05-2020,2020,Q2,5,May,2020-05,19,10,Sunday,7,TRUE
20200511,11-05-2020,2020,Q2,5,May,2020-05,20,11,Monday,1,FALSE
20200512,12-05-2020,2020,Q2,5,May,2020-05,20,12,Tuesday,2,FALSE
20200513,13-05-2020,2020,Q2,5,May,2020-05,20,13,Wednesday,3,FALSE
20200514,14-05-2020,2020,Q2,5,May,2020-05,20,14,Thursday,4,FALSE
20200515,15-05-2020,2020,Q2,5,May,2020-05,20,15,Friday,5,FALSE
20200516,16-05-2020,2020,Q2,5,May,2020-05,20,16,Saturday,6,TRUE
20200517,17-05-2020,2020,Q2,5,May,2020-05,20,17,Sunday,7,TRUE
20200518,18-05-2020,2020,Q2,5,May,2020-05,21,18,Monday,1,FALSE
20200519,19-05-2020,2020,Q2,5,May,2020-05,21,19,Tuesday,2,FALSE
20200520,20-05-2020,2020,Q2,5,May,2020-05,21,20,Wednesday,3,FALSE
20200521,21-05-2020,2020,Q2,5,May,2020-05,21,21,Thursday,4,FALSE
20200522,22-05-2020,2020,Q2,5,May,2020-05,21,22,Friday,5,FALSE
20200523,23-05-2020,2020,Q2,5,May,2020-05,21,23,Saturday,6,TRUE
20200524,24-05-2020,2020,Q2,5,May,2020-05,21,24,Sunday,7,TRUE
20200525,25-05-2020,2020,Q2,5,May,2020-05,22,25,Monday,1,FALSE
20200526,26-05-2020,2020,Q2,5,May,2020-05,22,26,Tuesday,2,FALSE
20200527,27-05-2020,2020,Q2,5,May,2020-05,22,27,Wednesday,3,FALSE
20200528,28-05-2020,2020,Q2,5,May,2020-05,22,28,Thursday,4,FALSE
20200529,29-05-2020,2020,Q2,5,May,2020-05,22,29,Friday,5,FALSE
20200530,30-05-2020,2020,Q2,5,May,2020-05,22,30,Saturday,6,TRUE
20200531,31-05-2020,2020,Q2,5,May,2020-05,22,31,Sunday,7,TRUE
20200601,01-06-2020,2020,Q2,6,June,2020-06,23,1,Monday,1,FALSE
20200602,02-06-2020,2020,Q2,6,June,2020-06,23,2,Tuesday,2,FALSE
20200603,03-06-2020,2020,Q2,6,June,2020-06,23,3,Wednesday,3,FALSE
20200604,04-06-2020,2020,Q2,6,June,2020-06,23,4,Thursday,4,FALSE
20200605,05-06-2020,2020,Q2,6,June,2020-06,23,5,Friday,5,FALSE
20200606,06-06-2020,2020,Q2,6,June,2020-06,23,6,Saturday,6,TRUE
20200607,07-06-2020,2020,Q2,6,June,2020-06,23,7,Sunday,7,TRUE
20200608,08-06-2020,2020,Q2,6,June,2020-06,24,8,Monday,1,FALSE
20200609,09-06-2020,2020,Q2,6,June,2020-06,24,9,Tuesday,2,FALSE
20200610,10-06-2020,2020,Q2,6,June,2020-06,24,10,Wednesday,3,FALSE
20200611,11-06-2020,2020,Q2,6,June,2020-06,24,11,Thursday,4,FALSE
20200612,12-06-2020,2020,Q2,6,June,2020-06,24,12,Friday,5,FALSE
20200613,13-06-2020,2020,Q2,6,June,2020-06,24,13,Saturday,6,TRUE
20200614,14-06-2020,2020,Q2,6,June,2020-06,24,14,Sunday,7,TRUE
20200615,15-06-2020,2020,Q2,6,June,2020-06,25,15,Monday,1,FALSE
20200616,16-06-2020,2020,Q2,6,June,2020-06,25,16,Tuesday,2,FALSE
20200617,17-06-2020,2020,Q2,6,June,2020-06,25,17,Wednesday,3,FALSE
20200618,18-06-2020,2020,Q2,6,June,2020-06,25,18,Thursday,4,FALSE
20200619,19-06-2020,2020,Q2,6,June,2020-06,25,19,Friday,5,FALSE
20200620,20-06-2020,2020,Q2,6,June,2020-06,25,20,Saturday,6,TRUE
20200621,21-06-2020,2020,Q2,6,June,2020-06,25,21,Sunday,7,TRUE
20200622,22-06-2020,2020,Q2,6,June,2020-06,26,22,Monday,1,FALSE
20200623,23-06-2020,2020,Q2,6,June,2020-06,26,23,Tuesday,2,FALSE
20200624,24-06-2020,2020,Q2,6,June,2020-06,26,24,Wednesday,3,FALSE
20200625,25-06-2020,2020,Q2,6,June,2020-06,26,25,Thursday,4,FALSE
20200626,26-06-2020,2020,Q2,6,June,2020-06,26,26,Friday,5,FALSE
20200627,27-06-2020,2020,Q2,6,June,2020-06,26,27,Saturday,6,TRUE
20200628,28-06-2020,2020,Q2,6,June,2020-06,26,28,Sunday,7,TRUE
20200629,29-06-2020,2020,Q2,6,June,2020-06,27,29,Monday,1,FALSE
20200630,30-06-2020,2020,Q2,6,June,2020-06,27,30,Tuesday,2,FALSE
20200701,01-07-2020,2020,Q3,7,July,2020-07,27,1,Wednesday,3,FALSE
20200702,02-07-2020,2020,Q3,7,July,2020-07,27,2,Thursday,4,FALSE
20200703,03-07-2020,2020,Q3,7,July,2020-07,27,3,Friday,5,FALSE
20200704,04-07-2020,2020,Q3,7,July,2020-07,27,4,Saturday,6,TRUE
20200705,05-07-2020,2020,Q3,7,July,2020-07,27,5,Sunday,7,TRUE
20200706,06-07-2020,2020,Q3,7,July,2020-07,28,6,Monday,1,FALSE
20200707,07-07-2020,2020,Q3,7,July,2020-07,28,7,Tuesday,2,FALSE
20200708,08-07-2020,2020,Q3,7,July,2020-07,28,8,Wednesday,3,FALSE
20200709,09-07-2020,2020,Q3,7,July,2020-07,28,9,Thursday,4,FALSE
20200710,10-07-2020,2020,Q3,7,July,2020-07,28,10,Friday,5,FALSE
20200711,11-07-2020,2020,Q3,7,July,2020-07,28,11,Saturday,6,TRUE
20200712,12-07-2020,2020,Q3,7,July,2020-07,28,12,Sunday,7,TRUE
20200713,13-07-2020,2020,Q3,7,July,2020-07,29,13,Monday,1,FALSE
20200714,14-07-2020,2020,Q3,7,July,2020-07,29,14,Tuesday,2,FALSE
20200715,15-07-2020,2020,Q3,7,July,2020-07,29,15,Wednesday,3,FALSE
20200716,16-07-2020,2020,Q3,7,July,2020-07,29,16,Thursday,4,FALSE
20200717,17-07-2020,2020,Q3,7,July,2020-07,29,17,Friday,5,FALSE
20200718,18-07-2020,2020,Q3,7,July,2020-07,29,18,Saturday,6,TRUE
20200719,19-07-2020,2020,Q3,7,July,2020-07,29,19,Sunday,7,TRUE
20200720,20-07-2020,2020,Q3,7,July,2020-07,30,20,Monday,1,FALSE
20200721,21-07-2020,2020,Q3,7,July,2020-07,30,21,Tuesday,2,FALSE
20200722,22-07-2020,2020,Q3,7,July,2020-07,30,22,Wednesday,3,FALSE
20200723,23-07-2020,2020,Q3,7,July,2020-07,30,23,Thursday,4,FALSE
20200724,24-07-2020,2020,Q3,7,July,2020-07,30,24,Friday,5,FALSE
20200725,25-07-2020,2020,Q3,7,July,2020-07,30,25,Saturday,6,TRUE
20200726,26-07-2020,2020,Q3,7,July,2020-07,30,26,Sunday,7,TRUE
20200727,27-07-2020,2020,Q3,7,July,2020-07,31,27,Monday,1,FALSE
20200728,28-07-2020,2020,Q3,7,July,2020-07,31,28,Tuesday,2,FALSE
20200729,29-07-2020,2020,Q3,7,July,2020-07,31,29,Wednesday,3,FALSE
20200730,30-07-2020,2020,Q3,7,July,2020-07,31,30,Thursday,4,FALSE
20200731,31-07-2020,2020,Q3,7,July,2020-07,31,31,Friday,5,FALSE
20200801,01-08-2020,2020,Q3,8,August,2020-08,31,1,Saturday,6,TRUE
20200802,02-08-2020,2020,Q3,8,August,2020-08,31,2,Sunday,7,TRUE
20200803,03-08-2020,2020,Q3,8,August,2020-08,32,3,Monday,1,FALSE
20200804,04-08-2020,2020,Q3,8,August,2020-08,32,4,Tuesday,2,FALSE
20200805,05-08-2020,2020,Q3,8,August,2020-08,32,5,Wednesday,3,FALSE
20200806,06-08-2020,2020,Q3,8,August,2020-08,32,6,Thursday,4,FALSE
20200807,07-08-2020,2020,Q3,8,August,2020-08,32,7,Friday,5,FALSE
20200808,08-08-2020,2020,Q3,8,August,2020-08,32,8,Saturday,6,TRUE
20200809,09-08-2020,2020,Q3,8,August,2020-08,32,9,Sunday,7,TRUE
20200810,10-08-2020,2020,Q3,8,August,2020-08,33,10,Monday,1,FALSE
20200811,11-08-2020,2020,Q3,8,August,2020-08,33,11,Tuesday,2,FALSE
20200812,12-08-2020,2020,Q3,8,August,2020-08,33,12,Wednesday,3,FALSE
20200813,13-08-2020,2020,Q3,8,August,2020-08,33,13,Thursday,4,FALSE
20200814,14-08-2020,2020,Q3,8,August,2020-08,33,14,Friday,5,FALSE
20200815,15-08-2020,2020,Q3,8,August,2020-08,33,15,Saturday,6,TRUE
20200816,16-08-2020,2020,Q3,8,August,2020-08,33,16,Sunday,7,TRUE
20200817,17-08-2020,2020,Q3,8,August,2020-08,34,17,Monday,1,FALSE
20200818,18-08-2020,2020,Q3,8,August,2020-08,34,18,Tuesday,2,FALSE
20200819,19-08-2020,2020,Q3,8,August,2020-08,34,19,Wednesday,3,FALSE
20200820,20-08-2020,2020,Q3,8,August,2020-08,34,20,Thursday,4,FALSE
20200821,21-08-2020,2020,Q3,8,August,2020-08,34,21,Friday,5,FALSE
20200822,22-08-2020,2020,Q3,8,August,2020-08,34,22,Saturday,6,TRUE
20200823,23-08-2020,2020,Q3,8,August,2020-08,34,23,Sunday,7,TRUE
20200824,24-08-2020,2020,Q3,8,August,2020-08,35,24,Monday,1,FALSE
20200825,25-08-2020,2020,Q3,8,August,2020-08,35,25,Tuesday,2,FALSE
20200826,26-08-2020,2020,Q3,8,August,2020-08,35,26,Wednesday,3,FALSE
20200827,27-08-2020,2020,Q3,8,August,2020-08,35,27,Thursday,4,FALSE
20200828,28-08-2020,2020,Q3,8,August,2020-08,35,28,Friday,5,FALSE
20200829,29-08-2020,2020,Q3,8,August,2020-08,35,29,Saturday,6,TRUE
20200830,30-08-2020,2020,Q3,8,August,2020-08,35,30,Sunday,7,TRUE
20200831,31-08-2020,2020,Q3,8,August,2020-08,36,31,Monday,1,FALSE
20200901,01-09-2020,2020,Q3,9,September,2020-09,36,1,Tuesday,2,FALSE
20200902,02-09-2020,2020,Q3,9,September,2020-09,36,2,Wednesday,3,FALSE
20200903,03-09-2020,2020,Q3,9,September,2020-09,36,3,Thursday,4,FALSE
20200904,04-09-2020,2020,Q3,9,September,2020-09,36,4,Friday,5,FALSE
20200905,05-09-2020,2020,Q3,9,September,2020-09,36,5,Saturday,6,TRUE
20200906,06-09-2020,2020,Q3,9,September,2020-09,36,6,Sunday,7,TRUE
20200907,07-09-2020,2020,Q3,9,September,2020-09,37,7,Monday,1,FALSE
20200908,08-09-2020,2020,Q3,9,September,2020-09,37,8,Tuesday,2,FALSE
20200909,09-09-2020,2020,Q3,9,September,2020-09,37,9,Wednesday,3,FALSE
20200910,10-09-2020,2020,Q3,9,September,2020-09,37,10,Thursday,4,FALSE
20200911,11-09-2020,2020,Q3,9,September,2020-09,37,11,Friday,5,FALSE
20200912,12-09-2020,2020,Q3,9,September,2020-09,37,12,Saturday,6,TRUE
20200913,13-09-2020,2020,Q3,9,September,2020-09,37,13,Sunday,7,TRUE
20200914,14-09-2020,2020,Q3,9,September,2020-09,38,14,Monday,1,FALSE
20200915,15-09-2020,2020,Q3,9,September,2020-09,38,15,Tuesday,2,FALSE
20200916,16-09-2020,2020,Q3,9,September,2020-09,38,16,Wednesday,3,FALSE
20200917,17-09-2020,2020,Q3,9,September,2020-09,38,17,Thursday,4,FALSE
20200918,18-09-2020,2020,Q3,9,September,2020-09,38,18,Friday,5,FALSE
20200919,19-09-2020,2020,Q3,9,September,2020-09,38,19,Saturday,6,TRUE
20200920,20-09-2020,2020,Q3,9,September,2020-09,38,20,Sunday,7,TRUE
20200921,21-09-2020,2020,Q3,9,September,2020-09,39,21,Monday,1,FALSE
20200922,22-09-2020,2020,Q3,9,September,2020-09,39,22,Tuesday,2,FALSE
20200923,23-09-2020,2020,Q3,9,September,2020-09,39,23,Wednesday,3,FALSE
20200924,24-09-2020,2020,Q3,9,September,2020-09,39,24,Thursday,4,FALSE
20200925,25-09-2020,2020,Q3,9,September,2020-09,39,25,Friday,5,FALSE
20200926,26-09-2020,2020,Q3,9,September,2020-09,39,26,Saturday,6,TRUE
20200927,27-09-2020,2020,Q3,9,September,2020-09,39,27,Sunday,7,TRUE
20200928,28-09-2020,2020,Q3,9,September,2020-09,40,28,Monday,1,FALSE
20200929,29-09-2020,2020,Q3,9,September,2020-09,40,29,Tuesday,2,FALSE
20200930,30-09-2020,2020,Q3,9,September,2020-09,40,30,Wednesday,3,FALSE
20201001,01-10-2020,2020,Q4,10,October,2020-10,40,1,Thursday,4,FALSE
20201002,02-10-2020,2020,Q4,10,October,2020-10,40,2,Friday,5,FALSE
20201003,03-10-2020,2020,Q4,10,October,2020-10,40,3,Saturday,6,TRUE
20201004,04-10-2020,2020,Q4,10,October,2020-10,40,4,Sunday,7,TRUE
20201005,05-10-2020,2020,Q4,10,October,2020-10,41,5,Monday,1,FALSE
20201006,06-10-2020,2020,Q4,10,October,2020-10,41,6,Tuesday,2,FALSE
20201007,07-10-2020,2020,Q4,10,October,2020-10,41,7,Wednesday,3,FALSE
20201008,08-10-2020,2020,Q4,10,October,2020-10,41,8,Thursday,4,FALSE
20201009,09-10-2020,2020,Q4,10,October,2020-10,41,9,Friday,5,FALSE
20201010,10-10-2020,2020,Q4,10,October,2020-10,41,10,Saturday,6,TRUE
20201011,11-10-2020,2020,Q4,10,October,2020-10,41,11,Sunday,7,TRUE
20201012,12-10-2020,2020,Q4,10,October,2020-10,42,12,Monday,1,FALSE
20201013,13-10-2020,2020,Q4,10,October,2020-10,42,13,Tuesday,2,FALSE
20201014,14-10-2020,2020,Q4,10,October,2020-10,42,14,Wednesday,3,FALSE
20201015,15-10-2020,2020,Q4,10,October,2020-10,42,15,Thursday,4,FALSE
20201016,16-10-2020,2020,Q4,10,October,2020-10,42,16,Friday,5,FALSE
20201017,17-10-2020,2020,Q4,10,October,2020-10,42,17,Saturday,6,TRUE
20201018,18-10-2020,2020,Q4,10,October,2020-10,42,18,Sunday,7,TRUE
20201019,19-10-2020,2020,Q4,10,October,2020-10,43,19,Monday,1,FALSE
20201020,20-10-2020,2020,Q4,10,October,2020-10,43,20,Tuesday,2,FALSE
20201021,21-10-2020,2020,Q4,10,October,2020-10,43,21,Wednesday,3,FALSE
20201022,22-10-2020,2020,Q4,10,October,2020-10,43,22,Thursday,4,FALSE
20201023,23-10-2020,2020,Q4,10,October,2020-10,43,23,Friday,5,FALSE
20201024,24-10-2020,2020,Q4,10,October,2020-10,43,24,Saturday,6,TRUE
20201025,25-10-2020,2020,Q4,10,October,2020-10,43,25,Sunday,7,TRUE
20201026,26-10-2020,2020,Q4,10,October,2020-10,44,26,Monday,1,FALSE
20201027,27-10-2020,2020,Q4,10,October,2020-10,44,27,Tuesday,2,FALSE
20201028,28-10-2020,2020,Q4,10,October,2020-10,44,28,Wednesday,3,FALSE
20201029,29-10-2020,2020,Q4,10,October,2020-10,44,29,Thursday,4,FALSE
20201030,30-10-2020,2020,Q4,10,October,2020-10,44,30,Friday,5,FALSE
20201031,31-10-2020,2020,Q4,10,October,2020-10,44,31,Saturday,6,TRUE
20201101,01-11-2020,2020,Q4,11,November,2020-11,44,1,Sunday,7,TRUE
20201102,02-11-2020,2020,Q4,11,November,2020-11,45,2,Monday,1,FALSE
20201103,03-11-2020,2020,Q4,11,November,2020-11,45,3,Tuesday,2,FALSE
20201104,04-11-2020,2020,Q4,11,November,2020-11,45,4,Wednesday,3,FALSE
20201105,05-11-2020,2020,Q4,11,November,2020-11,45,5,Thursday,4,FALSE
20201106,06-11-2020,2020,Q4,11,November,2020-11,45,6,Friday,5,FALSE
20201107,07-11-2020,2020,Q4,11,November,2020-11,45,7,Saturday,6,TRUE
20201108,08-11-2020,2020,Q4,11,November,2020-11,45,8,Sunday,7,TRUE
20201109,09-11-2020,2020,Q4,11,November,2020-11,46,9,Monday,1,FALSE
20201110,10-11-2020,2020,Q4,11,November,2020-11,46,10,Tuesday,2,FALSE
20201111,11-11-2020,2020,Q4,11,November,2020-11,46,11,Wednesday,3,FALSE
20201112,12-11-2020,2020,Q4,11,November,2020-11,46,12,Thursday,4,FALSE
20201113,13-11-2020,2020,Q4,11,November,2020-11,46,13,Friday,5,FALSE
20201114,14-11-2020,2020,Q4,11,November,2020-11,46,14,Saturday,6,TRUE
20201115,15-11-2020,2020,Q4,11,November,2020-11,46,15,Sunday,7,TRUE
20201116,16-11-2020,2020,Q4,11,November,2020-11,47,16,Monday,1,FALSE
20201117,17-11-2020,2020,Q4,11,November,2020-11,47,17,Tuesday,2,FALSE
20201118,18-11-2020,2020,Q4,11,November,2020-11,47,18,Wednesday,3,FALSE
20201119,19-11-2020,2020,Q4,11,November,2020-11,47,19,Thursday,4,FALSE
20201120,20-11-2020,2020,Q4,11,November,2020-11,47,20,Friday,5,FALSE
20201121,21-11-2020,2020,Q4,11,November,2020-11,47,21,Saturday,6,TRUE
20201122,22-11-2020,2020,Q4,11,November,2020-11,47,22,Sunday,7,TRUE
20201123,23-11-2020,2020,Q4,11,November,2020-11,48,23,Monday,1,FALSE
20201124,24-11-2020,2020,Q4,11,November,2020-11,48,24,Tuesday,2,FALSE
20201125,25-11-2020,2020,Q4,11,November,2020-11,48,25,Wednesday,3,FALSE
20201126,26-11-2020,2020,Q4,11,November,2020-11,48,26,Thursday,4,FALSE
20201127,27-11-2020,2020,Q4,11,November,2020-11,48,27,Friday,5,FALSE
20201128,28-11-2020,2020,Q4,11,November,2020-11,48,28,Saturday,6,TRUE
20201129,29-11-2020,2020,Q4,11,November,2020-11,48,29,Sunday,7,TRUE
20201130,30-11-2020,2020,Q4,11,November,2020-11,49,30,Monday,1,FALSE
20201201,01-12-2020,2020,Q4,12,December,2020-12,49,1,Tuesday,2,FALSE
20201202,02-12-2020,2020,Q4,12,December,2020-12,49,2,Wednesday,3,FALSE
20201203,03-12-2020,2020,Q4,12,December,2020-12,49,3,Thursday,4,FALSE
20201204,04-12-2020,2020,Q4,12,December,2020-12,49,4,Friday,5,FALSE
20201205,05-12-2020,2020,Q4,12,December,2020-12,49,5,Saturday,6,TRUE
20201206,06-12-2020,2020,Q4,12,December,2020-12,49,6,Sunday,7,TRUE
20201207,07-12-2020,2020,Q4,12,December,2020-12,50,7,Monday,1,FALSE
20201208,08-12-2020,2020,Q4,12,December,2020-12,50,8,Tuesday,2,FALSE
20201209,09-12-2020,2020,Q4,12,December,2020-12,50,9,Wednesday,3,FALSE
20201210,10-12-2020,2020,Q4,12,December,2020-12,50,10,Thursday,4,FALSE
20201211,11-12-2020,2020,Q4,12,December,2020-12,50,11,Friday,5,FALSE
20201212,12-12-2020,2020,Q4,12,December,2020-12,50,12,Saturday,6,TRUE
20201213,13-12-2020,2020,Q4,12,December,2020-12,50,13,Sunday,7,TRUE
20201214,14-12-2020,2020,Q4,12,December,2020-12,51,14,Monday,1,FALSE
20201215,15-12-2020,2020,Q4,12,December,2020-12,51,15,Tuesday,2,FALSE
20201216,16-12-2020,2020,Q4,12,December,2020-12,51,16,Wednesday,3,FALSE
20201217,17-12-2020,2020,Q4,12,December,2020-12,51,17,Thursday,4,FALSE
20201218,18-12-2020,2020,Q4,12,December,2020-12,51,18,Friday,5,FALSE
20201219,19-12-2020,2020,Q4,12,December,2020-12,51,19,Saturday,6,TRUE
20201220,20-12-2020,2020,Q4,12,December,2020-12,51,20,Sunday,7,TRUE
20201221,21-12-2020,2020,Q4,12,December,2020-12,52,21,Monday,1,FALSE
20201222,22-12-2020,2020,Q4,12,December,2020-12,52,22,Tuesday,2,FALSE
20201223,23-12-2020,2020,Q4,12,December,2020-12,52,23,Wednesday,3,FALSE
20201224,24-12-2020,2020,Q4,12,December,2020-12,52,24,Thursday,4,FALSE
20201225,25-12-2020,2020,Q4,12,December,2020-12,52,25,Friday,5,FALSE
20201226,26-12-2020,2020,Q4,12,December,2020-12,52,26,Saturday,6,TRUE
20201227,27-12-2020,2020,Q4,12,December,2020-12,52,27,Sunday,7,TRUE
20201228,28-12-2020,2020,Q4,12,December,2020-12,53,28,Monday,1,FALSE
20201229,29-12-2020,2020,Q4,12,December,2020-12,53,29,Tuesday,2,FALSE
20201230,30-12-2020,2020,Q4,12,December,2020-12,53,30,Wednesday,3,FALSE
20201231,31-12-2020,2020,Q4,12,December,2020-12,53,31,Thursday,4,FALSE
20210101,01-01-2021,2021,Q1,1,January,2021-01,53,1,Friday,5,FALSE
20210102,02-01-2021,2021,Q1,1,January,2021-01,53,2,Saturday,6,TRUE
20210103,03-01-2021,2021,Q1,1,January,2021-01,53,3,Sunday,7,TRUE
20210104,04-01-2021,2021,Q1,1,January,2021-01,1,4,Monday,1,FALSE
20210105,05-01-2021,2021,Q1,1,January,2021-01,1,5,Tuesday,2,FALSE
20210106,06-01-2021,2021,Q1,1,January,2021-01,1,6,Wednesday,3,FALSE
20210107,07-01-2021,2021,Q1,1,January,2021-01,1,7,Thursday,4,FALSE
20210108,08-01-2021,2021,Q1,1,January,2021-01,1,8,Friday,5,FALSE
20210109,09-01-2021,2021,Q1,1,January,2021-01,1,9,Saturday,6,TRUE
20210110,10-01-2021,2021,Q1,1,January,2021-01,1,10,Sunday,7,TRUE
20210111,11-01-2021,2021,Q1,1,January,2021-01,2,11,Monday,1,FALSE
20210112,12-01-2021,2021,Q1,1,January,2021-01,2,12,Tuesday,2,FALSE
20210113,13-01-2021,2021,Q1,1,January,2021-01,2,13,Wednesday,3,FALSE
20210114,14-01-2021,2021,Q1,1,January,2021-01,2,14,Thursday,4,FALSE
20210115,15-01-2021,2021,Q1,1,January,2021-01,2,15,Friday,5,FALSE
20210116,16-01-2021,2021,Q1,1,January,2021-01,2,16,Saturday,6,TRUE
20210117,17-01-2021,2021,Q1,1,January,2021-01,2,17,Sunday,7,TRUE
20210118,18-01-2021,2021,Q1,1,January,2021-01,3,18,Monday,1,FALSE
20210119,19-01-2021,2021,Q1,1,January,2021-01,3,19,Tuesday,2,FALSE
20210120,20-01-2021,2021,Q1,1,January,2021-01,3,20,Wednesday,3,FALSE
20210121,21-01-2021,2021,Q1,1,January,2021-01,3,21,Thursday,4,FALSE
20210122,22-01-2021,2021,Q1,1,January,2021-01,3,22,Friday,5,FALSE
20210123,23-01-2021,2021,Q1,1,January,2021-01,3,23,Saturday,6,TRUE
20210124,24-01-2021,2021,Q1,1,January,2021-01,3,24,Sunday,7,TRUE
20210125,25-01-2021,2021,Q1,1,January,2021-01,4,25,Monday,1,FALSE
20210126,26-01-2021,2021,Q1,1,January,2021-01,4,26,Tuesday,2,FALSE
20210127,27-01-2021,2021,Q1,1,January,2021-01,4,27,Wednesday,3,FALSE
20210128,28-01-2021,2021,Q1,1,January,2021-01,4,28,Thursday,4,FALSE
20210129,29-01-2021,2021,Q1,1,January,2021-01,4,29,Friday,5,FALSE
20210130,30-01-2021,2021,Q1,1,January,2021-01,4,30,Saturday,6,TRUE
20210131,31-01-2021,2021,Q1,1,January,2021-01,4,31,Sunday,7,TRUE
20210201,01-02-2021,2021,Q1,2,February,2021-02,5,1,Monday,1,FALSE
20210202,02-02-2021,2021,Q1,2,February,2021-02,5,2,Tuesday,2,FALSE
20210203,03-02-2021,2021,Q1,2,February,2021-02,5,3,Wednesday,3,FALSE
20210204,04-02-2021,2021,Q1,2,February,2021-02,5,4,Thursday,4,FALSE
20210205,05-02-2021,2021,Q1,2,February,2021-02,5,5,Friday,5,FALSE
20210206,06-02-2021,2021,Q1,2,February,2021-02,5,6,Saturday,6,TRUE
20210207,07-02-2021,2021,Q1,2,February,2021-02,5,7,Sunday,7,TRUE
20210208,08-02-2021,2021,Q1,2,February,2021-02,6,8,Monday,1,FALSE
20210209,09-02-2021,2021,Q1,2,February,2021-02,6,9,Tuesday,2,FALSE
20210210,10-02-2021,2021,Q1,2,February,2021-02,6,10,Wednesday,3,FALSE
20210211,11-02-2021,2021,Q1,2,February,2021-02,6,11,Thursday,4,FALSE
20210212,12-02-2021,2021,Q1,2,February,2021-02,6,12,Friday,5,FALSE
20210213,13-02-2021,2021,Q1,2,February,2021-02,6,13,Saturday,6,TRUE
20210214,14-02-2021,2021,Q1,2,February,2021-02,6,14,Sunday,7,TRUE
20210215,15-02-2021,2021,Q1,2,February,2021-02,7,15,Monday,1,FALSE
20210216,16-02-2021,2021,Q1,2,February,2021-02,7,16,Tuesday,2,FALSE
20210217,17-02-2021,2021,Q1,2,February,2021-02,7,17,Wednesday,3,FALSE
20210218,18-02-2021,2021,Q1,2,February,2021-02,7,18,Thursday,4,FALSE
20210219,19-02-2021,2021,Q1,2,February,2021-02,7,19,Friday,5,FALSE
20210220,20-02-2021,2021,Q1,2,February,2021-02,7,20,Saturday,6,TRUE
20210221,21-02-2021,2021,Q1,2,February,2021-02,7,21,Sunday,7,TRUE
20210222,22-02-2021,2021,Q1,2,February,2021-02,8,22,Monday,1,FALSE
20210223,23-02-2021,2021,Q1,2,February,2021-02,8,23,Tuesday,2,FALSE
20210224,24-02-2021,2021,Q1,2,February,2021-02,8,24,Wednesday,3,FALSE
20210225,25-02-2021,2021,Q1,2,February,2021-02,8,25,Thursday,4,FALSE
20210226,26-02-2021,2021,Q1,2,February,2021-02,8,26,Friday,5,FALSE
20210227,27-02-2021,2021,Q1,2,February,2021-02,8,27,Saturday,6,TRUE
20210228,28-02-2021,2021,Q1,2,February,2021-02,8,28,Sunday,7,TRUE
20210301,01-03-2021,2021,Q1,3,March,2021-03,9,1,Monday,1,FALSE
20210302,02-03-2021,2021,Q1,3,March,2021-03,9,2,Tuesday,2,FALSE
20210303,03-03-2021,2021,Q1,3,March,2021-03,9,3,Wednesday,3,FALSE
20210304,04-03-2021,2021,Q1,3,March,2021-03,9,4,Thursday,4,FALSE
20210305,05-03-2021,2021,Q1,3,March,2021-03,9,5,Friday,5,FALSE
20210306,06-03-2021,2021,Q1,3,March,2021-03,9,6,Saturday,6,TRUE
20210307,07-03-2021,2021,Q1,3,March,2021-03,9,7,Sunday,7,TRUE
20210308,08-03-2021,2021,Q1,3,March,2021-03,10,8,Monday,1,FALSE
20210309,09-03-2021,2021,Q1,3,March,2021-03,10,9,Tuesday,2,FALSE
20210310,10-03-2021,2021,Q1,3,March,2021-03,10,10,Wednesday,3,FALSE
20210311,11-03-2021,2021,Q1,3,March,2021-03,10,11,Thursday,4,FALSE
20210312,12-03-2021,2021,Q1,3,March,2021-03,10,12,Friday,5,FALSE
20210313,13-03-2021,2021,Q1,3,March,2021-03,10,13,Saturday,6,TRUE
20210314,14-03-2021,2021,Q1,3,March,2021-03,10,14,Sunday,7,TRUE
20210315,15-03-2021,2021,Q1,3,March,2021-03,11,15,Monday,1,FALSE
20210316,16-03-2021,2021,Q1,3,March,2021-03,11,16,Tuesday,2,FALSE
20210317,17-03-2021,2021,Q1,3,March,2021-03,11,17,Wednesday,3,FALSE
20210318,18-03-2021,2021,Q1,3,March,2021-03,11,18,Thursday,4,FALSE
20210319,19-03-2021,2021,Q1,3,March,2021-03,11,19,Friday,5,FALSE
20210320,20-03-2021,2021,Q1,3,March,2021-03,11,20,Saturday,6,TRUE
20210321,21-03-2021,2021,Q1,3,March,2021-03,11,21,Sunday,7,TRUE
20210322,22-03-2021,2021,Q1,3,March,2021-03,12,22,Monday,1,FALSE
20210323,23-03-2021,2021,Q1,3,March,2021-03,12,23,Tuesday,2,FALSE
20210324,24-03-2021,2021,Q1,3,March,2021-03,12,24,Wednesday,3,FALSE
20210325,25-03-2021,2021,Q1,3,March,2021-03,12,25,Thursday,4,FALSE
20210326,26-03-2021,2021,Q1,3,March,2021-03,12,26,Friday,5,FALSE
20210327,27-03-2021,2021,Q1,3,March,2021-03,12,27,Saturday,6,TRUE
20210328,28-03-2021,2021,Q1,3,March,2021-03,12,28,Sunday,7,TRUE
20210329,29-03-2021,2021,Q1,3,March,2021-03,13,29,Monday,1,FALSE
20210330,30-03-2021,2021,Q1,3,March,2021-03,13,30,Tuesday,2,FALSE
20210331,31-03-2021,2021,Q1,3,March,2021-03,13,31,Wednesday,3,FALSE
20210401,01-04-2021,2021,Q2,4,April,2021-04,13,1,Thursday,4,FALSE
20210402,02-04-2021,2021,Q2,4,April,2021-04,13,2,Friday,5,FALSE
20210403,03-04-2021,2021,Q2,4,April,2021-04,13,3,Saturday,6,TRUE
20210404,04-04-2021,2021,Q2,4,April,2021-04,13,4,Sunday,7,TRUE
20210405,05-04-2021,2021,Q2,4,April,2021-04,14,5,Monday,1,FALSE
20210406,06-04-2021,2021,Q2,4,April,2021-04,14,6,Tuesday,2,FALSE
20210407,07-04-2021,2021,Q2,4,April,2021-04,14,7,Wednesday,3,FALSE
20210408,08-04-2021,2021,Q2,4,April,2021-04,14,8,Thursday,4,FALSE
20210409,09-04-2021,2021,Q2,4,April,2021-04,14,9,Friday,5,FALSE
20210410,10-04-2021,2021,Q2,4,April,2021-04,14,10,Saturday,6,TRUE
20210411,11-04-2021,2021,Q2,4,April,2021-04,14,11,Sunday,7,TRUE
20210412,12-04-2021,2021,Q2,4,April,2021-04,15,12,Monday,1,FALSE
20210413,13-04-2021,2021,Q2,4,April,2021-04,15,13,Tuesday,2,FALSE
20210414,14-04-2021,2021,Q2,4,April,2021-04,15,14,Wednesday,3,FALSE
20210415,15-04-2021,2021,Q2,4,April,2021-04,15,15,Thursday,4,FALSE
20210416,16-04-2021,2021,Q2,4,April,2021-04,15,16,Friday,5,FALSE
20210417,17-04-2021,2021,Q2,4,April,2021-04,15,17,Saturday,6,TRUE
20210418,18-04-2021,2021,Q2,4,April,2021-04,15,18,Sunday,7,TRUE
20210419,19-04-2021,2021,Q2,4,April,2021-04,16,19,Monday,1,FALSE
20210420,20-04-2021,2021,Q2,4,April,2021-04,16,20,Tuesday,2,FALSE
20210421,21-04-2021,2021,Q2,4,April,2021-04,16,21,Wednesday,3,FALSE
20210422,22-04-2021,2021,Q2,4,April,2021-04,16,22,Thursday,4,FALSE
20210423,23-04-2021,2021,Q2,4,April,2021-04,16,23,Friday,5,FALSE
20210424,24-04-2021,2021,Q2,4,April,2021-04,16,24,Saturday,6,TRUE
20210425,25-04-2021,2021,Q2,4,April,2021-04,16,25,Sunday,7,TRUE
20210426,26-04-2021,2021,Q2,4,April,2021-04,17,26,Monday,1,FALSE
20210427,27-04-2021,2021,Q2,4,April,2021-04,17,27,Tuesday,2,FALSE
20210428,28-04-2021,2021,Q2,4,April,2021-04,17,28,Wednesday,3,FALSE
20210429,29-04-2021,2021,Q2,4,April,2021-04,17,29,Thursday,4,FALSE
20210430,30-04-2021,2021,Q2,4,April,2021-04,17,30,Friday,5,FALSE
20210501,01-05-2021,2021,Q2,5,May,2021-05,17,1,Saturday,6,TRUE
20210502,02-05-2021,2021,Q2,5,May,2021-05,17,2,Sunday,7,TRUE
20210503,03-05-2021,2021,Q2,5,May,2021-05,18,3,Monday,1,FALSE
20210504,04-05-2021,2021,Q2,5,May,2021-05,18,4,Tuesday,2,FALSE
20210505,05-05-2021,2021,Q2,5,May,2021-05,18,5,Wednesday,3,FALSE
20210506,06-05-2021,2021,Q2,5,May,2021-05,18,6,Thursday,4,FALSE
20210507,07-05-2021,2021,Q2,5,May,2021-05,18,7,Friday,5,FALSE
20210508,08-05-2021,2021,Q2,5,May,2021-05,18,8,Saturday,6,TRUE
20210509,09-05-2021,2021,Q2,5,May,2021-05,18,9,Sunday,7,TRUE
20210510,10-05-2021,2021,Q2,5,May,2021-05,19,10,Monday,1,FALSE
20210511,11-05-2021,2021,Q2,5,May,2021-05,19,11,Tuesday,2,FALSE
20210512,12-05-2021,2021,Q2,5,May,2021-05,19,12,Wednesday,3,FALSE
20210513,13-05-2021,2021,Q2,5,May,2021-05,19,13,Thursday,4,FALSE
20210514,14-05-2021,2021,Q2,5,May,2021-05,19,14,Friday,5,FALSE
20210515,15-05-2021,2021,Q2,5,May,2021-05,19,15,Saturday,6,TRUE
20210516,16-05-2021,2021,Q2,5,May,2021-05,19,16,Sunday,7,TRUE
20210517,17-05-2021,2021,Q2,5,May,2021-05,20,17,Monday,1,FALSE
20210518,18-05-2021,2021,Q2,5,May,2021-05,20,18,Tuesday,2,FALSE
20210519,19-05-2021,2021,Q2,5,May,2021-05,20,19,Wednesday,3,FALSE
20210520,20-05-2021,2021,Q2,5,May,2021-05,20,20,Thursday,4,FALSE
20210521,21-05-2021,2021,Q2,5,May,2021-05,20,21,Friday,5,FALSE
20210522,22-05-2021,2021,Q2,5,May,2021-05,20,22,Saturday,6,TRUE
20210523,23-05-2021,2021,Q2,5,May,2021-05,20,23,Sunday,7,TRUE
20210524,24-05-2021,2021,Q2,5,May,2021-05,21,24,Monday,1,FALSE
20210525,25-05-2021,2021,Q2,5,May,2021-05,21,25,Tuesday,2,FALSE
20210526,26-05-2021,2021,Q2,5,May,2021-05,21,26,Wednesday,3,FALSE
20210527,27-05-2021,2021,Q2,5,May,2021-05,21,27,Thursday,4,FALSE
20210528,28-05-2021,2021,Q2,5,May,2021-05,21,28,Friday,5,FALSE
20210529,29-05-2021,2021,Q2,5,May,2021-05,21,29,Saturday,6,TRUE
20210530,30-05-2021,2021,Q2,5,May,2021-05,21,30,Sunday,7,TRUE
20210531,31-05-2021,2021,Q2,5,May,2021-05,22,31,Monday,1,FALSE
20210601,01-06-2021,2021,Q2,6,June,2021-06,22,1,Tuesday,2,FALSE
20210602,02-06-2021,2021,Q2,6,June,2021-06,22,2,Wednesday,3,FALSE
20210603,03-06-2021,2021,Q2,6,June,2021-06,22,3,Thursday,4,FALSE
20210604,04-06-2021,2021,Q2,6,June,2021-06,22,4,Friday,5,FALSE
20210605,05-06-2021,2021,Q2,6,June,2021-06,22,5,Saturday,6,TRUE
20210606,06-06-2021,2021,Q2,6,June,2021-06,22,6,Sunday,7,TRUE
20210607,07-06-2021,2021,Q2,6,June,2021-06,23,7,Monday,1,FALSE
20210608,08-06-2021,2021,Q2,6,June,2021-06,23,8,Tuesday,2,FALSE
20210609,09-06-2021,2021,Q2,6,June,2021-06,23,9,Wednesday,3,FALSE
20210610,10-06-2021,2021,Q2,6,June,2021-06,23,10,Thursday,4,FALSE
20210611,11-06-2021,2021,Q2,6,June,2021-06,23,11,Friday,5,FALSE
20210612,12-06-2021,2021,Q2,6,June,2021-06,23,12,Saturday,6,TRUE
20210613,13-06-2021,2021,Q2,6,June,2021-06,23,13,Sunday,7,TRUE
20210614,14-06-2021,2021,Q2,6,June,2021-06,24,14,Monday,1,FALSE
20210615,15-06-2021,2021,Q2,6,June,2021-06,24,15,Tuesday,2,FALSE
20210616,16-06-2021,2021,Q2,6,June,2021-06,24,16,Wednesday,3,FALSE
20210617,17-06-2021,2021,Q2,6,June,2021-06,24,17,Thursday,4,FALSE
20210618,18-06-2021,2021,Q2,6,June,2021-06,24,18,Friday,5,FALSE
20210619,19-06-2021,2021,Q2,6,June,2021-06,24,19,Saturday,6,TRUE
20210620,20-06-2021,2021,Q2,6,June,2021-06,24,20,Sunday,7,TRUE
20210621,21-06-2021,2021,Q2,6,June,2021-06,25,21,Monday,1,FALSE
20210622,22-06-2021,2021,Q2,6,June,2021-06,25,22,Tuesday,2,FALSE
20210623,23-06-2021,2021,Q2,6,June,2021-06,25,23,Wednesday,3,FALSE
20210624,24-06-2021,2021,Q2,6,June,2021-06,25,24,Thursday,4,FALSE
20210625,25-06-2021,2021,Q2,6,June,2021-06,25,25,Friday,5,FALSE
20210626,26-06-2021,2021,Q2,6,June,2021-06,25,26,Saturday,6,TRUE
20210627,27-06-2021,2021,Q2,6,June,2021-06,25,27,Sunday,7,TRUE
20210628,28-06-2021,2021,Q2,6,June,2021-06,26,28,Monday,1,FALSE
20210629,29-06-2021,2021,Q2,6,June,2021-06,26,29,Tuesday,2,FALSE
20210630,30-06-2021,2021,Q2,6,June,2021-06,26,30,Wednesday,3,FALSE
20210701,01-07-2021,2021,Q3,7,July,2021-07,26,1,Thursday,4,FALSE
20210702,02-07-2021,2021,Q3,7,July,2021-07,26,2,Friday,5,FALSE
20210703,03-07-2021,2021,Q3,7,July,2021-07,26,3,Saturday,6,TRUE
20210704,04-07-2021,2021,Q3,7,July,2021-07,26,4,Sunday,7,TRUE
20210705,05-07-2021,2021,Q3,7,July,2021-07,27,5,Monday,1,FALSE
20210706,06-07-2021,2021,Q3,7,July,2021-07,27,6,Tuesday,2,FALSE
20210707,07-07-2021,2021,Q3,7,July,2021-07,27,7,Wednesday,3,FALSE
20210708,08-07-2021,2021,Q3,7,July,2021-07,27,8,Thursday,4,FALSE
20210709,09-07-2021,2021,Q3,7,July,2021-07,27,9,Friday,5,FALSE
20210710,10-07-2021,2021,Q3,7,July,2021-07,27,10,Saturday,6,TRUE
20210711,11-07-2021,2021,Q3,7,July,2021-07,27,11,Sunday,7,TRUE
20210712,12-07-2021,2021,Q3,7,July,2021-07,28,12,Monday,1,FALSE
20210713,13-07-2021,2021,Q3,7,July,2021-07,28,13,Tuesday,2,FALSE
20210714,14-07-2021,2021,Q3,7,July,2021-07,28,14,Wednesday,3,FALSE
20210715,15-07-2021,2021,Q3,7,July,2021-07,28,15,Thursday,4,FALSE
20210716,16-07-2021,2021,Q3,7,July,2021-07,28,16,Friday,5,FALSE
20210717,17-07-2021,2021,Q3,7,July,2021-07,28,17,Saturday,6,TRUE
20210718,18-07-2021,2021,Q3,7,July,2021-07,28,18,Sunday,7,TRUE
20210719,19-07-2021,2021,Q3,7,July,2021-07,29,19,Monday,1,FALSE
20210720,20-07-2021,2021,Q3,7,July,2021-07,29,20,Tuesday,2,FALSE
20210721,21-07-2021,2021,Q3,7,July,2021-07,29,21,Wednesday,3,FALSE
20210722,22-07-2021,2021,Q3,7,July,2021-07,29,22,Thursday,4,FALSE
20210723,23-07-2021,2021,Q3,7,July,2021-07,29,23,Friday,5,FALSE
20210724,24-07-2021,2021,Q3,7,July,2021-07,29,24,Saturday,6,TRUE
20210725,25-07-2021,2021,Q3,7,July,2021-07,29,25,Sunday,7,TRUE
20210726,26-07-2021,2021,Q3,7,July,2021-07,30,26,Monday,1,FALSE
20210727,27-07-2021,2021,Q3,7,July,2021-07,30,27,Tuesday,2,FALSE
20210728,28-07-2021,2021,Q3,7,July,2021-07,30,28,Wednesday,3,FALSE
20210729,29-07-2021,2021,Q3,7,July,2021-07,30,29,Thursday,4,FALSE
20210730,30-07-2021,2021,Q3,7,July,2021-07,30,30,Friday,5,FALSE
20210731,31-07-2021,2021,Q3,7,July,2021-07,30,31,Saturday,6,TRUE
20210801,01-08-2021,2021,Q3,8,August,2021-08,30,1,Sunday,7,TRUE
20210802,02-08-2021,2021,Q3,8,August,2021-08,31,2,Monday,1,FALSE
20210803,03-08-2021,2021,Q3,8,August,2021-08,31,3,Tuesday,2,FALSE
20210804,04-08-2021,2021,Q3,8,August,2021-08,31,4,Wednesday,3,FALSE
20210805,05-08-2021,2021,Q3,8,August,2021-08,31,5,Thursday,4,FALSE
20210806,06-08-2021,2021,Q3,8,August,2021-08,31,6,Friday,5,FALSE
20210807,07-08-2021,2021,Q3,8,August,2021-08,31,7,Saturday,6,TRUE
20210808,08-08-2021,2021,Q3,8,August,2021-08,31,8,Sunday,7,TRUE
20210809,09-08-2021,2021,Q3,8,August,2021-08,32,9,Monday,1,FALSE
20210810,10-08-2021,2021,Q3,8,August,2021-08,32,10,Tuesday,2,FALSE
20210811,11-08-2021,2021,Q3,8,August,2021-08,32,11,Wednesday,3,FALSE
20210812,12-08-2021,2021,Q3,8,August,2021-08,32,12,Thursday,4,FALSE
20210813,13-08-2021,2021,Q3,8,August,2021-08,32,13,Friday,5,FALSE
20210814,14-08-2021,2021,Q3,8,August,2021-08,32,14,Saturday,6,TRUE
20210815,15-08-2021,2021,Q3,8,August,2021-08,32,15,Sunday,7,TRUE
20210816,16-08-2021,2021,Q3,8,August,2021-08,33,16,Monday,1,FALSE
20210817,17-08-2021,2021,Q3,8,August,2021-08,33,17,Tuesday,2,FALSE
20210818,18-08-2021,2021,Q3,8,August,2021-08,33,18,Wednesday,3,FALSE
20210819,19-08-2021,2021,Q3,8,August,2021-08,33,19,Thursday,4,FALSE
20210820,20-08-2021,2021,Q3,8,August,2021-08,33,20,Friday,5,FALSE
20210821,21-08-2021,2021,Q3,8,August,2021-08,33,21,Saturday,6,TRUE
20210822,22-08-2021,2021,Q3,8,August,2021-08,33,22,Sunday,7,TRUE
20210823,23-08-2021,2021,Q3,8,August,2021-08,34,23,Monday,1,FALSE
20210824,24-08-2021,2021,Q3,8,August,2021-08,34,24,Tuesday,2,FALSE
20210825,25-08-2021,2021,Q3,8,August,2021-08,34,25,Wednesday,3,FALSE
20210826,26-08-2021,2021,Q3,8,August,2021-08,34,26,Thursday,4,FALSE
20210827,27-08-2021,2021,Q3,8,August,2021-08,34,27,Friday,5,FALSE
20210828,28-08-2021,2021,Q3,8,August,2021-08,34,28,Saturday,6,TRUE
20210829,29-08-2021,2021,Q3,8,August,2021-08,34,29,Sunday,7,TRUE
20210830,30-08-2021,2021,Q3,8,August,2021-08,35,30,Monday,1,FALSE
20210831,31-08-2021,2021,Q3,8,August,2021-08,35,31,Tuesday,2,FALSE
20210901,01-09-2021,2021,Q3,9,September,2021-09,35,1,Wednesday,3,FALSE
20210902,02-09-2021,2021,Q3,9,September,2021-09,35,2,Thursday,4,FALSE
20210903,03-09-2021,2021,Q3,9,September,2021-09,35,3,Friday,5,FALSE
20210904,04-09-2021,2021,Q3,9,September,2021-09,35,4,Saturday,6,TRUE
20210905,05-09-2021,2021,Q3,9,September,2021-09,35,5,Sunday,7,TRUE
20210906,06-09-2021,2021,Q3,9,September,2021-09,36,6,Monday,1,FALSE
20210907,07-09-2021,2021,Q3,9,September,2021-09,36,7,Tuesday,2,FALSE
20210908,08-09-2021,2021,Q3,9,September,2021-09,36,8,Wednesday,3,FALSE
20210909,09-09-2021,2021,Q3,9,September,2021-09,36,9,Thursday,4,FALSE
20210910,10-09-2021,2021,Q3,9,September,2021-09,36,10,Friday,5,FALSE
20210911,11-09-2021,2021,Q3,9,September,2021-09,36,11,Saturday,6,TRUE
20210912,12-09-2021,2021,Q3,9,September,2021-09,36,12,Sunday,7,TRUE
20210913,13-09-2021,2021,Q3,9,September,2021-09,37,13,Monday,1,FALSE
20210914,14-09-2021,2021,Q3,9,September,2021-09,37,14,Tuesday,2,FALSE
20210915,15-09-2021,2021,Q3,9,September,2021-09,37,15,Wednesday,3,FALSE
20210916,16-09-2021,2021,Q3,9,September,2021-09,37,16,Thursday,4,FALSE
20210917,17-09-2021,2021,Q3,9,September,2021-09,37,17,Friday,5,FALSE
20210918,18-09-2021,2021,Q3,9,September,2021-09,37,18,Saturday,6,TRUE
20210919,19-09-2021,2021,Q3,9,September,2021-09,37,19,Sunday,7,TRUE
20210920,20-09-2021,2021,Q3,9,September,2021-09,38,20,Monday,1,FALSE
20210921,21-09-2021,2021,Q3,9,September,2021-09,38,21,Tuesday,2,FALSE
20210922,22-09-2021,2021,Q3,9,September,2021-09,38,22,Wednesday,3,FALSE
20210923,23-09-2021,2021,Q3,9,September,2021-09,38,23,Thursday,4,FALSE
20210924,24-09-2021,2021,Q3,9,September,2021-09,38,24,Friday,5,FALSE
20210925,25-09-2021,2021,Q3,9,September,2021-09,38,25,Saturday,6,TRUE
20210926,26-09-2021,2021,Q3,9,September,2021-09,38,26,Sunday,7,TRUE
20210927,27-09-2021,2021,Q3,9,September,2021-09,39,27,Monday,1,FALSE
20210928,28-09-2021,2021,Q3,9,September,2021-09,39,28,Tuesday,2,FALSE
20210929,29-09-2021,2021,Q3,9,September,2021-09,39,29,Wednesday,3,FALSE
20210930,30-09-2021,2021,Q3,9,September,2021-09,39,30,Thursday,4,FALSE
20211001,01-10-2021,2021,Q4,10,October,2021-10,39,1,Friday,5,FALSE
20211002,02-10-2021,2021,Q4,10,October,2021-10,39,2,Saturday,6,TRUE
20211003,03-10-2021,2021,Q4,10,October,2021-10,39,3,Sunday,7,TRUE
20211004,04-10-2021,2021,Q4,10,October,2021-10,40,4,Monday,1,FALSE
20211005,05-10-2021,2021,Q4,10,October,2021-10,40,5,Tuesday,2,FALSE
20211006,06-10-2021,2021,Q4,10,October,2021-10,40,6,Wednesday,3,FALSE
20211007,07-10-2021,2021,Q4,10,October,2021-10,40,7,Thursday,4,FALSE
20211008,08-10-2021,2021,Q4,10,October,2021-10,40,8,Friday,5,FALSE
20211009,09-10-2021,2021,Q4,10,October,2021-10,40,9,Saturday,6,TRUE
20211010,10-10-2021,2021,Q4,10,October,2021-10,40,10,Sunday,7,TRUE
20211011,11-10-2021,2021,Q4,10,October,2021-10,41,11,Monday,1,FALSE
20211012,12-10-2021,2021,Q4,10,October,2021-10,41,12,Tuesday,2,FALSE
20211013,13-10-2021,2021,Q4,10,October,2021-10,41,13,Wednesday,3,FALSE
20211014,14-10-2021,2021,Q4,10,October,2021-10,41,14,Thursday,4,FALSE
20211015,15-10-2021,2021,Q4,10,October,2021-10,41,15,Friday,5,FALSE
20211016,16-10-2021,2021,Q4,10,October,2021-10,41,16,Saturday,6,TRUE
20211017,17-10-2021,2021,Q4,10,October,2021-10,41,17,Sunday,7,TRUE
20211018,18-10-2021,2021,Q4,10,October,2021-10,42,18,Monday,1,FALSE
20211019,19-10-2021,2021,Q4,10,October,2021-10,42,19,Tuesday,2,FALSE
20211020,20-10-2021,2021,Q4,10,October,2021-10,42,20,Wednesday,3,FALSE
20211021,21-10-2021,2021,Q4,10,October,2021-10,42,21,Thursday,4,FALSE
20211022,22-10-2021,2021,Q4,10,October,2021-10,42,22,Friday,5,FALSE
20211023,23-10-2021,2021,Q4,10,October,2021-10,42,23,Saturday,6,TRUE
20211024,24-10-2021,2021,Q4,10,October,2021-10,42,24,Sunday,7,TRUE
20211025,25-10-2021,2021,Q4,10,October,2021-10,43,25,Monday,1,FALSE
20211026,26-10-2021,2021,Q4,10,October,2021-10,43,26,Tuesday,2,FALSE
20211027,27-10-2021,2021,Q4,10,October,2021-10,43,27,Wednesday,3,FALSE
20211028,28-10-2021,2021,Q4,10,October,2021-10,43,28,Thursday,4,FALSE
20211029,29-10-2021,2021,Q4,10,October,2021-10,43,29,Friday,5,FALSE
20211030,30-10-2021,2021,Q4,10,October,2021-10,43,30,Saturday,6,TRUE
20211031,31-10-2021,2021,Q4,10,October,2021-10,43,31,Sunday,7,TRUE
20211101,01-11-2021,2021,Q4,11,November,2021-11,44,1,Monday,1,FALSE
20211102,02-11-2021,2021,Q4,11,November,2021-11,44,2,Tuesday,2,FALSE
20211103,03-11-2021,2021,Q4,11,November,2021-11,44,3,Wednesday,3,FALSE
20211104,04-11-2021,2021,Q4,11,November,2021-11,44,4,Thursday,4,FALSE
20211105,05-11-2021,2021,Q4,11,November,2021-11,44,5,Friday,5,FALSE
20211106,06-11-2021,2021,Q4,11,November,2021-11,44,6,Saturday,6,TRUE
20211107,07-11-2021,2021,Q4,11,November,2021-11,44,7,Sunday,7,TRUE
20211108,08-11-2021,2021,Q4,11,November,2021-11,45,8,Monday,1,FALSE
20211109,09-11-2021,2021,Q4,11,November,2021-11,45,9,Tuesday,2,FALSE
20211110,10-11-2021,2021,Q4,11,November,2021-11,45,10,Wednesday,3,FALSE
20211111,11-11-2021,2021,Q4,11,November,2021-11,45,11,Thursday,4,FALSE
20211112,12-11-2021,2021,Q4,11,November,2021-11,45,12,Friday,5,FALSE
20211113,13-11-2021,2021,Q4,11,November,2021-11,45,13,Saturday,6,TRUE
20211114,14-11-2021,2021,Q4,11,November,2021-11,45,14,Sunday,7,TRUE
20211115,15-11-2021,2021,Q4,11,November,2021-11,46,15,Monday,1,FALSE
20211116,16-11-2021,2021,Q4,11,November,2021-11,46,16,Tuesday,2,FALSE
20211117,17-11-2021,2021,Q4,11,November,2021-11,46,17,Wednesday,3,FALSE
20211118,18-11-2021,2021,Q4,11,November,2021-11,46,18,Thursday,4,FALSE
20211119,19-11-2021,2021,Q4,11,November,2021-11,46,19,Friday,5,FALSE
20211120,20-11-2021,2021,Q4,11,November,2021-11,46,20,Saturday,6,TRUE
20211121,21-11-2021,2021,Q4,11,November,2021-11,46,21,Sunday,7,TRUE
20211122,22-11-2021,2021,Q4,11,November,2021-11,47,22,Monday,1,FALSE
20211123,23-11-2021,2021,Q4,11,November,2021-11,47,23,Tuesday,2,FALSE
20211124,24-11-2021,2021,Q4,11,November,2021-11,47,24,Wednesday,3,FALSE
20211125,25-11-2021,2021,Q4,11,November,2021-11,47,25,Thursday,4,FALSE
20211126,26-11-2021,2021,Q4,11,November,2021-11,47,26,Friday,5,FALSE
20211127,27-11-2021,2021,Q4,11,November,2021-11,47,27,Saturday,6,TRUE
20211128,28-11-2021,2021,Q4,11,November,2021-11,47,28,Sunday,7,TRUE
20211129,29-11-2021,2021,Q4,11,November,2021-11,48,29,Monday,1,FALSE
20211130,30-11-2021,2021,Q4,11,November,2021-11,48,30,Tuesday,2,FALSE
20211201,01-12-2021,2021,Q4,12,December,2021-12,48,1,Wednesday,3,FALSE
20211202,02-12-2021,2021,Q4,12,December,2021-12,48,2,Thursday,4,FALSE
20211203,03-12-2021,2021,Q4,12,December,2021-12,48,3,Friday,5,FALSE
20211204,04-12-2021,2021,Q4,12,December,2021-12,48,4,Saturday,6,TRUE
20211205,05-12-2021,2021,Q4,12,December,2021-12,48,5,Sunday,7,TRUE
20211206,06-12-2021,2021,Q4,12,December,2021-12,49,6,Monday,1,FALSE
20211207,07-12-2021,2021,Q4,12,December,2021-12,49,7,Tuesday,2,FALSE
20211208,08-12-2021,2021,Q4,12,December,2021-12,49,8,Wednesday,3,FALSE
20211209,09-12-2021,2021,Q4,12,December,2021-12,49,9,Thursday,4,FALSE
20211210,10-12-2021,2021,Q4,12,December,2021-12,49,10,Friday,5,FALSE
20211211,11-12-2021,2021,Q4,12,December,2021-12,49,11,Saturday,6,TRUE
20211212,12-12-2021,2021,Q4,12,December,2021-12,49,12,Sunday,7,TRUE
20211213,13-12-2021,2021,Q4,12,December,2021-12,50,13,Monday,1,FALSE
20211214,14-12-2021,2021,Q4,12,December,2021-12,50,14,Tuesday,2,FALSE
20211215,15-12-2021,2021,Q4,12,December,2021-12,50,15,Wednesday,3,FALSE
20211216,16-12-2021,2021,Q4,12,December,2021-12,50,16,Thursday,4,FALSE
20211217,17-12-2021,2021,Q4,12,December,2021-12,50,17,Friday,5,FALSE
20211218,18-12-2021,2021,Q4,12,December,2021-12,50,18,Saturday,6,TRUE
20211219,19-12-2021,2021,Q4,12,December,2021-12,50,19,Sunday,7,TRUE
20211220,20-12-2021,2021,Q4,12,December,2021-12,51,20,Monday,1,FALSE
20211221,21-12-2021,2021,Q4,12,December,2021-12,51,21,Tuesday,2,FALSE
20211222,22-12-2021,2021,Q4,12,December,2021-12,51,22,Wednesday,3,FALSE
20211223,23-12-2021,2021,Q4,12,December,2021-12,51,23,Thursday,4,FALSE
20211224,24-12-2021,2021,Q4,12,December,2021-12,51,24,Friday,5,FALSE
20211225,25-12-2021,2021,Q4,12,December,2021-12,51,25,Saturday,6,TRUE
20211226,26-12-2021,2021,Q4,12,December,2021-12,51,26,Sunday,7,TRUE
20211227,27-12-2021,2021,Q4,12,December,2021-12,52,27,Monday,1,FALSE
20211228,28-12-2021,2021,Q4,12,December,2021-12,52,28,Tuesday,2,FALSE
20211229,29-12-2021,2021,Q4,12,December,2021-12,52,29,Wednesday,3,FALSE
20211230,30-12-2021,2021,Q4,12,December,2021-12,52,30,Thursday,4,FALSE
20211231,31-12-2021,2021,Q4,12,December,2021-12,52,31,Friday,5,FALSE
20220101,01-01-2022,2022,Q1,1,January,2022-01,52,1,Saturday,6,TRUE
20220102,02-01-2022,2022,Q1,1,January,2022-01,52,2,Sunday,7,TRUE
20220103,03-01-2022,2022,Q1,1,January,2022-01,1,3,Monday,1,FALSE
20220104,04-01-2022,2022,Q1,1,January,2022-01,1,4,Tuesday,2,FALSE
20220105,05-01-2022,2022,Q1,1,January,2022-01,1,5,Wednesday,3,FALSE
20220106,06-01-2022,2022,Q1,1,January,2022-01,1,6,Thursday,4,FALSE
20220107,07-01-2022,2022,Q1,1,January,2022-01,1,7,Friday,5,FALSE
20220108,08-01-2022,2022,Q1,1,January,2022-01,1,8,Saturday,6,TRUE
20220109,09-01-2022,2022,Q1,1,January,2022-01,1,9,Sunday,7,TRUE
20220110,10-01-2022,2022,Q1,1,January,2022-01,2,10,Monday,1,FALSE
20220111,11-01-2022,2022,Q1,1,January,2022-01,2,11,Tuesday,2,FALSE
20220112,12-01-2022,2022,Q1,1,January,2022-01,2,12,Wednesday,3,FALSE
20220113,13-01-2022,2022,Q1,1,January,2022-01,2,13,Thursday,4,FALSE
20220114,14-01-2022,2022,Q1,1,January,2022-01,2,14,Friday,5,FALSE
20220115,15-01-2022,2022,Q1,1,January,2022-01,2,15,Saturday,6,TRUE
20220116,16-01-2022,2022,Q1,1,January,2022-01,2,16,Sunday,7,TRUE
20220117,17-01-2022,2022,Q1,1,January,2022-01,3,17,Monday,1,FALSE
20220118,18-01-2022,2022,Q1,1,January,2022-01,3,18,Tuesday,2,FALSE
20220119,19-01-2022,2022,Q1,1,January,2022-01,3,19,Wednesday,3,FALSE
20220120,20-01-2022,2022,Q1,1,January,2022-01,3,20,Thursday,4,FALSE
20220121,21-01-2022,2022,Q1,1,January,2022-01,3,21,Friday,5,FALSE
20220122,22-01-2022,2022,Q1,1,January,2022-01,3,22,Saturday,6,TRUE
20220123,23-01-2022,2022,Q1,1,January,2022-01,3,23,Sunday,7,TRUE
20220124,24-01-2022,2022,Q1,1,January,2022-01,4,24,Monday,1,FALSE
20220125,25-01-2022,2022,Q1,1,January,2022-01,4,25,Tuesday,2,FALSE
20220126,26-01-2022,2022,Q1,1,January,2022-01,4,26,Wednesday,3,FALSE
20220127,27-01-2022,2022,Q1,1,January,2022-01,4,27,Thursday,4,FALSE
20220128,28-01-2022,2022,Q1,1,January,2022-01,4,28,Friday,5,FALSE
20220129,29-01-2022,2022,Q1,1,January,2022-01,4,29,Saturday,6,TRUE
20220130,30-01-2022,2022,Q1,1,January,2022-01,4,30,Sunday,7,TRUE
20220131,31-01-2022,2022,Q1,1,January,2022-01,5,31,Monday,1,FALSE
20220201,01-02-2022,2022,Q1,2,February,2022-02,5,1,Tuesday,2,FALSE
20220202,02-02-2022,2022,Q1,2,February,2022-02,5,2,Wednesday,3,FALSE
20220203,03-02-2022,2022,Q1,2,February,2022-02,5,3,Thursday,4,FALSE
20220204,04-02-2022,2022,Q1,2,February,2022-02,5,4,Friday,5,FALSE
20220205,05-02-2022,2022,Q1,2,February,2022-02,5,5,Saturday,6,TRUE
20220206,06-02-2022,2022,Q1,2,February,2022-02,5,6,Sunday,7,TRUE
20220207,07-02-2022,2022,Q1,2,February,2022-02,6,7,Monday,1,FALSE
20220208,08-02-2022,2022,Q1,2,February,2022-02,6,8,Tuesday,2,FALSE
20220209,09-02-2022,2022,Q1,2,February,2022-02,6,9,Wednesday,3,FALSE
20220210,10-02-2022,2022,Q1,2,February,2022-02,6,10,Thursday,4,FALSE
20220211,11-02-2022,2022,Q1,2,February,2022-02,6,11,Friday,5,FALSE
20220212,12-02-2022,2022,Q1,2,February,2022-02,6,12,Saturday,6,TRUE
20220213,13-02-2022,2022,Q1,2,February,2022-02,6,13,Sunday,7,TRUE
20220214,14-02-2022,2022,Q1,2,February,2022-02,7,14,Monday,1,FALSE
20220215,15-02-2022,2022,Q1,2,February,2022-02,7,15,Tuesday,2,FALSE
20220216,16-02-2022,2022,Q1,2,February,2022-02,7,16,Wednesday,3,FALSE
20220217,17-02-2022,2022,Q1,2,February,2022-02,7,17,Thursday,4,FALSE
20220218,18-02-2022,2022,Q1,2,February,2022-02,7,18,Friday,5,FALSE
20220219,19-02-2022,2022,Q1,2,February,2022-02,7,19,Saturday,6,TRUE
20220220,20-02-2022,2022,Q1,2,February,2022-02,7,20,Sunday,7,TRUE
20220221,21-02-2022,2022,Q1,2,February,2022-02,8,21,Monday,1,FALSE
20220222,22-02-2022,2022,Q1,2,February,2022-02,8,22,Tuesday,2,FALSE
20220223,23-02-2022,2022,Q1,2,February,2022-02,8,23,Wednesday,3,FALSE
20220224,24-02-2022,2022,Q1,2,February,2022-02,8,24,Thursday,4,FALSE
20220225,25-02-2022,2022,Q1,2,February,2022-02,8,25,Friday,5,FALSE
20220226,26-02-2022,2022,Q1,2,February,2022-02,8,26,Saturday,6,TRUE
20220227,27-02-2022,2022,Q1,2,February,2022-02,8,27,Sunday,7,TRUE
20220228,28-02-2022,2022,Q1,2,February,2022-02,9,28,Monday,1,FALSE
20220301,01-03-2022,2022,Q1,3,March,2022-03,9,1,Tuesday,2,FALSE
20220302,02-03-2022,2022,Q1,3,March,2022-03,9,2,Wednesday,3,FALSE
20220303,03-03-2022,2022,Q1,3,March,2022-03,9,3,Thursday,4,FALSE
20220304,04-03-2022,2022,Q1,3,March,2022-03,9,4,Friday,5,FALSE
20220305,05-03-2022,2022,Q1,3,March,2022-03,9,5,Saturday,6,TRUE
20220306,06-03-2022,2022,Q1,3,March,2022-03,9,6,Sunday,7,TRUE
20220307,07-03-2022,2022,Q1,3,March,2022-03,10,7,Monday,1,FALSE
20220308,08-03-2022,2022,Q1,3,March,2022-03,10,8,Tuesday,2,FALSE
20220309,09-03-2022,2022,Q1,3,March,2022-03,10,9,Wednesday,3,FALSE
20220310,10-03-2022,2022,Q1,3,March,2022-03,10,10,Thursday,4,FALSE
20220311,11-03-2022,2022,Q1,3,March,2022-03,10,11,Friday,5,FALSE
20220312,12-03-2022,2022,Q1,3,March,2022-03,10,12,Saturday,6,TRUE
20220313,13-03-2022,2022,Q1,3,March,2022-03,10,13,Sunday,7,TRUE
20220314,14-03-2022,2022,Q1,3,March,2022-03,11,14,Monday,1,FALSE
20220315,15-03-2022,2022,Q1,3,March,2022-03,11,15,Tuesday,2,FALSE
20220316,16-03-2022,2022,Q1,3,March,2022-03,11,16,Wednesday,3,FALSE
20220317,17-03-2022,2022,Q1,3,March,2022-03,11,17,Thursday,4,FALSE
20220318,18-03-2022,2022,Q1,3,March,2022-03,11,18,Friday,5,FALSE
20220319,19-03-2022,2022,Q1,3,March,2022-03,11,19,Saturday,6,TRUE
20220320,20-03-2022,2022,Q1,3,March,2022-03,11,20,Sunday,7,TRUE
20220321,21-03-2022,2022,Q1,3,March,2022-03,12,21,Monday,1,FALSE
20220322,22-03-2022,2022,Q1,3,March,2022-03,12,22,Tuesday,2,FALSE
20220323,23-03-2022,2022,Q1,3,March,2022-03,12,23,Wednesday,3,FALSE
20220324,24-03-2022,2022,Q1,3,March,2022-03,12,24,Thursday,4,FALSE
20220325,25-03-2022,2022,Q1,3,March,2022-03,12,25,Friday,5,FALSE
20220326,26-03-2022,2022,Q1,3,March,2022-03,12,26,Saturday,6,TRUE
20220327,27-03-2022,2022,Q1,3,March,2022-03,12,27,Sunday,7,TRUE
20220328,28-03-2022,2022,Q1,3,March,2022-03,13,28,Monday,1,FALSE
20220329,29-03-2022,2022,Q1,3,March,2022-03,13,29,Tuesday,2,FALSE
20220330,30-03-2022,2022,Q1,3,March,2022-03,13,30,Wednesday,3,FALSE
20220331,31-03-2022,2022,Q1,3,March,2022-03,13,31,Thursday,4,FALSE
20220401,01-04-2022,2022,Q2,4,April,2022-04,13,1,Friday,5,FALSE
20220402,02-04-2022,2022,Q2,4,April,2022-04,13,2,Saturday,6,TRUE
20220403,03-04-2022,2022,Q2,4,April,2022-04,13,3,Sunday,7,TRUE
20220404,04-04-2022,2022,Q2,4,April,2022-04,14,4,Monday,1,FALSE
20220405,05-04-2022,2022,Q2,4,April,2022-04,14,5,Tuesday,2,FALSE
20220406,06-04-2022,2022,Q2,4,April,2022-04,14,6,Wednesday,3,FALSE
20220407,07-04-2022,2022,Q2,4,April,2022-04,14,7,Thursday,4,FALSE
20220408,08-04-2022,2022,Q2,4,April,2022-04,14,8,Friday,5,FALSE
20220409,09-04-2022,2022,Q2,4,April,2022-04,14,9,Saturday,6,TRUE
20220410,10-04-2022,2022,Q2,4,April,2022-04,14,10,Sunday,7,TRUE
20220411,11-04-2022,2022,Q2,4,April,2022-04,15,11,Monday,1,FALSE
20220412,12-04-2022,2022,Q2,4,April,2022-04,15,12,Tuesday,2,FALSE
20220413,13-04-2022,2022,Q2,4,April,2022-04,15,13,Wednesday,3,FALSE
20220414,14-04-2022,2022,Q2,4,April,2022-04,15,14,Thursday,4,FALSE
20220415,15-04-2022,2022,Q2,4,April,2022-04,15,15,Friday,5,FALSE
20220416,16-04-2022,2022,Q2,4,April,2022-04,15,16,Saturday,6,TRUE
20220417,17-04-2022,2022,Q2,4,April,2022-04,15,17,Sunday,7,TRUE
20220418,18-04-2022,2022,Q2,4,April,2022-04,16,18,Monday,1,FALSE
20220419,19-04-2022,2022,Q2,4,April,2022-04,16,19,Tuesday,2,FALSE
20220420,20-04-2022,2022,Q2,4,April,2022-04,16,20,Wednesday,3,FALSE
20220421,21-04-2022,2022,Q2,4,April,2022-04,16,21,Thursday,4,FALSE
20220422,22-04-2022,2022,Q2,4,April,2022-04,16,22,Friday,5,FALSE
20220423,23-04-2022,2022,Q2,4,April,2022-04,16,23,Saturday,6,TRUE
20220424,24-04-2022,2022,Q2,4,April,2022-04,16,24,Sunday,7,TRUE
20220425,25-04-2022,2022,Q2,4,April,2022-04,17,25,Monday,1,FALSE
20220426,26-04-2022,2022,Q2,4,April,2022-04,17,26,Tuesday,2,FALSE
20220427,27-04-2022,2022,Q2,4,April,2022-04,17,27,Wednesday,3,FALSE
20220428,28-04-2022,2022,Q2,4,April,2022-04,17,28,Thursday,4,FALSE
20220429,29-04-2022,2022,Q2,4,April,2022-04,17,29,Friday,5,FALSE
20220430,30-04-2022,2022,Q2,4,April,2022-04,17,30,Saturday,6,TRUE
20220501,01-05-2022,2022,Q2,5,May,2022-05,17,1,Sunday,7,TRUE
20220502,02-05-2022,2022,Q2,5,May,2022-05,18,2,Monday,1,FALSE
20220503,03-05-2022,2022,Q2,5,May,2022-05,18,3,Tuesday,2,FALSE
20220504,04-05-2022,2022,Q2,5,May,2022-05,18,4,Wednesday,3,FALSE
20220505,05-05-2022,2022,Q2,5,May,2022-05,18,5,Thursday,4,FALSE
20220506,06-05-2022,2022,Q2,5,May,2022-05,18,6,Friday,5,FALSE
20220507,07-05-2022,2022,Q2,5,May,2022-05,18,7,Saturday,6,TRUE
20220508,08-05-2022,2022,Q2,5,May,2022-05,18,8,Sunday,7,TRUE
20220509,09-05-2022,2022,Q2,5,May,2022-05,19,9,Monday,1,FALSE
20220510,10-05-2022,2022,Q2,5,May,2022-05,19,10,Tuesday,2,FALSE
20220511,11-05-2022,2022,Q2,5,May,2022-05,19,11,Wednesday,3,FALSE
20220512,12-05-2022,2022,Q2,5,May,2022-05,19,12,Thursday,4,FALSE
20220513,13-05-2022,2022,Q2,5,May,2022-05,19,13,Friday,5,FALSE
20220514,14-05-2022,2022,Q2,5,May,2022-05,19,14,Saturday,6,TRUE
20220515,15-05-2022,2022,Q2,5,May,2022-05,19,15,Sunday,7,TRUE
20220516,16-05-2022,2022,Q2,5,May,2022-05,20,16,Monday,1,FALSE
20220517,17-05-2022,2022,Q2,5,May,2022-05,20,17,Tuesday,2,FALSE
20220518,18-05-2022,2022,Q2,5,May,2022-05,20,18,Wednesday,3,FALSE
20220519,19-05-2022,2022,Q2,5,May,2022-05,20,19,Thursday,4,FALSE
20220520,20-05-2022,2022,Q2,5,May,2022-05,20,20,Friday,5,FALSE
20220521,21-05-2022,2022,Q2,5,May,2022-05,20,21,Saturday,6,TRUE
20220522,22-05-2022,2022,Q2,5,May,2022-05,20,22,Sunday,7,TRUE
20220523,23-05-2022,2022,Q2,5,May,2022-05,21,23,Monday,1,FALSE
20220524,24-05-2022,2022,Q2,5,May,2022-05,21,24,Tuesday,2,FALSE
20220525,25-05-2022,2022,Q2,5,May,2022-05,21,25,Wednesday,3,FALSE
20220526,26-05-2022,2022,Q2,5,May,2022-05,21,26,Thursday,4,FALSE
20220527,27-05-2022,2022,Q2,5,May,2022-05,21,27,Friday,5,FALSE
20220528,28-05-2022,2022,Q2,5,May,2022-05,21,28,Saturday,6,TRUE
20220529,29-05-2022,2022,Q2,5,May,2022-05,21,29,Sunday,7,TRUE
20220530,30-05-2022,2022,Q2,5,May,2022-05,22,30,Monday,1,FALSE
20220531,31-05-2022,2022,Q2,5,May,2022-05,22,31,Tuesday,2,FALSE
20220601,01-06-2022,2022,Q2,6,June,2022-06,22,1,Wednesday,3,FALSE
20220602,02-06-2022,2022,Q2,6,June,2022-06,22,2,Thursday,4,FALSE
20220603,03-06-2022,2022,Q2,6,June,2022-06,22,3,Friday,5,FALSE
20220604,04-06-2022,2022,Q2,6,June,2022-06,22,4,Saturday,6,TRUE
20220605,05-06-2022,2022,Q2,6,June,2022-06,22,5,Sunday,7,TRUE
20220606,06-06-2022,2022,Q2,6,June,2022-06,23,6,Monday,1,FALSE
20220607,07-06-2022,2022,Q2,6,June,2022-06,23,7,Tuesday,2,FALSE
20220608,08-06-2022,2022,Q2,6,June,2022-06,23,8,Wednesday,3,FALSE
20220609,09-06-2022,2022,Q2,6,June,2022-06,23,9,Thursday,4,FALSE
20220610,10-06-2022,2022,Q2,6,June,2022-06,23,10,Friday,5,FALSE
20220611,11-06-2022,2022,Q2,6,June,2022-06,23,11,Saturday,6,TRUE
20220612,12-06-2022,2022,Q2,6,June,2022-06,23,12,Sunday,7,TRUE
20220613,13-06-2022,2022,Q2,6,June,2022-06,24,13,Monday,1,FALSE
20220614,14-06-2022,2022,Q2,6,June,2022-06,24,14,Tuesday,2,FALSE
20220615,15-06-2022,2022,Q2,6,June,2022-06,24,15,Wednesday,3,FALSE
20220616,16-06-2022,2022,Q2,6,June,2022-06,24,16,Thursday,4,FALSE
20220617,17-06-2022,2022,Q2,6,June,2022-06,24,17,Friday,5,FALSE
20220618,18-06-2022,2022,Q2,6,June,2022-06,24,18,Saturday,6,TRUE
20220619,19-06-2022,2022,Q2,6,June,2022-06,24,19,Sunday,7,TRUE
20220620,20-06-2022,2022,Q2,6,June,2022-06,25,20,Monday,1,FALSE
20220621,21-06-2022,2022,Q2,6,June,2022-06,25,21,Tuesday,2,FALSE
20220622,22-06-2022,2022,Q2,6,June,2022-06,25,22,Wednesday,3,FALSE
20220623,23-06-2022,2022,Q2,6,June,2022-06,25,23,Thursday,4,FALSE
20220624,24-06-2022,2022,Q2,6,June,2022-06,25,24,Friday,5,FALSE
20220625,25-06-2022,2022,Q2,6,June,2022-06,25,25,Saturday,6,TRUE
20220626,26-06-2022,2022,Q2,6,June,2022-06,25,26,Sunday,7,TRUE
20220627,27-06-2022,2022,Q2,6,June,2022-06,26,27,Monday,1,FALSE
20220628,28-06-2022,2022,Q2,6,June,2022-06,26,28,Tuesday,2,FALSE
20220629,29-06-2022,2022,Q2,6,June,2022-06,26,29,Wednesday,3,FALSE
20220630,30-06-2022,2022,Q2,6,June,2022-06,26,30,Thursday,4,FALSE
20220701,01-07-2022,2022,Q3,7,July,2022-07,26,1,Friday,5,FALSE
20220702,02-07-2022,2022,Q3,7,July,2022-07,26,2,Saturday,6,TRUE
20220703,03-07-2022,2022,Q3,7,July,2022-07,26,3,Sunday,7,TRUE
20220704,04-07-2022,2022,Q3,7,July,2022-07,27,4,Monday,1,FALSE
20220705,05-07-2022,2022,Q3,7,July,2022-07,27,5,Tuesday,2,FALSE
20220706,06-07-2022,2022,Q3,7,July,2022-07,27,6,Wednesday,3,FALSE
20220707,07-07-2022,2022,Q3,7,July,2022-07,27,7,Thursday,4,FALSE
20220708,08-07-2022,2022,Q3,7,July,2022-07,27,8,Friday,5,FALSE
20220709,09-07-2022,2022,Q3,7,July,2022-07,27,9,Saturday,6,TRUE
20220710,10-07-2022,2022,Q3,7,July,2022-07,27,10,Sunday,7,TRUE
20220711,11-07-2022,2022,Q3,7,July,2022-07,28,11,Monday,1,FALSE
20220712,12-07-2022,2022,Q3,7,July,2022-07,28,12,Tuesday,2,FALSE
20220713,13-07-2022,2022,Q3,7,July,2022-07,28,13,Wednesday,3,FALSE
20220714,14-07-2022,2022,Q3,7,July,2022-07,28,14,Thursday,4,FALSE
20220715,15-07-2022,2022,Q3,7,July,2022-07,28,15,Friday,5,FALSE
20220716,16-07-2022,2022,Q3,7,July,2022-07,28,16,Saturday,6,TRUE
20220717,17-07-2022,2022,Q3,7,July,2022-07,28,17,Sunday,7,TRUE
20220718,18-07-2022,2022,Q3,7,July,2022-07,29,18,Monday,1,FALSE
20220719,19-07-2022,2022,Q3,7,July,2022-07,29,19,Tuesday,2,FALSE
20220720,20-07-2022,2022,Q3,7,July,2022-07,29,20,Wednesday,3,FALSE
20220721,21-07-2022,2022,Q3,7,July,2022-07,29,21,Thursday,4,FALSE
20220722,22-07-2022,2022,Q3,7,July,2022-07,29,22,Friday,5,FALSE
20220723,23-07-2022,2022,Q3,7,July,2022-07,29,23,Saturday,6,TRUE
20220724,24-07-2022,2022,Q3,7,July,2022-07,29,24,Sunday,7,TRUE
20220725,25-07-2022,2022,Q3,7,July,2022-07,30,25,Monday,1,FALSE
20220726,26-07-2022,2022,Q3,7,July,2022-07,30,26,Tuesday,2,FALSE
20220727,27-07-2022,2022,Q3,7,July,2022-07,30,27,Wednesday,3,FALSE
20220728,28-07-2022,2022,Q3,7,July,2022-07,30,28,Thursday,4,FALSE
20220729,29-07-2022,2022,Q3,7,July,2022-07,30,29,Friday,5,FALSE
20220730,30-07-2022,2022,Q3,7,July,2022-07,30,30,Saturday,6,TRUE
20220731,31-07-2022,2022,Q3,7,July,2022-07,30,31,Sunday,7,TRUE
20220801,01-08-2022,2022,Q3,8,August,2022-08,31,1,Monday,1,FALSE
20220802,02-08-2022,2022,Q3,8,August,2022-08,31,2,Tuesday,2,FALSE
20220803,03-08-2022,2022,Q3,8,August,2022-08,31,3,Wednesday,3,FALSE
20220804,04-08-2022,2022,Q3,8,August,2022-08,31,4,Thursday,4,FALSE
20220805,05-08-2022,2022,Q3,8,August,2022-08,31,5,Friday,5,FALSE
20220806,06-08-2022,2022,Q3,8,August,2022-08,31,6,Saturday,6,TRUE
20220807,07-08-2022,2022,Q3,8,August,2022-08,31,7,Sunday,7,TRUE
20220808,08-08-2022,2022,Q3,8,August,2022-08,32,8,Monday,1,FALSE
20220809,09-08-2022,2022,Q3,8,August,2022-08,32,9,Tuesday,2,FALSE
20220810,10-08-2022,2022,Q3,8,August,2022-08,32,10,Wednesday,3,FALSE
20220811,11-08-2022,2022,Q3,8,August,2022-08,32,11,Thursday,4,FALSE
20220812,12-08-2022,2022,Q3,8,August,2022-08,32,12,Friday,5,FALSE
20220813,13-08-2022,2022,Q3,8,August,2022-08,32,13,Saturday,6,TRUE
20220814,14-08-2022,2022,Q3,8,August,2022-08,32,14,Sunday,7,TRUE
20220815,15-08-2022,2022,Q3,8,August,2022-08,33,15,Monday,1,FALSE
20220816,16-08-2022,2022,Q3,8,August,2022-08,33,16,Tuesday,2,FALSE
20220817,17-08-2022,2022,Q3,8,August,2022-08,33,17,Wednesday,3,FALSE
20220818,18-08-2022,2022,Q3,8,August,2022-08,33,18,Thursday,4,FALSE
20220819,19-08-2022,2022,Q3,8,August,2022-08,33,19,Friday,5,FALSE
20220820,20-08-2022,2022,Q3,8,August,2022-08,33,20,Saturday,6,TRUE
20220821,21-08-2022,2022,Q3,8,August,2022-08,33,21,Sunday,7,TRUE
20220822,22-08-2022,2022,Q3,8,August,2022-08,34,22,Monday,1,FALSE
20220823,23-08-2022,2022,Q3,8,August,2022-08,34,23,Tuesday,2,FALSE
20220824,24-08-2022,2022,Q3,8,August,2022-08,34,24,Wednesday,3,FALSE
20220825,25-08-2022,2022,Q3,8,August,2022-08,34,25,Thursday,4,FALSE
20220826,26-08-2022,2022,Q3,8,August,2022-08,34,26,Friday,5,FALSE
20220827,27-08-2022,2022,Q3,8,August,2022-08,34,27,Saturday,6,TRUE
20220828,28-08-2022,2022,Q3,8,August,2022-08,34,28,Sunday,7,TRUE
20220829,29-08-2022,2022,Q3,8,August,2022-08,35,29,Monday,1,FALSE
20220830,30-08-2022,2022,Q3,8,August,2022-08,35,30,Tuesday,2,FALSE
20220831,31-08-2022,2022,Q3,8,August,2022-08,35,31,Wednesday,3,FALSE
20220901,01-09-2022,2022,Q3,9,September,2022-09,35,1,Thursday,4,FALSE
20220902,02-09-2022,2022,Q3,9,September,2022-09,35,2,Friday,5,FALSE
20220903,03-09-2022,2022,Q3,9,September,2022-09,35,3,Saturday,6,TRUE
20220904,04-09-2022,2022,Q3,9,September,2022-09,35,4,Sunday,7,TRUE
20220905,05-09-2022,2022,Q3,9,September,2022-09,36,5,Monday,1,FALSE
20220906,06-09-2022,2022,Q3,9,September,2022-09,36,6,Tuesday,2,FALSE
20220907,07-09-2022,2022,Q3,9,September,2022-09,36,7,Wednesday,3,FALSE
20220908,08-09-2022,2022,Q3,9,September,2022-09,36,8,Thursday,4,FALSE
20220909,09-09-2022,2022,Q3,9,September,2022-09,36,9,Friday,5,FALSE
20220910,10-09-2022,2022,Q3,9,September,2022-09,36,10,Saturday,6,TRUE
20220911,11-09-2022,2022,Q3,9,September,2022-09,36,11,Sunday,7,TRUE
20220912,12-09-2022,2022,Q3,9,September,2022-09,37,12,Monday,1,FALSE
20220913,13-09-2022,2022,Q3,9,September,2022-09,37,13,Tuesday,2,FALSE
20220914,14-09-2022,2022,Q3,9,September,2022-09,37,14,Wednesday,3,FALSE
20220915,15-09-2022,2022,Q3,9,September,2022-09,37,15,Thursday,4,FALSE
20220916,16-09-2022,2022,Q3,9,September,2022-09,37,16,Friday,5,FALSE
20220917,17-09-2022,2022,Q3,9,September,2022-09,37,17,Saturday,6,TRUE
20220918,18-09-2022,2022,Q3,9,September,2022-09,37,18,Sunday,7,TRUE
20220919,19-09-2022,2022,Q3,9,September,2022-09,38,19,Monday,1,FALSE
20220920,20-09-2022,2022,Q3,9,September,2022-09,38,20,Tuesday,2,FALSE
20220921,21-09-2022,2022,Q3,9,September,2022-09,38,21,Wednesday,3,FALSE
20220922,22-09-2022,2022,Q3,9,September,2022-09,38,22,Thursday,4,FALSE
20220923,23-09-2022,2022,Q3,9,September,2022-09,38,23,Friday,5,FALSE
20220924,24-09-2022,2022,Q3,9,September,2022-09,38,24,Saturday,6,TRUE
20220925,25-09-2022,2022,Q3,9,September,2022-09,38,25,Sunday,7,TRUE
20220926,26-09-2022,2022,Q3,9,September,2022-09,39,26,Monday,1,FALSE
20220927,27-09-2022,2022,Q3,9,September,2022-09,39,27,Tuesday,2,FALSE
20220928,28-09-2022,2022,Q3,9,September,2022-09,39,28,Wednesday,3,FALSE
20220929,29-09-2022,2022,Q3,9,September,2022-09,39,29,Thursday,4,FALSE
20220930,30-09-2022,2022,Q3,9,September,2022-09,39,30,Friday,5,FALSE
20221001,01-10-2022,2022,Q4,10,October,2022-10,39,1,Saturday,6,TRUE
20221002,02-10-2022,2022,Q4,10,October,2022-10,39,2,Sunday,7,TRUE
20221003,03-10-2022,2022,Q4,10,October,2022-10,40,3,Monday,1,FALSE
20221004,04-10-2022,2022,Q4,10,October,2022-10,40,4,Tuesday,2,FALSE
20221005,05-10-2022,2022,Q4,10,October,2022-10,40,5,Wednesday,3,FALSE
20221006,06-10-2022,2022,Q4,10,October,2022-10,40,6,Thursday,4,FALSE
20221007,07-10-2022,2022,Q4,10,October,2022-10,40,7,Friday,5,FALSE
20221008,08-10-2022,2022,Q4,10,October,2022-10,40,8,Saturday,6,TRUE
20221009,09-10-2022,2022,Q4,10,October,2022-10,40,9,Sunday,7,TRUE
20221010,10-10-2022,2022,Q4,10,October,2022-10,41,10,Monday,1,FALSE
20221011,11-10-2022,2022,Q4,10,October,2022-10,41,11,Tuesday,2,FALSE
20221012,12-10-2022,2022,Q4,10,October,2022-10,41,12,Wednesday,3,FALSE
20221013,13-10-2022,2022,Q4,10,October,2022-10,41,13,Thursday,4,FALSE
20221014,14-10-2022,2022,Q4,10,October,2022-10,41,14,Friday,5,FALSE
20221015,15-10-2022,2022,Q4,10,October,2022-10,41,15,Saturday,6,TRUE
20221016,16-10-2022,2022,Q4,10,October,2022-10,41,16,Sunday,7,TRUE
20221017,17-10-2022,2022,Q4,10,October,2022-10,42,17,Monday,1,FALSE
20221018,18-10-2022,2022,Q4,10,October,2022-10,42,18,Tuesday,2,FALSE
20221019,19-10-2022,2022,Q4,10,October,2022-10,42,19,Wednesday,3,FALSE
20221020,20-10-2022,2022,Q4,10,October,2022-10,42,20,Thursday,4,FALSE
20221021,21-10-2022,2022,Q4,10,October,2022-10,42,21,Friday,5,FALSE
20221022,22-10-2022,2022,Q4,10,October,2022-10,42,22,Saturday,6,TRUE
20221023,23-10-2022,2022,Q4,10,October,2022-10,42,23,Sunday,7,TRUE
20221024,24-10-2022,2022,Q4,10,October,2022-10,43,24,Monday,1,FALSE
20221025,25-10-2022,2022,Q4,10,October,2022-10,43,25,Tuesday,2,FALSE
20221026,26-10-2022,2022,Q4,10,October,2022-10,43,26,Wednesday,3,FALSE
20221027,27-10-2022,2022,Q4,10,October,2022-10,43,27,Thursday,4,FALSE
20221028,28-10-2022,2022,Q4,10,October,2022-10,43,28,Friday,5,FALSE
20221029,29-10-2022,2022,Q4,10,October,2022-10,43,29,Saturday,6,TRUE
20221030,30-10-2022,2022,Q4,10,October,2022-10,43,30,Sunday,7,TRUE
20221031,31-10-2022,2022,Q4,10,October,2022-10,44,31,Monday,1,FALSE
20221101,01-11-2022,2022,Q4,11,November,2022-11,44,1,Tuesday,2,FALSE
20221102,02-11-2022,2022,Q4,11,November,2022-11,44,2,Wednesday,3,FALSE
20221103,03-11-2022,2022,Q4,11,November,2022-11,44,3,Thursday,4,FALSE
20221104,04-11-2022,2022,Q4,11,November,2022-11,44,4,Friday,5,FALSE
20221105,05-11-2022,2022,Q4,11,November,2022-11,44,5,Saturday,6,TRUE
20221106,06-11-2022,2022,Q4,11,November,2022-11,44,6,Sunday,7,TRUE
20221107,07-11-2022,2022,Q4,11,November,2022-11,45,7,Monday,1,FALSE
20221108,08-11-2022,2022,Q4,11,November,2022-11,45,8,Tuesday,2,FALSE
20221109,09-11-2022,2022,Q4,11,November,2022-11,45,9,Wednesday,3,FALSE
20221110,10-11-2022,2022,Q4,11,November,2022-11,45,10,Thursday,4,FALSE
20221111,11-11-2022,2022,Q4,11,November,2022-11,45,11,Friday,5,FALSE
20221112,12-11-2022,2022,Q4,11,November,2022-11,45,12,Saturday,6,TRUE
20221113,13-11-2022,2022,Q4,11,November,2022-11,45,13,Sunday,7,TRUE
20221114,14-11-2022,2022,Q4,11,November,2022-11,46,14,Monday,1,FALSE
20221115,15-11-2022,2022,Q4,11,November,2022-11,46,15,Tuesday,2,FALSE
20221116,16-11-2022,2022,Q4,11,November,2022-11,46,16,Wednesday,3,FALSE
20221117,17-11-2022,2022,Q4,11,November,2022-11,46,17,Thursday,4,FALSE
20221118,18-11-2022,2022,Q4,11,November,2022-11,46,18,Friday,5,FALSE
20221119,19-11-2022,2022,Q4,11,November,2022-11,46,19,Saturday,6,TRUE
20221120,20-11-2022,2022,Q4,11,November,2022-11,46,20,Sunday,7,TRUE
20221121,21-11-2022,2022,Q4,11,November,2022-11,47,21,Monday,1,FALSE
20221122,22-11-2022,2022,Q4,11,November,2022-11,47,22,Tuesday,2,FALSE
20221123,23-11-2022,2022,Q4,11,November,2022-11,47,23,Wednesday,3,FALSE
20221124,24-11-2022,2022,Q4,11,November,2022-11,47,24,Thursday,4,FALSE
20221125,25-11-2022,2022,Q4,11,November,2022-11,47,25,Friday,5,FALSE
20221126,26-11-2022,2022,Q4,11,November,2022-11,47,26,Saturday,6,TRUE
20221127,27-11-2022,2022,Q4,11,November,2022-11,47,27,Sunday,7,TRUE
20221128,28-11-2022,2022,Q4,11,November,2022-11,48,28,Monday,1,FALSE
20221129,29-11-2022,2022,Q4,11,November,2022-11,48,29,Tuesday,2,FALSE
20221130,30-11-2022,2022,Q4,11,November,2022-11,48,30,Wednesday,3,FALSE
20221201,01-12-2022,2022,Q4,12,December,2022-12,48,1,Thursday,4,FALSE
20221202,02-12-2022,2022,Q4,12,December,2022-12,48,2,Friday,5,FALSE
20221203,03-12-2022,2022,Q4,12,December,2022-12,48,3,Saturday,6,TRUE
20221204,04-12-2022,2022,Q4,12,December,2022-12,48,4,Sunday,7,TRUE
20221205,05-12-2022,2022,Q4,12,December,2022-12,49,5,Monday,1,FALSE
20221206,06-12-2022,2022,Q4,12,December,2022-12,49,6,Tuesday,2,FALSE
20221207,07-12-2022,2022,Q4,12,December,2022-12,49,7,Wednesday,3,FALSE
20221208,08-12-2022,2022,Q4,12,December,2022-12,49,8,Thursday,4,FALSE
20221209,09-12-2022,2022,Q4,12,December,2022-12,49,9,Friday,5,FALSE
20221210,10-12-2022,2022,Q4,12,December,2022-12,49,10,Saturday,6,TRUE
20221211,11-12-2022,2022,Q4,12,December,2022-12,49,11,Sunday,7,TRUE
20221212,12-12-2022,2022,Q4,12,December,2022-12,50,12,Monday,1,FALSE
20221213,13-12-2022,2022,Q4,12,December,2022-12,50,13,Tuesday,2,FALSE
20221214,14-12-2022,2022,Q4,12,December,2022-12,50,14,Wednesday,3,FALSE
20221215,15-12-2022,2022,Q4,12,December,2022-12,50,15,Thursday,4,FALSE
20221216,16-12-2022,2022,Q4,12,December,2022-12,50,16,Friday,5,FALSE
20221217,17-12-2022,2022,Q4,12,December,2022-12,50,17,Saturday,6,TRUE
20221218,18-12-2022,2022,Q4,12,December,2022-12,50,18,Sunday,7,TRUE
20221219,19-12-2022,2022,Q4,12,December,2022-12,51,19,Monday,1,FALSE
20221220,20-12-2022,2022,Q4,12,December,2022-12,51,20,Tuesday,2,FALSE
20221221,21-12-2022,2022,Q4,12,December,2022-12,51,21,Wednesday,3,FALSE
20221222,22-12-2022,2022,Q4,12,December,2022-12,51,22,Thursday,4,FALSE
20221223,23-12-2022,2022,Q4,12,December,2022-12,51,23,Friday,5,FALSE
20221224,24-12-2022,2022,Q4,12,December,2022-12,51,24,Saturday,6,TRUE
20221225,25-12-2022,2022,Q4,12,December,2022-12,51,25,Sunday,7,TRUE
20221226,26-12-2022,2022,Q4,12,December,2022-12,52,26,Monday,1,FALSE
20221227,27-12-2022,2022,Q4,12,December,2022-12,52,27,Tuesday,2,FALSE
20221228,28-12-2022,2022,Q4,12,December,2022-12,52,28,Wednesday,3,FALSE
20221229,29-12-2022,2022,Q4,12,December,2022-12,52,29,Thursday,4,FALSE
20221230,30-12-2022,2022,Q4,12,December,2022-12,52,30,Friday,5,FALSE
20221231,31-12-2022,2022,Q4,12,December,2022-12,52,31,Saturday,6,TRUE
20230101,01-01-2023,2023,Q1,1,January,2023-01,52,1,Sunday,7,TRUE
20230102,02-01-2023,2023,Q1,1,January,2023-01,1,2,Monday,1,FALSE
20230103,03-01-2023,2023,Q1,1,January,2023-01,1,3,Tuesday,2,FALSE
20230104,04-01-2023,2023,Q1,1,January,2023-01,1,4,Wednesday,3,FALSE
20230105,05-01-2023,2023,Q1,1,January,2023-01,1,5,Thursday,4,FALSE
20230106,06-01-2023,2023,Q1,1,January,2023-01,1,6,Friday,5,FALSE
20230107,07-01-2023,2023,Q1,1,January,2023-01,1,7,Saturday,6,TRUE
20230108,08-01-2023,2023,Q1,1,January,2023-01,1,8,Sunday,7,TRUE
20230109,09-01-2023,2023,Q1,1,January,2023-01,2,9,Monday,1,FALSE
20230110,10-01-2023,2023,Q1,1,January,2023-01,2,10,Tuesday,2,FALSE
20230111,11-01-2023,2023,Q1,1,January,2023-01,2,11,Wednesday,3,FALSE
20230112,12-01-2023,2023,Q1,1,January,2023-01,2,12,Thursday,4,FALSE
20230113,13-01-2023,2023,Q1,1,January,2023-01,2,13,Friday,5,FALSE
20230114,14-01-2023,2023,Q1,1,January,2023-01,2,14,Saturday,6,TRUE
20230115,15-01-2023,2023,Q1,1,January,2023-01,2,15,Sunday,7,TRUE
20230116,16-01-2023,2023,Q1,1,January,2023-01,3,16,Monday,1,FALSE
20230117,17-01-2023,2023,Q1,1,January,2023-01,3,17,Tuesday,2,FALSE
20230118,18-01-2023,2023,Q1,1,January,2023-01,3,18,Wednesday,3,FALSE
20230119,19-01-2023,2023,Q1,1,January,2023-01,3,19,Thursday,4,FALSE
20230120,20-01-2023,2023,Q1,1,January,2023-01,3,20,Friday,5,FALSE
20230121,21-01-2023,2023,Q1,1,January,2023-01,3,21,Saturday,6,TRUE
20230122,22-01-2023,2023,Q1,1,January,2023-01,3,22,Sunday,7,TRUE
20230123,23-01-2023,2023,Q1,1,January,2023-01,4,23,Monday,1,FALSE
20230124,24-01-2023,2023,Q1,1,January,2023-01,4,24,Tuesday,2,FALSE
20230125,25-01-2023,2023,Q1,1,January,2023-01,4,25,Wednesday,3,FALSE
20230126,26-01-2023,2023,Q1,1,January,2023-01,4,26,Thursday,4,FALSE
20230127,27-01-2023,2023,Q1,1,January,2023-01,4,27,Friday,5,FALSE
20230128,28-01-2023,2023,Q1,1,January,2023-01,4,28,Saturday,6,TRUE
20230129,29-01-2023,2023,Q1,1,January,2023-01,4,29,Sunday,7,TRUE
20230130,30-01-2023,2023,Q1,1,January,2023-01,5,30,Monday,1,FALSE
20230131,31-01-2023,2023,Q1,1,January,2023-01,5,31,Tuesday,2,FALSE
20230201,01-02-2023,2023,Q1,2,February,2023-02,5,1,Wednesday,3,FALSE
20230202,02-02-2023,2023,Q1,2,February,2023-02,5,2,Thursday,4,FALSE
20230203,03-02-2023,2023,Q1,2,February,2023-02,5,3,Friday,5,FALSE
20230204,04-02-2023,2023,Q1,2,February,2023-02,5,4,Saturday,6,TRUE
20230205,05-02-2023,2023,Q1,2,February,2023-02,5,5,Sunday,7,TRUE
20230206,06-02-2023,2023,Q1,2,February,2023-02,6,6,Monday,1,FALSE
20230207,07-02-2023,2023,Q1,2,February,2023-02,6,7,Tuesday,2,FALSE
20230208,08-02-2023,2023,Q1,2,February,2023-02,6,8,Wednesday,3,FALSE
20230209,09-02-2023,2023,Q1,2,February,2023-02,6,9,Thursday,4,FALSE
20230210,10-02-2023,2023,Q1,2,February,2023-02,6,10,Friday,5,FALSE
20230211,11-02-2023,2023,Q1,2,February,2023-02,6,11,Saturday,6,TRUE
20230212,12-02-2023,2023,Q1,2,February,2023-02,6,12,Sunday,7,TRUE
20230213,13-02-2023,2023,Q1,2,February,2023-02,7,13,Monday,1,FALSE
20230214,14-02-2023,2023,Q1,2,February,2023-02,7,14,Tuesday,2,FALSE
20230215,15-02-2023,2023,Q1,2,February,2023-02,7,15,Wednesday,3,FALSE
20230216,16-02-2023,2023,Q1,2,February,2023-02,7,16,Thursday,4,FALSE
20230217,17-02-2023,2023,Q1,2,February,2023-02,7,17,Friday,5,FALSE
20230218,18-02-2023,2023,Q1,2,February,2023-02,7,18,Saturday,6,TRUE
20230219,19-02-2023,2023,Q1,2,February,2023-02,7,19,Sunday,7,TRUE
20230220,20-02-2023,2023,Q1,2,February,2023-02,8,20,Monday,1,FALSE
20230221,21-02-2023,2023,Q1,2,February,2023-02,8,21,Tuesday,2,FALSE
20230222,22-02-2023,2023,Q1,2,February,2023-02,8,22,Wednesday,3,FALSE
20230223,23-02-2023,2023,Q1,2,February,2023-02,8,23,Thursday,4,FALSE
20230224,24-02-2023,2023,Q1,2,February,2023-02,8,24,Friday,5,FALSE
20230225,25-02-2023,2023,Q1,2,February,2023-02,8,25,Saturday,6,TRUE
20230226,26-02-2023,2023,Q1,2,February,2023-02,8,26,Sunday,7,TRUE
20230227,27-02-2023,2023,Q1,2,February,2023-02,9,27,Monday,1,FALSE
20230228,28-02-2023,2023,Q1,2,February,2023-02,9,28,Tuesday,2,FALSE
20230301,01-03-2023,2023,Q1,3,March,2023-03,9,1,Wednesday,3,FALSE
20230302,02-03-2023,2023,Q1,3,March,2023-03,9,2,Thursday,4,FALSE
20230303,03-03-2023,2023,Q1,3,March,2023-03,9,3,Friday,5,FALSE
20230304,04-03-2023,2023,Q1,3,March,2023-03,9,4,Saturday,6,TRUE
20230305,05-03-2023,2023,Q1,3,March,2023-03,9,5,Sunday,7,TRUE
20230306,06-03-2023,2023,Q1,3,March,2023-03,10,6,Monday,1,FALSE
20230307,07-03-2023,2023,Q1,3,March,2023-03,10,7,Tuesday,2,FALSE
20230308,08-03-2023,2023,Q1,3,March,2023-03,10,8,Wednesday,3,FALSE
20230309,09-03-2023,2023,Q1,3,March,2023-03,10,9,Thursday,4,FALSE
20230310,10-03-2023,2023,Q1,3,March,2023-03,10,10,Friday,5,FALSE
20230311,11-03-2023,2023,Q1,3,March,2023-03,10,11,Saturday,6,TRUE
20230312,12-03-2023,2023,Q1,3,March,2023-03,10,12,Sunday,7,TRUE
20230313,13-03-2023,2023,Q1,3,March,2023-03,11,13,Monday,1,FALSE
20230314,14-03-2023,2023,Q1,3,March,2023-03,11,14,Tuesday,2,FALSE
20230315,15-03-2023,2023,Q1,3,March,2023-03,11,15,Wednesday,3,FALSE
20230316,16-03-2023,2023,Q1,3,March,2023-03,11,16,Thursday,4,FALSE
20230317,17-03-2023,2023,Q1,3,March,2023-03,11,17,Friday,5,FALSE
20230318,18-03-2023,2023,Q1,3,March,2023-03,11,18,Saturday,6,TRUE
20230319,19-03-2023,2023,Q1,3,March,2023-03,11,19,Sunday,7,TRUE
20230320,20-03-2023,2023,Q1,3,March,2023-03,12,20,Monday,1,FALSE
20230321,21-03-2023,2023,Q1,3,March,2023-03,12,21,Tuesday,2,FALSE
20230322,22-03-2023,2023,Q1,3,March,2023-03,12,22,Wednesday,3,FALSE
20230323,23-03-2023,2023,Q1,3,March,2023-03,12,23,Thursday,4,FALSE
20230324,24-03-2023,2023,Q1,3,March,2023-03,12,24,Friday,5,FALSE
20230325,25-03-2023,2023,Q1,3,March,2023-03,12,25,Saturday,6,TRUE
20230326,26-03-2023,2023,Q1,3,March,2023-03,12,26,Sunday,7,TRUE
20230327,27-03-2023,2023,Q1,3,March,2023-03,13,27,Monday,1,FALSE
20230328,28-03-2023,2023,Q1,3,March,2023-03,13,28,Tuesday,2,FALSE
20230329,29-03-2023,2023,Q1,3,March,2023-03,13,29,Wednesday,3,FALSE
20230330,30-03-2023,2023,Q1,3,March,2023-03,13,30,Thursday,4,FALSE
20230331,31-03-2023,2023,Q1,3,March,2023-03,13,31,Friday,5,FALSE
20230401,01-04-2023,2023,Q2,4,April,2023-04,13,1,Saturday,6,TRUE
20230402,02-04-2023,2023,Q2,4,April,2023-04,13,2,Sunday,7,TRUE
20230403,03-04-2023,2023,Q2,4,April,2023-04,14,3,Monday,1,FALSE
20230404,04-04-2023,2023,Q2,4,April,2023-04,14,4,Tuesday,2,FALSE
20230405,05-04-2023,2023,Q2,4,April,2023-04,14,5,Wednesday,3,FALSE
20230406,06-04-2023,2023,Q2,4,April,2023-04,14,6,Thursday,4,FALSE
20230407,07-04-2023,2023,Q2,4,April,2023-04,14,7,Friday,5,FALSE
20230408,08-04-2023,2023,Q2,4,April,2023-04,14,8,Saturday,6,TRUE
20230409,09-04-2023,2023,Q2,4,April,2023-04,14,9,Sunday,7,TRUE
20230410,10-04-2023,2023,Q2,4,April,2023-04,15,10,Monday,1,FALSE
20230411,11-04-2023,2023,Q2,4,April,2023-04,15,11,Tuesday,2,FALSE
20230412,12-04-2023,2023,Q2,4,April,2023-04,15,12,Wednesday,3,FALSE
20230413,13-04-2023,2023,Q2,4,April,2023-04,15,13,Thursday,4,FALSE
20230414,14-04-2023,2023,Q2,4,April,2023-04,15,14,Friday,5,FALSE
20230415,15-04-2023,2023,Q2,4,April,2023-04,15,15,Saturday,6,TRUE
20230416,16-04-2023,2023,Q2,4,April,2023-04,15,16,Sunday,7,TRUE
20230417,17-04-2023,2023,Q2,4,April,2023-04,16,17,Monday,1,FALSE
20230418,18-04-2023,2023,Q2,4,April,2023-04,16,18,Tuesday,2,FALSE
20230419,19-04-2023,2023,Q2,4,April,2023-04,16,19,Wednesday,3,FALSE
20230420,20-04-2023,2023,Q2,4,April,2023-04,16,20,Thursday,4,FALSE
20230421,21-04-2023,2023,Q2,4,April,2023-04,16,21,Friday,5,FALSE
20230422,22-04-2023,2023,Q2,4,April,2023-04,16,22,Saturday,6,TRUE
20230423,23-04-2023,2023,Q2,4,April,2023-04,16,23,Sunday,7,TRUE
20230424,24-04-2023,2023,Q2,4,April,2023-04,17,24,Monday,1,FALSE
20230425,25-04-2023,2023,Q2,4,April,2023-04,17,25,Tuesday,2,FALSE
20230426,26-04-2023,2023,Q2,4,April,2023-04,17,26,Wednesday,3,FALSE
20230427,27-04-2023,2023,Q2,4,April,2023-04,17,27,Thursday,4,FALSE
20230428,28-04-2023,2023,Q2,4,April,2023-04,17,28,Friday,5,FALSE
20230429,29-04-2023,2023,Q2,4,April,2023-04,17,29,Saturday,6,TRUE
20230430,30-04-2023,2023,Q2,4,April,2023-04,17,30,Sunday,7,TRUE
20230501,01-05-2023,2023,Q2,5,May,2023-05,18,1,Monday,1,FALSE
20230502,02-05-2023,2023,Q2,5,May,2023-05,18,2,Tuesday,2,FALSE
20230503,03-05-2023,2023,Q2,5,May,2023-05,18,3,Wednesday,3,FALSE
20230504,04-05-2023,2023,Q2,5,May,2023-05,18,4,Thursday,4,FALSE
20230505,05-05-2023,2023,Q2,5,May,2023-05,18,5,Friday,5,FALSE
20230506,06-05-2023,2023,Q2,5,May,2023-05,18,6,Saturday,6,TRUE
20230507,07-05-2023,2023,Q2,5,May,2023-05,18,7,Sunday,7,TRUE
20230508,08-05-2023,2023,Q2,5,May,2023-05,19,8,Monday,1,FALSE
20230509,09-05-2023,2023,Q2,5,May,2023-05,19,9,Tuesday,2,FALSE
20230510,10-05-2023,2023,Q2,5,May,2023-05,19,10,Wednesday,3,FALSE
20230511,11-05-2023,2023,Q2,5,May,2023-05,19,11,Thursday,4,FALSE
20230512,12-05-2023,2023,Q2,5,May,2023-05,19,12,Friday,5,FALSE
20230513,13-05-2023,2023,Q2,5,May,2023-05,19,13,Saturday,6,TRUE
20230514,14-05-2023,2023,Q2,5,May,2023-05,19,14,Sunday,7,TRUE
20230515,15-05-2023,2023,Q2,5,May,2023-05,20,15,Monday,1,FALSE
20230516,16-05-2023,2023,Q2,5,May,2023-05,20,16,Tuesday,2,FALSE
20230517,17-05-2023,2023,Q2,5,May,2023-05,20,17,Wednesday,3,FALSE
20230518,18-05-2023,2023,Q2,5,May,2023-05,20,18,Thursday,4,FALSE
20230519,19-05-2023,2023,Q2,5,May,2023-05,20,19,Friday,5,FALSE
20230520,20-05-2023,2023,Q2,5,May,2023-05,20,20,Saturday,6,TRUE
20230521,21-05-2023,2023,Q2,5,May,2023-05,20,21,Sunday,7,TRUE
20230522,22-05-2023,2023,Q2,5,May,2023-05,21,22,Monday,1,FALSE
20230523,23-05-2023,2023,Q2,5,May,2023-05,21,23,Tuesday,2,FALSE
20230524,24-05-2023,2023,Q2,5,May,2023-05,21,24,Wednesday,3,FALSE
20230525,25-05-2023,2023,Q2,5,May,2023-05,21,25,Thursday,4,FALSE
20230526,26-05-2023,2023,Q2,5,May,2023-05,21,26,Friday,5,FALSE
20230527,27-05-2023,2023,Q2,5,May,2023-05,21,27,Saturday,6,TRUE
20230528,28-05-2023,2023,Q2,5,May,2023-05,21,28,Sunday,7,TRUE
20230529,29-05-2023,2023,Q2,5,May,2023-05,22,29,Monday,1,FALSE
20230530,30-05-2023,2023,Q2,5,May,2023-05,22,30,Tuesday,2,FALSE
20230531,31-05-2023,2023,Q2,5,May,2023-05,22,31,Wednesday,3,FALSE
20230601,01-06-2023,2023,Q2,6,June,2023-06,22,1,Thursday,4,FALSE
20230602,02-06-2023,2023,Q2,6,June,2023-06,22,2,Friday,5,FALSE
20230603,03-06-2023,2023,Q2,6,June,2023-06,22,3,Saturday,6,TRUE
20230604,04-06-2023,2023,Q2,6,June,2023-06,22,4,Sunday,7,TRUE
20230605,05-06-2023,2023,Q2,6,June,2023-06,23,5,Monday,1,FALSE
20230606,06-06-2023,2023,Q2,6,June,2023-06,23,6,Tuesday,2,FALSE
20230607,07-06-2023,2023,Q2,6,June,2023-06,23,7,Wednesday,3,FALSE
20230608,08-06-2023,2023,Q2,6,June,2023-06,23,8,Thursday,4,FALSE
20230609,09-06-2023,2023,Q2,6,June,2023-06,23,9,Friday,5,FALSE
20230610,10-06-2023,2023,Q2,6,June,2023-06,23,10,Saturday,6,TRUE
20230611,11-06-2023,2023,Q2,6,June,2023-06,23,11,Sunday,7,TRUE
20230612,12-06-2023,2023,Q2,6,June,2023-06,24,12,Monday,1,FALSE
20230613,13-06-2023,2023,Q2,6,June,2023-06,24,13,Tuesday,2,FALSE
20230614,14-06-2023,2023,Q2,6,June,2023-06,24,14,Wednesday,3,FALSE
20230615,15-06-2023,2023,Q2,6,June,2023-06,24,15,Thursday,4,FALSE
20230616,16-06-2023,2023,Q2,6,June,2023-06,24,16,Friday,5,FALSE
20230617,17-06-2023,2023,Q2,6,June,2023-06,24,17,Saturday,6,TRUE
20230618,18-06-2023,2023,Q2,6,June,2023-06,24,18,Sunday,7,TRUE
20230619,19-06-2023,2023,Q2,6,June,2023-06,25,19,Monday,1,FALSE
20230620,20-06-2023,2023,Q2,6,June,2023-06,25,20,Tuesday,2,FALSE
20230621,21-06-2023,2023,Q2,6,June,2023-06,25,21,Wednesday,3,FALSE
20230622,22-06-2023,2023,Q2,6,June,2023-06,25,22,Thursday,4,FALSE
20230623,23-06-2023,2023,Q2,6,June,2023-06,25,23,Friday,5,FALSE
20230624,24-06-2023,2023,Q2,6,June,2023-06,25,24,Saturday,6,TRUE
20230625,25-06-2023,2023,Q2,6,June,2023-06,25,25,Sunday,7,TRUE
20230626,26-06-2023,2023,Q2,6,June,2023-06,26,26,Monday,1,FALSE
20230627,27-06-2023,2023,Q2,6,June,2023-06,26,27,Tuesday,2,FALSE
20230628,28-06-2023,2023,Q2,6,June,2023-06,26,28,Wednesday,3,FALSE
20230629,29-06-2023,2023,Q2,6,June,2023-06,26,29,Thursday,4,FALSE
20230630,30-06-2023,2023,Q2,6,June,2023-06,26,30,Friday,5,FALSE
20230701,01-07-2023,2023,Q3,7,July,2023-07,26,1,Saturday,6,TRUE
20230702,02-07-2023,2023,Q3,7,July,2023-07,26,2,Sunday,7,TRUE
20230703,03-07-2023,2023,Q3,7,July,2023-07,27,3,Monday,1,FALSE
20230704,04-07-2023,2023,Q3,7,July,2023-07,27,4,Tuesday,2,FALSE
20230705,05-07-2023,2023,Q3,7,July,2023-07,27,5,Wednesday,3,FALSE
20230706,06-07-2023,2023,Q3,7,July,2023-07,27,6,Thursday,4,FALSE
20230707,07-07-2023,2023,Q3,7,July,2023-07,27,7,Friday,5,FALSE
20230708,08-07-2023,2023,Q3,7,July,2023-07,27,8,Saturday,6,TRUE
20230709,09-07-2023,2023,Q3,7,July,2023-07,27,9,Sunday,7,TRUE
20230710,10-07-2023,2023,Q3,7,July,2023-07,28,10,Monday,1,FALSE
20230711,11-07-2023,2023,Q3,7,July,2023-07,28,11,Tuesday,2,FALSE
20230712,12-07-2023,2023,Q3,7,July,2023-07,28,12,Wednesday,3,FALSE
20230713,13-07-2023,2023,Q3,7,July,2023-07,28,13,Thursday,4,FALSE
20230714,14-07-2023,2023,Q3,7,July,2023-07,28,14,Friday,5,FALSE
20230715,15-07-2023,2023,Q3,7,July,2023-07,28,15,Saturday,6,TRUE
20230716,16-07-2023,2023,Q3,7,July,2023-07,28,16,Sunday,7,TRUE
20230717,17-07-2023,2023,Q3,7,July,2023-07,29,17,Monday,1,FALSE
20230718,18-07-2023,2023,Q3,7,July,2023-07,29,18,Tuesday,2,FALSE
20230719,19-07-2023,2023,Q3,7,July,2023-07,29,19,Wednesday,3,FALSE
20230720,20-07-2023,2023,Q3,7,July,2023-07,29,20,Thursday,4,FALSE
20230721,21-07-2023,2023,Q3,7,July,2023-07,29,21,Friday,5,FALSE
20230722,22-07-2023,2023,Q3,7,July,2023-07,29,22,Saturday,6,TRUE
20230723,23-07-2023,2023,Q3,7,July,2023-07,29,23,Sunday,7,TRUE
20230724,24-07-2023,2023,Q3,7,July,2023-07,30,24,Monday,1,FALSE
20230725,25-07-2023,2023,Q3,7,July,2023-07,30,25,Tuesday,2,FALSE
20230726,26-07-2023,2023,Q3,7,July,2023-07,30,26,Wednesday,3,FALSE
20230727,27-07-2023,2023,Q3,7,July,2023-07,30,27,Thursday,4,FALSE
20230728,28-07-2023,2023,Q3,7,July,2023-07,30,28,Friday,5,FALSE
20230729,29-07-2023,2023,Q3,7,July,2023-07,30,29,Saturday,6,TRUE
20230730,30-07-2023,2023,Q3,7,July,2023-07,30,30,Sunday,7,TRUE
20230731,31-07-2023,2023,Q3,7,July,2023-07,31,31,Monday,1,FALSE
20230801,01-08-2023,2023,Q3,8,August,2023-08,31,1,Tuesday,2,FALSE
20230802,02-08-2023,2023,Q3,8,August,2023-08,31,2,Wednesday,3,FALSE
20230803,03-08-2023,2023,Q3,8,August,2023-08,31,3,Thursday,4,FALSE
20230804,04-08-2023,2023,Q3,8,August,2023-08,31,4,Friday,5,FALSE
20230805,05-08-2023,2023,Q3,8,August,2023-08,31,5,Saturday,6,TRUE
20230806,06-08-2023,2023,Q3,8,August,2023-08,31,6,Sunday,7,TRUE
20230807,07-08-2023,2023,Q3,8,August,2023-08,32,7,Monday,1,FALSE
20230808,08-08-2023,2023,Q3,8,August,2023-08,32,8,Tuesday,2,FALSE
20230809,09-08-2023,2023,Q3,8,August,2023-08,32,9,Wednesday,3,FALSE
20230810,10-08-2023,2023,Q3,8,August,2023-08,32,10,Thursday,4,FALSE
20230811,11-08-2023,2023,Q3,8,August,2023-08,32,11,Friday,5,FALSE
20230812,12-08-2023,2023,Q3,8,August,2023-08,32,12,Saturday,6,TRUE
20230813,13-08-2023,2023,Q3,8,August,2023-08,32,13,Sunday,7,TRUE
20230814,14-08-2023,2023,Q3,8,August,2023-08,33,14,Monday,1,FALSE
20230815,15-08-2023,2023,Q3,8,August,2023-08,33,15,Tuesday,2,FALSE
20230816,16-08-2023,2023,Q3,8,August,2023-08,33,16,Wednesday,3,FALSE
20230817,17-08-2023,2023,Q3,8,August,2023-08,33,17,Thursday,4,FALSE
20230818,18-08-2023,2023,Q3,8,August,2023-08,33,18,Friday,5,FALSE
20230819,19-08-2023,2023,Q3,8,August,2023-08,33,19,Saturday,6,TRUE
20230820,20-08-2023,2023,Q3,8,August,2023-08,33,20,Sunday,7,TRUE
20230821,21-08-2023,2023,Q3,8,August,2023-08,34,21,Monday,1,FALSE
20230822,22-08-2023,2023,Q3,8,August,2023-08,34,22,Tuesday,2,FALSE
20230823,23-08-2023,2023,Q3,8,August,2023-08,34,23,Wednesday,3,FALSE
20230824,24-08-2023,2023,Q3,8,August,2023-08,34,24,Thursday,4,FALSE
20230825,25-08-2023,2023,Q3,8,August,2023-08,34,25,Friday,5,FALSE
20230826,26-08-2023,2023,Q3,8,August,2023-08,34,26,Saturday,6,TRUE
20230827,27-08-2023,2023,Q3,8,August,2023-08,34,27,Sunday,7,TRUE
20230828,28-08-2023,2023,Q3,8,August,2023-08,35,28,Monday,1,FALSE
20230829,29-08-2023,2023,Q3,8,August,2023-08,35,29,Tuesday,2,FALSE
20230830,30-08-2023,2023,Q3,8,August,2023-08,35,30,Wednesday,3,FALSE
20230831,31-08-2023,2023,Q3,8,August,2023-08,35,31,Thursday,4,FALSE
20230901,01-09-2023,2023,Q3,9,September,2023-09,35,1,Friday,5,FALSE
20230902,02-09-2023,2023,Q3,9,September,2023-09,35,2,Saturday,6,TRUE
20230903,03-09-2023,2023,Q3,9,September,2023-09,35,3,Sunday,7,TRUE
20230904,04-09-2023,2023,Q3,9,September,2023-09,36,4,Monday,1,FALSE
20230905,05-09-2023,2023,Q3,9,September,2023-09,36,5,Tuesday,2,FALSE
20230906,06-09-2023,2023,Q3,9,September,2023-09,36,6,Wednesday,3,FALSE
20230907,07-09-2023,2023,Q3,9,September,2023-09,36,7,Thursday,4,FALSE
20230908,08-09-2023,2023,Q3,9,September,2023-09,36,8,Friday,5,FALSE
20230909,09-09-2023,2023,Q3,9,September,2023-09,36,9,Saturday,6,TRUE
20230910,10-09-2023,2023,Q3,9,September,2023-09,36,10,Sunday,7,TRUE
20230911,11-09-2023,2023,Q3,9,September,2023-09,37,11,Monday,1,FALSE
20230912,12-09-2023,2023,Q3,9,September,2023-09,37,12,Tuesday,2,FALSE
20230913,13-09-2023,2023,Q3,9,September,2023-09,37,13,Wednesday,3,FALSE
20230914,14-09-2023,2023,Q3,9,September,2023-09,37,14,Thursday,4,FALSE
20230915,15-09-2023,2023,Q3,9,September,2023-09,37,15,Friday,5,FALSE
20230916,16-09-2023,2023,Q3,9,September,2023-09,37,16,Saturday,6,TRUE
20230917,17-09-2023,2023,Q3,9,September,2023-09,37,17,Sunday,7,TRUE
20230918,18-09-2023,2023,Q3,9,September,2023-09,38,18,Monday,1,FALSE
20230919,19-09-2023,2023,Q3,9,September,2023-09,38,19,Tuesday,2,FALSE
20230920,20-09-2023,2023,Q3,9,September,2023-09,38,20,Wednesday,3,FALSE
20230921,21-09-2023,2023,Q3,9,September,2023-09,38,21,Thursday,4,FALSE
20230922,22-09-2023,2023,Q3,9,September,2023-09,38,22,Friday,5,FALSE
20230923,23-09-2023,2023,Q3,9,September,2023-09,38,23,Saturday,6,TRUE
20230924,24-09-2023,2023,Q3,9,September,2023-09,38,24,Sunday,7,TRUE
20230925,25-09-2023,2023,Q3,9,September,2023-09,39,25,Monday,1,FALSE
20230926,26-09-2023,2023,Q3,9,September,2023-09,39,26,Tuesday,2,FALSE
20230927,27-09-2023,2023,Q3,9,September,2023-09,39,27,Wednesday,3,FALSE
20230928,28-09-2023,2023,Q3,9,September,2023-09,39,28,Thursday,4,FALSE
20230929,29-09-2023,2023,Q3,9,September,2023-09,39,29,Friday,5,FALSE
20230930,30-09-2023,2023,Q3,9,September,2023-09,39,30,Saturday,6,TRUE
20231001,01-10-2023,2023,Q4,10,October,2023-10,39,1,Sunday,7,TRUE
20231002,02-10-2023,2023,Q4,10,October,2023-10,40,2,Monday,1,FALSE
20231003,03-10-2023,2023,Q4,10,October,2023-10,40,3,Tuesday,2,FALSE
20231004,04-10-2023,2023,Q4,10,October,2023-10,40,4,Wednesday,3,FALSE
20231005,05-10-2023,2023,Q4,10,October,2023-10,40,5,Thursday,4,FALSE
20231006,06-10-2023,2023,Q4,10,October,2023-10,40,6,Friday,5,FALSE
20231007,07-10-2023,2023,Q4,10,October,2023-10,40,7,Saturday,6,TRUE
20231008,08-10-2023,2023,Q4,10,October,2023-10,40,8,Sunday,7,TRUE
20231009,09-10-2023,2023,Q4,10,October,2023-10,41,9,Monday,1,FALSE
20231010,10-10-2023,2023,Q4,10,October,2023-10,41,10,Tuesday,2,FALSE
20231011,11-10-2023,2023,Q4,10,October,2023-10,41,11,Wednesday,3,FALSE
20231012,12-10-2023,2023,Q4,10,October,2023-10,41,12,Thursday,4,FALSE
20231013,13-10-2023,2023,Q4,10,October,2023-10,41,13,Friday,5,FALSE
20231014,14-10-2023,2023,Q4,10,October,2023-10,41,14,Saturday,6,TRUE
20231015,15-10-2023,2023,Q4,10,October,2023-10,41,15,Sunday,7,TRUE
20231016,16-10-2023,2023,Q4,10,October,2023-10,42,16,Monday,1,FALSE
20231017,17-10-2023,2023,Q4,10,October,2023-10,42,17,Tuesday,2,FALSE
20231018,18-10-2023,2023,Q4,10,October,2023-10,42,18,Wednesday,3,FALSE
20231019,19-10-2023,2023,Q4,10,October,2023-10,42,19,Thursday,4,FALSE
20231020,20-10-2023,2023,Q4,10,October,2023-10,42,20,Friday,5,FALSE
20231021,21-10-2023,2023,Q4,10,October,2023-10,42,21,Saturday,6,TRUE
20231022,22-10-2023,2023,Q4,10,October,2023-10,42,22,Sunday,7,TRUE
20231023,23-10-2023,2023,Q4,10,October,2023-10,43,23,Monday,1,FALSE
20231024,24-10-2023,2023,Q4,10,October,2023-10,43,24,Tuesday,2,FALSE
20231025,25-10-2023,2023,Q4,10,October,2023-10,43,25,Wednesday,3,FALSE
20231026,26-10-2023,2023,Q4,10,October,2023-10,43,26,Thursday,4,FALSE
20231027,27-10-2023,2023,Q4,10,October,2023-10,43,27,Friday,5,FALSE
20231028,28-10-2023,2023,Q4,10,October,2023-10,43,28,Saturday,6,TRUE
20231029,29-10-2023,2023,Q4,10,October,2023-10,43,29,Sunday,7,TRUE
20231030,30-10-2023,2023,Q4,10,October,2023-10,44,30,Monday,1,FALSE
20231031,31-10-2023,2023,Q4,10,October,2023-10,44,31,Tuesday,2,FALSE
20231101,01-11-2023,2023,Q4,11,November,2023-11,44,1,Wednesday,3,FALSE
20231102,02-11-2023,2023,Q4,11,November,2023-11,44,2,Thursday,4,FALSE
20231103,03-11-2023,2023,Q4,11,November,2023-11,44,3,Friday,5,FALSE
20231104,04-11-2023,2023,Q4,11,November,2023-11,44,4,Saturday,6,TRUE
20231105,05-11-2023,2023,Q4,11,November,2023-11,44,5,Sunday,7,TRUE
20231106,06-11-2023,2023,Q4,11,November,2023-11,45,6,Monday,1,FALSE
20231107,07-11-2023,2023,Q4,11,November,2023-11,45,7,Tuesday,2,FALSE
20231108,08-11-2023,2023,Q4,11,November,2023-11,45,8,Wednesday,3,FALSE
20231109,09-11-2023,2023,Q4,11,November,2023-11,45,9,Thursday,4,FALSE
20231110,10-11-2023,2023,Q4,11,November,2023-11,45,10,Friday,5,FALSE
20231111,11-11-2023,2023,Q4,11,November,2023-11,45,11,Saturday,6,TRUE
20231112,12-11-2023,2023,Q4,11,November,2023-11,45,12,Sunday,7,TRUE
20231113,13-11-2023,2023,Q4,11,November,2023-11,46,13,Monday,1,FALSE
20231114,14-11-2023,2023,Q4,11,November,2023-11,46,14,Tuesday,2,FALSE
20231115,15-11-2023,2023,Q4,11,November,2023-11,46,15,Wednesday,3,FALSE
20231116,16-11-2023,2023,Q4,11,November,2023-11,46,16,Thursday,4,FALSE
20231117,17-11-2023,2023,Q4,11,November,2023-11,46,17,Friday,5,FALSE
20231118,18-11-2023,2023,Q4,11,November,2023-11,46,18,Saturday,6,TRUE
20231119,19-11-2023,2023,Q4,11,November,2023-11,46,19,Sunday,7,TRUE
20231120,20-11-2023,2023,Q4,11,November,2023-11,47,20,Monday,1,FALSE
20231121,21-11-2023,2023,Q4,11,November,2023-11,47,21,Tuesday,2,FALSE
20231122,22-11-2023,2023,Q4,11,November,2023-11,47,22,Wednesday,3,FALSE
20231123,23-11-2023,2023,Q4,11,November,2023-11,47,23,Thursday,4,FALSE
20231124,24-11-2023,2023,Q4,11,November,2023-11,47,24,Friday,5,FALSE
20231125,25-11-2023,2023,Q4,11,November,2023-11,47,25,Saturday,6,TRUE
20231126,26-11-2023,2023,Q4,11,November,2023-11,47,26,Sunday,7,TRUE
20231127,27-11-2023,2023,Q4,11,November,2023-11,48,27,Monday,1,FALSE
20231128,28-11-2023,2023,Q4,11,November,2023-11,48,28,Tuesday,2,FALSE
20231129,29-11-2023,2023,Q4,11,November,2023-11,48,29,Wednesday,3,FALSE
20231130,30-11-2023,2023,Q4,11,November,2023-11,48,30,Thursday,4,FALSE
20231201,01-12-2023,2023,Q4,12,December,2023-12,48,1,Friday,5,FALSE
20231202,02-12-2023,2023,Q4,12,December,2023-12,48,2,Saturday,6,TRUE
20231203,03-12-2023,2023,Q4,12,December,2023-12,48,3,Sunday,7,TRUE
20231204,04-12-2023,2023,Q4,12,December,2023-12,49,4,Monday,1,FALSE
20231205,05-12-2023,2023,Q4,12,December,2023-12,49,5,Tuesday,2,FALSE
20231206,06-12-2023,2023,Q4,12,December,2023-12,49,6,Wednesday,3,FALSE
20231207,07-12-2023,2023,Q4,12,December,2023-12,49,7,Thursday,4,FALSE
20231208,08-12-2023,2023,Q4,12,December,2023-12,49,8,Friday,5,FALSE
20231209,09-12-2023,2023,Q4,12,December,2023-12,49,9,Saturday,6,TRUE
20231210,10-12-2023,2023,Q4,12,December,2023-12,49,10,Sunday,7,TRUE
20231211,11-12-2023,2023,Q4,12,December,2023-12,50,11,Monday,1,FALSE
20231212,12-12-2023,2023,Q4,12,December,2023-12,50,12,Tuesday,2,FALSE
20231213,13-12-2023,2023,Q4,12,December,2023-12,50,13,Wednesday,3,FALSE
20231214,14-12-2023,2023,Q4,12,December,2023-12,50,14,Thursday,4,FALSE
20231215,15-12-2023,2023,Q4,12,December,2023-12,50,15,Friday,5,FALSE
20231216,16-12-2023,2023,Q4,12,December,2023-12,50,16,Saturday,6,TRUE
20231217,17-12-2023,2023,Q4,12,December,2023-12,50,17,Sunday,7,TRUE
20231218,18-12-2023,2023,Q4,12,December,2023-12,51,18,Monday,1,FALSE
20231219,19-12-2023,2023,Q4,12,December,2023-12,51,19,Tuesday,2,FALSE
20231220,20-12-2023,2023,Q4,12,December,2023-12,51,20,Wednesday,3,FALSE
20231221,21-12-2023,2023,Q4,12,December,2023-12,51,21,Thursday,4,FALSE
20231222,22-12-2023,2023,Q4,12,December,2023-12,51,22,Friday,5,FALSE
20231223,23-12-2023,2023,Q4,12,December,2023-12,51,23,Saturday,6,TRUE
20231224,24-12-2023,2023,Q4,12,December,2023-12,51,24,Sunday,7,TRUE
20231225,25-12-2023,2023,Q4,12,December,2023-12,52,25,Monday,1,FALSE
20231226,26-12-2023,2023,Q4,12,December,2023-12,52,26,Tuesday,2,FALSE
20231227,27-12-2023,2023,Q4,12,December,2023-12,52,27,Wednesday,3,FALSE
20231228,28-12-2023,2023,Q4,12,December,2023-12,52,28,Thursday,4,FALSE
20231229,29-12-2023,2023,Q4,12,December,2023-12,52,29,Friday,5,FALSE
20231230,30-12-2023,2023,Q4,12,December,2023-12,52,30,Saturday,6,TRUE
20231231,31-12-2023,2023,Q4,12,December,2023-12,52,31,Sunday,7,TRUE
20240101,01-01-2024,2024,Q1,1,January,2024-01,1,1,Monday,1,FALSE
20240102,02-01-2024,2024,Q1,1,January,2024-01,1,2,Tuesday,2,FALSE
20240103,03-01-2024,2024,Q1,1,January,2024-01,1,3,Wednesday,3,FALSE
20240104,04-01-2024,2024,Q1,1,January,2024-01,1,4,Thursday,4,FALSE
20240105,05-01-2024,2024,Q1,1,January,2024-01,1,5,Friday,5,FALSE
20240106,06-01-2024,2024,Q1,1,January,2024-01,1,6,Saturday,6,TRUE
20240107,07-01-2024,2024,Q1,1,January,2024-01,1,7,Sunday,7,TRUE
20240108,08-01-2024,2024,Q1,1,January,2024-01,2,8,Monday,1,FALSE
20240109,09-01-2024,2024,Q1,1,January,2024-01,2,9,Tuesday,2,FALSE
20240110,10-01-2024,2024,Q1,1,January,2024-01,2,10,Wednesday,3,FALSE
20240111,11-01-2024,2024,Q1,1,January,2024-01,2,11,Thursday,4,FALSE
20240112,12-01-2024,2024,Q1,1,January,2024-01,2,12,Friday,5,FALSE
20240113,13-01-2024,2024,Q1,1,January,2024-01,2,13,Saturday,6,TRUE
20240114,14-01-2024,2024,Q1,1,January,2024-01,2,14,Sunday,7,TRUE
20240115,15-01-2024,2024,Q1,1,January,2024-01,3,15,Monday,1,FALSE
20240116,16-01-2024,2024,Q1,1,January,2024-01,3,16,Tuesday,2,FALSE
20240117,17-01-2024,2024,Q1,1,January,2024-01,3,17,Wednesday,3,FALSE
20240118,18-01-2024,2024,Q1,1,January,2024-01,3,18,Thursday,4,FALSE
20240119,19-01-2024,2024,Q1,1,January,2024-01,3,19,Friday,5,FALSE
20240120,20-01-2024,2024,Q1,1,January,2024-01,3,20,Saturday,6,TRUE
20240121,21-01-2024,2024,Q1,1,January,2024-01,3,21,Sunday,7,TRUE
20240122,22-01-2024,2024,Q1,1,January,2024-01,4,22,Monday,1,FALSE
20240123,23-01-2024,2024,Q1,1,January,2024-01,4,23,Tuesday,2,FALSE
20240124,24-01-2024,2024,Q1,1,January,2024-01,4,24,Wednesday,3,FALSE
20240125,25-01-2024,2024,Q1,1,January,2024-01,4,25,Thursday,4,FALSE
20240126,26-01-2024,2024,Q1,1,January,2024-01,4,26,Friday,5,FALSE
20240127,27-01-2024,2024,Q1,1,January,2024-01,4,27,Saturday,6,TRUE
20240128,28-01-2024,2024,Q1,1,January,2024-01,4,28,Sunday,7,TRUE
20240129,29-01-2024,2024,Q1,1,January,2024-01,5,29,Monday,1,FALSE
20240130,30-01-2024,2024,Q1,1,January,2024-01,5,30,Tuesday,2,FALSE
20240131,31-01-2024,2024,Q1,1,January,2024-01,5,31,Wednesday,3,FALSE
20240201,01-02-2024,2024,Q1,2,February,2024-02,5,1,Thursday,4,FALSE
20240202,02-02-2024,2024,Q1,2,February,2024-02,5,2,Friday,5,FALSE
20240203,03-02-2024,2024,Q1,2,February,2024-02,5,3,Saturday,6,TRUE
20240204,04-02-2024,2024,Q1,2,February,2024-02,5,4,Sunday,7,TRUE
20240205,05-02-2024,2024,Q1,2,February,2024-02,6,5,Monday,1,FALSE
20240206,06-02-2024,2024,Q1,2,February,2024-02,6,6,Tuesday,2,FALSE
20240207,07-02-2024,2024,Q1,2,February,2024-02,6,7,Wednesday,3,FALSE
20240208,08-02-2024,2024,Q1,2,February,2024-02,6,8,Thursday,4,FALSE
20240209,09-02-2024,2024,Q1,2,February,2024-02,6,9,Friday,5,FALSE
20240210,10-02-2024,2024,Q1,2,February,2024-02,6,10,Saturday,6,TRUE
20240211,11-02-2024,2024,Q1,2,February,2024-02,6,11,Sunday,7,TRUE
20240212,12-02-2024,2024,Q1,2,February,2024-02,7,12,Monday,1,FALSE
20240213,13-02-2024,2024,Q1,2,February,2024-02,7,13,Tuesday,2,FALSE
20240214,14-02-2024,2024,Q1,2,February,2024-02,7,14,Wednesday,3,FALSE
20240215,15-02-2024,2024,Q1,2,February,2024-02,7,15,Thursday,4,FALSE
20240216,16-02-2024,2024,Q1,2,February,2024-02,7,16,Friday,5,FALSE
20240217,17-02-2024,2024,Q1,2,February,2024-02,7,17,Saturday,6,TRUE
20240218,18-02-2024,2024,Q1,2,February,2024-02,7,18,Sunday,7,TRUE
20240219,19-02-2024,2024,Q1,2,February,2024-02,8,19,Monday,1,FALSE
20240220,20-02-2024,2024,Q1,2,February,2024-02,8,20,Tuesday,2,FALSE
20240221,21-02-2024,2024,Q1,2,February,2024-02,8,21,Wednesday,3,FALSE
20240222,22-02-2024,2024,Q1,2,February,2024-02,8,22,Thursday,4,FALSE
20240223,23-02-2024,2024,Q1,2,February,2024-02,8,23,Friday,5,FALSE
20240224,24-02-2024,2024,Q1,2,February,2024-02,8,24,Saturday,6,TRUE
20240225,25-02-2024,2024,Q1,2,February,2024-02,8,25,Sunday,7,TRUE
20240226,26-02-2024,2024,Q1,2,February,2024-02,9,26,Monday,1,FALSE
20240227,27-02-2024,2024,Q1,2,February,2024-02,9,27,Tuesday,2,FALSE
20240228,28-02-2024,2024,Q1,2,February,2024-02,9,28,Wednesday,3,FALSE
20240229,29-02-2024,2024,Q1,2,February,2024-02,9,29,Thursday,4,FALSE
20240301,01-03-2024,2024,Q1,3,March,2024-03,9,1,Friday,5,FALSE
20240302,02-03-2024,2024,Q1,3,March,2024-03,9,2,Saturday,6,TRUE
20240303,03-03-2024,2024,Q1,3,March,2024-03,9,3,Sunday,7,TRUE
20240304,04-03-2024,2024,Q1,3,March,2024-03,10,4,Monday,1,FALSE
20240305,05-03-2024,2024,Q1,3,March,2024-03,10,5,Tuesday,2,FALSE
20240306,06-03-2024,2024,Q1,3,March,2024-03,10,6,Wednesday,3,FALSE
20240307,07-03-2024,2024,Q1,3,March,2024-03,10,7,Thursday,4,FALSE
20240308,08-03-2024,2024,Q1,3,March,2024-03,10,8,Friday,5,FALSE
20240309,09-03-2024,2024,Q1,3,March,2024-03,10,9,Saturday,6,TRUE
20240310,10-03-2024,2024,Q1,3,March,2024-03,10,10,Sunday,7,TRUE
20240311,11-03-2024,2024,Q1,3,March,2024-03,11,11,Monday,1,FALSE
20240312,12-03-2024,2024,Q1,3,March,2024-03,11,12,Tuesday,2,FALSE
20240313,13-03-2024,2024,Q1,3,March,2024-03,11,13,Wednesday,3,FALSE
20240314,14-03-2024,2024,Q1,3,March,2024-03,11,14,Thursday,4,FALSE
20240315,15-03-2024,2024,Q1,3,March,2024-03,11,15,Friday,5,FALSE
20240316,16-03-2024,2024,Q1,3,March,2024-03,11,16,Saturday,6,TRUE
20240317,17-03-2024,2024,Q1,3,March,2024-03,11,17,Sunday,7,TRUE
20240318,18-03-2024,2024,Q1,3,March,2024-03,12,18,Monday,1,FALSE
20240319,19-03-2024,2024,Q1,3,March,2024-03,12,19,Tuesday,2,FALSE
20240320,20-03-2024,2024,Q1,3,March,2024-03,12,20,Wednesday,3,FALSE
20240321,21-03-2024,2024,Q1,3,March,2024-03,12,21,Thursday,4,FALSE
20240322,22-03-2024,2024,Q1,3,March,2024-03,12,22,Friday,5,FALSE
20240323,23-03-2024,2024,Q1,3,March,2024-03,12,23,Saturday,6,TRUE
20240324,24-03-2024,2024,Q1,3,March,2024-03,12,24,Sunday,7,TRUE
20240325,25-03-2024,2024,Q1,3,March,2024-03,13,25,Monday,1,FALSE
20240326,26-03-2024,2024,Q1,3,March,2024-03,13,26,Tuesday,2,FALSE
20240327,27-03-2024,2024,Q1,3,March,2024-03,13,27,Wednesday,3,FALSE
20240328,28-03-2024,2024,Q1,3,March,2024-03,13,28,Thursday,4,FALSE
20240329,29-03-2024,2024,Q1,3,March,2024-03,13,29,Friday,5,FALSE
20240330,30-03-2024,2024,Q1,3,March,2024-03,13,30,Saturday,6,TRUE
20240331,31-03-2024,2024,Q1,3,March,2024-03,13,31,Sunday,7,TRUE
20240401,01-04-2024,2024,Q2,4,April,2024-04,14,1,Monday,1,FALSE
20240402,02-04-2024,2024,Q2,4,April,2024-04,14,2,Tuesday,2,FALSE
20240403,03-04-2024,2024,Q2,4,April,2024-04,14,3,Wednesday,3,FALSE
20240404,04-04-2024,2024,Q2,4,April,2024-04,14,4,Thursday,4,FALSE
20240405,05-04-2024,2024,Q2,4,April,2024-04,14,5,Friday,5,FALSE
20240406,06-04-2024,2024,Q2,4,April,2024-04,14,6,Saturday,6,TRUE
20240407,07-04-2024,2024,Q2,4,April,2024-04,14,7,Sunday,7,TRUE
20240408,08-04-2024,2024,Q2,4,April,2024-04,15,8,Monday,1,FALSE
20240409,09-04-2024,2024,Q2,4,April,2024-04,15,9,Tuesday,2,FALSE
20240410,10-04-2024,2024,Q2,4,April,2024-04,15,10,Wednesday,3,FALSE
20240411,11-04-2024,2024,Q2,4,April,2024-04,15,11,Thursday,4,FALSE
20240412,12-04-2024,2024,Q2,4,April,2024-04,15,12,Friday,5,FALSE
20240413,13-04-2024,2024,Q2,4,April,2024-04,15,13,Saturday,6,TRUE
20240414,14-04-2024,2024,Q2,4,April,2024-04,15,14,Sunday,7,TRUE
20240415,15-04-2024,2024,Q2,4,April,2024-04,16,15,Monday,1,FALSE
20240416,16-04-2024,2024,Q2,4,April,2024-04,16,16,Tuesday,2,FALSE
20240417,17-04-2024,2024,Q2,4,April,2024-04,16,17,Wednesday,3,FALSE
20240418,18-04-2024,2024,Q2,4,April,2024-04,16,18,Thursday,4,FALSE
20240419,19-04-2024,2024,Q2,4,April,2024-04,16,19,Friday,5,FALSE
20240420,20-04-2024,2024,Q2,4,April,2024-04,16,20,Saturday,6,TRUE
20240421,21-04-2024,2024,Q2,4,April,2024-04,16,21,Sunday,7,TRUE
20240422,22-04-2024,2024,Q2,4,April,2024-04,17,22,Monday,1,FALSE
20240423,23-04-2024,2024,Q2,4,April,2024-04,17,23,Tuesday,2,FALSE
20240424,24-04-2024,2024,Q2,4,April,2024-04,17,24,Wednesday,3,FALSE
20240425,25-04-2024,2024,Q2,4,April,2024-04,17,25,Thursday,4,FALSE
20240426,26-04-2024,2024,Q2,4,April,2024-04,17,26,Friday,5,FALSE
20240427,27-04-2024,2024,Q2,4,April,2024-04,17,27,Saturday,6,TRUE
20240428,28-04-2024,2024,Q2,4,April,2024-04,17,28,Sunday,7,TRUE
20240429,29-04-2024,2024,Q2,4,April,2024-04,18,29,Monday,1,FALSE
20240430,30-04-2024,2024,Q2,4,April,2024-04,18,30,Tuesday,2,FALSE
20240501,01-05-2024,2024,Q2,5,May,2024-05,18,1,Wednesday,3,FALSE
20240502,02-05-2024,2024,Q2,5,May,2024-05,18,2,Thursday,4,FALSE
20240503,03-05-2024,2024,Q2,5,May,2024-05,18,3,Friday,5,FALSE
20240504,04-05-2024,2024,Q2,5,May,2024-05,18,4,Saturday,6,TRUE
20240505,05-05-2024,2024,Q2,5,May,2024-05,18,5,Sunday,7,TRUE
20240506,06-05-2024,2024,Q2,5,May,2024-05,19,6,Monday,1,FALSE
20240507,07-05-2024,2024,Q2,5,May,2024-05,19,7,Tuesday,2,FALSE
20240508,08-05-2024,2024,Q2,5,May,2024-05,19,8,Wednesday,3,FALSE
20240509,09-05-2024,2024,Q2,5,May,2024-05,19,9,Thursday,4,FALSE
20240510,10-05-2024,2024,Q2,5,May,2024-05,19,10,Friday,5,FALSE
20240511,11-05-2024,2024,Q2,5,May,2024-05,19,11,Saturday,6,TRUE
20240512,12-05-2024,2024,Q2,5,May,2024-05,19,12,Sunday,7,TRUE
20240513,13-05-2024,2024,Q2,5,May,2024-05,20,13,Monday,1,FALSE
20240514,14-05-2024,2024,Q2,5,May,2024-05,20,14,Tuesday,2,FALSE
20240515,15-05-2024,2024,Q2,5,May,2024-05,20,15,Wednesday,3,FALSE
20240516,16-05-2024,2024,Q2,5,May,2024-05,20,16,Thursday,4,FALSE
20240517,17-05-2024,2024,Q2,5,May,2024-05,20,17,Friday,5,FALSE
20240518,18-05-2024,2024,Q2,5,May,2024-05,20,18,Saturday,6,TRUE
20240519,19-05-2024,2024,Q2,5,May,2024-05,20,19,Sunday,7,TRUE
20240520,20-05-2024,2024,Q2,5,May,2024-05,21,20,Monday,1,FALSE
20240521,21-05-2024,2024,Q2,5,May,2024-05,21,21,Tuesday,2,FALSE
20240522,22-05-2024,2024,Q2,5,May,2024-05,21,22,Wednesday,3,FALSE
20240523,23-05-2024,2024,Q2,5,May,2024-05,21,23,Thursday,4,FALSE
20240524,24-05-2024,2024,Q2,5,May,2024-05,21,24,Friday,5,FALSE
20240525,25-05-2024,2024,Q2,5,May,2024-05,21,25,Saturday,6,TRUE
20240526,26-05-2024,2024,Q2,5,May,2024-05,21,26,Sunday,7,TRUE
20240527,27-05-2024,2024,Q2,5,May,2024-05,22,27,Monday,1,FALSE
20240528,28-05-2024,2024,Q2,5,May,2024-05,22,28,Tuesday,2,FALSE
20240529,29-05-2024,2024,Q2,5,May,2024-05,22,29,Wednesday,3,FALSE
20240530,30-05-2024,2024,Q2,5,May,2024-05,22,30,Thursday,4,FALSE
20240531,31-05-2024,2024,Q2,5,May,2024-05,22,31,Friday,5,FALSE
20240601,01-06-2024,2024,Q2,6,June,2024-06,22,1,Saturday,6,TRUE
20240602,02-06-2024,2024,Q2,6,June,2024-06,22,2,Sunday,7,TRUE
20240603,03-06-2024,2024,Q2,6,June,2024-06,23,3,Monday,1,FALSE
20240604,04-06-2024,2024,Q2,6,June,2024-06,23,4,Tuesday,2,FALSE
20240605,05-06-2024,2024,Q2,6,June,2024-06,23,5,Wednesday,3,FALSE
20240606,06-06-2024,2024,Q2,6,June,2024-06,23,6,Thursday,4,FALSE
20240607,07-06-2024,2024,Q2,6,June,2024-06,23,7,Friday,5,FALSE
20240608,08-06-2024,2024,Q2,6,June,2024-06,23,8,Saturday,6,TRUE
20240609,09-06-2024,2024,Q2,6,June,2024-06,23,9,Sunday,7,TRUE
20240610,10-06-2024,2024,Q2,6,June,2024-06,24,10,Monday,1,FALSE
20240611,11-06-2024,2024,Q2,6,June,2024-06,24,11,Tuesday,2,FALSE
20240612,12-06-2024,2024,Q2,6,June,2024-06,24,12,Wednesday,3,FALSE
20240613,13-06-2024,2024,Q2,6,June,2024-06,24,13,Thursday,4,FALSE
20240614,14-06-2024,2024,Q2,6,June,2024-06,24,14,Friday,5,FALSE
20240615,15-06-2024,2024,Q2,6,June,2024-06,24,15,Saturday,6,TRUE
20240616,16-06-2024,2024,Q2,6,June,2024-06,24,16,Sunday,7,TRUE
20240617,17-06-2024,2024,Q2,6,June,2024-06,25,17,Monday,1,FALSE
20240618,18-06-2024,2024,Q2,6,June,2024-06,25,18,Tuesday,2,FALSE
20240619,19-06-2024,2024,Q2,6,June,2024-06,25,19,Wednesday,3,FALSE
20240620,20-06-2024,2024,Q2,6,June,2024-06,25,20,Thursday,4,FALSE
20240621,21-06-2024,2024,Q2,6,June,2024-06,25,21,Friday,5,FALSE
20240622,22-06-2024,2024,Q2,6,June,2024-06,25,22,Saturday,6,TRUE
20240623,23-06-2024,2024,Q2,6,June,2024-06,25,23,Sunday,7,TRUE
20240624,24-06-2024,2024,Q2,6,June,2024-06,26,24,Monday,1,FALSE
20240625,25-06-2024,2024,Q2,6,June,2024-06,26,25,Tuesday,2,FALSE
20240626,26-06-2024,2024,Q2,6,June,2024-06,26,26,Wednesday,3,FALSE
20240627,27-06-2024,2024,Q2,6,June,2024-06,26,27,Thursday,4,FALSE
20240628,28-06-2024,2024,Q2,6,June,2024-06,26,28,Friday,5,FALSE
20240629,29-06-2024,2024,Q2,6,June,2024-06,26,29,Saturday,6,TRUE
20240630,30-06-2024,2024,Q2,6,June,2024-06,26,30,Sunday,7,TRUE
20240701,01-07-2024,2024,Q3,7,July,2024-07,27,1,Monday,1,FALSE
20240702,02-07-2024,2024,Q3,7,July,2024-07,27,2,Tuesday,2,FALSE
20240703,03-07-2024,2024,Q3,7,July,2024-07,27,3,Wednesday,3,FALSE
20240704,04-07-2024,2024,Q3,7,July,2024-07,27,4,Thursday,4,FALSE
20240705,05-07-2024,2024,Q3,7,July,2024-07,27,5,Friday,5,FALSE
20240706,06-07-2024,2024,Q3,7,July,2024-07,27,6,Saturday,6,TRUE
20240707,07-07-2024,2024,Q3,7,July,2024-07,27,7,Sunday,7,TRUE
20240708,08-07-2024,2024,Q3,7,July,2024-07,28,8,Monday,1,FALSE
20240709,09-07-2024,2024,Q3,7,July,2024-07,28,9,Tuesday,2,FALSE
20240710,10-07-2024,2024,Q3,7,July,2024-07,28,10,Wednesday,3,FALSE
20240711,11-07-2024,2024,Q3,7,July,2024-07,28,11,Thursday,4,FALSE
20240712,12-07-2024,2024,Q3,7,July,2024-07,28,12,Friday,5,FALSE
20240713,13-07-2024,2024,Q3,7,July,2024-07,28,13,Saturday,6,TRUE
20240714,14-07-2024,2024,Q3,7,July,2024-07,28,14,Sunday,7,TRUE
20240715,15-07-2024,2024,Q3,7,July,2024-07,29,15,Monday,1,FALSE
20240716,16-07-2024,2024,Q3,7,July,2024-07,29,16,Tuesday,2,FALSE
20240717,17-07-2024,2024,Q3,7,July,2024-07,29,17,Wednesday,3,FALSE
20240718,18-07-2024,2024,Q3,7,July,2024-07,29,18,Thursday,4,FALSE
20240719,19-07-2024,2024,Q3,7,July,2024-07,29,19,Friday,5,FALSE
20240720,20-07-2024,2024,Q3,7,July,2024-07,29,20,Saturday,6,TRUE
20240721,21-07-2024,2024,Q3,7,July,2024-07,29,21,Sunday,7,TRUE
20240722,22-07-2024,2024,Q3,7,July,2024-07,30,22,Monday,1,FALSE
20240723,23-07-2024,2024,Q3,7,July,2024-07,30,23,Tuesday,2,FALSE
20240724,24-07-2024,2024,Q3,7,July,2024-07,30,24,Wednesday,3,FALSE
20240725,25-07-2024,2024,Q3,7,July,2024-07,30,25,Thursday,4,FALSE
20240726,26-07-2024,2024,Q3,7,July,2024-07,30,26,Friday,5,FALSE
20240727,27-07-2024,2024,Q3,7,July,2024-07,30,27,Saturday,6,TRUE
20240728,28-07-2024,2024,Q3,7,July,2024-07,30,28,Sunday,7,TRUE
20240729,29-07-2024,2024,Q3,7,July,2024-07,31,29,Monday,1,FALSE
20240730,30-07-2024,2024,Q3,7,July,2024-07,31,30,Tuesday,2,FALSE
20240731,31-07-2024,2024,Q3,7,July,2024-07,31,31,Wednesday,3,FALSE
20240801,01-08-2024,2024,Q3,8,August,2024-08,31,1,Thursday,4,FALSE
20240802,02-08-2024,2024,Q3,8,August,2024-08,31,2,Friday,5,FALSE
20240803,03-08-2024,2024,Q3,8,August,2024-08,31,3,Saturday,6,TRUE
20240804,04-08-2024,2024,Q3,8,August,2024-08,31,4,Sunday,7,TRUE
20240805,05-08-2024,2024,Q3,8,August,2024-08,32,5,Monday,1,FALSE
20240806,06-08-2024,2024,Q3,8,August,2024-08,32,6,Tuesday,2,FALSE
20240807,07-08-2024,2024,Q3,8,August,2024-08,32,7,Wednesday,3,FALSE
20240808,08-08-2024,2024,Q3,8,August,2024-08,32,8,Thursday,4,FALSE
20240809,09-08-2024,2024,Q3,8,August,2024-08,32,9,Friday,5,FALSE
20240810,10-08-2024,2024,Q3,8,August,2024-08,32,10,Saturday,6,TRUE
20240811,11-08-2024,2024,Q3,8,August,2024-08,32,11,Sunday,7,TRUE
20240812,12-08-2024,2024,Q3,8,August,2024-08,33,12,Monday,1,FALSE
20240813,13-08-2024,2024,Q3,8,August,2024-08,33,13,Tuesday,2,FALSE
20240814,14-08-2024,2024,Q3,8,August,2024-08,33,14,Wednesday,3,FALSE
20240815,15-08-2024,2024,Q3,8,August,2024-08,33,15,Thursday,4,FALSE
20240816,16-08-2024,2024,Q3,8,August,2024-08,33,16,Friday,5,FALSE
20240817,17-08-2024,2024,Q3,8,August,2024-08,33,17,Saturday,6,TRUE
20240818,18-08-2024,2024,Q3,8,August,2024-08,33,18,Sunday,7,TRUE
20240819,19-08-2024,2024,Q3,8,August,2024-08,34,19,Monday,1,FALSE
20240820,20-08-2024,2024,Q3,8,August,2024-08,34,20,Tuesday,2,FALSE
20240821,21-08-2024,2024,Q3,8,August,2024-08,34,21,Wednesday,3,FALSE
20240822,22-08-2024,2024,Q3,8,August,2024-08,34,22,Thursday,4,FALSE
20240823,23-08-2024,2024,Q3,8,August,2024-08,34,23,Friday,5,FALSE
20240824,24-08-2024,2024,Q3,8,August,2024-08,34,24,Saturday,6,TRUE
20240825,25-08-2024,2024,Q3,8,August,2024-08,34,25,Sunday,7,TRUE
20240826,26-08-2024,2024,Q3,8,August,2024-08,35,26,Monday,1,FALSE
20240827,27-08-2024,2024,Q3,8,August,2024-08,35,27,Tuesday,2,FALSE
20240828,28-08-2024,2024,Q3,8,August,2024-08,35,28,Wednesday,3,FALSE
20240829,29-08-2024,2024,Q3,8,August,2024-08,35,29,Thursday,4,FALSE
20240830,30-08-2024,2024,Q3,8,August,2024-08,35,30,Friday,5,FALSE
20240831,31-08-2024,2024,Q3,8,August,2024-08,35,31,Saturday,6,TRUE
20240901,01-09-2024,2024,Q3,9,September,2024-09,35,1,Sunday,7,TRUE
20240902,02-09-2024,2024,Q3,9,September,2024-09,36,2,Monday,1,FALSE
20240903,03-09-2024,2024,Q3,9,September,2024-09,36,3,Tuesday,2,FALSE
20240904,04-09-2024,2024,Q3,9,September,2024-09,36,4,Wednesday,3,FALSE
20240905,05-09-2024,2024,Q3,9,September,2024-09,36,5,Thursday,4,FALSE
20240906,06-09-2024,2024,Q3,9,September,2024-09,36,6,Friday,5,FALSE
20240907,07-09-2024,2024,Q3,9,September,2024-09,36,7,Saturday,6,TRUE
20240908,08-09-2024,2024,Q3,9,September,2024-09,36,8,Sunday,7,TRUE
20240909,09-09-2024,2024,Q3,9,September,2024-09,37,9,Monday,1,FALSE
20240910,10-09-2024,2024,Q3,9,September,2024-09,37,10,Tuesday,2,FALSE
20240911,11-09-2024,2024,Q3,9,September,2024-09,37,11,Wednesday,3,FALSE
20240912,12-09-2024,2024,Q3,9,September,2024-09,37,12,Thursday,4,FALSE
20240913,13-09-2024,2024,Q3,9,September,2024-09,37,13,Friday,5,FALSE
20240914,14-09-2024,2024,Q3,9,September,2024-09,37,14,Saturday,6,TRUE
20240915,15-09-2024,2024,Q3,9,September,2024-09,37,15,Sunday,7,TRUE
20240916,16-09-2024,2024,Q3,9,September,2024-09,38,16,Monday,1,FALSE
20240917,17-09-2024,2024,Q3,9,September,2024-09,38,17,Tuesday,2,FALSE
20240918,18-09-2024,2024,Q3,9,September,2024-09,38,18,Wednesday,3,FALSE
20240919,19-09-2024,2024,Q3,9,September,2024-09,38,19,Thursday,4,FALSE
20240920,20-09-2024,2024,Q3,9,September,2024-09,38,20,Friday,5,FALSE
20240921,21-09-2024,2024,Q3,9,September,2024-09,38,21,Saturday,6,TRUE
20240922,22-09-2024,2024,Q3,9,September,2024-09,38,22,Sunday,7,TRUE
20240923,23-09-2024,2024,Q3,9,September,2024-09,39,23,Monday,1,FALSE
20240924,24-09-2024,2024,Q3,9,September,2024-09,39,24,Tuesday,2,FALSE
20240925,25-09-2024,2024,Q3,9,September,2024-09,39,25,Wednesday,3,FALSE
20240926,26-09-2024,2024,Q3,9,September,2024-09,39,26,Thursday,4,FALSE
20240927,27-09-2024,2024,Q3,9,September,2024-09,39,27,Friday,5,FALSE
20240928,28-09-2024,2024,Q3,9,September,2024-09,39,28,Saturday,6,TRUE
20240929,29-09-2024,2024,Q3,9,September,2024-09,39,29,Sunday,7,TRUE
20240930,30-09-2024,2024,Q3,9,September,2024-09,40,30,Monday,1,FALSE
20241001,01-10-2024,2024,Q4,10,October,2024-10,40,1,Tuesday,2,FALSE
20241002,02-10-2024,2024,Q4,10,October,2024-10,40,2,Wednesday,3,FALSE
20241003,03-10-2024,2024,Q4,10,October,2024-10,40,3,Thursday,4,FALSE
20241004,04-10-2024,2024,Q4,10,October,2024-10,40,4,Friday,5,FALSE
20241005,05-10-2024,2024,Q4,10,October,2024-10,40,5,Saturday,6,TRUE
20241006,06-10-2024,2024,Q4,10,October,2024-10,40,6,Sunday,7,TRUE
20241007,07-10-2024,2024,Q4,10,October,2024-10,41,7,Monday,1,FALSE
20241008,08-10-2024,2024,Q4,10,October,2024-10,41,8,Tuesday,2,FALSE
20241009,09-10-2024,2024,Q4,10,October,2024-10,41,9,Wednesday,3,FALSE
20241010,10-10-2024,2024,Q4,10,October,2024-10,41,10,Thursday,4,FALSE
20241011,11-10-2024,2024,Q4,10,October,2024-10,41,11,Friday,5,FALSE
20241012,12-10-2024,2024,Q4,10,October,2024-10,41,12,Saturday,6,TRUE
20241013,13-10-2024,2024,Q4,10,October,2024-10,41,13,Sunday,7,TRUE
20241014,14-10-2024,2024,Q4,10,October,2024-10,42,14,Monday,1,FALSE
20241015,15-10-2024,2024,Q4,10,October,2024-10,42,15,Tuesday,2,FALSE
20241016,16-10-2024,2024,Q4,10,October,2024-10,42,16,Wednesday,3,FALSE
20241017,17-10-2024,2024,Q4,10,October,2024-10,42,17,Thursday,4,FALSE
20241018,18-10-2024,2024,Q4,10,October,2024-10,42,18,Friday,5,FALSE
20241019,19-10-2024,2024,Q4,10,October,2024-10,42,19,Saturday,6,TRUE
20241020,20-10-2024,2024,Q4,10,October,2024-10,42,20,Sunday,7,TRUE
20241021,21-10-2024,2024,Q4,10,October,2024-10,43,21,Monday,1,FALSE
20241022,22-10-2024,2024,Q4,10,October,2024-10,43,22,Tuesday,2,FALSE
20241023,23-10-2024,2024,Q4,10,October,2024-10,43,23,Wednesday,3,FALSE
20241024,24-10-2024,2024,Q4,10,October,2024-10,43,24,Thursday,4,FALSE
20241025,25-10-2024,2024,Q4,10,October,2024-10,43,25,Friday,5,FALSE
20241026,26-10-2024,2024,Q4,10,October,2024-10,43,26,Saturday,6,TRUE
20241027,27-10-2024,2024,Q4,10,October,2024-10,43,27,Sunday,7,TRUE
20241028,28-10-2024,2024,Q4,10,October,2024-10,44,28,Monday,1,FALSE
20241029,29-10-2024,2024,Q4,10,October,2024-10,44,29,Tuesday,2,FALSE
20241030,30-10-2024,2024,Q4,10,October,2024-10,44,30,Wednesday,3,FALSE
20241031,31-10-2024,2024,Q4,10,October,2024-10,44,31,Thursday,4,FALSE
20241101,01-11-2024,2024,Q4,11,November,2024-11,44,1,Friday,5,FALSE
20241102,02-11-2024,2024,Q4,11,November,2024-11,44,2,Saturday,6,TRUE
20241103,03-11-2024,2024,Q4,11,November,2024-11,44,3,Sunday,7,TRUE
20241104,04-11-2024,2024,Q4,11,November,2024-11,45,4,Monday,1,FALSE
20241105,05-11-2024,2024,Q4,11,November,2024-11,45,5,Tuesday,2,FALSE
20241106,06-11-2024,2024,Q4,11,November,2024-11,45,6,Wednesday,3,FALSE
20241107,07-11-2024,2024,Q4,11,November,2024-11,45,7,Thursday,4,FALSE
20241108,08-11-2024,2024,Q4,11,November,2024-11,45,8,Friday,5,FALSE
20241109,09-11-2024,2024,Q4,11,November,2024-11,45,9,Saturday,6,TRUE
20241110,10-11-2024,2024,Q4,11,November,2024-11,45,10,Sunday,7,TRUE
20241111,11-11-2024,2024,Q4,11,November,2024-11,46,11,Monday,1,FALSE
20241112,12-11-2024,2024,Q4,11,November,2024-11,46,12,Tuesday,2,FALSE
20241113,13-11-2024,2024,Q4,11,November,2024-11,46,13,Wednesday,3,FALSE
20241114,14-11-2024,2024,Q4,11,November,2024-11,46,14,Thursday,4,FALSE
20241115,15-11-2024,2024,Q4,11,November,2024-11,46,15,Friday,5,FALSE
20241116,16-11-2024,2024,Q4,11,November,2024-11,46,16,Saturday,6,TRUE
20241117,17-11-2024,2024,Q4,11,November,2024-11,46,17,Sunday,7,TRUE
20241118,18-11-2024,2024,Q4,11,November,2024-11,47,18,Monday,1,FALSE
20241119,19-11-2024,2024,Q4,11,November,2024-11,47,19,Tuesday,2,FALSE
20241120,20-11-2024,2024,Q4,11,November,2024-11,47,20,Wednesday,3,FALSE
20241121,21-11-2024,2024,Q4,11,November,2024-11,47,21,Thursday,4,FALSE
20241122,22-11-2024,2024,Q4,11,November,2024-11,47,22,Friday,5,FALSE
20241123,23-11-2024,2024,Q4,11,November,2024-11,47,23,Saturday,6,TRUE
20241124,24-11-2024,2024,Q4,11,November,2024-11,47,24,Sunday,7,TRUE
20241125,25-11-2024,2024,Q4,11,November,2024-11,48,25,Monday,1,FALSE
20241126,26-11-2024,2024,Q4,11,November,2024-11,48,26,Tuesday,2,FALSE
20241127,27-11-2024,2024,Q4,11,November,2024-11,48,27,Wednesday,3,FALSE
20241128,28-11-2024,2024,Q4,11,November,2024-11,48,28,Thursday,4,FALSE
20241129,29-11-2024,2024,Q4,11,November,2024-11,48,29,Friday,5,FALSE
20241130,30-11-2024,2024,Q4,11,November,2024-11,48,30,Saturday,6,TRUE
20241201,01-12-2024,2024,Q4,12,December,2024-12,48,1,Sunday,7,TRUE
20241202,02-12-2024,2024,Q4,12,December,2024-12,49,2,Monday,1,FALSE
20241203,03-12-2024,2024,Q4,12,December,2024-12,49,3,Tuesday,2,FALSE
20241204,04-12-2024,2024,Q4,12,December,2024-12,49,4,Wednesday,3,FALSE
20241205,05-12-2024,2024,Q4,12,December,2024-12,49,5,Thursday,4,FALSE
20241206,06-12-2024,2024,Q4,12,December,2024-12,49,6,Friday,5,FALSE
20241207,07-12-2024,2024,Q4,12,December,2024-12,49,7,Saturday,6,TRUE
20241208,08-12-2024,2024,Q4,12,December,2024-12,49,8,Sunday,7,TRUE
20241209,09-12-2024,2024,Q4,12,December,2024-12,50,9,Monday,1,FALSE
20241210,10-12-2024,2024,Q4,12,December,2024-12,50,10,Tuesday,2,FALSE
20241211,11-12-2024,2024,Q4,12,December,2024-12,50,11,Wednesday,3,FALSE
20241212,12-12-2024,2024,Q4,12,December,2024-12,50,12,Thursday,4,FALSE
20241213,13-12-2024,2024,Q4,12,December,2024-12,50,13,Friday,5,FALSE
20241214,14-12-2024,2024,Q4,12,December,2024-12,50,14,Saturday,6,TRUE
20241215,15-12-2024,2024,Q4,12,December,2024-12,50,15,Sunday,7,TRUE
20241216,16-12-2024,2024,Q4,12,December,2024-12,51,16,Monday,1,FALSE
20241217,17-12-2024,2024,Q4,12,December,2024-12,51,17,Tuesday,2,FALSE
20241218,18-12-2024,2024,Q4,12,December,2024-12,51,18,Wednesday,3,FALSE
20241219,19-12-2024,2024,Q4,12,December,2024-12,51,19,Thursday,4,FALSE
20241220,20-12-2024,2024,Q4,12,December,2024-12,51,20,Friday,5,FALSE
20241221,21-12-2024,2024,Q4,12,December,2024-12,51,21,Saturday,6,TRUE
20241222,22-12-2024,2024,Q4,12,December,2024-12,51,22,Sunday,7,TRUE
20241223,23-12-2024,2024,Q4,12,December,2024-12,52,23,Monday,1,FALSE
20241224,24-12-2024,2024,Q4,12,December,2024-12,52,24,Tuesday,2,FALSE
20241225,25-12-2024,2024,Q4,12,December,2024-12,52,25,Wednesday,3,FALSE
20241226,26-12-2024,2024,Q4,12,December,2024-12,52,26,Thursday,4,FALSE
20241227,27-12-2024,2024,Q4,12,December,2024-12,52,27,Friday,5,FALSE
20241228,28-12-2024,2024,Q4,12,December,2024-12,52,28,Saturday,6,TRUE
20241229,29-12-2024,2024,Q4,12,December,2024-12,52,29,Sunday,7,TRUE
20241230,30-12-2024,2024,Q4,12,December,2024-12,1,30,Monday,1,FALSE
20241231,31-12-2024,2024,Q4,12,December,2024-12,1,31,Tuesday,2,FALSE
20250101,01-01-2025,2025,Q1,1,January,2025-01,1,1,Wednesday,3,FALSE
20250102,02-01-2025,2025,Q1,1,January,2025-01,1,2,Thursday,4,FALSE
20250103,03-01-2025,2025,Q1,1,January,2025-01,1,3,Friday,5,FALSE
20250104,04-01-2025,2025,Q1,1,January,2025-01,1,4,Saturday,6,TRUE
20250105,05-01-2025,2025,Q1,1,January,2025-01,1,5,Sunday,7,TRUE
20250106,06-01-2025,2025,Q1,1,January,2025-01,2,6,Monday,1,FALSE
20250107,07-01-2025,2025,Q1,1,January,2025-01,2,7,Tuesday,2,FALSE
20250108,08-01-2025,2025,Q1,1,January,2025-01,2,8,Wednesday,3,FALSE
20250109,09-01-2025,2025,Q1,1,January,2025-01,2,9,Thursday,4,FALSE
20250110,10-01-2025,2025,Q1,1,January,2025-01,2,10,Friday,5,FALSE
20250111,11-01-2025,2025,Q1,1,January,2025-01,2,11,Saturday,6,TRUE
20250112,12-01-2025,2025,Q1,1,January,2025-01,2,12,Sunday,7,TRUE
20250113,13-01-2025,2025,Q1,1,January,2025-01,3,13,Monday,1,FALSE
20250114,14-01-2025,2025,Q1,1,January,2025-01,3,14,Tuesday,2,FALSE
20250115,15-01-2025,2025,Q1,1,January,2025-01,3,15,Wednesday,3,FALSE
20250116,16-01-2025,2025,Q1,1,January,2025-01,3,16,Thursday,4,FALSE
20250117,17-01-2025,2025,Q1,1,January,2025-01,3,17,Friday,5,FALSE
20250118,18-01-2025,2025,Q1,1,January,2025-01,3,18,Saturday,6,TRUE
20250119,19-01-2025,2025,Q1,1,January,2025-01,3,19,Sunday,7,TRUE
20250120,20-01-2025,2025,Q1,1,January,2025-01,4,20,Monday,1,FALSE
20250121,21-01-2025,2025,Q1,1,January,2025-01,4,21,Tuesday,2,FALSE
20250122,22-01-2025,2025,Q1,1,January,2025-01,4,22,Wednesday,3,FALSE
20250123,23-01-2025,2025,Q1,1,January,2025-01,4,23,Thursday,4,FALSE
20250124,24-01-2025,2025,Q1,1,January,2025-01,4,24,Friday,5,FALSE
20250125,25-01-2025,2025,Q1,1,January,2025-01,4,25,Saturday,6,TRUE
20250126,26-01-2025,2025,Q1,1,January,2025-01,4,26,Sunday,7,TRUE
20250127,27-01-2025,2025,Q1,1,January,2025-01,5,27,Monday,1,FALSE
20250128,28-01-2025,2025,Q1,1,January,2025-01,5,28,Tuesday,2,FALSE
20250129,29-01-2025,2025,Q1,1,January,2025-01,5,29,Wednesday,3,FALSE
20250130,30-01-2025,2025,Q1,1,January,2025-01,5,30,Thursday,4,FALSE
20250131,31-01-2025,2025,Q1,1,January,2025-01,5,31,Friday,5,FALSE
20250201,01-02-2025,2025,Q1,2,February,2025-02,5,1,Saturday,6,TRUE
20250202,02-02-2025,2025,Q1,2,February,2025-02,5,2,Sunday,7,TRUE
20250203,03-02-2025,2025,Q1,2,February,2025-02,6,3,Monday,1,FALSE
20250204,04-02-2025,2025,Q1,2,February,2025-02,6,4,Tuesday,2,FALSE
20250205,05-02-2025,2025,Q1,2,February,2025-02,6,5,Wednesday,3,FALSE
20250206,06-02-2025,2025,Q1,2,February,2025-02,6,6,Thursday,4,FALSE
20250207,07-02-2025,2025,Q1,2,February,2025-02,6,7,Friday,5,FALSE
20250208,08-02-2025,2025,Q1,2,February,2025-02,6,8,Saturday,6,TRUE
20250209,09-02-2025,2025,Q1,2,February,2025-02,6,9,Sunday,7,TRUE
20250210,10-02-2025,2025,Q1,2,February,2025-02,7,10,Monday,1,FALSE
20250211,11-02-2025,2025,Q1,2,February,2025-02,7,11,Tuesday,2,FALSE
20250212,12-02-2025,2025,Q1,2,February,2025-02,7,12,Wednesday,3,FALSE
20250213,13-02-2025,2025,Q1,2,February,2025-02,7,13,Thursday,4,FALSE
20250214,14-02-2025,2025,Q1,2,February,2025-02,7,14,Friday,5,FALSE
20250215,15-02-2025,2025,Q1,2,February,2025-02,7,15,Saturday,6,TRUE
20250216,16-02-2025,2025,Q1,2,February,2025-02,7,16,Sunday,7,TRUE
20250217,17-02-2025,2025,Q1,2,February,2025-02,8,17,Monday,1,FALSE
20250218,18-02-2025,2025,Q1,2,February,2025-02,8,18,Tuesday,2,FALSE
20250219,19-02-2025,2025,Q1,2,February,2025-02,8,19,Wednesday,3,FALSE
20250220,20-02-2025,2025,Q1,2,February,2025-02,8,20,Thursday,4,FALSE
20250221,21-02-2025,2025,Q1,2,February,2025-02,8,21,Friday,5,FALSE
20250222,22-02-2025,2025,Q1,2,February,2025-02,8,22,Saturday,6,TRUE
20250223,23-02-2025,2025,Q1,2,February,2025-02,8,23,Sunday,7,TRUE
20250224,24-02-2025,2025,Q1,2,February,2025-02,9,24,Monday,1,FALSE
20250225,25-02-2025,2025,Q1,2,February,2025-02,9,25,Tuesday,2,FALSE
20250226,26-02-2025,2025,Q1,2,February,2025-02,9,26,Wednesday,3,FALSE
20250227,27-02-2025,2025,Q1,2,February,2025-02,9,27,Thursday,4,FALSE
20250228,28-02-2025,2025,Q1,2,February,2025-02,9,28,Friday,5,FALSE
20250301,01-03-2025,2025,Q1,3,March,2025-03,9,1,Saturday,6,TRUE
20250302,02-03-2025,2025,Q1,3,March,2025-03,9,2,Sunday,7,TRUE
20250303,03-03-2025,2025,Q1,3,March,2025-03,10,3,Monday,1,FALSE
20250304,04-03-2025,2025,Q1,3,March,2025-03,10,4,Tuesday,2,FALSE
20250305,05-03-2025,2025,Q1,3,March,2025-03,10,5,Wednesday,3,FALSE
20250306,06-03-2025,2025,Q1,3,March,2025-03,10,6,Thursday,4,FALSE
20250307,07-03-2025,2025,Q1,3,March,2025-03,10,7,Friday,5,FALSE
20250308,08-03-2025,2025,Q1,3,March,2025-03,10,8,Saturday,6,TRUE
20250309,09-03-2025,2025,Q1,3,March,2025-03,10,9,Sunday,7,TRUE
20250310,10-03-2025,2025,Q1,3,March,2025-03,11,10,Monday,1,FALSE
20250311,11-03-2025,2025,Q1,3,March,2025-03,11,11,Tuesday,2,FALSE
20250312,12-03-2025,2025,Q1,3,March,2025-03,11,12,Wednesday,3,FALSE
20250313,13-03-2025,2025,Q1,3,March,2025-03,11,13,Thursday,4,FALSE
20250314,14-03-2025,2025,Q1,3,March,2025-03,11,14,Friday,5,FALSE
20250315,15-03-2025,2025,Q1,3,March,2025-03,11,15,Saturday,6,TRUE
20250316,16-03-2025,2025,Q1,3,March,2025-03,11,16,Sunday,7,TRUE
20250317,17-03-2025,2025,Q1,3,March,2025-03,12,17,Monday,1,FALSE
20250318,18-03-2025,2025,Q1,3,March,2025-03,12,18,Tuesday,2,FALSE
20250319,19-03-2025,2025,Q1,3,March,2025-03,12,19,Wednesday,3,FALSE
20250320,20-03-2025,2025,Q1,3,March,2025-03,12,20,Thursday,4,FALSE
20250321,21-03-2025,2025,Q1,3,March,2025-03,12,21,Friday,5,FALSE
20250322,22-03-2025,2025,Q1,3,March,2025-03,12,22,Saturday,6,TRUE
20250323,23-03-2025,2025,Q1,3,March,2025-03,12,23,Sunday,7,TRUE
20250324,24-03-2025,2025,Q1,3,March,2025-03,13,24,Monday,1,FALSE
20250325,25-03-2025,2025,Q1,3,March,2025-03,13,25,Tuesday,2,FALSE
20250326,26-03-2025,2025,Q1,3,March,2025-03,13,26,Wednesday,3,FALSE
20250327,27-03-2025,2025,Q1,3,March,2025-03,13,27,Thursday,4,FALSE
20250328,28-03-2025,2025,Q1,3,March,2025-03,13,28,Friday,5,FALSE
20250329,29-03-2025,2025,Q1,3,March,2025-03,13,29,Saturday,6,TRUE
20250330,30-03-2025,2025,Q1,3,March,2025-03,13,30,Sunday,7,TRUE
20250331,31-03-2025,2025,Q1,3,March,2025-03,14,31,Monday,1,FALSE
20250401,01-04-2025,2025,Q2,4,April,2025-04,14,1,Tuesday,2,FALSE
20250402,02-04-2025,2025,Q2,4,April,2025-04,14,2,Wednesday,3,FALSE
20250403,03-04-2025,2025,Q2,4,April,2025-04,14,3,Thursday,4,FALSE
20250404,04-04-2025,2025,Q2,4,April,2025-04,14,4,Friday,5,FALSE
20250405,05-04-2025,2025,Q2,4,April,2025-04,14,5,Saturday,6,TRUE
20250406,06-04-2025,2025,Q2,4,April,2025-04,14,6,Sunday,7,TRUE
20250407,07-04-2025,2025,Q2,4,April,2025-04,15,7,Monday,1,FALSE
20250408,08-04-2025,2025,Q2,4,April,2025-04,15,8,Tuesday,2,FALSE
20250409,09-04-2025,2025,Q2,4,April,2025-04,15,9,Wednesday,3,FALSE
20250410,10-04-2025,2025,Q2,4,April,2025-04,15,10,Thursday,4,FALSE
20250411,11-04-2025,2025,Q2,4,April,2025-04,15,11,Friday,5,FALSE
20250412,12-04-2025,2025,Q2,4,April,2025-04,15,12,Saturday,6,TRUE
20250413,13-04-2025,2025,Q2,4,April,2025-04,15,13,Sunday,7,TRUE
20250414,14-04-2025,2025,Q2,4,April,2025-04,16,14,Monday,1,FALSE
20250415,15-04-2025,2025,Q2,4,April,2025-04,16,15,Tuesday,2,FALSE
20250416,16-04-2025,2025,Q2,4,April,2025-04,16,16,Wednesday,3,FALSE
20250417,17-04-2025,2025,Q2,4,April,2025-04,16,17,Thursday,4,FALSE
20250418,18-04-2025,2025,Q2,4,April,2025-04,16,18,Friday,5,FALSE
20250419,19-04-2025,2025,Q2,4,April,2025-04,16,19,Saturday,6,TRUE
20250420,20-04-2025,2025,Q2,4,April,2025-04,16,20,Sunday,7,TRUE
20250421,21-04-2025,2025,Q2,4,April,2025-04,17,21,Monday,1,FALSE
20250422,22-04-2025,2025,Q2,4,April,2025-04,17,22,Tuesday,2,FALSE
20250423,23-04-2025,2025,Q2,4,April,2025-04,17,23,Wednesday,3,FALSE
20250424,24-04-2025,2025,Q2,4,April,2025-04,17,24,Thursday,4,FALSE
20250425,25-04-2025,2025,Q2,4,April,2025-04,17,25,Friday,5,FALSE
20250426,26-04-2025,2025,Q2,4,April,2025-04,17,26,Saturday,6,TRUE
20250427,27-04-2025,2025,Q2,4,April,2025-04,17,27,Sunday,7,TRUE
20250428,28-04-2025,2025,Q2,4,April,2025-04,18,28,Monday,1,FALSE
20250429,29-04-2025,2025,Q2,4,April,2025-04,18,29,Tuesday,2,FALSE
20250430,30-04-2025,2025,Q2,4,April,2025-04,18,30,Wednesday,3,FALSE
20250501,01-05-2025,2025,Q2,5,May,2025-05,18,1,Thursday,4,FALSE
20250502,02-05-2025,2025,Q2,5,May,2025-05,18,2,Friday,5,FALSE
20250503,03-05-2025,2025,Q2,5,May,2025-05,18,3,Saturday,6,TRUE
20250504,04-05-2025,2025,Q2,5,May,2025-05,18,4,Sunday,7,TRUE
20250505,05-05-2025,2025,Q2,5,May,2025-05,19,5,Monday,1,FALSE
20250506,06-05-2025,2025,Q2,5,May,2025-05,19,6,Tuesday,2,FALSE
20250507,07-05-2025,2025,Q2,5,May,2025-05,19,7,Wednesday,3,FALSE
20250508,08-05-2025,2025,Q2,5,May,2025-05,19,8,Thursday,4,FALSE
20250509,09-05-2025,2025,Q2,5,May,2025-05,19,9,Friday,5,FALSE
20250510,10-05-2025,2025,Q2,5,May,2025-05,19,10,Saturday,6,TRUE
20250511,11-05-2025,2025,Q2,5,May,2025-05,19,11,Sunday,7,TRUE
20250512,12-05-2025,2025,Q2,5,May,2025-05,20,12,Monday,1,FALSE
20250513,13-05-2025,2025,Q2,5,May,2025-05,20,13,Tuesday,2,FALSE
20250514,14-05-2025,2025,Q2,5,May,2025-05,20,14,Wednesday,3,FALSE
20250515,15-05-2025,2025,Q2,5,May,2025-05,20,15,Thursday,4,FALSE
20250516,16-05-2025,2025,Q2,5,May,2025-05,20,16,Friday,5,FALSE
20250517,17-05-2025,2025,Q2,5,May,2025-05,20,17,Saturday,6,TRUE
20250518,18-05-2025,2025,Q2,5,May,2025-05,20,18,Sunday,7,TRUE
20250519,19-05-2025,2025,Q2,5,May,2025-05,21,19,Monday,1,FALSE
20250520,20-05-2025,2025,Q2,5,May,2025-05,21,20,Tuesday,2,FALSE
20250521,21-05-2025,2025,Q2,5,May,2025-05,21,21,Wednesday,3,FALSE
20250522,22-05-2025,2025,Q2,5,May,2025-05,21,22,Thursday,4,FALSE
20250523,23-05-2025,2025,Q2,5,May,2025-05,21,23,Friday,5,FALSE
20250524,24-05-2025,2025,Q2,5,May,2025-05,21,24,Saturday,6,TRUE
20250525,25-05-2025,2025,Q2,5,May,2025-05,21,25,Sunday,7,TRUE
20250526,26-05-2025,2025,Q2,5,May,2025-05,22,26,Monday,1,FALSE
20250527,27-05-2025,2025,Q2,5,May,2025-05,22,27,Tuesday,2,FALSE
20250528,28-05-2025,2025,Q2,5,May,2025-05,22,28,Wednesday,3,FALSE
20250529,29-05-2025,2025,Q2,5,May,2025-05,22,29,Thursday,4,FALSE
20250530,30-05-2025,2025,Q2,5,May,2025-05,22,30,Friday,5,FALSE
20250531,31-05-2025,2025,Q2,5,May,2025-05,22,31,Saturday,6,TRUE
20250601,01-06-2025,2025,Q2,6,June,2025-06,22,1,Sunday,7,TRUE
20250602,02-06-2025,2025,Q2,6,June,2025-06,23,2,Monday,1,FALSE
20250603,03-06-2025,2025,Q2,6,June,2025-06,23,3,Tuesday,2,FALSE
20250604,04-06-2025,2025,Q2,6,June,2025-06,23,4,Wednesday,3,FALSE
20250605,05-06-2025,2025,Q2,6,June,2025-06,23,5,Thursday,4,FALSE
20250606,06-06-2025,2025,Q2,6,June,2025-06,23,6,Friday,5,FALSE
20250607,07-06-2025,2025,Q2,6,June,2025-06,23,7,Saturday,6,TRUE
20250608,08-06-2025,2025,Q2,6,June,2025-06,23,8,Sunday,7,TRUE
20250609,09-06-2025,2025,Q2,6,June,2025-06,24,9,Monday,1,FALSE
20250610,10-06-2025,2025,Q2,6,June,2025-06,24,10,Tuesday,2,FALSE
20250611,11-06-2025,2025,Q2,6,June,2025-06,24,11,Wednesday,3,FALSE
20250612,12-06-2025,2025,Q2,6,June,2025-06,24,12,Thursday,4,FALSE
20250613,13-06-2025,2025,Q2,6,June,2025-06,24,13,Friday,5,FALSE
20250614,14-06-2025,2025,Q2,6,June,2025-06,24,14,Saturday,6,TRUE
20250615,15-06-2025,2025,Q2,6,June,2025-06,24,15,Sunday,7,TRUE
20250616,16-06-2025,2025,Q2,6,June,2025-06,25,16,Monday,1,FALSE
20250617,17-06-2025,2025,Q2,6,June,2025-06,25,17,Tuesday,2,FALSE
20250618,18-06-2025,2025,Q2,6,June,2025-06,25,18,Wednesday,3,FALSE
20250619,19-06-2025,2025,Q2,6,June,2025-06,25,19,Thursday,4,FALSE
20250620,20-06-2025,2025,Q2,6,June,2025-06,25,20,Friday,5,FALSE
20250621,21-06-2025,2025,Q2,6,June,2025-06,25,21,Saturday,6,TRUE
20250622,22-06-2025,2025,Q2,6,June,2025-06,25,22,Sunday,7,TRUE
20250623,23-06-2025,2025,Q2,6,June,2025-06,26,23,Monday,1,FALSE
20250624,24-06-2025,2025,Q2,6,June,2025-06,26,24,Tuesday,2,FALSE
20250625,25-06-2025,2025,Q2,6,June,2025-06,26,25,Wednesday,3,FALSE
20250626,26-06-2025,2025,Q2,6,June,2025-06,26,26,Thursday,4,FALSE
20250627,27-06-2025,2025,Q2,6,June,2025-06,26,27,Friday,5,FALSE
20250628,28-06-2025,2025,Q2,6,June,2025-06,26,28,Saturday,6,TRUE
20250629,29-06-2025,2025,Q2,6,June,2025-06,26,29,Sunday,7,TRUE
20250630,30-06-2025,2025,Q2,6,June,2025-06,27,30,Monday,1,FALSE
20250701,01-07-2025,2025,Q3,7,July,2025-07,27,1,Tuesday,2,FALSE
20250702,02-07-2025,2025,Q3,7,July,2025-07,27,2,Wednesday,3,FALSE
20250703,03-07-2025,2025,Q3,7,July,2025-07,27,3,Thursday,4,FALSE
20250704,04-07-2025,2025,Q3,7,July,2025-07,27,4,Friday,5,FALSE
20250705,05-07-2025,2025,Q3,7,July,2025-07,27,5,Saturday,6,TRUE
20250706,06-07-2025,2025,Q3,7,July,2025-07,27,6,Sunday,7,TRUE
20250707,07-07-2025,2025,Q3,7,July,2025-07,28,7,Monday,1,FALSE
20250708,08-07-2025,2025,Q3,7,July,2025-07,28,8,Tuesday,2,FALSE
20250709,09-07-2025,2025,Q3,7,July,2025-07,28,9,Wednesday,3,FALSE
20250710,10-07-2025,2025,Q3,7,July,2025-07,28,10,Thursday,4,FALSE
20250711,11-07-2025,2025,Q3,7,July,2025-07,28,11,Friday,5,FALSE
20250712,12-07-2025,2025,Q3,7,July,2025-07,28,12,Saturday,6,TRUE
20250713,13-07-2025,2025,Q3,7,July,2025-07,28,13,Sunday,7,TRUE
20250714,14-07-2025,2025,Q3,7,July,2025-07,29,14,Monday,1,FALSE
20250715,15-07-2025,2025,Q3,7,July,2025-07,29,15,Tuesday,2,FALSE
20250716,16-07-2025,2025,Q3,7,July,2025-07,29,16,Wednesday,3,FALSE
20250717,17-07-2025,2025,Q3,7,July,2025-07,29,17,Thursday,4,FALSE
20250718,18-07-2025,2025,Q3,7,July,2025-07,29,18,Friday,5,FALSE
20250719,19-07-2025,2025,Q3,7,July,2025-07,29,19,Saturday,6,TRUE
20250720,20-07-2025,2025,Q3,7,July,2025-07,29,20,Sunday,7,TRUE
20250721,21-07-2025,2025,Q3,7,July,2025-07,30,21,Monday,1,FALSE
20250722,22-07-2025,2025,Q3,7,July,2025-07,30,22,Tuesday,2,FALSE
20250723,23-07-2025,2025,Q3,7,July,2025-07,30,23,Wednesday,3,FALSE
20250724,24-07-2025,2025,Q3,7,July,2025-07,30,24,Thursday,4,FALSE
20250725,25-07-2025,2025,Q3,7,July,2025-07,30,25,Friday,5,FALSE
20250726,26-07-2025,2025,Q3,7,July,2025-07,30,26,Saturday,6,TRUE
20250727,27-07-2025,2025,Q3,7,July,2025-07,30,27,Sunday,7,TRUE
20250728,28-07-2025,2025,Q3,7,July,2025-07,31,28,Monday,1,FALSE
20250729,29-07-2025,2025,Q3,7,July,2025-07,31,29,Tuesday,2,FALSE
20250730,30-07-2025,2025,Q3,7,July,2025-07,31,30,Wednesday,3,FALSE
20250731,31-07-2025,2025,Q3,7,July,2025-07,31,31,Thursday,4,FALSE
20250801,01-08-2025,2025,Q3,8,August,2025-08,31,1,Friday,5,FALSE
20250802,02-08-2025,2025,Q3,8,August,2025-08,31,2,Saturday,6,TRUE
20250803,03-08-2025,2025,Q3,8,August,2025-08,31,3,Sunday,7,TRUE
20250804,04-08-2025,2025,Q3,8,August,2025-08,32,4,Monday,1,FALSE
20250805,05-08-2025,2025,Q3,8,August,2025-08,32,5,Tuesday,2,FALSE
20250806,06-08-2025,2025,Q3,8,August,2025-08,32,6,Wednesday,3,FALSE
20250807,07-08-2025,2025,Q3,8,August,2025-08,32,7,Thursday,4,FALSE
20250808,08-08-2025,2025,Q3,8,August,2025-08,32,8,Friday,5,FALSE
20250809,09-08-2025,2025,Q3,8,August,2025-08,32,9,Saturday,6,TRUE
20250810,10-08-2025,2025,Q3,8,August,2025-08,32,10,Sunday,7,TRUE
20250811,11-08-2025,2025,Q3,8,August,2025-08,33,11,Monday,1,FALSE
20250812,12-08-2025,2025,Q3,8,August,2025-08,33,12,Tuesday,2,FALSE
20250813,13-08-2025,2025,Q3,8,August,2025-08,33,13,Wednesday,3,FALSE
20250814,14-08-2025,2025,Q3,8,August,2025-08,33,14,Thursday,4,FALSE
20250815,15-08-2025,2025,Q3,8,August,2025-08,33,15,Friday,5,FALSE
20250816,16-08-2025,2025,Q3,8,August,2025-08,33,16,Saturday,6,TRUE
20250817,17-08-2025,2025,Q3,8,August,2025-08,33,17,Sunday,7,TRUE
20250818,18-08-2025,2025,Q3,8,August,2025-08,34,18,Monday,1,FALSE
20250819,19-08-2025,2025,Q3,8,August,2025-08,34,19,Tuesday,2,FALSE
20250820,20-08-2025,2025,Q3,8,August,2025-08,34,20,Wednesday,3,FALSE
20250821,21-08-2025,2025,Q3,8,August,2025-08,34,21,Thursday,4,FALSE
20250822,22-08-2025,2025,Q3,8,August,2025-08,34,22,Friday,5,FALSE
20250823,23-08-2025,2025,Q3,8,August,2025-08,34,23,Saturday,6,TRUE
20250824,24-08-2025,2025,Q3,8,August,2025-08,34,24,Sunday,7,TRUE
20250825,25-08-2025,2025,Q3,8,August,2025-08,35,25,Monday,1,FALSE
20250826,26-08-2025,2025,Q3,8,August,2025-08,35,26,Tuesday,2,FALSE
20250827,27-08-2025,2025,Q3,8,August,2025-08,35,27,Wednesday,3,FALSE
20250828,28-08-2025,2025,Q3,8,August,2025-08,35,28,Thursday,4,FALSE
20250829,29-08-2025,2025,Q3,8,August,2025-08,35,29,Friday,5,FALSE
20250830,30-08-2025,2025,Q3,8,August,2025-08,35,30,Saturday,6,TRUE
20250831,31-08-2025,2025,Q3,8,August,2025-08,35,31,Sunday,7,TRUE
20250901,01-09-2025,2025,Q3,9,September,2025-09,36,1,Monday,1,FALSE
20250902,02-09-2025,2025,Q3,9,September,2025-09,36,2,Tuesday,2,FALSE
20250903,03-09-2025,2025,Q3,9,September,2025-09,36,3,Wednesday,3,FALSE
20250904,04-09-2025,2025,Q3,9,September,2025-09,36,4,Thursday,4,FALSE
20250905,05-09-2025,2025,Q3,9,September,2025-09,36,5,Friday,5,FALSE
20250906,06-09-2025,2025,Q3,9,September,2025-09,36,6,Saturday,6,TRUE
20250907,07-09-2025,2025,Q3,9,September,2025-09,36,7,Sunday,7,TRUE
20250908,08-09-2025,2025,Q3,9,September,2025-09,37,8,Monday,1,FALSE
20250909,09-09-2025,2025,Q3,9,September,2025-09,37,9,Tuesday,2,FALSE
20250910,10-09-2025,2025,Q3,9,September,2025-09,37,10,Wednesday,3,FALSE
20250911,11-09-2025,2025,Q3,9,September,2025-09,37,11,Thursday,4,FALSE
20250912,12-09-2025,2025,Q3,9,September,2025-09,37,12,Friday,5,FALSE
20250913,13-09-2025,2025,Q3,9,September,2025-09,37,13,Saturday,6,TRUE
20250914,14-09-2025,2025,Q3,9,September,2025-09,37,14,Sunday,7,TRUE
20250915,15-09-2025,2025,Q3,9,September,2025-09,38,15,Monday,1,FALSE
20250916,16-09-2025,2025,Q3,9,September,2025-09,38,16,Tuesday,2,FALSE
20250917,17-09-2025,2025,Q3,9,September,2025-09,38,17,Wednesday,3,FALSE
20250918,18-09-2025,2025,Q3,9,September,2025-09,38,18,Thursday,4,FALSE
20250919,19-09-2025,2025,Q3,9,September,2025-09,38,19,Friday,5,FALSE
20250920,20-09-2025,2025,Q3,9,September,2025-09,38,20,Saturday,6,TRUE
20250921,21-09-2025,2025,Q3,9,September,2025-09,38,21,Sunday,7,TRUE
20250922,22-09-2025,2025,Q3,9,September,2025-09,39,22,Monday,1,FALSE
20250923,23-09-2025,2025,Q3,9,September,2025-09,39,23,Tuesday,2,FALSE
20250924,24-09-2025,2025,Q3,9,September,2025-09,39,24,Wednesday,3,FALSE
20250925,25-09-2025,2025,Q3,9,September,2025-09,39,25,Thursday,4,FALSE
20250926,26-09-2025,2025,Q3,9,September,2025-09,39,26,Friday,5,FALSE
20250927,27-09-2025,2025,Q3,9,September,2025-09,39,27,Saturday,6,TRUE
20250928,28-09-2025,2025,Q3,9,September,2025-09,39,28,Sunday,7,TRUE
20250929,29-09-2025,2025,Q3,9,September,2025-09,40,29,Monday,1,FALSE
20250930,30-09-2025,2025,Q3,9,September,2025-09,40,30,Tuesday,2,FALSE
20251001,01-10-2025,2025,Q4,10,October,2025-10,40,1,Wednesday,3,FALSE
20251002,02-10-2025,2025,Q4,10,October,2025-10,40,2,Thursday,4,FALSE
20251003,03-10-2025,2025,Q4,10,October,2025-10,40,3,Friday,5,FALSE
20251004,04-10-2025,2025,Q4,10,October,2025-10,40,4,Saturday,6,TRUE
20251005,05-10-2025,2025,Q4,10,October,2025-10,40,5,Sunday,7,TRUE
20251006,06-10-2025,2025,Q4,10,October,2025-10,41,6,Monday,1,FALSE
20251007,07-10-2025,2025,Q4,10,October,2025-10,41,7,Tuesday,2,FALSE
20251008,08-10-2025,2025,Q4,10,October,2025-10,41,8,Wednesday,3,FALSE
20251009,09-10-2025,2025,Q4,10,October,2025-10,41,9,Thursday,4,FALSE
20251010,10-10-2025,2025,Q4,10,October,2025-10,41,10,Friday,5,FALSE
20251011,11-10-2025,2025,Q4,10,October,2025-10,41,11,Saturday,6,TRUE
20251012,12-10-2025,2025,Q4,10,October,2025-10,41,12,Sunday,7,TRUE
20251013,13-10-2025,2025,Q4,10,October,2025-10,42,13,Monday,1,FALSE
20251014,14-10-2025,2025,Q4,10,October,2025-10,42,14,Tuesday,2,FALSE
20251015,15-10-2025,2025,Q4,10,October,2025-10,42,15,Wednesday,3,FALSE
20251016,16-10-2025,2025,Q4,10,October,2025-10,42,16,Thursday,4,FALSE
20251017,17-10-2025,2025,Q4,10,October,2025-10,42,17,Friday,5,FALSE
20251018,18-10-2025,2025,Q4,10,October,2025-10,42,18,Saturday,6,TRUE
20251019,19-10-2025,2025,Q4,10,October,2025-10,42,19,Sunday,7,TRUE
20251020,20-10-2025,2025,Q4,10,October,2025-10,43,20,Monday,1,FALSE
20251021,21-10-2025,2025,Q4,10,October,2025-10,43,21,Tuesday,2,FALSE
20251022,22-10-2025,2025,Q4,10,October,2025-10,43,22,Wednesday,3,FALSE
20251023,23-10-2025,2025,Q4,10,October,2025-10,43,23,Thursday,4,FALSE
20251024,24-10-2025,2025,Q4,10,October,2025-10,43,24,Friday,5,FALSE
20251025,25-10-2025,2025,Q4,10,October,2025-10,43,25,Saturday,6,TRUE
20251026,26-10-2025,2025,Q4,10,October,2025-10,43,26,Sunday,7,TRUE
20251027,27-10-2025,2025,Q4,10,October,2025-10,44,27,Monday,1,FALSE
20251028,28-10-2025,2025,Q4,10,October,2025-10,44,28,Tuesday,2,FALSE
20251029,29-10-2025,2025,Q4,10,October,2025-10,44,29,Wednesday,3,FALSE
20251030,30-10-2025,2025,Q4,10,October,2025-10,44,30,Thursday,4,FALSE
20251031,31-10-2025,2025,Q4,10,October,2025-10,44,31,Friday,5,FALSE
20251101,01-11-2025,2025,Q4,11,November,2025-11,44,1,Saturday,6,TRUE
20251102,02-11-2025,2025,Q4,11,November,2025-11,44,2,Sunday,7,TRUE
20251103,03-11-2025,2025,Q4,11,November,2025-11,45,3,Monday,1,FALSE
20251104,04-11-2025,2025,Q4,11,November,2025-11,45,4,Tuesday,2,FALSE
20251105,05-11-2025,2025,Q4,11,November,2025-11,45,5,Wednesday,3,FALSE
20251106,06-11-2025,2025,Q4,11,November,2025-11,45,6,Thursday,4,FALSE
20251107,07-11-2025,2025,Q4,11,November,2025-11,45,7,Friday,5,FALSE
20251108,08-11-2025,2025,Q4,11,November,2025-11,45,8,Saturday,6,TRUE
20251109,09-11-2025,2025,Q4,11,November,2025-11,45,9,Sunday,7,TRUE
20251110,10-11-2025,2025,Q4,11,November,2025-11,46,10,Monday,1,FALSE
20251111,11-11-2025,2025,Q4,11,November,2025-11,46,11,Tuesday,2,FALSE
20251112,12-11-2025,2025,Q4,11,November,2025-11,46,12,Wednesday,3,FALSE
20251113,13-11-2025,2025,Q4,11,November,2025-11,46,13,Thursday,4,FALSE
20251114,14-11-2025,2025,Q4,11,November,2025-11,46,14,Friday,5,FALSE
20251115,15-11-2025,2025,Q4,11,November,2025-11,46,15,Saturday,6,TRUE
20251116,16-11-2025,2025,Q4,11,November,2025-11,46,16,Sunday,7,TRUE
20251117,17-11-2025,2025,Q4,11,November,2025-11,47,17,Monday,1,FALSE
20251118,18-11-2025,2025,Q4,11,November,2025-11,47,18,Tuesday,2,FALSE
20251119,19-11-2025,2025,Q4,11,November,2025-11,47,19,Wednesday,3,FALSE
20251120,20-11-2025,2025,Q4,11,November,2025-11,47,20,Thursday,4,FALSE
20251121,21-11-2025,2025,Q4,11,November,2025-11,47,21,Friday,5,FALSE
20251122,22-11-2025,2025,Q4,11,November,2025-11,47,22,Saturday,6,TRUE
20251123,23-11-2025,2025,Q4,11,November,2025-11,47,23,Sunday,7,TRUE
20251124,24-11-2025,2025,Q4,11,November,2025-11,48,24,Monday,1,FALSE
20251125,25-11-2025,2025,Q4,11,November,2025-11,48,25,Tuesday,2,FALSE
20251126,26-11-2025,2025,Q4,11,November,2025-11,48,26,Wednesday,3,FALSE
20251127,27-11-2025,2025,Q4,11,November,2025-11,48,27,Thursday,4,FALSE
20251128,28-11-2025,2025,Q4,11,November,2025-11,48,28,Friday,5,FALSE
20251129,29-11-2025,2025,Q4,11,November,2025-11,48,29,Saturday,6,TRUE
20251130,30-11-2025,2025,Q4,11,November,2025-11,48,30,Sunday,7,TRUE
20251201,01-12-2025,2025,Q4,12,December,2025-12,49,1,Monday,1,FALSE
20251202,02-12-2025,2025,Q4,12,December,2025-12,49,2,Tuesday,2,FALSE
20251203,03-12-2025,2025,Q4,12,December,2025-12,49,3,Wednesday,3,FALSE
20251204,04-12-2025,2025,Q4,12,December,2025-12,49,4,Thursday,4,FALSE
20251205,05-12-2025,2025,Q4,12,December,2025-12,49,5,Friday,5,FALSE
20251206,06-12-2025,2025,Q4,12,December,2025-12,49,6,Saturday,6,TRUE
20251207,07-12-2025,2025,Q4,12,December,2025-12,49,7,Sunday,7,TRUE
20251208,08-12-2025,2025,Q4,12,December,2025-12,50,8,Monday,1,FALSE
20251209,09-12-2025,2025,Q4,12,December,2025-12,50,9,Tuesday,2,FALSE
20251210,10-12-2025,2025,Q4,12,December,2025-12,50,10,Wednesday,3,FALSE
20251211,11-12-2025,2025,Q4,12,December,2025-12,50,11,Thursday,4,FALSE
20251212,12-12-2025,2025,Q4,12,December,2025-12,50,12,Friday,5,FALSE
20251213,13-12-2025,2025,Q4,12,December,2025-12,50,13,Saturday,6,TRUE
20251214,14-12-2025,2025,Q4,12,December,2025-12,50,14,Sunday,7,TRUE
20251215,15-12-2025,2025,Q4,12,December,2025-12,51,15,Monday,1,FALSE
20251216,16-12-2025,2025,Q4,12,December,2025-12,51,16,Tuesday,2,FALSE
20251217,17-12-2025,2025,Q4,12,December,2025-12,51,17,Wednesday,3,FALSE
20251218,18-12-2025,2025,Q4,12,December,2025-12,51,18,Thursday,4,FALSE
20251219,19-12-2025,2025,Q4,12,December,2025-12,51,19,Friday,5,FALSE
20251220,20-12-2025,2025,Q4,12,December,2025-12,51,20,Saturday,6,TRUE
20251221,21-12-2025,2025,Q4,12,December,2025-12,51,21,Sunday,7,TRUE
20251222,22-12-2025,2025,Q4,12,December,2025-12,52,22,Monday,1,FALSE
20251223,23-12-2025,2025,Q4,12,December,2025-12,52,23,Tuesday,2,FALSE
20251224,24-12-2025,2025,Q4,12,December,2025-12,52,24,Wednesday,3,FALSE
20251225,25-12-2025,2025,Q4,12,December,2025-12,52,25,Thursday,4,FALSE
20251226,26-12-2025,2025,Q4,12,December,2025-12,52,26,Friday,5,FALSE
20251227,27-12-2025,2025,Q4,12,December,2025-12,52,27,Saturday,6,TRUE
20251228,28-12-2025,2025,Q4,12,December,2025-12,52,28,Sunday,7,TRUE
20251229,29-12-2025,2025,Q4,12,December,2025-12,1,29,Monday,1,FALSE
20251230,30-12-2025,2025,Q4,12,December,2025-12,1,30,Tuesday,2,FALSE
20251231,31-12-2025,2025,Q4,12,December,2025-12,1,31,Wednesday,3,FALSE
20260101,01-01-2026,2026,Q1,1,January,2026-01,1,1,Thursday,4,FALSE
20260102,02-01-2026,2026,Q1,1,January,2026-01,1,2,Friday,5,FALSE
20260103,03-01-2026,2026,Q1,1,January,2026-01,1,3,Saturday,6,TRUE
20260104,04-01-2026,2026,Q1,1,January,2026-01,1,4,Sunday,7,TRUE
20260105,05-01-2026,2026,Q1,1,January,2026-01,2,5,Monday,1,FALSE
20260106,06-01-2026,2026,Q1,1,January,2026-01,2,6,Tuesday,2,FALSE
20260107,07-01-2026,2026,Q1,1,January,2026-01,2,7,Wednesday,3,FALSE
20260108,08-01-2026,2026,Q1,1,January,2026-01,2,8,Thursday,4,FALSE
20260109,09-01-2026,2026,Q1,1,January,2026-01,2,9,Friday,5,FALSE
20260110,10-01-2026,2026,Q1,1,January,2026-01,2,10,Saturday,6,TRUE
20260111,11-01-2026,2026,Q1,1,January,2026-01,2,11,Sunday,7,TRUE
20260112,12-01-2026,2026,Q1,1,January,2026-01,3,12,Monday,1,FALSE
20260113,13-01-2026,2026,Q1,1,January,2026-01,3,13,Tuesday,2,FALSE
20260114,14-01-2026,2026,Q1,1,January,2026-01,3,14,Wednesday,3,FALSE
20260115,15-01-2026,2026,Q1,1,January,2026-01,3,15,Thursday,4,FALSE
20260116,16-01-2026,2026,Q1,1,January,2026-01,3,16,Friday,5,FALSE
20260117,17-01-2026,2026,Q1,1,January,2026-01,3,17,Saturday,6,TRUE
20260118,18-01-2026,2026,Q1,1,January,2026-01,3,18,Sunday,7,TRUE
20260119,19-01-2026,2026,Q1,1,January,2026-01,4,19,Monday,1,FALSE
20260120,20-01-2026,2026,Q1,1,January,2026-01,4,20,Tuesday,2,FALSE
20260121,21-01-2026,2026,Q1,1,January,2026-01,4,21,Wednesday,3,FALSE
20260122,22-01-2026,2026,Q1,1,January,2026-01,4,22,Thursday,4,FALSE
20260123,23-01-2026,2026,Q1,1,January,2026-01,4,23,Friday,5,FALSE
20260124,24-01-2026,2026,Q1,1,January,2026-01,4,24,Saturday,6,TRUE
20260125,25-01-2026,2026,Q1,1,January,2026-01,4,25,Sunday,7,TRUE
20260126,26-01-2026,2026,Q1,1,January,2026-01,5,26,Monday,1,FALSE
20260127,27-01-2026,2026,Q1,1,January,2026-01,5,27,Tuesday,2,FALSE
20260128,28-01-2026,2026,Q1,1,January,2026-01,5,28,Wednesday,3,FALSE
20260129,29-01-2026,2026,Q1,1,January,2026-01,5,29,Thursday,4,FALSE
20260130,30-01-2026,2026,Q1,1,January,2026-01,5,30,Friday,5,FALSE
20260131,31-01-2026,2026,Q1,1,January,2026-01,5,31,Saturday,6,TRUE
20260201,01-02-2026,2026,Q1,2,February,2026-02,5,1,Sunday,7,TRUE
20260202,02-02-2026,2026,Q1,2,February,2026-02,6,2,Monday,1,FALSE
20260203,03-02-2026,2026,Q1,2,February,2026-02,6,3,Tuesday,2,FALSE
20260204,04-02-2026,2026,Q1,2,February,2026-02,6,4,Wednesday,3,FALSE
20260205,05-02-2026,2026,Q1,2,February,2026-02,6,5,Thursday,4,FALSE
20260206,06-02-2026,2026,Q1,2,February,2026-02,6,6,Friday,5,FALSE
20260207,07-02-2026,2026,Q1,2,February,2026-02,6,7,Saturday,6,TRUE
20260208,08-02-2026,2026,Q1,2,February,2026-02,6,8,Sunday,7,TRUE
20260209,09-02-2026,2026,Q1,2,February,2026-02,7,9,Monday,1,FALSE
20260210,10-02-2026,2026,Q1,2,February,2026-02,7,10,Tuesday,2,FALSE
20260211,11-02-2026,2026,Q1,2,February,2026-02,7,11,Wednesday,3,FALSE
20260212,12-02-2026,2026,Q1,2,February,2026-02,7,12,Thursday,4,FALSE
20260213,13-02-2026,2026,Q1,2,February,2026-02,7,13,Friday,5,FALSE
20260214,14-02-2026,2026,Q1,2,February,2026-02,7,14,Saturday,6,TRUE
20260215,15-02-2026,2026,Q1,2,February,2026-02,7,15,Sunday,7,TRUE
20260216,16-02-2026,2026,Q1,2,February,2026-02,8,16,Monday,1,FALSE
20260217,17-02-2026,2026,Q1,2,February,2026-02,8,17,Tuesday,2,FALSE
20260218,18-02-2026,2026,Q1,2,February,2026-02,8,18,Wednesday,3,FALSE
20260219,19-02-2026,2026,Q1,2,February,2026-02,8,19,Thursday,4,FALSE
20260220,20-02-2026,2026,Q1,2,February,2026-02,8,20,Friday,5,FALSE
20260221,21-02-2026,2026,Q1,2,February,2026-02,8,21,Saturday,6,TRUE
20260222,22-02-2026,2026,Q1,2,February,2026-02,8,22,Sunday,7,TRUE
20260223,23-02-2026,2026,Q1,2,February,2026-02,9,23,Monday,1,FALSE
20260224,24-02-2026,2026,Q1,2,February,2026-02,9,24,Tuesday,2,FALSE
20260225,25-02-2026,2026,Q1,2,February,2026-02,9,25,Wednesday,3,FALSE
20260226,26-02-2026,2026,Q1,2,February,2026-02,9,26,Thursday,4,FALSE
20260227,27-02-2026,2026,Q1,2,February,2026-02,9,27,Friday,5,FALSE
20260228,28-02-2026,2026,Q1,2,February,2026-02,9,28,Saturday,6,TRUE
20260301,01-03-2026,2026,Q1,3,March,2026-03,9,1,Sunday,7,TRUE
20260302,02-03-2026,2026,Q1,3,March,2026-03,10,2,Monday,1,FALSE
20260303,03-03-2026,2026,Q1,3,March,2026-03,10,3,Tuesday,2,FALSE
20260304,04-03-2026,2026,Q1,3,March,2026-03,10,4,Wednesday,3,FALSE
20260305,05-03-2026,2026,Q1,3,March,2026-03,10,5,Thursday,4,FALSE
20260306,06-03-2026,2026,Q1,3,March,2026-03,10,6,Friday,5,FALSE
20260307,07-03-2026,2026,Q1,3,March,2026-03,10,7,Saturday,6,TRUE
20260308,08-03-2026,2026,Q1,3,March,2026-03,10,8,Sunday,7,TRUE
20260309,09-03-2026,2026,Q1,3,March,2026-03,11,9,Monday,1,FALSE
20260310,10-03-2026,2026,Q1,3,March,2026-03,11,10,Tuesday,2,FALSE
20260311,11-03-2026,2026,Q1,3,March,2026-03,11,11,Wednesday,3,FALSE
20260312,12-03-2026,2026,Q1,3,March,2026-03,11,12,Thursday,4,FALSE
20260313,13-03-2026,2026,Q1,3,March,2026-03,11,13,Friday,5,FALSE
20260314,14-03-2026,2026,Q1,3,March,2026-03,11,14,Saturday,6,TRUE
20260315,15-03-2026,2026,Q1,3,March,2026-03,11,15,Sunday,7,TRUE
20260316,16-03-2026,2026,Q1,3,March,2026-03,12,16,Monday,1,FALSE
20260317,17-03-2026,2026,Q1,3,March,2026-03,12,17,Tuesday,2,FALSE
20260318,18-03-2026,2026,Q1,3,March,2026-03,12,18,Wednesday,3,FALSE
20260319,19-03-2026,2026,Q1,3,March,2026-03,12,19,Thursday,4,FALSE
20260320,20-03-2026,2026,Q1,3,March,2026-03,12,20,Friday,5,FALSE
20260321,21-03-2026,2026,Q1,3,March,2026-03,12,21,Saturday,6,TRUE
20260322,22-03-2026,2026,Q1,3,March,2026-03,12,22,Sunday,7,TRUE
20260323,23-03-2026,2026,Q1,3,March,2026-03,13,23,Monday,1,FALSE
20260324,24-03-2026,2026,Q1,3,March,2026-03,13,24,Tuesday,2,FALSE
20260325,25-03-2026,2026,Q1,3,March,2026-03,13,25,Wednesday,3,FALSE
20260326,26-03-2026,2026,Q1,3,March,2026-03,13,26,Thursday,4,FALSE
20260327,27-03-2026,2026,Q1,3,March,2026-03,13,27,Friday,5,FALSE
20260328,28-03-2026,2026,Q1,3,March,2026-03,13,28,Saturday,6,TRUE
20260329,29-03-2026,2026,Q1,3,March,2026-03,13,29,Sunday,7,TRUE
20260330,30-03-2026,2026,Q1,3,March,2026-03,14,30,Monday,1,FALSE
20260331,31-03-2026,2026,Q1,3,March,2026-03,14,31,Tuesday,2,FALSE
20260401,01-04-2026,2026,Q2,4,April,2026-04,14,1,Wednesday,3,FALSE
20260402,02-04-2026,2026,Q2,4,April,2026-04,14,2,Thursday,4,FALSE
20260403,03-04-2026,2026,Q2,4,April,2026-04,14,3,Friday,5,FALSE
20260404,04-04-2026,2026,Q2,4,April,2026-04,14,4,Saturday,6,TRUE
20260405,05-04-2026,2026,Q2,4,April,2026-04,14,5,Sunday,7,TRUE
20260406,06-04-2026,2026,Q2,4,April,2026-04,15,6,Monday,1,FALSE
20260407,07-04-2026,2026,Q2,4,April,2026-04,15,7,Tuesday,2,FALSE
20260408,08-04-2026,2026,Q2,4,April,2026-04,15,8,Wednesday,3,FALSE
20260409,09-04-2026,2026,Q2,4,April,2026-04,15,9,Thursday,4,FALSE
20260410,10-04-2026,2026,Q2,4,April,2026-04,15,10,Friday,5,FALSE
20260411,11-04-2026,2026,Q2,4,April,2026-04,15,11,Saturday,6,TRUE
20260412,12-04-2026,2026,Q2,4,April,2026-04,15,12,Sunday,7,TRUE
20260413,13-04-2026,2026,Q2,4,April,2026-04,16,13,Monday,1,FALSE
20260414,14-04-2026,2026,Q2,4,April,2026-04,16,14,Tuesday,2,FALSE
20260415,15-04-2026,2026,Q2,4,April,2026-04,16,15,Wednesday,3,FALSE
20260416,16-04-2026,2026,Q2,4,April,2026-04,16,16,Thursday,4,FALSE
20260417,17-04-2026,2026,Q2,4,April,2026-04,16,17,Friday,5,FALSE
20260418,18-04-2026,2026,Q2,4,April,2026-04,16,18,Saturday,6,TRUE
20260419,19-04-2026,2026,Q2,4,April,2026-04,16,19,Sunday,7,TRUE
20260420,20-04-2026,2026,Q2,4,April,2026-04,17,20,Monday,1,FALSE
20260421,21-04-2026,2026,Q2,4,April,2026-04,17,21,Tuesday,2,FALSE
20260422,22-04-2026,2026,Q2,4,April,2026-04,17,22,Wednesday,3,FALSE
20260423,23-04-2026,2026,Q2,4,April,2026-04,17,23,Thursday,4,FALSE
20260424,24-04-2026,2026,Q2,4,April,2026-04,17,24,Friday,5,FALSE
20260425,25-04-2026,2026,Q2,4,April,2026-04,17,25,Saturday,6,TRUE
20260426,26-04-2026,2026,Q2,4,April,2026-04,17,26,Sunday,7,TRUE
20260427,27-04-2026,2026,Q2,4,April,2026-04,18,27,Monday,1,FALSE
20260428,28-04-2026,2026,Q2,4,April,2026-04,18,28,Tuesday,2,FALSE
20260429,29-04-2026,2026,Q2,4,April,2026-04,18,29,Wednesday,3,FALSE
20260430,30-04-2026,2026,Q2,4,April,2026-04,18,30,Thursday,4,FALSE
20260501,01-05-2026,2026,Q2,5,May,2026-05,18,1,Friday,5,FALSE
20260502,02-05-2026,2026,Q2,5,May,2026-05,18,2,Saturday,6,TRUE
20260503,03-05-2026,2026,Q2,5,May,2026-05,18,3,Sunday,7,TRUE
20260504,04-05-2026,2026,Q2,5,May,2026-05,19,4,Monday,1,FALSE
20260505,05-05-2026,2026,Q2,5,May,2026-05,19,5,Tuesday,2,FALSE
20260506,06-05-2026,2026,Q2,5,May,2026-05,19,6,Wednesday,3,FALSE
20260507,07-05-2026,2026,Q2,5,May,2026-05,19,7,Thursday,4,FALSE
20260508,08-05-2026,2026,Q2,5,May,2026-05,19,8,Friday,5,FALSE
20260509,09-05-2026,2026,Q2,5,May,2026-05,19,9,Saturday,6,TRUE
20260510,10-05-2026,2026,Q2,5,May,2026-05,19,10,Sunday,7,TRUE
20260511,11-05-2026,2026,Q2,5,May,2026-05,20,11,Monday,1,FALSE
20260512,12-05-2026,2026,Q2,5,May,2026-05,20,12,Tuesday,2,FALSE
20260513,13-05-2026,2026,Q2,5,May,2026-05,20,13,Wednesday,3,FALSE
20260514,14-05-2026,2026,Q2,5,May,2026-05,20,14,Thursday,4,FALSE
20260515,15-05-2026,2026,Q2,5,May,2026-05,20,15,Friday,5,FALSE
20260516,16-05-2026,2026,Q2,5,May,2026-05,20,16,Saturday,6,TRUE
20260517,17-05-2026,2026,Q2,5,May,2026-05,20,17,Sunday,7,TRUE
20260518,18-05-2026,2026,Q2,5,May,2026-05,21,18,Monday,1,FALSE
20260519,19-05-2026,2026,Q2,5,May,2026-05,21,19,Tuesday,2,FALSE
20260520,20-05-2026,2026,Q2,5,May,2026-05,21,20,Wednesday,3,FALSE
20260521,21-05-2026,2026,Q2,5,May,2026-05,21,21,Thursday,4,FALSE
20260522,22-05-2026,2026,Q2,5,May,2026-05,21,22,Friday,5,FALSE
20260523,23-05-2026,2026,Q2,5,May,2026-05,21,23,Saturday,6,TRUE
20260524,24-05-2026,2026,Q2,5,May,2026-05,21,24,Sunday,7,TRUE
20260525,25-05-2026,2026,Q2,5,May,2026-05,22,25,Monday,1,FALSE
20260526,26-05-2026,2026,Q2,5,May,2026-05,22,26,Tuesday,2,FALSE
20260527,27-05-2026,2026,Q2,5,May,2026-05,22,27,Wednesday,3,FALSE
20260528,28-05-2026,2026,Q2,5,May,2026-05,22,28,Thursday,4,FALSE
20260529,29-05-2026,2026,Q2,5,May,2026-05,22,29,Friday,5,FALSE
20260530,30-05-2026,2026,Q2,5,May,2026-05,22,30,Saturday,6,TRUE
20260531,31-05-2026,2026,Q2,5,May,2026-05,22,31,Sunday,7,TRUE
20260601,01-06-2026,2026,Q2,6,June,2026-06,23,1,Monday,1,FALSE
20260602,02-06-2026,2026,Q2,6,June,2026-06,23,2,Tuesday,2,FALSE
20260603,03-06-2026,2026,Q2,6,June,2026-06,23,3,Wednesday,3,FALSE
20260604,04-06-2026,2026,Q2,6,June,2026-06,23,4,Thursday,4,FALSE
20260605,05-06-2026,2026,Q2,6,June,2026-06,23,5,Friday,5,FALSE
20260606,06-06-2026,2026,Q2,6,June,2026-06,23,6,Saturday,6,TRUE
20260607,07-06-2026,2026,Q2,6,June,2026-06,23,7,Sunday,7,TRUE
20260608,08-06-2026,2026,Q2,6,June,2026-06,24,8,Monday,1,FALSE
20260609,09-06-2026,2026,Q2,6,June,2026-06,24,9,Tuesday,2,FALSE
20260610,10-06-2026,2026,Q2,6,June,2026-06,24,10,Wednesday,3,FALSE
20260611,11-06-2026,2026,Q2,6,June,2026-06,24,11,Thursday,4,FALSE
20260612,12-06-2026,2026,Q2,6,June,2026-06,24,12,Friday,5,FALSE
20260613,13-06-2026,2026,Q2,6,June,2026-06,24,13,Saturday,6,TRUE
20260614,14-06-2026,2026,Q2,6,June,2026-06,24,14,Sunday,7,TRUE
20260615,15-06-2026,2026,Q2,6,June,2026-06,25,15,Monday,1,FALSE
20260616,16-06-2026,2026,Q2,6,June,2026-06,25,16,Tuesday,2,FALSE
20260617,17-06-2026,2026,Q2,6,June,2026-06,25,17,Wednesday,3,FALSE
20260618,18-06-2026,2026,Q2,6,June,2026-06,25,18,Thursday,4,FALSE
20260619,19-06-2026,2026,Q2,6,June,2026-06,25,19,Friday,5,FALSE
20260620,20-06-2026,2026,Q2,6,June,2026-06,25,20,Saturday,6,TRUE
20260621,21-06-2026,2026,Q2,6,June,2026-06,25,21,Sunday,7,TRUE
20260622,22-06-2026,2026,Q2,6,June,2026-06,26,22,Monday,1,FALSE
20260623,23-06-2026,2026,Q2,6,June,2026-06,26,23,Tuesday,2,FALSE
20260624,24-06-2026,2026,Q2,6,June,2026-06,26,24,Wednesday,3,FALSE
20260625,25-06-2026,2026,Q2,6,June,2026-06,26,25,Thursday,4,FALSE
20260626,26-06-2026,2026,Q2,6,June,2026-06,26,26,Friday,5,FALSE
20260627,27-06-2026,2026,Q2,6,June,2026-06,26,27,Saturday,6,TRUE
20260628,28-06-2026,2026,Q2,6,June,2026-06,26,28,Sunday,7,TRUE
20260629,29-06-2026,2026,Q2,6,June,2026-06,27,29,Monday,1,FALSE
20260630,30-06-2026,2026,Q2,6,June,2026-06,27,30,Tuesday,2,FALSE
20260701,01-07-2026,2026,Q3,7,July,2026-07,27,1,Wednesday,3,FALSE
20260702,02-07-2026,2026,Q3,7,July,2026-07,27,2,Thursday,4,FALSE
20260703,03-07-2026,2026,Q3,7,July,2026-07,27,3,Friday,5,FALSE
20260704,04-07-2026,2026,Q3,7,July,2026-07,27,4,Saturday,6,TRUE
20260705,05-07-2026,2026,Q3,7,July,2026-07,27,5,Sunday,7,TRUE
20260706,06-07-2026,2026,Q3,7,July,2026-07,28,6,Monday,1,FALSE
20260707,07-07-2026,2026,Q3,7,July,2026-07,28,7,Tuesday,2,FALSE
20260708,08-07-2026,2026,Q3,7,July,2026-07,28,8,Wednesday,3,FALSE
20260709,09-07-2026,2026,Q3,7,July,2026-07,28,9,Thursday,4,FALSE
20260710,10-07-2026,2026,Q3,7,July,2026-07,28,10,Friday,5,FALSE
20260711,11-07-2026,2026,Q3,7,July,2026-07,28,11,Saturday,6,TRUE
20260712,12-07-2026,2026,Q3,7,July,2026-07,28,12,Sunday,7,TRUE
20260713,13-07-2026,2026,Q3,7,July,2026-07,29,13,Monday,1,FALSE
20260714,14-07-2026,2026,Q3,7,July,2026-07,29,14,Tuesday,2,FALSE
20260715,15-07-2026,2026,Q3,7,July,2026-07,29,15,Wednesday,3,FALSE
20260716,16-07-2026,2026,Q3,7,July,2026-07,29,16,Thursday,4,FALSE
20260717,17-07-2026,2026,Q3,7,July,2026-07,29,17,Friday,5,FALSE
20260718,18-07-2026,2026,Q3,7,July,2026-07,29,18,Saturday,6,TRUE
20260719,19-07-2026,2026,Q3,7,July,2026-07,29,19,Sunday,7,TRUE
20260720,20-07-2026,2026,Q3,7,July,2026-07,30,20,Monday,1,FALSE
20260721,21-07-2026,2026,Q3,7,July,2026-07,30,21,Tuesday,2,FALSE
20260722,22-07-2026,2026,Q3,7,July,2026-07,30,22,Wednesday,3,FALSE
20260723,23-07-2026,2026,Q3,7,July,2026-07,30,23,Thursday,4,FALSE
20260724,24-07-2026,2026,Q3,7,July,2026-07,30,24,Friday,5,FALSE
20260725,25-07-2026,2026,Q3,7,July,2026-07,30,25,Saturday,6,TRUE
20260726,26-07-2026,2026,Q3,7,July,2026-07,30,26,Sunday,7,TRUE
20260727,27-07-2026,2026,Q3,7,July,2026-07,31,27,Monday,1,FALSE
20260728,28-07-2026,2026,Q3,7,July,2026-07,31,28,Tuesday,2,FALSE
20260729,29-07-2026,2026,Q3,7,July,2026-07,31,29,Wednesday,3,FALSE
20260730,30-07-2026,2026,Q3,7,July,2026-07,31,30,Thursday,4,FALSE
20260731,31-07-2026,2026,Q3,7,July,2026-07,31,31,Friday,5,FALSE
20260801,01-08-2026,2026,Q3,8,August,2026-08,31,1,Saturday,6,TRUE
20260802,02-08-2026,2026,Q3,8,August,2026-08,31,2,Sunday,7,TRUE
20260803,03-08-2026,2026,Q3,8,August,2026-08,32,3,Monday,1,FALSE
20260804,04-08-2026,2026,Q3,8,August,2026-08,32,4,Tuesday,2,FALSE
20260805,05-08-2026,2026,Q3,8,August,2026-08,32,5,Wednesday,3,FALSE
20260806,06-08-2026,2026,Q3,8,August,2026-08,32,6,Thursday,4,FALSE
20260807,07-08-2026,2026,Q3,8,August,2026-08,32,7,Friday,5,FALSE
20260808,08-08-2026,2026,Q3,8,August,2026-08,32,8,Saturday,6,TRUE
20260809,09-08-2026,2026,Q3,8,August,2026-08,32,9,Sunday,7,TRUE
20260810,10-08-2026,2026,Q3,8,August,2026-08,33,10,Monday,1,FALSE
20260811,11-08-2026,2026,Q3,8,August,2026-08,33,11,Tuesday,2,FALSE
20260812,12-08-2026,2026,Q3,8,August,2026-08,33,12,Wednesday,3,FALSE
20260813,13-08-2026,2026,Q3,8,August,2026-08,33,13,Thursday,4,FALSE
20260814,14-08-2026,2026,Q3,8,August,2026-08,33,14,Friday,5,FALSE
20260815,15-08-2026,2026,Q3,8,August,2026-08,33,15,Saturday,6,TRUE
20260816,16-08-2026,2026,Q3,8,August,2026-08,33,16,Sunday,7,TRUE
20260817,17-08-2026,2026,Q3,8,August,2026-08,34,17,Monday,1,FALSE
20260818,18-08-2026,2026,Q3,8,August,2026-08,34,18,Tuesday,2,FALSE
20260819,19-08-2026,2026,Q3,8,August,2026-08,34,19,Wednesday,3,FALSE
20260820,20-08-2026,2026,Q3,8,August,2026-08,34,20,Thursday,4,FALSE
20260821,21-08-2026,2026,Q3,8,August,2026-08,34,21,Friday,5,FALSE
20260822,22-08-2026,2026,Q3,8,August,2026-08,34,22,Saturday,6,TRUE
20260823,23-08-2026,2026,Q3,8,August,2026-08,34,23,Sunday,7,TRUE
20260824,24-08-2026,2026,Q3,8,August,2026-08,35,24,Monday,1,FALSE
20260825,25-08-2026,2026,Q3,8,August,2026-08,35,25,Tuesday,2,FALSE
20260826,26-08-2026,2026,Q3,8,August,2026-08,35,26,Wednesday,3,FALSE
20260827,27-08-2026,2026,Q3,8,August,2026-08,35,27,Thursday,4,FALSE
20260828,28-08-2026,2026,Q3,8,August,2026-08,35,28,Friday,5,FALSE
20260829,29-08-2026,2026,Q3,8,August,2026-08,35,29,Saturday,6,TRUE
20260830,30-08-2026,2026,Q3,8,August,2026-08,35,30,Sunday,7,TRUE
20260831,31-08-2026,2026,Q3,8,August,2026-08,36,31,Monday,1,FALSE
20260901,01-09-2026,2026,Q3,9,September,2026-09,36,1,Tuesday,2,FALSE
20260902,02-09-2026,2026,Q3,9,September,2026-09,36,2,Wednesday,3,FALSE
20260903,03-09-2026,2026,Q3,9,September,2026-09,36,3,Thursday,4,FALSE
20260904,04-09-2026,2026,Q3,9,September,2026-09,36,4,Friday,5,FALSE
20260905,05-09-2026,2026,Q3,9,September,2026-09,36,5,Saturday,6,TRUE
20260906,06-09-2026,2026,Q3,9,September,2026-09,36,6,Sunday,7,TRUE
20260907,07-09-2026,2026,Q3,9,September,2026-09,37,7,Monday,1,FALSE
20260908,08-09-2026,2026,Q3,9,September,2026-09,37,8,Tuesday,2,FALSE
20260909,09-09-2026,2026,Q3,9,September,2026-09,37,9,Wednesday,3,FALSE
20260910,10-09-2026,2026,Q3,9,September,2026-09,37,10,Thursday,4,FALSE
20260911,11-09-2026,2026,Q3,9,September,2026-09,37,11,Friday,5,FALSE
20260912,12-09-2026,2026,Q3,9,September,2026-09,37,12,Saturday,6,TRUE
20260913,13-09-2026,2026,Q3,9,September,2026-09,37,13,Sunday,7,TRUE
20260914,14-09-2026,2026,Q3,9,September,2026-09,38,14,Monday,1,FALSE
20260915,15-09-2026,2026,Q3,9,September,2026-09,38,15,Tuesday,2,FALSE
20260916,16-09-2026,2026,Q3,9,September,2026-09,38,16,Wednesday,3,FALSE
20260917,17-09-2026,2026,Q3,9,September,2026-09,38,17,Thursday,4,FALSE
20260918,18-09-2026,2026,Q3,9,September,2026-09,38,18,Friday,5,FALSE
20260919,19-09-2026,2026,Q3,9,September,2026-09,38,19,Saturday,6,TRUE
20260920,20-09-2026,2026,Q3,9,September,2026-09,38,20,Sunday,7,TRUE
20260921,21-09-2026,2026,Q3,9,September,2026-09,39,21,Monday,1,FALSE
20260922,22-09-2026,2026,Q3,9,September,2026-09,39,22,Tuesday,2,FALSE
20260923,23-09-2026,2026,Q3,9,September,2026-09,39,23,Wednesday,3,FALSE
20260924,24-09-2026,2026,Q3,9,September,2026-09,39,24,Thursday,4,FALSE
20260925,25-09-2026,2026,Q3,9,September,2026-09,39,25,Friday,5,FALSE
20260926,26-09-2026,2026,Q3,9,September,2026-09,39,26,Saturday,6,TRUE
20260927,27-09-2026,2026,Q3,9,September,2026-09,39,27,Sunday,7,TRUE
20260928,28-09-2026,2026,Q3,9,September,2026-09,40,28,Monday,1,FALSE
20260929,29-09-2026,2026,Q3,9,September,2026-09,40,29,Tuesday,2,FALSE
20260930,30-09-2026,2026,Q3,9,September,2026-09,40,30,Wednesday,3,FALSE
20261001,01-10-2026,2026,Q4,10,October,2026-10,40,1,Thursday,4,FALSE
20261002,02-10-2026,2026,Q4,10,October,2026-10,40,2,Friday,5,FALSE
20261003,03-10-2026,2026,Q4,10,October,2026-10,40,3,Saturday,6,TRUE
20261004,04-10-2026,2026,Q4,10,October,2026-10,40,4,Sunday,7,TRUE
20261005,05-10-2026,2026,Q4,10,October,2026-10,41,5,Monday,1,FALSE
20261006,06-10-2026,2026,Q4,10,October,2026-10,41,6,Tuesday,2,FALSE
20261007,07-10-2026,2026,Q4,10,October,2026-10,41,7,Wednesday,3,FALSE
20261008,08-10-2026,2026,Q4,10,October,2026-10,41,8,Thursday,4,FALSE
20261009,09-10-2026,2026,Q4,10,October,2026-10,41,9,Friday,5,FALSE
20261010,10-10-2026,2026,Q4,10,October,2026-10,41,10,Saturday,6,TRUE
20261011,11-10-2026,2026,Q4,10,October,2026-10,41,11,Sunday,7,TRUE
20261012,12-10-2026,2026,Q4,10,October,2026-10,42,12,Monday,1,FALSE
20261013,13-10-2026,2026,Q4,10,October,2026-10,42,13,Tuesday,2,FALSE
20261014,14-10-2026,2026,Q4,10,October,2026-10,42,14,Wednesday,3,FALSE
20261015,15-10-2026,2026,Q4,10,October,2026-10,42,15,Thursday,4,FALSE
20261016,16-10-2026,2026,Q4,10,October,2026-10,42,16,Friday,5,FALSE
20261017,17-10-2026,2026,Q4,10,October,2026-10,42,17,Saturday,6,TRUE
20261018,18-10-2026,2026,Q4,10,October,2026-10,42,18,Sunday,7,TRUE
20261019,19-10-2026,2026,Q4,10,October,2026-10,43,19,Monday,1,FALSE
20261020,20-10-2026,2026,Q4,10,October,2026-10,43,20,Tuesday,2,FALSE
20261021,21-10-2026,2026,Q4,10,October,2026-10,43,21,Wednesday,3,FALSE
20261022,22-10-2026,2026,Q4,10,October,2026-10,43,22,Thursday,4,FALSE
20261023,23-10-2026,2026,Q4,10,October,2026-10,43,23,Friday,5,FALSE
20261024,24-10-2026,2026,Q4,10,October,2026-10,43,24,Saturday,6,TRUE
20261025,25-10-2026,2026,Q4,10,October,2026-10,43,25,Sunday,7,TRUE
20261026,26-10-2026,2026,Q4,10,October,2026-10,44,26,Monday,1,FALSE
20261027,27-10-2026,2026,Q4,10,October,2026-10,44,27,Tuesday,2,FALSE
20261028,28-10-2026,2026,Q4,10,October,2026-10,44,28,Wednesday,3,FALSE
20261029,29-10-2026,2026,Q4,10,October,2026-10,44,29,Thursday,4,FALSE
20261030,30-10-2026,2026,Q4,10,October,2026-10,44,30,Friday,5,FALSE
20261031,31-10-2026,2026,Q4,10,October,2026-10,44,31,Saturday,6,TRUE
20261101,01-11-2026,2026,Q4,11,November,2026-11,44,1,Sunday,7,TRUE
20261102,02-11-2026,2026,Q4,11,November,2026-11,45,2,Monday,1,FALSE
20261103,03-11-2026,2026,Q4,11,November,2026-11,45,3,Tuesday,2,FALSE
20261104,04-11-2026,2026,Q4,11,November,2026-11,45,4,Wednesday,3,FALSE
20261105,05-11-2026,2026,Q4,11,November,2026-11,45,5,Thursday,4,FALSE
20261106,06-11-2026,2026,Q4,11,November,2026-11,45,6,Friday,5,FALSE
20261107,07-11-2026,2026,Q4,11,November,2026-11,45,7,Saturday,6,TRUE
20261108,08-11-2026,2026,Q4,11,November,2026-11,45,8,Sunday,7,TRUE
20261109,09-11-2026,2026,Q4,11,November,2026-11,46,9,Monday,1,FALSE
20261110,10-11-2026,2026,Q4,11,November,2026-11,46,10,Tuesday,2,FALSE
20261111,11-11-2026,2026,Q4,11,November,2026-11,46,11,Wednesday,3,FALSE
20261112,12-11-2026,2026,Q4,11,November,2026-11,46,12,Thursday,4,FALSE
20261113,13-11-2026,2026,Q4,11,November,2026-11,46,13,Friday,5,FALSE
20261114,14-11-2026,2026,Q4,11,November,2026-11,46,14,Saturday,6,TRUE
20261115,15-11-2026,2026,Q4,11,November,2026-11,46,15,Sunday,7,TRUE
20261116,16-11-2026,2026,Q4,11,November,2026-11,47,16,Monday,1,FALSE
20261117,17-11-2026,2026,Q4,11,November,2026-11,47,17,Tuesday,2,FALSE
20261118,18-11-2026,2026,Q4,11,November,2026-11,47,18,Wednesday,3,FALSE
20261119,19-11-2026,2026,Q4,11,November,2026-11,47,19,Thursday,4,FALSE
20261120,20-11-2026,2026,Q4,11,November,2026-11,47,20,Friday,5,FALSE
20261121,21-11-2026,2026,Q4,11,November,2026-11,47,21,Saturday,6,TRUE
20261122,22-11-2026,2026,Q4,11,November,2026-11,47,22,Sunday,7,TRUE
20261123,23-11-2026,2026,Q4,11,November,2026-11,48,23,Monday,1,FALSE
20261124,24-11-2026,2026,Q4,11,November,2026-11,48,24,Tuesday,2,FALSE
20261125,25-11-2026,2026,Q4,11,November,2026-11,48,25,Wednesday,3,FALSE
20261126,26-11-2026,2026,Q4,11,November,2026-11,48,26,Thursday,4,FALSE
20261127,27-11-2026,2026,Q4,11,November,2026-11,48,27,Friday,5,FALSE
20261128,28-11-2026,2026,Q4,11,November,2026-11,48,28,Saturday,6,TRUE
20261129,29-11-2026,2026,Q4,11,November,2026-11,48,29,Sunday,7,TRUE
20261130,30-11-2026,2026,Q4,11,November,2026-11,49,30,Monday,1,FALSE
20261201,01-12-2026,2026,Q4,12,December,2026-12,49,1,Tuesday,2,FALSE
20261202,02-12-2026,2026,Q4,12,December,2026-12,49,2,Wednesday,3,FALSE
20261203,03-12-2026,2026,Q4,12,December,2026-12,49,3,Thursday,4,FALSE
20261204,04-12-2026,2026,Q4,12,December,2026-12,49,4,Friday,5,FALSE
20261205,05-12-2026,2026,Q4,12,December,2026-12,49,5,Saturday,6,TRUE
20261206,06-12-2026,2026,Q4,12,December,2026-12,49,6,Sunday,7,TRUE
20261207,07-12-2026,2026,Q4,12,December,2026-12,50,7,Monday,1,FALSE
20261208,08-12-2026,2026,Q4,12,December,2026-12,50,8,Tuesday,2,FALSE
