inventory_id,warehouse_id,product_id,warehouse_name,location,capacity_units,product_name,category,unit_price,is_active,stock_quantity,reorder_level,last_restock_date,stock_status,restock_date_status,business_key_status,inventory_key_status
700001,501,20637,Christophershire Distribution Center,India,599758,Open-architected bandwidth-monitored process improvement,Sporting Goods,1174.16,N,5315,70,16-10-2025,Above Reorder Level,Valid,Unique,Valid
700002,501,20423,Christophershire Distribution Center,India,599758,Innovative attitude-oriented alliance,Sporting Goods,1481.22,N,34094,196,22-04-2026,Above Reorder Level,Valid,Unique,Valid
700003,501,20629,Christophershire Distribution Center,India,599758,Configurable analyzing alliance,Electronics,314.47,Y,14914,148,12-01-2026,Above Reorder Level,Valid,Unique,Valid
700004,501,21036,Christophershire Distribution Center,India,599758,Switchable needs-based encoding,Sporting Goods,2407.07,Y,10340,177,14-03-2026,Above Reorder Level,Valid,Unique,Valid
700005,501,20770,Christophershire Distribution Center,India,599758,Face-to-face intangible interface,Toys,773.5,N,1921,121,12-07-2025,Above Reorder Level,Valid,Unique,Valid
700006,501,21266,Christophershire Distribution Center,India,599758,Reactive modular website,Electronics,1415.16,N,1921,453,12-04-2026,Above Reorder Level,Valid,Unique,Valid
700007,501,20896,Christophershire Distribution Center,India,599758,Devolved holistic methodology,Electronics,2280.59,N,678,470,26-06-2026,Above Reorder Level,Valid,Unique,Valid
700008,501,20154,Christophershire Distribution Center,India,599758,Fundamental motivating architecture,Toys,714.1,Y,22780,80,28-04-2026,Above Reorder Level,Valid,Unique,Valid
700009,501,21079,Christophershire Distribution Center,India,599758,Multi-tiered analyzing workforce,Groceries,2172.9,Y,10410,217,20-08-2026,Above Reorder Level,Valid,Unique,Valid
700010,501,20904,Christophershire Distribution Center,India,599758,Operative secondary forecast,Sporting Goods,1047.81,Y,13946,246,05-11-2025,Above Reorder Level,Valid,Unique,Valid
700011,501,21264,Christophershire Distribution Center,India,599758,Polarized static flexibility,Automotive Parts,499.06,N,236,418,09-11-2025,Below Reorder Level,Valid,Unique,Valid
700012,501,20336,Christophershire Distribution Center,India,599758,Automated mobile initiative,Industrial Equipment,1916.18,Y,39683,186,10-11-2025,Above Reorder Level,Valid,Unique,Valid
700013,501,20620,Christophershire Distribution Center,India,599758,Assimilated optimizing website,Groceries,1691.75,N,20234,430,22-03-2026,Above Reorder Level,Valid,Unique,Valid
700014,501,21415,Christophershire Distribution Center,India,599758,Pre-emptive composite budgetary management,Electronics,463.95,Y,2703,,05-04-2026,Cannot Determine,Valid,Unique,Valid
700015,501,21070,Christophershire Distribution Center,India,599758,Face-to-face modular software,Toys,462.7,Y,2273,343,29-06-2026,Above Reorder Level,Valid,Unique,Valid
700016,501,20276,Christophershire Distribution Center,India,599758,Multi-layered reciprocal contingency,Office Supplies,439.24,N,2295,260,06-03-2026,Above Reorder Level,Valid,Unique,Valid
700017,501,20869,Christophershire Distribution Center,India,599758,Extended bi-directional help-desk,Electronics,1068.83,N,4109,237,11-05-2026,Above Reorder Level,Valid,Unique,Valid
700018,501,20357,Christophershire Distribution Center,India,599758,Expanded executive solution,Groceries,1208.6,Y,8426,,13-08-2026,Cannot Determine,Valid,Unique,Valid
700019,501,20546,Christophershire Distribution Center,India,599758,Persistent regional frame,Apparel,821.63,N,6406,168,27-05-2026,Above Reorder Level,Valid,Unique,Valid
700020,501,20864,Christophershire Distribution Center,India,599758,Operative multimedia benchmark,Toys,208.37,Y,3899,19,18-04-2026,Above Reorder Level,Valid,Unique,Valid
700021,501,21120,Christophershire Distribution Center,India,599758,Advanced bottom-line budgetary management,Apparel,517.09,Y,,499,17-07-2026,Cannot Determine,Valid,Unique,Valid
700022,501,20605,Christophershire Distribution Center,India,599758,Optional incremental focus group,Toys,1870.06,N,1702,441,01-11-2025,Above Reorder Level,Valid,Unique,Valid
700023,501,20022,Christophershire Distribution Center,India,599758,Persistent dedicated frame,Groceries,1889.51,N,3913,146,08-03-2026,Above Reorder Level,Valid,Unique,Valid
700024,501,20174,Christophershire Distribution Center,India,599758,Object-based homogeneous orchestration,Groceries,2220.16,,5168,144,31-12-2025,Above Reorder Level,Valid,Unique,Valid
700025,501,20749,Christophershire Distribution Center,India,599758,Devolved web-enabled structure,Sporting Goods,2198.34,N,6897,285,04-08-2026,Above Reorder Level,Valid,Unique,Valid
700026,501,21371,Christophershire Distribution Center,India,599758,Multi-tiered solution-oriented extranet,Toys,2388.38,Y,17419,201,28-02-2026,Above Reorder Level,Valid,Unique,Valid
700027,501,21316,Christophershire Distribution Center,India,599758,Multi-layered disintermediate projection,Office Supplies,2262.02,Y,2523,277,16-09-2025,Above Reorder Level,Valid,Unique,Valid
700028,501,21092,Christophershire Distribution Center,India,599758,Total neutral infrastructure,Industrial Equipment,1665.42,N,8178,359,28-02-2026,Above Reorder Level,Valid,Unique,Valid
700029,501,20275,Christophershire Distribution Center,India,599758,Cross-group web-enabled interface,Automotive Parts,2408.29,Y,10166,476,01-05-2026,Above Reorder Level,Valid,Unique,Valid
700030,501,20991,Christophershire Distribution Center,India,599758,Self-enabling regional benchmark,Furniture,1649.38,Y,539,,02-10-2025,Cannot Determine,Valid,Unique,Valid
700031,501,20077,Christophershire Distribution Center,India,599758,Progressive methodical interface,Automotive Parts,2120.03,Y,10594,72,09-05-2026,Above Reorder Level,Valid,Unique,Valid
700032,501,21318,Christophershire Distribution Center,India,599758,Networked background benchmark,Industrial Equipment,1402.56,Y,2118,359,23-07-2026,Above Reorder Level,Valid,Unique,Valid
700033,501,20792,Christophershire Distribution Center,India,599758,Down-sized fresh-thinking installation,Furniture,1760.71,Y,762,197,27-06-2026,Above Reorder Level,Valid,Unique,Valid
700034,501,20662,Christophershire Distribution Center,India,599758,Reverse-engineered stable service-desk,Groceries,1063.37,N,33681,248,22-06-2026,Above Reorder Level,Valid,Unique,Valid
700035,501,20928,Christophershire Distribution Center,India,599758,Profit-focused reciprocal support,Automotive Parts,785.67,N,38177,200,10-01-2026,Above Reorder Level,Valid,Unique,Valid
700036,501,21281,Christophershire Distribution Center,India,599758,Upgradable multimedia contingency,Automotive Parts,1086.5,N,18715,337,15-06-2026,Above Reorder Level,Valid,Unique,Valid
700037,501,20301,Christophershire Distribution Center,India,599758,Up-sized logistical system engine,Toys,528.01,Y,4115,92,28-06-2026,Above Reorder Level,Valid,Unique,Valid
700038,501,20116,Christophershire Distribution Center,India,599758,Object-based uniform challenge,Groceries,2338.14,Y,1164,109,30-07-2026,Above Reorder Level,Valid,Unique,Valid
700039,501,21005,Christophershire Distribution Center,India,599758,Mandatory real-time interface,Sporting Goods,1485.82,,13057,422,09-01-2026,Above Reorder Level,Valid,Unique,Valid
700040,501,20540,Christophershire Distribution Center,India,599758,Organized attitude-oriented productivity,Pharmaceuticals,,N,6570,144,11-12-2025,Above Reorder Level,Valid,Unique,Valid
700041,501,21436,Christophershire Distribution Center,India,599758,Visionary human-resource help-desk,Electronics,617.97,Y,1474,155,14-05-2026,Above Reorder Level,Valid,Unique,Valid
700042,501,20584,Christophershire Distribution Center,India,599758,Universal directional emulation,Electronics,2104,N,7742,83,27-02-2026,Above Reorder Level,Valid,Unique,Valid
700043,501,20554,Christophershire Distribution Center,India,599758,Cloned exuding array,Groceries,1695.91,Y,396,31,23-02-2026,Above Reorder Level,Valid,Unique,Valid
700044,501,20555,Christophershire Distribution Center,India,599758,Object-based tangible capability,Office Supplies,1653.38,N,27188,,13-12-2025,Cannot Determine,Valid,Unique,Valid
700045,501,20852,Christophershire Distribution Center,India,599758,Universal stable benchmark,Toys,1057.96,Y,,332,29-07-2026,Cannot Determine,Valid,Unique,Valid
700046,501,21337,Christophershire Distribution Center,India,599758,Re-contextualized analyzing utilization,Office Supplies,2452.57,Y,12303,342,25-03-2026,Above Reorder Level,Valid,Unique,Valid
700047,501,20453,Christophershire Distribution Center,India,599758,Open-source attitude-oriented array,Industrial Equipment,144.09,Y,4231,452,05-12-2025,Above Reorder Level,Valid,Unique,Valid
700048,501,20976,Christophershire Distribution Center,India,599758,User-friendly demand-driven synergy,Furniture,614.8,Y,8315,,02-04-2026,Cannot Determine,Valid,Unique,Valid
700049,501,20236,Christophershire Distribution Center,India,599758,Decentralized grid-enabled array,Furniture,1678.9,N,8962,100,12-09-2025,Above Reorder Level,Valid,Unique,Valid
700050,501,20040,Christophershire Distribution Center,India,599758,Centralized hybrid firmware,Pharmaceuticals,1644.69,N,2315,243,03-02-2026,Above Reorder Level,Valid,Unique,Valid
700051,501,21103,Christophershire Distribution Center,India,599758,Synergistic zero tolerance circuit,Furniture,1217.62,Y,39561,,22-06-2026,Cannot Determine,Valid,Unique,Valid
700052,501,20210,Christophershire Distribution Center,India,599758,Multi-tiered exuding infrastructure,Automotive Parts,2458.86,Y,16902,354,17-09-2025,Above Reorder Level,Valid,Unique,Valid
700053,501,20315,Christophershire Distribution Center,India,599758,Team-oriented systematic infrastructure,Electronics,1742.94,,31772,383,03-09-2025,Above Reorder Level,Valid,Unique,Valid
700054,501,20395,Christophershire Distribution Center,India,599758,Self-enabling static encryption,Industrial Equipment,2020.33,N,25509,402,26-03-2026,Above Reorder Level,Valid,Unique,Valid
700055,501,21449,Christophershire Distribution Center,India,599758,Multi-lateral 24hour database,Furniture,107.9,Y,10319,,16-07-2026,Cannot Determine,Valid,Unique,Valid
700056,501,21272,Christophershire Distribution Center,India,599758,Ameliorated clear-thinking collaboration,Industrial Equipment,2139.23,N,28876,180,04-08-2026,Above Reorder Level,Valid,Unique,Valid
700057,501,20122,Christophershire Distribution Center,India,599758,Right-sized bottom-line throughput,Groceries,1623.65,N,1049,256,20-01-2026,Above Reorder Level,Valid,Unique,Valid
700058,501,20220,Christophershire Distribution Center,India,599758,User-friendly high-level Internet solution,Automotive Parts,829,Y,2471,269,18-03-2026,Above Reorder Level,Valid,Unique,Valid
700059,501,20773,Christophershire Distribution Center,India,599758,Public-key exuding Graphic Interface,Pharmaceuticals,574.07,Y,524,201,16-10-2025,Above Reorder Level,Valid,Unique,Valid
700060,501,20444,Christophershire Distribution Center,India,599758,Focused grid-enabled framework,Furniture,1956.75,Y,4457,355,29-05-2026,Above Reorder Level,Valid,Unique,Valid
700061,501,21000,Christophershire Distribution Center,India,599758,Reduced 6thgeneration attitude,Electronics,134.74,N,5574,299,14-02-2026,Above Reorder Level,Valid,Unique,Valid
700062,501,21211,Christophershire Distribution Center,India,599758,Compatible upward-trending encoding,Automotive Parts,1878.97,Y,3586,413,22-06-2026,Above Reorder Level,Valid,Unique,Valid
700063,501,20099,Christophershire Distribution Center,India,599758,Horizontal secondary complexity,Electronics,1480.56,N,19986,228,20-06-2026,Above Reorder Level,Valid,Unique,Valid
700064,501,20488,Christophershire Distribution Center,India,599758,Virtual local secured line,Sporting Goods,342.98,Y,4998,263,28-02-2026,Above Reorder Level,Valid,Unique,Valid
700065,501,21059,Christophershire Distribution Center,India,599758,Multi-layered clear-thinking functionalities,Industrial Equipment,1096.01,Y,3736,93,05-04-2026,Above Reorder Level,Valid,Unique,Valid
700066,501,20365,Christophershire Distribution Center,India,599758,Fundamental heuristic service-desk,Groceries,602.42,Y,8862,80,14-06-2026,Above Reorder Level,Valid,Unique,Valid
700067,501,21306,Christophershire Distribution Center,India,599758,Horizontal methodical focus group,Office Supplies,975.65,Y,1720,320,25-06-2026,Above Reorder Level,Valid,Unique,Valid
700068,501,20204,Christophershire Distribution Center,India,599758,Cross-platform next generation approach,Industrial Equipment,260.68,Y,18354,296,24-03-2026,Above Reorder Level,Valid,Unique,Valid
700069,501,20003,Christophershire Distribution Center,India,599758,Up-sized modular focus group,Pharmaceuticals,523.8,N,878,,27-07-2026,Cannot Determine,Valid,Unique,Valid
700070,501,20934,Christophershire Distribution Center,India,599758,Upgradable context-sensitive extranet,Office Supplies,1165.76,N,49091,343,13-07-2026,Above Reorder Level,Valid,Unique,Valid
700071,501,21134,Christophershire Distribution Center,India,599758,Progressive mobile architecture,Automotive Parts,631.56,N,16757,125,27-04-2026,Above Reorder Level,Valid,Unique,Valid
700072,501,20093,Christophershire Distribution Center,India,599758,Exclusive high-level Local Area Network,Office Supplies,819.6,Y,2509,354,17-01-2026,Above Reorder Level,Valid,Unique,Valid
700073,501,20835,Christophershire Distribution Center,India,599758,Inverse static synergy,Pharmaceuticals,541.67,N,63,17,01-04-2026,Above Reorder Level,Valid,Unique,Valid
700074,501,21180,Christophershire Distribution Center,India,599758,Managed zero-defect flexibility,Sporting Goods,2004.12,Y,19141,271,21-10-2025,Above Reorder Level,Valid,Unique,Valid
700075,501,20026,Christophershire Distribution Center,India,599758,Ameliorated well-modulated alliance,Toys,671.39,Y,13899,60,09-08-2025,Above Reorder Level,Valid,Unique,Valid
700076,502,21159,North Leonardport Distribution Center,United Kingdom,188058,Reactive didactic parallelism,Groceries,2177.54,Y,2758,,06-07-2026,Cannot Determine,Valid,Unique,Valid
700077,502,20450,North Leonardport Distribution Center,United Kingdom,188058,Reduced content-based time-frame,Apparel,677.27,Y,3117,200,08-09-2025,Above Reorder Level,Valid,Unique,Valid
700078,502,20557,North Leonardport Distribution Center,United Kingdom,188058,Grass-roots intermediate database,Pharmaceuticals,960.31,N,163,360,27-10-2025,Below Reorder Level,Valid,Unique,Valid
700079,502,21086,North Leonardport Distribution Center,United Kingdom,188058,Ameliorated neutral infrastructure,Industrial Equipment,948.34,Y,938,140,09-01-2026,Above Reorder Level,Valid,Unique,Valid
700080,502,20894,North Leonardport Distribution Center,United Kingdom,188058,Optimized web-enabled encryption,Sporting Goods,1899.66,N,,191,23-06-2026,Cannot Determine,Valid,Unique,Valid
700081,502,21061,North Leonardport Distribution Center,United Kingdom,188058,Adaptive fault-tolerant approach,Furniture,2183.39,Y,4201,337,07-01-2026,Above Reorder Level,Valid,Unique,Valid
700082,502,20391,North Leonardport Distribution Center,United Kingdom,188058,Phased global forecast,Office Supplies,1896.59,N,2063,439,11-11-2025,Above Reorder Level,Valid,Unique,Valid
700083,502,20580,North Leonardport Distribution Center,United Kingdom,188058,User-friendly 3rdgeneration task-force,Furniture,2211.64,N,849,32,06-02-2026,Above Reorder Level,Valid,Unique,Valid
700084,502,20339,North Leonardport Distribution Center,United Kingdom,188058,Pre-emptive discrete structure,Furniture,1408.74,N,139,208,03-10-2025,Below Reorder Level,Valid,Unique,Valid
700085,502,21482,North Leonardport Distribution Center,United Kingdom,188058,Cross-group multi-state implementation,Industrial Equipment,760.86,N,787,83,05-02-2026,Above Reorder Level,Valid,Unique,Valid
700086,502,20459,North Leonardport Distribution Center,United Kingdom,188058,Object-based empowering paradigm,Apparel,1789.07,Y,831,164,28-03-2026,Above Reorder Level,Valid,Unique,Valid
700087,502,20763,North Leonardport Distribution Center,United Kingdom,188058,Optimized zero administration standardization,Office Supplies,111.94,N,2763,348,28-08-2026,Above Reorder Level,Valid,Unique,Valid
700088,502,20501,North Leonardport Distribution Center,United Kingdom,188058,Ergonomic regional moratorium,Automotive Parts,883.07,N,2144,159,09-07-2026,Above Reorder Level,Valid,Unique,Valid
700089,502,20410,North Leonardport Distribution Center,United Kingdom,188058,Self-enabling transitional website,Furniture,1597.85,N,4610,403,25-06-2026,Above Reorder Level,Valid,Unique,Valid
700090,502,21152,North Leonardport Distribution Center,United Kingdom,188058,Pre-emptive system-worthy functionalities,Automotive Parts,2363.83,N,1350,187,21-10-2025,Above Reorder Level,Valid,Unique,Valid
700091,502,20801,North Leonardport Distribution Center,United Kingdom,188058,Profit-focused transitional software,Pharmaceuticals,43.54,Y,269,,19-04-2026,Cannot Determine,Valid,Unique,Valid
700092,502,20442,North Leonardport Distribution Center,United Kingdom,188058,Re-contextualized transitional product,Apparel,318.8,N,2639,442,12-01-2025,Above Reorder Level,Valid,Unique,Valid
700093,502,20594,North Leonardport Distribution Center,United Kingdom,188058,Re-contextualized context-sensitive architecture,Groceries,1753.75,Y,3022,229,11-09-2025,Above Reorder Level,Valid,Unique,Valid
700094,502,21279,North Leonardport Distribution Center,United Kingdom,188058,Configurable well-modulated interface,Furniture,1038.99,Y,,22,25-03-2026,Cannot Determine,Valid,Unique,Valid
700095,502,20240,North Leonardport Distribution Center,United Kingdom,188058,Reduced didactic paradigm,Apparel,1614.59,N,3114,393,23-01-2026,Above Reorder Level,Valid,Unique,Valid
700096,502,21457,North Leonardport Distribution Center,United Kingdom,188058,Devolved bottom-line standardization,Automotive Parts,,N,1438,173,19-10-2025,Above Reorder Level,Valid,Unique,Valid
700097,502,21384,North Leonardport Distribution Center,United Kingdom,188058,Ameliorated fault-tolerant complexity,Groceries,2497.85,N,1563,378,02-05-2026,Above Reorder Level,Valid,Unique,Valid
700098,502,20745,North Leonardport Distribution Center,United Kingdom,188058,Exclusive systematic groupware,Groceries,1297.29,Y,1178,54,23-07-2026,Above Reorder Level,Valid,Unique,Valid
700099,502,20797,North Leonardport Distribution Center,United Kingdom,188058,Expanded fault-tolerant Internet solution,Pharmaceuticals,1184.13,N,54,215,10-08-2025,Below Reorder Level,Valid,Unique,Valid
700100,502,20259,North Leonardport Distribution Center,United Kingdom,188058,Compatible neutral portal,Industrial Equipment,1190.72,Y,241,264,21-02-2026,Below Reorder Level,Valid,Unique,Valid
700101,502,20004,North Leonardport Distribution Center,United Kingdom,188058,Virtual transitional throughput,Sporting Goods,1867.7,Y,67,447,12-11-2025,Below Reorder Level,Valid,Unique,Valid
700102,502,21458,North Leonardport Distribution Center,United Kingdom,188058,Triple-buffered client-server implementation,Toys,1145.8,N,2137,202,08-05-2026,Above Reorder Level,Valid,Unique,Valid
700103,502,21338,North Leonardport Distribution Center,United Kingdom,188058,Team-oriented content-based support,Office Supplies,1794.48,N,797,73,10-06-2026,Above Reorder Level,Valid,Unique,Valid
700104,502,20158,North Leonardport Distribution Center,United Kingdom,188058,Assimilated well-modulated application,Office Supplies,257.58,N,1501,292,18-11-2025,Above Reorder Level,Valid,Unique,Valid
700105,502,21113,North Leonardport Distribution Center,United Kingdom,188058,Team-oriented radical conglomeration,Furniture,1578.3,Y,5031,45,14-01-2026,Above Reorder Level,Valid,Unique,Valid
700106,502,21360,North Leonardport Distribution Center,United Kingdom,188058,Self-enabling real-time hub,Sporting Goods,1227.18,N,606,353,25-04-2026,Above Reorder Level,Valid,Unique,Valid
700107,502,20543,North Leonardport Distribution Center,United Kingdom,188058,Down-sized zero tolerance encryption,Office Supplies,2310.73,N,1116,49,23-11-2025,Above Reorder Level,Valid,Unique,Valid
700108,502,21302,North Leonardport Distribution Center,United Kingdom,188058,Operative dynamic functionalities,Furniture,488.81,Y,2976,,07-05-2026,Cannot Determine,Valid,Unique,Valid
700109,502,21442,North Leonardport Distribution Center,United Kingdom,188058,Proactive national monitoring,Apparel,2390.35,,549,399,05-11-2026,Above Reorder Level,Future Restock Date,Unique,Valid
700110,502,21459,North Leonardport Distribution Center,United Kingdom,188058,Upgradable 4thgeneration standardization,Apparel,196.03,N,169,80,01-04-2026,Above Reorder Level,Valid,Unique,Valid
700111,502,20070,North Leonardport Distribution Center,United Kingdom,188058,Compatible national data-warehouse,Pharmaceuticals,627.47,Y,723,193,29-11-2025,Above Reorder Level,Valid,Unique,Valid
700112,502,20648,North Leonardport Distribution Center,United Kingdom,188058,Universal asymmetric parallelism,Groceries,718.32,Y,371,278,20-04-2026,Above Reorder Level,Valid,Unique,Valid
700113,502,20118,North Leonardport Distribution Center,United Kingdom,188058,User-centric motivating capability,Sporting Goods,774.01,N,5609,475,05-03-2026,Above Reorder Level,Valid,Unique,Valid
700114,502,20509,North Leonardport Distribution Center,United Kingdom,188058,Organic attitude-oriented workforce,Sporting Goods,884.1,Y,3488,11,13-03-2026,Above Reorder Level,Valid,Unique,Valid
700115,502,20778,North Leonardport Distribution Center,United Kingdom,188058,Object-based homogeneous database,Pharmaceuticals,201.88,N,2120,369,12-08-2026,Above Reorder Level,Valid,Unique,Valid
700116,502,20940,North Leonardport Distribution Center,United Kingdom,188058,Distributed content-based ability,Toys,498.12,N,4334,289,09-08-2026,Above Reorder Level,Valid,Unique,Valid
700117,502,21372,North Leonardport Distribution Center,United Kingdom,188058,Self-enabling scalable portal,Furniture,2057.55,Y,3439,415,15-02-2026,Above Reorder Level,Valid,Unique,Valid
700118,502,20246,North Leonardport Distribution Center,United Kingdom,188058,Synergized systemic capability,Electronics,2348.06,Y,436,120,28-03-2026,Above Reorder Level,Valid,Unique,Valid
700119,502,21127,North Leonardport Distribution Center,United Kingdom,188058,Networked mission-critical project,Office Supplies,38.82,Y,4713,384,26-10-2025,Above Reorder Level,Valid,Unique,Valid
700120,502,21499,North Leonardport Distribution Center,United Kingdom,188058,Ergonomic neutral customer loyalty,Groceries,2201.2,N,1638,79,04-08-2026,Above Reorder Level,Valid,Unique,Valid
700121,502,20529,North Leonardport Distribution Center,United Kingdom,188058,Proactive multimedia system engine,Electronics,894.75,N,3480,196,03-02-2026,Above Reorder Level,Valid,Unique,Valid
700122,502,21056,North Leonardport Distribution Center,United Kingdom,188058,Customizable background Graphical User Interface,Groceries,1197.97,N,4784,143,14-06-2026,Above Reorder Level,Valid,Unique,Valid
700123,502,20448,North Leonardport Distribution Center,United Kingdom,188058,Programmable user-facing encryption,Office Supplies,658.04,N,809,440,01-03-2026,Above Reorder Level,Valid,Unique,Valid
700124,502,20168,North Leonardport Distribution Center,United Kingdom,188058,Open-source foreground knowledge user,Sporting Goods,2232.33,Y,246,345,30-07-2026,Below Reorder Level,Valid,Unique,Valid
700125,502,20210,North Leonardport Distribution Center,United Kingdom,188058,Multi-tiered exuding infrastructure,Automotive Parts,2458.86,Y,547,276,27-03-2026,Above Reorder Level,Valid,Unique,Valid
700126,502,20807,North Leonardport Distribution Center,United Kingdom,188058,Persistent object-oriented analyzer,Apparel,1665.5,N,1177,91,23-05-2026,Above Reorder Level,Valid,Unique,Valid
700127,502,20370,North Leonardport Distribution Center,United Kingdom,188058,Face-to-face mobile firmware,Industrial Equipment,1514.8,N,3600,250,01-01-2026,Above Reorder Level,Valid,Unique,Valid
700128,502,20831,North Leonardport Distribution Center,United Kingdom,188058,Multi-tiered global synergy,Apparel,1632.3,N,4165,77,19-06-2026,Above Reorder Level,Valid,Unique,Valid
700129,502,20012,North Leonardport Distribution Center,United Kingdom,188058,Proactive discrete product,Electronics,1768.51,N,15,147,09-04-2026,Below Reorder Level,Valid,Unique,Valid
700130,502,21142,North Leonardport Distribution Center,United Kingdom,188058,De-engineered object-oriented database,Sporting Goods,,Y,1510,434,31-05-2026,Above Reorder Level,Valid,Unique,Valid
700131,502,21115,North Leonardport Distribution Center,United Kingdom,188058,Vision-oriented system-worthy utilization,Automotive Parts,548.89,Y,1141,353,07-01-2026,Above Reorder Level,Valid,Unique,Valid
700132,502,20453,North Leonardport Distribution Center,United Kingdom,188058,Open-source attitude-oriented array,Industrial Equipment,144.09,Y,531,227,16-04-2026,Above Reorder Level,Valid,Unique,Valid
700133,502,21081,North Leonardport Distribution Center,United Kingdom,188058,Expanded upward-trending workforce,Automotive Parts,153.91,Y,270,16,05-07-2026,Above Reorder Level,Valid,Unique,Valid
700134,502,21431,North Leonardport Distribution Center,United Kingdom,188058,Networked local success,Pharmaceuticals,2275.55,N,870,,26-05-2026,Cannot Determine,Valid,Unique,Valid
700135,502,21493,North Leonardport Distribution Center,United Kingdom,188058,Customer-focused asynchronous hierarchy,Toys,,Y,6049,281,17-07-2026,Above Reorder Level,Valid,Unique,Valid
700136,502,20627,North Leonardport Distribution Center,United Kingdom,188058,Virtual bandwidth-monitored product,Sporting Goods,35.23,N,825,401,02-11-2025,Above Reorder Level,Valid,Unique,Valid
700137,502,20667,North Leonardport Distribution Center,United Kingdom,188058,Cloned global core,Electronics,736.37,Y,1545,304,23-05-2026,Above Reorder Level,Valid,Unique,Valid
700138,502,20935,North Leonardport Distribution Center,United Kingdom,188058,Multi-tiered maximized function,Pharmaceuticals,500.28,N,2565,293,23-05-2026,Above Reorder Level,Valid,Unique,Valid
700139,502,20550,North Leonardport Distribution Center,United Kingdom,188058,Multi-tiered grid-enabled product,Industrial Equipment,847.9,N,955,265,27-02-2026,Above Reorder Level,Valid,Unique,Valid
700140,502,20238,North Leonardport Distribution Center,United Kingdom,188058,Down-sized value-added migration,Furniture,14.07,N,,284,16-07-2026,Cannot Determine,Valid,Unique,Valid
700141,502,20069,North Leonardport Distribution Center,United Kingdom,188058,Proactive scalable toolset,Groceries,2489.24,Y,6934,140,07-05-2026,Above Reorder Level,Valid,Unique,Valid
700142,502,20169,North Leonardport Distribution Center,United Kingdom,188058,Polarized user-facing challenge,Electronics,,,613,162,12-07-2026,Above Reorder Level,Valid,Unique,Valid
700143,502,20787,North Leonardport Distribution Center,United Kingdom,188058,Exclusive asymmetric info-mediaries,Apparel,293.59,Y,1453,124,20-06-2026,Above Reorder Level,Valid,Unique,Valid
700144,502,21484,North Leonardport Distribution Center,United Kingdom,188058,Open-architected regional approach,Industrial Equipment,1722.1,N,756,197,07-02-2026,Above Reorder Level,Valid,Unique,Valid
700145,502,20433,North Leonardport Distribution Center,United Kingdom,188058,Innovative uniform interface,Toys,344.78,Y,708,172,08-10-2025,Above Reorder Level,Valid,Unique,Valid
700146,502,21213,North Leonardport Distribution Center,United Kingdom,188058,Centralized attitude-oriented synergy,Toys,1917.65,N,79,191,22-11-2025,Below Reorder Level,Valid,Unique,Valid
700147,502,20104,North Leonardport Distribution Center,United Kingdom,188058,Integrated maximized matrix,Groceries,651.9,Y,1987,,08-07-2026,Cannot Determine,Valid,Unique,Valid
700148,502,21292,North Leonardport Distribution Center,United Kingdom,188058,Digitized interactive adapter,Toys,1858.48,N,1476,135,07-08-2026,Above Reorder Level,Valid,Unique,Valid
700149,502,20592,North Leonardport Distribution Center,United Kingdom,188058,Switchable user-facing open system,Furniture,1999.22,Y,112,34,11-12-2025,Above Reorder Level,Valid,Unique,Valid
700150,502,20470,North Leonardport Distribution Center,United Kingdom,188058,Robust incremental budgetary management,Industrial Equipment,2268.13,Y,690,80,08-09-2025,Above Reorder Level,Valid,Unique,Valid
700151,503,21085,Portermouth Distribution Center,France,590281,Innovative stable complexity,Industrial Equipment,,N,16254,303,17-11-2025,Above Reorder Level,Valid,Unique,Valid
700152,503,21156,Portermouth Distribution Center,France,590281,Balanced disintermediate alliance,Industrial Equipment,2304.07,N,1863,379,19-08-2026,Above Reorder Level,Valid,Unique,Valid
700153,503,21257,Portermouth Distribution Center,France,590281,Devolved heuristic synergy,Furniture,1400.81,Y,1065,,22-01-2026,Cannot Determine,Valid,Unique,Valid
700154,503,20964,Portermouth Distribution Center,France,590281,Visionary background project,Pharmaceuticals,195.3,N,4574,388,01-05-2026,Above Reorder Level,Valid,Unique,Valid
700155,503,20134,Portermouth Distribution Center,France,590281,Digitized high-level leverage,Furniture,244.27,N,28876,96,17-10-2025,Above Reorder Level,Valid,Unique,Valid
700156,503,20887,Portermouth Distribution Center,France,590281,Ameliorated real-time paradigm,Automotive Parts,553.16,N,1886,90,19-01-2026,Above Reorder Level,Valid,Unique,Valid
700157,503,21423,Portermouth Distribution Center,France,590281,Distributed static software,Electronics,1050.15,Y,7587,47,15-02-2026,Above Reorder Level,Valid,Unique,Valid
700158,503,20387,Portermouth Distribution Center,France,590281,Multi-lateral full-range challenge,Industrial Equipment,,Y,9756,103,02-08-2026,Above Reorder Level,Valid,Unique,Valid
700159,503,20940,Portermouth Distribution Center,France,590281,Distributed content-based ability,Toys,498.12,N,1846,134,08-12-2025,Above Reorder Level,Valid,Unique,Valid
700160,503,20229,Portermouth Distribution Center,France,590281,Enterprise-wide 5thgeneration leverage,Automotive Parts,267.13,Y,8864,487,11-09-2025,Above Reorder Level,Valid,Unique,Valid
700161,503,20688,Portermouth Distribution Center,France,590281,Enhanced directional firmware,Toys,2497.06,N,3120,238,01-05-2026,Above Reorder Level,Valid,Unique,Valid
700162,503,20991,Portermouth Distribution Center,France,590281,Self-enabling regional benchmark,Furniture,1649.38,Y,6807,415,24-08-2026,Above Reorder Level,Valid,Unique,Valid
700163,503,21335,Portermouth Distribution Center,France,590281,Right-sized even-keeled standardization,Automotive Parts,2008.96,N,6830,15,10-12-2025,Above Reorder Level,Valid,Unique,Valid
700164,503,21148,Portermouth Distribution Center,France,590281,Switchable 24hour encryption,Furniture,421.91,N,5221,43,08-03-2026,Above Reorder Level,Valid,Unique,Valid
700165,503,20661,Portermouth Distribution Center,France,590281,Multi-layered 24/7 model,Pharmaceuticals,1456.76,Y,644,79,01-01-2026,Above Reorder Level,Valid,Unique,Valid
700166,503,20901,Portermouth Distribution Center,France,590281,Managed client-driven focus group,Sporting Goods,371.15,Y,12272,,12-01-2026,Cannot Determine,Valid,Unique,Valid
700167,503,20499,Portermouth Distribution Center,France,590281,Realigned secondary capability,Office Supplies,439.82,Y,,381,29-09-2025,Cannot Determine,Valid,Unique,Valid
700168,503,21445,Portermouth Distribution Center,France,590281,Reduced transitional instruction set,Groceries,2317.52,N,1405,417,21-03-2026,Above Reorder Level,Valid,Unique,Valid
700169,503,20237,Portermouth Distribution Center,France,590281,Expanded executive contingency,Automotive Parts,1541.62,N,283,312,23-11-2025,Below Reorder Level,Valid,Unique,Valid
700170,503,20003,Portermouth Distribution Center,France,590281,Up-sized modular focus group,Pharmaceuticals,523.8,N,6081,50,29-09-2025,Above Reorder Level,Valid,Unique,Valid
700171,503,20272,Portermouth Distribution Center,France,590281,Exclusive mobile knowledge user,Industrial Equipment,85.96,N,7701,,14-10-2025,Cannot Determine,Valid,Unique,Valid
700172,503,20815,Portermouth Distribution Center,France,590281,Switchable contextually-based standardization,Toys,1238.57,Y,114,122,05-09-2025,Below Reorder Level,Valid,Unique,Valid
700173,503,20185,Portermouth Distribution Center,France,590281,Visionary logistical service-desk,Groceries,26.16,N,4883,286,02-09-2025,Above Reorder Level,Valid,Unique,Valid
700174,503,21316,Portermouth Distribution Center,France,590281,Multi-layered disintermediate projection,Office Supplies,2262.02,Y,,353,19-10-2025,Cannot Determine,Valid,Unique,Valid
700175,503,20273,Portermouth Distribution Center,France,590281,Networked methodical flexibility,Groceries,1638.24,N,7050,191,15-07-2026,Above Reorder Level,Valid,Unique,Valid
700176,503,20319,Portermouth Distribution Center,France,590281,Ergonomic 4thgeneration database,Electronics,398.21,N,1304,,18-10-2025,Cannot Determine,Valid,Unique,Valid
700177,503,20545,Portermouth Distribution Center,France,590281,Organized 6thgeneration ability,Office Supplies,1165.82,Y,7989,466,20-05-2026,Above Reorder Level,Valid,Unique,Valid
700178,503,20944,Portermouth Distribution Center,France,590281,User-friendly holistic info-mediaries,Electronics,1302.69,Y,3327,456,29-10-2025,Above Reorder Level,Valid,Unique,Valid
700179,503,20326,Portermouth Distribution Center,France,590281,Down-sized coherent support,Industrial Equipment,2169.42,Y,18781,175,21-02-2026,Above Reorder Level,Valid,Unique,Valid
700180,503,20182,Portermouth Distribution Center,France,590281,Cross-group holistic concept,Sporting Goods,2088.41,Y,1007,,25-04-2026,Cannot Determine,Valid,Unique,Valid
700181,503,20971,Portermouth Distribution Center,France,590281,Reverse-engineered fault-tolerant superstructure,Toys,1282.62,N,2838,458,06-05-2026,Above Reorder Level,Valid,Unique,Valid
700182,503,21132,Portermouth Distribution Center,France,590281,Total 3rdgeneration infrastructure,Apparel,361.14,Y,819,449,01-01-2026,Above Reorder Level,Valid,Unique,Valid
700183,503,20101,Portermouth Distribution Center,France,590281,Front-line impactful encoding,Sporting Goods,265.93,Y,17596,458,08-01-2026,Above Reorder Level,Valid,Unique,Valid
700184,503,20707,Portermouth Distribution Center,France,590281,Distributed fresh-thinking encryption,Electronics,166.34,,14277,116,17-06-2026,Above Reorder Level,Valid,Unique,Valid
700185,503,20962,Portermouth Distribution Center,France,590281,Robust optimal protocol,Toys,1816.33,Y,2030,198,07-08-2026,Above Reorder Level,Valid,Unique,Valid
700186,503,20883,Portermouth Distribution Center,France,590281,Team-oriented client-driven groupware,Furniture,2473.86,N,7340,346,23-08-2026,Above Reorder Level,Valid,Unique,Valid
700187,503,21168,Portermouth Distribution Center,France,590281,Self-enabling upward-trending flexibility,Furniture,566.45,N,11563,235,12-08-2026,Above Reorder Level,Valid,Unique,Valid
700188,503,20929,Portermouth Distribution Center,France,590281,Optional well-modulated collaboration,Sporting Goods,646.34,Y,5512,385,08-02-2026,Above Reorder Level,Valid,Unique,Valid
700189,503,20318,Portermouth Distribution Center,France,590281,Customizable 3rdgeneration standardization,Apparel,1838.84,N,5132,206,06-08-2026,Above Reorder Level,Valid,Unique,Valid
700190,503,21166,Portermouth Distribution Center,France,590281,Optimized system-worthy circuit,Furniture,1972.26,N,1884,304,31-01-2026,Above Reorder Level,Valid,Unique,Valid
700191,503,20223,Portermouth Distribution Center,France,590281,Intuitive intermediate concept,Sporting Goods,2007.44,Y,665,53,23-02-2026,Above Reorder Level,Valid,Unique,Valid
700192,503,21169,Portermouth Distribution Center,France,590281,Sharable tangible project,Pharmaceuticals,232.85,Y,15480,330,08-12-2025,Above Reorder Level,Valid,Unique,Valid
700193,503,20174,Portermouth Distribution Center,France,590281,Object-based homogeneous orchestration,Groceries,2220.16,,15695,481,14-11-2025,Above Reorder Level,Valid,Unique,Valid
700194,503,20333,Portermouth Distribution Center,France,590281,Optional intangible methodology,Electronics,2002.95,Y,6822,101,15-11-2025,Above Reorder Level,Valid,Unique,Valid
700195,503,21041,Portermouth Distribution Center,France,590281,Inverse human-resource throughput,Groceries,2130.37,N,2817,223,13-05-2026,Above Reorder Level,Valid,Unique,Valid
700196,503,21183,Portermouth Distribution Center,France,590281,Face-to-face homogeneous benchmark,Furniture,2078.7,Y,2923,203,18-11-2025,Above Reorder Level,Valid,Unique,Valid
700197,503,21184,Portermouth Distribution Center,France,590281,Decentralized context-sensitive moderator,Automotive Parts,1933.6,Y,8807,416,02-06-2026,Above Reorder Level,Valid,Unique,Valid
700198,503,20345,Portermouth Distribution Center,France,590281,Stand-alone grid-enabled knowledge user,Industrial Equipment,95.35,N,15473,399,27-06-2026,Above Reorder Level,Valid,Unique,Valid
700199,503,20641,Portermouth Distribution Center,France,590281,Networked maximized utilization,Pharmaceuticals,2202.5,Y,14840,446,30-08-2026,Above Reorder Level,Valid,Unique,Valid
700200,503,20176,Portermouth Distribution Center,France,590281,Realigned secondary pricing structure,Electronics,917.75,Y,10298,273,14-02-2026,Above Reorder Level,Valid,Unique,Valid
700201,503,21142,Portermouth Distribution Center,France,590281,De-engineered object-oriented database,Sporting Goods,,Y,6990,63,25-05-2026,Above Reorder Level,Valid,Unique,Valid
700202,503,21339,Portermouth Distribution Center,France,590281,Object-based modular software,Toys,1243.84,Y,598,308,18-10-2025,Above Reorder Level,Valid,Unique,Valid
700203,503,20875,Portermouth Distribution Center,France,590281,Secured holistic analyzer,Furniture,1813.93,N,1199,197,08-02-2026,Above Reorder Level,Valid,Unique,Valid
700204,503,21212,Portermouth Distribution Center,France,590281,Cross-group composite orchestration,Apparel,1518.59,Y,15569,440,18-08-2026,Above Reorder Level,Valid,Unique,Valid
700205,503,20760,Portermouth Distribution Center,France,590281,Reactive web-enabled Local Area Network,Apparel,1603.25,,6345,135,10-04-2026,Above Reorder Level,Valid,Unique,Valid
700206,503,21152,Portermouth Distribution Center,France,590281,Pre-emptive system-worthy functionalities,Automotive Parts,2363.83,N,63,391,08-06-2026,Below Reorder Level,Valid,Unique,Valid
700207,503,20075,Portermouth Distribution Center,France,590281,Cross-platform optimizing Graphical User Interface,Sporting Goods,1540.96,N,728,202,30-03-2026,Above Reorder Level,Valid,Unique,Valid
700208,503,21086,Portermouth Distribution Center,France,590281,Ameliorated neutral infrastructure,Industrial Equipment,948.34,Y,7411,356,29-09-2025,Above Reorder Level,Valid,Unique,Valid
700209,503,21274,Portermouth Distribution Center,France,590281,Visionary systemic encoding,Apparel,1351.11,N,35,120,16-08-2026,Below Reorder Level,Valid,Unique,Valid
700210,503,21488,Portermouth Distribution Center,France,590281,Polarized foreground projection,Sporting Goods,1256.18,Y,1193,120,13-10-2025,Above Reorder Level,Valid,Unique,Valid
700211,503,20114,Portermouth Distribution Center,France,590281,Cloned incremental hierarchy,Industrial Equipment,1324.52,N,5414,89,04-09-2025,Above Reorder Level,Valid,Unique,Valid
700212,503,20984,Portermouth Distribution Center,France,590281,Enterprise-wide tertiary challenge,Toys,1531.58,Y,8010,369,16-01-2026,Above Reorder Level,Valid,Unique,Valid
700213,503,20829,Portermouth Distribution Center,France,590281,Compatible scalable solution,Office Supplies,2093.19,Y,7181,419,26-02-2026,Above Reorder Level,Valid,Unique,Valid
700214,503,21285,Portermouth Distribution Center,France,590281,Exclusive methodical strategy,Groceries,1855.43,N,1728,17,03-06-2026,Above Reorder Level,Valid,Unique,Valid
700215,503,20903,Portermouth Distribution Center,France,590281,Virtual 6thgeneration model,Sporting Goods,1236.53,Y,8474,161,24-09-2025,Above Reorder Level,Valid,Unique,Valid
700216,503,20922,Portermouth Distribution Center,France,590281,Robust dynamic framework,Groceries,,Y,,266,09-11-2025,Cannot Determine,Valid,Unique,Valid
700217,503,20638,Portermouth Distribution Center,France,590281,Versatile incremental emulation,Toys,2208.17,N,2678,105,17-04-2026,Above Reorder Level,Valid,Unique,Valid
700218,503,20769,Portermouth Distribution Center,France,590281,Switchable heuristic Graphical User Interface,Furniture,957.16,,9337,404,01-12-2025,Above Reorder Level,Valid,Unique,Valid
700219,503,20538,Portermouth Distribution Center,France,590281,Streamlined zero tolerance capacity,Electronics,1893.82,N,7136,368,30-08-2026,Above Reorder Level,Valid,Unique,Valid
700220,503,21327,Portermouth Distribution Center,France,590281,Distributed 6thgeneration capacity,Sporting Goods,663.17,Y,12873,345,10-03-2026,Above Reorder Level,Valid,Unique,Valid
700221,503,20481,Portermouth Distribution Center,France,590281,Monitored asymmetric analyzer,Sporting Goods,1713.74,Y,7293,472,16-08-2026,Above Reorder Level,Valid,Unique,Valid
700222,503,20811,Portermouth Distribution Center,France,590281,Innovative hybrid pricing structure,Automotive Parts,1842.82,N,5716,81,27-03-2026,Above Reorder Level,Valid,Unique,Valid
700223,503,20652,Portermouth Distribution Center,France,590281,Up-sized regional intranet,Groceries,1651.12,N,669,127,15-06-2026,Above Reorder Level,Valid,Unique,Valid
700224,503,20981,Portermouth Distribution Center,France,590281,Progressive intangible projection,Automotive Parts,,N,3119,456,21-08-2026,Above Reorder Level,Valid,Unique,Valid
700225,503,20711,Portermouth Distribution Center,France,590281,Upgradable attitude-oriented toolset,Groceries,466.44,N,2097,14,08-05-2026,Above Reorder Level,Valid,Unique,Valid
700226,504,20791,West Richardhaven Distribution Center,China,363066,Multi-layered multi-state access,Toys,1934.81,Y,1077,433,03-01-2026,Above Reorder Level,Valid,Unique,Valid
700227,504,20528,West Richardhaven Distribution Center,China,363066,Right-sized optimizing encoding,Industrial Equipment,,N,13905,85,17-07-2026,Above Reorder Level,Valid,Unique,Valid
700228,504,20188,West Richardhaven Distribution Center,China,363066,Future-proofed executive synergy,Industrial Equipment,1041.24,N,1922,486,24-09-2025,Above Reorder Level,Valid,Unique,Valid
700229,504,20870,West Richardhaven Distribution Center,China,363066,Inverse context-sensitive access,Electronics,800.96,N,,23,27-07-2026,Cannot Determine,Valid,Duplicate Warehouse/Product,Valid
700230,504,20947,West Richardhaven Distribution Center,China,363066,Automated bottom-line info-mediaries,Apparel,2047.99,N,3839,445,21-02-2026,Above Reorder Level,Valid,Unique,Valid
700231,504,20564,West Richardhaven Distribution Center,China,363066,Right-sized full-range adapter,Toys,1645.1,Y,6096,393,10-10-2025,Above Reorder Level,Valid,Unique,Valid
700232,504,20718,West Richardhaven Distribution Center,China,363066,Multi-layered multi-tasking solution,Pharmaceuticals,26.71,Y,2688,266,09-09-2025,Above Reorder Level,Valid,Unique,Valid
700233,504,20040,West Richardhaven Distribution Center,China,363066,Centralized hybrid firmware,Pharmaceuticals,1644.69,N,3311,397,05-11-2025,Above Reorder Level,Valid,Unique,Valid
700234,504,20302,West Richardhaven Distribution Center,China,363066,Synchronized local process improvement,Apparel,1310.91,N,2611,406,24-03-2026,Above Reorder Level,Valid,Unique,Valid
700235,504,20363,West Richardhaven Distribution Center,China,363066,Front-line demand-driven open architecture,Toys,1565.23,N,836,285,23-03-2026,Above Reorder Level,Valid,Unique,Valid
700236,504,20589,West Richardhaven Distribution Center,China,363066,Object-based bifurcated focus group,Electronics,1738.63,Y,4934,74,23-09-2025,Above Reorder Level,Valid,Unique,Valid
700237,504,20949,West Richardhaven Distribution Center,China,363066,Virtual intermediate extranet,Toys,408.32,N,1269,328,12-02-2026,Above Reorder Level,Valid,Unique,Valid
700238,504,20917,West Richardhaven Distribution Center,China,363066,Reactive demand-driven encoding,Apparel,272.79,Y,95,165,11-09-2025,Below Reorder Level,Valid,Unique,Valid
700239,504,20448,West Richardhaven Distribution Center,China,363066,Programmable user-facing encryption,Office Supplies,658.04,N,3992,367,23-06-2026,Above Reorder Level,Valid,Unique,Valid
700240,504,21018,West Richardhaven Distribution Center,China,363066,Profound incremental protocol,Groceries,1783.57,N,750,141,27-08-2026,Above Reorder Level,Valid,Unique,Valid
700241,504,20521,West Richardhaven Distribution Center,China,363066,Centralized reciprocal Graphic Interface,Toys,1822.06,N,10859,26,18-09-2025,Above Reorder Level,Valid,Unique,Valid
700242,504,20182,West Richardhaven Distribution Center,China,363066,Cross-group holistic concept,Sporting Goods,2088.41,Y,11846,16,15-04-2026,Above Reorder Level,Valid,Unique,Valid
700243,504,21068,West Richardhaven Distribution Center,China,363066,Advanced national knowledgebase,Electronics,1248.27,Y,9483,66,04-07-2026,Above Reorder Level,Valid,Unique,Valid
700244,504,20550,West Richardhaven Distribution Center,China,363066,Multi-tiered grid-enabled product,Industrial Equipment,847.9,N,1779,207,17-02-2026,Above Reorder Level,Valid,Unique,Valid
700245,504,20304,West Richardhaven Distribution Center,China,363066,Enterprise-wide didactic contingency,Pharmaceuticals,2151.2,N,60,176,08-07-2026,Below Reorder Level,Valid,Unique,Valid
700246,504,20068,West Richardhaven Distribution Center,China,363066,Multi-lateral intermediate customer loyalty,Sporting Goods,,N,10145,256,28-07-2026,Above Reorder Level,Valid,Unique,Valid
700247,504,20427,West Richardhaven Distribution Center,China,363066,Horizontal didactic array,Automotive Parts,1986.28,Y,2151,180,08-10-2025,Above Reorder Level,Valid,Unique,Valid
700248,504,20703,West Richardhaven Distribution Center,China,363066,Intuitive radical interface,Toys,71.63,N,13091,239,17-10-2025,Above Reorder Level,Valid,Unique,Valid
700249,504,20089,West Richardhaven Distribution Center,China,363066,Persistent encompassing productivity,Electronics,1852.47,N,12755,143,21-02-2026,Above Reorder Level,Valid,Unique,Valid
700250,504,20504,West Richardhaven Distribution Center,China,363066,Versatile methodical middleware,Apparel,2395.72,Y,7380,164,09-11-2025,Above Reorder Level,Valid,Unique,Valid
700251,504,20741,West Richardhaven Distribution Center,China,363066,Configurable zero tolerance focus group,Pharmaceuticals,2443.15,N,1343,477,12-08-2026,Above Reorder Level,Valid,Unique,Valid
700252,504,21254,West Richardhaven Distribution Center,China,363066,Enterprise-wide national workforce,Pharmaceuticals,2073.42,N,1872,493,10-08-2026,Above Reorder Level,Valid,Unique,Valid
700253,504,21045,West Richardhaven Distribution Center,China,363066,Devolved national productivity,Automotive Parts,1094.91,Y,7332,393,29-05-2026,Above Reorder Level,Valid,Unique,Valid
700254,504,20482,West Richardhaven Distribution Center,China,363066,Operative mission-critical orchestration,Automotive Parts,525.56,N,1467,58,03-08-2026,Above Reorder Level,Valid,Unique,Valid
700255,504,20819,West Richardhaven Distribution Center,China,363066,Public-key explicit secured line,Industrial Equipment,1881.16,Y,715,249,18-09-2025,Above Reorder Level,Valid,Unique,Valid
700256,504,21272,West Richardhaven Distribution Center,China,363066,Ameliorated clear-thinking collaboration,Industrial Equipment,2139.23,N,3132,235,24-08-2026,Above Reorder Level,Valid,Unique,Valid
700257,504,20524,West Richardhaven Distribution Center,China,363066,Cross-platform foreground circuit,Sporting Goods,725.08,N,10590,63,28-10-2025,Above Reorder Level,Valid,Unique,Valid
700258,504,20753,West Richardhaven Distribution Center,China,363066,Open-architected impactful paradigm,Office Supplies,1029.37,N,4584,390,10-05-2026,Above Reorder Level,Valid,Unique,Valid
700259,504,20939,West Richardhaven Distribution Center,China,363066,Universal methodical customer loyalty,Automotive Parts,1312.9,N,3249,211,03-05-2026,Above Reorder Level,Valid,Unique,Valid
700260,504,20777,West Richardhaven Distribution Center,China,363066,Robust real-time orchestration,Industrial Equipment,1061.19,N,393,479,31-08-2026,Below Reorder Level,Valid,Unique,Valid
700261,504,21416,West Richardhaven Distribution Center,China,363066,Face-to-face bi-directional forecast,Apparel,1757.76,N,3674,197,09-04-2026,Above Reorder Level,Valid,Unique,Valid
700262,504,21153,West Richardhaven Distribution Center,China,363066,Programmable heuristic portal,Toys,1395.65,N,17747,192,30-06-2026,Above Reorder Level,Valid,Unique,Valid
700263,504,20892,West Richardhaven Distribution Center,China,363066,Seamless well-modulated capability,Electronics,2066.75,Y,581,316,13-05-2026,Above Reorder Level,Valid,Unique,Valid
700264,504,20546,West Richardhaven Distribution Center,China,363066,Persistent regional frame,Apparel,821.63,N,2812,332,11-03-2026,Above Reorder Level,Valid,Unique,Valid
700265,504,20761,West Richardhaven Distribution Center,China,363066,Up-sized maximized Graphical User Interface,Furniture,1918.25,Y,8078,76,28-01-2026,Above Reorder Level,Valid,Unique,Valid
700266,504,20342,West Richardhaven Distribution Center,China,363066,Reactive asymmetric flexibility,Industrial Equipment,1279.16,Y,5197,470,20-05-2026,Above Reorder Level,Valid,Unique,Valid
700267,504,21197,West Richardhaven Distribution Center,China,363066,Distributed stable capacity,Electronics,894.4,Y,,309,31-08-2025,Cannot Determine,Valid,Unique,Valid
700268,504,21209,West Richardhaven Distribution Center,China,363066,Open-source zero administration functionalities,Pharmaceuticals,1404.19,N,4666,218,21-09-2025,Above Reorder Level,Valid,Unique,Valid
700269,504,20333,West Richardhaven Distribution Center,China,363066,Optional intangible methodology,Electronics,2002.95,Y,1715,196,25-10-2025,Above Reorder Level,Valid,Unique,Valid
700270,504,20985,West Richardhaven Distribution Center,China,363066,Exclusive mobile contingency,Apparel,,Y,1338,81,10-09-2025,Above Reorder Level,Valid,Unique,Valid
700271,504,20119,West Richardhaven Distribution Center,China,363066,Programmable static paradigm,Industrial Equipment,3.71,N,6380,158,27-04-2026,Above Reorder Level,Valid,Unique,Valid
700272,504,21192,West Richardhaven Distribution Center,China,363066,User-centric systematic toolset,Sporting Goods,933.32,N,6395,429,21-02-2026,Above Reorder Level,Valid,Unique,Valid
700273,504,20970,West Richardhaven Distribution Center,China,363066,Public-key stable implementation,Apparel,1204.97,N,7768,305,15-07-2026,Above Reorder Level,Valid,Unique,Valid
700274,504,20687,West Richardhaven Distribution Center,China,363066,Exclusive dedicated forecast,Office Supplies,405.22,N,9410,343,11-08-2026,Above Reorder Level,Valid,Unique,Valid
700275,504,20610,West Richardhaven Distribution Center,China,363066,Grass-roots intangible monitoring,Industrial Equipment,2056.78,Y,2756,197,14-10-2025,Above Reorder Level,Valid,Unique,Valid
700276,504,20998,West Richardhaven Distribution Center,China,363066,Advanced analyzing flexibility,Toys,124.74,N,2680,167,01-04-2026,Above Reorder Level,Valid,Unique,Valid
700277,504,20287,West Richardhaven Distribution Center,China,363066,Fully-configurable multi-state interface,Sporting Goods,1746.21,Y,6162,267,02-06-2026,Above Reorder Level,Valid,Unique,Valid
700278,504,21486,West Richardhaven Distribution Center,China,363066,User-friendly next generation portal,Pharmaceuticals,950.87,N,4041,374,11-12-2025,Above Reorder Level,Valid,Unique,Valid
700279,504,21281,West Richardhaven Distribution Center,China,363066,Upgradable multimedia contingency,Automotive Parts,1086.5,N,4660,109,04-11-2025,Above Reorder Level,Valid,Unique,Valid
700280,504,21157,West Richardhaven Distribution Center,China,363066,Ergonomic client-server framework,Industrial Equipment,1563.93,N,6115,,06-04-2026,Cannot Determine,Valid,Unique,Valid
700281,504,21167,West Richardhaven Distribution Center,China,363066,Public-key demand-driven archive,Groceries,1869.03,N,8496,417,23-04-2026,Above Reorder Level,Valid,Unique,Valid
700282,504,21237,West Richardhaven Distribution Center,China,363066,User-centric responsive open system,Sporting Goods,892.54,Y,1588,408,27-12-2025,Above Reorder Level,Valid,Unique,Valid
700283,504,20244,West Richardhaven Distribution Center,China,363066,Proactive systematic attitude,Furniture,1256.41,Y,1813,266,29-01-2026,Above Reorder Level,Valid,Unique,Valid
700284,504,20096,West Richardhaven Distribution Center,China,363066,Innovative intermediate installation,Toys,5.65,Y,380,239,13-09-2025,Above Reorder Level,Valid,Unique,Valid
700285,504,20950,West Richardhaven Distribution Center,China,363066,Visionary web-enabled success,Apparel,2488.42,N,3323,320,24-11-2025,Above Reorder Level,Valid,Unique,Valid
700286,504,21378,West Richardhaven Distribution Center,China,363066,Up-sized intermediate hub,Groceries,720.94,N,141,120,27-09-2025,Above Reorder Level,Valid,Unique,Valid
700287,504,21411,West Richardhaven Distribution Center,China,363066,Optimized human-resource circuit,Industrial Equipment,2175.66,N,2412,185,28-12-2025,Above Reorder Level,Valid,Unique,Valid
700288,504,20709,West Richardhaven Distribution Center,China,363066,Grass-roots clear-thinking migration,Electronics,850.36,Y,3011,469,15-04-2026,Above Reorder Level,Valid,Unique,Valid
700289,504,21244,West Richardhaven Distribution Center,China,363066,Adaptive grid-enabled success,Office Supplies,495.1,N,1300,153,12-06-2026,Above Reorder Level,Valid,Unique,Valid
700290,504,20796,West Richardhaven Distribution Center,China,363066,Networked demand-driven capacity,Electronics,1973.44,N,3440,431,16-04-2026,Above Reorder Level,Valid,Unique,Valid
700291,504,20180,West Richardhaven Distribution Center,China,363066,Open-architected regional interface,Automotive Parts,1523.29,Y,119,377,22-05-2026,Below Reorder Level,Valid,Unique,Valid
700292,504,20356,West Richardhaven Distribution Center,China,363066,Phased cohesive process improvement,Sporting Goods,,N,147,430,12-08-2026,Below Reorder Level,Valid,Unique,Valid
700293,504,21163,West Richardhaven Distribution Center,China,363066,Fundamental homogeneous projection,Automotive Parts,1109.61,Y,6657,,12-10-2025,Cannot Determine,Valid,Unique,Valid
700294,504,21142,West Richardhaven Distribution Center,China,363066,De-engineered object-oriented database,Sporting Goods,,Y,1719,162,10-01-2026,Above Reorder Level,Valid,Unique,Valid
700295,504,20232,West Richardhaven Distribution Center,China,363066,Proactive 6thgeneration intranet,Toys,1432.65,N,523,319,15-06-2026,Above Reorder Level,Valid,Unique,Valid
700296,504,20683,West Richardhaven Distribution Center,China,363066,Realigned bifurcated circuit,Apparel,1018.05,Y,2843,473,10-09-2025,Above Reorder Level,Valid,Unique,Valid
700297,504,20575,West Richardhaven Distribution Center,China,363066,Multi-tiered radical help-desk,Furniture,481.41,N,5657,298,31-10-2025,Above Reorder Level,Valid,Unique,Valid
700298,504,21396,West Richardhaven Distribution Center,China,363066,Configurable encompassing circuit,Automotive Parts,1759.6,Y,936,112,05-09-2025,Above Reorder Level,Valid,Unique,Valid
700299,504,20601,West Richardhaven Distribution Center,China,363066,Seamless eco-centric software,Pharmaceuticals,1178.39,Y,3754,60,08-08-2026,Above Reorder Level,Valid,Unique,Valid
700300,504,21388,West Richardhaven Distribution Center,China,363066,Fully-configurable logistical project,Office Supplies,2251.09,N,,338,11-03-2026,Cannot Determine,Valid,Unique,Valid
700301,505,21328,Woodston Distribution Center,Brazil,559275,Ergonomic intangible neural-net,Furniture,41.79,Y,279,303,20-09-2025,Below Reorder Level,Valid,Unique,Valid
700302,505,20090,Woodston Distribution Center,Brazil,559275,Public-key reciprocal throughput,Electronics,449.04,N,3985,264,05-02-2026,Above Reorder Level,Valid,Unique,Valid
700303,505,21309,Woodston Distribution Center,Brazil,559275,Multi-lateral full-range framework,Toys,1966.21,Y,4090,208,01-09-2025,Above Reorder Level,Valid,Unique,Valid
700304,505,20950,Woodston Distribution Center,Brazil,559275,Visionary web-enabled success,Apparel,2488.42,N,5334,221,09-04-2026,Above Reorder Level,Valid,Unique,Valid
700305,505,20486,Woodston Distribution Center,Brazil,559275,De-engineered well-modulated challenge,Toys,1212.05,Y,6808,138,09-08-2026,Above Reorder Level,Valid,Unique,Valid
700306,505,20492,Woodston Distribution Center,Brazil,559275,Open-source human-resource emulation,Office Supplies,2478.2,Y,,270,17-02-2026,Cannot Determine,Valid,Unique,Valid
700307,505,21126,Woodston Distribution Center,Brazil,559275,Cross-platform optimizing contingency,Automotive Parts,2046.1,N,3819,296,04-09-2025,Above Reorder Level,Valid,Unique,Valid
700308,505,20146,Woodston Distribution Center,Brazil,559275,Front-line exuding database,Pharmaceuticals,98.88,N,2051,215,15-08-2026,Above Reorder Level,Valid,Unique,Valid
700309,505,20728,Woodston Distribution Center,Brazil,559275,Configurable client-driven system engine,Furniture,1131.3,N,8337,214,26-05-2026,Above Reorder Level,Valid,Unique,Valid
700310,505,21270,Woodston Distribution Center,Brazil,559275,Up-sized user-facing info-mediaries,Pharmaceuticals,1620.3,Y,1661,206,14-10-2025,Above Reorder Level,Valid,Unique,Valid
700311,505,20535,Woodston Distribution Center,Brazil,559275,Ameliorated encompassing neural-net,Sporting Goods,2308.68,N,3039,421,19-11-2025,Above Reorder Level,Valid,Unique,Valid
700312,505,21229,Woodston Distribution Center,Brazil,559275,Multi-lateral client-driven migration,Automotive Parts,1881.75,N,430,124,08-09-2025,Above Reorder Level,Valid,Unique,Valid
700313,505,21099,Woodston Distribution Center,Brazil,559275,Digitized demand-driven data-warehouse,Industrial Equipment,2239.21,Y,135,105,09-02-2026,Above Reorder Level,Valid,Unique,Valid
700314,505,21094,Woodston Distribution Center,Brazil,559275,Versatile optimal workforce,Toys,418.59,Y,17284,460,16-04-2026,Above Reorder Level,Valid,Unique,Valid
700315,505,20456,Woodston Distribution Center,Brazil,559275,Compatible holistic service-desk,Pharmaceuticals,1731.17,N,9504,478,02-01-2026,Above Reorder Level,Valid,Unique,Valid
700316,505,20271,Woodston Distribution Center,Brazil,559275,Cross-platform holistic migration,Groceries,2364.4,N,6260,160,25-04-2026,Above Reorder Level,Valid,Unique,Valid
700317,505,20797,Woodston Distribution Center,Brazil,559275,Expanded fault-tolerant Internet solution,Pharmaceuticals,1184.13,N,2765,120,07-03-2026,Above Reorder Level,Valid,Unique,Valid
700318,505,20167,Woodston Distribution Center,Brazil,559275,De-engineered radical software,Toys,1325.54,N,1001,352,12-06-2026,Above Reorder Level,Valid,Unique,Valid
700319,505,20116,Woodston Distribution Center,Brazil,559275,Object-based uniform challenge,Groceries,2338.14,Y,894,365,27-12-2025,Above Reorder Level,Valid,Unique,Valid
700320,505,21361,Woodston Distribution Center,Brazil,559275,Inverse attitude-oriented strategy,Electronics,1319.82,Y,1514,347,07-05-2026,Above Reorder Level,Valid,Unique,Valid
700321,505,20519,Woodston Distribution Center,Brazil,559275,Cross-group coherent function,Pharmaceuticals,,Y,4189,80,01-01-2026,Above Reorder Level,Valid,Unique,Valid
700322,505,20922,Woodston Distribution Center,Brazil,559275,Robust dynamic framework,Groceries,,Y,6592,59,28-08-2026,Above Reorder Level,Valid,Unique,Valid
700323,505,21161,Woodston Distribution Center,Brazil,559275,Upgradable regional interface,Groceries,2244.55,N,5675,141,03-04-2026,Above Reorder Level,Valid,Unique,Valid
700324,505,20970,Woodston Distribution Center,Brazil,559275,Public-key stable implementation,Apparel,1204.97,N,1727,343,29-03-2026,Above Reorder Level,Valid,Unique,Valid
700325,505,20969,Woodston Distribution Center,Brazil,559275,Team-oriented exuding middleware,Electronics,2246.63,N,16288,264,05-10-2025,Above Reorder Level,Valid,Unique,Valid
700326,505,20351,Woodston Distribution Center,Brazil,559275,Mandatory real-time structure,Industrial Equipment,989.51,Y,7040,234,31-12-2025,Above Reorder Level,Valid,Unique,Valid
700327,505,20069,Woodston Distribution Center,Brazil,559275,Proactive scalable toolset,Groceries,2489.24,Y,4249,374,17-12-2025,Above Reorder Level,Valid,Unique,Valid
700328,505,20881,Woodston Distribution Center,Brazil,559275,Inverse responsive standardization,Automotive Parts,2131.48,N,4974,353,30-06-2026,Above Reorder Level,Valid,Unique,Valid
700329,505,20609,Woodston Distribution Center,Brazil,559275,Up-sized directional application,Groceries,2114.9,N,2860,313,07-02-2026,Above Reorder Level,Valid,Unique,Valid
700330,505,20081,Woodston Distribution Center,Brazil,559275,Switchable needs-based functionalities,Office Supplies,1267.51,Y,1497,26,26-07-2026,Above Reorder Level,Valid,Unique,Valid
700331,505,20296,Woodston Distribution Center,Brazil,559275,Customizable user-facing protocol,Automotive Parts,2448.47,Y,2313,425,21-01-2026,Above Reorder Level,Valid,Unique,Valid
700332,505,20287,Woodston Distribution Center,Brazil,559275,Fully-configurable multi-state interface,Sporting Goods,1746.21,Y,7456,65,15-04-2026,Above Reorder Level,Valid,Unique,Valid
700333,505,20376,Woodston Distribution Center,Brazil,559275,Business-focused leadingedge website,Electronics,1143.34,Y,76,382,05-05-2026,Below Reorder Level,Valid,Unique,Valid
700334,505,21210,Woodston Distribution Center,Brazil,559275,Cross-group scalable artificial intelligence,Electronics,1686.9,N,649,121,16-10-2025,Above Reorder Level,Valid,Unique,Valid
700335,505,20569,Woodston Distribution Center,Brazil,559275,Total tertiary matrix,Automotive Parts,1629.54,N,248,425,04-11-2025,Below Reorder Level,Valid,Unique,Valid
700336,505,20105,Woodston Distribution Center,Brazil,559275,Realigned intermediate interface,Groceries,1156.18,Y,219,251,04-02-2026,Below Reorder Level,Valid,Unique,Valid
700337,505,21004,Woodston Distribution Center,Brazil,559275,Pre-emptive methodical system engine,Sporting Goods,2405.68,Y,10169,33,02-01-2026,Above Reorder Level,Valid,Unique,Valid
700338,505,20289,Woodston Distribution Center,Brazil,559275,Reactive asynchronous analyzer,Toys,461.42,N,6394,37,16-03-2026,Above Reorder Level,Valid,Unique,Valid
700339,505,20480,Woodston Distribution Center,Brazil,559275,Adaptive bottom-line neural-net,Sporting Goods,1269.84,,3379,232,15-10-2025,Above Reorder Level,Valid,Unique,Valid
700340,505,20465,Woodston Distribution Center,Brazil,559275,De-engineered tertiary migration,Toys,748.58,N,541,100,07-06-2026,Above Reorder Level,Valid,Unique,Valid
700341,505,20661,Woodston Distribution Center,Brazil,559275,Multi-layered 24/7 model,Pharmaceuticals,1456.76,Y,3557,146,19-10-2025,Above Reorder Level,Valid,Unique,Valid
700342,505,21145,Woodston Distribution Center,Brazil,559275,Automated attitude-oriented capability,Automotive Parts,1462,Y,3372,170,21-12-2025,Above Reorder Level,Valid,Unique,Valid
700343,505,20354,Woodston Distribution Center,Brazil,559275,Networked intangible service-desk,Furniture,1102.28,Y,1000,265,20-08-2026,Above Reorder Level,Valid,Unique,Valid
700344,505,20177,Woodston Distribution Center,Brazil,559275,Self-enabling discrete array,Electronics,1634.61,Y,,369,21-11-2025,Cannot Determine,Valid,Unique,Valid
700345,505,20484,Woodston Distribution Center,Brazil,559275,Mandatory zero tolerance implementation,Pharmaceuticals,1482.58,Y,2673,410,21-03-2026,Above Reorder Level,Valid,Unique,Valid
700346,505,20577,Woodston Distribution Center,Brazil,559275,Total 24/7 capability,Sporting Goods,2409.54,N,5030,132,07-06-2026,Above Reorder Level,Valid,Unique,Valid
700347,505,20610,Woodston Distribution Center,Brazil,559275,Grass-roots intangible monitoring,Industrial Equipment,2056.78,Y,5300,405,27-12-2025,Above Reorder Level,Valid,Unique,Valid
700348,505,21321,Woodston Distribution Center,Brazil,559275,Reverse-engineered solution-oriented core,Toys,2033.28,Y,244,475,16-09-2025,Below Reorder Level,Valid,Unique,Valid
700349,505,21076,Woodston Distribution Center,Brazil,559275,Grass-roots tertiary orchestration,Pharmaceuticals,768.62,Y,2468,229,15-08-2026,Above Reorder Level,Valid,Unique,Valid
700350,505,20721,Woodston Distribution Center,Brazil,559275,Open-architected scalable utilization,Apparel,948.55,N,5169,127,03-12-2025,Above Reorder Level,Valid,Unique,Valid
700351,505,20207,Woodston Distribution Center,Brazil,559275,Synchronized radical strategy,Groceries,2453.38,Y,3677,296,24-01-2026,Above Reorder Level,Valid,Unique,Valid
700352,505,20636,Woodston Distribution Center,Brazil,559275,Business-focused explicit implementation,Industrial Equipment,294.12,Y,10207,210,08-10-2025,Above Reorder Level,Valid,Unique,Valid
700353,505,20748,Woodston Distribution Center,Brazil,559275,Ergonomic tertiary portal,Groceries,505.85,N,5652,58,17-07-2026,Above Reorder Level,Valid,Unique,Valid
700354,505,21050,Woodston Distribution Center,Brazil,559275,Multi-tiered transitional synergy,Electronics,1247.78,N,935,220,04-12-2025,Above Reorder Level,Valid,Unique,Valid
700355,505,21389,Woodston Distribution Center,Brazil,559275,Open-architected bandwidth-monitored success,Office Supplies,1176.64,N,385,323,09-11-2025,Above Reorder Level,Valid,Unique,Valid
700356,505,21255,Woodston Distribution Center,Brazil,559275,Future-proofed bi-directional intranet,Pharmaceuticals,2421.76,Y,5407,321,17-12-2025,Above Reorder Level,Valid,Unique,Valid
700357,505,20001,Woodston Distribution Center,Brazil,559275,Exclusive radical initiative,Apparel,509.94,Y,141,58,15-07-2026,Above Reorder Level,Valid,Unique,Valid
700358,505,20277,Woodston Distribution Center,Brazil,559275,Optional responsive interface,Industrial Equipment,2033.24,Y,4634,185,11-07-2026,Above Reorder Level,Valid,Unique,Valid
700359,505,20806,Woodston Distribution Center,Brazil,559275,Re-contextualized mobile knowledgebase,Electronics,1088.36,Y,,119,27-07-2026,Cannot Determine,Valid,Unique,Valid
700360,505,21134,Woodston Distribution Center,Brazil,559275,Progressive mobile architecture,Automotive Parts,631.56,N,4505,467,09-10-2025,Above Reorder Level,Valid,Unique,Valid
700361,505,20249,Woodston Distribution Center,Brazil,559275,Assimilated attitude-oriented knowledgebase,Pharmaceuticals,1634.88,Y,2583,253,13-06-2026,Above Reorder Level,Valid,Unique,Valid
700362,505,20601,Woodston Distribution Center,Brazil,559275,Seamless eco-centric software,Pharmaceuticals,1178.39,Y,5420,265,03-08-2026,Above Reorder Level,Valid,Unique,Valid
700363,505,21069,Woodston Distribution Center,Brazil,559275,Intuitive client-server frame,Toys,2136.73,N,3223,141,19-05-2026,Above Reorder Level,Valid,Unique,Valid
700364,505,20189,Woodston Distribution Center,Brazil,559275,Proactive homogeneous capacity,Groceries,2156.71,Y,4147,413,21-07-2026,Above Reorder Level,Valid,Unique,Valid
700365,505,21088,Woodston Distribution Center,Brazil,559275,Phased grid-enabled system engine,Industrial Equipment,1995.92,N,14922,418,11-02-2026,Above Reorder Level,Valid,Unique,Valid
700366,505,20412,Woodston Distribution Center,Brazil,559275,Operative impactful software,Pharmaceuticals,877.09,Y,2565,377,20-08-2026,Above Reorder Level,Valid,Unique,Valid
700367,505,21140,Woodston Distribution Center,Brazil,559275,Adaptive next generation knowledge user,Pharmaceuticals,807.32,N,17082,278,08-02-2026,Above Reorder Level,Valid,Unique,Valid
700368,505,21298,Woodston Distribution Center,Brazil,559275,Centralized multimedia interface,Groceries,2491.72,Y,12395,247,24-07-2026,Above Reorder Level,Valid,Unique,Valid
700369,505,21489,Woodston Distribution Center,Brazil,559275,Stand-alone impactful implementation,Office Supplies,1464.98,Y,1146,306,23-03-2026,Above Reorder Level,Valid,Unique,Valid
700370,505,20815,Woodston Distribution Center,Brazil,559275,Switchable contextually-based standardization,Toys,1238.57,Y,,176,17-07-2026,Cannot Determine,Valid,Unique,Valid
700371,505,20503,Woodston Distribution Center,Brazil,559275,Re-contextualized multi-state core,Apparel,2000.16,Y,558,142,31-01-2026,Above Reorder Level,Valid,Unique,Valid
700372,505,21222,Woodston Distribution Center,Brazil,559275,Optimized tangible monitoring,Industrial Equipment,614.13,Y,97,80,05-03-2026,Above Reorder Level,Valid,Unique,Valid
700373,505,20889,Woodston Distribution Center,Brazil,559275,Sharable user-facing emulation,Sporting Goods,473.77,Y,522,455,02-07-2026,Above Reorder Level,Valid,Unique,Valid
700374,505,20150,Woodston Distribution Center,Brazil,559275,Configurable zero-defect matrix,Office Supplies,779.19,Y,6040,401,08-08-2026,Above Reorder Level,Valid,Unique,Valid
700375,505,20076,Woodston Distribution Center,Brazil,559275,Future-proofed asymmetric open system,Pharmaceuticals,2408.2,N,388,165,25-07-2026,Above Reorder Level,Valid,Unique,Valid
700376,506,20160,Lake Jesseborough Distribution Center,Mexico,345917,Self-enabling leadingedge utilization,Office Supplies,472.52,N,927,144,12-08-2026,Above Reorder Level,Valid,Unique,Valid
700377,506,20155,Lake Jesseborough Distribution Center,Mexico,345917,Multi-channeled intangible portal,Automotive Parts,1694.88,Y,4498,177,14-03-2026,Above Reorder Level,Valid,Unique,Valid
700378,506,20187,Lake Jesseborough Distribution Center,Mexico,345917,Universal demand-driven core,Groceries,2000.15,Y,57,380,10-02-2026,Below Reorder Level,Valid,Unique,Valid
700379,506,21335,Lake Jesseborough Distribution Center,Mexico,345917,Right-sized even-keeled standardization,Automotive Parts,2008.96,N,4066,179,15-04-2026,Above Reorder Level,Valid,Unique,Valid
700380,506,21225,Lake Jesseborough Distribution Center,Mexico,345917,Synergized real-time analyzer,Sporting Goods,1787.48,Y,799,70,16-08-2026,Above Reorder Level,Valid,Unique,Valid
700381,506,20443,Lake Jesseborough Distribution Center,Mexico,345917,Synchronized national policy,Industrial Equipment,1854.09,Y,303,487,01-10-2025,Below Reorder Level,Valid,Unique,Valid
700382,506,21340,Lake Jesseborough Distribution Center,Mexico,345917,Public-key multimedia archive,Groceries,1192.61,N,2880,347,22-01-2026,Above Reorder Level,Valid,Unique,Valid
700383,506,20404,Lake Jesseborough Distribution Center,Mexico,345917,Programmable asymmetric artificial intelligence,Apparel,680.2,Y,2393,82,23-06-2026,Above Reorder Level,Valid,Unique,Valid
700384,506,20574,Lake Jesseborough Distribution Center,Mexico,345917,Synergistic bottom-line help-desk,Automotive Parts,668.8,Y,5067,139,06-02-2026,Above Reorder Level,Valid,Unique,Valid
700385,506,20895,Lake Jesseborough Distribution Center,Mexico,345917,Secured attitude-oriented approach,Electronics,309.44,Y,3206,61,22-04-2026,Above Reorder Level,Valid,Unique,Valid
700386,506,20552,Lake Jesseborough Distribution Center,Mexico,345917,Horizontal 6thgeneration complexity,Toys,1667.36,Y,3927,444,24-08-2026,Above Reorder Level,Valid,Unique,Valid
700387,506,21042,Lake Jesseborough Distribution Center,Mexico,345917,Grass-roots directional success,Furniture,2453.36,N,800,485,15-12-2025,Above Reorder Level,Valid,Unique,Valid
700388,506,20375,Lake Jesseborough Distribution Center,Mexico,345917,Synchronized bi-directional strategy,Industrial Equipment,1529.54,Y,,58,03-10-2025,Cannot Determine,Valid,Unique,Valid
700389,506,21194,Lake Jesseborough Distribution Center,Mexico,345917,Open-architected mission-critical parallelism,Industrial Equipment,1288.21,Y,3352,469,10-02-2026,Above Reorder Level,Valid,Unique,Valid
700390,506,20820,Lake Jesseborough Distribution Center,Mexico,345917,Cloned tangible success,Sporting Goods,345.63,Y,3968,169,25-11-2025,Above Reorder Level,Valid,Unique,Valid
700391,506,20051,Lake Jesseborough Distribution Center,Mexico,345917,Switchable dynamic encryption,Industrial Equipment,2296.87,Y,11240,190,30-03-2026,Above Reorder Level,Valid,Unique,Valid
700392,506,20849,Lake Jesseborough Distribution Center,Mexico,345917,Public-key didactic intranet,Office Supplies,1245.52,Y,1284,289,15-03-2026,Above Reorder Level,Valid,Unique,Valid
700393,506,20545,Lake Jesseborough Distribution Center,Mexico,345917,Organized 6thgeneration ability,Office Supplies,1165.82,Y,1123,41,23-07-2026,Above Reorder Level,Valid,Unique,Valid
700394,506,20433,Lake Jesseborough Distribution Center,Mexico,345917,Innovative uniform interface,Toys,344.78,Y,3615,478,18-11-2025,Above Reorder Level,Valid,Unique,Valid
700395,506,20011,Lake Jesseborough Distribution Center,Mexico,345917,Decentralized eco-centric matrix,Apparel,86.49,Y,1006,455,20-02-2026,Above Reorder Level,Valid,Unique,Valid
700396,506,21401,Lake Jesseborough Distribution Center,Mexico,345917,Polarized well-modulated open system,Industrial Equipment,444.73,Y,6444,53,26-09-2025,Above Reorder Level,Valid,Unique,Valid
700397,506,20755,Lake Jesseborough Distribution Center,Mexico,345917,Phased solution-oriented migration,Toys,860.46,N,4718,389,28-10-2025,Above Reorder Level,Valid,Unique,Valid
700398,506,20274,Lake Jesseborough Distribution Center,Mexico,345917,Re-contextualized radical interface,Apparel,1295.32,N,1352,188,29-03-2026,Above Reorder Level,Valid,Unique,Valid
700399,506,20248,Lake Jesseborough Distribution Center,Mexico,345917,Customer-focused fresh-thinking collaboration,Office Supplies,259.86,Y,3354,275,18-07-2026,Above Reorder Level,Valid,Unique,Valid
700400,506,20502,Lake Jesseborough Distribution Center,Mexico,345917,Re-engineered web-enabled application,Apparel,1254.62,N,3390,78,10-10-2025,Above Reorder Level,Valid,Unique,Valid
700401,506,20684,Lake Jesseborough Distribution Center,Mexico,345917,Implemented leadingedge core,Office Supplies,1955.5,,263,41,29-05-2026,Above Reorder Level,Valid,Unique,Valid
700402,506,21010,Lake Jesseborough Distribution Center,Mexico,345917,Multi-channeled full-range workforce,Furniture,1245.58,Y,5620,341,08-01-2026,Above Reorder Level,Valid,Unique,Valid
700403,506,21468,Lake Jesseborough Distribution Center,Mexico,345917,Phased value-added challenge,Sporting Goods,2380.46,Y,1698,309,03-05-2026,Above Reorder Level,Valid,Unique,Valid
700404,506,20783,Lake Jesseborough Distribution Center,Mexico,345917,Cross-group composite benchmark,Apparel,2212.73,N,4227,100,09-03-2026,Above Reorder Level,Valid,Unique,Valid
700405,506,20137,Lake Jesseborough Distribution Center,Mexico,345917,Automated user-facing protocol,Pharmaceuticals,216.1,Y,931,332,23-10-2025,Above Reorder Level,Valid,Unique,Valid
700406,506,21219,Lake Jesseborough Distribution Center,Mexico,345917,Total bottom-line initiative,Apparel,1564.49,N,5452,278,24-07-2026,Above Reorder Level,Valid,Unique,Valid
700407,506,20816,Lake Jesseborough Distribution Center,Mexico,345917,Re-contextualized bandwidth-monitored infrastructure,Groceries,2308.05,Y,1190,55,25-08-2026,Above Reorder Level,Valid,Unique,Valid
700408,506,20918,Lake Jesseborough Distribution Center,Mexico,345917,Profit-focused attitude-oriented interface,Furniture,267.95,Y,26,309,27-08-2026,Below Reorder Level,Valid,Unique,Valid
700409,506,21221,Lake Jesseborough Distribution Center,Mexico,345917,User-friendly 24hour structure,Furniture,2342.98,N,5691,116,07-02-2026,Above Reorder Level,Valid,Unique,Valid
700410,506,21492,Lake Jesseborough Distribution Center,Mexico,345917,Ergonomic encompassing benchmark,Apparel,1785.14,Y,231,154,05-09-2025,Above Reorder Level,Valid,Unique,Valid
700411,506,21159,Lake Jesseborough Distribution Center,Mexico,345917,Reactive didactic parallelism,Groceries,2177.54,Y,928,419,08-02-2026,Above Reorder Level,Valid,Unique,Valid
700412,506,20476,Lake Jesseborough Distribution Center,Mexico,345917,Digitized client-server toolset,Apparel,,N,7233,140,16-12-2025,Above Reorder Level,Valid,Unique,Valid
700413,506,21309,Lake Jesseborough Distribution Center,Mexico,345917,Multi-lateral full-range framework,Toys,1966.21,Y,7260,122,23-02-2026,Above Reorder Level,Valid,Unique,Valid
700414,506,21294,Lake Jesseborough Distribution Center,Mexico,345917,Business-focused homogeneous installation,Groceries,1056.21,N,2056,298,03-04-2026,Above Reorder Level,Valid,Unique,Valid
700415,506,20818,Lake Jesseborough Distribution Center,Mexico,345917,Diverse even-keeled product,Automotive Parts,1817.43,Y,2412,477,20-01-2026,Above Reorder Level,Valid,Unique,Valid
700416,506,20196,Lake Jesseborough Distribution Center,Mexico,345917,Organized dynamic hub,Apparel,1373.65,Y,1436,13,24-09-2025,Above Reorder Level,Valid,Unique,Valid
700417,506,20921,Lake Jesseborough Distribution Center,Mexico,345917,Fully-configurable interactive conglomeration,Groceries,1814.77,Y,838,35,05-03-2026,Above Reorder Level,Valid,Unique,Valid
700418,506,20184,Lake Jesseborough Distribution Center,Mexico,345917,Universal multi-tasking Internet solution,Pharmaceuticals,2130.92,,962,360,02-10-2026,Above Reorder Level,Future Restock Date,Unique,Valid
700419,506,21210,Lake Jesseborough Distribution Center,Mexico,345917,Cross-group scalable artificial intelligence,Electronics,1686.9,N,2694,399,22-01-2026,Above Reorder Level,Valid,Unique,Valid
700420,506,20776,Lake Jesseborough Distribution Center,Mexico,345917,Managed non-volatile product,Furniture,2078.39,Y,3369,499,31-03-2026,Above Reorder Level,Valid,Unique,Valid
700421,506,20639,Lake Jesseborough Distribution Center,Mexico,345917,Right-sized zero tolerance protocol,Automotive Parts,1555.36,N,3785,252,26-08-2026,Above Reorder Level,Valid,Unique,Valid
700422,506,21253,Lake Jesseborough Distribution Center,Mexico,345917,Innovative high-level interface,Automotive Parts,573.35,Y,,108,26-07-2026,Cannot Determine,Valid,Unique,Valid
700423,506,20791,Lake Jesseborough Distribution Center,Mexico,345917,Multi-layered multi-state access,Toys,1934.81,Y,,42,27-07-2026,Cannot Determine,Valid,Unique,Valid
700424,506,21104,Lake Jesseborough Distribution Center,Mexico,345917,Multi-tiered interactive service-desk,Groceries,1666.75,Y,1646,265,21-10-2025,Above Reorder Level,Valid,Unique,Valid
700425,506,21308,Lake Jesseborough Distribution Center,Mexico,345917,Enterprise-wide eco-centric matrix,Groceries,1888.41,Y,143,463,18-09-2025,Below Reorder Level,Valid,Unique,Valid
700426,506,20063,Lake Jesseborough Distribution Center,Mexico,345917,Cross-platform mobile attitude,Pharmaceuticals,625.69,N,1925,485,21-08-2026,Above Reorder Level,Valid,Unique,Valid
700427,506,21384,Lake Jesseborough Distribution Center,Mexico,345917,Ameliorated fault-tolerant complexity,Groceries,2497.85,N,1406,493,11-06-2026,Above Reorder Level,Valid,Unique,Valid
700428,506,21174,Lake Jesseborough Distribution Center,Mexico,345917,Optional homogeneous algorithm,Electronics,2173.58,Y,5277,,17-08-2026,Cannot Determine,Valid,Unique,Valid
700429,506,21250,Lake Jesseborough Distribution Center,Mexico,345917,Adaptive coherent throughput,Furniture,1947.42,Y,1043,430,02-05-2026,Above Reorder Level,Valid,Unique,Valid
700430,506,20206,Lake Jesseborough Distribution Center,Mexico,345917,Phased heuristic portal,Office Supplies,2152.05,N,300,29,13-08-2026,Above Reorder Level,Valid,Unique,Valid
700431,506,21032,Lake Jesseborough Distribution Center,Mexico,345917,De-engineered modular utilization,Electronics,1082.02,N,372,265,28-10-2025,Above Reorder Level,Valid,Unique,Valid
700432,506,21222,Lake Jesseborough Distribution Center,Mexico,345917,Optimized tangible monitoring,Industrial Equipment,614.13,Y,3460,265,14-08-2026,Above Reorder Level,Valid,Unique,Valid
700433,506,20532,Lake Jesseborough Distribution Center,Mexico,345917,Persistent neutral installation,Pharmaceuticals,1336.98,N,2324,150,18-08-2026,Above Reorder Level,Valid,Unique,Valid
700434,506,20497,Lake Jesseborough Distribution Center,Mexico,345917,Assimilated object-oriented product,Furniture,1438.92,Y,257,377,11-06-2026,Below Reorder Level,Valid,Unique,Valid
700435,506,20259,Lake Jesseborough Distribution Center,Mexico,345917,Compatible neutral portal,Industrial Equipment,1190.72,Y,212,95,13-10-2025,Above Reorder Level,Valid,Unique,Valid
700436,506,21208,Lake Jesseborough Distribution Center,Mexico,345917,Sharable background function,Groceries,528.17,Y,2914,53,11-01-2026,Above Reorder Level,Valid,Unique,Valid
700437,506,20388,Lake Jesseborough Distribution Center,Mexico,345917,Decentralized dedicated intranet,Electronics,463.73,N,182,295,23-07-2026,Below Reorder Level,Valid,Unique,Valid
700438,506,21231,Lake Jesseborough Distribution Center,Mexico,345917,Proactive homogeneous concept,Automotive Parts,908.09,N,4164,84,28-08-2026,Above Reorder Level,Valid,Unique,Valid
700439,506,20085,Lake Jesseborough Distribution Center,Mexico,345917,Reactive contextually-based adapter,Groceries,1754.35,N,2957,495,27-08-2026,Above Reorder Level,Valid,Unique,Valid
700440,506,20807,Lake Jesseborough Distribution Center,Mexico,345917,Persistent object-oriented analyzer,Apparel,1665.5,N,205,234,26-10-2025,Below Reorder Level,Valid,Unique,Valid
700441,506,21059,Lake Jesseborough Distribution Center,Mexico,345917,Multi-layered clear-thinking functionalities,Industrial Equipment,1096.01,Y,,120,30-11-2025,Cannot Determine,Valid,Unique,Valid
700442,506,21040,Lake Jesseborough Distribution Center,Mexico,345917,Universal 4thgeneration complexity,Industrial Equipment,1745.03,Y,10415,123,09-09-2025,Above Reorder Level,Valid,Unique,Valid
700443,506,20837,Lake Jesseborough Distribution Center,Mexico,345917,Cloned attitude-oriented neural-net,Automotive Parts,511,Y,1132,327,12-06-2026,Above Reorder Level,Valid,Unique,Valid
700444,506,20871,Lake Jesseborough Distribution Center,Mexico,345917,Open-architected solution-oriented functionalities,Industrial Equipment,701.84,N,1118,350,14-02-2026,Above Reorder Level,Valid,Unique,Valid
700445,506,20456,Lake Jesseborough Distribution Center,Mexico,345917,Compatible holistic service-desk,Pharmaceuticals,1731.17,N,4044,16,04-03-2026,Above Reorder Level,Valid,Unique,Valid
700446,506,20007,Lake Jesseborough Distribution Center,Mexico,345917,Multi-channeled methodical secured line,Groceries,,N,7101,266,29-03-2026,Above Reorder Level,Valid,Unique,Valid
700447,506,20045,Lake Jesseborough Distribution Center,Mexico,345917,Balanced clear-thinking hierarchy,Electronics,169.8,Y,10303,166,15-06-2026,Above Reorder Level,Valid,Unique,Valid
700448,506,20853,Lake Jesseborough Distribution Center,Mexico,345917,Networked system-worthy function,Automotive Parts,749.35,N,3379,394,12-10-2025,Above Reorder Level,Valid,Unique,Valid
700449,506,20374,Lake Jesseborough Distribution Center,Mexico,345917,Team-oriented multimedia portal,Furniture,2167.2,N,1139,212,24-11-2025,Above Reorder Level,Valid,Unique,Valid
700450,506,21147,Lake Jesseborough Distribution Center,Mexico,345917,Quality-focused composite interface,Toys,1469.12,N,210,266,16-05-2026,Below Reorder Level,Valid,Unique,Valid
700451,507,20257,New Zachary Distribution Center,Germany,216755,Business-focused secondary forecast,Pharmaceuticals,662.77,Y,2342,348,05-11-2025,Above Reorder Level,Valid,Unique,Valid
700452,507,21354,New Zachary Distribution Center,Germany,216755,Front-line explicit analyzer,Groceries,271.22,N,1275,326,10-06-2026,Above Reorder Level,Valid,Unique,Valid
700453,507,20928,New Zachary Distribution Center,Germany,216755,Profit-focused reciprocal support,Automotive Parts,785.67,N,,16,17-01-2026,Cannot Determine,Valid,Unique,Valid
700454,507,20775,New Zachary Distribution Center,Germany,216755,Automated client-driven collaboration,Electronics,2384.25,Y,3695,494,02-09-2025,Above Reorder Level,Valid,Unique,Valid
700455,507,20797,New Zachary Distribution Center,Germany,216755,Expanded fault-tolerant Internet solution,Pharmaceuticals,1184.13,N,184,245,16-03-2026,Below Reorder Level,Valid,Unique,Valid
700456,507,21412,New Zachary Distribution Center,Germany,216755,Multi-channeled solution-oriented forecast,Electronics,1532.19,Y,1059,184,22-05-2026,Above Reorder Level,Valid,Unique,Valid
700457,507,20790,New Zachary Distribution Center,Germany,216755,Cloned logistical approach,Toys,2325.18,Y,18,413,31-08-2025,Below Reorder Level,Valid,Unique,Valid
700458,507,20318,New Zachary Distribution Center,Germany,216755,Customizable 3rdgeneration standardization,Apparel,1838.84,N,987,127,16-07-2026,Above Reorder Level,Valid,Unique,Valid
700459,507,20035,New Zachary Distribution Center,Germany,216755,Virtual bifurcated open system,Toys,941.39,Y,90,463,01-08-2026,Below Reorder Level,Valid,Unique,Valid
700460,507,20293,New Zachary Distribution Center,Germany,216755,Re-contextualized eco-centric help-desk,Industrial Equipment,628.93,N,197,197,23-06-2026,At Reorder Level,Valid,Unique,Valid
700461,507,21077,New Zachary Distribution Center,Germany,216755,Polarized responsive data-warehouse,Pharmaceuticals,94.44,Y,195,59,16-11-2025,Above Reorder Level,Valid,Unique,Valid
700462,507,21037,New Zachary Distribution Center,Germany,216755,Fully-configurable didactic concept,Office Supplies,528.53,N,1634,248,27-04-2026,Above Reorder Level,Valid,Unique,Valid
700463,507,21017,New Zachary Distribution Center,Germany,216755,Synergized stable leverage,Pharmaceuticals,630.08,Y,2138,210,16-09-2025,Above Reorder Level,Valid,Unique,Valid
700464,507,20433,New Zachary Distribution Center,Germany,216755,Innovative uniform interface,Toys,344.78,Y,1366,456,15-08-2026,Above Reorder Level,Valid,Unique,Valid
700465,507,20181,New Zachary Distribution Center,Germany,216755,Right-sized empowering collaboration,Furniture,1371.25,Y,5109,131,11-09-2025,Above Reorder Level,Valid,Unique,Valid
700466,507,21190,New Zachary Distribution Center,Germany,216755,Down-sized foreground system engine,Groceries,403.89,N,733,486,27-07-2026,Above Reorder Level,Valid,Unique,Valid
700467,507,20765,New Zachary Distribution Center,Germany,216755,Organized next generation algorithm,Furniture,31.93,N,525,240,07-12-2025,Above Reorder Level,Valid,Unique,Valid
700468,507,21132,New Zachary Distribution Center,Germany,216755,Total 3rdgeneration infrastructure,Apparel,361.14,Y,3166,102,27-06-2026,Above Reorder Level,Valid,Unique,Valid
700469,507,20090,New Zachary Distribution Center,Germany,216755,Public-key reciprocal throughput,Electronics,449.04,N,395,14,23-08-2026,Above Reorder Level,Valid,Unique,Valid
700470,507,20691,New Zachary Distribution Center,Germany,216755,Exclusive 3rdgeneration conglomeration,Sporting Goods,1390.37,Y,5153,172,27-06-2026,Above Reorder Level,Valid,Unique,Valid
700471,507,20217,New Zachary Distribution Center,Germany,216755,Optional client-server firmware,Pharmaceuticals,385.95,N,19,141,26-01-2026,Below Reorder Level,Valid,Unique,Valid
700472,507,20684,New Zachary Distribution Center,Germany,216755,Implemented leadingedge core,Office Supplies,1955.5,,5464,427,27-04-2026,Above Reorder Level,Valid,Unique,Valid
700473,507,20429,New Zachary Distribution Center,Germany,216755,Programmable global system engine,Pharmaceuticals,1758.98,N,69,82,15-10-2025,Below Reorder Level,Valid,Unique,Valid
700474,507,20144,New Zachary Distribution Center,Germany,216755,Advanced hybrid extranet,Apparel,1407.58,N,3460,256,07-03-2026,Above Reorder Level,Valid,Unique,Valid
700475,507,20515,New Zachary Distribution Center,Germany,216755,Multi-tiered eco-centric array,Electronics,1829.64,Y,1170,73,05-02-2026,Above Reorder Level,Valid,Unique,Valid
700476,507,21169,New Zachary Distribution Center,Germany,216755,Sharable tangible project,Pharmaceuticals,232.85,Y,7733,259,08-08-2026,Above Reorder Level,Valid,Unique,Valid
700477,507,20462,New Zachary Distribution Center,Germany,216755,Upgradable intangible complexity,Electronics,1351.24,Y,120,18,06-12-2025,Above Reorder Level,Valid,Unique,Valid
700478,507,20767,New Zachary Distribution Center,Germany,216755,De-engineered fault-tolerant support,Industrial Equipment,2397.67,Y,1259,56,22-07-2026,Above Reorder Level,Valid,Unique,Valid
700479,507,20273,New Zachary Distribution Center,Germany,216755,Networked methodical flexibility,Groceries,1638.24,N,5435,200,08-04-2026,Above Reorder Level,Valid,Unique,Valid
700480,507,21250,New Zachary Distribution Center,Germany,216755,Adaptive coherent throughput,Furniture,1947.42,Y,1155,166,07-11-2026,Above Reorder Level,Future Restock Date,Unique,Valid
700481,507,20955,New Zachary Distribution Center,Germany,216755,User-centric dynamic encryption,Office Supplies,1976.69,N,1549,,13-07-2026,Cannot Determine,Valid,Unique,Valid
700482,507,20911,New Zachary Distribution Center,Germany,216755,Programmable fresh-thinking contingency,Sporting Goods,1914.01,N,1856,230,20-06-2026,Above Reorder Level,Valid,Unique,Valid
700483,507,20631,New Zachary Distribution Center,Germany,216755,Cloned zero tolerance capacity,Sporting Goods,753.69,N,946,39,25-06-2026,Above Reorder Level,Valid,Unique,Valid
700484,507,21432,New Zachary Distribution Center,Germany,216755,Polarized asymmetric budgetary management,Furniture,1984.96,Y,1541,495,10-09-2025,Above Reorder Level,Valid,Unique,Valid
700485,507,20697,New Zachary Distribution Center,Germany,216755,Multi-layered stable concept,Industrial Equipment,1681.09,Y,1370,374,01-03-2026,Above Reorder Level,Valid,Unique,Valid
700486,507,20542,New Zachary Distribution Center,Germany,216755,Digitized holistic moratorium,Office Supplies,1908.58,Y,3611,209,15-09-2025,Above Reorder Level,Valid,Unique,Valid
700487,507,20676,New Zachary Distribution Center,Germany,216755,Team-oriented discrete Local Area Network,Electronics,2155.21,N,73,370,16-09-2025,Below Reorder Level,Valid,Unique,Valid
700488,507,21484,New Zachary Distribution Center,Germany,216755,Open-architected regional approach,Industrial Equipment,1722.1,N,515,,01-03-2026,Cannot Determine,Valid,Unique,Valid
700489,507,20067,New Zachary Distribution Center,Germany,216755,Down-sized reciprocal framework,Industrial Equipment,845.71,Y,4687,318,09-08-2026,Above Reorder Level,Valid,Unique,Valid
700490,507,20008,New Zachary Distribution Center,Germany,216755,Robust impactful matrix,Furniture,492.09,N,3447,280,06-10-2025,Above Reorder Level,Valid,Unique,Valid
700491,507,20941,New Zachary Distribution Center,Germany,216755,Advanced motivating superstructure,Industrial Equipment,2281.67,Y,949,328,10-12-2025,Above Reorder Level,Valid,Unique,Valid
700492,507,20523,New Zachary Distribution Center,Germany,216755,Centralized exuding info-mediaries,Office Supplies,1037.46,,1510,225,26-11-2025,Above Reorder Level,Valid,Unique,Valid
700493,507,21088,New Zachary Distribution Center,Germany,216755,Phased grid-enabled system engine,Industrial Equipment,1995.92,N,507,32,16-07-2026,Above Reorder Level,Valid,Unique,Valid
700494,507,20023,New Zachary Distribution Center,Germany,216755,Switchable modular matrix,Furniture,246.02,N,325,468,11-09-2025,Below Reorder Level,Valid,Unique,Valid
700495,507,20046,New Zachary Distribution Center,Germany,216755,Monitored user-facing paradigm,Office Supplies,1290.95,N,972,269,18-09-2025,Above Reorder Level,Valid,Unique,Valid
700496,507,20902,New Zachary Distribution Center,Germany,216755,Intuitive secondary toolset,Automotive Parts,2399.04,N,680,99,12-10-2025,Above Reorder Level,Valid,Unique,Valid
700497,507,20958,New Zachary Distribution Center,Germany,216755,Assimilated tangible secured line,Groceries,250.75,N,1367,419,04-04-2026,Above Reorder Level,Valid,Unique,Valid
700498,507,20838,New Zachary Distribution Center,Germany,216755,Switchable dynamic structure,Pharmaceuticals,2054.28,Y,,356,25-05-2026,Cannot Determine,Valid,Unique,Valid
700499,507,21074,New Zachary Distribution Center,Germany,216755,Right-sized foreground function,Electronics,331.42,N,5718,,29-04-2026,Cannot Determine,Valid,Unique,Valid
700500,507,20256,New Zachary Distribution Center,Germany,216755,Re-contextualized clear-thinking data-warehouse,Toys,549.97,N,6683,110,29-08-2026,Above Reorder Level,Valid,Unique,Valid
700501,507,20770,New Zachary Distribution Center,Germany,216755,Face-to-face intangible interface,Toys,773.5,N,1869,482,23-07-2026,Above Reorder Level,Valid,Unique,Valid
700502,507,20120,New Zachary Distribution Center,Germany,216755,Vision-oriented multi-tasking extranet,Industrial Equipment,56.74,N,1198,498,12-12-2025,Above Reorder Level,Valid,Unique,Valid
700503,507,21188,New Zachary Distribution Center,Germany,216755,Horizontal neutral flexibility,Sporting Goods,779.11,N,578,114,19-01-2026,Above Reorder Level,Valid,Unique,Valid
700504,507,20771,New Zachary Distribution Center,Germany,216755,Synergized web-enabled initiative,Furniture,380.87,N,2622,183,02-07-2026,Above Reorder Level,Valid,Unique,Valid
700505,507,20291,New Zachary Distribution Center,Germany,216755,Optimized incremental attitude,Toys,1081.68,Y,1801,104,29-04-2026,Above Reorder Level,Valid,Unique,Valid
700506,507,20543,New Zachary Distribution Center,Germany,216755,Down-sized zero tolerance encryption,Office Supplies,2310.73,N,277,431,21-04-2026,Below Reorder Level,Valid,Unique,Valid
700507,507,20153,New Zachary Distribution Center,Germany,216755,Cross-platform cohesive standardization,Groceries,1485.92,N,3773,201,07-07-2026,Above Reorder Level,Valid,Unique,Valid
700508,507,20233,New Zachary Distribution Center,Germany,216755,Multi-channeled tertiary open architecture,Office Supplies,1032.81,Y,2697,141,17-01-2026,Above Reorder Level,Valid,Unique,Valid
700509,507,20225,New Zachary Distribution Center,Germany,216755,Virtual coherent open architecture,Furniture,2089.49,Y,4668,118,03-03-2026,Above Reorder Level,Valid,Unique,Valid
700510,507,20584,New Zachary Distribution Center,Germany,216755,Universal directional emulation,Electronics,2104,N,2018,446,15-05-2026,Above Reorder Level,Valid,Unique,Valid
700511,507,20900,New Zachary Distribution Center,Germany,216755,Right-sized leadingedge support,Apparel,2332.34,Y,1483,26,06-02-2026,Above Reorder Level,Valid,Unique,Valid
700512,507,20617,New Zachary Distribution Center,Germany,216755,Managed fault-tolerant architecture,Toys,747.77,N,845,107,17-07-2026,Above Reorder Level,Valid,Unique,Valid
700513,507,20817,New Zachary Distribution Center,Germany,216755,Total 6thgeneration encoding,Pharmaceuticals,1370.76,Y,4211,110,28-07-2026,Above Reorder Level,Valid,Unique,Valid
700514,507,20918,New Zachary Distribution Center,Germany,216755,Profit-focused attitude-oriented interface,Furniture,267.95,Y,3136,195,23-07-2026,Above Reorder Level,Valid,Unique,Valid
700515,507,21136,New Zachary Distribution Center,Germany,216755,Universal solution-oriented capability,Sporting Goods,1154.51,Y,72,81,17-05-2026,Below Reorder Level,Valid,Unique,Valid
700516,507,20101,New Zachary Distribution Center,Germany,216755,Front-line impactful encoding,Sporting Goods,265.93,Y,42,124,19-06-2026,Below Reorder Level,Valid,Unique,Valid
700517,507,20402,New Zachary Distribution Center,Germany,216755,Organic client-server throughput,Automotive Parts,2424.09,Y,737,89,01-07-2026,Above Reorder Level,Valid,Unique,Valid
700518,507,20613,New Zachary Distribution Center,Germany,216755,Configurable object-oriented workforce,Automotive Parts,1136.23,N,2596,381,28-05-2026,Above Reorder Level,Valid,Unique,Valid
700519,507,20313,New Zachary Distribution Center,Germany,216755,Innovative regional pricing structure,Electronics,2424.35,Y,6809,29,02-12-2025,Above Reorder Level,Valid,Unique,Valid
700520,507,20470,New Zachary Distribution Center,Germany,216755,Robust incremental budgetary management,Industrial Equipment,2268.13,Y,254,48,15-01-2026,Above Reorder Level,Valid,Unique,Valid
700521,507,20717,New Zachary Distribution Center,Germany,216755,Enhanced fresh-thinking structure,Pharmaceuticals,599.07,Y,1407,257,02-03-2026,Above Reorder Level,Valid,Unique,Valid
700522,507,21401,New Zachary Distribution Center,Germany,216755,Polarized well-modulated open system,Industrial Equipment,444.73,Y,748,47,04-02-2026,Above Reorder Level,Valid,Unique,Valid
700523,507,21120,New Zachary Distribution Center,Germany,216755,Advanced bottom-line budgetary management,Apparel,517.09,Y,5466,156,10-03-2026,Above Reorder Level,Valid,Unique,Valid
700524,507,20182,New Zachary Distribution Center,Germany,216755,Cross-group holistic concept,Sporting Goods,2088.41,Y,2880,,15-12-2025,Cannot Determine,Valid,Unique,Valid
700525,507,20265,New Zachary Distribution Center,Germany,216755,Horizontal secondary system engine,Office Supplies,635.57,Y,2843,476,16-03-2026,Above Reorder Level,Valid,Unique,Valid
700526,508,20259,Sethberg Distribution Center,Canada,363139,Compatible neutral portal,Industrial Equipment,1190.72,Y,1794,318,01-03-2026,Above Reorder Level,Valid,Unique,Valid
700527,508,20199,Sethberg Distribution Center,Canada,363139,Phased client-driven Graphic Interface,Apparel,1305.92,N,1520,355,24-09-2025,Above Reorder Level,Valid,Unique,Valid
700528,508,20618,Sethberg Distribution Center,Canada,363139,Self-enabling responsive attitude,Office Supplies,2080.47,N,906,351,01-11-2025,Above Reorder Level,Valid,Unique,Valid
700529,508,21103,Sethberg Distribution Center,Canada,363139,Synergistic zero tolerance circuit,Furniture,1217.62,Y,165,205,04-03-2026,Below Reorder Level,Valid,Unique,Valid
700530,508,20817,Sethberg Distribution Center,Canada,363139,Total 6thgeneration encoding,Pharmaceuticals,1370.76,Y,5676,381,19-07-2026,Above Reorder Level,Valid,Unique,Valid
700531,508,21233,Sethberg Distribution Center,Canada,363139,Synergistic dynamic moratorium,Groceries,1458.91,N,4756,453,17-04-2026,Above Reorder Level,Valid,Unique,Valid
700532,508,21058,Sethberg Distribution Center,Canada,363139,User-friendly bifurcated orchestration,Electronics,1382.13,Y,23187,473,30-11-2025,Above Reorder Level,Valid,Unique,Valid
700533,508,20273,Sethberg Distribution Center,Canada,363139,Networked methodical flexibility,Groceries,1638.24,N,16158,386,23-05-2026,Above Reorder Level,Valid,Unique,Valid
700534,508,21309,Sethberg Distribution Center,Canada,363139,Multi-lateral full-range framework,Toys,1966.21,Y,2300,493,09-04-2026,Above Reorder Level,Valid,Unique,Valid
700535,508,20134,Sethberg Distribution Center,Canada,363139,Digitized high-level leverage,Furniture,244.27,N,4157,420,02-03-2026,Above Reorder Level,Valid,Unique,Valid
700536,508,20245,Sethberg Distribution Center,Canada,363139,Managed 4thgeneration forecast,Groceries,1116.66,N,8217,80,02-11-2025,Above Reorder Level,Valid,Unique,Valid
700537,508,21224,Sethberg Distribution Center,Canada,363139,User-centric stable moderator,Toys,2488.85,Y,5376,481,14-11-2025,Above Reorder Level,Valid,Unique,Valid
700538,508,21477,Sethberg Distribution Center,Canada,363139,Object-based interactive software,Apparel,1720.13,Y,806,294,03-12-2025,Above Reorder Level,Valid,Unique,Valid
700539,508,20987,Sethberg Distribution Center,Canada,363139,Re-contextualized didactic contingency,Electronics,650.7,N,1699,295,28-03-2026,Above Reorder Level,Valid,Unique,Valid
700540,508,21017,Sethberg Distribution Center,Canada,363139,Synergized stable leverage,Pharmaceuticals,630.08,Y,392,365,30-09-2025,Above Reorder Level,Valid,Unique,Valid
700541,508,20869,Sethberg Distribution Center,Canada,363139,Extended bi-directional help-desk,Electronics,1068.83,N,8739,17,28-10-2025,Above Reorder Level,Valid,Unique,Valid
700542,508,20982,Sethberg Distribution Center,Canada,363139,Horizontal upward-trending Internet solution,Toys,329.38,Y,2644,93,14-11-2025,Above Reorder Level,Valid,Unique,Valid
700543,508,20546,Sethberg Distribution Center,Canada,363139,Persistent regional frame,Apparel,821.63,N,737,208,19-11-2025,Above Reorder Level,Valid,Unique,Valid
700544,508,21371,Sethberg Distribution Center,Canada,363139,Multi-tiered solution-oriented extranet,Toys,2388.38,Y,3160,500,15-07-2026,Above Reorder Level,Valid,Unique,Valid
700545,508,20404,Sethberg Distribution Center,Canada,363139,Programmable asymmetric artificial intelligence,Apparel,680.2,Y,2731,14,02-07-2026,Above Reorder Level,Valid,Unique,Valid
700546,508,20330,Sethberg Distribution Center,Canada,363139,Implemented non-volatile infrastructure,Electronics,1647.91,N,1258,233,10-03-2026,Above Reorder Level,Valid,Unique,Valid
700547,508,21061,Sethberg Distribution Center,Canada,363139,Adaptive fault-tolerant approach,Furniture,2183.39,Y,342,137,07-04-2026,Above Reorder Level,Valid,Unique,Valid
700548,508,20685,Sethberg Distribution Center,Canada,363139,Self-enabling optimal task-force,Industrial Equipment,2402.86,N,3159,58,02-08-2026,Above Reorder Level,Valid,Unique,Valid
700549,508,21276,Sethberg Distribution Center,Canada,363139,Optimized radical support,Toys,,Y,2084,436,14-10-2025,Above Reorder Level,Valid,Unique,Valid
700550,508,20395,Sethberg Distribution Center,Canada,363139,Self-enabling static encryption,Industrial Equipment,2020.33,N,4199,132,25-03-2026,Above Reorder Level,Valid,Unique,Valid
700551,508,21248,Sethberg Distribution Center,Canada,363139,Progressive multimedia collaboration,Groceries,2443.12,Y,2083,,08-09-2025,Cannot Determine,Valid,Unique,Valid
700552,508,20925,Sethberg Distribution Center,Canada,363139,Polarized attitude-oriented hierarchy,Pharmaceuticals,1963.81,N,5424,337,15-02-2026,Above Reorder Level,Valid,Unique,Valid
700553,508,21462,Sethberg Distribution Center,Canada,363139,Reduced asynchronous matrices,Sporting Goods,356.31,Y,2278,56,27-06-2026,Above Reorder Level,Valid,Unique,Valid
700554,508,21146,Sethberg Distribution Center,Canada,363139,Profit-focused exuding hierarchy,Apparel,1482.41,,2335,216,16-11-2025,Above Reorder Level,Valid,Unique,Valid
700555,508,20538,Sethberg Distribution Center,Canada,363139,Streamlined zero tolerance capacity,Electronics,1893.82,N,5938,485,20-08-2026,Above Reorder Level,Valid,Unique,Valid
700556,508,21178,Sethberg Distribution Center,Canada,363139,Open-source asymmetric groupware,Electronics,1003.07,Y,1466,323,30-04-2026,Above Reorder Level,Valid,Unique,Valid
700557,508,20498,Sethberg Distribution Center,Canada,363139,Visionary tertiary function,Pharmaceuticals,2363.41,N,408,369,09-02-2025,Above Reorder Level,Valid,Unique,Valid
700558,508,20677,Sethberg Distribution Center,Canada,363139,Secured didactic encoding,Apparel,229.38,Y,83,303,20-05-2026,Below Reorder Level,Valid,Unique,Valid
700559,508,21343,Sethberg Distribution Center,Canada,363139,Vision-oriented human-resource initiative,Industrial Equipment,2450.49,N,3992,40,08-12-2026,Above Reorder Level,Future Restock Date,Unique,Valid
700560,508,21235,Sethberg Distribution Center,Canada,363139,Innovative mission-critical frame,Sporting Goods,2163.79,N,2748,454,03-12-2025,Above Reorder Level,Valid,Unique,Valid
700561,508,20041,Sethberg Distribution Center,Canada,363139,Proactive optimizing implementation,Toys,2414.36,Y,3455,483,12-06-2026,Above Reorder Level,Valid,Unique,Valid
700562,508,21200,Sethberg Distribution Center,Canada,363139,Up-sized scalable hub,Apparel,1282.56,Y,679,342,31-01-2026,Above Reorder Level,Valid,Unique,Valid
700563,508,20656,Sethberg Distribution Center,Canada,363139,Profound solution-oriented system engine,Office Supplies,1302.13,Y,416,232,04-08-2026,Above Reorder Level,Valid,Unique,Valid
700564,508,21180,Sethberg Distribution Center,Canada,363139,Managed zero-defect flexibility,Sporting Goods,2004.12,Y,42,,23-02-2026,Cannot Determine,Valid,Unique,Valid
700565,508,21386,Sethberg Distribution Center,Canada,363139,Robust content-based architecture,Toys,1054.01,N,1225,250,10-01-2026,Above Reorder Level,Valid,Unique,Valid
700566,508,20986,Sethberg Distribution Center,Canada,363139,Profit-focused bifurcated knowledge user,Apparel,567.4,Y,2529,345,29-06-2026,Above Reorder Level,Valid,Unique,Valid
700567,508,20931,Sethberg Distribution Center,Canada,363139,Multi-tiered interactive artificial intelligence,Industrial Equipment,918.1,N,1413,247,06-12-2025,Above Reorder Level,Valid,Unique,Valid
700568,508,21376,Sethberg Distribution Center,Canada,363139,Versatile hybrid collaboration,Furniture,876.59,Y,1632,143,26-05-2026,Above Reorder Level,Valid,Unique,Valid
700569,508,20892,Sethberg Distribution Center,Canada,363139,Seamless well-modulated capability,Electronics,2066.75,Y,6653,496,17-02-2026,Above Reorder Level,Valid,Unique,Valid
700570,508,20608,Sethberg Distribution Center,Canada,363139,Programmable well-modulated analyzer,Sporting Goods,291.83,N,1215,21,12-05-2026,Above Reorder Level,Valid,Unique,Valid
700571,508,20338,Sethberg Distribution Center,Canada,363139,Up-sized reciprocal service-desk,Pharmaceuticals,1376.1,N,2047,427,20-01-2026,Above Reorder Level,Valid,Unique,Valid
700572,508,20329,Sethberg Distribution Center,Canada,363139,Reduced dynamic customer loyalty,Office Supplies,1708.69,Y,4343,37,17-12-2025,Above Reorder Level,Valid,Unique,Valid
700573,508,21121,Sethberg Distribution Center,Canada,363139,Configurable bottom-line matrix,Apparel,2006.43,Y,1433,301,30-01-2026,Above Reorder Level,Valid,Unique,Valid
700574,508,20227,Sethberg Distribution Center,Canada,363139,Organic actuating core,Automotive Parts,2054.41,N,2761,77,03-04-2026,Above Reorder Level,Valid,Unique,Valid
700575,508,20799,Sethberg Distribution Center,Canada,363139,Diverse real-time orchestration,Toys,1143.38,N,5627,315,23-11-2025,Above Reorder Level,Valid,Unique,Valid
700576,508,20605,Sethberg Distribution Center,Canada,363139,Optional incremental focus group,Toys,1870.06,N,8472,249,30-09-2025,Above Reorder Level,Valid,Unique,Valid
700577,508,20073,Sethberg Distribution Center,Canada,363139,Face-to-face regional synergy,Apparel,958.91,Y,451,57,06-10-2025,Above Reorder Level,Valid,Unique,Valid
700578,508,20182,Sethberg Distribution Center,Canada,363139,Cross-group holistic concept,Sporting Goods,2088.41,Y,7410,72,08-05-2026,Above Reorder Level,Valid,Unique,Valid
700579,508,21337,Sethberg Distribution Center,Canada,363139,Re-contextualized analyzing utilization,Office Supplies,2452.57,Y,1922,412,28-05-2026,Above Reorder Level,Valid,Unique,Valid
700580,508,21204,Sethberg Distribution Center,Canada,363139,Organic heuristic website,Automotive Parts,2274.55,Y,848,324,13-01-2026,Above Reorder Level,Valid,Unique,Valid
700581,508,21321,Sethberg Distribution Center,Canada,363139,Reverse-engineered solution-oriented core,Toys,2033.28,Y,1744,339,26-04-2026,Above Reorder Level,Valid,Unique,Valid
700582,508,20446,Sethberg Distribution Center,Canada,363139,Universal object-oriented service-desk,Pharmaceuticals,528.72,N,11104,243,26-02-2026,Above Reorder Level,Valid,Unique,Valid
700583,508,21295,Sethberg Distribution Center,Canada,363139,Progressive fault-tolerant standardization,Groceries,,N,1925,80,15-06-2026,Above Reorder Level,Valid,Unique,Valid
700584,508,21372,Sethberg Distribution Center,Canada,363139,Self-enabling scalable portal,Furniture,2057.55,Y,1131,176,02-05-2026,Above Reorder Level,Valid,Unique,Valid
700585,508,20728,Sethberg Distribution Center,Canada,363139,Configurable client-driven system engine,Furniture,1131.3,N,2847,334,11-02-2026,Above Reorder Level,Valid,Unique,Valid
700586,508,20794,Sethberg Distribution Center,Canada,363139,De-engineered national instruction set,Groceries,2171.17,Y,779,399,25-06-2026,Above Reorder Level,Valid,Unique,Valid
700587,508,21277,Sethberg Distribution Center,Canada,363139,Advanced intermediate matrices,Furniture,1097.49,N,224,367,08-07-2026,Below Reorder Level,Valid,Unique,Valid
700588,508,20423,Sethberg Distribution Center,Canada,363139,Innovative attitude-oriented alliance,Sporting Goods,1481.22,N,391,145,25-06-2026,Above Reorder Level,Valid,Unique,Valid
700589,508,20507,Sethberg Distribution Center,Canada,363139,Grass-roots zero tolerance database,Pharmaceuticals,1447.6,N,389,151,21-05-2026,Above Reorder Level,Valid,Unique,Valid
700590,508,20102,Sethberg Distribution Center,Canada,363139,Customizable coherent core,Automotive Parts,772.15,Y,467,447,18-01-2026,Above Reorder Level,Valid,Unique,Valid
700591,508,20551,Sethberg Distribution Center,Canada,363139,Extended optimal migration,Industrial Equipment,1912.51,N,424,333,12-07-2026,Above Reorder Level,Valid,Unique,Valid
700592,508,20891,Sethberg Distribution Center,Canada,363139,Advanced discrete adapter,Groceries,1811.32,Y,2906,308,22-02-2026,Above Reorder Level,Valid,Unique,Valid
700593,508,21331,Sethberg Distribution Center,Canada,363139,Organized responsive structure,Apparel,1534.32,Y,570,90,22-01-2026,Above Reorder Level,Valid,Unique,Valid
700594,508,20250,Sethberg Distribution Center,Canada,363139,Triple-buffered stable matrices,Pharmaceuticals,1015.79,Y,1203,422,24-03-2026,Above Reorder Level,Valid,Unique,Valid
700595,508,20562,Sethberg Distribution Center,Canada,363139,Fully-configurable stable Graphic Interface,Pharmaceuticals,245.18,Y,6443,130,16-10-2025,Above Reorder Level,Valid,Unique,Valid
700596,508,20748,Sethberg Distribution Center,Canada,363139,Ergonomic tertiary portal,Groceries,505.85,N,1823,496,02-03-2026,Above Reorder Level,Valid,Unique,Valid
700597,508,20304,Sethberg Distribution Center,Canada,363139,Enterprise-wide didactic contingency,Pharmaceuticals,2151.2,N,3125,124,27-05-2026,Above Reorder Level,Valid,Unique,Valid
700598,508,20254,Sethberg Distribution Center,Canada,363139,Secured local Graphic Interface,Industrial Equipment,99.9,N,537,393,03-01-2026,Above Reorder Level,Valid,Unique,Valid
700599,508,21080,Sethberg Distribution Center,Canada,363139,Managed coherent structure,Groceries,1637.19,N,606,337,22-04-2026,Above Reorder Level,Valid,Unique,Valid
700600,508,20086,Sethberg Distribution Center,Canada,363139,Self-enabling tertiary model,Automotive Parts,930.93,N,118,152,02-04-2026,Below Reorder Level,Valid,Unique,Valid
700601,509,21138,Williamsfurt Distribution Center,India,300799,Switchable bottom-line contingency,Apparel,2174.63,N,838,460,22-12-2025,Above Reorder Level,Valid,Unique,Valid
700602,509,20569,Williamsfurt Distribution Center,India,300799,Total tertiary matrix,Automotive Parts,1629.54,N,1478,238,19-07-2026,Above Reorder Level,Valid,Unique,Valid
700603,509,20097,Williamsfurt Distribution Center,India,300799,Intuitive asymmetric productivity,Electronics,1231.09,N,882,180,05-08-2026,Above Reorder Level,Valid,Unique,Valid
700604,509,20756,Williamsfurt Distribution Center,India,300799,Virtual coherent infrastructure,Sporting Goods,1676.4,N,420,299,25-09-2025,Above Reorder Level,Valid,Unique,Valid
700605,509,20013,Williamsfurt Distribution Center,India,300799,Devolved 4thgeneration attitude,Office Supplies,41.3,N,582,279,11-01-2026,Above Reorder Level,Valid,Unique,Valid
700606,509,20859,Williamsfurt Distribution Center,India,300799,Operative 4thgeneration access,Furniture,16.51,N,2796,350,14-12-2025,Above Reorder Level,Valid,Unique,Valid
700607,509,21478,Williamsfurt Distribution Center,India,300799,Persevering neutral structure,Office Supplies,2233.17,N,1046,67,16-04-2026,Above Reorder Level,Valid,Unique,Valid
700608,509,20661,Williamsfurt Distribution Center,India,300799,Multi-layered 24/7 model,Pharmaceuticals,1456.76,Y,2050,431,09-03-2026,Above Reorder Level,Valid,Unique,Valid
700609,509,21055,Williamsfurt Distribution Center,India,300799,Customizable explicit array,Electronics,2261,Y,3168,182,12-03-2026,Above Reorder Level,Valid,Unique,Valid
700610,509,21264,Williamsfurt Distribution Center,India,300799,Polarized static flexibility,Automotive Parts,499.06,N,,288,05-04-2026,Cannot Determine,Valid,Unique,Valid
700611,509,20048,Williamsfurt Distribution Center,India,300799,Mandatory homogeneous attitude,Furniture,13.12,Y,182,173,02-03-2026,Above Reorder Level,Valid,Unique,Valid
700612,509,21038,Williamsfurt Distribution Center,India,300799,Versatile stable standardization,Groceries,1788.53,N,7271,417,30-08-2026,Above Reorder Level,Valid,Unique,Valid
700613,509,20472,Williamsfurt Distribution Center,India,300799,Implemented 6thgeneration model,Industrial Equipment,1243.86,N,,218,18-02-2026,Cannot Determine,Valid,Unique,Valid
700614,509,20512,Williamsfurt Distribution Center,India,300799,Pre-emptive 3rdgeneration Graphical User Interface,Groceries,1350.59,Y,386,304,18-12-2025,Above Reorder Level,Valid,Unique,Valid
700615,509,21182,Williamsfurt Distribution Center,India,300799,Advanced bandwidth-monitored implementation,Pharmaceuticals,1194.41,N,9361,,09-12-2025,Cannot Determine,Valid,Unique,Valid
700616,509,20549,Williamsfurt Distribution Center,India,300799,Right-sized eco-centric software,Industrial Equipment,988.24,Y,11482,92,30-10-2025,Above Reorder Level,Valid,Unique,Valid
700617,509,20641,Williamsfurt Distribution Center,India,300799,Networked maximized utilization,Pharmaceuticals,2202.5,Y,285,11,04-02-2026,Above Reorder Level,Valid,Unique,Valid
700618,509,21122,Williamsfurt Distribution Center,India,300799,Stand-alone static migration,Pharmaceuticals,1297.59,Y,1467,373,09-05-2026,Above Reorder Level,Valid,Unique,Valid
700619,509,20447,Williamsfurt Distribution Center,India,300799,Devolved transitional implementation,Sporting Goods,1191.63,N,7427,376,21-03-2026,Above Reorder Level,Valid,Unique,Valid
700620,509,21424,Williamsfurt Distribution Center,India,300799,Innovative regional forecast,Toys,915.54,Y,6243,306,11-05-2026,Above Reorder Level,Valid,Unique,Valid
700621,509,20848,Williamsfurt Distribution Center,India,300799,Universal 5thgeneration service-desk,Sporting Goods,1386.29,Y,923,261,29-01-2026,Above Reorder Level,Valid,Unique,Valid
700622,509,21001,Williamsfurt Distribution Center,India,300799,Extended multi-state utilization,Furniture,983.43,Y,1063,189,10-04-2026,Above Reorder Level,Valid,Unique,Valid
700623,509,20328,Williamsfurt Distribution Center,India,300799,Phased 3rdgeneration knowledge user,Furniture,1940.49,Y,2095,20,05-04-2026,Above Reorder Level,Valid,Unique,Valid
700624,509,20629,Williamsfurt Distribution Center,India,300799,Configurable analyzing alliance,Electronics,314.47,Y,2999,425,15-03-2026,Above Reorder Level,Valid,Unique,Valid
700625,509,21364,Williamsfurt Distribution Center,India,300799,Implemented fresh-thinking approach,Groceries,1144.17,Y,4359,205,13-06-2026,Above Reorder Level,Valid,Unique,Valid
700626,509,20040,Williamsfurt Distribution Center,India,300799,Centralized hybrid firmware,Pharmaceuticals,1644.69,N,2083,397,23-11-2025,Above Reorder Level,Valid,Unique,Valid
700627,509,20041,Williamsfurt Distribution Center,India,300799,Proactive optimizing implementation,Toys,2414.36,Y,2810,271,11-03-2026,Above Reorder Level,Valid,Unique,Valid
700628,509,20020,Williamsfurt Distribution Center,India,300799,Switchable web-enabled model,Pharmaceuticals,,N,6229,222,14-06-2026,Above Reorder Level,Valid,Unique,Valid
700629,509,20060,Williamsfurt Distribution Center,India,300799,Phased optimizing adapter,Groceries,416.62,N,169,314,09-12-2025,Below Reorder Level,Valid,Unique,Valid
700630,509,20895,Williamsfurt Distribution Center,India,300799,Secured attitude-oriented approach,Electronics,309.44,Y,1317,494,22-09-2025,Above Reorder Level,Valid,Unique,Valid
700631,509,20562,Williamsfurt Distribution Center,India,300799,Fully-configurable stable Graphic Interface,Pharmaceuticals,245.18,Y,5655,385,19-06-2026,Above Reorder Level,Valid,Unique,Valid
700632,509,20012,Williamsfurt Distribution Center,India,300799,Proactive discrete product,Electronics,1768.51,N,10210,357,21-10-2025,Above Reorder Level,Valid,Unique,Valid
700633,509,20887,Williamsfurt Distribution Center,India,300799,Ameliorated real-time paradigm,Automotive Parts,553.16,N,3244,,29-01-2026,Cannot Determine,Valid,Unique,Valid
700634,509,21063,Williamsfurt Distribution Center,India,300799,Networked interactive functionalities,Office Supplies,627,Y,3438,136,17-08-2026,Above Reorder Level,Valid,Unique,Valid
700635,509,20449,Williamsfurt Distribution Center,India,300799,Customer-focused fresh-thinking model,Electronics,1707.83,N,513,408,12-11-2025,Above Reorder Level,Valid,Unique,Valid
700636,509,21016,Williamsfurt Distribution Center,India,300799,Multi-layered local process improvement,Apparel,2064.03,Y,2685,411,13-09-2025,Above Reorder Level,Valid,Unique,Valid
700637,509,20501,Williamsfurt Distribution Center,India,300799,Ergonomic regional moratorium,Automotive Parts,883.07,N,3443,353,29-10-2025,Above Reorder Level,Valid,Unique,Valid
700638,509,20515,Williamsfurt Distribution Center,India,300799,Multi-tiered eco-centric array,Electronics,1829.64,Y,1257,359,14-07-2026,Above Reorder Level,Valid,Unique,Valid
700639,509,20838,Williamsfurt Distribution Center,India,300799,Switchable dynamic structure,Pharmaceuticals,2054.28,Y,1420,484,03-12-2025,Above Reorder Level,Valid,Unique,Valid
700640,509,20984,Williamsfurt Distribution Center,India,300799,Enterprise-wide tertiary challenge,Toys,1531.58,Y,2144,,20-09-2025,Cannot Determine,Valid,Unique,Valid
700641,509,20075,Williamsfurt Distribution Center,India,300799,Cross-platform optimizing Graphical User Interface,Sporting Goods,1540.96,N,92,419,02-10-2025,Below Reorder Level,Valid,Unique,Valid
700642,509,20721,Williamsfurt Distribution Center,India,300799,Open-architected scalable utilization,Apparel,948.55,N,1759,201,12-05-2026,Above Reorder Level,Valid,Unique,Valid
700643,509,21179,Williamsfurt Distribution Center,India,300799,Sharable background hierarchy,Groceries,1880.12,,1075,397,31-08-2026,Above Reorder Level,Valid,Unique,Valid
700644,509,20876,Williamsfurt Distribution Center,India,300799,Cloned didactic installation,Pharmaceuticals,2437.87,N,1796,186,27-06-2026,Above Reorder Level,Valid,Unique,Valid
700645,509,21435,Williamsfurt Distribution Center,India,300799,Inverse clear-thinking contingency,Furniture,1124.81,Y,577,63,26-11-2025,Above Reorder Level,Valid,Unique,Valid
700646,509,21452,Williamsfurt Distribution Center,India,300799,Centralized grid-enabled hierarchy,Pharmaceuticals,1454.79,Y,10012,171,27-06-2026,Above Reorder Level,Valid,Unique,Valid
700647,509,21347,Williamsfurt Distribution Center,India,300799,Total 24/7 utilization,Groceries,779.37,N,4075,66,25-07-2026,Above Reorder Level,Valid,Unique,Valid
700648,509,21196,Williamsfurt Distribution Center,India,300799,Synergized multimedia structure,Groceries,1357.79,Y,5145,484,09-10-2025,Above Reorder Level,Valid,Unique,Valid
700649,509,21053,Williamsfurt Distribution Center,India,300799,Realigned intermediate workforce,Electronics,1633.77,Y,7046,125,11-10-2025,Above Reorder Level,Valid,Unique,Valid
700650,509,20061,Williamsfurt Distribution Center,India,300799,Intuitive homogeneous orchestration,Automotive Parts,422.61,Y,3123,89,15-07-2026,Above Reorder Level,Valid,Unique,Valid
700651,509,20049,Williamsfurt Distribution Center,India,300799,Optimized grid-enabled help-desk,Pharmaceuticals,469.03,N,412,457,05-12-2025,Below Reorder Level,Valid,Unique,Valid
700652,509,21130,Williamsfurt Distribution Center,India,300799,Inverse asymmetric structure,Toys,,Y,3486,107,07-09-2025,Above Reorder Level,Valid,Unique,Valid
700653,509,20274,Williamsfurt Distribution Center,India,300799,Re-contextualized radical interface,Apparel,1295.32,N,4001,306,07-01-2026,Above Reorder Level,Valid,Unique,Valid
700654,509,21437,Williamsfurt Distribution Center,India,300799,Intuitive modular interface,Pharmaceuticals,1212.77,Y,6193,500,02-03-2026,Above Reorder Level,Valid,Unique,Valid
700655,509,21050,Williamsfurt Distribution Center,India,300799,Multi-tiered transitional synergy,Electronics,1247.78,N,2557,158,27-12-2025,Above Reorder Level,Valid,Unique,Valid
700656,509,21193,Williamsfurt Distribution Center,India,300799,Public-key neutral policy,Toys,1330.22,N,618,181,10-03-2026,Above Reorder Level,Valid,Unique,Valid
700657,509,21243,Williamsfurt Distribution Center,India,300799,Innovative heuristic benchmark,Electronics,2204.34,Y,1511,56,26-12-2025,Above Reorder Level,Valid,Unique,Valid
700658,509,20103,Williamsfurt Distribution Center,India,300799,Assimilated dynamic website,Pharmaceuticals,2090.14,Y,2042,246,18-10-2025,Above Reorder Level,Valid,Unique,Valid
700659,509,20414,Williamsfurt Distribution Center,India,300799,Up-sized value-added functionalities,Apparel,960.23,N,4699,297,14-12-2025,Above Reorder Level,Valid,Unique,Valid
700660,509,20152,Williamsfurt Distribution Center,India,300799,Managed transitional interface,Sporting Goods,922.14,Y,3828,195,26-10-2025,Above Reorder Level,Valid,Unique,Valid
700661,509,20769,Williamsfurt Distribution Center,India,300799,Switchable heuristic Graphical User Interface,Furniture,957.16,,1992,213,21-01-2026,Above Reorder Level,Valid,Unique,Valid
700662,509,20672,Williamsfurt Distribution Center,India,300799,Innovative intangible groupware,Electronics,2165.15,Y,19491,307,03-01-2026,Above Reorder Level,Valid,Unique,Valid
700663,509,20837,Williamsfurt Distribution Center,India,300799,Cloned attitude-oriented neural-net,Automotive Parts,511,Y,4213,342,10-12-2025,Above Reorder Level,Valid,Unique,Valid
700664,509,21457,Williamsfurt Distribution Center,India,300799,Devolved bottom-line standardization,Automotive Parts,,N,1226,,28-01-2026,Cannot Determine,Valid,Unique,Valid
700665,509,21329,Williamsfurt Distribution Center,India,300799,Universal eco-centric task-force,Apparel,1546.94,N,486,132,14-02-2026,Above Reorder Level,Valid,Unique,Valid
700666,509,20701,Williamsfurt Distribution Center,India,300799,Ergonomic content-based monitoring,Toys,119.32,Y,751,,01-12-2025,Cannot Determine,Valid,Unique,Valid
700667,509,20243,Williamsfurt Distribution Center,India,300799,Compatible dynamic throughput,Industrial Equipment,2228.81,N,1278,131,13-02-2026,Above Reorder Level,Valid,Unique,Valid
700668,509,20466,Williamsfurt Distribution Center,India,300799,Progressive bottom-line solution,Groceries,1838.84,N,793,16,15-08-2026,Above Reorder Level,Valid,Unique,Valid
700669,509,20966,Williamsfurt Distribution Center,India,300799,Triple-buffered optimizing artificial intelligence,Electronics,451.16,Y,935,365,16-11-2025,Above Reorder Level,Valid,Unique,Valid
700670,509,20823,Williamsfurt Distribution Center,India,300799,Decentralized holistic archive,Groceries,1484.29,N,1519,454,26-09-2025,Above Reorder Level,Valid,Unique,Valid
700671,509,20654,Williamsfurt Distribution Center,India,300799,Balanced analyzing capacity,Groceries,1526.78,N,862,255,12-02-2026,Above Reorder Level,Valid,Unique,Valid
700672,509,20171,Williamsfurt Distribution Center,India,300799,Reverse-engineered fresh-thinking website,Office Supplies,13.66,Y,10278,374,28-03-2026,Above Reorder Level,Valid,Unique,Valid
700673,509,20299,Williamsfurt Distribution Center,India,300799,Configurable intangible strategy,Automotive Parts,1633.23,N,379,199,18-03-2026,Above Reorder Level,Valid,Unique,Valid
700674,509,21410,Williamsfurt Distribution Center,India,300799,Face-to-face 4thgeneration emulation,Furniture,386.71,,3365,112,25-04-2026,Above Reorder Level,Valid,Unique,Valid
700675,509,21304,Williamsfurt Distribution Center,India,300799,Adaptive actuating protocol,Groceries,398.56,Y,2391,468,13-02-2026,Above Reorder Level,Valid,Unique,Valid
700676,510,20889,New Courtney Distribution Center,Australia,166207,Sharable user-facing emulation,Sporting Goods,473.77,Y,4907,245,04-08-2026,Above Reorder Level,Valid,Unique,Valid
700677,510,21433,New Courtney Distribution Center,Australia,166207,Re-engineered interactive superstructure,Furniture,2033.68,Y,144,141,28-04-2026,Above Reorder Level,Valid,Unique,Valid
700678,510,20865,New Courtney Distribution Center,Australia,166207,Inverse fresh-thinking open architecture,Furniture,2485.65,Y,616,84,29-12-2025,Above Reorder Level,Valid,Unique,Valid
700679,510,20044,New Courtney Distribution Center,Australia,166207,Centralized 4thgeneration parallelism,Furniture,858.98,N,,404,20-08-2026,Cannot Determine,Valid,Unique,Valid
700680,510,20987,New Courtney Distribution Center,Australia,166207,Re-contextualized didactic contingency,Electronics,650.7,N,2438,312,15-08-2026,Above Reorder Level,Valid,Unique,Valid
700681,510,20488,New Courtney Distribution Center,Australia,166207,Virtual local secured line,Sporting Goods,342.98,Y,2064,164,31-07-2026,Above Reorder Level,Valid,Unique,Valid
700682,510,20430,New Courtney Distribution Center,Australia,166207,Sharable cohesive adapter,Toys,1780.01,Y,362,364,05-02-2026,Below Reorder Level,Valid,Unique,Valid
700683,510,21377,New Courtney Distribution Center,Australia,166207,Organized discrete superstructure,Furniture,461.54,Y,,115,17-07-2026,Cannot Determine,Valid,Unique,Valid
700684,510,20085,New Courtney Distribution Center,Australia,166207,Reactive contextually-based adapter,Groceries,1754.35,N,1342,391,28-04-2026,Above Reorder Level,Valid,Unique,Valid
700685,510,20194,New Courtney Distribution Center,Australia,166207,Digitized 4thgeneration frame,Toys,1609.01,Y,3221,97,13-11-2025,Above Reorder Level,Valid,Unique,Valid
700686,510,20849,New Courtney Distribution Center,Australia,166207,Public-key didactic intranet,Office Supplies,1245.52,Y,989,384,04-07-2026,Above Reorder Level,Valid,Unique,Valid
700687,510,20678,New Courtney Distribution Center,Australia,166207,Polarized user-facing throughput,Groceries,2380.51,N,1030,289,18-05-2026,Above Reorder Level,Valid,Unique,Valid
700688,510,20091,New Courtney Distribution Center,Australia,166207,Optional non-volatile superstructure,Pharmaceuticals,1041.81,Y,399,23,29-03-2026,Above Reorder Level,Valid,Unique,Valid
700689,510,20539,New Courtney Distribution Center,Australia,166207,Innovative non-volatile installation,Electronics,2271.51,Y,1783,313,18-05-2026,Above Reorder Level,Valid,Unique,Valid
700690,510,20973,New Courtney Distribution Center,Australia,166207,Cross-group bi-directional productivity,Automotive Parts,1491.63,N,252,347,30-05-2026,Below Reorder Level,Valid,Unique,Valid
700691,510,20597,New Courtney Distribution Center,Australia,166207,Re-contextualized discrete model,Furniture,327.24,N,475,23,07-02-2026,Above Reorder Level,Valid,Unique,Valid
700692,510,20852,New Courtney Distribution Center,Australia,166207,Universal stable benchmark,Toys,1057.96,Y,673,,30-11-2025,Cannot Determine,Valid,Unique,Valid
700693,510,20238,New Courtney Distribution Center,Australia,166207,Down-sized value-added migration,Furniture,14.07,N,861,283,16-02-2026,Above Reorder Level,Valid,Unique,Valid
700694,510,20439,New Courtney Distribution Center,Australia,166207,Innovative object-oriented support,Sporting Goods,1136.18,N,337,379,14-03-2026,Below Reorder Level,Valid,Unique,Valid
700695,510,21308,New Courtney Distribution Center,Australia,166207,Enterprise-wide eco-centric matrix,Groceries,1888.41,Y,148,61,21-10-2025,Above Reorder Level,Valid,Unique,Valid
700696,510,21173,New Courtney Distribution Center,Australia,166207,Operative coherent functionalities,Pharmaceuticals,1467.88,Y,1146,168,11-08-2026,Above Reorder Level,Valid,Unique,Valid
700697,510,21201,New Courtney Distribution Center,Australia,166207,Triple-buffered zero-defect encryption,Apparel,1804.54,Y,414,318,19-01-2026,Above Reorder Level,Valid,Unique,Valid
700698,510,21364,New Courtney Distribution Center,Australia,166207,Implemented fresh-thinking approach,Groceries,1144.17,Y,1058,149,16-09-2025,Above Reorder Level,Valid,Unique,Valid
700699,510,20292,New Courtney Distribution Center,Australia,166207,Persistent stable success,Groceries,1054.96,N,204,374,14-10-2025,Below Reorder Level,Valid,Unique,Valid
700700,510,20523,New Courtney Distribution Center,Australia,166207,Centralized exuding info-mediaries,Office Supplies,1037.46,,797,230,12-04-2026,Above Reorder Level,Valid,Unique,Valid
700701,510,20702,New Courtney Distribution Center,Australia,166207,Multi-tiered system-worthy hub,Toys,2445.28,Y,924,19,01-04-2026,Above Reorder Level,Valid,Unique,Valid
700702,510,20293,New Courtney Distribution Center,Australia,166207,Re-contextualized eco-centric help-desk,Industrial Equipment,628.93,N,65,399,10-10-2025,Below Reorder Level,Valid,Unique,Valid
700703,510,20634,New Courtney Distribution Center,Australia,166207,Optional asymmetric benchmark,Sporting Goods,1219.77,N,499,190,27-06-2026,Above Reorder Level,Valid,Unique,Valid
700704,510,20122,New Courtney Distribution Center,Australia,166207,Right-sized bottom-line throughput,Groceries,1623.65,N,175,327,26-05-2026,Below Reorder Level,Valid,Unique,Valid
700705,510,20398,New Courtney Distribution Center,Australia,166207,Focused client-driven website,Pharmaceuticals,1715.22,Y,80,240,17-10-2025,Below Reorder Level,Valid,Unique,Valid
700706,510,20393,New Courtney Distribution Center,Australia,166207,Future-proofed holistic structure,Industrial Equipment,1810.74,N,5591,232,12-07-2026,Above Reorder Level,Valid,Unique,Valid
700707,510,21369,New Courtney Distribution Center,Australia,166207,Vision-oriented optimal benchmark,Electronics,635.06,Y,473,240,07-08-2026,Above Reorder Level,Valid,Unique,Valid
700708,510,21191,New Courtney Distribution Center,Australia,166207,Networked contextually-based hardware,Automotive Parts,1928.86,N,2017,293,21-12-2025,Above Reorder Level,Valid,Unique,Valid
700709,510,20762,New Courtney Distribution Center,Australia,166207,Configurable foreground core,Apparel,2051.68,Y,357,474,19-02-2026,Below Reorder Level,Valid,Unique,Valid
700710,510,20051,New Courtney Distribution Center,Australia,166207,Switchable dynamic encryption,Industrial Equipment,2296.87,Y,1390,,15-05-2026,Cannot Determine,Valid,Unique,Valid
700711,510,21051,New Courtney Distribution Center,Australia,166207,User-centric uniform implementation,Apparel,1758.78,Y,1735,359,31-10-2025,Above Reorder Level,Valid,Unique,Valid
700712,510,21080,New Courtney Distribution Center,Australia,166207,Managed coherent structure,Groceries,1637.19,N,1100,237,10-11-2025,Above Reorder Level,Valid,Unique,Valid
700713,510,20993,New Courtney Distribution Center,Australia,166207,Implemented attitude-oriented implementation,Groceries,1771.86,N,775,216,20-06-2026,Above Reorder Level,Valid,Unique,Valid
700714,510,20543,New Courtney Distribution Center,Australia,166207,Down-sized zero tolerance encryption,Office Supplies,2310.73,N,645,,08-05-2026,Cannot Determine,Valid,Unique,Valid
700715,510,20109,New Courtney Distribution Center,Australia,166207,Grass-roots stable neural-net,Groceries,1708.67,Y,,32,15-03-2026,Cannot Determine,Valid,Unique,Valid
700716,510,20079,New Courtney Distribution Center,Australia,166207,Compatible solution-oriented framework,Groceries,2334.94,Y,3223,49,20-10-2025,Above Reorder Level,Valid,Unique,Valid
700717,510,20937,New Courtney Distribution Center,Australia,166207,Realigned real-time matrices,Pharmaceuticals,157.88,Y,2158,70,11-03-2026,Above Reorder Level,Valid,Unique,Valid
700718,510,21161,New Courtney Distribution Center,Australia,166207,Upgradable regional interface,Groceries,2244.55,N,4075,174,10-01-2026,Above Reorder Level,Valid,Unique,Valid
700719,510,20591,New Courtney Distribution Center,Australia,166207,Down-sized neutral core,Pharmaceuticals,1982.02,Y,161,316,12-10-2025,Below Reorder Level,Valid,Unique,Valid
700720,510,20636,New Courtney Distribution Center,Australia,166207,Business-focused explicit implementation,Industrial Equipment,294.12,Y,1595,395,19-08-2026,Above Reorder Level,Valid,Unique,Valid
700721,510,21151,New Courtney Distribution Center,Australia,166207,Organic client-driven orchestration,Office Supplies,780.78,Y,3385,167,14-02-2026,Above Reorder Level,Valid,Unique,Valid
700722,510,21468,New Courtney Distribution Center,Australia,166207,Phased value-added challenge,Sporting Goods,2380.46,Y,243,337,05-02-2026,Below Reorder Level,Valid,Unique,Valid
700723,510,20859,New Courtney Distribution Center,Australia,166207,Operative 4thgeneration access,Furniture,16.51,N,84,,25-03-2026,Cannot Determine,Valid,Unique,Valid
700724,510,20172,New Courtney Distribution Center,Australia,166207,Horizontal dedicated artificial intelligence,Furniture,1692.52,Y,1642,133,03-07-2026,Above Reorder Level,Valid,Unique,Valid
700725,510,20189,New Courtney Distribution Center,Australia,166207,Proactive homogeneous capacity,Groceries,2156.71,Y,1038,463,21-07-2026,Above Reorder Level,Valid,Unique,Valid
700726,510,20697,New Courtney Distribution Center,Australia,166207,Multi-layered stable concept,Industrial Equipment,1681.09,Y,2241,146,17-09-2025,Above Reorder Level,Valid,Unique,Valid
700727,510,20727,New Courtney Distribution Center,Australia,166207,Multi-layered eco-centric neural-net,Industrial Equipment,1185.45,N,183,351,24-06-2026,Below Reorder Level,Valid,Unique,Valid
700728,510,20621,New Courtney Distribution Center,Australia,166207,Self-enabling full-range extranet,Sporting Goods,199.8,Y,1927,428,01-09-2025,Above Reorder Level,Valid,Unique,Valid
700729,510,20780,New Courtney Distribution Center,Australia,166207,Networked content-based leverage,Groceries,383.69,N,274,433,27-04-2026,Below Reorder Level,Valid,Unique,Valid
700730,510,21104,New Courtney Distribution Center,Australia,166207,Multi-tiered interactive service-desk,Groceries,1666.75,Y,217,67,06-08-2026,Above Reorder Level,Valid,Unique,Valid
700731,510,20637,New Courtney Distribution Center,Australia,166207,Open-architected bandwidth-monitored process improvement,Sporting Goods,1174.16,N,218,314,07-07-2026,Below Reorder Level,Valid,Unique,Valid
700732,510,20650,New Courtney Distribution Center,Australia,166207,Sharable multimedia extranet,Office Supplies,2379.7,Y,2048,113,24-06-2026,Above Reorder Level,Valid,Unique,Valid
700733,510,20307,New Courtney Distribution Center,Australia,166207,Optional national adapter,Automotive Parts,915.73,Y,1330,484,10-04-2026,Above Reorder Level,Valid,Unique,Valid
700734,510,21043,New Courtney Distribution Center,Australia,166207,Function-based static leverage,Automotive Parts,156.69,Y,900,198,21-09-2025,Above Reorder Level,Valid,Unique,Valid
700735,510,20728,New Courtney Distribution Center,Australia,166207,Configurable client-driven system engine,Furniture,1131.3,N,540,64,14-06-2026,Above Reorder Level,Valid,Unique,Valid
700736,510,20524,New Courtney Distribution Center,Australia,166207,Cross-platform foreground circuit,Sporting Goods,725.08,N,2548,69,14-04-2026,Above Reorder Level,Valid,Unique,Valid
700737,510,20796,New Courtney Distribution Center,Australia,166207,Networked demand-driven capacity,Electronics,1973.44,N,606,396,10-07-2026,Above Reorder Level,Valid,Unique,Valid
700738,510,20373,New Courtney Distribution Center,Australia,166207,Realigned encompassing collaboration,Furniture,1856.43,N,2061,435,29-05-2026,Above Reorder Level,Valid,Unique,Valid
700739,510,20317,New Courtney Distribution Center,Australia,166207,Devolved 24/7 core,Furniture,2436.55,Y,703,276,13-07-2026,Above Reorder Level,Valid,Unique,Valid
700740,510,21127,New Courtney Distribution Center,Australia,166207,Networked mission-critical project,Office Supplies,38.82,Y,575,186,03-07-2026,Above Reorder Level,Valid,Unique,Valid
700741,510,20209,New Courtney Distribution Center,Australia,166207,Function-based motivating process improvement,Office Supplies,2021.15,Y,755,23,07-11-2025,Above Reorder Level,Valid,Unique,Valid
700742,510,20090,New Courtney Distribution Center,Australia,166207,Public-key reciprocal throughput,Electronics,449.04,N,436,447,15-08-2026,Below Reorder Level,Valid,Unique,Valid
700743,510,20110,New Courtney Distribution Center,Australia,166207,Enhanced secondary analyzer,Industrial Equipment,1536.04,Y,1673,47,13-02-2026,Above Reorder Level,Valid,Unique,Valid
700744,510,20622,New Courtney Distribution Center,Australia,166207,Fully-configurable bi-directional leverage,Industrial Equipment,1070.47,N,849,22,06-10-2025,Above Reorder Level,Valid,Unique,Valid
700745,510,20407,New Courtney Distribution Center,Australia,166207,Centralized hybrid task-force,Apparel,359.95,N,321,12,17-10-2025,Above Reorder Level,Valid,Unique,Valid
700746,510,20912,New Courtney Distribution Center,Australia,166207,Organic responsive ability,Electronics,1111.05,,2793,302,10-06-2026,Above Reorder Level,Valid,Unique,Valid
700747,510,21406,New Courtney Distribution Center,Australia,166207,Quality-focused bottom-line adapter,Toys,49.99,N,589,239,20-06-2026,Above Reorder Level,Valid,Unique,Valid
700748,510,20975,New Courtney Distribution Center,Australia,166207,Monitored client-server flexibility,Office Supplies,1510.5,Y,953,451,21-04-2026,Above Reorder Level,Valid,Unique,Valid
700749,510,21014,New Courtney Distribution Center,Australia,166207,Decentralized multi-tasking focus group,Electronics,277.26,Y,2879,194,28-03-2026,Above Reorder Level,Valid,Unique,Valid
700750,510,20941,New Courtney Distribution Center,Australia,166207,Advanced motivating superstructure,Industrial Equipment,2281.67,Y,1189,37,20-04-2026,Above Reorder Level,Valid,Unique,Valid
700751,511,21137,South Clintonmouth Distribution Center,Mexico,557396,Versatile web-enabled database,Toys,1748.74,N,774,31,26-07-2026,Above Reorder Level,Valid,Unique,Valid
700752,511,21430,South Clintonmouth Distribution Center,Mexico,557396,Digitized foreground circuit,Sporting Goods,925.18,N,17489,177,25-05-2026,Above Reorder Level,Valid,Unique,Valid
700753,511,21191,South Clintonmouth Distribution Center,Mexico,557396,Networked contextually-based hardware,Automotive Parts,1928.86,N,6148,429,18-01-2026,Above Reorder Level,Valid,Unique,Valid
700754,511,20995,South Clintonmouth Distribution Center,Mexico,557396,Mandatory 4thgeneration paradigm,Groceries,1621.66,N,2538,99,29-06-2026,Above Reorder Level,Valid,Unique,Valid
700755,511,20192,South Clintonmouth Distribution Center,Mexico,557396,Synergistic content-based instruction set,Office Supplies,2097.9,N,933,76,25-06-2026,Above Reorder Level,Valid,Unique,Valid
700756,511,20781,South Clintonmouth Distribution Center,Mexico,557396,Customer-focused full-range open system,Sporting Goods,834.42,N,9831,354,22-05-2026,Above Reorder Level,Valid,Unique,Valid
700757,511,20900,South Clintonmouth Distribution Center,Mexico,557396,Right-sized leadingedge support,Apparel,2332.34,Y,,475,30-01-2026,Cannot Determine,Valid,Unique,Valid
700758,511,20854,South Clintonmouth Distribution Center,Mexico,557396,Organic actuating policy,Electronics,2064.67,Y,4744,282,05-11-2025,Above Reorder Level,Valid,Unique,Valid
700759,511,20935,South Clintonmouth Distribution Center,Mexico,557396,Multi-tiered maximized function,Pharmaceuticals,500.28,N,13959,293,13-09-2025,Above Reorder Level,Valid,Unique,Valid
700760,511,20584,South Clintonmouth Distribution Center,Mexico,557396,Universal directional emulation,Electronics,2104,N,9670,35,20-01-2026,Above Reorder Level,Valid,Unique,Valid
700761,511,20217,South Clintonmouth Distribution Center,Mexico,557396,Optional client-server firmware,Pharmaceuticals,385.95,N,1024,393,02-02-2026,Above Reorder Level,Valid,Unique,Valid
700762,511,21013,South Clintonmouth Distribution Center,Mexico,557396,Devolved 4thgeneration portal,Office Supplies,104.67,N,2324,,18-11-2025,Cannot Determine,Valid,Unique,Valid
700763,511,20254,South Clintonmouth Distribution Center,Mexico,557396,Secured local Graphic Interface,Industrial Equipment,99.9,N,1778,197,16-06-2026,Above Reorder Level,Valid,Unique,Valid
700764,511,21403,South Clintonmouth Distribution Center,Mexico,557396,Managed mission-critical collaboration,Automotive Parts,914.31,N,8477,278,08-04-2026,Above Reorder Level,Valid,Unique,Valid
700765,511,21087,South Clintonmouth Distribution Center,Mexico,557396,Mandatory interactive service-desk,Furniture,2396.65,Y,212,33,26-08-2026,Above Reorder Level,Valid,Unique,Valid
700766,511,20870,South Clintonmouth Distribution Center,Mexico,557396,Inverse context-sensitive access,Electronics,800.96,N,5250,172,07-01-2026,Above Reorder Level,Valid,Unique,Valid
700767,511,20444,South Clintonmouth Distribution Center,Mexico,557396,Focused grid-enabled framework,Furniture,1956.75,Y,8944,33,10-03-2026,Above Reorder Level,Valid,Unique,Valid
700768,511,20704,South Clintonmouth Distribution Center,Mexico,557396,Sharable dynamic analyzer,Furniture,271.39,Y,13028,415,14-12-2025,Above Reorder Level,Valid,Unique,Valid
700769,511,20380,South Clintonmouth Distribution Center,Mexico,557396,Realigned 6thgeneration middleware,Sporting Goods,,N,2605,336,25-05-2026,Above Reorder Level,Valid,Unique,Valid
700770,511,20930,South Clintonmouth Distribution Center,Mexico,557396,Polarized 3rdgeneration task-force,Pharmaceuticals,1221.67,Y,10714,30,18-01-2026,Above Reorder Level,Valid,Unique,Valid
700771,511,20102,South Clintonmouth Distribution Center,Mexico,557396,Customizable coherent core,Automotive Parts,772.15,Y,730,142,27-12-2025,Above Reorder Level,Valid,Unique,Valid
700772,511,20196,South Clintonmouth Distribution Center,Mexico,557396,Organized dynamic hub,Apparel,1373.65,Y,11659,387,04-05-2026,Above Reorder Level,Valid,Unique,Valid
700773,511,20771,South Clintonmouth Distribution Center,Mexico,557396,Synergized web-enabled initiative,Furniture,380.87,N,849,448,03-10-2025,Above Reorder Level,Valid,Unique,Valid
700774,511,21308,South Clintonmouth Distribution Center,Mexico,557396,Enterprise-wide eco-centric matrix,Groceries,1888.41,Y,3150,322,10-12-2025,Above Reorder Level,Valid,Unique,Valid
700775,511,20234,South Clintonmouth Distribution Center,Mexico,557396,Pre-emptive logistical methodology,Industrial Equipment,1678.1,N,9931,217,25-11-2025,Above Reorder Level,Valid,Unique,Valid
700776,511,20811,South Clintonmouth Distribution Center,Mexico,557396,Innovative hybrid pricing structure,Automotive Parts,1842.82,N,1011,378,23-04-2026,Above Reorder Level,Valid,Unique,Valid
700777,511,20384,South Clintonmouth Distribution Center,Mexico,557396,Triple-buffered leadingedge task-force,Electronics,448.81,Y,1620,237,23-12-2025,Above Reorder Level,Valid,Unique,Valid
700778,511,20230,South Clintonmouth Distribution Center,Mexico,557396,Fundamental cohesive strategy,Furniture,392.5,Y,7971,63,11-08-2026,Above Reorder Level,Valid,Unique,Valid
700779,511,20204,South Clintonmouth Distribution Center,Mexico,557396,Cross-platform next generation approach,Industrial Equipment,260.68,Y,7922,224,05-04-2026,Above Reorder Level,Valid,Unique,Valid
700780,511,20272,South Clintonmouth Distribution Center,Mexico,557396,Exclusive mobile knowledge user,Industrial Equipment,85.96,N,6377,42,11-03-2026,Above Reorder Level,Valid,Unique,Valid
700781,511,20142,South Clintonmouth Distribution Center,Mexico,557396,Synergized bottom-line monitoring,Office Supplies,219.39,Y,7367,265,12-12-2025,Above Reorder Level,Valid,Unique,Valid
700782,511,21293,South Clintonmouth Distribution Center,Mexico,557396,Seamless dedicated array,Sporting Goods,1776.73,Y,4869,301,05-04-2026,Above Reorder Level,Valid,Unique,Valid
700783,511,20486,South Clintonmouth Distribution Center,Mexico,557396,De-engineered well-modulated challenge,Toys,1212.05,Y,1805,391,24-07-2026,Above Reorder Level,Valid,Unique,Valid
700784,511,20593,South Clintonmouth Distribution Center,Mexico,557396,Synergistic systemic portal,Office Supplies,2370.38,Y,2639,104,22-09-2025,Above Reorder Level,Valid,Unique,Valid
700785,511,20083,South Clintonmouth Distribution Center,Mexico,557396,Function-based regional migration,Toys,776.8,N,,115,20-07-2026,Cannot Determine,Valid,Unique,Valid
700786,511,20376,South Clintonmouth Distribution Center,Mexico,557396,Business-focused leadingedge website,Electronics,1143.34,Y,14877,173,12-03-2026,Above Reorder Level,Valid,Unique,Valid
700787,511,20980,South Clintonmouth Distribution Center,Mexico,557396,Vision-oriented tangible instruction set,Automotive Parts,1247.63,N,5448,126,08-11-2025,Above Reorder Level,Valid,Unique,Valid
700788,511,20830,South Clintonmouth Distribution Center,Mexico,557396,Synergistic value-added Local Area Network,Groceries,,Y,3187,82,12-08-2026,Above Reorder Level,Valid,Unique,Valid
700789,511,20062,South Clintonmouth Distribution Center,Mexico,557396,Networked fresh-thinking orchestration,Toys,2407,,3857,353,18-09-2025,Above Reorder Level,Valid,Unique,Valid
700790,511,20491,South Clintonmouth Distribution Center,Mexico,557396,Secured static process improvement,Industrial Equipment,557.57,Y,18311,393,11-12-2025,Above Reorder Level,Valid,Unique,Valid
700791,511,20879,South Clintonmouth Distribution Center,Mexico,557396,Public-key non-volatile concept,Office Supplies,1095.49,Y,1036,321,05-09-2025,Above Reorder Level,Valid,Unique,Valid
700792,511,21170,South Clintonmouth Distribution Center,Mexico,557396,Ergonomic transitional hub,Industrial Equipment,2374.26,N,5491,330,15-08-2026,Above Reorder Level,Valid,Unique,Valid
700793,511,20019,South Clintonmouth Distribution Center,Mexico,557396,Cross-platform well-modulated archive,Industrial Equipment,530.12,Y,4387,427,07-04-2026,Above Reorder Level,Valid,Unique,Valid
700794,511,20846,South Clintonmouth Distribution Center,Mexico,557396,Future-proofed coherent intranet,Furniture,2354.31,N,5882,20,27-05-2026,Above Reorder Level,Valid,Unique,Valid
700795,511,21404,South Clintonmouth Distribution Center,Mexico,557396,Fully-configurable analyzing moratorium,Electronics,2264.73,N,114,158,29-11-2025,Below Reorder Level,Valid,Unique,Valid
700796,511,20069,South Clintonmouth Distribution Center,Mexico,557396,Proactive scalable toolset,Groceries,2489.24,Y,12798,26,06-11-2025,Above Reorder Level,Valid,Unique,Valid
700797,511,20116,South Clintonmouth Distribution Center,Mexico,557396,Object-based uniform challenge,Groceries,2338.14,Y,16738,,19-09-2025,Cannot Determine,Valid,Unique,Valid
700798,511,21143,South Clintonmouth Distribution Center,Mexico,557396,Streamlined cohesive array,Furniture,1754.26,N,5181,279,01-04-2026,Above Reorder Level,Valid,Unique,Valid
700799,511,20849,South Clintonmouth Distribution Center,Mexico,557396,Public-key didactic intranet,Office Supplies,1245.52,Y,7423,327,10-08-2026,Above Reorder Level,Valid,Unique,Valid
700800,511,20140,South Clintonmouth Distribution Center,Mexico,557396,Reactive human-resource function,Sporting Goods,2373.24,Y,,401,25-03-2026,Cannot Determine,Valid,Unique,Valid
700801,511,21347,South Clintonmouth Distribution Center,Mexico,557396,Total 24/7 utilization,Groceries,779.37,N,7644,49,16-06-2026,Above Reorder Level,Valid,Unique,Valid
700802,511,21390,South Clintonmouth Distribution Center,Mexico,557396,Progressive client-driven superstructure,Pharmaceuticals,500.13,Y,1030,282,08-09-2025,Above Reorder Level,Valid,Unique,Valid
700803,511,21155,South Clintonmouth Distribution Center,Mexico,557396,Team-oriented bandwidth-monitored protocol,Office Supplies,1106.32,N,5343,488,05-12-2025,Above Reorder Level,Valid,Unique,Valid
700804,511,21493,South Clintonmouth Distribution Center,Mexico,557396,Customer-focused asynchronous hierarchy,Toys,,Y,5807,328,01-09-2025,Above Reorder Level,Valid,Unique,Valid
700805,511,20181,South Clintonmouth Distribution Center,Mexico,557396,Right-sized empowering collaboration,Furniture,1371.25,Y,3434,224,05-08-2026,Above Reorder Level,Valid,Unique,Valid
700806,511,21359,South Clintonmouth Distribution Center,Mexico,557396,Adaptive solution-oriented hardware,Sporting Goods,802.15,N,8298,225,13-11-2025,Above Reorder Level,Valid,Unique,Valid
700807,511,21218,South Clintonmouth Distribution Center,Mexico,557396,Synergized systematic monitoring,Industrial Equipment,2497.28,Y,16948,304,08-09-2025,Above Reorder Level,Valid,Unique,Valid
700808,511,20791,South Clintonmouth Distribution Center,Mexico,557396,Multi-layered multi-state access,Toys,1934.81,Y,16165,217,14-04-2026,Above Reorder Level,Valid,Unique,Valid
700809,511,21112,South Clintonmouth Distribution Center,Mexico,557396,Object-based mobile framework,Sporting Goods,1086.93,N,3729,234,18-02-2026,Above Reorder Level,Valid,Unique,Valid
700810,511,20013,South Clintonmouth Distribution Center,Mexico,557396,Devolved 4thgeneration attitude,Office Supplies,41.3,N,748,38,05-10-2025,Above Reorder Level,Valid,Unique,Valid
700811,511,20307,South Clintonmouth Distribution Center,Mexico,557396,Optional national adapter,Automotive Parts,915.73,Y,26067,474,22-03-2026,Above Reorder Level,Valid,Unique,Valid
700812,511,20623,South Clintonmouth Distribution Center,Mexico,557396,Front-line global application,Industrial Equipment,238.02,Y,11360,125,25-11-2025,Above Reorder Level,Valid,Unique,Valid
700813,511,21489,South Clintonmouth Distribution Center,Mexico,557396,Stand-alone impactful implementation,Office Supplies,1464.98,Y,828,129,29-12-2025,Above Reorder Level,Valid,Unique,Valid
700814,511,21275,South Clintonmouth Distribution Center,Mexico,557396,Business-focused systematic Graphical User Interface,Automotive Parts,1061.86,N,15782,38,10-05-2026,Above Reorder Level,Valid,Unique,Valid
700815,511,21102,South Clintonmouth Distribution Center,Mexico,557396,Up-sized object-oriented benchmark,Industrial Equipment,1298.8,Y,12690,65,09-08-2026,Above Reorder Level,Valid,Unique,Valid
700816,511,20402,South Clintonmouth Distribution Center,Mexico,557396,Organic client-server throughput,Automotive Parts,2424.09,Y,4552,360,17-10-2025,Above Reorder Level,Valid,Unique,Valid
700817,511,21055,South Clintonmouth Distribution Center,Mexico,557396,Customizable explicit array,Electronics,2261,Y,5567,293,15-07-2026,Above Reorder Level,Valid,Unique,Valid
700818,511,20462,South Clintonmouth Distribution Center,Mexico,557396,Upgradable intangible complexity,Electronics,1351.24,Y,3168,386,20-02-2026,Above Reorder Level,Valid,Unique,Valid
700819,511,21007,South Clintonmouth Distribution Center,Mexico,557396,Mandatory foreground encoding,Pharmaceuticals,762.9,N,350,405,23-04-2026,Below Reorder Level,Valid,Unique,Valid
700820,511,20591,South Clintonmouth Distribution Center,Mexico,557396,Down-sized neutral core,Pharmaceuticals,1982.02,Y,2540,486,26-02-2026,Above Reorder Level,Valid,Unique,Valid
700821,511,20835,South Clintonmouth Distribution Center,Mexico,557396,Inverse static synergy,Pharmaceuticals,541.67,N,10104,58,07-01-2026,Above Reorder Level,Valid,Unique,Valid
700822,511,20856,South Clintonmouth Distribution Center,Mexico,557396,Multi-tiered zero administration customer loyalty,Furniture,1078.15,N,29,137,03-12-2025,Below Reorder Level,Valid,Unique,Valid
700823,511,20165,South Clintonmouth Distribution Center,Mexico,557396,Fully-configurable multi-state structure,Automotive Parts,889.5,N,2525,424,23-01-2026,Above Reorder Level,Valid,Unique,Valid
700824,511,21146,South Clintonmouth Distribution Center,Mexico,557396,Profit-focused exuding hierarchy,Apparel,1482.41,,3160,314,07-02-2026,Above Reorder Level,Valid,Unique,Valid
700825,511,21310,South Clintonmouth Distribution Center,Mexico,557396,Customizable bandwidth-monitored secured line,Apparel,2231.81,Y,4797,12,02-09-2026,Above Reorder Level,Valid,Unique,Valid
700826,512,21082,Michaelland Distribution Center,Brazil,295431,Face-to-face tangible support,Apparel,875.62,N,6744,421,21-02-2026,Above Reorder Level,Valid,Unique,Valid
700827,512,20017,Michaelland Distribution Center,Brazil,295431,Synergistic fresh-thinking collaboration,Toys,1014.39,N,1136,388,21-11-2025,Above Reorder Level,Valid,Unique,Valid
700828,512,20553,Michaelland Distribution Center,Brazil,295431,User-centric national open system,Furniture,1224.37,Y,1139,211,26-12-2025,Above Reorder Level,Valid,Unique,Valid
700829,512,21379,Michaelland Distribution Center,Brazil,295431,Digitized mission-critical array,Industrial Equipment,1336.62,Y,3574,468,23-03-2026,Above Reorder Level,Valid,Unique,Valid
700830,512,20641,Michaelland Distribution Center,Brazil,295431,Networked maximized utilization,Pharmaceuticals,2202.5,Y,1608,249,09-10-2025,Above Reorder Level,Valid,Unique,Valid
700831,512,20908,Michaelland Distribution Center,Brazil,295431,Business-focused static encryption,Furniture,528.42,N,680,123,18-02-2026,Above Reorder Level,Valid,Unique,Valid
700832,512,20970,Michaelland Distribution Center,Brazil,295431,Public-key stable implementation,Apparel,1204.97,N,1609,276,05-10-2025,Above Reorder Level,Valid,Unique,Valid
700833,512,20171,Michaelland Distribution Center,Brazil,295431,Reverse-engineered fresh-thinking website,Office Supplies,13.66,Y,406,409,29-07-2026,Below Reorder Level,Valid,Unique,Valid
700834,512,20307,Michaelland Distribution Center,Brazil,295431,Optional national adapter,Automotive Parts,915.73,Y,519,70,26-01-2026,Above Reorder Level,Valid,Unique,Valid
700835,512,21285,Michaelland Distribution Center,Brazil,295431,Exclusive methodical strategy,Groceries,1855.43,N,1843,131,08-10-2025,Above Reorder Level,Valid,Unique,Valid
700836,512,20352,Michaelland Distribution Center,Brazil,295431,Switchable maximized capacity,Pharmaceuticals,1942.38,N,1451,392,23-07-2026,Above Reorder Level,Valid,Unique,Valid
700837,512,20400,Michaelland Distribution Center,Brazil,295431,Persevering multi-state utilization,Sporting Goods,2240.03,N,6582,103,29-11-2025,Above Reorder Level,Valid,Unique,Valid
700838,512,20165,Michaelland Distribution Center,Brazil,295431,Fully-configurable multi-state structure,Automotive Parts,889.5,N,1202,191,18-11-2025,Above Reorder Level,Valid,Unique,Valid
700839,512,20170,Michaelland Distribution Center,Brazil,295431,Fundamental context-sensitive software,Apparel,1224.96,N,2322,150,09-06-2026,Above Reorder Level,Valid,Unique,Valid
700840,512,20355,Michaelland Distribution Center,Brazil,295431,Streamlined user-facing hierarchy,Industrial Equipment,609.13,N,2673,244,30-05-2026,Above Reorder Level,Valid,Unique,Valid
700841,512,20730,Michaelland Distribution Center,Brazil,295431,Programmable heuristic emulation,Pharmaceuticals,1281.63,N,35,455,16-10-2025,Below Reorder Level,Valid,Unique,Valid
700842,512,21498,Michaelland Distribution Center,Brazil,295431,Advanced web-enabled function,Electronics,29.96,Y,2910,183,06-12-2025,Above Reorder Level,Valid,Unique,Valid
700843,512,20074,Michaelland Distribution Center,Brazil,295431,Cross-group transitional paradigm,Industrial Equipment,,Y,524,436,16-02-2026,Above Reorder Level,Valid,Unique,Valid
700844,512,20120,Michaelland Distribution Center,Brazil,295431,Vision-oriented multi-tasking extranet,Industrial Equipment,56.74,N,8673,425,18-09-2025,Above Reorder Level,Valid,Unique,Valid
700845,512,21177,Michaelland Distribution Center,Brazil,295431,Customizable systemic neural-net,Furniture,2426.97,N,430,363,20-10-2025,Above Reorder Level,Valid,Unique,Valid
700846,512,20301,Michaelland Distribution Center,Brazil,295431,Up-sized logistical system engine,Toys,528.01,Y,1431,450,25-09-2025,Above Reorder Level,Valid,Unique,Valid
700847,512,20835,Michaelland Distribution Center,Brazil,295431,Inverse static synergy,Pharmaceuticals,541.67,N,238,30,21-09-2025,Above Reorder Level,Valid,Unique,Valid
700848,512,20423,Michaelland Distribution Center,Brazil,295431,Innovative attitude-oriented alliance,Sporting Goods,1481.22,N,15412,306,22-04-2026,Above Reorder Level,Valid,Unique,Valid
700849,512,20918,Michaelland Distribution Center,Brazil,295431,Profit-focused attitude-oriented interface,Furniture,267.95,Y,1864,292,15-11-2025,Above Reorder Level,Valid,Unique,Valid
700850,512,20671,Michaelland Distribution Center,Brazil,295431,Re-contextualized full-range pricing structure,Toys,969.31,N,2418,185,02-12-2025,Above Reorder Level,Valid,Unique,Valid
700851,512,20224,Michaelland Distribution Center,Brazil,295431,Intuitive user-facing matrix,Office Supplies,420.15,Y,186,412,09-07-2026,Below Reorder Level,Valid,Unique,Valid
700852,512,20042,Michaelland Distribution Center,Brazil,295431,Seamless systematic help-desk,Sporting Goods,936.55,Y,3704,231,20-04-2026,Above Reorder Level,Valid,Unique,Valid
700853,512,20683,Michaelland Distribution Center,Brazil,295431,Realigned bifurcated circuit,Apparel,1018.05,Y,630,455,27-03-2026,Above Reorder Level,Valid,Unique,Valid
700854,512,20906,Michaelland Distribution Center,Brazil,295431,Upgradable full-range Graphical User Interface,Electronics,9.16,Y,6101,198,06-02-2026,Above Reorder Level,Valid,Unique,Valid
700855,512,21283,Michaelland Distribution Center,Brazil,295431,Customizable empowering standardization,Office Supplies,25.17,,613,434,19-02-2026,Above Reorder Level,Valid,Unique,Valid
700856,512,20972,Michaelland Distribution Center,Brazil,295431,Open-source web-enabled superstructure,Industrial Equipment,259.03,N,565,68,09-07-2026,Above Reorder Level,Valid,Unique,Valid
700857,512,20767,Michaelland Distribution Center,Brazil,295431,De-engineered fault-tolerant support,Industrial Equipment,2397.67,Y,99,411,16-03-2026,Below Reorder Level,Valid,Unique,Valid
700858,512,20282,Michaelland Distribution Center,Brazil,295431,Progressive responsive project,Furniture,1843.31,Y,1707,477,12-04-2026,Above Reorder Level,Valid,Unique,Valid
700859,512,21058,Michaelland Distribution Center,Brazil,295431,User-friendly bifurcated orchestration,Electronics,1382.13,Y,2223,290,21-07-2026,Above Reorder Level,Valid,Unique,Valid
700860,512,20303,Michaelland Distribution Center,Brazil,295431,Fundamental global workforce,Automotive Parts,574.93,Y,182,198,03-03-2026,Below Reorder Level,Valid,Unique,Valid
700861,512,21476,Michaelland Distribution Center,Brazil,295431,Profit-focused cohesive access,Pharmaceuticals,294.07,N,3992,107,23-07-2026,Above Reorder Level,Valid,Unique,Valid
700862,512,20947,Michaelland Distribution Center,Brazil,295431,Automated bottom-line info-mediaries,Apparel,2047.99,N,1613,227,24-06-2026,Above Reorder Level,Valid,Unique,Valid
700863,512,20162,Michaelland Distribution Center,Brazil,295431,Open-architected dedicated product,Industrial Equipment,1458.39,N,1986,311,20-02-2026,Above Reorder Level,Valid,Unique,Valid
700864,512,21298,Michaelland Distribution Center,Brazil,295431,Centralized multimedia interface,Groceries,2491.72,Y,1553,225,17-11-2025,Above Reorder Level,Valid,Unique,Valid
700865,512,20570,Michaelland Distribution Center,Brazil,295431,Virtual hybrid monitoring,Office Supplies,629.66,N,1368,230,20-07-2026,Above Reorder Level,Valid,Unique,Valid
700866,512,20034,Michaelland Distribution Center,Brazil,295431,Universal human-resource matrix,Pharmaceuticals,2411.51,Y,2191,436,25-03-2026,Above Reorder Level,Valid,Unique,Valid
700867,512,20289,Michaelland Distribution Center,Brazil,295431,Reactive asynchronous analyzer,Toys,461.42,N,451,274,01-07-2026,Above Reorder Level,Valid,Unique,Valid
700868,512,20823,Michaelland Distribution Center,Brazil,295431,Decentralized holistic archive,Groceries,1484.29,N,537,40,08-04-2026,Above Reorder Level,Valid,Unique,Valid
700869,512,21401,Michaelland Distribution Center,Brazil,295431,Polarized well-modulated open system,Industrial Equipment,444.73,Y,5288,364,08-04-2026,Above Reorder Level,Valid,Unique,Valid
700870,512,20713,Michaelland Distribution Center,Brazil,295431,Cloned composite migration,Groceries,1295.17,N,7805,233,15-09-2025,Above Reorder Level,Valid,Unique,Valid
700871,512,20132,Michaelland Distribution Center,Brazil,295431,Quality-focused interactive leverage,Office Supplies,1743.6,Y,1249,140,11-02-2026,Above Reorder Level,Valid,Unique,Valid
700872,512,20517,Michaelland Distribution Center,Brazil,295431,Down-sized executive circuit,Office Supplies,58.33,N,844,277,10-10-2025,Above Reorder Level,Valid,Unique,Valid
700873,512,20764,Michaelland Distribution Center,Brazil,295431,Operative demand-driven intranet,Toys,988.87,N,2760,479,07-04-2026,Above Reorder Level,Valid,Unique,Valid
700874,512,21367,Michaelland Distribution Center,Brazil,295431,Enhanced eco-centric adapter,Industrial Equipment,391.51,N,1404,229,24-10-2025,Above Reorder Level,Valid,Unique,Valid
700875,512,20439,Michaelland Distribution Center,Brazil,295431,Innovative object-oriented support,Sporting Goods,1136.18,N,69,126,08-02-2026,Below Reorder Level,Valid,Unique,Valid
700876,512,21235,Michaelland Distribution Center,Brazil,295431,Innovative mission-critical frame,Sporting Goods,2163.79,N,454,13,07-04-2026,Above Reorder Level,Valid,Unique,Valid
700877,512,20362,Michaelland Distribution Center,Brazil,295431,Operative modular framework,Groceries,,N,3363,285,26-03-2026,Above Reorder Level,Valid,Unique,Valid
700878,512,20413,Michaelland Distribution Center,Brazil,295431,Total neutral framework,Pharmaceuticals,779.82,Y,2874,363,15-06-2026,Above Reorder Level,Valid,Unique,Valid
700879,512,20323,Michaelland Distribution Center,Brazil,295431,Cross-group exuding throughput,Groceries,890.08,N,73,277,24-12-2025,Below Reorder Level,Valid,Unique,Valid
700880,512,20782,Michaelland Distribution Center,Brazil,295431,Organized scalable framework,Toys,1012.58,Y,671,166,02-05-2026,Above Reorder Level,Valid,Unique,Valid
700881,512,21189,Michaelland Distribution Center,Brazil,295431,Robust bandwidth-monitored application,Sporting Goods,2085.91,N,,464,02-10-2025,Cannot Determine,Valid,Unique,Valid
700882,512,21080,Michaelland Distribution Center,Brazil,295431,Managed coherent structure,Groceries,1637.19,N,2978,466,14-12-2025,Above Reorder Level,Valid,Unique,Valid
700883,512,21468,Michaelland Distribution Center,Brazil,295431,Phased value-added challenge,Sporting Goods,2380.46,Y,53,225,05-11-2025,Below Reorder Level,Valid,Unique,Valid
700884,512,21277,Michaelland Distribution Center,Brazil,295431,Advanced intermediate matrices,Furniture,1097.49,N,294,442,16-06-2026,Below Reorder Level,Valid,Unique,Valid
700885,512,21039,Michaelland Distribution Center,Brazil,295431,Cross-group bi-directional Internet solution,Industrial Equipment,2406.46,N,4299,324,02-10-2025,Above Reorder Level,Valid,Unique,Valid
700886,512,21493,Michaelland Distribution Center,Brazil,295431,Customer-focused asynchronous hierarchy,Toys,,Y,526,472,10-08-2026,Above Reorder Level,Valid,Unique,Valid
700887,512,21356,Michaelland Distribution Center,Brazil,295431,Devolved encompassing utilization,Groceries,617.06,N,2826,471,07-11-2025,Above Reorder Level,Valid,Unique,Valid
700888,512,20500,Michaelland Distribution Center,Brazil,295431,Stand-alone next generation artificial intelligence,Sporting Goods,1350.01,Y,727,287,03-11-2025,Above Reorder Level,Valid,Unique,Valid
700889,512,20325,Michaelland Distribution Center,Brazil,295431,Optimized 3rdgeneration budgetary management,Office Supplies,1398.44,N,280,442,01-07-2026,Below Reorder Level,Valid,Unique,Valid
700890,512,20172,Michaelland Distribution Center,Brazil,295431,Horizontal dedicated artificial intelligence,Furniture,1692.52,Y,744,484,16-05-2026,Above Reorder Level,Valid,Unique,Valid
700891,512,21053,Michaelland Distribution Center,Brazil,295431,Realigned intermediate workforce,Electronics,1633.77,Y,3423,141,10-07-2026,Above Reorder Level,Valid,Unique,Valid
700892,512,20311,Michaelland Distribution Center,Brazil,295431,Open-architected stable synergy,Office Supplies,1621.85,Y,5172,33,22-05-2026,Above Reorder Level,Valid,Unique,Valid
700893,512,21253,Michaelland Distribution Center,Brazil,295431,Innovative high-level interface,Automotive Parts,573.35,Y,4738,287,28-12-2025,Above Reorder Level,Valid,Unique,Valid
700894,512,20594,Michaelland Distribution Center,Brazil,295431,Re-contextualized context-sensitive architecture,Groceries,1753.75,Y,1352,158,02-10-2025,Above Reorder Level,Valid,Unique,Valid
700895,512,21069,Michaelland Distribution Center,Brazil,295431,Intuitive client-server frame,Toys,2136.73,N,2947,148,01-09-2025,Above Reorder Level,Valid,Unique,Valid
700896,512,20335,Michaelland Distribution Center,Brazil,295431,Upgradable neutral frame,Furniture,1330.09,N,613,85,10-12-2025,Above Reorder Level,Valid,Unique,Valid
700897,512,21364,Michaelland Distribution Center,Brazil,295431,Implemented fresh-thinking approach,Groceries,1144.17,Y,927,366,01-12-2025,Above Reorder Level,Valid,Unique,Valid
700898,512,20806,Michaelland Distribution Center,Brazil,295431,Re-contextualized mobile knowledgebase,Electronics,1088.36,Y,6056,310,22-01-2026,Above Reorder Level,Valid,Unique,Valid
700899,512,21200,Michaelland Distribution Center,Brazil,295431,Up-sized scalable hub,Apparel,1282.56,Y,35,145,17-07-2026,Below Reorder Level,Valid,Unique,Valid
700900,512,20725,Michaelland Distribution Center,Brazil,295431,Extended fault-tolerant interface,Sporting Goods,2421.02,Y,239,408,21-01-2026,Below Reorder Level,Valid,Unique,Valid
700901,513,20646,Goodmouth Distribution Center,Brazil,309119,Reverse-engineered content-based benchmark,Sporting Goods,1905.39,Y,969,174,15-12-2025,Above Reorder Level,Valid,Unique,Valid
700902,513,20475,Goodmouth Distribution Center,Brazil,309119,Implemented mobile algorithm,Industrial Equipment,610.62,Y,112,55,15-11-2025,Above Reorder Level,Valid,Unique,Valid
700903,513,20107,Goodmouth Distribution Center,Brazil,309119,Diverse encompassing challenge,Sporting Goods,2256.44,Y,832,272,28-10-2025,Above Reorder Level,Valid,Unique,Valid
700904,513,20245,Goodmouth Distribution Center,Brazil,309119,Managed 4thgeneration forecast,Groceries,1116.66,N,3636,439,11-06-2026,Above Reorder Level,Valid,Unique,Valid
700905,513,20730,Goodmouth Distribution Center,Brazil,309119,Programmable heuristic emulation,Pharmaceuticals,1281.63,N,2274,249,22-06-2026,Above Reorder Level,Valid,Unique,Valid
700906,513,21010,Goodmouth Distribution Center,Brazil,309119,Multi-channeled full-range workforce,Furniture,1245.58,Y,9277,303,31-01-2026,Above Reorder Level,Valid,Unique,Valid
700907,513,21403,Goodmouth Distribution Center,Brazil,309119,Managed mission-critical collaboration,Automotive Parts,914.31,N,7069,388,04-10-2025,Above Reorder Level,Valid,Unique,Valid
700908,513,21177,Goodmouth Distribution Center,Brazil,309119,Customizable systemic neural-net,Furniture,2426.97,N,1739,270,23-10-2025,Above Reorder Level,Valid,Unique,Valid
700909,513,20825,Goodmouth Distribution Center,Brazil,309119,Visionary zero-defect Graphic Interface,Toys,2162.51,Y,1248,18,10-05-2026,Above Reorder Level,Valid,Unique,Valid
700910,513,21323,Goodmouth Distribution Center,Brazil,309119,Cross-platform asynchronous moratorium,Furniture,2434,N,1985,104,24-08-2026,Above Reorder Level,Valid,Unique,Valid
700911,513,20559,Goodmouth Distribution Center,Brazil,309119,Intuitive systemic Graphical User Interface,Office Supplies,1688.21,Y,3709,158,16-05-2026,Above Reorder Level,Valid,Unique,Valid
700912,513,20957,Goodmouth Distribution Center,Brazil,309119,Self-enabling tertiary service-desk,Toys,2348.6,N,1297,190,19-04-2026,Above Reorder Level,Valid,Unique,Valid
700913,513,21104,Goodmouth Distribution Center,Brazil,309119,Multi-tiered interactive service-desk,Groceries,1666.75,Y,4067,479,16-02-2026,Above Reorder Level,Valid,Unique,Valid
700914,513,21217,Goodmouth Distribution Center,Brazil,309119,Polarized modular migration,Toys,1451.23,Y,2189,135,24-10-2025,Above Reorder Level,Valid,Unique,Valid
700915,513,21112,Goodmouth Distribution Center,Brazil,309119,Object-based mobile framework,Sporting Goods,1086.93,N,3338,299,02-08-2026,Above Reorder Level,Valid,Unique,Valid
700916,513,21107,Goodmouth Distribution Center,Brazil,309119,Business-focused bottom-line migration,Toys,1112.12,Y,2381,497,16-08-2026,Above Reorder Level,Valid,Unique,Valid
700917,513,21005,Goodmouth Distribution Center,Brazil,309119,Mandatory real-time interface,Sporting Goods,1485.82,,1450,475,23-01-2026,Above Reorder Level,Valid,Unique,Valid
700918,513,20941,Goodmouth Distribution Center,Brazil,309119,Advanced motivating superstructure,Industrial Equipment,2281.67,Y,12325,31,02-03-2026,Above Reorder Level,Valid,Unique,Valid
700919,513,20745,Goodmouth Distribution Center,Brazil,309119,Exclusive systematic groupware,Groceries,1297.29,Y,5995,385,25-12-2025,Above Reorder Level,Valid,Unique,Valid
700920,513,20003,Goodmouth Distribution Center,Brazil,309119,Up-sized modular focus group,Pharmaceuticals,523.8,N,627,465,16-02-2026,Above Reorder Level,Valid,Unique,Valid
700921,513,20308,Goodmouth Distribution Center,Brazil,309119,Adaptive hybrid budgetary management,Office Supplies,,Y,8432,175,17-09-2025,Above Reorder Level,Valid,Unique,Valid
700922,513,21046,Goodmouth Distribution Center,Brazil,309119,Up-sized mobile array,Apparel,1456.11,N,2778,35,17-04-2026,Above Reorder Level,Valid,Unique,Valid
700923,513,20741,Goodmouth Distribution Center,Brazil,309119,Configurable zero tolerance focus group,Pharmaceuticals,2443.15,N,9350,384,27-07-2026,Above Reorder Level,Valid,Unique,Valid
700924,513,21311,Goodmouth Distribution Center,Brazil,309119,Advanced systemic neural-net,Electronics,1901.94,N,6687,191,02-08-2026,Above Reorder Level,Valid,Unique,Valid
700925,513,20803,Goodmouth Distribution Center,Brazil,309119,Adaptive client-server knowledge user,Automotive Parts,1836.23,Y,2302,358,03-08-2026,Above Reorder Level,Valid,Unique,Valid
700926,513,20341,Goodmouth Distribution Center,Brazil,309119,Optimized object-oriented functionalities,Furniture,752.23,N,94,162,25-12-2025,Below Reorder Level,Valid,Unique,Valid
700927,513,21319,Goodmouth Distribution Center,Brazil,309119,De-engineered responsive synergy,Apparel,1439.91,N,1301,423,23-02-2026,Above Reorder Level,Valid,Unique,Valid
700928,513,21212,Goodmouth Distribution Center,Brazil,309119,Cross-group composite orchestration,Apparel,1518.59,Y,3242,394,20-09-2025,Above Reorder Level,Valid,Unique,Valid
700929,513,20091,Goodmouth Distribution Center,Brazil,309119,Optional non-volatile superstructure,Pharmaceuticals,1041.81,Y,,184,01-08-2026,Cannot Determine,Valid,Unique,Valid
700930,513,21029,Goodmouth Distribution Center,Brazil,309119,Ergonomic transitional circuit,Electronics,1571.34,N,1240,472,07-11-2025,Above Reorder Level,Valid,Unique,Valid
700931,513,21473,Goodmouth Distribution Center,Brazil,309119,Horizontal bifurcated collaboration,Groceries,1266.87,,624,243,01-06-2026,Above Reorder Level,Valid,Unique,Valid
700932,513,20065,Goodmouth Distribution Center,Brazil,309119,Mandatory modular middleware,Sporting Goods,1137.83,N,7488,466,18-11-2025,Above Reorder Level,Valid,Unique,Valid
700933,513,21301,Goodmouth Distribution Center,Brazil,309119,Grass-roots grid-enabled structure,Office Supplies,1132.51,N,17294,133,05-09-2025,Above Reorder Level,Valid,Unique,Valid
700934,513,21266,Goodmouth Distribution Center,Brazil,309119,Reactive modular website,Electronics,1415.16,N,3100,282,03-04-2026,Above Reorder Level,Valid,Unique,Valid
700935,513,20404,Goodmouth Distribution Center,Brazil,309119,Programmable asymmetric artificial intelligence,Apparel,680.2,Y,783,,26-07-2026,Cannot Determine,Valid,Unique,Valid
700936,513,20315,Goodmouth Distribution Center,Brazil,309119,Team-oriented systematic infrastructure,Electronics,1742.94,,1321,117,01-05-2026,Above Reorder Level,Valid,Unique,Valid
700937,513,20953,Goodmouth Distribution Center,Brazil,309119,Multi-layered tangible approach,Toys,,N,77,280,16-11-2025,Below Reorder Level,Valid,Unique,Valid
700938,513,21164,Goodmouth Distribution Center,Brazil,309119,Diverse impactful knowledgebase,Pharmaceuticals,685.86,N,10212,316,23-08-2026,Above Reorder Level,Valid,Unique,Valid
700939,513,20066,Goodmouth Distribution Center,Brazil,309119,Virtual static Graphical User Interface,Office Supplies,2125.57,N,521,57,03-01-2026,Above Reorder Level,Valid,Unique,Valid
700940,513,20601,Goodmouth Distribution Center,Brazil,309119,Seamless eco-centric software,Pharmaceuticals,1178.39,Y,3571,374,25-05-2026,Above Reorder Level,Valid,Unique,Valid
700941,513,21277,Goodmouth Distribution Center,Brazil,309119,Advanced intermediate matrices,Furniture,1097.49,N,1331,354,02-02-2026,Above Reorder Level,Valid,Unique,Valid
700942,513,20882,Goodmouth Distribution Center,Brazil,309119,Networked systematic throughput,Groceries,99.65,Y,3358,231,16-08-2026,Above Reorder Level,Valid,Unique,Valid
700943,513,20643,Goodmouth Distribution Center,Brazil,309119,Cross-platform global projection,Office Supplies,1925.7,Y,4381,75,07-08-2026,Above Reorder Level,Valid,Unique,Valid
700944,513,20193,Goodmouth Distribution Center,Brazil,309119,Enterprise-wide incremental utilization,Apparel,2173.8,Y,7359,361,20-07-2026,Above Reorder Level,Valid,Unique,Valid
700945,513,20008,Goodmouth Distribution Center,Brazil,309119,Robust impactful matrix,Furniture,492.09,N,961,253,12-12-2025,Above Reorder Level,Valid,Unique,Valid
700946,513,21007,Goodmouth Distribution Center,Brazil,309119,Mandatory foreground encoding,Pharmaceuticals,762.9,N,46,91,13-01-2026,Below Reorder Level,Valid,Unique,Valid
700947,513,21132,Goodmouth Distribution Center,Brazil,309119,Total 3rdgeneration infrastructure,Apparel,361.14,Y,612,214,29-01-2026,Above Reorder Level,Valid,Unique,Valid
700948,513,21136,Goodmouth Distribution Center,Brazil,309119,Universal solution-oriented capability,Sporting Goods,1154.51,Y,9572,407,22-02-2026,Above Reorder Level,Valid,Unique,Valid
700949,513,20969,Goodmouth Distribution Center,Brazil,309119,Team-oriented exuding middleware,Electronics,2246.63,N,8607,125,21-03-2026,Above Reorder Level,Valid,Unique,Valid
700950,513,20830,Goodmouth Distribution Center,Brazil,309119,Synergistic value-added Local Area Network,Groceries,,Y,,402,22-12-2025,Cannot Determine,Valid,Unique,Valid
700951,513,20052,Goodmouth Distribution Center,Brazil,309119,Front-line secondary function,Office Supplies,1734.2,N,3814,202,16-02-2026,Above Reorder Level,Valid,Unique,Valid
700952,513,20296,Goodmouth Distribution Center,Brazil,309119,Customizable user-facing protocol,Automotive Parts,2448.47,Y,4546,461,10-09-2025,Above Reorder Level,Valid,Unique,Valid
700953,513,20743,Goodmouth Distribution Center,Brazil,309119,Compatible high-level alliance,Apparel,234.92,Y,801,406,14-12-2025,Above Reorder Level,Valid,Unique,Valid
700954,513,21055,Goodmouth Distribution Center,Brazil,309119,Customizable explicit array,Electronics,2261,Y,10218,248,21-06-2026,Above Reorder Level,Valid,Unique,Valid
700955,513,20336,Goodmouth Distribution Center,Brazil,309119,Automated mobile initiative,Industrial Equipment,1916.18,Y,2255,112,21-04-2026,Above Reorder Level,Valid,Unique,Valid
700956,513,21368,Goodmouth Distribution Center,Brazil,309119,Public-key stable time-frame,Automotive Parts,2350.8,Y,2008,35,19-11-2025,Above Reorder Level,Valid,Unique,Valid
700957,513,21482,Goodmouth Distribution Center,Brazil,309119,Cross-group multi-state implementation,Industrial Equipment,760.86,N,3041,199,18-05-2026,Above Reorder Level,Valid,Unique,Valid
700958,513,20455,Goodmouth Distribution Center,Brazil,309119,Phased didactic knowledge user,Automotive Parts,1739.74,N,200,443,27-06-2026,Below Reorder Level,Valid,Unique,Valid
700959,513,20983,Goodmouth Distribution Center,Brazil,309119,Down-sized context-sensitive hub,Toys,1175.79,N,756,197,07-01-2026,Above Reorder Level,Valid,Unique,Valid
700960,513,21386,Goodmouth Distribution Center,Brazil,309119,Robust content-based architecture,Toys,1054.01,N,5568,472,15-06-2026,Above Reorder Level,Valid,Unique,Valid
700961,513,20795,Goodmouth Distribution Center,Brazil,309119,Polarized value-added architecture,Sporting Goods,588.48,Y,359,109,05-06-2026,Above Reorder Level,Valid,Unique,Valid
700962,513,20900,Goodmouth Distribution Center,Brazil,309119,Right-sized leadingedge support,Apparel,2332.34,Y,3842,414,29-01-2026,Above Reorder Level,Valid,Unique,Valid
700963,513,21487,Goodmouth Distribution Center,Brazil,309119,Compatible system-worthy Local Area Network,Apparel,,N,1170,175,13-07-2026,Above Reorder Level,Valid,Unique,Valid
700964,513,20098,Goodmouth Distribution Center,Brazil,309119,Expanded incremental flexibility,Pharmaceuticals,1033.82,N,2050,271,13-12-2025,Above Reorder Level,Valid,Unique,Valid
700965,513,21086,Goodmouth Distribution Center,Brazil,309119,Ameliorated neutral infrastructure,Industrial Equipment,948.34,Y,1416,26,27-06-2026,Above Reorder Level,Valid,Unique,Valid
700966,513,21230,Goodmouth Distribution Center,Brazil,309119,Multi-channeled actuating interface,Electronics,689.7,N,1827,449,23-09-2025,Above Reorder Level,Valid,Unique,Valid
700967,513,20350,Goodmouth Distribution Center,Brazil,309119,Face-to-face optimizing software,Office Supplies,214.53,Y,5277,194,17-12-2025,Above Reorder Level,Valid,Unique,Valid
700968,513,21298,Goodmouth Distribution Center,Brazil,309119,Centralized multimedia interface,Groceries,2491.72,Y,1465,388,28-01-2026,Above Reorder Level,Valid,Unique,Valid
700969,513,20752,Goodmouth Distribution Center,Brazil,309119,Horizontal grid-enabled toolset,Office Supplies,685.89,Y,3473,277,12-11-2025,Above Reorder Level,Valid,Unique,Valid
700970,513,20943,Goodmouth Distribution Center,Brazil,309119,Open-architected intangible infrastructure,Sporting Goods,377.96,N,2687,136,14-10-2025,Above Reorder Level,Valid,Unique,Valid
700971,513,20112,Goodmouth Distribution Center,Brazil,309119,Ameliorated analyzing artificial intelligence,Pharmaceuticals,1955.23,N,4529,236,23-12-2025,Above Reorder Level,Valid,Unique,Valid
700972,513,20272,Goodmouth Distribution Center,Brazil,309119,Exclusive mobile knowledge user,Industrial Equipment,85.96,N,11480,407,13-11-2025,Above Reorder Level,Valid,Unique,Valid
700973,513,20375,Goodmouth Distribution Center,Brazil,309119,Synchronized bi-directional strategy,Industrial Equipment,1529.54,Y,5482,291,22-08-2026,Above Reorder Level,Valid,Unique,Valid
700974,513,20769,Goodmouth Distribution Center,Brazil,309119,Switchable heuristic Graphical User Interface,Furniture,957.16,,1006,,03-06-2026,Cannot Determine,Valid,Unique,Valid
700975,513,20717,Goodmouth Distribution Center,Brazil,309119,Enhanced fresh-thinking structure,Pharmaceuticals,599.07,Y,132,457,26-06-2026,Below Reorder Level,Valid,Unique,Valid
700976,514,20241,Williamsport Distribution Center,China,598464,Adaptive multi-tasking throughput,Electronics,1819.11,Y,1654,122,07-03-2026,Above Reorder Level,Valid,Unique,Valid
700977,514,20636,Williamsport Distribution Center,China,598464,Business-focused explicit implementation,Industrial Equipment,294.12,Y,4917,203,09-10-2025,Above Reorder Level,Valid,Unique,Valid
700978,514,20611,Williamsport Distribution Center,China,598464,Organized foreground ability,Furniture,2301.19,N,287,414,24-05-2026,Below Reorder Level,Valid,Unique,Valid
700979,514,20748,Williamsport Distribution Center,China,598464,Ergonomic tertiary portal,Groceries,505.85,N,3731,456,29-08-2026,Above Reorder Level,Valid,Unique,Valid
700980,514,21058,Williamsport Distribution Center,China,598464,User-friendly bifurcated orchestration,Electronics,1382.13,Y,4941,469,22-01-2026,Above Reorder Level,Valid,Unique,Valid
700981,514,21267,Williamsport Distribution Center,China,598464,Synergized transitional capacity,Apparel,835.71,Y,2213,29,04-05-2026,Above Reorder Level,Valid,Unique,Valid
700982,514,21339,Williamsport Distribution Center,China,598464,Object-based modular software,Toys,1243.84,Y,8015,428,09-01-2026,Above Reorder Level,Valid,Unique,Valid
700983,514,20360,Williamsport Distribution Center,China,598464,Exclusive cohesive portal,Toys,579.46,Y,613,233,26-06-2026,Above Reorder Level,Valid,Unique,Valid
700984,514,21445,Williamsport Distribution Center,China,598464,Reduced transitional instruction set,Groceries,2317.52,N,425,337,10-01-2026,Above Reorder Level,Valid,Unique,Valid
700985,514,20969,Williamsport Distribution Center,China,598464,Team-oriented exuding middleware,Electronics,2246.63,N,7085,331,31-03-2026,Above Reorder Level,Valid,Unique,Valid
700986,514,20727,Williamsport Distribution Center,China,598464,Multi-layered eco-centric neural-net,Industrial Equipment,1185.45,N,3721,338,28-12-2025,Above Reorder Level,Valid,Unique,Valid
700987,514,20617,Williamsport Distribution Center,China,598464,Managed fault-tolerant architecture,Toys,747.77,N,6342,219,28-01-2026,Above Reorder Level,Valid,Unique,Valid
700988,514,21395,Williamsport Distribution Center,China,598464,De-engineered dynamic throughput,Apparel,770.29,N,3104,425,15-09-2025,Above Reorder Level,Valid,Unique,Valid
700989,514,21222,Williamsport Distribution Center,China,598464,Optimized tangible monitoring,Industrial Equipment,614.13,Y,1539,421,05-08-2026,Above Reorder Level,Valid,Unique,Valid
700990,514,20975,Williamsport Distribution Center,China,598464,Monitored client-server flexibility,Office Supplies,1510.5,Y,9300,465,03-08-2026,Above Reorder Level,Valid,Unique,Valid
700991,514,20141,Williamsport Distribution Center,China,598464,Sharable tangible hierarchy,Toys,1059.59,N,8738,385,02-08-2026,Above Reorder Level,Valid,Unique,Valid
700992,514,20448,Williamsport Distribution Center,China,598464,Programmable user-facing encryption,Office Supplies,658.04,N,6453,356,22-11-2025,Above Reorder Level,Valid,Unique,Valid
700993,514,20952,Williamsport Distribution Center,China,598464,Pre-emptive scalable solution,Office Supplies,1942.65,,1728,279,19-11-2025,Above Reorder Level,Valid,Unique,Valid
700994,514,20983,Williamsport Distribution Center,China,598464,Down-sized context-sensitive hub,Toys,1175.79,N,4852,139,30-05-2026,Above Reorder Level,Valid,Unique,Valid
700995,514,20705,Williamsport Distribution Center,China,598464,Virtual reciprocal parallelism,Industrial Equipment,1939.82,Y,2436,303,26-10-2025,Above Reorder Level,Valid,Unique,Valid
700996,514,20327,Williamsport Distribution Center,China,598464,Total leadingedge matrix,Sporting Goods,,Y,522,448,27-03-2026,Above Reorder Level,Valid,Unique,Valid
700997,514,20893,Williamsport Distribution Center,China,598464,Integrated disintermediate support,Apparel,2394.13,N,13558,117,22-01-2026,Above Reorder Level,Valid,Unique,Valid
700998,514,21012,Williamsport Distribution Center,China,598464,Total impactful success,Pharmaceuticals,439.03,N,800,298,08-12-2025,Above Reorder Level,Valid,Unique,Valid
700999,514,20689,Williamsport Distribution Center,China,598464,Up-sized context-sensitive Graphical User Interface,Sporting Goods,2449.14,N,16320,45,02-12-2025,Above Reorder Level,Valid,Unique,Valid
701000,514,20152,Williamsport Distribution Center,China,598464,Managed transitional interface,Sporting Goods,922.14,Y,3212,369,21-10-2025,Above Reorder Level,Valid,Unique,Valid
701001,514,20875,Williamsport Distribution Center,China,598464,Secured holistic analyzer,Furniture,1813.93,N,1114,69,03-09-2025,Above Reorder Level,Valid,Unique,Valid
701002,514,20626,Williamsport Distribution Center,China,598464,Right-sized regional intranet,Industrial Equipment,464.35,N,4246,189,28-10-2025,Above Reorder Level,Valid,Unique,Valid
701003,514,21487,Williamsport Distribution Center,China,598464,Compatible system-worthy Local Area Network,Apparel,,N,11221,21,21-08-2026,Above Reorder Level,Valid,Unique,Valid
701004,514,20263,Williamsport Distribution Center,China,598464,Ameliorated demand-driven complexity,Office Supplies,1496.53,Y,7166,,16-10-2025,Cannot Determine,Valid,Unique,Valid
701005,514,20676,Williamsport Distribution Center,China,598464,Team-oriented discrete Local Area Network,Electronics,2155.21,N,8935,376,03-10-2025,Above Reorder Level,Valid,Unique,Valid
701006,514,20333,Williamsport Distribution Center,China,598464,Optional intangible methodology,Electronics,2002.95,Y,5848,433,06-12-2025,Above Reorder Level,Valid,Unique,Valid
701007,514,20078,Williamsport Distribution Center,China,598464,Expanded grid-enabled utilization,Apparel,1238.23,Y,6410,58,07-01-2026,Above Reorder Level,Valid,Unique,Valid
701008,514,21143,Williamsport Distribution Center,China,598464,Streamlined cohesive array,Furniture,1754.26,N,10289,323,01-08-2026,Above Reorder Level,Valid,Unique,Valid
701009,514,20134,Williamsport Distribution Center,China,598464,Digitized high-level leverage,Furniture,244.27,N,1562,305,20-04-2026,Above Reorder Level,Valid,Unique,Valid
701010,514,21019,Williamsport Distribution Center,China,598464,Ergonomic 24hour productivity,Pharmaceuticals,1184,Y,,441,07-04-2026,Cannot Determine,Valid,Unique,Valid
701011,514,20660,Williamsport Distribution Center,China,598464,Robust global frame,Industrial Equipment,749.41,N,1360,250,11-11-2025,Above Reorder Level,Valid,Unique,Valid
701012,514,20729,Williamsport Distribution Center,China,598464,Configurable explicit intranet,Groceries,1377.28,Y,23907,206,22-04-2026,Above Reorder Level,Valid,Unique,Valid
701013,514,21473,Williamsport Distribution Center,China,598464,Horizontal bifurcated collaboration,Groceries,1266.87,,15683,236,23-11-2025,Above Reorder Level,Valid,Unique,Valid
701014,514,21404,Williamsport Distribution Center,China,598464,Fully-configurable analyzing moratorium,Electronics,2264.73,N,219,356,23-01-2026,Below Reorder Level,Valid,Unique,Valid
701015,514,21247,Williamsport Distribution Center,China,598464,Pre-emptive dedicated artificial intelligence,Office Supplies,661.97,N,6650,483,16-09-2025,Above Reorder Level,Valid,Unique,Valid
701016,514,20513,Williamsport Distribution Center,China,598464,Optional contextually-based instruction set,Groceries,,N,14106,36,25-09-2025,Above Reorder Level,Valid,Unique,Valid
701017,514,20007,Williamsport Distribution Center,China,598464,Multi-channeled methodical secured line,Groceries,,N,1083,329,22-10-2025,Above Reorder Level,Valid,Unique,Valid
701018,514,21154,Williamsport Distribution Center,China,598464,Public-key multimedia database,Office Supplies,536.02,Y,4564,221,04-02-2026,Above Reorder Level,Valid,Unique,Valid
701019,514,20060,Williamsport Distribution Center,China,598464,Phased optimizing adapter,Groceries,416.62,N,,375,17-11-2025,Cannot Determine,Valid,Unique,Valid
701020,514,20039,Williamsport Distribution Center,China,598464,Realigned cohesive middleware,Pharmaceuticals,93.84,Y,188,324,06-11-2025,Below Reorder Level,Valid,Unique,Valid
701021,514,20340,Williamsport Distribution Center,China,598464,Centralized multi-tasking adapter,Electronics,2399.64,N,6502,500,06-07-2026,Above Reorder Level,Valid,Unique,Valid
701022,514,21371,Williamsport Distribution Center,China,598464,Multi-tiered solution-oriented extranet,Toys,2388.38,Y,1919,362,16-09-2025,Above Reorder Level,Valid,Unique,Valid
701023,514,20927,Williamsport Distribution Center,China,598464,Phased leadingedge interface,Automotive Parts,358.27,Y,14045,84,28-09-2025,Above Reorder Level,Valid,Unique,Valid
701024,514,21007,Williamsport Distribution Center,China,598464,Mandatory foreground encoding,Pharmaceuticals,762.9,N,19267,361,16-06-2026,Above Reorder Level,Valid,Unique,Valid
701025,514,20616,Williamsport Distribution Center,China,598464,Fully-configurable dedicated concept,Furniture,224.79,Y,15703,224,26-10-2025,Above Reorder Level,Valid,Unique,Valid
701026,514,21428,Williamsport Distribution Center,China,598464,Compatible zero tolerance ability,Sporting Goods,589.41,Y,3497,,04-04-2026,Cannot Determine,Valid,Unique,Valid
701027,514,21106,Williamsport Distribution Center,China,598464,Multi-channeled methodical conglomeration,Industrial Equipment,706.03,Y,10774,495,22-10-2025,Above Reorder Level,Valid,Unique,Valid
701028,514,20805,Williamsport Distribution Center,China,598464,Fully-configurable multi-tasking groupware,Sporting Goods,2387.72,Y,10124,300,05-09-2025,Above Reorder Level,Valid,Unique,Valid
701029,514,20698,Williamsport Distribution Center,China,598464,Progressive regional Internet solution,Office Supplies,2138.99,N,2090,366,12-06-2026,Above Reorder Level,Valid,Unique,Valid
701030,514,20479,Williamsport Distribution Center,China,598464,Enterprise-wide user-facing matrix,Electronics,870.94,N,9603,220,10-01-2026,Above Reorder Level,Valid,Unique,Valid
701031,514,20219,Williamsport Distribution Center,China,598464,De-engineered modular focus group,Office Supplies,172.3,Y,205,451,04-06-2026,Below Reorder Level,Valid,Unique,Valid
701032,514,20649,Williamsport Distribution Center,China,598464,Ergonomic object-oriented capacity,Office Supplies,1883.51,N,4933,424,22-12-2025,Above Reorder Level,Valid,Unique,Valid
701033,514,21155,Williamsport Distribution Center,China,598464,Team-oriented bandwidth-monitored protocol,Office Supplies,1106.32,N,1422,88,24-08-2026,Above Reorder Level,Valid,Unique,Valid
701034,514,20763,Williamsport Distribution Center,China,598464,Optimized zero administration standardization,Office Supplies,111.94,N,699,146,08-11-2025,Above Reorder Level,Valid,Unique,Valid
701035,514,21316,Williamsport Distribution Center,China,598464,Multi-layered disintermediate projection,Office Supplies,2262.02,Y,436,440,25-10-2025,Below Reorder Level,Valid,Unique,Valid
701036,514,20121,Williamsport Distribution Center,China,598464,Proactive background encoding,Toys,935.23,N,6482,208,10-04-2026,Above Reorder Level,Valid,Unique,Valid
701037,514,20883,Williamsport Distribution Center,China,598464,Team-oriented client-driven groupware,Furniture,2473.86,N,2259,44,13-01-2026,Above Reorder Level,Valid,Unique,Valid
701038,514,21244,Williamsport Distribution Center,China,598464,Adaptive grid-enabled success,Office Supplies,495.1,N,7017,41,01-10-2025,Above Reorder Level,Valid,Unique,Valid
701039,514,21180,Williamsport Distribution Center,China,598464,Managed zero-defect flexibility,Sporting Goods,2004.12,Y,368,311,28-08-2026,Above Reorder Level,Valid,Unique,Valid
701040,514,20245,Williamsport Distribution Center,China,598464,Managed 4thgeneration forecast,Groceries,1116.66,N,2060,105,02-05-2026,Above Reorder Level,Valid,Unique,Valid
701041,514,20170,Williamsport Distribution Center,China,598464,Fundamental context-sensitive software,Apparel,1224.96,N,4218,287,08-08-2026,Above Reorder Level,Valid,Unique,Valid
701042,514,21479,Williamsport Distribution Center,China,598464,Fundamental object-oriented middleware,Automotive Parts,1889.99,Y,8507,472,26-03-2026,Above Reorder Level,Valid,Unique,Valid
701043,514,21370,Williamsport Distribution Center,China,598464,Up-sized value-added solution,Apparel,1594.72,Y,2088,151,25-07-2026,Above Reorder Level,Valid,Unique,Valid
701044,514,20793,Williamsport Distribution Center,China,598464,Object-based cohesive budgetary management,Groceries,503.95,N,5348,285,22-03-2026,Above Reorder Level,Valid,Unique,Valid
701045,514,20211,Williamsport Distribution Center,China,598464,Synchronized holistic capacity,Apparel,2035.44,N,11810,83,09-09-2025,Above Reorder Level,Valid,Unique,Valid
701046,514,20366,Williamsport Distribution Center,China,598464,Diverse context-sensitive middleware,Industrial Equipment,1631.88,Y,5204,220,21-06-2026,Above Reorder Level,Valid,Unique,Valid
701047,514,20996,Williamsport Distribution Center,China,598464,Front-line mission-critical matrix,Sporting Goods,668.36,Y,1443,427,05-05-2026,Above Reorder Level,Valid,Unique,Valid
701048,514,21325,Williamsport Distribution Center,China,598464,Up-sized methodical task-force,Pharmaceuticals,2141.9,N,134,14,02-05-2026,Above Reorder Level,Valid,Unique,Valid
701049,514,20247,Williamsport Distribution Center,China,598464,Object-based holistic parallelism,Pharmaceuticals,1295.68,N,11101,76,23-06-2026,Above Reorder Level,Valid,Unique,Valid
701050,514,20175,Williamsport Distribution Center,China,598464,Face-to-face 3rdgeneration adapter,Furniture,49.77,Y,117,300,11-11-2025,Below Reorder Level,Valid,Unique,Valid
701051,515,20677,South Michael Distribution Center,France,547105,Secured didactic encoding,Apparel,229.38,Y,9903,22,19-09-2025,Above Reorder Level,Valid,Unique,Valid
701052,515,20277,South Michael Distribution Center,France,547105,Optional responsive interface,Industrial Equipment,2033.24,Y,3589,473,18-03-2026,Above Reorder Level,Valid,Unique,Valid
701053,515,21100,South Michael Distribution Center,France,547105,User-friendly dedicated support,Automotive Parts,1806.89,N,13341,238,16-03-2026,Above Reorder Level,Valid,Unique,Valid
701054,515,21439,South Michael Distribution Center,France,547105,Robust scalable groupware,Groceries,653.95,N,7645,238,16-11-2025,Above Reorder Level,Valid,Unique,Valid
701055,515,21220,South Michael Distribution Center,France,547105,Advanced reciprocal core,Furniture,1279.32,Y,29477,175,31-08-2026,Above Reorder Level,Valid,Unique,Valid
701056,515,20158,South Michael Distribution Center,France,547105,Assimilated well-modulated application,Office Supplies,257.58,N,2059,,16-12-2025,Cannot Determine,Valid,Unique,Valid
701057,515,21054,South Michael Distribution Center,France,547105,Focused directional firmware,Pharmaceuticals,1368.62,Y,6949,479,01-03-2026,Above Reorder Level,Valid,Unique,Valid
701058,515,20944,South Michael Distribution Center,France,547105,User-friendly holistic info-mediaries,Electronics,1302.69,Y,2451,390,14-02-2026,Above Reorder Level,Valid,Unique,Valid
701059,515,20194,South Michael Distribution Center,France,547105,Digitized 4thgeneration frame,Toys,1609.01,Y,3117,58,16-04-2026,Above Reorder Level,Valid,Unique,Valid
701060,515,20653,South Michael Distribution Center,France,547105,Enterprise-wide dynamic challenge,Office Supplies,1006.2,N,4709,474,18-09-2025,Above Reorder Level,Valid,Unique,Valid
701061,515,20728,South Michael Distribution Center,France,547105,Configurable client-driven system engine,Furniture,1131.3,N,9865,474,23-08-2026,Above Reorder Level,Valid,Unique,Valid
701062,515,21497,South Michael Distribution Center,France,547105,Cloned didactic policy,Apparel,1456.14,N,19741,46,04-03-2026,Above Reorder Level,Valid,Unique,Valid
701063,515,20232,South Michael Distribution Center,France,547105,Proactive 6thgeneration intranet,Toys,1432.65,N,6972,229,22-12-2025,Above Reorder Level,Valid,Unique,Valid
701064,515,20060,South Michael Distribution Center,France,547105,Phased optimizing adapter,Groceries,416.62,N,2579,247,24-01-2026,Above Reorder Level,Valid,Unique,Valid
701065,515,21230,South Michael Distribution Center,France,547105,Multi-channeled actuating interface,Electronics,689.7,N,2608,339,24-08-2026,Above Reorder Level,Valid,Unique,Valid
701066,515,21376,South Michael Distribution Center,France,547105,Versatile hybrid collaboration,Furniture,876.59,Y,6379,232,16-01-2026,Above Reorder Level,Valid,Unique,Valid
701067,515,20053,South Michael Distribution Center,France,547105,Reverse-engineered attitude-oriented solution,Groceries,1734.2,N,1301,323,21-12-2025,Above Reorder Level,Valid,Unique,Valid
701068,515,20463,South Michael Distribution Center,France,547105,Digitized motivating capacity,Automotive Parts,834.93,Y,558,21,24-03-2026,Above Reorder Level,Valid,Unique,Valid
701069,515,20727,South Michael Distribution Center,France,547105,Multi-layered eco-centric neural-net,Industrial Equipment,1185.45,N,2088,338,04-02-2026,Above Reorder Level,Valid,Unique,Valid
701070,515,20313,South Michael Distribution Center,France,547105,Innovative regional pricing structure,Electronics,2424.35,Y,1614,108,08-05-2026,Above Reorder Level,Valid,Unique,Valid
701071,515,20810,South Michael Distribution Center,France,547105,Total transitional utilization,Furniture,1851.97,N,1676,126,01-09-2025,Above Reorder Level,Valid,Unique,Valid
701072,515,20997,South Michael Distribution Center,France,547105,Synergistic well-modulated attitude,Groceries,1079.82,N,1269,75,20-08-2026,Above Reorder Level,Valid,Unique,Valid
701073,515,20804,South Michael Distribution Center,France,547105,Cloned impactful portal,Apparel,1245.82,Y,205,191,19-04-2026,Above Reorder Level,Valid,Unique,Valid
701074,515,20937,South Michael Distribution Center,France,547105,Realigned real-time matrices,Pharmaceuticals,157.88,Y,86,337,15-11-2025,Below Reorder Level,Valid,Unique,Valid
701075,515,20641,South Michael Distribution Center,France,547105,Networked maximized utilization,Pharmaceuticals,2202.5,Y,20979,,27-01-2026,Cannot Determine,Valid,Unique,Valid
701076,515,20789,South Michael Distribution Center,France,547105,Implemented stable moderator,Apparel,1835.37,N,2662,336,28-10-2025,Above Reorder Level,Valid,Unique,Valid
701077,515,20198,South Michael Distribution Center,France,547105,Persevering attitude-oriented access,Apparel,1790.35,N,2313,377,07-05-2026,Above Reorder Level,Valid,Unique,Valid
701078,515,20748,South Michael Distribution Center,France,547105,Ergonomic tertiary portal,Groceries,505.85,N,5428,394,08-01-2026,Above Reorder Level,Valid,Unique,Valid
701079,515,20949,South Michael Distribution Center,France,547105,Virtual intermediate extranet,Toys,408.32,N,1174,,24-05-2026,Cannot Determine,Valid,Unique,Valid
701080,515,20114,South Michael Distribution Center,France,547105,Cloned incremental hierarchy,Industrial Equipment,1324.52,N,14280,414,12-03-2026,Above Reorder Level,Valid,Unique,Valid
701081,515,20927,South Michael Distribution Center,France,547105,Phased leadingedge interface,Automotive Parts,358.27,Y,7359,211,31-12-2025,Above Reorder Level,Valid,Unique,Valid
701082,515,20540,South Michael Distribution Center,France,547105,Organized attitude-oriented productivity,Pharmaceuticals,,N,447,319,05-11-2025,Above Reorder Level,Valid,Unique,Valid
701083,515,20201,South Michael Distribution Center,France,547105,Extended transitional info-mediaries,Toys,271.2,N,2577,165,15-06-2026,Above Reorder Level,Valid,Unique,Valid
701084,515,20516,South Michael Distribution Center,France,547105,Customizable bandwidth-monitored moratorium,Pharmaceuticals,894.77,N,10075,432,03-02-2026,Above Reorder Level,Valid,Unique,Valid
701085,515,21408,South Michael Distribution Center,France,547105,Implemented bi-directional migration,Sporting Goods,1381.85,N,13806,128,27-03-2026,Above Reorder Level,Valid,Unique,Valid
701086,515,20794,South Michael Distribution Center,France,547105,De-engineered national instruction set,Groceries,2171.17,Y,3004,271,17-06-2026,Above Reorder Level,Valid,Unique,Valid
701087,515,21122,South Michael Distribution Center,France,547105,Stand-alone static migration,Pharmaceuticals,1297.59,Y,4531,78,15-01-2026,Above Reorder Level,Valid,Unique,Valid
701088,515,20670,South Michael Distribution Center,France,547105,Team-oriented full-range paradigm,Sporting Goods,1262.9,Y,871,495,25-03-2026,Above Reorder Level,Valid,Unique,Valid
701089,515,20777,South Michael Distribution Center,France,547105,Robust real-time orchestration,Industrial Equipment,1061.19,N,22550,242,08-07-2026,Above Reorder Level,Valid,Unique,Valid
701090,515,21183,South Michael Distribution Center,France,547105,Face-to-face homogeneous benchmark,Furniture,2078.7,Y,1257,166,16-11-2025,Above Reorder Level,Valid,Unique,Valid
701091,515,20586,South Michael Distribution Center,France,547105,Grass-roots modular strategy,Furniture,753.62,N,,144,31-07-2026,Cannot Determine,Valid,Unique,Valid
701092,515,20886,South Michael Distribution Center,France,547105,Polarized asymmetric groupware,Toys,267.89,Y,5001,185,22-10-2025,Above Reorder Level,Valid,Unique,Valid
701093,515,21372,South Michael Distribution Center,France,547105,Self-enabling scalable portal,Furniture,2057.55,Y,4462,336,10-02-2026,Above Reorder Level,Valid,Unique,Valid
701094,515,20534,South Michael Distribution Center,France,547105,Open-source scalable emulation,Office Supplies,2115.48,Y,3427,441,25-06-2026,Above Reorder Level,Valid,Unique,Valid
701095,515,21082,South Michael Distribution Center,France,547105,Face-to-face tangible support,Apparel,875.62,N,1250,178,25-02-2026,Above Reorder Level,Valid,Unique,Valid
701096,515,20451,South Michael Distribution Center,France,547105,Multi-lateral logistical attitude,Groceries,1300.84,N,926,181,19-04-2026,Above Reorder Level,Valid,Unique,Valid
701097,515,20200,South Michael Distribution Center,France,547105,Team-oriented hybrid software,Furniture,637.21,Y,1188,388,20-12-2025,Above Reorder Level,Valid,Unique,Valid
701098,515,21176,South Michael Distribution Center,France,547105,Future-proofed bottom-line monitoring,Furniture,1184.98,N,984,303,30-06-2026,Above Reorder Level,Valid,Unique,Valid
701099,515,20767,South Michael Distribution Center,France,547105,De-engineered fault-tolerant support,Industrial Equipment,2397.67,Y,7210,276,29-01-2026,Above Reorder Level,Valid,Unique,Valid
701100,515,20864,South Michael Distribution Center,France,547105,Operative multimedia benchmark,Toys,208.37,Y,2055,137,16-03-2026,Above Reorder Level,Valid,Unique,Valid
701101,515,20726,South Michael Distribution Center,France,547105,Multi-tiered object-oriented complexity,Office Supplies,1272.52,N,284,341,20-05-2026,Below Reorder Level,Valid,Unique,Valid
701102,515,20899,South Michael Distribution Center,France,547105,Automated disintermediate success,Automotive Parts,377.25,N,16579,394,18-05-2026,Above Reorder Level,Valid,Unique,Valid
701103,515,20330,South Michael Distribution Center,France,547105,Implemented non-volatile infrastructure,Electronics,1647.91,N,10262,115,20-02-2026,Above Reorder Level,Valid,Unique,Valid
701104,515,21099,South Michael Distribution Center,France,547105,Digitized demand-driven data-warehouse,Industrial Equipment,2239.21,Y,12529,309,20-09-2025,Above Reorder Level,Valid,Unique,Valid
701105,515,21391,South Michael Distribution Center,France,547105,Versatile 24/7 portal,Furniture,61.54,Y,25175,279,07-05-2026,Above Reorder Level,Valid,Unique,Valid
701106,515,20642,South Michael Distribution Center,France,547105,Optimized regional process improvement,Industrial Equipment,1077.69,N,911,318,18-02-2026,Above Reorder Level,Valid,Unique,Valid
701107,515,21034,South Michael Distribution Center,France,547105,Reactive maximized concept,Apparel,965.78,Y,2406,300,09-11-2025,Above Reorder Level,Valid,Unique,Valid
701108,515,20675,South Michael Distribution Center,France,547105,Adaptive scalable definition,Industrial Equipment,2074.57,Y,6770,99,03-05-2026,Above Reorder Level,Valid,Unique,Valid
701109,515,20460,South Michael Distribution Center,France,547105,Proactive scalable interface,Electronics,373.84,N,5678,172,27-11-2025,Above Reorder Level,Valid,Unique,Valid
701110,515,20117,South Michael Distribution Center,France,547105,Front-line bifurcated orchestration,Industrial Equipment,2369,N,797,292,21-04-2026,Above Reorder Level,Valid,Unique,Valid
701111,515,21051,South Michael Distribution Center,France,547105,User-centric uniform implementation,Apparel,1758.78,Y,8067,473,17-07-2026,Above Reorder Level,Valid,Unique,Valid
701112,515,21068,South Michael Distribution Center,France,547105,Advanced national knowledgebase,Electronics,1248.27,Y,1212,434,23-08-2026,Above Reorder Level,Valid,Unique,Valid
701113,515,20747,South Michael Distribution Center,France,547105,Visionary systemic focus group,Sporting Goods,2045.1,N,1208,393,30-01-2026,Above Reorder Level,Valid,Unique,Valid
701114,515,21335,South Michael Distribution Center,France,547105,Right-sized even-keeled standardization,Automotive Parts,2008.96,N,3671,36,08-10-2025,Above Reorder Level,Valid,Unique,Valid
701115,515,20820,South Michael Distribution Center,France,547105,Cloned tangible success,Sporting Goods,345.63,Y,4285,,07-01-2026,Cannot Determine,Valid,Unique,Valid
701116,515,20425,South Michael Distribution Center,France,547105,Up-sized uniform support,Industrial Equipment,2042.95,N,4137,214,09-08-2026,Above Reorder Level,Valid,Unique,Valid
701117,515,20141,South Michael Distribution Center,France,547105,Sharable tangible hierarchy,Toys,1059.59,N,457,,18-12-2025,Cannot Determine,Valid,Unique,Valid
701118,515,20340,South Michael Distribution Center,France,547105,Centralized multi-tasking adapter,Electronics,2399.64,N,10010,259,24-05-2026,Above Reorder Level,Valid,Unique,Valid
701119,515,20946,South Michael Distribution Center,France,547105,Reverse-engineered asynchronous installation,Industrial Equipment,2381.04,N,1472,477,19-01-2026,Above Reorder Level,Valid,Unique,Valid
701120,515,20553,South Michael Distribution Center,France,547105,User-centric national open system,Furniture,1224.37,Y,661,152,19-03-2026,Above Reorder Level,Valid,Unique,Valid
701121,515,20721,South Michael Distribution Center,France,547105,Open-architected scalable utilization,Apparel,948.55,N,10470,387,24-08-2026,Above Reorder Level,Valid,Unique,Valid
701122,515,21474,South Michael Distribution Center,France,547105,Centralized secondary alliance,Furniture,350.52,Y,14856,240,15-07-2026,Above Reorder Level,Valid,Unique,Valid
701123,515,20783,South Michael Distribution Center,France,547105,Cross-group composite benchmark,Apparel,2212.73,N,9447,258,22-01-2026,Above Reorder Level,Valid,Unique,Valid
701124,515,20017,South Michael Distribution Center,France,547105,Synergistic fresh-thinking collaboration,Toys,1014.39,N,7906,,02-03-2026,Cannot Determine,Valid,Unique,Valid
701125,515,21161,South Michael Distribution Center,France,547105,Upgradable regional interface,Groceries,2244.55,N,5077,433,19-03-2026,Above Reorder Level,Valid,Unique,Valid
701126,516,20450,Hunterview Distribution Center,Mexico,443699,Reduced content-based time-frame,Apparel,677.27,Y,2735,95,04-06-2026,Above Reorder Level,Valid,Unique,Valid
701127,516,20411,Hunterview Distribution Center,Mexico,443699,Switchable multi-state frame,Groceries,683.09,Y,311,441,31-05-2026,Below Reorder Level,Valid,Unique,Valid
701128,516,20822,Hunterview Distribution Center,Mexico,443699,Open-source well-modulated neural-net,Apparel,2315.11,Y,1794,17,12-05-2026,Above Reorder Level,Valid,Unique,Valid
701129,516,21424,Hunterview Distribution Center,Mexico,443699,Innovative regional forecast,Toys,915.54,Y,1594,432,15-08-2026,Above Reorder Level,Valid,Unique,Valid
701130,516,21111,Hunterview Distribution Center,Mexico,443699,Automated bottom-line encoding,Sporting Goods,2035.04,Y,1028,434,08-11-2026,Above Reorder Level,Future Restock Date,Unique,Valid
701131,516,20516,Hunterview Distribution Center,Mexico,443699,Customizable bandwidth-monitored moratorium,Pharmaceuticals,894.77,N,4392,295,13-04-2026,Above Reorder Level,Valid,Unique,Valid
701132,516,20955,Hunterview Distribution Center,Mexico,443699,User-centric dynamic encryption,Office Supplies,1976.69,N,2341,136,01-11-2025,Above Reorder Level,Valid,Unique,Valid
701133,516,21143,Hunterview Distribution Center,Mexico,443699,Streamlined cohesive array,Furniture,1754.26,N,289,442,21-08-2026,Below Reorder Level,Valid,Unique,Valid
701134,516,20136,Hunterview Distribution Center,Mexico,443699,Ameliorated secondary portal,Automotive Parts,1115.55,Y,850,104,09-04-2026,Above Reorder Level,Valid,Unique,Valid
701135,516,21151,Hunterview Distribution Center,Mexico,443699,Organic client-driven orchestration,Office Supplies,780.78,Y,3929,134,26-08-2026,Above Reorder Level,Valid,Unique,Valid
701136,516,20060,Hunterview Distribution Center,Mexico,443699,Phased optimizing adapter,Groceries,416.62,N,271,,22-07-2026,Cannot Determine,Valid,Unique,Valid
701137,516,20703,Hunterview Distribution Center,Mexico,443699,Intuitive radical interface,Toys,71.63,N,6511,,02-06-2026,Cannot Determine,Valid,Unique,Valid
701138,516,20749,Hunterview Distribution Center,Mexico,443699,Devolved web-enabled structure,Sporting Goods,2198.34,N,2336,27,06-05-2026,Above Reorder Level,Valid,Unique,Valid
701139,516,21277,Hunterview Distribution Center,Mexico,443699,Advanced intermediate matrices,Furniture,1097.49,N,2239,381,18-06-2026,Above Reorder Level,Valid,Unique,Valid
701140,516,21295,Hunterview Distribution Center,Mexico,443699,Progressive fault-tolerant standardization,Groceries,,N,3067,426,25-04-2026,Above Reorder Level,Valid,Unique,Valid
701141,516,20547,Hunterview Distribution Center,Mexico,443699,Streamlined composite ability,Automotive Parts,1385.68,N,,118,29-07-2026,Cannot Determine,Valid,Unique,Valid
701142,516,21398,Hunterview Distribution Center,Mexico,443699,Advanced bi-directional moratorium,Groceries,2440.36,N,1461,75,09-01-2026,Above Reorder Level,Valid,Unique,Valid
701143,516,20464,Hunterview Distribution Center,Mexico,443699,Pre-emptive transitional knowledgebase,Sporting Goods,202.98,N,3873,45,03-09-2026,Above Reorder Level,Valid,Unique,Valid
701144,516,20915,Hunterview Distribution Center,Mexico,443699,Digitized demand-driven capacity,Electronics,1002.21,Y,2851,253,03-02-2026,Above Reorder Level,Valid,Unique,Valid
701145,516,20273,Hunterview Distribution Center,Mexico,443699,Networked methodical flexibility,Groceries,1638.24,N,1062,301,16-05-2026,Above Reorder Level,Valid,Unique,Valid
701146,516,21084,Hunterview Distribution Center,Mexico,443699,Pre-emptive upward-trending infrastructure,Pharmaceuticals,2243.69,Y,7207,333,30-01-2026,Above Reorder Level,Valid,Unique,Valid
701147,516,21298,Hunterview Distribution Center,Mexico,443699,Centralized multimedia interface,Groceries,2491.72,Y,5457,39,01-10-2025,Above Reorder Level,Valid,Unique,Valid
701148,516,21438,Hunterview Distribution Center,Mexico,443699,Polarized system-worthy installation,Furniture,1834.08,Y,3671,426,02-05-2026,Above Reorder Level,Valid,Unique,Valid
701149,516,20401,Hunterview Distribution Center,Mexico,443699,Synergized high-level algorithm,Pharmaceuticals,1812.96,N,6497,212,08-12-2025,Above Reorder Level,Valid,Unique,Valid
701150,516,20250,Hunterview Distribution Center,Mexico,443699,Triple-buffered stable matrices,Pharmaceuticals,1015.79,Y,6902,381,08-07-2026,Above Reorder Level,Valid,Unique,Valid
701151,516,20535,Hunterview Distribution Center,Mexico,443699,Ameliorated encompassing neural-net,Sporting Goods,2308.68,N,4211,456,22-08-2026,Above Reorder Level,Valid,Unique,Valid
701152,516,21238,Hunterview Distribution Center,Mexico,443699,Object-based didactic function,Electronics,910.17,Y,6200,,22-11-2025,Cannot Determine,Valid,Unique,Valid
701153,516,21359,Hunterview Distribution Center,Mexico,443699,Adaptive solution-oriented hardware,Sporting Goods,802.15,N,4086,97,28-04-2026,Above Reorder Level,Valid,Unique,Valid
701154,516,21314,Hunterview Distribution Center,Mexico,443699,Multi-lateral value-added time-frame,Furniture,1896.63,N,3896,13,14-07-2026,Above Reorder Level,Valid,Unique,Valid
701155,516,21272,Hunterview Distribution Center,Mexico,443699,Ameliorated clear-thinking collaboration,Industrial Equipment,2139.23,N,3294,99,18-03-2026,Above Reorder Level,Valid,Unique,Valid
701156,516,20718,Hunterview Distribution Center,Mexico,443699,Multi-layered multi-tasking solution,Pharmaceuticals,26.71,Y,4775,362,18-03-2026,Above Reorder Level,Valid,Unique,Valid
701157,516,21461,Hunterview Distribution Center,Mexico,443699,Total bi-directional protocol,Pharmaceuticals,1855.13,Y,590,25,14-10-2025,Above Reorder Level,Valid,Unique,Valid
701158,516,20058,Hunterview Distribution Center,Mexico,443699,Re-contextualized multimedia instruction set,Toys,1366.79,Y,7271,414,31-03-2026,Above Reorder Level,Valid,Unique,Valid
701159,516,20443,Hunterview Distribution Center,Mexico,443699,Synchronized national policy,Industrial Equipment,1854.09,Y,7021,252,08-11-2025,Above Reorder Level,Valid,Unique,Valid
701160,516,21288,Hunterview Distribution Center,Mexico,443699,Ergonomic optimizing product,Pharmaceuticals,252.09,N,101,398,18-02-2026,Below Reorder Level,Valid,Unique,Valid
701161,516,20825,Hunterview Distribution Center,Mexico,443699,Visionary zero-defect Graphic Interface,Toys,2162.51,Y,5973,473,02-04-2026,Above Reorder Level,Valid,Unique,Valid
701162,516,20644,Hunterview Distribution Center,Mexico,443699,Synergistic zero tolerance algorithm,Sporting Goods,2316.73,Y,471,395,21-06-2026,Above Reorder Level,Valid,Unique,Valid
701163,516,20057,Hunterview Distribution Center,Mexico,443699,Persevering stable interface,Industrial Equipment,1277.99,Y,1395,406,24-04-2026,Above Reorder Level,Valid,Unique,Valid
701164,516,20230,Hunterview Distribution Center,Mexico,443699,Fundamental cohesive strategy,Furniture,392.5,Y,4650,113,16-06-2026,Above Reorder Level,Valid,Unique,Valid
701165,516,21456,Hunterview Distribution Center,Mexico,443699,Face-to-face analyzing synergy,Automotive Parts,2216.86,N,599,361,13-11-2025,Above Reorder Level,Valid,Unique,Valid
701166,516,21183,Hunterview Distribution Center,Mexico,443699,Face-to-face homogeneous benchmark,Furniture,2078.7,Y,5822,271,19-08-2026,Above Reorder Level,Valid,Unique,Valid
701167,516,21380,Hunterview Distribution Center,Mexico,443699,Proactive contextually-based knowledgebase,Electronics,16.74,N,6099,343,08-04-2026,Above Reorder Level,Valid,Unique,Valid
701168,516,21163,Hunterview Distribution Center,Mexico,443699,Fundamental homogeneous projection,Automotive Parts,1109.61,Y,2420,393,14-06-2026,Above Reorder Level,Valid,Unique,Valid
701169,516,20695,Hunterview Distribution Center,Mexico,443699,Mandatory demand-driven function,Pharmaceuticals,2450.34,Y,22,333,19-04-2026,Below Reorder Level,Valid,Unique,Valid
701170,516,20313,Hunterview Distribution Center,Mexico,443699,Innovative regional pricing structure,Electronics,2424.35,Y,1156,54,11-04-2026,Above Reorder Level,Valid,Unique,Valid
701171,516,20246,Hunterview Distribution Center,Mexico,443699,Synergized systemic capability,Electronics,2348.06,Y,3279,498,22-06-2026,Above Reorder Level,Valid,Unique,Valid
701172,516,20294,Hunterview Distribution Center,Mexico,443699,Function-based optimal artificial intelligence,Apparel,2097.75,N,13578,57,03-10-2025,Above Reorder Level,Valid,Unique,Valid
701173,516,20043,Hunterview Distribution Center,Mexico,443699,Visionary executive Graphic Interface,Toys,263.16,N,3415,264,04-05-2026,Above Reorder Level,Valid,Unique,Valid
701174,516,21469,Hunterview Distribution Center,Mexico,443699,User-friendly multi-tasking standardization,Sporting Goods,1141.73,Y,1028,11,27-10-2025,Above Reorder Level,Valid,Unique,Valid
701175,516,21029,Hunterview Distribution Center,Mexico,443699,Ergonomic transitional circuit,Electronics,1571.34,N,3435,244,06-08-2026,Above Reorder Level,Valid,Unique,Valid
701176,516,20604,Hunterview Distribution Center,Mexico,443699,Streamlined actuating Graphic Interface,Toys,1776.22,,2654,189,10-09-2025,Above Reorder Level,Valid,Unique,Valid
701177,516,20318,Hunterview Distribution Center,Mexico,443699,Customizable 3rdgeneration standardization,Apparel,1838.84,N,5172,261,19-01-2026,Above Reorder Level,Valid,Unique,Valid
701178,516,20237,Hunterview Distribution Center,Mexico,443699,Expanded executive contingency,Automotive Parts,1541.62,N,387,455,05-10-2025,Below Reorder Level,Valid,Unique,Valid
701179,516,20071,Hunterview Distribution Center,Mexico,443699,Horizontal empowering application,Apparel,,N,4892,465,06-06-2026,Above Reorder Level,Valid,Unique,Valid
701180,516,20587,Hunterview Distribution Center,Mexico,443699,Triple-buffered real-time database,Automotive Parts,1973.71,N,2663,251,05-11-2025,Above Reorder Level,Valid,Unique,Valid
701181,516,21351,Hunterview Distribution Center,Mexico,443699,Implemented tertiary flexibility,Sporting Goods,1591.93,Y,11266,267,02-09-2025,Above Reorder Level,Valid,Unique,Valid
701182,516,20143,Hunterview Distribution Center,Mexico,443699,Front-line leadingedge info-mediaries,Apparel,1954.65,Y,1430,247,26-10-2025,Above Reorder Level,Valid,Unique,Valid
701183,516,20840,Hunterview Distribution Center,Mexico,443699,Grass-roots cohesive concept,Furniture,367.53,Y,3422,230,31-03-2026,Above Reorder Level,Valid,Unique,Valid
701184,516,21118,Hunterview Distribution Center,Mexico,443699,Multi-tiered even-keeled product,Automotive Parts,1929.95,N,9189,481,11-01-2026,Above Reorder Level,Valid,Unique,Valid
701185,516,20360,Hunterview Distribution Center,Mexico,443699,Exclusive cohesive portal,Toys,579.46,Y,370,20,18-11-2025,Above Reorder Level,Valid,Unique,Valid
701186,516,20452,Hunterview Distribution Center,Mexico,443699,Digitized transitional interface,Sporting Goods,1314.11,Y,9461,185,05-08-2026,Above Reorder Level,Valid,Unique,Valid
701187,516,21202,Hunterview Distribution Center,Mexico,443699,Synergistic real-time instruction set,Office Supplies,1539.72,N,3979,,27-11-2025,Cannot Determine,Valid,Unique,Valid
701188,516,21444,Hunterview Distribution Center,Mexico,443699,Focused human-resource artificial intelligence,Industrial Equipment,811.39,N,240,362,29-06-2026,Below Reorder Level,Valid,Unique,Valid
701189,516,21276,Hunterview Distribution Center,Mexico,443699,Optimized radical support,Toys,,Y,1224,408,21-04-2026,Above Reorder Level,Valid,Unique,Valid
701190,516,20356,Hunterview Distribution Center,Mexico,443699,Phased cohesive process improvement,Sporting Goods,,N,4209,37,08-05-2026,Above Reorder Level,Valid,Unique,Valid
701191,516,20041,Hunterview Distribution Center,Mexico,443699,Proactive optimizing implementation,Toys,2414.36,Y,238,,06-05-2026,Cannot Determine,Valid,Unique,Valid
701192,516,20872,Hunterview Distribution Center,Mexico,443699,Advanced human-resource data-warehouse,Electronics,244.02,N,2982,287,15-12-2025,Above Reorder Level,Valid,Unique,Valid
701193,516,20001,Hunterview Distribution Center,Mexico,443699,Exclusive radical initiative,Apparel,509.94,Y,1451,,01-09-2025,Cannot Determine,Valid,Unique,Valid
701194,516,21474,Hunterview Distribution Center,Mexico,443699,Centralized secondary alliance,Furniture,350.52,Y,3315,427,21-03-2026,Above Reorder Level,Valid,Unique,Valid
701195,516,20303,Hunterview Distribution Center,Mexico,443699,Fundamental global workforce,Automotive Parts,574.93,Y,160,381,29-09-2025,Below Reorder Level,Valid,Unique,Valid
701196,516,21010,Hunterview Distribution Center,Mexico,443699,Multi-channeled full-range workforce,Furniture,1245.58,Y,7013,241,24-02-2026,Above Reorder Level,Valid,Unique,Valid
701197,516,21494,Hunterview Distribution Center,Mexico,443699,Robust zero-defect groupware,Automotive Parts,1185.2,N,12406,259,06-11-2025,Above Reorder Level,Valid,Unique,Valid
701198,516,20901,Hunterview Distribution Center,Mexico,443699,Managed client-driven focus group,Sporting Goods,371.15,Y,,68,14-10-2025,Cannot Determine,Valid,Unique,Valid
701199,516,21278,Hunterview Distribution Center,Mexico,443699,Implemented executive matrix,Office Supplies,2283.38,N,4733,465,05-04-2026,Above Reorder Level,Valid,Unique,Valid
701200,516,21108,Hunterview Distribution Center,Mexico,443699,Streamlined global parallelism,Furniture,2009.5,Y,476,140,03-02-2026,Above Reorder Level,Valid,Unique,Valid
701201,517,21361,Lake Krystalside Distribution Center,Vietnam,561993,Inverse attitude-oriented strategy,Electronics,1319.82,Y,9028,67,07-11-2025,Above Reorder Level,Valid,Unique,Valid
701202,517,20985,Lake Krystalside Distribution Center,Vietnam,561993,Exclusive mobile contingency,Apparel,,Y,158,422,02-07-2026,Below Reorder Level,Valid,Unique,Valid
701203,517,21052,Lake Krystalside Distribution Center,Vietnam,561993,Streamlined secondary toolset,Office Supplies,2329.66,N,142,487,05-11-2025,Below Reorder Level,Valid,Unique,Valid
701204,517,21062,Lake Krystalside Distribution Center,Vietnam,561993,Reverse-engineered national core,Furniture,875.47,Y,2486,98,05-01-2026,Above Reorder Level,Valid,Unique,Valid
701205,517,20158,Lake Krystalside Distribution Center,Vietnam,561993,Assimilated well-modulated application,Office Supplies,257.58,N,4264,246,06-09-2025,Above Reorder Level,Valid,Unique,Valid
701206,517,21360,Lake Krystalside Distribution Center,Vietnam,561993,Self-enabling real-time hub,Sporting Goods,1227.18,N,9355,157,07-07-2026,Above Reorder Level,Valid,Unique,Valid
701207,517,20381,Lake Krystalside Distribution Center,Vietnam,561993,Customer-focused composite product,Groceries,626.71,N,7310,337,28-11-2025,Above Reorder Level,Valid,Unique,Valid
701208,517,20031,Lake Krystalside Distribution Center,Vietnam,561993,Switchable zero-defect framework,Automotive Parts,691.35,N,3754,29,30-04-2026,Above Reorder Level,Valid,Unique,Valid
701209,517,21172,Lake Krystalside Distribution Center,Vietnam,561993,Profound real-time complexity,Automotive Parts,547.2,N,2033,149,14-02-2026,Above Reorder Level,Valid,Unique,Valid
701210,517,21311,Lake Krystalside Distribution Center,Vietnam,561993,Advanced systemic neural-net,Electronics,1901.94,N,37204,251,20-04-2026,Above Reorder Level,Valid,Unique,Valid
701211,517,21377,Lake Krystalside Distribution Center,Vietnam,561993,Organized discrete superstructure,Furniture,461.54,Y,3532,183,23-01-2026,Above Reorder Level,Valid,Unique,Valid
701212,517,20592,Lake Krystalside Distribution Center,Vietnam,561993,Switchable user-facing open system,Furniture,1999.22,Y,3817,488,29-03-2026,Above Reorder Level,Valid,Unique,Valid
701213,517,21016,Lake Krystalside Distribution Center,Vietnam,561993,Multi-layered local process improvement,Apparel,2064.03,Y,1136,293,05-10-2026,Above Reorder Level,Future Restock Date,Unique,Valid
701214,517,20077,Lake Krystalside Distribution Center,Vietnam,561993,Progressive methodical interface,Automotive Parts,2120.03,Y,10070,303,02-09-2025,Above Reorder Level,Valid,Unique,Valid
701215,517,20607,Lake Krystalside Distribution Center,Vietnam,561993,Persistent modular hierarchy,Groceries,134.95,N,7522,468,02-09-2025,Above Reorder Level,Valid,Unique,Valid
701216,517,20530,Lake Krystalside Distribution Center,Vietnam,561993,Profit-focused human-resource budgetary management,Apparel,1324.97,,1586,100,08-10-2025,Above Reorder Level,Valid,Unique,Valid
701217,517,20757,Lake Krystalside Distribution Center,Vietnam,561993,Focused discrete success,Automotive Parts,1178.03,Y,547,365,31-03-2026,Above Reorder Level,Valid,Unique,Valid
701218,517,21425,Lake Krystalside Distribution Center,Vietnam,561993,Monitored bi-directional flexibility,Toys,238.93,Y,7254,335,31-08-2026,Above Reorder Level,Valid,Unique,Valid
701219,517,20316,Lake Krystalside Distribution Center,Vietnam,561993,Innovative background capacity,Sporting Goods,180.32,Y,6757,231,01-06-2026,Above Reorder Level,Valid,Unique,Valid
701220,517,20169,Lake Krystalside Distribution Center,Vietnam,561993,Polarized user-facing challenge,Electronics,,,2029,21,14-08-2026,Above Reorder Level,Valid,Unique,Valid
701221,517,20622,Lake Krystalside Distribution Center,Vietnam,561993,Fully-configurable bi-directional leverage,Industrial Equipment,1070.47,N,19158,167,15-01-2026,Above Reorder Level,Valid,Unique,Valid
701222,517,20398,Lake Krystalside Distribution Center,Vietnam,561993,Focused client-driven website,Pharmaceuticals,1715.22,Y,1041,323,03-01-2026,Above Reorder Level,Valid,Unique,Valid
701223,517,21305,Lake Krystalside Distribution Center,Vietnam,561993,User-friendly fresh-thinking data-warehouse,Industrial Equipment,2355.6,N,3600,221,17-08-2026,Above Reorder Level,Valid,Unique,Valid
701224,517,20280,Lake Krystalside Distribution Center,Vietnam,561993,Face-to-face secondary software,Apparel,622.15,Y,18283,356,16-11-2025,Above Reorder Level,Valid,Unique,Valid
701225,517,21319,Lake Krystalside Distribution Center,Vietnam,561993,De-engineered responsive synergy,Apparel,1439.91,N,3460,150,04-06-2026,Above Reorder Level,Valid,Unique,Valid
701226,517,21255,Lake Krystalside Distribution Center,Vietnam,561993,Future-proofed bi-directional intranet,Pharmaceuticals,2421.76,Y,6470,205,09-08-2026,Above Reorder Level,Valid,Unique,Valid
701227,517,21077,Lake Krystalside Distribution Center,Vietnam,561993,Polarized responsive data-warehouse,Pharmaceuticals,94.44,Y,3222,110,08-07-2026,Above Reorder Level,Valid,Unique,Valid
701228,517,20923,Lake Krystalside Distribution Center,Vietnam,561993,Horizontal object-oriented knowledge user,Sporting Goods,404.74,Y,2038,253,12-03-2026,Above Reorder Level,Valid,Unique,Valid
701229,517,20744,Lake Krystalside Distribution Center,Vietnam,561993,Quality-focused dedicated groupware,Toys,499.1,Y,26283,105,12-03-2025,Above Reorder Level,Valid,Unique,Valid
701230,517,20092,Lake Krystalside Distribution Center,Vietnam,561993,Self-enabling analyzing model,Office Supplies,559.52,N,3348,485,19-11-2025,Above Reorder Level,Valid,Unique,Valid
701231,517,21174,Lake Krystalside Distribution Center,Vietnam,561993,Optional homogeneous algorithm,Electronics,2173.58,Y,14275,354,13-07-2026,Above Reorder Level,Valid,Unique,Valid
701232,517,20520,Lake Krystalside Distribution Center,Vietnam,561993,Open-source systematic concept,Sporting Goods,1820.18,N,1661,286,29-07-2026,Above Reorder Level,Valid,Duplicate Warehouse/Product,Valid
701233,517,20560,Lake Krystalside Distribution Center,Vietnam,561993,Sharable empowering system engine,Industrial Equipment,659.95,N,1524,274,23-02-2026,Above Reorder Level,Valid,Unique,Valid
701234,517,20215,Lake Krystalside Distribution Center,Vietnam,561993,Persistent clear-thinking array,Apparel,2458.67,N,201,154,14-01-2026,Above Reorder Level,Valid,Unique,Valid
701235,517,21459,Lake Krystalside Distribution Center,Vietnam,561993,Upgradable 4thgeneration standardization,Apparel,196.03,N,6705,,26-09-2025,Cannot Determine,Valid,Unique,Valid
701236,517,20037,Lake Krystalside Distribution Center,Vietnam,561993,Reactive systemic moratorium,Groceries,1683.1,N,2923,20,13-12-2025,Above Reorder Level,Valid,Unique,Valid
701237,517,20501,Lake Krystalside Distribution Center,Vietnam,561993,Ergonomic regional moratorium,Automotive Parts,883.07,N,12702,407,27-02-2026,Above Reorder Level,Valid,Unique,Valid
701238,517,20145,Lake Krystalside Distribution Center,Vietnam,561993,Innovative background system engine,Industrial Equipment,1637.66,Y,4075,259,06-02-2026,Above Reorder Level,Valid,Unique,Valid
701239,517,20374,Lake Krystalside Distribution Center,Vietnam,561993,Team-oriented multimedia portal,Furniture,2167.2,N,21923,396,12-10-2025,Above Reorder Level,Valid,Unique,Valid
701240,517,20595,Lake Krystalside Distribution Center,Vietnam,561993,Reverse-engineered clear-thinking synergy,Apparel,,N,1305,53,17-02-2026,Above Reorder Level,Valid,Unique,Valid
701241,517,20988,Lake Krystalside Distribution Center,Vietnam,561993,Exclusive analyzing synergy,Groceries,1747.26,Y,12905,374,17-04-2026,Above Reorder Level,Valid,Unique,Valid
701242,517,20725,Lake Krystalside Distribution Center,Vietnam,561993,Extended fault-tolerant interface,Sporting Goods,2421.02,Y,9529,17,25-07-2026,Above Reorder Level,Valid,Unique,Valid
701243,517,21450,Lake Krystalside Distribution Center,Vietnam,561993,Ameliorated high-level open architecture,Toys,,N,9370,19,10-05-2026,Above Reorder Level,Valid,Unique,Valid
701244,517,20751,Lake Krystalside Distribution Center,Vietnam,561993,Advanced zero administration framework,Groceries,1145.65,,11845,415,12-02-2026,Above Reorder Level,Valid,Unique,Valid
701245,517,21035,Lake Krystalside Distribution Center,Vietnam,561993,Organized bifurcated matrices,Industrial Equipment,974.79,Y,9101,372,18-10-2025,Above Reorder Level,Valid,Unique,Valid
701246,517,20562,Lake Krystalside Distribution Center,Vietnam,561993,Fully-configurable stable Graphic Interface,Pharmaceuticals,245.18,Y,6257,80,21-10-2025,Above Reorder Level,Valid,Unique,Valid
701247,517,21013,Lake Krystalside Distribution Center,Vietnam,561993,Devolved 4thgeneration portal,Office Supplies,104.67,N,895,180,20-08-2026,Above Reorder Level,Valid,Unique,Valid
701248,517,20307,Lake Krystalside Distribution Center,Vietnam,561993,Optional national adapter,Automotive Parts,915.73,Y,210,339,28-07-2026,Below Reorder Level,Valid,Unique,Valid
701249,517,21326,Lake Krystalside Distribution Center,Vietnam,561993,Exclusive national success,Apparel,255.04,N,16126,,05-07-2026,Cannot Determine,Valid,Unique,Valid
701250,517,20481,Lake Krystalside Distribution Center,Vietnam,561993,Monitored asymmetric analyzer,Sporting Goods,1713.74,Y,6096,,19-09-2025,Cannot Determine,Valid,Unique,Valid
701251,517,20103,Lake Krystalside Distribution Center,Vietnam,561993,Assimilated dynamic website,Pharmaceuticals,2090.14,Y,10124,150,16-04-2026,Above Reorder Level,Valid,Unique,Valid
701252,517,20692,Lake Krystalside Distribution Center,Vietnam,561993,Fundamental bandwidth-monitored adapter,Sporting Goods,79.31,N,4176,50,28-04-2026,Above Reorder Level,Valid,Unique,Valid
701253,517,20206,Lake Krystalside Distribution Center,Vietnam,561993,Phased heuristic portal,Office Supplies,2152.05,N,793,444,26-05-2026,Above Reorder Level,Valid,Unique,Valid
701254,517,21117,Lake Krystalside Distribution Center,Vietnam,561993,Vision-oriented maximized projection,Electronics,1718.68,Y,850,151,09-03-2026,Above Reorder Level,Valid,Unique,Valid
701255,517,20572,Lake Krystalside Distribution Center,Vietnam,561993,Streamlined asynchronous monitoring,Toys,2022.72,N,7356,99,12-07-2026,Above Reorder Level,Valid,Unique,Valid
701256,517,20458,Lake Krystalside Distribution Center,Vietnam,561993,Realigned multi-state time-frame,Sporting Goods,447.75,Y,3577,479,18-03-2026,Above Reorder Level,Valid,Unique,Valid
701257,517,20360,Lake Krystalside Distribution Center,Vietnam,561993,Exclusive cohesive portal,Toys,579.46,Y,1423,,24-05-2026,Cannot Determine,Valid,Unique,Valid
701258,517,20704,Lake Krystalside Distribution Center,Vietnam,561993,Sharable dynamic analyzer,Furniture,271.39,Y,4301,447,12-12-2025,Above Reorder Level,Valid,Unique,Valid
701259,517,20278,Lake Krystalside Distribution Center,Vietnam,561993,Cross-group 6thgeneration migration,Sporting Goods,2403.17,N,422,102,19-05-2026,Above Reorder Level,Valid,Unique,Valid
701260,517,20238,Lake Krystalside Distribution Center,Vietnam,561993,Down-sized value-added migration,Furniture,14.07,N,5545,45,22-04-2026,Above Reorder Level,Valid,Unique,Valid
701261,517,21447,Lake Krystalside Distribution Center,Vietnam,561993,Team-oriented value-added definition,Office Supplies,1737.08,,1992,431,04-11-2025,Above Reorder Level,Valid,Unique,Valid
701262,517,20895,Lake Krystalside Distribution Center,Vietnam,561993,Secured attitude-oriented approach,Electronics,309.44,Y,10156,132,13-11-2025,Above Reorder Level,Valid,Unique,Valid
701263,517,20686,Lake Krystalside Distribution Center,Vietnam,561993,Multi-lateral 6thgeneration algorithm,Toys,1495.47,N,2363,303,10-11-2025,Above Reorder Level,Valid,Unique,Valid
701264,517,20079,Lake Krystalside Distribution Center,Vietnam,561993,Compatible solution-oriented framework,Groceries,2334.94,Y,3862,217,01-05-2026,Above Reorder Level,Valid,Unique,Valid
701265,517,21493,Lake Krystalside Distribution Center,Vietnam,561993,Customer-focused asynchronous hierarchy,Toys,,Y,74,,04-09-2025,Cannot Determine,Valid,Unique,Valid
701266,517,20745,Lake Krystalside Distribution Center,Vietnam,561993,Exclusive systematic groupware,Groceries,1297.29,Y,478,113,15-01-2026,Above Reorder Level,Valid,Unique,Valid
701267,517,21321,Lake Krystalside Distribution Center,Vietnam,561993,Reverse-engineered solution-oriented core,Toys,2033.28,Y,3169,,07-04-2026,Cannot Determine,Valid,Unique,Valid
701268,517,20698,Lake Krystalside Distribution Center,Vietnam,561993,Progressive regional Internet solution,Office Supplies,2138.99,N,4157,428,17-05-2026,Above Reorder Level,Valid,Unique,Valid
701269,517,21136,Lake Krystalside Distribution Center,Vietnam,561993,Universal solution-oriented capability,Sporting Goods,1154.51,Y,5826,492,04-11-2025,Above Reorder Level,Valid,Unique,Valid
701270,517,20759,Lake Krystalside Distribution Center,Vietnam,561993,Focused multi-state parallelism,Electronics,446.49,N,2192,386,13-05-2026,Above Reorder Level,Valid,Unique,Valid
701271,517,21109,Lake Krystalside Distribution Center,Vietnam,561993,Optional coherent product,Electronics,2230.9,Y,7549,159,18-03-2026,Above Reorder Level,Valid,Unique,Valid
701272,517,20805,Lake Krystalside Distribution Center,Vietnam,561993,Fully-configurable multi-tasking groupware,Sporting Goods,2387.72,Y,12506,415,20-10-2025,Above Reorder Level,Valid,Unique,Valid
701273,517,20559,Lake Krystalside Distribution Center,Vietnam,561993,Intuitive systemic Graphical User Interface,Office Supplies,1688.21,Y,9623,403,27-05-2026,Above Reorder Level,Valid,Unique,Valid
701274,517,20003,Lake Krystalside Distribution Center,Vietnam,561993,Up-sized modular focus group,Pharmaceuticals,523.8,N,257,,01-06-2026,Cannot Determine,Valid,Unique,Valid
701275,517,21249,Lake Krystalside Distribution Center,Vietnam,561993,Open-source bottom-line matrix,Toys,165.77,Y,4164,294,18-05-2026,Above Reorder Level,Valid,Unique,Valid
701276,518,21124,New Reginald Distribution Center,United Kingdom,329521,Re-engineered object-oriented matrices,Office Supplies,1888.29,Y,388,231,18-01-2026,Above Reorder Level,Valid,Unique,Valid
701277,518,20030,New Reginald Distribution Center,United Kingdom,329521,Automated context-sensitive open architecture,Toys,1303.72,N,970,253,10-01-2026,Above Reorder Level,Valid,Unique,Valid
701278,518,20746,New Reginald Distribution Center,United Kingdom,329521,Function-based exuding synergy,Apparel,1047.2,N,15105,45,27-04-2026,Above Reorder Level,Valid,Unique,Valid
701279,518,21497,New Reginald Distribution Center,United Kingdom,329521,Cloned didactic policy,Apparel,1456.14,N,,229,15-09-2025,Cannot Determine,Valid,Unique,Valid
701280,518,20276,New Reginald Distribution Center,United Kingdom,329521,Multi-layered reciprocal contingency,Office Supplies,439.24,N,2417,423,30-10-2025,Above Reorder Level,Valid,Unique,Valid
701281,518,20035,New Reginald Distribution Center,United Kingdom,329521,Virtual bifurcated open system,Toys,941.39,Y,3368,355,19-11-2025,Above Reorder Level,Valid,Unique,Valid
701282,518,20174,New Reginald Distribution Center,United Kingdom,329521,Object-based homogeneous orchestration,Groceries,2220.16,,4241,487,10-06-2025,Above Reorder Level,Valid,Unique,Valid
701283,518,20250,New Reginald Distribution Center,United Kingdom,329521,Triple-buffered stable matrices,Pharmaceuticals,1015.79,Y,2870,76,18-02-2026,Above Reorder Level,Valid,Unique,Valid
701284,518,21377,New Reginald Distribution Center,United Kingdom,329521,Organized discrete superstructure,Furniture,461.54,Y,34,134,04-01-2026,Below Reorder Level,Valid,Unique,Valid
701285,518,20353,New Reginald Distribution Center,United Kingdom,329521,Implemented uniform structure,Pharmaceuticals,477.84,N,1383,38,15-12-2025,Above Reorder Level,Valid,Unique,Valid
701286,518,21147,New Reginald Distribution Center,United Kingdom,329521,Quality-focused composite interface,Toys,1469.12,N,2551,217,12-03-2026,Above Reorder Level,Valid,Unique,Valid
701287,518,21399,New Reginald Distribution Center,United Kingdom,329521,User-centric global strategy,Electronics,1193.25,Y,322,28,28-07-2026,Above Reorder Level,Valid,Unique,Valid
701288,518,20312,New Reginald Distribution Center,United Kingdom,329521,Robust uniform matrix,Industrial Equipment,1592.96,Y,1511,262,17-11-2025,Above Reorder Level,Valid,Unique,Valid
701289,518,20922,New Reginald Distribution Center,United Kingdom,329521,Robust dynamic framework,Groceries,,Y,118,214,22-07-2026,Below Reorder Level,Valid,Unique,Valid
701290,518,20038,New Reginald Distribution Center,United Kingdom,329521,Re-engineered methodical leverage,Industrial Equipment,1123.77,N,,488,27-02-2026,Cannot Determine,Valid,Unique,Valid
701291,518,20286,New Reginald Distribution Center,United Kingdom,329521,De-engineered systemic framework,Office Supplies,1196.84,N,1769,334,09-09-2025,Above Reorder Level,Valid,Unique,Valid
701292,518,20427,New Reginald Distribution Center,United Kingdom,329521,Horizontal didactic array,Automotive Parts,1986.28,Y,498,451,01-06-2026,Above Reorder Level,Valid,Duplicate Warehouse/Product,Valid
701293,518,20265,New Reginald Distribution Center,United Kingdom,329521,Horizontal secondary system engine,Office Supplies,635.57,Y,2933,121,30-09-2025,Above Reorder Level,Valid,Unique,Valid
701294,518,20258,New Reginald Distribution Center,United Kingdom,329521,Inverse analyzing synergy,Office Supplies,43.37,Y,4092,324,10-02-2026,Above Reorder Level,Valid,Unique,Valid
701295,518,20987,New Reginald Distribution Center,United Kingdom,329521,Re-contextualized didactic contingency,Electronics,650.7,N,5641,67,10-10-2025,Above Reorder Level,Valid,Unique,Valid
701296,518,20495,New Reginald Distribution Center,United Kingdom,329521,User-centric even-keeled project,Groceries,1160.47,N,781,399,20-06-2026,Above Reorder Level,Valid,Unique,Valid
701297,518,20257,New Reginald Distribution Center,United Kingdom,329521,Business-focused secondary forecast,Pharmaceuticals,662.77,Y,641,420,27-08-2026,Above Reorder Level,Valid,Unique,Valid
701298,518,20259,New Reginald Distribution Center,United Kingdom,329521,Compatible neutral portal,Industrial Equipment,1190.72,Y,386,105,18-02-2026,Above Reorder Level,Valid,Unique,Valid
701299,518,20536,New Reginald Distribution Center,United Kingdom,329521,Reverse-engineered systematic attitude,Electronics,1775.32,Y,3540,341,30-06-2026,Above Reorder Level,Valid,Unique,Valid
701300,518,20530,New Reginald Distribution Center,United Kingdom,329521,Profit-focused human-resource budgetary management,Apparel,1324.97,,4289,321,15-03-2026,Above Reorder Level,Valid,Unique,Valid
701301,518,20369,New Reginald Distribution Center,United Kingdom,329521,Focused bottom-line open architecture,Automotive Parts,1108.63,Y,112,71,27-05-2026,Above Reorder Level,Valid,Unique,Valid
701302,518,20980,New Reginald Distribution Center,United Kingdom,329521,Vision-oriented tangible instruction set,Automotive Parts,1247.63,N,9629,466,14-08-2026,Above Reorder Level,Valid,Unique,Valid
701303,518,21091,New Reginald Distribution Center,United Kingdom,329521,Horizontal tangible core,Furniture,1966.19,N,187,182,02-09-2025,Above Reorder Level,Valid,Unique,Valid
701304,518,21229,New Reginald Distribution Center,United Kingdom,329521,Multi-lateral client-driven migration,Automotive Parts,1881.75,N,2727,336,26-12-2025,Above Reorder Level,Valid,Unique,Valid
701305,518,20664,New Reginald Distribution Center,United Kingdom,329521,Profit-focused next generation application,Groceries,362.58,Y,4320,197,30-12-2025,Above Reorder Level,Valid,Unique,Valid
701306,518,21168,New Reginald Distribution Center,United Kingdom,329521,Self-enabling upward-trending flexibility,Furniture,566.45,N,7165,286,04-03-2026,Above Reorder Level,Valid,Unique,Valid
701307,518,20040,New Reginald Distribution Center,United Kingdom,329521,Centralized hybrid firmware,Pharmaceuticals,1644.69,N,4381,457,17-07-2026,Above Reorder Level,Valid,Unique,Valid
701308,518,20175,New Reginald Distribution Center,United Kingdom,329521,Face-to-face 3rdgeneration adapter,Furniture,49.77,Y,5661,13,02-06-2026,Above Reorder Level,Valid,Unique,Valid
701309,518,20950,New Reginald Distribution Center,United Kingdom,329521,Visionary web-enabled success,Apparel,2488.42,N,1451,358,05-02-2026,Above Reorder Level,Valid,Unique,Valid
701310,518,20734,New Reginald Distribution Center,United Kingdom,329521,Optional incremental hub,Groceries,1764.7,Y,5901,464,24-11-2025,Above Reorder Level,Valid,Unique,Valid
701311,518,21096,New Reginald Distribution Center,United Kingdom,329521,Persevering solution-oriented complexity,Toys,887.21,N,292,306,05-09-2025,Below Reorder Level,Valid,Unique,Valid
701312,518,20863,New Reginald Distribution Center,United Kingdom,329521,Up-sized composite analyzer,Pharmaceuticals,132,N,7879,399,01-11-2025,Above Reorder Level,Valid,Unique,Valid
701313,518,21352,New Reginald Distribution Center,United Kingdom,329521,Reactive bottom-line concept,Sporting Goods,1435.81,,2775,48,13-04-2026,Above Reorder Level,Valid,Unique,Valid
701314,518,20351,New Reginald Distribution Center,United Kingdom,329521,Mandatory real-time structure,Industrial Equipment,989.51,Y,5948,399,18-12-2025,Above Reorder Level,Valid,Unique,Valid
701315,518,21208,New Reginald Distribution Center,United Kingdom,329521,Sharable background function,Groceries,528.17,Y,2106,281,23-02-2026,Above Reorder Level,Valid,Unique,Valid
701316,518,20527,New Reginald Distribution Center,United Kingdom,329521,Exclusive disintermediate system engine,Pharmaceuticals,1498.03,N,3610,188,22-06-2026,Above Reorder Level,Valid,Unique,Valid
701317,518,20450,New Reginald Distribution Center,United Kingdom,329521,Reduced content-based time-frame,Apparel,677.27,Y,2615,,11-08-2026,Cannot Determine,Valid,Unique,Valid
701318,518,20225,New Reginald Distribution Center,United Kingdom,329521,Virtual coherent open architecture,Furniture,2089.49,Y,4602,166,15-11-2025,Above Reorder Level,Valid,Unique,Valid
701319,518,21438,New Reginald Distribution Center,United Kingdom,329521,Polarized system-worthy installation,Furniture,1834.08,Y,298,342,10-07-2026,Below Reorder Level,Valid,Unique,Valid
701320,518,20136,New Reginald Distribution Center,United Kingdom,329521,Ameliorated secondary portal,Automotive Parts,1115.55,Y,218,83,12-12-2025,Above Reorder Level,Valid,Unique,Valid
701321,518,21063,New Reginald Distribution Center,United Kingdom,329521,Networked interactive functionalities,Office Supplies,627,Y,993,470,04-05-2026,Above Reorder Level,Valid,Unique,Valid
701322,518,20800,New Reginald Distribution Center,United Kingdom,329521,Integrated optimizing customer loyalty,Industrial Equipment,922.34,Y,608,51,10-01-2026,Above Reorder Level,Valid,Unique,Valid
701323,518,20570,New Reginald Distribution Center,United Kingdom,329521,Virtual hybrid monitoring,Office Supplies,629.66,N,7187,,11-11-2025,Cannot Determine,Valid,Unique,Valid
701324,518,20327,New Reginald Distribution Center,United Kingdom,329521,Total leadingedge matrix,Sporting Goods,,Y,866,148,10-04-2026,Above Reorder Level,Valid,Unique,Valid
701325,518,20535,New Reginald Distribution Center,United Kingdom,329521,Ameliorated encompassing neural-net,Sporting Goods,2308.68,N,13030,344,11-12-2025,Above Reorder Level,Valid,Unique,Valid
701326,518,20643,New Reginald Distribution Center,United Kingdom,329521,Cross-platform global projection,Office Supplies,1925.7,Y,1437,491,27-09-2025,Above Reorder Level,Valid,Unique,Valid
701327,518,21452,New Reginald Distribution Center,United Kingdom,329521,Centralized grid-enabled hierarchy,Pharmaceuticals,1454.79,Y,703,423,01-05-2026,Above Reorder Level,Valid,Unique,Valid
701328,518,20134,New Reginald Distribution Center,United Kingdom,329521,Digitized high-level leverage,Furniture,244.27,N,5455,454,10-09-2025,Above Reorder Level,Valid,Unique,Valid
701329,518,21176,New Reginald Distribution Center,United Kingdom,329521,Future-proofed bottom-line monitoring,Furniture,1184.98,N,3761,273,26-12-2025,Above Reorder Level,Valid,Unique,Valid
701330,518,20173,New Reginald Distribution Center,United Kingdom,329521,Operative holistic contingency,Electronics,419.22,N,2413,498,26-12-2025,Above Reorder Level,Valid,Unique,Valid
701331,518,21458,New Reginald Distribution Center,United Kingdom,329521,Triple-buffered client-server implementation,Toys,1145.8,N,2836,328,12-03-2026,Above Reorder Level,Valid,Unique,Valid
701332,518,20728,New Reginald Distribution Center,United Kingdom,329521,Configurable client-driven system engine,Furniture,1131.3,N,,182,02-03-2026,Cannot Determine,Valid,Unique,Valid
701333,518,20771,New Reginald Distribution Center,United Kingdom,329521,Synergized web-enabled initiative,Furniture,380.87,N,907,308,29-10-2025,Above Reorder Level,Valid,Unique,Valid
701334,518,20799,New Reginald Distribution Center,United Kingdom,329521,Diverse real-time orchestration,Toys,1143.38,N,19623,,15-12-2025,Cannot Determine,Valid,Unique,Valid
701335,518,21010,New Reginald Distribution Center,United Kingdom,329521,Multi-channeled full-range workforce,Furniture,1245.58,Y,12878,44,06-08-2026,Above Reorder Level,Valid,Unique,Valid
701336,518,20839,New Reginald Distribution Center,United Kingdom,329521,Organic client-driven leverage,Apparel,313.3,Y,3676,69,10-02-2026,Above Reorder Level,Valid,Unique,Valid
701337,518,21242,New Reginald Distribution Center,United Kingdom,329521,Seamless logistical groupware,Electronics,1307.35,Y,779,230,24-11-2025,Above Reorder Level,Valid,Unique,Valid
701338,518,21367,New Reginald Distribution Center,United Kingdom,329521,Enhanced eco-centric adapter,Industrial Equipment,391.51,N,3989,70,28-02-2026,Above Reorder Level,Valid,Unique,Valid
701339,518,21074,New Reginald Distribution Center,United Kingdom,329521,Right-sized foreground function,Electronics,331.42,N,262,76,30-11-2025,Above Reorder Level,Valid,Unique,Valid
701340,518,20432,New Reginald Distribution Center,United Kingdom,329521,Fundamental disintermediate time-frame,Electronics,181.22,Y,109,76,12-02-2026,Above Reorder Level,Valid,Unique,Valid
701341,518,20313,New Reginald Distribution Center,United Kingdom,329521,Innovative regional pricing structure,Electronics,2424.35,Y,1043,376,27-02-2026,Above Reorder Level,Valid,Unique,Valid
701342,518,21306,New Reginald Distribution Center,United Kingdom,329521,Horizontal methodical focus group,Office Supplies,975.65,Y,2173,499,26-05-2026,Above Reorder Level,Valid,Unique,Valid
701343,518,20239,New Reginald Distribution Center,United Kingdom,329521,Future-proofed non-volatile protocol,Pharmaceuticals,1699.59,Y,7092,70,23-03-2026,Above Reorder Level,Valid,Unique,Valid
701344,518,21021,New Reginald Distribution Center,United Kingdom,329521,Multi-lateral 6thgeneration workforce,Toys,626.55,N,,319,23-05-2026,Cannot Determine,Valid,Unique,Valid
701345,518,20589,New Reginald Distribution Center,United Kingdom,329521,Object-based bifurcated focus group,Electronics,1738.63,Y,4750,189,30-08-2026,Above Reorder Level,Valid,Unique,Valid
701346,518,21274,New Reginald Distribution Center,United Kingdom,329521,Visionary systemic encoding,Apparel,1351.11,N,1939,372,26-04-2026,Above Reorder Level,Valid,Unique,Valid
701347,518,21079,New Reginald Distribution Center,United Kingdom,329521,Multi-tiered analyzing workforce,Groceries,2172.9,Y,1485,,21-01-2026,Cannot Determine,Valid,Unique,Valid
701348,518,21109,New Reginald Distribution Center,United Kingdom,329521,Optional coherent product,Electronics,2230.9,Y,1622,18,29-04-2026,Above Reorder Level,Valid,Unique,Valid
701349,518,20172,New Reginald Distribution Center,United Kingdom,329521,Horizontal dedicated artificial intelligence,Furniture,1692.52,Y,15374,84,01-07-2026,Above Reorder Level,Valid,Unique,Valid
701350,518,20094,New Reginald Distribution Center,United Kingdom,329521,Digitized disintermediate collaboration,Sporting Goods,921.95,Y,143,114,02-01-2026,Above Reorder Level,Valid,Unique,Valid
701351,519,20742,West Stevenside Distribution Center,United Kingdom,292213,Focused bandwidth-monitored capability,Toys,512.1,N,4832,166,05-03-2026,Above Reorder Level,Valid,Unique,Valid
701352,519,21261,West Stevenside Distribution Center,United Kingdom,292213,Devolved hybrid instruction set,Industrial Equipment,2185.13,N,2070,375,26-12-2025,Above Reorder Level,Valid,Unique,Valid
701353,519,20908,West Stevenside Distribution Center,United Kingdom,292213,Business-focused static encryption,Furniture,528.42,N,1383,306,20-05-2026,Above Reorder Level,Valid,Unique,Valid
701354,519,20265,West Stevenside Distribution Center,United Kingdom,292213,Horizontal secondary system engine,Office Supplies,635.57,Y,3094,397,02-09-2025,Above Reorder Level,Valid,Unique,Valid
701355,519,20097,West Stevenside Distribution Center,United Kingdom,292213,Intuitive asymmetric productivity,Electronics,1231.09,N,1597,345,01-03-2026,Above Reorder Level,Valid,Unique,Valid
701356,519,20842,West Stevenside Distribution Center,United Kingdom,292213,Enhanced explicit capability,Apparel,679.09,N,4950,274,29-10-2025,Above Reorder Level,Valid,Unique,Valid
701357,519,20374,West Stevenside Distribution Center,United Kingdom,292213,Team-oriented multimedia portal,Furniture,2167.2,N,5532,385,31-10-2025,Above Reorder Level,Valid,Unique,Valid
701358,519,20159,West Stevenside Distribution Center,United Kingdom,292213,Stand-alone secondary contingency,Sporting Goods,1711.66,N,1312,71,22-04-2026,Above Reorder Level,Valid,Unique,Valid
701359,519,21229,West Stevenside Distribution Center,United Kingdom,292213,Multi-lateral client-driven migration,Automotive Parts,1881.75,N,776,427,25-08-2026,Above Reorder Level,Valid,Unique,Valid
701360,519,20886,West Stevenside Distribution Center,United Kingdom,292213,Polarized asymmetric groupware,Toys,267.89,Y,2149,468,27-11-2025,Above Reorder Level,Valid,Unique,Valid
701361,519,20993,West Stevenside Distribution Center,United Kingdom,292213,Implemented attitude-oriented implementation,Groceries,1771.86,N,5831,90,23-05-2026,Above Reorder Level,Valid,Unique,Valid
701362,519,21387,West Stevenside Distribution Center,United Kingdom,292213,Digitized asynchronous interface,Groceries,1664.1,N,567,447,19-03-2026,Above Reorder Level,Valid,Unique,Valid
701363,519,20751,West Stevenside Distribution Center,United Kingdom,292213,Advanced zero administration framework,Groceries,1145.65,,2336,477,25-03-2026,Above Reorder Level,Valid,Unique,Valid
701364,519,20015,West Stevenside Distribution Center,United Kingdom,292213,Proactive systematic algorithm,Office Supplies,481.45,N,2391,493,13-10-2025,Above Reorder Level,Valid,Unique,Valid
701365,519,21360,West Stevenside Distribution Center,United Kingdom,292213,Self-enabling real-time hub,Sporting Goods,1227.18,N,3164,259,10-05-2026,Above Reorder Level,Valid,Unique,Valid
701366,519,20704,West Stevenside Distribution Center,United Kingdom,292213,Sharable dynamic analyzer,Furniture,271.39,Y,338,281,29-07-2026,Above Reorder Level,Valid,Unique,Valid
701367,519,21038,West Stevenside Distribution Center,United Kingdom,292213,Versatile stable standardization,Groceries,1788.53,N,,22,17-10-2025,Cannot Determine,Valid,Unique,Valid
701368,519,20518,West Stevenside Distribution Center,United Kingdom,292213,Enterprise-wide eco-centric throughput,Industrial Equipment,1227.18,Y,5741,238,10-01-2026,Above Reorder Level,Valid,Unique,Valid
701369,519,20724,West Stevenside Distribution Center,United Kingdom,292213,Organized disintermediate infrastructure,Automotive Parts,2136.38,Y,474,429,02-10-2025,Above Reorder Level,Valid,Unique,Valid
701370,519,20128,West Stevenside Distribution Center,United Kingdom,292213,Grass-roots leadingedge installation,Toys,879.38,Y,650,227,27-10-2025,Above Reorder Level,Valid,Unique,Valid
701371,519,21087,West Stevenside Distribution Center,United Kingdom,292213,Mandatory interactive service-desk,Furniture,2396.65,Y,8512,422,29-06-2026,Above Reorder Level,Valid,Unique,Valid
701372,519,20500,West Stevenside Distribution Center,United Kingdom,292213,Stand-alone next generation artificial intelligence,Sporting Goods,1350.01,Y,478,333,02-12-2025,Above Reorder Level,Valid,Unique,Valid
701373,519,20380,West Stevenside Distribution Center,United Kingdom,292213,Realigned 6thgeneration middleware,Sporting Goods,,N,4615,197,03-02-2026,Above Reorder Level,Valid,Unique,Valid
701374,519,20394,West Stevenside Distribution Center,United Kingdom,292213,Versatile intangible hierarchy,Industrial Equipment,1314.43,N,1623,195,10-11-2025,Above Reorder Level,Valid,Unique,Valid
701375,519,21259,West Stevenside Distribution Center,United Kingdom,292213,Triple-buffered dedicated budgetary management,Industrial Equipment,626.12,N,680,297,18-01-2026,Above Reorder Level,Valid,Unique,Valid
701376,519,20376,West Stevenside Distribution Center,United Kingdom,292213,Business-focused leadingedge website,Electronics,1143.34,Y,4900,87,11-09-2025,Above Reorder Level,Valid,Unique,Valid
701377,519,20628,West Stevenside Distribution Center,United Kingdom,292213,Organized optimal capability,Industrial Equipment,1547.01,N,1411,116,21-07-2026,Above Reorder Level,Valid,Unique,Valid
701378,519,21161,West Stevenside Distribution Center,United Kingdom,292213,Upgradable regional interface,Groceries,2244.55,N,1732,373,06-04-2026,Above Reorder Level,Valid,Unique,Valid
701379,519,20755,West Stevenside Distribution Center,United Kingdom,292213,Phased solution-oriented migration,Toys,860.46,N,1066,362,11-01-2026,Above Reorder Level,Valid,Unique,Valid
701380,519,20461,West Stevenside Distribution Center,United Kingdom,292213,Organic system-worthy matrix,Sporting Goods,11.25,Y,2153,146,04-11-2025,Above Reorder Level,Valid,Unique,Valid
701381,519,21224,West Stevenside Distribution Center,United Kingdom,292213,User-centric stable moderator,Toys,2488.85,Y,428,486,15-09-2025,Below Reorder Level,Valid,Unique,Valid
701382,519,21205,West Stevenside Distribution Center,United Kingdom,292213,Persistent motivating forecast,Industrial Equipment,669.1,N,1188,155,24-12-2025,Above Reorder Level,Valid,Unique,Valid
701383,519,20398,West Stevenside Distribution Center,United Kingdom,292213,Focused client-driven website,Pharmaceuticals,1715.22,Y,8352,106,24-09-2025,Above Reorder Level,Valid,Unique,Valid
701384,519,20556,West Stevenside Distribution Center,United Kingdom,292213,Devolved uniform open architecture,Pharmaceuticals,655.64,N,715,418,18-02-2026,Above Reorder Level,Valid,Unique,Valid
701385,519,20676,West Stevenside Distribution Center,United Kingdom,292213,Team-oriented discrete Local Area Network,Electronics,2155.21,N,2561,409,19-05-2026,Above Reorder Level,Valid,Unique,Valid
701386,519,21011,West Stevenside Distribution Center,United Kingdom,292213,Cross-platform 24hour knowledgebase,Toys,2301.78,N,942,397,08-12-2025,Above Reorder Level,Valid,Unique,Valid
701387,519,20179,West Stevenside Distribution Center,United Kingdom,292213,Total composite application,Apparel,1048.23,N,3556,346,14-08-2026,Above Reorder Level,Valid,Unique,Valid
701388,519,20123,West Stevenside Distribution Center,United Kingdom,292213,Intuitive full-range paradigm,Groceries,1664.5,Y,336,266,20-06-2026,Above Reorder Level,Valid,Unique,Valid
701389,519,21370,West Stevenside Distribution Center,United Kingdom,292213,Up-sized value-added solution,Apparel,1594.72,Y,8384,347,21-05-2026,Above Reorder Level,Valid,Unique,Valid
701390,519,20468,West Stevenside Distribution Center,United Kingdom,292213,Automated value-added complexity,Pharmaceuticals,849.53,N,1448,174,15-02-2026,Above Reorder Level,Valid,Unique,Valid
701391,519,21263,West Stevenside Distribution Center,United Kingdom,292213,Diverse static customer loyalty,Sporting Goods,2262.95,N,645,221,02-05-2026,Above Reorder Level,Valid,Unique,Valid
701392,519,20178,West Stevenside Distribution Center,United Kingdom,292213,Persistent dedicated firmware,Furniture,1755.27,N,183,437,08-12-2025,Below Reorder Level,Valid,Unique,Valid
701393,519,20410,West Stevenside Distribution Center,United Kingdom,292213,Self-enabling transitional website,Furniture,1597.85,N,446,344,06-01-2026,Above Reorder Level,Valid,Unique,Valid
701394,519,21128,West Stevenside Distribution Center,United Kingdom,292213,Total intermediate framework,Toys,1962.36,N,1757,150,24-06-2026,Above Reorder Level,Valid,Unique,Valid
701395,519,20226,West Stevenside Distribution Center,United Kingdom,292213,Switchable scalable website,Pharmaceuticals,61.33,Y,984,58,08-02-2026,Above Reorder Level,Valid,Unique,Valid
701396,519,20782,West Stevenside Distribution Center,United Kingdom,292213,Organized scalable framework,Toys,1012.58,Y,4228,336,06-02-2026,Above Reorder Level,Valid,Unique,Valid
701397,519,21464,West Stevenside Distribution Center,United Kingdom,292213,Digitized high-level circuit,Industrial Equipment,58.35,N,1350,28,05-03-2026,Above Reorder Level,Valid,Unique,Valid
701398,519,20625,West Stevenside Distribution Center,United Kingdom,292213,Front-line asynchronous time-frame,Sporting Goods,786.24,Y,685,211,26-01-2026,Above Reorder Level,Valid,Unique,Valid
701399,519,20771,West Stevenside Distribution Center,United Kingdom,292213,Synergized web-enabled initiative,Furniture,380.87,N,2299,407,10-11-2025,Above Reorder Level,Valid,Unique,Valid
701400,519,20616,West Stevenside Distribution Center,United Kingdom,292213,Fully-configurable dedicated concept,Furniture,224.79,Y,2938,70,28-04-2026,Above Reorder Level,Valid,Unique,Valid
701401,519,20666,West Stevenside Distribution Center,United Kingdom,292213,Exclusive scalable customer loyalty,Industrial Equipment,303.92,N,438,172,29-10-2025,Above Reorder Level,Valid,Unique,Valid
701402,519,20100,West Stevenside Distribution Center,United Kingdom,292213,Function-based systemic policy,Pharmaceuticals,1752.41,Y,439,119,15-08-2026,Above Reorder Level,Valid,Unique,Valid
701403,519,20006,West Stevenside Distribution Center,United Kingdom,292213,Versatile secondary initiative,Sporting Goods,248.32,Y,89,465,17-06-2026,Below Reorder Level,Valid,Unique,Valid
701404,519,21124,West Stevenside Distribution Center,United Kingdom,292213,Re-engineered object-oriented matrices,Office Supplies,1888.29,Y,3193,54,30-06-2026,Above Reorder Level,Valid,Unique,Valid
701405,519,20096,West Stevenside Distribution Center,United Kingdom,292213,Innovative intermediate installation,Toys,5.65,Y,2611,163,10-02-2026,Above Reorder Level,Valid,Unique,Valid
701406,519,20069,West Stevenside Distribution Center,United Kingdom,292213,Proactive scalable toolset,Groceries,2489.24,Y,1542,310,29-04-2026,Above Reorder Level,Valid,Unique,Valid
701407,519,21488,West Stevenside Distribution Center,United Kingdom,292213,Polarized foreground projection,Sporting Goods,1256.18,Y,4452,241,09-09-2025,Above Reorder Level,Valid,Unique,Valid
701408,519,20498,West Stevenside Distribution Center,United Kingdom,292213,Visionary tertiary function,Pharmaceuticals,2363.41,N,3923,369,20-04-2026,Above Reorder Level,Valid,Unique,Valid
701409,519,21211,West Stevenside Distribution Center,United Kingdom,292213,Compatible upward-trending encoding,Automotive Parts,1878.97,Y,2108,399,17-03-2026,Above Reorder Level,Valid,Unique,Valid
701410,519,20910,West Stevenside Distribution Center,United Kingdom,292213,Face-to-face real-time implementation,Pharmaceuticals,77.4,N,4855,267,29-09-2025,Above Reorder Level,Valid,Unique,Valid
701411,519,20885,West Stevenside Distribution Center,United Kingdom,292213,Team-oriented foreground secured line,Furniture,2060.18,N,552,70,29-11-2025,Above Reorder Level,Valid,Unique,Valid
701412,519,21081,West Stevenside Distribution Center,United Kingdom,292213,Expanded upward-trending workforce,Automotive Parts,153.91,Y,284,268,25-08-2026,Above Reorder Level,Valid,Unique,Valid
701413,519,21426,West Stevenside Distribution Center,United Kingdom,292213,Proactive stable hub,Office Supplies,2074.79,N,753,332,09-03-2026,Above Reorder Level,Valid,Unique,Valid
701414,519,20493,West Stevenside Distribution Center,United Kingdom,292213,Object-based global moratorium,Apparel,1239.22,Y,141,,30-03-2026,Cannot Determine,Valid,Unique,Valid
701415,519,20167,West Stevenside Distribution Center,United Kingdom,292213,De-engineered radical software,Toys,1325.54,N,1814,355,31-07-2026,Above Reorder Level,Valid,Unique,Valid
701416,519,20031,West Stevenside Distribution Center,United Kingdom,292213,Switchable zero-defect framework,Automotive Parts,691.35,N,6606,134,06-10-2025,Above Reorder Level,Valid,Unique,Valid
701417,519,20466,West Stevenside Distribution Center,United Kingdom,292213,Progressive bottom-line solution,Groceries,1838.84,N,96,259,02-06-2026,Below Reorder Level,Valid,Unique,Valid
701418,519,20820,West Stevenside Distribution Center,United Kingdom,292213,Cloned tangible success,Sporting Goods,345.63,Y,312,31,06-07-2026,Above Reorder Level,Valid,Unique,Valid
701419,519,20840,West Stevenside Distribution Center,United Kingdom,292213,Grass-roots cohesive concept,Furniture,367.53,Y,1441,205,27-06-2026,Above Reorder Level,Valid,Unique,Valid
701420,519,20448,West Stevenside Distribution Center,United Kingdom,292213,Programmable user-facing encryption,Office Supplies,658.04,N,6505,419,31-12-2025,Above Reorder Level,Valid,Unique,Valid
701421,519,20279,West Stevenside Distribution Center,United Kingdom,292213,Mandatory maximized service-desk,Furniture,957.92,Y,910,500,26-01-2026,Above Reorder Level,Valid,Unique,Valid
701422,519,20950,West Stevenside Distribution Center,United Kingdom,292213,Visionary web-enabled success,Apparel,2488.42,N,1695,158,18-06-2026,Above Reorder Level,Valid,Unique,Valid
701423,519,21143,West Stevenside Distribution Center,United Kingdom,292213,Streamlined cohesive array,Furniture,1754.26,N,102,345,25-01-2026,Below Reorder Level,Valid,Unique,Valid
701424,519,21457,West Stevenside Distribution Center,United Kingdom,292213,Devolved bottom-line standardization,Automotive Parts,,N,385,177,07-02-2026,Above Reorder Level,Valid,Unique,Valid
701425,519,21321,West Stevenside Distribution Center,United Kingdom,292213,Reverse-engineered solution-oriented core,Toys,2033.28,Y,10334,68,27-07-2026,Above Reorder Level,Valid,Unique,Valid
701426,520,20714,South Kaylaborough Distribution Center,Germany,319955,Networked web-enabled project,Furniture,490.13,N,9298,491,01-04-2026,Above Reorder Level,Valid,Unique,Valid
701427,520,20574,South Kaylaborough Distribution Center,Germany,319955,Synergistic bottom-line help-desk,Automotive Parts,668.8,Y,14,367,01-01-2026,Below Reorder Level,Valid,Unique,Valid
701428,520,20838,South Kaylaborough Distribution Center,Germany,319955,Switchable dynamic structure,Pharmaceuticals,2054.28,Y,8403,419,07-12-2025,Above Reorder Level,Valid,Unique,Valid
701429,520,21355,South Kaylaborough Distribution Center,Germany,319955,Sharable client-server focus group,Office Supplies,2344.67,Y,2824,76,24-01-2026,Above Reorder Level,Valid,Unique,Valid
701430,520,21094,South Kaylaborough Distribution Center,Germany,319955,Versatile optimal workforce,Toys,418.59,Y,5609,278,10-09-2025,Above Reorder Level,Valid,Unique,Valid
701431,520,21310,South Kaylaborough Distribution Center,Germany,319955,Customizable bandwidth-monitored secured line,Apparel,2231.81,Y,1680,64,24-02-2026,Above Reorder Level,Valid,Unique,Valid
701432,520,21500,South Kaylaborough Distribution Center,Germany,319955,Sharable 5thgeneration encoding,Apparel,1197.88,Y,2008,495,26-03-2026,Above Reorder Level,Valid,Unique,Valid
701433,520,20700,South Kaylaborough Distribution Center,Germany,319955,Digitized clear-thinking utilization,Toys,1082.51,Y,1859,199,16-06-2026,Above Reorder Level,Valid,Unique,Valid
701434,520,21146,South Kaylaborough Distribution Center,Germany,319955,Profit-focused exuding hierarchy,Apparel,1482.41,,3046,157,11-02-2026,Above Reorder Level,Valid,Unique,Valid
701435,520,20935,South Kaylaborough Distribution Center,Germany,319955,Multi-tiered maximized function,Pharmaceuticals,500.28,N,417,238,21-12-2025,Above Reorder Level,Valid,Unique,Valid
701436,520,21091,South Kaylaborough Distribution Center,Germany,319955,Horizontal tangible core,Furniture,1966.19,N,84,404,27-09-2025,Below Reorder Level,Valid,Unique,Valid
701437,520,21176,South Kaylaborough Distribution Center,Germany,319955,Future-proofed bottom-line monitoring,Furniture,1184.98,N,1020,378,26-07-2026,Above Reorder Level,Valid,Unique,Valid
701438,520,21252,South Kaylaborough Distribution Center,Germany,319955,Phased hybrid hub,Groceries,1526.09,N,3379,324,15-07-2026,Above Reorder Level,Valid,Unique,Valid
701439,520,20721,South Kaylaborough Distribution Center,Germany,319955,Open-architected scalable utilization,Apparel,948.55,N,625,283,17-02-2026,Above Reorder Level,Valid,Unique,Valid
701440,520,21198,South Kaylaborough Distribution Center,Germany,319955,Digitized homogeneous open system,Toys,1583.03,N,3101,102,19-06-2026,Above Reorder Level,Valid,Unique,Valid
701441,520,20056,South Kaylaborough Distribution Center,Germany,319955,Public-key fresh-thinking alliance,Furniture,83.67,N,9708,220,17-10-2025,Above Reorder Level,Valid,Unique,Valid
701442,520,21268,South Kaylaborough Distribution Center,Germany,319955,Inverse web-enabled task-force,Apparel,2116.06,Y,273,333,25-10-2025,Below Reorder Level,Valid,Unique,Valid
701443,520,20185,South Kaylaborough Distribution Center,Germany,319955,Visionary logistical service-desk,Groceries,26.16,N,3094,340,14-11-2025,Above Reorder Level,Valid,Unique,Valid
701444,520,20694,South Kaylaborough Distribution Center,Germany,319955,Streamlined zero tolerance budgetary management,Pharmaceuticals,1896.54,Y,1625,127,01-09-2025,Above Reorder Level,Valid,Unique,Valid
701445,520,21481,South Kaylaborough Distribution Center,Germany,319955,Optimized cohesive flexibility,Pharmaceuticals,1055.95,N,5614,433,15-05-2026,Above Reorder Level,Valid,Unique,Valid
701446,520,20077,South Kaylaborough Distribution Center,Germany,319955,Progressive methodical interface,Automotive Parts,2120.03,Y,540,262,06-01-2026,Above Reorder Level,Valid,Unique,Valid
701447,520,20954,South Kaylaborough Distribution Center,Germany,319955,Streamlined human-resource interface,Toys,2096.53,Y,3269,74,23-11-2025,Above Reorder Level,Valid,Unique,Valid
701448,520,21064,South Kaylaborough Distribution Center,Germany,319955,Visionary high-level website,Pharmaceuticals,1783.41,N,5045,444,12-02-2026,Above Reorder Level,Valid,Unique,Valid
701449,520,20876,South Kaylaborough Distribution Center,Germany,319955,Cloned didactic installation,Pharmaceuticals,2437.87,N,,221,16-07-2026,Cannot Determine,Valid,Unique,Valid
701450,520,21495,South Kaylaborough Distribution Center,Germany,319955,Assimilated disintermediate forecast,Office Supplies,1187.61,N,3185,374,08-02-2026,Above Reorder Level,Valid,Unique,Valid
701451,520,20723,South Kaylaborough Distribution Center,Germany,319955,Expanded directional customer loyalty,Toys,480.82,Y,1905,259,28-04-2026,Above Reorder Level,Valid,Unique,Valid
701452,520,20982,South Kaylaborough Distribution Center,Germany,319955,Horizontal upward-trending Internet solution,Toys,329.38,Y,2665,392,27-12-2025,Above Reorder Level,Valid,Unique,Valid
701453,520,20676,South Kaylaborough Distribution Center,Germany,319955,Team-oriented discrete Local Area Network,Electronics,2155.21,N,5630,38,08-11-2025,Above Reorder Level,Valid,Unique,Valid
701454,520,21216,South Kaylaborough Distribution Center,Germany,319955,Profound upward-trending challenge,Electronics,1001.34,Y,2342,360,24-10-2025,Above Reorder Level,Valid,Unique,Valid
701455,520,21405,South Kaylaborough Distribution Center,Germany,319955,Team-oriented encompassing product,Sporting Goods,683.55,Y,86,,13-04-2026,Cannot Determine,Valid,Unique,Valid
701456,520,21265,South Kaylaborough Distribution Center,Germany,319955,Decentralized intangible matrix,Sporting Goods,991.98,N,7406,277,01-07-2026,Above Reorder Level,Valid,Unique,Valid
701457,520,20525,South Kaylaborough Distribution Center,Germany,319955,Open-source fresh-thinking firmware,Electronics,69.05,Y,3241,393,03-04-2026,Above Reorder Level,Valid,Unique,Valid
701458,520,20239,South Kaylaborough Distribution Center,Germany,319955,Future-proofed non-volatile protocol,Pharmaceuticals,1699.59,Y,3127,113,10-05-2026,Above Reorder Level,Valid,Unique,Valid
701459,520,20406,South Kaylaborough Distribution Center,Germany,319955,Visionary composite Internet solution,Office Supplies,1997.97,N,673,,13-03-2026,Cannot Determine,Valid,Unique,Valid
701460,520,20821,South Kaylaborough Distribution Center,Germany,319955,Up-sized didactic methodology,Industrial Equipment,1815.44,N,2980,468,10-03-2026,Above Reorder Level,Valid,Unique,Valid
701461,520,20885,South Kaylaborough Distribution Center,Germany,319955,Team-oriented foreground secured line,Furniture,2060.18,N,1387,461,22-03-2026,Above Reorder Level,Valid,Unique,Valid
701462,520,20187,South Kaylaborough Distribution Center,Germany,319955,Universal demand-driven core,Groceries,2000.15,Y,2919,440,13-06-2026,Above Reorder Level,Valid,Unique,Valid
701463,520,21061,South Kaylaborough Distribution Center,Germany,319955,Adaptive fault-tolerant approach,Furniture,2183.39,Y,312,500,10-01-2026,Below Reorder Level,Valid,Unique,Valid
701464,520,20127,South Kaylaborough Distribution Center,Germany,319955,Customer-focused context-sensitive data-warehouse,Electronics,1801.59,N,2972,177,02-03-2026,Above Reorder Level,Valid,Unique,Valid
701465,520,20513,South Kaylaborough Distribution Center,Germany,319955,Optional contextually-based instruction set,Groceries,,N,,12,02-11-2025,Cannot Determine,Valid,Unique,Valid
701466,520,21486,South Kaylaborough Distribution Center,Germany,319955,User-friendly next generation portal,Pharmaceuticals,950.87,N,137,275,14-02-2026,Below Reorder Level,Valid,Unique,Valid
701467,520,20867,South Kaylaborough Distribution Center,Germany,319955,Expanded needs-based infrastructure,Furniture,97.84,Y,10473,99,01-11-2025,Above Reorder Level,Valid,Unique,Valid
701468,520,20786,South Kaylaborough Distribution Center,Germany,319955,Pre-emptive 4thgeneration contingency,Sporting Goods,654.8,Y,1447,139,10-04-2026,Above Reorder Level,Valid,Unique,Valid
701469,520,20770,South Kaylaborough Distribution Center,Germany,319955,Face-to-face intangible interface,Toys,773.5,N,5669,,13-08-2026,Cannot Determine,Valid,Unique,Valid
701470,520,20075,South Kaylaborough Distribution Center,Germany,319955,Cross-platform optimizing Graphical User Interface,Sporting Goods,1540.96,N,4225,,17-11-2025,Cannot Determine,Valid,Unique,Valid
701471,520,20972,South Kaylaborough Distribution Center,Germany,319955,Open-source web-enabled superstructure,Industrial Equipment,259.03,N,2319,226,23-05-2026,Above Reorder Level,Valid,Unique,Valid
701472,520,20572,South Kaylaborough Distribution Center,Germany,319955,Streamlined asynchronous monitoring,Toys,2022.72,N,3716,328,14-05-2026,Above Reorder Level,Valid,Unique,Valid
701473,520,21419,South Kaylaborough Distribution Center,Germany,319955,Configurable 6thgeneration portal,Sporting Goods,,N,5841,35,23-07-2026,Above Reorder Level,Valid,Unique,Valid
701474,520,20976,South Kaylaborough Distribution Center,Germany,319955,User-friendly demand-driven synergy,Furniture,614.8,Y,1435,459,17-04-2026,Above Reorder Level,Valid,Unique,Valid
701475,520,20352,South Kaylaborough Distribution Center,Germany,319955,Switchable maximized capacity,Pharmaceuticals,1942.38,N,1097,51,29-10-2025,Above Reorder Level,Valid,Unique,Valid
701476,520,20336,South Kaylaborough Distribution Center,Germany,319955,Automated mobile initiative,Industrial Equipment,1916.18,Y,3052,227,26-07-2026,Above Reorder Level,Valid,Unique,Valid
701477,520,20803,South Kaylaborough Distribution Center,Germany,319955,Adaptive client-server knowledge user,Automotive Parts,1836.23,Y,4570,196,10-09-2025,Above Reorder Level,Valid,Unique,Valid
701478,520,20504,South Kaylaborough Distribution Center,Germany,319955,Versatile methodical middleware,Apparel,2395.72,Y,3981,366,25-06-2026,Above Reorder Level,Valid,Unique,Valid
701479,520,20245,South Kaylaborough Distribution Center,Germany,319955,Managed 4thgeneration forecast,Groceries,1116.66,N,4429,289,27-11-2025,Above Reorder Level,Valid,Unique,Valid
701480,520,21054,South Kaylaborough Distribution Center,Germany,319955,Focused directional firmware,Pharmaceuticals,1368.62,Y,1585,322,03-03-2026,Above Reorder Level,Valid,Unique,Valid
701481,520,20078,South Kaylaborough Distribution Center,Germany,319955,Expanded grid-enabled utilization,Apparel,1238.23,Y,4718,34,01-05-2026,Above Reorder Level,Valid,Unique,Valid
701482,520,21296,South Kaylaborough Distribution Center,Germany,319955,Sharable discrete definition,Sporting Goods,31.26,N,355,332,10-11-2025,Above Reorder Level,Valid,Unique,Valid
701483,520,20112,South Kaylaborough Distribution Center,Germany,319955,Ameliorated analyzing artificial intelligence,Pharmaceuticals,1955.23,N,2179,489,09-04-2026,Above Reorder Level,Valid,Unique,Valid
701484,520,20096,South Kaylaborough Distribution Center,Germany,319955,Innovative intermediate installation,Toys,5.65,Y,16,326,12-03-2026,Below Reorder Level,Valid,Unique,Valid
701485,520,20632,South Kaylaborough Distribution Center,Germany,319955,Centralized leadingedge approach,Sporting Goods,1179.78,Y,1087,372,06-07-2026,Above Reorder Level,Valid,Unique,Valid
701486,520,21329,South Kaylaborough Distribution Center,Germany,319955,Universal eco-centric task-force,Apparel,1546.94,N,1265,239,13-12-2025,Above Reorder Level,Valid,Unique,Valid
701487,520,20417,South Kaylaborough Distribution Center,Germany,319955,Total impactful knowledge user,Groceries,2368.73,N,1398,351,13-12-2025,Above Reorder Level,Valid,Unique,Valid
701488,520,20624,South Kaylaborough Distribution Center,Germany,319955,Managed multi-state utilization,Sporting Goods,1851.81,N,3294,327,19-10-2025,Above Reorder Level,Valid,Unique,Valid
701489,520,20133,South Kaylaborough Distribution Center,Germany,319955,Synergized dynamic focus group,Groceries,2099.96,N,1363,353,13-02-2026,Above Reorder Level,Valid,Unique,Valid
701490,520,21415,South Kaylaborough Distribution Center,Germany,319955,Pre-emptive composite budgetary management,Electronics,463.95,Y,1650,320,02-04-2026,Above Reorder Level,Valid,Unique,Valid
701491,520,20371,South Kaylaborough Distribution Center,Germany,319955,Mandatory zero tolerance help-desk,Industrial Equipment,1256.81,N,751,,24-11-2025,Cannot Determine,Valid,Unique,Valid
701492,520,20293,South Kaylaborough Distribution Center,Germany,319955,Re-contextualized eco-centric help-desk,Industrial Equipment,628.93,N,1295,285,22-05-2026,Above Reorder Level,Valid,Unique,Valid
701493,520,20493,South Kaylaborough Distribution Center,Germany,319955,Object-based global moratorium,Apparel,1239.22,Y,714,188,21-01-2026,Above Reorder Level,Valid,Unique,Valid
701494,520,20967,South Kaylaborough Distribution Center,Germany,319955,Programmable content-based interface,Sporting Goods,2484.36,N,211,427,05-05-2026,Below Reorder Level,Valid,Unique,Valid
701495,520,20229,South Kaylaborough Distribution Center,Germany,319955,Enterprise-wide 5thgeneration leverage,Automotive Parts,267.13,Y,2563,316,17-10-2025,Above Reorder Level,Valid,Unique,Valid
701496,520,20049,South Kaylaborough Distribution Center,Germany,319955,Optimized grid-enabled help-desk,Pharmaceuticals,469.03,N,,,26-11-2025,Cannot Determine,Valid,Unique,Valid
701497,520,21455,South Kaylaborough Distribution Center,Germany,319955,Operative dynamic database,Electronics,463.71,N,2677,150,28-09-2025,Above Reorder Level,Valid,Unique,Valid
701498,520,20252,South Kaylaborough Distribution Center,Germany,319955,Right-sized stable ability,Toys,1653.45,Y,1725,342,26-05-2026,Above Reorder Level,Valid,Unique,Valid
701499,520,20985,South Kaylaborough Distribution Center,Germany,319955,Exclusive mobile contingency,Apparel,,Y,1324,270,30-01-2026,Above Reorder Level,Valid,Unique,Valid
701500,520,20924,South Kaylaborough Distribution Center,Germany,319955,Sharable dedicated flexibility,Groceries,1922.53,N,5514,164,13-02-2026,Above Reorder Level,Valid,Unique,Valid
701501,521,21195,Lewisfort Distribution Center,Brazil,310614,De-engineered empowering access,Electronics,1151.71,N,4471,77,30-10-2025,Above Reorder Level,Valid,Unique,Valid
701502,521,21117,Lewisfort Distribution Center,Brazil,310614,Vision-oriented maximized projection,Electronics,1718.68,Y,3984,108,21-08-2026,Above Reorder Level,Valid,Unique,Valid
701503,521,20126,Lewisfort Distribution Center,Brazil,310614,Optimized didactic circuit,Pharmaceuticals,2054.51,Y,159,105,20-02-2026,Above Reorder Level,Valid,Unique,Valid
701504,521,21424,Lewisfort Distribution Center,Brazil,310614,Innovative regional forecast,Toys,915.54,Y,2549,261,31-12-2025,Above Reorder Level,Valid,Unique,Valid
701505,521,20084,Lewisfort Distribution Center,Brazil,310614,Persevering static task-force,Industrial Equipment,1134.52,Y,2921,122,24-08-2026,Above Reorder Level,Valid,Unique,Valid
701506,521,20750,Lewisfort Distribution Center,Brazil,310614,User-centric needs-based firmware,Automotive Parts,1751.39,Y,3108,214,21-11-2025,Above Reorder Level,Valid,Unique,Valid
701507,521,20375,Lewisfort Distribution Center,Brazil,310614,Synchronized bi-directional strategy,Industrial Equipment,1529.54,Y,5300,32,24-11-2025,Above Reorder Level,Valid,Unique,Valid
701508,521,21106,Lewisfort Distribution Center,Brazil,310614,Multi-channeled methodical conglomeration,Industrial Equipment,706.03,Y,4658,455,23-12-2025,Above Reorder Level,Valid,Unique,Valid
701509,521,20204,Lewisfort Distribution Center,Brazil,310614,Cross-platform next generation approach,Industrial Equipment,260.68,Y,5718,413,01-09-2025,Above Reorder Level,Valid,Unique,Valid
701510,521,20431,Lewisfort Distribution Center,Brazil,310614,Assimilated needs-based parallelism,Pharmaceuticals,962.72,Y,8841,208,20-01-2026,Above Reorder Level,Valid,Unique,Valid
701511,521,20250,Lewisfort Distribution Center,Brazil,310614,Triple-buffered stable matrices,Pharmaceuticals,1015.79,Y,10239,346,27-10-2025,Above Reorder Level,Valid,Unique,Valid
701512,521,21146,Lewisfort Distribution Center,Brazil,310614,Profit-focused exuding hierarchy,Apparel,1482.41,,7733,62,08-07-2026,Above Reorder Level,Valid,Unique,Valid
701513,521,21402,Lewisfort Distribution Center,Brazil,310614,Organic cohesive function,Apparel,732.29,N,19009,492,28-01-2026,Above Reorder Level,Valid,Unique,Valid
701514,521,21162,Lewisfort Distribution Center,Brazil,310614,Compatible neutral extranet,Electronics,2094.62,Y,112,227,10-11-2025,Below Reorder Level,Valid,Unique,Valid
701515,521,20315,Lewisfort Distribution Center,Brazil,310614,Team-oriented systematic infrastructure,Electronics,1742.94,,1331,191,07-12-2025,Above Reorder Level,Valid,Unique,Valid
701516,521,21055,Lewisfort Distribution Center,Brazil,310614,Customizable explicit array,Electronics,2261,Y,46,275,21-09-2025,Below Reorder Level,Valid,Unique,Valid
701517,521,20148,Lewisfort Distribution Center,Brazil,310614,Intuitive zero administration project,Sporting Goods,752.6,Y,6367,246,12-04-2025,Above Reorder Level,Valid,Unique,Valid
701518,521,21381,Lewisfort Distribution Center,Brazil,310614,Enterprise-wide context-sensitive core,Apparel,,N,13943,409,18-07-2026,Above Reorder Level,Valid,Unique,Valid
701519,521,21181,Lewisfort Distribution Center,Brazil,310614,Digitized directional focus group,Groceries,770.2,N,1704,148,03-10-2025,Above Reorder Level,Valid,Unique,Valid
701520,521,21314,Lewisfort Distribution Center,Brazil,310614,Multi-lateral value-added time-frame,Furniture,1896.63,N,15986,122,23-01-2026,Above Reorder Level,Valid,Unique,Valid
701521,521,20670,Lewisfort Distribution Center,Brazil,310614,Team-oriented full-range paradigm,Sporting Goods,1262.9,Y,380,328,10-11-2025,Above Reorder Level,Valid,Unique,Valid
701522,521,20293,Lewisfort Distribution Center,Brazil,310614,Re-contextualized eco-centric help-desk,Industrial Equipment,628.93,N,16640,446,19-07-2026,Above Reorder Level,Valid,Unique,Valid
701523,521,21160,Lewisfort Distribution Center,Brazil,310614,Multi-channeled even-keeled capacity,Office Supplies,245.49,N,2646,448,26-08-2026,Above Reorder Level,Valid,Unique,Valid
701524,521,21291,Lewisfort Distribution Center,Brazil,310614,Automated even-keeled core,Industrial Equipment,1233.02,Y,653,364,03-11-2025,Above Reorder Level,Valid,Unique,Valid
701525,521,20283,Lewisfort Distribution Center,Brazil,310614,Progressive attitude-oriented frame,Apparel,391.68,Y,4063,57,16-07-2026,Above Reorder Level,Valid,Unique,Valid
701526,521,20677,Lewisfort Distribution Center,Brazil,310614,Secured didactic encoding,Apparel,229.38,Y,1812,368,16-11-2025,Above Reorder Level,Valid,Unique,Valid
701527,521,20381,Lewisfort Distribution Center,Brazil,310614,Customer-focused composite product,Groceries,626.71,N,2048,419,01-11-2025,Above Reorder Level,Valid,Unique,Valid
701528,521,20712,Lewisfort Distribution Center,Brazil,310614,Phased stable pricing structure,Office Supplies,1460,N,2242,36,14-07-2026,Above Reorder Level,Valid,Unique,Valid
701529,521,20071,Lewisfort Distribution Center,Brazil,310614,Horizontal empowering application,Apparel,,N,9922,457,22-03-2026,Above Reorder Level,Valid,Unique,Valid
701530,521,21327,Lewisfort Distribution Center,Brazil,310614,Distributed 6thgeneration capacity,Sporting Goods,663.17,Y,4731,344,05-11-2025,Above Reorder Level,Valid,Unique,Valid
701531,521,21085,Lewisfort Distribution Center,Brazil,310614,Innovative stable complexity,Industrial Equipment,,N,2278,292,18-11-2025,Above Reorder Level,Valid,Unique,Valid
701532,521,20707,Lewisfort Distribution Center,Brazil,310614,Distributed fresh-thinking encryption,Electronics,166.34,,5756,184,11-01-2026,Above Reorder Level,Valid,Unique,Valid
701533,521,20515,Lewisfort Distribution Center,Brazil,310614,Multi-tiered eco-centric array,Electronics,1829.64,Y,7690,43,11-09-2025,Above Reorder Level,Valid,Unique,Valid
701534,521,21357,Lewisfort Distribution Center,Brazil,310614,Business-focused secondary encryption,Sporting Goods,2291.69,Y,,62,09-12-2025,Cannot Determine,Valid,Unique,Valid
701535,521,20344,Lewisfort Distribution Center,Brazil,310614,Customizable modular process improvement,Sporting Goods,1809.5,Y,3259,24,11-01-2026,Above Reorder Level,Valid,Unique,Valid
701536,521,20054,Lewisfort Distribution Center,Brazil,310614,Cloned fault-tolerant budgetary management,Electronics,2164.07,N,794,332,19-06-2026,Above Reorder Level,Valid,Unique,Valid
701537,521,20166,Lewisfort Distribution Center,Brazil,310614,Visionary solution-oriented task-force,Industrial Equipment,1177.4,Y,1220,215,12-10-2025,Above Reorder Level,Valid,Unique,Valid
701538,521,21065,Lewisfort Distribution Center,Brazil,310614,Synergistic clear-thinking model,Office Supplies,1745.03,N,6980,180,29-07-2026,Above Reorder Level,Valid,Unique,Valid
701539,521,20679,Lewisfort Distribution Center,Brazil,310614,Managed user-facing implementation,Groceries,248.66,Y,1223,49,26-04-2026,Above Reorder Level,Valid,Unique,Valid
701540,521,21104,Lewisfort Distribution Center,Brazil,310614,Multi-tiered interactive service-desk,Groceries,1666.75,Y,4548,24,21-12-2025,Above Reorder Level,Valid,Unique,Valid
701541,521,20836,Lewisfort Distribution Center,Brazil,310614,Persistent mobile Local Area Network,Groceries,1625.12,Y,7540,88,08-12-2025,Above Reorder Level,Valid,Unique,Valid
701542,521,20919,Lewisfort Distribution Center,Brazil,310614,Up-sized maximized function,Industrial Equipment,674.38,Y,690,,15-12-2025,Cannot Determine,Valid,Unique,Valid
701543,521,20040,Lewisfort Distribution Center,Brazil,310614,Centralized hybrid firmware,Pharmaceuticals,1644.69,N,5116,11,23-10-2025,Above Reorder Level,Valid,Unique,Valid
701544,521,20695,Lewisfort Distribution Center,Brazil,310614,Mandatory demand-driven function,Pharmaceuticals,2450.34,Y,1811,425,28-09-2025,Above Reorder Level,Valid,Unique,Valid
701545,521,21020,Lewisfort Distribution Center,Brazil,310614,Inverse 3rdgeneration productivity,Industrial Equipment,2300.64,Y,20121,101,17-02-2026,Above Reorder Level,Valid,Unique,Valid
701546,521,20510,Lewisfort Distribution Center,Brazil,310614,Public-key real-time Graphic Interface,Groceries,2098.65,N,4035,,06-12-2025,Cannot Determine,Valid,Unique,Valid
701547,521,20598,Lewisfort Distribution Center,Brazil,310614,Upgradable zero tolerance focus group,Groceries,,Y,10014,126,29-03-2026,Above Reorder Level,Valid,Unique,Valid
701548,521,21490,Lewisfort Distribution Center,Brazil,310614,Down-sized actuating website,Groceries,1067.98,N,4879,380,16-12-2025,Above Reorder Level,Valid,Unique,Valid
701549,521,21077,Lewisfort Distribution Center,Brazil,310614,Polarized responsive data-warehouse,Pharmaceuticals,94.44,Y,271,408,26-03-2026,Below Reorder Level,Valid,Unique,Valid
701550,521,21075,Lewisfort Distribution Center,Brazil,310614,Profit-focused system-worthy capability,Electronics,1428.56,Y,6124,221,21-02-2026,Above Reorder Level,Valid,Unique,Valid
701551,521,21148,Lewisfort Distribution Center,Brazil,310614,Switchable 24hour encryption,Furniture,421.91,N,18468,189,14-12-2025,Above Reorder Level,Valid,Unique,Valid
701552,521,20082,Lewisfort Distribution Center,Brazil,310614,Exclusive intangible initiative,Apparel,210.83,N,5620,481,07-06-2026,Above Reorder Level,Valid,Unique,Valid
701553,521,20979,Lewisfort Distribution Center,Brazil,310614,Adaptive bandwidth-monitored architecture,Toys,2231.87,Y,10445,500,29-09-2025,Above Reorder Level,Valid,Unique,Valid
701554,521,20907,Lewisfort Distribution Center,Brazil,310614,Fully-configurable demand-driven moratorium,Groceries,2122.18,N,13166,236,21-03-2026,Above Reorder Level,Valid,Unique,Valid
701555,521,21244,Lewisfort Distribution Center,Brazil,310614,Adaptive grid-enabled success,Office Supplies,495.1,N,1581,417,21-05-2026,Above Reorder Level,Valid,Unique,Valid
701556,521,21337,Lewisfort Distribution Center,Brazil,310614,Re-contextualized analyzing utilization,Office Supplies,2452.57,Y,1455,342,04-11-2025,Above Reorder Level,Valid,Unique,Valid
701557,521,21378,Lewisfort Distribution Center,Brazil,310614,Up-sized intermediate hub,Groceries,720.94,N,5766,281,16-04-2026,Above Reorder Level,Valid,Unique,Valid
701558,521,21451,Lewisfort Distribution Center,Brazil,310614,Phased client-driven budgetary management,Furniture,171.77,N,3233,215,18-12-2025,Above Reorder Level,Valid,Unique,Valid
701559,521,21205,Lewisfort Distribution Center,Brazil,310614,Persistent motivating forecast,Industrial Equipment,669.1,N,11186,115,25-11-2025,Above Reorder Level,Valid,Unique,Valid
701560,521,21331,Lewisfort Distribution Center,Brazil,310614,Organized responsive structure,Apparel,1534.32,Y,14063,34,10-10-2025,Above Reorder Level,Valid,Unique,Valid
701561,521,20015,Lewisfort Distribution Center,Brazil,310614,Proactive systematic algorithm,Office Supplies,481.45,N,2663,344,12-01-2026,Above Reorder Level,Valid,Unique,Valid
701562,521,21214,Lewisfort Distribution Center,Brazil,310614,Horizontal neutral methodology,Apparel,1926.71,N,1651,254,29-10-2025,Above Reorder Level,Valid,Unique,Valid
701563,521,20269,Lewisfort Distribution Center,Brazil,310614,Integrated systemic portal,Electronics,973.98,Y,9261,401,10-10-2025,Above Reorder Level,Valid,Unique,Valid
701564,521,20078,Lewisfort Distribution Center,Brazil,310614,Expanded grid-enabled utilization,Apparel,1238.23,Y,1962,455,24-08-2026,Above Reorder Level,Valid,Unique,Valid
701565,521,20299,Lewisfort Distribution Center,Brazil,310614,Configurable intangible strategy,Automotive Parts,1633.23,N,10561,387,27-01-2026,Above Reorder Level,Valid,Unique,Valid
701566,521,21323,Lewisfort Distribution Center,Brazil,310614,Cross-platform asynchronous moratorium,Furniture,2434,N,3366,136,02-06-2026,Above Reorder Level,Valid,Unique,Valid
701567,521,20873,Lewisfort Distribution Center,Brazil,310614,Persevering directional architecture,Furniture,1512.58,Y,6725,401,22-04-2026,Above Reorder Level,Valid,Unique,Valid
701568,521,20983,Lewisfort Distribution Center,Brazil,310614,Down-sized context-sensitive hub,Toys,1175.79,N,613,455,02-11-2025,Above Reorder Level,Valid,Unique,Valid
701569,521,20720,Lewisfort Distribution Center,Brazil,310614,Phased encompassing paradigm,Furniture,2119.14,Y,5971,35,01-12-2025,Above Reorder Level,Valid,Unique,Valid
701570,521,20322,Lewisfort Distribution Center,Brazil,310614,Self-enabling national core,Apparel,929.75,Y,3671,244,19-01-2026,Above Reorder Level,Valid,Unique,Valid
701571,521,21116,Lewisfort Distribution Center,Brazil,310614,Synchronized stable array,Apparel,2390.88,N,5395,251,04-11-2025,Above Reorder Level,Valid,Unique,Valid
701572,521,21477,Lewisfort Distribution Center,Brazil,310614,Object-based interactive software,Apparel,1720.13,Y,1123,164,06-04-2026,Above Reorder Level,Valid,Unique,Valid
701573,521,21450,Lewisfort Distribution Center,Brazil,310614,Ameliorated high-level open architecture,Toys,,N,8153,408,02-03-2026,Above Reorder Level,Valid,Unique,Valid
701574,521,20095,Lewisfort Distribution Center,Brazil,310614,User-friendly systemic task-force,Toys,,Y,12130,141,08-02-2026,Above Reorder Level,Valid,Unique,Valid
701575,521,21391,Lewisfort Distribution Center,Brazil,310614,Versatile 24/7 portal,Furniture,61.54,Y,1492,,01-12-2025,Cannot Determine,Valid,Unique,Valid
701576,522,21181,Thomasborough Distribution Center,Vietnam,365765,Digitized directional focus group,Groceries,770.2,N,312,476,24-05-2026,Below Reorder Level,Valid,Unique,Valid
701577,522,20099,Thomasborough Distribution Center,Vietnam,365765,Horizontal secondary complexity,Electronics,1480.56,N,74,287,27-12-2025,Below Reorder Level,Valid,Unique,Valid
701578,522,20893,Thomasborough Distribution Center,Vietnam,365765,Integrated disintermediate support,Apparel,2394.13,N,3185,487,26-04-2026,Above Reorder Level,Valid,Unique,Valid
701579,522,20447,Thomasborough Distribution Center,Vietnam,365765,Devolved transitional implementation,Sporting Goods,1191.63,N,2896,280,15-04-2026,Above Reorder Level,Valid,Unique,Valid
701580,522,20105,Thomasborough Distribution Center,Vietnam,365765,Realigned intermediate interface,Groceries,1156.18,Y,2453,20,12-03-2026,Above Reorder Level,Valid,Unique,Valid
701581,522,20462,Thomasborough Distribution Center,Vietnam,365765,Upgradable intangible complexity,Electronics,1351.24,Y,818,221,28-02-2026,Above Reorder Level,Valid,Unique,Valid
701582,522,21452,Thomasborough Distribution Center,Vietnam,365765,Centralized grid-enabled hierarchy,Pharmaceuticals,1454.79,Y,1537,243,06-06-2026,Above Reorder Level,Valid,Unique,Valid
701583,522,20097,Thomasborough Distribution Center,Vietnam,365765,Intuitive asymmetric productivity,Electronics,1231.09,N,2798,280,27-03-2026,Above Reorder Level,Valid,Unique,Valid
701584,522,21436,Thomasborough Distribution Center,Vietnam,365765,Visionary human-resource help-desk,Electronics,617.97,Y,2129,18,13-10-2025,Above Reorder Level,Valid,Unique,Valid
701585,522,20259,Thomasborough Distribution Center,Vietnam,365765,Compatible neutral portal,Industrial Equipment,1190.72,Y,13658,424,26-11-2025,Above Reorder Level,Valid,Unique,Valid
701586,522,20254,Thomasborough Distribution Center,Vietnam,365765,Secured local Graphic Interface,Industrial Equipment,99.9,N,455,474,31-08-2025,Below Reorder Level,Valid,Unique,Valid
701587,522,20600,Thomasborough Distribution Center,Vietnam,365765,Team-oriented systematic monitoring,Toys,1783.91,Y,3683,186,17-02-2026,Above Reorder Level,Valid,Unique,Valid
701588,522,20066,Thomasborough Distribution Center,Vietnam,365765,Virtual static Graphical User Interface,Office Supplies,2125.57,N,1606,467,23-06-2026,Above Reorder Level,Valid,Unique,Valid
701589,522,21191,Thomasborough Distribution Center,Vietnam,365765,Networked contextually-based hardware,Automotive Parts,1928.86,N,1733,65,04-12-2025,Above Reorder Level,Valid,Unique,Valid
701590,522,20884,Thomasborough Distribution Center,Vietnam,365765,Enhanced scalable task-force,Office Supplies,209.95,Y,3920,277,25-08-2026,Above Reorder Level,Valid,Unique,Valid
701591,522,20855,Thomasborough Distribution Center,Vietnam,365765,Adaptive actuating throughput,Pharmaceuticals,822.72,Y,3656,378,26-04-2026,Above Reorder Level,Valid,Unique,Valid
701592,522,20550,Thomasborough Distribution Center,Vietnam,365765,Multi-tiered grid-enabled product,Industrial Equipment,847.9,N,14694,348,18-06-2026,Above Reorder Level,Valid,Unique,Valid
701593,522,20132,Thomasborough Distribution Center,Vietnam,365765,Quality-focused interactive leverage,Office Supplies,1743.6,Y,426,460,19-11-2025,Below Reorder Level,Valid,Unique,Valid
701594,522,21462,Thomasborough Distribution Center,Vietnam,365765,Reduced asynchronous matrices,Sporting Goods,356.31,Y,341,182,10-12-2025,Above Reorder Level,Valid,Unique,Valid
701595,522,21263,Thomasborough Distribution Center,Vietnam,365765,Diverse static customer loyalty,Sporting Goods,2262.95,N,3995,269,20-07-2026,Above Reorder Level,Valid,Unique,Valid
701596,522,20537,Thomasborough Distribution Center,Vietnam,365765,Fully-configurable well-modulated open architecture,Groceries,315.11,Y,2678,417,03-11-2025,Above Reorder Level,Valid,Unique,Valid
701597,522,20441,Thomasborough Distribution Center,Vietnam,365765,Front-line value-added paradigm,Electronics,424.36,N,993,33,09-05-2026,Above Reorder Level,Valid,Unique,Valid
701598,522,21465,Thomasborough Distribution Center,Vietnam,365765,Configurable dynamic archive,Sporting Goods,76.69,Y,257,120,24-11-2025,Above Reorder Level,Valid,Unique,Valid
701599,522,20637,Thomasborough Distribution Center,Vietnam,365765,Open-architected bandwidth-monitored process improvement,Sporting Goods,1174.16,N,278,240,02-01-2026,Above Reorder Level,Valid,Unique,Valid
701600,522,21354,Thomasborough Distribution Center,Vietnam,365765,Front-line explicit analyzer,Groceries,271.22,N,6964,41,17-02-2026,Above Reorder Level,Valid,Unique,Valid
701601,522,20338,Thomasborough Distribution Center,Vietnam,365765,Up-sized reciprocal service-desk,Pharmaceuticals,1376.1,N,660,322,22-07-2026,Above Reorder Level,Valid,Unique,Valid
701602,522,21377,Thomasborough Distribution Center,Vietnam,365765,Organized discrete superstructure,Furniture,461.54,Y,1211,218,01-11-2025,Above Reorder Level,Valid,Unique,Valid
701603,522,20185,Thomasborough Distribution Center,Vietnam,365765,Visionary logistical service-desk,Groceries,26.16,N,797,142,27-12-2025,Above Reorder Level,Valid,Unique,Valid
701604,522,20149,Thomasborough Distribution Center,Vietnam,365765,Open-source 5thgeneration focus group,Toys,1105.41,Y,1360,124,10-11-2025,Above Reorder Level,Valid,Unique,Valid
701605,522,21317,Thomasborough Distribution Center,Vietnam,365765,Grass-roots demand-driven paradigm,Sporting Goods,1783.31,Y,223,201,27-09-2025,Above Reorder Level,Valid,Unique,Valid
701606,522,20557,Thomasborough Distribution Center,Vietnam,365765,Grass-roots intermediate database,Pharmaceuticals,960.31,N,2270,315,23-05-2026,Above Reorder Level,Valid,Unique,Valid
701607,522,20275,Thomasborough Distribution Center,Vietnam,365765,Cross-group web-enabled interface,Automotive Parts,2408.29,Y,217,380,03-10-2025,Below Reorder Level,Valid,Unique,Valid
701608,522,20448,Thomasborough Distribution Center,Vietnam,365765,Programmable user-facing encryption,Office Supplies,658.04,N,4995,239,30-11-2025,Above Reorder Level,Valid,Unique,Valid
701609,522,21224,Thomasborough Distribution Center,Vietnam,365765,User-centric stable moderator,Toys,2488.85,Y,825,71,24-08-2026,Above Reorder Level,Valid,Unique,Valid
701610,522,20050,Thomasborough Distribution Center,Vietnam,365765,Open-source grid-enabled approach,Industrial Equipment,1529.05,N,2408,403,27-07-2026,Above Reorder Level,Valid,Unique,Valid
701611,522,20931,Thomasborough Distribution Center,Vietnam,365765,Multi-tiered interactive artificial intelligence,Industrial Equipment,918.1,N,6576,337,26-11-2025,Above Reorder Level,Valid,Unique,Valid
701612,522,20980,Thomasborough Distribution Center,Vietnam,365765,Vision-oriented tangible instruction set,Automotive Parts,1247.63,N,3263,172,22-02-2026,Above Reorder Level,Valid,Unique,Valid
701613,522,20848,Thomasborough Distribution Center,Vietnam,365765,Universal 5thgeneration service-desk,Sporting Goods,1386.29,Y,2360,298,22-04-2026,Above Reorder Level,Valid,Unique,Valid
701614,522,20209,Thomasborough Distribution Center,Vietnam,365765,Function-based motivating process improvement,Office Supplies,2021.15,Y,1216,113,29-06-2026,Above Reorder Level,Valid,Unique,Valid
701615,522,21291,Thomasborough Distribution Center,Vietnam,365765,Automated even-keeled core,Industrial Equipment,1233.02,Y,1256,194,18-01-2026,Above Reorder Level,Valid,Unique,Valid
701616,522,21456,Thomasborough Distribution Center,Vietnam,365765,Face-to-face analyzing synergy,Automotive Parts,2216.86,N,3432,444,31-10-2025,Above Reorder Level,Valid,Unique,Valid
701617,522,20478,Thomasborough Distribution Center,Vietnam,365765,Integrated executive data-warehouse,Industrial Equipment,2345.35,Y,15934,416,14-11-2025,Above Reorder Level,Valid,Unique,Valid
701618,522,21480,Thomasborough Distribution Center,Vietnam,365765,Integrated tertiary emulation,Apparel,79.68,N,3362,87,17-09-2025,Above Reorder Level,Valid,Unique,Valid
701619,522,20222,Thomasborough Distribution Center,Vietnam,365765,Virtual empowering model,Apparel,954.67,N,2530,76,26-06-2026,Above Reorder Level,Valid,Unique,Valid
701620,522,20142,Thomasborough Distribution Center,Vietnam,365765,Synergized bottom-line monitoring,Office Supplies,219.39,Y,4067,263,25-09-2025,Above Reorder Level,Valid,Unique,Valid
701621,522,20649,Thomasborough Distribution Center,Vietnam,365765,Ergonomic object-oriented capacity,Office Supplies,1883.51,N,1940,295,07-12-2025,Above Reorder Level,Valid,Unique,Valid
701622,522,21304,Thomasborough Distribution Center,Vietnam,365765,Adaptive actuating protocol,Groceries,398.56,Y,192,289,30-01-2026,Below Reorder Level,Valid,Unique,Valid
701623,522,21180,Thomasborough Distribution Center,Vietnam,365765,Managed zero-defect flexibility,Sporting Goods,2004.12,Y,2562,214,02-02-2026,Above Reorder Level,Valid,Unique,Valid
701624,522,21320,Thomasborough Distribution Center,Vietnam,365765,Robust bottom-line analyzer,Electronics,1796.29,Y,9801,451,27-05-2026,Above Reorder Level,Valid,Unique,Valid
701625,522,21153,Thomasborough Distribution Center,Vietnam,365765,Programmable heuristic portal,Toys,1395.65,N,598,62,04-04-2026,Above Reorder Level,Valid,Unique,Valid
701626,522,20665,Thomasborough Distribution Center,Vietnam,365765,Optimized grid-enabled customer loyalty,Electronics,1139.67,N,3631,194,11-10-2025,Above Reorder Level,Valid,Unique,Valid
701627,522,20144,Thomasborough Distribution Center,Vietnam,365765,Advanced hybrid extranet,Apparel,1407.58,N,695,139,09-09-2025,Above Reorder Level,Valid,Unique,Valid
701628,522,20414,Thomasborough Distribution Center,Vietnam,365765,Up-sized value-added functionalities,Apparel,960.23,N,2380,411,23-06-2026,Above Reorder Level,Valid,Unique,Valid
701629,522,20790,Thomasborough Distribution Center,Vietnam,365765,Cloned logistical approach,Toys,2325.18,Y,315,232,05-04-2026,Above Reorder Level,Valid,Unique,Valid
701630,522,21208,Thomasborough Distribution Center,Vietnam,365765,Sharable background function,Groceries,528.17,Y,1856,310,29-01-2026,Above Reorder Level,Valid,Unique,Valid
701631,522,20489,Thomasborough Distribution Center,Vietnam,365765,Organized coherent superstructure,Office Supplies,1446.15,Y,4375,327,01-06-2026,Above Reorder Level,Valid,Unique,Valid
701632,522,21155,Thomasborough Distribution Center,Vietnam,365765,Team-oriented bandwidth-monitored protocol,Office Supplies,1106.32,N,1324,363,31-07-2026,Above Reorder Level,Valid,Unique,Valid
701633,522,21212,Thomasborough Distribution Center,Vietnam,365765,Cross-group composite orchestration,Apparel,1518.59,Y,3390,98,10-04-2026,Above Reorder Level,Valid,Unique,Valid
701634,522,21316,Thomasborough Distribution Center,Vietnam,365765,Multi-layered disintermediate projection,Office Supplies,2262.02,Y,4920,27,19-07-2026,Above Reorder Level,Valid,Unique,Valid
701635,522,20497,Thomasborough Distribution Center,Vietnam,365765,Assimilated object-oriented product,Furniture,1438.92,Y,8122,52,23-10-2025,Above Reorder Level,Valid,Unique,Valid
701636,522,20835,Thomasborough Distribution Center,Vietnam,365765,Inverse static synergy,Pharmaceuticals,541.67,N,829,113,11-07-2026,Above Reorder Level,Valid,Unique,Valid
701637,522,20415,Thomasborough Distribution Center,Vietnam,365765,Monitored 24/7 focus group,Furniture,782.48,N,1580,71,23-09-2025,Above Reorder Level,Valid,Unique,Valid
701638,522,20383,Thomasborough Distribution Center,Vietnam,365765,Diverse upward-trending frame,Groceries,111.68,,513,444,31-07-2026,Above Reorder Level,Valid,Unique,Valid
701639,522,20119,Thomasborough Distribution Center,Vietnam,365765,Programmable static paradigm,Industrial Equipment,3.71,N,15163,105,06-04-2026,Above Reorder Level,Valid,Unique,Valid
701640,522,20440,Thomasborough Distribution Center,Vietnam,365765,Adaptive logistical Graphical User Interface,Industrial Equipment,420.44,N,8115,213,14-05-2026,Above Reorder Level,Valid,Unique,Valid
701641,522,20676,Thomasborough Distribution Center,Vietnam,365765,Team-oriented discrete Local Area Network,Electronics,2155.21,N,2407,262,13-09-2025,Above Reorder Level,Valid,Unique,Valid
701642,522,20982,Thomasborough Distribution Center,Vietnam,365765,Horizontal upward-trending Internet solution,Toys,329.38,Y,5721,67,01-01-2026,Above Reorder Level,Valid,Unique,Valid
701643,522,20346,Thomasborough Distribution Center,Vietnam,365765,Total intermediate adapter,Apparel,2325.75,Y,2282,362,02-02-2026,Above Reorder Level,Valid,Unique,Valid
701644,522,20150,Thomasborough Distribution Center,Vietnam,365765,Configurable zero-defect matrix,Office Supplies,779.19,Y,3029,13,07-07-2026,Above Reorder Level,Valid,Unique,Valid
701645,522,20425,Thomasborough Distribution Center,Vietnam,365765,Up-sized uniform support,Industrial Equipment,2042.95,N,289,134,06-12-2025,Above Reorder Level,Valid,Unique,Valid
701646,522,20380,Thomasborough Distribution Center,Vietnam,365765,Realigned 6thgeneration middleware,Sporting Goods,,N,4364,357,30-09-2025,Above Reorder Level,Valid,Unique,Valid
701647,522,20565,Thomasborough Distribution Center,Vietnam,365765,Team-oriented client-driven project,Toys,945.59,Y,424,159,31-03-2026,Above Reorder Level,Valid,Unique,Valid
701648,522,20939,Thomasborough Distribution Center,Vietnam,365765,Universal methodical customer loyalty,Automotive Parts,1312.9,N,5423,475,07-10-2025,Above Reorder Level,Valid,Unique,Valid
701649,522,20224,Thomasborough Distribution Center,Vietnam,365765,Intuitive user-facing matrix,Office Supplies,420.15,Y,4723,365,26-07-2026,Above Reorder Level,Valid,Unique,Valid
701650,522,20538,Thomasborough Distribution Center,Vietnam,365765,Streamlined zero tolerance capacity,Electronics,1893.82,N,3824,201,25-12-2025,Above Reorder Level,Valid,Unique,Valid
701651,523,20568,Brownstad Distribution Center,Vietnam,495564,Enhanced incremental open architecture,Pharmaceuticals,238.64,N,148,418,20-10-2025,Below Reorder Level,Valid,Unique,Valid
701652,523,20746,Brownstad Distribution Center,Vietnam,495564,Function-based exuding synergy,Apparel,1047.2,N,1448,34,28-08-2026,Above Reorder Level,Valid,Unique,Valid
701653,523,20269,Brownstad Distribution Center,Vietnam,495564,Integrated systemic portal,Electronics,973.98,Y,1224,14,29-09-2025,Above Reorder Level,Valid,Unique,Valid
701654,523,21322,Brownstad Distribution Center,Vietnam,495564,Ergonomic tertiary knowledge user,Toys,732.11,N,1790,493,16-09-2025,Above Reorder Level,Valid,Unique,Valid
701655,523,20890,Brownstad Distribution Center,Vietnam,495564,Profit-focused optimizing strategy,Furniture,1719.04,N,368,377,29-07-2026,Below Reorder Level,Valid,Unique,Valid
701656,523,20095,Brownstad Distribution Center,Vietnam,495564,User-friendly systemic task-force,Toys,,Y,11082,338,05-06-2026,Above Reorder Level,Valid,Unique,Valid
701657,523,20039,Brownstad Distribution Center,Vietnam,495564,Realigned cohesive middleware,Pharmaceuticals,93.84,Y,3236,469,07-11-2025,Above Reorder Level,Valid,Unique,Valid
701658,523,20564,Brownstad Distribution Center,Vietnam,495564,Right-sized full-range adapter,Toys,1645.1,Y,1462,219,25-08-2026,Above Reorder Level,Valid,Unique,Valid
701659,523,20101,Brownstad Distribution Center,Vietnam,495564,Front-line impactful encoding,Sporting Goods,265.93,Y,2028,281,30-10-2025,Above Reorder Level,Valid,Unique,Valid
701660,523,20029,Brownstad Distribution Center,Vietnam,495564,Organic logistical alliance,Electronics,2159.57,Y,2377,52,05-08-2026,Above Reorder Level,Valid,Unique,Valid
701661,523,20296,Brownstad Distribution Center,Vietnam,495564,Customizable user-facing protocol,Automotive Parts,2448.47,Y,,117,15-04-2026,Cannot Determine,Valid,Unique,Valid
701662,523,20577,Brownstad Distribution Center,Vietnam,495564,Total 24/7 capability,Sporting Goods,2409.54,N,2907,211,30-01-2026,Above Reorder Level,Valid,Unique,Valid
701663,523,20475,Brownstad Distribution Center,Vietnam,495564,Implemented mobile algorithm,Industrial Equipment,610.62,Y,10096,,30-08-2026,Cannot Determine,Valid,Unique,Valid
701664,523,20480,Brownstad Distribution Center,Vietnam,495564,Adaptive bottom-line neural-net,Sporting Goods,1269.84,,2755,341,11-07-2026,Above Reorder Level,Valid,Unique,Valid
701665,523,21477,Brownstad Distribution Center,Vietnam,495564,Object-based interactive software,Apparel,1720.13,Y,19438,73,18-08-2026,Above Reorder Level,Valid,Unique,Valid
701666,523,20364,Brownstad Distribution Center,Vietnam,495564,Business-focused 3rdgeneration help-desk,Toys,380.97,Y,7644,273,21-04-2026,Above Reorder Level,Valid,Unique,Valid
701667,523,20146,Brownstad Distribution Center,Vietnam,495564,Front-line exuding database,Pharmaceuticals,98.88,N,938,363,11-10-2025,Above Reorder Level,Valid,Unique,Valid
701668,523,20117,Brownstad Distribution Center,Vietnam,495564,Front-line bifurcated orchestration,Industrial Equipment,2369,N,10696,103,02-11-2025,Above Reorder Level,Valid,Unique,Valid
701669,523,21285,Brownstad Distribution Center,Vietnam,495564,Exclusive methodical strategy,Groceries,1855.43,N,496,336,21-03-2026,Above Reorder Level,Valid,Unique,Valid
701670,523,20273,Brownstad Distribution Center,Vietnam,495564,Networked methodical flexibility,Groceries,1638.24,N,6819,448,22-07-2026,Above Reorder Level,Valid,Unique,Valid
701671,523,21224,Brownstad Distribution Center,Vietnam,495564,User-centric stable moderator,Toys,2488.85,Y,1921,340,05-12-2025,Above Reorder Level,Valid,Unique,Valid
701672,523,20319,Brownstad Distribution Center,Vietnam,495564,Ergonomic 4thgeneration database,Electronics,398.21,N,8434,298,14-05-2026,Above Reorder Level,Valid,Unique,Valid
701673,523,21116,Brownstad Distribution Center,Vietnam,495564,Synchronized stable array,Apparel,2390.88,N,8120,108,19-03-2026,Above Reorder Level,Valid,Unique,Valid
701674,523,21397,Brownstad Distribution Center,Vietnam,495564,Self-enabling radical access,Industrial Equipment,297.86,N,6573,232,21-10-2025,Above Reorder Level,Valid,Unique,Valid
701675,523,21159,Brownstad Distribution Center,Vietnam,495564,Reactive didactic parallelism,Groceries,2177.54,Y,6258,141,13-09-2025,Above Reorder Level,Valid,Unique,Valid
701676,523,20883,Brownstad Distribution Center,Vietnam,495564,Team-oriented client-driven groupware,Furniture,2473.86,N,,332,16-02-2026,Cannot Determine,Valid,Unique,Valid
701677,523,20299,Brownstad Distribution Center,Vietnam,495564,Configurable intangible strategy,Automotive Parts,1633.23,N,338,119,22-01-2026,Above Reorder Level,Valid,Unique,Valid
701678,523,21169,Brownstad Distribution Center,Vietnam,495564,Sharable tangible project,Pharmaceuticals,232.85,Y,2068,323,17-01-2026,Above Reorder Level,Valid,Unique,Valid
701679,523,21460,Brownstad Distribution Center,Vietnam,495564,Optimized holistic application,Toys,760.01,Y,764,346,09-04-2026,Above Reorder Level,Valid,Unique,Valid
701680,523,20049,Brownstad Distribution Center,Vietnam,495564,Optimized grid-enabled help-desk,Pharmaceuticals,469.03,N,4760,286,21-04-2026,Above Reorder Level,Valid,Unique,Valid
701681,523,20934,Brownstad Distribution Center,Vietnam,495564,Upgradable context-sensitive extranet,Office Supplies,1165.76,N,1703,118,19-08-2026,Above Reorder Level,Valid,Unique,Valid
701682,523,21168,Brownstad Distribution Center,Vietnam,495564,Self-enabling upward-trending flexibility,Furniture,566.45,N,14889,436,03-03-2026,Above Reorder Level,Valid,Unique,Valid
701683,523,21353,Brownstad Distribution Center,Vietnam,495564,Face-to-face 6thgeneration monitoring,Electronics,77.79,Y,4107,26,04-12-2025,Above Reorder Level,Valid,Unique,Valid
701684,523,21390,Brownstad Distribution Center,Vietnam,495564,Progressive client-driven superstructure,Pharmaceuticals,500.13,Y,6931,346,11-09-2025,Above Reorder Level,Valid,Unique,Valid
701685,523,21177,Brownstad Distribution Center,Vietnam,495564,Customizable systemic neural-net,Furniture,2426.97,N,570,434,22-09-2025,Above Reorder Level,Valid,Unique,Valid
701686,523,21022,Brownstad Distribution Center,Vietnam,495564,User-centric fresh-thinking service-desk,Toys,460.06,N,7941,387,24-09-2025,Above Reorder Level,Valid,Unique,Valid
701687,523,20554,Brownstad Distribution Center,Vietnam,495564,Cloned exuding array,Groceries,1695.91,Y,10267,71,01-10-2025,Above Reorder Level,Valid,Unique,Valid
701688,523,20111,Brownstad Distribution Center,Vietnam,495564,Up-sized mobile toolset,Groceries,700.88,Y,2677,421,03-07-2026,Above Reorder Level,Valid,Unique,Valid
701689,523,21060,Brownstad Distribution Center,Vietnam,495564,Multi-tiered object-oriented support,Industrial Equipment,,Y,3737,434,19-10-2025,Above Reorder Level,Valid,Unique,Valid
701690,523,20688,Brownstad Distribution Center,Vietnam,495564,Enhanced directional firmware,Toys,2497.06,N,5803,290,21-01-2026,Above Reorder Level,Valid,Unique,Valid
701691,523,20647,Brownstad Distribution Center,Vietnam,495564,Customer-focused 24/7 policy,Sporting Goods,2121.79,N,771,432,22-04-2026,Above Reorder Level,Valid,Unique,Valid
701692,523,20386,Brownstad Distribution Center,Vietnam,495564,Cross-platform coherent project,Industrial Equipment,2019.02,N,2800,316,20-11-2025,Above Reorder Level,Valid,Unique,Valid
701693,523,21216,Brownstad Distribution Center,Vietnam,495564,Profound upward-trending challenge,Electronics,1001.34,Y,2039,85,25-02-2026,Above Reorder Level,Valid,Unique,Valid
701694,523,20786,Brownstad Distribution Center,Vietnam,495564,Pre-emptive 4thgeneration contingency,Sporting Goods,654.8,Y,635,27,29-11-2025,Above Reorder Level,Valid,Unique,Valid
701695,523,20698,Brownstad Distribution Center,Vietnam,495564,Progressive regional Internet solution,Office Supplies,2138.99,N,1837,464,05-07-2026,Above Reorder Level,Valid,Unique,Valid
701696,523,21145,Brownstad Distribution Center,Vietnam,495564,Automated attitude-oriented capability,Automotive Parts,1462,Y,283,414,01-08-2026,Below Reorder Level,Valid,Unique,Valid
701697,523,20046,Brownstad Distribution Center,Vietnam,495564,Monitored user-facing paradigm,Office Supplies,1290.95,N,105,266,24-09-2025,Below Reorder Level,Valid,Unique,Valid
701698,523,21001,Brownstad Distribution Center,Vietnam,495564,Extended multi-state utilization,Furniture,983.43,Y,582,256,24-08-2026,Above Reorder Level,Valid,Unique,Valid
701699,523,20636,Brownstad Distribution Center,Vietnam,495564,Business-focused explicit implementation,Industrial Equipment,294.12,Y,13231,279,30-03-2026,Above Reorder Level,Valid,Unique,Valid
701700,523,20428,Brownstad Distribution Center,Vietnam,495564,Profound neutral function,Office Supplies,22.28,Y,3197,307,01-11-2025,Above Reorder Level,Valid,Unique,Valid
701701,523,20243,Brownstad Distribution Center,Vietnam,495564,Compatible dynamic throughput,Industrial Equipment,2228.81,N,13536,,15-05-2026,Cannot Determine,Valid,Unique,Valid
701702,523,21297,Brownstad Distribution Center,Vietnam,495564,Mandatory interactive matrices,Sporting Goods,2481.76,N,2271,140,05-07-2026,Above Reorder Level,Valid,Unique,Valid
701703,523,21234,Brownstad Distribution Center,Vietnam,495564,Visionary bottom-line frame,Groceries,1546.91,N,1498,448,28-05-2026,Above Reorder Level,Valid,Unique,Valid
701704,523,20819,Brownstad Distribution Center,Vietnam,495564,Public-key explicit secured line,Industrial Equipment,1881.16,Y,2829,192,17-05-2026,Above Reorder Level,Valid,Unique,Valid
701705,523,20774,Brownstad Distribution Center,Vietnam,495564,Reverse-engineered 3rdgeneration open system,Toys,1520.94,N,2321,309,07-04-2026,Above Reorder Level,Valid,Unique,Valid
701706,523,20950,Brownstad Distribution Center,Vietnam,495564,Visionary web-enabled success,Apparel,2488.42,N,448,,14-02-2026,Cannot Determine,Valid,Unique,Valid
701707,523,20781,Brownstad Distribution Center,Vietnam,495564,Customer-focused full-range open system,Sporting Goods,834.42,N,4105,331,27-12-2025,Above Reorder Level,Valid,Unique,Valid
701708,523,21068,Brownstad Distribution Center,Vietnam,495564,Advanced national knowledgebase,Electronics,1248.27,Y,976,313,19-02-2026,Above Reorder Level,Valid,Unique,Valid
701709,523,20109,Brownstad Distribution Center,Vietnam,495564,Grass-roots stable neural-net,Groceries,1708.67,Y,3875,182,06-02-2026,Above Reorder Level,Valid,Unique,Valid
701710,523,20582,Brownstad Distribution Center,Vietnam,495564,Multi-channeled content-based array,Pharmaceuticals,1226.92,Y,4211,,24-07-2026,Cannot Determine,Valid,Unique,Valid
701711,523,21283,Brownstad Distribution Center,Vietnam,495564,Customizable empowering standardization,Office Supplies,25.17,,661,445,25-07-2026,Above Reorder Level,Valid,Unique,Valid
701712,523,20526,Brownstad Distribution Center,Vietnam,495564,Multi-tiered bottom-line application,Sporting Goods,1044.06,N,254,60,15-05-2026,Above Reorder Level,Valid,Unique,Valid
701713,523,20469,Brownstad Distribution Center,Vietnam,495564,Realigned holistic capability,Industrial Equipment,374.09,Y,6085,302,10-04-2026,Above Reorder Level,Valid,Unique,Valid
701714,523,20549,Brownstad Distribution Center,Vietnam,495564,Right-sized eco-centric software,Industrial Equipment,988.24,Y,2469,,01-11-2025,Cannot Determine,Valid,Unique,Valid
701715,523,21161,Brownstad Distribution Center,Vietnam,495564,Upgradable regional interface,Groceries,2244.55,N,240,66,23-11-2025,Above Reorder Level,Valid,Unique,Valid
701716,523,20220,Brownstad Distribution Center,Vietnam,495564,User-friendly high-level Internet solution,Automotive Parts,829,Y,21137,458,02-01-2026,Above Reorder Level,Valid,Unique,Valid
701717,523,21252,Brownstad Distribution Center,Vietnam,495564,Phased hybrid hub,Groceries,1526.09,N,239,159,01-03-2026,Above Reorder Level,Valid,Unique,Valid
701718,523,21291,Brownstad Distribution Center,Vietnam,495564,Automated even-keeled core,Industrial Equipment,1233.02,Y,4761,67,29-03-2026,Above Reorder Level,Valid,Unique,Valid
701719,523,20713,Brownstad Distribution Center,Vietnam,495564,Cloned composite migration,Groceries,1295.17,N,16500,373,29-04-2026,Above Reorder Level,Valid,Unique,Valid
701720,523,20658,Brownstad Distribution Center,Vietnam,495564,Quality-focused zero-defect circuit,Automotive Parts,2104.28,Y,1096,166,07-04-2026,Above Reorder Level,Valid,Unique,Valid
701721,523,21015,Brownstad Distribution Center,Vietnam,495564,Total web-enabled encryption,Automotive Parts,1661.47,Y,615,133,14-03-2026,Above Reorder Level,Valid,Unique,Valid
701722,523,20154,Brownstad Distribution Center,Vietnam,495564,Fundamental motivating architecture,Toys,714.1,Y,519,459,01-07-2026,Above Reorder Level,Valid,Unique,Valid
701723,523,20197,Brownstad Distribution Center,Vietnam,495564,Reduced systemic project,Pharmaceuticals,2375.99,N,1449,220,20-01-2026,Above Reorder Level,Valid,Unique,Valid
701724,523,21118,Brownstad Distribution Center,Vietnam,495564,Multi-tiered even-keeled product,Automotive Parts,1929.95,N,427,140,06-02-2026,Above Reorder Level,Valid,Unique,Valid
701725,523,20758,Brownstad Distribution Center,Vietnam,495564,User-friendly demand-driven leverage,Toys,1337.57,N,4724,441,18-02-2026,Above Reorder Level,Valid,Unique,Valid
701726,524,21195,Port Andrew Distribution Center,India,510884,De-engineered empowering access,Electronics,1151.71,N,418,235,21-05-2026,Above Reorder Level,Valid,Unique,Valid
701727,524,20666,Port Andrew Distribution Center,India,510884,Exclusive scalable customer loyalty,Industrial Equipment,303.92,N,4626,490,06-10-2025,Above Reorder Level,Valid,Unique,Valid
701728,524,20853,Port Andrew Distribution Center,India,510884,Networked system-worthy function,Automotive Parts,749.35,N,37109,500,13-01-2026,Above Reorder Level,Valid,Unique,Valid
701729,524,21241,Port Andrew Distribution Center,India,510884,Centralized heuristic ability,Industrial Equipment,102.5,Y,10925,451,18-11-2025,Above Reorder Level,Valid,Unique,Valid
701730,524,20362,Port Andrew Distribution Center,India,510884,Operative modular framework,Groceries,,N,6204,347,08-12-2025,Above Reorder Level,Valid,Unique,Valid
701731,524,21470,Port Andrew Distribution Center,India,510884,Innovative methodical installation,Pharmaceuticals,1838.52,N,2375,308,04-05-2026,Above Reorder Level,Valid,Unique,Valid
701732,524,21384,Port Andrew Distribution Center,India,510884,Ameliorated fault-tolerant complexity,Groceries,2497.85,N,6352,270,07-10-2025,Above Reorder Level,Valid,Unique,Valid
701733,524,21339,Port Andrew Distribution Center,India,510884,Object-based modular software,Toys,1243.84,Y,4864,204,01-09-2025,Above Reorder Level,Valid,Unique,Valid
701734,524,21376,Port Andrew Distribution Center,India,510884,Versatile hybrid collaboration,Furniture,876.59,Y,3607,87,12-11-2025,Above Reorder Level,Valid,Unique,Valid
701735,524,21480,Port Andrew Distribution Center,India,510884,Integrated tertiary emulation,Apparel,79.68,N,910,46,06-07-2026,Above Reorder Level,Valid,Unique,Valid
701736,524,20737,Port Andrew Distribution Center,India,510884,Organic discrete firmware,Office Supplies,1468.34,N,14140,470,27-03-2026,Above Reorder Level,Valid,Unique,Valid
701737,524,21485,Port Andrew Distribution Center,India,510884,Face-to-face hybrid contingency,Apparel,2407,Y,3881,262,22-08-2026,Above Reorder Level,Valid,Unique,Valid
701738,524,20686,Port Andrew Distribution Center,India,510884,Multi-lateral 6thgeneration algorithm,Toys,1495.47,N,1406,153,02-01-2026,Above Reorder Level,Valid,Unique,Valid
701739,524,20077,Port Andrew Distribution Center,India,510884,Progressive methodical interface,Automotive Parts,2120.03,Y,2978,268,22-06-2026,Above Reorder Level,Valid,Unique,Valid
701740,524,20918,Port Andrew Distribution Center,India,510884,Profit-focused attitude-oriented interface,Furniture,267.95,Y,3473,353,29-05-2026,Above Reorder Level,Valid,Unique,Valid
701741,524,20900,Port Andrew Distribution Center,India,510884,Right-sized leadingedge support,Apparel,2332.34,Y,11417,124,17-07-2026,Above Reorder Level,Valid,Unique,Valid
701742,524,20824,Port Andrew Distribution Center,India,510884,Versatile bi-directional middleware,Groceries,1720.58,Y,8592,300,13-03-2026,Above Reorder Level,Valid,Unique,Valid
701743,524,20567,Port Andrew Distribution Center,India,510884,Adaptive 24/7 service-desk,Automotive Parts,536.77,Y,9527,188,06-07-2026,Above Reorder Level,Valid,Unique,Valid
701744,524,21289,Port Andrew Distribution Center,India,510884,Sharable coherent emulation,Office Supplies,2458.46,N,72,186,19-04-2026,Below Reorder Level,Valid,Unique,Valid
701745,524,21489,Port Andrew Distribution Center,India,510884,Stand-alone impactful implementation,Office Supplies,1464.98,Y,3495,56,14-04-2026,Above Reorder Level,Valid,Unique,Valid
701746,524,20543,Port Andrew Distribution Center,India,510884,Down-sized zero tolerance encryption,Office Supplies,2310.73,N,4264,223,18-08-2026,Above Reorder Level,Valid,Unique,Valid
701747,524,20087,Port Andrew Distribution Center,India,510884,Enterprise-wide object-oriented methodology,Automotive Parts,1310.59,N,126,264,02-02-2026,Below Reorder Level,Valid,Unique,Valid
701748,524,20475,Port Andrew Distribution Center,India,510884,Implemented mobile algorithm,Industrial Equipment,610.62,Y,1954,346,05-09-2025,Above Reorder Level,Valid,Unique,Valid
701749,524,21449,Port Andrew Distribution Center,India,510884,Multi-lateral 24hour database,Furniture,107.9,Y,9278,57,13-04-2026,Above Reorder Level,Valid,Unique,Valid
701750,524,20384,Port Andrew Distribution Center,India,510884,Triple-buffered leadingedge task-force,Electronics,448.81,Y,958,238,16-11-2025,Above Reorder Level,Valid,Unique,Valid
701751,524,21048,Port Andrew Distribution Center,India,510884,Re-engineered zero administration policy,Industrial Equipment,2081.34,Y,4978,137,21-12-2025,Above Reorder Level,Valid,Unique,Valid
701752,524,20762,Port Andrew Distribution Center,India,510884,Configurable foreground core,Apparel,2051.68,Y,1574,353,18-02-2026,Above Reorder Level,Valid,Unique,Valid
701753,524,20760,Port Andrew Distribution Center,India,510884,Reactive web-enabled Local Area Network,Apparel,1603.25,,79,174,01-08-2026,Below Reorder Level,Valid,Unique,Valid
701754,524,20054,Port Andrew Distribution Center,India,510884,Cloned fault-tolerant budgetary management,Electronics,2164.07,N,1793,434,06-09-2025,Above Reorder Level,Valid,Unique,Valid
701755,524,20848,Port Andrew Distribution Center,India,510884,Universal 5thgeneration service-desk,Sporting Goods,1386.29,Y,24193,308,24-02-2026,Above Reorder Level,Valid,Unique,Valid
701756,524,20606,Port Andrew Distribution Center,India,510884,Decentralized systemic model,Groceries,783.9,,10504,434,06-07-2026,Above Reorder Level,Valid,Unique,Valid
701757,524,21152,Port Andrew Distribution Center,India,510884,Pre-emptive system-worthy functionalities,Automotive Parts,2363.83,N,20840,309,18-06-2026,Above Reorder Level,Valid,Unique,Valid
701758,524,20797,Port Andrew Distribution Center,India,510884,Expanded fault-tolerant Internet solution,Pharmaceuticals,1184.13,N,4347,110,01-10-2025,Above Reorder Level,Valid,Unique,Valid
701759,524,20320,Port Andrew Distribution Center,India,510884,Polarized solution-oriented circuit,Electronics,902.35,N,755,271,02-10-2025,Above Reorder Level,Valid,Unique,Valid
701760,524,20457,Port Andrew Distribution Center,India,510884,Progressive impactful parallelism,Automotive Parts,2489.9,Y,5157,369,15-12-2025,Above Reorder Level,Valid,Unique,Valid
701761,524,21475,Port Andrew Distribution Center,India,510884,Robust web-enabled conglomeration,Electronics,261.33,N,3935,154,20-01-2026,Above Reorder Level,Valid,Unique,Valid
701762,524,20705,Port Andrew Distribution Center,India,510884,Virtual reciprocal parallelism,Industrial Equipment,1939.82,Y,12083,362,30-04-2026,Above Reorder Level,Valid,Unique,Valid
701763,524,20997,Port Andrew Distribution Center,India,510884,Synergistic well-modulated attitude,Groceries,1079.82,N,,184,16-01-2026,Cannot Determine,Valid,Unique,Valid
701764,524,20105,Port Andrew Distribution Center,India,510884,Realigned intermediate interface,Groceries,1156.18,Y,4351,405,03-07-2026,Above Reorder Level,Valid,Unique,Valid
701765,524,21191,Port Andrew Distribution Center,India,510884,Networked contextually-based hardware,Automotive Parts,1928.86,N,1056,113,13-12-2025,Above Reorder Level,Valid,Unique,Valid
701766,524,20628,Port Andrew Distribution Center,India,510884,Organized optimal capability,Industrial Equipment,1547.01,N,2550,439,07-10-2025,Above Reorder Level,Valid,Unique,Valid
701767,524,21269,Port Andrew Distribution Center,India,510884,Vision-oriented impactful middleware,Sporting Goods,2044.75,Y,8684,133,09-08-2025,Above Reorder Level,Valid,Unique,Valid
701768,524,20655,Port Andrew Distribution Center,India,510884,Integrated optimal Internet solution,Toys,2219.41,N,4198,304,14-06-2026,Above Reorder Level,Valid,Unique,Valid
701769,524,20332,Port Andrew Distribution Center,India,510884,Customer-focused responsive structure,Industrial Equipment,917.15,Y,3062,53,09-07-2026,Above Reorder Level,Valid,Unique,Valid
701770,524,21450,Port Andrew Distribution Center,India,510884,Ameliorated high-level open architecture,Toys,,N,3259,272,04-01-2026,Above Reorder Level,Valid,Unique,Valid
701771,524,20031,Port Andrew Distribution Center,India,510884,Switchable zero-defect framework,Automotive Parts,691.35,N,3996,408,16-12-2025,Above Reorder Level,Valid,Unique,Valid
701772,524,21331,Port Andrew Distribution Center,India,510884,Organized responsive structure,Apparel,1534.32,Y,,275,02-03-2026,Cannot Determine,Valid,Unique,Valid
701773,524,20801,Port Andrew Distribution Center,India,510884,Profit-focused transitional software,Pharmaceuticals,43.54,Y,14462,76,25-08-2026,Above Reorder Level,Valid,Unique,Valid
701774,524,20894,Port Andrew Distribution Center,India,510884,Optimized web-enabled encryption,Sporting Goods,1899.66,N,20192,241,09-04-2026,Above Reorder Level,Valid,Unique,Valid
701775,524,20013,Port Andrew Distribution Center,India,510884,Devolved 4thgeneration attitude,Office Supplies,41.3,N,10042,337,24-11-2025,Above Reorder Level,Valid,Unique,Valid
701776,524,20127,Port Andrew Distribution Center,India,510884,Customer-focused context-sensitive data-warehouse,Electronics,1801.59,N,2461,221,26-01-2026,Above Reorder Level,Valid,Unique,Valid
701777,524,21131,Port Andrew Distribution Center,India,510884,Public-key contextually-based initiative,Electronics,561.7,N,7569,151,26-11-2025,Above Reorder Level,Valid,Unique,Valid
701778,524,21130,Port Andrew Distribution Center,India,510884,Inverse asymmetric structure,Toys,,Y,3739,361,27-10-2025,Above Reorder Level,Valid,Unique,Valid
701779,524,21395,Port Andrew Distribution Center,India,510884,De-engineered dynamic throughput,Apparel,770.29,N,1909,77,10-12-2025,Above Reorder Level,Valid,Unique,Valid
701780,524,20670,Port Andrew Distribution Center,India,510884,Team-oriented full-range paradigm,Sporting Goods,1262.9,Y,11939,,28-11-2025,Cannot Determine,Valid,Unique,Valid
701781,524,20393,Port Andrew Distribution Center,India,510884,Future-proofed holistic structure,Industrial Equipment,1810.74,N,255,500,09-06-2026,Below Reorder Level,Valid,Unique,Valid
701782,524,21031,Port Andrew Distribution Center,India,510884,Universal motivating alliance,Sporting Goods,751.21,N,15072,91,06-06-2026,Above Reorder Level,Valid,Unique,Valid
701783,524,20564,Port Andrew Distribution Center,India,510884,Right-sized full-range adapter,Toys,1645.1,Y,4020,289,11-08-2026,Above Reorder Level,Valid,Unique,Valid
701784,524,20464,Port Andrew Distribution Center,India,510884,Pre-emptive transitional knowledgebase,Sporting Goods,202.98,N,6586,71,30-12-2025,Above Reorder Level,Valid,Unique,Valid
701785,524,21320,Port Andrew Distribution Center,India,510884,Robust bottom-line analyzer,Electronics,1796.29,Y,6995,497,28-06-2026,Above Reorder Level,Valid,Unique,Valid
701786,524,20477,Port Andrew Distribution Center,India,510884,Reverse-engineered intangible application,Sporting Goods,1734.37,N,14647,325,22-05-2026,Above Reorder Level,Valid,Unique,Valid
701787,524,20231,Port Andrew Distribution Center,India,510884,Persistent intermediate budgetary management,Pharmaceuticals,1693.87,Y,6576,410,30-01-2026,Above Reorder Level,Valid,Unique,Valid
701788,524,21073,Port Andrew Distribution Center,India,510884,Synchronized tangible alliance,Industrial Equipment,1159.83,N,6182,140,07-05-2026,Above Reorder Level,Valid,Unique,Valid
701789,524,20246,Port Andrew Distribution Center,India,510884,Synergized systemic capability,Electronics,2348.06,Y,448,,10-01-2026,Cannot Determine,Valid,Unique,Valid
701790,524,21239,Port Andrew Distribution Center,India,510884,Stand-alone multimedia alliance,Office Supplies,2116.82,Y,,281,10-06-2026,Cannot Determine,Valid,Unique,Valid
701791,524,21033,Port Andrew Distribution Center,India,510884,Cross-group exuding service-desk,Sporting Goods,502.48,N,1057,260,14-02-2026,Above Reorder Level,Valid,Unique,Valid
701792,524,20898,Port Andrew Distribution Center,India,510884,Multi-tiered demand-driven project,Apparel,902.51,Y,8686,78,20-11-2025,Above Reorder Level,Valid,Unique,Valid
701793,524,21324,Port Andrew Distribution Center,India,510884,Secured global framework,Office Supplies,525.03,Y,4663,84,17-07-2026,Above Reorder Level,Valid,Unique,Valid
701794,524,21064,Port Andrew Distribution Center,India,510884,Visionary high-level website,Pharmaceuticals,1783.41,N,7406,73,01-12-2025,Above Reorder Level,Valid,Unique,Valid
701795,524,20611,Port Andrew Distribution Center,India,510884,Organized foreground ability,Furniture,2301.19,N,276,183,24-06-2026,Above Reorder Level,Valid,Unique,Valid
701796,524,20371,Port Andrew Distribution Center,India,510884,Mandatory zero tolerance help-desk,Industrial Equipment,1256.81,N,576,105,19-06-2026,Above Reorder Level,Valid,Unique,Valid
701797,524,21172,Port Andrew Distribution Center,India,510884,Profound real-time complexity,Automotive Parts,547.2,N,8184,482,07-01-2026,Above Reorder Level,Valid,Unique,Valid
701798,524,21467,Port Andrew Distribution Center,India,510884,Distributed well-modulated contingency,Sporting Goods,588.58,N,486,251,02-08-2026,Above Reorder Level,Valid,Unique,Valid
701799,524,20360,Port Andrew Distribution Center,India,510884,Exclusive cohesive portal,Toys,579.46,Y,480,402,26-10-2025,Above Reorder Level,Valid,Unique,Valid
701800,524,21124,Port Andrew Distribution Center,India,510884,Re-engineered object-oriented matrices,Office Supplies,1888.29,Y,79,,27-09-2025,Cannot Determine,Valid,Unique,Valid
701801,525,21024,North Donald Distribution Center,Brazil,523618,Pre-emptive impactful support,Industrial Equipment,1890.13,N,12641,112,01-11-2025,Above Reorder Level,Valid,Unique,Valid
701802,525,20263,North Donald Distribution Center,Brazil,523618,Ameliorated demand-driven complexity,Office Supplies,1496.53,Y,5393,422,30-12-2025,Above Reorder Level,Valid,Unique,Valid
701803,525,20842,North Donald Distribution Center,Brazil,523618,Enhanced explicit capability,Apparel,679.09,N,1757,435,26-06-2026,Above Reorder Level,Valid,Unique,Valid
701804,525,21331,North Donald Distribution Center,Brazil,523618,Organized responsive structure,Apparel,1534.32,Y,1418,164,20-03-2026,Above Reorder Level,Valid,Unique,Valid
701805,525,20711,North Donald Distribution Center,Brazil,523618,Upgradable attitude-oriented toolset,Groceries,466.44,N,1735,166,15-12-2025,Above Reorder Level,Valid,Unique,Valid
701806,525,20173,North Donald Distribution Center,Brazil,523618,Operative holistic contingency,Electronics,419.22,N,6008,446,14-02-2026,Above Reorder Level,Valid,Unique,Valid
701807,525,20516,North Donald Distribution Center,Brazil,523618,Customizable bandwidth-monitored moratorium,Pharmaceuticals,894.77,N,4366,60,04-04-2026,Above Reorder Level,Valid,Unique,Valid
701808,525,20357,North Donald Distribution Center,Brazil,523618,Expanded executive solution,Groceries,1208.6,Y,826,336,22-04-2026,Above Reorder Level,Valid,Unique,Valid
701809,525,20610,North Donald Distribution Center,Brazil,523618,Grass-roots intangible monitoring,Industrial Equipment,2056.78,Y,771,187,30-09-2025,Above Reorder Level,Valid,Unique,Valid
701810,525,20305,North Donald Distribution Center,Brazil,523618,Configurable value-added portal,Office Supplies,2423.92,N,418,,26-02-2026,Cannot Determine,Valid,Unique,Valid
701811,525,20504,North Donald Distribution Center,Brazil,523618,Versatile methodical middleware,Apparel,2395.72,Y,4353,477,27-12-2025,Above Reorder Level,Valid,Unique,Valid
701812,525,20532,North Donald Distribution Center,Brazil,523618,Persistent neutral installation,Pharmaceuticals,1336.98,N,5828,472,01-11-2025,Above Reorder Level,Valid,Unique,Valid
701813,525,21269,North Donald Distribution Center,Brazil,523618,Vision-oriented impactful middleware,Sporting Goods,2044.75,Y,1242,390,27-10-2025,Above Reorder Level,Valid,Unique,Valid
701814,525,21004,North Donald Distribution Center,Brazil,523618,Pre-emptive methodical system engine,Sporting Goods,2405.68,Y,85,302,22-02-2026,Below Reorder Level,Valid,Unique,Valid
701815,525,20807,North Donald Distribution Center,Brazil,523618,Persistent object-oriented analyzer,Apparel,1665.5,N,346,308,02-06-2026,Above Reorder Level,Valid,Unique,Valid
701816,525,21360,North Donald Distribution Center,Brazil,523618,Self-enabling real-time hub,Sporting Goods,1227.18,N,13861,378,29-07-2026,Above Reorder Level,Valid,Unique,Valid
701817,525,21130,North Donald Distribution Center,Brazil,523618,Inverse asymmetric structure,Toys,,Y,1412,95,15-04-2026,Above Reorder Level,Valid,Unique,Valid
701818,525,20106,North Donald Distribution Center,Brazil,523618,Stand-alone 5thgeneration customer loyalty,Apparel,931.85,Y,5912,455,24-03-2026,Above Reorder Level,Valid,Unique,Valid
701819,525,20374,North Donald Distribution Center,Brazil,523618,Team-oriented multimedia portal,Furniture,2167.2,N,3951,479,05-06-2026,Above Reorder Level,Valid,Unique,Valid
701820,525,20057,North Donald Distribution Center,Brazil,523618,Persevering stable interface,Industrial Equipment,1277.99,Y,1940,175,29-08-2026,Above Reorder Level,Valid,Unique,Valid
701821,525,20120,North Donald Distribution Center,Brazil,523618,Vision-oriented multi-tasking extranet,Industrial Equipment,56.74,N,928,246,28-12-2025,Above Reorder Level,Valid,Unique,Valid
701822,525,21252,North Donald Distribution Center,Brazil,523618,Phased hybrid hub,Groceries,1526.09,N,522,350,29-10-2025,Above Reorder Level,Valid,Unique,Valid
701823,525,20090,North Donald Distribution Center,Brazil,523618,Public-key reciprocal throughput,Electronics,449.04,N,3849,153,14-06-2026,Above Reorder Level,Valid,Unique,Valid
701824,525,20202,North Donald Distribution Center,Brazil,523618,Triple-buffered interactive support,Office Supplies,1646.82,N,6008,393,23-01-2026,Above Reorder Level,Valid,Unique,Valid
701825,525,20338,North Donald Distribution Center,Brazil,523618,Up-sized reciprocal service-desk,Pharmaceuticals,1376.1,N,4163,178,02-12-2025,Above Reorder Level,Valid,Unique,Valid
701826,525,21285,North Donald Distribution Center,Brazil,523618,Exclusive methodical strategy,Groceries,1855.43,N,3047,248,16-07-2026,Above Reorder Level,Valid,Unique,Valid
701827,525,20195,North Donald Distribution Center,Brazil,523618,Fundamental disintermediate process improvement,Apparel,1118.78,Y,173,500,13-08-2026,Below Reorder Level,Valid,Unique,Valid
701828,525,20356,North Donald Distribution Center,Brazil,523618,Phased cohesive process improvement,Sporting Goods,,N,13940,479,25-03-2026,Above Reorder Level,Valid,Unique,Valid
701829,525,20435,North Donald Distribution Center,Brazil,523618,Centralized holistic firmware,Furniture,1246.4,Y,6463,384,19-09-2025,Above Reorder Level,Valid,Unique,Valid
701830,525,20776,North Donald Distribution Center,Brazil,523618,Managed non-volatile product,Furniture,2078.39,Y,1397,295,22-09-2025,Above Reorder Level,Valid,Unique,Valid
701831,525,20420,North Donald Distribution Center,Brazil,523618,Streamlined leadingedge standardization,Office Supplies,1981.49,Y,15767,454,21-11-2025,Above Reorder Level,Valid,Unique,Valid
701832,525,20881,North Donald Distribution Center,Brazil,523618,Inverse responsive standardization,Automotive Parts,2131.48,N,3714,216,08-03-2026,Above Reorder Level,Valid,Unique,Valid
701833,525,21235,North Donald Distribution Center,Brazil,523618,Innovative mission-critical frame,Sporting Goods,2163.79,N,3521,401,07-12-2025,Above Reorder Level,Valid,Unique,Valid
701834,525,20917,North Donald Distribution Center,Brazil,523618,Reactive demand-driven encoding,Apparel,272.79,Y,5559,54,07-02-2026,Above Reorder Level,Valid,Unique,Valid
701835,525,20937,North Donald Distribution Center,Brazil,523618,Realigned real-time matrices,Pharmaceuticals,157.88,Y,6734,254,21-09-2025,Above Reorder Level,Valid,Unique,Valid
701836,525,20074,North Donald Distribution Center,Brazil,523618,Cross-group transitional paradigm,Industrial Equipment,,Y,4308,232,04-12-2025,Above Reorder Level,Valid,Unique,Valid
701837,525,20016,North Donald Distribution Center,Brazil,523618,Enhanced homogeneous portal,Furniture,1413.38,Y,553,490,02-10-2025,Above Reorder Level,Valid,Unique,Valid
701838,525,20294,North Donald Distribution Center,Brazil,523618,Function-based optimal artificial intelligence,Apparel,2097.75,N,1665,231,27-03-2026,Above Reorder Level,Valid,Unique,Valid
701839,525,20726,North Donald Distribution Center,Brazil,523618,Multi-tiered object-oriented complexity,Office Supplies,1272.52,N,10613,31,30-09-2025,Above Reorder Level,Valid,Unique,Valid
701840,525,20388,North Donald Distribution Center,Brazil,523618,Decentralized dedicated intranet,Electronics,463.73,N,1026,111,17-10-2025,Above Reorder Level,Valid,Unique,Valid
701841,525,21282,North Donald Distribution Center,Brazil,523618,Fully-configurable even-keeled throughput,Automotive Parts,2378.37,Y,1877,396,22-10-2025,Above Reorder Level,Valid,Unique,Valid
701842,525,20157,North Donald Distribution Center,Brazil,523618,Inverse logistical solution,Toys,1060.67,N,2281,86,25-03-2026,Above Reorder Level,Valid,Unique,Valid
701843,525,20402,North Donald Distribution Center,Brazil,523618,Organic client-server throughput,Automotive Parts,2424.09,Y,2334,372,26-12-2025,Above Reorder Level,Valid,Unique,Valid
701844,525,20690,North Donald Distribution Center,Brazil,523618,Reactive dynamic conglomeration,Groceries,2285.22,Y,3827,377,22-07-2026,Above Reorder Level,Valid,Unique,Valid
701845,525,20654,North Donald Distribution Center,Brazil,523618,Balanced analyzing capacity,Groceries,1526.78,N,11556,466,20-11-2025,Above Reorder Level,Valid,Unique,Valid
701846,525,21409,North Donald Distribution Center,Brazil,523618,Operative client-server ability,Electronics,2239.76,Y,1110,295,12-05-2026,Above Reorder Level,Valid,Unique,Valid
701847,525,21143,North Donald Distribution Center,Brazil,523618,Streamlined cohesive array,Furniture,1754.26,N,522,87,02-01-2026,Above Reorder Level,Valid,Unique,Valid
701848,525,21054,North Donald Distribution Center,Brazil,523618,Focused directional firmware,Pharmaceuticals,1368.62,Y,887,50,16-05-2026,Above Reorder Level,Valid,Unique,Valid
701849,525,20462,North Donald Distribution Center,Brazil,523618,Upgradable intangible complexity,Electronics,1351.24,Y,8789,171,12-11-2025,Above Reorder Level,Valid,Unique,Valid
701850,525,21426,North Donald Distribution Center,Brazil,523618,Proactive stable hub,Office Supplies,2074.79,N,4185,409,10-08-2026,Above Reorder Level,Valid,Unique,Valid
701851,525,20445,North Donald Distribution Center,Brazil,523618,Horizontal static toolset,Groceries,1489.67,N,1358,404,15-07-2026,Above Reorder Level,Valid,Unique,Valid
701852,525,20446,North Donald Distribution Center,Brazil,523618,Universal object-oriented service-desk,Pharmaceuticals,528.72,N,6824,359,15-01-2026,Above Reorder Level,Valid,Unique,Valid
701853,525,21288,North Donald Distribution Center,Brazil,523618,Ergonomic optimizing product,Pharmaceuticals,252.09,N,7967,412,29-11-2025,Above Reorder Level,Valid,Unique,Valid
701854,525,21041,North Donald Distribution Center,Brazil,523618,Inverse human-resource throughput,Groceries,2130.37,N,7557,,28-10-2025,Cannot Determine,Valid,Unique,Valid
701855,525,20733,North Donald Distribution Center,Brazil,523618,Optimized local Local Area Network,Furniture,502.37,N,10130,348,13-12-2025,Above Reorder Level,Valid,Unique,Valid
701856,525,21168,North Donald Distribution Center,Brazil,523618,Self-enabling upward-trending flexibility,Furniture,566.45,N,1172,59,25-09-2025,Above Reorder Level,Valid,Unique,Valid
701857,525,20034,North Donald Distribution Center,Brazil,523618,Universal human-resource matrix,Pharmaceuticals,2411.51,Y,5672,391,17-10-2025,Above Reorder Level,Valid,Unique,Valid
701858,525,20978,North Donald Distribution Center,Brazil,523618,Adaptive composite matrix,Office Supplies,1505.3,Y,2489,22,05-02-2026,Above Reorder Level,Valid,Unique,Valid
701859,525,20577,North Donald Distribution Center,Brazil,523618,Total 24/7 capability,Sporting Goods,2409.54,N,,313,31-10-2025,Cannot Determine,Valid,Unique,Valid
701860,525,21084,North Donald Distribution Center,Brazil,523618,Pre-emptive upward-trending infrastructure,Pharmaceuticals,2243.69,Y,5257,336,08-12-2025,Above Reorder Level,Valid,Unique,Valid
701861,525,20984,North Donald Distribution Center,Brazil,523618,Enterprise-wide tertiary challenge,Toys,1531.58,Y,6040,361,06-03-2026,Above Reorder Level,Valid,Unique,Valid
701862,525,20759,North Donald Distribution Center,Brazil,523618,Focused multi-state parallelism,Electronics,446.49,N,4305,91,21-10-2025,Above Reorder Level,Valid,Unique,Valid
701863,525,20645,North Donald Distribution Center,Brazil,523618,Persevering multi-state groupware,Apparel,106.84,N,788,146,23-01-2026,Above Reorder Level,Valid,Unique,Valid
701864,525,20972,North Donald Distribution Center,Brazil,523618,Open-source web-enabled superstructure,Industrial Equipment,259.03,N,3175,84,29-11-2025,Above Reorder Level,Valid,Unique,Valid
701865,525,21315,North Donald Distribution Center,Brazil,523618,Reverse-engineered multi-tasking portal,Sporting Goods,2173.66,N,16846,495,05-12-2025,Above Reorder Level,Valid,Unique,Valid
701866,525,20796,North Donald Distribution Center,Brazil,523618,Networked demand-driven capacity,Electronics,1973.44,N,11172,296,27-01-2026,Above Reorder Level,Valid,Unique,Valid
701867,525,20823,North Donald Distribution Center,Brazil,523618,Decentralized holistic archive,Groceries,1484.29,N,178,227,25-09-2025,Below Reorder Level,Valid,Unique,Valid
701868,525,20784,North Donald Distribution Center,Brazil,523618,Synergistic neutral conglomeration,Sporting Goods,1275,N,726,498,07-04-2026,Above Reorder Level,Valid,Unique,Valid
701869,525,21082,North Donald Distribution Center,Brazil,523618,Face-to-face tangible support,Apparel,875.62,N,570,188,11-03-2026,Above Reorder Level,Valid,Unique,Valid
701870,525,20739,North Donald Distribution Center,Brazil,523618,Configurable explicit middleware,Electronics,2358.5,N,5220,475,08-11-2025,Above Reorder Level,Valid,Unique,Valid
701871,525,20224,North Donald Distribution Center,Brazil,523618,Intuitive user-facing matrix,Office Supplies,420.15,Y,6865,262,22-10-2025,Above Reorder Level,Valid,Unique,Valid
701872,525,20434,North Donald Distribution Center,Brazil,523618,Profit-focused bifurcated superstructure,Office Supplies,1274.52,Y,968,363,04-11-2025,Above Reorder Level,Valid,Unique,Valid
701873,525,21191,North Donald Distribution Center,Brazil,523618,Networked contextually-based hardware,Automotive Parts,1928.86,N,2842,90,17-01-2026,Above Reorder Level,Valid,Unique,Valid
701874,525,20499,North Donald Distribution Center,Brazil,523618,Realigned secondary capability,Office Supplies,439.82,Y,7407,295,05-01-2026,Above Reorder Level,Valid,Unique,Valid
701875,525,20194,North Donald Distribution Center,Brazil,523618,Digitized 4thgeneration frame,Toys,1609.01,Y,5321,,08-04-2026,Cannot Determine,Valid,Unique,Valid
701876,526,21227,Savagehaven Distribution Center,Japan,455004,Synergistic well-modulated moderator,Industrial Equipment,1895.34,N,3501,119,30-06-2026,Above Reorder Level,Valid,Unique,Valid
701877,526,20384,Savagehaven Distribution Center,Japan,455004,Triple-buffered leadingedge task-force,Electronics,448.81,Y,3999,465,29-04-2026,Above Reorder Level,Valid,Unique,Valid
701878,526,20212,Savagehaven Distribution Center,Japan,455004,Realigned 6thgeneration paradigm,Automotive Parts,1278.28,N,3181,,11-05-2026,Cannot Determine,Valid,Unique,Valid
701879,526,21224,Savagehaven Distribution Center,Japan,455004,User-centric stable moderator,Toys,2488.85,Y,1582,363,15-09-2025,Above Reorder Level,Valid,Unique,Valid
701880,526,20292,Savagehaven Distribution Center,Japan,455004,Persistent stable success,Groceries,1054.96,N,3730,466,07-10-2025,Above Reorder Level,Valid,Unique,Valid
701881,526,20633,Savagehaven Distribution Center,Japan,455004,Innovative reciprocal product,Toys,21.67,N,5232,417,15-08-2026,Above Reorder Level,Valid,Unique,Valid
701882,526,20222,Savagehaven Distribution Center,Japan,455004,Virtual empowering model,Apparel,954.67,N,9258,73,24-09-2025,Above Reorder Level,Valid,Unique,Valid
701883,526,20293,Savagehaven Distribution Center,Japan,455004,Re-contextualized eco-centric help-desk,Industrial Equipment,628.93,N,4532,445,01-10-2025,Above Reorder Level,Valid,Unique,Valid
701884,526,21404,Savagehaven Distribution Center,Japan,455004,Fully-configurable analyzing moratorium,Electronics,2264.73,N,6416,59,20-07-2026,Above Reorder Level,Valid,Unique,Valid
701885,526,20053,Savagehaven Distribution Center,Japan,455004,Reverse-engineered attitude-oriented solution,Groceries,1734.2,N,782,416,18-01-2026,Above Reorder Level,Valid,Unique,Valid
701886,526,20144,Savagehaven Distribution Center,Japan,455004,Advanced hybrid extranet,Apparel,1407.58,N,2774,113,29-08-2026,Above Reorder Level,Valid,Unique,Valid
701887,526,20246,Savagehaven Distribution Center,Japan,455004,Synergized systemic capability,Electronics,2348.06,Y,42,69,13-11-2025,Below Reorder Level,Valid,Unique,Valid
701888,526,20513,Savagehaven Distribution Center,Japan,455004,Optional contextually-based instruction set,Groceries,,N,1269,201,30-06-2026,Above Reorder Level,Valid,Unique,Valid
701889,526,21159,Savagehaven Distribution Center,Japan,455004,Reactive didactic parallelism,Groceries,2177.54,Y,5808,358,21-06-2026,Above Reorder Level,Valid,Unique,Valid
701890,526,21128,Savagehaven Distribution Center,Japan,455004,Total intermediate framework,Toys,1962.36,N,21529,,23-11-2025,Cannot Determine,Valid,Unique,Valid
701891,526,20014,Savagehaven Distribution Center,Japan,455004,User-centric actuating architecture,Toys,1256.54,N,468,43,03-03-2026,Above Reorder Level,Valid,Unique,Valid
701892,526,20491,Savagehaven Distribution Center,Japan,455004,Secured static process improvement,Industrial Equipment,557.57,Y,2300,406,14-01-2026,Above Reorder Level,Valid,Unique,Valid
701893,526,20851,Savagehaven Distribution Center,Japan,455004,Programmable secondary protocol,Office Supplies,2411.69,Y,7213,477,11-12-2025,Above Reorder Level,Valid,Unique,Valid
701894,526,21363,Savagehaven Distribution Center,Japan,455004,Devolved incremental pricing structure,Office Supplies,1846.87,N,1023,196,12-03-2026,Above Reorder Level,Valid,Unique,Valid
701895,526,20545,Savagehaven Distribution Center,Japan,455004,Organized 6thgeneration ability,Office Supplies,1165.82,Y,3629,132,19-12-2025,Above Reorder Level,Valid,Unique,Valid
701896,526,20092,Savagehaven Distribution Center,Japan,455004,Self-enabling analyzing model,Office Supplies,559.52,N,5918,212,31-01-2026,Above Reorder Level,Valid,Unique,Valid
701897,526,20282,Savagehaven Distribution Center,Japan,455004,Progressive responsive project,Furniture,1843.31,Y,4288,73,21-06-2026,Above Reorder Level,Valid,Unique,Valid
701898,526,21084,Savagehaven Distribution Center,Japan,455004,Pre-emptive upward-trending infrastructure,Pharmaceuticals,2243.69,Y,933,45,04-02-2026,Above Reorder Level,Valid,Unique,Valid
701899,526,20979,Savagehaven Distribution Center,Japan,455004,Adaptive bandwidth-monitored architecture,Toys,2231.87,Y,1967,277,01-05-2026,Above Reorder Level,Valid,Unique,Valid
701900,526,20972,Savagehaven Distribution Center,Japan,455004,Open-source web-enabled superstructure,Industrial Equipment,259.03,N,6862,60,05-05-2026,Above Reorder Level,Valid,Unique,Valid
701901,526,21199,Savagehaven Distribution Center,Japan,455004,User-centric encompassing application,Pharmaceuticals,193.19,Y,3620,332,18-04-2026,Above Reorder Level,Valid,Unique,Valid
701902,526,20547,Savagehaven Distribution Center,Japan,455004,Streamlined composite ability,Automotive Parts,1385.68,N,23,366,08-01-2026,Below Reorder Level,Valid,Unique,Valid
701903,526,20572,Savagehaven Distribution Center,Japan,455004,Streamlined asynchronous monitoring,Toys,2022.72,N,,425,01-10-2025,Cannot Determine,Valid,Unique,Valid
701904,526,21189,Savagehaven Distribution Center,Japan,455004,Robust bandwidth-monitored application,Sporting Goods,2085.91,N,161,433,19-02-2026,Below Reorder Level,Valid,Unique,Valid
701905,526,20400,Savagehaven Distribution Center,Japan,455004,Persevering multi-state utilization,Sporting Goods,2240.03,N,6136,170,21-03-2026,Above Reorder Level,Valid,Unique,Valid
701906,526,20841,Savagehaven Distribution Center,Japan,455004,Ameliorated real-time attitude,Automotive Parts,440.98,N,1014,424,17-09-2025,Above Reorder Level,Valid,Unique,Valid
701907,526,20344,Savagehaven Distribution Center,Japan,455004,Customizable modular process improvement,Sporting Goods,1809.5,Y,14212,357,27-10-2025,Above Reorder Level,Valid,Unique,Valid
701908,526,20843,Savagehaven Distribution Center,Japan,455004,Public-key user-facing infrastructure,Toys,1380.08,Y,2056,353,29-07-2026,Above Reorder Level,Valid,Unique,Valid
701909,526,20360,Savagehaven Distribution Center,Japan,455004,Exclusive cohesive portal,Toys,579.46,Y,1774,280,11-09-2025,Above Reorder Level,Valid,Unique,Valid
701910,526,20751,Savagehaven Distribution Center,Japan,455004,Advanced zero administration framework,Groceries,1145.65,,722,208,26-11-2025,Above Reorder Level,Valid,Unique,Valid
701911,526,21459,Savagehaven Distribution Center,Japan,455004,Upgradable 4thgeneration standardization,Apparel,196.03,N,1634,20,30-01-2026,Above Reorder Level,Valid,Unique,Valid
701912,526,21000,Savagehaven Distribution Center,Japan,455004,Reduced 6thgeneration attitude,Electronics,134.74,N,9377,481,23-05-2026,Above Reorder Level,Valid,Unique,Valid
701913,526,20017,Savagehaven Distribution Center,Japan,455004,Synergistic fresh-thinking collaboration,Toys,1014.39,N,25131,457,22-05-2026,Above Reorder Level,Valid,Unique,Valid
701914,526,20011,Savagehaven Distribution Center,Japan,455004,Decentralized eco-centric matrix,Apparel,86.49,Y,2058,26,29-01-2026,Above Reorder Level,Valid,Unique,Valid
701915,526,20148,Savagehaven Distribution Center,Japan,455004,Intuitive zero administration project,Sporting Goods,752.6,Y,2667,482,09-08-2026,Above Reorder Level,Valid,Unique,Valid
701916,526,21220,Savagehaven Distribution Center,Japan,455004,Advanced reciprocal core,Furniture,1279.32,Y,5737,15,13-06-2026,Above Reorder Level,Valid,Unique,Valid
701917,526,21017,Savagehaven Distribution Center,Japan,455004,Synergized stable leverage,Pharmaceuticals,630.08,Y,9738,,13-02-2026,Cannot Determine,Valid,Unique,Valid
701918,526,21489,Savagehaven Distribution Center,Japan,455004,Stand-alone impactful implementation,Office Supplies,1464.98,Y,4028,272,09-07-2026,Above Reorder Level,Valid,Unique,Valid
701919,526,20213,Savagehaven Distribution Center,Japan,455004,Enhanced empowering concept,Automotive Parts,136.4,Y,2226,464,03-01-2026,Above Reorder Level,Valid,Unique,Valid
701920,526,20797,Savagehaven Distribution Center,Japan,455004,Expanded fault-tolerant Internet solution,Pharmaceuticals,1184.13,N,2384,229,15-08-2026,Above Reorder Level,Valid,Unique,Valid
701921,526,20125,Savagehaven Distribution Center,Japan,455004,User-friendly value-added encoding,Sporting Goods,262.07,Y,5330,200,16-01-2026,Above Reorder Level,Valid,Unique,Valid
701922,526,20439,Savagehaven Distribution Center,Japan,455004,Innovative object-oriented support,Sporting Goods,1136.18,N,14,110,08-01-2026,Below Reorder Level,Valid,Unique,Valid
701923,526,20622,Savagehaven Distribution Center,Japan,455004,Fully-configurable bi-directional leverage,Industrial Equipment,1070.47,N,4331,,18-12-2025,Cannot Determine,Valid,Unique,Valid
701924,526,21491,Savagehaven Distribution Center,Japan,455004,Multi-layered secondary interface,Electronics,1931.61,N,1968,316,13-04-2026,Above Reorder Level,Valid,Unique,Valid
701925,526,20260,Savagehaven Distribution Center,Japan,455004,Multi-tiered background initiative,Industrial Equipment,1649.16,N,7083,228,21-09-2025,Above Reorder Level,Valid,Unique,Valid
701926,526,20683,Savagehaven Distribution Center,Japan,455004,Realigned bifurcated circuit,Apparel,1018.05,Y,437,,30-11-2025,Cannot Determine,Valid,Unique,Valid
701927,526,21115,Savagehaven Distribution Center,Japan,455004,Vision-oriented system-worthy utilization,Automotive Parts,548.89,Y,3975,380,18-08-2026,Above Reorder Level,Valid,Unique,Valid
701928,526,21289,Savagehaven Distribution Center,Japan,455004,Sharable coherent emulation,Office Supplies,2458.46,N,2938,272,10-10-2025,Above Reorder Level,Valid,Unique,Valid
701929,526,20317,Savagehaven Distribution Center,Japan,455004,Devolved 24/7 core,Furniture,2436.55,Y,4607,498,30-12-2025,Above Reorder Level,Valid,Unique,Valid
701930,526,20521,Savagehaven Distribution Center,Japan,455004,Centralized reciprocal Graphic Interface,Toys,1822.06,N,300,332,12-07-2026,Below Reorder Level,Valid,Unique,Valid
701931,526,20138,Savagehaven Distribution Center,Japan,455004,Business-focused system-worthy toolset,Toys,2046.38,Y,3887,250,30-11-2025,Above Reorder Level,Valid,Unique,Valid
701932,526,21246,Savagehaven Distribution Center,Japan,455004,Advanced bandwidth-monitored Internet solution,Toys,630.87,N,3694,26,09-01-2026,Above Reorder Level,Valid,Unique,Valid
701933,526,20161,Savagehaven Distribution Center,Japan,455004,Stand-alone client-driven ability,Electronics,1702.53,N,3685,305,28-05-2026,Above Reorder Level,Valid,Unique,Valid
701934,526,20279,Savagehaven Distribution Center,Japan,455004,Mandatory maximized service-desk,Furniture,957.92,Y,4145,,10-10-2025,Cannot Determine,Valid,Unique,Valid
701935,526,20485,Savagehaven Distribution Center,Japan,455004,Phased uniform portal,Furniture,571,N,5056,432,27-07-2026,Above Reorder Level,Valid,Unique,Valid
701936,526,20052,Savagehaven Distribution Center,Japan,455004,Front-line secondary function,Office Supplies,1734.2,N,7325,467,21-10-2025,Above Reorder Level,Valid,Unique,Valid
701937,526,20261,Savagehaven Distribution Center,Japan,455004,Function-based context-sensitive encoding,Electronics,1052.87,N,1409,452,16-04-2026,Above Reorder Level,Valid,Unique,Valid
701938,526,20842,Savagehaven Distribution Center,Japan,455004,Enhanced explicit capability,Apparel,679.09,N,7811,233,29-03-2026,Above Reorder Level,Valid,Unique,Valid
701939,526,20476,Savagehaven Distribution Center,Japan,455004,Digitized client-server toolset,Apparel,,N,3090,488,13-01-2026,Above Reorder Level,Valid,Unique,Valid
701940,526,20464,Savagehaven Distribution Center,Japan,455004,Pre-emptive transitional knowledgebase,Sporting Goods,202.98,N,359,444,25-11-2025,Below Reorder Level,Valid,Unique,Valid
701941,526,20665,Savagehaven Distribution Center,Japan,455004,Optimized grid-enabled customer loyalty,Electronics,1139.67,N,270,82,18-09-2025,Above Reorder Level,Valid,Unique,Valid
701942,526,20881,Savagehaven Distribution Center,Japan,455004,Inverse responsive standardization,Automotive Parts,2131.48,N,1823,427,14-04-2026,Above Reorder Level,Valid,Unique,Valid
701943,526,20749,Savagehaven Distribution Center,Japan,455004,Devolved web-enabled structure,Sporting Goods,2198.34,N,6885,444,01-06-2026,Above Reorder Level,Valid,Unique,Valid
701944,526,21045,Savagehaven Distribution Center,Japan,455004,Devolved national productivity,Automotive Parts,1094.91,Y,5511,234,09-11-2025,Above Reorder Level,Valid,Unique,Valid
701945,526,20825,Savagehaven Distribution Center,Japan,455004,Visionary zero-defect Graphic Interface,Toys,2162.51,Y,6963,279,30-11-2025,Above Reorder Level,Valid,Unique,Valid
701946,526,20101,Savagehaven Distribution Center,Japan,455004,Front-line impactful encoding,Sporting Goods,265.93,Y,3263,385,26-04-2026,Above Reorder Level,Valid,Unique,Valid
701947,526,21359,Savagehaven Distribution Center,Japan,455004,Adaptive solution-oriented hardware,Sporting Goods,802.15,N,2600,302,18-07-2026,Above Reorder Level,Valid,Unique,Valid
701948,526,20112,Savagehaven Distribution Center,Japan,455004,Ameliorated analyzing artificial intelligence,Pharmaceuticals,1955.23,N,715,11,14-11-2025,Above Reorder Level,Valid,Unique,Valid
701949,526,21254,Savagehaven Distribution Center,Japan,455004,Enterprise-wide national workforce,Pharmaceuticals,2073.42,N,1782,68,06-05-2026,Above Reorder Level,Valid,Unique,Valid
701950,526,20020,Savagehaven Distribution Center,Japan,455004,Switchable web-enabled model,Pharmaceuticals,,N,2550,235,25-08-2026,Above Reorder Level,Valid,Unique,Valid
701951,527,20578,North Pattychester Distribution Center,Mexico,302809,Persistent holistic core,Toys,2251.64,Y,255,329,22-12-2025,Below Reorder Level,Valid,Unique,Valid
701952,527,21394,North Pattychester Distribution Center,Mexico,302809,Virtual secondary analyzer,Electronics,55.62,Y,685,161,27-04-2026,Above Reorder Level,Valid,Unique,Valid
701953,527,20412,North Pattychester Distribution Center,Mexico,302809,Operative impactful software,Pharmaceuticals,877.09,Y,2505,20,24-12-2025,Above Reorder Level,Valid,Unique,Valid
701954,527,20880,North Pattychester Distribution Center,Mexico,302809,Function-based bandwidth-monitored policy,Furniture,401.69,N,3655,169,31-05-2026,Above Reorder Level,Valid,Unique,Valid
701955,527,21124,North Pattychester Distribution Center,Mexico,302809,Re-engineered object-oriented matrices,Office Supplies,1888.29,Y,17594,121,10-09-2025,Above Reorder Level,Valid,Unique,Valid
701956,527,21060,North Pattychester Distribution Center,Mexico,302809,Multi-tiered object-oriented support,Industrial Equipment,,Y,,411,08-09-2025,Cannot Determine,Valid,Unique,Valid
701957,527,21480,North Pattychester Distribution Center,Mexico,302809,Integrated tertiary emulation,Apparel,79.68,N,2826,124,15-01-2026,Above Reorder Level,Valid,Unique,Valid
701958,527,20959,North Pattychester Distribution Center,Mexico,302809,Stand-alone client-server firmware,Pharmaceuticals,399.31,Y,1502,283,06-09-2025,Above Reorder Level,Valid,Unique,Valid
701959,527,20075,North Pattychester Distribution Center,Mexico,302809,Cross-platform optimizing Graphical User Interface,Sporting Goods,1540.96,N,2777,358,20-10-2025,Above Reorder Level,Valid,Unique,Valid
701960,527,20455,North Pattychester Distribution Center,Mexico,302809,Phased didactic knowledge user,Automotive Parts,1739.74,N,4230,278,18-06-2026,Above Reorder Level,Valid,Unique,Valid
701961,527,20839,North Pattychester Distribution Center,Mexico,302809,Organic client-driven leverage,Apparel,313.3,Y,346,256,05-09-2025,Above Reorder Level,Valid,Unique,Valid
701962,527,20585,North Pattychester Distribution Center,Mexico,302809,Proactive high-level alliance,Apparel,2258.09,N,1449,12,08-02-2026,Above Reorder Level,Valid,Unique,Valid
701963,527,20620,North Pattychester Distribution Center,Mexico,302809,Assimilated optimizing website,Groceries,1691.75,N,5030,308,20-05-2026,Above Reorder Level,Valid,Unique,Valid
701964,527,21365,North Pattychester Distribution Center,Mexico,302809,Self-enabling 24/7 help-desk,Electronics,1601.77,Y,1330,60,26-12-2025,Above Reorder Level,Valid,Unique,Valid
701965,527,21200,North Pattychester Distribution Center,Mexico,302809,Up-sized scalable hub,Apparel,1282.56,Y,2330,164,31-08-2026,Above Reorder Level,Valid,Unique,Valid
701966,527,20149,North Pattychester Distribution Center,Mexico,302809,Open-source 5thgeneration focus group,Toys,1105.41,Y,2434,261,31-05-2026,Above Reorder Level,Valid,Unique,Valid
701967,527,21406,North Pattychester Distribution Center,Mexico,302809,Quality-focused bottom-line adapter,Toys,49.99,N,560,17,17-12-2025,Above Reorder Level,Valid,Unique,Valid
701968,527,20856,North Pattychester Distribution Center,Mexico,302809,Multi-tiered zero administration customer loyalty,Furniture,1078.15,N,1235,334,25-06-2026,Above Reorder Level,Valid,Unique,Valid
701969,527,20365,North Pattychester Distribution Center,Mexico,302809,Fundamental heuristic service-desk,Groceries,602.42,Y,1119,25,21-02-2026,Above Reorder Level,Valid,Unique,Valid
701970,527,20675,North Pattychester Distribution Center,Mexico,302809,Adaptive scalable definition,Industrial Equipment,2074.57,Y,73,198,27-10-2025,Below Reorder Level,Valid,Unique,Valid
701971,527,21234,North Pattychester Distribution Center,Mexico,302809,Visionary bottom-line frame,Groceries,1546.91,N,67,171,07-08-2026,Below Reorder Level,Valid,Unique,Valid
701972,527,21246,North Pattychester Distribution Center,Mexico,302809,Advanced bandwidth-monitored Internet solution,Toys,630.87,N,4895,280,28-07-2026,Above Reorder Level,Valid,Unique,Valid
701973,527,20824,North Pattychester Distribution Center,Mexico,302809,Versatile bi-directional middleware,Groceries,1720.58,Y,876,97,31-01-2026,Above Reorder Level,Valid,Unique,Valid
701974,527,21330,North Pattychester Distribution Center,Mexico,302809,Realigned grid-enabled hierarchy,Pharmaceuticals,366.12,N,2005,85,13-12-2025,Above Reorder Level,Valid,Unique,Valid
701975,527,20965,North Pattychester Distribution Center,Mexico,302809,Universal human-resource infrastructure,Apparel,1217.32,N,,212,26-08-2026,Cannot Determine,Valid,Unique,Valid
701976,527,20660,North Pattychester Distribution Center,Mexico,302809,Robust global frame,Industrial Equipment,749.41,N,7759,387,26-05-2026,Above Reorder Level,Valid,Unique,Valid
701977,527,20912,North Pattychester Distribution Center,Mexico,302809,Organic responsive ability,Electronics,1111.05,,824,420,02-12-2025,Above Reorder Level,Valid,Unique,Valid
701978,527,21448,North Pattychester Distribution Center,Mexico,302809,Total background encoding,Electronics,570.04,Y,1542,420,19-10-2025,Above Reorder Level,Valid,Unique,Valid
701979,527,20751,North Pattychester Distribution Center,Mexico,302809,Advanced zero administration framework,Groceries,1145.65,,5662,92,13-05-2026,Above Reorder Level,Valid,Unique,Valid
701980,527,21324,North Pattychester Distribution Center,Mexico,302809,Secured global framework,Office Supplies,525.03,Y,5067,352,02-07-2026,Above Reorder Level,Valid,Unique,Valid
701981,527,20935,North Pattychester Distribution Center,Mexico,302809,Multi-tiered maximized function,Pharmaceuticals,500.28,N,566,451,30-03-2026,Above Reorder Level,Valid,Unique,Valid
701982,527,20916,North Pattychester Distribution Center,Mexico,302809,Cross-group context-sensitive parallelism,Toys,1194.59,Y,,231,30-11-2025,Cannot Determine,Valid,Unique,Valid
701983,527,21136,North Pattychester Distribution Center,Mexico,302809,Universal solution-oriented capability,Sporting Goods,1154.51,Y,1683,329,02-11-2025,Above Reorder Level,Valid,Unique,Valid
701984,527,20512,North Pattychester Distribution Center,Mexico,302809,Pre-emptive 3rdgeneration Graphical User Interface,Groceries,1350.59,Y,1812,222,12-12-2025,Above Reorder Level,Valid,Unique,Valid
701985,527,20360,North Pattychester Distribution Center,Mexico,302809,Exclusive cohesive portal,Toys,579.46,Y,394,80,06-02-2026,Above Reorder Level,Valid,Unique,Valid
701986,527,20143,North Pattychester Distribution Center,Mexico,302809,Front-line leadingedge info-mediaries,Apparel,1954.65,Y,231,392,28-12-2025,Below Reorder Level,Valid,Unique,Valid
701987,527,21001,North Pattychester Distribution Center,Mexico,302809,Extended multi-state utilization,Furniture,983.43,Y,3575,202,21-02-2026,Above Reorder Level,Valid,Unique,Valid
701988,527,21272,North Pattychester Distribution Center,Mexico,302809,Ameliorated clear-thinking collaboration,Industrial Equipment,2139.23,N,1884,218,31-10-2025,Above Reorder Level,Valid,Unique,Valid
701989,527,20213,North Pattychester Distribution Center,Mexico,302809,Enhanced empowering concept,Automotive Parts,136.4,Y,1577,282,31-10-2025,Above Reorder Level,Valid,Unique,Valid
701990,527,20207,North Pattychester Distribution Center,Mexico,302809,Synchronized radical strategy,Groceries,2453.38,Y,3591,336,12-09-2025,Above Reorder Level,Valid,Unique,Valid
701991,527,21355,North Pattychester Distribution Center,Mexico,302809,Sharable client-server focus group,Office Supplies,2344.67,Y,3984,337,22-11-2025,Above Reorder Level,Valid,Unique,Valid
701992,527,20747,North Pattychester Distribution Center,Mexico,302809,Visionary systemic focus group,Sporting Goods,2045.1,N,475,469,18-06-2026,Above Reorder Level,Valid,Unique,Valid
701993,527,20875,North Pattychester Distribution Center,Mexico,302809,Secured holistic analyzer,Furniture,1813.93,N,2588,336,16-08-2026,Above Reorder Level,Valid,Unique,Valid
701994,527,20354,North Pattychester Distribution Center,Mexico,302809,Networked intangible service-desk,Furniture,1102.28,Y,399,365,04-03-2026,Above Reorder Level,Valid,Unique,Valid
701995,527,20740,North Pattychester Distribution Center,Mexico,302809,Profound needs-based project,Office Supplies,1907.58,N,3823,101,14-11-2025,Above Reorder Level,Valid,Unique,Valid
701996,527,20165,North Pattychester Distribution Center,Mexico,302809,Fully-configurable multi-state structure,Automotive Parts,889.5,N,2939,272,16-02-2026,Above Reorder Level,Valid,Unique,Valid
701997,527,21341,North Pattychester Distribution Center,Mexico,302809,Down-sized leadingedge system engine,Sporting Goods,1784.6,N,8618,72,10-10-2025,Above Reorder Level,Valid,Unique,Valid
701998,527,20129,North Pattychester Distribution Center,Mexico,302809,Function-based optimizing approach,Electronics,1129.32,N,196,180,14-01-2026,Above Reorder Level,Valid,Unique,Valid
701999,527,20117,North Pattychester Distribution Center,Mexico,302809,Front-line bifurcated orchestration,Industrial Equipment,2369,N,161,73,05-11-2025,Above Reorder Level,Valid,Unique,Valid
702000,527,20033,North Pattychester Distribution Center,Mexico,302809,Optional client-driven function,Industrial Equipment,838.17,N,911,77,05-12-2025,Above Reorder Level,Valid,Unique,Valid
702001,527,21104,North Pattychester Distribution Center,Mexico,302809,Multi-tiered interactive service-desk,Groceries,1666.75,Y,833,248,27-08-2026,Above Reorder Level,Valid,Unique,Valid
702002,527,20017,North Pattychester Distribution Center,Mexico,302809,Synergistic fresh-thinking collaboration,Toys,1014.39,N,779,393,23-03-2026,Above Reorder Level,Valid,Unique,Valid
702003,527,20211,North Pattychester Distribution Center,Mexico,302809,Synchronized holistic capacity,Apparel,2035.44,N,6502,369,24-07-2026,Above Reorder Level,Valid,Unique,Valid
702004,527,20598,North Pattychester Distribution Center,Mexico,302809,Upgradable zero tolerance focus group,Groceries,,Y,789,360,04-04-2026,Above Reorder Level,Valid,Unique,Valid
702005,527,20021,North Pattychester Distribution Center,Mexico,302809,Visionary modular utilization,Industrial Equipment,749.59,N,872,142,22-07-2026,Above Reorder Level,Valid,Unique,Valid
702006,527,20617,North Pattychester Distribution Center,Mexico,302809,Managed fault-tolerant architecture,Toys,747.77,N,3913,,20-05-2026,Cannot Determine,Valid,Unique,Valid
702007,527,20560,North Pattychester Distribution Center,Mexico,302809,Sharable empowering system engine,Industrial Equipment,659.95,N,1641,138,15-08-2026,Above Reorder Level,Valid,Unique,Valid
702008,527,20206,North Pattychester Distribution Center,Mexico,302809,Phased heuristic portal,Office Supplies,2152.05,N,,181,18-12-2025,Cannot Determine,Valid,Unique,Valid
702009,527,20972,North Pattychester Distribution Center,Mexico,302809,Open-source web-enabled superstructure,Industrial Equipment,259.03,N,186,119,08-04-2026,Above Reorder Level,Valid,Unique,Valid
702010,527,20769,North Pattychester Distribution Center,Mexico,302809,Switchable heuristic Graphical User Interface,Furniture,957.16,,1836,316,14-08-2026,Above Reorder Level,Valid,Unique,Valid
702011,527,20469,North Pattychester Distribution Center,Mexico,302809,Realigned holistic capability,Industrial Equipment,374.09,Y,94,273,18-01-2026,Below Reorder Level,Valid,Unique,Valid
702012,527,21067,North Pattychester Distribution Center,Mexico,302809,Face-to-face bi-directional infrastructure,Groceries,1812.83,Y,178,318,23-05-2026,Below Reorder Level,Valid,Unique,Valid
702013,527,21445,North Pattychester Distribution Center,Mexico,302809,Reduced transitional instruction set,Groceries,2317.52,N,6507,15,16-04-2026,Above Reorder Level,Valid,Unique,Valid
702014,527,20063,North Pattychester Distribution Center,Mexico,302809,Cross-platform mobile attitude,Pharmaceuticals,625.69,N,412,142,24-09-2025,Above Reorder Level,Valid,Unique,Valid
702015,527,20840,North Pattychester Distribution Center,Mexico,302809,Grass-roots cohesive concept,Furniture,367.53,Y,2088,93,16-05-2026,Above Reorder Level,Valid,Unique,Valid
702016,527,21465,North Pattychester Distribution Center,Mexico,302809,Configurable dynamic archive,Sporting Goods,76.69,Y,1454,103,01-04-2026,Above Reorder Level,Valid,Unique,Valid
702017,527,21492,North Pattychester Distribution Center,Mexico,302809,Ergonomic encompassing benchmark,Apparel,1785.14,Y,,440,23-12-2025,Cannot Determine,Valid,Unique,Valid
702018,527,20827,North Pattychester Distribution Center,Mexico,302809,Function-based demand-driven middleware,Toys,961.13,Y,6320,182,25-06-2026,Above Reorder Level,Valid,Unique,Valid
702019,527,20533,North Pattychester Distribution Center,Mexico,302809,Cloned mission-critical algorithm,Groceries,852.1,Y,61,344,28-04-2026,Below Reorder Level,Valid,Unique,Valid
702020,527,20255,North Pattychester Distribution Center,Mexico,302809,Upgradable upward-trending website,Automotive Parts,1594.78,N,2994,152,16-12-2025,Above Reorder Level,Valid,Unique,Valid
702021,527,20350,North Pattychester Distribution Center,Mexico,302809,Face-to-face optimizing software,Office Supplies,214.53,Y,9085,241,18-12-2025,Above Reorder Level,Valid,Unique,Valid
702022,527,20555,North Pattychester Distribution Center,Mexico,302809,Object-based tangible capability,Office Supplies,1653.38,N,2256,307,01-12-2025,Above Reorder Level,Valid,Unique,Valid
702023,527,20139,North Pattychester Distribution Center,Mexico,302809,Synchronized disintermediate extranet,Toys,748.53,Y,7586,39,26-12-2025,Above Reorder Level,Valid,Unique,Valid
702024,527,21017,North Pattychester Distribution Center,Mexico,302809,Synergized stable leverage,Pharmaceuticals,630.08,Y,147,262,26-11-2025,Below Reorder Level,Valid,Unique,Valid
702025,527,20906,North Pattychester Distribution Center,Mexico,302809,Upgradable full-range Graphical User Interface,Electronics,9.16,Y,,111,01-04-2026,Cannot Determine,Valid,Unique,Valid
702026,528,21486,Sherifort Distribution Center,Vietnam,585363,User-friendly next generation portal,Pharmaceuticals,950.87,N,3202,487,11-09-2025,Above Reorder Level,Valid,Unique,Valid
702027,528,20907,Sherifort Distribution Center,Vietnam,585363,Fully-configurable demand-driven moratorium,Groceries,2122.18,N,13947,361,26-09-2025,Above Reorder Level,Valid,Unique,Valid
702028,528,20539,Sherifort Distribution Center,Vietnam,585363,Innovative non-volatile installation,Electronics,2271.51,Y,42288,187,13-01-2026,Above Reorder Level,Valid,Unique,Valid
702029,528,20589,Sherifort Distribution Center,Vietnam,585363,Object-based bifurcated focus group,Electronics,1738.63,Y,3150,97,19-12-2025,Above Reorder Level,Valid,Unique,Valid
702030,528,20515,Sherifort Distribution Center,Vietnam,585363,Multi-tiered eco-centric array,Electronics,1829.64,Y,11285,464,27-10-2025,Above Reorder Level,Valid,Unique,Valid
702031,528,21292,Sherifort Distribution Center,Vietnam,585363,Digitized interactive adapter,Toys,1858.48,N,2346,33,17-07-2026,Above Reorder Level,Valid,Unique,Valid
702032,528,20495,Sherifort Distribution Center,Vietnam,585363,User-centric even-keeled project,Groceries,1160.47,N,8855,227,09-07-2026,Above Reorder Level,Valid,Unique,Valid
702033,528,20779,Sherifort Distribution Center,Vietnam,585363,Object-based asymmetric monitoring,Sporting Goods,,N,6626,285,11-03-2026,Above Reorder Level,Valid,Unique,Valid
702034,528,21389,Sherifort Distribution Center,Vietnam,585363,Open-architected bandwidth-monitored success,Office Supplies,1176.64,N,38002,402,28-02-2026,Above Reorder Level,Valid,Unique,Valid
702035,528,20724,Sherifort Distribution Center,Vietnam,585363,Organized disintermediate infrastructure,Automotive Parts,2136.38,Y,9967,38,01-11-2026,Above Reorder Level,Future Restock Date,Unique,Valid
702036,528,21000,Sherifort Distribution Center,Vietnam,585363,Reduced 6thgeneration attitude,Electronics,134.74,N,4570,123,02-12-2025,Above Reorder Level,Valid,Unique,Valid
702037,528,21454,Sherifort Distribution Center,Vietnam,585363,Persevering client-server neural-net,Automotive Parts,818.99,N,1287,247,22-07-2026,Above Reorder Level,Valid,Unique,Valid
702038,528,21026,Sherifort Distribution Center,Vietnam,585363,Optimized methodical protocol,Automotive Parts,213.48,Y,1743,361,15-06-2026,Above Reorder Level,Valid,Unique,Valid
702039,528,20577,Sherifort Distribution Center,Vietnam,585363,Total 24/7 capability,Sporting Goods,2409.54,N,2713,108,02-03-2026,Above Reorder Level,Valid,Unique,Valid
702040,528,20809,Sherifort Distribution Center,Vietnam,585363,Stand-alone logistical hardware,Toys,2415.69,Y,3071,278,18-02-2026,Above Reorder Level,Valid,Unique,Valid
702041,528,21452,Sherifort Distribution Center,Vietnam,585363,Centralized grid-enabled hierarchy,Pharmaceuticals,1454.79,Y,20206,162,25-02-2026,Above Reorder Level,Valid,Unique,Valid
702042,528,21409,Sherifort Distribution Center,Vietnam,585363,Operative client-server ability,Electronics,2239.76,Y,8755,227,09-05-2026,Above Reorder Level,Valid,Unique,Valid
702043,528,21374,Sherifort Distribution Center,Vietnam,585363,Face-to-face fresh-thinking flexibility,Pharmaceuticals,1091,Y,7876,394,06-06-2026,Above Reorder Level,Valid,Unique,Valid
702044,528,20281,Sherifort Distribution Center,Vietnam,585363,Universal coherent methodology,Furniture,786.05,Y,1296,409,15-10-2025,Above Reorder Level,Valid,Unique,Valid
702045,528,21010,Sherifort Distribution Center,Vietnam,585363,Multi-channeled full-range workforce,Furniture,1245.58,Y,,482,08-05-2026,Cannot Determine,Valid,Unique,Valid
702046,528,20851,Sherifort Distribution Center,Vietnam,585363,Programmable secondary protocol,Office Supplies,2411.69,Y,13636,151,15-01-2026,Above Reorder Level,Valid,Unique,Valid
702047,528,20257,Sherifort Distribution Center,Vietnam,585363,Business-focused secondary forecast,Pharmaceuticals,662.77,Y,745,,09-08-2026,Cannot Determine,Valid,Unique,Valid
702048,528,20151,Sherifort Distribution Center,Vietnam,585363,Phased user-facing installation,Furniture,2188.2,Y,13077,282,31-05-2026,Above Reorder Level,Valid,Unique,Valid
702049,528,20968,Sherifort Distribution Center,Vietnam,585363,Down-sized interactive extranet,Electronics,483.73,N,8335,140,13-04-2026,Above Reorder Level,Valid,Unique,Valid
702050,528,21033,Sherifort Distribution Center,Vietnam,585363,Cross-group exuding service-desk,Sporting Goods,502.48,N,906,199,06-02-2026,Above Reorder Level,Valid,Unique,Valid
702051,528,20591,Sherifort Distribution Center,Vietnam,585363,Down-sized neutral core,Pharmaceuticals,1982.02,Y,6515,399,02-02-2026,Above Reorder Level,Valid,Unique,Valid
702052,528,20886,Sherifort Distribution Center,Vietnam,585363,Polarized asymmetric groupware,Toys,267.89,Y,7046,500,22-10-2025,Above Reorder Level,Valid,Unique,Valid
702053,528,20704,Sherifort Distribution Center,Vietnam,585363,Sharable dynamic analyzer,Furniture,271.39,Y,1926,308,22-04-2026,Above Reorder Level,Valid,Unique,Valid
702054,528,21211,Sherifort Distribution Center,Vietnam,585363,Compatible upward-trending encoding,Automotive Parts,1878.97,Y,30960,210,03-01-2026,Above Reorder Level,Valid,Unique,Valid
702055,528,20605,Sherifort Distribution Center,Vietnam,585363,Optional incremental focus group,Toys,1870.06,N,20160,215,16-09-2025,Above Reorder Level,Valid,Unique,Valid
702056,528,21238,Sherifort Distribution Center,Vietnam,585363,Object-based didactic function,Electronics,910.17,Y,11751,439,16-10-2025,Above Reorder Level,Valid,Unique,Valid
702057,528,20622,Sherifort Distribution Center,Vietnam,585363,Fully-configurable bi-directional leverage,Industrial Equipment,1070.47,N,6594,412,03-03-2026,Above Reorder Level,Valid,Unique,Valid
702058,528,20461,Sherifort Distribution Center,Vietnam,585363,Organic system-worthy matrix,Sporting Goods,11.25,Y,5639,140,10-09-2025,Above Reorder Level,Valid,Unique,Valid
702059,528,20994,Sherifort Distribution Center,Vietnam,585363,Decentralized even-keeled architecture,Office Supplies,2169.91,N,11187,466,18-06-2026,Above Reorder Level,Valid,Unique,Valid
702060,528,21307,Sherifort Distribution Center,Vietnam,585363,Robust bandwidth-monitored Internet solution,Office Supplies,189.03,Y,8379,327,22-12-2025,Above Reorder Level,Valid,Unique,Valid
702061,528,20262,Sherifort Distribution Center,Vietnam,585363,Visionary impactful array,Industrial Equipment,1473.44,Y,683,346,28-09-2025,Above Reorder Level,Valid,Unique,Valid
702062,528,21285,Sherifort Distribution Center,Vietnam,585363,Exclusive methodical strategy,Groceries,1855.43,N,7636,317,23-02-2026,Above Reorder Level,Valid,Unique,Valid
702063,528,20720,Sherifort Distribution Center,Vietnam,585363,Phased encompassing paradigm,Furniture,2119.14,Y,17450,90,18-05-2026,Above Reorder Level,Valid,Unique,Valid
702064,528,20298,Sherifort Distribution Center,Vietnam,585363,Enterprise-wide hybrid analyzer,Industrial Equipment,1578.92,N,6534,236,30-06-2026,Above Reorder Level,Valid,Unique,Valid
702065,528,20159,Sherifort Distribution Center,Vietnam,585363,Stand-alone secondary contingency,Sporting Goods,1711.66,N,567,,28-02-2026,Cannot Determine,Valid,Unique,Valid
702066,528,20010,Sherifort Distribution Center,Vietnam,585363,Visionary logistical benchmark,Office Supplies,424.83,Y,16399,13,07-12-2025,Above Reorder Level,Valid,Unique,Valid
702067,528,20419,Sherifort Distribution Center,Vietnam,585363,Secured zero tolerance process improvement,Groceries,1511.89,Y,2390,202,08-07-2026,Above Reorder Level,Valid,Unique,Valid
702068,528,20913,Sherifort Distribution Center,Vietnam,585363,Cloned mobile architecture,Electronics,1259.23,N,3180,479,15-09-2025,Above Reorder Level,Valid,Unique,Valid
702069,528,20283,Sherifort Distribution Center,Vietnam,585363,Progressive attitude-oriented frame,Apparel,391.68,Y,1913,33,29-11-2025,Above Reorder Level,Valid,Unique,Valid
702070,528,20219,Sherifort Distribution Center,Vietnam,585363,De-engineered modular focus group,Office Supplies,172.3,Y,4260,257,29-01-2026,Above Reorder Level,Valid,Unique,Valid
702071,528,20123,Sherifort Distribution Center,Vietnam,585363,Intuitive full-range paradigm,Groceries,1664.5,Y,15024,173,20-11-2025,Above Reorder Level,Valid,Unique,Valid
702072,528,21370,Sherifort Distribution Center,Vietnam,585363,Up-sized value-added solution,Apparel,1594.72,Y,7787,88,18-12-2025,Above Reorder Level,Valid,Unique,Valid
702073,528,20820,Sherifort Distribution Center,Vietnam,585363,Cloned tangible success,Sporting Goods,345.63,Y,2437,54,31-05-2026,Above Reorder Level,Valid,Unique,Valid
702074,528,20238,Sherifort Distribution Center,Vietnam,585363,Down-sized value-added migration,Furniture,14.07,N,22343,295,02-04-2026,Above Reorder Level,Valid,Unique,Valid
702075,528,20387,Sherifort Distribution Center,Vietnam,585363,Multi-lateral full-range challenge,Industrial Equipment,,Y,22496,139,16-10-2025,Above Reorder Level,Valid,Unique,Valid
702076,528,20493,Sherifort Distribution Center,Vietnam,585363,Object-based global moratorium,Apparel,1239.22,Y,21730,110,08-05-2026,Above Reorder Level,Valid,Unique,Valid
702077,528,20245,Sherifort Distribution Center,Vietnam,585363,Managed 4thgeneration forecast,Groceries,1116.66,N,2900,93,02-10-2025,Above Reorder Level,Valid,Unique,Valid
702078,528,20375,Sherifort Distribution Center,Vietnam,585363,Synchronized bi-directional strategy,Industrial Equipment,1529.54,Y,6378,,20-07-2026,Cannot Determine,Valid,Unique,Valid
702079,528,21127,Sherifort Distribution Center,Vietnam,585363,Networked mission-critical project,Office Supplies,38.82,Y,44626,452,01-06-2026,Above Reorder Level,Valid,Unique,Valid
702080,528,20576,Sherifort Distribution Center,Vietnam,585363,Networked context-sensitive throughput,Automotive Parts,506.57,Y,15713,333,27-12-2025,Above Reorder Level,Valid,Unique,Valid
702081,528,20617,Sherifort Distribution Center,Vietnam,585363,Managed fault-tolerant architecture,Toys,747.77,N,293,289,03-11-2025,Above Reorder Level,Valid,Unique,Valid
702082,528,20776,Sherifort Distribution Center,Vietnam,585363,Managed non-volatile product,Furniture,2078.39,Y,717,241,04-01-2026,Above Reorder Level,Valid,Unique,Valid
702083,528,20797,Sherifort Distribution Center,Vietnam,585363,Expanded fault-tolerant Internet solution,Pharmaceuticals,1184.13,N,6626,485,25-04-2026,Above Reorder Level,Valid,Unique,Valid
702084,528,21429,Sherifort Distribution Center,Vietnam,585363,Distributed zero-defect projection,Industrial Equipment,1576.89,N,25499,127,20-05-2026,Above Reorder Level,Valid,Unique,Valid
702085,528,21366,Sherifort Distribution Center,Vietnam,585363,Face-to-face upward-trending focus group,Pharmaceuticals,2261.18,N,8223,175,18-05-2026,Above Reorder Level,Valid,Unique,Valid
702086,528,20417,Sherifort Distribution Center,Vietnam,585363,Total impactful knowledge user,Groceries,2368.73,N,7320,,01-05-2026,Cannot Determine,Valid,Unique,Valid
702087,528,20343,Sherifort Distribution Center,Vietnam,585363,Stand-alone intangible leverage,Industrial Equipment,918.97,Y,1185,168,12-11-2025,Above Reorder Level,Valid,Unique,Valid
702088,528,21470,Sherifort Distribution Center,Vietnam,585363,Innovative methodical installation,Pharmaceuticals,1838.52,N,11365,172,15-10-2025,Above Reorder Level,Valid,Unique,Valid
702089,528,20449,Sherifort Distribution Center,Vietnam,585363,Customer-focused fresh-thinking model,Electronics,1707.83,N,18349,445,24-03-2026,Above Reorder Level,Valid,Unique,Valid
702090,528,20728,Sherifort Distribution Center,Vietnam,585363,Configurable client-driven system engine,Furniture,1131.3,N,5088,473,24-01-2026,Above Reorder Level,Valid,Unique,Valid
702091,528,20810,Sherifort Distribution Center,Vietnam,585363,Total transitional utilization,Furniture,1851.97,N,,221,09-05-2026,Cannot Determine,Valid,Unique,Valid
702092,528,21488,Sherifort Distribution Center,Vietnam,585363,Polarized foreground projection,Sporting Goods,1256.18,Y,35470,24,02-03-2026,Above Reorder Level,Valid,Unique,Valid
702093,528,21282,Sherifort Distribution Center,Vietnam,585363,Fully-configurable even-keeled throughput,Automotive Parts,2378.37,Y,2422,456,02-08-2026,Above Reorder Level,Valid,Unique,Valid
702094,528,20581,Sherifort Distribution Center,Vietnam,585363,Grass-roots systemic strategy,Furniture,2338.88,N,7874,459,17-08-2026,Above Reorder Level,Valid,Unique,Valid
702095,528,20106,Sherifort Distribution Center,Vietnam,585363,Stand-alone 5thgeneration customer loyalty,Apparel,931.85,Y,3597,321,06-05-2026,Above Reorder Level,Valid,Unique,Valid
702096,528,20340,Sherifort Distribution Center,Vietnam,585363,Centralized multi-tasking adapter,Electronics,2399.64,N,16731,494,01-02-2026,Above Reorder Level,Valid,Unique,Valid
702097,528,20778,Sherifort Distribution Center,Vietnam,585363,Object-based homogeneous database,Pharmaceuticals,201.88,N,,69,20-07-2026,Cannot Determine,Valid,Unique,Valid
702098,528,21355,Sherifort Distribution Center,Vietnam,585363,Sharable client-server focus group,Office Supplies,2344.67,Y,10699,298,09-03-2026,Above Reorder Level,Valid,Unique,Valid
702099,528,20637,Sherifort Distribution Center,Vietnam,585363,Open-architected bandwidth-monitored process improvement,Sporting Goods,1174.16,N,16994,464,04-03-2026,Above Reorder Level,Valid,Unique,Valid
702100,528,21246,Sherifort Distribution Center,Vietnam,585363,Advanced bandwidth-monitored Internet solution,Toys,630.87,N,5358,112,05-01-2026,Above Reorder Level,Valid,Unique,Valid
702101,529,21220,Gomezshire Distribution Center,Japan,346607,Advanced reciprocal core,Furniture,1279.32,Y,7819,226,29-05-2026,Above Reorder Level,Valid,Unique,Valid
702102,529,20711,Gomezshire Distribution Center,Japan,346607,Upgradable attitude-oriented toolset,Groceries,466.44,N,2414,86,10-10-2025,Above Reorder Level,Valid,Unique,Valid
702103,529,20910,Gomezshire Distribution Center,Japan,346607,Face-to-face real-time implementation,Pharmaceuticals,77.4,N,545,260,27-12-2025,Above Reorder Level,Valid,Unique,Valid
702104,529,20323,Gomezshire Distribution Center,Japan,346607,Cross-group exuding throughput,Groceries,890.08,N,3774,226,02-07-2026,Above Reorder Level,Valid,Unique,Valid
702105,529,20718,Gomezshire Distribution Center,Japan,346607,Multi-layered multi-tasking solution,Pharmaceuticals,26.71,Y,4998,217,05-05-2026,Above Reorder Level,Valid,Unique,Valid
702106,529,21032,Gomezshire Distribution Center,Japan,346607,De-engineered modular utilization,Electronics,1082.02,N,1208,57,29-09-2025,Above Reorder Level,Valid,Unique,Valid
702107,529,20977,Gomezshire Distribution Center,Japan,346607,Object-based tangible function,Furniture,1792.57,N,6170,15,01-02-2026,Above Reorder Level,Valid,Unique,Valid
702108,529,21035,Gomezshire Distribution Center,Japan,346607,Organized bifurcated matrices,Industrial Equipment,974.79,Y,7501,493,23-03-2026,Above Reorder Level,Valid,Unique,Valid
702109,529,20055,Gomezshire Distribution Center,Japan,346607,Mandatory composite adapter,Toys,1712.37,Y,1028,171,01-04-2026,Above Reorder Level,Valid,Unique,Valid
702110,529,20419,Gomezshire Distribution Center,Japan,346607,Secured zero tolerance process improvement,Groceries,1511.89,Y,13017,444,19-12-2025,Above Reorder Level,Valid,Unique,Valid
702111,529,20377,Gomezshire Distribution Center,Japan,346607,Persevering web-enabled budgetary management,Electronics,969.72,N,481,251,15-09-2025,Above Reorder Level,Valid,Unique,Valid
702112,529,20206,Gomezshire Distribution Center,Japan,346607,Phased heuristic portal,Office Supplies,2152.05,N,715,79,26-11-2025,Above Reorder Level,Valid,Unique,Valid
702113,529,20640,Gomezshire Distribution Center,Japan,346607,Secured 24/7 knowledgebase,Toys,254.06,Y,646,195,07-08-2026,Above Reorder Level,Valid,Unique,Valid
702114,529,20468,Gomezshire Distribution Center,Japan,346607,Automated value-added complexity,Pharmaceuticals,849.53,N,7115,16,26-11-2025,Above Reorder Level,Valid,Unique,Valid
702115,529,20138,Gomezshire Distribution Center,Japan,346607,Business-focused system-worthy toolset,Toys,2046.38,Y,3367,317,30-11-2025,Above Reorder Level,Valid,Unique,Valid
702116,529,20786,Gomezshire Distribution Center,Japan,346607,Pre-emptive 4thgeneration contingency,Sporting Goods,654.8,Y,523,186,21-04-2026,Above Reorder Level,Valid,Unique,Valid
702117,529,20948,Gomezshire Distribution Center,Japan,346607,Re-contextualized cohesive core,Pharmaceuticals,1065.77,Y,1840,146,03-01-2026,Above Reorder Level,Valid,Unique,Valid
702118,529,21371,Gomezshire Distribution Center,Japan,346607,Multi-tiered solution-oriented extranet,Toys,2388.38,Y,3029,366,20-07-2026,Above Reorder Level,Valid,Unique,Valid
702119,529,21254,Gomezshire Distribution Center,Japan,346607,Enterprise-wide national workforce,Pharmaceuticals,2073.42,N,276,127,23-12-2025,Above Reorder Level,Valid,Unique,Valid
702120,529,20282,Gomezshire Distribution Center,Japan,346607,Progressive responsive project,Furniture,1843.31,Y,6787,418,12-05-2026,Above Reorder Level,Valid,Unique,Valid
702121,529,20061,Gomezshire Distribution Center,Japan,346607,Intuitive homogeneous orchestration,Automotive Parts,422.61,Y,5160,125,12-10-2025,Above Reorder Level,Valid,Unique,Valid
702122,529,20923,Gomezshire Distribution Center,Japan,346607,Horizontal object-oriented knowledge user,Sporting Goods,404.74,Y,2231,413,28-07-2026,Above Reorder Level,Valid,Unique,Valid
702123,529,20430,Gomezshire Distribution Center,Japan,346607,Sharable cohesive adapter,Toys,1780.01,Y,10827,197,19-11-2025,Above Reorder Level,Valid,Unique,Valid
702124,529,21357,Gomezshire Distribution Center,Japan,346607,Business-focused secondary encryption,Sporting Goods,2291.69,Y,1715,133,02-04-2026,Above Reorder Level,Valid,Unique,Valid
702125,529,20364,Gomezshire Distribution Center,Japan,346607,Business-focused 3rdgeneration help-desk,Toys,380.97,Y,13132,53,30-01-2026,Above Reorder Level,Valid,Unique,Valid
702126,529,20929,Gomezshire Distribution Center,Japan,346607,Optional well-modulated collaboration,Sporting Goods,646.34,Y,3495,308,07-11-2025,Above Reorder Level,Valid,Unique,Valid
702127,529,20107,Gomezshire Distribution Center,Japan,346607,Diverse encompassing challenge,Sporting Goods,2256.44,Y,3192,115,18-10-2025,Above Reorder Level,Valid,Unique,Valid
702128,529,21182,Gomezshire Distribution Center,Japan,346607,Advanced bandwidth-monitored implementation,Pharmaceuticals,1194.41,N,575,473,28-07-2026,Above Reorder Level,Valid,Unique,Valid
702129,529,20687,Gomezshire Distribution Center,Japan,346607,Exclusive dedicated forecast,Office Supplies,405.22,N,6773,390,06-08-2026,Above Reorder Level,Valid,Unique,Valid
702130,529,20260,Gomezshire Distribution Center,Japan,346607,Multi-tiered background initiative,Industrial Equipment,1649.16,N,1768,241,05-03-2026,Above Reorder Level,Valid,Unique,Valid
702131,529,21323,Gomezshire Distribution Center,Japan,346607,Cross-platform asynchronous moratorium,Furniture,2434,N,561,467,14-01-2026,Above Reorder Level,Valid,Unique,Valid
702132,529,20143,Gomezshire Distribution Center,Japan,346607,Front-line leadingedge info-mediaries,Apparel,1954.65,Y,40,157,10-04-2026,Below Reorder Level,Valid,Unique,Valid
702133,529,20192,Gomezshire Distribution Center,Japan,346607,Synergistic content-based instruction set,Office Supplies,2097.9,N,2601,258,24-09-2025,Above Reorder Level,Valid,Unique,Valid
702134,529,20098,Gomezshire Distribution Center,Japan,346607,Expanded incremental flexibility,Pharmaceuticals,1033.82,N,2376,107,17-10-2025,Above Reorder Level,Valid,Unique,Valid
702135,529,20613,Gomezshire Distribution Center,Japan,346607,Configurable object-oriented workforce,Automotive Parts,1136.23,N,4029,192,13-08-2026,Above Reorder Level,Valid,Unique,Valid
702136,529,20489,Gomezshire Distribution Center,Japan,346607,Organized coherent superstructure,Office Supplies,1446.15,Y,7005,266,22-04-2026,Above Reorder Level,Valid,Unique,Valid
702137,529,20885,Gomezshire Distribution Center,Japan,346607,Team-oriented foreground secured line,Furniture,2060.18,N,262,141,04-02-2026,Above Reorder Level,Valid,Unique,Valid
702138,529,20411,Gomezshire Distribution Center,Japan,346607,Switchable multi-state frame,Groceries,683.09,Y,4169,335,26-03-2026,Above Reorder Level,Valid,Unique,Valid
702139,529,20071,Gomezshire Distribution Center,Japan,346607,Horizontal empowering application,Apparel,,N,658,454,06-07-2026,Above Reorder Level,Valid,Unique,Valid
702140,529,20270,Gomezshire Distribution Center,Japan,346607,De-engineered heuristic secured line,Pharmaceuticals,659.2,N,6192,150,23-07-2026,Above Reorder Level,Valid,Unique,Valid
702141,529,20841,Gomezshire Distribution Center,Japan,346607,Ameliorated real-time attitude,Automotive Parts,440.98,N,5420,184,23-03-2026,Above Reorder Level,Valid,Unique,Valid
702142,529,21294,Gomezshire Distribution Center,Japan,346607,Business-focused homogeneous installation,Groceries,1056.21,N,2467,151,05-06-2026,Above Reorder Level,Valid,Unique,Valid
702143,529,20429,Gomezshire Distribution Center,Japan,346607,Programmable global system engine,Pharmaceuticals,1758.98,N,3927,466,18-07-2026,Above Reorder Level,Valid,Unique,Valid
702144,529,20597,Gomezshire Distribution Center,Japan,346607,Re-contextualized discrete model,Furniture,327.24,N,1196,54,31-03-2026,Above Reorder Level,Valid,Unique,Valid
702145,529,21289,Gomezshire Distribution Center,Japan,346607,Sharable coherent emulation,Office Supplies,2458.46,N,2020,491,21-03-2026,Above Reorder Level,Valid,Unique,Valid
702146,529,21163,Gomezshire Distribution Center,Japan,346607,Fundamental homogeneous projection,Automotive Parts,1109.61,Y,5466,,11-03-2026,Cannot Determine,Valid,Unique,Valid
702147,529,20455,Gomezshire Distribution Center,Japan,346607,Phased didactic knowledge user,Automotive Parts,1739.74,N,1949,463,28-03-2026,Above Reorder Level,Valid,Unique,Valid
702148,529,20755,Gomezshire Distribution Center,Japan,346607,Phased solution-oriented migration,Toys,860.46,N,1404,451,29-06-2026,Above Reorder Level,Valid,Unique,Valid
702149,529,21261,Gomezshire Distribution Center,Japan,346607,Devolved hybrid instruction set,Industrial Equipment,2185.13,N,2161,66,17-04-2026,Above Reorder Level,Valid,Unique,Valid
702150,529,21286,Gomezshire Distribution Center,Japan,346607,Customer-focused tangible superstructure,Pharmaceuticals,1010.33,N,5585,303,28-08-2026,Above Reorder Level,Valid,Unique,Valid
702151,529,20318,Gomezshire Distribution Center,Japan,346607,Customizable 3rdgeneration standardization,Apparel,1838.84,N,1294,458,28-05-2026,Above Reorder Level,Valid,Unique,Valid
702152,529,21161,Gomezshire Distribution Center,Japan,346607,Upgradable regional interface,Groceries,2244.55,N,605,176,01-10-2025,Above Reorder Level,Valid,Unique,Valid
702153,529,20606,Gomezshire Distribution Center,Japan,346607,Decentralized systemic model,Groceries,783.9,,3947,432,02-02-2026,Above Reorder Level,Valid,Unique,Valid
702154,529,21485,Gomezshire Distribution Center,Japan,346607,Face-to-face hybrid contingency,Apparel,2407,Y,5544,133,21-11-2025,Above Reorder Level,Valid,Unique,Valid
702155,529,20933,Gomezshire Distribution Center,Japan,346607,Public-key coherent neural-net,Groceries,728.07,Y,336,398,05-01-2026,Below Reorder Level,Valid,Unique,Valid
702156,529,21170,Gomezshire Distribution Center,Japan,346607,Ergonomic transitional hub,Industrial Equipment,2374.26,N,870,196,28-02-2026,Above Reorder Level,Valid,Unique,Valid
702157,529,20623,Gomezshire Distribution Center,Japan,346607,Front-line global application,Industrial Equipment,238.02,Y,485,87,18-09-2025,Above Reorder Level,Valid,Unique,Valid
702158,529,20536,Gomezshire Distribution Center,Japan,346607,Reverse-engineered systematic attitude,Electronics,1775.32,Y,1356,141,17-05-2026,Above Reorder Level,Valid,Unique,Valid
702159,529,21414,Gomezshire Distribution Center,Japan,346607,Synergized transitional budgetary management,Sporting Goods,2044.24,Y,1897,418,20-01-2026,Above Reorder Level,Valid,Unique,Valid
702160,529,21320,Gomezshire Distribution Center,Japan,346607,Robust bottom-line analyzer,Electronics,1796.29,Y,4380,105,17-07-2026,Above Reorder Level,Valid,Unique,Valid
702161,529,20215,Gomezshire Distribution Center,Japan,346607,Persistent clear-thinking array,Apparel,2458.67,N,3339,499,28-08-2026,Above Reorder Level,Valid,Unique,Valid
702162,529,21268,Gomezshire Distribution Center,Japan,346607,Inverse web-enabled task-force,Apparel,2116.06,Y,3075,330,05-11-2025,Above Reorder Level,Valid,Unique,Valid
702163,529,20459,Gomezshire Distribution Center,Japan,346607,Object-based empowering paradigm,Apparel,1789.07,Y,1377,,05-01-2026,Cannot Determine,Valid,Unique,Valid
702164,529,21404,Gomezshire Distribution Center,Japan,346607,Fully-configurable analyzing moratorium,Electronics,2264.73,N,5839,236,25-03-2026,Above Reorder Level,Valid,Unique,Valid
702165,529,20428,Gomezshire Distribution Center,Japan,346607,Profound neutral function,Office Supplies,22.28,Y,2021,174,28-09-2025,Above Reorder Level,Valid,Unique,Valid
702166,529,20501,Gomezshire Distribution Center,Japan,346607,Ergonomic regional moratorium,Automotive Parts,883.07,N,12264,120,30-11-2025,Above Reorder Level,Valid,Unique,Valid
702167,529,20084,Gomezshire Distribution Center,Japan,346607,Persevering static task-force,Industrial Equipment,1134.52,Y,3188,280,25-11-2025,Above Reorder Level,Valid,Unique,Valid
702168,529,20135,Gomezshire Distribution Center,Japan,346607,Universal holistic function,Automotive Parts,1178.42,N,428,234,10-08-2026,Above Reorder Level,Valid,Unique,Valid
702169,529,20070,Gomezshire Distribution Center,Japan,346607,Compatible national data-warehouse,Pharmaceuticals,627.47,Y,3575,495,19-10-2025,Above Reorder Level,Valid,Unique,Valid
702170,529,20487,Gomezshire Distribution Center,Japan,346607,Profit-focused scalable knowledgebase,Pharmaceuticals,1800.11,Y,1247,239,12-12-2025,Above Reorder Level,Valid,Unique,Valid
702171,529,21146,Gomezshire Distribution Center,Japan,346607,Profit-focused exuding hierarchy,Apparel,1482.41,,3676,295,02-04-2026,Above Reorder Level,Valid,Unique,Valid
702172,529,21300,Gomezshire Distribution Center,Japan,346607,Customizable encompassing hierarchy,Sporting Goods,569.36,Y,229,373,20-05-2026,Below Reorder Level,Valid,Unique,Valid
702173,529,20505,Gomezshire Distribution Center,Japan,346607,Ameliorated bottom-line protocol,Electronics,2380.36,Y,609,497,03-09-2025,Above Reorder Level,Valid,Unique,Valid
702174,529,20229,Gomezshire Distribution Center,Japan,346607,Enterprise-wide 5thgeneration leverage,Automotive Parts,267.13,Y,6138,340,25-02-2026,Above Reorder Level,Valid,Unique,Valid
702175,529,20149,Gomezshire Distribution Center,Japan,346607,Open-source 5thgeneration focus group,Toys,1105.41,Y,817,43,13-11-2025,Above Reorder Level,Valid,Unique,Valid
702176,530,20497,North Jennifer Distribution Center,China,447894,Assimilated object-oriented product,Furniture,1438.92,Y,6338,438,09-10-2025,Above Reorder Level,Valid,Unique,Valid
702177,530,20379,North Jennifer Distribution Center,China,447894,Seamless zero tolerance benchmark,Office Supplies,227.92,Y,1144,306,09-04-2026,Above Reorder Level,Valid,Unique,Valid
702178,530,21171,North Jennifer Distribution Center,China,447894,Re-contextualized stable project,Office Supplies,520.2,Y,3597,375,27-03-2026,Above Reorder Level,Valid,Unique,Valid
702179,530,20598,North Jennifer Distribution Center,China,447894,Upgradable zero tolerance focus group,Groceries,,Y,4138,177,02-03-2026,Above Reorder Level,Valid,Unique,Valid
702180,530,20636,North Jennifer Distribution Center,China,447894,Business-focused explicit implementation,Industrial Equipment,294.12,Y,2511,223,02-02-2026,Above Reorder Level,Valid,Unique,Valid
702181,530,21404,North Jennifer Distribution Center,China,447894,Fully-configurable analyzing moratorium,Electronics,2264.73,N,1273,368,17-02-2026,Above Reorder Level,Valid,Unique,Valid
702182,530,20576,North Jennifer Distribution Center,China,447894,Networked context-sensitive throughput,Automotive Parts,506.57,Y,835,185,07-05-2026,Above Reorder Level,Valid,Unique,Valid
702183,530,21362,North Jennifer Distribution Center,China,447894,Reactive empowering success,Office Supplies,,Y,118,244,06-09-2025,Below Reorder Level,Valid,Unique,Valid
702184,530,21447,North Jennifer Distribution Center,China,447894,Team-oriented value-added definition,Office Supplies,1737.08,,1266,19,10-03-2026,Above Reorder Level,Valid,Unique,Valid
702185,530,21411,North Jennifer Distribution Center,China,447894,Optimized human-resource circuit,Industrial Equipment,2175.66,N,3699,480,02-05-2026,Above Reorder Level,Valid,Unique,Valid
702186,530,20791,North Jennifer Distribution Center,China,447894,Multi-layered multi-state access,Toys,1934.81,Y,9731,177,21-11-2025,Above Reorder Level,Valid,Unique,Valid
702187,530,20785,North Jennifer Distribution Center,China,447894,Automated system-worthy portal,Electronics,607.4,N,7160,360,20-01-2026,Above Reorder Level,Valid,Unique,Valid
702188,530,20767,North Jennifer Distribution Center,China,447894,De-engineered fault-tolerant support,Industrial Equipment,2397.67,Y,5075,165,31-01-2026,Above Reorder Level,Valid,Unique,Valid
702189,530,21138,North Jennifer Distribution Center,China,447894,Switchable bottom-line contingency,Apparel,2174.63,N,5426,462,24-10-2025,Above Reorder Level,Valid,Unique,Valid
702190,530,20038,North Jennifer Distribution Center,China,447894,Re-engineered methodical leverage,Industrial Equipment,1123.77,N,3820,154,09-11-2025,Above Reorder Level,Valid,Unique,Valid
702191,530,20458,North Jennifer Distribution Center,China,447894,Realigned multi-state time-frame,Sporting Goods,447.75,Y,1053,108,29-01-2026,Above Reorder Level,Valid,Unique,Valid
702192,530,20153,North Jennifer Distribution Center,China,447894,Cross-platform cohesive standardization,Groceries,1485.92,N,8305,12,05-01-2026,Above Reorder Level,Valid,Unique,Valid
702193,530,20213,North Jennifer Distribution Center,China,447894,Enhanced empowering concept,Automotive Parts,136.4,Y,3881,340,19-02-2026,Above Reorder Level,Valid,Unique,Valid
702194,530,20715,North Jennifer Distribution Center,China,447894,Versatile multimedia hub,Pharmaceuticals,1500.21,N,2871,325,22-04-2026,Above Reorder Level,Valid,Unique,Valid
702195,530,20418,North Jennifer Distribution Center,China,447894,Stand-alone demand-driven moratorium,Electronics,1134.3,N,411,495,07-01-2026,Below Reorder Level,Valid,Unique,Valid
702196,530,20299,North Jennifer Distribution Center,China,447894,Configurable intangible strategy,Automotive Parts,1633.23,N,2070,385,13-02-2026,Above Reorder Level,Valid,Unique,Valid
702197,530,20160,North Jennifer Distribution Center,China,447894,Self-enabling leadingedge utilization,Office Supplies,472.52,N,2155,71,21-01-2026,Above Reorder Level,Valid,Unique,Valid
702198,530,20610,North Jennifer Distribution Center,China,447894,Grass-roots intangible monitoring,Industrial Equipment,2056.78,Y,6984,319,25-05-2026,Above Reorder Level,Valid,Unique,Valid
702199,530,21015,North Jennifer Distribution Center,China,447894,Total web-enabled encryption,Automotive Parts,1661.47,Y,2764,159,30-10-2025,Above Reorder Level,Valid,Unique,Valid
702200,530,20726,North Jennifer Distribution Center,China,447894,Multi-tiered object-oriented complexity,Office Supplies,1272.52,N,1672,39,10-04-2026,Above Reorder Level,Valid,Unique,Valid
702201,530,21376,North Jennifer Distribution Center,China,447894,Versatile hybrid collaboration,Furniture,876.59,Y,13148,486,22-12-2025,Above Reorder Level,Valid,Unique,Valid
702202,530,20232,North Jennifer Distribution Center,China,447894,Proactive 6thgeneration intranet,Toys,1432.65,N,410,434,23-09-2025,Below Reorder Level,Valid,Unique,Valid
702203,530,20709,North Jennifer Distribution Center,China,447894,Grass-roots clear-thinking migration,Electronics,850.36,Y,1918,379,19-06-2026,Above Reorder Level,Valid,Unique,Valid
702204,530,20584,North Jennifer Distribution Center,China,447894,Universal directional emulation,Electronics,2104,N,150,48,19-07-2026,Above Reorder Level,Valid,Unique,Valid
702205,530,21092,North Jennifer Distribution Center,China,447894,Total neutral infrastructure,Industrial Equipment,1665.42,N,4704,108,03-07-2026,Above Reorder Level,Valid,Unique,Valid
702206,530,21478,North Jennifer Distribution Center,China,447894,Persevering neutral structure,Office Supplies,2233.17,N,,330,17-05-2026,Cannot Determine,Valid,Unique,Valid
702207,530,21006,North Jennifer Distribution Center,China,447894,Mandatory holistic software,Automotive Parts,1419.03,Y,1148,48,18-11-2025,Above Reorder Level,Valid,Unique,Valid
702208,530,20714,North Jennifer Distribution Center,China,447894,Networked web-enabled project,Furniture,490.13,N,6827,239,30-05-2026,Above Reorder Level,Valid,Unique,Valid
702209,530,20743,North Jennifer Distribution Center,China,447894,Compatible high-level alliance,Apparel,234.92,Y,1207,355,18-02-2026,Above Reorder Level,Valid,Unique,Valid
702210,530,21313,North Jennifer Distribution Center,China,447894,Multi-lateral user-facing workforce,Electronics,2188.34,Y,8442,298,06-09-2025,Above Reorder Level,Valid,Unique,Valid
702211,530,20580,North Jennifer Distribution Center,China,447894,User-friendly 3rdgeneration task-force,Furniture,2211.64,N,4899,34,02-06-2026,Above Reorder Level,Valid,Unique,Valid
702212,530,20829,North Jennifer Distribution Center,China,447894,Compatible scalable solution,Office Supplies,2093.19,Y,5709,257,21-12-2025,Above Reorder Level,Valid,Unique,Valid
702213,530,20288,North Jennifer Distribution Center,China,447894,Implemented non-volatile application,Automotive Parts,905.28,N,63,413,10-03-2026,Below Reorder Level,Valid,Unique,Valid
702214,530,20968,North Jennifer Distribution Center,China,447894,Down-sized interactive extranet,Electronics,483.73,N,11499,273,17-05-2026,Above Reorder Level,Valid,Unique,Valid
702215,530,20129,North Jennifer Distribution Center,China,447894,Function-based optimizing approach,Electronics,1129.32,N,4531,25,20-12-2025,Above Reorder Level,Valid,Unique,Valid
702216,530,20975,North Jennifer Distribution Center,China,447894,Monitored client-server flexibility,Office Supplies,1510.5,Y,1270,427,12-05-2026,Above Reorder Level,Valid,Unique,Valid
702217,530,20554,North Jennifer Distribution Center,China,447894,Cloned exuding array,Groceries,1695.91,Y,6178,26,17-01-2026,Above Reorder Level,Valid,Unique,Valid
702218,530,20692,North Jennifer Distribution Center,China,447894,Fundamental bandwidth-monitored adapter,Sporting Goods,79.31,N,1155,234,31-05-2026,Above Reorder Level,Valid,Unique,Valid
702219,530,21377,North Jennifer Distribution Center,China,447894,Organized discrete superstructure,Furniture,461.54,Y,7202,,27-12-2025,Cannot Determine,Valid,Unique,Valid
702220,530,20943,North Jennifer Distribution Center,China,447894,Open-architected intangible infrastructure,Sporting Goods,377.96,N,417,298,08-05-2026,Above Reorder Level,Valid,Unique,Valid
702221,530,20940,North Jennifer Distribution Center,China,447894,Distributed content-based ability,Toys,498.12,N,4249,172,22-11-2025,Above Reorder Level,Valid,Unique,Valid
702222,530,20547,North Jennifer Distribution Center,China,447894,Streamlined composite ability,Automotive Parts,1385.68,N,2718,493,03-01-2026,Above Reorder Level,Valid,Unique,Valid
702223,530,21316,North Jennifer Distribution Center,China,447894,Multi-layered disintermediate projection,Office Supplies,2262.02,Y,355,25,29-01-2026,Above Reorder Level,Valid,Unique,Valid
702224,530,21327,North Jennifer Distribution Center,China,447894,Distributed 6thgeneration capacity,Sporting Goods,663.17,Y,967,,12-10-2025,Cannot Determine,Valid,Unique,Valid
702225,530,20652,North Jennifer Distribution Center,China,447894,Up-sized regional intranet,Groceries,1651.12,N,44,479,07-03-2026,Below Reorder Level,Valid,Unique,Valid
702226,530,21332,North Jennifer Distribution Center,China,447894,Decentralized intermediate architecture,Furniture,67.85,Y,2210,100,02-06-2026,Above Reorder Level,Valid,Unique,Valid
702227,530,20010,North Jennifer Distribution Center,China,447894,Visionary logistical benchmark,Office Supplies,424.83,Y,1252,468,04-09-2025,Above Reorder Level,Valid,Unique,Valid
702228,530,20254,North Jennifer Distribution Center,China,447894,Secured local Graphic Interface,Industrial Equipment,99.9,N,3187,268,27-11-2025,Above Reorder Level,Valid,Unique,Valid
702229,530,20565,North Jennifer Distribution Center,China,447894,Team-oriented client-driven project,Toys,945.59,Y,1232,289,23-08-2026,Above Reorder Level,Valid,Unique,Valid
702230,530,20567,North Jennifer Distribution Center,China,447894,Adaptive 24/7 service-desk,Automotive Parts,536.77,Y,1246,190,01-09-2025,Above Reorder Level,Valid,Unique,Valid
702231,530,21279,North Jennifer Distribution Center,China,447894,Configurable well-modulated interface,Furniture,1038.99,Y,4749,159,05-07-2026,Above Reorder Level,Valid,Unique,Valid
702232,530,20205,North Jennifer Distribution Center,China,447894,Business-focused full-range encoding,Pharmaceuticals,995.88,N,172,166,10-07-2026,Above Reorder Level,Valid,Unique,Valid
702233,530,20660,North Jennifer Distribution Center,China,447894,Robust global frame,Industrial Equipment,749.41,N,8146,320,04-05-2026,Above Reorder Level,Valid,Unique,Valid
702234,530,20505,North Jennifer Distribution Center,China,447894,Ameliorated bottom-line protocol,Electronics,2380.36,Y,6680,450,21-05-2026,Above Reorder Level,Valid,Unique,Valid
702235,530,20796,North Jennifer Distribution Center,China,447894,Networked demand-driven capacity,Electronics,1973.44,N,3850,149,29-12-2025,Above Reorder Level,Valid,Unique,Valid
702236,530,21229,North Jennifer Distribution Center,China,447894,Multi-lateral client-driven migration,Automotive Parts,1881.75,N,,179,01-05-2026,Cannot Determine,Valid,Unique,Valid
702237,530,20744,North Jennifer Distribution Center,China,447894,Quality-focused dedicated groupware,Toys,499.1,Y,7785,16,29-01-2026,Above Reorder Level,Valid,Unique,Valid
702238,530,20409,North Jennifer Distribution Center,China,447894,Distributed object-oriented approach,Electronics,1168.26,,716,415,20-10-2025,Above Reorder Level,Valid,Unique,Valid
702239,530,20463,North Jennifer Distribution Center,China,447894,Digitized motivating capacity,Automotive Parts,834.93,Y,287,,24-09-2025,Cannot Determine,Valid,Unique,Valid
702240,530,21355,North Jennifer Distribution Center,China,447894,Sharable client-server focus group,Office Supplies,2344.67,Y,956,292,31-12-2025,Above Reorder Level,Valid,Unique,Valid
702241,530,20617,North Jennifer Distribution Center,China,447894,Managed fault-tolerant architecture,Toys,747.77,N,5529,407,02-08-2026,Above Reorder Level,Valid,Unique,Valid
702242,530,20603,North Jennifer Distribution Center,China,447894,Optimized secondary service-desk,Automotive Parts,1452.06,Y,123,445,20-08-2026,Below Reorder Level,Valid,Unique,Valid
702243,530,20578,North Jennifer Distribution Center,China,447894,Persistent holistic core,Toys,2251.64,Y,3054,372,17-07-2026,Above Reorder Level,Valid,Unique,Valid
702244,530,21439,North Jennifer Distribution Center,China,447894,Robust scalable groupware,Groceries,653.95,N,18829,383,17-05-2026,Above Reorder Level,Valid,Unique,Valid
702245,530,20488,North Jennifer Distribution Center,China,447894,Virtual local secured line,Sporting Goods,342.98,Y,6763,,04-10-2025,Cannot Determine,Valid,Unique,Valid
702246,530,21431,North Jennifer Distribution Center,China,447894,Networked local success,Pharmaceuticals,2275.55,N,2575,142,06-08-2026,Above Reorder Level,Valid,Unique,Valid
702247,530,20355,North Jennifer Distribution Center,China,447894,Streamlined user-facing hierarchy,Industrial Equipment,609.13,N,230,462,02-03-2026,Below Reorder Level,Valid,Unique,Valid
702248,530,20857,North Jennifer Distribution Center,China,447894,Fully-configurable holistic encoding,Automotive Parts,390.76,Y,6218,421,28-09-2025,Above Reorder Level,Valid,Unique,Valid
702249,530,21178,North Jennifer Distribution Center,China,447894,Open-source asymmetric groupware,Electronics,1003.07,Y,3192,240,24-02-2026,Above Reorder Level,Valid,Unique,Valid
702250,530,21213,North Jennifer Distribution Center,China,447894,Centralized attitude-oriented synergy,Toys,1917.65,N,427,106,08-04-2026,Above Reorder Level,Valid,Unique,Valid
702251,531,20239,Alexismouth Distribution Center,China,467710,Future-proofed non-volatile protocol,Pharmaceuticals,1699.59,Y,529,52,23-06-2026,Above Reorder Level,Valid,Unique,Valid
702252,531,20907,Alexismouth Distribution Center,China,467710,Fully-configurable demand-driven moratorium,Groceries,2122.18,N,12913,170,15-11-2025,Above Reorder Level,Valid,Unique,Valid
702253,531,21278,Alexismouth Distribution Center,China,467710,Implemented executive matrix,Office Supplies,2283.38,N,5943,153,21-01-2026,Above Reorder Level,Valid,Unique,Valid
702254,531,21062,Alexismouth Distribution Center,China,467710,Reverse-engineered national core,Furniture,875.47,Y,9496,221,18-01-2026,Above Reorder Level,Valid,Unique,Valid
702255,531,21065,Alexismouth Distribution Center,China,467710,Synergistic clear-thinking model,Office Supplies,1745.03,N,11344,188,22-11-2025,Above Reorder Level,Valid,Unique,Valid
702256,531,20897,Alexismouth Distribution Center,China,467710,Implemented dedicated collaboration,Apparel,1230.57,Y,4556,181,26-04-2026,Above Reorder Level,Valid,Unique,Valid
702257,531,20289,Alexismouth Distribution Center,China,467710,Reactive asynchronous analyzer,Toys,461.42,N,3914,108,08-09-2026,Above Reorder Level,Valid,Unique,Valid
702258,531,20920,Alexismouth Distribution Center,China,467710,Down-sized uniform customer loyalty,Electronics,2358.89,N,3024,265,20-12-2025,Above Reorder Level,Valid,Unique,Valid
702259,531,21163,Alexismouth Distribution Center,China,467710,Fundamental homogeneous projection,Automotive Parts,1109.61,Y,2048,497,03-11-2025,Above Reorder Level,Valid,Unique,Valid
702260,531,21470,Alexismouth Distribution Center,China,467710,Innovative methodical installation,Pharmaceuticals,1838.52,N,3063,67,26-09-2025,Above Reorder Level,Valid,Unique,Valid
702261,531,20354,Alexismouth Distribution Center,China,467710,Networked intangible service-desk,Furniture,1102.28,Y,7986,262,29-11-2025,Above Reorder Level,Valid,Unique,Valid
702262,531,21107,Alexismouth Distribution Center,China,467710,Business-focused bottom-line migration,Toys,1112.12,Y,4948,395,29-01-2026,Above Reorder Level,Valid,Unique,Valid
702263,531,21027,Alexismouth Distribution Center,China,467710,Total bandwidth-monitored superstructure,Pharmaceuticals,1204.71,Y,11982,375,07-07-2026,Above Reorder Level,Valid,Unique,Valid
702264,531,20050,Alexismouth Distribution Center,China,467710,Open-source grid-enabled approach,Industrial Equipment,1529.05,N,3147,264,31-03-2026,Above Reorder Level,Valid,Unique,Valid
702265,531,20537,Alexismouth Distribution Center,China,467710,Fully-configurable well-modulated open architecture,Groceries,315.11,Y,5018,355,11-12-2025,Above Reorder Level,Valid,Unique,Valid
702266,531,21088,Alexismouth Distribution Center,China,467710,Phased grid-enabled system engine,Industrial Equipment,1995.92,N,5360,155,03-09-2025,Above Reorder Level,Valid,Unique,Valid
702267,531,20216,Alexismouth Distribution Center,China,467710,Intuitive tertiary moderator,Groceries,1392.38,Y,4812,389,12-11-2025,Above Reorder Level,Valid,Unique,Valid
702268,531,20297,Alexismouth Distribution Center,China,467710,Persistent context-sensitive toolset,Sporting Goods,1534.93,N,6515,,08-05-2026,Cannot Determine,Valid,Unique,Valid
702269,531,20521,Alexismouth Distribution Center,China,467710,Centralized reciprocal Graphic Interface,Toys,1822.06,N,1456,46,11-04-2026,Above Reorder Level,Valid,Unique,Valid
702270,531,20707,Alexismouth Distribution Center,China,467710,Distributed fresh-thinking encryption,Electronics,166.34,,3858,385,20-05-2026,Above Reorder Level,Valid,Unique,Valid
702271,531,20998,Alexismouth Distribution Center,China,467710,Advanced analyzing flexibility,Toys,124.74,N,591,412,02-05-2026,Above Reorder Level,Valid,Unique,Valid
702272,531,20926,Alexismouth Distribution Center,China,467710,Object-based homogeneous concept,Industrial Equipment,599.3,Y,2607,325,08-04-2026,Above Reorder Level,Valid,Unique,Valid
702273,531,21204,Alexismouth Distribution Center,China,467710,Organic heuristic website,Automotive Parts,2274.55,Y,3593,472,27-08-2026,Above Reorder Level,Valid,Unique,Valid
702274,531,20605,Alexismouth Distribution Center,China,467710,Optional incremental focus group,Toys,1870.06,N,5674,111,11-09-2025,Above Reorder Level,Valid,Unique,Valid
702275,531,21337,Alexismouth Distribution Center,China,467710,Re-contextualized analyzing utilization,Office Supplies,2452.57,Y,16150,188,21-11-2025,Above Reorder Level,Valid,Unique,Valid
702276,531,21483,Alexismouth Distribution Center,China,467710,De-engineered value-added data-warehouse,Pharmaceuticals,1250.99,Y,4931,88,10-01-2026,Above Reorder Level,Valid,Unique,Valid
702277,531,21269,Alexismouth Distribution Center,China,467710,Vision-oriented impactful middleware,Sporting Goods,2044.75,Y,7311,414,04-01-2026,Above Reorder Level,Valid,Unique,Valid
702278,531,20040,Alexismouth Distribution Center,China,467710,Centralized hybrid firmware,Pharmaceuticals,1644.69,N,3791,319,09-05-2026,Above Reorder Level,Valid,Unique,Valid
702279,531,20499,Alexismouth Distribution Center,China,467710,Realigned secondary capability,Office Supplies,439.82,Y,5401,469,01-05-2026,Above Reorder Level,Valid,Unique,Valid
702280,531,21315,Alexismouth Distribution Center,China,467710,Reverse-engineered multi-tasking portal,Sporting Goods,2173.66,N,395,256,09-10-2025,Above Reorder Level,Valid,Unique,Valid
702281,531,21011,Alexismouth Distribution Center,China,467710,Cross-platform 24hour knowledgebase,Toys,2301.78,N,1577,156,12-11-2025,Above Reorder Level,Valid,Unique,Valid
702282,531,20260,Alexismouth Distribution Center,China,467710,Multi-tiered background initiative,Industrial Equipment,1649.16,N,2413,50,18-05-2026,Above Reorder Level,Valid,Unique,Valid
702283,531,21015,Alexismouth Distribution Center,China,467710,Total web-enabled encryption,Automotive Parts,1661.47,Y,3436,,28-05-2026,Cannot Determine,Valid,Unique,Valid
702284,531,20729,Alexismouth Distribution Center,China,467710,Configurable explicit intranet,Groceries,1377.28,Y,251,85,16-10-2025,Above Reorder Level,Valid,Unique,Valid
702285,531,21147,Alexismouth Distribution Center,China,467710,Quality-focused composite interface,Toys,1469.12,N,810,304,10-05-2026,Above Reorder Level,Valid,Duplicate Warehouse/Product,Valid
702286,531,21274,Alexismouth Distribution Center,China,467710,Visionary systemic encoding,Apparel,1351.11,N,1741,286,14-08-2026,Above Reorder Level,Valid,Unique,Valid
702287,531,21481,Alexismouth Distribution Center,China,467710,Optimized cohesive flexibility,Pharmaceuticals,1055.95,N,19119,470,29-12-2025,Above Reorder Level,Valid,Unique,Valid
702288,531,20724,Alexismouth Distribution Center,China,467710,Organized disintermediate infrastructure,Automotive Parts,2136.38,Y,2162,96,12-02-2026,Above Reorder Level,Valid,Unique,Valid
702289,531,20799,Alexismouth Distribution Center,China,467710,Diverse real-time orchestration,Toys,1143.38,N,3534,420,05-10-2025,Above Reorder Level,Valid,Unique,Valid
702290,531,20187,Alexismouth Distribution Center,China,467710,Universal demand-driven core,Groceries,2000.15,Y,1173,397,19-04-2026,Above Reorder Level,Valid,Unique,Valid
702291,531,20415,Alexismouth Distribution Center,China,467710,Monitored 24/7 focus group,Furniture,782.48,N,5069,410,17-09-2025,Above Reorder Level,Valid,Unique,Valid
702292,531,20496,Alexismouth Distribution Center,China,467710,Cross-group composite strategy,Apparel,2151.24,N,,266,22-06-2026,Cannot Determine,Valid,Unique,Valid
702293,531,20217,Alexismouth Distribution Center,China,467710,Optional client-server firmware,Pharmaceuticals,385.95,N,1246,,13-06-2026,Cannot Determine,Valid,Unique,Valid
702294,531,20478,Alexismouth Distribution Center,China,467710,Integrated executive data-warehouse,Industrial Equipment,2345.35,Y,3905,224,30-11-2025,Above Reorder Level,Valid,Unique,Valid
702295,531,20556,Alexismouth Distribution Center,China,467710,Devolved uniform open architecture,Pharmaceuticals,655.64,N,30,326,13-01-2026,Below Reorder Level,Valid,Unique,Valid
702296,531,20961,Alexismouth Distribution Center,China,467710,Digitized eco-centric encryption,Pharmaceuticals,1586.89,,41,65,03-02-2026,Below Reorder Level,Valid,Unique,Valid
702297,531,20360,Alexismouth Distribution Center,China,467710,Exclusive cohesive portal,Toys,579.46,Y,1328,105,22-03-2026,Above Reorder Level,Valid,Unique,Valid
702298,531,20888,Alexismouth Distribution Center,China,467710,Organized homogeneous migration,Toys,1825.07,N,201,271,13-02-2026,Below Reorder Level,Valid,Unique,Valid
702299,531,21100,Alexismouth Distribution Center,China,467710,User-friendly dedicated support,Automotive Parts,1806.89,N,614,463,24-09-2025,Above Reorder Level,Valid,Unique,Valid
702300,531,20857,Alexismouth Distribution Center,China,467710,Fully-configurable holistic encoding,Automotive Parts,390.76,Y,,297,14-05-2026,Cannot Determine,Valid,Unique,Valid
702301,531,21174,Alexismouth Distribution Center,China,467710,Optional homogeneous algorithm,Electronics,2173.58,Y,8716,293,09-06-2026,Above Reorder Level,Valid,Unique,Valid
702302,531,21008,Alexismouth Distribution Center,China,467710,Multi-lateral static initiative,Electronics,911.99,N,4559,76,29-12-2025,Above Reorder Level,Valid,Unique,Valid
702303,531,20188,Alexismouth Distribution Center,China,467710,Future-proofed executive synergy,Industrial Equipment,1041.24,N,3861,384,12-12-2025,Above Reorder Level,Valid,Unique,Valid
702304,531,21359,Alexismouth Distribution Center,China,467710,Adaptive solution-oriented hardware,Sporting Goods,802.15,N,1866,252,09-07-2026,Above Reorder Level,Valid,Unique,Valid
702305,531,20347,Alexismouth Distribution Center,China,467710,Diverse executive success,Office Supplies,137.21,Y,14422,183,15-12-2025,Above Reorder Level,Valid,Unique,Valid
702306,531,21330,Alexismouth Distribution Center,China,467710,Realigned grid-enabled hierarchy,Pharmaceuticals,366.12,N,2717,39,17-03-2026,Above Reorder Level,Valid,Unique,Valid
702307,531,20609,Alexismouth Distribution Center,China,467710,Up-sized directional application,Groceries,2114.9,N,489,430,26-09-2025,Above Reorder Level,Valid,Unique,Valid
702308,531,20373,Alexismouth Distribution Center,China,467710,Realigned encompassing collaboration,Furniture,1856.43,N,5157,353,08-01-2026,Above Reorder Level,Valid,Unique,Valid
702309,531,20967,Alexismouth Distribution Center,China,467710,Programmable content-based interface,Sporting Goods,2484.36,N,,129,19-06-2026,Cannot Determine,Valid,Unique,Valid
702310,531,20805,Alexismouth Distribution Center,China,467710,Fully-configurable multi-tasking groupware,Sporting Goods,2387.72,Y,2275,494,07-04-2026,Above Reorder Level,Valid,Unique,Valid
702311,531,20942,Alexismouth Distribution Center,China,467710,Up-sized holistic matrix,Pharmaceuticals,1542.05,N,3804,442,03-03-2026,Above Reorder Level,Valid,Unique,Valid
702312,531,20483,Alexismouth Distribution Center,China,467710,Integrated non-volatile knowledge user,Groceries,2312.3,N,11137,491,04-03-2026,Above Reorder Level,Valid,Unique,Valid
702313,531,21048,Alexismouth Distribution Center,China,467710,Re-engineered zero administration policy,Industrial Equipment,2081.34,Y,3655,465,26-07-2026,Above Reorder Level,Valid,Unique,Valid
702314,531,21090,Alexismouth Distribution Center,China,467710,Progressive upward-trending forecast,Pharmaceuticals,905.98,Y,6508,497,29-07-2026,Above Reorder Level,Valid,Unique,Valid
702315,531,20515,Alexismouth Distribution Center,China,467710,Multi-tiered eco-centric array,Electronics,1829.64,Y,26516,366,28-07-2026,Above Reorder Level,Valid,Unique,Valid
702316,531,20037,Alexismouth Distribution Center,China,467710,Reactive systemic moratorium,Groceries,1683.1,N,757,339,27-09-2025,Above Reorder Level,Valid,Unique,Valid
702317,531,20751,Alexismouth Distribution Center,China,467710,Advanced zero administration framework,Groceries,1145.65,,1726,265,14-10-2025,Above Reorder Level,Valid,Unique,Valid
702318,531,20268,Alexismouth Distribution Center,China,467710,Optional user-facing workforce,Office Supplies,252.5,Y,2696,432,02-04-2026,Above Reorder Level,Valid,Unique,Valid
702319,531,20902,Alexismouth Distribution Center,China,467710,Intuitive secondary toolset,Automotive Parts,2399.04,N,2943,301,08-02-2026,Above Reorder Level,Valid,Unique,Valid
702320,531,20690,Alexismouth Distribution Center,China,467710,Reactive dynamic conglomeration,Groceries,2285.22,Y,,348,29-01-2026,Cannot Determine,Valid,Unique,Valid
702321,531,20464,Alexismouth Distribution Center,China,467710,Pre-emptive transitional knowledgebase,Sporting Goods,202.98,N,12795,431,29-03-2026,Above Reorder Level,Valid,Unique,Valid
702322,531,20177,Alexismouth Distribution Center,China,467710,Self-enabling discrete array,Electronics,1634.61,Y,6725,127,29-11-2025,Above Reorder Level,Valid,Unique,Valid
702323,531,20976,Alexismouth Distribution Center,China,467710,User-friendly demand-driven synergy,Furniture,614.8,Y,5030,209,23-05-2026,Above Reorder Level,Valid,Unique,Valid
702324,531,21479,Alexismouth Distribution Center,China,467710,Fundamental object-oriented middleware,Automotive Parts,1889.99,Y,1988,245,27-01-2026,Above Reorder Level,Valid,Unique,Valid
702325,531,21025,Alexismouth Distribution Center,China,467710,Seamless attitude-oriented hardware,Toys,1888.83,N,9326,96,06-01-2026,Above Reorder Level,Valid,Unique,Valid
702326,532,20447,Bakertown Distribution Center,France,576306,Devolved transitional implementation,Sporting Goods,1191.63,N,22683,486,29-01-2026,Above Reorder Level,Valid,Unique,Valid
702327,532,21228,Bakertown Distribution Center,France,576306,Face-to-face context-sensitive archive,Sporting Goods,2282.61,N,12586,230,01-04-2026,Above Reorder Level,Valid,Unique,Valid
702328,532,20471,Bakertown Distribution Center,France,576306,Decentralized holistic orchestration,Apparel,2052.21,Y,11,478,04-03-2026,Below Reorder Level,Valid,Unique,Valid
702329,532,20464,Bakertown Distribution Center,France,576306,Pre-emptive transitional knowledgebase,Sporting Goods,202.98,N,7397,214,30-08-2026,Above Reorder Level,Valid,Unique,Valid
702330,532,21265,Bakertown Distribution Center,France,576306,Decentralized intangible matrix,Sporting Goods,991.98,N,384,494,16-08-2026,Below Reorder Level,Valid,Unique,Valid
702331,532,21373,Bakertown Distribution Center,France,576306,Reactive demand-driven intranet,Apparel,1198.09,Y,,289,15-05-2026,Cannot Determine,Valid,Unique,Valid
702332,532,20360,Bakertown Distribution Center,France,576306,Exclusive cohesive portal,Toys,579.46,Y,449,,21-06-2026,Cannot Determine,Valid,Unique,Valid
702333,532,21356,Bakertown Distribution Center,France,576306,Devolved encompassing utilization,Groceries,617.06,N,6769,408,19-01-2026,Above Reorder Level,Valid,Unique,Valid
702334,532,20670,Bakertown Distribution Center,France,576306,Team-oriented full-range paradigm,Sporting Goods,1262.9,Y,8483,415,04-07-2026,Above Reorder Level,Valid,Unique,Valid
702335,532,20907,Bakertown Distribution Center,France,576306,Fully-configurable demand-driven moratorium,Groceries,2122.18,N,889,474,27-04-2026,Above Reorder Level,Valid,Unique,Valid
702336,532,20582,Bakertown Distribution Center,France,576306,Multi-channeled content-based array,Pharmaceuticals,1226.92,Y,,178,28-04-2026,Cannot Determine,Valid,Unique,Valid
702337,532,21257,Bakertown Distribution Center,France,576306,Devolved heuristic synergy,Furniture,1400.81,Y,4454,37,17-05-2026,Above Reorder Level,Valid,Unique,Valid
702338,532,20708,Bakertown Distribution Center,France,576306,Business-focused responsive utilization,Industrial Equipment,584.31,N,3367,89,25-03-2026,Above Reorder Level,Valid,Unique,Valid
702339,532,21165,Bakertown Distribution Center,France,576306,Configurable eco-centric service-desk,Apparel,292.42,Y,943,286,25-06-2026,Above Reorder Level,Valid,Unique,Valid
702340,532,21258,Bakertown Distribution Center,France,576306,Optional 24hour help-desk,Sporting Goods,402.72,N,3969,202,22-07-2026,Above Reorder Level,Valid,Unique,Valid
702341,532,20650,Bakertown Distribution Center,France,576306,Sharable multimedia extranet,Office Supplies,2379.7,Y,10170,455,16-08-2026,Above Reorder Level,Valid,Unique,Valid
702342,532,20355,Bakertown Distribution Center,France,576306,Streamlined user-facing hierarchy,Industrial Equipment,609.13,N,539,177,24-03-2026,Above Reorder Level,Valid,Unique,Valid
702343,532,20269,Bakertown Distribution Center,France,576306,Integrated systemic portal,Electronics,973.98,Y,611,38,24-03-2026,Above Reorder Level,Valid,Unique,Valid
702344,532,21218,Bakertown Distribution Center,France,576306,Synergized systematic monitoring,Industrial Equipment,2497.28,Y,3203,433,05-12-2025,Above Reorder Level,Valid,Unique,Valid
702345,532,20498,Bakertown Distribution Center,France,576306,Visionary tertiary function,Pharmaceuticals,2363.41,N,20783,167,12-06-2026,Above Reorder Level,Valid,Unique,Valid
702346,532,21452,Bakertown Distribution Center,France,576306,Centralized grid-enabled hierarchy,Pharmaceuticals,1454.79,Y,8074,74,08-11-2025,Above Reorder Level,Valid,Unique,Valid
702347,532,21379,Bakertown Distribution Center,France,576306,Digitized mission-critical array,Industrial Equipment,1336.62,Y,8300,85,08-07-2026,Above Reorder Level,Valid,Unique,Valid
702348,532,21417,Bakertown Distribution Center,France,576306,Multi-channeled asynchronous pricing structure,Office Supplies,1504.68,Y,3285,484,25-06-2026,Above Reorder Level,Valid,Unique,Valid
702349,532,21235,Bakertown Distribution Center,France,576306,Innovative mission-critical frame,Sporting Goods,2163.79,N,6584,395,28-05-2026,Above Reorder Level,Valid,Unique,Valid
702350,532,20712,Bakertown Distribution Center,France,576306,Phased stable pricing structure,Office Supplies,1460,N,74,283,26-12-2025,Below Reorder Level,Valid,Unique,Valid
702351,532,21440,Bakertown Distribution Center,France,576306,Devolved solution-oriented encryption,Groceries,1939.94,N,7391,422,22-02-2026,Above Reorder Level,Valid,Unique,Valid
702352,532,21081,Bakertown Distribution Center,France,576306,Expanded upward-trending workforce,Automotive Parts,153.91,Y,17877,72,23-06-2026,Above Reorder Level,Valid,Unique,Valid
702353,532,20707,Bakertown Distribution Center,France,576306,Distributed fresh-thinking encryption,Electronics,166.34,,6933,259,27-01-2026,Above Reorder Level,Valid,Unique,Valid
702354,532,21295,Bakertown Distribution Center,France,576306,Progressive fault-tolerant standardization,Groceries,,N,15128,452,22-01-2026,Above Reorder Level,Valid,Unique,Valid
702355,532,20385,Bakertown Distribution Center,France,576306,Profit-focused modular superstructure,Furniture,,N,9411,,22-05-2026,Cannot Determine,Valid,Unique,Valid
702356,532,21484,Bakertown Distribution Center,France,576306,Open-architected regional approach,Industrial Equipment,1722.1,N,939,88,26-11-2025,Above Reorder Level,Valid,Unique,Valid
702357,532,20013,Bakertown Distribution Center,France,576306,Devolved 4thgeneration attitude,Office Supplies,41.3,N,17016,115,17-03-2026,Above Reorder Level,Valid,Unique,Valid
702358,532,20105,Bakertown Distribution Center,France,576306,Realigned intermediate interface,Groceries,1156.18,Y,503,304,05-07-2026,Above Reorder Level,Valid,Unique,Valid
702359,532,20743,Bakertown Distribution Center,France,576306,Compatible high-level alliance,Apparel,234.92,Y,5582,183,03-01-2026,Above Reorder Level,Valid,Unique,Valid
702360,532,20822,Bakertown Distribution Center,France,576306,Open-source well-modulated neural-net,Apparel,2315.11,Y,1121,290,02-01-2026,Above Reorder Level,Valid,Unique,Valid
702361,532,20684,Bakertown Distribution Center,France,576306,Implemented leadingedge core,Office Supplies,1955.5,,86,52,11-06-2026,Above Reorder Level,Valid,Unique,Valid
702362,532,20243,Bakertown Distribution Center,France,576306,Compatible dynamic throughput,Industrial Equipment,2228.81,N,4008,495,16-08-2026,Above Reorder Level,Valid,Unique,Valid
702363,532,21206,Bakertown Distribution Center,France,576306,Grass-roots interactive model,Automotive Parts,161.18,N,2556,493,01-08-2026,Above Reorder Level,Valid,Unique,Valid
702364,532,20770,Bakertown Distribution Center,France,576306,Face-to-face intangible interface,Toys,773.5,N,4866,495,16-05-2026,Above Reorder Level,Valid,Unique,Valid
702365,532,20211,Bakertown Distribution Center,France,576306,Synchronized holistic capacity,Apparel,2035.44,N,6294,357,01-04-2026,Above Reorder Level,Valid,Unique,Valid
702366,532,20751,Bakertown Distribution Center,France,576306,Advanced zero administration framework,Groceries,1145.65,,327,220,03-10-2025,Above Reorder Level,Valid,Unique,Valid
702367,532,21363,Bakertown Distribution Center,France,576306,Devolved incremental pricing structure,Office Supplies,1846.87,N,960,77,12-01-2026,Above Reorder Level,Valid,Unique,Valid
702368,532,20973,Bakertown Distribution Center,France,576306,Cross-group bi-directional productivity,Automotive Parts,1491.63,N,5980,424,04-01-2026,Above Reorder Level,Valid,Unique,Valid
702369,532,21329,Bakertown Distribution Center,France,576306,Universal eco-centric task-force,Apparel,1546.94,N,3073,325,24-01-2026,Above Reorder Level,Valid,Unique,Valid
702370,532,21466,Bakertown Distribution Center,France,576306,Advanced non-volatile instruction set,Automotive Parts,2398.65,N,9551,381,09-02-2026,Above Reorder Level,Valid,Unique,Valid
702371,532,20594,Bakertown Distribution Center,France,576306,Re-contextualized context-sensitive architecture,Groceries,1753.75,Y,7724,90,07-11-2025,Above Reorder Level,Valid,Unique,Valid
702372,532,20135,Bakertown Distribution Center,France,576306,Universal holistic function,Automotive Parts,1178.42,N,13659,95,12-08-2026,Above Reorder Level,Valid,Unique,Valid
702373,532,21354,Bakertown Distribution Center,France,576306,Front-line explicit analyzer,Groceries,271.22,N,8622,90,25-03-2026,Above Reorder Level,Valid,Unique,Valid
702374,532,20452,Bakertown Distribution Center,France,576306,Digitized transitional interface,Sporting Goods,1314.11,Y,4109,260,26-04-2026,Above Reorder Level,Valid,Unique,Valid
702375,532,21290,Bakertown Distribution Center,France,576306,Decentralized clear-thinking initiative,Automotive Parts,2249.07,Y,8172,475,29-05-2026,Above Reorder Level,Valid,Unique,Valid
702376,532,20996,Bakertown Distribution Center,France,576306,Front-line mission-critical matrix,Sporting Goods,668.36,Y,2355,303,06-06-2026,Above Reorder Level,Valid,Unique,Valid
702377,532,20362,Bakertown Distribution Center,France,576306,Operative modular framework,Groceries,,N,2674,437,17-08-2026,Above Reorder Level,Valid,Unique,Valid
702378,532,20251,Bakertown Distribution Center,France,576306,Persevering responsive flexibility,Apparel,415.68,Y,11375,314,03-06-2026,Above Reorder Level,Valid,Unique,Valid
702379,532,20912,Bakertown Distribution Center,France,576306,Organic responsive ability,Electronics,1111.05,,4324,121,03-06-2026,Above Reorder Level,Valid,Unique,Valid
702380,532,20667,Bakertown Distribution Center,France,576306,Cloned global core,Electronics,736.37,Y,11708,79,18-01-2026,Above Reorder Level,Valid,Unique,Valid
702381,532,21239,Bakertown Distribution Center,France,576306,Stand-alone multimedia alliance,Office Supplies,2116.82,Y,12636,22,05-09-2025,Above Reorder Level,Valid,Unique,Valid
702382,532,20773,Bakertown Distribution Center,France,576306,Public-key exuding Graphic Interface,Pharmaceuticals,574.07,Y,14249,485,12-10-2025,Above Reorder Level,Valid,Unique,Valid
702383,532,20683,Bakertown Distribution Center,France,576306,Realigned bifurcated circuit,Apparel,1018.05,Y,18165,177,12-06-2026,Above Reorder Level,Valid,Unique,Valid
702384,532,21101,Bakertown Distribution Center,France,576306,Streamlined 24/7 hierarchy,Pharmaceuticals,808.35,Y,4122,144,10-01-2025,Above Reorder Level,Valid,Unique,Valid
702385,532,20115,Bakertown Distribution Center,France,576306,Synchronized stable array,Electronics,2041.08,N,2808,478,21-04-2026,Above Reorder Level,Valid,Unique,Valid
702386,532,21289,Bakertown Distribution Center,France,576306,Sharable coherent emulation,Office Supplies,2458.46,N,6381,319,11-09-2025,Above Reorder Level,Valid,Unique,Valid
702387,532,21345,Bakertown Distribution Center,France,576306,Enterprise-wide 24hour complexity,Electronics,2089.68,N,3392,373,18-01-2026,Above Reorder Level,Valid,Unique,Valid
702388,532,20196,Bakertown Distribution Center,France,576306,Organized dynamic hub,Apparel,1373.65,Y,6719,59,24-03-2026,Above Reorder Level,Valid,Unique,Valid
702389,532,20405,Bakertown Distribution Center,France,576306,Mandatory foreground initiative,Apparel,757.19,Y,8940,44,28-12-2025,Above Reorder Level,Valid,Unique,Valid
702390,532,20746,Bakertown Distribution Center,France,576306,Function-based exuding synergy,Apparel,1047.2,N,8525,54,23-11-2025,Above Reorder Level,Valid,Unique,Valid
702391,532,20564,Bakertown Distribution Center,France,576306,Right-sized full-range adapter,Toys,1645.1,Y,3431,308,12-09-2025,Above Reorder Level,Valid,Unique,Valid
702392,532,20832,Bakertown Distribution Center,France,576306,Open-architected content-based infrastructure,Groceries,2415.76,N,1335,294,13-03-2026,Above Reorder Level,Valid,Unique,Valid
702393,532,21201,Bakertown Distribution Center,France,576306,Triple-buffered zero-defect encryption,Apparel,1804.54,Y,4117,29,14-03-2026,Above Reorder Level,Valid,Unique,Valid
702394,532,20084,Bakertown Distribution Center,France,576306,Persevering static task-force,Industrial Equipment,1134.52,Y,1125,196,30-08-2026,Above Reorder Level,Valid,Unique,Valid
702395,532,20241,Bakertown Distribution Center,France,576306,Adaptive multi-tasking throughput,Electronics,1819.11,Y,16144,483,07-02-2026,Above Reorder Level,Valid,Unique,Valid
702396,532,20856,Bakertown Distribution Center,France,576306,Multi-tiered zero administration customer loyalty,Furniture,1078.15,N,3103,335,31-08-2025,Above Reorder Level,Valid,Unique,Valid
702397,532,20361,Bakertown Distribution Center,France,576306,Pre-emptive bandwidth-monitored utilization,Sporting Goods,498.79,N,1227,342,21-10-2025,Above Reorder Level,Valid,Unique,Valid
702398,532,20970,Bakertown Distribution Center,France,576306,Public-key stable implementation,Apparel,1204.97,N,188,298,27-07-2026,Below Reorder Level,Valid,Unique,Valid
702399,532,20548,Bakertown Distribution Center,France,576306,Centralized mission-critical flexibility,Sporting Goods,449.88,Y,7589,390,27-07-2026,Above Reorder Level,Valid,Unique,Valid
702400,532,21351,Bakertown Distribution Center,France,576306,Implemented tertiary flexibility,Sporting Goods,1591.93,Y,7407,314,05-08-2026,Above Reorder Level,Valid,Unique,Valid
702401,533,21440,North Jefferyborough Distribution Center,United Kingdom,409551,Devolved solution-oriented encryption,Groceries,1939.94,N,1989,450,18-05-2026,Above Reorder Level,Valid,Unique,Valid
702402,533,20373,North Jefferyborough Distribution Center,United Kingdom,409551,Realigned encompassing collaboration,Furniture,1856.43,N,355,391,20-03-2026,Below Reorder Level,Valid,Unique,Valid
702403,533,20996,North Jefferyborough Distribution Center,United Kingdom,409551,Front-line mission-critical matrix,Sporting Goods,668.36,Y,2517,382,19-03-2026,Above Reorder Level,Valid,Unique,Valid
702404,533,21413,North Jefferyborough Distribution Center,United Kingdom,409551,Face-to-face systemic info-mediaries,Furniture,11.6,Y,1780,62,11-08-2026,Above Reorder Level,Valid,Unique,Valid
702405,533,20243,North Jefferyborough Distribution Center,United Kingdom,409551,Compatible dynamic throughput,Industrial Equipment,2228.81,N,5398,407,27-10-2025,Above Reorder Level,Valid,Unique,Valid
702406,533,20715,North Jefferyborough Distribution Center,United Kingdom,409551,Versatile multimedia hub,Pharmaceuticals,1500.21,N,4445,472,04-06-2026,Above Reorder Level,Valid,Unique,Valid
702407,533,21101,North Jefferyborough Distribution Center,United Kingdom,409551,Streamlined 24/7 hierarchy,Pharmaceuticals,808.35,Y,2166,169,30-03-2026,Above Reorder Level,Valid,Unique,Valid
702408,533,20476,North Jefferyborough Distribution Center,United Kingdom,409551,Digitized client-server toolset,Apparel,,N,1174,167,03-02-2026,Above Reorder Level,Valid,Unique,Valid
702409,533,21020,North Jefferyborough Distribution Center,United Kingdom,409551,Inverse 3rdgeneration productivity,Industrial Equipment,2300.64,Y,21135,75,08-07-2026,Above Reorder Level,Valid,Unique,Valid
702410,533,21178,North Jefferyborough Distribution Center,United Kingdom,409551,Open-source asymmetric groupware,Electronics,1003.07,Y,2890,222,03-02-2026,Above Reorder Level,Valid,Unique,Valid
702411,533,20207,North Jefferyborough Distribution Center,United Kingdom,409551,Synchronized radical strategy,Groceries,2453.38,Y,5566,217,19-11-2025,Above Reorder Level,Valid,Unique,Valid
702412,533,20328,North Jefferyborough Distribution Center,United Kingdom,409551,Phased 3rdgeneration knowledge user,Furniture,1940.49,Y,723,349,29-10-2025,Above Reorder Level,Valid,Unique,Valid
702413,533,20455,North Jefferyborough Distribution Center,United Kingdom,409551,Phased didactic knowledge user,Automotive Parts,1739.74,N,3174,253,06-09-2025,Above Reorder Level,Valid,Unique,Valid
702414,533,20817,North Jefferyborough Distribution Center,United Kingdom,409551,Total 6thgeneration encoding,Pharmaceuticals,1370.76,Y,133,71,24-04-2026,Above Reorder Level,Valid,Unique,Valid
702415,533,21494,North Jefferyborough Distribution Center,United Kingdom,409551,Robust zero-defect groupware,Automotive Parts,1185.2,N,3362,387,20-11-2025,Above Reorder Level,Valid,Unique,Valid
702416,533,21107,North Jefferyborough Distribution Center,United Kingdom,409551,Business-focused bottom-line migration,Toys,1112.12,Y,,56,10-06-2026,Cannot Determine,Valid,Unique,Valid
702417,533,20944,North Jefferyborough Distribution Center,United Kingdom,409551,User-friendly holistic info-mediaries,Electronics,1302.69,Y,2315,465,03-03-2026,Above Reorder Level,Valid,Unique,Valid
702418,533,20403,North Jefferyborough Distribution Center,United Kingdom,409551,Advanced transitional workforce,Groceries,1515.01,N,190,228,27-08-2026,Below Reorder Level,Valid,Unique,Valid
702419,533,21483,North Jefferyborough Distribution Center,United Kingdom,409551,De-engineered value-added data-warehouse,Pharmaceuticals,1250.99,Y,150,136,15-01-2026,Above Reorder Level,Valid,Unique,Valid
702420,533,20983,North Jefferyborough Distribution Center,United Kingdom,409551,Down-sized context-sensitive hub,Toys,1175.79,N,2345,452,31-01-2026,Above Reorder Level,Valid,Unique,Valid
702421,533,20703,North Jefferyborough Distribution Center,United Kingdom,409551,Intuitive radical interface,Toys,71.63,N,833,326,31-08-2025,Above Reorder Level,Valid,Unique,Valid
702422,533,20379,North Jefferyborough Distribution Center,United Kingdom,409551,Seamless zero tolerance benchmark,Office Supplies,227.92,Y,113,18,22-04-2026,Above Reorder Level,Valid,Unique,Valid
702423,533,21464,North Jefferyborough Distribution Center,United Kingdom,409551,Digitized high-level circuit,Industrial Equipment,58.35,N,6740,439,31-03-2026,Above Reorder Level,Valid,Unique,Valid
702424,533,20959,North Jefferyborough Distribution Center,United Kingdom,409551,Stand-alone client-server firmware,Pharmaceuticals,399.31,Y,2929,200,12-05-2026,Above Reorder Level,Valid,Unique,Valid
702425,533,21312,North Jefferyborough Distribution Center,United Kingdom,409551,Visionary clear-thinking groupware,Automotive Parts,1651.73,,1630,,05-01-2026,Cannot Determine,Valid,Unique,Valid
702426,533,20232,North Jefferyborough Distribution Center,United Kingdom,409551,Proactive 6thgeneration intranet,Toys,1432.65,N,10999,37,29-04-2026,Above Reorder Level,Valid,Unique,Valid
702427,533,20928,North Jefferyborough Distribution Center,United Kingdom,409551,Profit-focused reciprocal support,Automotive Parts,785.67,N,590,386,28-12-2025,Above Reorder Level,Valid,Unique,Valid
702428,533,20806,North Jefferyborough Distribution Center,United Kingdom,409551,Re-contextualized mobile knowledgebase,Electronics,1088.36,Y,14907,257,21-06-2026,Above Reorder Level,Valid,Unique,Valid
702429,533,21338,North Jefferyborough Distribution Center,United Kingdom,409551,Team-oriented content-based support,Office Supplies,1794.48,N,1799,347,04-07-2026,Above Reorder Level,Valid,Unique,Valid
702430,533,20437,North Jefferyborough Distribution Center,United Kingdom,409551,Decentralized actuating system engine,Automotive Parts,2458.98,N,10472,76,06-07-2026,Above Reorder Level,Valid,Unique,Valid
702431,533,21135,North Jefferyborough Distribution Center,United Kingdom,409551,Programmable optimal monitoring,Furniture,671.83,Y,4411,105,03-04-2026,Above Reorder Level,Valid,Unique,Valid
702432,533,20124,North Jefferyborough Distribution Center,United Kingdom,409551,User-centric human-resource workforce,Industrial Equipment,980.22,Y,8370,46,26-02-2026,Above Reorder Level,Valid,Unique,Valid
702433,533,20609,North Jefferyborough Distribution Center,United Kingdom,409551,Up-sized directional application,Groceries,2114.9,N,19750,386,12-09-2025,Above Reorder Level,Valid,Unique,Valid
702434,533,20276,North Jefferyborough Distribution Center,United Kingdom,409551,Multi-layered reciprocal contingency,Office Supplies,439.24,N,1625,,04-12-2025,Cannot Determine,Valid,Unique,Valid
702435,533,20522,North Jefferyborough Distribution Center,United Kingdom,409551,Enterprise-wide 4thgeneration structure,Apparel,2466.62,N,15508,285,26-06-2026,Above Reorder Level,Valid,Unique,Valid
702436,533,20575,North Jefferyborough Distribution Center,United Kingdom,409551,Multi-tiered radical help-desk,Furniture,481.41,N,2356,291,12-11-2025,Above Reorder Level,Valid,Unique,Valid
702437,533,20660,North Jefferyborough Distribution Center,United Kingdom,409551,Robust global frame,Industrial Equipment,749.41,N,2325,444,28-11-2025,Above Reorder Level,Valid,Unique,Valid
702438,533,21422,North Jefferyborough Distribution Center,United Kingdom,409551,Enterprise-wide systematic interface,Toys,2308.77,,1987,371,21-01-2026,Above Reorder Level,Valid,Unique,Valid
702439,533,20226,North Jefferyborough Distribution Center,United Kingdom,409551,Switchable scalable website,Pharmaceuticals,61.33,Y,3723,42,23-05-2026,Above Reorder Level,Valid,Unique,Valid
702440,533,20845,North Jefferyborough Distribution Center,United Kingdom,409551,Virtual 24/7 service-desk,Groceries,1767.55,N,799,247,02-09-2025,Above Reorder Level,Valid,Unique,Valid
702441,533,20252,North Jefferyborough Distribution Center,United Kingdom,409551,Right-sized stable ability,Toys,1653.45,Y,3853,353,12-08-2026,Above Reorder Level,Valid,Unique,Valid
702442,533,21476,North Jefferyborough Distribution Center,United Kingdom,409551,Profit-focused cohesive access,Pharmaceuticals,294.07,N,3726,366,30-08-2026,Above Reorder Level,Valid,Unique,Valid
702443,533,20745,North Jefferyborough Distribution Center,United Kingdom,409551,Exclusive systematic groupware,Groceries,1297.29,Y,,469,08-12-2025,Cannot Determine,Valid,Unique,Valid
702444,533,20342,North Jefferyborough Distribution Center,United Kingdom,409551,Reactive asymmetric flexibility,Industrial Equipment,1279.16,Y,8565,167,02-02-2026,Above Reorder Level,Valid,Unique,Valid
702445,533,21405,North Jefferyborough Distribution Center,United Kingdom,409551,Team-oriented encompassing product,Sporting Goods,683.55,Y,2773,105,20-03-2026,Above Reorder Level,Valid,Unique,Valid
702446,533,21389,North Jefferyborough Distribution Center,United Kingdom,409551,Open-architected bandwidth-monitored success,Office Supplies,1176.64,N,1719,435,13-03-2026,Above Reorder Level,Valid,Unique,Valid
702447,533,20570,North Jefferyborough Distribution Center,United Kingdom,409551,Virtual hybrid monitoring,Office Supplies,629.66,N,1434,276,31-05-2026,Above Reorder Level,Valid,Unique,Valid
702448,533,20307,North Jefferyborough Distribution Center,United Kingdom,409551,Optional national adapter,Automotive Parts,915.73,Y,1034,153,27-11-2025,Above Reorder Level,Valid,Unique,Valid
702449,533,20681,North Jefferyborough Distribution Center,United Kingdom,409551,Adaptive high-level access,Sporting Goods,153.46,Y,284,379,29-04-2026,Below Reorder Level,Valid,Unique,Valid
702450,533,20286,North Jefferyborough Distribution Center,United Kingdom,409551,De-engineered systemic framework,Office Supplies,1196.84,N,2002,137,03-06-2026,Above Reorder Level,Valid,Unique,Valid
702451,533,20762,North Jefferyborough Distribution Center,United Kingdom,409551,Configurable foreground core,Apparel,2051.68,Y,1504,450,08-03-2026,Above Reorder Level,Valid,Unique,Valid
702452,533,21212,North Jefferyborough Distribution Center,United Kingdom,409551,Cross-group composite orchestration,Apparel,1518.59,Y,16206,459,02-03-2026,Above Reorder Level,Valid,Unique,Valid
702453,533,21284,North Jefferyborough Distribution Center,United Kingdom,409551,Fully-configurable static interface,Automotive Parts,2166.13,Y,3896,201,14-03-2026,Above Reorder Level,Valid,Unique,Valid
702454,533,21136,North Jefferyborough Distribution Center,United Kingdom,409551,Universal solution-oriented capability,Sporting Goods,1154.51,Y,2037,73,21-09-2025,Above Reorder Level,Valid,Unique,Valid
702455,533,21063,North Jefferyborough Distribution Center,United Kingdom,409551,Networked interactive functionalities,Office Supplies,627,Y,4148,174,28-10-2025,Above Reorder Level,Valid,Unique,Valid
702456,533,20915,North Jefferyborough Distribution Center,United Kingdom,409551,Digitized demand-driven capacity,Electronics,1002.21,Y,716,83,16-11-2025,Above Reorder Level,Valid,Unique,Valid
702457,533,20127,North Jefferyborough Distribution Center,United Kingdom,409551,Customer-focused context-sensitive data-warehouse,Electronics,1801.59,N,2803,111,04-10-2025,Above Reorder Level,Valid,Unique,Valid
702458,533,20772,North Jefferyborough Distribution Center,United Kingdom,409551,Virtual zero-defect solution,Pharmaceuticals,337.4,N,4699,416,20-08-2026,Above Reorder Level,Valid,Unique,Valid
702459,533,20689,North Jefferyborough Distribution Center,United Kingdom,409551,Up-sized context-sensitive Graphical User Interface,Sporting Goods,2449.14,N,3205,85,20-06-2026,Above Reorder Level,Valid,Unique,Valid
702460,533,20438,North Jefferyborough Distribution Center,United Kingdom,409551,Streamlined bottom-line knowledge user,Office Supplies,1710.82,Y,2454,480,01-02-2026,Above Reorder Level,Valid,Unique,Valid
702461,533,20270,North Jefferyborough Distribution Center,United Kingdom,409551,De-engineered heuristic secured line,Pharmaceuticals,659.2,N,24311,69,19-07-2026,Above Reorder Level,Valid,Unique,Valid
702462,533,20636,North Jefferyborough Distribution Center,United Kingdom,409551,Business-focused explicit implementation,Industrial Equipment,294.12,Y,10137,,16-10-2025,Cannot Determine,Valid,Unique,Valid
702463,533,20053,North Jefferyborough Distribution Center,United Kingdom,409551,Reverse-engineered attitude-oriented solution,Groceries,1734.2,N,,,08-12-2025,Cannot Determine,Valid,Unique,Valid
702464,533,20301,North Jefferyborough Distribution Center,United Kingdom,409551,Up-sized logistical system engine,Toys,528.01,Y,4023,362,28-02-2026,Above Reorder Level,Valid,Unique,Valid
702465,533,21211,North Jefferyborough Distribution Center,United Kingdom,409551,Compatible upward-trending encoding,Automotive Parts,1878.97,Y,4629,,05-03-2026,Cannot Determine,Valid,Unique,Valid
702466,533,20397,North Jefferyborough Distribution Center,United Kingdom,409551,Progressive intangible toolset,Automotive Parts,1602.26,Y,1073,37,17-09-2025,Above Reorder Level,Valid,Unique,Valid
702467,533,20206,North Jefferyborough Distribution Center,United Kingdom,409551,Phased heuristic portal,Office Supplies,2152.05,N,2401,219,11-09-2025,Above Reorder Level,Valid,Unique,Valid
702468,533,20635,North Jefferyborough Distribution Center,United Kingdom,409551,Synergistic analyzing open architecture,Office Supplies,,N,192,429,28-12-2025,Below Reorder Level,Valid,Unique,Valid
702469,533,20618,North Jefferyborough Distribution Center,United Kingdom,409551,Self-enabling responsive attitude,Office Supplies,2080.47,N,3082,250,18-09-2025,Above Reorder Level,Valid,Unique,Valid
702470,533,20130,North Jefferyborough Distribution Center,United Kingdom,409551,Pre-emptive national hub,Apparel,403.94,N,3740,452,05-09-2025,Above Reorder Level,Valid,Unique,Valid
702471,533,20555,North Jefferyborough Distribution Center,United Kingdom,409551,Object-based tangible capability,Office Supplies,1653.38,N,1234,28,03-10-2025,Above Reorder Level,Valid,Unique,Valid
702472,533,20185,North Jefferyborough Distribution Center,United Kingdom,409551,Visionary logistical service-desk,Groceries,26.16,N,15878,188,16-12-2025,Above Reorder Level,Valid,Unique,Valid
702473,533,21201,North Jefferyborough Distribution Center,United Kingdom,409551,Triple-buffered zero-defect encryption,Apparel,1804.54,Y,11470,109,14-10-2025,Above Reorder Level,Valid,Unique,Valid
702474,533,20179,North Jefferyborough Distribution Center,United Kingdom,409551,Total composite application,Apparel,1048.23,N,6115,,24-12-2025,Cannot Determine,Valid,Unique,Valid
702475,533,21399,North Jefferyborough Distribution Center,United Kingdom,409551,User-centric global strategy,Electronics,1193.25,Y,3640,43,15-06-2026,Above Reorder Level,Valid,Unique,Valid
702476,534,20231,Robinsonborough Distribution Center,Australia,580523,Persistent intermediate budgetary management,Pharmaceuticals,1693.87,Y,10812,305,08-06-2026,Above Reorder Level,Valid,Unique,Valid
702477,534,20326,Robinsonborough Distribution Center,Australia,580523,Down-sized coherent support,Industrial Equipment,2169.42,Y,742,389,04-09-2025,Above Reorder Level,Valid,Unique,Valid
702478,534,20902,Robinsonborough Distribution Center,Australia,580523,Intuitive secondary toolset,Automotive Parts,2399.04,N,8284,251,09-09-2025,Above Reorder Level,Valid,Unique,Valid
702479,534,20353,Robinsonborough Distribution Center,Australia,580523,Implemented uniform structure,Pharmaceuticals,477.84,N,707,110,08-01-2026,Above Reorder Level,Valid,Unique,Valid
702480,534,20399,Robinsonborough Distribution Center,Australia,580523,Optimized incremental installation,Sporting Goods,2084.9,N,8379,351,03-05-2026,Above Reorder Level,Valid,Unique,Valid
702481,534,20780,Robinsonborough Distribution Center,Australia,580523,Networked content-based leverage,Groceries,383.69,N,1710,217,19-08-2026,Above Reorder Level,Valid,Unique,Valid
702482,534,20078,Robinsonborough Distribution Center,Australia,580523,Expanded grid-enabled utilization,Apparel,1238.23,Y,11110,321,04-08-2026,Above Reorder Level,Valid,Unique,Valid
702483,534,20270,Robinsonborough Distribution Center,Australia,580523,De-engineered heuristic secured line,Pharmaceuticals,659.2,N,15281,197,02-11-2026,Above Reorder Level,Future Restock Date,Unique,Valid
702484,534,20717,Robinsonborough Distribution Center,Australia,580523,Enhanced fresh-thinking structure,Pharmaceuticals,599.07,Y,854,318,08-03-2026,Above Reorder Level,Valid,Unique,Valid
702485,534,20460,Robinsonborough Distribution Center,Australia,580523,Proactive scalable interface,Electronics,373.84,N,3292,130,09-08-2026,Above Reorder Level,Valid,Unique,Valid
702486,534,21320,Robinsonborough Distribution Center,Australia,580523,Robust bottom-line analyzer,Electronics,1796.29,Y,21002,399,03-12-2025,Above Reorder Level,Valid,Unique,Valid
702487,534,20315,Robinsonborough Distribution Center,Australia,580523,Team-oriented systematic infrastructure,Electronics,1742.94,,3501,460,08-02-2026,Above Reorder Level,Valid,Unique,Valid
702488,534,20973,Robinsonborough Distribution Center,Australia,580523,Cross-group bi-directional productivity,Automotive Parts,1491.63,N,10556,106,04-06-2026,Above Reorder Level,Valid,Unique,Valid
702489,534,20385,Robinsonborough Distribution Center,Australia,580523,Profit-focused modular superstructure,Furniture,,N,4709,446,23-11-2025,Above Reorder Level,Valid,Unique,Valid
702490,534,20518,Robinsonborough Distribution Center,Australia,580523,Enterprise-wide eco-centric throughput,Industrial Equipment,1227.18,Y,2494,114,22-12-2025,Above Reorder Level,Valid,Unique,Valid
702491,534,20601,Robinsonborough Distribution Center,Australia,580523,Seamless eco-centric software,Pharmaceuticals,1178.39,Y,1784,87,28-02-2026,Above Reorder Level,Valid,Unique,Valid
702492,534,21169,Robinsonborough Distribution Center,Australia,580523,Sharable tangible project,Pharmaceuticals,232.85,Y,1204,42,28-11-2025,Above Reorder Level,Valid,Unique,Valid
702493,534,20400,Robinsonborough Distribution Center,Australia,580523,Persevering multi-state utilization,Sporting Goods,2240.03,N,7603,119,25-01-2026,Above Reorder Level,Valid,Unique,Valid
702494,534,20915,Robinsonborough Distribution Center,Australia,580523,Digitized demand-driven capacity,Electronics,1002.21,Y,2590,37,28-03-2026,Above Reorder Level,Valid,Unique,Valid
702495,534,21398,Robinsonborough Distribution Center,Australia,580523,Advanced bi-directional moratorium,Groceries,2440.36,N,3795,464,27-06-2026,Above Reorder Level,Valid,Unique,Valid
702496,534,20160,Robinsonborough Distribution Center,Australia,580523,Self-enabling leadingedge utilization,Office Supplies,472.52,N,3593,284,20-04-2026,Above Reorder Level,Valid,Unique,Valid
702497,534,20867,Robinsonborough Distribution Center,Australia,580523,Expanded needs-based infrastructure,Furniture,97.84,Y,4563,401,11-09-2025,Above Reorder Level,Valid,Unique,Valid
702498,534,21354,Robinsonborough Distribution Center,Australia,580523,Front-line explicit analyzer,Groceries,271.22,N,10636,371,09-04-2026,Above Reorder Level,Valid,Unique,Valid
702499,534,21191,Robinsonborough Distribution Center,Australia,580523,Networked contextually-based hardware,Automotive Parts,1928.86,N,20933,332,08-10-2025,Above Reorder Level,Valid,Unique,Valid
702500,534,20284,Robinsonborough Distribution Center,Australia,580523,Persistent intermediate artificial intelligence,Sporting Goods,2395.07,N,2775,412,09-10-2025,Above Reorder Level,Valid,Unique,Valid
702501,534,20116,Robinsonborough Distribution Center,Australia,580523,Object-based uniform challenge,Groceries,2338.14,Y,9314,62,13-03-2026,Above Reorder Level,Valid,Unique,Valid
702502,534,20289,Robinsonborough Distribution Center,Australia,580523,Reactive asynchronous analyzer,Toys,461.42,N,7665,314,12-08-2026,Above Reorder Level,Valid,Unique,Valid
702503,534,20706,Robinsonborough Distribution Center,Australia,580523,Ergonomic national frame,Apparel,944.73,Y,4517,282,16-01-2026,Above Reorder Level,Valid,Unique,Valid
702504,534,20858,Robinsonborough Distribution Center,Australia,580523,Exclusive background adapter,Apparel,2029.24,N,16560,469,24-09-2025,Above Reorder Level,Valid,Unique,Valid
702505,534,20870,Robinsonborough Distribution Center,Australia,580523,Inverse context-sensitive access,Electronics,800.96,N,1186,71,19-11-2025,Above Reorder Level,Valid,Unique,Valid
702506,534,20333,Robinsonborough Distribution Center,Australia,580523,Optional intangible methodology,Electronics,2002.95,Y,613,300,09-10-2025,Above Reorder Level,Valid,Unique,Valid
702507,534,20141,Robinsonborough Distribution Center,Australia,580523,Sharable tangible hierarchy,Toys,1059.59,N,10196,62,17-08-2026,Above Reorder Level,Valid,Unique,Valid
702508,534,21030,Robinsonborough Distribution Center,Australia,580523,Programmable object-oriented toolset,Furniture,1300.52,Y,3065,153,06-01-2026,Above Reorder Level,Valid,Unique,Valid
702509,534,21425,Robinsonborough Distribution Center,Australia,580523,Monitored bi-directional flexibility,Toys,238.93,Y,9949,156,16-10-2025,Above Reorder Level,Valid,Unique,Valid
702510,534,21043,Robinsonborough Distribution Center,Australia,580523,Function-based static leverage,Automotive Parts,156.69,Y,11849,54,29-04-2026,Above Reorder Level,Valid,Unique,Valid
702511,534,20892,Robinsonborough Distribution Center,Australia,580523,Seamless well-modulated capability,Electronics,2066.75,Y,342,278,21-04-2026,Above Reorder Level,Valid,Unique,Valid
702512,534,20334,Robinsonborough Distribution Center,Australia,580523,User-centric optimal policy,Apparel,1323.49,Y,11393,362,27-04-2026,Above Reorder Level,Valid,Unique,Valid
702513,534,20868,Robinsonborough Distribution Center,Australia,580523,Optimized bottom-line emulation,Automotive Parts,1019.43,Y,3152,485,17-05-2026,Above Reorder Level,Valid,Unique,Valid
702514,534,20258,Robinsonborough Distribution Center,Australia,580523,Inverse analyzing synergy,Office Supplies,43.37,Y,3785,12,09-01-2026,Above Reorder Level,Valid,Unique,Valid
702515,534,20159,Robinsonborough Distribution Center,Australia,580523,Stand-alone secondary contingency,Sporting Goods,1711.66,N,5221,366,24-09-2025,Above Reorder Level,Valid,Unique,Valid
702516,534,21123,Robinsonborough Distribution Center,Australia,580523,Face-to-face 3rdgeneration parallelism,Pharmaceuticals,2003.61,Y,13827,111,01-10-2025,Above Reorder Level,Valid,Unique,Valid
702517,534,20221,Robinsonborough Distribution Center,Australia,580523,Horizontal empowering pricing structure,Sporting Goods,1673.01,Y,102,187,27-07-2026,Below Reorder Level,Valid,Unique,Valid
702518,534,20011,Robinsonborough Distribution Center,Australia,580523,Decentralized eco-centric matrix,Apparel,86.49,Y,3434,177,28-04-2026,Above Reorder Level,Valid,Unique,Valid
702519,534,20091,Robinsonborough Distribution Center,Australia,580523,Optional non-volatile superstructure,Pharmaceuticals,1041.81,Y,6168,84,11-10-2025,Above Reorder Level,Valid,Unique,Valid
702520,534,21247,Robinsonborough Distribution Center,Australia,580523,Pre-emptive dedicated artificial intelligence,Office Supplies,661.97,N,6798,447,07-01-2026,Above Reorder Level,Valid,Unique,Valid
702521,534,21287,Robinsonborough Distribution Center,Australia,580523,Profit-focused reciprocal contingency,Electronics,2222.27,Y,6251,429,18-12-2025,Above Reorder Level,Valid,Unique,Valid
702522,534,20154,Robinsonborough Distribution Center,Australia,580523,Fundamental motivating architecture,Toys,714.1,Y,765,349,31-05-2026,Above Reorder Level,Valid,Unique,Valid
702523,534,21476,Robinsonborough Distribution Center,Australia,580523,Profit-focused cohesive access,Pharmaceuticals,294.07,N,1886,335,30-03-2026,Above Reorder Level,Valid,Unique,Valid
702524,534,21379,Robinsonborough Distribution Center,Australia,580523,Digitized mission-critical array,Industrial Equipment,1336.62,Y,2355,459,30-10-2025,Above Reorder Level,Valid,Unique,Valid
702525,534,20943,Robinsonborough Distribution Center,Australia,580523,Open-architected intangible infrastructure,Sporting Goods,377.96,N,8649,130,30-03-2026,Above Reorder Level,Valid,Unique,Valid
702526,534,20035,Robinsonborough Distribution Center,Australia,580523,Virtual bifurcated open system,Toys,941.39,Y,1732,197,23-09-2025,Above Reorder Level,Valid,Unique,Valid
702527,534,20583,Robinsonborough Distribution Center,Australia,580523,Seamless responsive framework,Groceries,2198.82,Y,1254,38,05-11-2025,Above Reorder Level,Valid,Unique,Valid
702528,534,21061,Robinsonborough Distribution Center,Australia,580523,Adaptive fault-tolerant approach,Furniture,2183.39,Y,16732,,25-03-2026,Cannot Determine,Valid,Unique,Valid
702529,534,21444,Robinsonborough Distribution Center,Australia,580523,Focused human-resource artificial intelligence,Industrial Equipment,811.39,N,47,492,15-04-2026,Below Reorder Level,Valid,Unique,Valid
702530,534,21263,Robinsonborough Distribution Center,Australia,580523,Diverse static customer loyalty,Sporting Goods,2262.95,N,32482,256,28-05-2026,Above Reorder Level,Valid,Unique,Valid
702531,534,20634,Robinsonborough Distribution Center,Australia,580523,Optional asymmetric benchmark,Sporting Goods,1219.77,N,5987,375,03-04-2026,Above Reorder Level,Valid,Unique,Valid
702532,534,21341,Robinsonborough Distribution Center,Australia,580523,Down-sized leadingedge system engine,Sporting Goods,1784.6,N,9344,66,24-05-2026,Above Reorder Level,Valid,Unique,Valid
702533,534,20083,Robinsonborough Distribution Center,Australia,580523,Function-based regional migration,Toys,776.8,N,1850,414,22-11-2025,Above Reorder Level,Valid,Unique,Valid
702534,534,20981,Robinsonborough Distribution Center,Australia,580523,Progressive intangible projection,Automotive Parts,,N,76,497,09-06-2026,Below Reorder Level,Valid,Unique,Valid
702535,534,20072,Robinsonborough Distribution Center,Australia,580523,Innovative object-oriented initiative,Pharmaceuticals,22.14,Y,7096,268,29-11-2025,Above Reorder Level,Valid,Unique,Valid
702536,534,20036,Robinsonborough Distribution Center,Australia,580523,Synergistic mobile protocol,Sporting Goods,69.24,Y,9522,396,17-03-2026,Above Reorder Level,Valid,Unique,Valid
702537,534,20872,Robinsonborough Distribution Center,Australia,580523,Advanced human-resource data-warehouse,Electronics,244.02,N,7149,244,10-02-2026,Above Reorder Level,Valid,Unique,Valid
702538,534,21057,Robinsonborough Distribution Center,Australia,580523,User-centric optimizing core,Furniture,,N,817,264,31-01-2026,Above Reorder Level,Valid,Unique,Valid
702539,534,20511,Robinsonborough Distribution Center,Australia,580523,Open-architected optimizing analyzer,Furniture,925.44,N,7420,141,18-02-2026,Above Reorder Level,Valid,Unique,Valid
702540,534,20446,Robinsonborough Distribution Center,Australia,580523,Universal object-oriented service-desk,Pharmaceuticals,528.72,N,7764,212,09-07-2026,Above Reorder Level,Valid,Unique,Valid
702541,534,20514,Robinsonborough Distribution Center,Australia,580523,Assimilated multi-tasking functionalities,Industrial Equipment,2240.15,N,5695,170,13-09-2025,Above Reorder Level,Valid,Unique,Valid
702542,534,20910,Robinsonborough Distribution Center,Australia,580523,Face-to-face real-time implementation,Pharmaceuticals,77.4,N,7700,419,19-04-2026,Above Reorder Level,Valid,Unique,Valid
702543,534,21207,Robinsonborough Distribution Center,Australia,580523,Universal discrete function,Office Supplies,,N,9912,271,01-07-2026,Above Reorder Level,Valid,Unique,Valid
702544,534,21091,Robinsonborough Distribution Center,Australia,580523,Horizontal tangible core,Furniture,1966.19,N,5040,54,05-07-2026,Above Reorder Level,Valid,Unique,Valid
702545,534,20745,Robinsonborough Distribution Center,Australia,580523,Exclusive systematic groupware,Groceries,1297.29,Y,492,231,10-03-2026,Above Reorder Level,Valid,Unique,Valid
702546,534,20362,Robinsonborough Distribution Center,Australia,580523,Operative modular framework,Groceries,,N,3544,45,09-08-2026,Above Reorder Level,Valid,Unique,Valid
702547,534,20575,Robinsonborough Distribution Center,Australia,580523,Multi-tiered radical help-desk,Furniture,481.41,N,428,114,25-07-2026,Above Reorder Level,Valid,Unique,Valid
702548,534,20254,Robinsonborough Distribution Center,Australia,580523,Secured local Graphic Interface,Industrial Equipment,99.9,N,2774,333,03-07-2026,Above Reorder Level,Valid,Unique,Valid
702549,534,20133,Robinsonborough Distribution Center,Australia,580523,Synergized dynamic focus group,Groceries,2099.96,N,2770,30,24-07-2026,Above Reorder Level,Valid,Unique,Valid
702550,534,20269,Robinsonborough Distribution Center,Australia,580523,Integrated systemic portal,Electronics,973.98,Y,362,303,12-06-2026,Above Reorder Level,Valid,Unique,Valid
702551,535,20131,West Lisatown Distribution Center,Germany,479311,Total bifurcated functionalities,Groceries,1079.45,Y,2349,351,01-07-2026,Above Reorder Level,Valid,Unique,Valid
702552,535,20940,West Lisatown Distribution Center,Germany,479311,Distributed content-based ability,Toys,498.12,N,644,409,09-06-2025,Above Reorder Level,Valid,Unique,Valid
702553,535,21210,West Lisatown Distribution Center,Germany,479311,Cross-group scalable artificial intelligence,Electronics,1686.9,N,9042,190,16-11-2025,Above Reorder Level,Valid,Unique,Valid
702554,535,20213,West Lisatown Distribution Center,Germany,479311,Enhanced empowering concept,Automotive Parts,136.4,Y,16154,236,11-04-2026,Above Reorder Level,Valid,Unique,Valid
702555,535,20438,West Lisatown Distribution Center,Germany,479311,Streamlined bottom-line knowledge user,Office Supplies,1710.82,Y,,11,22-08-2026,Cannot Determine,Valid,Unique,Valid
702556,535,20684,West Lisatown Distribution Center,Germany,479311,Implemented leadingedge core,Office Supplies,1955.5,,16992,196,20-03-2026,Above Reorder Level,Valid,Unique,Valid
702557,535,20418,West Lisatown Distribution Center,Germany,479311,Stand-alone demand-driven moratorium,Electronics,1134.3,N,4048,323,14-03-2026,Above Reorder Level,Valid,Unique,Valid
702558,535,21360,West Lisatown Distribution Center,Germany,479311,Self-enabling real-time hub,Sporting Goods,1227.18,N,1949,173,13-12-2025,Above Reorder Level,Valid,Unique,Valid
702559,535,21285,West Lisatown Distribution Center,Germany,479311,Exclusive methodical strategy,Groceries,1855.43,N,438,475,02-05-2026,Below Reorder Level,Valid,Unique,Valid
702560,535,21157,West Lisatown Distribution Center,Germany,479311,Ergonomic client-server framework,Industrial Equipment,1563.93,N,3802,145,26-04-2026,Above Reorder Level,Valid,Unique,Valid
702561,535,21153,West Lisatown Distribution Center,Germany,479311,Programmable heuristic portal,Toys,1395.65,N,8664,64,07-09-2025,Above Reorder Level,Valid,Unique,Valid
702562,535,21500,West Lisatown Distribution Center,Germany,479311,Sharable 5thgeneration encoding,Apparel,1197.88,Y,6723,204,06-10-2025,Above Reorder Level,Valid,Unique,Valid
702563,535,21078,West Lisatown Distribution Center,Germany,479311,Proactive explicit strategy,Office Supplies,2242.82,N,282,173,10-11-2025,Above Reorder Level,Valid,Unique,Valid
702564,535,20546,West Lisatown Distribution Center,Germany,479311,Persistent regional frame,Apparel,821.63,N,,140,26-11-2025,Cannot Determine,Valid,Unique,Valid
702565,535,20635,West Lisatown Distribution Center,Germany,479311,Synergistic analyzing open architecture,Office Supplies,,N,2823,196,10-05-2026,Above Reorder Level,Valid,Unique,Valid
702566,535,20340,West Lisatown Distribution Center,Germany,479311,Centralized multi-tasking adapter,Electronics,2399.64,N,1916,152,27-03-2026,Above Reorder Level,Valid,Unique,Valid
702567,535,20609,West Lisatown Distribution Center,Germany,479311,Up-sized directional application,Groceries,2114.9,N,1448,302,13-11-2025,Above Reorder Level,Valid,Unique,Valid
702568,535,20525,West Lisatown Distribution Center,Germany,479311,Open-source fresh-thinking firmware,Electronics,69.05,Y,1806,318,16-04-2026,Above Reorder Level,Valid,Unique,Valid
702569,535,21090,West Lisatown Distribution Center,Germany,479311,Progressive upward-trending forecast,Pharmaceuticals,905.98,Y,8908,381,08-05-2026,Above Reorder Level,Valid,Unique,Valid
702570,535,20628,West Lisatown Distribution Center,Germany,479311,Organized optimal capability,Industrial Equipment,1547.01,N,14499,391,10-02-2026,Above Reorder Level,Valid,Unique,Valid
702571,535,20547,West Lisatown Distribution Center,Germany,479311,Streamlined composite ability,Automotive Parts,1385.68,N,2844,104,03-09-2025,Above Reorder Level,Valid,Unique,Valid
702572,535,21099,West Lisatown Distribution Center,Germany,479311,Digitized demand-driven data-warehouse,Industrial Equipment,2239.21,Y,12952,372,18-01-2026,Above Reorder Level,Valid,Unique,Valid
702573,535,20852,West Lisatown Distribution Center,Germany,479311,Universal stable benchmark,Toys,1057.96,Y,2124,346,17-01-2026,Above Reorder Level,Valid,Unique,Valid
702574,535,20331,West Lisatown Distribution Center,Germany,479311,Business-focused full-range access,Industrial Equipment,248.69,N,3543,250,05-03-2026,Above Reorder Level,Valid,Unique,Valid
702575,535,21178,West Lisatown Distribution Center,Germany,479311,Open-source asymmetric groupware,Electronics,1003.07,Y,1403,291,18-07-2026,Above Reorder Level,Valid,Unique,Valid
702576,535,20929,West Lisatown Distribution Center,Germany,479311,Optional well-modulated collaboration,Sporting Goods,646.34,Y,5601,271,19-02-2026,Above Reorder Level,Valid,Unique,Valid
702577,535,20440,West Lisatown Distribution Center,Germany,479311,Adaptive logistical Graphical User Interface,Industrial Equipment,420.44,N,21146,342,05-01-2026,Above Reorder Level,Valid,Unique,Valid
702578,535,20278,West Lisatown Distribution Center,Germany,479311,Cross-group 6thgeneration migration,Sporting Goods,2403.17,N,5065,356,22-12-2025,Above Reorder Level,Valid,Unique,Valid
702579,535,21402,West Lisatown Distribution Center,Germany,479311,Organic cohesive function,Apparel,732.29,N,2425,164,29-09-2025,Above Reorder Level,Valid,Unique,Valid
702580,535,20792,West Lisatown Distribution Center,Germany,479311,Down-sized fresh-thinking installation,Furniture,1760.71,Y,5714,,28-12-2025,Cannot Determine,Valid,Unique,Valid
702581,535,21494,West Lisatown Distribution Center,Germany,479311,Robust zero-defect groupware,Automotive Parts,1185.2,N,718,306,20-11-2025,Above Reorder Level,Valid,Unique,Valid
702582,535,20578,West Lisatown Distribution Center,Germany,479311,Persistent holistic core,Toys,2251.64,Y,12018,31,28-06-2026,Above Reorder Level,Valid,Unique,Valid
702583,535,20044,West Lisatown Distribution Center,Germany,479311,Centralized 4thgeneration parallelism,Furniture,858.98,N,3829,364,08-10-2025,Above Reorder Level,Valid,Unique,Valid
702584,535,21154,West Lisatown Distribution Center,Germany,479311,Public-key multimedia database,Office Supplies,536.02,Y,3267,147,24-06-2026,Above Reorder Level,Valid,Unique,Valid
702585,535,20123,West Lisatown Distribution Center,Germany,479311,Intuitive full-range paradigm,Groceries,1664.5,Y,4827,350,05-03-2026,Above Reorder Level,Valid,Unique,Valid
702586,535,21398,West Lisatown Distribution Center,Germany,479311,Advanced bi-directional moratorium,Groceries,2440.36,N,5367,417,20-09-2025,Above Reorder Level,Valid,Unique,Valid
702587,535,21477,West Lisatown Distribution Center,Germany,479311,Object-based interactive software,Apparel,1720.13,Y,408,20,07-02-2026,Above Reorder Level,Valid,Unique,Valid
702588,535,20397,West Lisatown Distribution Center,Germany,479311,Progressive intangible toolset,Automotive Parts,1602.26,Y,6283,97,11-02-2026,Above Reorder Level,Valid,Unique,Valid
702589,535,20266,West Lisatown Distribution Center,Germany,479311,Streamlined coherent capability,Office Supplies,1381.16,N,1516,169,05-07-2026,Above Reorder Level,Valid,Unique,Valid
702590,535,20366,West Lisatown Distribution Center,Germany,479311,Diverse context-sensitive middleware,Industrial Equipment,1631.88,Y,6852,115,27-02-2026,Above Reorder Level,Valid,Unique,Valid
702591,535,20822,West Lisatown Distribution Center,Germany,479311,Open-source well-modulated neural-net,Apparel,2315.11,Y,9466,445,05-04-2026,Above Reorder Level,Valid,Unique,Valid
702592,535,21094,West Lisatown Distribution Center,Germany,479311,Versatile optimal workforce,Toys,418.59,Y,8921,439,27-08-2026,Above Reorder Level,Valid,Unique,Valid
702593,535,20359,West Lisatown Distribution Center,Germany,479311,Polarized clear-thinking conglomeration,Automotive Parts,972.84,Y,4402,,13-06-2026,Cannot Determine,Valid,Unique,Valid
702594,535,20763,West Lisatown Distribution Center,Germany,479311,Optimized zero administration standardization,Office Supplies,111.94,N,4020,56,24-06-2026,Above Reorder Level,Valid,Unique,Valid
702595,535,21183,West Lisatown Distribution Center,Germany,479311,Face-to-face homogeneous benchmark,Furniture,2078.7,Y,844,268,23-03-2026,Above Reorder Level,Valid,Unique,Valid
702596,535,20630,West Lisatown Distribution Center,Germany,479311,Multi-tiered foreground solution,Groceries,1203.83,Y,8175,172,10-04-2026,Above Reorder Level,Valid,Unique,Valid
702597,535,21471,West Lisatown Distribution Center,Germany,479311,Up-sized global intranet,Sporting Goods,2035.94,Y,1734,407,06-06-2026,Above Reorder Level,Valid,Unique,Valid
702598,535,20500,West Lisatown Distribution Center,Germany,479311,Stand-alone next generation artificial intelligence,Sporting Goods,1350.01,Y,3759,57,17-07-2026,Above Reorder Level,Valid,Unique,Valid
702599,535,20186,West Lisatown Distribution Center,Germany,479311,Proactive bottom-line definition,Pharmaceuticals,932.81,N,1831,425,21-09-2025,Above Reorder Level,Valid,Unique,Valid
702600,535,20710,West Lisatown Distribution Center,Germany,479311,Reduced mobile database,Furniture,1483.03,N,787,43,27-10-2025,Above Reorder Level,Valid,Unique,Valid
702601,535,20219,West Lisatown Distribution Center,Germany,479311,De-engineered modular focus group,Office Supplies,172.3,Y,5437,22,21-08-2026,Above Reorder Level,Valid,Unique,Valid
702602,535,20637,West Lisatown Distribution Center,Germany,479311,Open-architected bandwidth-monitored process improvement,Sporting Goods,1174.16,N,306,165,28-08-2026,Above Reorder Level,Valid,Unique,Valid
702603,535,21133,West Lisatown Distribution Center,Germany,479311,Realigned national toolset,Industrial Equipment,355.04,Y,7560,134,25-12-2025,Above Reorder Level,Valid,Unique,Valid
702604,535,20493,West Lisatown Distribution Center,Germany,479311,Object-based global moratorium,Apparel,1239.22,Y,2092,148,07-02-2026,Above Reorder Level,Valid,Unique,Valid
702605,535,20269,West Lisatown Distribution Center,Germany,479311,Integrated systemic portal,Electronics,973.98,Y,1,399,09-12-2025,Below Reorder Level,Valid,Unique,Valid
702606,535,20713,West Lisatown Distribution Center,Germany,479311,Cloned composite migration,Groceries,1295.17,N,3918,302,03-03-2026,Above Reorder Level,Valid,Unique,Valid
702607,535,20038,West Lisatown Distribution Center,Germany,479311,Re-engineered methodical leverage,Industrial Equipment,1123.77,N,263,484,02-06-2026,Below Reorder Level,Valid,Unique,Valid
702608,535,21134,West Lisatown Distribution Center,Germany,479311,Progressive mobile architecture,Automotive Parts,631.56,N,1770,277,06-11-2025,Above Reorder Level,Valid,Unique,Valid
702609,535,21002,West Lisatown Distribution Center,Germany,479311,Adaptive homogeneous portal,Industrial Equipment,1592.97,N,6721,148,06-05-2026,Above Reorder Level,Valid,Unique,Valid
702610,535,20800,West Lisatown Distribution Center,Germany,479311,Integrated optimizing customer loyalty,Industrial Equipment,922.34,Y,354,31,04-09-2025,Above Reorder Level,Valid,Unique,Valid
702611,535,20012,West Lisatown Distribution Center,Germany,479311,Proactive discrete product,Electronics,1768.51,N,10011,260,30-01-2026,Above Reorder Level,Valid,Unique,Valid
702612,535,20320,West Lisatown Distribution Center,Germany,479311,Polarized solution-oriented circuit,Electronics,902.35,N,21,236,16-01-2026,Below Reorder Level,Valid,Unique,Valid
702613,535,20851,West Lisatown Distribution Center,Germany,479311,Programmable secondary protocol,Office Supplies,2411.69,Y,1552,178,25-02-2026,Above Reorder Level,Valid,Unique,Valid
702614,535,20178,West Lisatown Distribution Center,Germany,479311,Persistent dedicated firmware,Furniture,1755.27,N,7394,307,23-02-2026,Above Reorder Level,Valid,Unique,Valid
702615,535,20829,West Lisatown Distribution Center,Germany,479311,Compatible scalable solution,Office Supplies,2093.19,Y,2082,367,05-04-2026,Above Reorder Level,Valid,Unique,Valid
702616,535,21325,West Lisatown Distribution Center,Germany,479311,Up-sized methodical task-force,Pharmaceuticals,2141.9,N,588,35,23-04-2026,Above Reorder Level,Valid,Unique,Valid
702617,535,20466,West Lisatown Distribution Center,Germany,479311,Progressive bottom-line solution,Groceries,1838.84,N,2445,285,06-12-2025,Above Reorder Level,Valid,Unique,Valid
702618,535,20936,West Lisatown Distribution Center,Germany,479311,Persevering executive implementation,Electronics,697.38,Y,1726,69,06-04-2026,Above Reorder Level,Valid,Unique,Valid
702619,535,20839,West Lisatown Distribution Center,Germany,479311,Organic client-driven leverage,Apparel,313.3,Y,10127,347,30-04-2026,Above Reorder Level,Valid,Unique,Valid
702620,535,20944,West Lisatown Distribution Center,Germany,479311,User-friendly holistic info-mediaries,Electronics,1302.69,Y,2058,213,03-11-2025,Above Reorder Level,Valid,Unique,Valid
702621,535,20620,West Lisatown Distribution Center,Germany,479311,Assimilated optimizing website,Groceries,1691.75,N,8517,115,27-12-2025,Above Reorder Level,Valid,Unique,Valid
702622,535,21429,West Lisatown Distribution Center,Germany,479311,Distributed zero-defect projection,Industrial Equipment,1576.89,N,12179,498,01-06-2026,Above Reorder Level,Valid,Unique,Valid
702623,535,20496,West Lisatown Distribution Center,Germany,479311,Cross-group composite strategy,Apparel,2151.24,N,3114,498,17-02-2026,Above Reorder Level,Valid,Unique,Valid
702624,535,20039,West Lisatown Distribution Center,Germany,479311,Realigned cohesive middleware,Pharmaceuticals,93.84,Y,,340,11-08-2025,Cannot Determine,Valid,Unique,Valid
702625,535,20724,West Lisatown Distribution Center,Germany,479311,Organized disintermediate infrastructure,Automotive Parts,2136.38,Y,2594,389,26-01-2026,Above Reorder Level,Valid,Unique,Valid
702626,536,20470,Lake Victormouth Distribution Center,Japan,379204,Robust incremental budgetary management,Industrial Equipment,2268.13,Y,,,29-03-2026,Cannot Determine,Valid,Unique,Valid
702627,536,20288,Lake Victormouth Distribution Center,Japan,379204,Implemented non-volatile application,Automotive Parts,905.28,N,473,303,29-01-2026,Above Reorder Level,Valid,Unique,Valid
702628,536,20859,Lake Victormouth Distribution Center,Japan,379204,Operative 4thgeneration access,Furniture,16.51,N,5878,462,12-08-2026,Above Reorder Level,Valid,Unique,Valid
702629,536,20346,Lake Victormouth Distribution Center,Japan,379204,Total intermediate adapter,Apparel,2325.75,Y,3446,99,13-05-2026,Above Reorder Level,Valid,Unique,Valid
702630,536,20440,Lake Victormouth Distribution Center,Japan,379204,Adaptive logistical Graphical User Interface,Industrial Equipment,420.44,N,2482,122,04-10-2025,Above Reorder Level,Valid,Unique,Valid
702631,536,20398,Lake Victormouth Distribution Center,Japan,379204,Focused client-driven website,Pharmaceuticals,1715.22,Y,5069,428,30-05-2026,Above Reorder Level,Valid,Unique,Valid
702632,536,21292,Lake Victormouth Distribution Center,Japan,379204,Digitized interactive adapter,Toys,1858.48,N,6158,161,24-12-2025,Above Reorder Level,Valid,Unique,Valid
702633,536,20919,Lake Victormouth Distribution Center,Japan,379204,Up-sized maximized function,Industrial Equipment,674.38,Y,22,79,12-02-2026,Below Reorder Level,Valid,Unique,Valid
702634,536,21366,Lake Victormouth Distribution Center,Japan,379204,Face-to-face upward-trending focus group,Pharmaceuticals,2261.18,N,924,318,07-06-2026,Above Reorder Level,Valid,Unique,Valid
702635,536,20007,Lake Victormouth Distribution Center,Japan,379204,Multi-channeled methodical secured line,Groceries,,N,6318,118,08-01-2026,Above Reorder Level,Valid,Unique,Valid
702636,536,20108,Lake Victormouth Distribution Center,Japan,379204,Assimilated empowering utilization,Electronics,2355.82,Y,5555,157,21-05-2026,Above Reorder Level,Valid,Unique,Valid
702637,536,21404,Lake Victormouth Distribution Center,Japan,379204,Fully-configurable analyzing moratorium,Electronics,2264.73,N,17119,374,21-08-2026,Above Reorder Level,Valid,Unique,Valid
702638,536,21415,Lake Victormouth Distribution Center,Japan,379204,Pre-emptive composite budgetary management,Electronics,463.95,Y,7244,270,17-12-2025,Above Reorder Level,Valid,Unique,Valid
702639,536,20589,Lake Victormouth Distribution Center,Japan,379204,Object-based bifurcated focus group,Electronics,1738.63,Y,15239,168,23-06-2026,Above Reorder Level,Valid,Unique,Valid
702640,536,20647,Lake Victormouth Distribution Center,Japan,379204,Customer-focused 24/7 policy,Sporting Goods,2121.79,N,6136,449,28-06-2026,Above Reorder Level,Valid,Unique,Valid
702641,536,20725,Lake Victormouth Distribution Center,Japan,379204,Extended fault-tolerant interface,Sporting Goods,2421.02,Y,1791,182,13-03-2026,Above Reorder Level,Valid,Unique,Valid
702642,536,20918,Lake Victormouth Distribution Center,Japan,379204,Profit-focused attitude-oriented interface,Furniture,267.95,Y,563,105,25-08-2026,Above Reorder Level,Valid,Unique,Valid
702643,536,21500,Lake Victormouth Distribution Center,Japan,379204,Sharable 5thgeneration encoding,Apparel,1197.88,Y,7704,,27-12-2025,Cannot Determine,Valid,Unique,Valid
702644,536,20726,Lake Victormouth Distribution Center,Japan,379204,Multi-tiered object-oriented complexity,Office Supplies,1272.52,N,,402,21-05-2026,Cannot Determine,Valid,Unique,Valid
702645,536,21163,Lake Victormouth Distribution Center,Japan,379204,Fundamental homogeneous projection,Automotive Parts,1109.61,Y,250,454,27-04-2026,Below Reorder Level,Valid,Unique,Valid
702646,536,21066,Lake Victormouth Distribution Center,Japan,379204,Switchable real-time parallelism,Groceries,197.96,Y,2259,63,13-08-2026,Above Reorder Level,Valid,Unique,Valid
702647,536,20001,Lake Victormouth Distribution Center,Japan,379204,Exclusive radical initiative,Apparel,509.94,Y,,94,28-03-2026,Cannot Determine,Valid,Unique,Valid
702648,536,21104,Lake Victormouth Distribution Center,Japan,379204,Multi-tiered interactive service-desk,Groceries,1666.75,Y,3512,343,17-09-2025,Above Reorder Level,Valid,Unique,Valid
702649,536,20890,Lake Victormouth Distribution Center,Japan,379204,Profit-focused optimizing strategy,Furniture,1719.04,N,2869,217,11-10-2025,Above Reorder Level,Valid,Unique,Valid
702650,536,20621,Lake Victormouth Distribution Center,Japan,379204,Self-enabling full-range extranet,Sporting Goods,199.8,Y,3097,301,09-03-2026,Above Reorder Level,Valid,Unique,Valid
702651,536,20940,Lake Victormouth Distribution Center,Japan,379204,Distributed content-based ability,Toys,498.12,N,1186,141,13-08-2026,Above Reorder Level,Valid,Unique,Valid
702652,536,20300,Lake Victormouth Distribution Center,Japan,379204,Innovative foreground parallelism,Toys,2413.88,N,2328,104,05-06-2026,Above Reorder Level,Valid,Unique,Valid
702653,536,20123,Lake Victormouth Distribution Center,Japan,379204,Intuitive full-range paradigm,Groceries,1664.5,Y,2337,38,07-10-2025,Above Reorder Level,Valid,Unique,Valid
702654,536,20624,Lake Victormouth Distribution Center,Japan,379204,Managed multi-state utilization,Sporting Goods,1851.81,N,272,464,11-10-2025,Below Reorder Level,Valid,Unique,Valid
702655,536,21102,Lake Victormouth Distribution Center,Japan,379204,Up-sized object-oriented benchmark,Industrial Equipment,1298.8,Y,7384,291,27-05-2026,Above Reorder Level,Valid,Unique,Valid
702656,536,21336,Lake Victormouth Distribution Center,Japan,379204,De-engineered explicit analyzer,Groceries,2395.31,Y,2726,378,21-02-2026,Above Reorder Level,Valid,Unique,Valid
702657,536,20564,Lake Victormouth Distribution Center,Japan,379204,Right-sized full-range adapter,Toys,1645.1,Y,,185,30-11-2025,Cannot Determine,Valid,Unique,Valid
702658,536,21079,Lake Victormouth Distribution Center,Japan,379204,Multi-tiered analyzing workforce,Groceries,2172.9,Y,9612,108,23-11-2025,Above Reorder Level,Valid,Unique,Valid
702659,536,20115,Lake Victormouth Distribution Center,Japan,379204,Synchronized stable array,Electronics,2041.08,N,1206,,13-07-2026,Cannot Determine,Valid,Unique,Valid
702660,536,20834,Lake Victormouth Distribution Center,Japan,379204,Customizable tertiary challenge,Electronics,1657.22,Y,5420,243,27-09-2025,Above Reorder Level,Valid,Unique,Valid
702661,536,21182,Lake Victormouth Distribution Center,Japan,379204,Advanced bandwidth-monitored implementation,Pharmaceuticals,1194.41,N,3235,468,15-02-2026,Above Reorder Level,Valid,Unique,Valid
702662,536,20770,Lake Victormouth Distribution Center,Japan,379204,Face-to-face intangible interface,Toys,773.5,N,10736,201,13-12-2025,Above Reorder Level,Valid,Unique,Valid
702663,536,20297,Lake Victormouth Distribution Center,Japan,379204,Persistent context-sensitive toolset,Sporting Goods,1534.93,N,1230,304,31-01-2026,Above Reorder Level,Valid,Unique,Valid
702664,536,20242,Lake Victormouth Distribution Center,Japan,379204,Re-engineered contextually-based instruction set,Office Supplies,1379.88,N,5732,100,29-08-2026,Above Reorder Level,Valid,Unique,Valid
702665,536,20860,Lake Victormouth Distribution Center,Japan,379204,Mandatory content-based software,Furniture,402.46,N,4736,324,25-04-2026,Above Reorder Level,Valid,Unique,Valid
702666,536,20058,Lake Victormouth Distribution Center,Japan,379204,Re-contextualized multimedia instruction set,Toys,1366.79,Y,1771,170,22-09-2025,Above Reorder Level,Valid,Unique,Valid
702667,536,20913,Lake Victormouth Distribution Center,Japan,379204,Cloned mobile architecture,Electronics,1259.23,N,743,339,29-01-2026,Above Reorder Level,Valid,Unique,Valid
702668,536,21341,Lake Victormouth Distribution Center,Japan,379204,Down-sized leadingedge system engine,Sporting Goods,1784.6,N,5336,55,13-07-2026,Above Reorder Level,Valid,Unique,Valid
702669,536,20882,Lake Victormouth Distribution Center,Japan,379204,Networked systematic throughput,Groceries,99.65,Y,6790,114,28-08-2026,Above Reorder Level,Valid,Unique,Valid
702670,536,20586,Lake Victormouth Distribution Center,Japan,379204,Grass-roots modular strategy,Furniture,753.62,N,1919,95,03-09-2025,Above Reorder Level,Valid,Unique,Valid
702671,536,20874,Lake Victormouth Distribution Center,Japan,379204,Switchable even-keeled projection,Furniture,104.52,N,5239,428,10-04-2026,Above Reorder Level,Valid,Unique,Valid
702672,536,21395,Lake Victormouth Distribution Center,Japan,379204,De-engineered dynamic throughput,Apparel,770.29,N,,,13-11-2025,Cannot Determine,Valid,Unique,Valid
702673,536,20307,Lake Victormouth Distribution Center,Japan,379204,Optional national adapter,Automotive Parts,915.73,Y,6321,56,27-05-2026,Above Reorder Level,Valid,Unique,Valid
702674,536,20157,Lake Victormouth Distribution Center,Japan,379204,Inverse logistical solution,Toys,1060.67,N,1124,51,29-08-2026,Above Reorder Level,Valid,Unique,Valid
702675,536,20295,Lake Victormouth Distribution Center,Japan,379204,Visionary motivating adapter,Apparel,51.55,Y,11180,228,11-07-2026,Above Reorder Level,Valid,Unique,Valid
702676,536,20023,Lake Victormouth Distribution Center,Japan,379204,Switchable modular matrix,Furniture,246.02,N,1715,232,20-11-2025,Above Reorder Level,Valid,Unique,Valid
702677,536,20880,Lake Victormouth Distribution Center,Japan,379204,Function-based bandwidth-monitored policy,Furniture,401.69,N,2320,162,05-02-2026,Above Reorder Level,Valid,Unique,Valid
702678,536,20761,Lake Victormouth Distribution Center,Japan,379204,Up-sized maximized Graphical User Interface,Furniture,1918.25,Y,303,461,15-05-2026,Below Reorder Level,Valid,Unique,Valid
702679,536,20009,Lake Victormouth Distribution Center,Japan,379204,Profound even-keeled circuit,Sporting Goods,1908.87,,598,82,03-11-2025,Above Reorder Level,Valid,Unique,Valid
702680,536,20055,Lake Victormouth Distribution Center,Japan,379204,Mandatory composite adapter,Toys,1712.37,Y,3671,199,24-02-2026,Above Reorder Level,Valid,Unique,Valid
702681,536,20598,Lake Victormouth Distribution Center,Japan,379204,Upgradable zero tolerance focus group,Groceries,,Y,1576,89,05-03-2026,Above Reorder Level,Valid,Unique,Valid
702682,536,21033,Lake Victormouth Distribution Center,Japan,379204,Cross-group exuding service-desk,Sporting Goods,502.48,N,9133,303,03-02-2026,Above Reorder Level,Valid,Unique,Valid
702683,536,20485,Lake Victormouth Distribution Center,Japan,379204,Phased uniform portal,Furniture,571,N,75,26,29-11-2025,Above Reorder Level,Valid,Unique,Valid
702684,536,21390,Lake Victormouth Distribution Center,Japan,379204,Progressive client-driven superstructure,Pharmaceuticals,500.13,Y,2412,414,16-04-2026,Above Reorder Level,Valid,Unique,Valid
702685,536,20436,Lake Victormouth Distribution Center,Japan,379204,Self-enabling motivating help-desk,Pharmaceuticals,1421.24,N,2082,67,31-05-2026,Above Reorder Level,Valid,Unique,Valid
702686,536,20433,Lake Victormouth Distribution Center,Japan,379204,Innovative uniform interface,Toys,344.78,Y,99,217,26-07-2026,Below Reorder Level,Valid,Unique,Valid
702687,536,21198,Lake Victormouth Distribution Center,Japan,379204,Digitized homogeneous open system,Toys,1583.03,N,672,421,15-01-2026,Above Reorder Level,Valid,Unique,Valid
702688,536,20562,Lake Victormouth Distribution Center,Japan,379204,Fully-configurable stable Graphic Interface,Pharmaceuticals,245.18,Y,2701,343,09-05-2026,Above Reorder Level,Valid,Unique,Valid
702689,536,21439,Lake Victormouth Distribution Center,Japan,379204,Robust scalable groupware,Groceries,653.95,N,3436,,09-07-2026,Cannot Determine,Valid,Unique,Valid
702690,536,20836,Lake Victormouth Distribution Center,Japan,379204,Persistent mobile Local Area Network,Groceries,1625.12,Y,2621,145,11-06-2026,Above Reorder Level,Valid,Unique,Valid
702691,536,20548,Lake Victormouth Distribution Center,Japan,379204,Centralized mission-critical flexibility,Sporting Goods,449.88,Y,3831,112,30-03-2026,Above Reorder Level,Valid,Unique,Valid
702692,536,20738,Lake Victormouth Distribution Center,Japan,379204,Stand-alone asynchronous help-desk,Toys,1073.12,Y,4576,299,28-11-2025,Above Reorder Level,Valid,Unique,Valid
702693,536,21212,Lake Victormouth Distribution Center,Japan,379204,Cross-group composite orchestration,Apparel,1518.59,Y,50,275,16-04-2026,Below Reorder Level,Valid,Unique,Valid
702694,536,20663,Lake Victormouth Distribution Center,Japan,379204,Digitized analyzing encoding,Toys,1461.59,N,3157,352,21-07-2026,Above Reorder Level,Valid,Unique,Valid
702695,536,20839,Lake Victormouth Distribution Center,Japan,379204,Organic client-driven leverage,Apparel,313.3,Y,16753,252,20-10-2025,Above Reorder Level,Valid,Unique,Valid
702696,536,21112,Lake Victormouth Distribution Center,Japan,379204,Object-based mobile framework,Sporting Goods,1086.93,N,3704,37,08-06-2026,Above Reorder Level,Valid,Unique,Valid
702697,536,20271,Lake Victormouth Distribution Center,Japan,379204,Cross-platform holistic migration,Groceries,2364.4,N,5727,331,12-02-2026,Above Reorder Level,Valid,Unique,Valid
702698,536,20558,Lake Victormouth Distribution Center,Japan,379204,Seamless motivating website,Groceries,2211.98,Y,1891,417,02-01-2026,Above Reorder Level,Valid,Unique,Valid
702699,536,20964,Lake Victormouth Distribution Center,Japan,379204,Visionary background project,Pharmaceuticals,195.3,N,7526,42,24-12-2025,Above Reorder Level,Valid,Unique,Valid
702700,536,20475,Lake Victormouth Distribution Center,Japan,379204,Implemented mobile algorithm,Industrial Equipment,610.62,Y,7502,498,19-07-2026,Above Reorder Level,Valid,Unique,Valid
702701,537,20526,Millsmouth Distribution Center,India,171513,Multi-tiered bottom-line application,Sporting Goods,1044.06,N,1194,92,01-01-2026,Above Reorder Level,Valid,Unique,Valid
702702,537,20143,Millsmouth Distribution Center,India,171513,Front-line leadingedge info-mediaries,Apparel,1954.65,Y,6047,47,19-02-2026,Above Reorder Level,Valid,Unique,Valid
702703,537,20998,Millsmouth Distribution Center,India,171513,Advanced analyzing flexibility,Toys,124.74,N,217,132,13-03-2026,Above Reorder Level,Valid,Unique,Valid
702704,537,20355,Millsmouth Distribution Center,India,171513,Streamlined user-facing hierarchy,Industrial Equipment,609.13,N,28,22,14-08-2026,Above Reorder Level,Valid,Unique,Valid
702705,537,20228,Millsmouth Distribution Center,India,171513,Distributed actuating emulation,Industrial Equipment,1338.02,N,2384,207,18-10-2025,Above Reorder Level,Valid,Unique,Valid
702706,537,21351,Millsmouth Distribution Center,India,171513,Implemented tertiary flexibility,Sporting Goods,1591.93,Y,2668,,09-11-2025,Cannot Determine,Valid,Unique,Valid
702707,537,21145,Millsmouth Distribution Center,India,171513,Automated attitude-oriented capability,Automotive Parts,1462,Y,208,417,18-03-2026,Below Reorder Level,Valid,Unique,Valid
702708,537,21184,Millsmouth Distribution Center,India,171513,Decentralized context-sensitive moderator,Automotive Parts,1933.6,Y,500,92,28-06-2026,Above Reorder Level,Valid,Unique,Valid
702709,537,20017,Millsmouth Distribution Center,India,171513,Synergistic fresh-thinking collaboration,Toys,1014.39,N,29,130,13-11-2025,Below Reorder Level,Valid,Unique,Valid
702710,537,21289,Millsmouth Distribution Center,India,171513,Sharable coherent emulation,Office Supplies,2458.46,N,563,217,30-10-2025,Above Reorder Level,Valid,Unique,Valid
702711,537,21414,Millsmouth Distribution Center,India,171513,Synergized transitional budgetary management,Sporting Goods,2044.24,Y,2405,93,07-12-2025,Above Reorder Level,Valid,Unique,Valid
702712,537,21228,Millsmouth Distribution Center,India,171513,Face-to-face context-sensitive archive,Sporting Goods,2282.61,N,1183,232,05-05-2026,Above Reorder Level,Valid,Unique,Valid
702713,537,20919,Millsmouth Distribution Center,India,171513,Up-sized maximized function,Industrial Equipment,674.38,Y,694,359,16-07-2026,Above Reorder Level,Valid,Unique,Valid
702714,537,20313,Millsmouth Distribution Center,India,171513,Innovative regional pricing structure,Electronics,2424.35,Y,753,129,23-10-2025,Above Reorder Level,Valid,Unique,Valid
702715,537,20602,Millsmouth Distribution Center,India,171513,Realigned logistical ability,Industrial Equipment,635.63,Y,2,271,02-10-2025,Below Reorder Level,Valid,Unique,Valid
702716,537,20888,Millsmouth Distribution Center,India,171513,Organized homogeneous migration,Toys,1825.07,N,578,10,10-10-2025,Above Reorder Level,Valid,Unique,Valid
702717,537,20110,Millsmouth Distribution Center,India,171513,Enhanced secondary analyzer,Industrial Equipment,1536.04,Y,1686,425,03-11-2026,Above Reorder Level,Future Restock Date,Unique,Valid
702718,537,20015,Millsmouth Distribution Center,India,171513,Proactive systematic algorithm,Office Supplies,481.45,N,5929,471,03-05-2026,Above Reorder Level,Valid,Unique,Valid
702719,537,21456,Millsmouth Distribution Center,India,171513,Face-to-face analyzing synergy,Automotive Parts,2216.86,N,3044,477,09-06-2026,Above Reorder Level,Valid,Unique,Valid
702720,537,20384,Millsmouth Distribution Center,India,171513,Triple-buffered leadingedge task-force,Electronics,448.81,Y,39,132,19-05-2026,Below Reorder Level,Valid,Unique,Valid
702721,537,21137,Millsmouth Distribution Center,India,171513,Versatile web-enabled database,Toys,1748.74,N,3710,159,09-05-2026,Above Reorder Level,Valid,Unique,Valid
702722,537,20436,Millsmouth Distribution Center,India,171513,Self-enabling motivating help-desk,Pharmaceuticals,1421.24,N,2478,318,29-07-2026,Above Reorder Level,Valid,Unique,Valid
702723,537,20408,Millsmouth Distribution Center,India,171513,Automated stable project,Office Supplies,1149.5,Y,2457,379,16-01-2026,Above Reorder Level,Valid,Unique,Valid
702724,537,20730,Millsmouth Distribution Center,India,171513,Programmable heuristic emulation,Pharmaceuticals,1281.63,N,993,313,08-08-2026,Above Reorder Level,Valid,Unique,Valid
702725,537,21425,Millsmouth Distribution Center,India,171513,Monitored bi-directional flexibility,Toys,238.93,Y,823,276,16-08-2026,Above Reorder Level,Valid,Unique,Valid
702726,537,21492,Millsmouth Distribution Center,India,171513,Ergonomic encompassing benchmark,Apparel,1785.14,Y,585,17,30-11-2025,Above Reorder Level,Valid,Unique,Valid
702727,537,21113,Millsmouth Distribution Center,India,171513,Team-oriented radical conglomeration,Furniture,1578.3,Y,110,163,30-01-2026,Below Reorder Level,Valid,Unique,Valid
702728,537,20203,Millsmouth Distribution Center,India,171513,Right-sized eco-centric archive,Office Supplies,1208.36,,420,,21-06-2026,Cannot Determine,Valid,Unique,Valid
702729,537,20320,Millsmouth Distribution Center,India,171513,Polarized solution-oriented circuit,Electronics,902.35,N,459,285,14-08-2026,Above Reorder Level,Valid,Unique,Valid
702730,537,20478,Millsmouth Distribution Center,India,171513,Integrated executive data-warehouse,Industrial Equipment,2345.35,Y,1073,311,31-08-2026,Above Reorder Level,Valid,Unique,Valid
702731,537,20397,Millsmouth Distribution Center,India,171513,Progressive intangible toolset,Automotive Parts,1602.26,Y,2231,177,19-04-2026,Above Reorder Level,Valid,Unique,Valid
702732,537,20239,Millsmouth Distribution Center,India,171513,Future-proofed non-volatile protocol,Pharmaceuticals,1699.59,Y,1041,240,08-09-2025,Above Reorder Level,Valid,Unique,Valid
702733,537,20299,Millsmouth Distribution Center,India,171513,Configurable intangible strategy,Automotive Parts,1633.23,N,97,149,08-05-2026,Below Reorder Level,Valid,Unique,Valid
702734,537,20465,Millsmouth Distribution Center,India,171513,De-engineered tertiary migration,Toys,748.58,N,5131,296,04-01-2026,Above Reorder Level,Valid,Unique,Valid
702735,537,20382,Millsmouth Distribution Center,India,171513,Decentralized demand-driven hierarchy,Toys,1310.5,Y,4636,364,29-08-2026,Above Reorder Level,Valid,Unique,Valid
702736,537,21048,Millsmouth Distribution Center,India,171513,Re-engineered zero administration policy,Industrial Equipment,2081.34,Y,2493,34,18-02-2026,Above Reorder Level,Valid,Unique,Valid
702737,537,21475,Millsmouth Distribution Center,India,171513,Robust web-enabled conglomeration,Electronics,261.33,N,7696,181,04-06-2026,Above Reorder Level,Valid,Unique,Valid
702738,537,21487,Millsmouth Distribution Center,India,171513,Compatible system-worthy Local Area Network,Apparel,,N,1275,479,02-06-2026,Above Reorder Level,Valid,Unique,Valid
702739,537,20314,Millsmouth Distribution Center,India,171513,Multi-lateral system-worthy service-desk,Electronics,227.31,N,5334,157,12-05-2026,Above Reorder Level,Valid,Unique,Valid
702740,537,20354,Millsmouth Distribution Center,India,171513,Networked intangible service-desk,Furniture,1102.28,Y,127,198,29-01-2026,Below Reorder Level,Valid,Unique,Valid
702741,537,20619,Millsmouth Distribution Center,India,171513,Assimilated mission-critical Internet solution,Pharmaceuticals,1891.71,Y,738,484,10-05-2025,Above Reorder Level,Valid,Unique,Valid
702742,537,20807,Millsmouth Distribution Center,India,171513,Persistent object-oriented analyzer,Apparel,1665.5,N,414,296,28-08-2026,Above Reorder Level,Valid,Unique,Valid
702743,537,20030,Millsmouth Distribution Center,India,171513,Automated context-sensitive open architecture,Toys,1303.72,N,353,398,08-11-2025,Below Reorder Level,Valid,Unique,Valid
702744,537,20038,Millsmouth Distribution Center,India,171513,Re-engineered methodical leverage,Industrial Equipment,1123.77,N,246,445,14-10-2025,Below Reorder Level,Valid,Unique,Valid
702745,537,21434,Millsmouth Distribution Center,India,171513,Grass-roots client-server array,Industrial Equipment,1875.98,N,1579,61,11-04-2026,Above Reorder Level,Valid,Unique,Valid
702746,537,20400,Millsmouth Distribution Center,India,171513,Persevering multi-state utilization,Sporting Goods,2240.03,N,2464,497,04-11-2025,Above Reorder Level,Valid,Unique,Valid
702747,537,21331,Millsmouth Distribution Center,India,171513,Organized responsive structure,Apparel,1534.32,Y,1400,202,28-03-2026,Above Reorder Level,Valid,Unique,Valid
702748,537,20645,Millsmouth Distribution Center,India,171513,Persevering multi-state groupware,Apparel,106.84,N,258,145,11-12-2025,Above Reorder Level,Valid,Unique,Valid
702749,537,20094,Millsmouth Distribution Center,India,171513,Digitized disintermediate collaboration,Sporting Goods,921.95,Y,,54,09-06-2026,Cannot Determine,Valid,Unique,Valid
702750,537,20433,Millsmouth Distribution Center,India,171513,Innovative uniform interface,Toys,344.78,Y,1638,320,18-05-2026,Above Reorder Level,Valid,Unique,Valid
702751,537,20244,Millsmouth Distribution Center,India,171513,Proactive systematic attitude,Furniture,1256.41,Y,796,19,03-11-2025,Above Reorder Level,Valid,Unique,Valid
702752,537,21170,Millsmouth Distribution Center,India,171513,Ergonomic transitional hub,Industrial Equipment,2374.26,N,1818,275,18-08-2026,Above Reorder Level,Valid,Unique,Valid
702753,537,20426,Millsmouth Distribution Center,India,171513,De-engineered multi-state moratorium,Toys,1329.08,N,488,194,20-11-2025,Above Reorder Level,Valid,Unique,Valid
702754,537,20744,Millsmouth Distribution Center,India,171513,Quality-focused dedicated groupware,Toys,499.1,Y,686,338,05-03-2026,Above Reorder Level,Valid,Unique,Valid
702755,537,21334,Millsmouth Distribution Center,India,171513,Profit-focused 3rdgeneration concept,Office Supplies,466.77,N,4044,410,13-05-2026,Above Reorder Level,Valid,Unique,Valid
702756,537,20531,Millsmouth Distribution Center,India,171513,Future-proofed analyzing functionalities,Pharmaceuticals,1360.19,N,556,262,14-07-2026,Above Reorder Level,Valid,Unique,Valid
702757,537,20583,Millsmouth Distribution Center,India,171513,Seamless responsive framework,Groceries,2198.82,Y,1029,443,06-06-2026,Above Reorder Level,Valid,Unique,Valid
702758,537,21398,Millsmouth Distribution Center,India,171513,Advanced bi-directional moratorium,Groceries,2440.36,N,3580,11,10-07-2026,Above Reorder Level,Valid,Unique,Valid
702759,537,21077,Millsmouth Distribution Center,India,171513,Polarized responsive data-warehouse,Pharmaceuticals,94.44,Y,1994,57,11-06-2025,Above Reorder Level,Valid,Unique,Valid
702760,537,20574,Millsmouth Distribution Center,India,171513,Synergistic bottom-line help-desk,Automotive Parts,668.8,Y,104,306,27-11-2025,Below Reorder Level,Valid,Unique,Valid
702761,537,21060,Millsmouth Distribution Center,India,171513,Multi-tiered object-oriented support,Industrial Equipment,,Y,258,237,31-03-2026,Above Reorder Level,Valid,Unique,Valid
702762,537,21369,Millsmouth Distribution Center,India,171513,Vision-oriented optimal benchmark,Electronics,635.06,Y,13,287,14-07-2026,Below Reorder Level,Valid,Unique,Valid
702763,537,20873,Millsmouth Distribution Center,India,171513,Persevering directional architecture,Furniture,1512.58,Y,1616,152,04-10-2025,Above Reorder Level,Valid,Unique,Valid
702764,537,21436,Millsmouth Distribution Center,India,171513,Visionary human-resource help-desk,Electronics,617.97,Y,962,373,02-03-2026,Above Reorder Level,Valid,Unique,Valid
702765,537,20638,Millsmouth Distribution Center,India,171513,Versatile incremental emulation,Toys,2208.17,N,234,224,09-12-2025,Above Reorder Level,Valid,Unique,Valid
702766,537,21390,Millsmouth Distribution Center,India,171513,Progressive client-driven superstructure,Pharmaceuticals,500.13,Y,5136,12,12-01-2026,Above Reorder Level,Valid,Unique,Valid
702767,537,20512,Millsmouth Distribution Center,India,171513,Pre-emptive 3rdgeneration Graphical User Interface,Groceries,1350.59,Y,1223,155,23-09-2025,Above Reorder Level,Valid,Unique,Valid
702768,537,20684,Millsmouth Distribution Center,India,171513,Implemented leadingedge core,Office Supplies,1955.5,,449,437,16-03-2026,Above Reorder Level,Valid,Unique,Valid
702769,537,20177,Millsmouth Distribution Center,India,171513,Self-enabling discrete array,Electronics,1634.61,Y,1126,244,30-10-2025,Above Reorder Level,Valid,Unique,Valid
702770,537,20477,Millsmouth Distribution Center,India,171513,Reverse-engineered intangible application,Sporting Goods,1734.37,N,1845,264,16-03-2026,Above Reorder Level,Valid,Unique,Valid
702771,537,21374,Millsmouth Distribution Center,India,171513,Face-to-face fresh-thinking flexibility,Pharmaceuticals,1091,Y,129,497,12-03-2026,Below Reorder Level,Valid,Unique,Valid
702772,537,20676,Millsmouth Distribution Center,India,171513,Team-oriented discrete Local Area Network,Electronics,2155.21,N,521,299,03-08-2026,Above Reorder Level,Valid,Unique,Valid
702773,537,20771,Millsmouth Distribution Center,India,171513,Synergized web-enabled initiative,Furniture,380.87,N,2666,84,26-11-2025,Above Reorder Level,Valid,Unique,Valid
702774,537,20719,Millsmouth Distribution Center,India,171513,Polarized transitional methodology,Electronics,111.67,Y,998,351,04-12-2025,Above Reorder Level,Valid,Unique,Valid
702775,537,20392,Millsmouth Distribution Center,India,171513,Profit-focused composite artificial intelligence,Furniture,1035.57,Y,1282,252,01-09-2025,Above Reorder Level,Valid,Unique,Valid
702776,538,20905,New Brooke Distribution Center,Canada,430610,Versatile 4thgeneration emulation,Office Supplies,1787.87,Y,1717,197,22-07-2026,Above Reorder Level,Valid,Unique,Valid
702777,538,21387,New Brooke Distribution Center,Canada,430610,Digitized asynchronous interface,Groceries,1664.1,N,,335,05-01-2026,Cannot Determine,Valid,Unique,Valid
702778,538,20653,New Brooke Distribution Center,Canada,430610,Enterprise-wide dynamic challenge,Office Supplies,1006.2,N,549,212,21-11-2025,Above Reorder Level,Valid,Unique,Valid
702779,538,20917,New Brooke Distribution Center,Canada,430610,Reactive demand-driven encoding,Apparel,272.79,Y,1785,422,13-11-2025,Above Reorder Level,Valid,Unique,Valid
702780,538,20909,New Brooke Distribution Center,Canada,430610,Synergized tangible success,Toys,1740.91,,710,156,31-07-2026,Above Reorder Level,Valid,Unique,Valid
702781,538,20645,New Brooke Distribution Center,Canada,430610,Persevering multi-state groupware,Apparel,106.84,N,155,124,03-03-2026,Above Reorder Level,Valid,Unique,Valid
702782,538,20403,New Brooke Distribution Center,Canada,430610,Advanced transitional workforce,Groceries,1515.01,N,5617,30,04-02-2026,Above Reorder Level,Valid,Unique,Valid
702783,538,20563,New Brooke Distribution Center,Canada,430610,Mandatory demand-driven knowledgebase,Apparel,1482.14,Y,12028,,08-11-2025,Cannot Determine,Valid,Unique,Valid
702784,538,20118,New Brooke Distribution Center,Canada,430610,User-centric motivating capability,Sporting Goods,774.01,N,4770,233,02-05-2026,Above Reorder Level,Valid,Unique,Valid
702785,538,21324,New Brooke Distribution Center,Canada,430610,Secured global framework,Office Supplies,525.03,Y,5820,288,15-07-2026,Above Reorder Level,Valid,Unique,Valid
702786,538,20511,New Brooke Distribution Center,Canada,430610,Open-architected optimizing analyzer,Furniture,925.44,N,839,359,03-09-2025,Above Reorder Level,Valid,Unique,Valid
702787,538,20406,New Brooke Distribution Center,Canada,430610,Visionary composite Internet solution,Office Supplies,1997.97,N,9792,52,26-08-2026,Above Reorder Level,Valid,Unique,Valid
702788,538,20370,New Brooke Distribution Center,Canada,430610,Face-to-face mobile firmware,Industrial Equipment,1514.8,N,664,207,31-03-2026,Above Reorder Level,Valid,Unique,Valid
702789,538,20748,New Brooke Distribution Center,Canada,430610,Ergonomic tertiary portal,Groceries,505.85,N,9156,391,03-06-2026,Above Reorder Level,Valid,Unique,Valid
702790,538,20446,New Brooke Distribution Center,Canada,430610,Universal object-oriented service-desk,Pharmaceuticals,528.72,N,15931,285,14-08-2026,Above Reorder Level,Valid,Unique,Valid
702791,538,20987,New Brooke Distribution Center,Canada,430610,Re-contextualized didactic contingency,Electronics,650.7,N,3765,367,09-01-2026,Above Reorder Level,Valid,Unique,Valid
702792,538,21092,New Brooke Distribution Center,Canada,430610,Total neutral infrastructure,Industrial Equipment,1665.42,N,12020,476,06-10-2025,Above Reorder Level,Valid,Unique,Valid
702793,538,21009,New Brooke Distribution Center,Canada,430610,Multi-tiered reciprocal approach,Office Supplies,676.3,Y,2552,290,30-06-2026,Above Reorder Level,Valid,Unique,Valid
702794,538,20110,New Brooke Distribution Center,Canada,430610,Enhanced secondary analyzer,Industrial Equipment,1536.04,Y,910,132,03-03-2026,Above Reorder Level,Valid,Unique,Valid
702795,538,21130,New Brooke Distribution Center,Canada,430610,Inverse asymmetric structure,Toys,,Y,1739,48,19-05-2026,Above Reorder Level,Valid,Unique,Valid
702796,538,20152,New Brooke Distribution Center,Canada,430610,Managed transitional interface,Sporting Goods,922.14,Y,2725,293,27-04-2026,Above Reorder Level,Valid,Unique,Valid
702797,538,20283,New Brooke Distribution Center,Canada,430610,Progressive attitude-oriented frame,Apparel,391.68,Y,230,148,03-10-2025,Above Reorder Level,Valid,Unique,Valid
702798,538,20759,New Brooke Distribution Center,Canada,430610,Focused multi-state parallelism,Electronics,446.49,N,2948,225,24-10-2025,Above Reorder Level,Valid,Unique,Valid
702799,538,20617,New Brooke Distribution Center,Canada,430610,Managed fault-tolerant architecture,Toys,747.77,N,12026,476,28-05-2026,Above Reorder Level,Valid,Unique,Valid
702800,538,21322,New Brooke Distribution Center,Canada,430610,Ergonomic tertiary knowledge user,Toys,732.11,N,638,260,12-01-2026,Above Reorder Level,Valid,Unique,Valid
702801,538,21478,New Brooke Distribution Center,Canada,430610,Persevering neutral structure,Office Supplies,2233.17,N,4762,316,10-03-2026,Above Reorder Level,Valid,Unique,Valid
702802,538,21062,New Brooke Distribution Center,Canada,430610,Reverse-engineered national core,Furniture,875.47,Y,7219,240,02-11-2025,Above Reorder Level,Valid,Unique,Valid
702803,538,21226,New Brooke Distribution Center,Canada,430610,Robust local concept,Office Supplies,999.77,,8709,58,16-03-2026,Above Reorder Level,Valid,Unique,Valid
702804,538,20547,New Brooke Distribution Center,Canada,430610,Streamlined composite ability,Automotive Parts,1385.68,N,9754,,29-07-2026,Cannot Determine,Valid,Unique,Valid
702805,538,20371,New Brooke Distribution Center,Canada,430610,Mandatory zero tolerance help-desk,Industrial Equipment,1256.81,N,2231,74,23-12-2025,Above Reorder Level,Valid,Unique,Valid
702806,538,20513,New Brooke Distribution Center,Canada,430610,Optional contextually-based instruction set,Groceries,,N,11460,423,15-12-2025,Above Reorder Level,Valid,Unique,Valid
702807,538,20101,New Brooke Distribution Center,Canada,430610,Front-line impactful encoding,Sporting Goods,265.93,Y,4286,35,16-04-2026,Above Reorder Level,Valid,Unique,Valid
702808,538,20128,New Brooke Distribution Center,Canada,430610,Grass-roots leadingedge installation,Toys,879.38,Y,534,116,18-12-2025,Above Reorder Level,Valid,Unique,Valid
702809,538,20213,New Brooke Distribution Center,Canada,430610,Enhanced empowering concept,Automotive Parts,136.4,Y,1961,18,19-01-2026,Above Reorder Level,Valid,Unique,Valid
702810,538,21052,New Brooke Distribution Center,Canada,430610,Streamlined secondary toolset,Office Supplies,2329.66,N,3835,12,08-05-2026,Above Reorder Level,Valid,Unique,Valid
702811,538,21086,New Brooke Distribution Center,Canada,430610,Ameliorated neutral infrastructure,Industrial Equipment,948.34,Y,860,337,10-03-2026,Above Reorder Level,Valid,Unique,Valid
702812,538,20228,New Brooke Distribution Center,Canada,430610,Distributed actuating emulation,Industrial Equipment,1338.02,N,3098,75,16-07-2026,Above Reorder Level,Valid,Unique,Valid
702813,538,20805,New Brooke Distribution Center,Canada,430610,Fully-configurable multi-tasking groupware,Sporting Goods,2387.72,Y,3325,67,16-03-2026,Above Reorder Level,Valid,Unique,Valid
702814,538,21157,New Brooke Distribution Center,Canada,430610,Ergonomic client-server framework,Industrial Equipment,1563.93,N,538,110,16-11-2025,Above Reorder Level,Valid,Unique,Valid
702815,538,21110,New Brooke Distribution Center,Canada,430610,Up-sized impactful encryption,Industrial Equipment,616.29,Y,2520,306,30-03-2026,Above Reorder Level,Valid,Unique,Valid
702816,538,20832,New Brooke Distribution Center,Canada,430610,Open-architected content-based infrastructure,Groceries,2415.76,N,4470,122,08-07-2026,Above Reorder Level,Valid,Unique,Valid
702817,538,20796,New Brooke Distribution Center,Canada,430610,Networked demand-driven capacity,Electronics,1973.44,N,2092,368,18-03-2026,Above Reorder Level,Valid,Unique,Valid
702818,538,21470,New Brooke Distribution Center,Canada,430610,Innovative methodical installation,Pharmaceuticals,1838.52,N,37,311,03-11-2025,Below Reorder Level,Valid,Unique,Valid
702819,538,20590,New Brooke Distribution Center,Canada,430610,Re-contextualized motivating methodology,Automotive Parts,501.79,Y,27,61,06-04-2026,Below Reorder Level,Valid,Unique,Valid
702820,538,20061,New Brooke Distribution Center,Canada,430610,Intuitive homogeneous orchestration,Automotive Parts,422.61,Y,1337,285,26-04-2026,Above Reorder Level,Valid,Unique,Valid
702821,538,20794,New Brooke Distribution Center,Canada,430610,De-engineered national instruction set,Groceries,2171.17,Y,7889,194,14-12-2025,Above Reorder Level,Valid,Unique,Valid
702822,538,20352,New Brooke Distribution Center,Canada,430610,Switchable maximized capacity,Pharmaceuticals,1942.38,N,786,255,17-02-2026,Above Reorder Level,Valid,Unique,Valid
702823,538,21456,New Brooke Distribution Center,Canada,430610,Face-to-face analyzing synergy,Automotive Parts,2216.86,N,3046,124,17-07-2026,Above Reorder Level,Valid,Unique,Valid
702824,538,20215,New Brooke Distribution Center,Canada,430610,Persistent clear-thinking array,Apparel,2458.67,N,760,145,17-11-2025,Above Reorder Level,Valid,Unique,Valid
702825,538,20999,New Brooke Distribution Center,Canada,430610,Versatile 24hour secured line,Office Supplies,1519.41,Y,1175,158,15-11-2025,Above Reorder Level,Valid,Unique,Valid
702826,538,20926,New Brooke Distribution Center,Canada,430610,Object-based homogeneous concept,Industrial Equipment,599.3,Y,5703,128,23-01-2026,Above Reorder Level,Valid,Unique,Valid
702827,538,21103,New Brooke Distribution Center,Canada,430610,Synergistic zero tolerance circuit,Furniture,1217.62,Y,3951,83,28-11-2025,Above Reorder Level,Valid,Unique,Valid
702828,538,20299,New Brooke Distribution Center,Canada,430610,Configurable intangible strategy,Automotive Parts,1633.23,N,303,44,08-07-2026,Above Reorder Level,Valid,Unique,Valid
702829,538,20606,New Brooke Distribution Center,Canada,430610,Decentralized systemic model,Groceries,783.9,,1695,495,16-12-2025,Above Reorder Level,Valid,Unique,Valid
702830,538,20463,New Brooke Distribution Center,Canada,430610,Digitized motivating capacity,Automotive Parts,834.93,Y,90,201,15-09-2025,Below Reorder Level,Valid,Unique,Valid
702831,538,20395,New Brooke Distribution Center,Canada,430610,Self-enabling static encryption,Industrial Equipment,2020.33,N,1985,475,18-02-2026,Above Reorder Level,Valid,Unique,Valid
702832,538,20766,New Brooke Distribution Center,Canada,430610,Multi-layered client-driven orchestration,Furniture,170.19,Y,3287,84,30-05-2026,Above Reorder Level,Valid,Unique,Valid
702833,538,20074,New Brooke Distribution Center,Canada,430610,Cross-group transitional paradigm,Industrial Equipment,,Y,382,159,20-08-2026,Above Reorder Level,Valid,Unique,Valid
702834,538,20381,New Brooke Distribution Center,Canada,430610,Customer-focused composite product,Groceries,626.71,N,1032,354,25-10-2025,Above Reorder Level,Valid,Unique,Valid
702835,538,20583,New Brooke Distribution Center,Canada,430610,Seamless responsive framework,Groceries,2198.82,Y,1535,465,08-06-2026,Above Reorder Level,Valid,Unique,Valid
702836,538,20736,New Brooke Distribution Center,Canada,430610,Multi-tiered 4thgeneration conglomeration,Groceries,1635.92,Y,7628,75,25-11-2025,Above Reorder Level,Valid,Unique,Valid
702837,538,21029,New Brooke Distribution Center,Canada,430610,Ergonomic transitional circuit,Electronics,1571.34,N,15132,447,14-11-2025,Above Reorder Level,Valid,Unique,Valid
702838,538,20140,New Brooke Distribution Center,Canada,430610,Reactive human-resource function,Sporting Goods,2373.24,Y,139,266,22-07-2026,Below Reorder Level,Valid,Unique,Valid
702839,538,20544,New Brooke Distribution Center,Canada,430610,Public-key interactive open architecture,Pharmaceuticals,453.76,N,4333,462,23-12-2025,Above Reorder Level,Valid,Unique,Valid
702840,538,20722,New Brooke Distribution Center,Canada,430610,Reduced solution-oriented alliance,Industrial Equipment,2353.02,N,1407,198,17-09-2025,Above Reorder Level,Valid,Unique,Valid
702841,538,20753,New Brooke Distribution Center,Canada,430610,Open-architected impactful paradigm,Office Supplies,1029.37,N,1508,159,29-06-2026,Above Reorder Level,Valid,Unique,Valid
702842,538,20823,New Brooke Distribution Center,Canada,430610,Decentralized holistic archive,Groceries,1484.29,N,4248,229,12-12-2025,Above Reorder Level,Valid,Unique,Valid
702843,538,20147,New Brooke Distribution Center,Canada,430610,Diverse leadingedge product,Automotive Parts,845.99,Y,7587,19,21-07-2026,Above Reorder Level,Valid,Unique,Valid
702844,538,20274,New Brooke Distribution Center,Canada,430610,Re-contextualized radical interface,Apparel,1295.32,N,9125,,01-03-2026,Cannot Determine,Valid,Unique,Valid
702845,538,20065,New Brooke Distribution Center,Canada,430610,Mandatory modular middleware,Sporting Goods,1137.83,N,2605,176,27-03-2026,Above Reorder Level,Valid,Unique,Valid
702846,538,20838,New Brooke Distribution Center,Canada,430610,Switchable dynamic structure,Pharmaceuticals,2054.28,Y,1337,106,19-04-2026,Above Reorder Level,Valid,Unique,Valid
702847,538,21051,New Brooke Distribution Center,Canada,430610,User-centric uniform implementation,Apparel,1758.78,Y,4689,350,05-02-2026,Above Reorder Level,Valid,Unique,Valid
702848,538,21484,New Brooke Distribution Center,Canada,430610,Open-architected regional approach,Industrial Equipment,1722.1,N,875,173,31-08-2026,Above Reorder Level,Valid,Unique,Valid
702849,538,20730,New Brooke Distribution Center,Canada,430610,Programmable heuristic emulation,Pharmaceuticals,1281.63,N,2513,27,02-12-2025,Above Reorder Level,Valid,Unique,Valid
702850,538,20156,New Brooke Distribution Center,Canada,430610,Upgradable neutral support,Groceries,2278.97,N,1344,495,26-04-2026,Above Reorder Level,Valid,Unique,Valid
702851,539,20423,Waltersville Distribution Center,Mexico,510041,Innovative attitude-oriented alliance,Sporting Goods,1481.22,N,5850,23,20-11-2025,Above Reorder Level,Valid,Unique,Valid
702852,539,20211,Waltersville Distribution Center,Mexico,510041,Synchronized holistic capacity,Apparel,2035.44,N,1505,21,30-08-2026,Above Reorder Level,Valid,Unique,Valid
702853,539,21436,Waltersville Distribution Center,Mexico,510041,Visionary human-resource help-desk,Electronics,617.97,Y,1164,301,12-09-2025,Above Reorder Level,Valid,Unique,Valid
702854,539,21388,Waltersville Distribution Center,Mexico,510041,Fully-configurable logistical project,Office Supplies,2251.09,N,13703,495,11-08-2026,Above Reorder Level,Valid,Unique,Valid
702855,539,21152,Waltersville Distribution Center,Mexico,510041,Pre-emptive system-worthy functionalities,Automotive Parts,2363.83,N,588,295,22-09-2025,Above Reorder Level,Valid,Unique,Valid
702856,539,20857,Waltersville Distribution Center,Mexico,510041,Fully-configurable holistic encoding,Automotive Parts,390.76,Y,3859,339,13-08-2026,Above Reorder Level,Valid,Unique,Valid
702857,539,20137,Waltersville Distribution Center,Mexico,510041,Automated user-facing protocol,Pharmaceuticals,216.1,Y,1366,150,05-10-2025,Above Reorder Level,Valid,Unique,Valid
702858,539,20871,Waltersville Distribution Center,Mexico,510041,Open-architected solution-oriented functionalities,Industrial Equipment,701.84,N,217,426,28-01-2026,Below Reorder Level,Valid,Unique,Valid
702859,539,20092,Waltersville Distribution Center,Mexico,510041,Self-enabling analyzing model,Office Supplies,559.52,N,201,77,08-06-2026,Above Reorder Level,Valid,Unique,Valid
702860,539,21373,Waltersville Distribution Center,Mexico,510041,Reactive demand-driven intranet,Apparel,1198.09,Y,1054,399,04-02-2026,Above Reorder Level,Valid,Unique,Valid
702861,539,20201,Waltersville Distribution Center,Mexico,510041,Extended transitional info-mediaries,Toys,271.2,N,11031,378,26-08-2026,Above Reorder Level,Valid,Unique,Valid
702862,539,20470,Waltersville Distribution Center,Mexico,510041,Robust incremental budgetary management,Industrial Equipment,2268.13,Y,1817,310,21-08-2026,Above Reorder Level,Valid,Unique,Valid
702863,539,21322,Waltersville Distribution Center,Mexico,510041,Ergonomic tertiary knowledge user,Toys,732.11,N,16444,348,10-03-2026,Above Reorder Level,Valid,Unique,Valid
702864,539,21053,Waltersville Distribution Center,Mexico,510041,Realigned intermediate workforce,Electronics,1633.77,Y,4769,35,10-01-2026,Above Reorder Level,Valid,Unique,Valid
702865,539,20610,Waltersville Distribution Center,Mexico,510041,Grass-roots intangible monitoring,Industrial Equipment,2056.78,Y,3140,340,25-12-2025,Above Reorder Level,Valid,Unique,Valid
702866,539,20689,Waltersville Distribution Center,Mexico,510041,Up-sized context-sensitive Graphical User Interface,Sporting Goods,2449.14,N,4748,490,26-09-2025,Above Reorder Level,Valid,Unique,Valid
702867,539,21235,Waltersville Distribution Center,Mexico,510041,Innovative mission-critical frame,Sporting Goods,2163.79,N,3979,306,01-06-2026,Above Reorder Level,Valid,Unique,Valid
702868,539,21200,Waltersville Distribution Center,Mexico,510041,Up-sized scalable hub,Apparel,1282.56,Y,7782,,14-03-2026,Cannot Determine,Valid,Unique,Valid
702869,539,20837,Waltersville Distribution Center,Mexico,510041,Cloned attitude-oriented neural-net,Automotive Parts,511,Y,1817,270,30-12-2025,Above Reorder Level,Valid,Unique,Valid
702870,539,20083,Waltersville Distribution Center,Mexico,510041,Function-based regional migration,Toys,776.8,N,2383,160,13-04-2026,Above Reorder Level,Valid,Unique,Valid
702871,539,20997,Waltersville Distribution Center,Mexico,510041,Synergistic well-modulated attitude,Groceries,1079.82,N,12287,,05-08-2026,Cannot Determine,Valid,Unique,Valid
702872,539,20909,Waltersville Distribution Center,Mexico,510041,Synergized tangible success,Toys,1740.91,,16019,357,14-08-2026,Above Reorder Level,Valid,Unique,Valid
702873,539,20188,Waltersville Distribution Center,Mexico,510041,Future-proofed executive synergy,Industrial Equipment,1041.24,N,12208,32,25-10-2025,Above Reorder Level,Valid,Unique,Valid
702874,539,20022,Waltersville Distribution Center,Mexico,510041,Persistent dedicated frame,Groceries,1889.51,N,2976,438,24-07-2026,Above Reorder Level,Valid,Unique,Valid
702875,539,20583,Waltersville Distribution Center,Mexico,510041,Seamless responsive framework,Groceries,2198.82,Y,8295,387,06-01-2026,Above Reorder Level,Valid,Unique,Valid
702876,539,21143,Waltersville Distribution Center,Mexico,510041,Streamlined cohesive array,Furniture,1754.26,N,3540,237,06-06-2026,Above Reorder Level,Valid,Unique,Valid
702877,539,21465,Waltersville Distribution Center,Mexico,510041,Configurable dynamic archive,Sporting Goods,76.69,Y,3766,310,08-10-2025,Above Reorder Level,Valid,Unique,Valid
702878,539,21463,Waltersville Distribution Center,Mexico,510041,Right-sized cohesive algorithm,Apparel,438.1,N,1253,272,31-08-2025,Above Reorder Level,Valid,Unique,Valid
702879,539,20229,Waltersville Distribution Center,Mexico,510041,Enterprise-wide 5thgeneration leverage,Automotive Parts,267.13,Y,4894,258,23-12-2025,Above Reorder Level,Valid,Unique,Valid
702880,539,20182,Waltersville Distribution Center,Mexico,510041,Cross-group holistic concept,Sporting Goods,2088.41,Y,1127,137,03-02-2026,Above Reorder Level,Valid,Unique,Valid
702881,539,20552,Waltersville Distribution Center,Mexico,510041,Horizontal 6thgeneration complexity,Toys,1667.36,Y,2204,400,13-09-2025,Above Reorder Level,Valid,Unique,Valid
702882,539,20615,Waltersville Distribution Center,Mexico,510041,Team-oriented interactive archive,Industrial Equipment,1368.8,N,10568,320,25-05-2026,Above Reorder Level,Valid,Unique,Valid
702883,539,20986,Waltersville Distribution Center,Mexico,510041,Profit-focused bifurcated knowledge user,Apparel,567.4,Y,1270,28,10-06-2026,Above Reorder Level,Valid,Unique,Valid
702884,539,21267,Waltersville Distribution Center,Mexico,510041,Synergized transitional capacity,Apparel,835.71,Y,404,488,31-05-2026,Below Reorder Level,Valid,Unique,Valid
702885,539,20622,Waltersville Distribution Center,Mexico,510041,Fully-configurable bi-directional leverage,Industrial Equipment,1070.47,N,391,287,28-05-2026,Above Reorder Level,Valid,Unique,Valid
702886,539,20665,Waltersville Distribution Center,Mexico,510041,Optimized grid-enabled customer loyalty,Electronics,1139.67,N,15468,342,16-06-2026,Above Reorder Level,Valid,Unique,Valid
702887,539,20269,Waltersville Distribution Center,Mexico,510041,Integrated systemic portal,Electronics,973.98,Y,3869,326,05-11-2025,Above Reorder Level,Valid,Unique,Valid
702888,539,20840,Waltersville Distribution Center,Mexico,510041,Grass-roots cohesive concept,Furniture,367.53,Y,2882,430,20-01-2026,Above Reorder Level,Valid,Unique,Valid
702889,539,21275,Waltersville Distribution Center,Mexico,510041,Business-focused systematic Graphical User Interface,Automotive Parts,1061.86,N,9114,25,02-09-2025,Above Reorder Level,Valid,Unique,Valid
702890,539,21162,Waltersville Distribution Center,Mexico,510041,Compatible neutral extranet,Electronics,2094.62,Y,9888,453,31-01-2026,Above Reorder Level,Valid,Unique,Valid
702891,539,20091,Waltersville Distribution Center,Mexico,510041,Optional non-volatile superstructure,Pharmaceuticals,1041.81,Y,2210,444,06-09-2025,Above Reorder Level,Valid,Unique,Valid
702892,539,21392,Waltersville Distribution Center,Mexico,510041,Cross-platform homogeneous info-mediaries,Furniture,1438.52,N,6473,499,08-10-2025,Above Reorder Level,Valid,Unique,Valid
702893,539,21191,Waltersville Distribution Center,Mexico,510041,Networked contextually-based hardware,Automotive Parts,1928.86,N,8069,155,04-12-2025,Above Reorder Level,Valid,Unique,Valid
702894,539,21461,Waltersville Distribution Center,Mexico,510041,Total bi-directional protocol,Pharmaceuticals,1855.13,Y,5818,117,29-04-2026,Above Reorder Level,Valid,Unique,Valid
702895,539,20762,Waltersville Distribution Center,Mexico,510041,Configurable foreground core,Apparel,2051.68,Y,900,60,11-11-2025,Above Reorder Level,Valid,Unique,Valid
702896,539,20651,Waltersville Distribution Center,Mexico,510041,Multi-channeled intangible matrices,Apparel,2359.22,N,11418,390,30-06-2026,Above Reorder Level,Valid,Unique,Valid
702897,539,20481,Waltersville Distribution Center,Mexico,510041,Monitored asymmetric analyzer,Sporting Goods,1713.74,Y,4239,67,16-04-2026,Above Reorder Level,Valid,Unique,Valid
702898,539,20942,Waltersville Distribution Center,Mexico,510041,Up-sized holistic matrix,Pharmaceuticals,1542.05,N,1817,426,29-07-2026,Above Reorder Level,Valid,Unique,Valid
702899,539,20568,Waltersville Distribution Center,Mexico,510041,Enhanced incremental open architecture,Pharmaceuticals,238.64,N,3031,418,21-05-2026,Above Reorder Level,Valid,Unique,Valid
702900,539,20139,Waltersville Distribution Center,Mexico,510041,Synchronized disintermediate extranet,Toys,748.53,Y,210,,23-07-2026,Cannot Determine,Valid,Unique,Valid
702901,539,21444,Waltersville Distribution Center,Mexico,510041,Focused human-resource artificial intelligence,Industrial Equipment,811.39,N,749,35,19-10-2025,Above Reorder Level,Valid,Unique,Valid
702902,539,20324,Waltersville Distribution Center,Mexico,510041,Persistent client-server leverage,Electronics,1833.51,N,7938,309,23-12-2025,Above Reorder Level,Valid,Unique,Valid
702903,539,21256,Waltersville Distribution Center,Mexico,510041,Switchable leadingedge complexity,Automotive Parts,1655.81,N,0,,26-09-2025,Cannot Determine,Valid,Unique,Valid
702904,539,21453,Waltersville Distribution Center,Mexico,510041,Vision-oriented client-driven frame,Pharmaceuticals,665.59,N,2949,393,08-09-2025,Above Reorder Level,Valid,Unique,Valid
702905,539,20704,Waltersville Distribution Center,Mexico,510041,Sharable dynamic analyzer,Furniture,271.39,Y,4045,265,20-01-2026,Above Reorder Level,Valid,Unique,Valid
702906,539,21060,Waltersville Distribution Center,Mexico,510041,Multi-tiered object-oriented support,Industrial Equipment,,Y,307,376,26-02-2026,Below Reorder Level,Valid,Unique,Valid
702907,539,20663,Waltersville Distribution Center,Mexico,510041,Digitized analyzing encoding,Toys,1461.59,N,19782,449,18-03-2026,Above Reorder Level,Valid,Duplicate Warehouse/Product,Valid
702908,539,21422,Waltersville Distribution Center,Mexico,510041,Enterprise-wide systematic interface,Toys,2308.77,,1403,19,25-12-2025,Above Reorder Level,Valid,Unique,Valid
702909,539,21082,Waltersville Distribution Center,Mexico,510041,Face-to-face tangible support,Apparel,875.62,N,1985,330,19-02-2026,Above Reorder Level,Valid,Unique,Valid
702910,539,21149,Waltersville Distribution Center,Mexico,510041,Innovative 6thgeneration model,Pharmaceuticals,2186.79,N,1983,83,06-08-2026,Above Reorder Level,Valid,Unique,Valid
702911,539,21457,Waltersville Distribution Center,Mexico,510041,Devolved bottom-line standardization,Automotive Parts,,N,1433,428,07-07-2026,Above Reorder Level,Valid,Unique,Valid
702912,539,20332,Waltersville Distribution Center,Mexico,510041,Customer-focused responsive structure,Industrial Equipment,917.15,Y,8,345,23-10-2025,Below Reorder Level,Valid,Unique,Valid
702913,539,20379,Waltersville Distribution Center,Mexico,510041,Seamless zero tolerance benchmark,Office Supplies,227.92,Y,7152,94,27-09-2025,Above Reorder Level,Valid,Unique,Valid
702914,539,21189,Waltersville Distribution Center,Mexico,510041,Robust bandwidth-monitored application,Sporting Goods,2085.91,N,18642,103,05-01-2026,Above Reorder Level,Valid,Unique,Valid
702915,539,20635,Waltersville Distribution Center,Mexico,510041,Synergistic analyzing open architecture,Office Supplies,,N,1390,304,17-07-2026,Above Reorder Level,Valid,Unique,Valid
702916,539,21310,Waltersville Distribution Center,Mexico,510041,Customizable bandwidth-monitored secured line,Apparel,2231.81,Y,5953,466,30-07-2026,Above Reorder Level,Valid,Unique,Valid
702917,539,20144,Waltersville Distribution Center,Mexico,510041,Advanced hybrid extranet,Apparel,1407.58,N,7412,129,09-12-2025,Above Reorder Level,Valid,Unique,Valid
702918,539,21434,Waltersville Distribution Center,Mexico,510041,Grass-roots client-server array,Industrial Equipment,1875.98,N,10325,151,25-07-2026,Above Reorder Level,Valid,Unique,Valid
702919,539,20290,Waltersville Distribution Center,Mexico,510041,Profound bi-directional migration,Groceries,451.36,Y,3006,338,10-06-2026,Above Reorder Level,Valid,Unique,Valid
702920,539,21379,Waltersville Distribution Center,Mexico,510041,Digitized mission-critical array,Industrial Equipment,1336.62,Y,1975,165,28-03-2026,Above Reorder Level,Valid,Unique,Valid
702921,539,20812,Waltersville Distribution Center,Mexico,510041,Enhanced intangible encryption,Groceries,1994.2,N,2153,198,04-01-2026,Above Reorder Level,Valid,Unique,Valid
702922,539,21454,Waltersville Distribution Center,Mexico,510041,Persevering client-server neural-net,Automotive Parts,818.99,N,6824,362,29-05-2026,Above Reorder Level,Valid,Unique,Valid
702923,539,20353,Waltersville Distribution Center,Mexico,510041,Implemented uniform structure,Pharmaceuticals,477.84,N,9287,280,07-07-2026,Above Reorder Level,Valid,Unique,Valid
702924,539,20789,Waltersville Distribution Center,Mexico,510041,Implemented stable moderator,Apparel,1835.37,N,1097,72,05-09-2025,Above Reorder Level,Valid,Unique,Valid
702925,539,21219,Waltersville Distribution Center,Mexico,510041,Total bottom-line initiative,Apparel,1564.49,N,2537,450,27-09-2025,Above Reorder Level,Valid,Unique,Valid
702926,540,20169,Garciaside Distribution Center,Vietnam,447044,Polarized user-facing challenge,Electronics,,,9028,307,24-09-2025,Above Reorder Level,Valid,Unique,Valid
702927,540,21376,Garciaside Distribution Center,Vietnam,447044,Versatile hybrid collaboration,Furniture,876.59,Y,6390,470,04-08-2026,Above Reorder Level,Valid,Unique,Valid
702928,540,20800,Garciaside Distribution Center,Vietnam,447044,Integrated optimizing customer loyalty,Industrial Equipment,922.34,Y,16292,91,09-05-2026,Above Reorder Level,Valid,Unique,Valid
702929,540,20988,Garciaside Distribution Center,Vietnam,447044,Exclusive analyzing synergy,Groceries,1747.26,Y,5456,486,03-06-2026,Above Reorder Level,Valid,Unique,Valid
702930,540,20852,Garciaside Distribution Center,Vietnam,447044,Universal stable benchmark,Toys,1057.96,Y,1942,500,13-04-2026,Above Reorder Level,Valid,Unique,Valid
702931,540,20490,Garciaside Distribution Center,Vietnam,447044,Inverse background website,Automotive Parts,,N,3473,36,15-01-2026,Above Reorder Level,Valid,Unique,Valid
702932,540,20511,Garciaside Distribution Center,Vietnam,447044,Open-architected optimizing analyzer,Furniture,925.44,N,4206,286,31-10-2025,Above Reorder Level,Valid,Unique,Valid
702933,540,20872,Garciaside Distribution Center,Vietnam,447044,Advanced human-resource data-warehouse,Electronics,244.02,N,318,19,30-04-2026,Above Reorder Level,Valid,Unique,Valid
702934,540,20729,Garciaside Distribution Center,Vietnam,447044,Configurable explicit intranet,Groceries,1377.28,Y,3057,251,09-09-2025,Above Reorder Level,Valid,Unique,Valid
702935,540,20200,Garciaside Distribution Center,Vietnam,447044,Team-oriented hybrid software,Furniture,637.21,Y,4804,474,04-01-2026,Above Reorder Level,Valid,Unique,Valid
702936,540,20100,Garciaside Distribution Center,Vietnam,447044,Function-based systemic policy,Pharmaceuticals,1752.41,Y,712,103,06-08-2026,Above Reorder Level,Valid,Unique,Valid
702937,540,21429,Garciaside Distribution Center,Vietnam,447044,Distributed zero-defect projection,Industrial Equipment,1576.89,N,5898,125,11-09-2025,Above Reorder Level,Valid,Unique,Valid
702938,540,20215,Garciaside Distribution Center,Vietnam,447044,Persistent clear-thinking array,Apparel,2458.67,N,3408,66,02-02-2026,Above Reorder Level,Valid,Unique,Valid
702939,540,20544,Garciaside Distribution Center,Vietnam,447044,Public-key interactive open architecture,Pharmaceuticals,453.76,N,11824,455,09-02-2026,Above Reorder Level,Valid,Unique,Valid
702940,540,20603,Garciaside Distribution Center,Vietnam,447044,Optimized secondary service-desk,Automotive Parts,1452.06,Y,169,347,01-12-2025,Below Reorder Level,Valid,Unique,Valid
702941,540,21416,Garciaside Distribution Center,Vietnam,447044,Face-to-face bi-directional forecast,Apparel,1757.76,N,1199,386,02-01-2026,Above Reorder Level,Valid,Unique,Valid
702942,540,21302,Garciaside Distribution Center,Vietnam,447044,Operative dynamic functionalities,Furniture,488.81,Y,3578,322,06-08-2026,Above Reorder Level,Valid,Unique,Valid
702943,540,20313,Garciaside Distribution Center,Vietnam,447044,Innovative regional pricing structure,Electronics,2424.35,Y,,129,28-04-2026,Cannot Determine,Valid,Unique,Valid
702944,540,21103,Garciaside Distribution Center,Vietnam,447044,Synergistic zero tolerance circuit,Furniture,1217.62,Y,4873,255,11-06-2026,Above Reorder Level,Valid,Unique,Valid
702945,540,20684,Garciaside Distribution Center,Vietnam,447044,Implemented leadingedge core,Office Supplies,1955.5,,5532,189,01-03-2026,Above Reorder Level,Valid,Unique,Valid
702946,540,20615,Garciaside Distribution Center,Vietnam,447044,Team-oriented interactive archive,Industrial Equipment,1368.8,N,421,196,29-09-2025,Above Reorder Level,Valid,Unique,Valid
702947,540,20072,Garciaside Distribution Center,Vietnam,447044,Innovative object-oriented initiative,Pharmaceuticals,22.14,Y,2804,359,13-02-2026,Above Reorder Level,Valid,Unique,Valid
702948,540,20216,Garciaside Distribution Center,Vietnam,447044,Intuitive tertiary moderator,Groceries,1392.38,Y,2765,315,05-06-2026,Above Reorder Level,Valid,Unique,Valid
702949,540,20728,Garciaside Distribution Center,Vietnam,447044,Configurable client-driven system engine,Furniture,1131.3,N,1792,371,08-01-2026,Above Reorder Level,Valid,Unique,Valid
702950,540,21225,Garciaside Distribution Center,Vietnam,447044,Synergized real-time analyzer,Sporting Goods,1787.48,Y,10505,253,27-05-2026,Above Reorder Level,Valid,Unique,Valid
702951,540,21059,Garciaside Distribution Center,Vietnam,447044,Multi-layered clear-thinking functionalities,Industrial Equipment,1096.01,Y,6833,271,24-09-2025,Above Reorder Level,Valid,Unique,Valid
702952,540,20581,Garciaside Distribution Center,Vietnam,447044,Grass-roots systemic strategy,Furniture,2338.88,N,4645,381,25-03-2026,Above Reorder Level,Valid,Unique,Valid
702953,540,20270,Garciaside Distribution Center,Vietnam,447044,De-engineered heuristic secured line,Pharmaceuticals,659.2,N,4871,473,19-06-2026,Above Reorder Level,Valid,Unique,Valid
702954,540,20335,Garciaside Distribution Center,Vietnam,447044,Upgradable neutral frame,Furniture,1330.09,N,2408,204,21-03-2026,Above Reorder Level,Valid,Unique,Valid
702955,540,20241,Garciaside Distribution Center,Vietnam,447044,Adaptive multi-tasking throughput,Electronics,1819.11,Y,9869,,30-10-2025,Cannot Determine,Valid,Unique,Valid
702956,540,20779,Garciaside Distribution Center,Vietnam,447044,Object-based asymmetric monitoring,Sporting Goods,,N,4612,204,02-06-2026,Above Reorder Level,Valid,Unique,Valid
702957,540,21008,Garciaside Distribution Center,Vietnam,447044,Multi-lateral static initiative,Electronics,911.99,N,5076,,30-03-2026,Cannot Determine,Valid,Unique,Valid
702958,540,20613,Garciaside Distribution Center,Vietnam,447044,Configurable object-oriented workforce,Automotive Parts,1136.23,N,7691,462,27-10-2025,Above Reorder Level,Valid,Unique,Valid
702959,540,20503,Garciaside Distribution Center,Vietnam,447044,Re-contextualized multi-state core,Apparel,2000.16,Y,1245,37,27-06-2026,Above Reorder Level,Valid,Unique,Valid
702960,540,20229,Garciaside Distribution Center,Vietnam,447044,Enterprise-wide 5thgeneration leverage,Automotive Parts,267.13,Y,6397,316,04-11-2025,Above Reorder Level,Valid,Unique,Valid
702961,540,21153,Garciaside Distribution Center,Vietnam,447044,Programmable heuristic portal,Toys,1395.65,N,845,420,16-08-2026,Above Reorder Level,Valid,Unique,Valid
702962,540,20762,Garciaside Distribution Center,Vietnam,447044,Configurable foreground core,Apparel,2051.68,Y,1647,,26-07-2026,Cannot Determine,Valid,Unique,Valid
702963,540,20829,Garciaside Distribution Center,Vietnam,447044,Compatible scalable solution,Office Supplies,2093.19,Y,1590,434,26-09-2025,Above Reorder Level,Valid,Unique,Valid
702964,540,20265,Garciaside Distribution Center,Vietnam,447044,Horizontal secondary system engine,Office Supplies,635.57,Y,14933,228,14-06-2026,Above Reorder Level,Valid,Unique,Valid
702965,540,20028,Garciaside Distribution Center,Vietnam,447044,Organized foreground implementation,Office Supplies,1393.35,Y,7549,30,05-11-2025,Above Reorder Level,Valid,Unique,Valid
702966,540,20917,Garciaside Distribution Center,Vietnam,447044,Reactive demand-driven encoding,Apparel,272.79,Y,4696,93,05-03-2026,Above Reorder Level,Valid,Unique,Valid
702967,540,20010,Garciaside Distribution Center,Vietnam,447044,Visionary logistical benchmark,Office Supplies,424.83,Y,5048,226,11-07-2026,Above Reorder Level,Valid,Unique,Valid
702968,540,21299,Garciaside Distribution Center,Vietnam,447044,Stand-alone actuating framework,Automotive Parts,1908.65,Y,3210,425,06-05-2026,Above Reorder Level,Valid,Unique,Valid
702969,540,21111,Garciaside Distribution Center,Vietnam,447044,Automated bottom-line encoding,Sporting Goods,2035.04,Y,11427,186,20-10-2025,Above Reorder Level,Valid,Unique,Valid
702970,540,21481,Garciaside Distribution Center,Vietnam,447044,Optimized cohesive flexibility,Pharmaceuticals,1055.95,N,2666,392,06-07-2026,Above Reorder Level,Valid,Unique,Valid
702971,540,20331,Garciaside Distribution Center,Vietnam,447044,Business-focused full-range access,Industrial Equipment,248.69,N,1862,311,16-07-2026,Above Reorder Level,Valid,Unique,Valid
702972,540,20589,Garciaside Distribution Center,Vietnam,447044,Object-based bifurcated focus group,Electronics,1738.63,Y,692,187,19-03-2026,Above Reorder Level,Valid,Unique,Valid
702973,540,21205,Garciaside Distribution Center,Vietnam,447044,Persistent motivating forecast,Industrial Equipment,669.1,N,5998,401,13-10-2025,Above Reorder Level,Valid,Unique,Valid
702974,540,21071,Garciaside Distribution Center,Vietnam,447044,Persevering client-server policy,Automotive Parts,2306.9,N,5155,421,25-06-2026,Above Reorder Level,Valid,Unique,Valid
702975,540,21084,Garciaside Distribution Center,Vietnam,447044,Pre-emptive upward-trending infrastructure,Pharmaceuticals,2243.69,Y,1886,152,30-01-2026,Above Reorder Level,Valid,Unique,Valid
702976,540,20209,Garciaside Distribution Center,Vietnam,447044,Function-based motivating process improvement,Office Supplies,2021.15,Y,99,489,04-02-2026,Below Reorder Level,Valid,Unique,Valid
702977,540,20681,Garciaside Distribution Center,Vietnam,447044,Adaptive high-level access,Sporting Goods,153.46,Y,7101,216,31-12-2025,Above Reorder Level,Valid,Unique,Valid
702978,540,20897,Garciaside Distribution Center,Vietnam,447044,Implemented dedicated collaboration,Apparel,1230.57,Y,45,378,16-09-2025,Below Reorder Level,Valid,Unique,Valid
702979,540,20396,Garciaside Distribution Center,Vietnam,447044,Distributed web-enabled system engine,Furniture,1844.2,Y,4729,49,28-12-2025,Above Reorder Level,Valid,Unique,Valid
702980,540,20738,Garciaside Distribution Center,Vietnam,447044,Stand-alone asynchronous help-desk,Toys,1073.12,Y,13667,,20-09-2025,Cannot Determine,Valid,Unique,Valid
702981,540,21044,Garciaside Distribution Center,Vietnam,447044,Synchronized bottom-line secured line,Sporting Goods,804.26,Y,2238,263,27-05-2026,Above Reorder Level,Valid,Unique,Valid
702982,540,21046,Garciaside Distribution Center,Vietnam,447044,Up-sized mobile array,Apparel,1456.11,N,1041,,27-08-2026,Cannot Determine,Valid,Unique,Valid
702983,540,20720,Garciaside Distribution Center,Vietnam,447044,Phased encompassing paradigm,Furniture,2119.14,Y,4745,,19-10-2025,Cannot Determine,Valid,Unique,Valid
702984,540,21127,Garciaside Distribution Center,Vietnam,447044,Networked mission-critical project,Office Supplies,38.82,Y,,369,01-06-2026,Cannot Determine,Valid,Unique,Valid
702985,540,20906,Garciaside Distribution Center,Vietnam,447044,Upgradable full-range Graphical User Interface,Electronics,9.16,Y,3074,,07-04-2026,Cannot Determine,Valid,Unique,Valid
702986,540,20175,Garciaside Distribution Center,Vietnam,447044,Face-to-face 3rdgeneration adapter,Furniture,49.77,Y,13267,428,23-11-2025,Above Reorder Level,Valid,Unique,Valid
702987,540,20279,Garciaside Distribution Center,Vietnam,447044,Mandatory maximized service-desk,Furniture,957.92,Y,206,427,07-04-2026,Below Reorder Level,Valid,Unique,Valid
702988,540,21498,Garciaside Distribution Center,Vietnam,447044,Advanced web-enabled function,Electronics,29.96,Y,2732,167,26-11-2025,Above Reorder Level,Valid,Unique,Valid
702989,540,20938,Garciaside Distribution Center,Vietnam,447044,Compatible full-range challenge,Groceries,676.08,N,4928,137,29-11-2025,Above Reorder Level,Valid,Unique,Valid
702990,540,21105,Garciaside Distribution Center,Vietnam,447044,Down-sized analyzing attitude,Office Supplies,2399.72,N,7718,118,18-08-2026,Above Reorder Level,Valid,Unique,Valid
702991,540,21014,Garciaside Distribution Center,Vietnam,447044,Decentralized multi-tasking focus group,Electronics,277.26,Y,768,274,01-06-2026,Above Reorder Level,Valid,Unique,Valid
702992,540,20318,Garciaside Distribution Center,Vietnam,447044,Customizable 3rdgeneration standardization,Apparel,1838.84,N,6257,322,11-01-2026,Above Reorder Level,Valid,Unique,Valid
702993,540,21180,Garciaside Distribution Center,Vietnam,447044,Managed zero-defect flexibility,Sporting Goods,2004.12,Y,3128,454,29-05-2026,Above Reorder Level,Valid,Unique,Valid
702994,540,20839,Garciaside Distribution Center,Vietnam,447044,Organic client-driven leverage,Apparel,313.3,Y,1964,302,31-10-2025,Above Reorder Level,Valid,Unique,Valid
702995,540,21349,Garciaside Distribution Center,Vietnam,447044,Triple-buffered uniform moderator,Electronics,2455.06,Y,549,76,30-11-2025,Above Reorder Level,Valid,Unique,Valid
702996,540,20525,Garciaside Distribution Center,Vietnam,447044,Open-source fresh-thinking firmware,Electronics,69.05,Y,7794,437,23-01-2026,Above Reorder Level,Valid,Unique,Valid
702997,540,21164,Garciaside Distribution Center,Vietnam,447044,Diverse impactful knowledgebase,Pharmaceuticals,685.86,N,665,373,25-10-2025,Above Reorder Level,Valid,Unique,Valid
702998,540,20656,Garciaside Distribution Center,Vietnam,447044,Profound solution-oriented system engine,Office Supplies,1302.13,Y,1441,375,22-08-2026,Above Reorder Level,Valid,Unique,Valid
702999,540,20944,Garciaside Distribution Center,Vietnam,447044,User-friendly holistic info-mediaries,Electronics,1302.69,Y,1332,20,24-03-2026,Above Reorder Level,Valid,Unique,Valid
703000,540,20378,Garciaside Distribution Center,Vietnam,447044,Customer-focused zero tolerance pricing structure,Automotive Parts,417.88,,7975,25,04-03-2026,Above Reorder Level,Valid,Unique,Valid
703001,518,20427,New Reginald Distribution Center,United Kingdom,329521,Horizontal didactic array,Automotive Parts,1986.28,Y,498,451,01-06-2026,Above Reorder Level,Valid,Duplicate Warehouse/Product,Valid
703002,531,21147,Alexismouth Distribution Center,China,467710,Quality-focused composite interface,Toys,1469.12,N,810,304,10-05-2026,Above Reorder Level,Valid,Duplicate Warehouse/Product,Valid
703003,517,20520,Lake Krystalside Distribution Center,Vietnam,561993,Open-source systematic concept,Sporting Goods,1820.18,N,1661,286,29-07-2026,Above Reorder Level,Valid,Duplicate Warehouse/Product,Valid
703004,539,20663,Waltersville Distribution Center,Mexico,510041,Digitized analyzing encoding,Toys,1461.59,N,19782,449,18-03-2026,Above Reorder Level,Valid,Duplicate Warehouse/Product,Valid
703005,504,20870,West Richardhaven Distribution Center,China,363066,Inverse context-sensitive access,Electronics,800.96,N,,23,27-07-2026,Cannot Determine,Valid,Duplicate Warehouse/Product,Valid
