order_date,orders,customers,gross_sales,discount_amount,net_sales,return_amount,units_sold,units_returned,shipments,shipping_cost,net_units,discount_rate,return_rate,average_order_value
2020-06-12,1.0,1.0,99803.03,13782.79781,86020.23219,0.0,43.0,0.0,0.0,0.0,43.0,0.1380999936575072,0.0,86020.23219
2020-09-24,1.0,1.0,1755.27,273.82212,1481.44788,0.0,1.0,0.0,0.0,0.0,1.0,0.156,0.0,1481.44788
2020-09-29,0.0,0.0,0.0,0.0,0.0,0.0,0.0,0.0,1.0,60.01,0.0,,,
2020-10-02,1.0,1.0,232.85,15.3681,217.4819,0.0,1.0,0.0,0.0,0.0,1.0,0.066,0.0,217.4819
2020-10-09,1.0,1.0,72864.9,2076.0371999999998,70788.8628,0.0,66.0,0.0,1.0,774.85,66.0,0.02849159471844468,0.0,70788.8628
2020-10-11,1.0,1.0,191146.21999999997,23756.96874,167389.25126,0.0,119.0,0.0,0.0,0.0,119.0,0.1242868874937731,0.0,167389.25126
2020-10-15,1.0,1.0,70902.45999999999,3962.292,66940.168,0.0,35.0,0.0,1.0,54.13,35.0,0.055883702765743254,0.0,66940.168
2020-10-20,1.0,1.0,113936.82,8223.7056,105713.11439999999,0.0,56.0,0.0,0.0,0.0,56.0,0.0721777701010086,0.0,105713.11439999999
2020-10-21,1.0,1.0,4743.4,1271.2312,3472.1688,0.0,86.0,0.0,0.0,0.0,86.0,0.268,0.0,3472.1688
2020-10-28,1.0,1.0,123317.54000000001,3249.2767300000005,120068.26327,0.0,76.0,0.0,0.0,0.0,76.0,0.02634886107848081,0.0,120068.26327
2020-11-06,1.0,1.0,7380.6,95.9478,7284.6522,0.0,30.0,0.0,0.0,0.0,30.0,0.013,0.0,7284.6522
2020-11-08,1.0,1.0,106583.17,7053.460779999999,99529.70922,0.0,80.0,0.0,0.0,0.0,80.0,0.06617799770826857,0.0,99529.70922
2020-11-10,1.0,1.0,82181.13,17894.3111,64286.8189,0.0,75.0,0.0,1.0,291.29,75.0,0.21774233452375258,0.0,64286.8189
2020-11-11,0.0,0.0,0.0,0.0,0.0,0.0,0.0,0.0,1.0,420.45,0.0,,,
2020-11-13,1.0,1.0,121065.95999999999,9485.68368,111580.27632,0.0,61.0,0.0,1.0,204.56,61.0,0.07835136879102929,0.0,111580.27632
2020-11-17,1.0,1.0,46734.619999999995,6551.53152,40183.08848,0.0,67.0,0.0,0.0,0.0,67.0,0.14018583054703346,0.0,40183.08848
2020-11-20,1.0,1.0,69559.52,5849.02352,63710.496479999994,0.0,59.0,0.0,0.0,0.0,59.0,0.084086599792523,0.0,63710.496479999994
2020-11-22,2.0,2.0,110553.38,3816.9525200000003,101776.50198,4959.9255,104.0,5.0,0.0,0.0,99.0,0.03452587808712859,0.04807692307692308,50888.25099
2020-11-24,1.0,1.0,38998.15,354.10455,38644.045450000005,0.0,32.0,0.0,1.0,127.84,32.0,0.009080034565742221,0.0,38644.045450000005
2020-11-27,1.0,1.0,21037.61,273.48893,20764.12107,0.0,11.0,0.0,0.0,0.0,11.0,0.013,0.0,20764.12107
2020-11-28,1.0,1.0,28897.66,698.1545800000001,26227.724939999996,1971.78048,19.0,8.0,0.0,0.0,11.0,0.024159554095383506,0.42105263157894735,26227.724939999996
2020-11-29,0.0,0.0,0.0,0.0,0.0,0.0,0.0,0.0,1.0,266.67,0.0,,,
2020-12-04,2.0,2.0,111659.41,4327.25094,107332.15905999999,0.0,91.0,0.0,0.0,0.0,91.0,0.0387540193880659,0.0,53666.079529999995
2020-12-05,1.0,1.0,12601.619999999999,2727.6355200000003,9873.98448,0.0,12.0,0.0,1.0,491.96,12.0,0.21645118008636988,0.0,9873.98448
2020-12-07,1.0,1.0,262753.8,30016.92109,232736.87891,0.0,211.0,0.0,0.0,0.0,211.0,0.114239722089652,0.0,232736.87891
2020-12-10,0.0,0.0,0.0,0.0,0.0,0.0,0.0,0.0,1.0,383.05,0.0,,,
2020-12-12,2.0,2.0,26308.78,2243.81454,24064.96546,0.0,30.0,0.0,0.0,0.0,30.0,0.08528766974371293,0.0,12032.48273
2020-12-15,1.0,1.0,94019.81999999999,8680.71604,85339.10396000001,0.0,42.0,0.0,0.0,0.0,42.0,0.09232857540037835,0.0,85339.10396000001
2020-12-16,0.0,0.0,0.0,0.0,0.0,0.0,0.0,0.0,1.0,78.0,0.0,,,
2020-12-17,1.0,1.0,15622.67,281.20806,15341.46194,0.0,7.0,0.0,0.0,0.0,7.0,0.018,0.0,15341.46194
2020-12-18,1.0,1.0,121354.04000000001,13743.28971,107610.75029,0.0,64.0,0.0,1.0,0.0,64.0,0.11324954414373019,0.0,107610.75029
2020-12-25,1.0,1.0,24449.4,97.7976,24351.6024,0.0,47.0,0.0,0.0,0.0,47.0,0.004,0.0,24351.6024
2020-12-27,1.0,1.0,0.0,0.0,0.0,0.0,6.0,0.0,0.0,0.0,6.0,,0.0,0.0
2021-01-02,1.0,1.0,39315.31,9986.08874,29329.22126,0.0,73.0,0.0,0.0,0.0,73.0,0.254,0.0,29329.22126
2021-01-03,1.0,1.0,32119.48,2644.20136,29475.278639999997,0.0,26.0,0.0,0.0,0.0,26.0,0.08232391558020243,0.0,29475.278639999997
2021-01-05,0.0,0.0,0.0,0.0,0.0,0.0,0.0,0.0,1.0,570.3,0.0,,,
2021-01-06,0.0,0.0,0.0,0.0,0.0,0.0,0.0,0.0,1.0,241.04,0.0,,,
2021-01-11,2.0,2.0,52576.28,7184.486559999999,45391.793439999994,0.0,43.0,0.0,0.0,0.0,43.0,0.1366488188209588,0.0,22695.896719999997
2021-01-13,2.0,2.0,100549.6,7629.66979,92919.93020999999,0.0,143.0,0.0,1.0,378.16,143.0,0.07587966327066442,0.0,46459.965104999996
2021-01-14,1.0,1.0,33698.0,7076.58,26621.42,0.0,14.0,0.0,0.0,0.0,14.0,0.21,0.0,26621.42
2021-01-15,0.0,0.0,0.0,0.0,0.0,0.0,0.0,0.0,2.0,656.29,0.0,,,
2021-01-17,1.0,1.0,0.0,0.0,0.0,0.0,0.0,0.0,0.0,0.0,0.0,,,0.0
2021-01-19,1.0,1.0,0.0,0.0,0.0,0.0,0.0,0.0,0.0,0.0,0.0,,,0.0
2021-01-21,1.0,1.0,24365.2,2558.346,21806.854,0.0,79.0,0.0,0.0,0.0,79.0,0.105,0.0,21806.854
2021-01-25,0.0,0.0,0.0,0.0,0.0,0.0,0.0,0.0,1.0,444.45,0.0,,,
2021-01-26,1.0,1.0,109952.45999999999,4153.05792,105799.40208,0.0,75.0,0.0,0.0,0.0,75.0,0.03777139611064637,0.0,105799.40208
2021-01-28,2.0,2.0,80535.56,14202.199869999999,66333.36013,0.0,66.0,0.0,0.0,0.0,66.0,0.17634694375999868,0.0,33166.680065
2021-01-31,0.0,0.0,0.0,0.0,0.0,0.0,0.0,0.0,1.0,230.06,0.0,,,
2021-02-08,0.0,0.0,0.0,0.0,0.0,0.0,0.0,0.0,1.0,236.6,0.0,,,
2021-02-10,1.0,1.0,147597.75,30384.92731,117212.82269,0.0,90.0,0.0,0.0,0.0,90.0,0.2058630792813576,0.0,117212.82269
2021-02-11,1.0,1.0,187579.05,24475.06387,163103.98613,0.0,81.0,0.0,0.0,0.0,81.0,0.13047866416851991,0.0,163103.98613
2021-02-13,2.0,2.0,208537.67,21478.336819999997,187059.33314,0.0,94.0,0.0,0.0,0.0,94.0,0.10299499759443939,0.0,93529.66657
2021-02-16,1.0,1.0,42023.14,3539.65812,38483.48188,0.0,96.0,0.0,0.0,0.0,96.0,0.08423116692374726,0.0,38483.48188
2021-02-17,1.0,1.0,70773.93,9855.622889999999,60918.30711,0.0,58.0,0.0,0.0,0.0,58.0,0.1392549896550891,0.0,60918.30711
2021-02-18,0.0,0.0,0.0,0.0,0.0,0.0,0.0,0.0,1.0,122.49,0.0,,,
2021-02-19,1.0,1.0,49560.92,6991.30033,42569.61967,0.0,130.0,0.0,0.0,0.0,130.0,0.14106478108154571,0.0,42569.61967
2021-02-20,1.0,1.0,83091.12,4917.15456,78173.96544,0.0,60.0,0.0,1.0,88.68,60.0,0.05917785871703258,0.0,78173.96544
2021-02-21,1.0,1.0,29122.61,4514.00455,15044.72323,9563.88222,57.0,9.0,0.0,0.0,48.0,0.15499999999999997,0.15789473684210525,15044.72323
2021-02-22,1.0,1.0,142322.33000000002,4273.3776,138048.9524,0.0,76.0,0.0,0.0,0.0,76.0,0.030026051428472252,0.0,138048.9524
2021-02-24,1.0,1.0,49154.75,10814.045,38340.705,0.0,25.0,0.0,1.0,0.0,25.0,0.22,0.0,38340.705
2021-02-25,2.0,2.0,15122.52,226.8378,14895.6822,0.0,36.0,0.0,1.0,103.37,36.0,0.015,0.0,7447.8411
2021-02-27,1.0,1.0,27840.22,4649.31674,23190.90326,0.0,17.0,0.0,0.0,0.0,17.0,0.167,0.0,23190.90326
2021-02-28,1.0,1.0,5328.66,282.41898,5046.24102,0.0,3.0,0.0,0.0,0.0,3.0,0.053,0.0,5046.24102
2021-03-01,1.0,1.0,98304.47,393.21788,97911.25212,0.0,89.0,0.0,1.0,354.25,89.0,0.004,0.0,97911.25212
2021-03-03,0.0,0.0,0.0,0.0,0.0,0.0,0.0,0.0,1.0,251.09,0.0,,,
2021-03-04,1.0,1.0,35489.27,8357.98024,27131.28976,0.0,31.0,0.0,0.0,0.0,31.0,0.23550724599294381,0.0,27131.28976
2021-03-06,2.0,2.0,90365.81,9475.929259999999,80889.88074,0.0,95.0,0.0,0.0,0.0,95.0,0.10486188592787471,0.0,40444.94037
2021-03-07,1.0,1.0,52189.44,5713.19664,46476.24336,0.0,64.0,0.0,0.0,0.0,64.0,0.10947035722169082,0.0,46476.24336
2021-03-08,1.0,1.0,72710.4,8361.696,64348.704,0.0,48.0,0.0,1.0,473.92,48.0,0.115,0.0,64348.704
2021-03-09,2.0,2.0,37495.36,4049.49888,33445.86112,0.0,24.0,0.0,1.0,37.43,24.0,0.108,0.0,16722.93056
2021-03-10,0.0,0.0,0.0,0.0,0.0,0.0,0.0,0.0,1.0,525.16,0.0,,,
2021-03-11,1.0,1.0,107729.32,17113.23708,90616.08292,0.0,58.0,0.0,0.0,0.0,58.0,0.15885403416637178,0.0,90616.08292
2021-03-12,2.0,2.0,177243.53999999998,27501.277130000002,149742.26287,0.0,142.0,0.0,2.0,610.79,142.0,0.155160956105932,0.0,74871.131435
2021-03-13,0.0,0.0,0.0,0.0,0.0,0.0,0.0,0.0,1.0,98.67,0.0,,,
2021-03-14,0.0,0.0,0.0,0.0,0.0,0.0,0.0,0.0,1.0,752.12,0.0,,,
2021-03-16,0.0,0.0,0.0,0.0,0.0,0.0,0.0,0.0,1.0,48.03,0.0,,,
2021-03-17,1.0,1.0,3135.6,689.832,2445.768,0.0,4.0,0.0,1.0,376.07,4.0,0.22,0.0,2445.768
2021-03-22,2.0,2.0,220047.62,36038.025499999996,184009.5945,0.0,98.0,0.0,0.0,0.0,98.0,0.16377375724400017,0.0,92004.79725
2021-03-23,1.0,1.0,4113.75,1049.00625,3064.74375,0.0,3.0,0.0,0.0,0.0,3.0,0.255,0.0,3064.74375
2021-03-26,1.0,1.0,91114.84,10474.26324,80640.57676,0.0,66.0,0.0,0.0,0.0,66.0,0.11495672099078483,0.0,80640.57676
2021-03-28,0.0,0.0,0.0,0.0,0.0,0.0,0.0,0.0,1.0,426.31,0.0,,,
2021-03-30,1.0,1.0,3075.0,624.225,2450.775,0.0,30.0,0.0,0.0,0.0,30.0,0.203,0.0,2450.775
2021-04-01,1.0,1.0,18285.9,2829.42036,15456.47964,0.0,64.0,0.0,0.0,0.0,64.0,0.15473235443702524,0.0,15456.47964
2021-04-03,1.0,1.0,127570.89,13113.92223,114456.96777,0.0,140.0,0.0,0.0,0.0,140.0,0.10279713679194367,0.0,114456.96777
2021-04-06,4.0,4.0,234435.0,11428.34386,223006.65614,0.0,243.0,0.0,0.0,0.0,243.0,0.04874845419839188,0.0,55751.664035
2021-04-07,1.0,1.0,79933.5,4606.30116,75327.19884000001,0.0,48.0,0.0,1.0,22.74,48.0,0.057626666666666666,0.0,75327.19884000001
2021-04-08,1.0,1.0,403.04,101.56608,-3341.01328,3642.4872,44.0,4.0,1.0,96.21,40.0,0.252,0.09090909090909091,-3341.01328
2021-04-09,1.0,1.0,117476.26999999999,6042.6837,111433.5863,0.0,101.0,0.0,0.0,0.0,101.0,0.051437483501987256,0.0,111433.5863
2021-04-10,1.0,1.0,111526.59,15159.28274,96367.30726,0.0,89.0,0.0,0.0,0.0,89.0,0.13592527790906186,0.0,96367.30726
2021-04-11,0.0,0.0,0.0,0.0,0.0,0.0,0.0,0.0,1.0,245.46,0.0,,,
2021-04-12,0.0,0.0,0.0,0.0,0.0,0.0,0.0,0.0,1.0,485.44,0.0,,,
2021-04-15,1.0,1.0,108615.8,19643.49116,88972.30884000001,0.0,70.0,0.0,0.0,0.0,70.0,0.18085298050559864,0.0,88972.30884000001
2021-04-22,2.0,2.0,97844.76000000001,3405.15454,87963.67652000001,6475.92894,75.0,6.0,0.0,0.0,69.0,0.03480160347881685,0.08,43981.838260000004
2021-04-23,3.0,3.0,44588.59,3729.6122,40858.9778,0.0,113.0,0.0,0.0,0.0,113.0,0.08364499079248751,0.0,13619.659266666667
2021-04-24,1.0,1.0,11511.92,2348.43168,9163.48832,0.0,28.0,0.0,0.0,0.0,28.0,0.20400000000000001,0.0,9163.48832
2021-04-25,0.0,0.0,0.0,0.0,0.0,0.0,0.0,0.0,1.0,90.99,0.0,,,
2021-04-26,0.0,0.0,0.0,0.0,0.0,0.0,0.0,0.0,2.0,631.11,0.0,,,
2021-04-28,1.0,1.0,55822.06,4915.47994,50906.58006,0.0,28.0,0.0,0.0,0.0,28.0,0.08805622615861902,0.0,50906.58006
2021-04-29,1.0,1.0,26407.59,5651.22426,20756.36574,0.0,43.0,0.0,1.0,269.13,43.0,0.214,0.0,20756.36574
2021-04-30,3.0,3.0,259113.17,43470.57548,215642.59451999998,0.0,221.0,0.0,0.0,0.0,221.0,0.16776675411751552,0.0,71880.86484
2021-05-01,3.0,3.0,290633.61,30613.606470000002,260020.00353000002,0.0,224.0,0.0,0.0,0.0,224.0,0.10533401993664808,0.0,86673.33451
2021-05-02,1.0,1.0,11917.68,2979.42,8938.26,0.0,34.0,0.0,1.0,29.94,34.0,0.25,0.0,8938.26
2021-05-03,0.0,0.0,0.0,0.0,0.0,0.0,0.0,0.0,1.0,458.31,0.0,,,
2021-05-05,1.0,1.0,61835.12,4929.1187,56906.0013,0.0,45.0,0.0,0.0,0.0,45.0,0.07971390206730414,0.0,56906.0013
2021-05-08,2.0,2.0,196058.7,29602.592920000003,166456.10708,0.0,125.0,0.0,0.0,0.0,125.0,0.1509884178564889,0.0,83228.05354
2021-05-12,2.0,2.0,134849.81,21603.622320000002,113246.18767999999,0.0,76.0,0.0,0.0,0.0,76.0,0.1602050630994586,0.0,56623.093839999994
2021-05-16,3.0,3.0,75489.95000000001,4576.536499999999,70913.4135,0.0,63.0,0.0,1.0,399.5,63.0,0.060624447360211504,0.0,23637.8045
2021-05-17,1.0,1.0,123946.32999999999,10470.97172,113475.35827999999,0.0,88.0,0.0,0.0,0.0,88.0,0.08447988512447283,0.0,113475.35827999999
2021-05-18,2.0,2.0,117459.02,4449.408179999999,112667.52062000001,342.0912,109.0,3.0,0.0,0.0,106.0,0.03788051509368969,0.027522935779816515,56333.760310000005
2021-05-19,5.0,4.0,190211.7,30146.30712,160065.39288,0.0,169.0,0.0,0.0,0.0,169.0,0.1584881851116414,0.0,32013.078576
2021-05-20,2.0,2.0,36452.25,5540.742,30911.508,0.0,25.0,0.0,1.0,141.08,25.0,0.152,0.0,15455.754
2021-05-22,2.0,2.0,213276.63,44887.835699999996,168388.79429999998,0.0,229.0,0.0,0.0,0.0,229.0,0.21046767149312137,0.0,84194.39714999999
2021-05-23,1.0,1.0,0.0,0.0,0.0,0.0,42.0,0.0,2.0,1090.58,42.0,,0.0,0.0
2021-05-24,0.0,0.0,0.0,0.0,0.0,0.0,0.0,0.0,1.0,683.97,0.0,,,
2021-05-26,1.0,1.0,55100.04,5524.94388,49575.09612,0.0,50.0,0.0,0.0,0.0,50.0,0.10027114100098657,0.0,49575.09612
2021-05-27,1.0,1.0,0.0,0.0,-3536.27001,3536.27001,0.0,3.0,0.0,0.0,-3.0,,,-3536.27001
2021-05-28,0.0,0.0,0.0,0.0,0.0,0.0,0.0,0.0,1.0,540.01,0.0,,,
2021-05-29,1.0,1.0,73955.20999999999,8630.70135,65324.50865,0.0,71.0,0.0,0.0,0.0,71.0,0.11670173541526013,0.0,65324.50865
2021-05-30,5.0,5.0,217651.85,22989.80888,194662.04112,0.0,225.0,0.0,1.0,391.05,225.0,0.10562652639984452,0.0,38932.408224
2021-06-01,1.0,1.0,82371.62,11969.57762,70402.04238,0.0,128.0,0.0,1.0,258.9,128.0,0.1453119122824099,0.0,70402.04238
2021-06-02,1.0,1.0,108078.46,5718.39692,102360.06307999999,0.0,96.0,0.0,3.0,1609.08,96.0,0.052909681725664855,0.0,102360.06307999999
2021-06-03,1.0,1.0,72078.41,1445.20819,70633.20181,0.0,55.0,0.0,0.0,0.0,55.0,0.020050500420306164,0.0,70633.20181
2021-06-04,0.0,0.0,0.0,0.0,0.0,0.0,0.0,0.0,3.0,850.1,0.0,,,
2021-06-08,1.0,1.0,16691.12,951.39384,15739.72616,0.0,62.0,0.0,0.0,0.0,62.0,0.057,0.0,15739.72616
2021-06-10,1.0,1.0,27846.45,55.6929,27790.7571,0.0,15.0,0.0,0.0,0.0,15.0,0.002,0.0,27790.7571
2021-06-11,1.0,1.0,0.0,0.0,0.0,0.0,0.0,0.0,1.0,574.86,0.0,,,0.0
2021-06-14,1.0,1.0,3404.4,57.8748,3346.5252,0.0,6.0,0.0,0.0,0.0,6.0,0.017,0.0,3346.5252
2021-06-16,3.0,3.0,97495.36,12760.50468,84734.85532,0.0,93.0,0.0,0.0,0.0,93.0,0.13088319977484056,0.0,28244.951773333334
2021-06-17,1.0,1.0,68444.42,4529.63912,63914.780880000006,0.0,62.0,0.0,1.0,120.29,62.0,0.0661798159733109,0.0,63914.780880000006
2021-06-19,3.0,3.0,181100.39,2992.52896,178107.86104,0.0,163.0,0.0,0.0,0.0,163.0,0.016524144205321698,0.0,59369.28701333333
2021-06-20,1.0,1.0,20802.88,1206.56704,19596.31296,0.0,14.0,0.0,0.0,0.0,14.0,0.057999999999999996,0.0,19596.31296
2021-06-21,2.0,2.0,201871.73,21619.81893,180251.91107,0.0,186.0,0.0,0.0,0.0,186.0,0.10709681306045181,0.0,90125.955535
2021-06-23,1.0,1.0,161792.28,27409.355499999998,134382.9245,0.0,101.0,0.0,1.0,553.84,101.0,0.16941077472917743,0.0,134382.9245
2021-06-24,1.0,1.0,0.0,0.0,0.0,0.0,2.0,0.0,0.0,0.0,2.0,,0.0,0.0
2021-06-25,1.0,1.0,28173.61,442.80085,27730.80915,0.0,55.0,0.0,0.0,0.0,55.0,0.01571686588974576,0.0,27730.80915
2021-06-27,1.0,1.0,17651.25,282.42,17368.83,0.0,52.0,0.0,0.0,0.0,52.0,0.016,0.0,17368.83
2021-06-28,1.0,1.0,0.0,0.0,0.0,0.0,13.0,0.0,0.0,0.0,13.0,,0.0,0.0
2021-07-01,1.0,1.0,153725.27,15254.356539999999,138470.91346,0.0,139.0,0.0,0.0,0.0,139.0,0.09923128799838829,0.0,138470.91346
2021-07-03,2.0,2.0,46110.96,46.11096,46064.84904,0.0,28.0,0.0,1.0,354.03,28.0,0.001,0.0,23032.42452
2021-07-04,1.0,1.0,27201.72,2747.37372,24454.34628,0.0,21.0,0.0,0.0,0.0,21.0,0.10099999999999999,0.0,24454.34628
2021-07-07,1.0,1.0,11180.68,2951.69952,8228.98048,0.0,28.0,0.0,0.0,0.0,28.0,0.264,0.0,8228.98048
2021-07-08,1.0,1.0,91715.06,18179.64248,73535.41752,0.0,62.0,0.0,1.0,276.76,62.0,0.19821872743691166,0.0,73535.41752
2021-07-09,3.0,3.0,432450.9,67754.64062,364696.25938,0.0,303.0,0.0,1.0,126.32,303.0,0.15667591539293826,0.0,121565.41979333333
2021-07-10,1.0,1.0,61226.149999999994,5570.38277,55655.76723,0.0,49.0,0.0,1.0,225.74,49.0,0.09098045149009044,0.0,55655.76723
2021-07-11,4.0,4.0,143626.91999999998,35397.22668,105079.47508,3150.21824,127.0,8.0,1.0,445.98,119.0,0.24645259175647577,0.06299212598425197,26269.86877
2021-07-12,3.0,3.0,401707.35,42030.197850000004,359677.15215000004,0.0,238.0,0.0,2.0,291.68,238.0,0.10462889924717585,0.0,119892.38405000001
2021-07-13,1.0,1.0,71204.89,11393.722899999999,59811.1671,0.0,50.0,0.0,0.0,0.0,50.0,0.16001320836251554,0.0,59811.1671
2021-07-14,3.0,3.0,282111.41000000003,44369.34945,237742.06055,0.0,245.0,0.0,1.0,426.06,245.0,0.15727598344923374,0.0,79247.35351666667
2021-07-15,0.0,0.0,0.0,0.0,0.0,0.0,0.0,0.0,2.0,919.77,0.0,,,
2021-07-17,1.0,1.0,541.75,139.22975,402.52025,0.0,25.0,0.0,2.0,414.28,25.0,0.257,0.0,402.52025
2021-07-18,1.0,1.0,0.0,0.0,0.0,0.0,41.0,0.0,0.0,0.0,41.0,,0.0,0.0
2021-07-19,4.0,4.0,245390.26,24693.9587,220696.30130000002,0.0,291.0,0.0,0.0,0.0,291.0,0.10063137265513308,0.0,55174.075325000005
2021-07-20,2.0,2.0,139567.74000000002,7163.4410800000005,122407.24772,9997.0512,87.0,5.0,0.0,0.0,82.0,0.051325908694946264,0.05747126436781609,61203.62386
2021-07-21,2.0,2.0,124090.43000000001,6849.65677,117240.77322999999,0.0,99.0,0.0,0.0,0.0,99.0,0.055198912357705576,0.0,58620.386614999996
2021-07-23,2.0,2.0,264913.14,29081.33202,235831.80794,0.0,144.0,0.0,2.0,123.28,144.0,0.1097768575012927,0.0,117915.90397
2021-07-24,1.0,1.0,85455.2,256.3656,85198.8344,0.0,40.0,0.0,0.0,0.0,40.0,0.0029999999999999996,0.0,85198.8344
2021-07-25,2.0,2.0,276798.11,32365.1229,244432.98709999997,0.0,210.0,0.0,1.0,265.82,210.0,0.11692682041795734,0.0,122216.49354999998
2021-07-26,1.0,1.0,117140.66,20349.03156,96791.62844,0.0,76.0,0.0,0.0,0.0,76.0,0.1737145032305606,0.0,96791.62844
2021-07-27,3.0,3.0,159416.31,21796.54765,137619.76235,0.0,182.0,0.0,0.0,0.0,182.0,0.1367272122281591,0.0,45873.25411666667
2021-07-28,2.0,2.0,84181.43000000001,14412.671040000001,69768.75896,0.0,188.0,0.0,0.0,0.0,188.0,0.1712096247355266,0.0,34884.37948
2021-07-29,0.0,0.0,0.0,0.0,0.0,0.0,0.0,0.0,3.0,1317.83,0.0,,,
2021-07-30,3.0,3.0,287732.08999999997,35378.8761,252353.2139,0.0,308.0,0.0,1.0,206.33,308.0,0.12295770033853369,0.0,84117.73796666667
2021-07-31,2.0,2.0,100286.03,2179.8728499999997,98106.15715,0.0,81.0,0.0,0.0,0.0,81.0,0.02173655543050213,0.0,49053.078575
2021-08-01,1.0,1.0,23306.32,2836.28164,20470.03836,0.0,36.0,0.0,0.0,0.0,36.0,0.12169581641374529,0.0,20470.03836
2021-08-05,1.0,1.0,94400.23000000001,10496.967059999999,83903.26294,0.0,53.0,0.0,1.0,285.77,53.0,0.1111964140341607,0.0,83903.26294
2021-08-06,1.0,1.0,120008.56,17187.060279999998,102821.49972,0.0,92.0,0.0,2.0,465.52,92.0,0.14321528630957656,0.0,102821.49972
2021-08-08,1.0,1.0,0.0,0.0,-6010.3177,6010.3177,0.0,10.0,0.0,0.0,-10.0,,,-6010.3177
2021-08-10,1.0,1.0,103306.11,22947.6711,80358.43890000001,0.0,63.0,0.0,0.0,0.0,63.0,0.22213275768490362,0.0,80358.43890000001
2021-08-11,0.0,0.0,0.0,0.0,0.0,0.0,0.0,0.0,1.0,163.99,0.0,,,
2021-08-12,1.0,1.0,97285.4,14981.9516,82303.4484,0.0,46.0,0.0,0.0,0.0,46.0,0.15400000000000003,0.0,82303.4484
2021-08-13,1.0,1.0,0.0,0.0,0.0,0.0,0.0,0.0,0.0,0.0,0.0,,,0.0
2021-08-14,2.0,1.0,16208.8,291.7584,15917.0416,0.0,40.0,0.0,0.0,0.0,40.0,0.018000000000000002,0.0,7958.5208
2021-08-17,2.0,2.0,122247.58,2898.58756,119348.99244,0.0,100.0,0.0,0.0,0.0,100.0,0.023710797056268926,0.0,59674.49622
2021-08-18,0.0,0.0,0.0,0.0,0.0,0.0,0.0,0.0,1.0,186.45,0.0,,,
2021-08-20,1.0,1.0,0.0,0.0,0.0,0.0,0.0,0.0,0.0,0.0,0.0,,,0.0
2021-08-21,1.0,1.0,68676.55,1384.37751,67292.17249,0.0,43.0,0.0,0.0,0.0,43.0,0.020157936151422865,0.0,67292.17249
2021-08-22,1.0,1.0,27825.06,4591.0012799999995,23234.05872,0.0,34.0,0.0,1.0,212.68,34.0,0.16499519785402078,0.0,23234.05872
2021-08-23,1.0,1.0,98042.0,3405.79892,94636.20108,0.0,74.0,0.0,0.0,0.0,74.0,0.03473816242018727,0.0,94636.20108
2021-08-25,1.0,1.0,0.0,0.0,0.0,0.0,0.0,0.0,1.0,582.96,0.0,,,0.0
2021-08-26,1.0,1.0,67531.5,2169.889,65361.611000000004,0.0,55.0,0.0,0.0,0.0,55.0,0.032131508999503934,0.0,65361.611000000004
2021-08-27,1.0,1.0,93578.93,20077.78488,73501.14512,0.0,129.0,0.0,0.0,0.0,129.0,0.214554546413386,0.0,73501.14512
2021-08-29,1.0,1.0,141653.39,13479.22583,128174.16417,0.0,116.0,0.0,1.0,308.95,116.0,0.09515639428043338,0.0,128174.16417
2021-08-30,1.0,1.0,113270.34,14734.90713,98535.43286999999,0.0,58.0,0.0,1.0,403.91,58.0,0.13008619140721217,0.0,98535.43286999999
2021-09-01,1.0,1.0,241894.4,18596.85756,223297.54244,0.0,112.0,0.0,0.0,0.0,112.0,0.07688006650836067,0.0,223297.54244
2021-09-02,3.0,3.0,209100.84,25555.17355,183545.66645000002,0.0,183.0,0.0,0.0,0.0,183.0,0.1222145905774458,0.0,61181.88881666667
2021-09-03,1.0,1.0,21984.5,2308.3725,19676.1275,0.0,25.0,0.0,0.0,0.0,25.0,0.105,0.0,19676.1275
2021-09-04,1.0,1.0,126347.31,505.38924,125841.92076000001,0.0,73.0,0.0,1.0,402.44,73.0,0.004,0.0,125841.92076000001
2021-09-05,1.0,1.0,91887.83,5808.42559,86079.40441,0.0,100.0,0.0,2.0,484.56,100.0,0.06321213146506996,0.0,86079.40441
2021-09-06,2.0,2.0,120277.94,991.65834,119286.28169999999,0.0,73.0,0.0,0.0,0.0,73.0,0.008244723346608696,0.0,59643.140849999996
2021-09-07,4.0,3.0,161812.63,1308.5807,160504.04927999998,0.0,158.0,0.0,2.0,147.52,158.0,0.008087012120129312,0.0,40126.012319999994
2021-09-08,3.0,3.0,354250.05,25210.13645,329039.91359,0.0,196.0,0.0,2.0,590.39,196.0,0.07116480703390163,0.0,109679.97119666667
2021-09-09,1.0,1.0,243402.48,11771.03716,231631.44283999997,0.0,148.0,0.0,2.0,940.34,148.0,0.04836038301663976,0.0,231631.44283999997
2021-09-10,0.0,0.0,0.0,0.0,0.0,0.0,0.0,0.0,1.0,526.33,0.0,,,
2021-09-12,1.0,1.0,231729.8,11143.48015,220586.31985,0.0,105.0,0.0,1.0,605.11,105.0,0.048088248252922156,0.0,220586.31985
2021-09-14,3.0,3.0,74189.92,14061.10524,60128.81476,0.0,143.0,0.0,1.0,399.1,143.0,0.1895285133074682,0.0,20042.938253333334
2021-09-15,2.0,2.0,94456.34,8670.56674,85785.77325999999,0.0,50.0,0.0,0.0,0.0,50.0,0.0917944389968953,0.0,42892.88662999999
2021-09-16,1.0,1.0,118837.18,18692.634400000003,100144.54560000001,0.0,83.0,0.0,0.0,0.0,83.0,0.1572961795289993,0.0,100144.54560000001
2021-09-17,1.0,1.0,12438.58,788.04422,11650.53578,0.0,41.0,0.0,0.0,0.0,41.0,0.06335483793166101,0.0,11650.53578
2021-09-18,1.0,1.0,24437.24,1628.82612,22808.41388,0.0,49.0,0.0,0.0,0.0,49.0,0.06665344040489024,0.0,22808.41388
2021-09-19,2.0,2.0,176278.31,18214.064440000002,158064.24555999998,0.0,115.0,0.0,1.0,176.0,115.0,0.1033256130036645,0.0,79032.12277999999
2021-09-21,2.0,2.0,89378.64,5072.76186,84305.87814,0.0,97.0,0.0,0.0,0.0,97.0,0.05675586314582544,0.0,42152.93907
2021-09-22,1.0,1.0,34889.060000000005,5447.525680000001,29441.53432,0.0,86.0,0.0,0.0,0.0,86.0,0.1561385053079676,0.0,29441.53432
2021-09-23,1.0,1.0,137645.72,7488.73064,130156.98936,0.0,85.0,0.0,0.0,0.0,85.0,0.05440583724651954,0.0,130156.98936
2021-09-24,1.0,1.0,72595.35,6719.47306,65875.87694,0.0,72.0,0.0,1.0,553.29,72.0,0.09256065381598132,0.0,65875.87694
2021-09-25,1.0,1.0,4313.42,69.01472,4244.40528,0.0,2.0,0.0,0.0,0.0,2.0,0.016,0.0,4244.40528
2021-09-26,2.0,2.0,95140.29000000001,2945.6478899999997,92194.64211,0.0,110.0,0.0,0.0,0.0,110.0,0.03096109849990997,0.0,46097.321055
2021-09-27,0.0,0.0,0.0,0.0,0.0,0.0,0.0,0.0,1.0,357.36,0.0,,,
2021-09-28,1.0,1.0,78618.2,9198.3294,69419.8706,0.0,34.0,0.0,0.0,0.0,34.0,0.117,0.0,69419.8706
2021-09-29,1.0,1.0,0.0,0.0,0.0,0.0,0.0,0.0,1.0,461.56,0.0,,,0.0
2021-09-30,1.0,1.0,27902.16,6082.67088,21819.48912,0.0,12.0,0.0,0.0,0.0,12.0,0.218,0.0,21819.48912
2021-10-01,1.0,1.0,51657.32,413.25856,51244.06144,0.0,22.0,0.0,0.0,0.0,22.0,0.008,0.0,51244.06144
2021-10-02,2.0,2.0,59673.020000000004,8446.25211,51226.767889999996,0.0,87.0,0.0,0.0,0.0,87.0,0.141542226453429,0.0,25613.383944999998
2021-10-03,2.0,2.0,40439.119999999995,404.39119999999997,40034.728800000004,0.0,56.0,0.0,0.0,0.0,56.0,0.01,0.0,20017.364400000002
2021-10-04,0.0,0.0,0.0,0.0,0.0,0.0,0.0,0.0,1.0,247.77,0.0,,,
2021-10-05,5.0,5.0,202847.08000000002,17325.75895,185521.32105000003,0.0,272.0,0.0,0.0,0.0,272.0,0.08541290784171011,0.0,37104.26421000001
2021-10-06,2.0,2.0,106384.91,1559.91992,104824.99008,0.0,88.0,0.0,0.0,0.0,88.0,0.014662981056241906,0.0,52412.49504
2021-10-07,1.0,1.0,76666.18,2064.77428,74601.40572,0.0,88.0,0.0,1.0,507.13,88.0,0.02693200939449442,0.0,74601.40572
2021-10-08,3.0,3.0,8773.11,1754.622,7018.488,0.0,9.0,0.0,1.0,0.0,9.0,0.19999999999999998,0.0,2339.496
2021-10-09,2.0,2.0,64921.95999999999,12956.8066,51965.1534,0.0,42.0,0.0,0.0,0.0,42.0,0.1995750990881976,0.0,25982.5767
2021-10-10,2.0,2.0,173153.94,12814.298279999999,160339.64172,0.0,152.0,0.0,2.0,906.3199999999999,152.0,0.07400523649649554,0.0,80169.82086
2021-10-12,1.0,1.0,43141.0,2674.742,40466.258,0.0,39.0,0.0,1.0,451.82,39.0,0.062000000000000006,0.0,40466.258
2021-10-13,3.0,3.0,0.0,0.0,0.0,0.0,0.0,0.0,1.0,305.57,0.0,,,0.0
2021-10-16,5.0,5.0,290259.74,26128.1224,264131.6176,0.0,313.0,0.0,0.0,0.0,313.0,0.09001635018345983,0.0,52826.32352
2021-10-17,1.0,1.0,2515.76,158.49288,2357.26712,0.0,8.0,0.0,2.0,678.75,8.0,0.063,0.0,2357.26712
2021-10-18,2.0,2.0,205109.78,19571.02458,185538.75542,0.0,158.0,0.0,1.0,189.91,158.0,0.09541731544931695,0.0,92769.37771
2021-10-19,1.0,1.0,45574.55,774.76735,44799.78265,0.0,35.0,0.0,2.0,432.52,35.0,0.016999999999999998,0.0,44799.78265
2021-10-20,2.0,2.0,115800.70999999999,2642.96621,113157.74379,0.0,84.0,0.0,2.0,760.7900000000001,84.0,0.02282340246445812,0.0,56578.871895
2021-10-21,1.0,1.0,87019.15999999999,823.52646,86195.63354,0.0,56.0,0.0,1.0,105.88,56.0,0.009463737181558638,0.0,86195.63354
2021-10-23,1.0,1.0,0.0,0.0,0.0,0.0,0.0,0.0,0.0,0.0,0.0,,,0.0
2021-10-28,1.0,1.0,3911.4,11.7342,3899.6658,0.0,6.0,0.0,0.0,0.0,6.0,0.0029999999999999996,0.0,3899.6658
2021-10-29,2.0,2.0,114613.94,13643.6934,100970.2466,0.0,61.0,0.0,0.0,0.0,61.0,0.11904043609355022,0.0,50485.1233
2021-10-30,1.0,1.0,11954.4,1948.5672,10005.8328,0.0,5.0,0.0,0.0,0.0,5.0,0.163,0.0,10005.8328
2021-10-31,0.0,0.0,0.0,0.0,0.0,0.0,0.0,0.0,1.0,529.69,0.0,,,
2021-11-01,1.0,1.0,5635.08,90.16128,5544.91872,0.0,6.0,0.0,0.0,0.0,6.0,0.016,0.0,5544.91872
2021-11-02,1.0,1.0,111081.51999999999,18057.57416,91564.88877,1459.05707,51.0,1.0,0.0,0.0,50.0,0.16256146080824246,0.0196078431372549,91564.88877
2021-11-03,2.0,2.0,114887.71,7170.83045,107716.87955,0.0,62.0,0.0,1.0,149.11,62.0,0.06241599253740892,0.0,53858.439775
2021-11-04,3.0,3.0,319212.0,36315.843120000005,271331.15528,11565.0016,242.0,5.0,0.0,0.0,237.0,0.11376716138491036,0.02066115702479339,90443.71842666667
2021-11-05,4.0,4.0,342524.31,36413.33737,306110.97263000003,0.0,202.0,0.0,2.0,1128.73,202.0,0.10630876789445981,0.0,76527.74315750001
2021-11-06,2.0,2.0,104343.12,1147.77432,103195.3457,0.0,42.0,0.0,1.0,804.56,42.0,0.011000000000000001,0.0,51597.67285
2021-11-08,1.0,1.0,12106.99,3099.38944,9007.60056,0.0,19.0,0.0,0.0,0.0,19.0,0.256,0.0,9007.60056
2021-11-09,1.0,1.0,25005.52,125.0276,24880.4924,0.0,38.0,0.0,0.0,0.0,38.0,0.005,0.0,24880.4924
2021-11-10,1.0,1.0,80946.62,20110.9727,60835.647300000004,0.0,62.0,0.0,2.0,246.36,62.0,0.24844734344682953,0.0,60835.647300000004
2021-11-11,0.0,0.0,0.0,0.0,0.0,0.0,0.0,0.0,1.0,323.26,0.0,,,
2021-11-13,3.0,3.0,226655.65999999997,20327.96928,206327.69072,0.0,121.0,0.0,1.0,38.49,121.0,0.08968657248621104,0.0,68775.89690666668
2021-11-14,2.0,2.0,138257.43,5893.14691,132364.28309,0.0,160.0,0.0,0.0,0.0,160.0,0.04262444998435166,0.0,66182.141545
2021-11-15,0.0,0.0,0.0,0.0,0.0,0.0,0.0,0.0,1.0,587.0,0.0,,,
2021-11-16,3.0,3.0,105703.53,9524.46337,96179.06663,0.0,86.0,0.0,0.0,0.0,86.0,0.09010544274160001,0.0,32059.688876666667
2021-11-17,2.0,2.0,63224.68,9203.1482,54021.5318,0.0,72.0,0.0,1.0,624.77,72.0,0.14556259043145808,0.0,27010.7659
2021-11-18,1.0,1.0,24280.1,6264.2658,18015.8342,0.0,13.0,0.0,0.0,0.0,13.0,0.258,0.0,18015.8342
2021-11-19,1.0,1.0,12593.96,868.98324,11724.97676,0.0,38.0,0.0,1.0,416.07,38.0,0.069,0.0,11724.97676
2021-11-20,1.0,1.0,103886.8,8546.680400000001,95340.1196,0.0,65.0,0.0,1.0,0.0,65.0,0.08226916605382013,0.0,95340.1196
2021-11-21,1.0,1.0,19248.920000000002,254.62936,18994.29064,0.0,76.0,0.0,1.0,549.76,76.0,0.013228241376659053,0.0,18994.29064
2021-11-22,2.0,2.0,66969.78,3415.45878,63554.32122,0.0,62.0,0.0,0.0,0.0,62.0,0.051,0.0,31777.16061
2021-11-23,3.0,3.0,64072.85,11172.51133,52900.33867,0.0,103.0,0.0,0.0,0.0,103.0,0.17437200514726595,0.0,17633.446223333332
2021-11-24,2.0,2.0,117670.66,26684.119339999997,90986.54066,0.0,70.0,0.0,1.0,343.08,70.0,0.22676952215616022,0.0,45493.27033
2021-11-25,3.0,3.0,47622.14,10873.779209999999,36748.36079,0.0,104.0,0.0,0.0,0.0,104.0,0.22833453536527334,0.0,12249.453596666666
2021-11-26,2.0,2.0,113840.58000000002,14545.81494,99294.76506,0.0,141.0,0.0,0.0,0.0,141.0,0.1277735491157898,0.0,49647.38253
2021-11-27,4.0,4.0,50497.26,6285.42078,44211.83922,0.0,136.0,0.0,1.0,249.75,136.0,0.12447053127238983,0.0,11052.959805
2021-11-28,2.0,2.0,122400.91,7813.775549999999,114587.13445000001,0.0,93.0,0.0,4.0,707.4000000000001,93.0,0.06383756092989831,0.0,57293.567225000006
2021-11-29,1.0,1.0,10903.13,621.47841,10281.65159,0.0,41.0,0.0,2.0,781.21,41.0,0.05700000000000001,0.0,10281.65159
2021-11-30,2.0,2.0,78242.22,12733.7319,65508.4881,0.0,74.0,0.0,0.0,0.0,74.0,0.16274757924813485,0.0,32754.24405
2021-12-01,2.0,2.0,296011.33999999997,11479.00574,284532.33426000003,0.0,186.0,0.0,0.0,0.0,186.0,0.03877893914469629,0.0,142266.16713000002
2021-12-02,0.0,0.0,0.0,0.0,0.0,0.0,0.0,0.0,3.0,882.08,0.0,,,
2021-12-03,1.0,1.0,220750.56,31685.674929999997,189064.88507,0.0,108.0,0.0,0.0,0.0,108.0,0.14353610215077142,0.0,189064.88507
2021-12-04,2.0,2.0,320570.47,41144.56754,279425.90244,0.0,238.0,0.0,1.0,352.33,238.0,0.12834796523834524,0.0,139712.95122
2021-12-05,1.0,1.0,98816.44,6277.39616,92539.04384,0.0,65.0,0.0,2.0,786.35,65.0,0.06352582788855782,0.0,92539.04384
2021-12-06,1.0,1.0,43558.54,1245.06351,42313.47649,0.0,30.0,0.0,0.0,0.0,30.0,0.028583683245581692,0.0,42313.47649
2021-12-07,1.0,1.0,135567.84,31982.392079999998,103585.44792,0.0,68.0,0.0,1.0,151.42,68.0,0.23591430002867936,0.0,103585.44792
2021-12-09,2.0,2.0,8885.58,62.19906,2393.058689999999,6430.32225,31.0,3.0,2.0,934.53,28.0,0.007,0.0967741935483871,1196.5293449999995
2021-12-10,6.0,6.0,297457.64,34072.11033,263385.52967,0.0,230.0,0.0,0.0,0.0,230.0,0.1145444115336893,0.0,43897.588278333336
2021-12-11,1.0,1.0,65636.4,16869.439,48766.960999999996,0.0,61.0,0.0,0.0,0.0,61.0,0.25701347118367246,0.0,48766.960999999996
2021-12-12,1.0,1.0,68902.65,14497.75665,54404.89335,0.0,63.0,0.0,2.0,362.68,63.0,0.21040927526009523,0.0,54404.89335
2021-12-14,1.0,1.0,63701.52,4149.64728,59551.87272,0.0,30.0,0.0,1.0,419.03,30.0,0.06514204496219243,0.0,59551.87272
2021-12-16,2.0,2.0,6682.72,53.46176,6629.25824,0.0,22.0,0.0,1.0,222.88,22.0,0.008,0.0,3314.62912
2021-12-17,1.0,1.0,9223.4,156.7978,9066.6022,0.0,10.0,0.0,0.0,0.0,10.0,0.017,0.0,9066.6022
2021-12-18,3.0,3.0,114606.91999999998,14231.776749999999,100375.14325000001,0.0,96.0,0.0,0.0,0.0,96.0,0.12417903517518838,0.0,33458.381083333334
2021-12-19,1.0,1.0,10574.4,2114.88,8459.52,0.0,20.0,0.0,1.0,0.0,20.0,0.2,0.0,8459.52
2021-12-20,5.0,5.0,418346.27,31403.21241,381522.00479,5421.0528,294.0,5.0,2.0,381.28,289.0,0.07506511868744521,0.017006802721088437,76304.400958
2021-12-22,3.0,3.0,230857.72999999998,44053.31693,186804.41307,0.0,180.0,0.0,2.0,966.22,180.0,0.19082452612697876,0.0,62268.13769
2021-12-23,2.0,2.0,145917.58000000002,12583.24872,133334.33127999998,0.0,114.0,0.0,0.0,0.0,114.0,0.0862353166767157,0.0,66667.16563999999
2021-12-24,2.0,2.0,54946.600000000006,6539.75324,48406.84676,0.0,188.0,0.0,0.0,0.0,188.0,0.11902016212104115,0.0,24203.42338
2021-12-25,4.0,4.0,188733.99,29307.24301,158391.44459,1035.3024,142.0,2.0,1.0,153.52,140.0,0.15528333295979171,0.014084507042253521,39597.8611475
2021-12-26,2.0,2.0,170858.33000000002,8313.05784,162545.27216,0.0,177.0,0.0,0.0,0.0,177.0,0.0486546827421291,0.0,81272.63608
2021-12-27,1.0,1.0,39257.84,4347.8696,34909.970400000006,0.0,91.0,0.0,3.0,641.78,91.0,0.11075162566254283,0.0,34909.970400000006
2021-12-28,2.0,2.0,92389.83,10146.20568,82243.62432,0.0,104.0,0.0,2.0,751.59,104.0,0.10981950805624384,0.0,41121.81216
2021-12-29,0.0,0.0,0.0,0.0,0.0,0.0,0.0,0.0,1.0,561.16,0.0,,,
2021-12-30,3.0,3.0,210200.78999999998,23152.36536,187048.42463999998,0.0,206.0,0.0,3.0,928.4200000000001,206.0,0.11014404541486263,0.0,62349.474879999994
2021-12-31,2.0,2.0,38644.53,2513.82311,36130.70689,0.0,55.0,0.0,0.0,0.0,55.0,0.06504990771009506,0.0,18065.353445
2022-01-01,2.0,2.0,85969.22,14784.39108,69882.96866000001,1301.86026,87.0,6.0,0.0,0.0,81.0,0.17197307454923982,0.06896551724137931,34941.48433000001
2022-01-03,1.0,1.0,67491.06,4061.68749,63429.37251,0.0,36.0,0.0,0.0,0.0,36.0,0.06018111865482628,0.0,63429.37251
2022-01-05,3.0,3.0,118110.82,22974.56218,95136.25782,0.0,64.0,0.0,1.0,81.26,64.0,0.19451699835798278,0.0,31712.08594
2022-01-06,1.0,1.0,0.0,0.0,0.0,0.0,0.0,0.0,0.0,0.0,0.0,,,0.0
2022-01-07,1.0,1.0,14088.199999999999,2888.82139,537.9687099999992,10661.4099,39.0,5.0,0.0,0.0,34.0,0.20505255391036473,0.1282051282051282,537.9687099999992
2022-01-09,4.0,4.0,26367.4,4691.14904,21676.25096,0.0,65.0,0.0,1.0,552.23,65.0,0.1779147371375259,0.0,5419.06274
2022-01-10,0.0,0.0,0.0,0.0,0.0,0.0,0.0,0.0,2.0,569.49,0.0,,,
2022-01-11,2.0,2.0,78035.89,8849.654849999999,69186.23515000001,0.0,97.0,0.0,0.0,0.0,97.0,0.11340493265342394,0.0,34593.117575000004
2022-01-12,3.0,3.0,216023.75999999998,24436.558559999998,191587.20144,0.0,202.0,0.0,0.0,0.0,202.0,0.11311977238059369,0.0,63862.400480000004
2022-01-13,0.0,0.0,0.0,0.0,0.0,0.0,0.0,0.0,2.0,851.01,0.0,,,
2022-01-14,1.0,1.0,118001.31,569.31777,117431.99223,0.0,95.0,0.0,1.0,41.71,95.0,0.0048246733023557115,0.0,117431.99223
2022-01-15,2.0,2.0,116114.66,18367.60602,97747.05398,0.0,119.0,0.0,0.0,0.0,119.0,0.1581850734437839,0.0,48873.52699
2022-01-16,3.0,3.0,278083.25,31516.093039999996,246567.15696,0.0,254.0,0.0,0.0,0.0,254.0,0.11333330231144809,0.0,82189.05232
2022-01-17,1.0,1.0,95618.54,5759.72822,89858.81178,0.0,70.0,0.0,0.0,0.0,70.0,0.06023652128551639,0.0,89858.81178
2022-01-18,0.0,0.0,0.0,0.0,0.0,0.0,0.0,0.0,3.0,445.76,0.0,,,
2022-01-19,2.0,2.0,42878.579999999994,6362.09404,28602.55196,7913.934,69.0,7.0,1.0,446.13,62.0,0.14837464393643635,0.10144927536231885,14301.27598
2022-01-20,0.0,0.0,0.0,0.0,0.0,0.0,0.0,0.0,1.0,0.0,0.0,,,
2022-01-21,3.0,3.0,253644.40999999997,9228.55443,244415.85557,0.0,201.0,0.0,2.0,602.17,201.0,0.0363838273825944,0.0,81471.95185666667
2022-01-22,2.0,2.0,39917.21,4640.007100000001,24709.408779999994,10567.79412,63.0,11.0,1.0,21.1,52.0,0.11624076682714049,0.1746031746031746,12354.704389999997
2022-01-24,3.0,3.0,173897.87,10957.11748,162940.75252,0.0,121.0,0.0,1.0,396.56,121.0,0.06300892288099906,0.0,54313.58417333334
2022-01-25,1.0,1.0,0.0,0.0,0.0,0.0,0.0,0.0,2.0,613.5699999999999,0.0,,,0.0
2022-01-27,1.0,1.0,94826.1,3741.4322,91084.6678,0.0,111.0,0.0,1.0,551.59,111.0,0.039455721578763654,0.0,91084.6678
2022-01-28,1.0,1.0,192098.74,50006.30838,139620.55687,2471.87475,94.0,5.0,1.0,565.67,89.0,0.26031565006621077,0.05319148936170213,139620.55687
2022-01-29,4.0,4.0,227693.25,31093.09455,196600.15545000002,0.0,262.0,0.0,0.0,0.0,262.0,0.13655694470521196,0.0,49150.038862500005
2022-01-30,2.0,2.0,137635.02000000002,13290.11922,124344.90078000001,0.0,85.0,0.0,0.0,0.0,85.0,0.09656059351755097,0.0,62172.450390000005
2022-01-31,1.0,1.0,64641.28,10277.96352,54363.31648,0.0,53.0,0.0,0.0,0.0,53.0,0.159,0.0,54363.31648
2022-02-01,3.0,3.0,11585.33,2199.5768,8822.15015,563.60305,52.0,1.0,2.0,762.0799999999999,51.0,0.1898587955630094,0.019230769230769232,2940.7167166666663
2022-02-02,1.0,1.0,48518.64,6905.91792,41612.72208,0.0,29.0,0.0,1.0,508.64,29.0,0.14233535647330592,0.0,41612.72208
2022-02-03,0.0,0.0,0.0,0.0,0.0,0.0,0.0,0.0,1.0,674.47,0.0,,,
2022-02-04,0.0,0.0,0.0,0.0,0.0,0.0,0.0,0.0,1.0,118.37,0.0,,,
2022-02-05,2.0,2.0,55464.73,1053.82987,54410.90013,0.0,23.0,0.0,0.0,0.0,23.0,0.019,0.0,27205.450065
2022-02-06,1.0,1.0,179078.0,14989.55864,164088.44136,0.0,110.0,0.0,1.0,586.58,110.0,0.0837040766593328,0.0,164088.44136
2022-02-07,1.0,1.0,14551.91,58.20764,14493.70236,0.0,43.0,0.0,0.0,0.0,43.0,0.004,0.0,14493.70236
2022-02-08,2.0,2.0,64190.1,843.1760999999999,63346.923899999994,0.0,36.0,0.0,0.0,0.0,36.0,0.013135609696822407,0.0,31673.461949999997
2022-02-09,0.0,0.0,0.0,0.0,0.0,0.0,0.0,0.0,1.0,513.86,0.0,,,
2022-02-11,3.0,3.0,324671.78,50107.7442,274564.03579999995,0.0,293.0,0.0,0.0,0.0,293.0,0.1543335370878245,0.0,91521.34526666666
2022-02-12,2.0,2.0,25872.49,362.21486,25510.27514,0.0,62.0,0.0,0.0,0.0,62.0,0.013999999999999999,0.0,12755.13757
2022-02-15,1.0,1.0,0.0,0.0,0.0,0.0,0.0,0.0,0.0,0.0,0.0,,,0.0
2022-02-16,8.0,7.0,642361.2,76318.44935,566042.75069,0.0,518.0,0.0,2.0,502.26000000000005,518.0,0.11880924525018012,0.0,70755.34383625
2022-02-17,1.0,1.0,9831.51,2516.86656,7314.64344,0.0,39.0,0.0,0.0,0.0,39.0,0.256,0.0,7314.64344
2022-02-18,2.0,2.0,56841.229999999996,9359.12377,47482.10623,0.0,87.0,0.0,0.0,0.0,87.0,0.1646537868726627,0.0,23741.053115
2022-02-19,4.0,4.0,443942.6,57369.32705,386573.27295,0.0,324.0,0.0,1.0,622.36,324.0,0.12922690241936682,0.0,96643.3182375
2022-02-20,1.0,1.0,44940.35,584.22455,44356.12545,0.0,49.0,0.0,0.0,0.0,49.0,0.013000000000000001,0.0,44356.12545
2022-02-21,3.0,3.0,133682.9,7973.9373,125708.9627,0.0,116.0,0.0,1.0,690.53,116.0,0.0596481472200259,0.0,41902.98756666667
2022-02-24,1.0,1.0,65418.770000000004,5507.475869999999,59911.29413,0.0,105.0,0.0,2.0,845.29,105.0,0.08418800705057583,0.0,59911.29413
2022-02-25,1.0,1.0,5056.64,320.092,4736.548,0.0,25.0,0.0,0.0,0.0,25.0,0.0633013226173902,0.0,4736.548
2022-02-26,1.0,1.0,12742.86,2013.37188,10729.48812,0.0,55.0,0.0,1.0,118.46,55.0,0.15799999999999997,0.0,10729.48812
2022-02-27,1.0,1.0,192725.09999999998,30670.780199999997,162054.3198,0.0,133.0,0.0,0.0,0.0,133.0,0.15914263476838253,0.0,162054.3198
2022-02-28,3.0,3.0,111939.38,13813.5628,98125.81719999999,0.0,159.0,0.0,0.0,0.0,159.0,0.12340217356930151,0.0,32708.60573333333
2022-03-01,4.0,4.0,160120.36,10677.010559999999,149443.34944,0.0,97.0,0.0,1.0,136.65,97.0,0.06668115510107521,0.0,37360.83736
2022-03-02,2.0,2.0,126150.40999999999,20350.28652,105800.12348,0.0,136.0,0.0,0.0,0.0,136.0,0.16131764074330002,0.0,52900.06174
2022-03-04,2.0,2.0,197298.76999999996,34429.83504,162868.93495999998,0.0,138.0,0.0,1.0,126.05,138.0,0.1745060804991334,0.0,81434.46747999999
2022-03-06,6.0,6.0,467832.42,21021.71457,444389.65377000003,2421.05166,418.0,2.0,1.0,452.88,416.0,0.04493428345560148,0.004784688995215311,74064.942295
2022-03-07,1.0,1.0,0.0,0.0,0.0,0.0,0.0,0.0,0.0,0.0,0.0,,,0.0
2022-03-08,1.0,1.0,56909.549999999996,8306.001900000001,32885.3745,15718.1736,36.0,8.0,0.0,0.0,28.0,0.1459509326642014,0.2222222222222222,32885.3745
2022-03-09,1.0,1.0,40969.7,2171.3941,38798.3059,0.0,38.0,0.0,1.0,392.16,38.0,0.053000000000000005,0.0,38798.3059
2022-03-10,2.0,2.0,97790.62999999999,19799.36915,77991.26084999999,0.0,123.0,0.0,0.0,0.0,123.0,0.20246693522682083,0.0,38995.630424999996
2022-03-11,4.0,4.0,52173.17,970.00995,51203.16005,0.0,120.0,0.0,1.0,558.39,120.0,0.0185921221578064,0.0,12800.7900125
2022-03-12,6.0,6.0,86231.31,15590.72709,70640.58291,0.0,121.0,0.0,0.0,0.0,121.0,0.18080123205828602,0.0,11773.430484999999
2022-03-13,2.0,2.0,72413.47,1812.8514,67740.3898,2860.2288,110.0,8.0,3.0,1244.11,102.0,0.025034726273992947,0.07272727272727272,33870.1949
2022-03-14,2.0,2.0,47454.55,7102.74365,40351.80635,0.0,88.0,0.0,1.0,338.42,88.0,0.14967466028020496,0.0,20175.903175
2022-03-15,3.0,3.0,85629.84,15247.45504,70382.38496,0.0,73.0,0.0,3.0,1352.38,73.0,0.17806240254565467,0.0,23460.794986666664
2022-03-16,4.0,4.0,544196.34,65801.13867,478395.20133,0.0,368.0,0.0,0.0,0.0,368.0,0.12091433520115186,0.0,119598.8003325
2022-03-17,1.0,1.0,0.0,0.0,0.0,0.0,0.0,0.0,3.0,722.8699999999999,0.0,,,0.0
2022-03-18,1.0,1.0,189744.71000000002,5952.25877,183792.4512,0.0,124.0,0.0,2.0,581.75,124.0,0.031369827227330865,0.0,183792.4512
2022-03-19,2.0,2.0,113113.08,1470.47004,111642.61,0.0,46.0,0.0,1.0,435.46,46.0,0.013,0.0,55821.305
2022-03-20,1.0,1.0,22003.36,2934.10304,19069.25696,0.0,25.0,0.0,0.0,0.0,25.0,0.13334795413064185,0.0,19069.25696
2022-03-21,1.0,1.0,24936.85,2610.97025,19533.977469999998,2791.9022800000002,70.0,4.0,1.0,479.34,66.0,0.10470329051183289,0.05714285714285714,19533.977469999998
2022-03-22,0.0,0.0,0.0,0.0,0.0,0.0,0.0,0.0,1.0,598.15,0.0,,,
2022-03-23,3.0,3.0,172643.89,38940.753079999995,133703.13692000002,0.0,241.0,0.0,0.0,0.0,241.0,0.22555535026464008,0.0,44567.712306666675
2022-03-24,2.0,2.0,248672.06,25781.86548,222890.19452000002,0.0,189.0,0.0,2.0,1338.1,189.0,0.10367817550552322,0.0,111445.09726000001
2022-03-25,1.0,1.0,24369.75,5093.27775,18659.098889999997,617.37336,25.0,9.0,3.0,577.0799999999999,16.0,0.20900000000000002,0.36,18659.098889999997
2022-03-26,2.0,2.0,6947.66,673.6745,6273.985500000001,0.0,62.0,0.0,2.0,611.1700000000001,62.0,0.09696422968308754,0.0,3136.9927500000003
2022-03-27,7.0,7.0,401063.61,48002.802630000006,353060.80737,0.0,253.0,0.0,1.0,722.57,253.0,0.1196887511933581,0.0,50437.25819571428
2022-03-28,2.0,2.0,56723.049999999996,9227.35095,47495.699049999996,0.0,46.0,0.0,0.0,0.0,46.0,0.16267374462409903,0.0,23747.849524999998
2022-03-29,3.0,3.0,221307.87,30998.01198,190309.85801999999,0.0,181.0,0.0,2.0,871.6400000000001,181.0,0.14006737302202582,0.0,63436.61934
2022-03-30,3.0,3.0,250643.18,38620.75279,212022.42721,0.0,303.0,0.0,2.0,825.8,303.0,0.15408658950943727,0.0,70674.14240333333
2022-04-01,3.0,3.0,200372.58,23229.93754,177142.64246,0.0,194.0,0.0,1.0,35.73,194.0,0.11593371478273125,0.0,59047.54748666667
2022-04-02,5.0,5.0,289878.04,42552.718940000006,247325.32106,0.0,281.0,0.0,0.0,0.0,281.0,0.14679524858109297,0.0,49465.064212
2022-04-03,0.0,0.0,0.0,0.0,0.0,0.0,0.0,0.0,1.0,319.19,0.0,,,
2022-04-04,1.0,1.0,0.0,0.0,-9301.99302,9301.99302,0.0,9.0,0.0,0.0,-9.0,,,-9301.99302
2022-04-05,2.0,2.0,124022.23000000001,20904.35828,103117.87172,0.0,107.0,0.0,2.0,1059.25,107.0,0.16855331725610803,0.0,51558.93586
2022-04-06,1.0,1.0,0.0,0.0,0.0,0.0,0.0,0.0,0.0,0.0,0.0,,,0.0
2022-04-07,2.0,2.0,95590.14,6673.88954,77032.57480999999,11883.67565,65.0,5.0,2.0,721.27,60.0,0.06981776091132412,0.07692307692307693,38516.287404999995
2022-04-08,2.0,2.0,101418.32,4444.104960000001,96974.21504000001,0.0,54.0,0.0,0.0,0.0,54.0,0.043819548184193945,0.0,48487.107520000005
2022-04-10,1.0,1.0,114630.04,1111.1326,113518.90740000001,0.0,88.0,0.0,0.0,0.0,88.0,0.009693206074079709,0.0,113518.90740000001
2022-04-11,3.0,3.0,77269.69,6465.45347,70804.23653,0.0,60.0,0.0,0.0,0.0,60.0,0.08367386319266973,0.0,23601.412176666665
2022-04-13,1.0,1.0,79033.15,948.3978,78084.7522,0.0,35.0,0.0,0.0,0.0,35.0,0.012,0.0,78084.7522
2022-04-14,2.0,2.0,114920.32999999999,18130.681,94797.1963,1992.4527,101.0,5.0,0.0,0.0,96.0,0.15776739415906657,0.04950495049504951,47398.59815
2022-04-15,2.0,2.0,209471.52000000002,16317.641199999998,193153.8788,0.0,135.0,0.0,1.0,0.0,135.0,0.07789909196247775,0.0,96576.9394
2022-04-16,2.0,2.0,87460.18,9887.13572,77573.04428,0.0,87.0,0.0,0.0,0.0,87.0,0.11304728300353373,0.0,38786.52214
2022-04-17,1.0,1.0,62961.54,7429.46172,39822.31512,15709.76316,34.0,7.0,1.0,507.02,27.0,0.11800000000000001,0.20588235294117646,39822.31512
2022-04-18,4.0,4.0,78998.41,9395.29864,69603.11136000001,0.0,136.0,0.0,1.0,383.2,136.0,0.11893022454502566,0.0,17400.777840000002
2022-04-19,3.0,3.0,152238.13999999998,11624.83754,139071.64146,1541.661,154.0,10.0,0.0,0.0,144.0,0.07635956101407966,0.06493506493506493,46357.213820000004
2022-04-21,1.0,1.0,210464.01,16873.082730000002,193590.92732000002,0.0,96.0,0.0,1.0,11.15,96.0,0.08017086973682579,0.0,193590.92732000002
2022-04-22,2.0,2.0,108808.54,8592.515599999999,100216.0244,0.0,168.0,0.0,1.0,178.78,168.0,0.07896912870993397,0.0,50108.0122
2022-04-23,3.0,3.0,327504.46,28223.906540000004,299280.55346,0.0,287.0,0.0,1.0,490.64,287.0,0.08617869368862947,0.0,99760.18448666668
2022-04-24,2.0,2.0,75352.72,13377.137279999999,61975.58272,0.0,38.0,0.0,1.0,436.65,38.0,0.1775269330689058,0.0,30987.79136
2022-04-25,7.0,7.0,559824.73,48714.48358,511110.24642,0.0,472.0,0.0,0.0,0.0,472.0,0.08701738413735313,0.0,73015.74948857143
2022-04-26,2.0,2.0,119143.89,21079.163709999997,96923.59661000001,1141.12968,105.0,6.0,4.0,1818.62,99.0,0.17692190266743849,0.05714285714285714,48461.798305000004
2022-04-27,4.0,4.0,142880.59000000003,10839.393209999998,132041.19679,0.0,220.0,0.0,0.0,0.0,220.0,0.07586330102640251,0.0,33010.2991975
2022-04-28,4.0,4.0,188715.55,19601.921459999998,169113.62854,0.0,189.0,0.0,0.0,0.0,189.0,0.10387019755393766,0.0,42278.407135
2022-04-29,1.0,1.0,0.0,0.0,0.0,0.0,0.0,0.0,1.0,92.79,0.0,,,0.0
2022-04-30,2.0,2.0,2511.85,10.0474,2501.8026,0.0,18.0,0.0,1.0,21.72,18.0,0.004,0.0,1250.9013
2022-05-01,3.0,3.0,112531.64000000001,15404.4764,97127.1636,0.0,125.0,0.0,4.0,1301.6699999999998,125.0,0.13689017950862528,0.0,32375.7212
2022-05-02,2.0,2.0,77223.88,14036.07988,63187.80012,0.0,49.0,0.0,0.0,0.0,49.0,0.18175828357756693,0.0,31593.90006
2022-05-03,3.0,3.0,104747.48000000001,5314.399359999999,99433.08064,0.0,96.0,0.0,0.0,0.0,96.0,0.05073534332281787,0.0,33144.36021333333
2022-05-04,3.0,3.0,361912.26,43227.406039999994,318684.85396,0.0,217.0,0.0,1.0,235.32,217.0,0.11944167362553564,0.0,106228.28465333332
2022-05-05,4.0,4.0,268101.89,38313.20375,229788.68625,0.0,173.0,0.0,0.0,0.0,173.0,0.14290538477740683,0.0,57447.1715625
2022-05-06,2.0,2.0,59130.630000000005,8607.10176,50523.52824,0.0,119.0,0.0,2.0,740.6400000000001,119.0,0.1455607992000085,0.0,25261.76412
2022-05-07,2.0,2.0,78032.52,12984.255959999999,65048.26404,0.0,91.0,0.0,1.0,503.73,91.0,0.1663954458987099,0.0,32524.13202
2022-05-08,6.0,5.0,501977.63,51001.112839999994,450976.51716,0.0,331.0,0.0,1.0,734.89,331.0,0.10160036980133955,0.0,75162.75286
2022-05-09,3.0,3.0,57733.19,964.89304,47516.77665999999,9251.5203,70.0,9.0,1.0,142.49,61.0,0.016712969437510727,0.12857142857142856,15838.925553333329
2022-05-10,1.0,1.0,14131.65,171.9159,13959.7341,0.0,69.0,0.0,1.0,191.03,69.0,0.01216530978335863,0.0,13959.7341
2022-05-11,3.0,3.0,339910.08999999997,20822.53894,311855.05111,7232.49995,289.0,5.0,1.0,507.35,284.0,0.0612589609799462,0.01730103806228374,103951.68370333333
2022-05-12,3.0,3.0,275335.02,31568.206899999997,243766.8131,0.0,248.0,0.0,1.0,274.2,248.0,0.11465380212077633,0.0,81255.60436666667
2022-05-13,8.0,8.0,253585.81,16013.817379999999,237571.99262,0.0,336.0,0.0,0.0,0.0,336.0,0.06314950107026887,0.0,29696.4990775
2022-05-14,4.0,4.0,313881.12,21372.417629999996,292508.70235000004,0.0,195.0,0.0,2.0,1113.06,195.0,0.06809080339078692,0.0,73127.17558750001
2022-05-15,3.0,3.0,129641.94999999998,6511.3443,123130.6057,0.0,172.0,0.0,1.0,499.49,172.0,0.050225596730070786,0.0,41043.535233333336
2022-05-16,2.0,2.0,187530.07,22113.340109999997,165416.72989,0.0,119.0,0.0,1.0,518.72,119.0,0.11791890287248331,0.0,82708.364945
2022-05-17,1.0,1.0,39128.880000000005,7786.51836,31342.361640000003,0.0,46.0,0.0,1.0,673.61,46.0,0.1989967093359176,0.0,31342.361640000003
2022-05-18,2.0,2.0,184953.95,34094.077529999995,150859.87247,0.0,114.0,0.0,0.0,0.0,114.0,0.18433819623749584,0.0,75429.936235
2022-05-19,4.0,4.0,225774.25,19872.9698,205901.28019999998,0.0,144.0,0.0,0.0,0.0,144.0,0.08802141874017962,0.0,51475.320049999995
2022-05-20,1.0,1.0,21076.07,503.25346,20572.81654,0.0,27.0,0.0,1.0,358.0,27.0,0.023877955425276154,0.0,20572.81654
2022-05-21,3.0,3.0,83395.61,3383.9509900000003,80011.65901,0.0,64.0,0.0,1.0,188.58,64.0,0.04057708781073728,0.0,26670.553003333334
2022-05-22,1.0,1.0,65465.55,14271.4899,51194.0601,0.0,45.0,0.0,0.0,0.0,45.0,0.218,0.0,51194.0601
2022-05-23,1.0,1.0,99662.73,8458.10839,91204.62161,0.0,128.0,0.0,1.0,339.76,128.0,0.08486731589632353,0.0,91204.62161
2022-05-24,1.0,1.0,116237.74,3333.75624,112903.98376,0.0,88.0,0.0,0.0,0.0,88.0,0.028680497745396633,0.0,112903.98376
2022-05-25,0.0,0.0,0.0,0.0,0.0,0.0,0.0,0.0,1.0,158.07,0.0,,,
2022-05-26,3.0,3.0,78134.12,19804.64605,58329.47395000001,0.0,78.0,0.0,0.0,0.0,78.0,0.253469880380044,0.0,19443.157983333334
2022-05-27,7.0,7.0,167176.25,13906.356490000002,137030.19823,16239.69528,210.0,12.0,1.0,213.08,198.0,0.08318380445787008,0.05714285714285714,19575.742604285715
2022-05-28,3.0,3.0,59545.48,5211.87832,54333.60168,0.0,46.0,0.0,1.0,384.38,46.0,0.08752769009503324,0.0,18111.20056
2022-05-31,3.0,3.0,210443.66,28058.570440000003,182385.08956,0.0,138.0,0.0,0.0,0.0,138.0,0.13333055716670203,0.0,60795.02985333333
2022-06-01,2.0,2.0,41475.880000000005,1050.73799,38293.00761,2132.1344,112.0,10.0,0.0,0.0,102.0,0.025333711786223703,0.08928571428571429,19146.503805
2022-06-02,3.0,3.0,169260.54,16601.06145,152659.47855,0.0,153.0,0.0,1.0,0.0,153.0,0.09807992725297934,0.0,50886.49285
2022-06-03,2.0,2.0,310668.32,35589.09454,275079.22546,0.0,284.0,0.0,1.0,67.78,284.0,0.11455656160885666,0.0,137539.61273
2022-06-04,3.0,3.0,193442.52,8670.78707,184771.73293,0.0,198.0,0.0,0.0,0.0,198.0,0.04482358413238207,0.0,61590.57764333333
2022-06-05,1.0,1.0,53103.36,8071.71072,45031.64928,0.0,48.0,0.0,1.0,632.98,48.0,0.152,0.0,45031.64928
2022-06-06,3.0,3.0,294220.77,30338.56259,263882.20741,0.0,178.0,0.0,0.0,0.0,178.0,0.10311495884535955,0.0,87960.73580333333
2022-06-07,1.0,1.0,82819.93,10786.46566,72033.46434,0.0,51.0,0.0,2.0,683.1700000000001,51.0,0.13023997557109745,0.0,72033.46434
2022-06-08,2.0,2.0,51150.79,6636.61272,44514.17728,0.0,66.0,0.0,1.0,389.47,66.0,0.12974604536899625,0.0,22257.08864
2022-06-09,1.0,1.0,127181.48999999999,14368.910549999999,112812.57944999999,0.0,96.0,0.0,1.0,767.4,96.0,0.1129795739144116,0.0,112812.57944999999
2022-06-10,2.0,2.0,122734.68000000001,10934.22705,111800.45295,0.0,173.0,0.0,1.0,422.46,173.0,0.08908832491354521,0.0,55900.226475
2022-06-11,3.0,3.0,152448.53,24114.22124,128334.30876000001,0.0,180.0,0.0,2.0,496.13,180.0,0.15817942777145833,0.0,42778.102920000005
2022-06-12,1.0,1.0,249542.84,29026.87332,220515.96668,0.0,121.0,0.0,0.0,0.0,121.0,0.11632020105245255,0.0,220515.96668
2022-06-13,1.0,1.0,36598.32,439.17984,36159.14016,0.0,18.0,0.0,0.0,0.0,18.0,0.012,0.0,36159.14016
2022-06-14,1.0,1.0,18505.670000000002,2799.27548,15706.394520000002,0.0,76.0,0.0,1.0,674.95,76.0,0.15126582717621137,0.0,15706.394520000002
2022-06-15,4.0,4.0,101087.61,1062.98446,100024.62554000001,0.0,128.0,0.0,1.0,529.38,128.0,0.010515477218226842,0.0,25006.156385000002
2022-06-16,3.0,3.0,24613.480000000003,2125.45381,22488.02619,0.0,82.0,0.0,2.0,651.64,82.0,0.0863532426133972,0.0,7496.0087300000005
2022-06-17,4.0,4.0,464021.79,25065.04077,438956.74923,0.0,296.0,0.0,0.0,0.0,296.0,0.054016947717045787,0.0,109739.1873075
2022-06-18,1.0,1.0,20144.88,201.4488,19943.4312,0.0,14.0,0.0,0.0,0.0,14.0,0.01,0.0,19943.4312
2022-06-19,3.0,3.0,149592.35,5858.646350000001,143733.70365,0.0,204.0,0.0,1.0,279.04,204.0,0.039164077240580825,0.0,47911.23455
2022-06-20,1.0,1.0,110489.8,10895.201019999999,99594.59898,0.0,73.0,0.0,0.0,0.0,73.0,0.09860820654938282,0.0,99594.59898
2022-06-21,1.0,1.0,21975.07,4000.35,17974.72,0.0,10.0,0.0,1.0,186.26,10.0,0.18204037575306928,0.0,17974.72
2022-06-22,3.0,3.0,246973.8,4622.4546199999995,242351.34534,0.0,212.0,0.0,1.0,678.23,212.0,0.018716376473941768,0.0,80783.78178
2022-06-23,4.0,4.0,189899.16000000003,25085.546159999998,164813.61384,0.0,123.0,0.0,2.0,844.6800000000001,123.0,0.13209930028126504,0.0,41203.40346
2022-06-24,4.0,4.0,273406.35,11364.37732,262041.97264,0.0,213.0,0.0,1.0,617.27,213.0,0.0415658865275075,0.0,65510.49316
2022-06-26,6.0,6.0,343859.4,35721.41915,303811.87345,4326.1074,464.0,4.0,1.0,250.54,460.0,0.10388379421938153,0.008620689655172414,50635.31224166667
2022-06-27,0.0,0.0,0.0,0.0,0.0,0.0,0.0,0.0,1.0,0.0,0.0,,,
2022-06-28,2.0,2.0,349183.07,32709.10326,315438.11542999995,1035.85131,289.0,3.0,0.0,0.0,286.0,0.09367322207230723,0.010380622837370242,157719.05771499997
2022-06-29,4.0,4.0,239715.7,20359.34722,219356.35278000002,0.0,185.0,0.0,1.0,553.58,185.0,0.0849312215261662,0.0,54839.088195000004
2022-06-30,1.0,1.0,127346.08,1762.13703,125583.94296999999,0.0,118.0,0.0,2.0,336.3,118.0,0.013837387299239993,0.0,125583.94296999999
2022-07-01,1.0,1.0,34777.08,9320.25744,25456.82256,0.0,18.0,0.0,0.0,0.0,18.0,0.26799999999999996,0.0,25456.82256
2022-07-02,3.0,3.0,261308.59,40125.18227,221183.40773,0.0,190.0,0.0,0.0,0.0,190.0,0.15355477701670656,0.0,73727.80257666667
2022-07-03,2.0,2.0,139435.47,5375.713900000001,134059.7561,0.0,197.0,0.0,0.0,0.0,197.0,0.0385534175773209,0.0,67029.87805
2022-07-04,2.0,2.0,136640.95,24593.15506,112047.79493999999,0.0,157.0,0.0,1.0,363.48,157.0,0.17998378275326685,0.0,56023.897469999996
2022-07-05,1.0,1.0,123624.22,10446.156060000001,113178.06394,0.0,147.0,0.0,1.0,366.2,147.0,0.08449926770013191,0.0,113178.06394
2022-07-06,3.0,3.0,23303.6,4301.5725600000005,19002.02744,0.0,65.0,0.0,0.0,0.0,65.0,0.1845883279836592,0.0,6334.009146666667
2022-07-07,2.0,2.0,36695.86,6590.18826,30105.671739999998,0.0,81.0,0.0,1.0,445.11,81.0,0.1795894212589649,0.0,15052.835869999999
2022-07-08,3.0,3.0,455589.02,54199.418639999996,387194.16808,14195.43328,320.0,8.0,0.0,0.0,312.0,0.11896559456151949,0.025,129064.72269333333
2022-07-09,1.0,1.0,142138.16,15294.12386,126844.03619,0.0,135.0,0.0,1.0,0.0,135.0,0.10760040695616152,0.0,126844.03619
2022-07-10,1.0,1.0,38359.479999999996,3883.048,34476.432,0.0,52.0,0.0,0.0,0.0,52.0,0.10122785814614797,0.0,34476.432
2022-07-11,2.0,2.0,110887.0,16398.89664,94488.10336000001,0.0,98.0,0.0,0.0,0.0,98.0,0.1478883605832965,0.0,47244.051680000004
2022-07-12,2.0,2.0,185062.05,18075.322060000002,166986.72794,0.0,169.0,0.0,0.0,0.0,169.0,0.09767168395681342,0.0,83493.36397
2022-07-14,2.0,2.0,280268.0,53356.101800000004,226911.8982,0.0,131.0,0.0,1.0,477.22,131.0,0.19037529007949536,0.0,113455.9491
2022-07-15,1.0,1.0,187857.03,3467.60604,184389.42396,0.0,103.0,0.0,0.0,0.0,103.0,0.018458750465713207,0.0,184389.42396
2022-07-16,1.0,1.0,53059.5,5942.664,47116.836,0.0,50.0,0.0,0.0,0.0,50.0,0.112,0.0,47116.836
2022-07-17,3.0,3.0,136876.62,12252.536259999999,110090.72712,14533.35662,99.0,8.0,1.0,474.53,91.0,0.08951518718098093,0.08080808080808081,36696.90904
2022-07-18,2.0,2.0,144027.40000000002,13216.77916,130810.62083999999,0.0,110.0,0.0,1.0,158.56,110.0,0.09176572763238104,0.0,65405.310419999994
2022-07-19,1.0,1.0,61083.67999999999,6878.31664,54205.363359999996,0.0,69.0,0.0,0.0,0.0,69.0,0.11260481752245445,0.0,54205.363359999996
2022-07-20,2.0,2.0,33319.17,3912.5317800000003,29406.63822,0.0,73.0,0.0,1.0,433.57,73.0,0.11742584764266338,0.0,14703.31911
2022-07-21,3.0,3.0,431078.74,54660.381140000005,376418.35884,0.0,293.0,0.0,0.0,0.0,293.0,0.12679906492257076,0.0,125472.78628
2022-07-22,6.0,6.0,361889.86,19623.60377,342266.25623,0.0,236.0,9.0,5.0,1133.6399999999999,227.0,0.054225348480335986,0.038135593220338986,57044.376038333336
2022-07-23,1.0,1.0,156335.27,31748.842500000002,124586.4275,0.0,95.0,0.0,2.0,612.04,95.0,0.20308176459477126,0.0,124586.4275
2022-07-24,2.0,2.0,128970.71,6402.6546499999995,122568.05535000001,0.0,92.0,0.0,0.0,0.0,92.0,0.049644253722414954,0.0,61284.027675000005
2022-07-25,0.0,0.0,0.0,0.0,0.0,0.0,0.0,0.0,2.0,1512.74,0.0,,,
2022-07-26,1.0,1.0,0.0,0.0,0.0,0.0,0.0,0.0,1.0,661.25,0.0,,,0.0
2022-07-27,3.0,3.0,136257.09999999998,17120.80258,114532.69326,4603.60416,163.0,3.0,2.0,537.11,160.0,0.12565071897170865,0.018404907975460124,38177.56442
2022-07-28,2.0,2.0,134926.75,16067.44006,118859.30993999999,0.0,136.0,0.0,1.0,596.4,136.0,0.11908268790288064,0.0,59429.654969999996
2022-07-29,3.0,3.0,217390.58,16767.23782,199676.98372999998,946.35845,193.0,1.0,0.0,0.0,192.0,0.07712955096766382,0.0051813471502590676,66558.99457666666
2022-07-30,3.0,3.0,197979.81,25014.56199,172965.24800999998,0.0,144.0,0.0,1.0,479.47,144.0,0.12634905544156244,0.0,57655.082669999996
2022-07-31,0.0,0.0,0.0,0.0,0.0,0.0,0.0,0.0,2.0,482.59999999999997,0.0,,,
2022-08-01,3.0,3.0,64995.54,6307.032,58688.508,0.0,106.0,4.0,0.0,0.0,102.0,0.09703791983265313,0.03773584905660377,19562.836
2022-08-02,2.0,2.0,224226.47999999998,40030.18096,184196.29904,0.0,113.0,0.0,1.0,446.17,113.0,0.17852566280307305,0.0,92098.14952
2022-08-03,1.0,1.0,81232.42000000001,14534.8668,66697.5532,0.0,101.0,0.0,0.0,0.0,101.0,0.1789293831206801,0.0,66697.5532
2022-08-04,3.0,3.0,221037.72,21994.29063,199043.42937,0.0,214.0,0.0,1.0,510.35,214.0,0.09950469372376805,0.0,66347.80979
2022-08-05,2.0,2.0,185088.27000000002,21748.57087,163339.69913,0.0,159.0,0.0,0.0,0.0,159.0,0.11750377735985104,0.0,81669.849565
2022-08-06,2.0,2.0,171654.43000000002,21092.16776,150562.26224,0.0,155.0,0.0,1.0,255.51,155.0,0.12287575543491652,0.0,75281.13112
2022-08-07,4.0,4.0,348741.83,38902.709780000005,309839.12022,0.0,203.0,0.0,1.0,193.62,203.0,0.11155160188268784,0.0,77459.780055
2022-08-08,1.0,1.0,154896.48,16347.05152,138549.42848,0.0,81.0,0.0,1.0,375.95,81.0,0.10553533250077729,0.0,138549.42848
2022-08-09,1.0,1.0,54085.08,13683.52524,40401.55476,0.0,28.0,0.0,0.0,0.0,28.0,0.253,0.0,40401.55476
2022-08-10,4.0,4.0,124054.98,5038.67284,119016.30716,0.0,89.0,0.0,0.0,0.0,89.0,0.04061644957743736,0.0,29754.07679
2022-08-11,1.0,1.0,76192.4,3661.1023999999998,72531.29759999999,0.0,81.0,0.0,0.0,0.0,81.0,0.04805075571841811,0.0,72531.29759999999
2022-08-12,3.0,3.0,244429.13,35989.24983,208439.88017000002,0.0,230.0,0.0,1.0,282.93,230.0,0.14723797376360173,0.0,69479.96005666668
2022-08-14,3.0,3.0,78746.47,1929.13642,76817.33358,0.0,181.0,0.0,0.0,0.0,181.0,0.02449806854834255,0.0,25605.777860000002
2022-08-17,2.0,2.0,200756.09999999998,24202.22541,176553.87459000002,0.0,134.0,0.0,1.0,434.63,134.0,0.12055536748322966,0.0,88276.93729500001
2022-08-18,2.0,2.0,97292.1,8318.059500000001,88974.0405,0.0,114.0,0.0,0.0,0.0,114.0,0.0854957339804568,0.0,44487.02025
2022-08-19,2.0,2.0,114505.04,1717.5756,112787.4644,0.0,46.0,0.0,0.0,0.0,46.0,0.015,0.0,56393.7322
2022-08-20,3.0,3.0,150423.0,29184.5808,121238.4192,0.0,134.0,0.0,0.0,0.0,134.0,0.1940167447797212,0.0,40412.8064
2022-08-21,3.0,3.0,69746.16,12465.61852,57280.54148,0.0,103.0,0.0,1.0,149.73,103.0,0.17872838475982045,0.0,19093.513826666665
2022-08-22,2.0,2.0,49578.96,4308.8565499999995,45270.10345,0.0,66.0,0.0,0.0,0.0,66.0,0.08690897408900872,0.0,22635.051725
2022-08-23,3.0,3.0,391122.69,79839.19723,311283.49277,0.0,338.0,0.0,0.0,0.0,338.0,0.20412826785886548,0.0,103761.16425666667
2022-08-24,3.0,3.0,159791.39,25902.80911,133888.58089,0.0,114.0,0.0,2.0,282.12,114.0,0.16210391004171124,0.0,44629.52696333334
2022-08-25,1.0,1.0,49436.32,2521.25232,46915.06768,0.0,31.0,0.0,1.0,92.42,31.0,0.051000000000000004,0.0,46915.06768
2022-08-26,4.0,4.0,84121.01000000001,12193.13716,71927.87284000001,0.0,148.0,0.0,1.0,18.84,148.0,0.1449475839626747,0.0,17981.968210000003
2022-08-27,3.0,3.0,136777.53,13600.99536,123176.53464,0.0,119.0,0.0,2.0,749.9100000000001,119.0,0.09943881396308298,0.0,41058.84488
2022-08-28,3.0,3.0,191936.33,16545.18903,175391.14097,0.0,199.0,0.0,0.0,0.0,199.0,0.08620144518757862,0.0,58463.71365666667
2022-08-29,1.0,1.0,0.0,0.0,0.0,0.0,0.0,0.0,0.0,0.0,0.0,,,0.0
2022-08-30,2.0,2.0,73589.6,4865.5824,68724.01759999999,0.0,42.0,0.0,0.0,0.0,42.0,0.06611779925424245,0.0,34362.008799999996
2022-08-31,1.0,1.0,38175.24,2759.89338,35415.34662,0.0,22.0,0.0,1.0,303.9,22.0,0.07229537731786362,0.0,35415.34662
2022-09-01,3.0,3.0,143969.67,19514.520129999997,124455.14987,0.0,125.0,0.0,0.0,0.0,125.0,0.13554605028962,0.0,41485.04995666666
2022-09-02,1.0,1.0,29197.670000000002,5868.0021400000005,23329.66786,0.0,13.0,0.0,0.0,0.0,13.0,0.20097501410215268,0.0,23329.66786
2022-09-03,4.0,4.0,302677.22000000003,26374.21912,276303.00088,0.0,350.0,0.0,1.0,124.85,350.0,0.08713645222458433,0.0,69075.75022
2022-09-04,0.0,0.0,0.0,0.0,0.0,0.0,0.0,0.0,1.0,140.84,0.0,,,
2022-09-05,0.0,0.0,0.0,0.0,0.0,0.0,0.0,0.0,2.0,870.61,0.0,,,
2022-09-06,3.0,3.0,187758.44,7271.908,180486.532,0.0,142.0,0.0,1.0,107.63,142.0,0.03873012579354622,0.0,60162.17733333333
2022-09-07,4.0,4.0,243424.94000000003,12352.72917,231072.21083,0.0,173.0,0.0,0.0,0.0,173.0,0.05074553646803815,0.0,57768.0527075
2022-09-08,1.0,1.0,93869.34,19422.559719999997,74446.78028,0.0,133.0,0.0,0.0,0.0,133.0,0.20691058145290037,0.0,74446.78028
2022-09-09,3.0,3.0,141583.2,24933.963839999997,116649.23616,0.0,107.0,0.0,1.0,214.28,107.0,0.1761082094485786,0.0,38883.07872
2022-09-10,2.0,2.0,52264.8,6816.79404,45448.00596,0.0,47.0,0.0,1.0,241.95,47.0,0.13042801350048214,0.0,22724.00298
2022-09-11,1.0,1.0,29395.51,4097.30422,25298.20578,0.0,69.0,0.0,3.0,558.51,69.0,0.1393853762020118,0.0,25298.20578
2022-09-12,6.0,6.0,457791.98,50754.78905,407037.19095,0.0,383.0,0.0,1.0,189.41,383.0,0.11086867238259614,0.0,67839.531825
2022-09-13,1.0,1.0,57609.74,3323.5762600000003,54286.16374,0.0,49.0,0.0,0.0,0.0,49.0,0.05769122131084085,0.0,54286.16374
2022-09-14,3.0,3.0,183066.16,35983.95576,147082.20424,0.0,198.0,0.0,0.0,0.0,198.0,0.1965625747543948,0.0,49027.40141333333
2022-09-15,5.0,4.0,555103.05,80440.28479,474662.76521,0.0,429.0,0.0,0.0,0.0,429.0,0.14491054370895637,0.0,94932.553042
2022-09-16,2.0,2.0,148354.34999999998,15632.06851,132722.28149,0.0,165.0,0.0,0.0,0.0,165.0,0.10536980216623242,0.0,66361.140745
2022-09-17,1.0,1.0,16849.0,1735.447,15113.553,0.0,7.0,0.0,0.0,0.0,7.0,0.103,0.0,15113.553
2022-09-18,4.0,4.0,273696.0,30800.69526,242895.30474,0.0,212.0,0.0,3.0,1402.19,212.0,0.11253615420028061,0.0,60723.826185
2022-09-19,2.0,2.0,19910.28,2630.29864,17279.98136,0.0,59.0,0.0,0.0,0.0,59.0,0.13210756654351422,0.0,8639.99068
2022-09-20,3.0,3.0,143785.98,24955.801480000002,104268.275,14561.90352,84.0,8.0,2.0,554.24,76.0,0.17356213366560494,0.09523809523809523,34756.09166666667
2022-09-21,4.0,4.0,573983.19,60666.12426,502655.65584,10661.4099,449.0,5.0,2.0,533.01,444.0,0.10569320725228905,0.011135857461024499,125663.91396
2022-09-22,2.0,2.0,115383.23,8026.39541,107356.83459,0.0,106.0,0.0,0.0,0.0,106.0,0.06956292877223146,0.0,53678.417295
2022-09-23,2.0,2.0,36614.43,2174.21604,34440.21396,0.0,58.0,0.0,1.0,114.07,58.0,0.05938139798980893,0.0,17220.10698
2022-09-24,3.0,3.0,269942.24,19893.52043,248417.82669,1630.89288,200.0,9.0,1.0,358.43,191.0,0.07369547066809552,0.045,82805.94223
2022-09-25,1.0,1.0,1711.38,431.26776,1280.11224,0.0,22.0,0.0,2.0,243.01,22.0,0.252,0.0,1280.11224
2022-09-26,4.0,4.0,640493.08,67171.79707,573321.28293,0.0,393.0,0.0,1.0,629.53,393.0,0.10487513318645067,0.0,143330.3207325
2022-09-27,1.0,1.0,119898.64,16303.61736,103595.02264,0.0,118.0,0.0,0.0,0.0,118.0,0.13597833436642817,0.0,103595.02264
2022-09-28,4.0,4.0,151225.66,12404.68434,138820.97566,0.0,94.0,0.0,3.0,1580.09,94.0,0.08202764226653068,0.0,34705.243915
2022-09-29,4.0,4.0,600201.43,86312.83357,513888.59643000003,0.0,427.0,0.0,1.0,751.3,427.0,0.14380644439650866,0.0,128472.14910750001
2022-09-30,2.0,2.0,206915.62,13516.81868,189113.79652000003,4285.0048,209.0,8.0,2.0,1397.1,201.0,0.06532526969206096,0.03827751196172249,94556.89826000002
2022-10-01,6.0,6.0,484183.56,44212.13327,439971.42673,0.0,391.0,0.0,2.0,233.72,391.0,0.09131275186212436,0.0,73328.57112166667
2022-10-02,2.0,2.0,119680.98999999999,8303.4604,111377.5296,0.0,130.0,0.0,0.0,0.0,130.0,0.06937994413314931,0.0,55688.7648
2022-10-03,1.0,1.0,109587.58,17638.947780000002,91948.63222000001,0.0,49.0,0.0,0.0,0.0,49.0,0.16095754445896152,0.0,91948.63222000001
2022-10-04,2.0,2.0,29162.260000000002,6974.65262,22187.60738,0.0,48.0,0.0,0.0,0.0,48.0,0.23916708170080095,0.0,11093.80369
2022-10-05,5.0,5.0,270148.98,29980.17984,235919.92644,4248.87372,262.0,3.0,1.0,68.53,259.0,0.11097646876179211,0.011450381679389313,47183.985288
2022-10-06,4.0,4.0,99709.54,7294.665040000001,92414.87496,0.0,107.0,0.0,2.0,134.35999999999999,107.0,0.07315914846262456,0.0,23103.71874
2022-10-07,5.0,5.0,171751.41999999998,16725.062599999997,145105.33004,9921.02736,251.0,8.0,1.0,98.84,243.0,0.09737947202998379,0.03187250996015936,29021.066008
2022-10-08,6.0,6.0,331244.64,42642.87174,288601.76826,0.0,369.0,0.0,1.0,250.94,369.0,0.1287352807882416,0.0,48100.294709999995
2022-10-09,2.0,2.0,218019.09000000003,10315.9322,207703.15780000004,0.0,246.0,0.0,3.0,540.9100000000001,246.0,0.04731664644596029,0.0,103851.57890000002
2022-10-10,6.0,6.0,258441.19,26739.85888,231701.33112,0.0,237.0,0.0,2.0,116.91,237.0,0.10346593312002626,0.0,38616.88852
2022-10-11,3.0,3.0,91270.75,3786.12627,87484.62372999999,0.0,85.0,0.0,1.0,255.55,85.0,0.04148236176431113,0.0,29161.54124333333
2022-10-12,5.0,5.0,488643.25,71491.39472,417151.85528,0.0,367.0,0.0,1.0,21.35,367.0,0.1463059086971937,0.0,83430.371056
2022-10-13,2.0,2.0,119213.95,6470.073600000001,112743.8764,0.0,63.0,0.0,1.0,20.34,63.0,0.054272789384128294,0.0,56371.9382
2022-10-14,5.0,5.0,515889.1,58590.244860000006,457298.85514,0.0,388.0,0.0,1.0,755.41,388.0,0.11357139520877647,0.0,91459.771028
2022-10-15,3.0,3.0,114988.58,10104.30878,104884.27122,0.0,168.0,0.0,1.0,269.26,168.0,0.08787228070822337,0.0,34961.42374
2022-10-16,4.0,4.0,345303.65,43827.280869999995,301476.36913,0.0,230.0,0.0,2.0,763.88,230.0,0.12692388531079818,0.0,75369.0922825
2022-10-17,6.0,6.0,517841.32,35540.17338,482301.14662,0.0,375.0,0.0,2.0,108.6,375.0,0.06863139731684602,0.0,80383.52443666667
2022-10-18,1.0,1.0,84259.38,11453.93955,72805.44045,0.0,60.0,0.0,2.0,797.4699999999999,60.0,0.135936670196244,0.0,72805.44045
2022-10-19,3.0,3.0,56953.0,585.4637,51974.576539999995,4392.95976,153.0,7.0,4.0,1078.8,146.0,0.010279769283444243,0.0457516339869281,17324.858846666666
2022-10-20,4.0,4.0,144934.41,15992.19114,128942.21886,0.0,277.0,0.0,1.0,643.15,277.0,0.11034088550814124,0.0,32235.554715
2022-10-21,6.0,6.0,476183.42,70074.90417,406108.51583000005,0.0,365.0,0.0,3.0,768.21,365.0,0.14715947936616525,0.0,67684.75263833335
2022-10-22,5.0,5.0,360950.32999999996,45789.512590000006,309571.13671,5589.6807,342.0,3.0,0.0,0.0,339.0,0.12685820952151508,0.008771929824561403,61914.227342
2022-10-23,3.0,3.0,16818.04,242.09837,16575.94163,0.0,36.0,0.0,1.0,124.25,36.0,0.014395159602426917,0.0,5525.313876666667
2022-10-24,3.0,3.0,98946.53,4385.21127,94561.31873,0.0,85.0,0.0,0.0,0.0,85.0,0.04431900007003783,0.0,31520.439576666668
2022-10-25,1.0,1.0,129106.94,23576.06754,105530.87246000001,0.0,148.0,0.0,1.0,176.47,148.0,0.1826088321820655,0.0,105530.87246000001
2022-10-26,5.0,5.0,407402.3,21604.12474,385798.17526000005,0.0,359.0,0.0,1.0,386.52,359.0,0.05302897097046335,0.0,77159.63505200001
2022-10-27,2.0,2.0,96924.52,3833.1428599999995,93091.37714,0.0,98.0,0.0,2.0,1194.74,98.0,0.039547710527738485,0.0,46545.68857
2022-10-28,1.0,1.0,0.0,0.0,0.0,0.0,0.0,0.0,0.0,0.0,0.0,,,0.0
2022-10-29,5.0,5.0,170281.99,7877.08344,162404.90656,0.0,296.0,0.0,0.0,0.0,296.0,0.0462590520582946,0.0,32480.981312
2022-10-30,1.0,1.0,99032.0,23948.8056,75083.19440000001,0.0,59.0,0.0,1.0,188.83,59.0,0.241828960336053,0.0,75083.19440000001
2022-10-31,1.0,1.0,73011.12999999999,704.31896,64780.87254,7525.9385,41.0,5.0,1.0,0.0,36.0,0.009646734134918882,0.12195121951219512,64780.87254
2022-11-01,3.0,3.0,134503.34999999998,9493.57822,125009.77178000001,0.0,111.0,0.0,0.0,0.0,111.0,0.07058246668205663,0.0,41669.92392666667
2022-11-02,1.0,1.0,58372.280000000006,1585.2009400000002,56787.079060000004,0.0,70.0,0.0,2.0,699.2,70.0,0.027156741864460324,0.0,56787.079060000004
2022-11-03,4.0,4.0,181204.23,22584.50763,158619.72237,0.0,145.0,0.0,2.0,1061.72,145.0,0.1246356535385515,0.0,39654.9305925
2022-11-04,1.0,1.0,11501.5,92.012,11409.488,0.0,25.0,0.0,0.0,0.0,25.0,0.008,0.0,11409.488
2022-11-05,3.0,3.0,27074.219999999998,142.10252,26932.117479999997,0.0,24.0,0.0,0.0,0.0,24.0,0.0052486284000056145,0.0,8977.372493333332
2022-11-06,3.0,3.0,197265.78999999998,6009.8336899999995,191255.95630999998,0.0,165.0,0.0,0.0,0.0,165.0,0.030465666094460678,0.0,63751.98543666666
2022-11-07,4.0,4.0,137246.79,6410.42159,130836.36841,0.0,165.0,0.0,2.0,754.5,165.0,0.04670726062154167,0.0,32709.0921025
2022-11-08,2.0,2.0,94448.59,4743.696919999999,89704.89308000001,0.0,53.0,0.0,1.0,232.14,53.0,0.05022517456322005,0.0,44852.446540000004
2022-11-09,1.0,1.0,60186.92,15580.890640000001,44606.02936,0.0,42.0,0.0,2.0,1186.84,42.0,0.2588750286607124,0.0,44606.02936
2022-11-10,2.0,2.0,192766.47999999998,27343.73921,165422.74079,0.0,122.0,0.0,2.0,738.24,122.0,0.14184903521608114,0.0,82711.370395
2022-11-11,5.0,5.0,363802.42000000004,20616.145790000002,343186.27421,0.0,256.0,0.0,2.0,1330.4299999999998,256.0,0.056668522958148546,0.0,68637.254842
2022-11-12,6.0,6.0,168434.13,8979.94486,159454.18514000002,0.0,128.0,0.0,2.0,338.6,128.0,0.05331428291878849,0.0,26575.697523333336
2022-11-13,7.0,7.0,407618.19,62170.59235,345447.59765,0.0,408.0,0.0,3.0,983.6700000000001,408.0,0.152521633909419,0.0,49349.656807142856
2022-11-14,1.0,1.0,15492.15,4120.9119,11371.2381,0.0,15.0,0.0,0.0,0.0,15.0,0.266,0.0,11371.2381
2022-11-16,0.0,0.0,0.0,0.0,0.0,0.0,0.0,0.0,1.0,286.55,0.0,,,
2022-11-17,4.0,4.0,172485.97000000003,24111.143310000003,148374.82669,0.0,233.0,0.0,0.0,0.0,233.0,0.1397861130966188,0.0,37093.7066725
2022-11-18,3.0,3.0,72363.14,4613.54248,67749.59752,0.0,125.0,0.0,1.0,249.2,125.0,0.06375542133743782,0.0,22583.19917333333
2022-11-19,5.0,5.0,362167.35,11793.522079999999,350373.82792,0.0,306.0,0.0,1.0,9.05,306.0,0.03256373629483718,0.0,70074.76558400001
2022-11-20,3.0,3.0,136800.44,4571.4092,132229.0308,0.0,130.0,0.0,2.0,214.36,130.0,0.03341662643775122,0.0,44076.3436
2022-11-21,4.0,4.0,235194.47000000003,13083.589960000001,222110.88004000002,0.0,225.0,0.0,1.0,291.64,225.0,0.05562881627276355,0.0,55527.720010000005
2022-11-22,3.0,3.0,208954.64,10714.39816,193879.12324,4361.1186,128.0,4.0,1.0,86.42,124.0,0.05127619161747258,0.03125,64626.37441333333
2022-11-23,1.0,1.0,85334.94,22955.09886,62379.84114,0.0,92.0,0.0,1.0,159.03,92.0,0.26899999999999996,0.0,62379.84114
2022-11-24,1.0,1.0,3133.8,12.5352,3121.2648,0.0,20.0,7.0,3.0,906.1100000000001,13.0,0.004,0.35,3121.2648
2022-11-25,6.0,6.0,283658.78,38048.70668,245610.07332000002,0.0,283.0,0.0,1.0,181.23,283.0,0.13413548024143657,0.0,40935.012220000004
2022-11-26,2.0,2.0,50866.59,2766.55131,48100.03869,0.0,51.0,0.0,0.0,0.0,51.0,0.054388377715117134,0.0,24050.019345
2022-11-27,0.0,0.0,0.0,0.0,0.0,0.0,0.0,0.0,2.0,643.36,0.0,,,
2022-11-28,1.0,1.0,68344.56,13062.12908,55282.43092,0.0,33.0,0.0,1.0,552.21,33.0,0.19112170858953517,0.0,55282.43092
2022-11-29,2.0,2.0,33530.98,3688.4078,29842.5722,0.0,48.0,0.0,1.0,479.15,48.0,0.10999999999999999,0.0,14921.2861
2022-11-30,5.0,5.0,421550.83999999997,53298.43338,368252.40662,0.0,316.0,0.0,2.0,515.72,316.0,0.12643417667012596,0.0,73650.48132400001
2022-12-01,2.0,2.0,55416.18,6381.07422,49002.06102000001,33.04476,38.0,2.0,1.0,258.54,36.0,0.11514821519635601,0.05263157894736842,24501.030510000004
2022-12-02,4.0,4.0,24350.510000000002,146.82855,24203.68145,0.0,41.0,0.0,1.0,416.97,41.0,0.006029793626498993,0.0,6050.9203625
2022-12-03,3.0,3.0,299285.76,38901.12548,260384.63452,0.0,184.0,0.0,1.0,41.86,184.0,0.12997987435152278,0.0,86794.87817333333
2022-12-04,2.0,2.0,146800.46,10825.806740000002,135974.65326,0.0,124.0,0.0,1.0,274.07,124.0,0.0737450464392278,0.0,67987.32663
2022-12-05,2.0,2.0,9784.85,1135.0426,8649.8074,0.0,5.0,0.0,1.0,52.06,5.0,0.11599999999999999,0.0,4324.9037
2022-12-06,2.0,2.0,27308.0,978.521,26329.479,0.0,64.0,0.0,0.0,0.0,64.0,0.0358327596308774,0.0,13164.7395
2022-12-07,2.0,2.0,101562.48999999999,3637.47042,97925.01958,0.0,140.0,0.0,1.0,143.0,140.0,0.03581509689256339,0.0,48962.50979
2022-12-08,2.0,2.0,23805.1,285.6612,23519.4388,0.0,10.0,0.0,2.0,474.76,10.0,0.012,0.0,11759.7194
2022-12-09,2.0,2.0,147574.14,23743.36792,119718.98324,4111.78884,133.0,14.0,0.0,0.0,119.0,0.1608911149338224,0.10526315789473684,59859.49162
2022-12-10,2.0,2.0,263039.51,38086.667539999995,224952.84246,0.0,225.0,0.0,1.0,96.89,225.0,0.14479447418374522,0.0,112476.42123
2022-12-11,4.0,4.0,113623.23000000001,22931.533199999998,90691.6968,0.0,104.0,0.0,1.0,147.74,104.0,0.20182081780283834,0.0,22672.9242
2022-12-12,4.0,4.0,241026.87999999998,30610.28364,210416.59636,0.0,159.0,0.0,1.0,472.99,159.0,0.12699946014320065,0.0,52604.14909
2022-12-13,3.0,3.0,217059.96000000002,34471.37886,182588.58114,0.0,133.0,0.0,2.0,554.9300000000001,133.0,0.15881039902522784,0.0,60862.86038
2022-12-14,3.0,3.0,210737.1,21657.948170000003,189079.15183,0.0,218.0,0.0,1.0,181.67,218.0,0.10277235555580864,0.0,63026.38394333333
2022-12-15,4.0,4.0,402594.18000000005,21230.008589999998,377796.01928999997,3568.15212,320.0,3.0,1.0,385.77,317.0,0.0527330240839547,0.009375,94449.00482249999
2022-12-16,5.0,5.0,300262.39,29570.7688,270691.62116,0.0,245.0,0.0,3.0,800.11,245.0,0.09848309273765522,0.0,54138.324232
2022-12-17,1.0,1.0,116376.77,16786.12426,99590.64574,0.0,109.0,0.0,2.0,290.16,109.0,0.14423947545545387,0.0,99590.64574
2022-12-18,3.0,3.0,176455.63,16737.81513,159717.81487,0.0,117.0,0.0,2.0,802.3499999999999,117.0,0.09485565935187219,0.0,53239.271623333334
2022-12-19,4.0,4.0,338572.1,26055.88839,312516.21161,0.0,309.0,0.0,4.0,1693.56,309.0,0.07695816752177749,0.0,78129.0529025
2022-12-20,1.0,1.0,26996.280000000002,1690.22688,25306.053119999997,0.0,70.0,0.0,2.0,449.84000000000003,70.0,0.06260962177011054,0.0,25306.053119999997
2022-12-21,4.0,4.0,265406.51,34418.327229999995,230988.18276999998,0.0,158.0,0.0,1.0,323.08,158.0,0.1296815486176281,0.0,57747.045692499996
2022-12-22,5.0,5.0,240014.05,40231.48618,197242.82502,2539.7388,360.0,10.0,0.0,0.0,350.0,0.167621379581737,0.027777777777777776,39448.565004
2022-12-23,5.0,5.0,413063.14,16306.80351,396756.33649,0.0,335.0,0.0,0.0,0.0,335.0,0.03947775032649972,0.0,79351.267298
2022-12-24,2.0,2.0,72014.56,3412.67072,68601.88928,0.0,48.0,0.0,0.0,0.0,48.0,0.04738862141211444,0.0,34300.94464
2022-12-25,0.0,0.0,0.0,0.0,0.0,0.0,0.0,0.0,4.0,1447.41,0.0,,,
2022-12-26,7.0,6.0,598097.98,71952.08895,526145.89105,0.0,455.0,0.0,2.0,8.15,455.0,0.12030150804053878,0.0,75163.69872142856
2022-12-27,5.0,5.0,224133.15999999997,19817.92204,204315.23796,0.0,224.0,0.0,0.0,0.0,224.0,0.08842030353741501,0.0,40863.047592
2022-12-28,3.0,3.0,237267.02000000002,15056.553759999999,222210.46623999998,0.0,198.0,0.0,3.0,742.47,198.0,0.0634582663869593,0.0,74070.15541333333
2022-12-29,4.0,4.0,169053.19,14496.00593,154557.18407,0.0,122.0,0.0,0.0,0.0,122.0,0.08574819516863301,0.0,38639.2960175
2022-12-30,3.0,3.0,84467.78,8019.5633,76448.21669999999,0.0,57.0,0.0,0.0,0.0,57.0,0.09494227621467026,0.0,25482.738899999997
2022-12-31,2.0,2.0,190081.71,19703.91133,170377.79867,0.0,152.0,0.0,1.0,606.77,152.0,0.10366021712451977,0.0,85188.899335
2023-01-01,4.0,4.0,496037.5,67156.18405000001,428881.31593,0.0,437.0,0.0,2.0,257.34,437.0,0.13538529657535975,0.0,107220.3289825
2023-01-02,6.0,6.0,427533.51,35290.170020000005,387443.25742000004,4800.08256,357.0,8.0,2.0,429.12,349.0,0.08254363504746097,0.022408963585434174,64573.87623666667
2023-01-03,2.0,2.0,95031.72,2763.9959,92267.72409999999,0.0,95.0,0.0,3.0,1555.88,95.0,0.029084982361678814,0.0,46133.862049999996
2023-01-04,6.0,6.0,588530.59,52622.61336,535907.97664,0.0,584.0,0.0,1.0,0.0,584.0,0.08941355683822655,0.0,89317.99610666667
2023-01-05,5.0,4.0,251213.05000000002,18910.66536,232302.38464,0.0,325.0,0.0,0.0,0.0,325.0,0.07527740043759669,0.0,46460.476928000004
2023-01-06,2.0,2.0,33048.0,5949.783960000001,27098.216040000003,0.0,20.0,0.0,1.0,387.57,20.0,0.1800346151053014,0.0,13549.108020000001
2023-01-07,4.0,4.0,108187.56999999999,17803.79931,90383.77069,0.0,177.0,0.0,1.0,515.64,177.0,0.16456418523865543,0.0,22595.9426725
2023-01-08,5.0,5.0,298521.4,33754.75749,264766.64251,0.0,194.0,0.0,0.0,0.0,194.0,0.11307315820574337,0.0,52953.328502
2023-01-09,4.0,4.0,186784.14,9928.89311,176855.24689,0.0,121.0,0.0,0.0,0.0,121.0,0.053157045935484676,0.0,44213.8117225
2023-01-10,4.0,4.0,170428.72999999998,15963.847140000002,154464.88285999998,0.0,207.0,0.0,0.0,0.0,207.0,0.09366875608355471,0.0,38616.220714999996
2023-01-11,6.0,6.0,329785.88,40732.01975,289053.86025,0.0,300.0,0.0,1.0,216.76,300.0,0.12351050248118567,0.0,48175.64337500001
2023-01-12,1.0,1.0,2879.82,25.91838,2853.90162,0.0,2.0,0.0,2.0,863.41,2.0,0.009,0.0,2853.90162
2023-01-13,5.0,5.0,259832.41999999998,43094.82597,216737.59403,0.0,251.0,0.0,1.0,317.16,251.0,0.16585623137405256,0.0,43347.518806
2023-01-14,2.0,2.0,0.0,0.0,0.0,0.0,30.0,0.0,3.0,370.46,30.0,,0.0,0.0
2023-01-15,3.0,3.0,72770.38,17706.43648,55063.94352,0.0,80.0,0.0,0.0,0.0,80.0,0.2433192801796555,0.0,18354.64784
2023-01-16,2.0,2.0,150988.75,9283.91375,141704.83625,0.0,106.0,0.0,1.0,199.66,106.0,0.06148745353544552,0.0,70852.418125
2023-01-17,1.0,1.0,7630.32,99.19416,7531.12584,0.0,4.0,0.0,3.0,672.03,4.0,0.013,0.0,7531.12584
2023-01-18,5.0,5.0,251925.01,16898.4646,235026.5454,0.0,246.0,0.0,0.0,0.0,246.0,0.06707736004456247,0.0,47005.30908
2023-01-19,3.0,3.0,493854.01,27985.03791,465868.97209000005,0.0,292.0,0.0,2.0,1252.79,292.0,0.056666620789411024,0.0,155289.65736333336
2023-01-20,4.0,4.0,197866.01,13890.141,183975.869,0.0,201.0,0.0,0.0,0.0,201.0,0.07019973263725285,0.0,45993.96725
2023-01-21,4.0,4.0,89341.0,3049.44511,86291.55489,0.0,79.0,0.0,3.0,754.11,79.0,0.034132650294937374,0.0,21572.8887225
2023-01-22,3.0,3.0,152591.09,5686.66523,146904.42476999998,0.0,152.0,0.0,1.0,341.06,152.0,0.03726734785104425,0.0,48968.14158999999
2023-01-23,4.0,4.0,147726.52,30766.24619,116960.27381,0.0,130.0,0.0,0.0,0.0,130.0,0.20826488155275033,0.0,29240.0684525
2023-01-24,3.0,3.0,169139.74,4843.49,138261.91728,26034.33272,126.0,19.0,1.0,439.01,107.0,0.0286360260456827,0.15079365079365079,46087.305759999996
2023-01-25,2.0,2.0,158324.77000000002,6896.65436,151428.11564,0.0,85.0,0.0,1.0,186.71,85.0,0.043560172928089516,0.0,75714.05782
2023-01-26,3.0,3.0,157642.75,13676.524440000001,143966.22556,0.0,133.0,0.0,1.0,163.24,133.0,0.08675644417519994,0.0,47988.74185333333
2023-01-27,0.0,0.0,0.0,0.0,0.0,0.0,0.0,0.0,2.0,99.84,0.0,,,
2023-01-28,2.0,2.0,223218.64,31403.79492,181989.05098,9825.7941,202.0,10.0,1.0,396.48,192.0,0.14068625684665043,0.04950495049504951,90994.52549
2023-01-29,2.0,2.0,73770.54,4888.53424,68882.00576,0.0,67.0,0.0,2.0,1050.14,67.0,0.06626675418127616,0.0,34441.00288
2023-01-30,3.0,3.0,258557.87,9128.08152,249429.78848,0.0,211.0,0.0,0.0,0.0,211.0,0.03530382393697782,0.0,83143.26282666666
2023-01-31,6.0,6.0,342850.55,50470.77874,283566.81466000003,8812.9566,374.0,10.0,1.0,444.2,364.0,0.14720926870322945,0.026737967914438502,47261.13577666667
2023-02-01,4.0,4.0,189980.33000000002,6091.73974,171463.7837,12424.806559999999,112.0,10.0,0.0,0.0,102.0,0.03206510768772746,0.08928571428571429,42865.945925
2023-02-02,7.0,7.0,299924.45,26881.399120000002,273043.05088,0.0,329.0,0.0,0.0,0.0,329.0,0.08962723485864524,0.0,39006.15012571429
2023-02-03,0.0,0.0,0.0,0.0,0.0,0.0,0.0,0.0,3.0,1670.45,0.0,,,
2023-02-04,1.0,1.0,0.0,0.0,0.0,0.0,45.0,0.0,2.0,589.75,45.0,,0.0,0.0
2023-02-05,6.0,6.0,492325.43,60104.82976,432220.60024,0.0,364.0,0.0,1.0,266.29,364.0,0.12208353681831954,0.0,72036.76670666666
2023-02-06,4.0,4.0,165952.22999999998,17679.77176,148272.45824,0.0,162.0,0.0,1.0,413.97,162.0,0.1065353069374241,0.0,37068.11456
2023-02-07,2.0,2.0,0.0,0.0,0.0,0.0,0.0,0.0,0.0,0.0,0.0,,,0.0
2023-02-08,2.0,2.0,169578.13,38121.49694,131456.63306,0.0,169.0,0.0,1.0,430.92,169.0,0.22480196556006365,0.0,65728.31653
2023-02-09,6.0,6.0,497236.74,45810.73415,451426.00585,0.0,299.0,0.0,1.0,281.2,299.0,0.09213063006969276,0.0,75237.66764166667
2023-02-10,6.0,6.0,236845.53999999998,37300.65083,188434.0379,11110.85127,261.0,9.0,2.0,344.29,252.0,0.15748935289218452,0.034482758620689655,31405.672983333334
2023-02-11,3.0,3.0,208959.24,22385.458319999998,186573.78168000001,0.0,165.0,0.0,2.0,1208.79,165.0,0.10712834866742432,0.0,62191.26056
2023-02-12,2.0,2.0,148199.84,15521.42403,132678.41597,0.0,104.0,0.0,2.0,671.02,104.0,0.10473306874015519,0.0,66339.207985
2023-02-13,2.0,2.0,165104.64,16026.764190000002,149077.87581,0.0,97.0,0.0,2.0,926.47,97.0,0.0970703439346102,0.0,74538.937905
2023-02-14,0.0,0.0,0.0,0.0,0.0,0.0,0.0,0.0,3.0,1838.54,0.0,,,
2023-02-15,6.0,6.0,204857.66,28894.49449,167108.34535,8854.82016,320.0,8.0,1.0,350.28,312.0,0.14104668817363236,0.025,27851.390891666666
2023-02-16,3.0,3.0,248610.63,16270.83179,226905.38760999998,5434.4106,274.0,10.0,2.0,412.02,264.0,0.06544704781931489,0.0364963503649635,75635.12920333333
2023-02-17,1.0,1.0,29724.42,59.44884,29664.97116,0.0,22.0,0.0,0.0,0.0,22.0,0.002,0.0,29664.97116
2023-02-18,4.0,4.0,185679.15,21928.43142,163750.71858,0.0,153.0,0.0,1.0,419.8,153.0,0.11809851251473308,0.0,40937.679645
2023-02-19,5.0,5.0,172718.09,9634.263630000001,151856.46893,11227.35744,176.0,6.0,3.0,601.1999999999999,170.0,0.05578028120852889,0.03409090909090909,30371.293786000002
2023-02-20,4.0,4.0,159843.39,6123.052089999999,149930.49056,3789.84735,131.0,9.0,2.0,711.97,122.0,0.038306570512549806,0.06870229007633588,37482.62264
2023-02-21,1.0,1.0,135419.94,23663.586320000002,111756.35368,0.0,66.0,0.0,1.0,387.57,66.0,0.17474225967017856,0.0,111756.35368
2023-02-22,6.0,6.0,412235.65,50011.199049999996,362224.45095,0.0,324.0,0.0,0.0,0.0,324.0,0.12131701625029274,0.0,60370.741825000005
2023-02-23,3.0,3.0,32059.399999999998,4936.1138,8076.0023399999955,19047.283860000003,46.0,17.0,2.0,281.28000000000003,29.0,0.15396775360736634,0.3695652173913043,2692.0007799999985
2023-02-24,5.0,5.0,440104.0,52863.3166,387240.6834,0.0,352.0,0.0,1.0,439.54,352.0,0.12011551042480868,0.0,77448.13668
2023-02-25,2.0,2.0,39060.39,2265.50262,36794.88738,0.0,29.0,0.0,1.0,560.27,29.0,0.058,0.0,18397.44369
2023-02-26,1.0,1.0,25729.09,180.10363,25548.98637,0.0,29.0,0.0,1.0,409.82,29.0,0.007,0.0,25548.98637
2023-02-27,4.0,4.0,251205.15,33702.139760000005,217503.01024,0.0,135.0,0.0,1.0,428.35,135.0,0.13416181857736598,0.0,54375.75256
2023-02-28,3.0,3.0,119312.18,15055.52108,95853.98595999999,8402.67296,178.0,8.0,3.0,811.29,170.0,0.1261859525154934,0.0449438202247191,31951.32865333333
2023-03-02,3.0,3.0,185374.77000000002,4608.50129,180766.26871,0.0,175.0,0.0,0.0,0.0,175.0,0.024860455875413898,0.0,60255.42290333333
2023-03-03,3.0,3.0,215911.97,12552.09015,203359.87985,0.0,193.0,0.0,0.0,0.0,193.0,0.058135221266333685,0.0,67786.62661666666
2023-03-04,2.0,2.0,167242.4,17673.20447,134206.85865,15362.33688,153.0,8.0,0.0,0.0,145.0,0.10567418591218496,0.05228758169934641,67103.429325
2023-03-05,4.0,4.0,233062.44999999998,30132.90743,202929.54257000002,0.0,241.0,0.0,1.0,125.08,241.0,0.12929112960925282,0.0,50732.385642500005
2023-03-06,7.0,7.0,361060.37,19615.31957,341445.05043,0.0,309.0,0.0,0.0,0.0,309.0,0.05432698019447551,0.0,48777.86434714286
2023-03-07,3.0,3.0,88298.31,9088.11491,79210.19509,0.0,199.0,0.0,0.0,0.0,199.0,0.10292512857833859,0.0,26403.39836333333
2023-03-08,5.0,5.0,407661.25,28500.167090000003,379161.08291,0.0,263.0,0.0,0.0,0.0,263.0,0.06991139601814007,0.0,75832.216582
2023-03-09,2.0,2.0,51887.3,274.66064,51612.63936,0.0,57.0,0.0,1.0,542.25,57.0,0.00529340782811979,0.0,25806.31968
2023-03-10,4.0,4.0,28217.48,3271.80564,24945.67436,0.0,78.0,0.0,2.0,357.4,78.0,0.11594960428783861,0.0,6236.41859
2023-03-11,1.0,1.0,126769.26,15444.32676,111324.93324,0.0,72.0,0.0,2.0,843.45,72.0,0.12183021940808048,0.0,111324.93324
2023-03-12,7.0,7.0,211347.87000000002,7747.6694,203600.2006,0.0,195.0,0.0,1.0,91.67,195.0,0.03665837465028628,0.0,29085.742942857145
2023-03-13,4.0,4.0,306120.7,23674.33315,282446.36688,0.0,302.0,0.0,3.0,935.72,302.0,0.07733659680642307,0.0,70611.59172
2023-03-14,4.0,4.0,62349.22000000001,6931.94668,55417.27332,0.0,88.0,0.0,1.0,342.23,88.0,0.11117936487417163,0.0,13854.31833
2023-03-15,4.0,4.0,156599.59999999998,19316.79195,137282.80805,0.0,129.0,0.0,1.0,590.47,129.0,0.12335147695140986,0.0,34320.7020125
2023-03-16,6.0,6.0,217076.98,14218.72594,202858.25406,0.0,172.0,0.0,4.0,1424.9499999999998,172.0,0.06550084647390986,0.0,33809.70901
2023-03-17,3.0,3.0,126761.37000000001,16266.17495,110495.19505,0.0,118.0,0.0,5.0,2217.5299999999997,118.0,0.12832123027701578,0.0,36831.73168333333
2023-03-18,5.0,5.0,185054.22,5819.96154,179234.25846,0.0,158.0,0.0,3.0,1571.8899999999999,158.0,0.031450034157556636,0.0,35846.851692000004
2023-03-19,4.0,4.0,187987.61000000002,5260.96697,182726.64303,0.0,229.0,0.0,1.0,142.07,229.0,0.02798571123916092,0.0,45681.6607575
2023-03-20,3.0,3.0,129797.95,10123.307859999999,119674.64214000001,0.0,152.0,0.0,1.0,411.63,152.0,0.07799281776021885,0.0,39891.54738
2023-03-21,5.0,5.0,271502.5,32958.20347,238544.29653,0.0,176.0,0.0,1.0,0.0,176.0,0.12139189683336249,0.0,47708.859306
2023-03-22,4.0,4.0,200612.12,15480.526070000002,185131.59393,0.0,134.0,0.0,2.0,45.06,134.0,0.07716645469874901,0.0,46282.8984825
2023-03-23,2.0,2.0,190815.50000000003,12525.79675,178289.70325,0.0,130.0,0.0,0.0,0.0,130.0,0.06564349725258167,0.0,89144.851625
2023-03-24,4.0,4.0,440589.69,52226.80791,388362.88208999997,0.0,255.0,0.0,2.0,478.75,255.0,0.11853842496859153,0.0,97090.72052249999
2023-03-25,3.0,3.0,211900.33000000002,31406.97485,180493.35515000002,0.0,130.0,0.0,0.0,0.0,130.0,0.14821579017833525,0.0,60164.45171666667
2023-03-26,6.0,6.0,312782.01,24158.7131,288623.2969,0.0,298.0,0.0,2.0,195.21,298.0,0.07723817971500344,0.0,48103.88281666667
2023-03-27,5.0,5.0,393186.28,25879.962639999998,367306.31736,0.0,362.0,0.0,1.0,573.29,362.0,0.06582112336167985,0.0,73461.26347199999
2023-03-28,3.0,3.0,137588.79,5744.79021,131843.99975,0.0,148.0,0.0,1.0,123.82,148.0,0.04175333041303728,0.0,43947.99991666666
2023-03-29,8.0,7.0,439727.98000000004,50491.96582,380534.79218,8701.222,335.0,5.0,5.0,1639.26,330.0,0.11482545600123056,0.014925373134328358,47566.8490225
2023-03-30,5.0,5.0,281072.08999999997,26373.43025,254698.65975,0.0,226.0,0.0,2.0,912.53,226.0,0.0938315513646339,0.0,50939.73195
2023-03-31,6.0,6.0,248894.54,27272.910710000004,221621.62929,0.0,183.0,0.0,4.0,1493.29,183.0,0.10957617113657858,0.0,36936.938215
2023-04-01,3.0,3.0,69897.03,11301.20733,49121.51835,9474.30432,69.0,9.0,1.0,422.27,60.0,0.16168365565747214,0.13043478260869565,16373.83945
2023-04-02,0.0,0.0,0.0,0.0,0.0,0.0,0.0,0.0,2.0,1049.78,0.0,,,
2023-04-03,4.0,4.0,201282.81,12524.99458,177747.26492000002,11010.5505,127.0,9.0,1.0,616.41,118.0,0.06222585316649743,0.07086614173228346,44436.816230000004
2023-04-04,3.0,3.0,359348.87,46286.29619,313062.57381,0.0,251.0,0.0,3.0,865.86,251.0,0.12880601569722483,0.0,104354.19127
2023-04-05,3.0,3.0,198166.53,31581.90359,166584.62640999997,0.0,190.0,0.0,1.0,787.48,190.0,0.15937052331692947,0.0,55528.20880333332
2023-04-06,3.0,3.0,338905.86,23116.864200000004,315788.9958,0.0,324.0,0.0,0.0,0.0,324.0,0.06821028175788994,0.0,105262.99859999999
2023-04-07,2.0,2.0,75989.83,7383.94719,68605.88281,0.0,74.0,0.0,1.0,412.83,74.0,0.09717020277581881,0.0,34302.941405
2023-04-08,3.0,3.0,259872.57,28650.4892,231222.0808,0.0,177.0,0.0,1.0,587.58,177.0,0.11024822358127292,0.0,77074.02693333333
2023-04-09,3.0,3.0,114643.15,23807.17003,90835.97997000001,0.0,141.0,0.0,1.0,57.29,141.0,0.20766325794432552,0.0,30278.659990000004
2023-04-10,5.0,4.0,266540.17,37914.32419,228625.84580999997,0.0,303.0,0.0,0.0,0.0,303.0,0.1422461919717392,0.0,45725.16916199999
2023-04-11,6.0,6.0,527999.64,39105.468759999996,488894.17128,0.0,509.0,0.0,2.0,163.88,509.0,0.07406343830082913,0.0,81482.36188
2023-04-12,7.0,7.0,528400.3,47267.677509999994,477449.48389000003,3683.1386,373.0,10.0,0.0,0.0,363.0,0.0894542972628895,0.02680965147453083,68207.06912714287
2023-04-13,3.0,3.0,308254.42,36552.474050000004,271701.94595,0.0,178.0,0.0,4.0,1143.79,178.0,0.11857891299660847,0.0,90567.31531666667
2023-04-14,3.0,3.0,118836.28,8673.971940000001,110162.30806,0.0,105.0,0.0,1.0,311.74,105.0,0.07299094131859396,0.0,36720.76935333333
2023-04-15,3.0,3.0,41895.99,7870.125690000001,34025.86431,0.0,33.0,0.0,1.0,576.58,33.0,0.18784913997735825,0.0,11341.954769999998
2023-04-16,4.0,4.0,272863.97,53929.165030000004,218934.80497,0.0,309.0,0.0,4.0,869.08,309.0,0.19764120939089178,0.0,54733.7012425
2023-04-17,5.0,5.0,322380.64,20319.57937,302061.06063,0.0,358.0,0.0,2.0,872.4200000000001,358.0,0.0630297755162965,0.0,60412.212126000006
2023-04-18,0.0,0.0,0.0,0.0,0.0,0.0,0.0,0.0,3.0,184.55,0.0,,,
2023-04-19,3.0,3.0,38542.49,2787.27586,35755.214140000004,0.0,57.0,0.0,0.0,0.0,57.0,0.07231696395328896,0.0,11918.404713333335
2023-04-20,4.0,4.0,282213.33999999997,21346.49888,260866.84112,0.0,250.0,0.0,2.0,593.8100000000001,250.0,0.07563958131816165,0.0,65216.71028
2023-04-21,3.0,3.0,192235.90999999997,17818.03341,174417.87659,0.0,197.0,0.0,0.0,0.0,197.0,0.09268837133499148,0.0,58139.29219666667
2023-04-22,2.0,2.0,137195.88999999998,21155.30655,116040.58344999999,0.0,122.0,0.0,1.0,351.65,122.0,0.15419781561969534,0.0,58020.291724999995
2023-04-23,2.0,2.0,217198.73,40032.14585,177166.58415,0.0,173.0,0.0,2.0,549.98,173.0,0.18431114146017336,0.0,88583.292075
2023-04-24,3.0,3.0,205404.68,25900.92485,179503.75514999998,0.0,187.0,0.0,0.0,0.0,187.0,0.12609705314406663,0.0,59834.585049999994
2023-04-25,2.0,2.0,22427.78,375.30378,8926.17791,13126.29831,81.0,9.0,1.0,267.64,72.0,0.01673388003627644,0.1111111111111111,4463.088955
2023-04-26,2.0,2.0,355110.44999999995,36464.186480000004,318646.26352,0.0,266.0,0.0,1.0,363.3,266.0,0.10268407049130773,0.0,159323.13176
2023-04-27,9.0,9.0,497852.53,65045.515029999995,432807.01497,0.0,372.0,0.0,0.0,0.0,372.0,0.13065217330521547,0.0,48089.66833
2023-04-28,5.0,5.0,308872.61,19473.65515,289398.95485,0.0,267.0,0.0,2.0,1056.66,267.0,0.06304753001569158,0.0,57879.790969999995
2023-04-29,5.0,5.0,339353.57,39125.681599999996,300227.8884,0.0,252.0,0.0,1.0,524.94,252.0,0.11529473993746403,0.0,60045.57768
2023-04-30,4.0,4.0,260473.46,35704.81324,224768.64676,0.0,181.0,0.0,1.0,346.77,181.0,0.13707658830193298,0.0,56192.16169
2023-05-01,2.0,2.0,20063.33,3746.0833199999997,16317.24668,0.0,42.0,0.0,1.0,469.66,42.0,0.1867129394771456,0.0,8158.62334
2023-05-02,4.0,4.0,349890.67,24107.41414,325783.25587999995,0.0,222.0,0.0,0.0,0.0,222.0,0.06889984845837702,0.0,81445.81396999999
2023-05-03,7.0,7.0,697618.16,54101.48862,643516.67142,0.0,480.0,0.0,0.0,0.0,480.0,0.07755172058594345,0.0,91930.95306
2023-05-04,4.0,4.0,93468.37999999999,4859.70932,82884.90963,5723.76105,89.0,5.0,3.0,570.45,84.0,0.05199308386429721,0.056179775280898875,20721.2274075
2023-05-05,3.0,3.0,231900.81000000003,21013.476229999997,210887.33377,0.0,180.0,0.0,1.0,113.4,180.0,0.09061406999828933,0.0,70295.77792333333
2023-05-06,4.0,4.0,185910.58,19466.52016,166444.05984,0.0,212.0,0.0,1.0,574.33,212.0,0.1047090496947511,0.0,41611.01496
2023-05-08,5.0,5.0,195067.48,25667.08934,169400.39064,0.0,122.0,0.0,2.0,687.69,122.0,0.13158056555608344,0.0,33880.078128
2023-05-09,4.0,4.0,186554.66,23290.509189999997,163264.15081,0.0,177.0,0.0,1.0,478.5,177.0,0.12484549670321822,0.0,40816.0377025
2023-05-10,3.0,3.0,144556.59,2401.07678,142155.51326,0.0,144.0,0.0,2.0,150.61,144.0,0.016609943413856125,0.0,47385.17108666667
2023-05-11,5.0,5.0,534815.78,59410.89007,475404.88993000006,0.0,485.0,0.0,2.0,640.2299999999999,485.0,0.11108664383463031,0.0,95080.97798600001
2023-05-12,3.0,3.0,100079.09,21500.60111,78578.48889000001,0.0,90.0,0.0,1.0,14.74,90.0,0.21483609723070024,0.0,26192.829630000004
2023-05-13,4.0,4.0,381146.07,48648.474480000004,332497.59552,0.0,227.0,0.0,1.0,0.0,227.0,0.12763735037330964,0.0,83124.39888
2023-05-14,2.0,2.0,74774.45000000001,9828.528649999998,64945.921350000004,0.0,141.0,0.0,6.0,1726.82,141.0,0.13144233959594484,0.0,32472.960675000002
2023-05-15,3.0,3.0,93957.22,2195.20546,91762.01454,0.0,128.0,0.0,0.0,0.0,128.0,0.02336388262658261,0.0,30587.338180000002
2023-05-16,2.0,2.0,179550.61,29033.970390000002,150516.63961,0.0,82.0,0.0,1.0,269.05,82.0,0.16170354637057488,0.0,75258.319805
2023-05-17,5.0,5.0,419160.31,52199.91949,352947.77611,14012.6144,358.0,8.0,2.0,1289.74,350.0,0.12453449967626945,0.0223463687150838,70589.555222
2023-05-18,3.0,3.0,58740.5,4821.01544,53919.48456,0.0,104.0,0.0,0.0,0.0,104.0,0.08207310867289179,0.0,17973.161519999998
2023-05-19,5.0,5.0,194488.96,20919.5013,173569.45870000002,0.0,105.0,0.0,2.0,1182.75,105.0,0.10756138189026257,0.0,34713.89174000001
2023-05-20,6.0,6.0,282458.73,27151.90542,255306.82458000001,0.0,293.0,0.0,2.0,149.16,293.0,0.0961269825860932,0.0,42551.13743
2023-05-21,3.0,3.0,230207.69,28584.741929999997,201622.94807,0.0,133.0,0.0,1.0,655.48,133.0,0.12416936171854205,0.0,67207.64935666668
2023-05-22,4.0,4.0,152566.76,3679.7746,148886.9854,0.0,142.0,0.0,0.0,0.0,142.0,0.024119110873167916,0.0,37221.74635
2023-05-23,4.0,4.0,31492.5,3369.4738199999997,28123.02618,0.0,112.0,0.0,0.0,0.0,112.0,0.10699289735651345,0.0,7030.756545
2023-05-24,5.0,5.0,404498.2,11361.89903,393136.30097,0.0,348.0,0.0,1.0,0.0,348.0,0.028088874140849082,0.0,78627.260194
2023-05-25,6.0,6.0,99437.29000000001,13658.58698,85778.70302,0.0,223.0,0.0,4.0,1577.33,223.0,0.1373588015119881,0.0,14296.450503333333
2023-05-26,5.0,5.0,493912.64,40439.28911,449696.97215000005,3776.37876,450.0,4.0,1.0,240.46,446.0,0.08187538814556355,0.008888888888888889,89939.39443000001
2023-05-27,6.0,6.0,457832.85000000003,27858.770409999997,429974.07959,0.0,423.0,0.0,1.0,301.2,423.0,0.060849216935831486,0.0,71662.34659833333
2023-05-28,6.0,6.0,354498.68999999994,16960.60553,337538.08447,0.0,238.0,0.0,2.0,422.6,238.0,0.04784391595353992,0.0,56256.34741166667
2023-05-29,2.0,2.0,129829.87000000001,1609.25911,128220.61089,0.0,69.0,0.0,2.0,857.5899999999999,69.0,0.012395137652067277,0.0,64110.305445
2023-05-30,4.0,4.0,100610.06999999999,7575.45768,93034.61232,0.0,166.0,0.0,2.0,1111.56,166.0,0.0752952232316308,0.0,23258.65308
2023-05-31,6.0,6.0,501028.31,54682.67903,446345.63097,0.0,411.0,0.0,3.0,671.54,411.0,0.10914089670901031,0.0,74390.938495
2023-06-01,4.0,4.0,350952.0,34207.075059999996,316744.92494,0.0,416.0,0.0,0.0,0.0,416.0,0.09746938344844878,0.0,79186.231235
2023-06-02,6.0,6.0,363185.32999999996,40327.46346,322857.86654,0.0,306.0,0.0,0.0,0.0,306.0,0.11103824997557034,0.0,53809.64442333334
2023-06-03,4.0,4.0,204954.36000000002,8029.44459,196924.91541,0.0,155.0,0.0,2.0,734.03,155.0,0.03917674447130571,0.0,49231.2288525
2023-06-04,4.0,4.0,191956.33000000002,28475.82778,163480.50222000002,0.0,197.0,0.0,1.0,297.28,197.0,0.14834534386024154,0.0,40870.125555000006
2023-06-05,4.0,4.0,168581.63,22598.527710000002,145983.10229,0.0,197.0,0.0,1.0,479.73,197.0,0.1340509503318956,0.0,36495.7755725
2023-06-06,5.0,5.0,510592.49,54883.52302,455708.96698,0.0,292.0,0.0,4.0,1153.71,292.0,0.10748987518402396,0.0,91141.79339600001
2023-06-07,3.0,3.0,110282.88,15197.37197,95085.50803,0.0,157.0,0.0,2.0,451.31,157.0,0.1378035463890678,0.0,31695.16934333333
2023-06-08,3.0,3.0,265186.31,35800.10733,229386.20267000003,0.0,232.0,0.0,3.0,1043.98,232.0,0.13499983211803052,0.0,76462.06755666668
2023-06-09,3.0,3.0,232119.86000000002,29082.000160000003,203037.85984,0.0,245.0,0.0,0.0,0.0,245.0,0.12528872006040329,0.0,67679.28661333333
2023-06-10,3.0,3.0,225386.56,17294.637519999997,208091.92248,0.0,197.0,0.0,2.0,492.3,197.0,0.07673322455429461,0.0,69363.97416
2023-06-11,2.0,2.0,13082.82,65.4141,13017.4059,0.0,6.0,0.0,2.0,625.3199999999999,6.0,0.005,0.0,6508.70295
2023-06-12,4.0,4.0,382192.69,21110.52929,361082.16070999997,0.0,312.0,0.0,3.0,727.28,312.0,0.05523530366318623,0.0,90270.54017749999
2023-06-13,2.0,2.0,251055.59000000003,39323.30103,211732.28897,0.0,254.0,0.0,1.0,302.44,254.0,0.15663184806998323,0.0,105866.144485
2023-06-14,4.0,4.0,57788.14,10120.33856,47667.80144,0.0,50.0,0.0,1.0,554.42,50.0,0.1751282972596107,0.0,11916.95036
2023-06-15,4.0,4.0,284252.81,34887.37464,249365.43536,0.0,250.0,0.0,2.0,950.22,250.0,0.12273361392627923,0.0,62341.35884
2023-06-16,1.0,1.0,10049.44,2170.67904,7878.76096,0.0,13.0,0.0,1.0,747.92,13.0,0.216,0.0,7878.76096
2023-06-17,4.0,4.0,167593.57,6129.54201,152638.30979,8825.7182,190.0,4.0,1.0,432.16,186.0,0.03657384952179251,0.021052631578947368,38159.5774475
2023-06-18,4.0,4.0,378988.81999999995,44829.19662,334159.62338,0.0,333.0,0.0,1.0,96.78,333.0,0.1182863299766996,0.0,83539.905845
2023-06-19,6.0,6.0,234820.22,31066.00322,203754.21678,0.0,270.0,0.0,1.0,506.81,270.0,0.13229696837861749,0.0,33959.03613
2023-06-20,5.0,5.0,243076.90000000002,28134.1861,214942.71389999997,0.0,238.0,0.0,2.0,905.5699999999999,238.0,0.1157419158299287,0.0,42988.542779999996
2023-06-21,4.0,4.0,264566.73,14073.517349999998,250493.21265,0.0,390.0,0.0,2.0,834.86,390.0,0.053194584783959796,0.0,62623.3031625
2023-06-22,7.0,7.0,644529.64,75186.27328000001,569343.36672,0.0,508.0,0.0,3.0,1537.44,508.0,0.11665293357183698,0.0,81334.76667428573
2023-06-23,0.0,0.0,0.0,0.0,0.0,0.0,0.0,0.0,2.0,169.3,0.0,,,
2023-06-24,5.0,5.0,137877.75,21464.56266,116413.18733999999,0.0,145.0,0.0,2.0,240.23000000000002,145.0,0.15567821972725837,0.0,23282.637467999997
2023-06-25,5.0,5.0,274381.3,37009.22473,237372.07526999997,0.0,361.0,0.0,0.0,0.0,361.0,0.13488246002916382,0.0,47474.415054
2023-06-26,4.0,4.0,153210.87,7652.507460000001,145558.36254,0.0,184.0,0.0,0.0,0.0,184.0,0.04994754915235453,0.0,36389.590635
2023-06-27,8.0,8.0,582415.78,58677.54951,514097.93840999994,9640.2921,439.0,6.0,0.0,0.0,433.0,0.10074855717336503,0.01366742596810934,64262.24230124999
2023-06-28,4.0,4.0,22482.120000000003,1737.7452,20744.374799999998,0.0,80.0,0.0,1.0,421.7,80.0,0.07729454339715293,0.0,5186.093699999999
2023-06-29,5.0,5.0,202397.9,4321.53632,198076.36368,0.0,241.0,0.0,1.0,244.27,241.0,0.021351685565907552,0.0,39615.272736
2023-06-30,4.0,4.0,285694.58999999997,31607.500350000002,254087.08964999998,0.0,221.0,0.0,1.0,255.25,221.0,0.11063387777136419,0.0,63521.772412499995
2023-07-01,2.0,2.0,111033.78,6615.09912,103084.2174,1334.46348,62.0,3.0,1.0,34.58,59.0,0.05957735672873606,0.04838709677419355,51542.1087
2023-07-02,2.0,2.0,158113.41,21018.99584,137094.41416,0.0,271.0,0.0,1.0,409.38,271.0,0.13293619965567752,0.0,68547.20708
2023-07-03,8.0,8.0,366863.70999999996,26385.34665,340478.36335,0.0,260.0,0.0,2.0,611.09,260.0,0.07192138641895107,0.0,42559.79541875
2023-07-04,8.0,8.0,581134.95,69156.28521,503805.84723,8172.81756,478.0,6.0,3.0,551.56,472.0,0.1190021099402127,0.012552301255230125,62975.73090375
2023-07-05,2.0,2.0,9611.34,1987.57728,7623.76272,0.0,122.0,0.0,1.0,248.52,122.0,0.20679502337863398,0.0,3811.88136
2023-07-06,2.0,2.0,179051.92,26040.996100000004,153010.9239,0.0,123.0,0.0,2.0,105.18,123.0,0.1454382399250452,0.0,76505.46195
2023-07-07,6.0,6.0,312077.02,30371.808200000003,272649.49604,9055.71576,318.0,7.0,3.0,1150.5,311.0,0.09732151441333296,0.0220125786163522,45441.58267333333
2023-07-08,5.0,5.0,374359.94999999995,34216.26091,340143.68909,0.0,384.0,0.0,1.0,328.68,384.0,0.09139936285919474,0.0,68028.737818
2023-07-09,5.0,5.0,583867.74,76685.38559,507182.35441,0.0,497.0,0.0,1.0,408.84,497.0,0.1313403367516075,0.0,101436.47088200001
2023-07-10,5.0,5.0,202150.37,29142.08484,173008.28516,0.0,198.0,0.0,1.0,134.51,198.0,0.14416043285006108,0.0,34601.657032
2023-07-11,3.0,3.0,183342.74,22416.85485,160925.88515,0.0,172.0,0.0,1.0,391.18,172.0,0.1222674802940111,0.0,53641.961716666665
2023-07-12,7.0,7.0,363757.3,14256.20822,349501.09178,0.0,335.0,0.0,5.0,1494.45,335.0,0.03919153847909032,0.0,49928.72739714286
2023-07-13,6.0,6.0,155791.03,31765.99081,124025.03919,0.0,123.0,0.0,0.0,0.0,123.0,0.20390128244225614,0.0,20670.839864999998
2023-07-14,4.0,4.0,481699.27,49281.14189,432418.12811,0.0,369.0,0.0,2.0,677.29,369.0,0.10230686438449449,0.0,108104.5320275
2023-07-15,4.0,4.0,579310.86,53882.73072,525428.12928,0.0,412.0,0.0,3.0,608.0899999999999,412.0,0.09301177388595823,0.0,131357.03232
2023-07-16,6.0,6.0,391110.1,40782.05855,350328.04145,0.0,384.0,0.0,3.0,983.1,384.0,0.10427257836092703,0.0,58388.00690833334
2023-07-17,3.0,3.0,17749.02,2981.83536,14767.18464,0.0,43.0,0.0,0.0,0.0,43.0,0.168,0.0,4922.39488
2023-07-18,6.0,6.0,219920.03999999998,6983.06099,212936.97901,0.0,184.0,0.0,1.0,289.27,184.0,0.03175272699113733,0.0,35489.49650166667
2023-07-19,3.0,3.0,46741.42,9282.207760000001,37459.21224,0.0,122.0,0.0,0.0,0.0,122.0,0.19858634504471626,0.0,12486.40408
2023-07-20,4.0,4.0,125090.48999999999,8059.7678,117030.72219999999,0.0,207.0,0.0,1.0,505.79,207.0,0.06443149914913596,0.0,29257.680549999997
2023-07-21,7.0,7.0,191770.5,19093.02717,172677.47283,0.0,200.0,0.0,1.0,569.58,200.0,0.09956185737639522,0.0,24668.210404285717
2023-07-22,3.0,3.0,200079.32,12597.842719999999,178369.05748000002,9112.4198,177.0,10.0,1.0,517.33,167.0,0.06296424198163007,0.05649717514124294,59456.35249333334
2023-07-23,5.0,5.0,492527.52999999997,52254.71089,440272.81911,0.0,287.0,0.0,1.0,367.96,287.0,0.10609500526803041,0.0,88054.563822
2023-07-24,4.0,4.0,189464.81999999998,9722.6215,179742.19855,0.0,154.0,0.0,0.0,0.0,154.0,0.05131623643903919,0.0,44935.5496375
2023-07-25,7.0,7.0,204988.09,13261.97795,187126.54423,4599.56784,213.0,4.0,2.0,505.8,209.0,0.0646963340650669,0.018779342723004695,26732.363461428573
2023-07-26,5.0,5.0,281181.32,17476.72072,263704.59928,0.0,279.0,0.0,0.0,0.0,279.0,0.06215462933312924,0.0,52740.91985600001
2023-07-27,5.0,5.0,316506.43,38028.54338,278477.88662,0.0,300.0,0.0,2.0,265.75,300.0,0.12015093462714171,0.0,55695.577324
2023-07-28,3.0,3.0,252396.28999999998,41036.93941,211359.35059,0.0,200.0,0.0,3.0,817.79,200.0,0.16258931306002955,0.0,70453.11686333333
2023-07-29,4.0,4.0,30424.32,4594.66816,25829.65184,0.0,76.0,0.0,3.0,449.52,76.0,0.15101958433253398,0.0,6457.41296
2023-07-30,2.0,2.0,12083.49,539.49109,11543.99891,0.0,57.0,0.0,1.0,120.71,57.0,0.044646959611834,0.0,5771.999455
2023-07-31,8.0,8.0,453631.05,28192.921309999998,425438.12869,0.0,366.0,0.0,3.0,948.98,366.0,0.06214945231372499,0.0,53179.76608625
2023-08-01,5.0,5.0,49222.729999999996,7266.23206,41956.49794,0.0,58.0,1.0,0.0,0.0,57.0,0.14761944451272818,0.017241379310344827,8391.299588
2023-08-02,7.0,7.0,251652.5,31860.503409999998,219765.03175000002,26.96484,255.0,2.0,2.0,713.55,253.0,0.1266051535748701,0.00784313725490196,31395.004535714288
2023-08-03,5.0,5.0,178970.71000000002,26184.30385,152786.40615,0.0,189.0,0.0,1.0,342.84,189.0,0.14630496716473884,0.0,30557.28123
2023-08-04,2.0,2.0,100916.72,7191.6424,93725.07759999999,0.0,73.0,0.0,2.0,598.6700000000001,73.0,0.0712631405380595,0.0,46862.538799999995
2023-08-05,8.0,8.0,462195.75,59356.28161,402839.46839,0.0,448.0,0.0,5.0,770.8499999999999,448.0,0.1284223872893682,0.0,50354.93354875
2023-08-06,4.0,4.0,88212.26999999999,8500.22868,78292.26587,1419.77545,217.0,1.0,2.0,646.4599999999999,216.0,0.09636106949747468,0.004608294930875576,19573.0664675
2023-08-07,4.0,4.0,172842.89,27590.59571,137056.94754,8195.34675,226.0,15.0,5.0,864.76,211.0,0.1596281785730382,0.06637168141592921,34264.236885
2023-08-08,2.0,2.0,32525.6,331.1099,32194.490100000003,0.0,35.0,0.0,0.0,0.0,35.0,0.010179978232530683,0.0,16097.245050000001
2023-08-09,3.0,3.0,174036.0,3866.75082,170169.24918,0.0,177.0,0.0,0.0,0.0,177.0,0.02221810901192857,0.0,56723.083060000004
2023-08-10,4.0,4.0,204328.19,26120.3414,178207.8486,0.0,128.0,0.0,2.0,303.02,128.0,0.12783523115435028,0.0,44551.96215
2023-08-11,1.0,1.0,0.0,0.0,0.0,0.0,0.0,0.0,1.0,322.52,0.0,,,0.0
2023-08-12,4.0,4.0,359560.33999999997,37649.18646,321911.15353999997,0.0,311.0,0.0,2.0,551.1600000000001,311.0,0.10470895221647637,0.0,80477.78838499999
2023-08-13,8.0,8.0,413169.57999999996,51152.08352,362017.49648000003,0.0,395.0,0.0,1.0,611.68,395.0,0.12380408915874205,0.0,45252.187060000004
2023-08-14,3.0,3.0,50641.67,3749.17105,46892.498949999994,0.0,85.0,0.0,1.0,217.55,85.0,0.07403332176841719,0.0,15630.832983333332
2023-08-15,6.0,6.0,535255.8400000001,63755.45556,471500.38444,0.0,500.0,0.0,0.0,0.0,500.0,0.11911211573142293,0.0,78583.39740666667
2023-08-16,3.0,3.0,75710.2,3555.80871,72154.39129,0.0,164.0,0.0,2.0,515.66,164.0,0.04696604565831288,0.0,24051.463763333333
2023-08-17,5.0,5.0,317269.99,32884.72687,284385.26313000004,0.0,221.0,0.0,3.0,262.23,221.0,0.10364903049922874,0.0,56877.052626000004
2023-08-18,7.0,7.0,191344.04,14497.78371,174113.72705,2732.52924,184.0,6.0,2.0,884.22,178.0,0.07576814887989194,0.03260869565217391,24873.389578571427
2023-08-19,6.0,6.0,210445.18,46134.458139999995,164310.72186,0.0,176.0,0.0,1.0,499.38,176.0,0.21922316367616496,0.0,27385.12031
2023-08-20,5.0,5.0,499124.28,54125.967699999994,444998.3123,0.0,322.0,0.0,3.0,764.21,322.0,0.10844186481971983,0.0,88999.66245999999
2023-08-21,3.0,3.0,143756.61000000002,11203.51899,132553.09101,0.0,131.0,0.0,0.0,0.0,131.0,0.07793393980283758,0.0,44184.36367
2023-08-22,6.0,6.0,474779.11,84852.61736,389926.49264,0.0,325.0,0.0,3.0,1151.6299999999999,325.0,0.17872019971561093,0.0,64987.74877333333
2023-08-23,6.0,6.0,82045.88,14494.38188,67551.49812,0.0,173.0,0.0,1.0,736.93,173.0,0.1766619101410089,0.0,11258.58302
2023-08-24,4.0,4.0,107595.69,11649.40327,95946.28672999999,0.0,223.0,0.0,4.0,809.81,223.0,0.10827016649086967,0.0,23986.571682499998
2023-08-25,4.0,4.0,129551.68,6215.2801,123336.39989999999,0.0,86.0,0.0,0.0,0.0,86.0,0.047975295264407226,0.0,30834.099974999997
2023-08-26,4.0,4.0,202824.03,36346.522170000004,166477.50783000002,0.0,188.0,0.0,3.0,1316.07,188.0,0.1792022482247296,0.0,41619.376957500004
2023-08-27,9.0,9.0,552982.52,79684.36833,473298.15167,0.0,473.0,0.0,3.0,610.86,473.0,0.1440992534990075,0.0,52588.68351888889
2023-08-28,1.0,1.0,62380.75,2369.2515,60011.4985,0.0,75.0,0.0,0.0,0.0,75.0,0.03798049077640137,0.0,60011.4985
2023-08-29,2.0,2.0,85019.63,13661.22543,71358.40457000001,0.0,83.0,0.0,0.0,0.0,83.0,0.16068319081134558,0.0,35679.20228500001
2023-08-30,2.0,2.0,75023.16,5933.87968,69089.28032,0.0,50.0,0.0,2.0,474.66,50.0,0.07909397151492951,0.0,34544.64016
2023-08-31,6.0,6.0,495512.51,66891.79764,428620.71236,0.0,376.0,0.0,1.0,104.49,376.0,0.13499517426916224,0.0,71436.78539333334
2023-09-01,1.0,1.0,120867.85999999999,17110.48582,103757.37418,0.0,80.0,0.0,1.0,285.6,80.0,0.14156357049756654,0.0,103757.37418
2023-09-02,10.0,10.0,667674.76,103088.35655,564586.40345,0.0,649.0,0.0,3.0,1274.3200000000002,649.0,0.15439906182764793,0.0,56458.640345
2023-09-03,5.0,5.0,211678.93,26040.331449999998,180916.67211,4721.92644,312.0,7.0,3.0,769.11,305.0,0.12301806065440712,0.022435897435897436,36183.334422
2023-09-04,7.0,7.0,300866.35,39025.06021,261841.28979,0.0,397.0,0.0,0.0,0.0,397.0,0.12970895618602746,0.0,37405.89854142857
2023-09-05,4.0,4.0,259463.72,28012.83856,231450.88144,0.0,255.0,8.0,3.0,447.60999999999996,247.0,0.10796437575164651,0.03137254901960784,57862.72036
2023-09-06,6.0,6.0,471538.96,26738.59139,444800.36861,0.0,342.0,0.0,1.0,191.63,342.0,0.056704946267854515,0.0,74133.39476833334
2023-09-07,8.0,7.0,323262.68,50859.30648,272403.37352,0.0,288.0,0.0,1.0,589.24,288.0,0.1573312034658625,0.0,34050.42169
2023-09-08,6.0,6.0,476423.29000000004,50542.28948,425881.00054,0.0,306.0,0.0,6.0,2563.38,306.0,0.10608694104773927,0.0,70980.16675666666
2023-09-09,5.0,5.0,301599.03,35236.42457,266362.60543,0.0,348.0,0.0,3.0,685.24,348.0,0.1168320222051112,0.0,53272.521086
2023-09-10,9.0,9.0,475111.01,67886.22235,407224.78765,0.0,367.0,0.0,1.0,785.38,367.0,0.14288496987261987,0.0,45247.198627777776
2023-09-11,3.0,3.0,149137.97999999998,34557.42171,114580.55829,0.0,85.0,0.0,4.0,1219.79,85.0,0.23171442787410695,0.0,38193.51943
2023-09-12,5.0,5.0,263038.71,27293.07426,235745.63574,0.0,272.0,0.0,4.0,889.75,272.0,0.10376067560550307,0.0,47149.127148
2023-09-13,6.0,6.0,305862.56,44247.330859999995,261615.22913999998,0.0,267.0,0.0,2.0,615.07,267.0,0.1446640963836829,0.0,43602.53819
2023-09-14,2.0,2.0,233875.72000000003,18206.15986,215669.56014,0.0,244.0,0.0,4.0,1421.49,244.0,0.0778454465474227,0.0,107834.78007
2023-09-15,4.0,4.0,44127.66,1110.6856200000002,43016.97438,0.0,28.0,0.0,3.0,984.1400000000001,28.0,0.025169828175797222,0.0,10754.243595
2023-09-16,2.0,2.0,139541.52,18807.126500000002,120734.3935,0.0,99.0,0.0,2.0,627.37,99.0,0.13477799654181782,0.0,60367.19675
2023-09-17,2.0,2.0,277005.80000000005,18818.05659,258187.74341,0.0,167.0,0.0,1.0,170.89,167.0,0.06793379990599474,0.0,129093.871705
2023-09-18,4.0,4.0,185242.5,12286.42457,172956.07543000003,0.0,141.0,0.0,0.0,0.0,141.0,0.06632616473001605,0.0,43239.01885750001
2023-09-19,7.0,7.0,335745.83999999997,38473.59839,297272.24161,0.0,380.0,0.0,0.0,0.0,380.0,0.11459143735034812,0.0,42467.46308714286
2023-09-20,4.0,4.0,278412.28,30436.850860000002,247975.42914,0.0,272.0,0.0,1.0,151.6,272.0,0.10932294674645816,0.0,61993.857285
2023-09-21,8.0,8.0,553539.7,43762.3701,509777.3299,0.0,502.0,0.0,5.0,1480.37,502.0,0.07905913541521954,0.0,63722.1662375
2023-09-22,3.0,3.0,57823.99,8353.89177,49470.09823,0.0,150.0,2.0,2.0,864.03,148.0,0.1444710365023237,0.013333333333333334,16490.032743333333
2023-09-23,6.0,6.0,212529.82,8960.31911,195684.92433,7884.57656,177.0,8.0,0.0,0.0,169.0,0.042160291247599985,0.04519774011299435,32614.154055000003
2023-09-24,4.0,4.0,211650.66,9698.57822,201952.08178,0.0,177.0,0.0,0.0,0.0,177.0,0.04582351985106023,0.0,50488.020445
2023-09-25,3.0,3.0,64618.78,1165.5241700000001,63453.255829999995,0.0,79.0,0.0,4.0,1589.52,79.0,0.018036926261993807,0.0,21151.085276666665
2023-09-26,2.0,2.0,98640.76,5529.861959999999,93110.89804,0.0,99.0,0.0,3.0,1240.99,99.0,0.056060617943332954,0.0,46555.44902
2023-09-27,1.0,1.0,0.0,0.0,0.0,0.0,0.0,0.0,0.0,0.0,0.0,,,0.0
2023-09-28,6.0,6.0,197858.08,19183.645790000002,178674.43421,0.0,207.0,0.0,2.0,249.0,207.0,0.09695659530305764,0.0,29779.072368333334
2023-09-29,3.0,3.0,225344.11000000002,24887.944409999996,197114.55519,3341.6104,141.0,4.0,0.0,0.0,137.0,0.11044417539912622,0.028368794326241134,65704.85173000001
2023-09-30,2.0,2.0,140996.71,4500.874650000001,136495.83535,0.0,165.0,0.0,3.0,1249.96,165.0,0.03192184165148251,0.0,68247.917675
2023-10-01,6.0,6.0,151237.34,16280.95854,113479.42946,21476.952,145.0,10.0,1.0,37.36,135.0,0.10765171180609233,0.06896551724137931,18913.238243333333
2023-10-02,3.0,3.0,119287.83,13471.702249999998,105816.12775,0.0,191.0,0.0,3.0,727.87,191.0,0.11293442298346779,0.0,35272.042583333336
2023-10-03,11.0,11.0,589380.14,57583.208629999994,531796.93137,0.0,593.0,0.0,2.0,366.52,593.0,0.09770130467918378,0.0,48345.17557909091
2023-10-04,4.0,4.0,294242.12,20099.702649999996,274142.41735,0.0,291.0,0.0,3.0,524.72,291.0,0.06831007963781663,0.0,68535.6043375
2023-10-05,4.0,4.0,114224.31,19072.14116,95152.16884,0.0,286.0,0.0,4.0,1716.31,286.0,0.1669709465524458,0.0,23788.04221
2023-10-06,5.0,5.0,405427.83,22230.66741,383197.16259,0.0,275.0,0.0,2.0,847.5799999999999,275.0,0.054832613266829755,0.0,76639.432518
2023-10-07,5.0,5.0,227542.21999999997,22424.06882,205118.15118,0.0,226.0,0.0,3.0,998.9699999999999,226.0,0.09854904650222716,0.0,41023.630236
2023-10-08,6.0,6.0,88961.3,11525.6142,58781.159,18654.5268,189.0,9.0,1.0,567.25,180.0,0.12955761887472417,0.047619047619047616,9796.859833333334
2023-10-10,6.0,6.0,275776.42,15978.189420000002,259798.23058,0.0,230.0,0.0,1.0,311.25,230.0,0.057938925380204745,0.0,43299.705096666665
2023-10-11,5.0,5.0,148466.86,6572.70722,141894.15278,0.0,143.0,0.0,1.0,728.46,143.0,0.04427053431317939,0.0,28378.830556
2023-10-12,5.0,5.0,91229.4,7956.3802000000005,83273.0198,0.0,126.0,0.0,3.0,956.55,126.0,0.08721289628124268,0.0,16654.60396
2023-10-13,4.0,4.0,359989.88,18218.978239999997,341770.90176,0.0,257.0,0.0,2.0,218.29,257.0,0.05060969558366473,0.0,85442.72544
2023-10-14,7.0,7.0,315312.48,31063.91479,284248.56521000003,0.0,314.0,0.0,1.0,117.46,314.0,0.0985178727781406,0.0,40606.93788714286
2023-10-15,2.0,2.0,142388.75,8246.79188,134141.95812,0.0,84.0,0.0,4.0,1708.37,84.0,0.05791743996628947,0.0,67070.97906
2023-10-16,7.0,7.0,427194.12,39985.333459999994,387208.78654,0.0,317.0,0.0,2.0,1269.58,317.0,0.09359991532654989,0.0,55315.54093428572
2023-10-17,5.0,5.0,445041.82,69260.81135,375781.00865,0.0,322.0,0.0,2.0,496.16,322.0,0.15562764719504338,0.0,75156.20173
2023-10-18,1.0,1.0,91357.53,8374.84206,82982.68793999999,0.0,77.0,0.0,3.0,1196.68,77.0,0.09167106488102296,0.0,82982.68793999999
2023-10-19,6.0,6.0,469148.88,82646.45224,386502.42776,0.0,445.0,0.0,2.0,978.3499999999999,445.0,0.17616252699995788,0.0,64417.071293333334
2023-10-20,11.0,11.0,711816.89,84055.70976999999,627761.1802299999,0.0,594.0,0.0,0.0,0.0,594.0,0.11808614118442734,0.0,57069.19820272727
2023-10-21,4.0,4.0,41423.04,2810.2940399999998,38612.74596,0.0,75.0,0.0,2.0,936.6299999999999,75.0,0.06784374203341907,0.0,9653.18649
2023-10-22,4.0,4.0,278237.73,26484.03254,251753.69746,0.0,306.0,1.0,1.0,314.32,305.0,0.09518490730929986,0.0032679738562091504,62938.424365
2023-10-23,3.0,3.0,182616.2,16549.63618,166066.56381999998,0.0,146.0,0.0,4.0,1167.1100000000001,146.0,0.09062523576769202,0.0,55355.521273333325
2023-10-24,4.0,4.0,155120.24,14916.793020000001,140203.44698,0.0,137.0,0.0,1.0,456.84,137.0,0.09616277682396573,0.0,35050.861745
2023-10-25,6.0,6.0,490055.61,46748.60558,443307.00442,0.0,271.0,0.0,1.0,269.14,271.0,0.09539449120886506,0.0,73884.50073666667
2023-10-26,5.0,5.0,198926.39,10346.34968,188580.04032,0.0,210.0,0.0,4.0,737.9,210.0,0.05201094575737286,0.0,37716.008064
2023-10-27,3.0,3.0,52353.5,7717.16658,44636.33342,0.0,82.0,0.0,2.0,1037.99,82.0,0.1474049792277498,0.0,14878.777806666667
2023-10-28,3.0,3.0,147372.65999999997,20536.74498,126835.91501999999,0.0,163.0,0.0,0.0,0.0,163.0,0.13935247541843923,0.0,42278.63834
2023-10-29,2.0,2.0,10289.07,785.9592200000001,9503.110779999999,0.0,33.0,0.0,3.0,337.35,33.0,0.07638778043107881,0.0,4751.5553899999995
2023-10-30,1.0,1.0,45428.76,2680.29684,42748.46316,0.0,26.0,0.0,2.0,1060.36,26.0,0.059,0.0,42748.46316
2023-10-31,7.0,6.0,579610.94,87273.16627,492030.03693,307.7368,451.0,4.0,2.0,933.8399999999999,447.0,0.15057197897265365,0.008869179600886918,70290.00527571428
2023-11-01,7.0,7.0,152583.53,23423.1715,129160.3585,0.0,237.0,0.0,1.0,86.66,237.0,0.15351048373307394,0.0,18451.479785714288
2023-11-02,5.0,5.0,587978.33,71252.95088,516725.37912,0.0,443.0,0.0,1.0,81.45,443.0,0.12118295393641465,0.0,103345.075824
2023-11-03,5.0,5.0,139340.84,9998.654989999999,129342.18501000002,0.0,125.0,0.0,3.0,1295.33,125.0,0.07175681580504323,0.0,25868.437002000002
2023-11-04,5.0,5.0,650497.19,69802.41548,573430.54062,7264.2339,441.0,7.0,0.0,0.0,434.0,0.10730625213000536,0.015873015873015872,114686.10812399999
2023-11-05,3.0,3.0,138000.66,2930.2331999999997,135070.4268,0.0,87.0,0.0,2.0,536.8199999999999,87.0,0.02123347236165392,0.0,45023.4756
2023-11-06,4.0,4.0,57042.8,5488.56181,42981.46099,8572.7772,98.0,6.0,1.0,209.66,92.0,0.09621830993569741,0.061224489795918366,10745.3652475
2023-11-07,6.0,6.0,258156.88,8318.3184,249838.56160000002,0.0,177.0,0.0,2.0,29.61,177.0,0.03222195124143118,0.0,41639.76026666667
2023-11-08,10.0,10.0,634531.75,72649.79502,555372.55162,6509.40336,657.0,6.0,0.0,0.0,651.0,0.11449355374258263,0.0091324200913242,55537.255162
2023-11-09,5.0,5.0,265438.38,40880.18679,224558.19321,0.0,293.0,0.0,1.0,531.64,293.0,0.15401008245303485,0.0,44911.638642
2023-11-10,6.0,6.0,340246.33999999997,46341.20048,293905.13952,0.0,258.0,0.0,3.0,330.55999999999995,258.0,0.13619896831219405,0.0,48984.189920000004
2023-11-11,2.0,2.0,75424.32,19610.3232,55813.9968,0.0,52.0,0.0,2.0,517.42,52.0,0.25999999999999995,0.0,27906.9984
2023-11-12,4.0,4.0,305994.64,23262.04575,282732.59424999997,0.0,217.0,0.0,3.0,697.85,217.0,0.0760210889641727,0.0,70683.14856249999
2023-11-13,9.0,9.0,496105.69,57325.880240000006,434588.08400000003,4191.72576,435.0,2.0,4.0,1168.18,433.0,0.11555174914442123,0.004597701149425287,48287.56488888889
2023-11-14,10.0,10.0,501846.67,47721.929540000005,440715.48589999997,13409.25456,353.0,6.0,5.0,1593.88,347.0,0.09509264959355017,0.0169971671388102,44071.54859
2023-11-15,7.0,7.0,375707.18,25473.096930000003,350234.08307,0.0,429.0,0.0,2.0,842.4200000000001,429.0,0.06780039958246208,0.0,50033.44043857143
2023-11-16,3.0,3.0,122919.54,15302.288820000002,107617.25117999999,0.0,207.0,0.0,3.0,829.79,207.0,0.12449028706095062,0.0,35872.41706
2023-11-17,10.0,10.0,711169.71,63245.28039,647924.42961,0.0,582.0,0.0,5.0,1947.1,582.0,0.08893134718856348,0.0,64792.442961
2023-11-18,6.0,6.0,302411.75,46252.72202,249007.02857999998,7151.9994,308.0,7.0,6.0,2308.2200000000003,301.0,0.1529461802327456,0.022727272727272728,41501.171429999995
2023-11-19,6.0,6.0,198456.05000000002,13908.890589999999,171401.75221,13145.4072,248.0,10.0,2.0,395.45,238.0,0.07008549545352735,0.04032258064516129,28566.958701666666
2023-11-20,9.0,9.0,716231.9400000001,52690.12594,663541.81406,0.0,600.0,0.0,3.0,903.1800000000001,600.0,0.0735657305928021,0.0,73726.8682288889
2023-11-21,0.0,0.0,0.0,0.0,0.0,0.0,0.0,0.0,2.0,311.55,0.0,,,
2023-11-22,4.0,4.0,479972.63,35243.12446,444729.50554,0.0,284.0,0.0,4.0,1007.6600000000001,284.0,0.07342736284775238,0.0,111182.376385
2023-11-23,4.0,4.0,216098.09,28182.335440000003,187915.75456,0.0,218.0,0.0,2.0,907.25,218.0,0.13041455128085586,0.0,46978.93864
2023-11-24,7.0,7.0,405468.82,20984.95045,384483.86955,0.0,295.0,0.0,4.0,1867.31,295.0,0.051754782155629134,0.0,54926.26707857143
2023-11-25,9.0,9.0,546113.62,67460.2583,478653.3617,0.0,683.0,0.0,2.0,496.57,683.0,0.12352788106621476,0.0,53183.70685555556
2023-11-26,3.0,3.0,169237.51,4325.43699,164912.07301,0.0,150.0,0.0,2.0,91.07,150.0,0.025558382358615416,0.0,54970.69100333333
2023-11-27,7.0,7.0,669354.02,87661.25229,567293.55275,14399.21496,506.0,8.0,1.0,463.47,498.0,0.130963958788206,0.015810276679841896,81041.93610714286
2023-11-28,2.0,2.0,214855.71,26452.931539999998,188402.77846,0.0,121.0,0.0,3.0,1107.6299999999999,121.0,0.12311951839678824,0.0,94201.38923
2023-11-29,2.0,2.0,178727.15,31146.451199999996,147580.6988,0.0,109.0,0.0,0.0,0.0,109.0,0.1742681579155713,0.0,73790.3494
2023-11-30,8.0,8.0,382273.04,54260.127720000004,327777.20728,235.705,457.0,1.0,3.0,705.72,456.0,0.14194076495690097,0.002188183807439825,40972.15091
2023-12-01,6.0,6.0,490308.2,95396.73694,380856.2021,14055.26096,345.0,8.0,3.0,1550.8600000000001,337.0,0.19456484093066362,0.02318840579710145,63476.033683333335
2023-12-02,8.0,8.0,474684.9,49029.57045,425655.32955,0.0,386.0,5.0,1.0,457.4,381.0,0.10328866675556773,0.012953367875647668,53206.91619375
2023-12-03,8.0,7.0,260400.24,24909.41593,235490.82407,0.0,245.0,0.0,0.0,0.0,245.0,0.0956581911368438,0.0,29436.35300875
2023-12-04,6.0,6.0,412385.81000000006,60779.660670000005,343986.74933,7619.4,306.0,6.0,3.0,471.09000000000003,300.0,0.14738543178777175,0.0196078431372549,57331.12488833334
2023-12-05,3.0,3.0,383957.69,20162.30241,363795.38759000006,0.0,230.0,0.0,2.0,1168.96,230.0,0.05251178172782527,0.0,121265.12919666669
2023-12-06,5.0,5.0,144160.64,6575.65208,137584.98791999999,0.0,84.0,0.0,2.0,1004.02,84.0,0.04561336631135932,0.0,27516.997583999997
2023-12-07,8.0,8.0,257161.32,17599.61292,239561.70708000002,0.0,294.0,0.0,3.0,896.87,294.0,0.068438025283118,0.0,29945.213385000003
2023-12-08,6.0,6.0,702512.61,48942.81614,653569.79382,0.0,423.0,0.0,1.0,458.06,423.0,0.06966823860998025,0.0,108928.29897
2023-12-09,7.0,7.0,380284.64,27746.2483,352538.39170000004,0.0,341.0,0.0,3.0,1452.13,341.0,0.0729617906734282,0.0,50362.62738571429
2023-12-10,4.0,4.0,188231.64,30706.46375,157525.17625000002,0.0,152.0,0.0,2.0,419.14,152.0,0.16313125545737156,0.0,39381.294062500005
2023-12-11,3.0,3.0,387129.19,35563.75125,351565.43875,0.0,296.0,0.0,2.0,459.27,296.0,0.09186533118311228,0.0,117188.47958333332
2023-12-12,7.0,7.0,597171.28,75432.87978,521738.4002,0.0,398.0,0.0,5.0,1838.52,398.0,0.1263169919692052,0.0,74534.05717142856
2023-12-13,8.0,8.0,215642.74,43877.74656,154041.17905,17723.81439,125.0,10.0,4.0,1168.37,115.0,0.20347425821059406,0.08,19255.14738125
2023-12-14,5.0,5.0,283868.48,14574.51462,269293.9654,0.0,244.0,0.0,0.0,0.0,244.0,0.05134249008554948,0.0,53858.793079999996
2023-12-15,11.0,10.0,641411.96,73038.00110000001,568373.9589,0.0,648.0,0.0,4.0,1038.09,648.0,0.11387065669932318,0.0,51670.359899999996
2023-12-16,6.0,6.0,589245.14,56604.61111,532640.52889,0.0,409.0,0.0,0.0,0.0,409.0,0.09606292401495241,0.0,88773.42148166666
2023-12-17,6.0,6.0,473191.6,31888.519180000003,432187.32378,9115.75704,296.0,6.0,4.0,1420.27,290.0,0.06739029006432068,0.02027027027027027,72031.22063
2023-12-18,5.0,5.0,344072.93,36659.003880000004,307413.92612,0.0,252.0,0.0,10.0,4507.82,252.0,0.10654428373659039,0.0,61482.78522400001
2023-12-19,3.0,3.0,13577.7,2932.7832,10644.9168,0.0,6.0,0.0,3.0,809.71,6.0,0.21599999999999997,0.0,3548.3056
2023-12-20,0.0,0.0,0.0,0.0,0.0,0.0,0.0,0.0,3.0,331.2,0.0,,,
2023-12-21,7.0,7.0,328749.17,38335.70424,286653.82022,3759.64554,417.0,6.0,0.0,0.0,411.0,0.11661080160293637,0.014388489208633094,40950.545745714284
2023-12-22,3.0,3.0,70674.04,12946.984,57727.056,0.0,58.0,0.0,0.0,0.0,58.0,0.18319292345534516,0.0,19242.352
2023-12-23,7.0,7.0,707465.67,75812.915,631652.755,0.0,473.0,0.0,3.0,1494.97,473.0,0.10716126338681563,0.0,90236.10785714285
2023-12-24,7.0,7.0,531923.28,38378.769490000006,493544.51051,0.0,452.0,0.0,0.0,0.0,452.0,0.07215094908047642,0.0,70506.35864428572
2023-12-25,6.0,6.0,381466.87,36524.43522,344942.43473,0.0,274.0,0.0,2.0,941.33,274.0,0.09574733244855575,0.0,57490.40578833333
2023-12-26,3.0,3.0,302327.36,20186.55939,282140.80061000003,0.0,339.0,0.0,1.0,521.9,339.0,0.06677053439688686,0.0,94046.93353666668
2023-12-27,5.0,5.0,264239.79000000004,32854.60043,231385.18957,0.0,190.0,0.0,4.0,903.9300000000001,190.0,0.12433630994786968,0.0,46277.037914
2023-12-28,3.0,3.0,402405.7,16097.07822,386308.62178000004,0.0,299.0,0.0,0.0,0.0,299.0,0.040002112842834975,0.0,128769.54059333335
2023-12-29,6.0,6.0,226256.55000000002,25687.9842,200568.56579999998,0.0,299.0,0.0,2.0,545.98,299.0,0.11353476484990158,0.0,33428.0943
2023-12-30,6.0,6.0,378240.23,39779.11842,338461.11158,0.0,248.0,0.0,2.0,106.11,248.0,0.10516892510349837,0.0,56410.18526333334
2023-12-31,4.0,4.0,94154.24,14906.831559999999,79247.40844,0.0,139.0,0.0,1.0,547.33,139.0,0.15832352913687156,0.0,19811.85211
2024-01-01,7.0,7.0,402617.58999999997,47672.14649,354945.44351,0.0,358.0,0.0,2.0,1343.94,358.0,0.11840552343974838,0.0,50706.491930000004
2024-01-02,3.0,3.0,67591.04000000001,4683.66064,62907.37936,0.0,156.0,0.0,3.0,931.24,156.0,0.06929410525418753,0.0,20969.126453333334
2024-01-03,4.0,4.0,170089.45,9055.85692,161033.59308000002,0.0,103.0,0.0,0.0,0.0,103.0,0.05324173204158165,0.0,40258.398270000005
2024-01-04,5.0,5.0,119527.53,15374.108610000001,104153.42139,0.0,61.0,0.0,2.0,1048.5,61.0,0.12862399658053672,0.0,20830.684278
2024-01-05,5.0,5.0,161107.77,8929.08653,152178.68347,0.0,163.0,0.0,1.0,350.32,163.0,0.05542306575281876,0.0,30435.736694
2024-01-06,8.0,8.0,506715.51,68532.07263000001,438183.43737,0.0,450.0,0.0,2.0,219.42000000000002,450.0,0.1352476316148286,0.0,54772.92967125
2024-01-07,3.0,3.0,178987.84,32492.5085,146495.3315,0.0,147.0,0.0,1.0,490.54,147.0,0.18153472604619397,0.0,48831.77716666667
2024-01-08,6.0,6.0,379230.97,22031.72576,329877.88948,27321.35476,265.0,14.0,3.0,740.47,251.0,0.05809579781946607,0.052830188679245285,54979.64824666667
2024-01-09,11.0,11.0,339561.57999999996,27366.79236,312095.91544,98.8722,477.0,3.0,3.0,1221.56,474.0,0.08059448998912068,0.006289308176100629,28372.35594909091
2024-01-10,5.0,5.0,95221.83,9679.87638,85541.95362,0.0,123.0,0.0,1.0,638.41,123.0,0.10165606332077423,0.0,17108.390724
2024-01-11,6.0,6.0,339484.49,34386.62444,305097.86556,0.0,275.0,0.0,3.0,267.81,275.0,0.10129070827359447,0.0,50849.64426
2024-01-12,11.0,11.0,998851.9,131896.93523,866954.96477,0.0,926.0,0.0,3.0,1038.1599999999999,926.0,0.1320485401589565,0.0,78814.08770636363
2024-01-13,8.0,8.0,496508.85,44511.59039,451997.25961,0.0,428.0,0.0,4.0,889.88,428.0,0.08964913795594982,0.0,56499.65745125
2024-01-14,5.0,5.0,344844.07999999996,19376.81178,325467.26822,0.0,217.0,0.0,3.0,813.36,217.0,0.0561900664787402,0.0,65093.45364400001
2024-01-15,7.0,7.0,609402.64,31177.58665,578225.0533500001,0.0,484.0,0.0,1.0,525.28,484.0,0.05116089856453526,0.0,82603.57905000001
2024-01-16,1.0,1.0,10156.0,899.2124,9256.7876,0.0,33.0,0.0,2.0,269.73,33.0,0.08854001575423395,0.0,9256.7876
2024-01-17,5.0,5.0,363416.44,14084.84257,349331.59742999997,0.0,420.0,0.0,1.0,418.13,420.0,0.03875675676642477,0.0,69866.319486
2024-01-18,6.0,6.0,484042.24,86810.17431,397232.06568999996,0.0,363.0,0.0,1.0,187.43,363.0,0.17934421241832119,0.0,66205.34428166666
2024-01-19,6.0,6.0,240263.12,31624.462480000002,208638.65752,0.0,176.0,0.0,2.0,144.19,176.0,0.13162428957053418,0.0,34773.109586666666
2024-01-20,9.0,9.0,345998.8,23033.3727,322965.4273,0.0,360.0,0.0,4.0,682.0899999999999,360.0,0.06657067221042386,0.0,35885.04747777778
2024-01-21,4.0,4.0,147612.24,26677.35312,120934.88688,0.0,187.0,0.0,2.0,842.9599999999999,187.0,0.18072588777190834,0.0,30233.72172
2024-01-22,4.0,4.0,321838.08999999997,23798.116990000002,298039.97303,0.0,250.0,0.0,3.0,753.94,250.0,0.07394437678274814,0.0,74509.9932575
2024-01-23,6.0,6.0,591522.6499999999,44523.09814,546999.55186,0.0,523.0,0.0,3.0,596.5300000000001,523.0,0.07526862773555672,0.0,91166.59197666666
2024-01-24,6.0,6.0,433920.65,49226.74553,384693.90447,0.0,281.0,0.0,2.0,305.98999999999995,281.0,0.11344642281947172,0.0,64115.650745
2024-01-25,6.0,6.0,308130.49000000005,27550.43111,280580.05889,0.0,241.0,0.0,1.0,292.15,241.0,0.08941157076016722,0.0,46763.34314833333
2024-01-26,7.0,7.0,442545.47000000003,47086.00731,395459.46269,0.0,431.0,0.0,1.0,302.02,431.0,0.1063981229092685,0.0,56494.20895571429
2024-01-27,6.0,6.0,750465.23,87584.36667999999,662880.86328,0.0,544.0,0.0,4.0,1154.6,544.0,0.11670676159107331,0.0,110480.14388
2024-01-28,6.0,6.0,116195.1,13045.3813,87102.515,16047.2037,193.0,10.0,3.0,1163.03,183.0,0.11227135481616693,0.05181347150259067,14517.085833333333
2024-01-29,3.0,3.0,325337.30000000005,49221.35688,276115.94312,0.0,187.0,0.0,0.0,0.0,187.0,0.15129330968198235,0.0,92038.64770666667
2024-01-30,3.0,3.0,253567.61,35984.33561,217583.27439,0.0,242.0,0.0,0.0,0.0,242.0,0.14191219300446142,0.0,72527.75813
2024-01-31,7.0,7.0,530324.96,38978.10267,491346.85733,0.0,398.0,0.0,3.0,516.74,398.0,0.07349852563982658,0.0,70192.40819
2024-02-01,6.0,6.0,321204.49,33865.238970000006,287339.25103,0.0,242.0,0.0,1.0,259.86,242.0,0.10543202235435752,0.0,47889.87517166667
2024-02-02,8.0,8.0,790111.14,112145.63202,677965.50798,0.0,556.0,0.0,3.0,977.0200000000001,556.0,0.14193652809400967,0.0,84745.6884975
2024-02-03,9.0,9.0,518730.56,49590.36279,469140.19721,0.0,388.0,0.0,1.0,466.31,388.0,0.09559946263817579,0.0,52126.68857888889
2024-02-04,4.0,4.0,200481.24,40964.89017,159516.34983,0.0,165.0,0.0,5.0,1728.31,165.0,0.20433278530200633,0.0,39879.0874575
2024-02-05,6.0,6.0,462775.0,33534.92418,429240.07581999997,0.0,347.0,0.0,4.0,1855.74,347.0,0.07246485696072606,0.0,71540.01263666667
2024-02-06,3.0,3.0,288813.81000000006,34011.82701,238440.52515,16361.45784,169.0,9.0,2.0,473.38,160.0,0.117763852808839,0.05325443786982249,79480.17505
2024-02-07,8.0,8.0,188480.35,24339.51966,164140.83034,0.0,355.0,9.0,3.0,906.4300000000001,346.0,0.12913558182590387,0.02535211267605634,20517.6037925
2024-02-08,6.0,6.0,203489.85,24099.792129999998,167247.06563,12142.99224,214.0,9.0,1.0,506.09,205.0,0.11843240402408275,0.04205607476635514,27874.510938333333
2024-02-09,6.0,6.0,331889.24,40594.38013,291294.85987,0.0,311.0,0.0,2.0,1288.0900000000001,311.0,0.12231303470398738,0.0,48549.14331166667
2024-02-10,7.0,7.0,266218.85,35233.99577,230984.85423,0.0,284.0,0.0,3.0,1036.89,284.0,0.1323497407114485,0.0,32997.836318571426
2024-02-11,9.0,8.0,643436.67,88412.61374,553765.2865599999,1258.7697,498.0,3.0,4.0,1529.25,495.0,0.13740686203041552,0.006024096385542169,61529.476284444434
2024-02-12,4.0,4.0,100558.35,15037.015360000001,85521.33464000002,0.0,121.0,0.0,1.0,52.72,121.0,0.1495352236785906,0.0,21380.333660000004
2024-02-13,3.0,3.0,244427.72,26487.12876,217940.59124,0.0,167.0,0.0,1.0,454.77,167.0,0.10836384989394819,0.0,72646.86374666667
2024-02-14,3.0,3.0,204843.22999999998,4319.17785,200524.05215,0.0,156.0,0.0,2.0,745.84,156.0,0.02108528482976958,0.0,66841.35071666667
2024-02-15,3.0,3.0,211208.22,42366.02717,168842.19283,0.0,117.0,0.0,0.0,0.0,117.0,0.2005889125432713,0.0,56280.730943333336
2024-02-16,5.0,5.0,99704.25000000001,10998.62268,70063.31937,18642.30795,145.0,9.0,2.0,19.52,136.0,0.11031247594761506,0.06206896551724138,14012.663874
2024-02-17,4.0,4.0,181862.35,29318.660020000003,152543.68998,0.0,199.0,0.0,1.0,278.88,199.0,0.16121346732844924,0.0,38135.922495
2024-02-18,8.0,8.0,601896.51,77787.41214,524109.09786,0.0,588.0,0.0,0.0,0.0,588.0,0.12923718753577754,0.0,65513.6372325
2024-02-19,6.0,6.0,659739.8400000001,83067.11391,576672.72609,0.0,570.0,0.0,5.0,2481.27,570.0,0.12590889449695805,0.0,96112.121015
2024-02-20,3.0,3.0,64896.18,5342.53212,59553.647880000004,0.0,173.0,0.0,2.0,857.28,173.0,0.08232429273957265,0.0,19851.21596
2024-02-21,3.0,3.0,127771.54999999999,10305.32331,117466.22669,0.0,76.0,0.0,0.0,0.0,76.0,0.08065428735896216,0.0,39155.40889666667
2024-02-22,8.0,8.0,458510.85,42426.49963,401397.50017,14686.8502,438.0,17.0,3.0,699.3100000000001,421.0,0.09253107015897225,0.03881278538812785,50174.68752125
2024-02-23,9.0,9.0,123824.01999999999,13780.80418,108565.23352,1477.9823,170.0,2.0,1.0,292.72,168.0,0.11129346454750863,0.011764705882352941,12062.803724444444
2024-02-24,12.0,12.0,485786.14999999997,45604.37637,435449.45723,4732.3164,412.0,4.0,2.0,521.2,408.0,0.09387747339029735,0.009708737864077669,36287.45476916667
2024-02-25,7.0,7.0,425451.01,58836.311539999995,366614.69846,0.0,368.0,0.0,5.0,1967.47,368.0,0.13829162502164466,0.0,52373.52835142857
2024-02-26,9.0,9.0,448933.0,89905.06282,345198.01446000003,13829.92272,343.0,14.0,5.0,1865.81,329.0,0.20026387639135462,0.04081632653061224,38355.33494
2024-02-27,10.0,10.0,389602.35,25602.28004,364000.06996,0.0,278.0,0.0,2.0,592.43,278.0,0.06571387477513932,0.0,36400.006996
2024-02-28,7.0,7.0,456766.31,36707.06768,420059.24232,0.0,416.0,0.0,2.0,926.5,416.0,0.08036290522389884,0.0,60008.46318857143
2024-02-29,8.0,8.0,563112.73,45638.79298,517473.93701999995,0.0,511.0,0.0,4.0,1255.9,511.0,0.08104734726916936,0.0,64684.242127499994
2024-03-01,5.0,5.0,182609.94999999998,9812.620289999999,172797.32971000002,0.0,174.0,0.0,3.0,150.53,174.0,0.053735408667490464,0.0,34559.465942
2024-03-02,8.0,8.0,469310.67,53294.05595,410632.41425000003,5384.1998,347.0,10.0,4.0,969.73,337.0,0.11355815956624213,0.02881844380403458,51329.051781250004
2024-03-03,6.0,6.0,456429.26999999996,41412.58009,415016.68990999996,0.0,348.0,0.0,2.0,1002.1800000000001,348.0,0.09073164849835333,0.0,69169.44831833332
2024-03-04,6.0,6.0,390676.69,37081.84046,346901.41370000003,6693.43584,273.0,7.0,1.0,89.65,266.0,0.09491695155910121,0.02564102564102564,57816.90228333334
2024-03-05,6.0,6.0,564962.17,17120.80538,547841.36462,0.0,435.0,4.0,0.0,0.0,431.0,0.030304339456923284,0.009195402298850575,91306.89410333334
2024-03-06,7.0,7.0,376224.01,41755.52507,329969.14357,4499.34136,404.0,2.0,3.0,1650.29,402.0,0.11098580622220257,0.0049504950495049506,47138.449081428575
2024-03-07,3.0,3.0,260031.75,27684.297300000002,232347.45270000002,0.0,202.0,0.0,2.0,100.22999999999999,202.0,0.10646506551603796,0.0,77449.15090000001
2024-03-08,7.0,7.0,313343.39,25964.138759999998,287379.25124,0.0,198.0,1.0,4.0,588.53,197.0,0.08286161313311889,0.005050505050505051,41054.17874857143
2024-03-09,7.0,7.0,468128.29000000004,29795.80869,438332.48131,0.0,408.0,0.0,1.0,739.99,408.0,0.06364881022251401,0.0,62618.92590142857
2024-03-10,5.0,5.0,166747.42,19014.284929999998,147733.13507,0.0,159.0,0.0,0.0,0.0,159.0,0.11403045954174282,0.0,29546.627013999998
2024-03-11,4.0,4.0,304650.04,35846.60774,268803.43226000003,0.0,272.0,0.0,1.0,108.0,272.0,0.1176648712732813,0.0,67200.85806500001
2024-03-12,3.0,3.0,163762.89,26304.79855,137458.09145,0.0,172.0,0.0,1.0,35.81,172.0,0.16062734695265818,0.0,45819.36381666667
2024-03-13,13.0,12.0,745166.12,87691.65789999999,657474.4621,0.0,722.0,0.0,0.0,0.0,722.0,0.11768068293282039,0.0,50574.95862307692
2024-03-14,3.0,3.0,164722.53,12013.23406,144153.67194,8555.624,191.0,7.0,2.0,340.15,184.0,0.07293012109515316,0.03664921465968586,48051.22398
2024-03-15,8.0,8.0,270391.18,38500.1152,231891.0648,0.0,243.0,0.0,3.0,1131.71,243.0,0.14238672725937287,0.0,28986.3831
2024-03-16,3.0,3.0,159190.04,32264.17068,126925.86932,0.0,160.0,0.0,1.0,74.47,160.0,0.2026770687412353,0.0,42308.623106666666
2024-03-17,7.0,7.0,246695.67,10088.81224,236606.85776,0.0,194.0,0.0,1.0,144.36,194.0,0.04089578159195092,0.0,33800.979680000004
2024-03-18,10.0,10.0,481318.80000000005,42852.36965,438466.43035,0.0,423.0,0.0,3.0,1497.42,423.0,0.08903115700030831,0.0,43846.643035
2024-03-19,8.0,8.0,730928.87,85949.29813000001,639140.51293,5839.05894,654.0,6.0,0.0,0.0,648.0,0.11758914123887323,0.009174311926605505,79892.56411625
2024-03-20,4.0,4.0,114920.92000000001,14188.143329999999,100732.77667,0.0,109.0,0.0,5.0,1806.08,109.0,0.12346005696786971,0.0,25183.1941675
2024-03-21,2.0,2.0,87235.04,19225.90776,68009.13223999999,0.0,70.0,0.0,1.0,464.2,70.0,0.220392032375981,0.0,34004.566119999996
2024-03-22,8.0,8.0,599315.29,72362.06327,526953.22673,0.0,403.0,7.0,1.0,536.81,396.0,0.12074122665884261,0.017369727047146403,65869.15334125
2024-03-23,7.0,7.0,766943.44,89108.74836,677834.69164,0.0,783.0,0.0,1.0,38.58,783.0,0.11618685774273003,0.0,96833.52737714285
2024-03-24,4.0,4.0,223549.45,42574.87519,180974.57481,0.0,307.0,0.0,3.0,1365.86,307.0,0.19044947410964327,0.0,45243.6437025
2024-03-25,3.0,3.0,178820.72,10704.28996,168116.43002,0.0,79.0,0.0,2.0,638.31,79.0,0.05986045666296389,0.0,56038.81000666667
2024-03-26,4.0,4.0,323096.89,46467.78701,276629.10299,0.0,264.0,0.0,1.0,338.1,264.0,0.14381997613780806,0.0,69157.2757475
2024-03-27,5.0,5.0,330628.04000000004,52791.29361,277836.74639,0.0,199.0,0.0,1.0,693.17,199.0,0.1596697412899402,0.0,55567.349277999994
2024-03-28,14.0,14.0,645711.1799999999,57033.33008,588677.84992,0.0,545.0,0.0,2.0,731.75,545.0,0.08832637849014788,0.0,42048.41785142857
2024-03-29,12.0,12.0,1013404.75,76677.00518,936727.7448199999,0.0,896.0,0.0,3.0,380.17,896.0,0.0756627647344262,0.0,78060.64540166665
2024-03-30,4.0,4.0,270423.99,26833.52836,243590.46164,0.0,199.0,0.0,5.0,1520.38,199.0,0.09922761793434082,0.0,60897.61541
2024-03-31,5.0,5.0,387862.35,21608.21325,362380.7307,3873.40605,335.0,3.0,1.0,603.4,332.0,0.05571103575791773,0.008955223880597015,72476.14614
2024-04-01,4.0,4.0,380390.12,27756.953589999997,352633.16641,0.0,282.0,0.0,0.0,0.0,282.0,0.072969701710444,0.0,88158.2916025
2024-04-02,10.0,10.0,754493.98,84578.78675,669915.19327,0.0,593.0,0.0,5.0,1180.05,593.0,0.11210001536393968,0.0,66991.519327
2024-04-03,7.0,7.0,168385.49,26860.597130000002,141524.89287,0.0,167.0,0.0,1.0,804.03,167.0,0.15951847828456006,0.0,20217.84183857143
2024-04-04,3.0,3.0,300649.68,17005.54852,281205.7142,2438.41728,293.0,8.0,2.0,1092.33,285.0,0.056562669616012896,0.027303754266211604,93735.23806666666
2024-04-05,7.0,7.0,166622.82,9312.90617,157309.91383,0.0,213.0,0.0,1.0,528.29,213.0,0.05589214112448703,0.0,22472.844832857143
2024-04-06,7.0,7.0,244514.03999999998,23635.04187,220878.99813000002,0.0,251.0,0.0,4.0,1570.35,251.0,0.09666128730276594,0.0,31554.142590000003
2024-04-07,6.0,6.0,471602.49,54249.69682,417352.79318000004,0.0,489.0,0.0,2.0,525.56,489.0,0.1150326768206843,0.0,69558.79886333334
2024-04-08,3.0,3.0,226298.18,15355.337099999999,210942.84293999997,0.0,228.0,0.0,3.0,1400.35,228.0,0.06785444363715165,0.0,70314.28098
2024-04-09,3.0,3.0,181488.63,15698.35775,165790.27225,0.0,176.0,0.0,0.0,0.0,176.0,0.08649774782034554,0.0,55263.42408333334
2024-04-10,6.0,5.0,461133.42,54596.339550000004,399926.27324999997,6610.8072,352.0,10.0,0.0,0.0,342.0,0.1183959721461958,0.028409090909090908,66654.378875
2024-04-11,8.0,8.0,436242.36,50956.18192,373145.11696,12141.06112,439.0,9.0,4.0,1235.95,430.0,0.11680704716525007,0.02050113895216401,46643.13962
2024-04-12,8.0,7.0,338767.67,36927.991890000005,299565.96711,2273.711,260.0,2.0,0.0,0.0,258.0,0.10900683613049618,0.007692307692307693,37445.74588875
2024-04-13,6.0,6.0,450393.28,37458.53058,412934.74942,0.0,382.0,0.0,3.0,1560.7600000000002,382.0,0.08316849349972538,0.0,68822.45823666667
2024-04-14,15.0,14.0,905312.5599999999,90296.72282,811271.8850799999,3743.9521,725.0,10.0,3.0,1165.21,715.0,0.09974093678762172,0.013793103448275862,54084.79233866666
2024-04-15,4.0,4.0,101496.95000000001,1439.8304,100057.1196,0.0,114.0,0.0,1.0,0.0,114.0,0.01418594745950494,0.0,25014.2799
2024-04-16,4.0,4.0,392516.84,46512.01697,346004.82302999997,0.0,209.0,0.0,3.0,1065.94,209.0,0.11849687001964042,0.0,86501.20575749999
2024-04-17,7.0,7.0,682200.3,108541.93343,573658.3665700001,0.0,525.0,8.0,2.0,71.78999999999999,517.0,0.1591056665175902,0.015238095238095238,81951.19522428572
2024-04-18,3.0,3.0,251463.71,36819.79741,214643.91259000002,0.0,167.0,0.0,3.0,797.27,167.0,0.14642191276824795,0.0,71547.97086333334
2024-04-19,7.0,7.0,807536.39,74683.87985,732852.51015,0.0,628.0,0.0,4.0,1446.67,628.0,0.09248360912874774,0.0,104693.21573571429
2024-04-20,4.0,4.0,344517.17,43373.758120000006,288232.04734,12911.36454,232.0,8.0,0.0,0.0,224.0,0.12589723211763293,0.034482758620689655,72058.011835
2024-04-21,7.0,7.0,279985.82,25891.36968,254094.45032,0.0,335.0,0.0,1.0,164.17,335.0,0.09247386056908168,0.0,36299.20718857143
2024-04-22,8.0,8.0,533366.03,46928.486410000005,479930.46426000004,6507.07935,418.0,5.0,1.0,76.37,413.0,0.08798551795658978,0.011961722488038277,59991.308032500005
2024-04-23,10.0,10.0,572026.97,79270.74808,487004.62092,5751.601,565.0,14.0,3.0,975.69,551.0,0.13857868988240188,0.024778761061946902,48700.462092
2024-04-24,4.0,4.0,116182.47,13033.83326,103148.63673999999,0.0,187.0,0.0,1.0,659.11,187.0,0.1121841639276562,0.0,25787.159184999997
2024-04-25,8.0,8.0,539644.89,40594.82364,498994.10108,55.96528,493.0,4.0,1.0,213.04,489.0,0.07522506817399865,0.008113590263691683,62374.262635
2024-04-26,3.0,3.0,335970.98,47362.02437,288608.95563,0.0,283.0,0.0,1.0,320.16,283.0,0.14097058135794943,0.0,96202.98521
2024-04-27,7.0,7.0,339401.42,22491.950539999998,299900.02356,17009.4459,399.0,19.0,3.0,1646.3,380.0,0.06626946504820162,0.047619047619047616,42842.86050857143
2024-04-28,4.0,4.0,290670.78,14068.50474,276602.27526,0.0,246.0,0.0,5.0,2218.5299999999997,246.0,0.04840013413112938,0.0,69150.568815
2024-04-29,10.0,10.0,839422.4299999999,123103.06803,716319.36197,0.0,683.0,0.0,3.0,900.48,683.0,0.14665210700886322,0.0,71631.936197
2024-04-30,5.0,5.0,210746.96999999997,20088.1675,190658.8025,0.0,199.0,0.0,3.0,555.5500000000001,199.0,0.0953188911802623,0.0,38131.7605
2024-05-01,7.0,7.0,318167.63,54571.61151,263596.01849,0.0,250.0,0.0,0.0,0.0,250.0,0.17151842728312747,0.0,37656.574069999995
2024-05-02,3.0,3.0,665423.31,62650.78246,602772.52754,0.0,471.0,0.0,3.0,998.8800000000001,471.0,0.09415177003642988,0.0,200924.17584666668
2024-05-03,4.0,4.0,287765.71,45709.866050000004,230149.63172,11906.21223,340.0,9.0,1.0,115.33,331.0,0.15884403339786385,0.026470588235294117,57537.40793
2024-05-04,8.0,8.0,466944.43,40704.572369999994,423321.11698000005,2918.74065,408.0,5.0,1.0,260.43,403.0,0.08717219813501147,0.012254901960784314,52915.139622500006
2024-05-05,8.0,8.0,297006.97000000003,31348.048329999998,262636.94359000004,3021.97808,242.0,8.0,2.0,629.03,234.0,0.10554650730923923,0.03305785123966942,32829.617948750005
2024-05-06,4.0,4.0,188313.43,7979.4002199999995,180334.02977999998,0.0,174.0,0.0,2.0,1055.35,174.0,0.042372974779334646,0.0,45083.507444999996
2024-05-07,3.0,3.0,130964.30999999998,10712.311010000001,120251.99899,0.0,234.0,0.0,2.0,845.12,234.0,0.08179565112052285,0.0,40083.99966333333
2024-05-08,3.0,3.0,305251.47000000003,49174.63518,256076.83482,0.0,307.0,0.0,2.0,800.75,307.0,0.16109549015439628,0.0,85358.94494
2024-05-09,7.0,7.0,497560.41,47402.85502,450157.55498,0.0,480.0,0.0,3.0,822.92,480.0,0.09527055221294638,0.0,64308.222140000005
2024-05-10,7.0,7.0,546346.95,61587.7602,484759.1898,0.0,366.0,0.0,3.0,1032.1399999999999,366.0,0.11272646474918548,0.0,69251.31282857143
2024-05-11,10.0,10.0,263744.06,31510.71254,232233.34746,0.0,299.0,0.0,6.0,1573.5900000000001,299.0,0.11947458661249091,0.0,23223.334746
2024-05-12,11.0,11.0,601829.63,50270.44481,551559.18519,0.0,551.0,0.0,1.0,786.58,551.0,0.08352936164010402,0.0,50141.74410818182
2024-05-13,8.0,8.0,422641.35,46119.308769999996,355830.45315,20691.588079999998,372.0,20.0,4.0,468.73,352.0,0.10912161995034324,0.053763440860215055,44478.80664375
2024-05-14,13.0,13.0,979401.3200000001,81496.2331,897905.0869,0.0,749.0,0.0,5.0,1380.96,749.0,0.08321025450527267,0.0,69069.62206923077
2024-05-15,7.0,6.0,322737.98,21342.87055,301395.10945,0.0,362.0,0.0,3.0,498.85999999999996,362.0,0.06613064427682172,0.0,43056.44420714286
2024-05-16,5.0,5.0,215502.37,11251.38041,204250.98959,0.0,173.0,0.0,2.0,361.26,173.0,0.05221000776000746,0.0,40850.197918000005
2024-05-17,7.0,7.0,462281.57999999996,33313.84897,428967.73101,0.0,460.0,0.0,3.0,378.9,460.0,0.07206397661356094,0.0,61281.10443
2024-05-18,5.0,5.0,21676.96,591.76588,21085.19412,0.0,28.0,0.0,3.0,726.4100000000001,28.0,0.027299302116163892,0.0,4217.038824
2024-05-19,4.0,4.0,352310.91000000003,79913.8259,272397.0841,0.0,192.0,0.0,3.0,689.48,192.0,0.22682756517531627,0.0,68099.271025
2024-05-20,3.0,3.0,167809.47999999998,20120.466679999998,147689.01332,0.0,151.0,0.0,2.0,299.71000000000004,151.0,0.11990065567213486,0.0,49229.67110666667
2024-05-21,7.0,7.0,503867.11,41825.269440000004,462041.84056,0.0,415.0,0.0,4.0,1919.43,415.0,0.08300853262678726,0.0,66005.97722285714
2024-05-22,10.0,10.0,498253.13,70248.34380999999,428004.78618999996,0.0,384.0,0.0,4.0,1046.09,384.0,0.14098926746330723,0.0,42800.478618999994
2024-05-23,5.0,5.0,102426.9,9812.99226,85607.5551,7006.35264,152.0,7.0,2.0,297.46,145.0,0.09580483505797795,0.046052631578947366,17121.511019999998
2024-05-24,3.0,3.0,388897.16000000003,39540.0112,349357.1488,0.0,266.0,0.0,2.0,215.62,266.0,0.10167215209285663,0.0,116452.38293333334
2024-05-25,7.0,7.0,284621.88,38604.86645,244092.73602999997,1924.27752,259.0,2.0,1.0,98.72,257.0,0.1356356245345579,0.007722007722007722,34870.39086142857
2024-05-26,4.0,4.0,305933.59,45098.88507,260834.70493,0.0,226.0,0.0,2.0,784.5,226.0,0.14741397003839948,0.0,65208.6762325
2024-05-27,2.0,2.0,187826.02000000002,10593.284319999999,177232.73568,0.0,89.0,0.0,2.0,951.26,89.0,0.05639945051276707,0.0,88616.36784
2024-05-28,7.0,7.0,793435.97,95917.62805,697518.34195,0.0,628.0,0.0,1.0,405.93,628.0,0.12088893329350824,0.0,99645.47742142857
2024-05-29,5.0,5.0,406324.24,55912.181820000005,350412.05818,0.0,439.0,0.0,3.0,1644.9299999999998,439.0,0.13760483947499663,0.0,70082.411636
2024-05-30,4.0,4.0,272976.49,26083.0124,246893.4776,0.0,211.0,0.0,1.0,19.86,211.0,0.09555039849768748,0.0,61723.3694
2024-05-31,5.0,5.0,239598.05000000002,9870.48054,229727.56946,0.0,240.0,0.0,2.0,745.36,240.0,0.041195996962412676,0.0,45945.513892
2024-06-01,7.0,7.0,169227.81,8952.087590000001,160275.72241,0.0,251.0,0.0,0.0,0.0,251.0,0.05289962441752334,0.0,22896.531772857143
2024-06-02,6.0,6.0,446980.31999999995,58609.83297,388370.48703,0.0,330.0,0.0,4.0,1742.35,330.0,0.1311239675384366,0.0,64728.414505
2024-06-03,4.0,4.0,319020.63,22799.343030000004,291540.90357,4680.3834,229.0,2.0,2.0,838.0600000000001,227.0,0.07146667295466128,0.008733624454148471,72885.2258925
2024-06-04,1.0,1.0,61824.84,499.0566,61325.7834,0.0,49.0,0.0,3.0,723.1600000000001,49.0,0.008072104998573389,0.0,61325.7834
2024-06-05,7.0,7.0,182160.74,20554.87805,161605.86195,0.0,226.0,3.0,2.0,980.4699999999999,223.0,0.11283923226267087,0.01327433628318584,23086.551707142855
2024-06-06,5.0,5.0,216168.58000000002,24341.970729999997,191826.60927,0.0,151.0,0.0,2.0,376.88,151.0,0.11260642379202378,0.0,38365.321853999994
2024-06-07,10.0,10.0,480038.55000000005,67266.70936000001,412771.84064,0.0,410.0,0.0,1.0,442.53,410.0,0.1401277238255136,0.0,41277.184064
2024-06-08,10.0,10.0,674446.01,68725.41089,604724.2281,996.37101,536.0,3.0,1.0,106.57,533.0,0.10189905473679056,0.005597014925373134,60472.42281
2024-06-09,11.0,11.0,814551.9299999999,53321.95317,761229.97683,0.0,669.0,0.0,5.0,1903.65,669.0,0.06546169888763262,0.0,69202.72516636364
2024-06-10,2.0,2.0,22543.66,3988.81026,18554.84974,0.0,38.0,0.0,1.0,376.56,38.0,0.1769371193497418,0.0,9277.42487
2024-06-11,6.0,6.0,203750.22,30033.570780000002,173716.64922,0.0,188.0,0.0,8.0,2799.68,188.0,0.14740386920809215,0.0,28952.774869999997
2024-06-12,5.0,5.0,375895.22,37729.15642,338166.06358,0.0,293.0,0.0,3.0,1099.94,293.0,0.1003714716563834,0.0,67633.21271600001
2024-06-13,4.0,4.0,227992.00999999998,14894.79338,213097.21662000002,0.0,173.0,0.0,2.0,495.28000000000003,173.0,0.06533033056728611,0.0,53274.304155000005
2024-06-14,9.0,9.0,567703.23,19419.23501,548283.99499,0.0,519.0,0.0,1.0,497.83,519.0,0.034206666412660715,0.0,60920.44388777778
2024-06-15,6.0,6.0,110414.87,2535.6995699999998,107879.17043,0.0,89.0,0.0,4.0,1355.88,89.0,0.02296519997714076,0.0,17979.861738333333
2024-06-16,7.0,7.0,488604.93,65435.66226,423169.26774,0.0,383.0,0.0,1.0,476.52,383.0,0.13392345889755963,0.0,60452.75253428571
2024-06-17,8.0,8.0,641635.44,81383.4562,560251.9838,0.0,560.0,0.0,7.0,2509.78,560.0,0.12683753285198837,0.0,70031.497975
2024-06-18,2.0,2.0,64687.770000000004,523.92159,64163.84841,0.0,57.0,0.0,2.0,612.45,57.0,0.008099237151010153,0.0,32081.924205
2024-06-19,7.0,7.0,505676.53,46814.944260000004,457144.89622,1716.68952,316.0,1.0,4.0,617.28,315.0,0.09257883544644636,0.0031645569620253164,65306.413745714286
2024-06-20,3.0,3.0,227481.42,19654.50127,207826.91872999998,0.0,149.0,0.0,0.0,0.0,149.0,0.08640046853057273,0.0,69275.63957666665
2024-06-21,7.0,7.0,415897.4,39414.31418,376483.08582000004,0.0,344.0,0.0,2.0,988.81,344.0,0.09476932094309798,0.0,53783.29797428572
2024-06-22,7.0,7.0,287682.08999999997,47427.248680000004,230051.24207,10203.59925,371.0,5.0,2.0,1163.4,366.0,0.16485992812413178,0.013477088948787063,32864.46315285714
2024-06-23,8.0,8.0,350323.63,41985.60154,308338.02846,0.0,376.0,0.0,1.0,341.67,376.0,0.11984804319366069,0.0,38542.2535575
2024-06-24,8.0,8.0,364794.32,48456.35946,316337.96054,0.0,374.0,0.0,6.0,813.48,374.0,0.13283200094782177,0.0,39542.2450675
2024-06-25,6.0,6.0,710947.1599999999,62994.44054,647952.71942,0.0,560.0,0.0,3.0,419.82,560.0,0.0886063607596379,0.0,107992.11990333333
2024-06-26,7.0,7.0,498125.08,50941.7393,447183.34071,0.0,521.0,0.0,3.0,1186.18,521.0,0.10226696334984779,0.0,63883.33438714286
2024-06-27,9.0,9.0,959511.71,72813.44516,886698.26484,0.0,596.0,0.0,1.0,79.02,596.0,0.0758859369835101,0.0,98522.02942666666
2024-06-28,11.0,11.0,637554.4199999999,76635.32264,558984.2104,1934.88696,695.0,1.0,0.0,0.0,694.0,0.12020200979863022,0.0014388489208633094,50816.746399999996
2024-06-29,9.0,9.0,630387.19,75515.18541,553267.09779,1604.9068,503.0,1.0,2.0,455.74,502.0,0.11979175117755805,0.0019880715705765406,61474.12197666667
2024-06-30,4.0,4.0,229703.87,27634.262329999998,202069.60767,0.0,257.0,0.0,2.0,647.29,257.0,0.12030386048785333,0.0,50517.4019175
2024-07-01,11.0,11.0,504073.97,66827.39056,437246.57944,0.0,436.0,0.0,3.0,990.43,436.0,0.13257457146616797,0.0,39749.68904
2024-07-02,5.0,5.0,661440.7000000001,75786.64694,585654.05303,0.0,473.0,0.0,1.0,121.35,473.0,0.11457814274204778,0.0,117130.81060599998
2024-07-03,4.0,4.0,206417.15,25913.01945,180504.13055,0.0,138.0,0.0,3.0,1419.17,138.0,0.12553714383712788,0.0,45126.0326375
2024-07-04,8.0,8.0,606963.12,72466.63777999999,534496.48222,0.0,620.0,0.0,2.0,1367.5,620.0,0.11939215974110584,0.0,66812.0602775
2024-07-05,6.0,6.0,355961.21,41960.71701000001,314000.49299,0.0,323.0,0.0,1.0,0.0,323.0,0.11788002689956022,0.0,52333.415498333336
2024-07-06,10.0,10.0,466062.48,43854.53568,422207.94432,0.0,406.0,0.0,3.0,1416.9499999999998,406.0,0.09409582955486999,0.0,42220.794432
2024-07-07,7.0,7.0,338927.5,49469.81621,289457.68379000004,0.0,276.0,0.0,4.0,1125.3,276.0,0.14595987699434243,0.0,41351.09768428572
2024-07-08,4.0,4.0,323879.95,25528.72027,298351.22972999996,0.0,288.0,0.0,4.0,1116.96,288.0,0.07882155184351486,0.0,74587.80743249999
2024-07-09,7.0,7.0,123227.08,15456.80976,107770.27024,0.0,183.0,0.0,2.0,258.39,183.0,0.12543354723653274,0.0,15395.75289142857
2024-07-10,9.0,8.0,401879.7,25165.10956,376714.59044,0.0,355.0,0.0,3.0,1414.53,355.0,0.06261851384879605,0.0,41857.17671555556
2024-07-11,10.0,10.0,486605.51,49303.22015,437302.28985,0.0,376.0,0.0,3.0,556.47,376.0,0.10132071901528612,0.0,43730.228985
2024-07-12,9.0,9.0,332998.87,26647.16905,306351.70094999997,0.0,307.0,0.0,5.0,2701.36,307.0,0.08002180022412689,0.0,34039.07788333333
2024-07-13,11.0,11.0,629194.51,65133.69962,564060.8103799999,0.0,619.0,0.0,5.0,1748.95,619.0,0.10351917981611124,0.0,51278.2554890909
2024-07-14,8.0,8.0,418619.31999999995,45445.46287,373173.85713,0.0,430.0,0.0,2.0,942.34,430.0,0.1085603571043974,0.0,46646.73214125
2024-07-15,7.0,7.0,497823.83999999997,30304.95544,467518.88456,0.0,418.0,0.0,4.0,1773.24,418.0,0.06087485774084263,0.0,66788.41208
2024-07-16,10.0,10.0,605612.6900000001,53760.47358,551852.21642,0.0,602.0,0.0,1.0,391.35,602.0,0.08877038818324628,0.0,55185.221642
2024-07-17,7.0,7.0,159610.96,24513.42398,135097.53602,0.0,236.0,0.0,2.0,164.54000000000002,236.0,0.1535823353233387,0.0,19299.648002857142
2024-07-18,5.0,5.0,391986.61,61342.68031,330643.92969,0.0,403.0,0.0,6.0,1838.05,403.0,0.15649177483383936,0.0,66128.785938
2024-07-19,10.0,10.0,623653.75,83594.3842,517682.93100000004,22376.4348,549.0,10.0,3.0,663.73,539.0,0.13403973631201607,0.018214936247723135,51768.2931
2024-07-20,7.0,7.0,423750.29000000004,18415.18217,389690.40583,15644.702,314.0,10.0,2.0,350.58,304.0,0.043457627297435,0.03184713375796178,55670.057975714284
2024-07-21,6.0,6.0,125993.87,11393.20859,114600.66141,0.0,140.0,0.0,1.0,27.77,140.0,0.09042668972704784,0.0,19100.110235
2024-07-22,9.0,9.0,348146.66000000003,10931.59035,330833.5403,6381.52935,349.0,3.0,6.0,2690.86,346.0,0.0313993830933205,0.008595988538681949,36759.282255555554
2024-07-23,8.0,8.0,434962.84,37927.73132,397035.10868,0.0,413.0,0.0,6.0,1508.1399999999999,413.0,0.08719763582562592,0.0,49629.388585
2024-07-24,11.0,11.0,643386.46,76856.82914,545316.79218,21212.83872,464.0,9.0,4.0,1344.6599999999999,455.0,0.11945670902057841,0.01939655172413793,49574.25383454545
2024-07-25,10.0,10.0,736451.6900000001,82102.20758,654349.48242,0.0,618.0,0.0,2.0,623.2800000000001,618.0,0.11148349402253391,0.0,65434.948242
2024-07-26,7.0,7.0,323799.3,16695.888750000002,307103.41125,0.0,263.0,0.0,5.0,1900.5100000000002,263.0,0.051562460913287964,0.0,43871.91589285714
2024-07-27,4.0,4.0,432781.98,52877.664079999995,379904.31592,0.0,391.0,3.0,2.0,309.98,388.0,0.12218083590264085,0.0076726342710997444,94976.07898
2024-07-28,10.0,10.0,594458.88,67043.86972999999,527415.01027,0.0,550.0,0.0,2.0,638.58,550.0,0.1127813411248899,0.0,52741.501027
2024-07-29,7.0,7.0,80901.22,16728.26442,53995.46137,10177.49421,197.0,9.0,2.0,376.73,188.0,0.20677394506535252,0.04568527918781726,7713.637338571428
2024-07-30,7.0,7.0,531573.4500000001,56692.285090000005,474881.16493,0.0,482.0,0.0,2.0,283.89,482.0,0.10664995606910013,0.0,67840.16641857143
2024-07-31,9.0,9.0,753455.1,59310.317520000004,694144.7825,0.0,682.0,0.0,0.0,0.0,682.0,0.07871778626224708,0.0,77127.19805555555
2024-08-01,8.0,8.0,375906.45,29579.44069,346327.00931,0.0,348.0,0.0,5.0,1814.21,348.0,0.07868830314031589,0.0,43290.87616375
2024-08-02,5.0,5.0,267010.19,44719.33005,222290.85995,0.0,175.0,0.0,1.0,416.12,175.0,0.16748173562214982,0.0,44458.17199
2024-08-03,9.0,9.0,387289.32,52102.072969999994,333655.96591,1531.28112,434.0,17.0,0.0,0.0,417.0,0.1345301052195294,0.03917050691244239,37072.88510111111
2024-08-04,10.0,10.0,390302.44,65474.67697000001,324827.76303000003,0.0,317.0,0.0,4.0,1612.6899999999998,317.0,0.1677536962618015,0.0,32482.776303000002
2024-08-05,12.0,12.0,863593.8300000001,64708.03916,798885.79088,0.0,693.0,0.0,3.0,938.9599999999999,693.0,0.0749287881781184,0.0,66573.81590666667
2024-08-06,7.0,7.0,282052.78,39556.30843999999,242496.47156,0.0,347.0,0.0,5.0,1059.52,347.0,0.14024434873501332,0.0,34642.35308
2024-08-07,10.0,10.0,959878.7999999999,102558.01572,848450.12048,8870.6638,835.0,4.0,2.0,784.49,831.0,0.10684475552538508,0.004790419161676647,84845.012048
2024-08-08,9.0,9.0,704932.92,63493.66054,641439.25946,0.0,538.0,0.0,2.0,956.27,538.0,0.09007049995622278,0.0,71271.02882888888
2024-08-09,4.0,4.0,77178.65000000001,1022.53111,76156.11889,0.0,80.0,0.0,3.0,1236.23,80.0,0.013248885669806351,0.0,19039.0297225
2024-08-10,10.0,9.0,568616.1699999999,65181.38203,488528.51457,14906.2734,427.0,16.0,6.0,2282.4,411.0,0.11463160119065909,0.03747072599531616,48852.851457
2024-08-11,9.0,9.0,302191.69,25124.671410000003,277067.01859,0.0,355.0,0.0,2.0,816.73,355.0,0.08314150336165764,0.0,30785.224287777775
2024-08-12,11.0,11.0,783451.3,109605.14882999999,673846.15117,0.0,738.0,0.0,7.0,3086.9500000000003,738.0,0.13990039818684324,0.0,61258.74101545454
2024-08-13,7.0,7.0,443643.1,51766.296689999996,391876.80331000005,0.0,467.0,0.0,1.0,0.0,467.0,0.11668455271816466,0.0,55982.40047285715
2024-08-14,4.0,4.0,324100.11,31113.06499,292987.04501,0.0,241.0,0.0,0.0,0.0,241.0,0.09599831666209555,0.0,73246.7612525
2024-08-15,4.0,4.0,280982.51,33082.37331,247900.13669,0.0,191.0,0.0,2.0,440.32,191.0,0.11773819413172729,0.0,61975.0341725
2024-08-16,7.0,7.0,250117.27000000002,52843.932029999996,187042.74336999998,10230.5946,210.0,5.0,1.0,449.6,205.0,0.21127662248192614,0.023809523809523808,26720.39191
2024-08-17,7.0,7.0,442399.77,52164.09392,390235.67608,0.0,324.0,9.0,3.0,1220.08,315.0,0.1179116660029005,0.027777777777777776,55747.95372571429
2024-08-18,11.0,11.0,1123702.19,150872.47371000002,972829.71629,0.0,771.0,0.0,1.0,165.5,771.0,0.13426375337935403,0.0,88439.06511727272
2024-08-19,10.0,10.0,479657.28,36236.708660000004,443420.57134,0.0,452.0,0.0,4.0,998.98,452.0,0.07554708365939948,0.0,44342.057134
2024-08-20,12.0,12.0,936438.99,113659.95648,822779.03352,0.0,760.0,0.0,2.0,446.14,760.0,0.12137465194609207,0.0,68564.91946
2024-08-21,7.0,7.0,394741.93,49759.69467,344982.23533,0.0,474.0,0.0,5.0,2085.62,474.0,0.12605626838273806,0.0,49283.17647571429
2024-08-22,5.0,5.0,230445.78,23012.25693,199869.55047000002,7563.9726,189.0,9.0,2.0,712.52,180.0,0.0998597454464126,0.047619047619047616,39973.910094000006
2024-08-23,8.0,8.0,207539.97999999998,13751.511760000001,193788.46824,0.0,391.0,0.0,6.0,3100.5,391.0,0.06625957928684392,0.0,24223.55853
2024-08-24,6.0,6.0,398170.5800000001,43875.35381,354295.22619,0.0,387.0,0.0,5.0,1547.01,387.0,0.11019235476915444,0.0,59049.204365000005
2024-08-25,6.0,6.0,251862.37,33039.86992,214746.01088,4076.4892,179.0,5.0,6.0,2721.75,174.0,0.1311822402052359,0.027932960893854747,35791.00181333333
2024-08-26,8.0,8.0,348770.29000000004,28999.06741,316372.04258999997,3399.18,475.0,2.0,1.0,703.16,473.0,0.08314661036638182,0.004210526315789474,39546.505323749996
2024-08-27,9.0,9.0,735912.51,84573.27139,651339.23859,0.0,686.0,0.0,1.0,400.0,686.0,0.11492299728672908,0.0,72371.02651
2024-08-28,8.0,8.0,450940.29000000004,37093.7489,413846.54110000003,0.0,419.0,0.0,4.0,1596.96,419.0,0.08225867087635926,0.0,51730.817637500004
2024-08-29,8.0,8.0,724568.67,76606.76952,647961.90053,0.0,524.0,0.0,3.0,755.36,524.0,0.10572741092987087,0.0,80995.23756625
2024-08-30,9.0,9.0,1019867.62,62118.66183,938055.7940499999,19693.16412,569.0,13.0,3.0,418.5,556.0,0.06090855382779973,0.022847100175746926,104228.4215611111
2024-08-31,4.0,4.0,248460.00999999998,5835.90575,242624.10425,0.0,130.0,0.0,1.0,511.11,130.0,0.023488310050377926,0.0,60656.0260625
2024-09-01,11.0,11.0,688016.38,52555.87555,635460.50445,0.0,676.0,6.0,4.0,1315.9299999999998,670.0,0.07638753535199264,0.008875739644970414,57769.136768181816
2024-09-02,5.0,5.0,252388.43,45819.220369999995,206569.20963,0.0,213.0,0.0,1.0,203.36,213.0,0.18154247550095698,0.0,41313.841926
2024-09-03,9.0,9.0,413562.38,44478.8065,365093.94142,3989.63208,418.0,6.0,2.0,678.11,412.0,0.10755041718252999,0.014354066985645933,40565.99349111111
2024-09-04,6.0,6.0,382970.62,24288.99716,358681.62283999997,0.0,368.0,0.0,2.0,694.72,368.0,0.06342261231422922,0.0,59780.27047333333
2024-09-05,5.0,5.0,51355.49,7167.53945,44187.95055,0.0,118.0,0.0,4.0,1505.22,118.0,0.13956715143794754,0.0,8837.590110000001
2024-09-06,8.0,8.0,713918.8200000001,84055.53115,629863.28885,0.0,547.0,0.0,3.0,618.03,547.0,0.11773822008222165,0.0,78732.91110625
2024-09-07,5.0,5.0,185935.94,26716.5713,159219.3687,0.0,172.0,0.0,4.0,1658.55,172.0,0.1436869671350251,0.0,31843.87374
2024-09-08,11.0,11.0,597152.36,55042.53355,542109.82645,0.0,424.0,0.0,3.0,1206.6,424.0,0.0921750247290323,0.0,49282.71149545455
2024-09-09,9.0,9.0,542880.03,39656.76104,503223.26896,0.0,396.0,0.0,3.0,832.59,396.0,0.07304884845368137,0.0,55913.69655111111
2024-09-10,6.0,5.0,160002.38999999998,17935.48702,142066.90298,0.0,181.0,0.0,2.0,1271.39,181.0,0.11209511945415317,0.0,23677.817163333337
2024-09-11,9.0,9.0,442378.41,37546.39733,404832.01267,0.0,421.0,0.0,7.0,3186.16,421.0,0.08487393706668461,0.0,44981.33474111112
2024-09-12,3.0,3.0,189256.25999999998,33523.62558,155732.63442000002,0.0,204.0,0.0,1.0,290.2,204.0,0.17713350977135447,0.0,51910.87814000001
2024-09-13,9.0,9.0,757173.5800000001,70865.36215,681068.41845,5239.7994,576.0,10.0,4.0,1257.58,566.0,0.09359196361552921,0.017361111111111112,75674.26871666667
2024-09-14,7.0,7.0,173927.33,7772.47978,166154.85022000002,0.0,150.0,0.0,2.0,434.95,150.0,0.044688087720314,0.0,23736.407174285716
2024-09-15,13.0,13.0,721748.35,80437.38528,641310.96472,0.0,768.0,0.0,1.0,133.89,768.0,0.111447965596319,0.0,49331.61267076923
2024-09-16,8.0,8.0,456571.26,61844.2925,394726.9675,0.0,438.0,0.0,2.0,771.71,438.0,0.1354537569885586,0.0,49340.8709375
2024-09-17,5.0,5.0,409734.31000000006,36647.811910000004,360318.26814,12768.22995,349.0,7.0,2.0,543.5999999999999,342.0,0.08944286825772535,0.02005730659025788,72063.653628
2024-09-18,5.0,5.0,340515.98,18311.987419999998,322203.99257999996,0.0,365.0,0.0,5.0,1556.48,365.0,0.05377717492142366,0.0,64440.798515999995
2024-09-19,7.0,7.0,295149.88,15750.345520000003,270429.00072,8970.53376,235.0,4.0,2.0,473.58000000000004,231.0,0.05336388928906223,0.01702127659574468,38632.71438857143
2024-09-20,6.0,6.0,354587.15,40221.10297,314366.04703,0.0,371.0,0.0,6.0,1807.7399999999998,371.0,0.11343079682949593,0.0,52394.34117166667
2024-09-21,5.0,5.0,365516.71,20855.65238,344661.05762,0.0,287.0,0.0,2.0,824.98,287.0,0.05705799983809221,0.0,68932.211524
2024-09-22,9.0,9.0,436803.0,47384.966440000004,389418.03356,0.0,279.0,0.0,1.0,670.37,279.0,0.10848132096162344,0.0,43268.67039555556
2024-09-23,6.0,6.0,343533.05,10353.45845,331229.67795,1949.9136,227.0,3.0,3.0,954.3,224.0,0.03013817287739855,0.013215859030837005,55204.946325
2024-09-24,6.0,6.0,268166.05,25075.200149999997,243090.84985,0.0,180.0,0.0,3.0,326.79,180.0,0.09350624417222089,0.0,40515.14164166667
2024-09-25,4.0,4.0,225242.47999999998,9642.49866,215599.98133999997,0.0,181.0,0.0,3.0,1055.0,181.0,0.04280941436979383,0.0,53899.99533499999
2024-09-26,9.0,9.0,169154.59,21237.60401,147916.98599000002,0.0,260.0,0.0,0.0,0.0,260.0,0.12555144977147825,0.0,16435.220665555556
2024-09-27,6.0,6.0,275347.45999999996,12195.7754,263151.6846,0.0,164.0,0.0,2.0,819.1700000000001,164.0,0.044292311249212186,0.0,43858.6141
2024-09-28,10.0,10.0,201192.97999999998,38011.82307,149796.73569,13384.42124,308.0,10.0,5.0,1651.79,298.0,0.18893215394493387,0.032467532467532464,14979.673569
2024-09-29,4.0,4.0,187785.32,18043.69065,169741.62935,0.0,154.0,0.0,2.0,792.2,154.0,0.09608680087453056,0.0,42435.4073375
2024-09-30,8.0,8.0,650356.9400000001,92325.96577,558030.9742299999,0.0,547.0,0.0,2.0,849.05,547.0,0.1419619905493743,0.0,69753.87177874999
2024-10-01,6.0,6.0,382650.8,29844.84788,346167.57912,6638.373,300.0,6.0,5.0,2433.1,294.0,0.07799499669150045,0.02,57694.59652
2024-10-02,5.0,5.0,308131.05000000005,29918.63766,266684.98867,11527.42367,217.0,7.0,2.0,558.91,210.0,0.09709712039731146,0.03225806451612903,53336.997734
2024-10-03,10.0,10.0,502257.49,64520.45678,437737.03322,0.0,565.0,0.0,6.0,1616.75,565.0,0.12846091509755286,0.0,43773.703322
2024-10-04,8.0,8.0,436378.09,43376.80495,393001.28505,0.0,442.0,0.0,3.0,1049.82,442.0,0.09940188553004574,0.0,49125.16063125
2024-10-05,12.0,12.0,871938.91,91425.43088,778638.5611700001,1874.91795,711.0,3.0,4.0,667.69,708.0,0.10485302333852724,0.004219409282700422,64886.54676416668
2024-10-06,11.0,11.0,940128.74,66019.17237,874109.56763,0.0,756.0,0.0,3.0,978.1200000000001,756.0,0.07022354445838981,0.0,79464.50614818181
2024-10-07,3.0,3.0,133327.69999999998,7157.623339999999,126170.07664,0.0,77.0,0.0,2.0,687.25,77.0,0.05368444321772595,0.0,42056.692213333336
2024-10-08,3.0,3.0,107201.43,1620.46269,95514.11046,10066.856899999999,55.0,13.0,1.0,436.44,42.0,0.01511605479516458,0.23636363636363636,31838.036819999998
2024-10-09,16.0,16.0,730242.04,67636.07359,649625.25165,12980.71476,698.0,11.0,2.0,617.9300000000001,687.0,0.09262144588388803,0.015759312320916905,40601.578228125
2024-10-10,3.0,3.0,51081.03,7930.82736,43150.202639999996,0.0,106.0,0.0,3.0,960.6700000000001,106.0,0.15525973849783375,0.0,14383.40088
2024-10-11,6.0,6.0,202518.59000000003,36818.0513,165700.5387,0.0,208.0,0.0,3.0,918.89,208.0,0.18180084751725753,0.0,27616.75645
2024-10-12,7.0,7.0,202544.69,15631.84584,186912.84415999998,0.0,249.0,0.0,2.0,623.84,249.0,0.0771772680883414,0.0,26701.83488
2024-10-13,9.0,8.0,181420.85,19801.21044,161619.63955999998,0.0,234.0,0.0,1.0,165.66,234.0,0.10914517509977491,0.0,17957.737728888886
2024-10-14,9.0,9.0,407057.64,68668.94025,338388.69975,0.0,383.0,0.0,3.0,1194.42,383.0,0.16869586393219396,0.0,37598.74441666667
2024-10-15,7.0,7.0,136036.37,9270.538540000001,126765.83145999999,0.0,160.0,0.0,1.0,639.36,160.0,0.06814750011338881,0.0,18109.40449428571
2024-10-16,9.0,9.0,602652.46,59831.782190000005,542820.67781,0.0,534.0,0.0,1.0,598.32,534.0,0.09928073999731124,0.0,60313.40864555556
2024-10-17,12.0,12.0,410070.11000000004,46424.58052,359371.47130000003,4274.05818,517.0,13.0,3.0,605.25,504.0,0.11321132505853694,0.025145067698259187,29947.622608333335
2024-10-18,12.0,12.0,920672.97,128715.45027,780128.84133,11828.6784,718.0,14.0,4.0,470.68,704.0,0.1398058316733248,0.019498607242339833,65010.736777499995
2024-10-19,8.0,8.0,625632.17,76525.01993000001,549107.15007,0.0,585.0,0.0,3.0,462.52,585.0,0.12231631236290168,0.0,68638.39375875
2024-10-20,6.0,6.0,438249.32,33828.20172,398831.30828,5589.81,252.0,3.0,6.0,1892.62,249.0,0.07718939922142948,0.011904761904761904,66471.88471333333
2024-10-21,7.0,7.0,282115.9,39959.22735,242156.67265,0.0,394.0,0.0,3.0,1674.6200000000001,394.0,0.14164117424788888,0.0,34593.81037857143
2024-10-22,9.0,9.0,415936.91000000003,28090.16761,386245.80335,1600.93904,414.0,1.0,2.0,613.3699999999999,413.0,0.0675346835893934,0.0024154589371980675,42916.20037222222
2024-10-23,8.0,8.0,323190.68,47029.18868,255961.58857,20199.90275,330.0,15.0,4.0,615.29,315.0,0.1455152997605005,0.045454545454545456,31995.19857125
2024-10-24,3.0,3.0,65995.78,5442.36761,60553.41239,0.0,84.0,0.0,1.0,275.69,84.0,0.08246538808996576,0.0,20184.470796666665
2024-10-25,3.0,3.0,153782.64,21781.19454,132001.44546000002,0.0,190.0,0.0,3.0,1682.6100000000001,190.0,0.1416362376143367,0.0,44000.48182000001
2024-10-26,5.0,5.0,338369.63,25212.975599999998,313156.6544,0.0,356.0,0.0,1.0,123.54,356.0,0.07451311632193468,0.0,62631.33088
2024-10-27,4.0,4.0,414352.48,34073.80696,380278.67304,0.0,250.0,0.0,3.0,568.9100000000001,250.0,0.08223386755160728,0.0,95069.66826
2024-10-28,7.0,7.0,519817.13,44221.726129999995,475595.40387000004,0.0,402.0,0.0,3.0,822.1800000000001,402.0,0.08507169844518205,0.0,67942.20055285715
2024-10-29,10.0,10.0,544489.06,27212.408349999998,517276.65165,0.0,473.0,6.0,1.0,550.45,467.0,0.04997787898621874,0.012684989429175475,51727.665165
2024-10-30,5.0,5.0,471753.0,30460.10019,441292.89977,0.0,419.0,0.0,3.0,339.3,419.0,0.06456789928203954,0.0,88258.579954
2024-10-31,9.0,9.0,574372.01,96196.12494000001,472068.46706,6107.418,580.0,6.0,3.0,1177.76,574.0,0.16748052353734996,0.010344827586206896,52452.05189555555
2024-11-01,6.0,6.0,451315.57,57364.51167,393951.05833,0.0,368.0,0.0,2.0,349.64,368.0,0.12710510224586313,0.0,65658.50972166668
2024-11-02,5.0,5.0,372187.73,57284.01148,314903.71852,0.0,266.0,0.0,3.0,628.99,266.0,0.15391160659702566,0.0,62980.743704
2024-11-03,8.0,8.0,346931.82,57252.71894,289679.10106,0.0,364.0,0.0,4.0,1168.94,364.0,0.16502585130415537,0.0,36209.8876325
2024-11-04,4.0,4.0,388443.45999999996,43443.782080000004,344999.67792000005,0.0,254.0,0.0,3.0,998.73,254.0,0.1118406835321671,0.0,86249.91948000001
2024-11-05,14.0,13.0,876439.58,90692.76439,785746.81564,0.0,740.0,0.0,3.0,477.27,740.0,0.1034786270035865,0.0,56124.77254571429
2024-11-06,6.0,6.0,151801.38999999998,8494.48825,143306.90175000002,0.0,121.0,0.0,5.0,1189.28,121.0,0.05595790822468754,0.0,23884.483625000004
2024-11-07,7.0,7.0,358474.96,26190.2326,332284.7274,0.0,301.0,0.0,3.0,1241.75,301.0,0.0730601451214333,0.0,47469.24677142857
2024-11-08,6.0,6.0,241573.96000000002,4867.69974,236706.26026,0.0,234.0,0.0,3.0,860.91,234.0,0.0201499356139213,0.0,39451.04337666667
2024-11-09,5.0,5.0,291414.32,13906.94346,277507.37653999997,0.0,314.0,0.0,3.0,1361.6100000000001,314.0,0.04772223774041029,0.0,55501.475307999994
2024-11-10,4.0,4.0,162218.2,22873.08559,139345.11441,0.0,212.0,0.0,0.0,0.0,212.0,0.14100196889128344,0.0,34836.2786025
2024-11-11,8.0,8.0,614995.98,67278.5537,537377.90055,10339.52577,562.0,7.0,4.0,1598.8000000000002,555.0,0.10939673735753526,0.012455516014234875,67172.23756875
2024-11-12,8.0,8.0,708096.37,74249.5025,632514.15766,1332.70984,567.0,2.0,3.0,1018.26,565.0,0.10485790585256072,0.003527336860670194,79064.2697075
2024-11-13,7.0,7.0,500187.52999999997,32641.23098,467546.29902,0.0,437.0,0.0,1.0,121.69,437.0,0.06525798629965845,0.0,66792.32843142857
2024-11-14,10.0,10.0,540090.21,41190.49596,498899.71404,0.0,590.0,0.0,3.0,809.82,590.0,0.0762659555706444,0.0,49889.971403999996
2024-11-15,6.0,6.0,329122.6,39871.94215,289250.65785,0.0,243.0,1.0,1.0,74.09,242.0,0.12114616908714262,0.00411522633744856,48208.442975000005
2024-11-16,12.0,12.0,600582.58,63998.10858,536584.47142,0.0,457.0,0.0,5.0,1418.2,457.0,0.10656004804534958,0.0,44715.37261833333
2024-11-17,1.0,1.0,62667.17,16335.521560000001,46331.64844,0.0,47.0,0.0,1.0,184.72,47.0,0.26067112269470605,0.0,46331.64844
2024-11-18,9.0,9.0,602592.49,56170.62135,546112.14107,309.7276,482.0,10.0,3.0,1129.21,472.0,0.09321493759406128,0.02074688796680498,60679.126785555556
2024-11-19,16.0,16.0,926157.99,83913.21449,842244.77551,0.0,850.0,0.0,2.0,1045.89,850.0,0.09060356375050006,0.0,52640.298469375
2024-11-20,4.0,4.0,172827.68,18885.28094,148607.34927,5335.04979,235.0,9.0,1.0,469.75,226.0,0.10927231644838374,0.03829787234042553,37151.8373175
2024-11-21,4.0,4.0,175954.66,4278.8211200000005,171675.83888,0.0,209.0,0.0,7.0,2102.84,209.0,0.024317748219910746,0.0,42918.95972
2024-11-22,7.0,7.0,472779.53,47676.2065,425103.3235,0.0,359.0,0.0,5.0,1229.76,359.0,0.10084236620819856,0.0,60729.046214285714
2024-11-23,7.0,7.0,269096.9,21483.16818,247613.73182,0.0,320.0,0.0,2.0,1048.94,320.0,0.07983432057374128,0.0,35373.39026
2024-11-24,9.0,9.0,433462.45,47404.89124,386057.55876,0.0,447.0,0.0,2.0,930.84,447.0,0.10936331679941365,0.0,42895.28430666667
2024-11-25,6.0,6.0,433984.9,59416.63071,374568.26929,0.0,424.0,0.0,2.0,746.41,424.0,0.1369094424944278,0.0,62428.04488166667
2024-11-26,3.0,3.0,90290.52,12447.605099999999,77842.9149,0.0,72.0,0.0,3.0,456.94,72.0,0.1378617057471814,0.0,25947.638300000002
2024-11-27,10.0,10.0,440059.26,63455.85012,376603.40988,0.0,375.0,0.0,3.0,470.65999999999997,375.0,0.14419842027639643,0.0,37660.340987999996
2024-11-28,7.0,7.0,608588.71,53721.647359999995,554867.06264,0.0,601.0,0.0,2.0,590.56,601.0,0.08827250075013715,0.0,79266.72323428572
2024-11-29,11.0,11.0,884338.6900000001,103758.80722999999,762588.6189700001,17991.2638,581.0,10.0,4.0,2341.25,571.0,0.11732926355398969,0.01721170395869191,69326.23808818182
2024-11-30,7.0,7.0,567379.53,88664.73342,478714.79658,0.0,441.0,0.0,1.0,500.7,441.0,0.156270589141628,0.0,68387.82808285714
2024-12-01,8.0,8.0,348215.21,48370.28165999999,299229.68501,615.24333,314.0,1.0,7.0,2014.25,313.0,0.1389091581036911,0.0031847133757961785,37403.71062625
2024-12-02,2.0,2.0,26513.1,4128.14916,22384.95084,0.0,122.0,0.0,2.0,1053.3600000000001,122.0,0.15570224379646289,0.0,11192.47542
2024-12-03,8.0,8.0,331098.37,48990.86966,282107.50034,0.0,403.0,0.0,2.0,653.96,403.0,0.14796469599049974,0.0,35263.4375425
2024-12-04,5.0,5.0,517284.69999999995,47220.9199,470063.7801,0.0,439.0,0.0,3.0,1884.56,439.0,0.09128613295541121,0.0,94012.75602
2024-12-05,13.0,13.0,820290.67,79125.31349,728409.95543,12755.40108,658.0,12.0,5.0,1912.54,646.0,0.09646009199397575,0.0182370820668693,56031.53503307692
2024-12-06,10.0,10.0,383442.85000000003,23403.26069,360039.58931,0.0,356.0,0.0,0.0,0.0,356.0,0.06103454710395564,0.0,36003.958931
2024-12-07,14.0,14.0,565622.09,75839.08678,487463.6623,2319.34092,703.0,5.0,4.0,2141.16,698.0,0.13408084323580785,0.007112375533428165,34818.833021428574
2024-12-08,8.0,8.0,327695.11,15928.413230000002,311766.69677,0.0,244.0,0.0,2.0,803.94,244.0,0.04860741812717316,0.0,38970.83709625
2024-12-09,9.0,9.0,670011.4199999999,71667.16212,598344.25788,0.0,688.0,0.0,1.0,188.62,688.0,0.10696409043296605,0.0,66482.69532
2024-12-10,6.0,6.0,306622.42,40580.33999,266042.08001000003,0.0,237.0,0.0,4.0,1278.7199999999998,237.0,0.1323462908876657,0.0,44340.34666833334
2024-12-11,7.0,7.0,377739.75,12277.54631,365462.20369,0.0,361.0,0.0,4.0,1722.28,361.0,0.032502659066195705,0.0,52208.88624142857
2024-12-12,14.0,13.0,733820.76,74065.37073,659755.3892699999,0.0,636.0,7.0,4.0,404.77,629.0,0.10093114663313695,0.0110062893081761,47125.384947857136
2024-12-13,8.0,8.0,327891.04000000004,48370.04024,277982.15096,1538.8488,269.0,9.0,6.0,1754.08,260.0,0.147518639850604,0.03345724907063197,34747.76887
2024-12-14,7.0,7.0,544246.97,60748.18823,483498.78177,0.0,478.0,0.0,4.0,1188.6,478.0,0.11161878995853666,0.0,69071.25453857143
2024-12-15,12.0,12.0,628505.7,89438.2744,539067.4256,0.0,678.0,0.0,5.0,1921.1499999999999,678.0,0.14230304418877984,0.0,44922.28546666666
2024-12-16,4.0,4.0,501289.46,77612.19406,423677.26594,0.0,375.0,0.0,3.0,630.02,375.0,0.15482510655620008,0.0,105919.316485
2024-12-17,11.0,11.0,558038.24,81484.41530000001,476553.8247,0.0,461.0,0.0,5.0,1220.1100000000001,461.0,0.1460194113220628,0.0,43323.07497272727
2024-12-18,7.0,7.0,396775.17,15387.25807,381387.91193,0.0,305.0,0.0,1.0,432.2,305.0,0.038780798884164046,0.0,54483.98741857143
2024-12-19,6.0,6.0,427290.8,25074.63753,402216.16247,0.0,347.0,0.0,3.0,915.6700000000001,347.0,0.05868283971946038,0.0,67036.02707833333
2024-12-20,7.0,7.0,618162.04,47436.01809,570726.02189,0.0,648.0,0.0,3.0,935.13,648.0,0.07673719028428208,0.0,81532.28884142857
2024-12-21,12.0,12.0,550465.15,68865.69337,481599.45663000003,0.0,645.0,0.0,6.0,1468.33,645.0,0.12510454725426304,0.0,40133.2880525
2024-12-22,4.0,4.0,277717.75,12378.992549999999,265338.75745,0.0,246.0,0.0,1.0,137.76,246.0,0.04457400562261504,0.0,66334.6893625
2024-12-23,8.0,8.0,410031.99,35614.18109,374417.80891,0.0,377.0,6.0,3.0,954.02,371.0,0.0868570793464188,0.015915119363395226,46802.22611375
2024-12-24,7.0,7.0,514670.98,42166.250400000004,470359.61938,2145.11022,510.0,3.0,2.0,681.5500000000001,507.0,0.08192855637595887,0.0058823529411764705,67194.23134
2024-12-25,8.0,8.0,517604.34,34946.08523,482658.25477,0.0,422.0,0.0,1.0,496.98,422.0,0.0675150545105553,0.0,60332.28184625
2024-12-26,10.0,10.0,364375.31,39980.13339,324395.17661,0.0,471.0,0.0,4.0,613.3,471.0,0.10972239965984523,0.0,32439.517661
2024-12-27,11.0,11.0,828556.8,112645.05304,715911.74696,0.0,593.0,0.0,1.0,529.22,593.0,0.13595332636217577,0.0,65082.88608727273
2024-12-28,12.0,12.0,769127.13,107345.02792,661782.10208,0.0,810.0,0.0,4.0,668.55,810.0,0.1395673403433318,0.0,55148.508506666665
2024-12-29,9.0,9.0,568166.24,68441.5207,499724.7193,0.0,427.0,0.0,3.0,948.56,427.0,0.12046037916649183,0.0,55524.96881111111
2024-12-30,5.0,5.0,628849.5,33569.76014,595279.7398600001,0.0,332.0,0.0,6.0,1532.2200000000003,332.0,0.05338282075440944,0.0,119055.94797200002
2024-12-31,8.0,8.0,564269.76,38428.03333,518207.25262000004,7634.47405,487.0,10.0,5.0,1374.92,477.0,0.06810223771339438,0.02053388090349076,64775.906577500005
2025-01-01,10.0,10.0,665218.3200000001,47551.20956,614211.22052,3455.88992,596.0,4.0,3.0,768.27,592.0,0.07148211065504029,0.006711409395973154,61421.122052
2025-01-02,12.0,12.0,838121.47,74125.17486,763996.29514,0.0,684.0,0.0,4.0,895.88,684.0,0.08844204272681382,0.0,63666.35792833333
2025-01-03,10.0,10.0,913132.34,84315.71149,828816.62851,0.0,711.0,0.0,1.0,12.47,711.0,0.09233679259459807,0.0,82881.662851
2025-01-04,11.0,11.0,461895.08999999997,54821.369,407073.721,0.0,536.0,0.0,3.0,1315.96,536.0,0.11868792326846342,0.0,37006.70190909091
2025-01-05,4.0,4.0,340472.74,33464.450249999994,307008.28975,0.0,332.0,0.0,6.0,1884.52,332.0,0.09828819261712404,0.0,76752.0724375
2025-01-06,4.0,4.0,168045.94,11105.31665,156574.59334999998,366.03,121.0,2.0,1.0,0.0,119.0,0.06608500419587644,0.01652892561983471,39143.648337499995
2025-01-07,5.0,5.0,89846.07,6761.91394,83084.15606,0.0,174.0,0.0,0.0,0.0,174.0,0.07526109867688147,0.0,16616.831211999997
2025-01-08,10.0,10.0,695619.3400000001,75627.81657,619991.5234300001,0.0,529.0,0.0,5.0,2205.96,529.0,0.10872011777303373,0.0,61999.15234300001
2025-01-09,9.0,9.0,611615.18,106639.13103,504058.38849000004,917.66048,553.0,8.0,2.0,491.48,545.0,0.17435657994950354,0.014466546112115732,56006.487610000004
2025-01-10,9.0,9.0,689110.22,54850.21183,634260.00817,0.0,558.0,0.0,4.0,1931.74,558.0,0.07959570216503246,0.0,70473.33424111112
2025-01-11,9.0,9.0,574723.33,76672.83506,480121.94708,17928.547860000002,652.0,17.0,2.0,505.37,635.0,0.13340825238467352,0.02607361963190184,53346.88300888889
2025-01-12,12.0,12.0,940185.46,143425.81381,785888.42459,10871.2216,717.0,8.0,2.0,1191.34,709.0,0.1525505550894182,0.011157601115760111,65490.70204916666
2025-01-13,9.0,9.0,527546.49,56945.98902,470600.50098,0.0,519.0,0.0,6.0,2644.73,519.0,0.10794496807286122,0.0,52288.944553333335
2025-01-14,9.0,9.0,399186.43,34848.15263,364338.27737,0.0,561.0,0.0,2.0,683.14,561.0,0.08729793903565308,0.0,40482.03081888889
2025-01-15,7.0,7.0,479114.24,52083.02454,427031.21546,0.0,362.0,0.0,3.0,778.13,362.0,0.10870690159407494,0.0,61004.459351428566
2025-01-16,9.0,9.0,438881.87999999995,32229.16945,400235.75955,6416.951000000001,329.0,10.0,3.0,399.83000000000004,319.0,0.07343472337021525,0.030395136778115502,44470.639950000004
2025-01-17,10.0,10.0,557006.04,30420.71682,524266.20992000005,2319.11326,397.0,1.0,1.0,15.5,396.0,0.054614698289447636,0.0025188916876574307,52426.620992000004
2025-01-18,11.0,11.0,1028083.76,57843.85386,970239.90619,0.0,699.0,0.0,9.0,3140.91,699.0,0.05626375603871031,0.0,88203.62783545455
2025-01-19,11.0,11.0,427060.54,48172.15364,378888.38636,0.0,469.0,0.0,7.0,962.08,469.0,0.11279935542628218,0.0,34444.398760000004
2025-01-20,8.0,8.0,520829.77,67216.68606,453613.08394000004,0.0,512.0,0.0,3.0,1241.08,512.0,0.1290569201910252,0.0,56701.635492500005
2025-01-21,7.0,7.0,517913.6,76217.58466,441696.01534,0.0,467.0,0.0,3.0,868.32,467.0,0.14716274038758587,0.0,63099.43076285714
2025-01-22,6.0,6.0,341530.54,35031.20718,306499.33282,0.0,182.0,0.0,8.0,2440.8,182.0,0.10257122885701525,0.0,51083.22213666667
2025-01-23,11.0,11.0,210348.33000000002,15389.99754,193322.12004,1636.21242,345.0,6.0,0.0,0.0,339.0,0.0731643438291143,0.017391304347826087,17574.738185454546
2025-01-24,12.0,12.0,437669.78,50898.69414,360786.41654,25984.66932,431.0,17.0,4.0,1360.73,414.0,0.11629474198561299,0.03944315545243619,30065.534711666667
2025-01-25,7.0,7.0,761956.69,109040.52105,652916.16895,0.0,703.0,0.0,3.0,1072.92,703.0,0.1431059304039971,0.0,93273.73842142857
2025-01-26,8.0,8.0,444170.35000000003,67344.71308999999,376825.63691,0.0,426.0,0.0,2.0,1043.31,426.0,0.15161910985278504,0.0,47103.20461375
2025-01-27,13.0,13.0,535858.86,62758.72521,473100.13479,0.0,503.0,0.0,2.0,878.01,503.0,0.11711801351945547,0.0,36392.31806076923
2025-01-28,4.0,4.0,98760.36,13901.28396,84859.07604,0.0,119.0,0.0,5.0,1909.94,119.0,0.1407577287081578,0.0,21214.76901
2025-01-29,7.0,7.0,214340.23,22242.47284,192097.75716,0.0,247.0,0.0,10.0,4272.58,247.0,0.10377180634731985,0.0,27442.53673714286
2025-01-30,9.0,9.0,407982.80000000005,58591.50791,344337.23945,5054.05264,345.0,8.0,3.0,1004.01,337.0,0.1436126912948291,0.02318840579710145,38259.69327222222
2025-01-31,14.0,14.0,569304.45,30020.403440000002,539284.04654,0.0,503.0,0.0,2.0,862.35,503.0,0.05273172103256878,0.0,38520.28903857143
2025-02-01,12.0,11.0,1043023.34,73894.14671,959815.33223,9313.86106,662.0,7.0,5.0,1875.02,655.0,0.07084611041398173,0.010574018126888218,79984.61101916667
2025-02-02,8.0,8.0,520435.78,65279.31738,455156.46262,0.0,375.0,0.0,2.0,133.39000000000001,375.0,0.12543203194061714,0.0,56894.5578275
2025-02-03,11.0,11.0,650631.64,75991.24431,574640.39569,0.0,686.0,0.0,4.0,1618.72,686.0,0.11679610956208646,0.0,52240.035971818186
2025-02-04,13.0,13.0,1250298.8900000001,143729.20353,1088084.40917,18485.2773,925.0,10.0,4.0,1681.5800000000002,915.0,0.1149558754946987,0.010810810810810811,83698.80070538462
2025-02-05,11.0,11.0,749492.22,89086.58619999999,660405.6338000001,0.0,600.0,0.0,5.0,1596.16,600.0,0.11886258966103744,0.0,60036.87580000001
2025-02-06,10.0,10.0,716317.96,46538.32262,666701.09602,3078.54136,534.0,2.0,3.0,707.67,532.0,0.06496880605925336,0.003745318352059925,66670.10960200001
2025-02-07,9.0,9.0,431448.20999999996,45091.74011,386356.46988999995,0.0,337.0,0.0,1.0,147.77,337.0,0.10451252100454884,0.0,42928.49665444444
2025-02-08,10.0,10.0,503567.63,37248.20826,466319.42174,0.0,423.0,0.0,10.0,3557.98,423.0,0.07396863110522016,0.0,46631.942174
2025-02-09,7.0,7.0,387196.37,29278.79922,357917.57078,0.0,365.0,0.0,4.0,1051.56,365.0,0.07561744243625011,0.0,51131.08154
2025-02-10,8.0,8.0,321328.35,34384.700059999996,286943.64994,0.0,329.0,0.0,0.0,0.0,329.0,0.1070079874993912,0.0,35867.9562425
2025-02-11,14.0,14.0,905138.35,91568.31039,813570.03961,0.0,745.0,0.0,2.0,1143.87,745.0,0.10116498808165625,0.0,58112.14568642857
2025-02-12,7.0,7.0,391460.68,42267.610310000004,349193.06969,0.0,347.0,0.0,9.0,2119.55,347.0,0.10797408901961751,0.0,49884.724241428565
2025-02-13,8.0,8.0,422899.57,43602.120279999996,379297.44972,0.0,352.0,0.0,2.0,849.39,352.0,0.1031027775223323,0.0,47412.181215
2025-02-14,9.0,8.0,619178.24,58715.52656,560462.71344,0.0,444.0,0.0,3.0,1157.59,444.0,0.09482814925795842,0.0,62273.63482666666
2025-02-15,9.0,9.0,493094.75,50533.058359999995,442561.69164000003,0.0,502.0,0.0,6.0,2058.1400000000003,502.0,0.10248143660016659,0.0,49173.52129333334
2025-02-16,10.0,10.0,343668.93,23563.36838,320105.56162,0.0,336.0,0.0,4.0,2050.17,336.0,0.06856415091116908,0.0,32010.556162
2025-02-17,10.0,10.0,715506.4400000001,81409.21076,634097.22924,0.0,621.0,0.0,4.0,1953.72,621.0,0.11377844587953673,0.0,63409.722924
2025-02-18,6.0,6.0,214606.15,17516.58619,197089.56381000002,0.0,170.0,0.0,10.0,3093.67,170.0,0.08162201404759371,0.0,32848.260635000006
2025-02-19,8.0,8.0,989436.3400000001,105114.22167,884322.11833,0.0,837.0,0.0,2.0,508.72999999999996,837.0,0.10623646759325617,0.0,110540.26479125
2025-02-20,10.0,10.0,632055.99,55552.581260000006,576503.40874,0.0,492.0,0.0,6.0,1222.8999999999999,492.0,0.08789186739611471,0.0,57650.340874
2025-02-21,7.0,7.0,369555.52999999997,35734.92611,317954.62269,15865.9812,395.0,10.0,5.0,1538.9,385.0,0.0966970406585446,0.02531645569620253,45422.08895571429
2025-02-22,10.0,10.0,582040.03,40923.96982,541116.06018,0.0,494.0,0.0,5.0,907.27,494.0,0.07031126333355456,0.0,54111.606018000006
2025-02-23,8.0,8.0,240306.98,23701.24267,216605.73733,0.0,323.0,0.0,2.0,664.3,323.0,0.09862902305209777,0.0,27075.71716625
2025-02-24,6.0,6.0,245353.61000000002,35688.23226,208622.11257,1043.26517,144.0,1.0,2.0,298.48,143.0,0.14545631613082846,0.006944444444444444,34770.352095
2025-02-25,8.0,8.0,570592.55,45273.68453,525318.8654700001,0.0,531.0,0.0,4.0,1373.4,531.0,0.07934503268575797,0.0,65664.85818375001
2025-02-26,6.0,6.0,139222.65,5301.30532,133921.34468,0.0,145.0,0.0,1.0,403.54,145.0,0.03807789407829833,0.0,22320.224113333334
2025-02-27,3.0,3.0,118569.44,2070.60178,116498.83822,0.0,169.0,0.0,0.0,0.0,169.0,0.017463199455104113,0.0,38832.94607333333
2025-02-28,9.0,9.0,626027.7000000001,95942.56604,530085.13396,0.0,617.0,0.0,2.0,554.6800000000001,617.0,0.15325610358774858,0.0,58898.34821777778
2025-03-01,8.0,8.0,344046.72,13867.32043,330179.3996,0.0,330.0,0.0,2.0,471.76,330.0,0.04030650380855252,0.0,41272.42495
2025-03-02,12.0,12.0,1029633.7100000001,93021.99055999999,936611.7194399999,0.0,739.0,0.0,2.0,714.04,739.0,0.09034474071366601,0.0,78050.97661999999
2025-03-03,3.0,3.0,92326.56,1337.83248,90988.72752,0.0,67.0,0.0,2.0,649.33,67.0,0.01449022339833738,0.0,30329.57584
2025-03-04,4.0,4.0,341512.02,41481.43528,300030.58472000004,0.0,247.0,0.0,1.0,443.27,247.0,0.12146405646278569,0.0,75007.64618000001
2025-03-05,10.0,10.0,500453.59,46400.81804,454052.77196,0.0,418.0,0.0,7.0,3046.67,418.0,0.09271752459603697,0.0,45405.277195999995
2025-03-06,7.0,7.0,512124.44999999995,32629.97781,479494.47219,0.0,546.0,0.0,6.0,1181.79,546.0,0.06371493844904301,0.0,68499.21031285715
2025-03-07,14.0,14.0,783873.63,70281.76340000001,713591.8666,0.0,860.0,0.0,3.0,819.85,860.0,0.0896595582632369,0.0,50970.84761428571
2025-03-08,10.0,10.0,527054.8,61722.02416,465332.77584,0.0,514.0,0.0,7.0,1682.01,514.0,0.11710741304319777,0.0,46533.277584
2025-03-09,9.0,9.0,370124.83,18194.93602,336268.67414,15661.21984,350.0,8.0,6.0,2408.71,342.0,0.049158917600853745,0.022857142857142857,37363.186015555555
2025-03-10,7.0,7.0,626526.52,59314.1171,567212.4029,0.0,435.0,0.0,4.0,1540.25,435.0,0.09467135900328688,0.0,81030.34327142857
2025-03-11,12.0,12.0,610630.0,78994.70787000001,531635.29213,0.0,553.0,0.0,5.0,1942.26,553.0,0.12936591367931483,0.0,44302.94101083333
2025-03-12,13.0,13.0,745066.21,94752.72047,650313.48955,0.0,681.0,0.0,0.0,0.0,681.0,0.12717355746142348,0.0,50024.11458076924
2025-03-13,7.0,7.0,538513.38,50781.72086,487731.65914,0.0,405.0,0.0,5.0,1931.1499999999999,405.0,0.09429983125024674,0.0,69675.95130571429
2025-03-14,6.0,6.0,401809.68,28098.42354,373711.25646,0.0,331.0,0.0,6.0,966.28,331.0,0.06992968297826971,0.0,62285.20941
2025-03-15,12.0,11.0,669038.3,87382.68991,581655.61009,0.0,543.0,0.0,2.0,1162.28,543.0,0.13060939846044686,0.0,48471.30084083333
2025-03-16,10.0,10.0,959689.94,85060.91499,874629.02501,0.0,770.0,0.0,4.0,1211.35,770.0,0.08863374663487669,0.0,87462.902501
2025-03-17,13.0,13.0,1072978.26,90012.42077,982058.84371,906.99552,844.0,1.0,5.0,1835.89,843.0,0.0838902558659483,0.001184834123222749,75542.9879776923
2025-03-18,7.0,7.0,254983.97,21315.85739,233668.11261,0.0,202.0,0.0,4.0,358.58000000000004,202.0,0.08359685273548766,0.0,33381.158944285715
2025-03-19,17.0,16.0,994931.6799999999,86125.84487,904101.39373,4704.4414,782.0,5.0,0.0,0.0,777.0,0.08656458187159143,0.00639386189258312,53182.43492529412
2025-03-20,14.0,13.0,665070.24,31220.24175,633849.99825,0.0,599.0,0.0,2.0,621.43,599.0,0.04694277366853763,0.0,45274.999874999994
2025-03-21,10.0,10.0,667334.1699999999,51690.145749999996,615644.02425,0.0,414.0,0.0,5.0,1747.62,414.0,0.07745766375188011,0.0,61564.402425
2025-03-22,13.0,13.0,770634.62,67220.70114,681238.7728600001,22175.146,904.0,10.0,4.0,967.46,894.0,0.08722772036896033,0.011061946902654867,52402.98252769232
2025-03-23,10.0,10.0,658326.03,71418.12153,586907.90847,0.0,544.0,0.0,7.0,2602.08,544.0,0.10848442606773426,0.0,58690.790847000004
2025-03-24,4.0,4.0,314974.82,7126.892809999999,307847.92717000004,0.0,256.0,0.0,8.0,2698.67,256.0,0.022626865252276356,0.0,76961.98179250001
2025-03-25,5.0,5.0,340665.63,28205.07463,312460.55537,0.0,207.0,0.0,3.0,878.3,207.0,0.08279401309137056,0.0,62492.111074
2025-03-26,9.0,9.0,523435.48,61638.93401,461796.54599,0.0,462.0,0.0,5.0,942.66,462.0,0.11775841792382893,0.0,51310.727332222225
2025-03-27,5.0,5.0,225664.88999999998,10391.09658,215273.79342,0.0,299.0,0.0,4.0,940.3,299.0,0.04604658075077608,0.0,43054.758684
2025-03-28,14.0,14.0,461530.15,42667.15114,418862.99886,0.0,562.0,0.0,3.0,1511.21,562.0,0.09244715895592086,0.0,29918.785632857143
2025-03-29,10.0,9.0,605279.3,57012.29097,548267.00903,0.0,514.0,0.0,1.0,298.85,514.0,0.09419170781158384,0.0,54826.700903
2025-03-30,11.0,11.0,645826.96,64671.36951,564459.91389,16695.6766,700.0,10.0,3.0,669.57,690.0,0.10013730227366166,0.014285714285714285,51314.537626363635
2025-03-31,10.0,10.0,1001507.21,107433.02711000001,894074.1828899999,0.0,886.0,0.0,3.0,1459.96,886.0,0.10727134666359518,0.0,89407.418289
2025-04-01,7.0,7.0,184149.5,17977.82428,129632.73754,36538.938180000005,130.0,24.0,5.0,2128.24,106.0,0.09762624541473097,0.18461538461538463,18518.962505714288
2025-04-02,10.0,10.0,701288.5,82883.72476,618404.77524,0.0,601.0,0.0,2.0,79.89,601.0,0.11818777116693058,0.0,61840.477524
2025-04-03,6.0,6.0,393459.06000000006,35692.21978,357766.84025999997,0.0,427.0,0.0,4.0,1648.85,427.0,0.09071393547272744,0.0,59627.80671
2025-04-04,6.0,6.0,260729.08000000002,37305.93632,221310.88704,2112.25664,262.0,2.0,3.0,1715.02,260.0,0.14308314331489222,0.007633587786259542,36885.14784
2025-04-05,5.0,5.0,100640.76999999999,14274.28648,82558.89152,3807.592,123.0,2.0,1.0,579.72,121.0,0.14183403485486054,0.016260162601626018,16511.778304
2025-04-06,5.0,5.0,262129.07,5983.53842,248407.29898,7738.2326,276.0,7.0,0.0,0.0,269.0,0.022826687707700636,0.025362318840579712,49681.459795999996
2025-04-07,9.0,9.0,421534.63,24705.63665,396828.99335,0.0,390.0,0.0,0.0,0.0,390.0,0.058608794845633444,0.0,44092.110372222225
2025-04-08,7.0,7.0,448328.54000000004,24305.79821,424022.74179,0.0,319.0,0.0,2.0,1355.06,319.0,0.05421425593382924,0.0,60574.67739857143
2025-04-09,12.0,12.0,762947.79,67589.74844,695358.04156,0.0,631.0,0.0,2.0,897.88,631.0,0.08859026702207237,0.0,57946.503463333334
2025-04-10,9.0,9.0,635895.1799999999,54939.9306,580955.2494000001,0.0,622.0,0.0,4.0,1162.34,622.0,0.08639777801114958,0.0,64550.583266666676
2025-04-11,15.0,15.0,781116.85,94194.70118999999,686922.14881,0.0,715.0,0.0,7.0,1462.64,715.0,0.12058976987885998,0.0,45794.80992066667
2025-04-12,13.0,13.0,356405.98,52048.46561,302507.96877,1849.54562,560.0,1.0,4.0,2039.95,559.0,0.14603701545636244,0.0017857142857142857,23269.84375153846
2025-04-13,18.0,18.0,615511.17,38540.30188,568818.515,8152.35312,690.0,4.0,6.0,2405.7400000000002,686.0,0.0626151136786031,0.005797101449275362,31601.028611111113
2025-04-14,8.0,8.0,393458.6,41963.12335,351495.47665,0.0,483.0,0.0,5.0,1074.25,483.0,0.10665194089035035,0.0,43936.93458125
2025-04-15,7.0,7.0,264396.44,31444.10157,232952.33843,0.0,235.0,0.0,3.0,957.8299999999999,235.0,0.11892785534479965,0.0,33278.90549
2025-04-16,9.0,9.0,513170.07,30313.686110000002,482856.38389,0.0,385.0,0.0,7.0,1947.96,385.0,0.05907142267669664,0.0,53650.70932111111
2025-04-17,5.0,5.0,552636.6799999999,52821.34207,499815.33793,0.0,378.0,0.0,3.0,658.55,378.0,0.09558059387227066,0.0,99963.06758599999
2025-04-18,11.0,11.0,509060.58999999997,61408.22496000001,447652.36504,0.0,615.0,1.0,2.0,1085.97,614.0,0.12063048322008194,0.0016260162601626016,40695.66954909091
2025-04-19,11.0,11.0,598520.56,82329.66942,516190.89058,0.0,664.0,0.0,3.0,1115.63,664.0,0.1375552903646284,0.0,46926.44459818182
2025-04-20,9.0,9.0,381589.02999999997,53104.58656,328484.44344,0.0,399.0,0.0,2.0,284.04,399.0,0.13916696336894174,0.0,36498.27149333333
2025-04-21,8.0,8.0,416605.61,56669.101559999996,346957.96411999996,12978.54432,447.0,7.0,5.0,1937.69,440.0,0.13602577641717306,0.015659955257270694,43369.745514999995
2025-04-22,15.0,15.0,927316.46,92350.1532,834966.3068,0.0,707.0,0.0,3.0,838.0,707.0,0.09958860559856772,0.0,55664.42045333333
2025-04-23,9.0,8.0,921879.82,96101.26973,825778.55022,0.0,528.0,0.0,4.0,1171.67,528.0,0.10424490008903764,0.0,91753.17224666667
2025-04-24,10.0,10.0,683441.2300000001,95121.15578,588320.07422,0.0,736.0,0.0,2.0,411.07,736.0,0.13917971524779094,0.0,58832.007421999995
2025-04-25,7.0,7.0,742131.09,85237.3089,656893.78114,0.0,443.0,0.0,3.0,885.37,443.0,0.11485478785156408,0.0,93841.9687342857
2025-04-26,10.0,10.0,416140.1,49711.90458,366428.19542,0.0,385.0,0.0,8.0,3562.9,385.0,0.11945953917923316,0.0,36642.819542
2025-04-27,9.0,9.0,402793.25,63727.18168,339066.06832,0.0,384.0,0.0,1.0,0.0,384.0,0.15821313212175228,0.0,37674.00759111111
2025-04-28,8.0,8.0,260101.38999999998,15304.76798,239305.10861999998,5491.5134,208.0,18.0,3.0,842.24,190.0,0.0588415462908522,0.08653846153846154,29913.138577499998
2025-04-29,6.0,6.0,546929.17,79252.81946999999,467676.35053,0.0,358.0,0.0,3.0,306.97,358.0,0.14490508792939308,0.0,77946.05842166666
2025-04-30,10.0,10.0,759698.98,75321.15408000001,684377.82592,0.0,636.0,0.0,1.0,11.27,636.0,0.09914605134786414,0.0,68437.782592
2025-05-01,10.0,10.0,486646.31,63972.13244,422674.17756,0.0,481.0,0.0,2.0,994.22,481.0,0.13145508580965096,0.0,42267.417755999995
2025-05-02,12.0,12.0,504398.02,33305.28391,471092.73609,0.0,456.0,0.0,5.0,1303.8400000000001,456.0,0.06602976734524056,0.0,39257.7280075
2025-05-03,12.0,12.0,1022829.96,98691.89608,924138.06392,0.0,832.0,0.0,2.0,299.42,832.0,0.09648905481806576,0.0,77011.50532666667
2025-05-04,6.0,6.0,561491.86,63414.88325,498076.97671,0.0,420.0,0.0,4.0,1167.1000000000001,420.0,0.11293998678805424,0.0,83012.82945166666
2025-05-05,18.0,18.0,903711.34,81122.86579,822588.47421,0.0,728.0,0.0,3.0,1184.7,728.0,0.08976634706166241,0.0,45699.359678333334
2025-05-06,7.0,7.0,466412.65,35722.73463,430689.91537,0.0,402.0,0.0,5.0,1514.61,402.0,0.07659040686396477,0.0,61527.13076714286
2025-05-07,11.0,11.0,439787.67,36350.98464,403436.68536,0.0,408.0,0.0,2.0,319.89,408.0,0.082655761222228,0.0,36676.06230545454
2025-05-08,8.0,8.0,653444.79,74861.41464999999,578583.37535,0.0,503.0,0.0,4.0,738.76,503.0,0.11456425362271232,0.0,72322.92191875
2025-05-09,8.0,8.0,452546.7,24703.07517,427843.62483,0.0,436.0,0.0,4.0,1257.28,436.0,0.05458679771612521,0.0,53480.45310375
2025-05-10,7.0,7.0,504595.24,44984.2473,459610.9927,0.0,608.0,0.0,1.0,430.81,608.0,0.08914917092757356,0.0,65658.71324285715
2025-05-11,16.0,16.0,677444.19,53959.39618,618359.08862,5125.7052,613.0,5.0,4.0,1289.69,608.0,0.07965142660681762,0.008156606851549755,38647.44303875
2025-05-12,10.0,10.0,676474.99,89770.24046,586704.74954,0.0,519.0,0.0,3.0,743.09,519.0,0.13270297023102068,0.0,58670.474954
2025-05-13,10.0,10.0,552235.04,85965.47340999999,460736.29099,5533.2756,413.0,14.0,8.0,1999.1399999999999,399.0,0.15566827018075488,0.03389830508474576,46073.629099
2025-05-14,8.0,8.0,357775.19,45134.959579999995,293027.97366,19612.25676,419.0,17.0,3.0,1596.67,402.0,0.12615452619842085,0.0405727923627685,36628.4967075
2025-05-15,9.0,9.0,681466.97,58512.45461,622954.51539,0.0,510.0,0.0,5.0,1790.13,510.0,0.08586249544860554,0.0,69217.16837666667
2025-05-16,16.0,16.0,528133.0,68261.20317000001,459871.79683,0.0,507.0,0.0,2.0,818.7800000000001,507.0,0.12925002446353476,0.0,28741.987301875
2025-05-17,9.0,9.0,475341.77,52408.579549999995,422933.19045,0.0,357.0,0.0,3.0,1043.6100000000001,357.0,0.11025452181490382,0.0,46992.57671666666
2025-05-18,11.0,11.0,669341.6,53635.46209,615706.13791,0.0,536.0,0.0,3.0,1797.44,536.0,0.08013167281101309,0.0,55973.28526454546
2025-05-19,17.0,17.0,635897.73,56864.48807,579033.24193,0.0,543.0,0.0,1.0,562.55,543.0,0.0894239519773093,0.0,34060.77893705882
2025-05-20,10.0,10.0,330892.07,19405.16553,311486.90447,0.0,423.0,0.0,6.0,2247.12,423.0,0.05864500025642802,0.0,31148.690447
2025-05-21,13.0,13.0,682053.88,61463.42655,620590.4534499999,0.0,576.0,0.0,4.0,1319.79,576.0,0.09011520695403125,0.0,47737.72718846153
2025-05-22,8.0,8.0,459552.12,33071.37127,426480.74873,0.0,407.0,0.0,2.0,676.49,407.0,0.07196435361891053,0.0,53310.09359125
2025-05-23,7.0,7.0,485477.88,87053.09861,398424.78139,0.0,356.0,0.0,4.0,1489.19,356.0,0.1793142431329724,0.0,56917.825912857144
2025-05-24,16.0,16.0,887709.53,90496.44451999999,797213.08548,0.0,851.0,0.0,2.0,494.93,851.0,0.10194375689534389,0.0,49825.8178425
2025-05-25,5.0,5.0,379500.54,25158.74158,354341.79842,0.0,353.0,0.0,3.0,448.26,353.0,0.06629434988419253,0.0,70868.359684
2025-05-26,12.0,12.0,630104.41,50625.87569,579478.53431,0.0,508.0,0.0,4.0,1995.87,508.0,0.08034521721566748,0.0,48289.87785916667
2025-05-27,9.0,9.0,463699.99,43181.67309,420518.31691,0.0,396.0,0.0,6.0,1619.98,396.0,0.09312416221962826,0.0,46724.257434444444
2025-05-28,11.0,11.0,629677.7,77042.22638000001,552635.47362,0.0,526.0,0.0,3.0,758.24,526.0,0.12235184187084919,0.0,50239.58851090909
2025-05-29,15.0,15.0,841189.9,93076.02275999999,741190.2902800001,6923.5869600000005,714.0,9.0,4.0,1179.1100000000001,705.0,0.11064805076713355,0.012605042016806723,49412.686018666674
2025-05-30,8.0,8.0,357416.4,26057.23975,312497.71625,18861.444,316.0,10.0,6.0,2311.17,306.0,0.0729044323371843,0.03164556962025317,39062.21453125
2025-05-31,14.0,14.0,1022957.0,85532.05181,933258.5547,4166.39349,953.0,9.0,2.0,384.12,944.0,0.08361255830890253,0.00944386149003148,66661.32533571428
2025-06-01,13.0,13.0,900387.61,120371.83249,776353.51641,3662.2611,926.0,11.0,7.0,2329.98,915.0,0.13368890370448344,0.011879049676025918,59719.5012623077
2025-06-02,7.0,7.0,430139.58999999997,20639.382700000002,409500.2073,0.0,329.0,0.0,8.0,3118.19,329.0,0.047982987801704104,0.0,58500.02961428572
2025-06-03,15.0,15.0,860872.2,79175.93676,780984.73902,711.52422,907.0,2.0,5.0,1603.9,905.0,0.09197176626216992,0.002205071664829107,52065.649268
2025-06-04,9.0,9.0,529534.49,56652.22738,472882.26262000005,0.0,456.0,0.0,3.0,719.94,456.0,0.1069849621693197,0.0,52542.47362444445
2025-06-05,9.0,9.0,338927.38,47553.85992,291373.52008,0.0,326.0,0.0,2.0,923.18,326.0,0.14030692923068064,0.0,32374.835564444442
2025-06-06,13.0,13.0,761969.27,78994.19274,682975.07726,0.0,842.0,0.0,7.0,2453.25,842.0,0.10367110046314597,0.0,52536.544404615386
2025-06-07,11.0,11.0,620899.35,76068.74364,544830.6064,0.0,590.0,0.0,4.0,1704.9099999999999,590.0,0.12251380781764389,0.0,49530.05512727273
2025-06-08,11.0,11.0,845604.81,87731.4815,757873.3285,0.0,713.0,0.0,2.0,834.74,713.0,0.10374997926040651,0.0,68897.57531818181
2025-06-09,7.0,7.0,493782.13000000006,37861.809799999995,455920.3202,0.0,364.0,0.0,2.0,1086.04,364.0,0.07667715678572651,0.0,65131.47431428572
2025-06-10,21.0,21.0,833600.56,49114.234090000005,784486.32591,0.0,900.0,0.0,4.0,926.3,900.0,0.05891818749497961,0.0,37356.49171
2025-06-11,6.0,6.0,307305.06,24594.139040000002,282710.92096,0.0,320.0,0.0,6.0,605.8100000000001,320.0,0.08003167614617215,0.0,47118.48682666667
2025-06-12,11.0,11.0,751403.72,62966.3637,672570.84779,15866.50851,611.0,9.0,6.0,609.25,602.0,0.0837983124438085,0.014729950900163666,61142.80434454546
2025-06-13,9.0,9.0,507063.85,79390.46147000001,427673.38853,0.0,491.0,0.0,0.0,0.0,491.0,0.15656896359304653,0.0,47519.26539222222
2025-06-14,11.0,11.0,620194.64,44143.30148,572897.49276,3153.84576,514.0,2.0,2.0,560.8,512.0,0.0711765285169185,0.0038910505836575876,52081.590250909096
2025-06-15,8.0,8.0,779098.84,88658.16526000001,690440.6747399999,0.0,437.0,0.0,6.0,1711.19,437.0,0.11379578650123522,0.0,86305.08434249999
2025-06-16,12.0,12.0,886322.76,49905.802429999996,836416.95757,0.0,712.0,0.0,4.0,1182.67,712.0,0.05630657891488649,0.0,69701.41313083333
2025-06-17,13.0,13.0,960236.06,118103.76282,842132.29718,0.0,786.0,0.0,1.0,325.6,786.0,0.12299450910018939,0.0,64779.407475384614
2025-06-18,12.0,12.0,678533.31,97094.26247,581439.04753,0.0,595.0,0.0,3.0,998.54,595.0,0.14309431982049634,0.0,48453.25396083333
2025-06-19,11.0,11.0,552390.23,59560.49002,487220.30503,5609.43495,549.0,7.0,6.0,2925.16,542.0,0.10782321407096573,0.012750455373406194,44292.755002727274
2025-06-20,11.0,11.0,650909.55,90018.41804,560891.13196,0.0,614.0,0.0,1.0,650.07,614.0,0.13829635475466598,0.0,50990.10290545455
2025-06-21,8.0,8.0,436768.47000000003,55238.45117,381530.01882999996,0.0,394.0,0.0,2.0,494.47,394.0,0.12647078478444196,0.0,47691.252353749995
2025-06-22,10.0,10.0,410235.47,56775.51726,353459.95274,0.0,376.0,0.0,4.0,1358.47,376.0,0.13839738738339716,0.0,35345.995274
2025-06-23,7.0,7.0,343952.67,31535.667830000002,312417.00217,0.0,295.0,0.0,6.0,1666.4099999999999,295.0,0.09168606782438991,0.0,44631.000309999996
2025-06-24,15.0,15.0,699237.4500000001,95163.74829,604073.70171,0.0,549.0,0.0,3.0,463.99,549.0,0.13609646950402898,0.0,40271.580114000004
2025-06-25,17.0,17.0,970366.12,97287.33063,873078.78937,0.0,924.0,0.0,4.0,814.14,924.0,0.10025837529241025,0.0,51357.575845294115
2025-06-26,10.0,10.0,799739.76,114527.44172999999,680375.8500699999,4836.4682,470.0,2.0,2.0,1222.76,468.0,0.1432058870375533,0.00425531914893617,68037.58500699999
2025-06-27,7.0,7.0,328879.69,39971.52719,288908.16281,0.0,343.0,0.0,5.0,1351.91,343.0,0.12153844826963928,0.0,41272.59468714286
2025-06-28,20.0,18.0,746225.86,37513.83314,701996.2421899999,6715.78467,572.0,7.0,3.0,595.88,565.0,0.050271419352848484,0.012237762237762238,35099.812109499995
2025-06-29,12.0,12.0,495707.48,41725.83616,453981.64384000003,0.0,376.0,0.0,5.0,2299.92,376.0,0.08417431215683895,0.0,37831.803653333336
2025-06-30,13.0,13.0,598910.23,64579.443849999996,534330.78613,0.0,518.0,0.0,7.0,2433.02,518.0,0.10782825307559031,0.0,41102.36816384616
2025-07-01,10.0,10.0,470969.39,71607.03577,399362.35423000006,0.0,380.0,0.0,8.0,2932.46,380.0,0.1520418041817962,0.0,39936.235423000006
2025-07-02,18.0,18.0,842911.4299999999,62731.933670000006,771587.40293,8592.0934,656.0,10.0,4.0,1202.4,646.0,0.07442292444652222,0.01524390243902439,42865.96682944444
2025-07-03,7.0,7.0,760700.7999999999,49795.00061,710905.7993900001,0.0,526.0,0.0,9.0,1677.3000000000002,526.0,0.06545937720848986,0.0,101557.97134142858
2025-07-04,11.0,11.0,639056.95,56194.76342,577865.04963,4997.13695,620.0,17.0,7.0,2009.5600000000002,603.0,0.08793388980434375,0.027419354838709678,52533.186330000004
2025-07-05,14.0,14.0,958102.86,164375.17948,787497.76028,6229.92024,718.0,3.0,5.0,1731.05,715.0,0.17156318631592435,0.004178272980501393,56249.84002
2025-07-06,13.0,13.0,737799.28,62041.24046,675758.03954,0.0,486.0,0.0,3.0,782.0,486.0,0.08408959203646824,0.0,51981.38765692308
2025-07-07,13.0,13.0,598248.2,65509.61827,532738.58173,0.0,564.0,0.0,7.0,2139.52,564.0,0.109502407646191,0.0,40979.89090230769
2025-07-08,14.0,13.0,468504.0,36523.638060000005,431295.75488,684.60706,471.0,1.0,3.0,724.01,470.0,0.07795800689001589,0.0021231422505307855,30806.839634285716
2025-07-09,8.0,8.0,147331.38,31794.15782,114540.48868000001,996.7335,141.0,5.0,8.0,1894.16,136.0,0.2158003123299327,0.03546099290780142,14317.561085000001
2025-07-10,17.0,17.0,1302589.07,127992.34529,1174596.72471,0.0,1237.0,0.0,4.0,1596.56,1237.0,0.0982599564496576,0.0,69093.92498294117
2025-07-11,25.0,25.0,1773311.2,187079.94052,1572020.54118,14210.7183,1690.0,9.0,2.0,774.73,1681.0,0.10549752379616167,0.0053254437869822485,62880.8216472
2025-07-12,17.0,17.0,961995.0599999999,106521.51678,855473.54322,0.0,747.0,0.0,4.0,954.3599999999999,747.0,0.11072979603450356,0.0,50321.97313058824
2025-07-13,17.0,16.0,1054890.22,96572.93914,958317.28085,0.0,898.0,0.0,5.0,1830.71,898.0,0.09154785712204253,0.0,56371.60475588235
2025-07-14,8.0,8.0,553167.28,38217.56267,511710.14945,3239.56788,396.0,3.0,5.0,737.9799999999999,393.0,0.0690886175877937,0.007575757575757576,63963.76868125
2025-07-15,7.0,7.0,439130.23,29698.485640000003,409431.74436,0.0,413.0,0.0,8.0,2195.88,413.0,0.06763024636222381,0.0,58490.249194285716
2025-07-16,12.0,12.0,684887.43,102096.10240999999,574099.34639,8691.9812,524.0,10.0,5.0,898.05,514.0,0.1490699024947793,0.019083969465648856,47841.612199166666
2025-07-17,9.0,9.0,506333.3,41584.07041,464749.22959,0.0,500.0,0.0,7.0,2410.65,500.0,0.0821278600676669,0.0,51638.80328777778
2025-07-18,15.0,15.0,995852.56,96768.20835,899084.35165,0.0,988.0,0.0,6.0,2060.33,988.0,0.09717122015532098,0.0,59938.956776666666
2025-07-19,14.0,14.0,747866.28,123463.35029999999,624402.9297,0.0,631.0,0.0,6.0,2935.73,631.0,0.1650874676419426,0.0,44600.20926428571
2025-07-20,9.0,9.0,545774.27,56561.898799999995,489212.3712,0.0,539.0,0.0,4.0,1724.63,539.0,0.10363606697692068,0.0,54356.930133333335
2025-07-21,18.0,18.0,1337609.46,50164.376240000005,1269282.4102100001,18162.673600000002,997.0,15.0,3.0,915.5899999999999,982.0,0.03750300647544763,0.015045135406218655,70515.68945611111
2025-07-22,11.0,11.0,428075.58,30747.73208,395746.14752,1581.7004,350.0,10.0,7.0,2316.83,340.0,0.07182781152804839,0.02857142857142857,35976.92250181818
2025-07-23,7.0,7.0,548322.98,49197.97689,499125.00311,0.0,514.0,0.0,3.0,961.25,514.0,0.08972444833517647,0.0,71303.57187285714
2025-07-24,13.0,13.0,447782.56,42569.77285,400485.59307,4727.19408,443.0,6.0,1.0,539.64,437.0,0.09506795630897283,0.013544018058690745,30806.584082307694
2025-07-25,12.0,12.0,392580.78,43623.97522,348956.80478,0.0,406.0,0.0,7.0,3213.46,406.0,0.11112101621480297,0.0,29079.733731666667
2025-07-26,8.0,8.0,675266.3400000001,69062.59223,606203.74777,0.0,484.0,0.0,1.0,325.53,484.0,0.10227459616897236,0.0,75775.46847125
2025-07-27,16.0,16.0,570230.89,41128.75945,529102.13057,0.0,649.0,0.0,6.0,1772.5200000000002,649.0,0.07212650203849882,0.0,33068.883160625
2025-07-28,10.0,10.0,367573.75999999995,33441.60764,323295.75935999997,10836.393,456.0,5.0,7.0,3386.3,451.0,0.09097931158089197,0.010964912280701754,32329.575935999997
2025-07-29,10.0,10.0,499911.52,47401.13201,452510.38798999996,0.0,574.0,0.0,7.0,2395.2,574.0,0.0948190431978843,0.0,45251.038798999994
2025-07-30,12.0,12.0,448449.83999999997,59565.85709,388883.98291,0.0,369.0,0.0,3.0,1396.77,369.0,0.13282613076637512,0.0,32406.998575833335
2025-07-31,13.0,12.0,741892.53,105470.12640000001,636422.4036000001,0.0,549.0,0.0,7.0,2726.14,549.0,0.14216361822648357,0.0,48955.569507692315
2025-08-01,8.0,8.0,408658.17,71618.45667,337039.71333,0.0,407.0,0.0,6.0,2574.17,407.0,0.17525272202437553,0.0,42129.96416625
2025-08-02,10.0,10.0,1046048.01,141384.51095999999,904489.99214,173.5069,813.0,5.0,8.0,2821.32,808.0,0.13516063278969384,0.006150061500615006,90448.999214
2025-08-03,8.0,8.0,860438.86,99010.04663,761428.81337,0.0,710.0,0.0,1.0,351.95,710.0,0.11506924109634006,0.0,95178.60167125
2025-08-04,21.0,21.0,1138713.11,147447.48439,991265.62561,0.0,919.0,0.0,3.0,1624.3500000000001,919.0,0.12948606905035104,0.0,47203.12502904762
2025-08-05,6.0,6.0,183295.95,14839.90194,168456.04806,0.0,272.0,0.0,1.0,99.35,272.0,0.08096142844399998,0.0,28076.00801
2025-08-06,12.0,12.0,476998.58999999997,38441.60708,432583.27644,5973.7065,477.0,10.0,2.0,36.41,467.0,0.08059060946071141,0.020964360587002098,36048.60637
2025-08-07,8.0,8.0,423584.02,40515.27568,383068.74432,0.0,383.0,0.0,3.0,584.01,383.0,0.09564873500185393,0.0,47883.59304
2025-08-08,14.0,14.0,1079012.25,77612.59696,1001399.65306,0.0,928.0,0.0,3.0,1270.8600000000001,928.0,0.0719293010436165,0.0,71528.54664714287
2025-08-09,16.0,16.0,1115181.11,128988.76131999999,986192.34864,0.0,904.0,0.0,4.0,1500.87,904.0,0.1156662000130185,0.0,61637.02179
2025-08-10,10.0,10.0,524409.6900000001,28309.43536,496100.25468,0.0,556.0,0.0,6.0,2643.2400000000002,556.0,0.05398343299110281,0.0,49610.025468
2025-08-11,11.0,11.0,527341.1699999999,50006.83393,477334.33606999996,0.0,482.0,0.0,2.0,1032.04,482.0,0.09482823791284874,0.0,43394.03055181818
2025-08-12,17.0,17.0,944209.3999999999,113312.31743,830897.08257,0.0,820.0,0.0,4.0,1322.96,820.0,0.12000761423260561,0.0,48876.29897470588
2025-08-13,14.0,13.0,726565.37,69986.99139,656578.37859,0.0,559.0,5.0,3.0,737.4100000000001,554.0,0.09632580120079215,0.008944543828264758,46898.45561357143
2025-08-14,16.0,16.0,632147.41,70897.86112999999,561249.54887,0.0,559.0,0.0,2.0,0.0,559.0,0.11215400080497046,0.0,35078.096804375
2025-08-15,7.0,7.0,412429.47,54669.185020000004,357519.1871,241.09788,491.0,4.0,6.0,1774.17,487.0,0.1325540219519231,0.008146639511201629,51074.169585714284
2025-08-16,16.0,16.0,821433.73,68887.46321,740908.5317899999,11637.735,583.0,6.0,6.0,1867.03,577.0,0.08386247203411042,0.010291595197255575,46306.783236874995
2025-08-17,21.0,21.0,880563.06,140733.19959,723690.77941,16139.081,834.0,10.0,8.0,2624.3,824.0,0.15982182989824714,0.011990407673860911,34461.46568619047
2025-08-18,8.0,8.0,340522.55,55119.76844,285402.78156,0.0,406.0,3.0,5.0,1863.62,403.0,0.16186818887618457,0.007389162561576354,35675.347695
2025-08-19,6.0,6.0,480144.83999999997,58781.71192,421363.12808,0.0,342.0,0.0,3.0,564.34,342.0,0.12242495810222599,0.0,70227.18801333333
2025-08-20,7.0,7.0,201445.78,31515.95062,169929.82938,0.0,236.0,0.0,5.0,1595.3,236.0,0.1564488003670268,0.0,24275.689911428573
2025-08-21,14.0,12.0,592619.4,65980.56912,526638.83088,0.0,751.0,9.0,5.0,2130.15,742.0,0.11133717377460137,0.011984021304926764,37617.05934857143
2025-08-22,14.0,14.0,472419.64,29733.249190000002,434219.27841,8467.1124,538.0,4.0,10.0,3592.5200000000004,534.0,0.06293821567198181,0.007434944237918215,31015.66274357143
2025-08-23,13.0,13.0,1165030.54,118946.73168,1040688.46382,5395.3445,1006.0,7.0,5.0,1813.86,999.0,0.10209752242203024,0.006958250497017893,80052.9587553846
2025-08-24,14.0,14.0,922626.41,76722.4214,843474.4903200001,2429.49828,766.0,4.0,3.0,1302.6599999999999,762.0,0.08315654155185087,0.005221932114882507,60248.17788000001
2025-08-25,16.0,16.0,1031430.72,75450.06648,948600.63754,7380.01596,835.0,6.0,1.0,98.24,829.0,0.07315088160259565,0.00718562874251497,59287.53984625
2025-08-26,14.0,14.0,1137145.93,106837.60123,1030308.32877,0.0,937.0,0.0,1.0,0.0,937.0,0.09395241051427762,0.0,73593.452055
2025-08-27,12.0,12.0,385357.94999999995,26099.17518,359258.77482,0.0,717.0,5.0,6.0,2125.21,712.0,0.06772709679403267,0.00697350069735007,29938.231235
2025-08-28,10.0,10.0,408880.54,46441.97084,362438.56916,0.0,384.0,0.0,3.0,560.0699999999999,384.0,0.11358322614228597,0.0,36243.856916000004
2025-08-29,16.0,15.0,1136984.81,106282.11340999999,1017760.32204,12942.37455,1050.0,7.0,3.0,1611.49,1043.0,0.0934771621179354,0.006666666666666667,63610.0201275
2025-08-30,12.0,12.0,893825.39,76790.08516,806816.03356,10219.27128,744.0,6.0,8.0,2105.62,738.0,0.0859117295381372,0.008064516129032258,67234.66946333334
2025-08-31,9.0,9.0,341000.74,53501.02506,287499.71494,0.0,355.0,0.0,1.0,300.7,355.0,0.156894161168096,0.0,31944.412771111107
2025-09-01,15.0,15.0,662411.49,65094.79592,595478.36848,1838.3256,741.0,7.0,6.0,1786.28,734.0,0.0982694245234182,0.009446693657219974,39698.557898666666
2025-09-02,12.0,12.0,1037289.47,96919.23038,931584.65593,8785.58373,849.0,9.0,5.0,2169.77,840.0,0.09343508556006068,0.01060070671378092,77632.05466083334
2025-09-03,19.0,19.0,1162477.5,115893.06964999999,1046584.43035,0.0,949.0,0.0,7.0,3153.16,949.0,0.09969489271835368,0.0,55083.39107105263
2025-09-04,10.0,10.0,528709.47,63058.07158,446220.62882,19430.7696,481.0,10.0,7.0,1943.61,471.0,0.11926790639857464,0.02079002079002079,44622.062882
2025-09-05,14.0,14.0,628165.2,63772.75802,564392.44198,0.0,498.0,0.0,2.0,478.31,498.0,0.10152227156168474,0.0,40313.74585571429
2025-09-06,12.0,12.0,604458.08,60083.11619,529988.4846900001,14386.47912,580.0,9.0,4.0,1597.84,571.0,0.09939997193850068,0.015517241379310345,44165.7070575
2025-09-07,13.0,13.0,792275.14,79993.8254,712281.3146,0.0,690.0,8.0,5.0,2093.74,682.0,0.10096722888465237,0.011594202898550725,54790.870353846156
2025-09-08,17.0,17.0,1297298.49,153736.33952,1143562.15049,0.0,1072.0,0.0,9.0,2078.48,1072.0,0.11850498609614508,0.0,67268.3617935294
2025-09-09,15.0,14.0,967848.43,126004.68393,841843.74612,0.0,835.0,0.0,5.0,1971.49,835.0,0.13019051333275397,0.0,56122.916408000005
2025-09-10,10.0,9.0,591521.93,72162.24678,513536.29082,5823.3924,585.0,9.0,6.0,2130.04,576.0,0.12199420362994826,0.015384615384615385,51353.629082
2025-09-11,15.0,15.0,948998.76,81791.31697,867207.44303,0.0,673.0,0.0,4.0,834.4599999999999,673.0,0.08618695873743817,0.0,57813.82953533333
2025-09-12,16.0,16.0,940361.27,50411.20371,868608.4057,21341.66067,789.0,11.0,5.0,1919.79,778.0,0.053608336836331,0.01394169835234474,54288.02535625
2025-09-13,16.0,16.0,1069945.28,118123.74253,951821.53747,0.0,996.0,0.0,6.0,1781.58,996.0,0.11040166701796189,0.0,59488.846091875
2025-09-14,12.0,12.0,601463.32,72621.42855,528841.89145,0.0,685.0,0.0,3.0,510.86,685.0,0.1207412424584761,0.0,44070.157620833335
2025-09-15,13.0,13.0,861876.04,93290.54428,768585.49572,0.0,679.0,0.0,5.0,1840.32,679.0,0.10824125506493949,0.0,59121.96120923077
2025-09-16,17.0,17.0,1120507.93,130691.31373,985903.89872,3912.71751,1030.0,3.0,3.0,513.52,1027.0,0.11663577760667879,0.002912621359223301,57994.346983529416
2025-09-17,12.0,12.0,898613.25,106549.61497,788429.97663,3633.6584,633.0,7.0,2.0,723.54,626.0,0.11857115947266524,0.011058451816745656,65702.4980525
2025-09-18,10.0,9.0,533114.79,56451.165100000006,476663.6249,0.0,312.0,0.0,9.0,2385.0699999999997,312.0,0.10588932469872014,0.0,47666.36249
2025-09-19,12.0,12.0,575448.8300000001,77302.8821,498145.94789999997,0.0,522.0,0.0,4.0,853.52,522.0,0.13433493660939408,0.0,41512.162325
2025-09-20,19.0,18.0,1145782.54,129118.73651,1011790.43174,4873.37175,845.0,5.0,6.0,2317.16,840.0,0.11269043819606467,0.005917159763313609,53252.12798631579
2025-09-21,13.0,13.0,676364.9,96281.08439999999,580083.8156,0.0,609.0,0.0,4.0,1154.01,609.0,0.14235079969407044,0.0,44621.83196923077
2025-09-22,14.0,14.0,628865.09,59439.25221,568175.74879,1250.089,590.0,7.0,5.0,1600.3899999999999,583.0,0.09451828882725864,0.011864406779661017,40583.98205642857
2025-09-23,13.0,13.0,671399.73,64513.14163,606886.58837,0.0,588.0,0.0,12.0,3353.46,588.0,0.09608752989817258,0.0,46683.58372076923
2025-09-24,13.0,13.0,1150650.65,170879.84063,974325.03681,5445.77256,1146.0,6.0,7.0,2558.36,1140.0,0.14850714300643728,0.005235602094240838,74948.07975461538
2025-09-25,8.0,8.0,480000.64,76729.5479,403271.0921,0.0,397.0,0.0,2.0,849.55,397.0,0.1598530116543178,0.0,50408.8865125
2025-09-26,13.0,13.0,1072536.6099999999,144085.38611999998,928451.22389,0.0,858.0,0.0,3.0,1515.18,858.0,0.13434076261508687,0.0,71419.32491461538
2025-09-27,16.0,16.0,1003953.4500000001,115091.05854,841658.28086,47204.1106,802.0,30.0,6.0,1522.64,772.0,0.11463784355738803,0.03740648379052369,52603.64255375
2025-09-28,7.0,7.0,467384.72,80176.13471,387208.58528999996,0.0,258.0,0.0,6.0,2463.92,258.0,0.1715420536426608,0.0,55315.51218428571
2025-09-29,17.0,17.0,867502.47,69597.64507,792050.0434099999,5854.78152,963.0,4.0,3.0,1053.02,959.0,0.08022760450468804,0.004153686396677051,46591.17902411764
2025-09-30,18.0,18.0,1283465.7,113692.04079,1169773.65921,0.0,1178.0,0.0,2.0,891.5799999999999,1178.0,0.08858206400841098,0.0,64987.42551166666
2025-10-01,12.0,11.0,687242.27,60902.36468,618115.71214,8224.19318,556.0,7.0,4.0,939.45,549.0,0.08861847901177557,0.012589928057553957,51509.64267833333
2025-10-02,15.0,15.0,1112622.26,81991.33028,1024737.67074,5893.25898,920.0,3.0,5.0,1810.52,917.0,0.07369197366229217,0.003260869565217391,68315.84471599999
2025-10-03,17.0,17.0,898490.69,92536.45747,805954.23253,0.0,760.0,0.0,4.0,1389.8200000000002,760.0,0.1029910031343786,0.0,47409.072501764706
2025-10-04,14.0,14.0,863304.7100000001,46824.2598,805273.1660399999,11207.284160000001,650.0,12.0,10.0,2656.85,638.0,0.0542383926064761,0.018461538461538463,57519.51185999999
2025-10-05,6.0,6.0,731018.99,107508.24405,623510.74595,0.0,538.0,0.0,5.0,1254.39,538.0,0.14706628079524992,0.0,103918.45765833334
2025-10-06,7.0,7.0,219639.3,20474.497649999998,199164.80235,0.0,156.0,0.0,4.0,1206.6,156.0,0.09321873476194834,0.0,28452.114621428573
2025-10-07,11.0,11.0,493272.65,56182.463579999996,433206.79892,3883.3875,651.0,5.0,6.0,1867.69,646.0,0.11389738226921763,0.007680491551459293,39382.43626545454
2025-10-08,8.0,8.0,820132.41,109336.09642,709556.95742,1239.35616,549.0,1.0,5.0,1324.06,548.0,0.13331517580191715,0.0018214936247723133,88694.6196775
2025-10-09,13.0,12.0,533408.5,52413.00958,480995.49042,0.0,507.0,0.0,1.0,621.01,507.0,0.09826054436702827,0.0,36999.65310923077
2025-10-10,11.0,11.0,353618.15,34952.27827,318665.87173,0.0,465.0,0.0,3.0,708.6,465.0,0.09884186733627785,0.0,28969.624702727273
2025-10-11,11.0,11.0,744086.87,106363.98377,637722.88619,0.0,610.0,0.0,3.0,628.4300000000001,610.0,0.14294565333480486,0.0,57974.80783545454
2025-10-12,8.0,8.0,436528.94,60157.61915,376371.32085,0.0,428.0,0.0,5.0,1688.65,428.0,0.13780900562972984,0.0,47046.41510625
2025-10-13,14.0,14.0,1322257.3800000001,135298.041,1180369.70682,6589.63216,1159.0,4.0,4.0,1399.5700000000002,1155.0,0.10232352872176821,0.003451251078515962,84312.12191571428
2025-10-14,10.0,10.0,629656.24,39461.234489999995,583342.0301099999,6852.97536,591.0,4.0,4.0,1311.25,587.0,0.06267107666557865,0.00676818950930626,58334.20301099999
2025-10-15,17.0,17.0,1246592.32,109581.58813,1135859.91195,1150.81992,1309.0,5.0,4.0,1271.49,1304.0,0.08790491195228926,0.0038197097020626434,66815.2889382353
2025-10-16,15.0,15.0,1199622.78,92043.09336,1103285.80871,4293.87798,874.0,7.0,4.0,1537.78,867.0,0.07672669683715076,0.008009153318077803,73552.38724733333
2025-10-17,7.0,7.0,374573.52,45033.1721,329540.3479,0.0,368.0,0.0,3.0,340.90000000000003,368.0,0.12022518863586514,0.0,47077.19255714286
2025-10-18,10.0,10.0,816354.7,117146.30219999999,699208.3978,0.0,563.0,0.0,7.0,2394.37,563.0,0.1434992683939959,0.0,69920.83978000001
2025-10-19,13.0,13.0,775686.76,58202.06812,717484.69188,0.0,761.0,0.0,3.0,1466.6599999999999,761.0,0.0750329528893854,0.0,55191.13014461539
2025-10-20,16.0,16.0,911827.78,92261.43481,817467.6849900001,2098.6602,755.0,5.0,3.0,835.52,750.0,0.1011829611179427,0.006622516556291391,51091.730311875006
2025-10-21,14.0,14.0,984070.6799999999,109267.70405,864224.06395,10578.912,778.0,6.0,3.0,552.19,772.0,0.11103643901879082,0.007712082262210797,61730.29028214286
2025-10-22,9.0,9.0,374472.79000000004,17715.63417,356757.15583,0.0,455.0,0.0,6.0,1738.73,455.0,0.047308201404967234,0.0,39639.68398111111
2025-10-23,6.0,6.0,264395.32,16763.277420000002,247632.04258,0.0,189.0,0.0,3.0,979.18,189.0,0.06340232277938959,0.0,41272.00709666667
2025-10-24,12.0,12.0,710488.17,92278.94509,618209.22491,0.0,519.0,0.0,6.0,1043.72,519.0,0.1298810437477094,0.0,51517.43540916667
2025-10-25,21.0,21.0,1396684.34,190138.0157,1198339.05283,8207.27144,1333.0,4.0,5.0,1832.96,1329.0,0.13613528143374184,0.003000750187546887,57063.76442047619
2025-10-26,11.0,11.0,782223.4400000001,38203.82003,744019.61999,0.0,839.0,0.0,3.0,1451.61,839.0,0.048840034798752645,0.0,67638.14727181819
2025-10-27,14.0,14.0,1047223.8400000001,136503.77762,910720.06238,0.0,806.0,5.0,5.0,1256.1799999999998,801.0,0.13034823349705255,0.00620347394540943,65051.433027142855
2025-10-28,12.0,12.0,560660.59,94451.37669,466209.21331,0.0,560.0,0.0,3.0,1490.17,560.0,0.16846444778649416,0.0,38850.76777583334
2025-10-29,12.0,12.0,805565.0800000001,95006.98396,710558.09604,0.0,705.0,0.0,2.0,1416.03,705.0,0.11793830978870136,0.0,59213.17467
2025-10-30,16.0,16.0,605728.0700000001,66537.64796,535660.45257,3529.96947,517.0,9.0,6.0,2042.8600000000001,508.0,0.10984739069463959,0.017408123791102514,33478.778285625
2025-10-31,9.0,9.0,638337.97,61418.596560000005,546445.9888599999,30473.38458,518.0,22.0,2.0,291.82,496.0,0.09621642366033781,0.04247104247104247,60716.22098444444
2025-11-01,9.0,9.0,381100.23000000004,34781.780360000004,346318.44963999995,0.0,415.0,0.0,6.0,2346.71,415.0,0.0912667524761137,0.0,38479.82773777777
2025-11-02,11.0,11.0,675755.15,98627.08742,577128.06258,0.0,422.0,0.0,4.0,1074.49,422.0,0.14595092234221224,0.0,52466.18750727273
2025-11-03,10.0,10.0,766947.8400000001,54762.25213000001,702586.7533100001,9598.83456,579.0,14.0,5.0,1611.5900000000001,565.0,0.07140283768189504,0.024179620034542316,70258.675331
2025-11-04,11.0,11.0,606328.86,77269.25974000001,529059.60026,0.0,460.0,0.0,2.0,210.75,460.0,0.127437872147468,0.0,48096.327296363634
2025-11-05,12.0,12.0,702759.41,78256.92744,611896.12424,12606.35832,512.0,18.0,3.0,487.19,494.0,0.11135664115831619,0.03515625,50991.34368666667
2025-11-06,16.0,16.0,654600.49,42726.82875,611873.66125,0.0,757.0,0.0,3.0,890.91,757.0,0.06527161131517027,0.0,38242.103828125
2025-11-07,17.0,17.0,949877.59,90094.01594,847500.69204,12282.88202,855.0,10.0,4.0,454.06,845.0,0.09484802767059701,0.011695906432748537,49852.981884705885
2025-11-08,14.0,14.0,799294.77,65365.11011,733929.65989,0.0,801.0,0.0,9.0,2353.6800000000003,801.0,0.08177847843293157,0.0,52423.547135
2025-11-09,15.0,15.0,827472.11,118888.11022,696753.74758,11830.2522,742.0,10.0,4.0,1499.31,732.0,0.1436762747447766,0.013477088948787063,46450.24983866666
2025-11-10,15.0,15.0,882778.62,98160.65445,784076.22739,541.73816,799.0,8.0,3.0,922.44,791.0,0.11119509719209104,0.010012515644555695,52271.748492666666
2025-11-11,8.0,8.0,422854.66,54884.44743,367970.21257000003,0.0,292.0,0.0,5.0,1126.41,292.0,0.12979506346223074,0.0,45996.276571250004
2025-11-12,16.0,16.0,858052.92,70365.22311,787687.69689,0.0,789.0,0.0,7.0,2775.7,789.0,0.08200569157203032,0.0,49230.481055625
2025-11-13,11.0,11.0,1025310.62,93690.91493,912561.30417,19058.4009,787.0,10.0,2.0,537.6,777.0,0.09137807909372869,0.012706480304955527,82960.11856090909
2025-11-14,7.0,7.0,435214.36,49750.820009999996,385463.53999,0.0,440.0,0.0,4.0,1140.43,440.0,0.114313369646167,0.0,55066.21999857143
2025-11-15,11.0,11.0,657988.69,51012.88937999999,606975.80062,0.0,584.0,0.0,6.0,1439.41,584.0,0.07752852010267836,0.0,55179.618238181814
2025-11-16,13.0,13.0,823690.89,85817.24476999999,735355.26613,2518.3791,715.0,10.0,6.0,1960.42,705.0,0.10418622545406565,0.013986013986013986,56565.789702307695
2025-11-17,16.0,16.0,1138185.59,154334.04212,972412.88988,11438.658,939.0,6.0,5.0,1787.33,933.0,0.1355965525095077,0.006389776357827476,60775.8056175
2025-11-18,18.0,18.0,756157.4,84689.59104,671467.80896,0.0,789.0,0.0,5.0,2062.29,789.0,0.11199995006330692,0.0,37303.76716444445
2025-11-19,16.0,16.0,584897.72,118479.72323,466417.99676999997,0.0,618.0,0.0,4.0,1376.79,618.0,0.20256485737369606,0.0,29151.124798124998
2025-11-20,9.0,9.0,447701.77,64827.922999999995,382873.847,0.0,399.0,0.0,7.0,2071.26,399.0,0.1448015785150905,0.0,42541.538555555555
2025-11-21,7.0,7.0,423487.27,55952.899379999995,367534.37062,0.0,412.0,0.0,4.0,1674.8999999999999,412.0,0.13212415896232252,0.0,52504.91008857143
2025-11-22,9.0,9.0,408081.91000000003,39262.17113,367098.73712,1721.00175,427.0,3.0,4.0,1871.83,424.0,0.09621149619202674,0.00702576112412178,40788.74856888889
2025-11-23,9.0,9.0,388848.87,28836.90884,360011.96116,0.0,443.0,0.0,2.0,494.77,443.0,0.07415968275798256,0.0,40001.32901777778
2025-11-24,12.0,12.0,871351.87,82051.06030000001,789300.8097,0.0,778.0,0.0,3.0,793.5999999999999,778.0,0.09416524268204074,0.0,65775.067475
2025-11-25,15.0,15.0,942558.52,107093.72437,835464.79563,0.0,785.0,0.0,5.0,1567.77,785.0,0.1136202390595334,0.0,55697.653042
2025-11-26,17.0,17.0,1268379.03,123716.60377999999,1144662.42626,0.0,1046.0,0.0,6.0,1940.54,1046.0,0.09753914315344679,0.0,67333.08389764707
2025-11-27,12.0,12.0,429867.05,49684.49566,380182.55434000003,0.0,346.0,0.0,7.0,2356.75,346.0,0.11558107479975495,0.0,31681.879528333335
2025-11-28,13.0,13.0,1279187.51,135585.77736,1119274.29812,24327.434520000003,953.0,11.0,5.0,2056.86,942.0,0.10599366887189197,0.011542497376705142,86098.0229323077
2025-11-29,10.0,10.0,898822.34,107138.01268,766602.0382000001,25082.28912,634.0,18.0,4.0,988.32,616.0,0.11919820849134657,0.028391167192429023,76660.20382000001
2025-11-30,13.0,13.0,856354.03,107223.68667,749130.3433300001,0.0,640.0,0.0,3.0,304.11,640.0,0.1252095312379157,0.0,57625.41102538462
2025-12-01,14.0,14.0,873740.4,82498.69766,791241.70234,0.0,898.0,0.0,7.0,2208.72,898.0,0.09442014774640156,0.0,56517.26445285714
2025-12-02,13.0,13.0,911599.14,91294.47516,813234.64104,7070.0238,817.0,6.0,4.0,1052.85,811.0,0.10014761001200594,0.0073439412484700125,62556.51084923077
2025-12-03,9.0,9.0,426615.35,32602.369049999998,376428.01775,17584.9632,385.0,10.0,2.0,517.09,375.0,0.0764209938765682,0.025974025974025976,41825.335305555556
2025-12-04,14.0,14.0,1177850.23,90387.85321,1087462.37679,0.0,970.0,0.0,5.0,1567.85,970.0,0.07673968294763588,0.0,77675.88405642856
2025-12-05,15.0,15.0,925502.96,98504.38463,826998.57537,0.0,858.0,0.0,1.0,366.25,858.0,0.10643335449732111,0.0,55133.238357999995
2025-12-06,13.0,13.0,865012.48,75501.22155999999,789110.09064,401.1678,820.0,1.0,6.0,1163.21,819.0,0.0872833898997619,0.0012195121951219512,60700.77620307692
2025-12-07,15.0,15.0,972816.49,142170.28648,830646.20352,0.0,822.0,0.0,1.0,0.0,822.0,0.14614296523694825,0.0,55376.413567999996
2025-12-08,10.0,10.0,436361.26,65661.05592,370700.20408,0.0,487.0,0.0,6.0,905.46,487.0,0.1504740726067204,0.0,37070.020408
2025-12-09,8.0,8.0,456251.57,57730.47097,385820.40595000004,12700.69308,455.0,9.0,5.0,1291.5,446.0,0.1265321037032267,0.01978021978021978,48227.550743750005
2025-12-10,10.0,10.0,496028.08,46915.44193,449112.63807,0.0,616.0,0.0,3.0,267.15,616.0,0.09458222996165862,0.0,44911.263806999996
2025-12-11,12.0,12.0,652925.06,62620.16713,590304.89288,0.0,517.0,0.0,6.0,2599.4700000000003,517.0,0.09590712773377084,0.0,49192.074406666674
2025-12-12,13.0,13.0,802345.13,67809.90233,734535.22767,0.0,794.0,0.0,3.0,945.9300000000001,794.0,0.08451463066772774,0.0,56502.70982076923
2025-12-13,10.0,10.0,859393.6299999999,74507.6752,784885.9548,0.0,592.0,0.0,6.0,1668.69,592.0,0.08669796074704442,0.0,78488.59547999999
2025-12-14,17.0,17.0,1054295.67,121125.04449,933170.62551,0.0,695.0,0.0,4.0,1308.78,695.0,0.1148871686914924,0.0,54892.38973588235
2025-12-15,11.0,11.0,908717.75,138012.09025,770705.65975,0.0,645.0,0.0,4.0,1183.62,645.0,0.1518756404285049,0.0,70064.15088636364
2025-12-16,17.0,17.0,1141409.97,86111.53186,1046728.17014,8570.268,996.0,10.0,5.0,1531.4,986.0,0.07544312221138212,0.010040160642570281,61572.24530235294
2025-12-17,12.0,12.0,455690.06,35320.13272,420369.92728,0.0,618.0,6.0,5.0,2555.41,612.0,0.07750911380423792,0.009708737864077669,35030.827273333336
2025-12-18,8.0,8.0,395953.12,40587.82646,355365.29354,0.0,335.0,0.0,4.0,696.51,335.0,0.1025066463928861,0.0,44420.6616925
2025-12-19,12.0,12.0,987981.29,68414.16331,919567.12673,0.0,659.0,0.0,8.0,3017.91,659.0,0.06924641590125659,0.0,76630.59389416667
2025-12-20,9.0,9.0,721595.07,96566.19343,625028.87657,0.0,657.0,0.0,4.0,1499.71,657.0,0.13382324442709956,0.0,69447.65295222221
2025-12-21,12.0,12.0,644601.2,82687.57953999999,561913.62051,0.0,540.0,0.0,2.0,380.19,540.0,0.12827711077795076,0.0,46826.135042500006
2025-12-22,10.0,10.0,563378.76,66764.7804,496613.97959999996,0.0,474.0,0.0,3.0,560.75,474.0,0.11850780529958212,0.0,49661.397959999995
2025-12-23,8.0,8.0,450713.31,57376.81673,380659.47847,12677.0148,398.0,6.0,6.0,741.11,392.0,0.1273022461440067,0.01507537688442211,47582.43480875
2025-12-24,12.0,12.0,1049837.45,132847.79683,916975.83648,13.81674,885.0,1.0,6.0,2153.45,884.0,0.12654130106522682,0.0011299435028248588,76414.65304
2025-12-25,8.0,8.0,696864.18,60163.76677,636700.4132300001,0.0,720.0,0.0,4.0,1444.8400000000001,720.0,0.08633499682821981,0.0,79587.55165375001
2025-12-26,16.0,16.0,967934.84,78240.74885,889694.09115,0.0,775.0,0.0,2.0,626.52,775.0,0.08083266106011848,0.0,55605.880696875
2025-12-27,13.0,13.0,1012103.58,133299.43616,875402.61634,3401.5275,641.0,10.0,5.0,1157.96,631.0,0.13170533015998226,0.015600624024960999,67338.66279538462
2025-12-28,14.0,14.0,882497.99,76696.52067,790301.22693,15500.2424,755.0,8.0,1.0,252.59,747.0,0.08690843666397473,0.010596026490066225,56450.08763785714
2025-12-29,15.0,15.0,796232.36,96238.74799,680801.89393,19191.71808,735.0,15.0,3.0,1090.53,720.0,0.1208676673100802,0.02040816326530612,45386.79292866667
2025-12-30,11.0,11.0,479420.32,49255.24017,429077.25826,1087.82157,462.0,1.0,5.0,1286.87,461.0,0.1027391583443939,0.0021645021645021645,39007.023478181814
2025-12-31,14.0,14.0,680643.53,62396.74021,618246.78979,0.0,711.0,0.0,7.0,2184.17,711.0,0.0916731555649989,0.0,44160.484984999996
2026-01-01,8.0,8.0,366950.80000000005,38044.49262,328906.30738,0.0,443.0,0.0,6.0,1730.01,443.0,0.10367736661154572,0.0,41113.2884225
2026-01-02,17.0,17.0,1455828.73,110138.83697,1339501.54178,6188.35125,1041.0,9.0,5.0,2084.27,1032.0,0.07565370479396982,0.008645533141210375,78794.20834000001
2026-01-03,7.0,7.0,512862.35000000003,29509.84872,483352.50128,0.0,372.0,4.0,5.0,2311.31,368.0,0.05753951078686123,0.010752688172043012,69050.35732571429
2026-01-04,15.0,15.0,659203.27,79924.78871,579278.48129,0.0,587.0,0.0,3.0,1213.63,587.0,0.12124452706370827,0.0,38618.56541933333
2026-01-05,7.0,7.0,467124.23,39442.442769999994,427646.48603000003,35.3012,393.0,8.0,7.0,2129.81,385.0,0.08443673061018478,0.020356234096692113,61092.35514714286
2026-01-06,17.0,17.0,1034494.61,53751.4022,980743.2078,0.0,954.0,0.0,6.0,857.63,954.0,0.051959093532638126,0.0,57690.77692941176
2026-01-07,11.0,11.0,408445.66000000003,38012.28126,370433.37873999996,0.0,491.0,0.0,1.0,189.26,491.0,0.09306570000033787,0.0,33675.76170363636
2026-01-08,12.0,11.0,894310.0399999999,63509.69056,830800.34946,0.0,777.0,0.0,8.0,2551.98,777.0,0.0710152941590592,0.0,69233.36245500001
2026-01-09,10.0,10.0,843965.73,65362.067800000004,778603.6622,0.0,687.0,0.0,6.0,2258.72,687.0,0.07744635294610838,0.0,77860.36622
2026-01-10,16.0,16.0,611747.87,53136.64189,552887.05191,5724.1762,640.0,5.0,7.0,2891.8199999999997,635.0,0.08686036273407867,0.0078125,34555.440744375
2026-01-11,10.0,10.0,432614.89,43211.03016,374733.11856,14670.741279999998,396.0,13.0,5.0,1934.58,383.0,0.09988336314545253,0.03282828282828283,37473.311856
2026-01-12,13.0,13.0,647937.6,68741.99508,579195.6049200001,0.0,536.0,0.0,4.0,1413.67,536.0,0.1060935421559113,0.0,44553.50807076924
2026-01-13,10.0,10.0,355039.31999999995,19709.06961,331615.97287,3714.27752,295.0,4.0,8.0,3055.54,291.0,0.05551235736368581,0.013559322033898305,33161.597287
2026-01-14,10.0,10.0,918973.7,80392.5785,838581.1215,0.0,637.0,0.0,3.0,1158.46,637.0,0.08748082616510136,0.0,83858.11215
2026-01-15,11.0,11.0,626551.1,46512.162710000004,580038.93729,0.0,662.0,0.0,0.0,0.0,662.0,0.07423522632072628,0.0,52730.812480909095
2026-01-16,11.0,11.0,817875.85,72859.63788000001,745016.21212,0.0,751.0,0.0,2.0,597.63,751.0,0.08908398246506485,0.0,67728.74655636364
2026-01-17,8.0,8.0,488327.98,53939.50379,434388.47621,0.0,420.0,0.0,2.0,757.5,420.0,0.11045753264025544,0.0,54298.55952625
2026-01-18,9.0,9.0,394302.12,36674.63952,357627.48048,0.0,368.0,0.0,4.0,2118.6,368.0,0.09301151999892873,0.0,39736.38672
2026-01-19,13.0,12.0,494430.26,52019.5247,442410.7353,0.0,559.0,0.0,3.0,403.12,559.0,0.10521104573979756,0.0,34031.59502307692
2026-01-20,8.0,8.0,367015.73,23365.63014,343650.09988,0.0,277.0,0.0,0.0,0.0,277.0,0.06366383844093004,0.0,42956.262485
2026-01-21,10.0,10.0,619107.7,59695.4064,549250.98545,10161.30815,571.0,7.0,0.0,0.0,564.0,0.09642168301250333,0.012259194395796848,54925.098545
2026-01-22,8.0,8.0,392172.42000000004,13910.9626,378261.45739999996,0.0,365.0,0.0,3.0,852.24,365.0,0.035471547438241574,0.0,47282.682174999994
2026-01-23,12.0,12.0,818977.9199999999,91326.22562,727651.69438,0.0,700.0,0.0,3.0,1190.67,700.0,0.1115124393341398,0.0,60637.64119833333
2026-01-24,16.0,16.0,897139.9299999999,53778.47167,841133.36739,2228.09094,733.0,12.0,5.0,2006.4,721.0,0.0599443519028297,0.01637107776261937,52570.835461875
2026-01-25,17.0,17.0,1269222.82,156014.90627,1105696.09883,7511.8149,989.0,5.0,3.0,1410.1200000000001,984.0,0.12292160510476798,0.005055611729019211,65040.946990000004
2026-01-26,10.0,10.0,632672.78,48096.89547,583225.6917300001,1350.1928,382.0,8.0,4.0,948.15,374.0,0.07602175562223493,0.020942408376963352,58322.56917300001
2026-01-27,14.0,14.0,676666.71,75126.81666,601539.89334,0.0,807.0,0.0,3.0,805.7,807.0,0.1110248450969311,0.0,42967.13523857143
2026-01-28,12.0,12.0,639186.71,54110.18657,585076.52343,0.0,540.0,0.0,5.0,1356.1100000000001,540.0,0.0846547428528356,0.0,48756.376952499995
2026-01-29,14.0,14.0,845923.89,66503.13612,779420.75388,0.0,767.0,0.0,4.0,1616.92,767.0,0.0786159805937151,0.0,55672.91099142857
2026-01-30,15.0,15.0,1135342.93,112377.26045,1022965.66955,0.0,896.0,0.0,5.0,1302.8700000000001,896.0,0.09898089597475188,0.0,68197.71130333333
2026-01-31,11.0,11.0,332895.58,22495.54586,310400.03414,0.0,509.0,0.0,4.0,1340.8,509.0,0.06757538162567372,0.0,28218.18492181818
2026-02-01,15.0,15.0,960678.9500000001,92531.23075,868147.7192500001,0.0,790.0,0.0,2.0,943.65,790.0,0.09631857838667121,0.0,57876.514616666675
2026-02-02,12.0,12.0,871440.98,80397.82171999999,791043.1582800001,0.0,691.0,0.0,3.0,1153.55,691.0,0.09225848171611116,0.0,65920.26319000001
2026-02-03,16.0,16.0,1032959.84,119420.57185000001,913539.26815,0.0,804.0,0.0,11.0,2951.96,804.0,0.11561008204346067,0.0,57096.204259375
2026-02-04,8.0,8.0,506050.81999999995,62690.30148000001,443360.51852,0.0,382.0,0.0,6.0,1326.32,382.0,0.12388143443775076,0.0,55420.064815
2026-02-05,8.0,7.0,144928.05000000002,10597.59964,134330.45036000002,0.0,191.0,0.0,9.0,4717.0599999999995,191.0,0.07312317829433294,0.0,16791.306295000002
2026-02-06,16.0,16.0,1220467.1,135415.67218,1085051.42782,0.0,868.0,0.0,5.0,1652.79,868.0,0.11095397178670362,0.0,67815.71423875
2026-02-07,12.0,12.0,710027.52,77322.06960999999,632705.45039,0.0,664.0,0.0,2.0,831.0799999999999,664.0,0.10890010236504634,0.0,52725.45419916667
2026-02-08,14.0,14.0,726887.29,84965.47539,613010.80757,28911.00704,630.0,15.0,7.0,2864.9700000000003,615.0,0.1168894773080982,0.023809523809523808,43786.486254999996
2026-02-09,10.0,10.0,480028.1,32553.09655,447475.00345,0.0,402.0,0.0,7.0,2444.4,402.0,0.06781498114381221,0.0,44747.500345
2026-02-10,11.0,11.0,560492.25,47219.33224,509044.03976,4228.878,930.0,4.0,7.0,2297.22,926.0,0.08424618224426833,0.004301075268817204,46276.73088727273
2026-02-11,18.0,18.0,1376315.45,193702.52081000002,1182612.92923,0.0,1114.0,0.0,8.0,1975.65,1114.0,0.1407399159909162,0.0,65700.71829055555
2026-02-12,8.0,7.0,400869.47000000003,20658.01485,378338.9876,1872.46755,355.0,5.0,4.0,783.94,350.0,0.051533021085392205,0.014084507042253521,47292.37345
2026-02-13,18.0,18.0,1241927.83,115417.74571,1123275.78289,3234.3014,1137.0,10.0,5.0,1528.95,1127.0,0.0929343420140605,0.008795074758135445,62404.21016055555
2026-02-14,16.0,16.0,813227.6,93059.35855,706060.72985,14107.5116,803.0,7.0,6.0,1357.34,796.0,0.11443212029449075,0.008717310087173101,44128.795615625
2026-02-15,15.0,15.0,1087438.05,138772.18297999998,948665.86702,0.0,973.0,0.0,7.0,2670.02,973.0,0.1276138746294559,0.0,63244.391134666665
2026-02-16,12.0,12.0,993636.95,95083.02853,898553.92151,0.0,796.0,10.0,4.0,1710.06,786.0,0.09569192100796976,0.01256281407035176,74879.49345916667
2026-02-17,16.0,16.0,873054.61,89187.68914999999,762651.73867,21215.18218,742.0,19.0,4.0,1494.09,723.0,0.10215591112908733,0.025606469002695417,47665.733666875
2026-02-18,13.0,13.0,555083.73,72149.26359,474886.43781000003,8048.028600000001,442.0,9.0,7.0,2008.8799999999999,433.0,0.12997906386123045,0.020361990950226245,36529.72598538462
2026-02-19,9.0,9.0,274383.6,27618.165080000002,242762.51092,4002.924,342.0,2.0,6.0,2553.36,340.0,0.10065530549201922,0.005847953216374269,26973.612324444446
2026-02-20,22.0,22.0,1124312.78,92399.11247000001,1031913.66753,0.0,905.0,0.0,5.0,1268.35,905.0,0.0821827467530877,0.0,46905.16670590909
2026-02-21,23.0,23.0,1623550.08,109688.30682,1513861.77318,0.0,1472.0,0.0,6.0,2519.19,1472.0,0.06756077818061516,0.0,65820.07709478261
2026-02-22,9.0,9.0,409964.04,21422.531039999998,379542.62478,8998.88418,354.0,9.0,10.0,3402.27,345.0,0.05225465882324703,0.025423728813559324,42171.402753333336
2026-02-23,11.0,11.0,677333.0700000001,65987.22423,610815.1630899999,530.68268,453.0,1.0,6.0,2045.51,452.0,0.09742212089245841,0.002207505518763797,55528.65119
2026-02-24,16.0,16.0,1046824.7,134313.70919999998,912510.9908,0.0,1055.0,0.0,4.0,855.16,1055.0,0.1283058273271542,0.0,57031.936925
2026-02-25,8.0,8.0,494418.32999999996,48435.97902,445982.35098,0.0,462.0,0.0,10.0,3381.09,462.0,0.09796558113045688,0.0,55747.7938725
2026-02-26,13.0,13.0,705510.15,67630.17793,637879.97207,0.0,702.0,0.0,9.0,1886.94,702.0,0.09585996449519543,0.0,49067.69015923077
2026-02-27,16.0,16.0,879866.89,83791.10224000001,796075.78776,0.0,813.0,0.0,9.0,2998.33,813.0,0.0952315664929726,0.0,49754.736735
2026-02-28,17.0,16.0,1091840.03,125062.18819,958804.68541,7973.1564,987.0,6.0,2.0,626.97,981.0,0.11454259301154217,0.0060790273556231,56400.27561235294
2026-03-01,6.0,6.0,194191.18,17990.02352,176201.15648,0.0,227.0,0.0,1.0,161.71,227.0,0.0926407858482553,0.0,29366.859413333335
2026-03-02,10.0,10.0,605382.15,36556.48743,568825.6625699999,0.0,547.0,0.0,6.0,1105.31,547.0,0.06038580329796642,0.0,56882.56625699999
2026-03-03,13.0,13.0,642262.45,111175.85523,531086.59477,0.0,523.0,0.0,3.0,665.9,523.0,0.17310035053427147,0.0,40852.81498230769
2026-03-04,17.0,17.0,869596.22,49100.67837,816946.87231,3548.66932,851.0,4.0,4.0,1223.74,847.0,0.05646376702281434,0.004700352526439483,48055.69837117647
2026-03-05,15.0,14.0,593948.96,74730.88201999999,519218.07798,0.0,536.0,0.0,4.0,1089.49,536.0,0.1258203769226231,0.0,34614.538532
2026-03-06,9.0,9.0,559014.46,45705.36062,501905.4278,11403.67158,357.0,6.0,1.0,508.75,351.0,0.08176060529811698,0.01680672268907563,55767.26975555556
2026-03-07,19.0,19.0,957948.64,112260.24908000001,831250.94988,14437.44104,908.0,8.0,2.0,646.19,900.0,0.11718817104850215,0.00881057268722467,43750.04999368421
2026-03-08,10.0,10.0,792155.05,98974.64155,693180.40845,0.0,783.0,0.0,6.0,2508.98,783.0,0.12494352153659816,0.0,69318.040845
2026-03-09,15.0,15.0,1017528.11,119929.16798999999,895970.0181,1628.92391,748.0,1.0,5.0,2531.2200000000003,747.0,0.11786324801385584,0.001336898395721925,59731.334539999996
2026-03-10,12.0,12.0,659343.66,67930.07645,591413.58355,0.0,682.0,0.0,3.0,901.4100000000001,682.0,0.10302681374080398,0.0,49284.46529583333
2026-03-11,15.0,15.0,538967.96,74462.87202,464005.45811,499.62987,553.0,1.0,5.0,2256.95,552.0,0.1381582534516523,0.0018083182640144665,30933.697207333335
2026-03-12,8.0,6.0,479124.58,63869.33479,415255.24521,0.0,466.0,0.0,10.0,3143.27,466.0,0.13330423329564933,0.0,51906.90565125
2026-03-13,12.0,12.0,540751.17,64604.81698,461813.3518,14333.001220000002,417.0,13.0,3.0,978.46,404.0,0.11947235727663798,0.03117505995203837,38484.44598333333
2026-03-14,21.0,21.0,1204472.07,124003.59557,1073498.86451,6969.60992,860.0,4.0,7.0,3560.56,856.0,0.10295265341437099,0.004651162790697674,51118.99354809524
2026-03-15,8.0,8.0,723576.8,84994.60577,638582.19425,0.0,615.0,0.0,3.0,1702.04,615.0,0.11746452590796165,0.0,79822.77428125
2026-03-16,11.0,11.0,868573.92,104819.1603,763754.75968,0.0,705.0,0.0,6.0,1474.13,705.0,0.12067960813283457,0.0,69432.25088
2026-03-17,8.0,8.0,338401.18,38027.86307,300373.31693,0.0,210.0,0.0,2.0,767.97,210.0,0.11237509003366951,0.0,37546.66461625
2026-03-18,12.0,12.0,391386.16,51977.58236,339408.57764,0.0,425.0,0.0,2.0,601.95,425.0,0.13280383332921125,0.0,28284.048136666665
2026-03-19,18.0,18.0,1029210.43,100132.15514999999,928863.3084699999,214.9664,1064.0,10.0,5.0,1338.27,1054.0,0.09729026468377316,0.009398496240601503,51603.51713722222
2026-03-20,13.0,13.0,902054.19,85615.03276,798033.96212,18405.19512,784.0,9.0,7.0,1973.78,775.0,0.09491118572377565,0.011479591836734694,61387.22785538462
2026-03-21,10.0,10.0,723483.09,72111.99992999999,651371.09007,0.0,605.0,0.0,4.0,1074.59,605.0,0.09967337305699846,0.0,65137.10900700001
2026-03-22,15.0,15.0,1036344.87,120738.72346,915606.14654,0.0,954.0,0.0,7.0,2544.02,954.0,0.11650438667197725,0.0,61040.40976933333
2026-03-23,13.0,13.0,311998.24,35207.997540000004,276790.24246,0.0,330.0,0.0,3.0,543.58,330.0,0.11284678253313225,0.0,21291.55711230769
2026-03-24,15.0,14.0,547675.4,38997.82321,508677.57679,0.0,547.0,0.0,3.0,890.0999999999999,547.0,0.07120608888038425,0.0,33911.83845266667
2026-03-25,18.0,18.0,874841.07,70025.09872,803187.6019,1628.36938,724.0,8.0,6.0,2635.16,716.0,0.0800432228450363,0.011049723756906077,44621.53343888889
2026-03-26,16.0,16.0,1244091.03,103501.07695,1140589.9530500001,0.0,1045.0,0.0,6.0,3274.43,1045.0,0.08319413487773479,0.0,71286.87206562501
2026-03-27,10.0,10.0,814726.95,92926.19504,721800.75496,0.0,644.0,0.0,6.0,2102.36,644.0,0.11405808417163568,0.0,72180.075496
2026-03-28,11.0,11.0,509042.77999999997,61155.22184,447887.55815999996,0.0,443.0,0.0,5.0,1516.22,443.0,0.12013768634534017,0.0,40717.05074181818
2026-03-29,8.0,8.0,673597.86,80370.63308,593227.22692,0.0,580.0,0.0,6.0,2335.13,580.0,0.11931545192260558,0.0,74153.403365
2026-03-30,7.0,7.0,732322.04,112226.04848,620095.9915199999,0.0,535.0,0.0,4.0,927.1700000000001,535.0,0.15324685363832555,0.0,88585.14164571428
2026-03-31,13.0,13.0,660770.4299999999,85098.37786000001,575672.05214,0.0,474.0,0.0,6.0,1103.09,474.0,0.12878660121034777,0.0,44282.46554923077
2026-04-01,11.0,11.0,431070.26,51783.01418,379287.24582,0.0,523.0,0.0,2.0,279.89,523.0,0.12012662200356851,0.0,34480.65871090909
2026-04-02,10.0,10.0,679240.31,72330.15634,604748.06122,2162.0924400000004,597.0,13.0,3.0,815.89,584.0,0.10648684313214567,0.021775544388609715,60474.806122
2026-04-03,16.0,16.0,583174.59,96161.78194,483934.20326000004,3078.6048,662.0,10.0,10.0,3689.36,652.0,0.16489364178230057,0.015105740181268883,30245.887703750002
2026-04-04,10.0,9.0,359567.32999999996,68396.88886,291170.44114,0.0,323.0,0.0,5.0,1591.66,323.0,0.19021997593607856,0.0,29117.044114
2026-04-05,9.0,9.0,541340.66,81083.08171,458334.03968,1923.53861,495.0,1.0,2.0,786.35,494.0,0.14978199071542123,0.00202020202020202,50926.00440888889
2026-04-06,15.0,14.0,665845.73,45544.13979,592111.62463,28189.96558,725.0,22.0,4.0,948.42,703.0,0.06840043832675777,0.030344827586206897,39474.10830866666
2026-04-07,14.0,14.0,403951.13,44237.082,359714.048,0.0,441.0,0.0,7.0,2081.92,441.0,0.10951097475578296,0.0,25693.860571428573
2026-04-08,16.0,16.0,981923.97,97643.19552000001,884280.7744799999,0.0,945.0,0.0,7.0,1568.75,945.0,0.09944068838649495,0.0,55267.548404999994
2026-04-09,13.0,13.0,1062391.96,117447.87342,928271.85652,16672.23,880.0,9.0,4.0,1637.67,871.0,0.11055041627009302,0.010227272727272727,71405.52742461539
2026-04-10,10.0,10.0,249244.28999999998,20584.63335,228659.65665000002,0.0,378.0,0.0,5.0,1657.06,378.0,0.08258818426692945,0.0,22865.965665000003
2026-04-11,10.0,10.0,648096.21,74557.51925,573538.69075,0.0,559.0,0.0,4.0,1947.71,559.0,0.11504081971101174,0.0,57353.869074999995
2026-04-12,14.0,14.0,1100685.19,81505.12963,1019180.0603700001,0.0,866.0,0.0,4.0,1321.53,866.0,0.07404944699037878,0.0,72798.5757407143
2026-04-13,6.0,6.0,215780.33999999997,11129.98072,204650.35928,0.0,201.0,7.0,4.0,1082.94,194.0,0.051580142658038265,0.03482587064676617,34108.39321333334
2026-04-14,8.0,8.0,720831.74,72279.59052,642440.14533,6112.00415,658.0,7.0,5.0,1618.1399999999999,651.0,0.10027248594796893,0.010638297872340425,80305.01816625
2026-04-15,9.0,9.0,902516.05,97212.26937000001,805303.78063,0.0,728.0,0.0,3.0,1208.8200000000002,728.0,0.10771251034261385,0.0,89478.19784777779
2026-04-16,12.0,12.0,916596.97,100083.28785000001,816513.68215,0.0,601.0,0.0,5.0,1505.42,601.0,0.10919007058249386,0.0,68042.80684583333
2026-04-17,11.0,11.0,635557.42,59593.216649999995,575964.20335,0.0,481.0,0.0,5.0,983.63,481.0,0.09376527560641175,0.0,52360.38212272727
2026-04-18,18.0,18.0,1131664.65,91034.50274000001,1027580.2527000001,13049.89456,1025.0,8.0,4.0,1326.77,1017.0,0.08044300291610242,0.007804878048780488,57087.79181666667
2026-04-19,11.0,11.0,617301.81,45802.35611,558846.38157,12653.07232,562.0,8.0,4.0,952.46,554.0,0.07419767019636633,0.014234875444839857,50804.216506363635
2026-04-20,10.0,10.0,571204.64,92510.3297,478694.3103,0.0,437.0,0.0,5.0,1796.91,437.0,0.16195654450566088,0.0,47869.43103
2026-04-21,8.0,8.0,546863.33,74532.17006,469526.90394,2804.256,609.0,2.0,7.0,734.87,607.0,0.13629030503837222,0.003284072249589491,58690.8629925
2026-04-22,11.0,11.0,596142.84,82965.19477,498630.39382999996,14547.2514,538.0,10.0,4.0,1267.19,528.0,0.13916999283259027,0.01858736059479554,45330.03580272727
2026-04-23,6.0,6.0,239212.19999999998,21796.99862,217415.20137999998,0.0,165.0,0.0,1.0,312.11,165.0,0.09111992874945342,0.0,36235.86689666667
2026-04-24,14.0,14.0,581957.83,46428.50626,535529.32374,0.0,677.0,0.0,3.0,770.67,677.0,0.0797798463507227,0.0,38252.09455285715
2026-04-25,9.0,9.0,612918.77,62533.73241,550385.03759,0.0,517.0,0.0,3.0,635.6,517.0,0.10202613375668035,0.0,61153.89306555555
2026-04-26,8.0,8.0,584194.31,101005.54887,483188.76113,0.0,497.0,0.0,8.0,2612.6600000000003,497.0,0.17289718016938574,0.0,60398.59514125
2026-04-27,12.0,12.0,602363.52,50438.10442,551925.41558,0.0,553.0,0.0,5.0,1537.84,553.0,0.08373366371854657,0.0,45993.78463166667
2026-04-28,12.0,12.0,926689.9199999999,127617.84133,794497.31295,4574.76572,637.0,2.0,2.0,911.45,635.0,0.1377136392397578,0.0031397174254317113,66208.10941250001
2026-04-29,15.0,15.0,547296.79,76065.10853,465716.81751,5514.86396,669.0,12.0,4.0,1594.37,657.0,0.13898329009019036,0.017937219730941704,31047.787834000002
2026-04-30,12.0,12.0,550554.88,42706.86641,504784.63139,3063.3822,448.0,6.0,3.0,1244.31,442.0,0.07757058916633343,0.013392857142857142,42065.385949166666
2026-05-01,12.0,12.0,644205.17,48994.51093999999,595210.65906,0.0,544.0,0.0,5.0,677.14,544.0,0.07605420325949881,0.0,49600.888255
2026-05-02,14.0,14.0,1170942.26,101614.96681,1069327.2931899999,0.0,920.0,0.0,4.0,1320.28,920.0,0.08678051026188088,0.0,76380.52094214284
2026-05-03,11.0,10.0,706587.48,64753.47877,640673.31911,1160.68212,555.0,6.0,4.0,1308.79,549.0,0.09164255043126437,0.010810810810810811,58243.029010000006
2026-05-04,8.0,8.0,505965.58,69901.53683,436064.04317,0.0,445.0,0.0,3.0,1071.04,445.0,0.1381547275014241,0.0,54508.00539625
2026-05-05,11.0,11.0,412290.62,34753.912019999996,377536.70797999995,0.0,392.0,0.0,5.0,1896.88,392.0,0.08429469489264635,0.0,34321.51890727272
2026-05-06,11.0,11.0,722346.43,53581.98293,656960.54113,11803.90596,540.0,6.0,5.0,946.6199999999999,534.0,0.07417768082552854,0.011111111111111112,59723.68555727273
2026-05-07,7.0,7.0,372642.47000000003,44537.39228,328105.07772,0.0,384.0,0.0,3.0,670.73,384.0,0.1195177572754925,0.0,46872.15396
2026-05-08,11.0,11.0,623767.37,57922.494380000004,565844.87558,0.0,600.0,0.0,4.0,1096.5,600.0,0.09285912852414836,0.0,51440.443234545455
2026-05-09,11.0,11.0,646853.06,73373.06298,573479.99702,0.0,558.0,0.0,3.0,1090.84,558.0,0.11343080448595233,0.0,52134.545183636365
2026-05-10,15.0,15.0,1007477.99,129678.73590999999,870175.74259,7623.5115,736.0,5.0,4.0,938.27,731.0,0.12871619747246288,0.006793478260869565,58011.71617266667
2026-05-11,14.0,14.0,848813.13,97055.99444,751757.13556,0.0,726.0,0.0,2.0,647.37,726.0,0.11434318227381803,0.0,53696.93825428571
2026-05-12,12.0,12.0,356507.39,44580.30569,311927.08431,0.0,508.0,0.0,8.0,2157.9900000000002,508.0,0.1250473536887973,0.0,25993.9236925
2026-05-13,15.0,15.0,681011.68,66909.38185,614102.29815,0.0,562.0,0.0,4.0,2123.41,562.0,0.0982499769313795,0.0,40940.153210000004
2026-05-14,15.0,14.0,1027350.0800000001,69790.06524,957560.01476,0.0,825.0,0.0,6.0,2368.1,825.0,0.0679321164213079,0.0,63837.334317333334
2026-05-15,10.0,10.0,439585.07,13626.73128,425958.33869999996,0.0,386.0,0.0,9.0,2764.43,386.0,0.030999076651989112,0.0,42595.833869999995
2026-05-16,3.0,3.0,200077.39,5253.547270000001,189558.04862999998,5265.7941,108.0,6.0,6.0,2532.56,102.0,0.026257575980974165,0.05555555555555555,63186.016209999994
2026-05-17,11.0,11.0,605912.58,68739.98208,536079.41712,1093.1808,590.0,3.0,5.0,1360.31,587.0,0.11344867947782171,0.005084745762711864,48734.49246545455
2026-05-18,16.0,16.0,1204403.5,137736.62887,1061514.74049,5152.13064,863.0,4.0,5.0,1591.76,859.0,0.11436086732560972,0.004634994206257242,66344.671280625
2026-05-19,15.0,15.0,880147.9,100742.49403999999,779405.40596,0.0,706.0,0.0,2.0,619.86,706.0,0.11446086963338774,0.0,51960.36039733333
2026-05-20,8.0,8.0,628387.03,47301.813299999994,581085.2167,0.0,618.0,0.0,5.0,902.14,618.0,0.07527496756258638,0.0,72635.6520875
2026-05-21,16.0,14.0,590375.15,67896.65149,520361.99512,2116.50339,580.0,3.0,8.0,3394.4,577.0,0.11500594408487552,0.005172413793103448,32522.624695
2026-05-22,6.0,6.0,260464.96999999997,36629.4972,223835.4728,0.0,206.0,0.0,6.0,1463.68,206.0,0.14063118430090618,0.0,37305.91213333333
2026-05-23,11.0,11.0,511945.79000000004,62396.47466000001,449549.31534,0.0,455.0,0.0,3.0,1203.36,455.0,0.12188101919931796,0.0,40868.119576363635
2026-05-24,17.0,17.0,909136.2999999999,83160.04578,814130.61142,11845.6428,788.0,10.0,4.0,1599.81,778.0,0.09147148318684449,0.012690355329949238,47890.03596588235
2026-05-25,10.0,9.0,356396.77999999997,13568.336390000002,342828.44361,0.0,391.0,0.0,5.0,1985.93,391.0,0.038070872553899064,0.0,34282.844361
2026-05-26,14.0,14.0,452421.33,38589.66352,409851.36798,3980.2985,453.0,2.0,4.0,885.1700000000001,451.0,0.08529585357967097,0.004415011037527594,29275.097712857143
2026-05-27,12.0,12.0,954182.74,125297.76684,825843.63172,3041.34144,608.0,8.0,6.0,2671.35,600.0,0.13131422482028965,0.013157894736842105,68820.30264333333
2026-05-28,12.0,12.0,425558.72,42306.75503,383251.96497000003,0.0,469.0,0.0,3.0,332.25,469.0,0.0994146119952612,0.0,31937.663747500003
2026-05-29,12.0,12.0,705746.09,91435.2414,614310.8486,0.0,637.0,0.0,8.0,2844.36,637.0,0.12955826847018026,0.0,51192.57071666667
2026-05-30,12.0,12.0,566495.12,38113.88273,528381.23727,0.0,523.0,0.0,4.0,1157.46,523.0,0.06728016073642434,0.0,44031.7697725
2026-05-31,17.0,17.0,1142302.38,63311.93425,1078990.44575,0.0,1005.0,0.0,3.0,1179.5,1005.0,0.05542484665925322,0.0,63470.02622058823
2026-06-01,18.0,18.0,709372.15,63288.27205,620223.96675,25859.911200000002,767.0,18.0,4.0,1818.22,749.0,0.08921730582459432,0.02346805736636245,34456.88704166667
2026-06-02,9.0,9.0,512348.34,27198.23691,485150.10309000005,0.0,541.0,0.0,8.0,1828.37,541.0,0.05308543970299581,0.0,53905.567010000006
2026-06-03,15.0,15.0,520068.9,49674.73591,468216.84937,2177.31472,543.0,7.0,3.0,1021.23,536.0,0.09551568246053552,0.01289134438305709,31214.45662466667
2026-06-04,11.0,11.0,778864.15,90135.74657,674406.30431,14322.09912,610.0,7.0,3.0,1493.8,603.0,0.1157271734358296,0.011475409836065573,61309.66402818182
2026-06-05,6.0,6.0,138833.72,1746.31092,137087.40908,0.0,142.0,0.0,4.0,1570.08,142.0,0.012578434979628867,0.0,22847.901513333334
2026-06-06,19.0,19.0,1297931.12,149966.86690999998,1147964.25309,0.0,914.0,0.0,5.0,1967.86,914.0,0.11554300886937666,0.0,60419.17121526316
2026-06-07,14.0,14.0,566133.77,91797.1149,474336.65510000003,0.0,525.0,0.0,3.0,1512.4,525.0,0.1621473930092529,0.0,33881.18965
2026-06-08,14.0,14.0,1010298.26,78165.69878,932132.56122,0.0,1037.0,0.0,4.0,1170.55,1037.0,0.07736893338804722,0.0,66580.89723
2026-06-09,16.0,16.0,1126132.5899999999,78127.46291999999,1048005.12708,0.0,936.0,0.0,9.0,3487.4,936.0,0.06937678885574211,0.0,65500.3204425
2026-06-10,1.0,1.0,48366.39,9474.82989,32974.78011,5916.78,77.0,3.0,4.0,1275.83,74.0,0.19589698321499704,0.03896103896103896,32974.78011
2026-06-11,11.0,11.0,503900.36,56337.90551,447562.45449,0.0,492.0,0.0,6.0,1614.69,492.0,0.11180366195809029,0.0,40687.49586272727
2026-06-12,10.0,10.0,634092.1699999999,70836.33828,563255.83172,0.0,633.0,0.0,2.0,196.16,633.0,0.11171299951551208,0.0,56325.583172
2026-06-13,11.0,11.0,912992.42,122216.34853999999,790776.07146,0.0,675.0,0.0,5.0,1724.89,675.0,0.13386348655556196,0.0,71888.7337690909
2026-06-14,10.0,10.0,643430.39,78226.79762,565153.92363,49.66875,442.0,5.0,4.0,1540.07,437.0,0.12157771661981959,0.011312217194570135,56515.392363
2026-06-15,19.0,19.0,1671380.08,104632.26727000001,1566747.8127300001,0.0,1492.0,0.0,2.0,773.88,1492.0,0.0626023180017797,0.0,82460.41119631579
2026-06-16,9.0,9.0,413972.38,25957.277879999998,388015.10212000005,0.0,402.0,0.0,4.0,1448.1399999999999,402.0,0.06270292206451067,0.0,43112.78912444445
2026-06-17,17.0,16.0,994045.1799999999,123978.21483,854439.92947,15627.0357,1015.0,10.0,6.0,942.63,1005.0,0.12472090537172567,0.009852216748768473,50261.1723217647
2026-06-18,9.0,9.0,921013.73,75594.04001,845419.68999,0.0,709.0,0.0,1.0,448.4,709.0,0.0820769957577071,0.0,93935.52111
2026-06-19,9.0,9.0,838772.54,68255.23079,770517.30921,0.0,544.0,0.0,3.0,608.22,544.0,0.08137513751940424,0.0,85613.03435666667
2026-06-20,9.0,9.0,652511.92,102166.98663999999,550344.93336,0.0,488.0,0.0,1.0,167.46,488.0,0.15657489696126928,0.0,61149.437040000004
2026-06-21,8.0,8.0,522060.98,49899.42132,472161.5587,0.0,378.0,0.0,3.0,848.65,378.0,0.09558159531478488,0.0,59020.1948375
2026-06-22,21.0,21.0,1204400.43,120365.54507,1083611.20933,423.6756,956.0,2.0,5.0,2243.22,954.0,0.09993814521471069,0.0020920502092050207,51600.53377761905
2026-06-23,8.0,8.0,388060.52,56667.497,331393.023,0.0,429.0,7.0,6.0,2511.36,422.0,0.1460274727251306,0.016317016317016316,41424.127875
2026-06-24,14.0,14.0,1007647.6799999999,80379.61669000001,927268.06331,0.0,861.0,0.0,7.0,2667.92,861.0,0.07976956458630463,0.0,66233.43309357142
2026-06-25,23.0,23.0,1294654.03,120326.87969,1173869.93227,457.21806,1358.0,1.0,6.0,1473.8899999999999,1357.0,0.09294133946348586,0.0007363770250368188,51037.82314217391
2026-06-26,8.0,8.0,346070.04,51818.60203,294251.43797,0.0,343.0,0.0,3.0,1069.56,343.0,0.14973443534724937,0.0,36781.42974625
2026-06-27,10.0,10.0,614222.14,98560.2548,515661.8852,0.0,448.0,0.0,4.0,2006.71,448.0,0.16046353327478555,0.0,51566.18852
2026-06-28,10.0,10.0,128024.24,13027.26896,114996.97104,0.0,193.0,0.0,2.0,793.6500000000001,193.0,0.10175626865662314,0.0,11499.697104
2026-06-29,10.0,10.0,561505.1799999999,74643.12210000001,482982.08041,3879.97749,586.0,3.0,2.0,540.8,583.0,0.13293398664639214,0.005119453924914676,48298.208041
2026-06-30,14.0,14.0,1115725.58,97619.48067,1018106.09933,0.0,932.0,0.0,5.0,1633.56,932.0,0.08749416740091233,0.0,72721.86423785714
2026-07-01,9.0,9.0,549983.98,44031.96526,505952.01474,0.0,387.0,0.0,3.0,97.03,387.0,0.08006045059712466,0.0,56216.89052666667
2026-07-02,17.0,17.0,555817.5499999999,88455.60969,461219.09223,6142.84808,710.0,4.0,6.0,1853.46,706.0,0.15914504622964856,0.005633802816901409,27130.534837058825
2026-07-03,12.0,12.0,584143.98,51025.24919,533118.73081,0.0,488.0,0.0,6.0,1956.12,488.0,0.08735046655791952,0.0,44426.560900833334
2026-07-04,7.0,7.0,589569.73,56576.37434,532993.35566,0.0,549.0,0.0,3.0,545.47,549.0,0.09596214232369088,0.0,76141.90795142857
2026-07-05,12.0,12.0,899142.13,76536.36701999999,822605.76296,0.0,715.0,0.0,5.0,2369.44,715.0,0.08512154471062322,0.0,68550.48024666666
2026-07-06,9.0,9.0,423287.58999999997,33800.6362,370217.8074,19269.1464,347.0,10.0,4.0,1093.0,337.0,0.07985265100732106,0.02881844380403458,41135.31193333333
2026-07-07,14.0,14.0,1172069.13,100671.93217999999,1071397.1978200001,0.0,946.0,0.0,6.0,1910.8600000000001,946.0,0.08589248671705908,0.0,76528.37127285716
2026-07-08,13.0,12.0,1009459.88,121633.55613,887826.3238700001,0.0,875.0,0.0,3.0,644.19,875.0,0.12049370018548929,0.0,68294.33260538462
2026-07-09,11.0,11.0,638835.55,70779.44363000001,568056.10637,0.0,591.0,0.0,3.0,631.44,591.0,0.11079446600928831,0.0,51641.46421545455
2026-07-10,13.0,13.0,528469.0,42842.57738,480246.08888,5380.33374,532.0,6.0,5.0,1792.48,526.0,0.08106923467601695,0.011278195488721804,36942.00683692308
2026-07-11,12.0,12.0,1031532.14,96759.57207,922361.35953,12411.2084,687.0,10.0,2.0,896.0400000000001,677.0,0.09380180056241388,0.01455604075691412,76863.4466275
2026-07-12,9.0,9.0,424986.14,48899.76358,376086.37642,0.0,370.0,0.0,5.0,2239.69,370.0,0.11506201962256933,0.0,41787.37515777777
2026-07-13,12.0,12.0,719100.8500000001,63099.9844,649368.44248,6632.42312,586.0,6.0,6.0,1684.06,580.0,0.08774844919179277,0.010238907849829351,54114.03687333333
2026-07-14,13.0,13.0,685667.45,32320.30181,653347.14819,0.0,673.0,0.0,6.0,1470.16,673.0,0.04713699302774253,0.0,50257.472937692306
2026-07-15,15.0,15.0,483706.24,38430.31993,438223.21087,7052.7092,644.0,4.0,3.0,840.54,640.0,0.07944970883567679,0.006211180124223602,29214.880724666666
2026-07-16,10.0,10.0,370441.52,21600.6572,348840.8628,0.0,375.0,0.0,5.0,2450.03,375.0,0.05831057274573326,0.0,34884.08628
2026-07-17,16.0,16.0,852853.46,89908.37677999999,752032.96438,10912.11884,702.0,7.0,2.0,227.76999999999998,695.0,0.10542066251334666,0.009971509971509971,47002.06027375
2026-07-18,10.0,10.0,444880.66000000003,61048.53626,380176.01081,3656.1129300000002,487.0,4.0,8.0,2241.88,483.0,0.1372245227742649,0.008213552361396304,38017.601081
2026-07-19,9.0,9.0,343616.48,34753.414699999994,308863.0653,0.0,316.0,0.0,7.0,2582.8,316.0,0.101140127795966,0.0,34318.11836666667
2026-07-20,15.0,14.0,809493.31,114847.9608,694645.3492,0.0,707.0,0.0,7.0,2553.04,707.0,0.14187635571688664,0.0,46309.68994666667
2026-07-21,11.0,11.0,588126.39,49787.37076,535147.70452,3191.31472,442.0,8.0,6.0,2167.13,434.0,0.08465420291716547,0.01809954751131222,48649.791320000004
2026-07-22,9.0,9.0,327958.27,45445.18184,282513.08816,0.0,272.0,0.0,6.0,2714.87,272.0,0.13857001331297422,0.0,31390.343128888886
2026-07-23,12.0,12.0,799364.38,49644.56207000001,738312.83253,11406.98538,551.0,7.0,2.0,333.7,544.0,0.0621050465996496,0.012704174228675136,61526.0693775
2026-07-24,14.0,14.0,733781.3300000001,98858.26902,626497.03648,8426.0245,474.0,5.0,4.0,1423.4,469.0,0.1347244267171529,0.010548523206751054,44749.78832
2026-07-25,9.0,9.0,351656.78,22479.45061,329177.32937,0.0,263.0,0.0,3.0,759.2,263.0,0.06392440552404534,0.0,36575.25881888889
2026-07-26,9.0,9.0,368454.19,42578.632379999995,321134.00626,4741.55136,379.0,3.0,6.0,1535.71,376.0,0.11556017962504374,0.0079155672823219,35681.55625111111
2026-07-27,16.0,16.0,738533.77,73173.06805,646242.25067,19118.45128,750.0,8.0,6.0,1679.17,742.0,0.09907883839895365,0.010666666666666666,40390.140666875
2026-07-28,10.0,10.0,785957.34,45757.07234,740200.26766,0.0,564.0,0.0,9.0,2933.9300000000003,564.0,0.058218264543467464,0.0,74020.026766
2026-07-29,12.0,12.0,848104.38,67989.924,780114.456,0.0,686.0,0.0,0.0,0.0,686.0,0.08016692945271665,0.0,65009.538
2026-07-30,18.0,18.0,1299265.87,82332.66917000001,1216933.20083,0.0,1107.0,0.0,4.0,1067.96,1107.0,0.06336860766611226,0.0,67607.40004611111
2026-07-31,17.0,17.0,1425353.69,197755.93929,1225344.87071,2252.88,1030.0,10.0,6.0,2316.0,1020.0,0.1387416615801514,0.009708737864077669,72079.1100417647
2026-08-01,17.0,17.0,1191873.21,135034.75307,1056838.45693,0.0,976.0,0.0,6.0,1156.8,976.0,0.11329623984920344,0.0,62166.96805470589
2026-08-02,0.0,0.0,0.0,0.0,0.0,0.0,0.0,0.0,8.0,2533.69,0.0,,,
2026-08-03,0.0,0.0,0.0,0.0,0.0,0.0,0.0,0.0,3.0,1726.09,0.0,,,
2026-08-04,1.0,1.0,19593.760000000002,2032.39472,17561.365279999998,0.0,62.0,0.0,3.0,302.4,62.0,0.10372663133569053,0.0,17561.365279999998
2026-08-05,0.0,0.0,0.0,0.0,0.0,0.0,0.0,0.0,4.0,1189.59,0.0,,,
2026-08-06,0.0,0.0,0.0,0.0,0.0,0.0,0.0,0.0,3.0,1081.38,0.0,,,
2026-09-02,1.0,1.0,80813.79000000001,5052.4913400000005,75761.29866,0.0,36.0,0.0,0.0,0.0,36.0,0.06252016320481937,0.0,75761.29866
2026-09-05,0.0,0.0,0.0,0.0,0.0,0.0,0.0,0.0,1.0,8.86,0.0,,,
2026-09-07,1.0,1.0,0.0,0.0,0.0,0.0,0.0,0.0,0.0,0.0,0.0,,,0.0
2026-10-01,0.0,0.0,0.0,0.0,0.0,0.0,0.0,0.0,2.0,777.4300000000001,0.0,,,
2026-10-02,1.0,1.0,110048.59,23959.25953,86089.33047,0.0,120.0,0.0,0.0,0.0,120.0,0.2177152794960844,0.0,86089.33047
2026-10-03,1.0,1.0,0.0,0.0,0.0,0.0,0.0,0.0,0.0,0.0,0.0,,,0.0
2026-10-04,0.0,0.0,0.0,0.0,0.0,0.0,0.0,0.0,1.0,546.44,0.0,,,
2026-10-05,2.0,2.0,144739.37,8642.45869,136096.91131,0.0,61.0,0.0,1.0,0.0,61.0,0.05971048989642555,0.0,68048.455655
2026-10-06,0.0,0.0,0.0,0.0,0.0,0.0,0.0,0.0,1.0,685.89,0.0,,,
2026-11-03,1.0,1.0,84047.29000000001,21518.0689,62529.221099999995,0.0,53.0,0.0,1.0,657.21,53.0,0.2560233518534625,0.0,62529.221099999995
2026-11-05,0.0,0.0,0.0,0.0,0.0,0.0,0.0,0.0,1.0,515.98,0.0,,,
2026-11-06,0.0,0.0,0.0,0.0,0.0,0.0,0.0,0.0,2.0,649.72,0.0,,,
2026-11-07,1.0,1.0,79159.68,8390.92608,70768.75392,0.0,60.0,0.0,0.0,0.0,60.0,0.106,0.0,70768.75392
2026-12-01,0.0,0.0,0.0,0.0,0.0,0.0,0.0,0.0,1.0,177.86,0.0,,,
2026-12-03,0.0,0.0,0.0,0.0,0.0,0.0,0.0,0.0,1.0,463.88,0.0,,,
2026-12-05,1.0,1.0,146146.44,25146.47166,120999.96833999999,0.0,121.0,0.0,0.0,0.0,121.0,0.17206352518747633,0.0,120999.96833999999
2026-12-06,1.0,1.0,121019.73,17616.430650000002,103403.29935,0.0,105.0,0.0,1.0,482.93,105.0,0.14556660017337672,0.0,103403.29935
