customer_id,customer_name,email,country,segment,signup_date,order_count,first_order_date,last_order_date,has_orders,signup_to_first_order_days,signup_order_date_status,gross_sales,discount_amount,net_sales,units_sold,units_returned,return_amount,repeat_customer_flag,average_order_value,return_rate,discount_rate,days_since_last_order,customer_lifetime_days,analysis_date
300001,Jason Walker,harnold@example.org,Mexico,Corporate,2020-10-29,6,2020-12-12,2025-01-16,True,44.0,Valid,227174.09,13394.87886,213779.21114000003,243.0,0.0,0.0,True,35629.86852333334,0.0,0.05896305718667125,689.0,1496.0,2026-12-06
300002,Heather Leon,pgutierrez@example.net,Australia,Online,2024-12-11,1,2025-07-17,2025-07-17,True,218.0,Valid,0.0,0.0,0.0,0.0,0.0,0.0,False,0.0,,,507.0,0.0,2026-12-06
300003,Todd Casey,joseph44@example.com,Germany,Wholesale,2024-08-02,0,,,False,,Cannot Determine,0.0,0.0,0.0,0.0,0.0,0.0,False,,,,,,2026-12-06
300004,Terry Johnson,hernandeznicholas@example.net,Australia,,2024-12-01,4,2024-08-28,2026-04-06,True,-95.0,First Order Before Signup,209965.99000000002,27729.95107,182236.03893,226.0,0.0,0.0,True,45559.0097325,0.0,0.13206877490016358,244.0,586.0,2026-12-06
300005,Frances Haley,zallen@example.org,United Kingdom,Corporate,2024-10-06,2,2025-02-01,2025-04-14,True,118.0,Valid,89864.96,10034.61032,79830.34968,163.0,0.0,0.0,True,39915.17484,0.0,0.11166321467232611,601.0,72.0,2026-12-06
300006,Anthony Frederick,oanderson@example.com,Germany,Online,2023-09-30,3,2024-03-22,2026-07-13,True,174.0,Valid,91314.08,10054.75564,81259.32436,106.0,7.0,0.0,True,27086.441453333333,0.0660377358490566,0.1101117772856059,146.0,843.0,2026-12-06
300007,Tanner Holmes,thall@example.org,France,Wholesale,2025-07-20,6,2025-08-22,2026-04-29,True,33.0,Valid,290757.35,41188.583249999996,249568.76675,307.0,0.0,0.0,True,41594.79445833334,0.0,0.1416596459212467,221.0,250.0,2026-12-06
300008,Rachel Cameron,mary25@example.org,Japan,Corporate,2023-03-09,3,2023-10-10,2025-07-27,True,215.0,Valid,34806.04,5686.49608,29119.54392,62.0,0.0,0.0,True,9706.51464,0.0,0.16337670358363088,497.0,656.0,2026-12-06
300009,Adam Carrillo,anthonyzimmerman@example.org,United States,Corporate,2021-02-17,0,,,False,,Cannot Determine,0.0,0.0,0.0,0.0,0.0,0.0,False,,,,,,2026-12-06
300010,Nicholas Lucero,jacob34@example.org,Brazil,Corporate,2023-07-11,3,2023-12-16,2025-11-09,True,158.0,Valid,149277.78,6620.3965800000005,142657.38342,131.0,0.0,0.0,True,47552.46114,0.0,0.0443495112266541,392.0,694.0,2026-12-06
300011,Richard Hartman,donna41@example.org,Japan,Online,2023-05-05,4,2025-02-15,2026-04-20,True,652.0,Valid,177107.91999999998,24522.85953,152585.06047,147.0,0.0,0.0,True,38146.2651175,0.0,0.13846280578530878,230.0,429.0,2026-12-06
300012,Lauren Garcia,hho@example.org,Mexico,Wholesale,2023-10-20,1,2024-07-01,2024-07-01,True,255.0,Valid,0.0,0.0,0.0,0.0,0.0,0.0,False,0.0,,,888.0,0.0,2026-12-06
300013,Christopher Jones,roberta36@example.org,Brazil,Online,2021-05-16,4,2021-06-14,2024-01-09,True,29.0,Valid,255727.87999999998,2197.7745999999997,253530.10540000003,232.0,0.0,0.0,True,63382.52635000001,0.0,0.008594192389191197,1062.0,939.0,2026-12-06
300014,Benjamin Chung,clarkrobert@example.com,Germany,Retail,2023-02-13,6,2023-10-08,2026-04-12,True,237.0,Valid,243899.66999999998,26659.21116,217240.45884,260.0,0.0,0.0,True,36206.74314,0.0,0.10930400668438789,238.0,917.0,2026-12-06
300015,Christopher Evans,donnawelch@example.org,Vietnam,Corporate,2023-10-31,2,2024-01-22,2025-01-02,True,83.0,Valid,238961.72,7316.86678,231644.85322,133.0,0.0,0.0,True,115822.42661,0.0,0.030619409585769638,703.0,346.0,2026-12-06
300016,Gregory Cooley,,Australia,Corporate,2021-04-02,4,2023-04-25,2025-08-22,True,753.0,Valid,148573.6,2061.3035,133385.99819,197.0,9.0,13126.29831,True,33346.4995475,0.04568527918781726,0.013873955399882617,471.0,850.0,2026-12-06
300017,Alexander Hunt,javierdiaz@example.org,France,,2021-08-18,5,2022-02-25,2025-12-09,True,191.0,Valid,283742.35,24852.271399999998,258890.0786,253.0,0.0,0.0,True,51778.01572,0.0,0.0875874588336919,362.0,1383.0,2026-12-06
300018,Bradley Holt,josepholson@example.org,Brazil,Online,2020-10-23,2,2023-11-25,2025-06-25,True,1128.0,Valid,130877.60999999999,13499.980570000002,117377.62943,144.0,0.0,0.0,True,58688.814715,0.0,0.10314965691992697,529.0,578.0,2026-12-06
300019,Elizabeth Mcgee,zgraham@example.org,Australia,Wholesale,2022-05-29,5,2023-03-06,2025-11-17,True,281.0,Valid,247119.42,8819.765660000001,238299.65434,220.0,0.0,0.0,True,47659.930868,0.0,0.03569029767065656,384.0,987.0,2026-12-06
300020,Ryan Love,ygarcia@example.net,Brazil,,2021-11-30,1,2026-05-11,2026-05-11,True,1623.0,Valid,2219.41,259.67097,1959.73903,1.0,0.0,0.0,False,1959.73903,0.0,0.117,209.0,0.0,2026-12-06
300021,Tiffany Freeman,vhenderson@example.com,India,Online,2022-03-22,4,2022-08-23,2025-07-08,True,154.0,Valid,186409.62,39840.77426,146568.84574000002,170.0,0.0,0.0,True,36642.211435000005,0.0,0.213727029002044,516.0,1050.0,2026-12-06
300022,Lisa Patterson,nathaniel17@example.org,China,Corporate,2024-09-28,3,2025-03-07,2025-11-27,True,160.0,Valid,44153.5,529.842,43623.658,50.0,0.0,0.0,True,14541.219333333334,0.0,0.012,374.0,265.0,2026-12-06
300023,Dawn Ortiz,raymond12@example.com,Germany,Retail,2025-02-10,3,2025-02-25,2026-07-30,True,15.0,Valid,207339.06,14151.44552,193187.61448,154.0,0.0,0.0,True,64395.87149333333,0.0,0.0682526752074597,129.0,520.0,2026-12-06
300024,David Lewis,nathan51@example.org,United States,Wholesale,2022-10-24,8,2022-11-22,2025-02-20,True,29.0,Valid,698219.5,33075.77949,660782.60191,457.0,4.0,4361.1186,True,82597.82523875,0.0087527352297593,0.0473716066222728,654.0,821.0,2026-12-06
300025,Gary Marshall,rachel81@example.com,France,Wholesale,2022-04-04,3,2023-01-24,2025-11-02,True,295.0,Valid,112963.97,12002.93782,84747.30937999999,130.0,10.0,16213.7228,True,28249.103126666665,0.07692307692307693,0.10625456789452424,399.0,1013.0,2026-12-06
300026,Daniel Hoffman,berrydebbie@example.net,United Kingdom,Wholesale,2022-01-30,1,2022-02-21,2022-02-21,True,22.0,Valid,82515.92,4342.4072,78173.5128,70.0,0.0,0.0,False,78173.5128,0.0,0.052625083741416195,1749.0,0.0,2026-12-06
300027,Francisco Gonzalez,rjimenez@example.com,Canada,Wholesale,2024-06-11,3,2024-07-19,2026-02-17,True,38.0,Valid,152169.04,15503.55312,136665.48688,134.0,0.0,0.0,True,45555.162293333335,0.0,0.10188375454034539,292.0,578.0,2026-12-06
300028,Kyle Garza,barbaramitchell@example.net,United States,Online,2021-04-05,4,2021-04-08,2024-09-07,True,3.0,Valid,283317.89,46840.072029999996,232835.33077,302.0,4.0,3642.4872,True,58208.8326925,0.013245033112582781,0.16532691257159932,820.0,1248.0,2026-12-06
300029,Abigail Murray,,Canada,Corporate,2024-07-31,5,2024-08-27,2026-07-17,True,27.0,Valid,412378.52,55435.65375,356942.86624999996,338.0,0.0,0.0,True,71388.57324999999,0.0,0.13442905258498913,142.0,689.0,2026-12-06
300030,Matthew Jones,gallegosrobert@example.com,India,Online,2025-04-03,5,2025-04-05,2026-04-09,True,2.0,Valid,247646.43,21090.38736,226556.04264,194.0,0.0,0.0,True,45311.208528,0.0,0.08516330059754951,241.0,369.0,2026-12-06
300031,Jennifer Hawkins,troy06@example.com,Mexico,Wholesale,2022-01-14,3,2022-04-02,2025-06-21,True,78.0,Valid,99534.12,7844.52288,91689.59711999999,121.0,0.0,0.0,True,30563.199039999996,0.0,0.07881240000916269,533.0,1176.0,2026-12-06
300032,Samuel Coffey,cameronsharon@example.org,France,Online,2024-02-23,5,2024-03-02,2026-03-14,True,8.0,Valid,293576.61,45415.92091,248160.68909,294.0,0.0,0.0,True,49632.137818,0.0,0.15469870338103572,267.0,742.0,2026-12-06
300033,Adam Garcia,michelle63@example.org,Vietnam,Corporate,2020-10-23,8,2021-09-15,2026-04-28,True,327.0,Valid,521335.47,37358.7832,483976.68678,410.0,0.0,0.0,True,60497.0858475,0.0,0.07165977638160703,222.0,1686.0,2026-12-06
300034,Robin Cabrera,villamiranda@example.com,Vietnam,Online,2021-02-07,2,2021-05-17,2026-02-01,True,99.0,Valid,123946.32999999999,10470.97172,113475.35827999999,88.0,0.0,0.0,True,56737.67913999999,0.0,0.08447988512447283,308.0,1721.0,2026-12-06
300035,Anthony Torres,mark96@example.com,Mexico,Online,2025-01-29,5,2025-03-09,2026-05-08,True,39.0,Valid,281308.51,25780.367189999997,255528.14281,226.0,0.0,0.0,True,51105.628562,0.0,0.09164446248000103,212.0,425.0,2026-12-06
300036,Lauren Wilson,michelle96@example.net,Canada,Wholesale,2024-02-27,3,2024-04-07,2025-12-08,True,40.0,Valid,448961.36,46526.855540000004,402434.50445999997,299.0,0.0,0.0,True,134144.83482,0.0,0.10363220465119762,363.0,610.0,2026-12-06
300037,Joseph Lane,ubray@example.net,Australia,Online,2022-11-24,6,2023-01-23,2026-02-05,True,60.0,Valid,310356.91000000003,10620.20025,299736.70975,278.0,0.0,0.0,True,49956.118291666666,0.0,0.034219313016101364,304.0,1109.0,2026-12-06
300038,Ralph Dawson,angelica33@example.net,China,Online,2023-01-29,5,2023-05-18,2025-02-26,True,109.0,Valid,157874.8,18777.22292,139097.57708000002,208.0,0.0,0.0,True,27819.515416000002,0.0,0.11893742965945167,648.0,650.0,2026-12-06
300039,Amy Smith,taylorcruz@example.com,Germany,Wholesale,2021-01-20,5,2022-05-12,2024-12-24,True,477.0,Valid,317109.38,23780.66355,293328.71645,282.0,0.0,0.0,True,58665.74329,0.0,0.07499199030315659,712.0,957.0,2026-12-06
300040,Kevin Rose,kathleen47@example.net,Mexico,Online,2021-03-09,9,2021-08-27,2026-02-10,True,171.0,Valid,716035.6399999999,101697.84694,614337.79306,703.0,0.0,0.0,True,68259.75478444445,0.0,0.14202902936507464,299.0,1628.0,2026-12-06
300041,Suzanne Robinson,paul79@example.net,Germany,Corporate,2021-06-08,0,,,False,,Cannot Determine,0.0,0.0,0.0,0.0,0.0,0.0,False,,,,,,2026-12-06
300042,Barry Henderson,stephanie91@example.org,Germany,Retail,2021-09-05,2,2022-06-18,2026-04-10,True,286.0,Valid,44491.44,1637.27706,42854.16294,58.0,0.0,0.0,True,21427.08147,0.0,0.03679982171851484,240.0,1392.0,2026-12-06
300043,Brian Smith,blopez@example.com,Vietnam,Online,2022-12-20,6,2022-12-22,2025-06-23,True,2.0,Valid,92137.95,18085.79134,56938.047020000005,100.0,9.0,17114.11164,True,9489.674503333334,0.09,0.19629035961837657,531.0,914.0,2026-12-06
300044,Derek Mcintosh,gomezjason@example.com,France,Corporate,2023-12-22,2,2024-08-12,2024-12-23,True,234.0,Valid,52227.3,313.3638,51913.9362,30.0,0.0,0.0,True,25956.9681,0.0,0.006,713.0,133.0,2026-12-06
300045,Amy Nelson,williamspatrick@example.com,Canada,Retail,2023-03-05,4,2023-08-14,2026-05-15,True,162.0,Valid,44614.240000000005,8178.42357,36435.81643,138.0,0.0,0.0,True,9108.9541075,0.0,0.18331419676766877,205.0,1005.0,2026-12-06
300046,Christopher Hill,gstone@example.net,Japan,,2021-08-20,2,2021-12-18,2023-05-18,True,120.0,Valid,42729.02,9508.73461,33220.285390000005,35.0,0.0,0.0,True,16610.142695000002,0.0,0.2225357522826407,1298.0,516.0,2026-12-06
300047,Brian Wilson,johnstonjohn@example.net,Canada,Retail,2020-11-30,7,2021-01-26,2025-07-19,True,57.0,Valid,768146.63,56537.325529999995,711609.30447,524.0,0.0,0.0,True,101658.47206714285,0.0,0.07360225681130697,505.0,1635.0,2026-12-06
300048,Manuel Baldwin,,Canada,Online,2021-03-03,4,2023-10-21,2026-04-12,True,962.0,Valid,176215.57,4817.8700499999995,171397.69995,161.0,0.0,0.0,True,42849.4249875,0.0,0.027340773860107817,238.0,904.0,2026-12-06
300049,Kathleen Jackson,michaelroberts@example.net,Australia,Online,2024-10-13,4,2025-05-22,2026-06-27,True,221.0,Valid,161912.52000000002,23640.554219999998,138271.96578,133.0,0.0,0.0,True,34567.991445,0.0,0.14600819146042565,162.0,401.0,2026-12-06
300050,Cody Velez,,Canada,Corporate,2022-02-07,3,2023-04-19,2026-07-07,True,436.0,Valid,87581.86,1014.55346,86567.30654,77.0,0.0,0.0,True,28855.76884666667,0.0,0.011584059301777788,152.0,1175.0,2026-12-06
300051,Carol Cook,athomas@example.net,Canada,,2021-07-07,1,2023-05-26,2023-05-26,True,688.0,Valid,74075.12,6592.998479999999,67482.12152,50.0,0.0,0.0,False,67482.12152,0.0,0.08900422274037491,1290.0,0.0,2026-12-06
300052,Christopher Baker,jacksonkathleen@example.org,Australia,Wholesale,2023-01-14,3,2024-10-17,2025-12-21,True,642.0,Valid,114983.12000000001,19549.63136,95433.48864,77.0,0.0,0.0,True,31811.16288,0.0,0.17002175067088107,350.0,430.0,2026-12-06
300053,Lauren Freeman,thomaswilliams@example.org,Vietnam,Online,2023-08-20,5,2024-02-27,2026-06-04,True,191.0,Valid,532147.5,45114.71871,487032.78128999996,396.0,0.0,0.0,True,97406.556258,0.0,0.08477859749411583,185.0,828.0,2026-12-06
300054,Sara Fox MD,kimberlygarcia@example.net,France,Wholesale,2023-02-07,6,2023-12-03,2026-07-03,True,299.0,Valid,300268.88,40825.71121,259443.16879,328.0,0.0,0.0,True,43240.528131666666,0.0,0.13596384417193016,156.0,943.0,2026-12-06
300055,Gregory Gardner DDS,,India,Wholesale,2022-05-05,8,2023-02-10,2026-05-21,True,281.0,Valid,408485.63,30343.13521,378142.49478999997,394.0,0.0,0.0,True,47267.811848749996,0.0,0.07428201381282372,199.0,1196.0,2026-12-06
300056,Patricia Vincent,rrodriguez@example.net,Germany,Retail,2024-03-19,3,2025-04-30,2025-11-25,True,407.0,Valid,120216.1,11515.65396,108700.44604000001,94.0,0.0,0.0,True,36233.482013333334,0.0,0.09579127887196473,376.0,209.0,2026-12-06
300057,William Chase,michaeljohnson@example.net,United Kingdom,Corporate,2024-04-21,5,2025-02-16,2026-06-17,True,301.0,Valid,186091.4,11176.54303,174914.85697,139.0,0.0,0.0,True,34982.971394,0.0,0.06005942794777191,172.0,486.0,2026-12-06
300058,Heather Garner,samanthagray@example.org,Brazil,Online,2024-05-15,6,2024-06-19,2026-06-14,True,35.0,Valid,522784.36000000004,70280.13276,452504.22724000004,376.0,0.0,0.0,True,75417.37120666668,0.0,0.1344342680029678,175.0,725.0,2026-12-06
300059,Meghan Nolan,harcher@example.org,China,Online,2025-06-28,5,2025-10-27,2026-08-01,True,121.0,Valid,410740.65,58869.726650000004,351870.92335,309.0,5.0,0.0,True,70374.18467,0.016181229773462782,0.14332578635691404,127.0,278.0,2026-12-06
300060,Stacy Myers,rlandry@example.com,India,Online,2021-12-28,3,2022-06-19,2025-06-25,True,173.0,Valid,185041.77,27803.921570000002,157237.84843,193.0,0.0,0.0,True,52412.61614333334,0.0,0.15025754222951934,529.0,1102.0,2026-12-06
300061,Mia Flowers,hamiltonspencer@example.com,Germany,Online,2021-08-13,5,2023-05-13,2025-10-14,True,638.0,Valid,376882.56999999995,23216.546799999996,353666.02316,254.0,0.0,0.0,True,70733.204632,0.0,0.06160154023572913,418.0,885.0,2026-12-06
300062,Kathryn Jennings,hbecker@example.com,Japan,Corporate,2022-08-02,4,2023-04-28,2024-10-26,True,269.0,Valid,355638.78,40217.7938,315420.9862,192.0,0.0,0.0,True,78855.24655,0.0,0.1130860751462481,771.0,547.0,2026-12-06
300063,Elizabeth Roberts,alexis03@example.com,China,Wholesale,2023-10-14,4,2024-04-02,2026-01-16,True,171.0,Valid,205587.82,32740.95759,172846.86241,174.0,0.0,0.0,True,43211.7156025,0.0,0.1592553371595652,324.0,654.0,2026-12-06
300064,John Smith,donna00@example.com,Germany,Wholesale,2024-10-16,5,2024-10-17,2026-06-17,True,1.0,Valid,332297.86,21466.062220000003,291039.25233,293.0,17.0,19792.545449999998,True,58207.850465999996,0.05802047781569966,0.06459885784398373,172.0,608.0,2026-12-06
300065,Rachel Shaw,stephaniereeves@example.org,Canada,Corporate,2021-05-09,4,2021-05-16,2026-01-30,True,7.0,Valid,162910.81,9928.580399999999,152982.2296,137.0,0.0,0.0,True,38245.5574,0.0,0.06094488389076206,310.0,1720.0,2026-12-06
300066,Kevin Miller,antoniofitzpatrick@example.org,United Kingdom,Retail,2025-08-23,2,2025-10-22,2026-01-08,True,60.0,Valid,101317.51999999999,2419.4876,98898.0324,157.0,0.0,0.0,True,49449.0162,0.0,0.023880248944111542,332.0,78.0,2026-12-06
300067,Jenny Rasmussen,orozcosamantha@example.net,United States,Wholesale,2024-09-21,1,2025-06-13,2025-06-13,True,265.0,Valid,67444.98000000001,11320.998000000001,56123.982,94.0,0.0,0.0,False,56123.982,0.0,0.16785530961681655,541.0,0.0,2026-12-06
300068,Meghan Morris,feliciagonzalez@example.org,Brazil,Retail,2022-03-21,5,2022-10-23,2025-03-20,True,216.0,Valid,331859.07,56004.065409999996,271778.51539,289.0,5.0,4076.4892,True,54355.703078000006,0.01730103806228374,0.16875857998999394,626.0,879.0,2026-12-06
300069,Eric Evans,ygardner@example.com,Japan,Corporate,2022-09-30,5,2023-06-05,2026-07-16,True,248.0,Valid,194697.55,39070.63493,155626.91507,153.0,0.0,0.0,True,31125.383014,0.0,0.20067348012340167,143.0,1137.0,2026-12-06
300070,Melissa Gordon,taylor67@example.com,Germany,Online,2021-02-22,4,2024-02-02,2025-09-13,True,1075.0,Valid,243516.04,20819.077680000002,222696.96232,187.0,0.0,0.0,True,55674.24058,0.0,0.08549366062293064,449.0,589.0,2026-12-06
300071,Thomas Johnson,idavis@example.net,United Kingdom,Retail,2025-06-21,6,2026-01-19,2026-07-11,True,212.0,Valid,227470.5,29555.24396,197915.25604,143.0,0.0,0.0,True,32985.876006666665,0.0,0.12993000833075058,148.0,173.0,2026-12-06
300072,Lauren Watson,brian62@example.com,United Kingdom,Wholesale,2025-03-13,3,2025-05-07,2026-07-31,True,55.0,Valid,247315.76,15396.26888,231919.49112000002,228.0,0.0,0.0,True,77306.49704,0.0,0.062253488738445134,128.0,450.0,2026-12-06
300073,Phillip Holmes,,India,Online,2024-01-06,4,2024-05-22,2026-02-15,True,137.0,Valid,55738.09,7594.0943,48143.9957,145.0,0.0,0.0,True,12035.998925,0.0,0.13624604467070903,294.0,634.0,2026-12-06
300074,Samantha Cunningham,michelle19@example.net,Mexico,Retail,2021-03-14,3,2023-10-21,2026-04-23,True,951.0,Valid,57999.56,642.45264,57357.107359999995,69.0,0.0,0.0,True,19119.035786666664,0.0,0.011076853686476242,227.0,915.0,2026-12-06
300075,Meredith Black,rtaylor@example.net,United States,,2023-03-21,2,2025-04-14,2026-07-17,True,755.0,Valid,202670.6,14971.488379999999,187699.11162,167.0,0.0,0.0,True,93849.55581,0.0,0.07387104187780566,142.0,459.0,2026-12-06
300076,Eric Hays,shaffercindy@example.org,Germany,Corporate,2024-04-12,2,2026-01-02,2026-03-01,True,630.0,Valid,40664.159999999996,3824.8217600000003,36839.338240000005,36.0,0.0,0.0,True,18419.669120000002,0.0,0.0940587918206106,280.0,58.0,2026-12-06
300077,Larry Martinez,wrightdale@example.org,Canada,,2021-03-28,3,2023-03-17,2025-07-11,True,719.0,Valid,89030.92000000001,5992.03544,83038.88455999999,78.0,0.0,0.0,True,27679.628186666665,0.0,0.06730285882702322,513.0,847.0,2026-12-06
300078,Anthony Martinez,lwebb@example.org,Japan,Online,2024-10-29,3,2024-11-08,2025-12-04,True,10.0,Valid,186155.34999999998,28779.59538,157375.75462000002,148.0,0.0,0.0,True,52458.58487333334,0.0,0.15459988326953805,367.0,391.0,2026-12-06
300079,Samantha Maldonado,reynoldsdaisy@example.org,Germany,,2024-11-14,5,2025-08-06,2026-01-25,True,265.0,Valid,190806.54,14225.54352,176580.99648,140.0,0.0,0.0,True,35316.199296,0.0,0.07455480048010932,315.0,172.0,2026-12-06
300080,Cynthia Hunt,thomasroberts@example.net,Mexico,Corporate,2021-05-16,4,2021-06-08,2024-11-16,True,23.0,Valid,203273.27,16918.60539,186354.66461,215.0,0.0,0.0,True,46588.6661525,0.0,0.08323084186130326,750.0,1257.0,2026-12-06
300081,Holly Hill,gwolfe@example.com,China,Corporate,2021-03-01,3,2022-01-16,2026-01-11,True,321.0,Valid,119408.07,14876.12046,104531.94954,90.0,0.0,0.0,True,34843.98318,0.0,0.124582203363642,329.0,1456.0,2026-12-06
300082,Alfred Bryant,tsmith@example.org,China,Wholesale,2022-10-01,6,2022-10-12,2026-02-22,True,11.0,Valid,312762.78,42473.83788,263958.26832,304.0,6.0,6330.6738,True,43993.04472,0.019736842105263157,0.1358020857852715,287.0,1229.0,2026-12-06
300083,Lisa Williams,sydney77@example.com,India,Retail,2023-11-21,4,2024-02-28,2026-07-20,True,99.0,Valid,243586.43,36420.65047,207165.77953,195.0,0.0,0.0,True,51791.4448825,0.0,0.14951838848329935,139.0,873.0,2026-12-06
300084,Jonathan Callahan,michaelmccarthy@example.com,Mexico,,2020-09-16,2,2020-10-21,2023-06-01,True,35.0,Valid,58087.55,4899.63804,53187.91196,191.0,0.0,0.0,True,26593.95598,0.0,0.08434919427657045,1284.0,953.0,2026-12-06
300085,Christian Rios,stephen24@example.net,Australia,Corporate,2023-03-25,5,2023-06-03,2026-07-02,True,70.0,Valid,276534.89,31258.272300000004,245276.6177,328.0,0.0,0.0,True,49055.32354,0.0,0.11303554607521678,157.0,1125.0,2026-12-06
300086,Thomas Brewer,mestes@example.net,Vietnam,Online,2022-03-07,5,2022-05-26,2026-05-24,True,80.0,Valid,179883.87,20051.628429999997,159832.24157,168.0,0.0,0.0,True,31966.448314,0.0,0.1114698523553001,196.0,1459.0,2026-12-06
300087,Katie Hopkins,david59@example.net,Japan,Online,2021-07-26,3,2024-07-03,2025-11-19,True,1073.0,Valid,59072.42,9719.55992,49352.86008,96.0,0.0,0.0,True,16450.95336,0.0,0.16453634234046954,382.0,504.0,2026-12-06
300088,Jennifer Williams,jesseortega@example.com,United States,Corporate,2022-05-28,7,2022-08-30,2024-07-04,True,94.0,Valid,345949.83999999997,49932.95066,296016.88934,304.0,0.0,0.0,True,42288.12704857143,0.0,0.14433581082159197,885.0,674.0,2026-12-06
300089,Peter Zavala,danielgilmore@example.net,Mexico,Corporate,2025-02-05,9,2025-04-12,2026-04-18,True,66.0,Valid,478653.45,35322.79947,443330.65053,512.0,0.0,0.0,True,49258.961169999995,0.0,0.07379618692814184,232.0,371.0,2026-12-06
300090,Jennifer Brown,danny17@example.com,Mexico,Online,2025-02-15,3,2025-03-20,2026-01-30,True,33.0,Valid,217690.39,19346.673280000003,198343.71672,209.0,0.0,0.0,True,66114.57224,0.0,0.08887242693625567,310.0,316.0,2026-12-06
300091,Tammy Morris,ogray@example.net,Mexico,Wholesale,2023-09-12,3,2023-12-11,2026-05-21,True,90.0,Valid,195953.22999999998,10288.70003,185664.52997,205.0,0.0,0.0,True,61888.17665666667,0.0,0.05250589658562914,199.0,892.0,2026-12-06
300092,John Shelton,jamesmartin@example.net,Japan,Online,2023-06-13,4,2024-02-23,2026-03-19,True,255.0,Valid,96239.76000000001,9683.348039999999,85078.42966000001,93.0,2.0,1477.9823,True,21269.607415000002,0.021505376344086023,0.10061691799730171,262.0,755.0,2026-12-06
300093,Kevin Soto,harrislisa@example.org,Australia,Online,2024-09-15,3,2025-07-11,2026-03-26,True,299.0,Valid,251685.29000000004,34772.18456,216913.10544,269.0,0.0,0.0,True,72304.36848,0.0,0.13815739712082498,255.0,258.0,2026-12-06
300094,Joshua Jones,faithrosario@example.net,France,,2022-06-18,8,2022-12-24,2026-03-26,True,189.0,Valid,378167.43,26047.42619,352120.00381,452.0,0.0,0.0,True,44015.00047625,0.0,0.06887802630173624,255.0,1188.0,2026-12-06
300095,Ronnie Hudson MD,michael82@example.org,Australia,Retail,2023-11-16,1,2025-11-08,2025-11-08,True,723.0,Valid,177476.43,22583.58984,154892.84016,86.0,0.0,0.0,False,154892.84016,0.0,0.1272483892086403,393.0,0.0,2026-12-06
300096,Shelly Carroll,kimberlyevans@example.org,Brazil,Online,2022-11-10,2,2022-11-12,2023-01-11,True,2.0,Valid,0.0,0.0,0.0,6.0,0.0,0.0,True,0.0,0.0,,1425.0,60.0,2026-12-06
300097,Joshua Johnson,sandra46@example.net,Australia,Wholesale,2023-02-27,5,2023-11-14,2025-07-27,True,260.0,Valid,196499.61,7704.0684,175386.28704000002,124.0,6.0,13409.25456,True,35077.257408000005,0.04838709677419355,0.0392065327763246,497.0,621.0,2026-12-06
300098,Brooke Roberts,melissafrederick@example.net,United States,Online,2022-06-15,5,2022-08-28,2026-07-08,True,74.0,Valid,182050.08000000002,14441.84903,167608.23096999998,199.0,0.0,0.0,True,33521.64619399999,0.0,0.0793289902976148,151.0,1410.0,2026-12-06
300099,Kimberly Snow,qgiles@example.net,United States,Retail,2022-03-24,3,2024-12-05,2026-06-17,True,987.0,Valid,254619.35,25756.35071,228862.99929,195.0,0.0,0.0,True,76287.66643,0.0,0.10115629746914363,172.0,559.0,2026-12-06
300100,Dean Cook,tayloramy@example.net,Japan,Wholesale,2020-10-24,1,2025-06-18,2025-06-18,True,1698.0,Valid,191076.99,22576.0563,168500.9337,96.0,0.0,0.0,False,168500.9337,0.0,0.11815162202419036,536.0,0.0,2026-12-06
300101,Susan Brown,kjones@example.net,Germany,Retail,2022-04-24,10,2022-12-10,2025-07-07,True,230.0,Valid,688241.03,104295.67494,583945.35506,579.0,0.0,0.0,True,58394.535506,0.0,0.15153946131342969,517.0,940.0,2026-12-06
300102,Amanda Zavala,ngeorge@example.org,Australia,Online,2024-03-06,5,2024-04-02,2026-06-13,True,27.0,Valid,370943.02,49799.13574,321143.88428,201.0,0.0,0.0,True,64228.776856,0.0,0.1342500951763427,176.0,802.0,2026-12-06
300103,Carl Cummings,,Japan,Retail,2025-02-06,4,2025-05-21,2026-07-01,True,104.0,Valid,77195.05,3568.34436,73626.70564,109.0,0.0,0.0,True,18406.67641,0.0,0.046225041113387454,158.0,406.0,2026-12-06
300104,Richard Walter,andrewbrown@example.org,China,Corporate,2022-01-06,2,2024-11-29,2025-02-12,True,1058.0,Valid,86253.72,1696.6170000000002,66565.83919999999,54.0,10.0,17991.2638,True,33282.919599999994,0.18518518518518517,0.019670073360314202,662.0,75.0,2026-12-06
300105,Melanie Rojas,xwilliams@example.com,Vietnam,,2023-05-03,3,2024-11-26,2026-07-03,True,573.0,Valid,67706.94,12139.8249,55567.115099999995,125.0,0.0,0.0,True,18522.3717,0.0,0.17929956515535925,156.0,584.0,2026-12-06
300106,Jeffery Taylor,nwilson@example.com,Vietnam,Retail,2024-02-21,6,2025-07-01,2026-06-01,True,496.0,Valid,402205.17000000004,37540.90633,364664.26367,293.0,0.0,0.0,True,60777.37727833333,0.0,0.09333770207379481,188.0,335.0,2026-12-06
300107,Thomas Allen,chapmanjeremy@example.net,France,Online,2022-06-04,3,2024-12-09,2025-11-26,True,919.0,Valid,268265.87,38977.17835,229288.69165,232.0,0.0,0.0,True,76429.56388333334,0.0,0.1452930943097607,375.0,352.0,2026-12-06
300108,Kimberly Williams,,France,,2024-06-05,4,2024-07-29,2026-07-25,True,54.0,Valid,221501.47,33660.16223,177663.81356,246.0,9.0,10177.49421,True,44415.95339,0.036585365853658534,0.1519636065169229,134.0,726.0,2026-12-06
300109,Christopher Williams,carrie34@example.org,United States,Online,2021-01-17,4,2022-09-23,2024-06-12,True,614.0,Valid,184984.74,2201.24982,182783.49018000002,134.0,0.0,0.0,True,45695.872545000006,0.0,0.011899629234281704,907.0,628.0,2026-12-06
300110,Bryan Jones,shawna37@example.net,France,Wholesale,2023-09-11,3,2024-01-08,2026-04-24,True,119.0,Valid,136486.53,16321.897560000001,120164.63244,109.0,0.0,0.0,True,40054.87748,0.0,0.11958614201709136,226.0,837.0,2026-12-06
300111,Thomas Robinson,shelly84@example.net,China,Retail,2024-05-04,5,2025-05-15,2026-07-30,True,376.0,Valid,468843.39999999997,40729.10613,428114.29387,372.0,0.0,0.0,True,85622.858774,0.0,0.08687145031795265,129.0,441.0,2026-12-06
300112,Emma Weaver,brownrachel@example.net,United States,,2021-11-19,2,2022-07-07,2026-02-16,True,230.0,Valid,202548.39,11119.6941,191428.69594,193.0,0.0,0.0,True,95714.34797,0.0,0.05489895081367963,293.0,1320.0,2026-12-06
300113,Mr. Thomas Skinner,kevintran@example.org,China,Retail,2025-06-01,6,2025-12-27,2026-07-23,True,209.0,Valid,281717.31,34005.86708,232902.93004,279.0,17.0,14808.51288,True,38817.15500666667,0.06093189964157706,0.12070918567268729,136.0,208.0,2026-12-06
300114,Brenda Spence,dsantos@example.org,Canada,Corporate,2022-07-11,7,2022-11-19,2025-04-27,True,131.0,Valid,303581.23,22329.48083,281251.74916999997,266.0,0.0,0.0,True,40178.82130999999,0.0,0.07355356202358097,588.0,890.0,2026-12-06
300115,Debra Chapman,margaret10@example.com,Australia,Retail,2020-10-08,1,2025-12-12,2025-12-12,True,1891.0,Valid,136187.11,5699.95871,130487.15129000001,74.0,0.0,0.0,False,130487.15129000001,0.0,0.04185387816805864,359.0,0.0,2026-12-06
300116,Albert Reyes,nwilliams@example.com,India,Online,2024-12-08,3,2025-03-09,2025-08-09,True,91.0,Valid,320043.63,14022.760730000002,306020.86927,247.0,0.0,0.0,True,102006.95642333334,0.0,0.043815153358934225,484.0,153.0,2026-12-06
300117,Anthony Torres,sharon95@example.com,Australia,Retail,2021-08-02,4,2022-03-25,2026-07-07,True,235.0,Valid,337820.08,41775.32604,295427.38060000003,240.0,9.0,617.37336,True,73856.84515000001,0.0375,0.12366146512072343,152.0,1565.0,2026-12-06
300118,Nicole Peterson,yglenn@example.net,Brazil,Wholesale,2024-09-18,1,2025-07-06,2025-07-06,True,291.0,Valid,0.0,0.0,0.0,0.0,0.0,0.0,False,0.0,,,518.0,0.0,2026-12-06
300119,Renee Tran,michele87@example.com,Vietnam,Online,2025-04-22,8,2025-07-21,2026-08-01,True,90.0,Valid,267543.92,26858.96961,240684.95038999998,424.0,0.0,0.0,True,30085.618798749998,0.0,0.10039088015904081,127.0,376.0,2026-12-06
300120,Kelly Martin,pmcdonald@example.org,France,Corporate,2023-07-12,7,2024-04-21,2026-04-03,True,284.0,Valid,380783.49000000005,21500.60757,359282.88243,358.0,0.0,0.0,True,51326.12606142857,0.0,0.056464127607003124,247.0,712.0,2026-12-06
300121,Michael Hill,kelseyphillips@example.net,Vietnam,Retail,2025-03-15,1,2026-03-19,2026-03-19,True,369.0,Valid,97904.19,7174.1019,90730.0881,90.0,0.0,0.0,False,90730.0881,0.0,0.07327676067796485,262.0,0.0,2026-12-06
300122,Heidi Hopkins,martinezashley@example.com,Vietnam,Corporate,2022-08-21,4,2022-08-30,2026-01-06,True,9.0,Valid,279255.03,31981.90465,229497.93751,161.0,18.0,17775.18784,True,57374.4843775,0.11180124223602485,0.11452579618709105,334.0,1225.0,2026-12-06
300123,Jill Smith,owenstammy@example.com,Brazil,Wholesale,2024-11-04,2,2025-10-05,2026-07-13,True,335.0,Valid,119287.21,20969.53442,98317.67558000001,108.0,0.0,0.0,True,49158.837790000005,0.0,0.17579029989887432,146.0,281.0,2026-12-06
300124,Jennifer Riley,,Germany,,2023-11-08,2,2023-11-10,2024-11-22,True,2.0,Valid,49436.99999999999,7258.71492,42178.285079999994,141.0,0.0,0.0,True,21089.142539999997,0.0,0.14682757691607504,744.0,378.0,2026-12-06
300125,David Buchanan,misty23@example.net,Brazil,Retail,2025-06-06,5,2025-06-30,2026-05-02,True,24.0,Valid,257668.91,24933.38908,232735.52091999998,214.0,0.0,0.0,True,46547.104183999996,0.0,0.09676522122905709,218.0,306.0,2026-12-06
300126,Mary Hall,lopezwilliam@example.com,United Kingdom,Retail,2021-07-15,4,2022-06-02,2026-03-31,True,322.0,Valid,404123.85,37888.16242,366235.68757999997,331.0,0.0,0.0,True,91558.92189499999,0.0,0.09375383912629755,250.0,1398.0,2026-12-06
300127,Mitchell Brown,theresa05@example.net,Canada,Online,2023-07-25,4,2024-07-22,2025-02-25,True,363.0,Valid,218249.73,26139.902769999997,192109.82723000002,201.0,0.0,0.0,True,48027.456807500006,0.0,0.11977060759708613,649.0,218.0,2026-12-06
300128,Hannah Jones,ewilson@example.org,Vietnam,Online,2024-04-03,10,2024-04-10,2026-06-26,True,7.0,Valid,753651.24,100628.13102,653023.10898,624.0,0.0,0.0,True,65302.310898,0.0,0.13352081928505816,163.0,807.0,2026-12-06
300129,Sandra Becker,maynancy@example.org,United States,,2021-09-07,4,2022-08-20,2025-03-09,True,347.0,Valid,33511.520000000004,2685.21064,15165.08952,38.0,8.0,15661.21984,True,3791.27238,0.21052631578947367,0.08012798703251894,637.0,932.0,2026-12-06
300130,Heather Hester,thomas49@example.org,India,Wholesale,2020-10-15,4,2023-06-26,2026-07-08,True,984.0,Valid,558174.53,54037.747370000005,504136.78263000003,467.0,0.0,0.0,True,126034.19565750001,0.0,0.0968115606600681,151.0,1108.0,2026-12-06
300131,Timothy Buck,rodriguezjason@example.com,United Kingdom,Corporate,2021-06-19,8,2022-01-15,2025-11-08,True,210.0,Valid,370408.77,31461.12503,338947.64496999996,476.0,0.0,0.0,True,42368.455621249996,0.0,0.08493623147745664,393.0,1393.0,2026-12-06
300132,Katie Perkins,shelby69@example.org,United States,Retail,2023-03-21,3,2024-01-18,2026-05-28,True,303.0,Valid,141936.68,26850.12799,115086.55201,114.0,0.0,0.0,True,38362.184003333336,0.0,0.1891697621080048,192.0,861.0,2026-12-06
300133,Phillip Banks,benjaminvictoria@example.net,Australia,Retail,2023-12-13,2,2024-04-01,2025-02-04,True,110.0,Valid,304368.98,24227.86391,280141.11609,249.0,0.0,0.0,True,140070.558045,0.0,0.07960030588531065,670.0,309.0,2026-12-06
300134,Kimberly Barnes,abbottallison@example.org,China,Online,2023-03-08,7,2023-05-04,2026-07-17,True,57.0,Valid,312477.04,32984.51719,262856.64292,328.0,12.0,16635.87989,True,37550.94898857143,0.036585365853658534,0.1055582105808478,142.0,1170.0,2026-12-06
300135,Kelly Stewart,marycarter@example.org,Germany,,2023-09-13,3,2024-06-15,2025-01-16,True,276.0,Valid,0.0,0.0,0.0,0.0,0.0,0.0,True,0.0,,,689.0,215.0,2026-12-06
300136,Vanessa Hall,kaitlin13@example.com,Canada,Retail,2022-04-23,3,2022-09-09,2025-09-26,True,139.0,Valid,123196.76000000001,20553.23808,102643.52192,139.0,0.0,0.0,True,34214.50730666667,0.0,0.1668326186500359,436.0,1113.0,2026-12-06
300137,Heidi Bell,melendezdenise@example.net,Australia,Online,2024-04-30,6,2024-12-20,2026-07-19,True,234.0,Valid,313618.86,50774.19618,260536.57542,253.0,8.0,2308.0884,True,43422.76257,0.03162055335968379,0.16189777674722752,140.0,576.0,2026-12-06
300138,Crystal Carey,sarasanchez@example.com,United Kingdom,Retail,2021-10-25,4,2021-12-10,2025-07-12,True,46.0,Valid,298299.9,41454.06843,256845.83157000004,236.0,0.0,0.0,True,64211.45789250001,0.0,0.13896775838677786,512.0,1310.0,2026-12-06
300139,Lisa Flynn,lee16@example.com,United Kingdom,Retail,2024-01-13,3,2024-06-03,2026-02-20,True,142.0,Valid,374286.81000000006,33672.52664,340614.28336,236.0,0.0,0.0,True,113538.09445333334,0.0,0.08996450246269697,289.0,627.0,2026-12-06
300140,Johnny Keith,rachelwalter@example.org,Australia,,2023-03-11,3,2023-12-10,2024-11-18,True,274.0,Valid,122895.38,15601.8975,107293.48250000001,131.0,0.0,0.0,True,35764.49416666667,0.0,0.12695267714701722,748.0,344.0,2026-12-06
300141,Ralph Dawson,,Brazil,Retail,2021-07-01,1,2026-06-06,2026-06-06,True,1801.0,Valid,0.0,0.0,0.0,0.0,0.0,0.0,False,0.0,,,183.0,0.0,2026-12-06
300142,Christopher Jones,wstrong@example.org,Canada,Wholesale,2024-10-31,2,2025-07-03,2026-05-22,True,245.0,Valid,152491.43,26312.49096,126178.93904,168.0,0.0,0.0,True,63089.46952,0.0,0.17255062110703534,198.0,323.0,2026-12-06
300143,Michelle Wilson,brittany91@example.net,Australia,Retail,2022-09-04,4,2023-03-14,2025-02-20,True,191.0,Valid,149453.33,16274.67924,133178.65076,143.0,0.0,0.0,True,33294.66269,0.0,0.10889472479469009,654.0,709.0,2026-12-06
300144,Heather Cole,,Germany,Wholesale,2020-11-21,5,2021-02-17,2026-07-02,True,88.0,Valid,272682.13,27821.56169,236017.68490999998,332.0,6.0,8842.8834,True,47203.536982,0.018072289156626505,0.10202928109003695,157.0,1961.0,2026-12-06
300145,Chad White,,Canada,Wholesale,2022-02-10,5,2023-12-16,2025-10-29,True,674.0,Valid,489393.58999999997,56564.2497,432829.34030000004,298.0,0.0,0.0,True,86565.86806000001,0.0,0.11558028314183683,403.0,683.0,2026-12-06
300146,Jamie Gonzales,shirley13@example.com,France,Corporate,2022-07-07,6,2022-08-26,2026-06-03,True,50.0,Valid,431407.64,54934.78136,365811.44873999996,311.0,5.0,10661.4099,True,60968.57478999999,0.01607717041800643,0.1273384526987051,186.0,1377.0,2026-12-06
300147,Joseph Fox,ymitchell@example.com,France,Corporate,2023-02-17,4,2024-03-29,2025-11-17,True,406.0,Valid,314052.10000000003,15092.41934,298959.68066,236.0,0.0,0.0,True,74739.920165,0.0,0.04805705594708648,384.0,598.0,2026-12-06
300148,Amanda Landry,russellramirez@example.net,Germany,Corporate,2024-06-13,4,2025-07-12,2026-05-14,True,394.0,Valid,355737.85,50195.49791,305542.35209,316.0,0.0,0.0,True,76385.5880225,0.0,0.1411024941821625,206.0,306.0,2026-12-06
300149,Christopher Roberts,kgonzales@example.com,United States,Wholesale,2022-03-28,5,2022-11-03,2026-03-23,True,220.0,Valid,262977.14999999997,11233.915869999999,251743.23413,222.0,0.0,0.0,True,50348.646826,0.0,0.04271822046135948,258.0,1236.0,2026-12-06
300150,Larry Rodriguez,elizabeththomas@example.org,Australia,Retail,2025-05-11,5,2025-06-06,2026-07-17,True,26.0,Valid,183266.61,23248.07311,160018.53689,200.0,0.0,0.0,True,32003.707378,0.0,0.12685383938732758,142.0,406.0,2026-12-06
300151,Caroline George,moyeramber@example.org,Mexico,,2023-06-05,3,2025-01-28,2026-06-28,True,603.0,Valid,156225.1,11907.10416,144317.99584,162.0,0.0,0.0,True,48105.99861333333,0.0,0.07621761266275394,161.0,516.0,2026-12-06
300152,Allison Harris,hdennis@example.org,Mexico,,2020-09-12,2,2021-02-21,2022-05-06,True,162.0,Valid,31943.010000000002,4561.951349999999,17817.17643,79.0,9.0,9563.88222,True,8908.588215,0.11392405063291139,0.14281532485510912,1675.0,439.0,2026-12-06
300153,Brian Mccarthy,wallaceryan@example.com,China,Retail,2024-10-26,4,2024-12-28,2026-07-01,True,63.0,Valid,199182.06,21809.9508,177372.1092,91.0,0.0,0.0,True,44343.0273,0.0,0.10949756619647372,158.0,550.0,2026-12-06
300154,Donald Barnett,linda31@example.com,Mexico,,2021-02-05,5,2023-06-20,2024-11-19,True,865.0,Valid,134103.04,27469.51723,106633.52277,235.0,0.0,0.0,True,21326.704554,0.0,0.2048388853078946,747.0,518.0,2026-12-06
300155,Jesse Moss,mannleroy@example.org,India,Online,2021-06-13,3,2023-01-01,2024-08-01,True,567.0,Valid,304270.05000000005,40437.36935,263832.68065,286.0,0.0,0.0,True,87944.22688333334,0.0,0.13289960464396675,857.0,578.0,2026-12-06
300156,Rebecca Stewart,averycourtney@example.org,Vietnam,Online,2022-10-31,1,2025-04-05,2025-04-05,True,887.0,Valid,51366.869999999995,7807.872240000001,43558.99776,84.0,0.0,0.0,False,43558.99776,0.0,0.1520021025225014,610.0,0.0,2026-12-06
300157,Tony Nunez,theodore72@example.net,Vietnam,Corporate,2021-05-07,3,2021-07-30,2025-09-02,True,84.0,Valid,341810.12,33403.92428,308406.19571999996,296.0,0.0,0.0,True,102802.06523999998,0.0,0.09772655145494229,460.0,1495.0,2026-12-06
300158,Mark Davis,aaronjones@example.net,Vietnam,Corporate,2023-02-24,3,2023-07-08,2024-09-11,True,134.0,Valid,181642.62,7533.61942,174109.00058,221.0,0.0,0.0,True,58036.33352666666,0.0,0.04147495461142325,816.0,431.0,2026-12-06
300159,Amanda Watts,pwelch@example.net,China,,2023-09-21,5,2023-11-24,2026-03-31,True,64.0,Valid,218334.44,8604.8442,209729.5958,273.0,0.0,0.0,True,41945.919160000005,0.0,0.03941130038852322,250.0,858.0,2026-12-06
300160,Tiffany Humphrey,nancycontreras@example.com,United States,Wholesale,2022-05-29,2,2022-09-20,2026-05-14,True,114.0,Valid,172377.13,3038.73051,169338.39948999998,103.0,0.0,0.0,True,84669.19974499999,0.0,0.017628385563676574,206.0,1332.0,2026-12-06
300161,Howard Castillo,robinsonsydney@example.com,India,Retail,2024-08-24,4,2024-09-28,2026-07-18,True,35.0,Valid,165590.7,29848.9995,134373.52908,190.0,3.0,1368.17142,True,33593.38227,0.015789473684210527,0.1802577046899373,141.0,658.0,2026-12-06
300162,David Coleman,stevenflores@example.org,United Kingdom,Wholesale,2022-10-06,6,2022-11-05,2025-04-11,True,30.0,Valid,291197.93,11604.3042,279593.6258,306.0,0.0,0.0,True,46598.93763333333,0.0,0.039850229017768087,604.0,888.0,2026-12-06
300163,Carl Khan,rburke@example.org,China,Corporate,2022-05-27,8,2022-10-13,2026-08-01,True,139.0,Valid,425893.29000000004,39893.56311,385999.72689,344.0,0.0,0.0,True,48249.96586125,0.0,0.09367032551745533,127.0,1388.0,2026-12-06
300164,Daniel Rosales,xbrown@example.com,Japan,Retail,2020-10-22,4,2021-11-19,2024-06-06,True,393.0,Valid,75728.35,17420.60151,58307.74849,93.0,0.0,0.0,True,14576.9371225,0.0,0.23004068502746988,913.0,930.0,2026-12-06
300165,James Ramos,dgreen@example.com,France,Wholesale,2021-12-21,4,2022-10-22,2024-12-26,True,305.0,Valid,195414.56,37094.40339,158320.15661,106.0,0.0,0.0,True,39580.0391525,0.0,0.1898241532770127,710.0,796.0,2026-12-06
300166,Mark Williams,kortiz@example.org,Mexico,,2023-02-03,4,2023-06-08,2025-02-28,True,125.0,Valid,76938.62,8505.95822,68432.66178,183.0,0.0,0.0,True,17108.165445,0.0,0.11055511809283818,646.0,631.0,2026-12-06
300167,Ashley Donaldson,david80@example.net,China,Retail,2023-05-06,2,2023-07-17,2025-06-03,True,72.0,Valid,139891.27,8157.56841,131733.70158999998,153.0,0.0,0.0,True,65866.85079499999,0.0,0.058313634653542,551.0,687.0,2026-12-06
300168,Richard Cook,katie81@example.net,China,Wholesale,2020-10-08,3,2024-03-03,2025-03-17,True,1242.0,Valid,159690.23,26468.38291,133221.84709,201.0,0.0,0.0,True,44407.28236333333,0.0,0.16574829224054596,629.0,379.0,2026-12-06
300169,Joseph Galloway,oheath@example.com,Canada,Wholesale,2020-11-28,2,2023-12-30,2025-06-30,True,1127.0,Valid,96416.78,723.74222,95693.03778,42.0,0.0,0.0,True,47846.51889,0.0,0.0075063927669021925,524.0,548.0,2026-12-06
300170,Erin Lewis,shelbyjohnson@example.org,United States,Corporate,2024-09-02,2,2025-11-05,2026-04-01,True,429.0,Valid,85971.24,21981.985200000003,63989.254799999995,46.0,0.0,0.0,True,31994.627399999998,0.0,0.25568998655829556,249.0,147.0,2026-12-06
300171,Kathryn Moody,,Germany,Corporate,2024-06-09,3,2025-12-26,2026-08-01,True,565.0,Valid,333775.54,15781.79592,317993.74408,248.0,0.0,0.0,True,105997.91469333332,0.0,0.04728266163542122,127.0,218.0,2026-12-06
300172,Amanda Brady,irios@example.net,Australia,Corporate,2023-10-28,2,2024-06-27,2025-01-31,True,243.0,Valid,65800.18,9502.6624,56297.51760000001,55.0,0.0,0.0,True,28148.758800000003,0.0,0.1444169666405168,674.0,218.0,2026-12-06
300173,Angela Wagner,vsmith@example.net,Australia,Retail,2025-01-17,3,2025-01-30,2026-04-11,True,13.0,Valid,200378.93,21818.73688,178560.19312,164.0,0.0,0.0,True,59520.064373333335,0.0,0.10888738092373286,239.0,436.0,2026-12-06
300174,Noah Sparks,marievillarreal@example.com,Germany,Online,2023-09-09,3,2025-08-21,2026-02-17,True,712.0,Valid,223719.90000000002,9542.71199,214177.18800999998,166.0,0.0,0.0,True,71392.39600333333,0.0,0.04265473026762483,292.0,180.0,2026-12-06
300175,Elizabeth Stevens,bakerdiana@example.com,Brazil,Corporate,2022-10-16,3,2023-12-25,2025-10-29,True,435.0,Valid,152706.59999999998,9296.27466,143410.32534,155.0,0.0,0.0,True,47803.44178,0.0,0.06087670513258759,403.0,674.0,2026-12-06
300176,Daniel Russell,,United Kingdom,Retail,2022-07-19,4,2023-03-22,2024-02-10,True,246.0,Valid,373636.32,35707.01308,337929.30692,305.0,0.0,0.0,True,84482.32673,0.0,0.09556622621698017,1030.0,325.0,2026-12-06
300177,Monica Bean PhD,chavezbecky@example.org,Mexico,,2022-07-30,4,2024-04-17,2026-05-30,True,627.0,Valid,280226.44,26568.652860000002,253657.78714000003,349.0,0.0,0.0,True,63414.44678500001,0.0,0.09481137061870394,190.0,773.0,2026-12-06
300178,Jacob Hart,martin11@example.net,Japan,Wholesale,2022-08-26,3,2023-05-01,2024-04-29,True,248.0,Valid,6697.25,1687.707,5009.543,73.0,0.0,0.0,True,1669.8476666666666,0.0,0.252,951.0,364.0,2026-12-06
300179,Katherine Wright,richardmassey@example.net,United Kingdom,Corporate,2021-06-07,5,2021-11-16,2024-08-14,True,162.0,Valid,460580.26,35399.48525,425180.77475,313.0,0.0,0.0,True,85036.15495,0.0,0.07685845079422204,844.0,1002.0,2026-12-06
300180,Crystal Saunders,robert52@example.org,Japan,Retail,2024-04-12,3,2026-01-21,2026-05-10,True,649.0,Valid,243307.65,27914.498059999998,207769.64044,215.0,5.0,7623.5115,True,69256.54681333333,0.023255813953488372,0.11472922474899576,210.0,109.0,2026-12-06
300181,Jennifer Smith,karinorton@example.net,United Kingdom,Wholesale,2022-09-04,2,2023-07-10,2023-12-27,True,309.0,Valid,33321.25,1832.66875,31488.58125,19.0,0.0,0.0,True,15744.290625,0.0,0.055,1075.0,170.0,2026-12-06
300182,Cynthia Murray,vrobertson@example.net,Vietnam,Retail,2023-03-01,6,2023-08-30,2026-07-15,True,182.0,Valid,316496.99,36605.35495,251113.762,269.0,17.0,28777.873050000002,True,41852.293666666665,0.06319702602230483,0.11565782963686322,144.0,1050.0,2026-12-06
300183,Michael Bennett,martinkaitlin@example.org,Germany,Retail,2021-01-26,1,2021-03-12,2021-03-12,True,45.0,Valid,86367.2,8854.498599999999,77512.7014,69.0,0.0,0.0,False,77512.7014,0.0,0.10252154290054558,2095.0,0.0,2026-12-06
300184,Ashley Mcclure,zjackson@example.net,China,,2021-08-26,2,2023-08-15,2024-05-12,True,719.0,Valid,115228.16,13141.85728,102086.30272,71.0,0.0,0.0,True,51043.15136,0.0,0.11405074315167403,938.0,271.0,2026-12-06
300185,Kimberly Ross,david44@example.net,Japan,Wholesale,2023-02-06,1,2023-12-08,2023-12-08,True,305.0,Valid,108977.38,3291.9386400000003,105685.44133999999,60.0,0.0,0.0,False,105685.44133999999,0.0,0.030207540684130965,1094.0,0.0,2026-12-06
300186,Kristy Martin,alexandra39@example.net,Australia,,2022-04-11,5,2023-10-16,2025-08-14,True,553.0,Valid,406693.0,16220.64391,390472.35609,256.0,0.0,0.0,True,78094.471218,0.0,0.03988424661845667,479.0,668.0,2026-12-06
300187,Kaitlyn Clark,sara22@example.net,India,Wholesale,2022-07-09,3,2023-03-10,2026-04-28,True,244.0,Valid,312523.39999999997,19056.8231,293466.57690000004,145.0,0.0,0.0,True,97822.19230000001,0.0,0.0609772679421765,222.0,1145.0,2026-12-06
300188,Evan White,ajones@example.com,China,Corporate,2024-03-28,4,2025-03-20,2026-07-17,True,357.0,Valid,230616.38,33843.119009999995,196773.26098999998,196.0,0.0,0.0,True,49193.315247499995,0.0,0.14675071653626684,142.0,484.0,2026-12-06
300189,Brandon Ellis,browntaylor@example.org,United Kingdom,Online,2024-03-03,2,2024-06-09,2026-02-11,True,98.0,Valid,149922.26,28954.74134,120967.51866,123.0,0.0,0.0,True,60483.75933,0.0,0.1931317026570971,298.0,612.0,2026-12-06
300190,Sophia Cooper,reillyjoshua@example.com,China,Corporate,2020-12-30,4,2021-11-23,2026-01-06,True,328.0,Valid,440627.13,24667.76308,415959.36692,363.0,0.0,0.0,True,103989.84173,0.0,0.05598330515871776,334.0,1505.0,2026-12-06
300191,Marcus Powell,ann31@example.net,India,,2023-08-03,0,,,False,,Cannot Determine,0.0,0.0,0.0,0.0,0.0,0.0,False,,,,,,2026-12-06
300192,Diana Baker,martinezalexa@example.net,Vietnam,Corporate,2021-06-05,2,2022-11-25,2024-04-25,True,538.0,Valid,31136.57,1142.8755,29993.6945,37.0,0.0,0.0,True,14996.84725,0.0,0.03670524723821539,955.0,517.0,2026-12-06
300193,Raymond Vargas,tammy97@example.org,India,Wholesale,2024-06-29,5,2025-09-15,2026-07-12,True,443.0,Valid,157819.34,21023.12401,136796.21599,226.0,0.0,0.0,True,27359.243198,0.0,0.13321006164390245,147.0,300.0,2026-12-06
300194,Virginia Davis,douglasalvarez@example.org,Canada,Online,2021-07-03,5,2021-12-24,2024-03-09,True,174.0,Valid,455333.16,56504.99973,398828.16027000005,360.0,0.0,0.0,True,79765.63205400002,0.0,0.1240959470863049,1002.0,806.0,2026-12-06
300195,Amy Hunt,ecoleman@example.com,Australia,Wholesale,2022-04-13,1,2023-04-10,2023-04-10,True,362.0,Valid,104981.21,1325.68386,103655.52613999999,72.0,0.0,0.0,False,103655.52613999999,0.0,0.012627820349946433,1336.0,0.0,2026-12-06
300196,Cynthia Long,wmccarthy@example.com,Australia,Corporate,2022-03-06,4,2022-10-16,2025-08-27,True,224.0,Valid,294361.63,48904.883579999994,224243.90769999998,328.0,9.0,21212.83872,True,56060.976924999995,0.027439024390243903,0.16613878507195382,466.0,1046.0,2026-12-06
300197,Blake Jacobs,stephaniedougherty@example.com,Germany,Retail,2024-09-11,5,2025-03-15,2026-03-21,True,185.0,Valid,224482.88999999998,14391.5066,210091.38340000002,168.0,0.0,0.0,True,42018.27668,0.0,0.06410959249500041,260.0,371.0,2026-12-06
300198,Kristina Henry,gina86@example.net,Canada,Retail,2024-03-21,2,2025-02-13,2025-06-17,True,329.0,Valid,302837.53,40825.66112,262011.86888,273.0,0.0,0.0,True,131005.93444,0.0,0.1348104414931663,537.0,124.0,2026-12-06
300199,Jacob Owens,jessica39@example.net,Mexico,Retail,2022-05-28,5,2022-11-21,2026-05-16,True,177.0,Valid,451824.16,43744.98443,402813.38146999996,289.0,6.0,5265.7941,True,80562.67629399999,0.020761245674740483,0.09681860401179078,204.0,1272.0,2026-12-06
300200,Cheryl Brooks,gonzalezmichael@example.org,United Kingdom,Wholesale,2025-01-17,1,2025-10-19,2025-10-19,True,275.0,Valid,24369.87,2656.31583,21713.55417,21.0,0.0,0.0,False,21713.55417,0.0,0.109,413.0,0.0,2026-12-06
300201,Brandon Wood,wesley09@example.com,Germany,Retail,2020-09-10,2,2021-07-14,2021-11-02,True,307.0,Valid,139144.09,18522.049610000002,119162.98332,123.0,1.0,1459.05707,True,59581.49166,0.008130081300813009,0.1331141668323822,1860.0,111.0,2026-12-06
300202,John Williams,joshua09@example.org,United Kingdom,Retail,2020-10-31,4,2021-03-22,2026-04-07,True,142.0,Valid,304372.42,49308.83867,255063.58133000002,172.0,0.0,0.0,True,63765.895332500004,0.0,0.16200166450692213,243.0,1842.0,2026-12-06
300203,Yolanda Chen,vthompson@example.net,India,,2024-12-24,6,2025-01-01,2026-06-01,True,8.0,Valid,182888.95,16854.51306,166034.43693999999,169.0,0.0,0.0,True,27672.406156666664,0.0,0.09215708800340316,188.0,516.0,2026-12-06
300204,Amanda Johnson,janicethompson@example.org,India,Retail,2024-06-01,5,2025-04-22,2025-12-10,True,325.0,Valid,376553.30000000005,29360.65172,347192.64827999996,320.0,0.0,0.0,True,69438.529656,0.0,0.07797210041712554,361.0,232.0,2026-12-06
300205,Barbara Ramos,edwardsmichaela@example.com,United Kingdom,Retail,2021-01-29,3,2022-03-04,2024-02-07,True,399.0,Valid,176591.77999999997,19929.69746,156662.08254,224.0,0.0,0.0,True,52220.69418,0.0,0.11285744704538345,1033.0,705.0,2026-12-06
300206,Lucas Smith,rachael29@example.net,India,Online,2025-07-31,4,2025-08-04,2026-06-11,True,4.0,Valid,144997.97,23797.60918,121200.36082,182.0,0.0,0.0,True,30300.090205,0.0,0.1641237403530546,178.0,311.0,2026-12-06
300207,Teresa Powell,brownmandy@example.net,Vietnam,Retail,2025-05-21,5,2025-09-10,2026-07-20,True,112.0,Valid,270305.42000000004,35713.8652,234591.5548,313.0,0.0,0.0,True,46918.31096,0.0,0.1321241179699615,139.0,313.0,2026-12-06
300208,Christopher Williams,haleyortiz@example.net,Vietnam,Retail,2021-05-27,3,2021-10-13,2025-05-29,True,139.0,Valid,67141.5,17833.6431,49307.8569,44.0,0.0,0.0,True,16435.9523,0.0,0.2656128191952816,556.0,1324.0,2026-12-06
300209,April Hill,david79@example.net,United Kingdom,Online,2024-05-25,6,2024-06-09,2026-06-09,True,15.0,Valid,313145.45,44681.48998,268463.96002,238.0,0.0,0.0,True,44743.99333666667,0.0,0.14268605844344856,180.0,730.0,2026-12-06
300210,Anita Hardin,jessicalopez@example.net,Brazil,Retail,2021-02-04,1,2023-03-29,2023-03-29,True,783.0,Valid,65366.280000000006,6319.73448,50345.32352,30.0,5.0,8701.222,False,50345.32352,0.16666666666666666,0.09668187450777373,1348.0,0.0,2026-12-06
300211,Christopher Smith,steven34@example.net,China,Online,2023-10-19,5,2024-09-28,2026-05-20,True,345.0,Valid,256695.51,54843.06166000001,201852.44834,261.0,0.0,0.0,True,40370.489668,0.0,0.21365025691333675,200.0,599.0,2026-12-06
300212,Cheryl Campos,lancegray@example.com,Australia,Online,2023-11-16,7,2023-12-17,2026-01-29,True,31.0,Valid,681147.06,64958.14578,616188.91417,475.0,0.0,0.0,True,88026.98773857144,0.0,0.095365816861927,311.0,774.0,2026-12-06
300213,Ethan Perez,joshuagonzalez@example.com,United Kingdom,Retail,2021-07-22,5,2021-12-30,2026-03-20,True,161.0,Valid,322945.43,30132.78761,292812.64239,287.0,0.0,0.0,True,58562.528478,0.0,0.09330612794242049,261.0,1541.0,2026-12-06
300214,Brandon Kelly,michael87@example.net,Canada,Retail,2021-12-17,3,2022-03-29,2026-03-09,True,102.0,Valid,217071.02,15122.51601,201948.50399,194.0,0.0,0.0,True,67316.16799666667,0.0,0.06966621343558435,272.0,1441.0,2026-12-06
300215,Travis Richards,,China,Corporate,2024-02-06,3,2024-10-15,2026-03-23,True,252.0,Valid,125119.37000000001,14690.54895,110428.82105,104.0,0.0,0.0,True,36809.60701666667,0.0,0.11741226758095089,258.0,524.0,2026-12-06
300216,Melanie Roberts,holly88@example.net,Brazil,Online,2022-11-01,3,2023-12-01,2025-03-05,True,395.0,Valid,228851.59000000003,19685.21258,209166.37742,138.0,0.0,0.0,True,69722.12580666666,0.0,0.0860173730057982,641.0,460.0,2026-12-06
300217,Raymond Scott,hgreen@example.net,Australia,Corporate,2024-08-20,5,2024-09-23,2025-12-31,True,34.0,Valid,201288.16,29056.252709999997,155519.36089,237.0,14.0,16712.5464,True,31103.872178,0.05907172995780591,0.14435152425259387,340.0,464.0,2026-12-06
300218,Charles Willis,anne90@example.com,Brazil,Retail,2023-12-16,8,2024-03-18,2025-07-11,True,93.0,Valid,596951.17,45824.54613,551126.62387,475.0,0.0,0.0,True,68890.82798375,0.0,0.07676431244786738,513.0,480.0,2026-12-06
300219,Sheila Smith,valvarez@example.net,Australia,Retail,2024-03-03,2,2024-05-02,2025-12-18,True,60.0,Valid,217042.07,23806.02714,193236.04286000002,186.0,0.0,0.0,True,96618.02143000001,0.0,0.10968392966395868,353.0,595.0,2026-12-06
300220,Hunter Martin,,Japan,,2025-03-06,0,,,False,,Cannot Determine,0.0,0.0,0.0,0.0,0.0,0.0,False,,,,,,2026-12-06
300221,Jessica Ross,johnnybrooks@example.com,Australia,Online,2022-12-12,3,2024-06-12,2025-10-08,True,548.0,Valid,103750.56000000001,14745.60176,89004.95823999999,71.0,0.0,0.0,True,29668.31941333333,0.0,0.14212551488878708,424.0,483.0,2026-12-06
300222,Andrew Hickman,,Australia,Wholesale,2023-01-29,6,2023-04-09,2026-03-03,True,70.0,Valid,313575.11,38937.3753,274637.73470000003,309.0,0.0,0.0,True,45772.95578333334,0.0,0.12417240418093133,278.0,1059.0,2026-12-06
300223,Derrick Ray,martingarrett@example.com,United States,Online,2021-03-15,4,2022-06-26,2025-07-20,True,468.0,Valid,168015.13999999998,28554.12756,139461.01244000002,202.0,0.0,0.0,True,34865.253110000005,0.0,0.16994972929225308,504.0,1120.0,2026-12-06
300224,Terri Gonzalez,davidcook@example.org,Canada,Retail,2025-02-04,5,2025-05-14,2026-07-03,True,99.0,Valid,273550.55000000005,15170.20318,255882.20169999998,303.0,8.0,2498.14512,True,51176.440339999994,0.026402640264026403,0.05545667219459072,156.0,415.0,2026-12-06
300225,Ralph Solis,dfoster@example.org,Vietnam,Corporate,2025-07-07,5,2025-07-10,2026-04-15,True,3.0,Valid,415016.94,52421.26954,362595.67046,280.0,0.0,0.0,True,72519.134092,0.0,0.1263111562144909,235.0,279.0,2026-12-06
300226,Christopher Parker,joelharris@example.org,Canada,Wholesale,2023-12-16,6,2024-02-11,2026-06-13,True,57.0,Valid,262624.96,20503.5836,242121.3764,341.0,0.0,0.0,True,40353.56273333333,0.0,0.07807172478960112,176.0,853.0,2026-12-06
300227,Justin Rowe,woodsmelvin@example.com,China,Retail,2024-04-14,3,2024-09-26,2026-11-07,True,165.0,Valid,190741.55,20319.19102,170422.35898000002,169.0,0.0,0.0,True,56807.45299333334,0.0,0.10652734561504822,29.0,772.0,2026-12-06
300228,Daniel Kennedy,tguerra@example.org,China,Online,2023-05-31,3,2023-11-06,2025-06-28,True,159.0,Valid,141453.53999999998,8360.82447,133092.71553,129.0,0.0,0.0,True,44364.238509999996,0.0,0.05910650571205218,526.0,600.0,2026-12-06
300229,Carl Hines,ricardomurphy@example.com,Germany,Wholesale,2024-06-24,4,2025-06-07,2025-10-01,True,348.0,Valid,115976.06,19138.172059999997,96837.88794,133.0,0.0,0.0,True,24209.471985,0.0,0.1650182982591407,431.0,116.0,2026-12-06
300230,Jessica Long,reedelizabeth@example.net,Canada,Retail,2024-10-05,1,2025-06-06,2025-06-06,True,244.0,Valid,135698.13,19785.99578,115912.13422,169.0,0.0,0.0,False,115912.13422,0.0,0.14580890525167886,548.0,0.0,2026-12-06
300231,Cassandra Young,matthew09@example.net,United Kingdom,,2020-10-19,1,2021-12-30,2021-12-30,True,437.0,Valid,0.0,0.0,0.0,0.0,0.0,0.0,False,0.0,,,1802.0,0.0,2026-12-06
300232,Maria Taylor,bradleyturner@example.org,Vietnam,Online,2024-06-03,6,2024-06-21,2026-07-30,True,18.0,Valid,542143.2899999999,51393.08253,490750.20747,355.0,0.0,0.0,True,81791.701245,0.0,0.09479612397305517,129.0,769.0,2026-12-06
300233,Jessica Mitchell,eleonard@example.org,China,Retail,2022-05-13,6,2022-10-07,2025-11-20,True,147.0,Valid,563033.72,68264.763,494768.95699999994,422.0,0.0,0.0,True,82461.49283333332,0.0,0.12124453753853323,381.0,1140.0,2026-12-06
300234,Cassie Sanders,marshallchristopher@example.net,Brazil,Wholesale,2021-12-20,3,2023-10-17,2025-10-19,True,666.0,Valid,286125.87,28333.217839999998,257792.65216,191.0,0.0,0.0,True,85930.88405333333,0.0,0.0990236144672972,413.0,733.0,2026-12-06
300235,Jennifer Roman,luisandrews@example.com,Mexico,,2024-04-29,8,2024-12-21,2026-07-25,True,236.0,Valid,723365.31,63346.172,660019.138,620.0,0.0,0.0,True,82502.39225,0.0,0.08757148169021264,134.0,581.0,2026-12-06
300236,Matthew Santiago,twise@example.com,China,Retail,2024-02-05,2,2024-12-20,2025-12-10,True,319.0,Valid,231911.68,23814.2778,208097.40219999998,133.0,0.0,0.0,True,104048.70109999999,0.0,0.10268684095600532,361.0,355.0,2026-12-06
300237,Lindsey Lang,xshaw@example.com,Brazil,Wholesale,2021-12-16,2,2023-03-27,2023-09-14,True,466.0,Valid,150335.12000000002,5026.40626,145308.71373999998,238.0,0.0,0.0,True,72654.35686999999,0.0,0.03343467753908733,1179.0,171.0,2026-12-06
300238,Valerie Rodriguez,tinaschmidt@example.com,Mexico,Corporate,2024-03-23,1,2024-03-04,2024-03-04,True,-19.0,First Order Before Signup,81150.9,21054.3423,60096.557700000005,55.0,0.0,0.0,False,60096.557700000005,0.0,0.25944681205014364,1007.0,0.0,2026-12-06
300239,Adam Vaughan,james97@example.com,Vietnam,Retail,2025-01-06,5,2025-05-17,2026-06-23,True,131.0,Valid,530589.52,54769.640810000004,475819.87919,408.0,0.0,0.0,True,95163.975838,0.0,0.1032241285316001,166.0,402.0,2026-12-06
300240,Bryan Burns,brendan95@example.com,China,Wholesale,2020-11-27,1,2022-12-26,2022-12-26,True,759.0,Valid,209289.16,35275.03512,174014.12488000002,122.0,0.0,0.0,False,174014.12488000002,0.0,0.16854688088002265,1441.0,0.0,2026-12-06
300241,Pamela Johnson,guy56@example.org,Brazil,Online,2022-10-17,2,2025-02-03,2026-06-08,True,840.0,Valid,18793.04,3797.61416,14995.42584,85.0,0.0,0.0,True,7497.71292,0.0,0.2020755641450239,181.0,490.0,2026-12-06
300242,Andrew Rodriguez,schmidtrandy@example.org,United Kingdom,Wholesale,2022-11-24,2,2026-03-06,2026-07-01,True,1198.0,Valid,100972.04000000001,1167.37492,99804.66508,60.0,0.0,0.0,True,49902.33254,0.0,0.011561368077737163,158.0,117.0,2026-12-06
300243,Nicholas Schultz,worozco@example.com,Mexico,Corporate,2021-01-31,7,2022-02-08,2025-11-12,True,373.0,Valid,380493.56999999995,17529.40772,362964.16228,319.0,0.0,0.0,True,51852.02318285714,0.0,0.0460701812122607,389.0,1373.0,2026-12-06
300244,Roger Conley,uwilliams@example.com,Canada,,2024-02-10,6,2024-06-03,2026-04-06,True,114.0,Valid,435228.08999999997,30536.61405,404691.47599,322.0,3.0,0.0,True,67448.57933166667,0.009316770186335404,0.07016232350719827,244.0,672.0,2026-12-06
300245,Misty Burnett,reyestina@example.org,United Kingdom,Wholesale,2020-08-11,2,2021-09-15,2025-11-17,True,400.0,Valid,104380.51999999999,9495.72492,94884.79508,89.0,0.0,0.0,True,47442.39754,0.0,0.09097219404540235,384.0,1524.0,2026-12-06
300246,Elizabeth Morales,stephaniescott@example.net,United States,Retail,2022-05-09,5,2024-01-01,2025-05-07,True,602.0,Valid,276794.93,59264.15982,216613.10969999997,231.0,8.0,917.66048,True,43322.62194,0.03463203463203463,0.21410854534076906,578.0,492.0,2026-12-06
300247,Thomas Sanford,ashleycooley@example.net,Australia,Corporate,2024-05-18,3,2024-11-14,2026-05-12,True,180.0,Valid,115336.45000000001,15213.777530000001,100122.67246999999,127.0,0.0,0.0,True,33374.22415666666,0.0,0.13190780130652538,208.0,544.0,2026-12-06
300248,Dana Lindsey,ashley36@example.com,France,,2023-03-27,5,2023-05-04,2025-03-02,True,38.0,Valid,382242.63999999996,58353.4659,323833.20882,367.0,4.0,55.96528,True,64766.641764,0.010899182561307902,0.1526607965558212,644.0,668.0,2026-12-06
300249,Destiny Powers,rbrowning@example.com,Canada,Retail,2024-05-25,5,2025-01-29,2026-01-25,True,249.0,Valid,135922.28999999998,12567.41982,123354.87018,139.0,0.0,0.0,True,24670.974036,0.0,0.092460330237226,315.0,361.0,2026-12-06
300250,Albert Perry,joshuaford@example.net,United States,,2022-01-10,6,2022-03-27,2026-04-08,True,76.0,Valid,286131.9,45663.90432,240467.99568,184.0,0.0,0.0,True,40077.999279999996,0.0,0.15959039981211462,242.0,1473.0,2026-12-06
300251,Albert Nguyen,carrjessica@example.net,India,Retail,2022-04-03,3,2022-10-08,2025-01-31,True,188.0,Valid,193466.33,17536.01277,175930.31723,180.0,0.0,0.0,True,58643.43907666666,0.0,0.0906411610226958,674.0,846.0,2026-12-06
300252,Madison Murphy,jalvarez@example.org,Japan,Corporate,2024-10-19,4,2025-01-19,2026-01-15,True,92.0,Valid,184028.85,16462.12029,167566.72970999999,268.0,0.0,0.0,True,41891.682427499996,0.0,0.08945401924752558,325.0,361.0,2026-12-06
300253,Rodney Hernandez,sclark@example.org,Australia,Corporate,2022-05-19,1,2023-01-04,2023-01-04,True,230.0,Valid,181507.88,10183.227640000001,171324.65236,105.0,0.0,0.0,False,171324.65236,0.0,0.05610350162207834,1432.0,0.0,2026-12-06
300254,Andrew Phelps,welchanna@example.com,Vietnam,Online,2024-01-11,5,2025-10-30,2026-01-18,True,658.0,Valid,154674.11,17979.04299,136695.06701,165.0,0.0,0.0,True,27339.013402,0.0,0.11623821847108093,322.0,80.0,2026-12-06
300255,Kendra Torres,shannon70@example.org,United States,,2021-01-29,7,2021-06-20,2025-12-13,True,142.0,Valid,286879.58,11865.50714,275014.07286,218.0,0.0,0.0,True,39287.72469428572,0.0,0.04136058460487149,358.0,1637.0,2026-12-06
300256,Guy Reynolds,potterjustin@example.net,China,Corporate,2023-10-15,3,2024-05-29,2025-11-15,True,227.0,Valid,177613.71999999997,21604.1624,151329.1742,150.0,2.0,4680.3834,True,50443.05806666667,0.013333333333333334,0.12163566192972032,386.0,535.0,2026-12-06
300257,Thomas Anderson,davisjeffery@example.org,United States,Corporate,2023-02-13,5,2023-07-13,2026-07-19,True,150.0,Valid,141617.79,4520.03021,137097.75979,115.0,0.0,0.0,True,27419.551958000004,0.0,0.03191710737754063,140.0,1102.0,2026-12-06
300258,Christopher Waters,wpierce@example.org,Australia,Wholesale,2023-07-09,5,2023-09-19,2025-05-06,True,72.0,Valid,137334.1,3077.6109300000003,134256.48906999998,174.0,0.0,0.0,True,26851.297813999998,0.0,0.022409663222753853,579.0,595.0,2026-12-06
300259,Emma Cox,beckgloria@example.net,Brazil,Retail,2022-10-03,6,2022-10-22,2025-08-20,True,19.0,Valid,268863.72,47754.22378,221109.49622,298.0,0.0,0.0,True,36851.58270333333,0.0,0.17761497824994762,473.0,1033.0,2026-12-06
300260,Joseph Myers,,Mexico,Online,2024-06-21,5,2024-08-09,2025-11-10,True,49.0,Valid,204796.37,16560.26047,188236.10953,226.0,0.0,0.0,True,37647.221906,0.0,0.08086208007495446,391.0,458.0,2026-12-06
300261,Thomas Thompson,aaron57@example.net,United States,Online,2024-10-17,1,2025-02-10,2025-02-10,True,116.0,Valid,1455.76,208.53852,1247.2214800000002,16.0,0.0,0.0,False,1247.2214800000002,0.0,0.1432506182337748,664.0,0.0,2026-12-06
300262,Janet Delgado,ojenkins@example.org,France,Retail,2021-07-11,1,2024-01-26,2024-01-26,True,929.0,Valid,231824.38,18412.74152,213411.63848,177.0,0.0,0.0,False,213411.63848,0.0,0.07942538882234905,1045.0,0.0,2026-12-06
300263,Manuel Duarte,udougherty@example.net,Mexico,Retail,2023-10-05,5,2024-04-14,2026-03-11,True,192.0,Valid,281276.3,28403.10991,252873.19009,309.0,0.0,0.0,True,50574.638018,0.0,0.10097939254035979,270.0,696.0,2026-12-06
300264,Kaitlyn Davis,andrew96@example.net,United States,Corporate,2021-11-30,4,2023-06-30,2025-07-28,True,577.0,Valid,120180.51000000001,22610.67917,86733.43783,97.0,5.0,10836.393,True,21683.3594575,0.05154639175257732,0.1881393178477941,496.0,759.0,2026-12-06
300265,Thomas Ellis,gregorygiles@example.org,United States,Retail,2023-03-22,5,2023-07-07,2026-03-04,True,107.0,Valid,214097.75,12483.30167,201614.44832999998,149.0,0.0,0.0,True,40322.889665999995,0.0,0.058306552357509596,277.0,971.0,2026-12-06
300266,Steven Clark,rstevens@example.net,United Kingdom,Online,2022-04-12,4,2022-09-26,2026-01-27,True,167.0,Valid,311472.31,20271.93184,291200.37815999996,242.0,0.0,0.0,True,72800.09453999999,0.0,0.06508421836920271,313.0,1219.0,2026-12-06
300267,Christopher Murray,laramary@example.org,France,Wholesale,2022-11-19,1,2023-11-01,2023-11-01,True,347.0,Valid,0.0,0.0,0.0,30.0,0.0,0.0,False,0.0,0.0,,1131.0,0.0,2026-12-06
300268,Andrea Goodman,ecamacho@example.com,Vietnam,Corporate,2021-11-21,3,2021-12-20,2024-05-24,True,29.0,Valid,329303.22000000003,28987.803900000003,300315.41610000003,257.0,0.0,0.0,True,100105.13870000001,0.0,0.0880276964798583,926.0,886.0,2026-12-06
300269,David Baldwin,baldwincatherine@example.net,India,Online,2021-01-06,6,2021-05-22,2024-11-30,True,136.0,Valid,657994.3,96245.02712,561749.27288,701.0,0.0,0.0,True,93624.87881333333,0.0,0.14627030525948323,736.0,1288.0,2026-12-06
300270,Ronald Brown,uclayton@example.org,United Kingdom,Corporate,2024-03-28,1,2024-07-27,2024-07-27,True,121.0,Valid,253024.44,29191.744639999997,223832.69536,173.0,0.0,0.0,False,223832.69536,0.0,0.1153712449279603,862.0,0.0,2026-12-06
300271,Kayla Banks,gcobb@example.org,Germany,Wholesale,2022-06-25,1,2025-06-03,2025-06-03,True,1074.0,Valid,52421.59,4458.95878,47962.631219999996,66.0,0.0,0.0,False,47962.631219999996,0.0,0.08505958670845352,551.0,0.0,2026-12-06
300272,Lauren Moody,michaeldouglas@example.org,Vietnam,Retail,2024-11-24,3,2025-05-13,2026-03-21,True,170.0,Valid,171645.84,7391.54412,164254.29588000002,137.0,0.0,0.0,True,54751.43196000001,0.0,0.0430627629542318,260.0,312.0,2026-12-06
300273,Christine Davis,ellisjenna@example.org,Mexico,,2025-03-25,3,2025-07-12,2026-04-30,True,109.0,Valid,124256.11000000002,14147.405480000001,110108.70452,151.0,0.0,0.0,True,36702.90150666667,0.0,0.11385681943527766,220.0,292.0,2026-12-06
300274,Michael Rivera,klyons@example.com,Australia,Retail,2024-06-13,7,2024-08-01,2025-12-07,True,49.0,Valid,298444.02,40244.91652,252864.05369,250.0,9.0,5335.04979,True,36123.43624142857,0.036,0.13484913023219564,364.0,493.0,2026-12-06
300275,Brittany Roberts,nicoleelliott@example.net,India,Corporate,2023-08-21,4,2024-05-17,2026-07-23,True,270.0,Valid,220098.24,16314.17368,203784.06629999998,175.0,0.0,0.0,True,50946.016574999994,0.0,0.07412223596154154,136.0,797.0,2026-12-06
300276,Brooke Walters,rmarquez@example.com,India,Corporate,2022-02-13,5,2023-01-05,2025-01-21,True,326.0,Valid,146104.47999999998,8188.27974,137916.20026,166.0,0.0,0.0,True,27583.240052,0.0,0.05604400179926037,684.0,747.0,2026-12-06
300277,Betty Lawson,oscott@example.org,France,Online,2021-06-09,5,2022-01-12,2026-07-31,True,217.0,Valid,393097.16,55751.18462000001,337345.97538,261.0,0.0,0.0,True,67469.195076,0.0,0.14182545765530336,128.0,1661.0,2026-12-06
300278,Brittany Smith,jennifer86@example.com,Australia,Corporate,2024-01-12,3,2025-06-03,2025-11-06,True,508.0,Valid,321218.27,18934.84594,302283.42406,204.0,0.0,0.0,True,100761.14135333333,0.0,0.058946976895180955,395.0,156.0,2026-12-06
300279,Gregory Moore,alexandra67@example.net,Brazil,Wholesale,2023-10-04,4,2025-10-24,2026-07-07,True,751.0,Valid,390074.56999999995,70304.95056,319769.61944,239.0,0.0,0.0,True,79942.40486,0.0,0.18023464221212884,152.0,256.0,2026-12-06
300280,Casey Prince,barnettcalvin@example.org,Canada,Wholesale,2021-07-05,1,2021-08-13,2021-08-13,True,39.0,Valid,0.0,0.0,0.0,0.0,0.0,0.0,False,0.0,,,1941.0,0.0,2026-12-06
300281,Donald Strickland,santosmichael@example.com,United Kingdom,Wholesale,2022-03-18,3,2022-10-08,2025-12-16,True,204.0,Valid,30882.390000000003,2630.18128,28252.20872,42.0,0.0,0.0,True,9417.402906666666,0.0,0.08516767257974527,355.0,1165.0,2026-12-06
300282,Alexandria Francis,judithcox@example.org,Australia,Retail,2023-07-06,4,2024-02-08,2026-01-12,True,217.0,Valid,164007.11,17700.399429999998,146306.71057,237.0,0.0,0.0,True,36576.6776425,0.0,0.10792458589142873,328.0,704.0,2026-12-06
300283,Gary Jones,wallerbrian@example.net,Canada,Corporate,2022-08-28,7,2022-12-23,2026-02-07,True,117.0,Valid,378586.68,23317.237699999998,355269.4423,282.0,0.0,0.0,True,50752.77747142857,0.0,0.06159022208599626,302.0,1142.0,2026-12-06
300284,Robert White,jeremylove@example.org,France,Retail,2023-04-12,8,2024-02-11,2026-05-26,True,305.0,Valid,321360.53,20563.22306,300797.30694,314.0,0.0,0.0,True,37599.6633675,0.0,0.06398801701005409,194.0,835.0,2026-12-06
300285,Kristen Davis,jessicalowery@example.org,Germany,Wholesale,2020-11-12,6,2022-01-09,2025-10-10,True,423.0,Valid,302961.39,26578.951869999997,276382.43812999997,268.0,0.0,0.0,True,46063.73968833333,0.0,0.08773049222542845,422.0,1370.0,2026-12-06
300286,Darren Willis,imarshall@example.org,Vietnam,Online,2023-04-12,2,2023-07-31,2023-10-22,True,110.0,Valid,153249.02,5915.53918,147333.48082,155.0,0.0,0.0,True,73666.74041,0.0,0.03860082876875819,1141.0,83.0,2026-12-06
300287,Christina Wilson,alvarezcory@example.net,Canada,Retail,2022-04-05,4,2023-10-19,2025-04-13,True,562.0,Valid,117465.64,16234.652210000002,101230.98779000001,174.0,0.0,0.0,True,25307.746947500003,0.0,0.13820766830198178,602.0,542.0,2026-12-06
300288,Mr. Kevin Callahan,cortezscott@example.net,United States,Retail,2021-09-27,5,2023-01-10,2026-02-24,True,470.0,Valid,232354.28999999998,35401.14053,196953.14947,329.0,0.0,0.0,True,39390.629894,0.0,0.1523584545394019,285.0,1141.0,2026-12-06
300289,Lisa Bryant,kingrichard@example.com,Australia,Online,2021-08-21,7,2022-02-17,2025-08-01,True,180.0,Valid,340638.45,30541.832459999998,310096.61754,423.0,0.0,0.0,True,44299.51679142857,0.0,0.08966055493735366,492.0,1261.0,2026-12-06
300290,Jordan Palmer,joseph83@example.com,Brazil,Wholesale,2023-02-16,4,2023-08-31,2026-02-10,True,196.0,Valid,143203.96,11546.18989,131657.77010999998,226.0,0.0,0.0,True,32914.442527499996,0.0,0.08062758802200722,299.0,894.0,2026-12-06
300291,Ellen Alexander,tonyflores@example.net,Canada,Corporate,2022-01-15,7,2022-02-28,2025-08-17,True,44.0,Valid,286051.87,40751.60481,245300.26519,310.0,0.0,0.0,True,35042.895027142855,0.0,0.14246229122711204,476.0,1266.0,2026-12-06
300292,Austin Reynolds,cody75@example.net,Germany,Retail,2023-01-07,5,2023-10-02,2025-03-26,True,268.0,Valid,156385.4,12273.97544,144111.42456,143.0,0.0,0.0,True,28822.284912000003,0.0,0.07848543048136207,620.0,541.0,2026-12-06
300293,Cheryl Rodriguez,jasonshaw@example.com,India,Online,2024-02-06,7,2024-07-14,2026-04-04,True,159.0,Valid,460625.63,48278.938969999996,396207.61003,406.0,10.0,16139.081,True,56601.087147142855,0.024630541871921183,0.10481166445297452,246.0,629.0,2026-12-06
300294,Michael Pennington,ashleymoore@example.org,United Kingdom,Corporate,2024-06-30,1,2025-02-06,2025-02-06,True,221.0,Valid,118928.95,2644.2405,116284.7095,69.0,0.0,0.0,False,116284.7095,0.0,0.02223378327984902,668.0,0.0,2026-12-06
300295,Christopher Moore,markblack@example.com,China,Online,2021-08-16,6,2022-06-07,2026-01-24,True,295.0,Valid,410513.07,45735.253849999994,364777.81615,337.0,0.0,0.0,True,60796.30269166667,0.0,0.11140998226926123,316.0,1327.0,2026-12-06
300296,Penny Adams,,United States,Wholesale,2023-12-07,4,2024-03-22,2025-11-07,True,106.0,Valid,158375.66999999998,22270.18678,136105.48322,163.0,0.0,0.0,True,34026.370805,0.0,0.14061621194720125,394.0,595.0,2026-12-06
300297,Sandra Stewart,ronald66@example.org,France,,2022-03-13,5,2023-05-28,2026-02-14,True,441.0,Valid,192568.22,3890.49616,188677.72384,197.0,0.0,0.0,True,37735.544768,0.0,0.020203209854668648,295.0,993.0,2026-12-06
300298,Wayne Gomez,theresawang@example.org,United Kingdom,Online,2024-06-22,4,2024-07-05,2025-07-18,True,13.0,Valid,160615.68,14850.757450000001,145764.92255000002,137.0,0.0,0.0,True,36441.230637500004,0.0,0.09246144243202159,506.0,378.0,2026-12-06
300299,Matthew Scott,andrew66@example.com,United States,Retail,2024-10-03,3,2024-12-21,2026-04-14,True,79.0,Valid,85828.01999999999,4811.55957,81016.46042999999,153.0,0.0,0.0,True,27005.48681,0.0,0.05606047500571493,236.0,479.0,2026-12-06
300300,Rebecca Williamson,ggates@example.org,China,Retail,2023-06-16,3,2023-11-22,2024-07-11,True,159.0,Valid,357266.76,25874.739950000003,331392.02005,184.0,0.0,0.0,True,110464.00668333333,0.0,0.07242414589591263,878.0,232.0,2026-12-06
300301,John Griffith,ccrane@example.net,Japan,Wholesale,2021-11-17,3,2022-06-06,2025-05-16,True,201.0,Valid,260690.72999999998,43715.8111,216974.9189,181.0,0.0,0.0,True,72324.97296666667,0.0,0.1676922347795029,569.0,1075.0,2026-12-06
300302,Michelle Wright,dbrown@example.net,Australia,Corporate,2022-08-13,2,2024-11-09,2025-07-18,True,819.0,Valid,108156.70000000001,4361.05134,103795.64865999999,150.0,0.0,0.0,True,51897.824329999996,0.0,0.040321601343236244,506.0,251.0,2026-12-06
300303,Jessica Mitchell,,Brazil,Online,2022-05-18,3,2023-07-27,2024-04-12,True,435.0,Valid,151863.65,13502.294310000001,138361.35569,124.0,0.0,0.0,True,46120.451896666666,0.0,0.08891063997210656,968.0,260.0,2026-12-06
300304,Jennifer Hernandez,brittanyandrews@example.net,Japan,Online,2022-04-15,3,2022-05-27,2024-07-24,True,42.0,Valid,154144.93,7991.661169999999,146153.26887,119.0,0.0,0.0,True,48717.75629,0.0,0.051845112064341003,865.0,789.0,2026-12-06
300305,Kenneth Farmer,,Japan,Corporate,2021-02-07,7,2021-04-24,2026-04-06,True,76.0,Valid,333026.88,18656.41647,314370.46353,292.0,0.0,0.0,True,44910.06621857143,0.0,0.05602075264915553,244.0,1808.0,2026-12-06
300306,Richard Dawson,susan57@example.net,India,Retail,2024-07-10,3,2025-06-16,2025-09-26,True,341.0,Valid,249236.58000000002,18298.27179,230938.30821,230.0,0.0,0.0,True,76979.43607,0.0,0.07341728003971165,436.0,102.0,2026-12-06
300307,John Murray,james44@example.net,Vietnam,Corporate,2025-02-01,3,2025-06-02,2026-04-11,True,121.0,Valid,111933.45,13774.090619999999,98159.35938000001,157.0,0.0,0.0,True,32719.786460000003,0.0,0.12305607144245084,239.0,313.0,2026-12-06
300308,Bryan Jenkins,zshaffer@example.org,Australia,Retail,2024-05-27,6,2024-06-26,2026-03-07,True,30.0,Valid,607105.1699999999,39207.44795,567897.72211,455.0,0.0,0.0,True,94649.62035166666,0.0,0.06458098182560364,274.0,619.0,2026-12-06
300309,William Brooks,gforbes@example.com,France,Online,2024-10-27,3,2024-11-07,2026-06-02,True,11.0,Valid,184265.40000000002,16025.30675,168240.09325,180.0,0.0,0.0,True,56080.031083333335,0.0,0.08696861564894982,187.0,572.0,2026-12-06
300310,Kenneth Walters DDS,mccannkimberly@example.net,Japan,Wholesale,2024-08-12,2,2025-05-31,2026-02-11,True,292.0,Valid,73428.15,8444.23725,64983.91275,75.0,0.0,0.0,True,32491.956375,0.0,0.115,298.0,256.0,2026-12-06
300311,Sarah Berry,mbishop@example.org,Mexico,Wholesale,2021-06-15,5,2022-06-10,2026-02-28,True,360.0,Valid,131325.45,10943.74259,120381.70741,294.0,0.0,0.0,True,24076.341482,0.0,0.08333299135849144,281.0,1359.0,2026-12-06
300312,Donald Hayes,debrajones@example.net,United Kingdom,Corporate,2024-07-01,5,2024-07-13,2026-03-18,True,12.0,Valid,119886.04999999999,25226.06908,94659.98092,163.0,0.0,0.0,True,18931.996184,0.0,0.21041705085787715,263.0,613.0,2026-12-06
300313,Richard Stevenson,zpreston@example.net,United Kingdom,,2023-07-17,8,2023-03-12,2025-11-29,True,-127.0,First Order Before Signup,549258.52,35832.331569999995,507364.34067,353.0,6.0,6061.847760000001,True,63420.54258375,0.0169971671388102,0.06523764359631598,372.0,993.0,2026-12-06
300314,Jean Smith,ronald43@example.net,Canada,Online,2022-02-18,5,2022-03-13,2025-11-13,True,23.0,Valid,176064.8,17609.106880000003,158455.69312,247.0,0.0,0.0,True,31691.138624000003,0.0,0.100014919961287,388.0,1341.0,2026-12-06
300315,Jimmy Ortega,patricia92@example.org,Brazil,Wholesale,2024-01-14,2,2024-03-11,2025-08-26,True,57.0,Valid,166478.30000000002,2727.56175,163750.73825,149.0,0.0,0.0,True,81875.369125,0.0,0.016383887569731307,467.0,533.0,2026-12-06
300316,Christopher Johnson,chanamber@example.org,Vietnam,Online,2024-07-12,2,2024-08-27,2024-10-17,True,46.0,Valid,219296.78999999998,47721.11903,171575.67096999998,171.0,0.0,0.0,True,85787.83548499999,0.0,0.21760974718325793,780.0,51.0,2026-12-06
300317,David Clark,,India,Wholesale,2022-04-20,5,2022-08-26,2025-10-13,True,128.0,Valid,134385.87,23217.42819,111168.44181,137.0,0.0,0.0,True,22233.688362,0.0,0.17276688531316572,419.0,1144.0,2026-12-06
300318,Shawn Blackburn,flowersnicholas@example.com,United States,,2024-07-11,2,2025-06-03,2025-09-01,True,327.0,Valid,34374.5,5970.82122,28403.678780000002,66.0,0.0,0.0,True,14201.839390000001,0.0,0.17369914384209223,461.0,90.0,2026-12-06
300319,Christine Williams,nross@example.com,Germany,Retail,2025-01-01,8,2025-02-02,2026-04-28,True,32.0,Valid,565324.89,51790.65376,513534.23624,455.0,0.0,0.0,True,64191.77953,0.0,0.09161219446750346,222.0,450.0,2026-12-06
300320,Wayne Hunter,martinjason@example.com,India,Corporate,2023-08-13,7,2023-09-22,2026-11-03,True,40.0,Valid,278773.99,36746.98178,242027.00821999996,280.0,0.0,0.0,True,34575.28688857142,0.0,0.13181639284210125,33.0,1138.0,2026-12-06
300321,Zachary Perry,traciemarsh@example.com,India,Corporate,2024-05-14,5,2025-05-07,2026-05-12,True,358.0,Valid,172325.82,17733.14586,154592.67414,152.0,0.0,0.0,True,30918.534827999996,0.0,0.1029047525205451,208.0,370.0,2026-12-06
300322,Theresa Smith,zlara@example.org,India,Corporate,2023-01-20,3,2023-10-03,2024-09-07,True,256.0,Valid,162377.7,18238.6021,144139.0979,126.0,0.0,0.0,True,48046.365966666664,0.0,0.11232208671510927,820.0,340.0,2026-12-06
300323,Sara Hamilton,jerome16@example.com,Japan,Corporate,2022-06-09,1,2026-07-30,2026-07-30,True,1512.0,Valid,54215.61,3270.24708,50945.36292,48.0,0.0,0.0,False,50945.36292,0.0,0.0603192895920566,129.0,0.0,2026-12-06
300324,Monica Merritt,taylorjohn@example.net,Germany,Retail,2020-09-28,4,2023-10-23,2026-01-09,True,1120.0,Valid,288639.13,40907.10475,247732.02525,196.0,0.0,0.0,True,61933.0063125,0.0,0.1417240439645172,331.0,809.0,2026-12-06
300325,Brenda Harrison,brownleah@example.net,Vietnam,Corporate,2020-09-16,6,2021-04-07,2025-08-26,True,203.0,Valid,360678.12,44324.64381,316353.47619,424.0,0.0,0.0,True,52725.579365000005,0.0,0.12289252203599155,467.0,1602.0,2026-12-06
300326,Jason Moore,gregstone@example.org,Japan,Retail,2023-12-20,8,2024-03-13,2026-01-10,True,84.0,Valid,272186.67,19592.9019,244154.59032000002,340.0,5.0,8439.17778,True,30519.323790000002,0.014705882352941176,0.07198332636936262,330.0,668.0,2026-12-06
300327,Catherine Koch,buchanananthony@example.org,Canada,Corporate,2024-05-16,0,,,False,,Cannot Determine,0.0,0.0,0.0,0.0,0.0,0.0,False,,,,,,2026-12-06
300328,Susan Baker,anthony05@example.org,United Kingdom,Corporate,2022-03-12,4,2022-07-06,2026-01-03,True,116.0,Valid,320976.07999999996,15221.35432,305754.72568000003,231.0,0.0,0.0,True,76438.68142000001,0.0,0.04742208304120358,337.0,1277.0,2026-12-06
300329,Shane Mcintyre,ryankathryn@example.net,France,Wholesale,2025-02-08,2,2026-01-21,2026-07-03,True,347.0,Valid,283015.56999999995,24204.52479,258811.04521,172.0,0.0,0.0,True,129405.522605,0.0,0.08552365083659533,156.0,163.0,2026-12-06
300330,Adrian Prince,,United States,Wholesale,2023-04-17,6,2023-04-25,2026-06-28,True,8.0,Valid,243836.5,26100.98012,217735.51987999998,255.0,0.0,0.0,True,36289.25331333333,0.0,0.10704295755557515,161.0,1160.0,2026-12-06
300331,Steven Alexander,collinsterrance@example.com,India,Online,2022-12-27,4,2023-10-03,2026-06-18,True,280.0,Valid,379972.16000000003,24771.09064,355201.06936,359.0,0.0,0.0,True,88800.26734,0.0,0.0651918567928766,171.0,989.0,2026-12-06
300332,Holly Austin,woodskaitlyn@example.net,Japan,Online,2021-04-22,5,2021-12-16,2025-06-25,True,238.0,Valid,58857.42,1909.2913800000001,56948.12862,99.0,0.0,0.0,True,11389.625724000001,0.0,0.03243926390249522,529.0,1287.0,2026-12-06
300333,Carlos Dunlap,donnapaul@example.net,United Kingdom,Wholesale,2021-08-24,7,2023-08-30,2026-03-02,True,736.0,Valid,87846.68000000001,8618.45076,79228.22924,176.0,0.0,0.0,True,11318.318462857143,0.0,0.09810787112273336,279.0,915.0,2026-12-06
300334,Ashley Perez,jessicaturner@example.net,France,Retail,2022-09-07,3,2024-05-13,2026-06-30,True,614.0,Valid,179861.88999999998,17184.04348,162677.84652,166.0,0.0,0.0,True,54225.94884,0.0,0.09554021410538943,159.0,778.0,2026-12-06
300335,Kelly Ray,kathleen25@example.com,Vietnam,Corporate,2025-07-14,3,2025-09-18,2026-05-23,True,66.0,Valid,216342.97999999998,38084.81702,178258.16298,144.0,0.0,0.0,True,59419.38766,0.0,0.17603907009138917,197.0,247.0,2026-12-06
300336,Noah Rosales,ywelch@example.org,Canada,Wholesale,2022-07-16,5,2023-03-12,2026-04-09,True,239.0,Valid,161184.86,13444.45844,147740.40156,127.0,0.0,0.0,True,29548.080312,0.0,0.08341018157660714,241.0,1124.0,2026-12-06
300337,Mark Conley,fernandomorris@example.net,United States,Wholesale,2025-07-24,5,2025-10-02,2026-07-31,True,70.0,Valid,372550.26,41145.63422,331404.62578,281.0,0.0,0.0,True,66280.925156,0.0,0.1104431767676125,128.0,302.0,2026-12-06
300338,Chelsea Kane,nhayes@example.com,Mexico,Online,2023-01-25,4,2024-05-14,2026-05-20,True,475.0,Valid,313384.88,29672.3652,283712.5148,198.0,0.0,0.0,True,70928.1287,0.0,0.09468346143566339,200.0,736.0,2026-12-06
300339,Autumn Ramirez,matthew24@example.com,India,Retail,2023-10-09,5,2024-11-19,2026-10-02,True,407.0,Valid,558534.5,38544.460309999995,519990.03974000004,368.0,0.0,0.0,True,103998.00794800001,0.0,0.06900999009013767,65.0,682.0,2026-12-06
300340,Mr. Matthew Barnett,kathryn41@example.com,Japan,Corporate,2024-09-12,6,2024-10-13,2026-06-12,True,31.0,Valid,231045.47,39201.396680000005,191844.07332,351.0,0.0,0.0,True,31974.01222,0.0,0.16966961819247098,177.0,607.0,2026-12-06
300341,Joshua Davis,hgreer@example.net,United States,Online,2022-10-18,2,2025-05-12,2025-06-20,True,937.0,Valid,74055.24,13347.98922,60707.250779999995,45.0,0.0,0.0,True,30353.625389999997,0.0,0.18024368322889775,534.0,39.0,2026-12-06
300342,Gregory Chavez,burchteresa@example.org,Canada,Corporate,2024-03-24,5,2024-03-30,2026-05-03,True,6.0,Valid,426428.39,26243.83435,400184.55565,345.0,0.0,0.0,True,80036.91113,0.0,0.061543356318278904,217.0,764.0,2026-12-06
300343,Yvette Lee,kimberlygonzalez@example.net,Vietnam,Corporate,2022-08-26,4,2025-01-26,2025-05-12,True,884.0,Valid,312202.30999999994,9128.13727,303074.17267999996,228.0,0.0,0.0,True,75768.54316999999,0.0,0.02923789151335876,573.0,106.0,2026-12-06
300344,Brittany Heath,mcbridemichael@example.org,Australia,,2022-06-08,6,2023-08-16,2025-11-16,True,434.0,Valid,399499.99,54467.36722,345032.62278,313.0,0.0,0.0,True,57505.43713,0.0,0.13633884501473956,385.0,823.0,2026-12-06
300345,Carol Moore DDS,meganpotter@example.org,Japan,Corporate,2024-02-18,1,2025-12-23,2025-12-23,True,674.0,Valid,86652.0,5061.10092,68913.88428,82.0,6.0,12677.0148,False,68913.88428,0.07317073170731707,0.05840720260351752,348.0,0.0,2026-12-06
300346,Jessica Harris,haleystacy@example.com,Australia,Corporate,2023-05-15,3,2023-10-20,2026-03-21,True,158.0,Valid,188146.12,37835.79716,150310.32284,146.0,0.0,0.0,True,50103.44094666667,0.0,0.20109794004787346,260.0,883.0,2026-12-06
300347,Jennifer Woods,derek40@example.org,India,Wholesale,2022-08-12,4,2024-01-26,2026-05-22,True,532.0,Valid,244685.19,22101.96497,217199.02522999997,155.0,10.0,5384.1998,True,54299.75630749999,0.06451612903225806,0.09032816808405936,198.0,847.0,2026-12-06
300348,Emily Leblanc,brownrobert@example.org,Vietnam,Retail,2021-12-02,8,2022-08-07,2025-07-19,True,248.0,Valid,645362.73,58856.025949999996,586506.70403,375.0,0.0,0.0,True,73313.33800375,0.0,0.09119836522012977,505.0,1077.0,2026-12-06
300349,William Bray,petermoore@example.com,Vietnam,Online,2023-01-26,10,2023-05-13,2026-03-26,True,107.0,Valid,653765.02,83793.1074,569971.9126,556.0,0.0,0.0,True,56997.19126000001,0.0,0.1281700685056536,255.0,1048.0,2026-12-06
300350,Ruben Jones,donald61@example.net,Vietnam,Online,2022-08-14,3,2023-02-15,2024-08-26,True,185.0,Valid,138866.13,14877.17631,115134.13352999999,84.0,8.0,8854.82016,True,38378.04451,0.09523809523809523,0.107133224710734,832.0,558.0,2026-12-06
300351,Brittany Ramos,kathleen01@example.net,Mexico,Corporate,2024-05-12,8,2025-02-04,2026-01-18,True,268.0,Valid,534006.25,50517.570719999996,483488.67928,479.0,0.0,0.0,True,60436.08491,0.0,0.09460108513711216,322.0,348.0,2026-12-06
300352,Mark Ruiz,,United Kingdom,Online,2022-03-22,5,2023-04-08,2025-03-29,True,382.0,Valid,389097.39,43321.74034999999,345775.64965000004,288.0,0.0,0.0,True,69155.12993000001,0.0,0.11133906693642943,617.0,721.0,2026-12-06
300353,Benjamin Werner,nancy06@example.com,India,Corporate,2024-05-18,4,2024-11-13,2026-07-02,True,179.0,Valid,153683.09999999998,14435.27667,139247.82332999998,140.0,0.0,0.0,True,34811.955832499996,0.0,0.09392884884544886,157.0,596.0,2026-12-06
300354,Kevin Walter,oblake@example.net,Australia,Wholesale,2021-03-25,2,2021-05-01,2021-09-16,True,37.0,Valid,179637.28999999998,24097.204790000003,155540.08521000002,125.0,0.0,0.0,True,77770.04260500001,0.0,0.134143666885645,1907.0,138.0,2026-12-06
300355,Miss Linda Cox DVM,bcopeland@example.com,Canada,Online,2021-03-07,6,2021-05-18,2024-12-17,True,72.0,Valid,341771.33,50945.92558,290483.31322,267.0,3.0,342.0912,True,48413.88553666667,0.011235955056179775,0.1490643629470032,719.0,1309.0,2026-12-06
300356,Randy Kirby,rebecca85@example.com,Germany,Retail,2020-12-12,6,2021-05-19,2024-12-29,True,158.0,Valid,279602.41000000003,16280.839789999998,263321.57021000003,272.0,0.0,0.0,True,43886.92836833334,0.0,0.058228538838417006,707.0,1320.0,2026-12-06
300357,Howard Smith,fsanchez@example.org,United Kingdom,Wholesale,2023-12-31,8,2024-01-03,2026-01-03,True,3.0,Valid,227466.72999999998,21790.18056,204834.248,247.0,4.0,842.30144,True,25604.281,0.016194331983805668,0.09579502268309745,337.0,731.0,2026-12-06
300358,Ashley Norman,kcastro@example.com,Japan,Online,2023-08-15,5,2024-09-13,2026-07-24,True,395.0,Valid,300629.52999999997,27886.97432,271392.36288000003,211.0,8.0,1350.1928,True,54278.47257600001,0.037914691943127965,0.09276192634835309,135.0,679.0,2026-12-06
300359,Mary Williams,garzalaura@example.org,India,Wholesale,2023-09-12,3,2024-07-06,2025-03-19,True,298.0,Valid,105414.3,4702.6047,100711.69529999999,86.0,0.0,0.0,True,33570.5651,0.0,0.044610690390203225,627.0,256.0,2026-12-06
300360,Phillip Ward,tochoa@example.net,Vietnam,Wholesale,2023-07-18,3,2023-10-11,2025-11-15,True,85.0,Valid,197171.53,24681.78225,172489.74774999998,164.0,0.0,0.0,True,57496.58258333333,0.0,0.12517923987301818,386.0,766.0,2026-12-06
300361,Jessica Murray,bentleylisa@example.net,United Kingdom,Online,2020-11-11,1,2025-12-17,2025-12-17,True,1862.0,Valid,116660.12,5077.41335,111582.70665000001,191.0,0.0,0.0,False,111582.70665000001,0.0,0.04352312812638972,354.0,0.0,2026-12-06
300362,Terry Robinson,andrewbautista@example.org,France,Online,2024-05-21,6,2024-09-28,2026-05-18,True,130.0,Valid,143180.69,4486.6929199999995,133541.86644,229.0,4.0,5152.13064,True,22256.977740000002,0.017467248908296942,0.03133587999890208,202.0,597.0,2026-12-06
300363,Allen Bryant,michael55@example.org,Vietnam,Online,2022-02-15,4,2022-04-24,2025-01-19,True,68.0,Valid,62304.55,10322.84676,51981.703239999995,113.0,0.0,0.0,True,12995.425809999999,0.0,0.16568367414578872,686.0,1001.0,2026-12-06
300364,Erika Lyons,kayla23@example.net,Vietnam,Retail,2022-01-18,8,2022-03-30,2025-09-03,True,71.0,Valid,619678.19,45511.02613,574167.16387,518.0,0.0,0.0,True,71770.89548375,0.0,0.07344300132622064,459.0,1253.0,2026-12-06
300365,Erica Morales,kimberly27@example.org,Japan,Wholesale,2024-08-07,0,,,False,,Cannot Determine,0.0,0.0,0.0,0.0,0.0,0.0,False,,,,,,2026-12-06
300366,Natalie Huff,leslietorres@example.net,China,Retail,2022-05-02,3,2023-12-04,2026-06-19,True,581.0,Valid,82448.32,13351.06076,61477.85924,53.0,6.0,7619.4,True,20492.619746666667,0.11320754716981132,0.16193247794497206,170.0,928.0,2026-12-06
300367,Marc Fowler,tharris@example.com,China,,2021-02-12,2,2021-04-22,2021-09-17,True,69.0,Valid,71843.28,4154.7587,67688.52130000001,99.0,0.0,0.0,True,33844.260650000004,0.0,0.05783086045069212,1906.0,148.0,2026-12-06
300368,Stephanie Fischer,marcusrodriguez@example.net,Brazil,Wholesale,2022-06-02,0,,,False,,Cannot Determine,0.0,0.0,0.0,0.0,0.0,0.0,False,,,,,,2026-12-06
300369,Maria Phillips,raymonddominguez@example.org,Germany,Retail,2022-03-21,6,2024-08-18,2026-06-11,True,881.0,Valid,567332.38,70038.83048,497293.54952,383.0,0.0,0.0,True,82882.25825333333,0.0,0.12345290512062788,178.0,662.0,2026-12-06
300370,Suzanne Alvarado,dustin58@example.com,Brazil,,2021-02-17,4,2021-12-16,2026-06-24,True,302.0,Valid,93853.79,7899.92825,85953.86175,160.0,0.0,0.0,True,21488.4654375,0.0,0.08417271428250261,165.0,1651.0,2026-12-06
300371,Ashley Blanchard,christina15@example.org,India,Retail,2022-08-25,1,2025-01-31,2025-01-31,True,890.0,Valid,30036.16,7629.18464,22406.97536,62.0,0.0,0.0,False,22406.97536,0.0,0.254,674.0,0.0,2026-12-06
300372,Joshua Contreras,anthony33@example.org,United Kingdom,Corporate,2022-11-17,6,2023-03-24,2026-05-06,True,127.0,Valid,294126.7,49049.13276,245077.56724,299.0,0.0,0.0,True,40846.26120666667,0.0,0.16676191845215005,214.0,1139.0,2026-12-06
300373,Robert Thomas,john09@example.com,United Kingdom,Retail,2025-01-14,3,2025-06-25,2026-06-11,True,162.0,Valid,217280.16999999998,25621.17075,191658.99925,226.0,0.0,0.0,True,63886.33308333333,0.0,0.11791766708393132,178.0,351.0,2026-12-06
300374,Juan Carroll,hlopez@example.net,Japan,,2024-11-08,5,2025-09-27,2026-06-11,True,323.0,Valid,424460.62,58114.705649999996,366345.91435,330.0,0.0,0.0,True,73269.18286999999,0.0,0.1369142457785601,178.0,257.0,2026-12-06
300375,Stephanie Hughes,jasmine54@example.com,Canada,Online,2022-08-30,2,2022-10-09,2023-10-03,True,40.0,Valid,286270.41000000003,16812.733259999997,269457.67674,215.0,0.0,0.0,True,134728.83837,0.0,0.058730251792352535,1160.0,359.0,2026-12-06
300376,Taylor Flores,chase25@example.net,Brazil,Corporate,2022-07-08,0,,,False,,Cannot Determine,0.0,0.0,0.0,0.0,0.0,0.0,False,,,,,,2026-12-06
300377,Betty Pollard,gnichols@example.net,Australia,Corporate,2021-11-24,1,2024-04-17,2024-04-17,True,875.0,Valid,146039.22,25983.09132,120056.12868000001,76.0,0.0,0.0,False,120056.12868000001,0.0,0.1779185846103533,963.0,0.0,2026-12-06
300378,Michael Bray,stevenandrews@example.org,India,Online,2021-10-21,4,2025-03-24,2026-05-12,True,1250.0,Valid,347963.69,17465.85501,330497.83499,179.0,0.0,0.0,True,82624.4587475,0.0,0.0501944757799298,208.0,414.0,2026-12-06
300379,Kevin Brown,andrewwest@example.net,China,Online,2022-12-19,3,2023-12-12,2025-06-23,True,358.0,Valid,31652.71,3058.7671800000003,28593.942819999997,27.0,0.0,0.0,True,9531.314273333332,0.0,0.09663523849932598,531.0,559.0,2026-12-06
300380,Sean Hernandez,cameron49@example.com,Brazil,Online,2020-12-14,7,2023-12-01,2026-05-16,True,1082.0,Valid,368367.9,45088.773069999996,303848.35732999997,224.0,10.0,19430.7696,True,43406.908189999995,0.044642857142857144,0.12240147165374614,204.0,897.0,2026-12-06
300381,Michelle Henry,valerielewis@example.com,China,Wholesale,2025-05-26,4,2025-07-09,2026-06-03,True,44.0,Valid,203358.44,20074.9293,183283.51069999998,141.0,0.0,0.0,True,45820.877674999996,0.0,0.09871697137330518,186.0,329.0,2026-12-06
300382,Elizabeth Hall,ithomas@example.net,United Kingdom,Corporate,2022-03-19,4,2022-05-31,2025-01-30,True,73.0,Valid,106894.27,17380.94103,89513.32897,120.0,5.0,0.0,True,22378.3322425,0.041666666666666664,0.16259937066785712,675.0,975.0,2026-12-06
300383,Tricia Brown,,United States,,2023-08-07,5,2023-11-24,2026-07-04,True,109.0,Valid,182283.93999999997,9192.66086,173091.27914,197.0,0.0,0.0,True,34618.255828,0.0,0.05043044856283006,155.0,953.0,2026-12-06
300384,Morgan Wright,maryjohnson@example.com,Germany,Retail,2023-04-25,3,2023-06-06,2025-05-05,True,42.0,Valid,300861.91000000003,26604.689290000002,274257.22071,243.0,0.0,0.0,True,91419.07357000001,0.0,0.08842824035119633,580.0,699.0,2026-12-06
300385,Brandon Powell,yballard@example.net,United Kingdom,Retail,2024-04-22,5,2024-10-01,2026-05-14,True,162.0,Valid,108475.26,13631.73789,93215.15273,117.0,1.0,1628.36938,True,18643.030546,0.008547008547008548,0.12566679157994184,206.0,590.0,2026-12-06
300386,Catherine Collins,jasminekoch@example.com,Japan,,2023-01-14,2,2023-07-29,2025-07-30,True,196.0,Valid,9956.88,0.0,9956.88,18.0,0.0,0.0,True,4978.44,0.0,0.0,494.0,732.0,2026-12-06
300387,Curtis Bell,morgankaren@example.net,Canada,Retail,2021-02-12,0,,,False,,Cannot Determine,0.0,0.0,0.0,0.0,0.0,0.0,False,,,,,,2026-12-06
300388,Amy Hawkins,cody08@example.org,Canada,Corporate,2021-12-14,7,2022-01-28,2026-02-18,True,45.0,Valid,426718.72,62004.76655,362242.0787,286.0,5.0,2471.87475,True,51748.86838571429,0.017482517482517484,0.1453059442763608,291.0,1482.0,2026-12-06
300389,Alexander Stein,michele23@example.net,Mexico,Corporate,2020-09-08,6,2020-10-28,2025-08-16,True,50.0,Valid,180509.57,11224.9824,169284.5876,149.0,0.0,0.0,True,28214.097933333334,0.0,0.062184971134771415,477.0,1753.0,2026-12-06
300390,Daniel Reed,carolberry@example.com,Germany,Corporate,2023-10-08,4,2024-05-12,2025-10-04,True,217.0,Valid,149221.72,695.6777999999999,148526.0422,215.0,0.0,0.0,True,37131.51055,0.0,0.004662041155938961,428.0,510.0,2026-12-06
300391,Cassandra Hernandez,cjohnson@example.net,France,Retail,2024-03-12,1,2024-08-05,2024-08-05,True,146.0,Valid,87376.95999999999,5104.06144,82272.89856,66.0,0.0,0.0,False,82272.89856,0.0,0.05841427122207045,853.0,0.0,2026-12-06
300392,Barbara Villa,daniel29@example.net,China,Retail,2025-02-07,4,2025-05-09,2026-06-03,True,91.0,Valid,137585.11,7864.90995,129720.20004999998,167.0,0.0,0.0,True,32430.050012499996,0.0,0.05716396163799993,186.0,390.0,2026-12-06
300393,Corey Moore,sharon86@example.com,India,Retail,2021-07-02,3,2023-03-16,2024-10-13,True,622.0,Valid,106745.94,19997.35542,86748.58458,84.0,0.0,0.0,True,28916.19486,0.0,0.18733598130289544,784.0,577.0,2026-12-06
300394,Ana Sanchez,johnroth@example.org,United Kingdom,Retail,2025-05-20,4,2025-10-15,2026-05-19,True,148.0,Valid,395247.07,41106.96235,354140.10765,272.0,0.0,0.0,True,88535.0269125,0.0,0.10400320576696495,201.0,216.0,2026-12-06
300395,Anthony Haas,qcochran@example.net,United States,,2024-08-19,1,2025-05-09,2025-05-09,True,263.0,Valid,2238.75,24.62625,2214.12375,5.0,0.0,0.0,False,2214.12375,0.0,0.011,576.0,0.0,2026-12-06
300396,Sarah Davis,rhonda99@example.net,Japan,Corporate,2024-06-08,6,2025-02-07,2026-02-01,True,244.0,Valid,516951.84,57603.52553,459348.31447,333.0,0.0,0.0,True,76558.05241166666,0.0,0.11142919141171835,308.0,359.0,2026-12-06
300397,Joshua Harris,derek34@example.net,Japan,Retail,2023-04-29,4,2023-07-26,2026-06-17,True,88.0,Valid,324866.39,22349.87728,302516.51272,241.0,0.0,0.0,True,75629.12818,0.0,0.06879713620113179,172.0,1057.0,2026-12-06
300398,Bradley Johnson,morristimothy@example.com,India,Online,2022-10-18,3,2024-02-27,2024-07-15,True,497.0,Valid,143835.1,10883.204699999998,132951.89529999997,123.0,1.0,0.0,True,44317.29843333332,0.008130081300813009,0.07566445672857319,874.0,139.0,2026-12-06
300399,Patricia Townsend DDS,lopezchristopher@example.net,Canada,Corporate,2022-03-12,3,2023-10-21,2025-03-30,True,588.0,Valid,51437.58000000001,1477.39066,49960.189340000004,113.0,0.0,0.0,True,16653.39644666667,0.0,0.028722009472451848,616.0,526.0,2026-12-06
300400,Carrie Edwards,fergusonbrandon@example.com,United States,Corporate,2024-05-27,1,2025-11-17,2025-11-17,True,539.0,Valid,0.0,0.0,0.0,0.0,0.0,0.0,False,0.0,,,384.0,0.0,2026-12-06
300401,Joshua Colon,hrodgers@example.org,Germany,Wholesale,2022-08-03,4,2022-12-17,2026-04-23,True,136.0,Valid,204805.99000000002,28605.64316,176200.34684,176.0,0.0,0.0,True,44050.08671,0.0,0.13967190686170847,227.0,1223.0,2026-12-06
300402,Amanda Lewis,ododson@example.net,Vietnam,Retail,2023-03-17,3,2023-07-03,2025-11-05,True,108.0,Valid,28712.14,3289.09366,25423.04634,36.0,0.0,0.0,True,8474.34878,0.0,0.11455411056089863,396.0,856.0,2026-12-06
300403,Kathleen Duncan,williamspatrick@example.net,Japan,Wholesale,2022-04-07,1,2025-10-18,2025-10-18,True,1290.0,Valid,184662.02,25455.36742,159206.65258,98.0,0.0,0.0,False,159206.65258,0.0,0.13784841853240856,414.0,0.0,2026-12-06
300404,Tanner Keller,tracey63@example.com,India,Online,2021-03-31,4,2021-09-18,2026-07-23,True,171.0,Valid,164883.18,11596.4036,153286.7764,257.0,0.0,0.0,True,38321.6941,0.0,0.07033102830743561,136.0,1769.0,2026-12-06
300405,Christopher George,nicole69@example.net,Australia,Wholesale,2025-04-02,1,2026-04-07,2026-04-07,True,370.0,Valid,40447.96,6340.33778,34107.62222,55.0,0.0,0.0,False,34107.62222,0.0,0.1567529680112421,243.0,0.0,2026-12-06
300406,Christine Johns,robert06@example.com,United Kingdom,Retail,2024-12-25,4,2025-05-13,2025-10-21,True,139.0,Valid,159843.95,15085.18977,144758.76023,109.0,0.0,0.0,True,36189.6900575,0.0,0.09437448067318156,411.0,161.0,2026-12-06
300407,Chelsey Maxwell,carol60@example.net,Canada,Wholesale,2022-07-20,2,2022-10-25,2026-07-27,True,97.0,Valid,129106.94,23576.06754,105530.87246000001,148.0,0.0,0.0,True,52765.43623000001,0.0,0.1826088321820655,132.0,1371.0,2026-12-06
300408,Michael Jones,wilsonrachel@example.com,Germany,Wholesale,2024-07-01,1,2026-05-11,2026-05-11,True,679.0,Valid,0.0,0.0,0.0,0.0,0.0,0.0,False,0.0,,,209.0,0.0,2026-12-06
300409,Carol Singh,smitchell@example.com,China,Corporate,2020-12-30,3,2022-06-26,2025-09-26,True,543.0,Valid,271211.63,45061.22544,226150.40456,292.0,0.0,0.0,True,75383.46818666667,0.0,0.16614783606440475,436.0,1188.0,2026-12-06
300410,Philip Foster,stephaniepeters@example.com,Mexico,Wholesale,2024-12-10,3,2025-02-11,2025-10-09,True,63.0,Valid,112337.55,6465.137989999999,105872.41201,98.0,0.0,0.0,True,35290.80400333333,0.0,0.057550996883944855,423.0,240.0,2026-12-06
300411,Amanda Mendoza,perezmarissa@example.org,United States,Online,2021-09-01,6,2022-07-21,2026-02-22,True,323.0,Valid,499708.7,48504.513810000004,451204.18619,346.0,0.0,0.0,True,75200.69769833333,0.0,0.09706557802575781,287.0,1312.0,2026-12-06
300412,Andrea Graham,samuel27@example.net,Japan,Retail,2021-01-30,4,2021-06-10,2025-08-17,True,131.0,Valid,66032.51,1106.32448,64926.18552,44.0,0.0,0.0,True,16231.54638,0.0,0.016754239389052454,476.0,1529.0,2026-12-06
300413,Kathy Villegas,jennywilliams@example.org,Australia,Wholesale,2024-07-05,5,2024-10-05,2026-08-01,True,92.0,Valid,233239.74000000002,15751.814299999998,213740.54770000002,240.0,2.0,3747.378,True,42748.109540000005,0.008333333333333333,0.06753486477047177,127.0,665.0,2026-12-06
300414,Trevor Weeks,steven06@example.com,India,Corporate,2025-05-29,1,2026-01-25,2026-01-25,True,241.0,Valid,153098.88,13301.746319999998,139797.13368,77.0,0.0,0.0,False,139797.13368,0.0,0.08688336792535646,315.0,0.0,2026-12-06
300415,Arthur White,matthewgriffith@example.org,Mexico,Corporate,2021-06-06,2,2021-07-26,2023-02-06,True,50.0,Valid,154337.5,22943.35484,131394.14516000001,111.0,0.0,0.0,True,65697.07258000001,0.0,0.1486570330606625,1399.0,560.0,2026-12-06
300416,David Rice,douglasbrandt@example.org,India,Wholesale,2025-01-08,5,2025-04-01,2026-07-22,True,83.0,Valid,703411.11,96373.82119,607037.28879,462.0,0.0,0.0,True,121407.457758,0.0,0.13700923943325263,137.0,477.0,2026-12-06
300417,Joseph Smith,jennifermorris@example.org,United Kingdom,Retail,2021-03-22,1,2022-12-21,2022-12-21,True,639.0,Valid,4328.08,34.62464,4293.45536,4.0,0.0,0.0,False,4293.45536,0.0,0.008,1446.0,0.0,2026-12-06
300418,David James,cervanteskayla@example.org,United States,Corporate,2021-05-20,3,2022-03-21,2025-08-26,True,305.0,Valid,320887.42000000004,14855.68469,303239.83303,318.0,4.0,2791.9022800000002,True,101079.94434333332,0.012578616352201259,0.046295628198824365,467.0,1254.0,2026-12-06
300419,Amanda Gardner,banksrenee@example.net,Australia,Wholesale,2024-12-12,1,2026-06-16,2026-06-16,True,551.0,Valid,2250.32,247.5352,2002.7848,27.0,0.0,0.0,False,2002.7848,0.0,0.10999999999999999,173.0,0.0,2026-12-06
300420,Luis Cole,feliciasalazar@example.com,Brazil,Online,2023-11-21,3,2024-04-04,2025-02-07,True,135.0,Valid,52641.79,6552.928620000001,46088.86138,40.0,0.0,0.0,True,15362.953793333334,0.0,0.12448149312551873,667.0,309.0,2026-12-06
300421,Karen Roach,xherrera@example.org,United States,Wholesale,2025-07-25,8,2025-07-31,2026-05-02,True,6.0,Valid,751387.0900000001,103990.9876,640543.12704,546.0,4.0,6852.97536,True,80067.89088,0.007326007326007326,0.1383986882180794,218.0,275.0,2026-12-06
300422,Carrie Coffey,nicole50@example.com,Australia,Online,2021-05-21,1,2023-07-20,2023-07-20,True,790.0,Valid,42834.92,7150.23388,35684.68612,113.0,0.0,0.0,False,35684.68612,0.0,0.16692534688987395,1235.0,0.0,2026-12-06
300423,Joe Page,vanessamartinez@example.net,India,Retail,2024-09-09,6,2024-10-30,2026-07-30,True,51.0,Valid,240064.0,14550.2176,224278.95987999998,224.0,1.0,1234.82252,True,37379.82664666666,0.004464285714285714,0.06060974406824847,129.0,638.0,2026-12-06
300424,Jennifer Butler,ywallace@example.com,India,Online,2022-06-06,7,2023-01-31,2026-07-10,True,239.0,Valid,373722.17,51558.11026,322164.05974,366.0,0.0,0.0,True,46023.437105714285,0.0,0.13795839369122792,149.0,1256.0,2026-12-06
300425,James Cummings,johnmarquez@example.net,Germany,Wholesale,2022-06-25,4,2024-05-01,2026-04-18,True,676.0,Valid,356436.23,45828.816300000006,310607.41370000003,231.0,0.0,0.0,True,77651.85342500001,0.0,0.12857507863328038,232.0,717.0,2026-12-06
300426,Mary Montgomery,wkelley@example.com,Australia,Corporate,2021-08-21,2,2022-11-10,2024-02-24,True,446.0,Valid,88448.9,5001.2953,83447.6047,58.0,0.0,0.0,True,41723.80235,0.0,0.0565444601346088,1016.0,471.0,2026-12-06
300427,James Harrison,xevans@example.net,United Kingdom,Wholesale,2022-07-16,3,2022-09-18,2025-12-26,True,64.0,Valid,332432.04,27531.8058,304900.2342,296.0,0.0,0.0,True,101633.4114,0.0,0.08281935098674605,345.0,1195.0,2026-12-06
300428,George Wu,bgiles@example.org,Vietnam,Corporate,2022-09-22,5,2023-03-18,2026-01-13,True,177.0,Valid,351963.25,2817.8769700000003,349145.37303,250.0,0.0,0.0,True,69829.07460600001,0.0,0.008006168172387317,327.0,1032.0,2026-12-06
300429,Daniel Bradley,joshuareese@example.net,India,Retail,2025-05-19,4,2025-06-07,2026-03-11,True,19.0,Valid,236071.45,20384.49375,215686.95625,249.0,0.0,0.0,True,53921.7390625,0.0,0.08634883104246617,270.0,277.0,2026-12-06
300430,Laura Owen,robertmcdonald@example.net,India,,2024-07-05,4,2024-11-08,2026-07-17,True,126.0,Valid,122844.87999999999,16896.92845,99537.65715,174.0,8.0,6410.2944,True,24884.4142875,0.04597701149425287,0.13754686764316104,142.0,616.0,2026-12-06
300431,Emily Fitzpatrick,,India,Corporate,2021-04-26,2,2021-07-10,2026-04-17,True,75.0,Valid,220804.44,11350.33756,209454.10244,181.0,0.0,0.0,True,104727.05122,0.0,0.051404480634537966,233.0,1742.0,2026-12-06
300432,Sheila Rivera,edwardsrachel@example.org,Australia,Wholesale,2020-10-09,4,2022-03-27,2026-01-02,True,534.0,Valid,445913.29,50289.66079,395623.62921,244.0,0.0,0.0,True,98905.9073025,0.0,0.11277901313504247,338.0,1377.0,2026-12-06
300433,Elizabeth Jones,brandy77@example.com,Brazil,Retail,2024-05-19,2,2024-10-16,2025-07-27,True,150.0,Valid,407718.27,38830.83641,368887.43361,281.0,0.0,0.0,True,184443.716805,0.0,0.09523938284639538,497.0,284.0,2026-12-06
300434,Brian Hoffman,frankwilson@example.net,Vietnam,Retail,2024-07-03,6,2024-05-16,2026-02-21,True,-48.0,First Order Before Signup,378118.85,41330.18681,336788.66319,404.0,0.0,0.0,True,56131.443865,0.0,0.10930475116487845,288.0,646.0,2026-12-06
300435,Lori Graves,hannah31@example.net,United Kingdom,Wholesale,2022-09-18,4,2024-02-29,2026-01-13,True,529.0,Valid,352606.98,33873.41949,318733.56051,309.0,0.0,0.0,True,79683.3901275,0.0,0.09606565216037415,327.0,684.0,2026-12-06
300436,Anne Williams,ekennedy@example.org,Australia,Wholesale,2025-05-23,9,2025-05-27,2026-07-20,True,4.0,Valid,447588.0,54816.20302,392771.79698,397.0,0.0,0.0,True,43641.310775555554,0.0,0.12247022489432247,139.0,419.0,2026-12-06
300437,Victoria Cox,lrichards@example.com,United States,Online,2024-07-01,2,2024-12-25,2026-05-20,True,177.0,Valid,58871.9,1715.6537,57156.2463,78.0,0.0,0.0,True,28578.12315,0.0,0.029142149310621875,200.0,511.0,2026-12-06
300438,Theresa Knight,vanessa51@example.org,France,Retail,2025-02-18,3,2025-05-28,2025-12-03,True,99.0,Valid,310484.76,28745.81039,281738.94961,250.0,0.0,0.0,True,93912.98320333334,0.0,0.09258364368673039,368.0,189.0,2026-12-06
300439,James Hernandez,suzanneflores@example.net,United States,Online,2021-05-04,1,2023-03-18,2023-03-18,True,683.0,Valid,32726.43,693.25302,32033.17698,29.0,0.0,0.0,False,32033.17698,0.0,0.021183276636040044,1359.0,0.0,2026-12-06
300440,Heather Terrell,lsmith@example.com,United Kingdom,Online,2024-08-17,4,2025-03-23,2026-05-14,True,218.0,Valid,138413.82,33161.0661,105252.75390000001,145.0,0.0,0.0,True,26313.188475000003,0.0,0.23957915546294434,206.0,417.0,2026-12-06
300441,David Palmer,burnsrebecca@example.org,Canada,Online,2025-08-15,3,2026-02-11,2026-06-19,True,180.0,Valid,182355.75,13851.5294,168504.2206,167.0,0.0,0.0,True,56168.073533333336,0.0,0.07595882992447454,170.0,128.0,2026-12-06
300442,Deborah Ferrell,billy71@example.com,United States,Wholesale,2023-11-29,2,2024-02-17,2024-08-15,True,80.0,Valid,54096.89,7568.515530000001,46528.374469999995,82.0,0.0,0.0,True,23264.187234999998,0.0,0.13990666616879455,843.0,180.0,2026-12-06
300443,William Weber,turnerjames@example.com,France,Wholesale,2023-06-03,2,2023-11-25,2025-05-16,True,175.0,Valid,140215.8,34315.7088,105900.0912,96.0,0.0,0.0,True,52950.0456,0.0,0.24473496424796637,569.0,538.0,2026-12-06
300444,Michael Terry,michael86@example.com,China,,2022-07-25,4,2023-03-03,2024-09-17,True,221.0,Valid,189597.99,18097.0543,171500.9357,223.0,1.0,0.0,True,42875.233925,0.004484304932735426,0.09544961051538574,810.0,564.0,2026-12-06
300445,Gregory Green,tracyadams@example.com,Mexico,Retail,2024-03-14,4,2025-09-04,2026-05-10,True,539.0,Valid,107592.04000000001,2993.311,104598.729,151.0,0.0,0.0,True,26149.68225,0.0,0.027820933593228642,210.0,248.0,2026-12-06
300446,Melvin Flores,johnsondavid@example.org,United States,Online,2025-04-04,7,2025-05-24,2026-03-21,True,50.0,Valid,578340.3,50517.062210000004,527823.23779,495.0,0.0,0.0,True,75403.31968428571,0.0,0.08734833489902052,260.0,301.0,2026-12-06
300447,Austin Armstrong,kimberlyshields@example.org,United Kingdom,Wholesale,2021-11-17,5,2022-03-12,2026-04-18,True,115.0,Valid,411153.82,47295.20216,363858.61783999996,341.0,0.0,0.0,True,72771.72356799999,0.0,0.11503043352485452,232.0,1498.0,2026-12-06
300448,Glenda Stout,mooreconnie@example.com,Vietnam,,2024-04-12,7,2024-05-07,2026-06-22,True,25.0,Valid,648570.66,59467.30084,589103.35912,496.0,0.0,0.0,True,84157.62273142858,0.0,0.09168977955308678,167.0,776.0,2026-12-06
300449,Maurice Salazar,padillajames@example.net,United States,,2023-10-27,2,2025-09-18,2025-10-19,True,692.0,Valid,233030.34999999998,9171.66035,223858.68965000001,125.0,0.0,0.0,True,111929.34482500001,0.0,0.039358222437549446,413.0,31.0,2026-12-06
300450,Nathan Davis,omoody@example.org,Japan,Corporate,2025-04-18,3,2025-08-26,2026-05-23,True,130.0,Valid,46823.149999999994,1031.90575,45791.24425,109.0,0.0,0.0,True,15263.748083333334,0.0,0.022038366705358355,197.0,270.0,2026-12-06
300451,Frank Moreno,troth@example.com,China,Online,2020-11-30,6,2021-01-02,2025-10-14,True,33.0,Valid,249714.28999999998,20031.940169999998,229682.34983,273.0,0.0,0.0,True,38280.391638333334,0.0,0.08021943866328195,418.0,1746.0,2026-12-06
300452,Dwayne Lowe,ramoswilliam@example.org,Brazil,Corporate,2023-09-10,7,2023-10-07,2025-10-06,True,27.0,Valid,183445.77,18363.77635,165081.99365000002,250.0,0.0,0.0,True,23583.14195,0.0,0.10010465954052798,426.0,730.0,2026-12-06
300453,Charles Weaver,hollywarner@example.org,China,Retail,2021-07-18,6,2022-01-14,2026-02-24,True,180.0,Valid,513039.95,45121.877,467918.073,516.0,0.0,0.0,True,77986.3455,0.0,0.08795002611395078,285.0,1502.0,2026-12-06
300454,Nicole Perez,lreid@example.com,United States,,2021-08-09,6,2023-01-11,2026-04-02,True,520.0,Valid,455654.45,32035.705850000002,422280.77595,503.0,10.0,1337.9682,True,70380.129325,0.019880715705765408,0.07030701850931118,248.0,1177.0,2026-12-06
300455,Donna Simmons,,United States,Corporate,2023-09-03,3,2024-03-11,2024-12-03,True,190.0,Valid,276008.39,18664.14445,257344.24555,244.0,0.0,0.0,True,85781.41518333333,0.0,0.06762165617501699,733.0,267.0,2026-12-06
300456,Diana Martin,brownmax@example.net,France,Retail,2025-02-12,3,2025-09-14,2026-07-06,True,214.0,Valid,51379.1,2859.5894,48519.5106,58.0,0.0,0.0,True,16173.1702,0.0,0.05565666584272593,153.0,295.0,2026-12-06
300457,Jessica Craig,vsmith@example.net,United States,Online,2020-12-19,7,2023-06-26,2025-10-01,True,919.0,Valid,220095.5,29312.49798,190783.00202,257.0,0.0,0.0,True,27254.714574285717,0.0,0.1331808146009346,431.0,828.0,2026-12-06
300458,Sydney Ward,carrolljessica@example.com,United States,Online,2021-02-08,6,2021-07-31,2026-05-08,True,173.0,Valid,190643.0,18817.245629999998,171825.75437,194.0,0.0,0.0,True,28637.625728333336,0.0,0.09870409944241329,212.0,1742.0,2026-12-06
300459,Karen Porter,vedwards@example.org,Germany,Retail,2022-12-02,5,2024-01-11,2025-05-11,True,405.0,Valid,104590.15,6627.698490000001,97962.45151,117.0,0.0,0.0,True,19592.490302,0.0,0.06336828554122928,574.0,486.0,2026-12-06
300460,Michael Ortiz,ynguyen@example.com,Germany,Online,2021-10-21,4,2023-03-30,2025-03-28,True,525.0,Valid,321274.27999999997,45357.78852,275916.49147999997,320.0,0.0,0.0,True,68979.12286999999,0.0,0.1411808891766873,618.0,729.0,2026-12-06
300461,Jodi Thomas,bbarnes@example.org,China,Wholesale,2022-12-25,5,2023-01-02,2025-11-29,True,8.0,Valid,304053.57999999996,36618.61462,261925.85658000002,334.0,10.0,5509.1088,True,52385.17131600001,0.029940119760479042,0.12043474252136747,372.0,1062.0,2026-12-06
300462,Seth Hernandez,alexis22@example.net,Mexico,Retail,2024-08-09,7,2024-08-20,2026-06-14,True,11.0,Valid,450393.38,88433.32839000001,361960.05161,422.0,0.0,0.0,True,51708.57880142857,0.0,0.19634686546680594,175.0,663.0,2026-12-06
300463,Alan Kennedy,matthew07@example.com,Canada,Online,2025-05-24,5,2025-07-24,2026-07-10,True,61.0,Valid,234142.16999999998,15257.89154,218884.27846,162.0,0.0,0.0,True,43776.855692,0.0,0.06516507274191574,149.0,351.0,2026-12-06
300464,Sarah Ramirez,tommycummings@example.com,Australia,Retail,2021-06-16,3,2023-06-20,2025-02-07,True,734.0,Valid,173956.2,19720.3177,154235.8823,184.0,0.0,0.0,True,51411.96076666666,0.0,0.11336369557394331,667.0,598.0,2026-12-06
300465,Katherine Wade,suzanne15@example.net,Brazil,Wholesale,2022-11-03,3,2023-05-28,2025-07-23,True,206.0,Valid,150949.43,18242.26169,132707.16831,149.0,0.0,0.0,True,44235.72277,0.0,0.12085015286245201,501.0,787.0,2026-12-06
300466,David Harding,robertsmith@example.com,Japan,Corporate,2023-01-18,10,2023-06-18,2026-07-29,True,151.0,Valid,717221.12,83012.40585,634208.71415,576.0,0.0,0.0,True,63420.871415,0.0,0.115741719722364,130.0,1137.0,2026-12-06
300467,Eric Montgomery,georgealyssa@example.com,India,,2023-10-28,4,2024-08-26,2026-05-02,True,303.0,Valid,153824.69,22422.330380000003,128003.17962000001,130.0,2.0,3399.18,True,32000.794905000002,0.015384615384615385,0.1457654839414921,218.0,614.0,2026-12-06
300468,Sharon Wood,cbrown@example.com,Japan,,2024-04-15,4,2024-10-17,2025-07-21,True,185.0,Valid,252689.62,19014.8364,233674.7836,164.0,0.0,0.0,True,58418.6959,0.0,0.07524977242832531,503.0,277.0,2026-12-06
300469,Gabriel Hall,cynthia74@example.net,France,Online,2022-10-01,8,2023-01-25,2025-08-05,True,116.0,Valid,347532.4,24784.033949999997,322748.36604999995,370.0,0.0,0.0,True,40343.545756249994,0.0,0.0713143118454567,488.0,923.0,2026-12-06
300470,Melissa Winters,,United Kingdom,,2022-05-15,2,2023-03-13,2026-02-01,True,302.0,Valid,96115.32,17168.34048,78946.97952,156.0,0.0,0.0,True,39473.48976,0.0,0.17862230995017234,308.0,1056.0,2026-12-06
300471,Robert Burns,uzamora@example.net,United Kingdom,,2023-08-18,1,2024-12-04,2024-12-04,True,474.0,Valid,53312.340000000004,2110.50376,51201.83624,67.0,0.0,0.0,False,51201.83624,0.0,0.039587528140764404,732.0,0.0,2026-12-06
300472,Charles Morris,uford@example.com,Germany,Retail,2025-01-25,5,2025-02-05,2026-04-24,True,11.0,Valid,170557.69,20187.431859999997,150370.25814,156.0,0.0,0.0,True,30074.051627999997,0.0,0.11836131141316464,226.0,443.0,2026-12-06
300473,Corey Carrillo,michaelstrickland@example.com,Mexico,Online,2020-12-31,1,2024-07-29,2024-07-29,True,1306.0,Valid,0.0,0.0,0.0,24.0,0.0,0.0,False,0.0,0.0,,860.0,0.0,2026-12-06
300474,Erin Summers,yhoffman@example.com,Vietnam,Retail,2021-11-24,3,2023-11-10,2025-06-07,True,716.0,Valid,163949.38999999998,19003.84924,144945.54076,196.0,0.0,0.0,True,48315.18025333333,0.0,0.11591289995040543,547.0,575.0,2026-12-06
300475,Mr. Stephen Gonzalez,susanharper@example.org,China,Retail,2025-06-12,7,2025-07-26,2026-07-15,True,44.0,Valid,750632.1900000001,88058.78119,662573.40877,650.0,0.0,0.0,True,94653.34410999999,0.0,0.11731282292863031,144.0,354.0,2026-12-06
300476,Stephen Mills,john66@example.net,Australia,Corporate,2022-02-21,2,2024-06-24,2025-05-23,True,854.0,Valid,18261.99,3901.90845,14360.081549999999,43.0,0.0,0.0,True,7180.0407749999995,0.0,0.21366282918783766,562.0,333.0,2026-12-06
300477,Dean Thomas,johnsondawn@example.com,Japan,Retail,2024-10-03,1,2026-05-18,2026-05-18,True,592.0,Valid,212462.09,16828.03644,195634.05356,146.0,0.0,0.0,False,195634.05356,0.0,0.07920488986999986,202.0,0.0,2026-12-06
300478,Theodore Hernandez,mpeters@example.com,France,Online,2021-01-21,3,2021-02-13,2024-11-16,True,23.0,Valid,152917.44,4438.38756,148479.0524,108.0,0.0,0.0,True,49493.017466666664,0.0,0.029024730992096126,750.0,1372.0,2026-12-06
300479,Donald Hill,lmitchell@example.org,India,Corporate,2024-06-15,2,2024-10-16,2025-09-06,True,123.0,Valid,60050.05,4207.8188,55842.2312,55.0,0.0,0.0,True,27921.1156,0.0,0.07007186172201355,456.0,325.0,2026-12-06
300480,Anthony Nguyen,uwood@example.net,Germany,Corporate,2022-12-04,8,2022-07-22,2026-05-15,True,-135.0,First Order Before Signup,114105.28,3863.07129,110242.20871,153.0,0.0,0.0,True,13780.27608875,0.0,0.033855324573937334,205.0,1393.0,2026-12-06
300481,Jeffrey Nguyen,markhuff@example.org,United Kingdom,Retail,2022-07-16,8,2023-09-05,2026-02-24,True,416.0,Valid,455730.02,39197.23509,416532.78486,417.0,0.0,0.0,True,52066.5981075,0.0,0.08600977194787388,285.0,903.0,2026-12-06
300482,Peter Williams,sharpjennifer@example.com,France,Wholesale,2023-11-19,6,2024-03-26,2025-12-19,True,128.0,Valid,473206.56000000006,54043.081470000005,418548.2352,383.0,1.0,615.24333,True,69758.0392,0.0026109660574412533,0.11420611216801389,352.0,633.0,2026-12-06
300483,Christian Mills,,Japan,Wholesale,2020-12-25,5,2021-04-06,2025-10-08,True,102.0,Valid,293420.1,25712.5539,267707.54610000004,208.0,0.0,0.0,True,53541.50922000001,0.0,0.08763051304256253,424.0,1646.0,2026-12-06
300484,Paul Vasquez,,India,Online,2022-05-10,5,2022-12-09,2025-04-09,True,213.0,Valid,427843.07999999996,39079.487440000004,387428.76116,287.0,6.0,1334.8314,True,77485.752232,0.020905923344947737,0.09134070239023151,606.0,852.0,2026-12-06
300485,Ann Clark,dariuspruitt@example.com,Vietnam,Corporate,2024-02-20,4,2024-03-21,2026-07-06,True,30.0,Valid,300527.34,38259.680629999995,262267.65937,205.0,0.0,0.0,True,65566.9148425,0.0,0.1273084859101338,153.0,837.0,2026-12-06
300486,Michael Johnson,timothywilliams@example.org,United Kingdom,Online,2021-10-20,0,,,False,,Cannot Determine,0.0,0.0,0.0,0.0,0.0,0.0,False,,,,,,2026-12-06
300487,Brenda Flores,qavila@example.com,United Kingdom,Online,2025-05-31,5,2025-06-17,2026-07-04,True,17.0,Valid,89732.22,952.94548,88779.27452,82.0,0.0,0.0,True,17755.854904,0.0,0.010619880796440788,155.0,382.0,2026-12-06
300488,Katherine Caldwell,cpierce@example.org,United Kingdom,Online,2020-10-05,0,,,False,,Cannot Determine,0.0,0.0,0.0,0.0,0.0,0.0,False,,,,,,2026-12-06
300489,Kevin Smith,perkinsmicheal@example.org,Germany,Online,2023-08-12,5,2024-01-09,2026-06-07,True,150.0,Valid,226878.90999999997,14494.198079999998,212384.71191999997,262.0,0.0,0.0,True,42476.942383999994,0.0,0.06388517152167207,182.0,880.0,2026-12-06
300490,Adam Burton,,India,Retail,2022-08-26,2,2025-05-16,2026-01-10,True,994.0,Valid,82922.0,2466.7156800000002,80455.28432,124.0,0.0,0.0,True,40227.64216,0.0,0.02974742143218929,330.0,239.0,2026-12-06
300491,Lawrence Cook,rachael61@example.net,Vietnam,,2021-06-18,5,2024-01-29,2025-10-26,True,955.0,Valid,239951.95,25565.36478,214386.58522,157.0,0.0,0.0,True,42877.317044,0.0,0.10654368418343756,406.0,636.0,2026-12-06
300492,Larry Curtis,hharris@example.org,France,Online,2022-02-03,5,2023-10-24,2026-02-19,True,628.0,Valid,91228.26999999999,1212.05833,90016.21167,160.0,0.0,0.0,True,18003.242334000002,0.0,0.013285994900484249,290.0,849.0,2026-12-06
300493,Timothy Harris,marissa39@example.com,Vietnam,Wholesale,2022-08-08,5,2024-05-22,2026-03-25,True,653.0,Valid,371104.53,51303.547340000005,319800.98266,262.0,0.0,0.0,True,63960.196531999994,0.0,0.13824554321662416,256.0,672.0,2026-12-06
300494,Mark Knight,jay04@example.org,Australia,Wholesale,2022-06-21,1,2025-05-22,2025-05-22,True,1066.0,Valid,36225.72,4908.5194,31317.2006,94.0,0.0,0.0,False,31317.2006,0.0,0.13549818747563885,563.0,0.0,2026-12-06
300495,Geoffrey Porter,dcortez@example.com,Canada,Corporate,2021-09-30,6,2022-02-16,2024-07-25,True,139.0,Valid,460054.08999999997,67661.70754,389852.64366,360.0,10.0,2539.7388,True,64975.44061,0.027777777777777776,0.14707337465470638,864.0,890.0,2026-12-06
300496,John Hoffman,laura31@example.net,Japan,Retail,2023-09-03,3,2023-10-14,2024-12-29,True,41.0,Valid,275747.5,16249.55358,259497.94642,206.0,0.0,0.0,True,86499.31547333334,0.0,0.058929105721720054,707.0,442.0,2026-12-06
300497,Andre Williams,arroyosarah@example.com,Germany,Retail,2021-03-14,3,2023-06-02,2025-12-17,True,810.0,Valid,137189.1,6782.6865,130406.4135,123.0,0.0,0.0,True,43468.8045,0.0,0.04944041837143038,354.0,929.0,2026-12-06
300498,Tonya Davis,jason36@example.net,Brazil,Corporate,2022-11-21,4,2023-08-18,2024-08-07,True,270.0,Valid,182283.26,22209.93741,157340.79335,241.0,6.0,2732.52924,True,39335.1983375,0.024896265560165973,0.12184298991580465,851.0,355.0,2026-12-06
300499,Jason Johnson,roachkevin@example.com,India,Wholesale,2025-01-17,6,2025-03-26,2026-07-22,True,68.0,Valid,355636.46,51404.65417,304231.80582999997,401.0,0.0,0.0,True,50705.300971666664,0.0,0.14454270006511705,137.0,483.0,2026-12-06
300500,Victoria Rocha,calhounjulie@example.net,United Kingdom,Corporate,2022-12-13,3,2023-07-31,2024-04-30,True,230.0,Valid,171420.36,14676.71488,156743.64512,134.0,0.0,0.0,True,52247.88170666667,0.0,0.08561827124852614,950.0,274.0,2026-12-06
300501,Tara Thompson,millerjimmy@example.net,France,Online,2024-08-17,3,2025-05-06,2026-06-14,True,262.0,Valid,282985.54000000004,37243.37406,245742.16593999998,202.0,0.0,0.0,True,81914.05531333333,0.0,0.13160875308328474,175.0,404.0,2026-12-06
300502,Alexander Hart,simoneric@example.org,Canada,Online,2024-02-20,6,2024-08-23,2026-02-16,True,185.0,Valid,390044.35,11636.59764,378407.75236000004,336.0,0.0,0.0,True,63067.95872666667,0.0,0.02983403718064369,293.0,542.0,2026-12-06
300503,Andrew Reynolds,agutierrez@example.net,China,Online,2022-08-26,10,2023-12-21,2025-11-30,True,482.0,Valid,821400.04,70294.01944999999,751106.02055,665.0,0.0,0.0,True,75110.602055,0.0,0.08557830049533476,371.0,710.0,2026-12-06
300504,Tina Walter,,Canada,Corporate,2025-02-24,3,2025-08-26,2026-04-18,True,183.0,Valid,156475.74,11897.91948,144577.82052,196.0,0.0,0.0,True,48192.60684,0.0,0.07603683152417111,232.0,235.0,2026-12-06
300505,Chelsea Norris,forbesbradley@example.net,Germany,Wholesale,2024-01-08,6,2024-03-15,2025-11-25,True,67.0,Valid,365346.58,79859.85114,272508.18454,263.0,7.0,12978.54432,True,45418.03075666667,0.026615969581749048,0.21858655729034057,376.0,620.0,2026-12-06
300506,Tristan Freeman,jennifernewton@example.com,France,Wholesale,2024-11-03,6,2025-03-10,2026-03-09,True,127.0,Valid,676099.73,63158.3768,612941.3532,561.0,0.0,0.0,True,102156.8922,0.0,0.09341576988945108,272.0,364.0,2026-12-06
300507,Joy Kennedy,nathanielwinters@example.net,India,Wholesale,2022-06-26,5,2023-07-28,2026-05-21,True,397.0,Valid,295736.34,28449.50484,267286.83516,283.0,0.0,0.0,True,53457.367032,0.0,0.09619888052986657,199.0,1028.0,2026-12-06
300508,Nicholas Reed,bettywatson@example.com,Japan,Retail,2023-06-03,3,2024-09-07,2025-12-08,True,462.0,Valid,154276.63999999998,22238.12672,132038.51327999998,157.0,0.0,0.0,True,44012.837759999995,0.0,0.14414448434967214,363.0,457.0,2026-12-06
300509,Michael Preston,bward@example.org,United Kingdom,Retail,2024-07-02,2,2024-10-22,2026-07-25,True,112.0,Valid,30615.18,110.94696,30504.23304,24.0,0.0,0.0,True,15252.11652,0.0,0.0036239198985601262,134.0,641.0,2026-12-06
300510,Faith Howard,ihayes@example.net,Mexico,Wholesale,2023-09-04,6,2023-10-22,2026-06-15,True,48.0,Valid,298182.77,25526.919859999998,272655.85014,286.0,0.0,0.0,True,45442.64169,0.0,0.08560829943326369,174.0,967.0,2026-12-06
300511,Jonathan Heath,carolfernandez@example.net,Mexico,Wholesale,2021-06-26,2,2025-08-06,2026-05-05,True,1502.0,Valid,39314.97,589.72455,38725.24545,27.0,0.0,0.0,True,19362.622725,0.0,0.015,215.0,272.0,2026-12-06
300512,Brenda Velasquez,makaylasanders@example.com,United States,Retail,2021-06-18,7,2021-02-10,2026-07-24,True,-128.0,First Order Before Signup,448405.55000000005,55046.61733,392935.25707,345.0,2.0,423.6756,True,56133.608152857145,0.005797101449275362,0.12276078503042613,135.0,1990.0,2026-12-06
300513,Kimberly Stone DDS,sarah23@example.net,Canada,,2025-01-25,2,2025-07-12,2026-02-21,True,168.0,Valid,120871.17999999998,8828.429479999999,112042.75052,117.0,0.0,0.0,True,56021.37526,0.0,0.0730399875305263,288.0,224.0,2026-12-06
300514,Bruce Dennis,amy68@example.net,United States,Online,2024-03-19,4,2024-09-09,2026-03-09,True,174.0,Valid,266467.47,26996.863190000004,239470.60680999997,252.0,0.0,0.0,True,59867.65170249999,0.0,0.10131391719221865,272.0,546.0,2026-12-06
300515,Gregory Russell,perezdawn@example.org,China,Retail,2024-10-05,4,2025-03-26,2026-07-14,True,172.0,Valid,134584.86,268.63356999999996,134316.22642999998,136.0,0.0,0.0,True,33579.056607499995,0.0,0.00199601626810029,145.0,475.0,2026-12-06
300516,Chelsea Smith,simpsonruth@example.net,Germany,Corporate,2024-11-01,4,2025-05-03,2026-07-17,True,183.0,Valid,254429.46,21731.9522,232697.5078,255.0,0.0,0.0,True,58174.37695,0.0,0.08541444925442203,142.0,440.0,2026-12-06
300517,Jared Bryan,lynnjames@example.org,Mexico,Retail,2025-05-31,3,2025-07-31,2025-11-22,True,61.0,Valid,250376.78999999998,30776.931950000002,219599.85804999998,226.0,0.0,0.0,True,73199.95268333332,0.0,0.12292246397918914,379.0,114.0,2026-12-06
300518,Cody Parsons,jonesshaun@example.org,China,Retail,2020-10-26,2,2023-10-29,2024-12-21,True,1098.0,Valid,14709.77,1514.61602,13195.15398,40.0,0.0,0.0,True,6597.57699,0.0,0.102966669091359,715.0,419.0,2026-12-06
300519,Jamie Wolfe,matthew53@example.com,Mexico,,2022-10-10,2,2024-02-27,2025-10-02,True,505.0,Valid,77528.79,971.03403,76557.75597,56.0,0.0,0.0,True,38278.877985,0.0,0.012524818586746938,430.0,583.0,2026-12-06
300520,Karen Mendez,sheltontiffany@example.com,India,Corporate,2022-10-22,8,2022-10-27,2026-06-17,True,5.0,Valid,359458.31,51846.251650000006,307612.05835,279.0,0.0,0.0,True,38451.50729375,0.0,0.14423439438637545,172.0,1329.0,2026-12-06
300521,Michael Callahan,xmullins@example.org,Germany,Corporate,2022-04-06,2,2022-05-22,2024-04-29,True,46.0,Valid,65465.55,14271.4899,51194.0601,45.0,0.0,0.0,True,25597.03005,0.0,0.218,951.0,708.0,2026-12-06
300522,Shirley Avery,yvang@example.org,Canada,Wholesale,2022-10-11,3,2023-01-13,2024-09-23,True,94.0,Valid,211993.69,23296.67069,186439.36891000002,163.0,7.0,2257.6504000000004,True,62146.45630333334,0.04294478527607362,0.10989322696350065,804.0,619.0,2026-12-06
300523,Angie King,millerjennifer@example.net,Mexico,Corporate,2025-06-24,3,2025-08-12,2026-01-24,True,49.0,Valid,324987.54,56022.59776,268964.94224,201.0,0.0,0.0,True,89654.98074666667,0.0,0.17238383280786704,316.0,165.0,2026-12-06
300524,James Rogers,tjohnson@example.net,Australia,Retail,2023-10-27,2,2025-04-24,2025-06-04,True,545.0,Valid,32702.74,6393.58034,26309.15966,77.0,0.0,0.0,True,13154.57983,0.0,0.1955059527122192,550.0,41.0,2026-12-06
300525,Claire Jenkins,suttonbrittney@example.net,Brazil,Retail,2024-07-20,4,2024-09-03,2026-03-03,True,45.0,Valid,282826.77,22650.295,260176.47499999998,232.0,0.0,0.0,True,65044.118749999994,0.0,0.08008539997822695,278.0,546.0,2026-12-06
300526,Jill Shaw,khill@example.com,Vietnam,Corporate,2024-07-26,4,2024-09-12,2026-08-01,True,48.0,Valid,210364.52,35596.478200000005,174768.0418,177.0,0.0,0.0,True,43692.01045,0.0,0.16921331696048367,127.0,688.0,2026-12-06
300527,Misty King,wolfetravis@example.com,France,Retail,2024-09-02,2,2025-05-20,2026-03-04,True,260.0,Valid,55798.25,5185.68015,50612.56985,120.0,0.0,0.0,True,25306.284925,0.0,0.0929362506888657,277.0,288.0,2026-12-06
300528,Dylan Rivera,mcdanieltanya@example.org,United Kingdom,Wholesale,2022-02-17,4,2022-07-28,2026-02-23,True,161.0,Valid,292395.8,10300.1218,263965.62256,219.0,11.0,18130.05564,True,65991.40564,0.0502283105022831,0.03522664073834166,286.0,1306.0,2026-12-06
300529,Mr. Reginald Roman,kelseywilliams@example.org,Canada,Wholesale,2021-08-29,4,2023-01-08,2026-07-15,True,497.0,Valid,106998.93000000001,8991.05027,90269.64713,78.0,7.0,7738.2326,True,22567.4117825,0.08974358974358974,0.08402934748973657,144.0,1284.0,2026-12-06
300530,Lauren Snyder,hstokes@example.org,Mexico,Retail,2021-10-12,3,2022-01-09,2023-11-17,True,89.0,Valid,100548.35,8854.96613,91693.38387,124.0,0.0,0.0,True,30564.461290000003,0.0,0.08806674729122856,1115.0,677.0,2026-12-06
300531,William Jacobs,kimmichael@example.net,Brazil,Corporate,2021-06-27,3,2023-09-03,2025-03-05,True,798.0,Valid,108404.85,4006.85607,104397.99393,89.0,0.0,0.0,True,34799.33131,0.0,0.036961963140948025,641.0,549.0,2026-12-06
300532,Stephanie Richardson,,Australia,Online,2022-10-25,5,2025-06-08,2026-03-02,True,957.0,Valid,205845.38,10553.86956,195291.51043999998,193.0,0.0,0.0,True,39058.302088,0.0,0.05127085951601148,279.0,267.0,2026-12-06
300533,Austin Baker,thomas83@example.org,Australia,Retail,2023-06-14,2,2026-01-25,2026-02-17,True,956.0,Valid,159559.51,31551.80438,128007.70562,144.0,0.0,0.0,True,64003.85281,0.0,0.197743176699402,292.0,23.0,2026-12-06
300534,Kelly Ortega,ikeller@example.com,France,Online,2021-04-08,6,2022-02-01,2025-10-27,True,299.0,Valid,401249.48,38292.05821,362393.81874,346.0,1.0,563.60305,True,60398.96979,0.002890173410404624,0.09543204444775855,405.0,1364.0,2026-12-06
300535,Wesley Douglas,cwilson@example.org,Canada,Corporate,2023-06-14,4,2023-11-11,2024-12-20,True,150.0,Valid,196757.96,24775.4133,171982.54669999998,143.0,0.0,0.0,True,42995.636674999994,0.0,0.12591822612919956,716.0,405.0,2026-12-06
300536,Paul Myers,,France,Retail,2021-09-04,4,2022-05-18,2026-04-24,True,256.0,Valid,282549.21,33473.305499999995,249075.9045,258.0,0.0,0.0,True,62268.976125,0.0,0.11846894033078341,226.0,1437.0,2026-12-06
300537,Alexa Beard,luissanchez@example.com,Brazil,Online,2023-12-29,2,2023-12-31,2025-11-22,True,2.0,Valid,271358.76,30348.53772,241010.22228,257.0,0.0,0.0,True,120505.11114,0.0,0.11183916716010937,379.0,692.0,2026-12-06
300538,John Mendoza,thompsonangela@example.net,Canada,Corporate,2024-09-02,4,2024-10-06,2026-06-17,True,34.0,Valid,341830.38,11272.99433,330557.38567,325.0,0.0,0.0,True,82639.3464175,0.0,0.03297832781860992,172.0,619.0,2026-12-06
300539,Brianna Martinez,michellejones@example.net,Brazil,Wholesale,2023-05-16,4,2024-06-15,2026-03-14,True,396.0,Valid,347310.98,30644.455400000003,311133.249,235.0,5.0,5533.2756,True,77783.31225,0.02127659574468085,0.08823347709882366,267.0,637.0,2026-12-06
300540,Christopher Sims,xfranco@example.org,United States,Online,2025-08-12,3,2025-10-15,2026-07-17,True,64.0,Valid,114042.41,7603.84106,106438.56894,105.0,0.0,0.0,True,35479.52298,0.0,0.06667555569897199,142.0,275.0,2026-12-06
300541,Paul Williams,kimberly03@example.net,France,Wholesale,2024-10-20,1,2025-05-18,2025-05-18,True,210.0,Valid,0.0,0.0,0.0,0.0,0.0,0.0,False,0.0,,,567.0,0.0,2026-12-06
300542,Jerry Huff,kaitlynanderson@example.net,China,,2024-04-18,7,2024-11-18,2026-06-30,True,214.0,Valid,369998.37,6965.909339999999,363032.46066,283.0,0.0,0.0,True,51861.780094285714,0.0,0.01882686493997257,159.0,589.0,2026-12-06
300543,Jennifer Wiggins,johnboyd@example.com,Australia,Retail,2025-05-30,2,2025-08-04,2026-04-08,True,66.0,Valid,0.0,0.0,0.0,0.0,0.0,0.0,True,0.0,,,242.0,247.0,2026-12-06
300544,Andre Jones,bushkimberly@example.net,India,Corporate,2024-07-12,5,2024-08-02,2026-02-25,True,21.0,Valid,267756.68,34424.26667,233332.41332999998,272.0,0.0,0.0,True,46666.482665999996,0.0,0.12856548217583216,284.0,572.0,2026-12-06
300545,Douglas Santos,kevin89@example.com,Mexico,Online,2020-11-11,1,2022-08-19,2022-08-19,True,646.0,Valid,114505.04,1717.5756,112787.4644,46.0,0.0,0.0,False,112787.4644,0.0,0.015,1570.0,0.0,2026-12-06
300546,Julie Freeman,taylordavis@example.com,Australia,,2025-04-05,6,2025-11-01,2026-07-02,True,210.0,Valid,272849.52,16383.439339999997,256466.08065999998,271.0,0.0,0.0,True,42744.346776666665,0.0,0.06004569603054459,157.0,243.0,2026-12-06
300547,Lisa Brown,sarah49@example.net,Mexico,Retail,2025-07-16,5,2025-12-06,2026-07-08,True,143.0,Valid,190622.34,15398.2073,175224.13270000002,186.0,0.0,0.0,True,35044.82654,0.0,0.0807786081106758,151.0,214.0,2026-12-06
300548,Erika Allen,michaeltorres@example.com,Canada,Online,2021-10-21,6,2024-06-24,2026-02-05,True,977.0,Valid,447754.65,40220.72711,407533.92289,340.0,0.0,0.0,True,67922.32048166667,0.0,0.08982760337609,304.0,591.0,2026-12-06
300549,Dennis Coleman,kaylazamora@example.org,France,Retail,2023-04-03,5,2023-10-12,2026-07-28,True,192.0,Valid,86932.34,2154.5639,84777.77609999999,90.0,0.0,0.0,True,16955.55522,0.0,0.02478437713743815,131.0,1020.0,2026-12-06
300550,Cheryl Parks,james79@example.net,United States,Corporate,2024-09-03,7,2024-11-19,2026-03-23,True,77.0,Valid,353949.1,10482.98873,343466.11129000003,372.0,0.0,0.0,True,49066.587327142865,0.0,0.02961722103545397,258.0,489.0,2026-12-06
300551,Sherri Little,carlyschultz@example.com,Canada,Retail,2021-07-13,7,2022-09-26,2026-06-09,True,440.0,Valid,565096.79,67361.78339,497735.00661,385.0,0.0,0.0,True,71105.00094428571,0.0,0.11920397457929285,180.0,1352.0,2026-12-06
300552,Kathleen Sanchez,klove@example.com,United States,Wholesale,2021-07-31,3,2021-11-25,2026-04-17,True,117.0,Valid,348729.30000000005,41481.69966,307247.60034,219.0,0.0,0.0,True,102415.86678,0.0,0.1189510019949571,233.0,1604.0,2026-12-06
300553,Larry King,zli@example.org,China,Corporate,2023-05-09,3,2025-12-12,2026-03-09,True,948.0,Valid,324115.54,46897.799880000006,277217.74012,185.0,0.0,0.0,True,92405.91337333333,0.0,0.14469469708240465,272.0,87.0,2026-12-06
300554,Dawn Simpson,william63@example.com,United States,Corporate,2020-12-30,4,2021-10-13,2024-09-14,True,287.0,Valid,280579.7,33161.82118,247417.87882,194.0,0.0,0.0,True,61854.469705,0.0,0.11819037934675958,813.0,1067.0,2026-12-06
300555,William Larson,ukim@example.org,Mexico,Corporate,2020-12-02,3,2021-09-02,2025-12-01,True,274.0,Valid,200890.08000000002,29504.860040000003,171385.21996,147.0,0.0,0.0,True,57128.40665333333,0.0,0.14687066698365595,370.0,1551.0,2026-12-06
300556,Philip Gamble,boonejoshua@example.net,Japan,Wholesale,2021-05-13,5,2022-09-03,2025-07-08,True,478.0,Valid,378520.41000000003,56546.568719999996,313003.30752000003,311.0,4.0,8970.53376,True,62600.661504,0.012861736334405145,0.14938842721849527,516.0,1039.0,2026-12-06
300557,Brendan Paul,qharris@example.net,Canada,Wholesale,2023-05-05,6,2025-03-04,2026-04-16,True,669.0,Valid,65520.98,7804.9522,57716.027799999996,127.0,0.0,0.0,True,9619.337966666666,0.0,0.11912142034505588,234.0,408.0,2026-12-06
300558,William Ball,russell33@example.net,China,Online,2020-12-18,3,2022-03-16,2024-12-24,True,453.0,Valid,244398.70999999996,22883.8563,221514.85369999998,232.0,0.0,0.0,True,73838.28456666665,0.0,0.09363329413645434,712.0,1014.0,2026-12-06
300559,Tanya Gomez,edwardspencer@example.com,Vietnam,Corporate,2023-09-07,2,2024-08-04,2024-12-19,True,332.0,Valid,81482.51000000001,2138.43052,79344.07948,39.0,0.0,0.0,True,39672.03974,0.0,0.02624404329223535,717.0,137.0,2026-12-06
300560,Vincent Reyes,bestchristopher@example.net,Germany,,2024-06-23,3,2024-12-30,2026-05-24,True,190.0,Valid,124200.58,7557.19078,116643.38922,60.0,0.0,0.0,True,38881.12974,0.0,0.060846662551817386,196.0,510.0,2026-12-06
300561,Rhonda Martinez,meganwalker@example.com,Mexico,Online,2023-09-26,1,2025-04-20,2025-04-20,True,572.0,Valid,142788.75,13532.96356,129255.78644,104.0,0.0,0.0,False,129255.78644,0.0,0.09477611898696502,595.0,0.0,2026-12-06
300562,Tabitha Ramirez,allenkyle@example.net,Mexico,Corporate,2023-09-18,3,2024-03-28,2026-07-15,True,192.0,Valid,13256.94,689.36088,12567.57912,17.0,0.0,0.0,True,4189.19304,0.0,0.052,144.0,839.0,2026-12-06
300563,Jill Hall,ortizsean@example.org,United Kingdom,Corporate,2024-12-19,2,2025-09-12,2025-12-13,True,267.0,Valid,159477.13999999998,13997.12708,145480.01292,118.0,0.0,0.0,True,72740.00646,0.0,0.08776886191964567,358.0,92.0,2026-12-06
300564,Lucas James,jamie76@example.net,China,Wholesale,2024-05-11,6,2024-09-01,2026-07-14,True,113.0,Valid,459374.34,51514.66111,407859.67889,291.0,0.0,0.0,True,67976.61314833333,0.0,0.11214091999566192,145.0,681.0,2026-12-06
300565,Jordan Hughes,,Canada,Wholesale,2022-05-18,3,2024-05-29,2025-06-30,True,742.0,Valid,121010.84999999999,25503.9579,95506.8921,84.0,0.0,0.0,True,31835.630699999998,0.0,0.21075761305701102,524.0,397.0,2026-12-06
300566,Melissa Gray,uclark@example.com,Brazil,Retail,2024-03-07,4,2024-11-26,2026-02-16,True,264.0,Valid,280847.14,15077.794249999999,265769.34575,205.0,0.0,0.0,True,66442.3364375,0.0,0.053686835657290294,293.0,447.0,2026-12-06
300567,Earl Hall,ryu@example.net,France,Retail,2022-09-09,4,2023-02-15,2025-10-24,True,159.0,Valid,211037.8,26887.487979999998,184150.31202,199.0,0.0,0.0,True,46037.578005,0.0,0.12740602858824343,408.0,982.0,2026-12-06
300568,Jodi Mcbride,xarmstrong@example.com,Germany,Wholesale,2021-11-19,4,2021-12-23,2025-08-06,True,34.0,Valid,349435.68,14340.14086,335095.53914,245.0,0.0,0.0,True,83773.884785,0.0,0.04103799835208585,487.0,1322.0,2026-12-06
300569,Jeremy Coleman,oscott@example.com,India,Wholesale,2020-10-07,5,2021-10-29,2026-06-15,True,387.0,Valid,193288.77,17299.08408,175989.68592000002,159.0,0.0,0.0,True,35197.937184,0.0,0.0894986505423983,174.0,1690.0,2026-12-06
300570,Karen Jackson DVM,,Mexico,Retail,2022-07-01,4,2022-12-20,2024-11-27,True,172.0,Valid,310088.71,44993.855520000005,265094.85448,298.0,0.0,0.0,True,66273.71362,0.0,0.1450999474311722,739.0,708.0,2026-12-06
300571,Michael Moore,wrightalicia@example.com,France,Online,2020-11-26,4,2022-12-16,2025-12-08,True,750.0,Valid,83434.98,12718.44342,55071.83458,109.0,10.0,15644.702,True,13767.958645,0.09174311926605505,0.15243538645302007,363.0,1088.0,2026-12-06
300572,Scott Ramirez,jeremycollins@example.net,France,Wholesale,2022-12-06,5,2023-03-08,2024-12-12,True,92.0,Valid,596389.4199999999,87677.09166,508712.32834,488.0,0.0,0.0,True,101742.465668,0.0,0.14701315737626602,724.0,645.0,2026-12-06
300573,Lisa Armstrong,keithharrison@example.com,Vietnam,Online,2020-12-30,1,2023-07-31,2023-07-31,True,943.0,Valid,56735.659999999996,3154.2616999999996,53581.3983,76.0,0.0,0.0,False,53581.3983,0.0,0.055595752301110093,1224.0,0.0,2026-12-06
300574,Robert Gonzalez,,Canada,Online,2025-02-20,2,2025-12-14,2026-02-22,True,297.0,Valid,143558.12,9050.800439999999,134507.31956,95.0,0.0,0.0,True,67253.65978,0.0,0.06304624524199676,287.0,70.0,2026-12-06
300575,Kristen Wood,ericfrederick@example.org,Australia,Retail,2023-02-05,2,2023-06-27,2024-07-31,True,142.0,Valid,175090.34,10041.40494,165048.93506,115.0,0.0,0.0,True,82524.46753,0.0,0.057349851168259774,858.0,400.0,2026-12-06
300576,Christopher Nelson,masonpatricia@example.com,Australia,Corporate,2024-08-06,3,2024-11-15,2025-12-02,True,101.0,Valid,196280.38,14810.94602,181469.43398,130.0,0.0,0.0,True,60489.81132666667,0.0,0.07545810752964713,369.0,382.0,2026-12-06
300577,Christopher Anderson,audrey47@example.org,China,Corporate,2021-05-04,3,2021-06-19,2025-02-16,True,46.0,Valid,185861.36,5171.001179999999,180690.35882,171.0,0.0,0.0,True,60230.11960666667,0.0,0.027821819338887867,658.0,1338.0,2026-12-06
300578,Michelle Martin,jonesnicholas@example.org,France,Wholesale,2022-12-09,3,2023-01-22,2025-03-11,True,44.0,Valid,222871.31,8783.237689999998,211942.96209,206.0,3.0,2145.11022,True,70647.65402999999,0.014563106796116505,0.0394094587140893,635.0,779.0,2026-12-06
300579,Katherine Webster,doneal@example.net,Australia,,2022-02-06,4,2022-06-22,2026-01-31,True,136.0,Valid,206953.7,7986.67154,198967.02846,285.0,0.0,0.0,True,49741.757115,0.0,0.038591586137382415,309.0,1319.0,2026-12-06
300580,Larry Higgins,hwalton@example.com,Australia,Corporate,2025-05-19,3,2025-09-03,2026-01-30,True,107.0,Valid,3842.64,445.74624,3396.89376,18.0,0.0,0.0,True,1132.29792,0.0,0.116,310.0,149.0,2026-12-06
300581,Beth Johnson,greenemichael@example.com,China,Retail,2021-07-01,5,2021-07-03,2025-07-05,True,2.0,Valid,143490.21,11855.7395,125404.55026,152.0,3.0,6229.92024,True,25080.910052,0.019736842105263157,0.08262403058717385,519.0,1463.0,2026-12-06
300582,Janet Evans,edwardsjames@example.org,Australia,Corporate,2021-03-29,4,2021-09-08,2026-01-06,True,163.0,Valid,400027.71,77138.87643,322888.83357,247.0,0.0,0.0,True,80722.2083925,0.0,0.19283383251125277,334.0,1581.0,2026-12-06
300583,Nicole Cole,deborahturner@example.org,India,Wholesale,2021-09-28,5,2022-01-30,2026-07-07,True,124.0,Valid,403362.63,33497.19044,369865.43956,319.0,0.0,0.0,True,73973.087912,0.0,0.08304485331226642,152.0,1619.0,2026-12-06
300584,Stephanie King,dowens@example.com,Germany,Retail,2021-05-17,6,2022-01-19,2025-01-18,True,247.0,Valid,161169.24,22254.46398,138914.77602,263.0,0.0,0.0,True,23152.462669999997,0.0,0.13808133599190517,687.0,1095.0,2026-12-06
300585,Jason Williams,pennylivingston@example.com,Japan,,2025-01-28,1,2026-06-09,2026-06-09,True,497.0,Valid,19459.35,252.97155,19206.37845,15.0,0.0,0.0,False,19206.37845,0.0,0.013000000000000001,180.0,0.0,2026-12-06
300586,Theodore Eaton,smiller@example.com,Australia,Wholesale,2022-07-14,3,2023-12-18,2024-04-05,True,522.0,Valid,89120.92,5620.926579999999,83499.99342,90.0,0.0,0.0,True,27833.33114,0.0,0.06307078719564385,975.0,109.0,2026-12-06
300587,Amanda Jarvis,vjones@example.org,United States,Wholesale,2024-10-08,6,2024-11-19,2026-07-27,True,42.0,Valid,77889.5,10474.2339,67415.26610000001,103.0,0.0,0.0,True,11235.877683333334,0.0,0.13447555703913877,132.0,615.0,2026-12-06
300588,Alexandra Garcia,,United Kingdom,Retail,2022-03-20,5,2023-03-06,2026-05-08,True,351.0,Valid,78994.48,2120.36929,67758.35367,96.0,6.0,9115.75704,True,13551.670734,0.0625,0.02684199313673563,212.0,1159.0,2026-12-06
300589,Jamie Lindsey,ureed@example.com,France,Retail,2023-04-09,4,2024-05-15,2026-05-14,True,402.0,Valid,186615.52,23878.382859999998,162737.13714,123.0,0.0,0.0,True,40684.284285,0.0,0.12795496783975951,206.0,729.0,2026-12-06
300590,Laurie Stephenson,ghamilton@example.org,Vietnam,Corporate,2022-07-03,2,2022-07-06,2024-11-29,True,3.0,Valid,34338.96,8659.21509,25679.74491,34.0,0.0,0.0,True,12839.872455,0.0,0.25216882194452017,737.0,877.0,2026-12-06
300591,Nicole Hunter,sarahgray@example.net,Canada,,2023-12-30,6,2025-11-09,2026-07-14,True,680.0,Valid,463490.27999999997,51829.96286,411660.31714,374.0,0.0,0.0,True,68610.05285666666,0.0,0.11182535016699811,145.0,247.0,2026-12-06
300592,Madison Thomas,christopherreyes@example.com,United Kingdom,Online,2024-03-27,3,2024-10-18,2025-08-26,True,205.0,Valid,215243.74,18049.697099999998,197194.0429,106.0,0.0,0.0,True,65731.34763333334,0.0,0.08385701298444265,467.0,312.0,2026-12-06
300593,Adam Anderson,ahudson@example.org,Vietnam,Retail,2021-10-07,2,2025-05-19,2026-05-31,True,1320.0,Valid,174879.08000000002,1715.0185199999999,173164.06148,88.0,0.0,0.0,True,86582.03074,0.0,0.009806882103908596,189.0,377.0,2026-12-06
300594,Wanda Clark,martinbenjamin@example.net,Canada,Wholesale,2022-10-19,2,2025-01-31,2025-11-08,True,835.0,Valid,3886.88,197.51856,3689.3614399999997,29.0,0.0,0.0,True,1844.6807199999998,0.0,0.050816737331741656,393.0,281.0,2026-12-06
300595,John Zavala,qwilson@example.com,Australia,Retail,2023-01-29,4,2023-05-10,2026-03-11,True,101.0,Valid,216178.52,19524.64954,196653.87046,139.0,0.0,0.0,True,49163.467615,0.0,0.09031725048353555,270.0,1036.0,2026-12-06
300596,Nicholas Watson,qsosa@example.net,United States,Wholesale,2024-09-21,4,2025-07-27,2026-07-27,True,309.0,Valid,238699.65,20790.13162,217909.51838000002,238.0,0.0,0.0,True,54477.379595000006,0.0,0.08709745330585948,132.0,365.0,2026-12-06
300597,Robin Rivera,alison98@example.net,Mexico,Corporate,2023-06-16,4,2023-08-23,2026-04-05,True,68.0,Valid,255304.94,34807.82503,220497.11497,234.0,0.0,0.0,True,55124.2787425,0.0,0.13633823548420176,245.0,956.0,2026-12-06
300598,Stephanie Perez,hamiltonjoseph@example.net,Mexico,,2022-01-22,7,2022-02-18,2026-05-29,True,27.0,Valid,486296.17,50425.50821,435870.66179,391.0,0.0,0.0,True,62267.23739857143,0.0,0.10369299887761814,191.0,1561.0,2026-12-06
300599,Wendy Williams,laurie41@example.org,France,Retail,2022-03-02,8,2022-04-08,2025-12-01,True,37.0,Valid,293879.12,35883.30257000001,257995.81742999997,296.0,0.0,0.0,True,32249.477178749996,0.0,0.12210225268811206,370.0,1333.0,2026-12-06
300600,Colleen Blanchard,gstein@example.net,China,Retail,2023-06-10,5,2023-06-27,2026-05-01,True,17.0,Valid,250366.77000000002,34107.0297,206619.44819999998,184.0,6.0,9640.2921,True,41323.889639999994,0.03260869565217391,0.13622826104278934,219.0,1039.0,2026-12-06
300601,Patrick Barnes,kerry32@example.net,Germany,,2023-05-18,3,2023-09-08,2025-03-20,True,113.0,Valid,171556.66,12527.707730000002,159028.95227,113.0,0.0,0.0,True,53009.65075666667,0.0,0.07302373297544963,626.0,559.0,2026-12-06
300602,Andrea Edwards,grahamlisa@example.org,France,Online,2023-01-26,4,2023-09-25,2026-05-12,True,242.0,Valid,39049.759999999995,1706.52956,36046.62239,41.0,1.0,1296.60805,True,9011.6555975,0.024390243902439025,0.04370140968856147,208.0,960.0,2026-12-06
300603,Felicia Wood,joe76@example.net,Canada,Online,2022-09-26,5,2022-11-29,2026-02-20,True,64.0,Valid,260632.57,10462.48085,250170.08914999999,228.0,0.0,0.0,True,50034.01783,0.0,0.04014264544910868,289.0,1179.0,2026-12-06
300604,David Sanchez,matthewharper@example.net,France,Wholesale,2021-09-25,5,2022-10-02,2026-01-18,True,372.0,Valid,260887.57,34345.79178,226541.77822,224.0,0.0,0.0,True,45308.355644,0.0,0.131649782241446,322.0,1204.0,2026-12-06
300605,Bradley Hogan,hernandezroy@example.org,Canada,Corporate,2022-07-20,3,2025-09-08,2025-12-16,True,1146.0,Valid,31754.73,3323.10384,28431.62616,63.0,0.0,0.0,True,9477.20872,0.0,0.10464909763049474,355.0,99.0,2026-12-06
300606,Melissa Hernandez,smithgregory@example.org,Canada,Corporate,2025-05-03,9,2025-07-29,2026-06-01,True,87.0,Valid,423410.9,39514.06953,383896.83047,446.0,0.0,0.0,True,42655.20338555556,0.0,0.09332322226470788,188.0,307.0,2026-12-06
300607,Meghan Hull,elizabeth10@example.org,Vietnam,Corporate,2022-02-14,3,2024-02-03,2024-09-17,True,719.0,Valid,87366.02,8708.30936,65889.48069,213.0,7.0,12768.22995,True,21963.160229999998,0.03286384976525822,0.09967615967855693,810.0,227.0,2026-12-06
300608,Andrew Aguilar,mendezlori@example.org,Vietnam,Retail,2025-02-16,7,2025-04-09,2026-05-31,True,52.0,Valid,668633.19,64543.057550000005,597469.01241,594.0,10.0,6621.12,True,85352.71605857143,0.016835016835016835,0.09652984403900143,189.0,417.0,2026-12-06
300609,Samantha Henry,brittney98@example.org,Australia,Online,2024-08-11,9,2024-09-19,2026-04-22,True,39.0,Valid,412719.9,48998.573619999996,363721.32638,290.0,0.0,0.0,True,40413.480708888885,0.0,0.11872113174092161,228.0,580.0,2026-12-06
300610,Austin Obrien,eric81@example.com,Japan,Retail,2024-10-27,1,2026-04-21,2026-04-21,True,541.0,Valid,7722.16,1240.7274400000001,6481.432559999999,68.0,0.0,0.0,False,6481.432559999999,0.0,0.16067103504718888,229.0,0.0,2026-12-06
300611,Amanda Phelps,heatherpatrick@example.com,United States,Online,2023-09-12,4,2024-06-04,2026-02-09,True,266.0,Valid,251211.46,14497.70448,235717.38451,203.0,3.0,996.37101,True,58929.3461275,0.014778325123152709,0.0577111588778633,300.0,615.0,2026-12-06
300612,Matthew Briggs,proman@example.com,Canada,Wholesale,2025-06-03,3,2025-12-03,2026-06-17,True,183.0,Valid,164177.94,6415.75364,157762.18636000002,134.0,0.0,0.0,True,52587.39545333334,0.0,0.03907804934085542,172.0,196.0,2026-12-06
300613,Joel Warner,millerbriana@example.org,United Kingdom,,2023-12-30,5,2024-12-13,2026-01-25,True,349.0,Valid,343400.57,43801.297940000004,292087.45716,237.0,5.0,7511.8149,True,58417.491431999995,0.02109704641350211,0.1275516168770483,315.0,408.0,2026-12-06
300614,Mrs. Miranda Campbell MD,beth76@example.com,Brazil,Retail,2021-05-27,2,2021-09-19,2022-05-16,True,115.0,Valid,345988.43,37372.2334,308616.19659999997,196.0,0.0,0.0,True,154308.09829999998,0.0,0.10801584723512286,1665.0,239.0,2026-12-06
300615,Terri Arnold,sharon37@example.net,Canada,Retail,2021-04-11,8,2022-02-16,2026-05-26,True,311.0,Valid,586797.2,55053.31368,526867.5535,486.0,3.0,4876.3328200000005,True,65858.4441875,0.006172839506172839,0.09382000064076652,194.0,1560.0,2026-12-06
300616,Corey Jones,randalllinda@example.com,Mexico,,2020-10-31,7,2020-12-04,2026-07-21,True,34.0,Valid,363678.73,33830.68268,322841.69467999996,426.0,7.0,7006.35264,True,46120.24209714285,0.01643192488262911,0.09302353942997986,138.0,2055.0,2026-12-06
300617,Mr. James Fletcher MD,lisamcgee@example.net,France,Retail,2021-08-06,6,2023-03-26,2026-06-06,True,597.0,Valid,255522.36000000002,30774.04096,224748.31904,257.0,0.0,0.0,True,37458.053173333334,0.0,0.12043580436561402,183.0,1168.0,2026-12-06
300618,Thomas Knight,adrianlogan@example.com,Australia,Corporate,2022-10-11,2,2023-09-30,2023-11-14,True,354.0,Valid,184075.75,19841.449529999998,164234.30047000002,129.0,0.0,0.0,True,82117.15023500001,0.0,0.10778958950323439,1118.0,45.0,2026-12-06
300619,Dr. Charles Henson,williamsimpson@example.com,India,Online,2022-09-29,6,2023-03-28,2024-09-11,True,180.0,Valid,356016.58999999997,29299.269139999997,326717.32086,288.0,0.0,0.0,True,54452.886809999996,0.0,0.08229748265382801,816.0,533.0,2026-12-06
300620,Jennifer Townsend,jennifer95@example.com,United States,Online,2025-03-14,4,2025-05-07,2026-06-27,True,54.0,Valid,189070.48,31109.2856,157961.1944,170.0,0.0,0.0,True,39490.2986,0.0,0.16453803682097806,162.0,416.0,2026-12-06
300621,Dr. Jonathan Clark,erin84@example.net,India,Online,2020-09-04,2,2024-08-19,2025-03-28,True,1445.0,Valid,120966.74,6392.92068,114573.81932000001,130.0,0.0,0.0,True,57286.909660000005,0.0,0.05284858201518864,618.0,221.0,2026-12-06
300622,Leslie House,ryandodson@example.org,United States,Wholesale,2022-08-14,2,2024-03-18,2025-10-30,True,582.0,Valid,193563.90000000002,20195.74898,169838.18154999998,138.0,9.0,3529.96947,True,84919.09077499999,0.06521739130434782,0.10433634050564179,402.0,591.0,2026-12-06
300623,Kimberly Ryan,vwilliams@example.org,Brazil,Retail,2022-12-09,5,2023-09-08,2026-04-28,True,273.0,Valid,199560.77000000002,24680.214140000004,174880.55586000002,152.0,0.0,0.0,True,34976.111172000004,0.0,0.12367267444398015,222.0,963.0,2026-12-06
300624,Rebecca Wells,,Mexico,,2022-09-13,5,2023-02-27,2024-12-08,True,167.0,Valid,349056.41000000003,13925.369340000001,335131.04066000006,231.0,0.0,0.0,True,67026.20813200001,0.0,0.0398943234991731,728.0,650.0,2026-12-06
300625,Kevin Cole,patricia03@example.net,Mexico,Corporate,2021-10-26,3,2023-01-30,2024-11-05,True,461.0,Valid,251529.13,33213.27101,218315.85899,234.0,0.0,0.0,True,72771.95299666667,0.0,0.1320454255536923,761.0,645.0,2026-12-06
300626,Derek Schmidt,,India,Corporate,2025-03-09,3,2025-03-15,2026-05-18,True,6.0,Valid,108584.59,4189.05598,100681.2565,93.0,4.0,3714.27752,True,33560.41883333334,0.043010752688172046,0.03857873368587569,202.0,429.0,2026-12-06
300627,Tyler Lang,amanda86@example.org,Canada,Online,2022-08-25,3,2023-04-17,2025-11-22,True,235.0,Valid,127497.26999999999,7214.81697,118561.45128000001,133.0,3.0,1721.00175,True,39520.48376,0.022556390977443608,0.056588011413891456,379.0,950.0,2026-12-06
300628,Rebecca Bowman,kayla07@example.net,Vietnam,Wholesale,2023-05-03,3,2023-03-30,2026-04-22,True,-34.0,First Order Before Signup,137858.0,20579.76068,117278.23932,119.0,0.0,0.0,True,39092.746439999995,0.0,0.149282309913099,228.0,1119.0,2026-12-06
300629,Donna Wilson,saraprice@example.net,Germany,,2021-09-24,2,2023-02-04,2023-05-15,True,498.0,Valid,40423.32,1499.26476,38924.05524,108.0,0.0,0.0,True,19462.02762,0.0,0.03708910500176631,1301.0,100.0,2026-12-06
300630,Christina Cohen,murphyjohn@example.com,Brazil,,2022-04-23,4,2022-04-28,2026-04-15,True,5.0,Valid,415155.77,41801.7824,373353.9876,314.0,0.0,0.0,True,93338.4969,0.0,0.1006893928030917,235.0,1448.0,2026-12-06
300631,Paul Scott,emily62@example.com,Vietnam,Retail,2020-07-10,3,2024-05-13,2024-08-23,True,1403.0,Valid,169260.55,19129.57015,150130.97985,193.0,0.0,0.0,True,50043.65995,0.0,0.11301848038423602,835.0,102.0,2026-12-06
300632,Brent Huynh,whitney81@example.org,Australia,Corporate,2021-09-07,0,,,False,,Cannot Determine,0.0,0.0,0.0,0.0,0.0,0.0,False,,,,,,2026-12-06
300633,Sarah Smith,camerontownsend@example.com,Vietnam,,2025-07-30,4,2025-07-31,2026-04-03,True,1.0,Valid,185341.13,24447.091229999998,160894.03877,154.0,0.0,0.0,True,40223.5096925,0.0,0.1319032166794278,247.0,246.0,2026-12-06
300634,Jerry Martinez,edixon@example.net,United States,Corporate,2025-06-28,3,2025-11-19,2026-06-01,True,144.0,Valid,191393.19,31961.746929999998,159431.44307,143.0,0.0,0.0,True,53143.81435666667,0.0,0.1669952150857614,188.0,194.0,2026-12-06
300635,Heather Davis,paullopez@example.com,United States,Online,2023-09-26,2,2024-02-29,2024-08-05,True,156.0,Valid,307185.16000000003,11131.23479,296053.92525,180.0,0.0,0.0,True,148026.962625,0.0,0.036236238723250824,853.0,158.0,2026-12-06
300636,Lisa Montes,,Japan,Retail,2024-04-16,3,2024-10-02,2026-06-09,True,169.0,Valid,47418.770000000004,468.3869,46950.3831,62.0,0.0,0.0,True,15650.1277,0.0,0.009877668695328875,180.0,615.0,2026-12-06
300637,Kimberly Mendoza,anthony66@example.org,China,Online,2021-06-19,5,2022-06-30,2025-06-14,True,376.0,Valid,508651.9,47415.18965,461236.71035,391.0,0.0,0.0,True,92247.34207,0.0,0.0932173646653045,540.0,1080.0,2026-12-06
300638,Jennifer Jackson,vayala@example.net,Vietnam,Corporate,2024-09-13,4,2025-07-29,2025-11-29,True,319.0,Valid,103493.8,13505.89998,89987.90002,126.0,0.0,0.0,True,22496.975005,0.0,0.1304996046139962,372.0,123.0,2026-12-06
300639,Cristina Sandoval DVM,dgrant@example.com,Germany,Wholesale,2020-12-31,4,2021-07-01,2024-06-14,True,182.0,Valid,333935.61,36546.31163,291550.23943,323.0,6.0,5839.05894,True,72887.5598575,0.018575851393188854,0.10944119325878422,905.0,1079.0,2026-12-06
300640,Steven Johnson,adamkelly@example.net,Japan,Corporate,2022-04-11,6,2023-06-22,2026-07-26,True,437.0,Valid,534015.76,50203.73896999999,483812.02103,444.0,0.0,0.0,True,80635.33683833333,0.0,0.09401171787514284,133.0,1130.0,2026-12-06
300641,Jennifer Monroe,michelle12@example.org,Australia,Wholesale,2025-05-02,5,2025-06-22,2026-07-18,True,51.0,Valid,322934.96,50145.462069999994,272789.49793,342.0,0.0,0.0,True,54557.899586,0.0,0.1552803761785345,141.0,391.0,2026-12-06
300642,Audrey Taylor,jspencer@example.net,China,Retail,2023-08-21,6,2024-02-24,2026-05-31,True,187.0,Valid,150880.8,16519.89737,134360.90263,175.0,0.0,0.0,True,22393.483771666666,0.0,0.1094897254654005,189.0,827.0,2026-12-06
300643,Robert Hartman,john86@example.com,United Kingdom,,2024-06-21,3,2024-08-18,2026-04-17,True,58.0,Valid,249836.83,25539.008569999998,224297.82143,177.0,0.0,0.0,True,74765.94047666667,0.0,0.1022227530264453,233.0,607.0,2026-12-06
300644,Todd Ortega,heathercabrera@example.org,Australia,Wholesale,2020-10-11,4,2021-12-20,2026-01-15,True,435.0,Valid,245876.64,11823.30755,228632.27964999998,218.0,5.0,5421.0528,True,57158.069912499996,0.022935779816513763,0.0480863393529373,325.0,1487.0,2026-12-06
300645,Vicki Hester,charles44@example.com,Mexico,Online,2022-01-25,5,2022-07-06,2026-05-03,True,162.0,Valid,269160.65,31625.030260000003,237535.61974,250.0,0.0,0.0,True,47507.123948,0.0,0.11749499884176978,217.0,1397.0,2026-12-06
300646,Mrs. Michelle Kane,coxcody@example.com,Germany,Corporate,2020-10-11,1,2025-07-24,2025-07-24,True,1747.0,Valid,65760.15,5783.088449999999,59977.06155,35.0,0.0,0.0,False,59977.06155,0.0,0.08794214201153738,500.0,0.0,2026-12-06
300647,Caleb Ray,halljoshua@example.net,China,Corporate,2024-07-03,4,2025-04-22,2026-01-22,True,293.0,Valid,188306.32,6250.00346,182056.31654,182.0,0.0,0.0,True,45514.079135,0.0,0.03319061973066013,318.0,275.0,2026-12-06
300648,Angela Marquez,rebecca41@example.com,Australia,Online,2024-06-09,2,2025-03-30,2025-07-22,True,294.0,Valid,130373.34,11380.73094,118992.60905999999,159.0,0.0,0.0,True,59496.304529999994,0.0,0.08729339096474785,502.0,114.0,2026-12-06
300649,Thomas Fisher,joseph02@example.org,Canada,Online,2024-06-04,5,2024-11-15,2026-02-23,True,164.0,Valid,341696.74,48487.613620000004,293209.12638000003,324.0,0.0,0.0,True,58641.825276,0.0,0.1419024765059216,286.0,465.0,2026-12-06
300650,April Vance,harrisonmichael@example.net,Germany,Online,2021-02-19,4,2021-04-23,2023-12-21,True,63.0,Valid,80186.92000000001,13374.73472,62314.07000000001,146.0,2.0,4498.11528,True,15578.517500000002,0.0136986301369863,0.16679446872382675,1081.0,972.0,2026-12-06
300651,Todd Jacobson,christopherjackson@example.net,United States,,2021-03-14,2,2021-11-01,2022-07-28,True,232.0,Valid,96291.5,9881.05464,86410.44536,99.0,0.0,0.0,True,43205.22268,0.0,0.10261606310006595,1592.0,269.0,2026-12-06
300652,Ashley Burnett,trobinson@example.org,Mexico,,2025-04-03,2,2025-12-31,2026-06-11,True,272.0,Valid,114579.80000000002,5155.257439999999,109424.54256,126.0,0.0,0.0,True,54712.27128,0.0,0.04499272507021306,178.0,162.0,2026-12-06
300653,Sharon Hicks,hsmith@example.com,Brazil,,2021-07-06,2,2021-08-17,2024-07-25,True,42.0,Valid,110332.58,9370.710019999999,100961.86997999999,67.0,0.0,0.0,True,50480.934989999994,0.0,0.08493148642042087,864.0,1073.0,2026-12-06
300654,Sarah Vasquez,brianclark@example.net,Australia,Retail,2023-07-20,5,2023-10-25,2026-04-12,True,97.0,Valid,315263.61,31130.732750000003,284132.87725,263.0,0.0,0.0,True,56826.575450000004,0.0,0.09874508748408992,238.0,900.0,2026-12-06
300655,Eileen Taylor,sbartlett@example.com,Brazil,Online,2022-08-10,3,2023-06-10,2025-02-18,True,304.0,Valid,50774.759999999995,890.81684,49883.94316,85.0,0.0,0.0,True,16627.981053333333,0.0,0.017544481549494277,656.0,619.0,2026-12-06
300656,Belinda Fisher,hsmith@example.com,China,Retail,2021-11-28,5,2022-03-11,2025-04-10,True,103.0,Valid,364369.59,57382.16247,306987.42753,358.0,0.0,0.0,True,61397.485506,0.0,0.15748340159232277,605.0,1126.0,2026-12-06
300657,Melissa Ray,coffeyjohn@example.net,United Kingdom,Corporate,2023-08-14,3,2024-10-17,2026-05-23,True,430.0,Valid,104188.59,12304.260900000001,91884.3291,134.0,6.0,0.0,True,30628.1097,0.04477611940298507,0.11809604967300164,197.0,583.0,2026-12-06
300658,Dr. Monique Sutton MD,joshuarodriguez@example.org,China,Corporate,2020-11-12,5,2022-05-03,2026-02-21,True,537.0,Valid,418915.11000000004,58066.15967000001,350927.92297,356.0,8.0,9921.02736,True,70185.584594,0.02247191011235955,0.1386108027232534,288.0,1390.0,2026-12-06
300659,Sandra Smith,,Mexico,Retail,2023-12-04,7,2024-05-14,2025-12-27,True,162.0,Valid,368405.24000000005,30952.47729,337452.76271,306.0,0.0,0.0,True,48207.537529999994,0.0,0.08401747295993943,344.0,592.0,2026-12-06
300660,Sheila Nguyen,hgray@example.net,Germany,Online,2024-04-14,3,2025-01-01,2026-04-05,True,262.0,Valid,269642.05,29904.139049999998,236282.02103,154.0,4.0,3455.88992,True,78760.67367666667,0.025974025974025976,0.11090309931258867,245.0,459.0,2026-12-06
300661,Shannon Thomas,qgomez@example.net,India,Wholesale,2022-01-15,1,2024-07-07,2024-07-07,True,904.0,Valid,68707.4,10650.4576,58056.9424,49.0,0.0,0.0,False,58056.9424,0.0,0.15501179785583505,882.0,0.0,2026-12-06
300662,Donald Williams Jr.,ymoore@example.org,Australia,Retail,2021-11-17,0,,,False,,Cannot Determine,0.0,0.0,0.0,0.0,0.0,0.0,False,,,,,,2026-12-06
300663,Christina Rodriguez,donald42@example.com,Mexico,Retail,2024-05-28,5,2024-06-16,2025-11-17,True,19.0,Valid,368832.54000000004,24780.222120000002,344052.31788,279.0,0.0,0.0,True,68810.463576,0.0,0.06718556372493598,384.0,519.0,2026-12-06
300664,Phillip Brown,pbailey@example.org,Mexico,Online,2024-07-05,4,2025-10-09,2026-06-25,True,461.0,Valid,155890.32,6571.35874,149318.96126,156.0,0.0,0.0,True,37329.740315,0.0,0.04215373180323191,164.0,259.0,2026-12-06
300665,Desiree Woods,enelson@example.org,Vietnam,Corporate,2022-11-29,3,2023-03-06,2026-07-14,True,97.0,Valid,80694.68000000001,1340.8941799999998,79353.78582,114.0,0.0,0.0,True,26451.26194,0.0,0.016616884533156333,145.0,1226.0,2026-12-06
300666,Richard Brewer,jrobinson@example.net,United States,,2022-11-09,4,2022-12-02,2024-11-27,True,23.0,Valid,145828.47999999998,4163.78784,136864.6096,94.0,8.0,4800.08256,True,34216.1524,0.0851063829787234,0.028552638277516165,739.0,726.0,2026-12-06
300667,Derek Wood,hannah48@example.com,Japan,Wholesale,2023-11-16,3,2025-07-02,2026-03-25,True,594.0,Valid,71675.83,2715.01242,68960.81758,119.0,0.0,0.0,True,22986.939193333335,0.0,0.037879050999479184,256.0,266.0,2026-12-06
300668,Keith Dyer,rachelking@example.org,Brazil,Online,2024-05-24,3,2025-04-18,2025-10-26,True,329.0,Valid,81402.66,544.97472,80857.68528,97.0,0.0,0.0,True,26952.56176,0.0,0.006694802356581468,406.0,191.0,2026-12-06
300669,Kristi Austin,courtneymadden@example.org,Vietnam,Retail,2024-06-14,1,2024-09-14,2024-09-14,True,92.0,Valid,0.0,0.0,0.0,0.0,0.0,0.0,False,0.0,,,813.0,0.0,2026-12-06
300670,Randy Carrillo,abradley@example.com,Vietnam,Online,2021-05-30,3,2023-01-17,2025-09-09,True,597.0,Valid,135290.45,23263.774169999997,112026.67583,72.0,0.0,0.0,True,37342.225276666664,0.0,0.1719542966262585,453.0,966.0,2026-12-06
300671,Eric Duran,,Mexico,Retail,2021-08-19,7,2022-06-04,2025-12-02,True,289.0,Valid,545203.37,61992.421610000005,476495.16372,462.0,7.0,6715.78467,True,68070.73767428572,0.015151515151515152,0.11370513283877905,369.0,1277.0,2026-12-06
300672,Toni Cunningham,cody79@example.org,United States,Online,2023-10-23,3,2024-05-11,2026-07-13,True,201.0,Valid,236225.24,23908.5928,212316.64719999998,177.0,0.0,0.0,True,70772.21573333333,0.0,0.1012110001454544,146.0,793.0,2026-12-06
300673,Scott Kelly,amandasnyder@example.com,United Kingdom,Online,2025-02-11,1,2025-08-29,2025-08-29,True,199.0,Valid,98864.64000000001,3591.5430399999996,95273.09696,70.0,0.0,0.0,False,95273.09696,0.0,0.03632788264843729,464.0,0.0,2026-12-06
300674,Billy Cunningham,jessedelacruz@example.org,India,Wholesale,2025-06-14,2,2026-03-18,2026-07-29,True,277.0,Valid,140579.59,8250.66393,132328.92607,107.0,0.0,0.0,True,66164.463035,0.0,0.05869033997040396,130.0,133.0,2026-12-06
300675,Nancy Garcia,ohiggins@example.net,Brazil,Online,2022-12-31,9,2023-01-21,2026-06-28,True,21.0,Valid,692691.09,30892.90062,661798.18938,552.0,0.0,0.0,True,73533.13215333334,0.0,0.044598380239018236,161.0,1254.0,2026-12-06
300676,Andrew Smith,,France,Retail,2021-09-26,8,2023-04-27,2025-12-05,True,578.0,Valid,333587.32,42769.82419,290817.49583,330.0,0.0,0.0,True,36352.18697875,0.0,0.12821178032186595,366.0,953.0,2026-12-06
300677,Daniel Peterson,cheryldavis@example.com,France,Retail,2023-08-10,2,2023-08-29,2025-06-26,True,19.0,Valid,160121.40999999997,34812.255509999995,120472.68629000001,133.0,2.0,4836.4682,True,60236.343145000006,0.015037593984962405,0.217411622280868,528.0,667.0,2026-12-06
300678,Lori Hodges,alvarezjoshua@example.org,Japan,Wholesale,2024-08-14,4,2025-04-13,2026-07-10,True,242.0,Valid,128453.19,5785.4561699999995,122667.73383,132.0,0.0,0.0,True,30666.9334575,0.0,0.04503941217808603,149.0,453.0,2026-12-06
300679,Abigail Wilkinson,lauraclay@example.org,Mexico,Wholesale,2023-12-14,3,2024-04-14,2025-10-31,True,122.0,Valid,180100.93,12525.028569999999,167575.90143,160.0,0.0,0.0,True,55858.63381,0.0,0.06954449691070445,401.0,565.0,2026-12-06
300680,Tammy Ramirez,whorton@example.com,China,Online,2021-02-08,7,2021-09-29,2026-02-06,True,233.0,Valid,191714.06,34753.64383,156960.41617,153.0,0.0,0.0,True,22422.916595714287,0.0,0.1812785344486471,303.0,1591.0,2026-12-06
300681,Patrick Hooper,,France,Corporate,2023-06-12,6,2023-06-25,2025-09-02,True,13.0,Valid,495576.12,51077.78183,444498.33817,486.0,0.0,0.0,True,74083.05636166666,0.0,0.10306747998672737,460.0,800.0,2026-12-06
300682,Christopher Wilcox,davidmurray@example.net,Brazil,Wholesale,2021-01-11,1,2023-07-21,2023-07-21,True,921.0,Valid,50883.7,2648.7161,48234.98390000001,35.0,0.0,0.0,False,48234.98390000001,0.0,0.05205431405341986,1234.0,0.0,2026-12-06
300683,Amanda Swanson,michaelsherman@example.com,United Kingdom,Online,2022-11-29,1,2026-05-30,2026-05-30,True,1278.0,Valid,55510.85,166.53255,55344.31745,43.0,0.0,0.0,False,55344.31745,0.0,0.0029999999999999996,190.0,0.0,2026-12-06
300684,Michael Bass,thomassmith@example.com,India,Wholesale,2024-11-02,1,2025-10-13,2025-10-13,True,345.0,Valid,189141.07,16457.72523,172683.34477,106.0,0.0,0.0,False,172683.34477,0.0,0.08701296460890276,419.0,0.0,2026-12-06
300685,Ryan Fisher,duranjason@example.org,Vietnam,Wholesale,2020-11-03,4,2021-05-30,2025-12-31,True,208.0,Valid,141605.71000000002,11457.309799999999,130148.4002,116.0,0.0,0.0,True,32537.10005,0.0,0.08090994212027183,340.0,1676.0,2026-12-06
300686,Michael Martin,olivia29@example.net,Brazil,Retail,2022-09-27,8,2023-01-08,2026-05-29,True,103.0,Valid,635534.84,66160.38824999999,561201.63419,450.0,6.0,8172.81756,True,70150.20427375,0.013333333333333334,0.10410190612052046,191.0,1237.0,2026-12-06
300687,Jerry Jackson,qramirez@example.net,Vietnam,Corporate,2023-12-20,4,2024-09-08,2025-09-02,True,263.0,Valid,440832.79,45349.19245,395483.59759,297.0,0.0,0.0,True,98870.8993975,0.0,0.10287164085502806,460.0,359.0,2026-12-06
300688,Patricia Smith,,Germany,Corporate,2021-09-26,7,2022-04-06,2025-12-05,True,192.0,Valid,247234.05000000002,29901.366719999998,217332.68328,204.0,0.0,0.0,True,31047.526182857142,0.0,0.1209435622641784,366.0,1339.0,2026-12-06
300689,Kevin Hogan,rachelhall@example.net,India,Corporate,2022-12-27,6,2023-05-06,2026-02-19,True,130.0,Valid,483806.78,21337.24698,462469.53302,423.0,0.0,0.0,True,77078.25550333333,0.0,0.044102827537886094,290.0,1020.0,2026-12-06
300690,Kristin Foster,brianwhite@example.org,India,,2023-05-02,1,2024-08-11,2024-08-11,True,467.0,Valid,51387.81,4909.17338,46478.63662,42.0,0.0,0.0,False,46478.63662,0.0,0.09553186602036554,847.0,0.0,2026-12-06
300691,Anthony Garrison,allenandrea@example.com,Japan,Corporate,2024-08-28,6,2024-11-29,2026-02-27,True,93.0,Valid,316307.25,28295.15959,288012.09041,287.0,0.0,0.0,True,48002.015068333334,0.0,0.08945466659395256,282.0,455.0,2026-12-06
300692,Dean Dunn,bradleyhenry@example.org,India,Corporate,2023-04-16,8,2023-12-29,2026-03-02,True,257.0,Valid,267517.37,8758.832699999999,258758.5373,241.0,0.0,0.0,True,32344.8171625,0.0,0.032741173778734436,279.0,794.0,2026-12-06
300693,Melissa Davis,colleenjones@example.net,Germany,Wholesale,2021-05-13,2,2022-05-13,2022-08-06,True,365.0,Valid,155512.76,20980.827390000002,134531.93261,124.0,0.0,0.0,True,67265.966305,0.0,0.1349138642385358,1583.0,85.0,2026-12-06
300694,Philip Murray,victoria50@example.org,India,Wholesale,2023-11-01,4,2025-01-17,2026-04-12,True,443.0,Valid,226998.59999999998,36901.52578,190097.07422,201.0,0.0,0.0,True,47524.268555,0.0,0.16256279016698785,238.0,450.0,2026-12-06
300695,Patricia Vazquez,millerfrederick@example.net,United States,Corporate,2024-06-28,4,2025-02-17,2025-12-12,True,234.0,Valid,101711.87,10777.2136,90934.6564,135.0,0.0,0.0,True,22733.6641,0.0,0.10595826819426286,359.0,298.0,2026-12-06
300696,Angela Lee,gonzalespatricia@example.net,Germany,Wholesale,2024-09-14,4,2025-02-28,2026-05-28,True,167.0,Valid,197553.05,31107.694470000002,166445.35553,206.0,0.0,0.0,True,41611.3388825,0.0,0.15746501747252195,192.0,454.0,2026-12-06
300697,Nicole Jacobs,vanessaedwards@example.net,Australia,Wholesale,2022-07-10,6,2023-01-20,2025-01-14,True,194.0,Valid,332392.71,18489.59559,313903.11441000004,274.0,0.0,0.0,True,52317.18573500001,0.0,0.0556257554204483,691.0,725.0,2026-12-06
300698,Maria Goodwin,erik82@example.net,Japan,Online,2021-03-29,1,2022-02-05,2022-02-05,True,313.0,Valid,55464.73,1053.82987,54410.90013,23.0,0.0,0.0,False,54410.90013,0.0,0.019,1765.0,0.0,2026-12-06
300699,Donna Boyd,hernandezmadison@example.com,United Kingdom,Online,2024-01-03,5,2024-03-02,2026-07-20,True,59.0,Valid,433685.19,38626.51687,395058.67313,335.0,0.0,0.0,True,79011.734626,0.0,0.08906579648246693,139.0,870.0,2026-12-06
300700,Emily Harrison,cmcdonald@example.net,Mexico,Online,2023-03-04,4,2024-06-01,2024-11-20,True,455.0,Valid,95460.67,6297.76432,89162.90568,137.0,0.0,0.0,True,22290.72642,0.0,0.0659723456791158,746.0,172.0,2026-12-06
300701,Stacey Gray,christopher84@example.net,Japan,Retail,2020-11-28,1,2023-07-23,2023-07-23,True,967.0,Valid,39572.11,5061.3612,34510.7488,22.0,0.0,0.0,False,34510.7488,0.0,0.1279022321528976,1232.0,0.0,2026-12-06
300702,Bryce Gutierrez,william55@example.net,Mexico,,2021-05-31,3,2024-09-13,2026-04-15,True,1201.0,Valid,95321.87,6346.53414,88975.33585999999,120.0,0.0,0.0,True,29658.445286666665,0.0,0.06658004233446113,235.0,579.0,2026-12-06
300703,Christopher Ray,tranbenjamin@example.com,Germany,Wholesale,2020-11-28,6,2023-06-01,2025-10-20,True,915.0,Valid,359063.56,29608.17951,327356.72028999997,370.0,5.0,2098.6602,True,54559.45338166666,0.013513513513513514,0.08245943840694946,412.0,872.0,2026-12-06
300704,Jason Chase,ymontgomery@example.org,India,Wholesale,2020-12-05,3,2022-07-21,2025-05-14,True,593.0,Valid,544188.38,66220.76686,477967.61312,319.0,0.0,0.0,True,159322.53770666666,0.0,0.12168721217457823,571.0,1028.0,2026-12-06
300705,Tiffany Chase,davidbrown@example.org,China,Retail,2024-07-11,1,2025-09-22,2025-09-22,True,438.0,Valid,28133.0,3207.162,24925.838,14.0,0.0,0.0,False,24925.838,0.0,0.11399999999999999,440.0,0.0,2026-12-06
300706,Dawn Rice,greenjessica@example.net,Mexico,Wholesale,2025-04-21,5,2025-02-06,2026-03-03,True,-74.0,First Order Before Signup,217799.21,23151.34192,194647.86808000001,163.0,0.0,0.0,True,38929.573616,0.0,0.10629672127828195,278.0,390.0,2026-12-06
300707,Kathleen Galvan,nicholasgallagher@example.net,Australia,Wholesale,2021-07-21,10,2021-11-26,2025-12-01,True,128.0,Valid,615794.98,35175.36896,580619.61102,535.0,0.0,0.0,True,58061.961101999994,0.0,0.05712188326056182,370.0,1466.0,2026-12-06
300708,David Nunez,heathermontgomery@example.com,Germany,,2023-11-26,2,2025-03-04,2025-11-13,True,464.0,Valid,164907.82,15340.80974,149567.01026,116.0,0.0,0.0,True,74783.50513,0.0,0.0930265753316004,388.0,254.0,2026-12-06
300709,Maria Estrada,rickey20@example.org,China,Wholesale,2024-04-17,4,2024-09-07,2026-01-02,True,143.0,Valid,125760.56999999999,8732.33142,117028.23857999999,124.0,0.0,0.0,True,29257.059644999998,0.0,0.06943616286090307,338.0,482.0,2026-12-06
300710,Bianca Bowen,tlewis@example.com,Mexico,Corporate,2025-01-22,5,2025-09-29,2026-03-27,True,250.0,Valid,136435.66999999998,26509.29547,109926.37453,118.0,0.0,0.0,True,21985.274906,0.0,0.19429886238694033,254.0,179.0,2026-12-06
300711,Samantha Carter,wmoore@example.com,Australia,Wholesale,2021-01-28,4,2021-04-01,2026-07-01,True,63.0,Valid,244494.07,30714.25137,213779.81863,282.0,0.0,0.0,True,53444.9546575,0.0,0.12562370682446408,158.0,1917.0,2026-12-06
300712,Amanda Powell,jenniferwood@example.net,Mexico,Retail,2024-06-14,3,2025-03-10,2026-01-14,True,269.0,Valid,181558.83000000002,36670.41831,144888.41169,191.0,0.0,0.0,True,48296.13723,0.0,0.20197540549253373,326.0,310.0,2026-12-06
300713,Tyler Pruitt,barnettterry@example.com,China,Wholesale,2024-01-30,1,2025-04-18,2025-04-18,True,444.0,Valid,149440.25999999998,22649.187280000002,126791.07272000001,119.0,0.0,0.0,False,126791.07272000001,0.0,0.15156014369889348,597.0,0.0,2026-12-06
300714,Dylan Johnston,ingramjessica@example.com,Mexico,Online,2022-09-20,4,2022-10-03,2026-05-03,True,13.0,Valid,429311.07,50593.55281000001,378717.51719000004,280.0,0.0,0.0,True,94679.37929750001,0.0,0.11784823720012626,217.0,1308.0,2026-12-06
300715,Kelly Greer,martin27@example.net,United Kingdom,,2021-11-14,5,2022-04-11,2025-11-22,True,148.0,Valid,271978.42000000004,40617.84758,231360.57241999998,196.0,0.0,0.0,True,46272.114484,0.0,0.14934217052955892,379.0,1321.0,2026-12-06
300716,Michael Johnson,kaiserkelly@example.org,United Kingdom,Corporate,2024-10-27,3,2025-01-31,2025-10-07,True,96.0,Valid,93462.69,2633.6702099999998,90829.01978999999,141.0,0.0,0.0,True,30276.33993,0.0,0.02817884024095604,425.0,249.0,2026-12-06
300717,Phillip Kelly,brenda16@example.net,Vietnam,Retail,2025-03-31,5,2025-10-01,2026-08-01,True,184.0,Valid,318371.53,51144.33027,267227.19973,263.0,0.0,0.0,True,53445.439946,0.0,0.16064354205917844,127.0,304.0,2026-12-06
300718,Brian Davis,ufox@example.org,Germany,Corporate,2021-10-10,2,2025-03-09,2026-04-10,True,1246.0,Valid,20219.68,5378.43488,14841.24512,13.0,0.0,0.0,True,7420.62256,0.0,0.26599999999999996,240.0,397.0,2026-12-06
300719,Christina Watkins,travistaylor@example.net,United Kingdom,Retail,2023-05-22,5,2023-08-27,2026-03-24,True,97.0,Valid,318032.45,49251.35856,268781.09144,174.0,0.0,0.0,True,53756.218288,0.0,0.1548626832261928,257.0,940.0,2026-12-06
300720,Stephen Bond,hubersamantha@example.net,Australia,,2022-04-12,2,2023-01-02,2025-04-28,True,265.0,Valid,239820.31,21608.58966,218211.72034,248.0,0.0,0.0,True,109105.86017,0.0,0.09010325130511257,587.0,847.0,2026-12-06
300721,Vernon Esparza Jr.,umaxwell@example.net,Mexico,,2024-06-21,8,2024-08-21,2026-04-01,True,61.0,Valid,318174.67,63571.902910000004,254602.76708999998,298.0,0.0,0.0,True,31825.345886249997,0.0,0.19980189783806487,249.0,588.0,2026-12-06
300722,Cody Hoover,willismatthew@example.com,United States,Wholesale,2025-02-14,3,2025-03-09,2026-01-04,True,23.0,Valid,13177.59,2045.85313,11131.73687,12.0,0.0,0.0,True,3710.5789566666667,0.0,0.15525244980303682,336.0,301.0,2026-12-06
300723,Kyle Glass,haleycook@example.net,Mexico,Online,2021-03-23,3,2021-07-31,2025-05-03,True,130.0,Valid,356846.62,57729.05028,299117.56972,230.0,0.0,0.0,True,99705.85657333334,0.0,0.16177552776035822,582.0,1372.0,2026-12-06
300724,Drew Werner,hornerebecca@example.org,India,Wholesale,2024-03-06,2,2025-10-29,2026-03-20,True,602.0,Valid,185659.24,23520.07228,162139.16772,179.0,0.0,0.0,True,81069.58386,0.0,0.12668409221108523,261.0,142.0,2026-12-06
300725,Jenna Lynch,dennis01@example.com,United States,Online,2025-01-28,6,2025-02-26,2026-07-09,True,29.0,Valid,186488.66,16048.70356,170439.95643999998,319.0,0.0,0.0,True,28406.659406666662,0.0,0.08605726246303662,150.0,498.0,2026-12-06
300726,Shelby Fowler,daniel43@example.org,France,Retail,2023-09-07,5,2023-09-20,2025-03-23,True,13.0,Valid,199294.27,37799.75752,161494.51248,141.0,0.0,0.0,True,32298.902496000002,0.0,0.1896680597992105,623.0,550.0,2026-12-06
300727,Ryan Willis,ulee@example.org,India,Online,2022-08-25,3,2023-11-08,2025-10-03,True,440.0,Valid,164274.86,15047.372599999999,142718.08404,167.0,6.0,6509.40336,True,47572.69467999999,0.03592814371257485,0.09159875467250436,429.0,695.0,2026-12-06
300728,Katie Jones,vhill@example.com,China,Online,2025-05-16,6,2025-08-31,2026-07-24,True,107.0,Valid,445114.45999999996,60602.746530000004,384511.71346999996,353.0,0.0,0.0,True,64085.28557833333,0.0,0.1361509274041558,135.0,327.0,2026-12-06
300729,Andrew Reese,,France,Wholesale,2021-01-18,7,2022-07-16,2026-07-18,True,544.0,Valid,377147.73,27524.27929,349623.45071,350.0,0.0,0.0,True,49946.20724428572,0.0,0.0729801006358967,141.0,1463.0,2026-12-06
300730,Alex Conner,travisfoster@example.com,Germany,Online,2020-11-17,3,2023-07-18,2024-10-22,True,973.0,Valid,105480.04000000001,1389.20052,104090.83948,123.0,0.0,0.0,True,34696.94649333333,0.0,0.013170269180785293,775.0,462.0,2026-12-06
300731,Kelly Davis,ronaldbradford@example.org,Germany,Corporate,2025-06-30,6,2025-08-10,2026-07-23,True,41.0,Valid,255655.16000000003,10493.95776,245161.20224,251.0,0.0,0.0,True,40860.20037333333,0.0,0.04104731451538079,136.0,347.0,2026-12-06
300732,Amy Dyer,peter91@example.org,China,Online,2025-05-20,3,2025-09-17,2026-05-09,True,120.0,Valid,257085.61000000002,53592.53761,203493.07239,148.0,0.0,0.0,True,67831.02412999999,0.0,0.20846183343361768,211.0,234.0,2026-12-06
300733,Angel Bentley,corythompson@example.org,India,Online,2022-08-06,5,2023-09-09,2026-07-18,True,399.0,Valid,303514.59,44833.5766,256393.07189,269.0,1.0,2287.94151,True,51278.614378,0.0037174721189591076,0.14771473292272375,141.0,1043.0,2026-12-06
300734,Anthony Jordan,ryanrodriguez@example.net,Vietnam,Retail,2021-12-07,3,2023-01-31,2024-10-25,True,420.0,Valid,104858.09,5900.44347,90144.68993,205.0,10.0,8812.9566,True,30048.229976666666,0.04878048780487805,0.056270750974006876,772.0,633.0,2026-12-06
300735,Justin Barrera,traceyguerra@example.com,Australia,Retail,2024-11-25,3,2025-02-11,2026-06-04,True,78.0,Valid,139316.69999999998,19052.70604,120263.99395999999,110.0,0.0,0.0,True,40087.99798666666,0.0,0.13675823530129555,185.0,478.0,2026-12-06
300736,David Kemp,leontracie@example.org,India,Retail,2024-05-30,6,2024-06-26,2025-11-28,True,27.0,Valid,567029.38,40523.48652,526505.89348,454.0,0.0,0.0,True,87750.98224666667,0.0,0.07146629072377167,373.0,520.0,2026-12-06
300737,Scott Durham,ricklewis@example.net,France,Wholesale,2022-05-18,2,2023-04-12,2025-01-30,True,329.0,Valid,116388.48,6063.390160000001,105271.0372,68.0,8.0,5054.05264,True,52635.5186,0.11764705882352941,0.0520961366623226,675.0,659.0,2026-12-06
300738,Amy Estrada,bvazquez@example.net,India,Online,2022-07-15,2,2025-05-24,2025-07-20,True,1044.0,Valid,160406.55,13767.821409999999,146638.72859,160.0,0.0,0.0,True,73319.364295,0.0,0.08583079313157724,504.0,57.0,2026-12-06
300739,Wendy Carpenter,prattjustin@example.org,India,Online,2024-10-10,3,2025-10-18,2026-05-26,True,373.0,Valid,82941.94,10553.31524,68408.32626,92.0,2.0,3980.2985,True,22802.77542,0.021739130434782608,0.1272373812331855,194.0,220.0,2026-12-06
300740,Jody Scott,richardharper@example.net,China,Retail,2025-05-04,7,2025-07-05,2026-07-07,True,62.0,Valid,452361.44,35216.62393,417144.81607,417.0,0.0,0.0,True,59592.11658142857,0.0,0.07785063185314822,152.0,367.0,2026-12-06
300741,Pamela Armstrong,qkane@example.com,United Kingdom,Corporate,2023-10-14,6,2024-01-08,2026-02-02,True,86.0,Valid,465395.82,69840.53487999999,386769.70139,344.0,9.0,8785.58373,True,64461.616898333334,0.02616279069767442,0.15006695779949203,307.0,756.0,2026-12-06
300742,Olivia Reese,hdavis@example.com,Mexico,Corporate,2024-10-25,4,2025-08-17,2025-10-08,True,296.0,Valid,294625.49,41596.33172,253029.15828,268.0,0.0,0.0,True,63257.28957,0.0,0.1411837506659726,424.0,52.0,2026-12-06
300743,Lauren Walsh,dylancunningham@example.com,Mexico,Online,2021-05-23,4,2022-09-03,2025-03-28,True,468.0,Valid,186282.40000000002,20750.626640000002,165531.77336,191.0,0.0,0.0,True,41382.94334,0.0,0.11139338252030251,618.0,937.0,2026-12-06
300744,Emily Montgomery,stephaniezamora@example.org,France,Online,2020-10-08,5,2022-08-23,2026-06-03,True,684.0,Valid,537313.7,62864.0445,474449.6555,416.0,0.0,0.0,True,94889.9311,0.0,0.116996913534868,186.0,1380.0,2026-12-06
300745,Sabrina Phillips,kimberlyjordan@example.net,Vietnam,Wholesale,2021-08-03,3,2022-03-23,2026-02-04,True,232.0,Valid,32501.18,3971.38906,28529.79094,144.0,0.0,0.0,True,9509.930313333332,0.0,0.12219214994655578,305.0,1414.0,2026-12-06
300746,Jennifer Lyons,omoore@example.org,Brazil,Online,2023-06-19,0,,,False,,Cannot Determine,0.0,0.0,0.0,0.0,0.0,0.0,False,,,,,,2026-12-06
300747,Steven May,karacollins@example.net,Australia,Corporate,2022-12-13,7,2023-05-18,2026-03-05,True,156.0,Valid,382846.15,43570.84082,338965.5816,303.0,10.0,309.7276,True,48423.654514285714,0.033003300330033,0.11380770270250855,276.0,1022.0,2026-12-06
300748,Erika Bates,debra82@example.net,Germany,Wholesale,2021-10-21,3,2023-04-16,2026-02-18,True,542.0,Valid,351953.24,34406.86922,317546.37078,395.0,0.0,0.0,True,105848.79026,0.0,0.09775977405407606,291.0,1039.0,2026-12-06
300749,Sara Pollard,merrittsusan@example.net,Canada,Retail,2025-02-24,2,2025-05-12,2026-03-23,True,77.0,Valid,147553.4,27363.22911,120190.17089,117.0,0.0,0.0,True,60095.085445,0.0,0.18544627985529308,258.0,315.0,2026-12-06
300750,Michael Bishop,anthony26@example.net,Australia,Online,2021-04-03,2,2022-03-14,2024-10-05,True,345.0,Valid,14241.910000000002,1901.7980699999998,12340.111930000001,121.0,0.0,0.0,True,6170.0559650000005,0.0,0.13353532426479311,792.0,936.0,2026-12-06
300751,Bridget Guerrero,bowerspatrick@example.com,India,Online,2024-06-24,5,2025-01-03,2026-04-29,True,193.0,Valid,332244.16000000003,42961.41637,288738.43423,271.0,1.0,544.30944,True,57747.686846000004,0.0036900369003690036,0.1293067615394654,221.0,481.0,2026-12-06
300752,Tammy Robinson,gstokes@example.net,France,Corporate,2022-05-22,3,2023-10-27,2025-08-22,True,523.0,Valid,106008.1,12901.12515,93106.97485,178.0,0.0,0.0,True,31035.658283333334,0.0,0.12169942815690499,471.0,665.0,2026-12-06
300753,Pamela Aguirre,,China,Online,2024-10-25,2,2026-02-21,2026-05-30,True,484.0,Valid,113772.44999999998,12462.67803,101309.77196999999,85.0,0.0,0.0,True,50654.88598499999,0.0,0.10954038547996463,190.0,98.0,2026-12-06
300754,Chase Matthews,melissa40@example.org,United Kingdom,Online,2024-07-20,3,2025-06-18,2025-11-24,True,333.0,Valid,115059.89,9484.33218,105575.55782,124.0,0.0,0.0,True,35191.85260666667,0.0,0.08242952587561138,377.0,159.0,2026-12-06
300755,Paul Smith,yburke@example.org,Australia,Wholesale,2024-10-29,2,2025-12-11,2026-03-22,True,408.0,Valid,206672.90999999997,19993.646050000003,186679.26395,200.0,0.0,0.0,True,93339.631975,0.0,0.09674052612894456,259.0,101.0,2026-12-06
300756,William Hughes,charlesbarnett@example.net,China,Online,2025-08-28,2,2026-01-02,2026-03-14,True,127.0,Valid,87957.98999999999,9210.3102,78747.6798,128.0,0.0,0.0,True,39373.8399,0.0,0.10471260427847431,267.0,71.0,2026-12-06
300757,Sarah Williams,brooksbrian@example.net,Japan,Wholesale,2022-05-04,4,2023-04-20,2025-09-07,True,351.0,Valid,292524.49,31099.747260000004,261424.74274000002,243.0,8.0,0.0,True,65356.185685000004,0.03292181069958848,0.10631502087226954,455.0,871.0,2026-12-06
300758,Lawrence Hodge,brian62@example.net,United Kingdom,Retail,2022-01-22,4,2023-10-01,2026-09-07,True,617.0,Valid,217944.91999999998,18210.071180000003,199734.84881999998,142.0,0.0,0.0,True,49933.712204999996,0.0,0.08355354729075587,90.0,1072.0,2026-12-06
300759,Tiffany May,brentrichardson@example.net,Canada,Wholesale,2023-04-10,3,2024-03-29,2025-02-03,True,354.0,Valid,111944.9,22608.25812,89336.64188,170.0,0.0,0.0,True,29778.880626666665,0.0,0.2019588040187628,671.0,311.0,2026-12-06
300760,Jon Ramos,peter07@example.org,Mexico,Retail,2022-01-23,1,2025-05-16,2025-05-16,True,1209.0,Valid,0.0,0.0,0.0,0.0,0.0,0.0,False,0.0,,,569.0,0.0,2026-12-06
300761,Jennifer Anderson,melvinpeters@example.org,Brazil,Online,2024-04-17,0,,,False,,Cannot Determine,0.0,0.0,0.0,0.0,0.0,0.0,False,,,,,,2026-12-06
300762,Mario Wells MD,hendrixariana@example.net,Mexico,Corporate,2024-05-23,4,2025-02-28,2026-07-30,True,281.0,Valid,190827.81,39924.41814,150903.39186,181.0,0.0,0.0,True,37725.847965,0.0,0.20921698016657006,129.0,517.0,2026-12-06
300763,Alison Zuniga,carlos33@example.org,Japan,Corporate,2020-12-30,4,2022-02-16,2025-07-03,True,413.0,Valid,333958.13999999996,22828.895940000002,311129.24406,263.0,0.0,0.0,True,77782.311015,0.0,0.06835855517700513,521.0,1233.0,2026-12-06
300764,Casey Velazquez,jennifer23@example.com,India,Retail,2022-12-07,0,,,False,,Cannot Determine,0.0,0.0,0.0,0.0,0.0,0.0,False,,,,,,2026-12-06
300765,John Ho,ksmith@example.net,Brazil,Wholesale,2025-03-30,6,2025-04-16,2026-02-24,True,17.0,Valid,246969.78,24325.481229999998,216820.90637,232.0,9.0,5823.3924,True,36136.817728333335,0.03879310344827586,0.09849578045540631,285.0,314.0,2026-12-06
300766,April Rodriguez,gyoung@example.net,Japan,Corporate,2021-03-04,2,2024-09-22,2026-01-20,True,1298.0,Valid,32360.12,291.24108,32068.87892,13.0,0.0,0.0,True,16034.43946,0.0,0.009000000000000001,320.0,485.0,2026-12-06
300767,Joshua Bray,nmartinez@example.com,Germany,Retail,2022-04-03,5,2022-05-27,2025-10-23,True,54.0,Valid,251800.18000000002,14961.324,225097.276,280.0,10.0,11741.58,True,45019.455200000004,0.03571428571428571,0.05941744759674119,409.0,1245.0,2026-12-06
300768,Elizabeth Baker,,Vietnam,Wholesale,2021-01-13,1,2024-03-19,2024-03-19,True,1161.0,Valid,57065.62,6654.71584,50410.904160000006,28.0,0.0,0.0,False,50410.904160000006,0.0,0.11661515006758885,992.0,0.0,2026-12-06
300769,James Dixon,reynoldsjustin@example.org,United Kingdom,Retail,2022-04-12,4,2023-03-29,2026-04-29,True,351.0,Valid,338377.70999999996,29278.63657,309099.07343,311.0,0.0,0.0,True,77274.7683575,0.0,0.08652649304234608,221.0,1127.0,2026-12-06
300770,David Garcia,jferguson@example.com,Vietnam,Wholesale,2021-11-05,4,2022-11-24,2025-04-15,True,384.0,Valid,142262.19,10625.32467,131636.86533,110.0,7.0,0.0,True,32909.2163325,0.06363636363636363,0.07468832491612845,600.0,873.0,2026-12-06
300771,Mr. Thomas Jones PhD,humphreypatricia@example.net,Vietnam,Wholesale,2024-05-14,7,2024-10-09,2026-07-11,True,148.0,Valid,369970.66000000003,65607.98838000001,304362.67162,266.0,0.0,0.0,True,43480.38166,0.0,0.17733294953713358,148.0,640.0,2026-12-06
300772,Mark Green,ijackson@example.com,Germany,Retail,2023-05-07,1,2024-08-29,2024-08-29,True,480.0,Valid,329832.88,25533.85748,304299.02257000003,175.0,0.0,0.0,False,304299.02257000003,0.0,0.07741453029182536,829.0,0.0,2026-12-06
300773,Nicholas Obrien II,odelacruz@example.net,France,Retail,2024-05-03,3,2024-12-26,2026-05-23,True,237.0,Valid,121037.06,13951.581,107085.47899999999,108.0,0.0,0.0,True,35695.15966666667,0.0,0.11526701821739557,197.0,513.0,2026-12-06
300774,Jose Stephens,ricky53@example.net,United States,Online,2021-11-17,3,2022-11-17,2025-06-11,True,365.0,Valid,236910.51,34782.16254,202128.34746,227.0,0.0,0.0,True,67376.11581999999,0.0,0.14681561632702575,543.0,937.0,2026-12-06
300775,Allison Floyd,hpowell@example.com,France,Retail,2024-05-31,3,2025-02-20,2026-06-18,True,265.0,Valid,266076.70999999996,22864.36775,243212.34225,262.0,0.0,0.0,True,81070.78074999999,0.0,0.08593148851697695,171.0,483.0,2026-12-06
300776,Scott Crawford,zholmes@example.org,Mexico,Corporate,2023-01-21,5,2024-03-05,2026-06-01,True,409.0,Valid,85214.26000000001,12642.46326,50884.935939999996,62.0,9.0,21686.8608,True,10176.987188,0.14516129032258066,0.1483608877199661,188.0,818.0,2026-12-06
300777,Phillip Bennett,christopherpittman@example.org,Mexico,Online,2024-12-18,6,2025-04-16,2026-01-26,True,119.0,Valid,235940.51,7054.80693,228885.70306,132.0,0.0,0.0,True,38147.61717666667,0.0,0.029900786982277862,314.0,285.0,2026-12-06
300778,Michael Miller,qshelton@example.com,Vietnam,Wholesale,2021-10-13,5,2023-09-04,2026-07-29,True,691.0,Valid,223913.34999999998,9485.80271,214427.54727,254.0,0.0,0.0,True,42885.509454,0.0,0.04236372110014879,130.0,1059.0,2026-12-06
300779,William Giles,richard21@example.net,Japan,Wholesale,2020-09-27,1,2022-10-31,2022-10-31,True,764.0,Valid,73011.12999999999,704.31896,64780.87254,41.0,5.0,7525.9385,False,64780.87254,0.12195121951219512,0.009646734134918882,1497.0,0.0,2026-12-06
300780,Angel Duncan,ashley79@example.org,India,Wholesale,2023-12-03,6,2024-03-20,2026-01-11,True,108.0,Valid,144863.63,22088.52109,113394.93290999999,144.0,5.0,9380.176,True,18899.155485,0.034722222222222224,0.15247803116627684,329.0,662.0,2026-12-06
300781,Melanie Young,krista02@example.org,Germany,,2023-06-15,5,2023-12-08,2026-06-15,True,176.0,Valid,504887.13,57054.275200000004,447832.85480000003,431.0,0.0,0.0,True,89566.57096000001,0.0,0.11300401973011276,174.0,920.0,2026-12-06
300782,Gary Johnson,,France,,2025-02-15,5,2025-09-11,2026-07-20,True,208.0,Valid,311707.7,40536.30748,271171.39252,219.0,0.0,0.0,True,54234.278504,0.0,0.13004589710167572,139.0,312.0,2026-12-06
300783,Katie Carter,,India,Retail,2023-08-28,6,2024-03-14,2025-04-15,True,199.0,Valid,363563.04,15560.30936,348002.73064,283.0,0.0,0.0,True,58000.45510666667,0.0,0.04279948082731402,600.0,397.0,2026-12-06
300784,Andrea Miller,shannon88@example.com,Germany,,2023-09-18,2,2024-12-26,2025-04-08,True,465.0,Valid,3387.75,37.26525,3350.48475,54.0,0.0,0.0,True,1675.242375,0.0,0.011000000000000001,607.0,103.0,2026-12-06
300785,Amanda Pena,kellyharold@example.net,United Kingdom,Wholesale,2025-06-23,5,2025-09-21,2025-11-28,True,90.0,Valid,132532.38999999998,13422.001070000002,119110.38893,176.0,0.0,0.0,True,23822.077786,0.0,0.10127336472238978,373.0,68.0,2026-12-06
300786,Craig Hammond,anthonygilbert@example.com,Canada,Wholesale,2022-09-03,4,2024-01-21,2025-09-16,True,505.0,Valid,263598.23,31375.42765,232222.80231,207.0,0.0,0.0,True,58055.7005775,0.0,0.11902745951670465,446.0,604.0,2026-12-06
300787,Lucas Ball,isimpson@example.com,Japan,Corporate,2022-07-26,3,2024-08-11,2026-05-09,True,747.0,Valid,81724.28,8265.60196,73458.67804,66.0,0.0,0.0,True,24486.226013333333,0.0,0.10114010132606858,211.0,636.0,2026-12-06
300788,Marcus Herman,jhiggins@example.org,Canada,Corporate,2022-08-03,4,2023-08-08,2026-04-07,True,370.0,Valid,373272.13999999996,35454.38156,337817.75844,350.0,0.0,0.0,True,84454.43961,0.0,0.0949826621402819,243.0,973.0,2026-12-06
300789,Kathleen Brady,erin06@example.net,China,Wholesale,2022-04-07,4,2023-09-12,2026-06-19,True,523.0,Valid,131716.52,7388.054120000001,117635.03004,122.0,7.0,6693.43584,True,29408.75751,0.05737704918032787,0.056090565708842,170.0,1011.0,2026-12-06
300790,Cynthia Williams,nicole56@example.com,Mexico,Wholesale,2021-08-06,5,2022-11-18,2024-11-18,True,469.0,Valid,354617.05,55521.75863,299095.29137,280.0,6.0,0.0,True,59819.058273999995,0.02142857142857143,0.15656821529026876,748.0,731.0,2026-12-06
300791,Jesus Johnson,jacksonrachel@example.org,Canada,,2024-04-20,6,2024-02-12,2026-07-08,True,-68.0,First Order Before Signup,297758.3,30699.5605,267058.7395,286.0,0.0,0.0,True,44509.78991666667,0.0,0.10310228295903087,151.0,877.0,2026-12-06
300792,James King,zmurray@example.org,India,Wholesale,2024-07-22,3,2025-03-22,2026-03-17,True,243.0,Valid,107125.68,11516.27241,95609.40759,116.0,0.0,0.0,True,31869.80253,0.0,0.10750244395181435,264.0,360.0,2026-12-06
300793,Lisa Lopez,cynthiaanderson@example.net,Vietnam,Wholesale,2021-05-14,6,2021-11-05,2026-06-20,True,175.0,Valid,408790.22000000003,65345.03393,341313.05167,338.0,10.0,2132.1344,True,56885.50861166667,0.029585798816568046,0.15984979760523624,169.0,1688.0,2026-12-06
300794,Rachel Greer,michellelee@example.net,France,Online,2024-05-12,6,2024-05-21,2026-06-30,True,9.0,Valid,359060.09,25116.58765,324639.19993,290.0,7.0,9304.30242,True,54106.53332166667,0.02413793103448276,0.06995093119371747,159.0,770.0,2026-12-06
300795,Christopher Miller,jacob57@example.org,France,Corporate,2025-05-03,5,2025-06-09,2026-06-18,True,37.0,Valid,131707.84,6895.3574,124812.48259999999,98.0,0.0,0.0,True,24962.496519999997,0.0,0.05235343165600469,171.0,374.0,2026-12-06
300796,Christopher Johnston,oshah@example.net,Vietnam,Retail,2025-03-26,1,2026-04-08,2026-04-08,True,378.0,Valid,0.0,0.0,0.0,0.0,0.0,0.0,False,0.0,,,242.0,0.0,2026-12-06
300797,Rachael Wood,michelleayers@example.org,Japan,Wholesale,2021-10-10,1,2024-12-09,2024-12-09,True,1156.0,Valid,126130.66,10342.027220000002,115788.63278,152.0,0.0,0.0,False,115788.63278,0.0,0.08199455406005171,727.0,0.0,2026-12-06
300798,Jacob Lynn,ystone@example.net,Canada,Retail,2023-06-19,4,2024-08-19,2025-10-07,True,427.0,Valid,359416.02,42947.75355,297982.98915,296.0,10.0,18485.2773,True,74495.7472875,0.033783783783783786,0.11949315322672595,425.0,414.0,2026-12-06
300799,Nicole Mejia,mallory30@example.org,United States,,2022-04-15,2,2023-12-19,2024-10-29,True,613.0,Valid,5779.93,52.01937,5727.91063,13.0,0.0,0.0,True,2863.955315,0.0,0.009,768.0,315.0,2026-12-06
300800,Sherry English,housedaniel@example.com,Vietnam,,2022-03-13,3,2023-03-28,2025-03-07,True,380.0,Valid,60435.52,7697.97778,52737.542219999996,125.0,0.0,0.0,True,17579.18074,0.0,0.1273750565892376,639.0,710.0,2026-12-06
300801,Curtis Whitaker,brandi40@example.org,Germany,Online,2023-08-29,3,2025-07-15,2026-06-06,True,686.0,Valid,119000.23000000001,16648.2454,102351.9846,163.0,0.0,0.0,True,34117.328199999996,0.0,0.13990095145194256,183.0,326.0,2026-12-06
300802,Eric Nguyen,urodriguez@example.org,China,Retail,2024-11-09,3,2024-12-27,2025-09-30,True,48.0,Valid,153644.17,5845.69421,147798.47579,151.0,0.0,0.0,True,49266.15859666667,0.0,0.03804696403384521,432.0,277.0,2026-12-06
300803,Holly Mercado,halvarez@example.org,United Kingdom,Retail,2021-03-14,1,2024-11-05,2024-11-05,True,1332.0,Valid,34814.88,2754.40464,32060.47536,60.0,0.0,0.0,False,32060.47536,0.0,0.07911572982586758,761.0,0.0,2026-12-06
300804,Samuel Williams,stephanie21@example.com,Mexico,Retail,2021-11-08,7,2022-05-09,2026-04-24,True,182.0,Valid,279822.98,18780.33753,244346.96586999999,221.0,19.0,16695.6766,True,34906.709409999996,0.08597285067873303,0.06711506513868161,226.0,1446.0,2026-12-06
300805,Amanda Gomez,hreyes@example.org,Brazil,Online,2025-06-01,7,2025-10-17,2026-06-28,True,138.0,Valid,183761.92,23727.195900000002,160034.72410000002,307.0,0.0,0.0,True,22862.103442857147,0.0,0.12911922067422893,161.0,254.0,2026-12-06
300806,Kristina Jacobs,katherinesmith@example.com,France,Wholesale,2024-02-23,4,2024-07-27,2026-02-01,True,155.0,Valid,263693.07,25613.56874,238079.50126,267.0,0.0,0.0,True,59519.875315,0.0,0.09713402305187617,308.0,554.0,2026-12-06
300807,Kelsey Gates,richard25@example.net,Japan,Wholesale,2021-04-24,7,2022-02-19,2026-07-20,True,301.0,Valid,726005.05,62391.30853,663613.74147,577.0,0.0,0.0,True,94801.96306714286,0.0,0.08593784372436528,139.0,1612.0,2026-12-06
300808,Jessica Brown,michelle98@example.com,United States,Retail,2024-09-16,8,2024-10-23,2026-07-23,True,37.0,Valid,410679.75,41491.12548,352740.16092000005,254.0,10.0,16448.4636,True,44092.52011500001,0.03937007874015748,0.10103036606991214,136.0,638.0,2026-12-06
300809,Jeremy Evans,devonmccarthy@example.net,Mexico,Wholesale,2024-08-16,3,2024-04-11,2026-07-27,True,-127.0,First Order Before Signup,217535.19,22169.10582,195366.08418,163.0,0.0,0.0,True,65122.028060000004,0.0,0.10191043490480782,132.0,837.0,2026-12-06
300810,Maureen Weaver,jessica65@example.com,Australia,Corporate,2022-05-08,4,2022-07-22,2026-02-16,True,75.0,Valid,303673.89,22807.156580000003,268960.52119,340.0,9.0,11906.21223,True,67240.1302975,0.026470588235294117,0.07510410783093667,293.0,1305.0,2026-12-06
300811,Donna Shaw,susan11@example.net,Japan,Corporate,2024-08-08,4,2025-01-12,2026-01-15,True,157.0,Valid,295190.57999999996,13779.708419999999,281410.87158000004,188.0,0.0,0.0,True,70352.71789500001,0.0,0.04668071867333978,325.0,368.0,2026-12-06
300812,Chad Rosales,williamslaurie@example.com,Canada,Retail,2022-10-21,3,2023-04-14,2026-03-10,True,175.0,Valid,116632.06,3121.37084,113510.6892,78.0,0.0,0.0,True,37836.8964,0.0,0.026762545735709378,271.0,1061.0,2026-12-06
300813,Sherry Jones,davidwiley@example.org,Germany,Wholesale,2023-11-11,3,2024-01-27,2026-02-23,True,77.0,Valid,90875.32999999999,7915.416560000001,82959.91344,93.0,0.0,0.0,True,27653.304480000003,0.0,0.08710192920344831,286.0,758.0,2026-12-06
300814,Andrea Smith,timothy83@example.net,United States,Corporate,2024-08-29,2,2026-02-27,2026-03-10,True,547.0,Valid,100912.54999999999,12123.06683,88789.48317,101.0,0.0,0.0,True,44394.741585,0.0,0.12013438199708561,271.0,11.0,2026-12-06
300815,Catherine Garcia,justin88@example.net,Germany,Online,2023-10-30,4,2024-04-23,2025-10-04,True,176.0,Valid,382862.87,22539.61584,359962.44976,307.0,4.0,360.8044,True,89990.61244,0.013029315960912053,0.05887125027297632,428.0,529.0,2026-12-06
300816,Whitney Henry,smccarty@example.org,Vietnam,Online,2022-07-31,6,2023-03-13,2025-09-26,True,225.0,Valid,363144.86,49031.813559999995,314113.04644,318.0,0.0,0.0,True,52352.174406666665,0.0,0.1350199850274626,436.0,928.0,2026-12-06
300817,Rachel Ball,,Canada,Online,2022-10-12,4,2023-07-08,2025-03-05,True,269.0,Valid,329192.05000000005,55914.73333,273277.31667,248.0,0.0,0.0,True,68319.3291675,0.0,0.16985444615081075,641.0,606.0,2026-12-06
300818,Nancy Jackson,keith18@example.org,India,Retail,2022-06-30,3,2024-01-08,2026-02-11,True,557.0,Valid,350377.66000000003,38217.35014,301321.15734,205.0,6.0,10839.15252,True,100440.38578,0.02926829268292683,0.10907473421678768,298.0,765.0,2026-12-06
300819,Joshua Velasquez,jamesbrown@example.org,France,Online,2024-09-09,2,2025-03-19,2025-06-16,True,191.0,Valid,63617.630000000005,1026.41294,62591.21706,96.0,0.0,0.0,True,31295.60853,0.0,0.016134095847330367,538.0,89.0,2026-12-06
300820,Maria Sims,brownjoanna@example.org,China,Retail,2023-09-12,2,2025-01-25,2026-05-13,True,501.0,Valid,93452.35,18236.73203,75215.61796999999,141.0,0.0,0.0,True,37607.808984999996,0.0,0.19514471310780304,207.0,473.0,2026-12-06
300821,John Harris,icooper@example.org,Japan,Online,2023-04-06,3,2024-05-29,2026-02-21,True,419.0,Valid,135226.94,5412.20888,129814.73112000001,163.0,0.0,0.0,True,43271.577040000004,0.0,0.04002315574100841,288.0,633.0,2026-12-06
300822,Michael Ortega,kristinyoder@example.com,Japan,Corporate,2024-07-01,5,2024-08-03,2026-05-06,True,33.0,Valid,356468.39,36576.063859999995,318361.04501999996,212.0,8.0,1531.28112,True,63672.20900399999,0.03773584905660377,0.1026067524809142,214.0,641.0,2026-12-06
300823,William Hart,timothy62@example.net,United Kingdom,Online,2022-12-26,5,2023-06-07,2025-08-11,True,163.0,Valid,283155.24,15009.91526,268145.32474,218.0,0.0,0.0,True,53629.064948,0.0,0.05300949140125396,482.0,796.0,2026-12-06
300824,Luke Dixon,qreyes@example.net,China,Retail,2025-05-17,5,2025-06-26,2026-02-11,True,40.0,Valid,184640.53999999998,33135.53472,151505.00527999998,195.0,0.0,0.0,True,30301.001055999997,0.0,0.17945969352126032,298.0,230.0,2026-12-06
300825,Anthony Melton,phorne@example.com,Mexico,Wholesale,2021-11-14,3,2023-02-01,2025-12-02,True,444.0,Valid,181763.12,4359.745,177403.375,91.0,0.0,0.0,True,59134.458333333336,0.0,0.023985861378259792,369.0,1035.0,2026-12-06
300826,Daniel Ramos,sararios@example.org,Australia,Wholesale,2021-07-17,6,2021-12-25,2025-05-03,True,161.0,Valid,391311.41000000003,32022.10886,358253.99874,350.0,2.0,1035.3024,True,59708.99979,0.005714285714285714,0.08183280129756502,582.0,1225.0,2026-12-06
300827,Erika Thompson,joycekeith@example.org,United Kingdom,Online,2025-06-12,2,2026-03-14,2026-06-30,True,275.0,Valid,9707.88,1951.28388,7756.59612,4.0,0.0,0.0,True,3878.29806,0.0,0.201,159.0,108.0,2026-12-06
300828,Mary Richards,joel82@example.org,Germany,Retail,2024-04-30,5,2024-06-07,2025-07-13,True,38.0,Valid,204651.15000000002,19144.15242,185506.99758,182.0,0.0,0.0,True,37101.399516,0.0,0.0935452960806719,511.0,401.0,2026-12-06
300829,Jack Brandt,lukecase@example.com,Canada,Corporate,2025-02-23,8,2025-03-08,2026-07-25,True,13.0,Valid,503187.3,62433.140680000004,427704.26476,365.0,8.0,13049.89456,True,53463.033095,0.021917808219178082,0.1240753506298748,134.0,504.0,2026-12-06
300830,Matthew Mclaughlin PhD,evanlong@example.org,Germany,Online,2022-10-03,3,2025-01-27,2025-07-12,True,847.0,Valid,20768.370000000003,3067.6353599999998,17700.734640000002,27.0,0.0,0.0,True,5900.244880000001,0.0,0.14770708341579042,512.0,166.0,2026-12-06
300831,Debbie King,ucarr@example.org,Canada,Online,2025-05-16,5,2025-07-31,2026-07-31,True,76.0,Valid,291831.8,32563.2222,259268.5778,262.0,0.0,0.0,True,51853.71556,0.0,0.11158215862698993,128.0,365.0,2026-12-06
300832,Roger Valencia,ksmith@example.org,China,Corporate,2021-07-26,3,2021-11-27,2024-01-18,True,124.0,Valid,262672.8,37139.477119999996,225533.32288,208.0,0.0,0.0,True,75177.77429333334,0.0,0.14139064691890443,1053.0,782.0,2026-12-06
300833,Gary Estrada,fwolf@example.net,China,Online,2022-11-12,1,2026-06-07,2026-06-07,True,1303.0,Valid,20658.52,5257.19624,15401.323760000001,13.0,0.0,0.0,False,15401.323760000001,0.0,0.2544807779066458,182.0,0.0,2026-12-06
300834,Steven Murphy MD,davidjohnson@example.net,China,Online,2021-03-24,7,2021-10-20,2026-03-04,True,210.0,Valid,345555.44999999995,30464.21396,315091.23604,269.0,0.0,0.0,True,45013.03372,0.0,0.08816013163733927,277.0,1596.0,2026-12-06
300835,Ricky Sanders,kelleyglen@example.org,Australia,Wholesale,2024-06-05,5,2024-11-27,2026-05-18,True,175.0,Valid,135125.3,22460.300470000002,94259.80441,149.0,9.0,18405.19512,True,18851.960882,0.06040268456375839,0.1662183208473913,202.0,537.0,2026-12-06
300836,Lisa Case,gstone@example.net,China,Corporate,2021-12-28,5,2022-01-24,2024-06-19,True,27.0,Valid,334273.1,31763.503790000002,302509.59621,279.0,0.0,0.0,True,60501.919241999996,0.0,0.09502261411402833,900.0,877.0,2026-12-06
300837,Melissa Bowen,elizabeth52@example.org,China,Online,2022-11-09,3,2024-01-11,2026-07-02,True,428.0,Valid,295659.24,39102.54294,256556.69706,177.0,0.0,0.0,True,85518.89902,0.0,0.1322554402155671,157.0,903.0,2026-12-06
300838,Antonio Monroe,harrisjoshua@example.com,United States,Wholesale,2023-11-07,4,2024-01-27,2026-03-07,True,81.0,Valid,469594.13,76823.82454,392770.30546,376.0,0.0,0.0,True,98192.576365,0.0,0.16359621986756948,274.0,770.0,2026-12-06
300839,Bradley Armstrong,daniel15@example.org,Germany,Online,2021-11-05,4,2023-05-14,2024-01-17,True,555.0,Valid,339499.84,35758.06072,303741.77928,256.0,0.0,0.0,True,75935.44482,0.0,0.10532570713435388,1054.0,248.0,2026-12-06
300840,Laura Mcfarland,johnsonedward@example.net,United States,Corporate,2025-06-08,3,2025-09-09,2026-06-12,True,93.0,Valid,7916.200000000001,2059.1124,5857.087600000001,109.0,0.0,0.0,True,1952.3625333333337,0.0,0.26011374144160077,177.0,276.0,2026-12-06
300841,Teresa Curry,davisjames@example.com,Japan,Corporate,2021-07-02,6,2023-01-13,2026-04-13,True,560.0,Valid,426652.67,60452.76506,366199.90494,465.0,0.0,0.0,True,61033.317489999994,0.0,0.14169081623232313,237.0,1186.0,2026-12-06
300842,Cheryl Salazar,rhondaray@example.com,Canada,Online,2023-12-07,3,2024-03-18,2026-02-13,True,102.0,Valid,98081.65000000001,7094.356229999999,90987.29377,82.0,0.0,0.0,True,30329.097923333335,0.0,0.07233112646453234,296.0,697.0,2026-12-06
300843,Kathryn Franklin,thomasbrandon@example.org,Brazil,Wholesale,2021-01-28,3,2021-07-09,2023-09-02,True,162.0,Valid,388955.12,49226.94398,339728.17602,312.0,0.0,0.0,True,113242.72534,0.0,0.12656201563820524,1191.0,785.0,2026-12-06
300844,Christopher Delacruz,wortiz@example.net,Germany,Corporate,2024-04-28,2,2024-09-13,2025-12-06,True,138.0,Valid,273535.05,23462.28129,250072.76870999997,302.0,0.0,0.0,True,125036.38435499999,0.0,0.08577431407784852,365.0,449.0,2026-12-06
300845,Raymond Nunez,rodriguezrichard@example.org,United Kingdom,Retail,2021-12-05,8,2021-11-06,2025-07-30,True,-29.0,First Order Before Signup,869821.72,120648.58428,749173.13572,616.0,0.0,0.0,True,93646.641965,0.0,0.13870495701119076,494.0,1362.0,2026-12-06
300846,Luis Johnson,jenniferstanley@example.net,United Kingdom,Corporate,2025-03-25,4,2025-09-21,2026-06-01,True,180.0,Valid,237421.66,23149.98037,214271.67963,245.0,0.0,0.0,True,53567.9199075,0.0,0.0975057640907742,188.0,253.0,2026-12-06
300847,Christina Dean,benjaminarmstrong@example.com,Australia,Online,2024-06-18,6,2024-07-14,2026-01-02,True,26.0,Valid,332421.82,25399.92681,307021.89319,352.0,0.0,0.0,True,51170.31553166666,0.0,0.07640872313977463,338.0,537.0,2026-12-06
300848,Adam White,kimberly12@example.com,Japan,Corporate,2022-07-26,3,2023-10-24,2025-03-04,True,455.0,Valid,329390.5,27396.26186,301994.23814000003,269.0,0.0,0.0,True,100664.74604666668,0.0,0.08317259259146818,642.0,497.0,2026-12-06
300849,Alexander Hansen,igarrett@example.com,Australia,Retail,2021-07-18,6,2022-05-27,2026-05-19,True,313.0,Valid,157826.16,22011.58835,135814.57165,144.0,0.0,0.0,True,22635.761941666668,0.0,0.1394672996542525,201.0,1453.0,2026-12-06
300850,Erin Taylor,nicholas09@example.org,China,Online,2024-12-18,4,2025-10-31,2026-06-09,True,317.0,Valid,259059.27,43434.22515,205173.29589,202.0,6.0,10451.74896,True,51293.3239725,0.0297029702970297,0.16766134309727654,180.0,221.0,2026-12-06
300851,Walter Griffith,cochranjill@example.org,United Kingdom,,2024-03-02,4,2024-05-15,2025-01-15,True,74.0,Valid,101084.09,923.20956,100160.88044,73.0,0.0,0.0,True,25040.22011,0.0,0.009133084741624524,690.0,245.0,2026-12-06
300852,Michael Carlson,kimberlysilva@example.org,Germany,Wholesale,2024-09-09,7,2024-10-03,2026-03-10,True,24.0,Valid,272677.0,38239.88512,234437.11488,230.0,0.0,0.0,True,33491.01641142857,0.0,0.14023876278527342,271.0,523.0,2026-12-06
300853,Jesse Thomas,rodneyhoward@example.com,Japan,Online,2024-07-18,1,2025-04-01,2025-04-01,True,257.0,Valid,0.0,0.0,0.0,0.0,0.0,0.0,False,0.0,,,614.0,0.0,2026-12-06
300854,Phillip Anderson,greencharles@example.net,United States,Corporate,2023-05-13,4,2023-06-03,2026-03-30,True,21.0,Valid,404104.17000000004,29035.147719999997,375069.02228,285.0,0.0,0.0,True,93767.25557,0.0,0.07185065108335802,251.0,1031.0,2026-12-06
300855,William Conrad,nmartinez@example.org,Vietnam,Retail,2024-07-22,1,2026-02-20,2026-02-20,True,578.0,Valid,169115.07,12311.61388,156803.45612,119.0,0.0,0.0,False,156803.45612,0.0,0.07280021750870576,289.0,0.0,2026-12-06
300856,Diana Jackson,ramosjennifer@example.org,India,Retail,2023-01-23,2,2024-11-20,2026-07-21,True,667.0,Valid,52919.380000000005,5337.96278,47581.41722,38.0,0.0,0.0,True,23790.70861,0.0,0.10086971502689562,138.0,608.0,2026-12-06
300857,Alison Perez,michelleschmidt@example.org,Japan,Online,2022-10-27,7,2023-02-18,2026-05-25,True,114.0,Valid,228258.22000000003,26950.73814,201307.48186,359.0,0.0,0.0,True,28758.211694285714,0.0,0.11807127094919077,195.0,1192.0,2026-12-06
300858,Sean Carey,walkerjennifer@example.com,United States,Retail,2022-05-18,2,2023-06-30,2023-11-06,True,408.0,Valid,157686.96,18162.473120000002,130951.70968,119.0,6.0,8572.7772,True,65475.85484,0.05042016806722689,0.11518056483554508,1126.0,129.0,2026-12-06
300859,Alan Cox,kfrye@example.net,India,Online,2020-10-29,4,2021-07-30,2026-05-13,True,274.0,Valid,443695.02,46120.91264,397574.10736,252.0,0.0,0.0,True,99393.52684,0.0,0.10394732994749412,207.0,1748.0,2026-12-06
300860,Richard Dean,scott55@example.com,Japan,Wholesale,2022-12-03,1,2024-09-21,2024-09-21,True,658.0,Valid,81311.1,12277.9761,69033.1239,39.0,0.0,0.0,False,69033.1239,0.0,0.151,806.0,0.0,2026-12-06
300861,David Mendoza,taylorlisa@example.com,India,Wholesale,2022-10-16,5,2022-10-20,2025-09-22,True,4.0,Valid,345003.86,28248.26786,316007.62314,326.0,5.0,747.969,True,63201.524628,0.015337423312883436,0.08187812118971655,440.0,1068.0,2026-12-06
300862,Justin Hammond,williamsanthony@example.net,United Kingdom,Wholesale,2022-11-01,1,2023-06-06,2023-06-06,True,217.0,Valid,116833.09999999999,27071.0235,89762.07650000001,60.0,0.0,0.0,False,89762.07650000001,0.0,0.23170679798789898,1279.0,0.0,2026-12-06
300863,Ashlee Ross,burnsrodney@example.org,United Kingdom,Corporate,2024-08-17,6,2025-08-01,2026-06-30,True,349.0,Valid,289564.51999999996,50770.1658,238794.3542,262.0,0.0,0.0,True,39799.05903333333,0.0,0.17533282668746852,159.0,333.0,2026-12-06
300864,Robin Santiago,lrodriguez@example.org,United States,Corporate,2023-05-22,8,2023-07-03,2026-06-25,True,42.0,Valid,454717.04,22620.85811,432096.18191,322.0,0.0,0.0,True,54012.02273875,0.0,0.04974710890535354,164.0,1088.0,2026-12-06
300865,Grant Brown,gonzalezbrad@example.com,Brazil,Retail,2025-02-01,5,2025-07-16,2026-07-24,True,165.0,Valid,204930.54,18905.71405,186024.82595,261.0,0.0,0.0,True,37204.96519,0.0,0.09225425380716802,135.0,373.0,2026-12-06
300866,Micheal Cook,hesskeith@example.net,United Kingdom,Wholesale,2021-03-04,1,2021-06-16,2021-06-16,True,104.0,Valid,0.0,0.0,0.0,0.0,0.0,0.0,False,0.0,,,1999.0,0.0,2026-12-06
300867,Curtis Morales Jr.,angelcunningham@example.org,China,Wholesale,2025-06-07,3,2025-07-02,2026-06-03,True,25.0,Valid,67733.78,7985.405339999999,59748.37466,94.0,0.0,0.0,True,19916.12488666667,0.0,0.1178939864274517,186.0,336.0,2026-12-06
300868,Megan Griffin,fcarlson@example.org,Mexico,Wholesale,2022-05-30,3,2022-08-18,2026-03-16,True,80.0,Valid,154332.77000000002,24502.178739999996,129830.59126,213.0,0.0,0.0,True,43276.86375333333,0.0,0.15876199682024753,265.0,1306.0,2026-12-06
300869,Felicia Cooke,catherinemoore@example.com,Australia,Retail,2021-09-08,3,2022-03-11,2024-05-12,True,184.0,Valid,152090.34000000003,24343.02695,127747.31305,185.0,0.0,0.0,True,42582.43768333333,0.0,0.1600563648552564,938.0,793.0,2026-12-06
300870,Stacy Kim,christianrichards@example.net,Vietnam,Online,2025-10-04,6,2025-04-26,2026-07-31,True,-161.0,First Order Before Signup,352073.82,32841.97665,316978.96335,293.0,10.0,2252.88,True,52829.82722499999,0.034129692832764506,0.09328150741228074,128.0,461.0,2026-12-06
300871,Scott Smith,,Mexico,Online,2021-11-13,5,2022-04-05,2026-07-02,True,143.0,Valid,361471.16,56153.19682,305317.96318,271.0,0.0,0.0,True,61063.592636,0.0,0.15534627111053617,157.0,1549.0,2026-12-06
300872,Lori Johnson,popebrent@example.net,Mexico,Retail,2021-03-01,0,,,False,,Cannot Determine,0.0,0.0,0.0,0.0,0.0,0.0,False,,,,,,2026-12-06
300873,Thomas Johnson,brenda88@example.org,Vietnam,Online,2023-02-03,6,2024-10-09,2026-03-17,True,614.0,Valid,206270.2,5809.0552099999995,172156.07261,189.0,15.0,28305.072180000003,True,28692.678768333335,0.07936507936507936,0.02816235796542593,264.0,524.0,2026-12-06
300874,Melissa Zimmerman,audrey53@example.net,Australia,Wholesale,2024-10-07,1,2026-05-12,2026-05-12,True,582.0,Valid,0.0,0.0,0.0,0.0,0.0,0.0,False,0.0,,,208.0,0.0,2026-12-06
300875,Richard Williams,,Brazil,Wholesale,2025-08-26,6,2025-10-06,2026-06-19,True,41.0,Valid,435267.41000000003,46073.65091,389193.75909,413.0,0.0,0.0,True,64865.626515,0.0,0.1058513682657748,170.0,256.0,2026-12-06
300876,Jennifer Obrien,pfowler@example.org,India,Wholesale,2024-10-09,2,2024-10-28,2026-02-13,True,19.0,Valid,177689.11,15292.81934,162396.29066,135.0,0.0,0.0,True,81198.14533,0.0,0.08606503426124426,296.0,473.0,2026-12-06
300877,Melinda Cervantes,vmorrison@example.com,United Kingdom,Online,2021-08-28,1,2022-03-27,2022-03-27,True,211.0,Valid,31478.26,3462.6086,28015.6514,23.0,0.0,0.0,False,28015.6514,0.0,0.11,1715.0,0.0,2026-12-06
300878,Tina Hernandez,dmitchell@example.com,China,Wholesale,2021-03-05,2,2022-04-27,2024-08-29,True,418.0,Valid,132606.12,11655.565980000001,120950.55402,140.0,0.0,0.0,True,60475.27701,0.0,0.08789613918271647,829.0,855.0,2026-12-06
300879,David Thompson,samuel38@example.net,Vietnam,Retail,2023-01-24,2,2023-02-09,2026-05-29,True,16.0,Valid,8341.44,125.1216,8216.3184,6.0,0.0,0.0,True,4108.1592,0.0,0.015,191.0,1205.0,2026-12-06
300880,Keith Wilson,eroman@example.net,United Kingdom,Corporate,2023-08-15,4,2023-09-02,2025-03-17,True,18.0,Valid,258471.23,37435.593779999996,221035.63622,232.0,0.0,0.0,True,55258.909055,0.0,0.14483466411329413,629.0,562.0,2026-12-06
300881,Stephen Charles,,Mexico,Corporate,2024-10-10,6,2025-01-14,2026-07-16,True,96.0,Valid,498458.02999999997,42067.43121,456390.59879,372.0,0.0,0.0,True,76065.09979833334,0.0,0.08439513194320494,143.0,548.0,2026-12-06
300882,Sarah Garcia,kbrown@example.net,United States,Retail,2022-12-20,2,2023-07-27,2024-12-18,True,219.0,Valid,131245.0,11819.521219999999,119425.47878,153.0,0.0,0.0,True,59712.73939,0.0,0.09005692574955236,718.0,510.0,2026-12-06
300883,Robert Burton,,Japan,Retail,2023-12-28,5,2025-08-17,2026-06-24,True,598.0,Valid,360819.25,25373.920720000002,335445.32928,430.0,0.0,0.0,True,67089.065856,0.0,0.07032307927029947,165.0,311.0,2026-12-06
300884,Cynthia Cohen,hlester@example.org,Australia,Retail,2025-05-20,3,2025-07-18,2026-04-09,True,59.0,Valid,138566.06,3724.2425000000003,134841.81748,70.0,0.0,0.0,True,44947.27249333333,0.0,0.026877018080762347,241.0,265.0,2026-12-06
300885,Monica Medina,sarah80@example.org,China,Wholesale,2025-07-18,4,2025-10-10,2026-05-07,True,84.0,Valid,54098.83,11587.799509999999,42511.03049,202.0,0.0,0.0,True,10627.7576225,0.0,0.21419685989512155,213.0,209.0,2026-12-06
300886,Stephanie Torres,eugenemartinez@example.com,United Kingdom,Wholesale,2025-07-08,3,2025-07-21,2026-02-08,True,13.0,Valid,170954.22999999998,17330.23976,153623.99024,117.0,0.0,0.0,True,51207.99674666667,0.0,0.10137356507645352,301.0,202.0,2026-12-06
300887,Crystal Mcgrath,samuel08@example.org,Mexico,Wholesale,2023-04-11,6,2023-06-19,2025-12-19,True,69.0,Valid,287691.67000000004,35799.49462,251892.17537999997,287.0,0.0,0.0,True,41982.02922999999,0.0,0.12443702182965531,352.0,914.0,2026-12-06
300888,Joshua Barnes,thomas12@example.org,United States,Wholesale,2020-12-21,2,2021-11-05,2024-02-22,True,319.0,Valid,64646.259999999995,8518.622140000001,56127.63786,39.0,0.0,0.0,True,28063.81893,0.0,0.131772853371564,1018.0,839.0,2026-12-06
300889,Kyle Davis,villawilliam@example.com,Brazil,Online,2022-07-26,3,2023-01-04,2025-04-21,True,162.0,Valid,326819.24,25363.22524,301456.01476,303.0,0.0,0.0,True,100485.33825333334,0.0,0.0776062793610315,594.0,838.0,2026-12-06
300890,Rebecca Greene,gcastro@example.org,Germany,Retail,2024-01-14,8,2024-02-17,2026-06-08,True,34.0,Valid,387670.04,41808.07312,345861.96688,472.0,0.0,0.0,True,43232.74586,0.0,0.10784447805148936,181.0,842.0,2026-12-06
300891,Lauren Duarte,dbeck@example.com,Germany,Corporate,2022-12-25,4,2023-03-05,2025-11-17,True,70.0,Valid,465367.08,65595.38224,399771.69776,307.0,0.0,0.0,True,99942.92444,0.0,0.14095406628247104,384.0,988.0,2026-12-06
300892,Micheal Green,tylerrodney@example.com,China,Corporate,2020-11-17,3,2022-11-12,2025-11-01,True,725.0,Valid,257825.4,38698.87408999999,219126.52591000003,226.0,0.0,0.0,True,73042.17530333334,0.0,0.15009721342427856,400.0,1085.0,2026-12-06
300893,Juan Wright MD,mathewbennett@example.org,Brazil,,2022-10-19,4,2023-03-06,2026-01-03,True,138.0,Valid,80241.15000000001,19025.6676,61215.4824,58.0,0.0,0.0,True,15303.8706,0.0,0.23710611824481576,337.0,1034.0,2026-12-06
300894,Robert Ballard,owhite@example.org,United States,Corporate,2024-07-23,2,2024-08-25,2025-07-18,True,33.0,Valid,89616.54000000001,5036.40904,84580.13096,77.0,0.0,0.0,True,42290.06548,0.0,0.056199547985226826,506.0,327.0,2026-12-06
300895,Michaela Campbell,preyes@example.net,United Kingdom,Wholesale,2025-02-01,10,2025-03-28,2026-08-01,True,55.0,Valid,576670.66,53218.91961,523451.74035,464.0,0.0,0.0,True,52345.174035,0.0,0.09228650476166066,127.0,491.0,2026-12-06
300896,Allison Chavez,edward70@example.org,China,Wholesale,2021-12-27,0,,,False,,Cannot Determine,0.0,0.0,0.0,0.0,0.0,0.0,False,,,,,,2026-12-06
300897,Charles Zavala,bethany36@example.com,Germany,Corporate,2023-06-21,6,2024-08-16,2026-02-23,True,422.0,Valid,409058.18000000005,69625.57389,339432.60611000005,393.0,0.0,0.0,True,56572.10101833334,0.0,0.1702094648003372,286.0,556.0,2026-12-06
300898,Jonathan Berry,josephross@example.net,Japan,Wholesale,2023-05-18,6,2023-05-26,2026-07-23,True,8.0,Valid,595707.52,63858.27878,528072.86246,472.0,4.0,3776.37876,True,88012.14374333333,0.00847457627118644,0.10719736890345113,136.0,1154.0,2026-12-06
300899,Shirley Taylor,randall28@example.com,United States,Online,2023-03-05,5,2023-08-27,2025-12-02,True,175.0,Valid,278584.14999999997,24819.463050000002,253764.68694999997,224.0,0.0,0.0,True,50752.93738999999,0.0,0.08909143987552776,369.0,828.0,2026-12-06
300900,Alex Whitaker,evansjason@example.org,Australia,Online,2023-09-04,3,2024-12-12,2026-05-08,True,465.0,Valid,40180.15,2244.5811000000003,37935.5689,74.0,0.0,0.0,True,12645.189633333333,0.0,0.055862934807361354,212.0,512.0,2026-12-06
300901,Misty Howard,yolandamarks@example.net,India,Online,2023-08-06,7,2023-10-26,2026-05-05,True,81.0,Valid,517102.69,62113.61977999999,454989.07022,481.0,0.0,0.0,True,64998.43860285714,0.0,0.12011853927891962,215.0,922.0,2026-12-06
300902,John Russell,petersontina@example.org,France,Wholesale,2022-09-13,1,2025-06-10,2025-06-10,True,1001.0,Valid,56102.4,617.1264,55485.2736,40.0,0.0,0.0,False,55485.2736,0.0,0.011,544.0,0.0,2026-12-06
300903,Jorge Morales,kentmichael@example.com,Vietnam,Corporate,2025-04-03,7,2025-05-31,2026-07-04,True,58.0,Valid,477879.17,73480.33167,395931.72593,462.0,4.0,8467.1124,True,56561.67513285715,0.008658008658008658,0.15376341193109547,155.0,399.0,2026-12-06
300904,Dennis Jensen MD,marksheidi@example.com,Vietnam,Wholesale,2024-06-01,3,2024-08-26,2025-10-13,True,86.0,Valid,291653.29,40558.56983,251094.72017,239.0,0.0,0.0,True,83698.24005666666,0.0,0.13906433159043055,419.0,413.0,2026-12-06
300905,Jennifer Brown,vmosley@example.org,Australia,Wholesale,2020-10-21,3,2023-06-07,2025-06-01,True,959.0,Valid,113354.76000000001,7299.74507,105565.06453,151.0,5.0,489.9504,True,35188.354843333334,0.033112582781456956,0.06439734043810776,553.0,725.0,2026-12-06
300906,David Medina,paynestephanie@example.net,Vietnam,Retail,2024-07-11,5,2024-11-29,2026-06-28,True,141.0,Valid,379192.21,41038.080969999995,338154.12903,334.0,0.0,0.0,True,67630.82580600001,0.0,0.10822501066147955,161.0,576.0,2026-12-06
300907,Roy Thomas,christopher46@example.net,United Kingdom,Retail,2020-09-05,2,2021-06-21,2025-07-04,True,289.0,Valid,98894.36,10302.25636,88592.10364,83.0,0.0,0.0,True,44296.05182,0.0,0.10417435696029581,520.0,1474.0,2026-12-06
300908,Darrell Nguyen,samanthasims@example.com,India,,2024-11-26,2,2025-05-05,2025-10-02,True,160.0,Valid,111092.03,6782.71703,104309.31297,80.0,0.0,0.0,True,52154.656485,0.0,0.06105493823454302,430.0,150.0,2026-12-06
300909,Kimberly Ballard,hollyperkins@example.net,India,Online,2023-05-24,1,2025-05-29,2025-05-29,True,736.0,Valid,158565.11,9630.952669999999,148934.15733000002,91.0,0.0,0.0,False,148934.15733000002,0.0,0.06073815778262948,556.0,0.0,2026-12-06
300910,Timothy James,haley15@example.com,United Kingdom,Corporate,2023-10-04,1,2024-07-04,2024-07-04,True,274.0,Valid,20824.8,354.0216,20470.7784,69.0,0.0,0.0,False,20470.7784,0.0,0.017,885.0,0.0,2026-12-06
300911,Regina Williams,austinjennifer@example.net,France,Retail,2023-08-10,1,2024-10-19,2024-10-19,True,436.0,Valid,142821.07,7738.525919999999,135082.54408,100.0,0.0,0.0,False,135082.54408,0.0,0.054183363281062095,778.0,0.0,2026-12-06
300912,Priscilla Vang,heidijames@example.net,China,Retail,2021-07-26,4,2021-07-27,2026-02-13,True,1.0,Valid,401275.74,46907.041040000004,354368.69896,307.0,0.0,0.0,True,88592.17474,0.0,0.11689478421994812,296.0,1662.0,2026-12-06
300913,John Henderson,perezcaitlin@example.net,India,Retail,2020-11-20,6,2021-11-04,2025-10-07,True,349.0,Valid,378063.58,28404.85236,349658.72768,289.0,0.0,0.0,True,58276.454613333335,0.0,0.07513247470174196,425.0,1433.0,2026-12-06
300914,Ernest Jenkins,craigriley@example.com,Canada,Corporate,2024-09-13,3,2025-06-19,2026-05-01,True,279.0,Valid,171614.1,20833.779560000003,150780.32043999998,115.0,0.0,0.0,True,50260.106813333325,0.0,0.12139899670248541,219.0,316.0,2026-12-06
300915,John Williams,lindsay48@example.net,Germany,Corporate,2022-07-11,3,2022-09-15,2025-03-22,True,66.0,Valid,206403.45,39444.700020000004,144783.60398,178.0,10.0,22175.146,True,48261.20132666667,0.056179775280898875,0.19110484839279576,624.0,919.0,2026-12-06
300916,Thomas Lutz,kristen89@example.com,France,Retail,2021-11-30,3,2022-04-30,2026-07-10,True,151.0,Valid,138892.88999999998,2765.9010000000003,136126.989,151.0,0.0,0.0,True,45375.663,0.0,0.019913913519979322,149.0,1532.0,2026-12-06
300917,Gabriel Graham,alexisgibbs@example.com,Germany,Wholesale,2022-10-27,9,2023-04-24,2026-03-24,True,179.0,Valid,406696.25,27030.901960000003,379665.34804,417.0,0.0,0.0,True,42185.03867111111,0.0,0.0664645960222156,257.0,1065.0,2026-12-06
300918,Katherine Ramos,duncankimberly@example.com,India,Online,2022-03-28,2,2023-05-02,2025-01-22,True,400.0,Valid,151247.3,27781.87288,123465.42712,112.0,0.0,0.0,True,61732.71356,0.0,0.18368508317173265,683.0,631.0,2026-12-06
300919,Cheryl Hunter,,India,Retail,2024-07-03,9,2024-07-20,2026-07-03,True,17.0,Valid,525861.27,64348.32181,461512.94818999997,407.0,0.0,0.0,True,51279.21646555555,0.0,0.1223674864094859,156.0,713.0,2026-12-06
300920,James Anderson,kayleerogers@example.com,Canada,Retail,2021-12-15,8,2022-01-09,2026-07-02,True,25.0,Valid,412387.51,31201.80988,381185.70012,419.0,0.0,0.0,True,47648.212515,0.0,0.07566138431302151,157.0,1635.0,2026-12-06
300921,Geoffrey Franklin,sarasmith@example.net,France,Online,2020-12-07,5,2022-04-21,2025-10-23,True,500.0,Valid,653824.44,80230.65619,573593.7838600001,415.0,0.0,0.0,True,114718.75677200002,0.0,0.12270978458682273,409.0,1281.0,2026-12-06
300922,Bailey Hernandez,sylviayates@example.com,Vietnam,Wholesale,2022-10-16,3,2023-06-02,2024-10-05,True,229.0,Valid,286234.73,36734.876469999996,247624.93558,163.0,3.0,1874.91795,True,82541.64519333333,0.018404907975460124,0.12833829238681133,792.0,491.0,2026-12-06
300923,Matthew Collins,,France,Retail,2025-06-26,8,2025-09-05,2026-06-12,True,71.0,Valid,381535.11,23412.43449,358122.67551000003,320.0,0.0,0.0,True,44765.334438750004,0.0,0.061363774594689335,177.0,280.0,2026-12-06
300924,Douglas Lucero,watsonteresa@example.net,Mexico,,2020-10-20,4,2021-03-07,2026-04-12,True,138.0,Valid,79489.68000000001,10554.67444,68935.00556,103.0,0.0,0.0,True,17233.75139,0.0,0.13278043690702995,238.0,1862.0,2026-12-06
300925,Robert Fowler,smithrebecca@example.net,Canada,Corporate,2024-09-27,1,2026-03-16,2026-03-16,True,535.0,Valid,0.0,0.0,0.0,0.0,0.0,0.0,False,0.0,,,265.0,0.0,2026-12-06
300926,Jose Foster,,Vietnam,,2020-09-27,3,2021-08-23,2024-08-28,True,330.0,Valid,110973.73,4371.508760000001,106602.22124,113.0,0.0,0.0,True,35534.07374666667,0.0,0.03939228464250053,830.0,1101.0,2026-12-06
300927,Kyle David,agalvan@example.com,Canada,Retail,2025-01-14,6,2025-01-31,2026-07-15,True,17.0,Valid,224836.67,10995.01396,213841.65604,257.0,0.0,0.0,True,35640.27600666667,0.0,0.0489022273813253,144.0,530.0,2026-12-06
300928,Jennifer Baker MD,ujones@example.org,India,Wholesale,2022-11-23,9,2023-03-02,2025-12-01,True,99.0,Valid,317234.06,25012.96305,292221.09695000004,308.0,0.0,0.0,True,32469.010772222227,0.0,0.07884702875220902,370.0,1005.0,2026-12-06
300929,Joseph Perez,bpeterson@example.com,Australia,,2025-04-06,1,2025-12-23,2025-12-23,True,261.0,Valid,101033.56,13626.49804,87407.06196,66.0,0.0,0.0,False,87407.06196,0.0,0.13487100761370777,348.0,0.0,2026-12-06
300930,Sharon Patel,ospencer@example.org,France,Corporate,2024-02-23,7,2024-02-24,2026-03-04,True,1.0,Valid,519280.66,45109.96711,474170.69289,382.0,0.0,0.0,True,67738.67041285714,0.0,0.08687010818003504,277.0,739.0,2026-12-06
300931,Jose Collins,powersheather@example.org,Germany,Wholesale,2022-07-04,7,2022-08-24,2026-06-30,True,51.0,Valid,575156.97,36528.09019,538628.8798100001,529.0,0.0,0.0,True,76946.98283000001,0.0,0.0635097757573902,159.0,1406.0,2026-12-06
300932,Heidi Goodwin,brandon64@example.com,France,Wholesale,2023-03-08,4,2023-03-12,2026-02-16,True,4.0,Valid,376449.34,52478.606270000004,323970.73373,317.0,0.0,0.0,True,80992.6834325,0.0,0.13940416596294206,293.0,1072.0,2026-12-06
300933,John Singh,meganjones@example.org,Mexico,,2023-12-06,5,2024-02-19,2025-11-26,True,75.0,Valid,351657.39,34920.72158,309439.46752,286.0,9.0,7297.2009,True,61887.893504,0.03146853146853147,0.09930324962031936,375.0,646.0,2026-12-06
300934,Micheal West,nfleming@example.net,Vietnam,Corporate,2025-05-21,4,2025-11-17,2026-06-08,True,180.0,Valid,147785.03,10025.08991,137759.94009000002,213.0,0.0,0.0,True,34439.985022500005,0.0,0.06783562523213617,181.0,203.0,2026-12-06
300935,Jeffrey Ayala,johncarter@example.net,France,Retail,2024-09-28,3,2025-06-01,2025-08-07,True,246.0,Valid,140875.25,17343.479089999997,123531.77091,121.0,0.0,0.0,True,41177.25697,0.0,0.12311232164627922,486.0,67.0,2026-12-06
300936,Christopher Lee,ecohen@example.com,Vietnam,Wholesale,2024-01-21,5,2024-04-05,2026-07-09,True,75.0,Valid,128725.70999999999,6973.335,121752.375,87.0,0.0,0.0,True,24350.475,0.0,0.05417204535131327,150.0,825.0,2026-12-06
300937,Joshua Solis,lawsonpaul@example.org,Australia,Wholesale,2022-06-07,3,2023-08-05,2026-07-12,True,424.0,Valid,94441.77,9280.62278,85161.14722,104.0,0.0,0.0,True,28387.04907333333,0.0,0.09826820039480412,147.0,1072.0,2026-12-06
300938,Miguel Lee,ylynch@example.org,Mexico,Retail,2024-10-18,7,2025-01-02,2026-06-29,True,76.0,Valid,645855.45,78995.82494,558289.3570600001,546.0,10.0,8570.268,True,79755.62243714287,0.018315018315018316,0.12231192744444598,160.0,543.0,2026-12-06
300939,Sandra Adams,markperez@example.com,Mexico,Retail,2022-04-16,3,2023-09-03,2025-07-28,True,505.0,Valid,342319.86,23461.3187,318858.54130000004,229.0,0.0,0.0,True,106286.18043333334,0.0,0.0685362476486173,496.0,694.0,2026-12-06
300940,Sharon French,robertsonjennifer@example.com,Japan,Retail,2020-09-21,6,2021-03-09,2025-03-26,True,169.0,Valid,401826.35,46254.02312,355572.32687999995,315.0,0.0,0.0,True,59262.05447999999,0.0,0.11510948229253756,620.0,1478.0,2026-12-06
300941,Kayla Jones,lreed@example.com,Brazil,Wholesale,2022-11-13,2,2023-12-29,2025-10-20,True,411.0,Valid,68331.11,3507.99302,64823.116980000006,67.0,0.0,0.0,True,32411.558490000003,0.0,0.051338153587728926,412.0,661.0,2026-12-06
300942,Tina Green,ibrown@example.org,China,Retail,2021-12-07,4,2021-12-20,2024-08-31,True,13.0,Valid,409743.71,49030.16611,360713.54389,329.0,0.0,0.0,True,90178.3859725,0.0,0.11966057053078373,827.0,985.0,2026-12-06
300943,Melissa Alvarez,shannonmueller@example.org,Japan,Retail,2024-10-05,7,2025-07-16,2026-05-25,True,284.0,Valid,317521.85,33696.23094,283825.61906,434.0,0.0,0.0,True,40546.51700857143,0.0,0.10612255799089103,195.0,313.0,2026-12-06
300944,Nicole Mcbride,john91@example.org,United Kingdom,Wholesale,2020-09-28,6,2020-10-02,2026-03-13,True,4.0,Valid,145564.04,21853.88191,123710.15809000001,124.0,0.0,0.0,True,20618.35968166667,0.0,0.15013242219713055,268.0,1988.0,2026-12-06
300945,Kayla Scott,klara@example.net,Vietnam,Retail,2023-05-07,3,2023-09-05,2026-07-14,True,121.0,Valid,61871.82,2942.5912200000002,58929.22878,34.0,0.0,0.0,True,19643.076259999998,0.0,0.04755947408691065,145.0,1043.0,2026-12-06
300946,Kayla Moore,torrestricia@example.com,India,Corporate,2022-10-17,2,2023-12-24,2024-02-26,True,433.0,Valid,259274.89,30739.30477,224864.86251000004,127.0,6.0,3670.72272,True,112432.43125500002,0.047244094488188976,0.11855874192059246,1014.0,64.0,2026-12-06
300947,John Hill,qbecker@example.com,Australia,Retail,2023-07-23,5,2023-07-11,2026-07-08,True,-12.0,First Order Before Signup,332836.8,33791.783030000006,299045.01697,304.0,0.0,0.0,True,59809.003394,0.0,0.10152658308816816,151.0,1093.0,2026-12-06
300948,Shannon Downs,lpage@example.com,Australia,Wholesale,2021-10-29,2,2023-03-29,2023-12-31,True,516.0,Valid,4294.2,42.942,4251.258,55.0,0.0,0.0,True,2125.629,0.0,0.01,1071.0,277.0,2026-12-06
300949,Justin Perez,pmartin@example.org,China,Retail,2021-04-29,1,2021-05-30,2021-05-30,True,31.0,Valid,43462.880000000005,479.88552,42982.994479999994,35.0,0.0,0.0,False,42982.994479999994,0.0,0.011041272920708427,2016.0,0.0,2026-12-06
300950,William Galloway,kjohnson@example.net,India,Corporate,2023-07-04,3,2025-02-20,2025-12-20,True,597.0,Valid,106815.36,12685.223039999999,94130.13696,96.0,0.0,0.0,True,31376.712320000002,0.0,0.11875841676702675,351.0,303.0,2026-12-06
300951,Sean Glass,garymartinez@example.org,Australia,Online,2021-09-18,4,2023-08-09,2025-01-01,True,690.0,Valid,234657.22,26172.19113,208485.02887,343.0,0.0,0.0,True,52121.2572175,0.0,0.11153371343102078,704.0,511.0,2026-12-06
300952,Stephen Smith,ymurray@example.org,France,Retail,2020-09-27,5,2021-11-03,2025-10-13,True,402.0,Valid,473047.79000000004,32507.1656,440540.6244,330.0,0.0,0.0,True,88108.12487999999,0.0,0.06871856562314771,419.0,1440.0,2026-12-06
300953,Ryan Carlson,hespinoza@example.org,China,Corporate,2020-11-21,2,2022-02-28,2022-05-19,True,464.0,Valid,1699.06,11.89342,1687.16658,2.0,0.0,0.0,True,843.58329,0.0,0.007000000000000001,1662.0,80.0,2026-12-06
300954,Chelsey Reyes,robertssamantha@example.org,Australia,Online,2023-05-28,2,2025-05-31,2026-02-09,True,734.0,Valid,136969.0,15695.578000000001,121273.422,64.0,0.0,0.0,True,60636.711,0.0,0.11459219239389935,300.0,254.0,2026-12-06
300955,Francisco Sanchez,lawrencekari@example.com,Canada,Online,2025-02-25,2,2025-06-10,2025-07-11,True,105.0,Valid,66255.32,2024.90266,64230.41734,52.0,0.0,0.0,True,32115.20867,0.0,0.03056211425739095,513.0,31.0,2026-12-06
300956,Pamela Pierce,jamesparker@example.net,Japan,Online,2022-01-17,4,2022-01-31,2025-10-29,True,14.0,Valid,157728.67,21312.73602,136415.93398,155.0,0.0,0.0,True,34103.983495,0.0,0.135122777742309,403.0,1367.0,2026-12-06
300957,Anne Smith,bryantkaren@example.org,Canada,Retail,2022-03-31,0,,,False,,Cannot Determine,0.0,0.0,0.0,0.0,0.0,0.0,False,,,,,,2026-12-06
300958,Diana Rivera,ekim@example.com,Australia,Online,2020-09-06,2,2022-12-29,2025-11-26,True,844.0,Valid,171524.69,14908.00585,156616.68415,127.0,0.0,0.0,True,78308.342075,0.0,0.0869146351466952,375.0,1063.0,2026-12-06
300959,Jessica Compton,,Australia,Corporate,2020-10-05,4,2023-12-02,2025-02-21,True,1153.0,Valid,155602.38999999998,24179.6806,131422.7094,145.0,0.0,0.0,True,32855.67735,0.0,0.15539401804818037,653.0,447.0,2026-12-06
300960,Sydney Evans,fletcherjanet@example.org,India,Wholesale,2020-09-23,2,2021-01-13,2023-08-31,True,112.0,Valid,142056.66999999998,17128.852420000003,124927.81758,159.0,0.0,0.0,True,62463.90879,0.0,0.12057760061530377,1193.0,960.0,2026-12-06
300961,Jeremy Nguyen,,France,Retail,2025-08-06,1,2026-04-05,2026-04-05,True,242.0,Valid,9026.39,578.56156,8447.828440000001,53.0,0.0,0.0,False,8447.828440000001,0.0,0.06409667209150059,245.0,0.0,2026-12-06
300962,Joseph Smith,russellkelley@example.com,China,Retail,2024-07-11,5,2024-08-03,2026-04-22,True,23.0,Valid,181739.3,27568.33352,154170.96648,191.0,0.0,0.0,True,30834.193296,0.0,0.15169164578052188,228.0,627.0,2026-12-06
300963,Nicholas Cunningham,,Canada,Wholesale,2023-06-08,6,2023-07-16,2025-09-03,True,38.0,Valid,258290.97,31194.62194,216428.80899999998,223.0,19.0,10667.539060000001,True,36071.468166666666,0.08520179372197309,0.12077318049485045,459.0,780.0,2026-12-06
300964,Kimberly Grant,kennedywanda@example.net,Brazil,Wholesale,2024-08-03,4,2024-08-08,2025-08-25,True,5.0,Valid,202856.22999999998,20988.55649,181867.67351,285.0,0.0,0.0,True,45466.9183775,0.0,0.10346518068486238,468.0,382.0,2026-12-06
300965,Angel Johnson,dwhite@example.org,China,Retail,2023-11-14,6,2024-11-24,2026-07-31,True,376.0,Valid,135170.45,14516.018479999999,110075.51952,164.0,6.0,10578.912,True,18345.91992,0.036585365853658534,0.10739047239984773,128.0,614.0,2026-12-06
300966,Allison Wheeler,andrewmiller@example.com,Germany,Retail,2023-07-06,8,2024-04-12,2026-07-14,True,281.0,Valid,587721.27,69764.15458,517957.11542,456.0,0.0,0.0,True,64744.6394275,0.0,0.11870279015084821,145.0,823.0,2026-12-06
300967,Heather Sweeney,,Brazil,Corporate,2025-01-26,2,2025-11-15,2026-05-19,True,293.0,Valid,397015.35,31649.571770000002,365365.77823,265.0,0.0,0.0,True,182682.889115,0.0,0.07971876092448316,201.0,185.0,2026-12-06
300968,Tony Merritt,sarah17@example.com,United States,Corporate,2023-06-07,4,2023-09-13,2026-06-26,True,98.0,Valid,118266.41,29931.982210000002,88334.42779,93.0,0.0,0.0,True,22083.6069475,0.0,0.2530894631028371,163.0,1017.0,2026-12-06
300969,Tyler Murray,fcarter@example.net,Australia,Corporate,2022-05-05,5,2023-01-14,2024-11-07,True,254.0,Valid,134614.75,3286.35835,131328.39165,218.0,0.0,0.0,True,26265.678330000002,0.0,0.024413062833010497,759.0,663.0,2026-12-06
300970,James Lopez Jr.,juanfranklin@example.net,China,Retail,2024-05-27,5,2024-07-12,2026-06-02,True,46.0,Valid,198846.74,26591.77474,172254.96526000003,304.0,0.0,0.0,True,34450.993052000005,0.0,0.13373000100479396,187.0,690.0,2026-12-06
300971,Derek Martin,lcook@example.org,Mexico,Retail,2022-09-05,3,2023-09-29,2025-07-22,True,389.0,Valid,192331.29,5881.17009,184868.41951000004,133.0,10.0,1581.7004,True,61622.80650333335,0.07518796992481203,0.03057833226200479,502.0,662.0,2026-12-06
300972,Sierra Gentry,jennifer54@example.org,Vietnam,Retail,2022-11-29,4,2023-03-03,2024-03-11,True,94.0,Valid,310510.22,35170.18395,275340.03605,267.0,0.0,0.0,True,68835.0090125,0.0,0.11326578542245727,1000.0,374.0,2026-12-06
300973,Melanie Watson,floreskimberly@example.org,Mexico,Wholesale,2021-03-11,2,2021-05-29,2026-07-06,True,79.0,Valid,128351.31999999999,8850.31453,119501.00547,138.0,0.0,0.0,True,59750.502735,0.0,0.06895382556252636,153.0,1864.0,2026-12-06
300974,Beth Kane,trivas@example.net,China,Retail,2020-09-05,4,2021-07-11,2026-10-03,True,309.0,Valid,94769.67000000001,9738.56328,81880.88848,63.0,8.0,3150.21824,True,20470.22212,0.12698412698412698,0.10276033756369521,64.0,1910.0,2026-12-06
300975,Amy Ross,robert07@example.org,Brazil,Corporate,2020-10-02,1,2026-03-13,2026-03-13,True,1988.0,Valid,91960.8,13543.4272,69200.3063,109.0,5.0,9217.0665,False,69200.3063,0.045871559633027525,0.1472739167123383,268.0,0.0,2026-12-06
300976,Ryan Harrison,wesleycalhoun@example.net,China,Corporate,2021-09-20,5,2022-03-08,2025-11-09,True,169.0,Valid,459861.20999999996,59663.218890000004,384479.81751,321.0,8.0,15718.1736,True,76895.963502,0.024922118380062305,0.12974179511683537,392.0,1342.0,2026-12-06
300977,Rachel Smith,washingtondenise@example.net,Brazil,Corporate,2022-04-22,2,2023-09-06,2026-01-07,True,502.0,Valid,180697.55,12966.897659999999,167730.65234,128.0,0.0,0.0,True,83865.32617,0.0,0.07176022951058274,333.0,854.0,2026-12-06
300978,Michelle Allen,victoriajones@example.net,France,Wholesale,2021-07-30,5,2022-05-08,2025-10-27,True,282.0,Valid,303145.38,30727.008719999998,268735.23268,273.0,10.0,3683.1386,True,53747.046536,0.03663003663003663,0.10136063666878248,405.0,1268.0,2026-12-06
300979,Jacqueline Olson,hartmansherry@example.net,Australia,,2025-04-14,8,2025-05-15,2026-06-01,True,31.0,Valid,463777.27,40283.2866,422963.30072,492.0,1.0,530.68268,True,52870.41259,0.0020325203252032522,0.0868591222678938,188.0,382.0,2026-12-06
300980,Anna Andrews,bishopmegan@example.org,Vietnam,Corporate,2024-02-26,6,2024-04-07,2026-07-24,True,41.0,Valid,239531.78000000003,7813.13324,231718.64676,251.0,0.0,0.0,True,38619.77446,0.0,0.03261835753067922,135.0,838.0,2026-12-06
300981,Emily Simmons,manningjeremy@example.com,China,Corporate,2025-07-27,4,2025-08-17,2026-02-02,True,21.0,Valid,143256.76,5851.91548,137404.84452,176.0,0.0,0.0,True,34351.21113,0.0,0.040849140243015405,307.0,169.0,2026-12-06
300982,Christina Johnson,pachecobrittney@example.net,Brazil,Wholesale,2020-12-06,2,2021-09-04,2024-11-05,True,272.0,Valid,141509.87,2309.7338799999998,139200.13612,122.0,0.0,0.0,True,69600.06806,0.0,0.016322069124931,761.0,1158.0,2026-12-06
300983,Dawn Haynes,wileyaudrey@example.com,United Kingdom,Wholesale,2020-09-26,5,2022-09-12,2026-08-04,True,716.0,Valid,260005.03,12481.44326,247523.58678999997,327.0,0.0,0.0,True,49504.717357999994,0.0,0.04800462229519175,124.0,1422.0,2026-12-06
300984,Edward Cochran,laurenboyd@example.com,United Kingdom,Online,2023-06-22,2,2024-08-19,2025-12-16,True,424.0,Valid,235012.96999999997,26123.23377,208889.73623,182.0,0.0,0.0,True,104444.868115,0.0,0.11115656199740806,355.0,484.0,2026-12-06
300985,Sharon Jenkins,brookeramirez@example.com,Australia,,2023-08-18,6,2023-08-19,2025-12-18,True,1.0,Valid,295130.98,39186.485660000006,255944.49434,234.0,0.0,0.0,True,42657.41572333333,0.0,0.1327765918034088,353.0,852.0,2026-12-06
300986,Nicholas Chung,tiffanyharris@example.com,Vietnam,Retail,2024-06-29,5,2025-02-12,2026-02-15,True,228.0,Valid,398936.5,53035.71172,345900.78828,313.0,0.0,0.0,True,69180.157656,0.0,0.13294274081213425,294.0,368.0,2026-12-06
300987,Steven Swanson,johnsonmartin@example.org,Mexico,Wholesale,2024-09-19,1,2026-05-29,2026-05-29,True,617.0,Valid,11859.28,94.87424,11764.40576,8.0,0.0,0.0,False,11764.40576,0.0,0.008,191.0,0.0,2026-12-06
300988,Lisa Walker,caseystafford@example.org,Vietnam,Corporate,2022-04-06,2,2025-05-16,2026-01-20,True,1136.0,Valid,9658.55,2588.4914,7070.0586,17.0,0.0,0.0,True,3535.0293,0.0,0.268,320.0,249.0,2026-12-06
300989,Monica Kim,matthewhull@example.com,Canada,Online,2025-07-08,7,2025-11-10,2026-03-10,True,125.0,Valid,288349.12,41230.81324,247118.30676,275.0,0.0,0.0,True,35302.61525142857,0.0,0.14298921127277933,271.0,120.0,2026-12-06
300990,Don Gardner,mcgeeseth@example.net,Brazil,Wholesale,2023-04-25,2,2024-08-01,2026-04-18,True,464.0,Valid,269142.64,32995.655060000005,236146.98494000002,177.0,0.0,0.0,True,118073.49247000001,0.0,0.1225954202574516,232.0,625.0,2026-12-06
300991,Whitney Macdonald DVM,amyponce@example.com,Brazil,Online,2023-05-28,6,2023-06-19,2026-03-27,True,22.0,Valid,350910.65,21827.56549,329083.08451,432.0,0.0,0.0,True,54847.18075166667,0.0,0.06220263047017809,254.0,1012.0,2026-12-06
300992,William Velez,richard28@example.org,Brazil,Retail,2024-08-31,1,2025-01-03,2025-01-03,True,125.0,Valid,85398.79999999999,3181.48056,82217.31943999999,44.0,0.0,0.0,False,82217.31943999999,0.0,0.03725439420694437,702.0,0.0,2026-12-06
300993,Robert Mcintosh,,United States,Online,2022-04-27,10,2022-11-12,2026-07-07,True,199.0,Valid,376871.86,56128.12543,312341.06161,412.0,8.0,8402.67296,True,31234.106160999996,0.019417475728155338,0.14893159024926936,152.0,1333.0,2026-12-06
300994,James Harris,jessicasmith@example.org,Japan,Online,2022-06-05,4,2023-03-12,2025-12-02,True,280.0,Valid,171024.02000000002,12912.43588,158111.58412,194.0,0.0,0.0,True,39527.89603,0.0,0.07550071551352845,369.0,996.0,2026-12-06
300995,Ralph Rodriguez,tfuller@example.net,Vietnam,Wholesale,2023-05-15,4,2023-09-04,2026-05-27,True,112.0,Valid,218469.02,33094.1254,185374.8946,278.0,0.0,0.0,True,46343.72365,0.0,0.15148200600707595,193.0,996.0,2026-12-06
300996,Ashley Hall DVM,fordwilliam@example.com,Mexico,Online,2020-10-20,5,2022-08-03,2026-05-30,True,652.0,Valid,304606.78,56515.272659999995,248091.50733999998,435.0,0.0,0.0,True,49618.301468,0.0,0.1855351764002101,190.0,1396.0,2026-12-06
300997,Mrs. Erin Phillips,dfleming@example.net,Australia,Corporate,2021-02-20,8,2022-05-13,2026-07-05,True,447.0,Valid,288462.01,35743.26742,252718.74258,427.0,0.0,0.0,True,31589.8428225,0.0,0.12390979117146135,154.0,1514.0,2026-12-06
300998,Alexander Love,samantha54@example.net,Australia,Online,2024-03-06,3,2024-07-05,2026-01-30,True,121.0,Valid,314892.01,45709.39581,269182.61419,332.0,0.0,0.0,True,89727.53806333333,0.0,0.14515895722473238,310.0,574.0,2026-12-06
300999,Yvette Orozco,iansantana@example.net,United States,Corporate,2025-05-14,3,2025-10-16,2025-12-14,True,155.0,Valid,147803.94,8488.68865,139315.25135,112.0,0.0,0.0,True,46438.41711666667,0.0,0.0574320863841654,357.0,59.0,2026-12-06
301000,Alexandra Heath,millerdaniel@example.org,Germany,Wholesale,2022-06-14,7,2022-10-01,2025-09-11,True,109.0,Valid,449104.08,76570.00455,372534.07545,291.0,0.0,0.0,True,53219.15363571428,0.0,0.17049500986497382,451.0,1076.0,2026-12-06
301001,Susan Reed,,Japan,Wholesale,2024-12-23,5,2026-03-22,2026-07-28,True,454.0,Valid,303196.14,22302.13712,280894.00288,299.0,0.0,0.0,True,56178.800575999994,0.0,0.07355679765580128,131.0,128.0,2026-12-06
301002,Ruben Garcia,ipadilla@example.com,Brazil,Corporate,2022-11-08,4,2023-02-08,2025-09-05,True,92.0,Valid,212774.34,36673.13951,176101.20049000002,217.0,0.0,0.0,True,44025.300122500004,0.0,0.17235696517728596,457.0,940.0,2026-12-06
301003,Hector Paul,dawn31@example.org,China,Corporate,2023-08-22,3,2023-09-10,2024-12-28,True,19.0,Valid,97826.19,15873.49779,81952.69221000001,111.0,0.0,0.0,True,27317.564070000004,0.0,0.16226225093709568,708.0,475.0,2026-12-06
301004,Tyler Howell,kendra03@example.net,United Kingdom,Online,2020-09-17,2,2020-12-18,2021-06-16,True,92.0,Valid,141566.21000000002,13874.929499999998,127691.2805,87.0,0.0,0.0,True,63845.64025,0.0,0.09801017841757576,1999.0,180.0,2026-12-06
301005,Donald Martinez,johnsross@example.net,Brazil,Corporate,2025-02-24,2,2025-05-26,2026-01-08,True,91.0,Valid,120273.81999999999,10397.19204,109876.62796000001,113.0,0.0,0.0,True,54938.313980000006,0.0,0.08644601160917646,332.0,227.0,2026-12-06
301006,Diane Jones,courtney13@example.net,United States,Online,2023-09-21,1,2024-10-07,2024-10-07,True,382.0,Valid,0.0,0.0,0.0,0.0,0.0,0.0,False,0.0,,,790.0,0.0,2026-12-06
301007,Stephanie Moyer,michael35@example.net,China,Corporate,2022-05-08,5,2023-01-02,2026-07-14,True,239.0,Valid,204160.44999999998,24207.28978,179953.16022,144.0,0.0,0.0,True,35990.632044,0.0,0.11856992762310233,145.0,1289.0,2026-12-06
301008,Isaiah Jones,russelltommy@example.net,Japan,Wholesale,2023-07-02,4,2024-10-31,2025-09-29,True,487.0,Valid,358034.49,47468.40075,310566.08925,371.0,0.0,0.0,True,77641.5223125,0.0,0.1325805252728585,433.0,333.0,2026-12-06
301009,Kenneth Hahn,jonespaul@example.com,United Kingdom,Corporate,2020-09-23,6,2021-01-11,2026-07-18,True,110.0,Valid,212085.37,20602.09574,191483.27426,154.0,0.0,0.0,True,31913.879043333334,0.0,0.09714057947514249,141.0,2014.0,2026-12-06
301010,Michael Allen,smason@example.net,Vietnam,Online,2023-01-19,3,2024-05-21,2026-02-03,True,488.0,Valid,356429.82,55923.47438,300506.34562,251.0,0.0,0.0,True,100168.78187333333,0.0,0.1568989777005751,306.0,623.0,2026-12-06
301011,Claudia Lee,kristopher53@example.org,Australia,Retail,2021-04-16,6,2022-02-02,2026-07-28,True,292.0,Valid,402847.06,42132.43812,360714.62188,444.0,0.0,0.0,True,60119.10364666666,0.0,0.1045866838894145,131.0,1637.0,2026-12-06
301012,James Charles Jr.,alan25@example.org,Canada,Online,2020-09-05,6,2020-10-09,2025-09-13,True,34.0,Valid,223461.58,12907.889739999999,210553.69026,231.0,0.0,0.0,True,35092.28171,0.0,0.05776335126602076,449.0,1800.0,2026-12-06
301013,James Scott,gwhite@example.com,Canada,Online,2021-01-11,3,2024-01-24,2024-09-28,True,1108.0,Valid,142995.23,6507.49844,123945.61176,150.0,6.0,12542.1198,True,41315.20392,0.04,0.045508500108709916,799.0,248.0,2026-12-06
301014,Antonio Lopez,jefferywalker@example.com,France,Online,2023-05-08,4,2023-10-06,2026-06-23,True,151.0,Valid,236571.28999999998,15115.91151,221455.37849,207.0,0.0,0.0,True,55363.8446225,0.0,0.063895798640655,166.0,991.0,2026-12-06
301015,Omar Johnson,daypatricia@example.net,China,Online,2024-12-11,3,2025-06-24,2026-01-24,True,195.0,Valid,112520.13,5458.57663,105737.55653,115.0,3.0,1323.99684,True,35245.85217666667,0.02608695652173913,0.04851200074155619,316.0,214.0,2026-12-06
301016,Mark Haley,pdixon@example.org,Vietnam,Corporate,2020-11-23,1,2026-03-18,2026-03-18,True,1941.0,Valid,66848.6,7353.212810000001,59495.38719,97.0,0.0,0.0,False,59495.38719,0.0,0.10999800758729428,263.0,0.0,2026-12-06
301017,Anita Long,laurajensen@example.org,Canada,Online,2021-06-03,3,2023-02-22,2024-04-05,True,629.0,Valid,376445.45999999996,57756.35372,318689.10628,203.0,0.0,0.0,True,106229.70209333334,0.0,0.15342555524510776,975.0,408.0,2026-12-06
301018,Tina Mclean,kcook@example.net,Brazil,Online,2022-01-27,2,2022-10-16,2024-04-19,True,262.0,Valid,229853.06999999998,12264.297349999999,217588.77265,166.0,0.0,0.0,True,108794.386325,0.0,0.053357117875345327,961.0,551.0,2026-12-06
301019,Erica Cunningham,christopherwatkins@example.net,Canada,Retail,2024-08-12,2,2024-02-12,2025-10-04,True,-182.0,First Order Before Signup,83341.99,14173.57838,69168.41161999998,48.0,0.0,0.0,True,34584.20580999999,0.0,0.17006527417931824,428.0,600.0,2026-12-06
301020,James Hall,robertbrock@example.org,Australia,Retail,2024-07-08,5,2025-03-19,2026-07-26,True,254.0,Valid,397773.9,41764.03481,356009.86519000004,256.0,0.0,0.0,True,71201.97303800001,0.0,0.10499440714938812,133.0,494.0,2026-12-06
301021,Brenda Wood,chrismurray@example.com,Canada,Corporate,2024-08-25,3,2024-11-14,2026-06-25,True,81.0,Valid,57505.09,7732.50739,49772.58261,69.0,0.0,0.0,True,16590.86087,0.0,0.13446648618409257,164.0,588.0,2026-12-06
301022,Beth Solomon,davismax@example.org,Brazil,Online,2025-02-11,1,2026-06-25,2026-06-25,True,499.0,Valid,0.0,0.0,0.0,34.0,0.0,0.0,False,0.0,0.0,,164.0,0.0,2026-12-06
301023,Abigail Lopez,coreypope@example.net,Brazil,Online,2021-10-17,5,2023-03-16,2026-03-07,True,515.0,Valid,347227.87,22543.07218,324684.79782,265.0,0.0,0.0,True,64936.959564,0.0,0.06492299186698348,274.0,1087.0,2026-12-06
301024,Terry Warren,boydrenee@example.net,Japan,Wholesale,2023-12-19,3,2025-08-18,2025-09-17,True,608.0,Valid,289503.09,27948.860029999996,256139.10529,247.0,6.0,5415.12468,True,85379.70176333333,0.024291497975708502,0.09654080041080043,445.0,30.0,2026-12-06
301025,Brandon Rodriguez,gordonjason@example.com,Canada,Wholesale,2020-09-07,4,2020-12-07,2025-04-25,True,91.0,Valid,416877.20999999996,45731.55539,371145.65461,292.0,0.0,0.0,True,92786.4136525,0.0,0.10970030093513629,590.0,1600.0,2026-12-06
301026,Monica Gilmore,evaughn@example.org,Germany,Corporate,2022-04-29,5,2022-09-07,2026-01-23,True,131.0,Valid,131703.56,16900.77878,114802.78122,183.0,0.0,0.0,True,22960.556244,0.0,0.12832438834607052,317.0,1234.0,2026-12-06
301027,Justin Williams,christensenkendra@example.org,United Kingdom,Corporate,2024-03-08,1,2026-03-18,2026-03-18,True,740.0,Valid,13590.32,1209.03384,12381.28616,33.0,0.0,0.0,False,12381.28616,0.0,0.08896286768817806,263.0,0.0,2026-12-06
301028,Melissa Hodge,kelleynicholas@example.org,Brazil,Retail,2023-01-22,2,2024-05-25,2025-11-10,True,489.0,Valid,80833.89,10361.70864,70472.18136,106.0,0.0,0.0,True,35236.09068,0.0,0.12818520350808307,391.0,534.0,2026-12-06
301029,Stephanie Lara,martin40@example.net,Mexico,Wholesale,2023-03-17,4,2023-11-07,2026-03-04,True,235.0,Valid,90836.1,13210.087660000001,77626.01234,96.0,0.0,0.0,True,19406.503085,0.0,0.1454277281829581,277.0,848.0,2026-12-06
301030,Carol Webster,aaronthompson@example.org,Australia,,2021-02-22,3,2021-05-27,2023-04-04,True,94.0,Valid,266724.15,29866.48655,233321.39343999999,245.0,3.0,3536.27001,True,77773.79781333332,0.012244897959183673,0.11197518691127144,1342.0,677.0,2026-12-06
301031,Lori Roberson,derekdougherty@example.org,France,Wholesale,2023-09-28,5,2023-11-08,2025-06-15,True,41.0,Valid,318074.17,37641.54527,280432.62473,238.0,0.0,0.0,True,56086.524946,0.0,0.11834203723615785,539.0,585.0,2026-12-06
301032,John Ramirez,jessicamiddleton@example.net,United Kingdom,Retail,2021-12-04,3,2022-04-16,2025-02-15,True,133.0,Valid,313531.74,20078.80314,293452.93686,183.0,0.0,0.0,True,97817.64562000001,0.0,0.06404073520594757,659.0,1036.0,2026-12-06
301033,William Frye,jacquelinenunez@example.net,Mexico,,2024-05-27,1,2024-10-30,2024-10-30,True,156.0,Valid,230254.53999999998,5932.0519300000005,224322.48803,194.0,0.0,0.0,False,224322.48803,0.0,0.02576301831008414,767.0,0.0,2026-12-06
301034,Andrew Clark,hilljennifer@example.org,India,,2023-10-20,4,2024-01-05,2025-06-11,True,77.0,Valid,106490.43000000001,2621.04066,99995.98328999999,78.0,3.0,3873.40605,True,24998.995822499997,0.038461538461538464,0.024612922118917163,543.0,523.0,2026-12-06
301035,Mitchell Jimenez,heathergarcia@example.com,Germany,,2021-10-04,4,2023-01-10,2025-03-26,True,463.0,Valid,307923.57,21689.18833,286234.3817,257.0,0.0,0.0,True,71558.595425,0.0,0.07043692150620363,620.0,806.0,2026-12-06
301036,Ricardo Anderson,butlerolivia@example.com,India,Online,2024-02-04,8,2024-07-28,2026-06-24,True,175.0,Valid,102466.20999999999,6648.02215,95818.18785,164.0,0.0,0.0,True,11977.27348125,0.0,0.06488014097525419,165.0,696.0,2026-12-06
301037,Michael Summers,jennifer93@example.com,Germany,,2021-06-12,2,2021-12-28,2025-11-04,True,199.0,Valid,39691.340000000004,10060.990029999999,29630.34997,66.0,0.0,0.0,True,14815.174985,0.0,0.25348073484039585,397.0,1407.0,2026-12-06
301038,Steven Davis,davidjones@example.org,United Kingdom,Retail,2022-12-13,1,2025-06-04,2025-06-04,True,904.0,Valid,79744.06,912.05886,78832.00114000001,75.0,0.0,0.0,False,78832.00114000001,0.0,0.011437326617180013,550.0,0.0,2026-12-06
301039,Ann Fleming PhD,harrisonnicholas@example.net,India,Corporate,2023-04-12,4,2024-08-04,2025-06-24,True,480.0,Valid,26940.64,6109.88048,20830.75952,41.0,0.0,0.0,True,5207.68988,0.0,0.2267904726836482,530.0,324.0,2026-12-06
301040,Lauren Sosa,davidglover@example.com,Canada,Corporate,2020-11-13,3,2025-08-14,2026-01-21,True,1735.0,Valid,242313.16999999998,49993.5227,192319.6473,142.0,0.0,0.0,True,64106.549100000004,0.0,0.20631781054244805,319.0,160.0,2026-12-06
301041,Kimberly Hill,jmyers@example.net,Japan,,2021-11-26,4,2024-04-09,2026-01-29,True,865.0,Valid,162253.43,14304.31311,147949.11689,124.0,0.0,0.0,True,36987.2792225,0.0,0.08816031260479362,311.0,660.0,2026-12-06
301042,Teresa Barnes,masonmichael@example.net,Australia,Wholesale,2021-01-26,11,2021-02-28,2025-06-12,True,33.0,Valid,331487.74,51169.436879999994,280318.30312,311.0,0.0,0.0,True,25483.482101818183,0.0,0.15436298452546088,542.0,1565.0,2026-12-06
301043,Jennifer Booker,wstevens@example.org,Australia,,2025-01-02,3,2026-01-04,2026-04-05,True,367.0,Valid,248882.69,54464.10101,184447.02177999998,154.0,10.0,9971.567210000001,True,61482.34059333333,0.06493506493506493,0.21883442761728428,245.0,91.0,2026-12-06
301044,Tara Miller,dcox@example.com,France,,2022-07-31,5,2024-02-02,2026-07-02,True,551.0,Valid,319826.04000000004,34124.684030000004,285701.35597000003,300.0,0.0,0.0,True,57140.27119400001,0.0,0.10669764109889239,157.0,881.0,2026-12-06
301045,Rachel Turner,alexanderryan@example.org,Vietnam,Online,2023-07-28,4,2024-05-02,2026-04-01,True,279.0,Valid,312184.6,36487.102399999996,275697.4976,301.0,0.0,0.0,True,68924.3744,0.0,0.11687668898465843,249.0,699.0,2026-12-06
301046,Chelsea Walker,tcooper@example.net,Germany,Online,2024-02-02,10,2024-06-09,2026-05-25,True,128.0,Valid,522775.67,72563.61215999999,450212.05784,574.0,0.0,0.0,True,45021.205784000005,0.0,0.1388044936368213,195.0,715.0,2026-12-06
301047,Colton Bradford,htaylor@example.org,United Kingdom,Retail,2023-09-08,3,2024-09-21,2025-10-15,True,379.0,Valid,149362.1,14767.60856,134594.49144,185.0,0.0,0.0,True,44864.830480000004,0.0,0.09887118994711509,417.0,389.0,2026-12-06
301048,Daniel Jenkins,samantharodgers@example.net,Germany,Retail,2022-02-21,4,2022-12-15,2025-11-14,True,297.0,Valid,175411.26,27240.8902,148170.3698,107.0,0.0,0.0,True,37042.59245,0.0,0.15529727225036752,387.0,1065.0,2026-12-06
301049,Michael Garcia,fergusontrevor@example.net,France,Corporate,2023-06-10,6,2024-02-09,2025-01-08,True,244.0,Valid,422626.59,34397.29985,388229.29015,422.0,0.0,0.0,True,64704.88169166667,0.0,0.08138934147517789,697.0,334.0,2026-12-06
301050,Natalie Conrad,danielleramsey@example.net,Germany,,2025-06-01,7,2025-08-12,2026-05-09,True,72.0,Valid,293929.88,25609.64601,268320.23399,233.0,0.0,0.0,True,38331.46199857142,0.0,0.08712841991430065,211.0,270.0,2026-12-06
301051,Melanie Baker,anitaballard@example.org,Mexico,Retail,2021-02-01,4,2021-05-20,2024-11-18,True,108.0,Valid,135492.44,22124.87587,113367.56413000001,108.0,0.0,0.0,True,28341.891032500003,0.0,0.16329232738003685,748.0,1278.0,2026-12-06
301052,Diane Murray,pamelaestrada@example.com,Mexico,Online,2024-04-07,5,2024-04-17,2025-12-04,True,10.0,Valid,375825.88,47293.057459999996,324042.19382,308.0,16.0,4490.62872,True,64808.438764,0.05194805194805195,0.12583768169451234,367.0,596.0,2026-12-06
301053,Dean Harris,lambjohn@example.org,Canada,Online,2023-04-28,2,2023-09-24,2024-09-16,True,149.0,Valid,44655.64,1469.18112,43186.45888,93.0,0.0,0.0,True,21593.22944,0.0,0.032900236565862676,811.0,358.0,2026-12-06
301054,Michael Porter,brooksjennifer@example.com,Brazil,Retail,2024-03-12,4,2024-05-14,2026-03-24,True,63.0,Valid,283413.68,32969.673879999995,250444.00612000003,169.0,0.0,0.0,True,62611.00153000001,0.0,0.1163305662591869,257.0,679.0,2026-12-06
301055,Jeanette Norris,victor76@example.net,Germany,Wholesale,2024-12-24,3,2025-07-22,2026-01-14,True,210.0,Valid,53562.79,6520.29799,47042.49201,46.0,0.0,0.0,True,15680.830670000001,0.0,0.1217318588146734,326.0,176.0,2026-12-06
301056,Wanda Griffith,stacey53@example.com,Canada,Online,2024-03-23,3,2025-04-29,2026-06-01,True,402.0,Valid,145826.95,14912.847099999999,130914.1029,151.0,0.0,0.0,True,43638.0343,0.0,0.10226399921276552,188.0,398.0,2026-12-06
301057,Scott Long,erivers@example.com,Japan,Wholesale,2022-07-08,3,2023-03-31,2025-08-27,True,266.0,Valid,39367.16,3204.70235,36162.45765,28.0,0.0,0.0,True,12054.152549999999,0.0,0.08140547476627727,466.0,880.0,2026-12-06
301058,Bob Cooper,andrew09@example.com,United States,Retail,2021-09-15,3,2022-02-20,2025-11-18,True,158.0,Valid,113376.45000000001,4693.203210000001,108683.24679,137.0,0.0,0.0,True,36227.74893,0.0,0.04139486824644801,383.0,1367.0,2026-12-06
301059,Sylvia Torres,briggsjacob@example.com,Mexico,Retail,2025-04-16,5,2025-06-12,2026-07-23,True,57.0,Valid,579227.83,51632.09701,515270.41299,306.0,9.0,12325.32,True,103054.082598,0.029411764705882353,0.0891395308302089,136.0,406.0,2026-12-06
301060,Todd Johnston,cturner@example.org,Canada,Online,2023-08-24,1,2025-01-11,2025-01-11,True,506.0,Valid,0.0,0.0,-2675.37006,0.0,3.0,2675.37006,False,-2675.37006,,,694.0,0.0,2026-12-06
301061,Alexis Berg,derrick59@example.org,China,Online,2021-03-25,3,2021-06-11,2024-03-25,True,78.0,Valid,124610.21,7327.69465,117282.51533,86.0,0.0,0.0,True,39094.17177666666,0.0,0.05880492978865857,986.0,1018.0,2026-12-06
301062,Timothy Mitchell,debra93@example.org,Brazil,Corporate,2021-12-29,3,2022-01-05,2024-08-23,True,7.0,Valid,65734.25,2865.6403499999997,62868.60965,63.0,3.0,0.0,True,20956.203216666665,0.047619047619047616,0.04359432639757812,835.0,961.0,2026-12-06
301063,Jason Wilson,olivia30@example.com,China,Retail,2024-08-17,4,2025-06-07,2026-07-22,True,294.0,Valid,248471.77000000002,44797.833029999994,203673.93696999998,316.0,0.0,0.0,True,50918.484242499995,0.0,0.18029345156594648,137.0,410.0,2026-12-06
301064,Randy Perez,johnsondebbie@example.net,Canada,Retail,2023-07-01,6,2023-10-16,2026-03-23,True,107.0,Valid,336527.02,17348.90451,319178.11549,279.0,0.0,0.0,True,53196.352581666666,0.0,0.051552783220794575,258.0,889.0,2026-12-06
301065,Samantha Gillespie,sarahmiller@example.net,China,Retail,2021-04-10,6,2022-05-15,2025-01-04,True,400.0,Valid,183841.53000000003,39771.14838,144070.38162,153.0,0.0,0.0,True,24011.73027,0.0,0.2163338630830585,701.0,965.0,2026-12-06
301066,Timothy Campbell,jasonochoa@example.net,Australia,Retail,2023-05-30,3,2023-12-29,2025-11-25,True,213.0,Valid,101118.58,13324.32249,87794.25751000001,109.0,0.0,0.0,True,29264.752503333337,0.0,0.13176928008680502,376.0,697.0,2026-12-06
301067,Jessica Bullock,rgreen@example.net,Japan,Online,2022-01-23,1,2022-05-02,2022-05-02,True,99.0,Valid,77223.88,14036.07988,63187.80012,49.0,0.0,0.0,False,63187.80012,0.0,0.18175828357756693,1679.0,0.0,2026-12-06
301068,Mr. Cory Hanna PhD,holtrobert@example.com,Germany,Corporate,2025-11-02,3,2025-03-16,2025-12-18,True,-231.0,First Order Before Signup,122355.51000000001,18543.570480000002,92373.28152,169.0,6.0,11438.658,True,30791.09384,0.03550295857988166,0.15155484603840072,353.0,277.0,2026-12-06
301069,Courtney Wallace,banderson@example.com,Mexico,,2025-01-15,4,2025-03-15,2025-09-06,True,59.0,Valid,238887.89,32584.32588,206303.56412,254.0,0.0,0.0,True,51575.89103,0.0,0.13640007402635604,456.0,175.0,2026-12-06
301070,Cory Smith,rhonda05@example.org,Brazil,Corporate,2024-01-28,9,2024-05-09,2026-04-18,True,102.0,Valid,524796.08,77445.81051,447350.26949,392.0,0.0,0.0,True,49705.58549888889,0.0,0.14757314976514307,232.0,709.0,2026-12-06
301071,Amy Pennington,mark80@example.org,India,Wholesale,2024-09-24,3,2025-07-12,2026-01-16,True,291.0,Valid,133207.76,23149.364820000003,110058.39517999999,162.0,0.0,0.0,True,36686.13172666667,0.0,0.17378390583251307,324.0,188.0,2026-12-06
301072,Scott Thompson,cameronlopez@example.com,United Kingdom,Wholesale,2020-10-16,4,2021-07-18,2025-04-23,True,275.0,Valid,176182.93,20165.758899999997,156017.17109999998,207.0,0.0,0.0,True,39004.292774999994,0.0,0.11445920952727939,592.0,1375.0,2026-12-06
301073,Barbara Johnson,jeremy91@example.org,Mexico,Corporate,2023-12-23,6,2024-05-01,2026-07-13,True,130.0,Valid,305493.46,52106.11304,253387.34696,181.0,0.0,0.0,True,42231.224493333335,0.0,0.1705637594991395,146.0,803.0,2026-12-06
301074,Lori Miller,,China,,2024-06-24,4,2024-08-02,2025-10-28,True,39.0,Valid,60492.259999999995,7452.98732,44942.42592,61.0,6.0,8096.84676,True,11235.60648,0.09836065573770492,0.123205635233334,404.0,452.0,2026-12-06
301075,Michael Holmes,uthompson@example.org,Mexico,Wholesale,2022-07-22,3,2023-12-02,2024-06-19,True,498.0,Valid,93890.19,13627.97887,78545.52161,67.0,1.0,1716.68952,True,26181.840536666667,0.014925373134328358,0.14514805934464506,900.0,200.0,2026-12-06
301076,Nicholas Chase,mauriceball@example.net,Germany,Retail,2023-09-02,5,2023-11-05,2026-05-26,True,64.0,Valid,413298.98,21981.38149,391317.59851,306.0,0.0,0.0,True,78263.51970199999,0.0,0.05318518204424313,194.0,933.0,2026-12-06
301077,Mary Lewis,eddiehernandez@example.net,China,,2022-06-05,10,2022-10-19,2026-03-06,True,136.0,Valid,707315.76,63017.98731,644297.77269,684.0,0.0,0.0,True,64429.777269,0.0,0.08909456126073027,275.0,1234.0,2026-12-06
301078,Michael Lee,aaroncox@example.com,China,Corporate,2024-07-08,7,2025-02-20,2026-07-22,True,227.0,Valid,365204.29000000004,33861.428909999995,311788.92733,193.0,8.0,19553.93376,True,44541.27533285714,0.04145077720207254,0.09271914333207858,137.0,517.0,2026-12-06
301079,Rachael Walker,jeremiah36@example.com,France,Corporate,2024-02-14,3,2025-01-25,2026-04-15,True,346.0,Valid,342300.14,64302.796689999996,277997.34331,313.0,0.0,0.0,True,92665.78110333334,0.0,0.18785501136517208,235.0,445.0,2026-12-06
301080,Andrew Sanders,arnoldstephen@example.net,United Kingdom,Wholesale,2021-02-06,5,2021-10-05,2026-03-06,True,241.0,Valid,288012.66,17427.32828,270585.33172,230.0,0.0,0.0,True,54117.066344000006,0.0,0.060508896657528885,275.0,1613.0,2026-12-06
301081,Rachel Martinez,mariagonzalez@example.org,Mexico,Wholesale,2021-08-08,3,2024-02-26,2026-06-06,True,932.0,Valid,569766.12,84881.33600000001,484884.784,293.0,0.0,0.0,True,161628.26133333333,0.0,0.1489757516645602,183.0,831.0,2026-12-06
301082,Christopher Garcia DDS,patriciagrant@example.net,Australia,,2021-02-27,5,2021-03-26,2026-06-07,True,27.0,Valid,275768.77999999997,35145.84664,240622.93335999997,226.0,0.0,0.0,True,48124.58667199999,0.0,0.1274467930706297,182.0,1899.0,2026-12-06
301083,Brandon Trevino,wleblanc@example.com,United Kingdom,Corporate,2023-10-29,6,2024-03-28,2026-06-20,True,151.0,Valid,249969.27,30395.85367,219573.41633,168.0,0.0,0.0,True,36595.56938833334,0.0,0.1215983615506018,169.0,814.0,2026-12-06
301084,James Gonzalez,imolina@example.org,Vietnam,Wholesale,2023-05-03,5,2024-07-13,2026-04-12,True,437.0,Valid,239354.69,32014.425180000002,207340.26481999998,183.0,0.0,0.0,True,41468.052963999995,0.0,0.13375307239645065,238.0,638.0,2026-12-06
301085,Claire Vazquez,,Brazil,Wholesale,2021-09-18,5,2024-06-26,2026-03-28,True,1012.0,Valid,200098.06999999998,8849.57212,191248.49788,175.0,0.0,0.0,True,38249.699576,0.0,0.04422617429543424,253.0,640.0,2026-12-06
301086,Nicole Carter,michaelmooney@example.net,Mexico,Online,2023-03-17,5,2023-05-25,2024-12-28,True,69.0,Valid,121338.74,16406.02938,104932.71062,148.0,0.0,0.0,True,20986.542124,0.0,0.13520850290682102,708.0,583.0,2026-12-06
301087,Mary Jennings,,Japan,Online,2023-06-30,3,2024-02-02,2025-08-29,True,217.0,Valid,340072.23,45071.10555,295001.12445,241.0,0.0,0.0,True,98333.70815,0.0,0.13253391948528112,464.0,574.0,2026-12-06
301088,Stephen Haney,jason06@example.org,India,Retail,2020-12-13,3,2022-05-05,2023-07-25,True,508.0,Valid,282376.26,30803.44154,251572.81848,157.0,0.0,0.0,True,83857.60616,0.0,0.10908651293844603,1230.0,446.0,2026-12-06
301089,Miranda Lin,carlholland@example.net,Japan,,2024-10-30,4,2024-12-03,2026-06-26,True,34.0,Valid,465837.94,78775.77522,387062.16478,363.0,0.0,0.0,True,96765.541195,0.0,0.1691055374751142,163.0,570.0,2026-12-06
301090,Ricky Hill,,Japan,Retail,2020-12-10,2,2022-03-06,2022-06-14,True,451.0,Valid,136205.40000000002,5548.06446,130657.33554,257.0,0.0,0.0,True,65328.66777,0.0,0.040733072697558236,1636.0,100.0,2026-12-06
301091,Patricia Delgado,eddie13@example.com,Mexico,Retail,2024-12-12,4,2025-09-30,2026-04-10,True,292.0,Valid,113390.99,12965.339820000001,100425.65018,138.0,0.0,0.0,True,25106.412545,0.0,0.11434188748153623,240.0,192.0,2026-12-06
301092,Katie Mitchell,uperez@example.com,India,Online,2021-07-15,2,2024-02-23,2026-06-13,True,953.0,Valid,128842.54,24642.0216,104200.51839999999,129.0,0.0,0.0,True,52100.25919999999,0.0,0.19125687525253696,176.0,841.0,2026-12-06
301093,Erik Hill,uwilliams@example.com,Japan,Wholesale,2023-12-13,1,2024-01-09,2024-01-09,True,27.0,Valid,14758.369999999999,1977.0515599999999,12682.44624,44.0,3.0,98.8722,False,12682.44624,0.06818181818181818,0.13396137649347456,1062.0,0.0,2026-12-06
301094,Taylor Keller,christopher41@example.org,United Kingdom,,2023-07-05,3,2023-11-22,2025-07-11,True,140.0,Valid,254896.75,23171.45992,231725.29008,207.0,0.0,0.0,True,77241.76336,0.0,0.09090527799981758,513.0,597.0,2026-12-06
301095,Gloria Patterson,hudsonellen@example.net,United States,Wholesale,2023-06-30,3,2023-10-07,2026-07-30,True,99.0,Valid,74071.65,15911.7722,58159.877799999995,135.0,0.0,0.0,True,19386.625933333333,0.0,0.21481595455211272,129.0,1027.0,2026-12-06
301096,Christine Morris,lhoward@example.org,India,,2024-04-08,5,2024-02-10,2025-10-15,True,-58.0,First Order Before Signup,116856.63,4505.54281,101484.61089,140.0,10.0,10866.4763,True,20296.922178,0.07142857142857142,0.0385561590300867,417.0,613.0,2026-12-06
301097,Chad King,qbray@example.org,India,Retail,2023-01-19,1,2024-04-10,2024-04-10,True,447.0,Valid,109907.34,13541.63038,96365.70962,67.0,0.0,0.0,False,96365.70962,0.0,0.12320951794484336,970.0,0.0,2026-12-06
301098,Kathleen Taylor,hernandezcharles@example.org,China,Corporate,2021-01-07,5,2021-01-28,2025-10-10,True,21.0,Valid,126690.65,13686.48075,113004.16925,120.0,0.0,0.0,True,22600.833850000003,0.0,0.10803070905390415,422.0,1716.0,2026-12-06
301099,Jessica Potts,kford@example.net,India,,2023-07-10,8,2023-08-22,2025-07-25,True,43.0,Valid,326101.14999999997,53675.40358,272425.74642,322.0,0.0,0.0,True,34053.2183025,0.0,0.1645974066022153,499.0,703.0,2026-12-06
301100,Troy Wells,martintracy@example.com,Vietnam,Retail,2022-12-07,4,2023-12-10,2026-07-30,True,368.0,Valid,43200.7,1387.79927,41812.90073,52.0,0.0,0.0,True,10453.2251825,0.0,0.03212446256657878,129.0,963.0,2026-12-06
301101,Victoria Lopez,rpearson@example.org,France,,2021-10-27,4,2022-03-26,2026-03-07,True,150.0,Valid,283217.92,15060.551449999999,268157.36855,269.0,0.0,0.0,True,67039.3421375,0.0,0.053176548468402,274.0,1442.0,2026-12-06
301102,Kenneth Moreno,awong@example.com,Mexico,Wholesale,2022-12-19,4,2024-02-26,2026-01-23,True,434.0,Valid,148636.31,20744.30212,127892.00788,204.0,0.0,0.0,True,31973.00197,0.0,0.13956416248492715,317.0,697.0,2026-12-06
301103,Christine Mccoy,james91@example.net,Mexico,Online,2021-11-07,5,2022-01-09,2026-02-11,True,63.0,Valid,49886.38,2859.7001,47026.6799,107.0,0.0,0.0,True,9405.33598,0.0,0.05732426566128872,298.0,1494.0,2026-12-06
301104,Colin Mckay,hunter12@example.org,United Kingdom,Retail,2024-07-06,5,2024-08-27,2026-04-18,True,52.0,Valid,339030.47,35937.35572,303093.11428,321.0,0.0,0.0,True,60618.622855999994,0.0,0.10600037135305272,232.0,599.0,2026-12-06
301105,Heather Johnson,tom64@example.com,France,Online,2021-06-16,3,2023-01-24,2025-09-07,True,587.0,Valid,187386.36,18376.81512,169009.54488,108.0,0.0,0.0,True,56336.51496,0.0,0.09806911837126246,455.0,957.0,2026-12-06
301106,Thomas Castillo,smithrobert@example.net,France,Corporate,2023-06-25,6,2024-10-17,2026-07-15,True,480.0,Valid,16769.83,1496.7360199999998,15273.093980000001,164.0,0.0,0.0,True,2545.5156633333336,0.0,0.08925171095950285,144.0,636.0,2026-12-06
301107,Joshua Farmer,kmorales@example.com,Canada,Wholesale,2022-12-26,4,2023-06-25,2026-05-07,True,181.0,Valid,233838.66,26725.06838,207113.59162000002,198.0,0.0,0.0,True,51778.397905000005,0.0,0.11428849438326409,213.0,1047.0,2026-12-06
301108,Stacey Davis,paulbailey@example.net,United States,Online,2023-08-18,4,2024-12-21,2026-07-09,True,491.0,Valid,130588.28,12770.7692,117817.5108,163.0,0.0,0.0,True,29454.3777,0.0,0.09779414507948186,150.0,565.0,2026-12-06
301109,Gary Johnson,michaelhale@example.com,Canada,Corporate,2025-08-13,5,2025-11-17,2026-07-30,True,96.0,Valid,65776.58,6191.510399999999,59585.0696,142.0,0.0,0.0,True,11917.013920000001,0.0,0.09412940593749324,129.0,255.0,2026-12-06
301110,Jasmin Nelson,djensen@example.com,United Kingdom,Retail,2021-08-29,5,2022-07-02,2026-04-27,True,307.0,Valid,144018.21,25659.25384,118358.95616,253.0,0.0,0.0,True,23671.791232,0.0,0.17816673210977974,223.0,1395.0,2026-12-06
301111,Krystal Howard,nwalker@example.org,Australia,Corporate,2021-01-22,4,2023-04-03,2025-01-06,True,801.0,Valid,317668.91000000003,8640.9721,297651.3574,241.0,11.0,11376.5805,True,74412.83935,0.04564315352697095,0.027201189124865886,699.0,644.0,2026-12-06
301112,Michelle White,,Australia,Wholesale,2024-02-20,1,2025-09-26,2025-09-26,True,584.0,Valid,9327.33,596.94912,8730.38088,37.0,0.0,0.0,False,8730.38088,0.0,0.064,436.0,0.0,2026-12-06
301113,Elijah Archer,christina89@example.net,Vietnam,Wholesale,2022-09-25,4,2023-08-02,2026-02-08,True,311.0,Valid,386343.21,37451.21855,343265.98145,251.0,4.0,5626.01,True,85816.4953625,0.01593625498007968,0.09693769058345815,301.0,921.0,2026-12-06
301114,Lisa Bailey,robert63@example.com,China,Corporate,2024-11-12,1,2025-08-25,2025-08-25,True,286.0,Valid,83768.24,12165.49136,71602.74864,49.0,0.0,0.0,False,71602.74864,0.0,0.14522796897726392,468.0,0.0,2026-12-06
301115,Shelly Mcmahon,julie44@example.org,United States,Corporate,2025-07-11,2,2025-09-19,2026-05-28,True,70.0,Valid,73255.63,4648.600310000001,68607.02969,66.0,0.0,0.0,True,34303.514845,0.0,0.06345724294501325,192.0,251.0,2026-12-06
301116,Bryan Hudson,karensanchez@example.net,India,,2024-08-15,2,2024-12-08,2024-12-19,True,115.0,Valid,268348.45,7660.285890000001,260688.16411,205.0,0.0,0.0,True,130344.082055,0.0,0.028546041126751433,717.0,11.0,2026-12-06
301117,Kenneth Mitchell,natalie40@example.net,Mexico,Wholesale,2025-05-22,3,2025-07-17,2026-04-25,True,56.0,Valid,278708.44,20024.51688,258683.92312,216.0,0.0,0.0,True,86227.97437333333,0.0,0.0718475439064565,225.0,282.0,2026-12-06
301118,Melissa Jackson,brandonmurphy@example.com,Brazil,,2024-06-17,5,2024-07-13,2026-07-21,True,26.0,Valid,486768.45,27057.87417,459710.57583,442.0,0.0,0.0,True,91942.115166,0.0,0.05558674595693291,138.0,738.0,2026-12-06
301119,Misty Robinson,cory21@example.org,United States,Wholesale,2021-04-22,2,2023-09-10,2026-07-10,True,871.0,Valid,66050.62,11659.33058,54391.28942,69.0,0.0,0.0,True,27195.64471,0.0,0.17652113757599855,149.0,1034.0,2026-12-06
301120,Jill Brown,dariusmendoza@example.org,France,Retail,2025-08-26,1,2026-06-04,2026-06-04,True,282.0,Valid,111321.5,11824.78126,99496.71874000001,118.0,0.0,0.0,False,99496.71874000001,0.0,0.10622190017202426,185.0,0.0,2026-12-06
301121,Samuel Bailey,,Canada,Retail,2023-01-22,6,2023-07-15,2026-03-26,True,174.0,Valid,560279.1,71828.56347,488450.53657,370.0,0.0,0.0,True,81408.42276166666,0.0,0.12820139725004912,255.0,985.0,2026-12-06
301122,Shannon Martinez,alejandroturner@example.net,United States,Wholesale,2023-01-10,5,2023-02-09,2024-08-15,True,30.0,Valid,586155.87,36438.5175,549717.3525,337.0,0.0,0.0,True,109943.47050000001,0.0,0.06216523516176679,843.0,553.0,2026-12-06
301123,Timothy Hernandez,ashleymorrow@example.org,Japan,Corporate,2022-10-30,4,2023-05-20,2026-01-05,True,202.0,Valid,296995.82999999996,29136.600759999998,267859.22924,204.0,0.0,0.0,True,66964.80731,0.0,0.09810441028751145,335.0,961.0,2026-12-06
301124,Ashley Maxwell,jessicamurray@example.com,Canada,Corporate,2025-02-24,7,2025-03-12,2026-09-02,True,16.0,Valid,517167.68,31766.771200000003,485400.9088,345.0,0.0,0.0,True,69342.98697142857,0.0,0.0614245097450792,95.0,539.0,2026-12-06
301125,Linda Lee,courtney70@example.net,France,,2024-12-26,6,2025-01-14,2026-02-23,True,19.0,Valid,108531.5,20276.05403,88255.44597,245.0,0.0,0.0,True,14709.240995,0.0,0.18682183541183894,286.0,405.0,2026-12-06
301126,Angela Berry,sherylgreen@example.com,Canada,Retail,2025-05-13,2,2025-08-10,2025-09-13,True,89.0,Valid,68906.52,2806.8216,66099.6984,122.0,0.0,0.0,True,33049.8492,0.0,0.04073375930173226,449.0,34.0,2026-12-06
301127,Michael Sanders,christopherwalker@example.net,Canada,Online,2023-06-05,4,2023-06-11,2026-05-31,True,6.0,Valid,209957.38,5440.1324,204517.2476,157.0,0.0,0.0,True,51129.3119,0.0,0.02591065100926674,189.0,1085.0,2026-12-06
301128,Daniel Zamora,,United States,Online,2023-06-02,3,2023-09-25,2023-12-03,True,115.0,Valid,52843.31,3855.5468200000005,48987.76318,73.0,0.0,0.0,True,16329.254393333335,0.0,0.07296187199477097,1099.0,69.0,2026-12-06
301129,David Collins,isaac63@example.net,United Kingdom,Wholesale,2024-05-14,3,2025-01-26,2026-05-25,True,257.0,Valid,145961.28,32255.502719999997,113705.77728,158.0,0.0,0.0,True,37901.92576,0.0,0.22098670770768794,195.0,484.0,2026-12-06
301130,Matthew Klein,sgordon@example.net,United Kingdom,,2021-03-15,6,2023-09-14,2026-04-04,True,913.0,Valid,442223.26,63112.7372,379110.52280000004,316.0,0.0,0.0,True,63185.08713333334,0.0,0.14271691000604536,246.0,933.0,2026-12-06
301131,Roberto Guerra,arnoldrachel@example.net,Brazil,Online,2024-09-01,2,2024-12-13,2025-10-21,True,103.0,Valid,344971.8,31388.95822,312043.99298,247.0,9.0,1538.8488,True,156021.99649,0.03643724696356275,0.09098992503155331,411.0,312.0,2026-12-06
301132,Brenda Dalton,dmullins@example.org,China,Retail,2022-03-26,3,2024-03-16,2024-12-06,True,721.0,Valid,24252.83,4587.83968,19664.99032,119.0,0.0,0.0,True,6554.996773333333,0.0,0.1891671891486478,730.0,265.0,2026-12-06
301133,Maria Compton,esmall@example.com,Germany,,2025-02-04,2,2025-09-29,2025-12-19,True,237.0,Valid,221020.41999999998,2156.55003,218863.86997,136.0,0.0,0.0,True,109431.934985,0.0,0.009757243380498508,352.0,81.0,2026-12-06
301134,Elizabeth Skinner MD,amandamoody@example.com,Australia,Online,2021-12-25,6,2022-04-17,2026-02-21,True,113.0,Valid,522226.92,67016.03568,439501.12116,375.0,7.0,15709.76316,True,73250.18686,0.018666666666666668,0.12832742456095522,288.0,1406.0,2026-12-06
301135,Robert Lynch,robert52@example.com,France,Wholesale,2025-05-26,5,2025-05-06,2026-07-05,True,-20.0,First Order Before Signup,226931.78,40954.19422,185977.58578000002,215.0,0.0,0.0,True,37195.517156,0.0,0.18046918866982842,154.0,425.0,2026-12-06
301136,Nicole Blake,jamesmeyer@example.org,Canada,Retail,2024-06-03,3,2025-05-31,2025-11-15,True,362.0,Valid,161551.60000000003,8126.38904,149258.81747,219.0,9.0,4166.39349,True,49752.93915666667,0.0410958904109589,0.05030212662703432,386.0,168.0,2026-12-06
301137,Chad Taylor,gberry@example.org,Canada,Wholesale,2023-10-13,2,2024-07-03,2026-02-13,True,264.0,Valid,274732.91000000003,27491.02437,247241.88563,165.0,0.0,0.0,True,123620.942815,0.0,0.10006454767286524,296.0,590.0,2026-12-06
301138,Alex Gonzalez,emcdonald@example.net,Canada,Online,2021-09-08,6,2022-07-27,2026-07-02,True,322.0,Valid,247351.62,7159.59814,240192.02186,248.0,0.0,0.0,True,40032.00364333334,0.0,0.028945022231914228,157.0,1436.0,2026-12-06
301139,Jessica Bryant,kimronald@example.com,France,Online,2024-02-16,8,2024-05-14,2026-05-11,True,88.0,Valid,386727.6,21914.49715,361381.41645,461.0,8.0,3431.6864,True,45172.67705625,0.01735357917570499,0.0566664938059761,209.0,727.0,2026-12-06
301140,Robert Wright,thompsondarlene@example.org,China,Wholesale,2023-09-18,8,2024-01-20,2025-10-31,True,124.0,Valid,539685.82,51595.15501,465835.40101,429.0,19.0,22255.26402,True,58229.42512625,0.04428904428904429,0.09560220613170828,401.0,650.0,2026-12-06
301141,Carrie Hall,lisa23@example.org,Brazil,Wholesale,2020-12-11,2,2021-03-23,2026-01-14,True,102.0,Valid,200163.5,15357.86561,184805.63439,102.0,0.0,0.0,True,92402.817195,0.0,0.07672660405118815,326.0,1758.0,2026-12-06
301142,Tiffany Anderson,amberellis@example.net,Germany,Retail,2021-09-30,6,2024-06-07,2025-09-21,True,981.0,Valid,117405.72,10696.75978,106708.96022000001,160.0,0.0,0.0,True,17784.826703333336,0.0,0.09110935804490616,441.0,471.0,2026-12-06
301143,Sylvia Smith,krobbins@example.net,United Kingdom,Wholesale,2024-09-17,5,2024-12-05,2026-01-09,True,79.0,Valid,275040.54000000004,23897.78352,240679.41618000003,210.0,7.0,10463.3403,True,48135.88323600001,0.03333333333333333,0.086888222078098,331.0,400.0,2026-12-06
301144,Stanley Brown,qhendricks@example.net,Canada,Corporate,2024-08-25,4,2025-01-04,2026-07-06,True,132.0,Valid,442477.01,47790.53571000001,375417.32788999996,374.0,10.0,19269.1464,True,93854.33197249999,0.026737967914438502,0.10800682211715364,153.0,548.0,2026-12-06
301145,Ricardo Garcia,smay@example.com,Vietnam,Online,2025-01-29,2,2025-06-18,2025-12-07,True,140.0,Valid,0.0,0.0,0.0,20.0,0.0,0.0,True,0.0,0.0,,364.0,172.0,2026-12-06
301146,Brian Buchanan,sarawilliams@example.com,France,Retail,2022-04-09,11,2022-04-27,2026-01-06,True,18.0,Valid,869929.03,54951.13886,814977.89114,627.0,0.0,0.0,True,74088.89919454545,0.0,0.0631673814357017,334.0,1350.0,2026-12-06
301147,Shane Alexander,vfuller@example.net,China,Retail,2023-11-12,5,2024-07-22,2026-02-03,True,253.0,Valid,88241.93,18240.67337,70001.25662999999,93.0,0.0,0.0,True,14000.251325999998,0.0,0.20671208539976405,306.0,561.0,2026-12-06
301148,Christopher George,paul84@example.net,Canada,Retail,2025-01-09,5,2025-06-08,2026-05-26,True,150.0,Valid,540394.69,52041.24153,488353.44852,437.0,0.0,0.0,True,97670.68970399999,0.0,0.0963022814491386,194.0,352.0,2026-12-06
301149,Nancy Valentine,mwright@example.com,India,Corporate,2021-12-09,4,2022-05-27,2025-10-11,True,169.0,Valid,367219.77,49149.430980000005,318070.33902,343.0,0.0,0.0,True,79517.584755,0.0,0.1338420068723424,421.0,1233.0,2026-12-06
301150,Rebecca Garcia,millerbrandon@example.net,Vietnam,Online,2023-07-14,5,2023-11-25,2025-11-02,True,134.0,Valid,397769.02,45664.566549999996,352104.45343,266.0,0.0,0.0,True,70420.890686,0.0,0.11480171721266778,399.0,708.0,2026-12-06
301151,Cynthia Reed,vaguirre@example.net,Brazil,Online,2022-12-15,3,2023-03-04,2026-06-22,True,79.0,Valid,194428.93,22263.405700000003,156803.18742,152.0,8.0,15362.33688,True,52267.72914,0.05263157894736842,0.11450665135070179,167.0,1206.0,2026-12-06
301152,Vanessa Jones,roytodd@example.net,China,Wholesale,2020-11-30,5,2021-04-06,2025-06-13,True,127.0,Valid,276359.3,47840.58464,228518.71535999997,310.0,0.0,0.0,True,45703.743072,0.0,0.17311009486563325,541.0,1529.0,2026-12-06
301153,Courtney Hernandez,matthewschristine@example.com,Germany,Retail,2020-11-04,6,2021-10-01,2026-03-13,True,331.0,Valid,189159.02,24092.24727,165066.77273,121.0,0.0,0.0,True,27511.12878833333,0.0,0.12736504592802395,268.0,1624.0,2026-12-06
301154,Fernando Blackwell,snydergerald@example.org,United States,Wholesale,2024-02-20,6,2024-08-18,2026-03-30,True,180.0,Valid,446671.58999999997,63547.03422,383124.55578,385.0,0.0,0.0,True,63854.09263,0.0,0.14226791146488632,251.0,589.0,2026-12-06
301155,Nicole Wright,bwhite@example.com,India,Corporate,2025-03-11,1,2026-04-24,2026-04-24,True,409.0,Valid,19951.14,1017.50814,18933.63186,70.0,0.0,0.0,False,18933.63186,0.0,0.051000000000000004,226.0,0.0,2026-12-06
301156,Brian Thompson,gina49@example.net,India,Wholesale,2024-12-13,1,2025-08-25,2025-08-25,True,255.0,Valid,103358.95,3521.80785,99837.14215,143.0,0.0,0.0,False,99837.14215,0.0,0.03407356450505738,468.0,0.0,2026-12-06
301157,Susan Singh,schwartzlisa@example.org,India,Corporate,2022-07-30,3,2023-10-01,2026-04-21,True,428.0,Valid,142097.9,26033.5272,116064.3728,142.0,0.0,0.0,True,38688.124266666666,0.0,0.18320838801980888,229.0,933.0,2026-12-06
301158,Jeremy Stein,torresmary@example.com,France,Corporate,2025-07-18,2,2025-07-22,2026-01-27,True,4.0,Valid,261777.82,29050.661679999997,232727.15832,191.0,0.0,0.0,True,116363.57916,0.0,0.11097449615861266,313.0,189.0,2026-12-06
301159,Erin Nelson,brockalex@example.com,China,Corporate,2023-03-17,1,2025-05-12,2025-05-12,True,787.0,Valid,40958.78,6897.67694,34061.10306,70.0,0.0,0.0,False,34061.10306,0.0,0.16840533189709264,573.0,0.0,2026-12-06
301160,Jordan Bailey,jake77@example.com,Canada,Online,2023-09-25,5,2023-10-20,2025-07-15,True,25.0,Valid,278044.28,22599.60395,255444.67605,274.0,0.0,0.0,True,51088.93521,0.0,0.08128059296886092,509.0,634.0,2026-12-06
301161,Jennifer Walters,ernestrich@example.net,Japan,Wholesale,2023-10-14,3,2024-12-31,2026-06-16,True,444.0,Valid,45735.41,5938.05908,39797.35092,108.0,0.0,0.0,True,13265.78364,0.0,0.12983504641152227,173.0,532.0,2026-12-06
301162,Cody Morse,kflores@example.org,Brazil,,2022-03-31,6,2022-06-26,2026-05-27,True,87.0,Valid,409385.67,42673.94214,366711.72786,340.0,3.0,0.0,True,61118.621309999995,0.008823529411764706,0.10423897382631883,193.0,1431.0,2026-12-06
301163,Alicia Miller,fbailey@example.org,Canada,Corporate,2025-03-23,6,2025-06-17,2026-07-02,True,86.0,Valid,447907.12000000005,71913.61211,375993.50788999995,380.0,0.0,0.0,True,62665.58464833332,0.0,0.16055474204116243,157.0,380.0,2026-12-06
301164,Matthew Armstrong,edwardmitchell@example.org,India,Online,2024-09-17,3,2025-06-13,2026-06-09,True,269.0,Valid,261114.13,40404.28871,220709.84129,122.0,0.0,0.0,True,73569.94709666667,0.0,0.1547380400670006,180.0,361.0,2026-12-06
301165,Tanya Jenkins,hernandezlouis@example.net,France,Retail,2022-12-04,2,2022-08-02,2023-02-02,True,-124.0,First Order Before Signup,87792.34,8445.61888,79346.72112,43.0,0.0,0.0,True,39673.36056,0.0,0.09619995184090092,1403.0,184.0,2026-12-06
301166,Jeffrey Ford,debbiejackson@example.net,France,Online,2024-03-03,5,2024-04-09,2025-08-23,True,37.0,Valid,264624.69,14276.25636,250348.43364000003,251.0,0.0,0.0,True,50069.68672800001,0.0,0.053949071645582276,470.0,501.0,2026-12-06
301167,Tiffany Williams,qjones@example.com,India,Online,2024-04-11,7,2024-06-22,2026-06-29,True,72.0,Valid,618820.3200000001,50733.1767,568087.1433,504.0,0.0,0.0,True,81155.30618571429,0.0,0.08198369552570607,160.0,737.0,2026-12-06
301168,Michael Morgan,jamierodriguez@example.net,United Kingdom,Corporate,2023-10-13,0,,,False,,Cannot Determine,0.0,0.0,0.0,0.0,0.0,0.0,False,,,,,,2026-12-06
301169,Amanda Berry,janetmoore@example.net,United Kingdom,Retail,2023-05-10,3,2023-08-18,2025-05-07,True,100.0,Valid,173918.5,35210.6175,138707.8825,126.0,0.0,0.0,True,46235.96083333334,0.0,0.20245469860883114,578.0,628.0,2026-12-06
301170,Anna Poole,watsonkenneth@example.net,China,Online,2021-01-30,6,2022-12-13,2025-03-19,True,682.0,Valid,270704.77,29496.9276,241207.8424,244.0,0.0,0.0,True,40201.30706666667,0.0,0.10896345712711304,627.0,827.0,2026-12-06
301171,Jaime Hernandez,istephens@example.com,India,Online,2025-03-22,5,2025-08-13,2026-07-23,True,144.0,Valid,345626.83999999997,30892.16676,314734.67324,259.0,0.0,0.0,True,62946.934647999995,0.0,0.08938011515540865,136.0,344.0,2026-12-06
301172,Adam Gallagher,schmidtjose@example.net,United States,Retail,2025-08-15,2,2025-08-21,2025-11-09,True,6.0,Valid,196687.95,48106.99201,148580.95799,149.0,0.0,0.0,True,74290.478995,0.0,0.24458535466966838,392.0,80.0,2026-12-06
301173,Eric Anderson,williamspaul@example.net,United Kingdom,Wholesale,2020-12-15,5,2021-02-19,2026-05-01,True,66.0,Valid,317045.52,28328.48781,288717.03219,402.0,0.0,0.0,True,57743.406438,0.0,0.08935148432313442,219.0,1897.0,2026-12-06
301174,Kathleen Little,usanchez@example.net,Germany,Wholesale,2025-04-21,0,,,False,,Cannot Determine,0.0,0.0,0.0,0.0,0.0,0.0,False,,,,,,2026-12-06
301175,Jasmine Morales,,Mexico,Online,2022-04-20,5,2023-08-24,2026-07-10,True,491.0,Valid,254592.78000000003,31210.08814,223382.69186,233.0,0.0,0.0,True,44676.538371999995,0.0,0.1225882687639453,149.0,1051.0,2026-12-06
301176,Carl Phillips,danielthomas@example.com,France,,2021-04-04,4,2021-06-03,2024-10-31,True,60.0,Valid,395815.06,39506.67073,341753.21757,300.0,9.0,14555.1717,True,85438.3043925,0.03,0.09981093374769519,766.0,1246.0,2026-12-06
301177,Corey Smith,williamsfrank@example.com,United Kingdom,Corporate,2024-09-15,4,2025-05-19,2026-07-18,True,246.0,Valid,356158.20999999996,40383.20874,315775.00126,256.0,0.0,0.0,True,78943.750315,0.0,0.1133855899039924,141.0,425.0,2026-12-06
301178,Ashley Oconnor,davismichelle@example.com,United States,Corporate,2023-04-29,3,2025-07-20,2026-07-16,True,813.0,Valid,141251.72,7899.06999,133352.65001,106.0,0.0,0.0,True,44450.88333666667,0.0,0.05592193843728062,143.0,361.0,2026-12-06
301179,Leah Wheeler,barbara81@example.net,Australia,Retail,2021-07-06,2,2024-10-02,2026-03-22,True,1184.0,Valid,153810.28,27496.31804,126313.96196,116.0,0.0,0.0,True,63156.98098,0.0,0.17876775232448702,259.0,536.0,2026-12-06
301180,Ashley Dunn,,United States,Wholesale,2021-06-20,7,2021-08-12,2026-03-26,True,53.0,Valid,447303.48,45588.53563,400902.72077,310.0,1.0,812.2236,True,57271.817252857145,0.0032258064516129032,0.10191858026680231,255.0,1687.0,2026-12-06
301181,Carol Smith,baileyjames@example.org,Australia,Corporate,2020-10-08,1,2020-11-06,2020-11-06,True,29.0,Valid,7380.6,95.9478,7284.6522,30.0,0.0,0.0,False,7284.6522,0.0,0.013,2221.0,0.0,2026-12-06
301182,James Salas,morrisbrandon@example.org,France,Wholesale,2023-05-12,8,2023-08-17,2026-07-31,True,97.0,Valid,446881.18,35635.97765,411245.20235000004,413.0,0.0,0.0,True,51405.650293750004,0.0,0.07974374228514165,128.0,1079.0,2026-12-06
301183,Stephanie Pierce,mcconnellangela@example.org,Vietnam,Retail,2022-01-06,0,,,False,,Cannot Determine,0.0,0.0,0.0,0.0,0.0,0.0,False,,,,,,2026-12-06
301184,Lisa Keller,brownraymond@example.net,Australia,Corporate,2025-04-15,3,2025-09-03,2026-06-24,True,141.0,Valid,31301.93,1452.9367599999998,29848.99324,81.0,0.0,0.0,True,9949.664413333334,0.0,0.0464168426675288,165.0,294.0,2026-12-06
301185,Nicole Mahoney,gregorypeters@example.org,Brazil,Retail,2022-10-29,4,2023-12-23,2024-04-19,True,420.0,Valid,489243.98,63283.0908,411274.039,326.0,17.0,14686.8502,True,102818.50975,0.05214723926380368,0.12934873679999087,961.0,118.0,2026-12-06
301186,Stephanie Nunez,jasonwebb@example.net,Brazil,Retail,2025-01-27,2,2025-03-20,2025-04-11,True,52.0,Valid,107090.05,3850.35872,103239.69128,107.0,0.0,0.0,True,51619.84564,0.0,0.03595440211298809,604.0,22.0,2026-12-06
301187,Brian Welch,dthompson@example.org,Vietnam,Corporate,2021-01-30,5,2021-12-10,2026-05-06,True,314.0,Valid,162562.65,11882.76108,140859.279,276.0,9.0,9820.60992,True,28171.8558,0.03260869565217391,0.07309650205628415,214.0,1608.0,2026-12-06
301188,Traci Rodriguez,,India,Retail,2021-11-26,3,2022-10-24,2023-02-11,True,332.0,Valid,176038.51,5487.12509,170551.38491000002,223.0,0.0,0.0,True,56850.461636666674,0.0,0.03117002688786675,1394.0,110.0,2026-12-06
301189,Lee Garcia,michaellopez@example.net,France,Retail,2021-09-02,7,2022-04-16,2025-10-09,True,226.0,Valid,404023.38,59221.85078,344801.52921999997,306.0,0.0,0.0,True,49257.36131714285,0.0,0.14658025676632871,423.0,1272.0,2026-12-06
301190,Kelsey Nguyen,sullivanpaula@example.com,Australia,Wholesale,2023-08-31,6,2023-02-10,2025-09-24,True,-202.0,First Order Before Signup,329293.3,41261.15935,288032.14065,280.0,0.0,0.0,True,48005.356775,0.0,0.12530215267058273,438.0,957.0,2026-12-06
301191,Jenny Soto,margaret20@example.net,Australia,Corporate,2022-08-05,8,2023-03-15,2026-03-27,True,222.0,Valid,447330.02,57898.95559,389431.06441,452.0,0.0,0.0,True,48678.88305125,0.0,0.12943230501275096,254.0,1108.0,2026-12-06
301192,Ashlee Pena,john19@example.org,United Kingdom,Wholesale,2025-02-27,6,2025-05-15,2026-03-06,True,77.0,Valid,399633.47,18291.3531,381342.11689999996,292.0,0.0,0.0,True,63557.01948333333,0.0,0.04577032324144422,275.0,295.0,2026-12-06
301193,Jason Murray,gomezbrittney@example.net,United Kingdom,,2022-12-31,1,2024-11-27,2024-11-27,True,697.0,Valid,28821.379999999997,1479.44258,27341.937420000002,24.0,0.0,0.0,False,27341.937420000002,0.0,0.051331427572170386,739.0,0.0,2026-12-06
301194,Kimberly Evans,rthompson@example.org,Vietnam,Online,2024-12-05,6,2025-06-06,2026-05-17,True,183.0,Valid,490818.65,34992.07366,455826.57633999997,375.0,0.0,0.0,True,75971.09605666666,0.0,0.07129328451557414,203.0,345.0,2026-12-06
301195,Brittany Myers,heather68@example.com,Canada,,2025-08-13,5,2025-11-13,2026-06-10,True,92.0,Valid,355036.91,37635.20779,292426.52131,285.0,13.0,24975.1809,True,58485.304262,0.0456140350877193,0.10600364843756668,179.0,209.0,2026-12-06
301196,Heather Gallegos,marioharris@example.net,China,Wholesale,2024-06-25,5,2024-09-10,2026-06-11,True,77.0,Valid,464491.04,50317.12439,414173.91561,366.0,0.0,0.0,True,82834.78312200001,0.0,0.10832743811376856,178.0,639.0,2026-12-06
301197,Tiffany Cooper,carrielambert@example.net,India,Retail,2023-03-15,2,2024-10-03,2026-06-14,True,568.0,Valid,23843.52,4935.60864,18907.91136,102.0,0.0,0.0,True,9453.95568,0.0,0.20700000000000002,175.0,619.0,2026-12-06
301198,Nancy Tanner,wallacecourtney@example.org,Vietnam,Online,2023-11-06,6,2023-11-08,2026-06-08,True,2.0,Valid,244195.82,15887.980319999999,228307.83968,348.0,0.0,0.0,True,38051.306613333334,0.0,0.06506245815346061,181.0,943.0,2026-12-06
301199,Kevin Shea,duranaudrey@example.com,Vietnam,Corporate,2024-06-27,3,2024-12-27,2026-06-25,True,183.0,Valid,197587.33000000002,12188.01405,185399.31595,182.0,0.0,0.0,True,61799.77198333333,0.0,0.0616841882017435,164.0,545.0,2026-12-06
301200,Kristen Larson,gina74@example.net,Brazil,,2023-02-01,5,2023-08-03,2025-11-26,True,183.0,Valid,230358.58000000002,7917.90452,222440.67548,244.0,0.0,0.0,True,44488.135096,0.0,0.03437208425229917,375.0,846.0,2026-12-06
301201,Laura Sullivan,mckayjames@example.net,Australia,Online,2022-06-04,5,2022-12-22,2026-01-16,True,201.0,Valid,522128.37,57790.6312,464337.73878,429.0,0.0,0.0,True,92867.547756,0.0,0.11068280239206309,324.0,1121.0,2026-12-06
301202,Ashley Murray,mary85@example.org,India,Corporate,2024-09-03,5,2024-11-08,2025-08-18,True,66.0,Valid,389056.39,45353.62864,343702.76136,315.0,0.0,0.0,True,68740.552272,0.0,0.11657340633834597,475.0,283.0,2026-12-06
301203,Rhonda Rodriguez,lcarter@example.net,France,,2022-08-28,8,2022-09-18,2026-06-09,True,21.0,Valid,314181.5,38626.97267,275554.52733,306.0,0.0,0.0,True,34444.31591625,0.0,0.12294477131848948,180.0,1360.0,2026-12-06
301204,Adam Jacobs,,Germany,Online,2020-10-21,6,2022-03-23,2025-07-31,True,518.0,Valid,523947.99,70155.22949,453792.76055,436.0,0.0,0.0,True,75632.12675833334,0.0,0.13389731581945757,493.0,1226.0,2026-12-06
301205,Amanda Ross,zwilliams@example.com,Germany,Wholesale,2021-04-03,4,2021-09-23,2025-10-09,True,173.0,Valid,300001.69,35304.07086,264697.61914,230.0,0.0,0.0,True,66174.404785,0.0,0.11767957327173724,423.0,1477.0,2026-12-06
301206,Alicia Stephens,amanda45@example.net,China,Wholesale,2023-06-06,11,2023-11-03,2026-06-25,True,150.0,Valid,582827.55,95219.79859,487607.75141,544.0,0.0,0.0,True,44327.97740090909,0.0,0.16337559641784263,164.0,965.0,2026-12-06
301207,Justin Ryan,nancyballard@example.com,Mexico,Retail,2021-03-09,10,2022-02-16,2026-06-18,True,344.0,Valid,806254.65,98775.41923,707479.23077,529.0,0.0,0.0,True,70747.923077,0.0,0.12251144130455557,171.0,1583.0,2026-12-06
301208,Kimberly Young,vgreen@example.org,Germany,Retail,2023-01-28,1,2025-02-01,2025-02-01,True,735.0,Valid,17798.129999999997,364.80426,17433.32574,15.0,0.0,0.0,False,17433.32574,0.0,0.020496774661158224,673.0,0.0,2026-12-06
301209,Sean Smith,akramer@example.org,Mexico,Corporate,2023-06-07,2,2024-09-01,2025-06-30,True,452.0,Valid,60974.18000000001,1445.61791,59528.56209,187.0,0.0,0.0,True,29764.281045,0.0,0.0237086896453548,524.0,302.0,2026-12-06
301210,Gregory Myers,xgarcia@example.net,Germany,Wholesale,2020-09-01,2,2021-08-30,2023-02-10,True,363.0,Valid,206709.84,24852.46863,170746.5201,132.0,9.0,11110.85127,True,85373.26005,0.06818181818181818,0.12022876429104681,1395.0,529.0,2026-12-06
301211,Thomas Clements,jcarter@example.com,United States,Online,2022-06-11,0,,,False,,Cannot Determine,0.0,0.0,0.0,0.0,0.0,0.0,False,,,,,,2026-12-06
301212,Jeffrey Weaver,ryan90@example.net,India,Corporate,2024-07-02,10,2024-08-14,2026-07-22,True,43.0,Valid,621271.91,52920.38518,563235.5901,575.0,8.0,5115.93472,True,56323.559010000004,0.01391304347826087,0.0851807144797517,137.0,707.0,2026-12-06
301213,Susan Valdez,pmartin@example.org,Japan,Online,2024-06-20,1,2026-05-17,2026-05-17,True,696.0,Valid,27978.84,7236.12552,20742.71448,22.0,0.0,0.0,False,20742.71448,0.0,0.25862850354053274,203.0,0.0,2026-12-06
301214,Christina Watson,williamsjoseph@example.com,United Kingdom,Corporate,2020-10-27,2,2023-01-13,2026-07-18,True,808.0,Valid,97709.73999999999,21149.13936,76560.60064,147.0,0.0,0.0,True,38280.30032,0.0,0.2164486299932842,141.0,1282.0,2026-12-06
301215,Bonnie Larson,longjoshua@example.com,Germany,Corporate,2022-03-07,5,2022-10-05,2026-05-24,True,212.0,Valid,464553.45999999996,59451.704320000004,405101.75568,455.0,0.0,0.0,True,81020.351136,0.0,0.12797602308246722,196.0,1327.0,2026-12-06
301216,Tanya Cardenas,fred06@example.org,China,Retail,2025-06-09,4,2025-08-24,2026-01-03,True,76.0,Valid,189344.01,10431.43117,178912.57883,158.0,4.0,0.0,True,44728.1447075,0.02531645569620253,0.05509248045396313,337.0,132.0,2026-12-06
301217,Franklin Cooper,ibrennan@example.com,Japan,Corporate,2024-07-08,6,2024-08-30,2025-07-13,True,53.0,Valid,509650.87,71369.30208,438281.56792,330.0,0.0,0.0,True,73046.92798666666,0.0,0.14003567202779424,511.0,317.0,2026-12-06
301218,Cathy Wyatt,lynchmartin@example.org,France,Online,2025-04-29,7,2025-07-03,2026-07-17,True,65.0,Valid,789948.3200000001,42866.429970000005,730282.87395,609.0,13.0,16799.01608,True,104326.12485000001,0.021346469622331693,0.05426485364257753,142.0,379.0,2026-12-06
301219,Elizabeth Mcguire,victor76@example.com,Japan,Retail,2025-04-28,1,2025-07-23,2025-07-23,True,86.0,Valid,159119.31,3776.10936,155343.20064,138.0,0.0,0.0,False,155343.20064,0.0,0.02373130803546094,501.0,0.0,2026-12-06
301220,Erika Harper,gnguyen@example.org,United States,,2023-05-16,3,2024-11-28,2025-11-10,True,562.0,Valid,93573.45000000001,10975.6238,82597.82620000001,167.0,0.0,0.0,True,27532.608733333338,0.0,0.11729420898769895,391.0,347.0,2026-12-06
301221,John Miller,karlchandler@example.org,France,Corporate,2023-05-03,5,2023-11-12,2026-01-31,True,193.0,Valid,357981.58999999997,48867.35194,309114.23806,336.0,0.0,0.0,True,61822.847612,0.0,0.1365080029394808,309.0,811.0,2026-12-06
301222,Shannon Carlson,figueroapreston@example.net,Germany,Wholesale,2021-04-03,3,2022-04-25,2024-04-23,True,387.0,Valid,374010.66,48718.732039999995,319901.13136,247.0,10.0,5390.7966,True,106633.71045333333,0.04048582995951417,0.13026027664559078,957.0,729.0,2026-12-06
301223,Sean Noble,xyoung@example.net,Germany,Corporate,2021-08-03,6,2022-07-15,2025-10-07,True,346.0,Valid,402809.34,34432.819650000005,368376.52035,291.0,0.0,0.0,True,61396.086725,0.0,0.08548168135823267,425.0,1180.0,2026-12-06
301224,Kathleen Coleman,amanda83@example.net,China,Online,2021-05-19,0,,,False,,Cannot Determine,0.0,0.0,0.0,0.0,0.0,0.0,False,,,,,,2026-12-06
301225,Michael Spencer,henrybarnett@example.org,France,,2022-05-25,5,2024-07-17,2026-06-15,True,784.0,Valid,175091.82,20642.51126,154449.30874,260.0,0.0,0.0,True,30889.861748000003,0.0,0.11789534919449692,174.0,698.0,2026-12-06
301226,Micheal Edwards,gwilson@example.com,France,Corporate,2024-01-26,8,2024-04-06,2026-03-11,True,71.0,Valid,473903.83999999997,52877.787469999996,420119.05701,463.0,1.0,906.99552,True,52514.88212625,0.0021598272138228943,0.11157914962242128,270.0,704.0,2026-12-06
301227,Joan Brown,ricedana@example.com,India,Retail,2023-02-10,5,2024-09-01,2026-05-26,True,569.0,Valid,225032.09999999998,20377.98594,204654.11406,229.0,0.0,0.0,True,40930.822812,0.0,0.09055590709058842,194.0,632.0,2026-12-06
301228,Jerome Parker,xhall@example.net,India,Wholesale,2022-03-17,6,2022-05-13,2026-05-13,True,57.0,Valid,243851.80000000002,15901.771200000001,227950.0288,372.0,0.0,0.0,True,37991.67146666667,0.0,0.06521080098650081,207.0,1461.0,2026-12-06
301229,Elizabeth Russo,daniel71@example.com,Mexico,Online,2021-09-27,2,2023-01-29,2025-04-12,True,489.0,Valid,33733.4,4491.1574,29242.242599999998,58.0,0.0,0.0,True,14621.121299999999,0.0,0.1331368139588657,603.0,804.0,2026-12-06
301230,Veronica Stevens,keith93@example.org,France,Wholesale,2023-07-27,4,2024-09-30,2026-04-16,True,431.0,Valid,318566.05,36028.93239,282537.11761,245.0,0.0,0.0,True,70634.2794025,0.0,0.11309721293276545,234.0,563.0,2026-12-06
301231,Joseph Walker Jr.,robertrusso@example.org,Canada,Corporate,2022-05-01,4,2023-04-01,2025-09-03,True,335.0,Valid,215506.17,13342.80153,192689.06415,195.0,9.0,9474.30432,True,48172.2660375,0.046153846153846156,0.06191377968435892,459.0,886.0,2026-12-06
301232,Matthew Sellers,ronaldjohnson@example.com,Vietnam,Online,2024-02-08,4,2024-04-06,2026-01-04,True,58.0,Valid,71760.65,558.5482999999999,71202.1017,141.0,0.0,0.0,True,17800.525425,0.0,0.007783489976749095,336.0,638.0,2026-12-06
301233,Robin Hawkins,laura78@example.com,France,Wholesale,2023-03-13,4,2024-07-05,2025-08-12,True,480.0,Valid,248078.15,29977.43158,218100.71842,194.0,0.0,0.0,True,54525.179605,0.0,0.12083866144599999,481.0,403.0,2026-12-06
301234,Justin White,edwardsdavid@example.net,Germany,Wholesale,2021-08-24,3,2022-11-12,2026-04-25,True,445.0,Valid,62944.08,815.69064,62128.38936,97.0,0.0,0.0,True,20709.46312,0.0,0.012958973107558329,225.0,1260.0,2026-12-06
301235,Matthew House,timothyshaffer@example.net,Mexico,,2022-03-12,0,,,False,,Cannot Determine,0.0,0.0,0.0,0.0,0.0,0.0,False,,,,,,2026-12-06
301236,Sharon Kelly,rlopez@example.com,Japan,Online,2020-11-30,7,2021-01-11,2025-08-28,True,42.0,Valid,438821.02999999997,38323.442839999996,400497.58715999994,402.0,0.0,0.0,True,57213.941022857136,0.0,0.08733273981878216,465.0,1690.0,2026-12-06
301237,Jessica Gray,brittanysanders@example.org,Vietnam,Online,2023-02-23,0,,,False,,Cannot Determine,0.0,0.0,0.0,0.0,0.0,0.0,False,,,,,,2026-12-06
301238,Robert Taylor,,Japan,Corporate,2025-08-07,4,2025-10-18,2026-06-06,True,72.0,Valid,602910.51,71968.23433,530942.27567,438.0,0.0,0.0,True,132735.5689175,0.0,0.1193680208527133,183.0,231.0,2026-12-06
301239,Laurie Johnson,rodriguezamanda@example.net,China,Retail,2020-12-05,3,2021-04-23,2026-07-31,True,139.0,Valid,52361.810000000005,9693.33186,42668.47814,70.0,0.0,0.0,True,14222.826046666667,0.0,0.18512216938260917,128.0,1925.0,2026-12-06
301240,Alan Bullock,frank18@example.net,Germany,Wholesale,2022-05-14,3,2023-02-27,2023-06-11,True,289.0,Valid,125346.45999999999,14177.902320000001,111168.55768,56.0,0.0,0.0,True,37056.185893333335,0.0,0.11310971462616497,1274.0,104.0,2026-12-06
301241,Summer Jackson,peter88@example.com,France,Wholesale,2022-09-17,8,2022-12-11,2026-06-02,True,85.0,Valid,257600.49,15062.31556,242538.17444,256.0,0.0,0.0,True,30317.271805,0.0,0.05847161067123746,187.0,1269.0,2026-12-06
301242,Sara Gilbert,caguilar@example.org,United States,Wholesale,2023-10-05,3,2023-11-30,2026-01-10,True,56.0,Valid,258727.63,22450.906479999998,236041.01851999998,241.0,1.0,235.705,True,78680.33950666666,0.004149377593360996,0.08677429032222031,330.0,772.0,2026-12-06
301243,Samantha Wu,cynthia95@example.net,United Kingdom,Corporate,2023-06-21,7,2023-10-12,2026-01-15,True,113.0,Valid,441005.22,49577.30642,391427.91358,448.0,0.0,0.0,True,55918.27336857143,0.0,0.11241886529143578,325.0,826.0,2026-12-06
301244,Ashley Vargas,douglasalexander@example.net,Japan,Wholesale,2021-04-18,6,2021-12-24,2026-06-09,True,250.0,Valid,434244.0,50473.44287,383770.55713,582.0,0.0,0.0,True,63961.75952166666,0.0,0.11623290792734038,180.0,1628.0,2026-12-06
301245,Mary Bates,wilkinskevin@example.net,Canada,Online,2022-12-24,5,2023-06-04,2025-05-30,True,162.0,Valid,346839.43,22274.57038,324564.85961999994,321.0,0.0,0.0,True,64912.97192399999,0.0,0.06422156321730779,555.0,726.0,2026-12-06
301246,Shannon Roach,vsmith@example.net,Australia,Retail,2021-08-08,7,2021-03-11,2026-07-21,True,-150.0,First Order Before Signup,796381.77,101552.15796,694829.61208,423.0,0.0,0.0,True,99261.37315428571,0.0,0.12751692942443923,138.0,1958.0,2026-12-06
301247,Deborah Murphy,tylerlaura@example.org,France,Retail,2023-04-24,8,2023-05-25,2026-01-25,True,31.0,Valid,253977.15,15251.43783,238725.71216999998,374.0,0.0,0.0,True,29840.714021249998,0.0,0.06005043300155152,315.0,976.0,2026-12-06
301248,Caitlin Cooley,millerjessica@example.net,India,Retail,2022-10-16,7,2023-08-29,2024-12-05,True,317.0,Valid,234425.62,20711.27292,202957.08708,303.0,10.0,10757.26,True,28993.869582857144,0.033003300330033,0.08834901628926053,731.0,464.0,2026-12-06
301249,Gloria Hamilton,rowebelinda@example.net,France,Retail,2020-10-24,2,2023-01-07,2023-08-27,True,805.0,Valid,135893.41999999998,14370.84462,121522.57538,98.0,0.0,0.0,True,60761.28769,0.0,0.10575084959963478,1197.0,232.0,2026-12-06
301250,Joshua Hill DVM,clayandrew@example.net,Japan,Retail,2025-08-05,4,2025-10-11,2026-06-06,True,67.0,Valid,282076.72,23867.72047,258208.99953,277.0,0.0,0.0,True,64552.2498825,0.0,0.08461428674440061,183.0,238.0,2026-12-06
301251,Sarah Berry,marthagriffin@example.net,United Kingdom,Retail,2023-12-13,5,2025-02-10,2025-12-10,True,425.0,Valid,126492.95999999999,10371.9104,116121.0496,176.0,0.0,0.0,True,23224.20992,0.0,0.08199594981412406,361.0,303.0,2026-12-06
301252,Justin Coleman,orichards@example.com,United States,Corporate,2020-11-24,3,2024-03-28,2026-02-21,True,1220.0,Valid,221425.88999999998,6781.70578,214644.18422,232.0,0.0,0.0,True,71548.06140666666,0.0,0.030627429249578723,288.0,695.0,2026-12-06
301253,Emily Wagner,webstersteven@example.net,China,Wholesale,2021-02-10,4,2022-07-18,2026-01-17,True,523.0,Valid,121537.43000000001,7874.47639,113662.95360999998,145.0,0.0,0.0,True,28415.738402499996,0.0,0.06479054551342742,323.0,1279.0,2026-12-06
301254,Emily Martinez,vsmith@example.org,Japan,Online,2020-09-21,5,2021-04-09,2025-08-04,True,200.0,Valid,390343.35,43414.232220000005,346929.11778,351.0,0.0,0.0,True,69385.82355599999,0.0,0.1112206272247241,489.0,1578.0,2026-12-06
301255,Kevin Smith,melissarollins@example.com,Germany,,2021-04-10,5,2022-03-06,2024-06-25,True,330.0,Valid,394694.72,26491.632230000003,368203.08777,316.0,0.0,0.0,True,73640.617554,0.0,0.06711929723812876,894.0,842.0,2026-12-06
301256,Hannah Sanchez,dwilliams@example.net,Mexico,Online,2021-05-03,3,2022-07-27,2023-10-25,True,450.0,Valid,163203.08,10320.73689,148278.73895,154.0,3.0,4603.60416,True,49426.246316666664,0.01948051948051948,0.06323861590112148,1138.0,455.0,2026-12-06
301257,Rebecca Foley,williamsmark@example.org,Brazil,Online,2023-04-27,2,2023-07-03,2026-03-31,True,67.0,Valid,94628.29000000001,8297.45329,86330.83670999999,69.0,0.0,0.0,True,43165.418354999994,0.0,0.08768470073801396,250.0,1002.0,2026-12-06
301258,Christine Jones,sarah87@example.org,Germany,Corporate,2022-02-28,1,2023-08-19,2023-08-19,True,537.0,Valid,54911.479999999996,11573.33716,43338.14284,64.0,0.0,0.0,False,43338.14284,0.0,0.21076352631544443,1205.0,0.0,2026-12-06
301259,Thomas Miller,william96@example.net,Australia,Corporate,2022-07-24,3,2023-10-10,2026-01-11,True,443.0,Valid,115038.51000000001,1257.25089,113781.25911,71.0,0.0,0.0,True,37927.08637,0.0,0.010928956659817655,329.0,824.0,2026-12-06
301260,Robert Brown,simsamy@example.com,China,Corporate,2021-11-22,7,2024-02-23,2026-07-08,True,823.0,Valid,578531.19,59318.930940000006,519212.25906,416.0,0.0,0.0,True,74173.1798657143,0.0,0.10253367833115447,151.0,866.0,2026-12-06
301261,Dorothy Wade,curtismichelle@example.com,Japan,Online,2021-02-11,1,2021-12-25,2021-12-25,True,317.0,Valid,48499.73,7558.47267,40941.25733,39.0,0.0,0.0,False,40941.25733,0.0,0.15584566491401086,1807.0,0.0,2026-12-06
301262,Mr. Gregory Wiley,jamesjohn@example.net,India,Wholesale,2021-11-11,4,2022-10-12,2026-03-14,True,335.0,Valid,305306.47000000003,27320.8371,277985.6329,332.0,0.0,0.0,True,69496.408225,0.0,0.0894865971887199,267.0,1249.0,2026-12-06
301263,Sara Bartlett,dtucker@example.org,Mexico,Online,2023-09-25,6,2024-05-20,2026-05-24,True,238.0,Valid,320331.23,48619.408579999996,271711.82142,264.0,0.0,0.0,True,45285.30357,0.0,0.15177854678733635,196.0,734.0,2026-12-06
301264,Jennifer Cannon,vortiz@example.org,Canada,Retail,2024-12-09,4,2025-04-10,2026-07-27,True,122.0,Valid,21797.7,980.8593000000001,1698.3894199999995,142.0,8.0,19118.45128,True,424.5973549999999,0.056338028169014086,0.044998293397927304,132.0,473.0,2026-12-06
301265,Jamie Scott,montoyafelicia@example.org,Brazil,Retail,2022-02-20,1,2022-08-22,2022-08-22,True,183.0,Valid,4635.68,463.568,4172.112,8.0,0.0,0.0,False,4172.112,0.0,0.09999999999999999,1567.0,0.0,2026-12-06
301266,Zachary Murray,cynthia35@example.net,United Kingdom,Wholesale,2020-11-02,1,2021-09-08,2021-09-08,True,310.0,Valid,1890.13,304.31093,1585.81907,1.0,0.0,0.0,False,1585.81907,0.0,0.16099999999999998,1915.0,0.0,2026-12-06
301267,Elizabeth Clayton,hestertabitha@example.org,United Kingdom,Online,2025-01-09,3,2025-04-17,2026-07-29,True,98.0,Valid,157831.56,12519.9388,145311.62120000002,101.0,0.0,0.0,True,48437.20706666668,0.0,0.07932468512634609,130.0,468.0,2026-12-06
301268,April Henry,alanthomas@example.com,United States,Retail,2021-08-10,7,2022-11-30,2025-01-05,True,477.0,Valid,245599.53,31903.746740000002,213358.51011,192.0,1.0,337.27315,True,30479.787158571427,0.005208333333333333,0.12990149753136743,700.0,767.0,2026-12-06
301269,Scott Brennan,cynthia47@example.org,India,Wholesale,2021-09-15,2,2022-01-16,2025-07-21,True,123.0,Valid,443709.54000000004,44550.95333999999,399158.58666000003,414.0,0.0,0.0,True,199579.29333000001,0.0,0.10040566930339156,503.0,1282.0,2026-12-06
301270,Leslie Bauer,johnstonbarbara@example.org,United Kingdom,Online,2023-04-23,3,2023-12-03,2025-11-13,True,224.0,Valid,261625.14,21088.426910000002,240536.71309,157.0,0.0,0.0,True,80178.90436333333,0.0,0.08060550645094734,388.0,711.0,2026-12-06
301271,Michael Valencia,hudsonglen@example.net,United Kingdom,Online,2022-10-03,5,2023-06-29,2026-07-05,True,269.0,Valid,139831.58000000002,11596.234900000001,128235.3451,250.0,0.0,0.0,True,25647.069020000003,0.0,0.08293001409266776,154.0,1102.0,2026-12-06
301272,Louis Gibson,monica51@example.net,Vietnam,Wholesale,2024-06-25,6,2024-07-31,2026-06-30,True,36.0,Valid,714090.3,97360.98281,616729.3171900001,577.0,0.0,0.0,True,102788.21953166668,0.0,0.13634267656345422,159.0,699.0,2026-12-06
301273,Erin Goodman,ftaylor@example.org,Canada,Online,2021-11-06,4,2022-02-19,2025-12-21,True,105.0,Valid,100915.94,2612.12974,98303.81026,157.0,0.0,0.0,True,24575.952565,0.0,0.025884213534551625,350.0,1401.0,2026-12-06
301274,Alison Faulkner,mccormickkatherine@example.com,Germany,Wholesale,2022-12-07,8,2023-05-31,2026-06-27,True,175.0,Valid,572754.09,73340.41513000001,499413.67487,371.0,0.0,0.0,True,62426.70935875,0.0,0.12804869735631222,162.0,1123.0,2026-12-06
301275,Amanda Torres,brittanywolf@example.org,India,Retail,2024-07-17,1,2025-11-13,2025-11-13,True,484.0,Valid,86182.34000000001,18369.35454,67812.98546,67.0,0.0,0.0,False,67812.98546,0.0,0.21314522836117003,388.0,0.0,2026-12-06
301276,John Pearson,suzanne33@example.org,Canada,Wholesale,2023-03-15,6,2023-07-22,2026-03-13,True,129.0,Valid,349851.22,43670.24314,297068.55706,317.0,10.0,9112.4198,True,49511.42617666667,0.031545741324921134,0.12482518465992487,268.0,965.0,2026-12-06
301277,Joanna Calderon,hallalan@example.org,United Kingdom,Online,2022-09-08,1,2024-12-05,2024-12-05,True,819.0,Valid,136901.06,16411.15234,120489.90766,106.0,0.0,0.0,False,120489.90766,0.0,0.11987600636547299,731.0,0.0,2026-12-06
301278,Trevor Lee,lcosta@example.net,Australia,Wholesale,2023-10-12,4,2024-01-18,2026-06-08,True,98.0,Valid,155952.28999999998,29396.8967,126555.3933,136.0,0.0,0.0,True,31638.848325,0.0,0.18849929488050482,181.0,872.0,2026-12-06
301279,Dennis Jackson,bradshawcarlos@example.org,Germany,Retail,2021-04-21,6,2021-06-19,2026-02-10,True,59.0,Valid,210061.54,7568.455529999999,202493.08447,260.0,0.0,0.0,True,33748.84741166667,0.0,0.036029706009010495,299.0,1697.0,2026-12-06
301280,Bradley Johnson,shannon20@example.com,Brazil,Retail,2024-12-22,6,2025-05-07,2026-05-05,True,136.0,Valid,456703.43,58186.753509999995,398516.67649000004,324.0,0.0,0.0,True,66419.44608166667,0.0,0.12740599191470928,215.0,363.0,2026-12-06
301281,Anthony Vaughn,cory32@example.com,Australia,Online,2024-06-15,3,2024-06-19,2025-08-29,True,4.0,Valid,74568.01,9459.10952,65108.90048,90.0,0.0,0.0,True,21702.966826666667,0.0,0.1268521115153804,464.0,436.0,2026-12-06
301282,Sara Day,howelljennifer@example.com,Japan,Retail,2022-07-09,2,2024-01-30,2024-05-12,True,570.0,Valid,154886.96,15929.822919999999,138957.13708,171.0,0.0,0.0,True,69478.56854,0.0,0.10284805718957878,938.0,103.0,2026-12-06
301283,Brianna Christensen,ujohnson@example.net,Japan,,2021-02-27,5,2021-12-01,2025-08-12,True,277.0,Valid,388731.91,38824.962419999996,349906.94758,242.0,0.0,0.0,True,69981.389516,0.0,0.09987593357077375,481.0,1350.0,2026-12-06
301284,James Scott,lharris@example.com,Germany,Corporate,2023-06-15,2,2025-06-03,2025-10-01,True,719.0,Valid,280290.33999999997,27643.923830000003,252646.41617,181.0,0.0,0.0,True,126323.208085,0.0,0.09862603124317451,431.0,120.0,2026-12-06
301285,Edwin Thomas IV,marisa32@example.com,Brazil,Corporate,2021-01-20,3,2021-10-03,2024-05-11,True,256.0,Valid,95270.19,3799.74042,91470.44958,71.0,0.0,0.0,True,30490.14986,0.0,0.03988383375744291,939.0,951.0,2026-12-06
301286,Lisa Johnson,patrick61@example.net,India,Corporate,2021-03-01,4,2022-04-15,2026-05-25,True,410.0,Valid,247309.58000000002,46575.91584,200733.66416,161.0,0.0,0.0,True,50183.41604,0.0,0.18833041502072018,195.0,1501.0,2026-12-06
301287,Adam Payne,,Australia,Online,2022-07-28,4,2025-06-07,2026-06-24,True,1045.0,Valid,407914.73,39048.58492,368866.14508,284.0,0.0,0.0,True,92216.53627,0.0,0.09572732252154759,165.0,382.0,2026-12-06
301288,Andrew Wheeler,peterlang@example.net,United States,,2025-05-02,3,2025-05-11,2025-09-13,True,9.0,Valid,154769.66,28791.80294,125977.85706000001,113.0,0.0,0.0,True,41992.619020000006,0.0,0.18603001996644564,449.0,125.0,2026-12-06
301289,Christina Mullen,smithsteven@example.net,Brazil,,2021-05-05,4,2021-05-16,2025-11-18,True,11.0,Valid,237075.7,17324.475739999998,219751.22431,262.0,0.0,0.0,True,54937.8060775,0.0,0.07307571269429974,383.0,1647.0,2026-12-06
301290,Johnny Taylor,johnsonsteven@example.net,India,Wholesale,2022-03-25,6,2022-12-26,2025-09-26,True,276.0,Valid,403293.58,25033.765779999998,378259.81422,250.0,0.0,0.0,True,63043.30237,0.0,0.06207330595245279,436.0,1005.0,2026-12-06
301291,Richard Pena,,Japan,Corporate,2022-12-21,0,,,False,,Cannot Determine,0.0,0.0,0.0,0.0,0.0,0.0,False,,,,,,2026-12-06
301292,Natalie Kennedy,riostyler@example.org,Australia,Online,2024-09-23,1,2024-12-05,2024-12-05,True,73.0,Valid,88314.18000000001,4803.79378,83510.38622,45.0,0.0,0.0,False,83510.38622,0.0,0.05439436543485995,731.0,0.0,2026-12-06
301293,Dawn Berg,julia17@example.org,India,Wholesale,2021-04-07,6,2022-08-29,2025-09-24,True,509.0,Valid,138785.46,11798.402139999998,126987.05786,94.0,0.0,0.0,True,21164.509643333335,0.0,0.08501180267731215,438.0,1122.0,2026-12-06
301294,Wendy Jones,gibsonkirk@example.com,Vietnam,Retail,2023-07-06,4,2024-08-08,2026-05-13,True,399.0,Valid,216568.49,11233.47054,205335.01946,130.0,0.0,0.0,True,51333.754865,0.0,0.05187029073343034,207.0,643.0,2026-12-06
301295,Samantha Malone,melissa22@example.com,United States,Corporate,2020-12-07,5,2022-03-17,2025-06-16,True,465.0,Valid,175740.28,28991.34012,146748.93988,139.0,0.0,0.0,True,29349.787976,0.0,0.16496696215574483,538.0,1187.0,2026-12-06
301296,Alexis Peterson,rhondanelson@example.org,Australia,Wholesale,2021-05-21,4,2021-07-25,2025-12-06,True,65.0,Valid,359741.14,33421.14199,326319.99801,327.0,0.0,0.0,True,81579.9995025,0.0,0.0929033081676452,365.0,1595.0,2026-12-06
301297,Taylor Cross,kevin77@example.org,Australia,Corporate,2021-05-17,4,2023-07-09,2026-07-27,True,783.0,Valid,360176.19,54199.113470000004,305977.07653,317.0,0.0,0.0,True,76494.2691325,0.0,0.15047944582344547,132.0,1114.0,2026-12-06
301298,Michael Fisher,leslie32@example.com,Australia,Wholesale,2022-07-18,11,2023-05-12,2025-07-24,True,298.0,Valid,552038.01,44637.51967,507400.49033000006,478.0,0.0,0.0,True,46127.31730272728,0.0,0.08085950398596647,500.0,804.0,2026-12-06
301299,Lindsey Evans,wallererica@example.com,Vietnam,Corporate,2022-09-16,4,2022-10-01,2024-03-28,True,15.0,Valid,345675.58999999997,18109.62314,327565.96686000004,205.0,0.0,0.0,True,81891.49171500001,0.0,0.05238907132551651,983.0,544.0,2026-12-06
301300,Heather Fernandez,reyesdavid@example.org,Brazil,Online,2025-05-28,5,2025-05-09,2026-05-03,True,-19.0,First Order Before Signup,283933.32999999996,37776.16431,244996.48356999998,361.0,6.0,1160.68212,True,48999.296714,0.01662049861495845,0.1330458960559509,217.0,359.0,2026-12-06
301301,Troy Herrera,jacksonrussell@example.com,Mexico,Online,2023-07-16,3,2024-07-12,2024-12-05,True,362.0,Valid,144023.38,14069.07934,129954.30066000001,103.0,0.0,0.0,True,43318.10022,0.0,0.09768607944071303,731.0,146.0,2026-12-06
301302,Morgan Lang,jscott@example.com,Japan,Wholesale,2025-08-18,5,2025-09-03,2026-06-12,True,16.0,Valid,176152.59999999998,18357.789340000003,157794.81066000002,171.0,0.0,0.0,True,31558.962132000004,0.0,0.10421526188089195,177.0,282.0,2026-12-06
301303,Kayla Fisher,stevenkidd@example.org,India,Online,2024-08-14,4,2024-12-19,2026-04-02,True,127.0,Valid,395281.57999999996,36927.33249,358354.24751,332.0,0.0,0.0,True,89588.5618775,0.0,0.09342032201449914,248.0,469.0,2026-12-06
301304,Jesus Johnson,samuelsandoval@example.org,Vietnam,Online,2023-03-02,3,2023-10-27,2025-12-30,True,239.0,Valid,26806.06,6300.351159999999,20505.70884,47.0,0.0,0.0,True,6835.23628,0.0,0.23503458397093788,341.0,795.0,2026-12-06
301305,Andrew Carter,christopherturner@example.org,India,,2025-07-19,3,2025-12-26,2026-04-07,True,160.0,Valid,150739.88,6273.14602,144466.73398,194.0,0.0,0.0,True,48155.57799333333,0.0,0.04161570262627249,243.0,102.0,2026-12-06
301306,Pamela Mahoney,philliphayden@example.net,Vietnam,Corporate,2022-07-09,7,2023-02-17,2025-01-27,True,223.0,Valid,424665.35000000003,56449.66473,358012.08602,384.0,5.0,10203.59925,True,51144.58371714286,0.013020833333333334,0.13292740914699067,678.0,710.0,2026-12-06
301307,Gabriel Hall,william47@example.org,Canada,Online,2021-04-21,2,2021-05-01,2023-08-20,True,10.0,Valid,288987.29,46191.28521,242796.00479,178.0,0.0,0.0,True,121398.002395,0.0,0.15983846628687373,1204.0,841.0,2026-12-06
301308,Kenneth Rose,joshua22@example.net,United Kingdom,Wholesale,2023-03-09,5,2023-06-24,2026-03-21,True,107.0,Valid,306382.94,55417.50498,250965.43502,250.0,0.0,0.0,True,50193.087004,0.0,0.18087660161495936,260.0,1001.0,2026-12-06
301309,Zachary Gonzalez,vparks@example.org,China,Wholesale,2024-12-10,6,2024-12-14,2026-07-13,True,4.0,Valid,344271.74,33266.41826,310991.505,207.0,1.0,13.81674,True,51831.9175,0.004830917874396135,0.09662837344709153,146.0,576.0,2026-12-06
301310,Gary Johns,aaronsmith@example.net,Australia,Corporate,2024-12-29,3,2025-06-01,2026-01-12,True,154.0,Valid,214866.67,41666.16885,173200.50115,167.0,0.0,0.0,True,57733.50038333333,0.0,0.19391638940557882,328.0,225.0,2026-12-06
301311,Eddie Klein,lchavez@example.org,Japan,,2023-04-05,4,2023-05-05,2025-12-27,True,30.0,Valid,297379.51,39668.55835000001,257710.95165,328.0,0.0,0.0,True,64427.7379125,0.0,0.13339371750932,344.0,967.0,2026-12-06
301312,Joseph Tate,,Brazil,Retail,2023-09-22,5,2024-01-20,2026-04-17,True,120.0,Valid,201626.18,22314.90607,179311.27393,252.0,0.0,0.0,True,35862.254786,0.0,0.11067464587188033,233.0,818.0,2026-12-06
301313,Sarah Cruz,loritaylor@example.com,Germany,Retail,2020-10-12,4,2021-10-07,2024-03-02,True,360.0,Valid,170333.78999999998,6533.58889,163800.20111,178.0,0.0,0.0,True,40950.0502775,0.0,0.038357561878943694,1009.0,877.0,2026-12-06
301314,Ronald Nunez,nsingh@example.org,United States,,2021-09-03,5,2021-09-24,2026-02-21,True,21.0,Valid,332532.35,33730.01952,298802.33048,283.0,0.0,0.0,True,59760.466096000004,0.0,0.10143379890708379,288.0,1611.0,2026-12-06
301315,Morgan Evans,bendermichelle@example.net,Germany,Wholesale,2022-08-09,4,2023-07-25,2026-01-16,True,350.0,Valid,96569.25,1569.54945,94999.70055,91.0,0.0,0.0,True,23749.9251375,0.0,0.016253097647543083,324.0,906.0,2026-12-06
301316,Mrs. Amanda Johnson DDS,gabrielle36@example.org,United Kingdom,Retail,2022-10-16,3,2023-07-06,2024-01-21,True,263.0,Valid,204497.28,32186.6999,172310.58010000002,146.0,0.0,0.0,True,57436.86003333334,0.0,0.1573942690093482,1050.0,199.0,2026-12-06
301317,Dana Griffin,millschristopher@example.org,United States,Corporate,2025-02-11,4,2025-03-10,2026-01-10,True,27.0,Valid,211474.52,15788.512159999998,195686.00784,244.0,0.0,0.0,True,48921.50196,0.0,0.07465917009765526,330.0,306.0,2026-12-06
301318,Jaclyn Green,katherinemccarty@example.com,China,Corporate,2023-12-23,4,2024-04-22,2025-02-11,True,121.0,Valid,217046.38999999998,19724.66443,197321.72557,157.0,0.0,0.0,True,49330.4313925,0.0,0.09087764339227204,663.0,295.0,2026-12-06
301319,Mark Ballard,,France,Corporate,2021-06-01,1,2024-11-29,2024-11-29,True,1277.0,Valid,141420.76,26796.61264,114624.14736,70.0,0.0,0.0,False,114624.14736,0.0,0.18948146396611076,737.0,0.0,2026-12-06
301320,Jeremy Brooks,justin46@example.com,Mexico,Retail,2022-01-20,5,2023-12-02,2025-12-20,True,681.0,Valid,399481.42,51443.97593,332171.46287,274.0,10.0,15865.9812,True,66434.29257399999,0.0364963503649635,0.12877689262744685,351.0,749.0,2026-12-06
301321,Anna Pierce,nicole02@example.net,India,,2022-11-15,2,2022-12-02,2023-02-01,True,17.0,Valid,48856.84,4241.45567,42117.13121000001,47.0,2.0,2498.25312,True,21058.565605000003,0.0425531914893617,0.08681395829120346,1404.0,61.0,2026-12-06
301322,Melissa Hernandez,denisepalmer@example.net,Germany,Wholesale,2024-07-07,3,2024-09-10,2025-10-20,True,65.0,Valid,116361.31,16829.75166,99531.55834,118.0,0.0,0.0,True,33177.18611333334,0.0,0.14463356986957265,412.0,405.0,2026-12-06
301323,Aaron Woodward,htaylor@example.com,Vietnam,Online,2025-04-11,5,2025-04-21,2026-04-10,True,10.0,Valid,283271.45,41890.75054,241380.69945999997,291.0,0.0,0.0,True,48276.13989199999,0.0,0.1478820069583433,240.0,354.0,2026-12-06
301324,Dennis Nguyen,taylorclarke@example.com,France,Wholesale,2023-03-03,2,2023-12-25,2025-12-07,True,297.0,Valid,74864.53,14809.2347,60055.2953,91.0,0.0,0.0,True,30027.64765,0.0,0.19781376708035167,364.0,713.0,2026-12-06
301325,Eric Tapia,maxwellgibson@example.org,China,Online,2023-11-07,1,2024-09-12,2024-09-12,True,310.0,Valid,81565.01999999999,17922.22182,63642.79818,66.0,0.0,0.0,False,63642.79818,0.0,0.21972926408894403,815.0,0.0,2026-12-06
301326,Brandon Ingram,andrearivera@example.net,Japan,Corporate,2022-02-20,8,2022-09-25,2025-12-06,True,217.0,Valid,623810.0499999999,79369.9477,544440.1023,512.0,0.0,0.0,True,68055.0127875,0.0,0.1272341599818727,365.0,1168.0,2026-12-06
301327,Benjamin Thompson,michael04@example.net,France,Retail,2021-03-31,3,2021-08-10,2023-12-01,True,132.0,Valid,372790.73,74362.71294,298428.01706,228.0,0.0,0.0,True,99476.00568666666,0.0,0.19947575665306913,1101.0,843.0,2026-12-06
301328,Stephen Brown,jefferybaker@example.com,China,Wholesale,2024-12-29,0,,,False,,Cannot Determine,0.0,0.0,0.0,0.0,0.0,0.0,False,,,,,,2026-12-06
301329,Justin Boyd,,China,Retail,2020-10-12,3,2021-05-02,2025-05-14,True,202.0,Valid,15943.44,3032.6820000000002,12910.758,59.0,0.0,0.0,True,4303.586,0.0,0.19021503514925261,571.0,1473.0,2026-12-06
301330,Christina Strong,fjones@example.org,United Kingdom,Retail,2025-01-22,2,2025-04-06,2025-04-22,True,74.0,Valid,854.72,97.43808,757.28192,49.0,0.0,0.0,True,378.64096,0.0,0.11399999999999999,593.0,16.0,2026-12-06
301331,Theresa Espinoza,jimenezruben@example.com,Australia,Wholesale,2020-10-23,3,2022-10-17,2022-12-04,True,724.0,Valid,269525.94,6097.98138,263427.95862,210.0,0.0,0.0,True,87809.31954,0.0,0.022624840414247328,1463.0,48.0,2026-12-06
301332,Stephanie Mcintyre,larry04@example.net,India,Online,2021-10-14,4,2022-11-25,2026-07-17,True,407.0,Valid,275834.47000000003,11647.541379999999,264186.92862,253.0,0.0,0.0,True,66046.732155,0.0,0.04222656211168966,142.0,1330.0,2026-12-06
301333,Jeremiah Huerta,patrick01@example.net,Japan,Online,2021-07-21,4,2023-12-19,2025-09-06,True,881.0,Valid,152793.75999999998,18151.49805,134642.26195000001,235.0,0.0,0.0,True,33660.565487500004,0.0,0.11879737791648036,456.0,627.0,2026-12-06
301334,Jacob Ball,tamaraparker@example.org,Germany,Online,2021-02-07,11,2021-01-03,2026-05-04,True,-35.0,First Order Before Signup,686932.36,87314.78921,599617.57079,557.0,0.0,0.0,True,54510.68825363636,0.0,0.1271082777495007,216.0,1947.0,2026-12-06
301335,Tyrone Miller,knichols@example.com,United States,Online,2021-12-17,5,2022-10-08,2026-02-23,True,295.0,Valid,391714.02,32911.08205,358802.93795,286.0,0.0,0.0,True,71760.58759,0.0,0.0840181366242648,286.0,1234.0,2026-12-06
301336,Beth Ellis,philliphatfield@example.net,India,Online,2024-06-13,6,2024-10-14,2025-08-27,True,123.0,Valid,210975.33000000002,8595.98665,202379.34334999998,353.0,0.0,0.0,True,33729.89055833333,0.0,0.040744036992382,466.0,317.0,2026-12-06
301337,Robert Donovan,icisneros@example.com,Canada,Online,2022-08-16,2,2023-01-31,2023-03-25,True,168.0,Valid,54236.13,2791.87593,51444.25407,37.0,0.0,0.0,True,25722.127035,0.0,0.051476311639491984,1352.0,53.0,2026-12-06
301338,Lisa Ramos,cphelps@example.net,United States,Online,2025-07-31,7,2025-09-23,2026-04-26,True,54.0,Valid,625737.9,64559.66231,561178.23769,448.0,0.0,0.0,True,80168.31967,0.0,0.10317364875932879,224.0,215.0,2026-12-06
301339,Marcus Kennedy,batesbelinda@example.net,Mexico,Wholesale,2024-11-12,2,2026-01-10,2026-06-09,True,424.0,Valid,0.0,0.0,0.0,0.0,0.0,0.0,True,0.0,,,180.0,150.0,2026-12-06
301340,Jason Cantu,vincent74@example.org,Australia,Retail,2021-09-14,3,2022-05-12,2026-03-25,True,240.0,Valid,329080.04,37702.48372,291377.55628,229.0,0.0,0.0,True,97125.85209333333,0.0,0.11456934221838554,256.0,1413.0,2026-12-06
301341,Dillon Clark,parkerrobert@example.net,Canada,,2021-04-17,5,2021-07-03,2025-10-21,True,77.0,Valid,196771.15000000002,27783.19254,168987.95746,120.0,0.0,0.0,True,33797.591492,0.0,0.14119545746416584,411.0,1571.0,2026-12-06
301342,Theresa Hernandez,,Japan,Corporate,2024-06-07,4,2024-07-16,2025-09-09,True,39.0,Valid,172759.63,14819.05075,157940.57925,111.0,0.0,0.0,True,39485.1448125,0.0,0.08577843533237481,453.0,420.0,2026-12-06
301343,Howard Andrews,andreross@example.net,Japan,Online,2024-05-10,4,2024-10-23,2025-12-31,True,166.0,Valid,216570.84,32382.86762,184187.97238,223.0,0.0,0.0,True,46046.993095,0.0,0.14952552070260244,340.0,434.0,2026-12-06
301344,Robert Miranda,lambertcheyenne@example.org,France,Retail,2022-01-17,5,2022-04-26,2023-07-03,True,99.0,Valid,247576.56,16386.100570000002,230049.32975,194.0,6.0,1141.12968,True,46009.86595,0.030927835051546393,0.06618599341553176,1252.0,433.0,2026-12-06
301345,Charles Wright,ohall@example.com,Vietnam,Online,2023-05-26,4,2023-12-07,2025-06-10,True,195.0,Valid,68664.26,4019.6474200000002,64644.61258,58.0,0.0,0.0,True,16161.153145,0.0,0.05854060642319601,544.0,551.0,2026-12-06
301346,Kathryn Shields,jenniferrice@example.com,France,Wholesale,2024-01-19,2,2024-02-02,2024-04-29,True,14.0,Valid,156403.91999999998,35485.82856,120918.09143999999,178.0,0.0,0.0,True,60459.045719999995,0.0,0.22688580030474942,951.0,87.0,2026-12-06
301347,Alexander Sullivan,michelle05@example.org,Germany,Retail,2023-08-07,2,2024-01-25,2026-01-06,True,171.0,Valid,86774.1,841.749,85932.351,73.0,0.0,0.0,True,42966.1755,0.0,0.009700463617600182,334.0,712.0,2026-12-06
301348,Catherine Martin DVM,james41@example.net,Mexico,,2024-09-30,4,2025-03-07,2025-07-24,True,158.0,Valid,90898.17,2641.27686,88256.89314,60.0,0.0,0.0,True,22064.223285,0.0,0.029057536141816716,500.0,139.0,2026-12-06
301349,Bailey Morales,cheryl86@example.org,Australia,Retail,2021-08-06,8,2021-10-13,2026-05-29,True,68.0,Valid,611024.71,74176.85746,535312.67406,538.0,6.0,1535.17848,True,66914.0842575,0.011152416356877323,0.12139747582385008,191.0,1689.0,2026-12-06
301350,Charles Reeves,dbrown@example.org,India,Online,2024-10-13,5,2024-11-28,2026-06-22,True,46.0,Valid,399305.69,25621.023119999998,373684.66688,231.0,0.0,0.0,True,74736.933376,0.0,0.06416393194897874,167.0,571.0,2026-12-06
301351,Mrs. Linda Pierce DDS,millerlindsey@example.org,Vietnam,Corporate,2021-06-24,7,2022-08-26,2026-04-06,True,428.0,Valid,290495.52,33006.80412,257488.71588,314.0,0.0,0.0,True,36784.10226857143,0.0,0.11362242047657051,244.0,1319.0,2026-12-06
301352,Thomas Wells,allenkaren@example.com,France,,2025-05-10,3,2025-11-04,2026-07-22,True,178.0,Valid,72400.77,217.20231,72183.56769,89.0,0.0,0.0,True,24061.18923,0.0,0.003,137.0,260.0,2026-12-06
301353,Julie Pearson,vwilliams@example.org,Germany,Wholesale,2024-05-27,3,2024-06-07,2025-06-16,True,11.0,Valid,129523.2,2955.1435200000005,126568.05648,126.0,0.0,0.0,True,42189.35216,0.0,0.022815553661429,538.0,374.0,2026-12-06
301354,Stacey Moore,gabriela90@example.net,Vietnam,Wholesale,2025-02-01,9,2025-08-02,2026-06-22,True,182.0,Valid,708596.97,81867.78139,619113.08145,521.0,10.0,7616.1071600000005,True,68790.34238333334,0.019193857965451054,0.11553504298783554,167.0,324.0,2026-12-06
301355,Matthew Bruce,vunderwood@example.com,United Kingdom,Wholesale,2023-03-15,1,2024-04-29,2024-04-29,True,411.0,Valid,85149.26,340.59704,84808.66295999999,44.0,0.0,0.0,False,84808.66295999999,0.0,0.004,951.0,0.0,2026-12-06
301356,Angela Mullen,jeffrey82@example.net,Japan,Online,2025-04-09,1,2025-12-29,2025-12-29,True,264.0,Valid,21084.05,3310.19585,3252.0461499999983,13.0,7.0,14521.808,False,3252.0461499999983,0.5384615384615384,0.157,342.0,0.0,2026-12-06
301357,Christopher Rice,amills@example.com,Canada,Corporate,2021-04-05,1,2021-07-09,2021-07-09,True,95.0,Valid,56029.74,6275.33088,49754.40912,29.0,0.0,0.0,False,49754.40912,0.0,0.11200000000000002,1976.0,0.0,2026-12-06
301358,Philip Espinoza,arodriguez@example.org,Brazil,Retail,2021-05-09,6,2022-07-21,2026-06-25,True,438.0,Valid,594586.95,71667.67986999999,522919.27015,589.0,0.0,0.0,True,87153.21169166667,0.0,0.12053355673211462,164.0,1435.0,2026-12-06
301359,Kayla Maxwell,jdaugherty@example.org,Australia,Online,2022-10-19,3,2025-04-17,2025-12-26,True,911.0,Valid,276165.06,7514.07786,268650.98214,182.0,0.0,0.0,True,89550.32737999999,0.0,0.027208647828222732,345.0,253.0,2026-12-06
301360,Sherry Chapman,fking@example.org,Canada,Corporate,2025-02-18,5,2025-04-13,2026-07-25,True,54.0,Valid,302137.31,41067.716329999996,250843.35367,206.0,8.0,10226.24,True,50168.670734,0.038834951456310676,0.13592401524326803,134.0,468.0,2026-12-06
301361,Dr. Andrew Johns,,Brazil,Online,2023-05-05,2,2025-08-27,2025-11-21,True,845.0,Valid,81900.51999999999,671.57412,81228.94588,48.0,0.0,0.0,True,40614.47294,0.0,0.008199876142422539,380.0,86.0,2026-12-06
301362,Michelle Diaz,steven80@example.org,Vietnam,Wholesale,2023-05-26,7,2023-07-20,2026-06-12,True,55.0,Valid,521130.0,30670.55447,490459.44553,474.0,0.0,0.0,True,70065.6350757143,0.0,0.05885394137739144,177.0,1058.0,2026-12-06
301363,Sean Lee,jasonfoster@example.org,United States,Retail,2021-07-06,5,2022-11-25,2026-03-20,True,507.0,Valid,397555.60000000003,40997.92271,356557.67729,287.0,0.0,0.0,True,71311.535458,0.0,0.10312500367244229,261.0,1211.0,2026-12-06
301364,Jeanette Johnson,wmorrison@example.com,Mexico,Corporate,2021-06-23,7,2022-08-12,2026-06-25,True,415.0,Valid,604831.47,59013.645560000004,545817.82444,411.0,0.0,0.0,True,77973.97492,0.0,0.09757039520446911,164.0,1413.0,2026-12-06
301365,Debbie Estrada,pricescott@example.net,United States,Wholesale,2023-06-04,3,2025-01-18,2025-11-15,True,594.0,Valid,298371.24,23346.804999999997,275024.43501,184.0,0.0,0.0,True,91674.81167000001,0.0,0.07824750468577332,386.0,301.0,2026-12-06
301366,Michael Sanchez,heidi21@example.com,United States,Wholesale,2022-06-12,4,2024-12-12,2026-07-30,True,914.0,Valid,95379.0,7240.09706,88138.90294,106.0,0.0,0.0,True,22034.725735,0.0,0.07590871219031443,129.0,595.0,2026-12-06
301367,Jason Evans,paulsmith@example.org,Australia,,2020-12-09,1,2022-11-25,2022-11-25,True,716.0,Valid,22085.29,3533.6464,18551.6436,69.0,0.0,0.0,False,18551.6436,0.0,0.16,1472.0,0.0,2026-12-06
301368,William Friedman,patricia24@example.org,India,Corporate,2021-10-02,5,2021-11-20,2025-10-11,True,49.0,Valid,380593.24,44224.614160000005,336368.62584,251.0,0.0,0.0,True,67273.725168,0.0,0.11619915834553447,421.0,1421.0,2026-12-06
301369,Lisa Glenn,keithwyatt@example.net,Germany,Retail,2024-03-06,4,2025-04-01,2025-10-31,True,391.0,Valid,137752.77,1185.7394800000002,136567.03052,80.0,0.0,0.0,True,34141.75763,0.0,0.008607736018665907,401.0,213.0,2026-12-06
301370,Eric Rodriguez,zburke@example.org,United States,Online,2020-12-29,8,2021-05-12,2026-05-27,True,134.0,Valid,330044.75,11161.20812,318883.54188,267.0,0.0,0.0,True,39860.442735,0.0,0.03381725696288155,193.0,1841.0,2026-12-06
301371,Darryl Hernandez,rhonda67@example.net,Australia,Retail,2024-09-25,2,2026-01-02,2026-03-26,True,464.0,Valid,236059.69,25698.06876,205469.87804,134.0,8.0,4891.7432,True,102734.93902,0.05970149253731343,0.10886258793273854,255.0,83.0,2026-12-06
301372,Krista Price,richard33@example.net,Canada,Wholesale,2022-06-27,6,2022-11-22,2026-03-21,True,148.0,Valid,366193.58999999997,43402.776849999995,322790.81315,300.0,0.0,0.0,True,53798.46885833333,0.0,0.11852413050157432,260.0,1215.0,2026-12-06
301373,Erin Collins,davismark@example.org,Germany,Retail,2025-01-01,4,2025-04-26,2026-04-16,True,115.0,Valid,212890.47,15905.76657,196984.70343,212.0,0.0,0.0,True,49246.1758575,0.0,0.07471337993664065,234.0,355.0,2026-12-06
301374,Jonathan Green,tracywilkins@example.net,Australia,Corporate,2025-01-24,4,2025-03-12,2025-10-15,True,47.0,Valid,260192.54,25155.439029999998,235037.10097,241.0,0.0,0.0,True,58759.2752425,0.0,0.09668009324940675,417.0,217.0,2026-12-06
301375,Barbara Kennedy,manuel12@example.net,United Kingdom,Corporate,2024-07-08,4,2025-01-04,2025-06-09,True,180.0,Valid,148839.13,10127.96715,138711.16285,185.0,0.0,0.0,True,34677.7907125,0.0,0.06804640117151989,545.0,156.0,2026-12-06
301376,Susan Rivera,andersonbrittany@example.net,Australia,Online,2024-07-07,5,2025-07-09,2026-05-15,True,367.0,Valid,360419.19,27804.20984,332614.98014,305.0,0.0,0.0,True,66522.996028,0.0,0.07714408836000103,205.0,310.0,2026-12-06
301377,Jack Moore,farmerlisa@example.com,Mexico,Wholesale,2023-02-25,4,2024-04-11,2026-02-03,True,411.0,Valid,242248.94,18177.785200000002,207225.65228,170.0,14.0,16845.502520000002,True,51806.41307,0.08235294117647059,0.07503762534523371,306.0,663.0,2026-12-06
301378,Alicia Phillips,ryan54@example.com,Mexico,Retail,2021-06-20,7,2021-07-11,2025-08-28,True,21.0,Valid,258511.61,39345.017850000004,216081.50751,243.0,9.0,3085.08464,True,30868.786787142857,0.037037037037037035,0.1521982623913874,465.0,1509.0,2026-12-06
301379,Andrew Brown,johnsonjames@example.net,France,Retail,2024-07-12,3,2025-04-03,2025-08-08,True,265.0,Valid,71911.4,3032.82776,68878.57224,74.0,0.0,0.0,True,22959.52408,0.0,0.042174505850254625,485.0,127.0,2026-12-06
301380,Robert Fischer,pschmidt@example.org,Vietnam,Wholesale,2022-12-25,5,2023-11-22,2026-06-08,True,332.0,Valid,335311.68,27847.23598,307464.44402,185.0,0.0,0.0,True,61492.888804,0.0,0.08304880993110648,181.0,929.0,2026-12-06
301381,Cindy Tucker,tiffany80@example.org,Vietnam,Retail,2023-01-26,5,2023-12-28,2025-11-15,True,336.0,Valid,442515.05,48059.00598,394456.04402000003,393.0,0.0,0.0,True,78891.20880400001,0.0,0.10860422934767983,386.0,688.0,2026-12-06
301382,Benjamin Turner,janice26@example.org,Australia,Wholesale,2025-02-08,2,2025-08-20,2026-04-27,True,193.0,Valid,120188.97,2257.18614,117931.78386,83.0,0.0,0.0,True,58965.89193,0.0,0.01878031020650231,223.0,250.0,2026-12-06
301383,David Walton,czavala@example.org,United Kingdom,Corporate,2021-06-22,3,2022-08-28,2025-09-16,True,432.0,Valid,236437.61,43133.0693,193304.5407,200.0,0.0,0.0,True,64434.846900000004,0.0,0.18242896847079448,446.0,1115.0,2026-12-06
301384,Yolanda West,aking@example.com,United States,Corporate,2023-06-10,3,2025-06-28,2026-03-24,True,749.0,Valid,296686.33999999997,13650.83183,283035.50817,234.0,0.0,0.0,True,94345.16939,0.0,0.046010988675784674,257.0,269.0,2026-12-06
301385,Daniel Mendoza,,United States,Retail,2023-12-05,4,2024-01-16,2025-07-10,True,42.0,Valid,138923.46,10307.282920000001,128616.17708,130.0,0.0,0.0,True,32154.04427,0.0,0.07419396925472488,514.0,541.0,2026-12-06
301386,Tammie Alvarez,michaelmartinez@example.net,United Kingdom,Wholesale,2021-09-15,4,2022-05-14,2026-01-17,True,241.0,Valid,383757.33999999997,55207.599819999996,328549.74016,269.0,0.0,0.0,True,82137.43504,0.0,0.14386070067089793,323.0,1344.0,2026-12-06
301387,Karen Williams,salinaszachary@example.net,India,Online,2022-10-27,3,2022-11-17,2025-09-29,True,21.0,Valid,50565.62,10642.601359999999,39923.01864,110.0,0.0,0.0,True,13307.67288,0.0,0.21047109399627648,433.0,1047.0,2026-12-06
301388,Cynthia Brown,kimberly34@example.org,United States,,2025-08-19,6,2025-08-23,2026-06-07,True,4.0,Valid,637167.0700000001,57904.55814000001,574834.3743,479.0,7.0,4428.13756,True,95805.72905000001,0.014613778705636743,0.09087813992019393,182.0,288.0,2026-12-06
301389,Joseph Flowers,thomaslane@example.net,India,Online,2022-05-26,3,2023-11-08,2025-04-04,True,531.0,Valid,0.0,0.0,0.0,31.0,0.0,0.0,True,0.0,0.0,,611.0,513.0,2026-12-06
301390,Linda Cole,kimberly53@example.net,France,Retail,2021-01-31,6,2021-09-02,2026-04-22,True,214.0,Valid,363813.83,41013.18813,306337.93911,328.0,12.0,16462.70276,True,51056.323184999994,0.036585365853658534,0.1127312508433228,228.0,1693.0,2026-12-06
301391,Jerry Doyle,vporter@example.com,France,Wholesale,2023-12-12,4,2024-09-09,2026-06-28,True,272.0,Valid,184381.72,20439.143060000002,163942.57694,145.0,0.0,0.0,True,40985.644235,0.0,0.1108523288534243,161.0,657.0,2026-12-06
301392,Billy Bush,allenkimberly@example.com,India,Retail,2021-12-09,5,2022-01-01,2026-02-08,True,23.0,Valid,263506.92,40918.857650000005,222588.06235,199.0,0.0,0.0,True,44517.61247,0.0,0.15528570426158073,301.0,1499.0,2026-12-06
301393,Daniel Powell,stanleyclark@example.org,United States,Corporate,2021-05-26,2,2024-03-06,2024-10-19,True,1015.0,Valid,32011.82,4773.784900000001,27238.0351,87.0,0.0,0.0,True,13619.01755,0.0,0.14912569482147534,778.0,227.0,2026-12-06
301394,Mason Olson,juarezmary@example.com,Germany,Wholesale,2024-03-12,3,2025-05-05,2026-02-09,True,419.0,Valid,149089.61000000002,22266.08282,126823.52718,148.0,0.0,0.0,True,42274.509060000004,0.0,0.14934697877336992,300.0,280.0,2026-12-06
301395,Lawrence Novak Jr.,brianphillips@example.net,Canada,Corporate,2023-12-03,4,2024-02-29,2026-04-20,True,88.0,Valid,139825.09999999998,19915.58364,119909.51636000001,190.0,0.0,0.0,True,29977.379090000002,0.0,0.1424321072539909,230.0,781.0,2026-12-06
301396,Dylan Hood,oray@example.org,United States,Wholesale,2025-01-29,3,2025-03-15,2026-06-25,True,45.0,Valid,219077.64,14871.72783,204205.91217,208.0,0.0,0.0,True,68068.63739,0.0,0.06788336696524574,164.0,467.0,2026-12-06
301397,Sara Moses,clarkmelissa@example.org,Brazil,Retail,2022-07-16,2,2025-02-05,2026-04-11,True,935.0,Valid,190051.52000000002,20089.219830000002,169962.30017,128.0,0.0,0.0,True,84981.150085,0.0,0.1057040734533457,239.0,430.0,2026-12-06
301398,Nicole Cooley,davistiffany@example.com,India,Wholesale,2021-07-08,2,2022-06-19,2023-02-10,True,346.0,Valid,1666.48,423.28592,1243.19408,26.0,0.0,0.0,True,621.59704,0.0,0.254,1395.0,236.0,2026-12-06
301399,Jon Jones,epayne@example.com,France,Retail,2021-08-02,1,2022-03-10,2022-03-10,True,220.0,Valid,66182.15,11612.77283,54569.37717,75.0,0.0,0.0,False,54569.37717,0.0,0.17546684158795084,1732.0,0.0,2026-12-06
301400,Alicia Robinson,rossjames@example.org,Japan,,2022-12-27,1,2024-05-20,2024-05-20,True,510.0,Valid,68736.51,12894.66131,55841.84869,58.0,0.0,0.0,False,55841.84869,0.0,0.18759551961541254,930.0,0.0,2026-12-06
301401,Teresa Carter,jasongutierrez@example.com,France,Online,2025-07-02,10,2025-02-14,2026-05-02,True,-138.0,First Order Before Signup,333902.08,23334.872649999998,310567.20735,358.0,0.0,0.0,True,31056.720735,0.0,0.06988537672481704,218.0,442.0,2026-12-06
301402,Jamie Walker,royscott@example.net,France,Retail,2021-08-01,11,2022-06-04,2026-03-29,True,307.0,Valid,556650.8,41159.17312,515491.62688,590.0,0.0,0.0,True,46862.875170909094,0.0,0.07394074187982842,252.0,1394.0,2026-12-06
301403,William Moon,fernandezsusan@example.org,Brazil,Online,2022-01-21,2,2025-04-17,2026-06-17,True,1182.0,Valid,147071.12,8536.38482,138534.73518,112.0,0.0,0.0,True,69267.36759,0.0,0.0580425634890113,172.0,426.0,2026-12-06
301404,Erika Brown,christina98@example.com,France,Online,2024-05-15,6,2024-05-17,2026-07-18,True,2.0,Valid,504703.01,54444.26789,435936.64298999996,434.0,7.0,14322.09912,True,72656.107165,0.016129032258064516,0.10787387198265372,141.0,792.0,2026-12-06
301405,Nancy Walker,whaynes@example.com,Canada,Online,2021-03-17,5,2022-05-08,2024-09-30,True,417.0,Valid,342124.5,19895.05225,322229.44775,228.0,0.0,0.0,True,64445.88955,0.0,0.05815149821190824,797.0,876.0,2026-12-06
301406,Caitlin Armstrong,pwalker@example.org,Japan,Online,2021-07-26,6,2022-11-19,2025-10-15,True,481.0,Valid,345120.91000000003,29811.268920000002,315309.64108,330.0,0.0,0.0,True,52551.60684666666,0.0,0.08637920234969246,417.0,1061.0,2026-12-06
301407,Ruth Brown,chiggins@example.com,France,Wholesale,2022-02-26,2,2026-02-03,2026-06-25,True,1438.0,Valid,201276.07,7701.442640000001,193574.62735999998,118.0,0.0,0.0,True,96787.31367999999,0.0,0.03826308134891545,164.0,142.0,2026-12-06
301408,Jody Martin,michael39@example.com,United States,Corporate,2023-11-23,3,2024-07-17,2026-07-24,True,237.0,Valid,3138.69,426.81557999999995,2711.87442,73.0,0.0,0.0,True,903.9581400000001,0.0,0.13598526136700342,135.0,737.0,2026-12-06
301409,Laurie Johnson,wagneramy@example.com,Brazil,Corporate,2021-12-27,4,2023-09-28,2026-03-31,True,640.0,Valid,166371.94,19514.38814,146857.55186,140.0,0.0,0.0,True,36714.387965,0.0,0.11729374640940052,250.0,915.0,2026-12-06
301410,Jon Cox,bmathis@example.org,Vietnam,Wholesale,2024-09-29,5,2024-11-30,2026-01-20,True,62.0,Valid,274545.78,41507.11646,233038.66353999998,225.0,0.0,0.0,True,46607.732707999996,0.0,0.15118468205921792,320.0,416.0,2026-12-06
301411,Miguel Garcia,brookemartin@example.org,India,Wholesale,2020-11-20,4,2023-02-07,2026-03-06,True,809.0,Valid,48237.82,9502.56366,38735.25634,23.0,0.0,0.0,True,9683.814085,0.0,0.19699405279923513,275.0,1123.0,2026-12-06
301412,Terry Macias,christineramirez@example.net,India,Corporate,2025-03-08,3,2025-07-22,2026-03-25,True,136.0,Valid,59493.57,1626.29425,57867.27575,55.0,6.0,0.0,True,19289.091916666668,0.10909090909090909,0.027335630556377773,256.0,246.0,2026-12-06
301413,Danny Roach,susan33@example.org,France,Online,2023-07-12,7,2024-01-08,2025-11-20,True,180.0,Valid,174566.91999999998,25440.10865,149126.81135,294.0,0.0,0.0,True,21303.83019285714,0.0,0.14573270038790856,381.0,682.0,2026-12-06
301414,Hunter Williams,rebecca55@example.org,Australia,Wholesale,2020-09-11,3,2021-11-16,2025-08-29,True,431.0,Valid,120369.28,5403.1748,114966.1052,121.0,0.0,0.0,True,38322.03506666667,0.0,0.04488832034220027,464.0,1382.0,2026-12-06
301415,Courtney Morgan,laura03@example.com,Mexico,Wholesale,2021-03-26,5,2022-03-13,2025-09-16,True,352.0,Valid,224494.96,28937.0596,171220.7196,202.0,18.0,24337.180800000002,True,34244.14392,0.0891089108910891,0.12889848217527913,446.0,1283.0,2026-12-06
301416,Rhonda Mitchell,cindyfischer@example.org,Japan,Corporate,2023-07-27,4,2023-08-04,2026-01-02,True,8.0,Valid,223075.09000000003,12790.107100000001,210284.9829,177.0,0.0,0.0,True,52571.245725,0.0,0.057335434001169736,338.0,882.0,2026-12-06
301417,Samuel Long,brittanyanderson@example.net,Japan,Wholesale,2021-08-17,4,2021-12-10,2025-08-28,True,115.0,Valid,130519.70000000001,25405.06128,105114.63872,111.0,0.0,0.0,True,26278.65968,0.0,0.19464541582611666,465.0,1357.0,2026-12-06
301418,Natalie Cooke,daviddecker@example.com,United States,Wholesale,2020-10-18,4,2021-02-20,2023-10-08,True,125.0,Valid,333574.37,24828.381719999998,290091.46148,269.0,9.0,18654.5268,True,72522.86537,0.03345724907063197,0.0744313231259344,1155.0,960.0,2026-12-06
301419,Shawn Brown,karen65@example.net,Germany,Wholesale,2024-06-05,3,2024-06-08,2025-03-05,True,3.0,Valid,176412.71999999997,23001.353990000003,153411.36601,191.0,0.0,0.0,True,51137.12200333333,0.0,0.1303837613863672,641.0,270.0,2026-12-06
301420,Anthony Thomas,emorales@example.com,India,Retail,2023-09-02,5,2023-12-12,2026-06-27,True,101.0,Valid,438284.49,61470.22579,376814.26421,261.0,0.0,0.0,True,75362.852842,0.0,0.14025188477465858,162.0,928.0,2026-12-06
301421,Diana Jones,cruzcaitlin@example.com,United States,Corporate,2022-12-18,4,2023-06-02,2026-07-30,True,166.0,Valid,202897.84,15087.10873,187810.73127,253.0,0.0,0.0,True,46952.6828175,0.0,0.07435815349241766,129.0,1154.0,2026-12-06
301422,Stephanie Peterson,willishenry@example.com,Australia,Retail,2023-11-14,5,2024-02-28,2025-09-12,True,106.0,Valid,506177.33,84084.95185000001,422092.37815,531.0,0.0,0.0,True,84418.47563,0.0,0.16611757750984227,450.0,562.0,2026-12-06
301423,John Hall,banderson@example.com,Vietnam,Retail,2021-01-16,4,2021-04-15,2026-02-03,True,89.0,Valid,387488.46,54924.37624,332564.08376,276.0,0.0,0.0,True,83141.02094,0.0,0.14174454702470363,306.0,1755.0,2026-12-06
301424,Samuel Soto,gking@example.org,Australia,,2023-01-12,3,2023-03-09,2025-05-26,True,56.0,Valid,213950.31,23217.96024,190732.34976,269.0,0.0,0.0,True,63577.44992000001,0.0,0.10852033932551909,559.0,809.0,2026-12-06
301425,Jessica West,,Canada,Corporate,2024-03-03,6,2024-05-01,2026-01-08,True,59.0,Valid,10865.580000000002,962.07012,9903.50988,12.0,0.0,0.0,True,1650.5849799999999,0.0,0.08854291441414078,332.0,617.0,2026-12-06
301426,Stephanie Stewart,josephlee@example.net,Canada,Retail,2023-12-18,5,2024-05-30,2026-03-04,True,164.0,Valid,373894.68999999994,36565.43834,337329.25166,325.0,0.0,0.0,True,67465.850332,0.0,0.09779608889337264,277.0,643.0,2026-12-06
301427,David Rivera,stewartjoseph@example.net,Vietnam,Corporate,2021-03-12,3,2021-05-16,2025-07-19,True,65.0,Valid,97619.92,22186.02681,75433.89319,109.0,0.0,0.0,True,25144.631063333334,0.0,0.22726946313826113,505.0,1525.0,2026-12-06
301428,Mark Evans,holmesscott@example.net,Vietnam,Wholesale,2024-07-10,2,2025-03-25,2026-06-24,True,258.0,Valid,113218.43000000001,15549.06305,97669.36695,89.0,0.0,0.0,True,48834.683475,0.0,0.1373368545209468,165.0,456.0,2026-12-06
301429,John Dickson,,Australia,Wholesale,2022-12-20,4,2023-04-20,2025-06-09,True,121.0,Valid,152278.34,12457.1853,139821.1547,261.0,0.0,0.0,True,34955.288675,0.0,0.0818053657532647,545.0,781.0,2026-12-06
301430,Cynthia Cardenas,isabella81@example.net,Germany,Corporate,2025-07-08,6,2025-08-21,2026-06-15,True,44.0,Valid,379807.06999999995,44730.039319999996,335077.03068,377.0,0.0,0.0,True,55846.171780000004,0.0,0.11777042307295649,174.0,298.0,2026-12-06
301431,Adrienne Ingram,bvasquez@example.com,Australia,Corporate,2021-07-26,4,2022-01-11,2022-05-13,True,169.0,Valid,187647.24,12897.6404,165498.07929999998,229.0,9.0,9251.5203,True,41374.519824999996,0.039301310043668124,0.06873344047053397,1668.0,122.0,2026-12-06
301432,Christina Clark,katherinechapman@example.net,Brazil,Wholesale,2023-11-01,4,2023-11-19,2026-01-08,True,18.0,Valid,157358.15,9893.2776,147464.8724,145.0,0.0,0.0,True,36866.2181,0.0,0.06287108484689226,332.0,781.0,2026-12-06
301433,Shane Bender,matthewmoran@example.net,Vietnam,Retail,2022-10-25,3,2023-09-18,2025-08-16,True,328.0,Valid,175071.18,6105.40738,167741.69522,129.0,1.0,1224.0774,True,55913.89840666667,0.007751937984496124,0.03487385747899797,477.0,698.0,2026-12-06
301434,Anthony Meyer,jill83@example.net,United Kingdom,Online,2022-02-11,1,2022-04-23,2022-04-23,True,71.0,Valid,163757.63,8718.286090000001,155039.34391,109.0,0.0,0.0,False,155039.34391,0.0,0.05323896107924865,1688.0,0.0,2026-12-06
301435,Erica Kim,ytaylor@example.org,Vietnam,Online,2023-05-16,5,2024-07-17,2026-05-24,True,428.0,Valid,266316.95,33100.00737,233216.94263,263.0,0.0,0.0,True,46643.388526,0.0,0.12428802361246627,196.0,676.0,2026-12-06
301436,Jennifer Martinez,,Germany,Online,2020-10-02,5,2022-04-02,2025-03-20,True,547.0,Valid,151823.74,29437.13449,122386.60551000001,189.0,0.0,0.0,True,24477.321102,0.0,0.19389019457694825,626.0,1083.0,2026-12-06
301437,Angela Richards,angelathompson@example.com,United Kingdom,Online,2025-01-14,5,2025-02-01,2025-08-22,True,18.0,Valid,592874.4299999999,57815.30602,525745.2629600001,455.0,7.0,9313.86106,True,105149.05259200002,0.015384615384615385,0.09751694978648347,471.0,202.0,2026-12-06
301438,Clifford Daniel,tjackson@example.com,United States,Wholesale,2020-09-15,4,2021-04-28,2026-01-22,True,225.0,Valid,243037.0,9039.46045,233997.53955,197.0,0.0,0.0,True,58499.3848875,0.0,0.03719376247238075,318.0,1730.0,2026-12-06
301439,Kevin King,debbiedavis@example.org,France,,2021-07-11,6,2021-11-17,2026-07-04,True,129.0,Valid,118011.34,12741.55441,105269.78559,178.0,0.0,0.0,True,17544.964265,0.0,0.10796889866685694,155.0,1690.0,2026-12-06
301440,Donald Roberts,brookefrench@example.net,United States,Retail,2024-08-17,3,2025-02-23,2026-04-08,True,190.0,Valid,79614.16,12465.21148,67148.94851999999,188.0,0.0,0.0,True,22382.982839999997,0.0,0.15657028196994102,242.0,409.0,2026-12-06
301441,Christopher Steele,taylorraymond@example.com,Germany,Wholesale,2024-03-05,4,2025-01-24,2026-06-19,True,325.0,Valid,254816.59,20634.55984,234182.03016,160.0,0.0,0.0,True,58545.50754,0.0,0.08097808639539522,170.0,511.0,2026-12-06
301442,Samantha Williams,russell21@example.com,China,Corporate,2025-04-04,1,2025-09-22,2025-09-22,True,171.0,Valid,36699.64,220.19784,36479.44216,64.0,0.0,0.0,False,36479.44216,0.0,0.006,440.0,0.0,2026-12-06
301443,Alicia Hall,williamskathleen@example.net,China,Retail,2024-11-04,4,2025-04-12,2026-05-10,True,159.0,Valid,175761.78,15833.14257,159928.63743000003,181.0,0.0,0.0,True,39982.15935750001,0.0,0.09008296667227653,210.0,393.0,2026-12-06
301444,Curtis Harvey,ethanhuff@example.org,France,Wholesale,2021-10-06,6,2022-10-28,2026-04-10,True,387.0,Valid,354396.94,37342.60122,317054.33878,224.0,0.0,0.0,True,52842.38979666666,0.0,0.10536942339287692,240.0,1260.0,2026-12-06
301445,Janet Smith,barnesandrew@example.net,United States,Online,2021-02-05,6,2021-12-03,2026-01-15,True,301.0,Valid,489562.23,64613.37304,424948.85695999995,403.0,0.0,0.0,True,70824.80949333332,0.0,0.1319819403551618,325.0,1504.0,2026-12-06
301446,Mr. James Ross,dguerra@example.com,Vietnam,,2021-05-20,4,2021-12-22,2023-04-09,True,216.0,Valid,53765.28,2460.48948,51304.79052,109.0,0.0,0.0,True,12826.19763,0.0,0.04576353884886306,1337.0,473.0,2026-12-06
301447,Jeanne Robinson,alex95@example.org,Brazil,,2025-07-17,5,2025-08-02,2026-01-08,True,16.0,Valid,473798.56999999995,54739.55271,419059.01729,323.0,0.0,0.0,True,83811.803458,0.0,0.1155333852316186,332.0,159.0,2026-12-06
301448,Jeff Wallace,ohopkins@example.net,India,Retail,2022-12-24,2,2024-09-14,2024-10-16,True,630.0,Valid,123088.59999999999,8717.311239999999,114371.28876000001,137.0,0.0,0.0,True,57185.644380000005,0.0,0.07082143464138839,781.0,32.0,2026-12-06
301449,Dr. Rachel Wilson,justin16@example.com,China,,2021-03-22,2,2022-12-01,2024-11-10,True,619.0,Valid,25680.19,313.64207999999996,25366.54792,68.0,0.0,0.0,True,12683.27396,0.0,0.012213386271674781,756.0,710.0,2026-12-06
301450,Brett Bailey,darren37@example.org,Brazil,Online,2021-05-08,3,2021-11-18,2026-06-25,True,194.0,Valid,291756.29000000004,19277.3312,272478.9588,187.0,0.0,0.0,True,90826.3196,0.0,0.06607340393586715,164.0,1680.0,2026-12-06
301451,Jasmine Cox,wshannon@example.org,Mexico,Retail,2022-12-26,6,2023-02-05,2025-10-01,True,41.0,Valid,226729.37,21879.639479999998,204849.73052,267.0,0.0,0.0,True,34141.62175333333,0.0,0.09650112590177443,431.0,969.0,2026-12-06
301452,Rachel Munoz,cindywilliams@example.com,China,Corporate,2022-10-10,3,2022-12-26,2023-05-19,True,77.0,Valid,100022.45999999999,780.49792,99241.96208,97.0,0.0,0.0,True,33080.65402666666,0.0,0.007803226595306695,1297.0,144.0,2026-12-06
301453,Kara Garrison,huntscott@example.org,Vietnam,Corporate,2025-01-23,5,2025-01-12,2026-07-24,True,-11.0,First Order Before Signup,148926.43,13613.56143,116015.62247,157.0,13.0,19297.2461,True,23203.124494,0.08280254777070063,0.09141131919968806,135.0,558.0,2026-12-06
301454,Luis Lopez V,blakejackson@example.net,United States,Retail,2024-11-04,6,2025-03-16,2025-12-12,True,132.0,Valid,482545.7,62437.61005,420108.08995,337.0,0.0,0.0,True,70018.01499166667,0.0,0.12939211778283383,359.0,271.0,2026-12-06
301455,Raymond Miller,rjackson@example.com,China,Online,2021-10-05,3,2021-11-06,2024-11-26,True,32.0,Valid,193468.11,15761.14794,177706.96208,112.0,0.0,0.0,True,59235.65402666666,0.0,0.0814663870960439,740.0,1116.0,2026-12-06
301456,Craig Holloway,shane02@example.com,Germany,Wholesale,2022-10-22,6,2022-12-21,2025-05-27,True,60.0,Valid,627192.79,60909.572759999995,566283.21724,449.0,0.0,0.0,True,94380.53620666667,0.0,0.09711459336131717,558.0,888.0,2026-12-06
301457,Jacqueline Perez,robertbradley@example.com,Australia,Wholesale,2025-01-13,3,2025-12-24,2026-07-17,True,345.0,Valid,271846.95999999996,51360.255430000005,220486.70457,161.0,0.0,0.0,True,73495.56819,0.0,0.18893076983461582,142.0,205.0,2026-12-06
301458,Jose Gross,bryan00@example.net,United States,Corporate,2024-02-08,3,2025-03-02,2026-01-24,True,388.0,Valid,131233.72999999998,13298.84743,117934.88257,107.0,0.0,0.0,True,39311.627523333336,0.0,0.10133711378926745,316.0,328.0,2026-12-06
301459,Gabrielle Blackwell,rharmon@example.org,Mexico,Corporate,2022-05-11,9,2023-01-19,2026-01-15,True,253.0,Valid,665389.65,47893.56994,604350.67286,633.0,10.0,13145.4072,True,67150.07476222223,0.01579778830963665,0.07197823101095727,325.0,1092.0,2026-12-06
301460,Cynthia Deleon,,France,Online,2021-02-13,8,2021-11-23,2026-07-25,True,283.0,Valid,373465.85,28922.25571,344543.59429,304.0,0.0,0.0,True,43067.94928625,0.0,0.07744283904405183,134.0,1705.0,2026-12-06
301461,Michael Williams,omathis@example.com,France,Wholesale,2023-01-18,8,2023-06-17,2026-03-15,True,150.0,Valid,389992.82999999996,53754.439510000004,336238.39049,354.0,0.0,0.0,True,42029.79881125,0.0,0.1378344302124734,266.0,1002.0,2026-12-06
301462,Jesus Blanchard,joshua70@example.com,Brazil,Wholesale,2024-05-07,4,2024-08-01,2025-11-18,True,86.0,Valid,134447.91,9067.3275,110262.38948000001,180.0,7.0,15118.19302,True,27565.597370000003,0.03888888888888889,0.06744119339601486,383.0,474.0,2026-12-06
301463,Paul Bridges,natalie46@example.com,Australia,Online,2024-04-20,4,2024-08-26,2026-02-11,True,128.0,Valid,391315.9,40197.900729999994,351117.99927,308.0,0.0,0.0,True,87779.4998175,0.0,0.10272493586383787,298.0,534.0,2026-12-06
301464,Nicole Powell,,Canada,Corporate,2021-04-27,5,2022-07-11,2026-02-20,True,440.0,Valid,406523.06,26142.384319999997,380380.67568,272.0,0.0,0.0,True,76076.135136,0.0,0.0643072605032541,289.0,1320.0,2026-12-06
301465,Joseph Lynch,maysedward@example.com,Australia,Retail,2021-02-06,1,2022-07-24,2022-07-24,True,533.0,Valid,23251.8,4836.3744,18415.4256,10.0,0.0,0.0,False,18415.4256,0.0,0.208,1596.0,0.0,2026-12-06
301466,Ryan Smith,,Vietnam,Retail,2025-04-15,6,2025-05-27,2026-06-20,True,42.0,Valid,320466.23,26446.05693,294020.17307,273.0,0.0,0.0,True,49003.36217833334,0.0,0.08252369346373875,169.0,389.0,2026-12-06
301467,Heidi Mullins,cjohnson@example.org,Mexico,Online,2020-10-07,7,2020-10-11,2026-06-20,True,4.0,Valid,668167.9099999999,122024.90689,546143.00311,529.0,0.0,0.0,True,78020.4290157143,0.0,0.18262611098758097,169.0,2078.0,2026-12-06
301468,Thomas Vargas,jasonsanders@example.net,Germany,Corporate,2024-03-11,3,2024-03-26,2026-05-11,True,15.0,Valid,245343.47,44329.114369999996,201014.35563,228.0,0.0,0.0,True,67004.78521,0.0,0.18068185947643112,209.0,776.0,2026-12-06
301469,Robert Ruiz,kelleyderek@example.net,Canada,Online,2022-11-12,3,2023-02-02,2025-11-30,True,82.0,Valid,144783.77000000002,19299.81505,111084.73999,152.0,8.0,14399.21496,True,37028.24666333333,0.05263157894736842,0.13330095666109537,371.0,1032.0,2026-12-06
301470,Scott Pruitt,kimberly90@example.net,France,Retail,2021-07-31,7,2022-09-10,2026-06-25,True,406.0,Valid,395585.46,28003.01398,367582.44602000003,385.0,0.0,0.0,True,52511.77800285715,0.0,0.07078878475462672,164.0,1384.0,2026-12-06
301471,Jessica Robinson,,Japan,Wholesale,2022-04-12,3,2024-03-31,2025-11-28,True,719.0,Valid,359777.72,46199.3008,291828.42358,242.0,9.0,21749.99562,True,97276.14119333333,0.0371900826446281,0.12841067757058441,373.0,607.0,2026-12-06
301472,Christine Frazier,heathersteele@example.net,Japan,Corporate,2024-06-03,1,2025-02-24,2025-02-24,True,266.0,Valid,0.0,0.0,0.0,0.0,0.0,0.0,False,0.0,,,650.0,0.0,2026-12-06
301473,Mrs. Sarah Lindsey,melanie49@example.org,Mexico,Corporate,2024-06-11,6,2024-10-23,2025-12-27,True,134.0,Valid,287361.1,24743.39263,262617.70736999996,356.0,0.0,0.0,True,43769.617894999996,0.0,0.08610557458890573,344.0,430.0,2026-12-06
301474,Jesus Baker,whubbard@example.org,United States,Wholesale,2021-05-11,3,2021-07-27,2024-02-29,True,77.0,Valid,203183.06,23639.040390000002,179544.01961,236.0,0.0,0.0,True,59848.00653666666,0.0,0.11634355930066219,1011.0,947.0,2026-12-06
301475,Nathaniel Johnson,dharris@example.org,United Kingdom,,2023-05-23,7,2023-11-20,2026-03-27,True,181.0,Valid,608401.21,66257.50697,542143.70303,597.0,0.0,0.0,True,77449.10043285714,0.0,0.1089042984809317,254.0,858.0,2026-12-06
301476,Timothy Lowe,wellssherry@example.net,Australia,Wholesale,2022-09-04,1,2024-07-22,2024-07-22,True,687.0,Valid,2523.14,158.95782,2364.18218,41.0,0.0,0.0,False,2364.18218,0.0,0.063,867.0,0.0,2026-12-06
301477,Katrina Gilbert,tracyhoffman@example.com,Japan,Corporate,2023-07-28,5,2023-10-06,2026-05-02,True,70.0,Valid,286438.31,20618.3304,265819.9796,280.0,0.0,0.0,True,53163.99592,0.0,0.0719817485307744,218.0,939.0,2026-12-06
301478,Patricia Barton,stevenellis@example.org,Brazil,Corporate,2024-03-05,8,2024-07-16,2026-07-24,True,133.0,Valid,374534.88,32539.82226,336869.35255,394.0,5.0,5125.7052,True,42108.66906875,0.012690355329949238,0.08688061912951872,135.0,738.0,2026-12-06
301479,Elizabeth Baker,kmatthews@example.org,United States,,2023-05-02,6,2024-03-17,2026-03-25,True,320.0,Valid,359543.27999999997,35535.53453,308507.50307,233.0,8.0,15500.2424,True,51417.91717833333,0.034334763948497854,0.09883520707159371,256.0,738.0,2026-12-06
301480,Kimberly Mckay,,Brazil,Corporate,2021-09-11,2,2025-11-15,2026-05-24,True,1526.0,Valid,34576.479999999996,1198.98208,33377.49792,32.0,0.0,0.0,True,16688.74896,0.0,0.03467623309255309,196.0,190.0,2026-12-06
301481,William Guzman,rodriguezmichael@example.net,United States,Corporate,2025-06-14,2,2026-05-04,2026-06-27,True,324.0,Valid,25999.3,4774.4131,21224.886899999998,60.0,0.0,0.0,True,10612.443449999999,0.0,0.1836362171289227,162.0,54.0,2026-12-06
301482,Alexander James,bryanmorgan@example.net,Germany,,2023-09-19,5,2023-10-18,2026-07-12,True,29.0,Valid,298883.72,43331.14604,255552.57396,283.0,0.0,0.0,True,51110.514792,0.0,0.14497660173662186,147.0,998.0,2026-12-06
301483,David Lawson,susannelson@example.net,France,Retail,2022-11-10,3,2024-05-31,2025-06-03,True,568.0,Valid,60961.69,5693.8642899999995,55267.825710000005,56.0,0.0,0.0,True,18422.60857,0.0,0.09340069624054056,551.0,368.0,2026-12-06
301484,Diana Hartman,terrykirsten@example.net,United States,Retail,2025-03-24,4,2025-09-13,2026-02-03,True,173.0,Valid,284078.04000000004,17558.96989,266519.07011000003,168.0,0.0,0.0,True,66629.76752750001,0.0,0.061810373973292684,306.0,143.0,2026-12-06
301485,Julie Ryan,,Mexico,Retail,2024-01-21,1,2025-08-25,2025-08-25,True,582.0,Valid,41112.04,2055.602,39056.438,23.0,0.0,0.0,False,39056.438,0.0,0.049999999999999996,468.0,0.0,2026-12-06
301486,Denise Walker,,China,Wholesale,2023-11-01,6,2023-11-25,2026-03-22,True,24.0,Valid,281030.22,35780.13066,245250.08933999998,284.0,0.0,0.0,True,40875.01489,0.0,0.1273177335163457,259.0,848.0,2026-12-06
301487,Tammy Garcia,nicole92@example.net,Brazil,Online,2024-12-25,1,2025-09-13,2025-09-13,True,262.0,Valid,157127.99,27320.33375,129807.65625,138.0,0.0,0.0,False,129807.65625,0.0,0.17387311929593197,449.0,0.0,2026-12-06
301488,Curtis Cole,wilsonbrian@example.net,Vietnam,Corporate,2023-03-22,3,2025-07-28,2025-12-20,True,859.0,Valid,14166.78,198.33492,13968.44508,58.0,0.0,0.0,True,4656.14836,0.0,0.014,351.0,145.0,2026-12-06
301489,Edwin Griffin,,Japan,Corporate,2025-07-20,6,2025-09-20,2026-06-02,True,62.0,Valid,399828.01,20990.373509999998,378837.63649,330.0,0.0,0.0,True,63139.606081666665,0.0,0.05249850682047012,187.0,255.0,2026-12-06
301490,Sharon Trevino,jmoore@example.net,China,Wholesale,2020-10-27,2,2023-05-20,2023-08-06,True,935.0,Valid,86235.84,11454.79946,74781.04054,152.0,0.0,0.0,True,37390.52027,0.0,0.1328310764990519,1218.0,78.0,2026-12-06
301491,Krista Curtis,marissa85@example.org,Australia,Online,2021-06-29,8,2021-09-14,2026-07-08,True,77.0,Valid,272843.53,46199.463480000006,226644.06652,376.0,0.0,0.0,True,28330.508315,0.0,0.16932585309976014,151.0,1758.0,2026-12-06
301492,Charles Romero,stephanie27@example.net,United Kingdom,Retail,2023-12-20,4,2024-02-11,2026-06-28,True,53.0,Valid,183747.48,31209.443819999997,152538.03618,189.0,0.0,0.0,True,38134.509045,0.0,0.1698496426726505,161.0,868.0,2026-12-06
301493,Joshua Henderson,ballnicole@example.com,Brazil,Wholesale,2022-01-16,3,2024-07-11,2024-10-02,True,907.0,Valid,258756.04000000004,19176.909819999997,239579.13017999998,141.0,0.0,0.0,True,79859.71006,0.0,0.07411193114564589,795.0,83.0,2026-12-06
301494,John Myers,grantalyssa@example.org,China,Corporate,2024-12-15,3,2024-12-29,2026-03-27,True,14.0,Valid,379390.33999999997,54689.48605,324700.85395,226.0,0.0,0.0,True,108233.61798333334,0.0,0.1441509713979539,254.0,453.0,2026-12-06
301495,Anthony Todd,virginiafisher@example.net,India,Wholesale,2021-11-12,5,2025-10-15,2026-05-08,True,1433.0,Valid,391346.18,36163.38107,355182.79893,315.0,0.0,0.0,True,71036.559786,0.0,0.09240765061255997,212.0,205.0,2026-12-06
301496,Derrick Nguyen,,Mexico,Retail,2025-03-03,4,2025-03-28,2026-08-01,True,25.0,Valid,75097.31999999999,11816.91663,63280.40337,86.0,0.0,0.0,True,15820.1008425,0.0,0.15735470493487652,127.0,491.0,2026-12-06
301497,Miss Sheri Yoder MD,fitzgeraldkenneth@example.net,United Kingdom,Online,2021-12-06,5,2024-05-14,2026-03-14,True,890.0,Valid,216092.35,38070.4153,178021.9347,257.0,0.0,0.0,True,35604.386940000004,0.0,0.17617659903277463,267.0,669.0,2026-12-06
301498,Christopher Mcdowell,,United States,Corporate,2025-04-25,7,2025-05-02,2026-01-07,True,7.0,Valid,472922.87,34938.110980000005,437984.75902,513.0,0.0,0.0,True,62569.25128857143,0.0,0.07387697486484425,333.0,250.0,2026-12-06
301499,Daniel Diaz,whiteregina@example.net,United Kingdom,Retail,2025-05-11,6,2025-06-29,2026-05-23,True,49.0,Valid,399750.71,29293.45877,370457.25123,373.0,0.0,0.0,True,61742.875205,0.0,0.0732793164269802,197.0,328.0,2026-12-06
301500,Tammy Brown,cbanks@example.org,United States,Retail,2022-12-03,4,2024-04-23,2026-07-04,True,507.0,Valid,216147.32,30310.94956,185836.37044,284.0,0.0,0.0,True,46459.09261,0.0,0.14023282620390573,155.0,802.0,2026-12-06
301501,Dana Flores,bobby53@example.net,Brazil,Online,2021-04-28,5,2022-06-20,2023-05-23,True,418.0,Valid,285670.80000000005,38370.003379999995,247300.79661999998,205.0,0.0,0.0,True,49460.15932399999,0.0,0.1343154546421965,1293.0,337.0,2026-12-06
301502,Paul Graves,xclarke@example.com,Brazil,Online,2024-06-26,3,2025-09-26,2026-08-01,True,457.0,Valid,132089.8,14508.29736,117581.50264,90.0,0.0,0.0,True,39193.834213333335,0.0,0.109836621449953,127.0,309.0,2026-12-06
301503,Shelly Wilcox,mary88@example.org,Australia,Corporate,2024-01-24,5,2024-10-17,2026-05-05,True,267.0,Valid,405599.44,39292.928889999996,366306.51113,348.0,0.0,0.0,True,73261.302226,0.0,0.09687619117521463,215.0,565.0,2026-12-06
301504,Laura Bolton,,France,Online,2021-04-05,7,2021-07-14,2025-09-27,True,100.0,Valid,428896.62,44849.06936,384047.55064000003,433.0,0.0,0.0,True,54863.93580571429,0.0,0.1045684840323526,435.0,1536.0,2026-12-06
301505,Craig Martinez,zjohnson@example.com,Brazil,Corporate,2022-08-31,3,2022-09-16,2023-12-24,True,16.0,Valid,177143.21,26943.969230000002,150199.24076999997,241.0,0.0,0.0,True,50066.41358999999,0.0,0.15210274912597554,1078.0,464.0,2026-12-06
301506,Kendra Campbell,andersonbonnie@example.net,Japan,Retail,2023-09-08,1,2023-11-30,2023-11-30,True,83.0,Valid,66931.92,16601.80632,50330.113679999995,50.0,0.0,0.0,False,50330.113679999995,0.0,0.248040192482152,1102.0,0.0,2026-12-06
301507,Savannah Estrada,denniswilliams@example.com,Vietnam,Corporate,2024-09-30,3,2025-01-24,2025-04-19,True,116.0,Valid,157217.49,6874.1156900000005,150343.37430999998,116.0,0.0,0.0,True,50114.45810333333,0.0,0.043723606641983666,596.0,85.0,2026-12-06
301508,Cathy Ali,alexbutler@example.org,China,Corporate,2021-08-05,5,2022-04-13,2023-11-18,True,251.0,Valid,175480.16,10738.48287,157589.67773,184.0,7.0,7151.9994,True,31517.935546,0.03804347826086957,0.06119485456361562,1114.0,584.0,2026-12-06
301509,Laura Russell,patriciabennett@example.net,France,Wholesale,2025-06-30,2,2025-08-24,2026-07-11,True,55.0,Valid,208184.33000000002,10486.67418,197697.65581999999,202.0,0.0,0.0,True,98848.82790999999,0.0,0.05037206296938871,148.0,321.0,2026-12-06
301510,Mary Moore,jasonwalton@example.net,Japan,Corporate,2025-03-17,4,2025-06-16,2026-07-27,True,91.0,Valid,311685.14999999997,22958.761280000002,288726.38872,223.0,0.0,0.0,True,72181.59718,0.0,0.07366010629636993,132.0,406.0,2026-12-06
301511,Kristi Marshall,lhayes@example.com,Brazil,Retail,2023-01-19,5,2023-02-02,2025-08-29,True,14.0,Valid,294938.72000000003,6385.55199,288553.16801,372.0,0.0,0.0,True,57710.633602,0.0,0.021650436368612434,464.0,939.0,2026-12-06
301512,Eric Wright,brandonmeza@example.com,Mexico,Corporate,2025-03-31,2,2025-04-13,2025-10-03,True,13.0,Valid,130815.04000000001,4360.63971,126454.40028999999,121.0,0.0,0.0,True,63227.200144999995,0.0,0.03333439113728819,429.0,173.0,2026-12-06
301513,Anna Gonzalez,theresagreene@example.org,China,Retail,2025-02-20,1,2026-04-15,2026-04-15,True,419.0,Valid,15682.949999999999,3350.7043200000003,12332.24568,36.0,0.0,0.0,False,12332.24568,0.0,0.21365268141516747,235.0,0.0,2026-12-06
301514,Allen Prince,kenneth76@example.org,India,Corporate,2025-08-14,7,2025-11-07,2026-03-09,True,85.0,Valid,473504.38999999996,24934.17238,448570.21762,334.0,0.0,0.0,True,64081.45966,0.0,0.052658798749468834,272.0,122.0,2026-12-06
301515,Terri Frye,joyce30@example.com,India,Corporate,2024-11-11,7,2025-02-22,2026-05-31,True,103.0,Valid,348136.36,32203.089689999997,313479.91031,303.0,1.0,2453.36,True,44782.84433,0.0033003300330033004,0.09250136840058877,189.0,463.0,2026-12-06
301516,Claudia Wilson,zacharyandrews@example.com,Germany,Online,2024-04-26,4,2024-06-28,2026-01-24,True,63.0,Valid,421552.68000000005,17876.8747,403675.8053,256.0,0.0,0.0,True,100918.951325,0.0,0.042407213969082105,316.0,575.0,2026-12-06
301517,Kimberly Anderson,qnewman@example.com,Canada,Online,2021-06-05,3,2021-12-19,2024-12-05,True,197.0,Valid,95634.44,23903.59612,71730.84388,92.0,0.0,0.0,True,23910.281293333333,0.0,0.24994757244356738,731.0,1082.0,2026-12-06
301518,Mary Terry,regina59@example.net,France,Corporate,2022-02-24,6,2023-11-18,2025-11-16,True,632.0,Valid,570061.81,43155.30757,526906.5024,482.0,0.0,0.0,True,87817.7504,0.0,0.07570285680073884,385.0,729.0,2026-12-06
301519,Clayton Rogers,anthonyrandolph@example.com,Vietnam,Wholesale,2023-11-29,1,2025-05-09,2025-05-09,True,527.0,Valid,0.0,0.0,0.0,0.0,0.0,0.0,False,0.0,,,576.0,0.0,2026-12-06
301520,Ashley Harding,kmartinez@example.net,Australia,Wholesale,2022-10-21,1,2023-05-15,2023-05-15,True,206.0,Valid,0.0,0.0,0.0,0.0,0.0,0.0,False,0.0,,,1301.0,0.0,2026-12-06
301521,Amanda Huerta,richard20@example.org,Brazil,Retail,2025-04-09,6,2025-12-04,2026-07-28,True,239.0,Valid,586147.27,68021.81752,518125.45248,437.0,0.0,0.0,True,86354.24208,0.0,0.11604902215103723,131.0,236.0,2026-12-06
301522,Mark Smith,,United Kingdom,,2023-01-13,6,2023-02-19,2026-05-02,True,37.0,Valid,841813.42,68352.73441,773460.68559,626.0,0.0,0.0,True,128910.114265,0.0,0.08119701205286084,218.0,1168.0,2026-12-06
301523,Brittany Duran,melissa04@example.org,India,Wholesale,2023-07-11,4,2023-09-09,2026-07-26,True,60.0,Valid,297259.05,36376.5921,256140.90654,259.0,3.0,4741.55136,True,64035.226635,0.011583011583011582,0.12237337130694592,133.0,1051.0,2026-12-06
301524,David Page,jeremiah13@example.com,United Kingdom,Retail,2024-08-22,0,,,False,,Cannot Determine,0.0,0.0,0.0,0.0,0.0,0.0,False,,,,,,2026-12-06
301525,Jared Smith,mhenry@example.net,Brazil,Online,2023-12-20,2,2024-02-24,2024-04-30,True,66.0,Valid,46995.81,4841.26524,42154.54476,69.0,0.0,0.0,True,21077.27238,0.0,0.10301482706649806,950.0,66.0,2026-12-06
301526,Wesley Brown MD,tammythomas@example.com,India,,2021-07-06,5,2022-03-19,2026-03-05,True,256.0,Valid,316280.22000000003,46242.58203,270037.63797,221.0,0.0,0.0,True,54007.527594,0.0,0.14620763204856754,276.0,1447.0,2026-12-06
301527,Lauren Bowen,zacharylee@example.com,Australia,Retail,2024-10-30,3,2024-11-10,2026-03-19,True,11.0,Valid,353973.43,37115.17729,316858.25271,251.0,0.0,0.0,True,105619.41756999999,0.0,0.10485300348673063,262.0,494.0,2026-12-06
301528,Clinton Carter,joshua74@example.net,United Kingdom,Wholesale,2020-11-12,6,2020-12-04,2025-02-08,True,22.0,Valid,258629.19,10584.945740000001,248044.24426,179.0,0.0,0.0,True,41340.707376666665,0.0,0.040927111669027,666.0,1527.0,2026-12-06
301529,Katherine Johnson,xcline@example.org,France,Wholesale,2023-09-16,5,2024-01-13,2025-10-14,True,119.0,Valid,326110.34,23742.4639,302367.87610999995,322.0,0.0,0.0,True,60473.57522199999,0.0,0.0728050018285222,418.0,640.0,2026-12-06
301530,Wayne Smith,egutierrez@example.net,Japan,Wholesale,2022-03-29,5,2022-12-26,2026-02-06,True,272.0,Valid,138831.3,9078.11856,129753.18143999999,130.0,0.0,0.0,True,25950.636287999998,0.0,0.0653895667619622,303.0,1138.0,2026-12-06
301531,Andrew Ellison,christopher32@example.net,Mexico,Retail,2021-01-08,4,2022-01-29,2025-09-05,True,386.0,Valid,343248.33999999997,31060.092860000004,312188.24714,345.0,0.0,0.0,True,78047.061785,0.0,0.09048869066635547,457.0,1315.0,2026-12-06
301532,Guy Lee,benjamin18@example.com,China,Retail,2023-08-18,4,2023-09-26,2025-05-12,True,39.0,Valid,315630.80000000005,21871.97224,293758.82776,173.0,0.0,0.0,True,73439.70694,0.0,0.0692960643891534,573.0,594.0,2026-12-06
301533,Joshua Miller,morrismary@example.com,Germany,,2023-03-18,4,2024-07-28,2025-11-17,True,498.0,Valid,222947.57,26302.980300000003,196644.5897,249.0,0.0,0.0,True,49161.147425,0.0,0.11797832243697476,384.0,477.0,2026-12-06
301534,Jenna Diaz,,Australia,Online,2022-08-01,2,2023-09-21,2023-10-11,True,416.0,Valid,39083.85,733.21821,38350.63179,83.0,0.0,0.0,True,19175.315895,0.0,0.01876013263790543,1152.0,20.0,2026-12-06
301535,Dustin Matthews,loveluis@example.com,United States,Online,2024-10-08,5,2024-11-25,2026-08-01,True,48.0,Valid,511110.67,71856.00469,439254.66531,361.0,0.0,0.0,True,87850.933062,0.0,0.14058795659656254,127.0,614.0,2026-12-06
301536,Albert Juarez,gregorybrock@example.org,Japan,Corporate,2021-04-02,5,2021-11-24,2025-10-02,True,236.0,Valid,385679.19,65875.29496,319803.89504000003,354.0,0.0,0.0,True,63960.779008000005,0.0,0.17080334295454208,430.0,1408.0,2026-12-06
301537,Jennifer Martin,allennathan@example.net,Canada,Corporate,2024-01-26,3,2024-02-25,2025-11-02,True,30.0,Valid,272709.91000000003,30861.072419999997,241848.83758,197.0,0.0,0.0,True,80616.27919333334,0.0,0.11316446996737299,399.0,616.0,2026-12-06
301538,Diana Stanton,kelleramanda@example.org,United States,Wholesale,2023-06-09,3,2023-09-22,2024-10-27,True,105.0,Valid,317279.8,23246.37768,294033.42232,272.0,2.0,0.0,True,98011.14077333333,0.007352941176470588,0.07326775193378211,770.0,401.0,2026-12-06
301539,Lawrence Morgan,bcampbell@example.net,France,Online,2021-06-03,2,2023-10-16,2024-09-22,True,865.0,Valid,84623.0,7936.78872,76686.21128,77.0,0.0,0.0,True,38343.10564,0.0,0.09378997104806021,805.0,342.0,2026-12-06
301540,Miranda Cooper,danderson@example.org,France,Online,2023-09-01,3,2024-03-24,2026-02-22,True,205.0,Valid,80790.54,5339.6714,75450.8686,183.0,0.0,0.0,True,25150.289533333333,0.0,0.06609278016955947,287.0,700.0,2026-12-06
301541,Dennis Smith,gillmary@example.com,China,Online,2023-09-09,4,2024-07-12,2025-07-21,True,307.0,Valid,136837.68,11502.7806,125334.8994,125.0,0.0,0.0,True,31333.72485,0.0,0.0840614997272681,503.0,374.0,2026-12-06
301542,Lisa Webb,carlsonblake@example.net,Australia,Wholesale,2020-11-16,8,2020-12-12,2026-06-24,True,26.0,Valid,574767.03,50764.27955,524002.75045000005,397.0,0.0,0.0,True,65500.343806250006,0.0,0.0883214883602492,165.0,2020.0,2026-12-06
301543,Lisa Fernandez,michelle11@example.org,Australia,Online,2024-03-29,5,2025-04-09,2026-06-06,True,376.0,Valid,405987.02999999997,34220.56041,371766.46959,257.0,0.0,0.0,True,74353.293918,0.0,0.08428978731167841,183.0,423.0,2026-12-06
301544,Rita Gray,rogersjoshua@example.com,United Kingdom,,2024-01-26,1,2024-08-12,2024-08-12,True,199.0,Valid,0.0,0.0,0.0,0.0,0.0,0.0,False,0.0,,,846.0,0.0,2026-12-06
301545,Robert Allen,rodriguezdiana@example.org,Brazil,,2023-06-21,2,2024-04-29,2025-08-08,True,313.0,Valid,94606.45999999999,7012.6949,87593.7651,74.0,0.0,0.0,True,43796.88255,0.0,0.07412490542400595,485.0,466.0,2026-12-06
301546,Michael Huerta,andrewperez@example.com,Vietnam,Corporate,2022-02-21,2,2022-07-26,2023-02-11,True,155.0,Valid,5890.32,47.12256,5843.19744,18.0,0.0,0.0,True,2921.59872,0.0,0.008,1394.0,200.0,2026-12-06
301547,Trevor Cox,kenneth08@example.net,Germany,Online,2024-01-21,4,2024-02-07,2026-07-05,True,17.0,Valid,284649.08,47573.578949999996,237075.50105,260.0,0.0,0.0,True,59268.8752625,0.0,0.16713062606771817,154.0,879.0,2026-12-06
301548,Tamara Woodard,wallacebryan@example.com,United Kingdom,Retail,2025-02-14,8,2025-03-19,2026-07-16,True,33.0,Valid,537751.84,70035.73916,467716.10084,452.0,0.0,0.0,True,58464.512605,0.0,0.1302380279349672,143.0,484.0,2026-12-06
301549,Laura Daniel,robert76@example.com,Brazil,Retail,2024-05-24,4,2025-01-03,2026-07-09,True,224.0,Valid,194948.5,23913.07434,171035.42566,241.0,0.0,0.0,True,42758.856415,0.0,0.1226635462186167,150.0,552.0,2026-12-06
301550,David Warner,xlivingston@example.org,Japan,Wholesale,2021-04-29,1,2025-08-18,2025-08-18,True,1572.0,Valid,33769.46,4816.41053,28953.049469999998,36.0,0.0,0.0,False,28953.049469999998,0.0,0.14262622292450042,475.0,0.0,2026-12-06
301551,James Singh,allen57@example.net,Canada,Online,2025-07-18,2,2025-11-19,2025-12-24,True,124.0,Valid,159727.75,22717.37468,137010.37532,117.0,0.0,0.0,True,68505.18766,0.0,0.14222559749323457,347.0,35.0,2026-12-06
301552,Terry Black,riveralisa@example.com,Vietnam,Corporate,2025-03-14,5,2025-07-01,2025-12-29,True,109.0,Valid,288395.08,47050.010749999994,241345.06925000003,272.0,0.0,0.0,True,48269.01385,0.0,0.16314429063769045,342.0,181.0,2026-12-06
301553,David Calderon,bradley81@example.net,Mexico,Wholesale,2021-11-05,4,2021-12-01,2024-04-27,True,26.0,Valid,213961.06,11912.7068,202048.3532,220.0,0.0,0.0,True,50512.0883,0.0,0.05567698533555592,953.0,878.0,2026-12-06
301554,Adam Gardner,smithjavier@example.org,Japan,Corporate,2023-10-31,2,2024-08-22,2025-04-02,True,296.0,Valid,216109.09000000003,22729.81168,193379.27831999998,202.0,0.0,0.0,True,96689.63915999999,0.0,0.10517749012778684,613.0,223.0,2026-12-06
301555,Amy Yang DDS,michaeljohnson@example.com,Canada,,2023-08-17,9,2024-04-12,2026-07-27,True,239.0,Valid,383676.68,31897.20708,351779.47292,414.0,0.0,0.0,True,39086.60810222222,0.0,0.08313564191600073,132.0,836.0,2026-12-06
301556,Pamela Stevens,ashley95@example.org,Germany,Online,2022-05-11,9,2022-09-11,2026-04-10,True,123.0,Valid,406632.61,43161.14543,363471.46457,437.0,0.0,0.0,True,40385.71828555556,0.0,0.10614285320107504,240.0,1307.0,2026-12-06
301557,Samantha Costa,williamsjennifer@example.com,Australia,Online,2024-12-13,3,2025-02-19,2025-09-30,True,68.0,Valid,218958.11,32387.08416,186571.02584000002,148.0,0.0,0.0,True,62190.341946666675,0.0,0.14791452191471693,432.0,223.0,2026-12-06
301558,Julie Stark,qmichael@example.com,Brazil,Corporate,2020-11-17,3,2022-10-08,2025-04-26,True,690.0,Valid,146506.83,7232.113860000001,139274.71614,151.0,0.0,0.0,True,46424.905380000004,0.0,0.049363663523400256,589.0,931.0,2026-12-06
301559,Mark Crane,floresjulie@example.net,France,Wholesale,2021-12-14,0,,,False,,Cannot Determine,0.0,0.0,0.0,0.0,0.0,0.0,False,,,,,,2026-12-06
301560,Gary Palmer,grantcrystal@example.org,Japan,Corporate,2022-01-27,3,2024-01-03,2025-03-21,True,706.0,Valid,194590.9,5838.40886,188752.49114,164.0,0.0,0.0,True,62917.497046666664,0.0,0.030003504069306425,625.0,443.0,2026-12-06
301561,Hannah Bell,,Canada,,2024-04-03,1,2026-05-10,2026-05-10,True,767.0,Valid,90334.8,13821.2244,76513.5756,45.0,0.0,0.0,False,76513.5756,0.0,0.153,210.0,0.0,2026-12-06
301562,Jared Camacho,edward79@example.com,France,Retail,2024-06-22,4,2024-11-19,2026-04-17,True,150.0,Valid,184139.63,29249.83395,154889.79605,123.0,0.0,0.0,True,38722.4490125,0.0,0.15884594723037077,233.0,514.0,2026-12-06
301563,Jamie Young,agarcia@example.org,Brazil,Corporate,2020-12-04,5,2021-06-24,2026-06-07,True,202.0,Valid,357737.44,36425.75482,321311.68518,305.0,0.0,0.0,True,64262.337036,0.0,0.10182259597988962,182.0,1809.0,2026-12-06
301564,Jermaine Phillips,katherinewinters@example.com,Vietnam,Corporate,2022-03-19,3,2024-11-13,2025-09-25,True,970.0,Valid,143692.59,27289.875920000002,116402.71408,118.0,0.0,0.0,True,38800.90469333334,0.0,0.1899184635756096,437.0,316.0,2026-12-06
301565,Robert Brown,anthony53@example.net,Brazil,Online,2020-09-29,5,2023-04-27,2026-03-19,True,940.0,Valid,376914.37,47387.48337,329526.88662999996,278.0,0.0,0.0,True,65905.37732599999,0.0,0.1257247988979566,262.0,1057.0,2026-12-06
301566,Michael Walters,hendersonlisa@example.com,France,Retail,2020-09-07,5,2022-05-13,2025-04-07,True,613.0,Valid,677917.46,80386.5761,597530.8839,445.0,0.0,0.0,True,119506.17678000001,0.0,0.11857870735472724,608.0,1060.0,2026-12-06
301567,Jeremiah Brown,haroldturner@example.org,France,Wholesale,2022-10-12,5,2023-03-05,2026-05-24,True,144.0,Valid,448072.73,59689.64339,388383.08661,377.0,0.0,0.0,True,77676.617322,0.0,0.1332141846481039,196.0,1176.0,2026-12-06
301568,Jeremy Baker,,United Kingdom,Online,2021-11-21,3,2022-03-15,2026-07-14,True,114.0,Valid,37750.590000000004,4388.785059999999,33361.80494,30.0,0.0,0.0,True,11120.601646666668,0.0,0.11625738988450243,145.0,1582.0,2026-12-06
301569,Robert Benson,usilva@example.net,China,Corporate,2022-06-29,8,2023-04-28,2026-04-03,True,303.0,Valid,399065.88,43598.39731,355467.48269,292.0,0.0,0.0,True,44433.43533625,0.0,0.10925112743289404,247.0,1071.0,2026-12-06
301570,Nancy Blake,,Germany,Corporate,2022-12-19,3,2023-11-13,2024-11-28,True,329.0,Valid,250946.83000000002,48593.66747,202353.16253,229.0,0.0,0.0,True,67451.05417666667,0.0,0.19364128835578437,738.0,381.0,2026-12-06
301571,Daniel Rivera,spencerjames@example.com,Japan,Retail,2024-11-25,1,2026-05-26,2026-05-26,True,547.0,Valid,71678.67,4848.64095,66830.02905,52.0,0.0,0.0,False,66830.02905,0.0,0.06764412551181544,194.0,0.0,2026-12-06
301572,Mark Hansen MD,brookstaylor@example.org,France,Online,2024-03-25,2,2025-04-03,2025-10-20,True,374.0,Valid,57102.3,3140.6265,53961.6735,27.0,0.0,0.0,True,26980.83675,0.0,0.05499999999999999,412.0,200.0,2026-12-06
301573,Melissa Abbott PhD,weaverjohn@example.org,Germany,Wholesale,2025-08-07,3,2025-07-21,2026-02-18,True,-17.0,First Order Before Signup,143941.29,3758.0752199999997,140183.21478,117.0,0.0,0.0,True,46727.738260000006,0.0,0.026108389191176484,291.0,212.0,2026-12-06
301574,Cody Johnson,ryan33@example.org,Canada,Wholesale,2024-10-09,6,2025-02-03,2026-06-16,True,117.0,Valid,363977.06,38131.17285,324695.06723,362.0,1.0,1150.81992,True,54115.84453833333,0.0027624309392265192,0.10476257171262388,173.0,498.0,2026-12-06
301575,Michael Hale,kristianderson@example.net,Germany,,2024-11-30,10,2025-01-01,2026-02-02,True,32.0,Valid,642884.58,62961.64269,574431.5133499999,699.0,7.0,5491.42396,True,57443.15133499999,0.010014306151645207,0.09793615315831654,307.0,397.0,2026-12-06
301576,David Lopez,marcohines@example.com,Australia,Corporate,2025-08-27,4,2025-12-19,2026-06-16,True,114.0,Valid,238197.75000000003,20346.88202,217850.86802000002,203.0,0.0,0.0,True,54462.717005000006,0.0,0.08542012684838542,173.0,179.0,2026-12-06
301577,Julia Williamson,jonathangonzales@example.org,Australia,Wholesale,2025-05-03,4,2025-07-17,2026-05-21,True,75.0,Valid,232512.06,23985.829319999997,206409.72729,221.0,3.0,2116.50339,True,51602.4318225,0.013574660633484163,0.10315950630689864,199.0,308.0,2026-12-06
301578,Courtney Nichols,denise02@example.org,India,Online,2023-10-10,4,2024-03-05,2025-08-21,True,147.0,Valid,223932.69,15118.656020000002,208814.03397999998,220.0,0.0,0.0,True,52203.508494999995,0.0,0.06751428752988231,472.0,534.0,2026-12-06
301579,Brandon Barker,brownchristina@example.org,United States,Online,2024-02-04,2,2024-04-30,2024-07-12,True,86.0,Valid,26198.37,952.01574,25246.35426,15.0,0.0,0.0,True,12623.17713,0.0,0.036338739394855483,877.0,73.0,2026-12-06
301580,Douglas Taylor,troy19@example.net,Mexico,Retail,2024-06-20,3,2025-03-08,2026-02-06,True,261.0,Valid,283418.4,16220.66452,267197.73548,225.0,0.0,0.0,True,89065.91182666666,0.0,0.057232221055513684,303.0,335.0,2026-12-06
301581,Alexa Chambers,lori15@example.com,Vietnam,Online,2023-04-17,5,2023-06-22,2025-11-18,True,66.0,Valid,404073.44,43268.7684,352609.32485,265.0,15.0,8195.34675,True,70521.86497,0.05660377358490566,0.10708144638261798,383.0,880.0,2026-12-06
301582,James Melendez,kmorris@example.net,Australia,Retail,2024-02-12,6,2024-02-26,2026-01-12,True,14.0,Valid,191877.7,24916.34705,166961.35295,218.0,0.0,0.0,True,27826.892158333332,0.0,0.12985535604189544,328.0,686.0,2026-12-06
301583,Juan Walker,,Mexico,Online,2023-09-17,6,2023-10-01,2026-01-01,True,14.0,Valid,195245.66,5702.79012,189542.86988,185.0,0.0,0.0,True,31590.478313333337,0.0,0.0292082810957232,339.0,823.0,2026-12-06
301584,Christopher Ayala,uhaney@example.org,United Kingdom,Wholesale,2025-08-03,5,2025-09-12,2026-07-28,True,40.0,Valid,396523.1,19791.427069999998,355390.0123,342.0,9.0,21341.66067,True,71078.00246,0.02631578947368421,0.049912418898167596,131.0,319.0,2026-12-06
301585,John Robinson DVM,gtanner@example.net,United States,Wholesale,2025-03-26,2,2025-07-25,2025-11-24,True,121.0,Valid,133912.55000000002,19009.9945,114902.55550000002,94.0,0.0,0.0,True,57451.27775000001,0.0,0.14195827426182234,377.0,122.0,2026-12-06
301586,Jennifer Evans,zjohnson@example.com,Japan,Corporate,2025-06-19,4,2025-08-16,2026-06-08,True,58.0,Valid,286287.64,17227.36904,258646.61336000002,246.0,5.0,10413.6576,True,64661.653340000004,0.02032520325203252,0.06017503598828088,181.0,296.0,2026-12-06
301587,Amy Gray,rogerslawrence@example.net,Brazil,Retail,2020-09-06,6,2020-10-15,2026-02-28,True,39.0,Valid,240708.61,30321.674399999996,210386.9356,272.0,0.0,0.0,True,35064.489266666664,0.0,0.125968383100214,281.0,1962.0,2026-12-06
301588,Mark Miller,bowmankylie@example.com,France,Wholesale,2023-03-08,1,2024-05-25,2024-05-25,True,444.0,Valid,177843.55000000002,21657.40966,156186.14033999998,119.0,0.0,0.0,False,156186.14033999998,0.0,0.1217778753291868,925.0,0.0,2026-12-06
301589,Jon Smith,wkennedy@example.com,Mexico,Online,2024-04-21,3,2024-11-24,2025-08-03,True,217.0,Valid,362108.29000000004,25682.04756,336426.24244,229.0,0.0,0.0,True,112142.08081333333,0.0,0.07092366639824788,490.0,252.0,2026-12-06
301590,Jason Watson,wilkinsonrussell@example.org,France,Online,2023-03-13,4,2023-12-21,2026-02-24,True,283.0,Valid,116031.76999999999,15924.917230000001,100106.85277,192.0,0.0,0.0,True,25026.7131925,0.0,0.13724618033492036,285.0,796.0,2026-12-06
301591,Michael Lee,cynthia64@example.com,Vietnam,Wholesale,2020-09-25,3,2023-07-05,2026-05-26,True,1013.0,Valid,189512.82,28860.149880000004,160652.67011999997,259.0,0.0,0.0,True,53550.89003999999,0.0,0.15228600302607498,194.0,1056.0,2026-12-06
301592,Jerome Edwards,nbrewer@example.org,Mexico,Corporate,2024-04-23,4,2024-05-02,2026-06-03,True,9.0,Valid,396196.55,25763.97651,370432.57349,330.0,0.0,0.0,True,92608.1433725,0.0,0.06502827071563344,186.0,762.0,2026-12-06
301593,Kevin Carrillo,igoodman@example.net,India,Online,2023-04-12,5,2023-06-17,2025-11-14,True,66.0,Valid,401803.33,63508.08851,338295.24149,368.0,0.0,0.0,True,67659.048298,0.0,0.15805764603792608,387.0,881.0,2026-12-06
301594,Rachel Scott DVM,vjohnson@example.net,Japan,Retail,2022-01-20,2,2022-03-15,2025-04-06,True,54.0,Valid,122515.52,2677.51616,119838.00384,121.0,0.0,0.0,True,59919.00192,0.0,0.021854505943410273,609.0,1118.0,2026-12-06
301595,Alexis Campbell,douglasbutler@example.com,Australia,Retail,2025-02-08,4,2025-04-24,2026-06-06,True,75.0,Valid,246297.81,18718.50249,227579.30750999998,162.0,0.0,0.0,True,56894.826877499996,0.0,0.0759994678393608,183.0,408.0,2026-12-06
301596,Patrick Hester,patricia12@example.org,Canada,Retail,2022-02-23,5,2023-01-25,2024-06-05,True,336.0,Valid,268797.04,26284.169820000003,242512.87018,284.0,0.0,0.0,True,48502.574036,0.0,0.09778444665908526,914.0,497.0,2026-12-06
301597,Michele Gilmore,guerrerorenee@example.com,China,Corporate,2021-06-13,3,2023-01-31,2026-02-27,True,597.0,Valid,149695.35,16433.78857,133261.56143,124.0,0.0,0.0,True,44420.520476666665,0.0,0.10978155680854482,282.0,1123.0,2026-12-06
301598,Gina King,lyonsian@example.com,Australia,Retail,2023-09-29,3,2024-05-06,2026-03-26,True,220.0,Valid,94452.69,5150.70932,89301.98068000001,99.0,0.0,0.0,True,29767.326893333335,0.0,0.054532161233311616,255.0,689.0,2026-12-06
301599,Tamara Martin,lisastanton@example.net,Germany,Corporate,2022-11-06,8,2023-01-15,2026-02-07,True,70.0,Valid,172482.65000000002,17045.01813,155437.63187,203.0,0.0,0.0,True,19429.70398375,0.0,0.09882163875612995,302.0,1119.0,2026-12-06
301600,Elizabeth Serrano,matthewespinoza@example.net,India,Retail,2025-03-29,4,2025-07-26,2026-07-16,True,119.0,Valid,275356.6,19061.436790000003,256295.16321,250.0,0.0,0.0,True,64073.7908025,0.0,0.06922455023776443,143.0,355.0,2026-12-06
301601,Ryan Schroeder MD,jamiefox@example.net,China,Corporate,2023-09-03,5,2023-04-11,2026-02-17,True,-145.0,First Order Before Signup,203752.79,12140.7298,191612.0602,253.0,0.0,0.0,True,38322.41204,0.0,0.05958558800593601,292.0,1043.0,2026-12-06
301602,Matthew Kaufman,carlos80@example.com,Japan,Online,2023-11-28,3,2024-04-14,2025-11-17,True,138.0,Valid,155651.89,15588.58543,140063.30456999998,166.0,0.0,0.0,True,46687.768189999995,0.0,0.10015031253394995,384.0,582.0,2026-12-06
301603,Mrs. Miranda Johnston,richard79@example.net,Brazil,Retail,2024-02-25,5,2024-02-27,2025-03-03,True,2.0,Valid,271590.20999999996,27822.80906,243767.40094,210.0,0.0,0.0,True,48753.480188,0.0,0.10244407948283557,643.0,370.0,2026-12-06
301604,Denise Johnson,zachary79@example.com,Canada,Retail,2023-05-07,5,2024-02-21,2025-08-27,True,290.0,Valid,390283.76,48762.80068,341520.95932,247.0,0.0,0.0,True,68304.19186400001,0.0,0.12494191579992978,466.0,553.0,2026-12-06
301605,Cheryl Gregory,tashachase@example.com,Japan,Online,2023-07-03,2,2024-08-04,2025-03-01,True,398.0,Valid,20866.95,5258.4714,15608.4786,60.0,0.0,0.0,True,7804.2393,0.0,0.252,645.0,209.0,2026-12-06
301606,Bryan Franco,berrydonald@example.org,Australia,,2021-06-08,4,2023-06-15,2026-04-12,True,737.0,Valid,486619.33999999997,63208.654890000005,423410.68511,415.0,0.0,0.0,True,105852.6712775,0.0,0.12989342941034773,238.0,1032.0,2026-12-06
301607,Brett Morris,jessica86@example.com,Australia,Corporate,2022-08-02,1,2023-02-19,2023-02-19,True,201.0,Valid,34019.82,238.13874,33781.68126,18.0,0.0,0.0,False,33781.68126,0.0,0.007,1386.0,0.0,2026-12-06
301608,Kelly Ross,karen57@example.com,Canada,Corporate,2022-04-26,6,2022-11-03,2026-07-18,True,191.0,Valid,209687.51,12139.19926,191958.50074000002,306.0,3.0,5589.81,True,31993.08345666667,0.00980392156862745,0.05789185660128254,141.0,1353.0,2026-12-06
301609,Dawn Jordan,,India,Corporate,2021-03-01,3,2021-03-08,2023-04-11,True,7.0,Valid,257532.53999999998,31282.25734,226250.28266,315.0,0.0,0.0,True,75416.76088666667,0.0,0.12146914459819332,1335.0,764.0,2026-12-06
301610,Jennifer Schmidt,kellybrown@example.org,Vietnam,Retail,2022-05-09,2,2024-09-03,2025-02-03,True,848.0,Valid,142057.48,5990.73459,136066.74541,176.0,0.0,0.0,True,68033.372705,0.0,0.04217120133343207,671.0,153.0,2026-12-06
301611,Frederick Moore,michelle41@example.net,Australia,,2022-09-27,1,2026-02-24,2026-02-24,True,1246.0,Valid,104317.81,11106.73344,93211.07656,119.0,0.0,0.0,False,93211.07656,0.0,0.1064701553838218,285.0,0.0,2026-12-06
301612,Edward Thomas,jamesrussell@example.net,Canada,Retail,2023-08-11,2,2024-01-25,2025-11-13,True,167.0,Valid,99809.70999999999,20197.65202,79612.05798,78.0,0.0,0.0,True,39806.02899,0.0,0.20236159407736987,388.0,658.0,2026-12-06
301613,Reginald Copeland,ucamacho@example.org,United Kingdom,Retail,2025-08-27,2,2026-04-16,2026-06-23,True,232.0,Valid,102246.35,8818.39722,93427.95277999999,108.0,7.0,0.0,True,46713.976389999996,0.06481481481481481,0.0862465723226306,166.0,68.0,2026-12-06
301614,Jennifer Williams,lisa42@example.org,France,Retail,2022-12-05,5,2023-09-23,2026-03-07,True,292.0,Valid,178820.22999999998,11870.65705,144627.55535,115.0,16.0,22322.0176,True,28925.51107,0.1391304347826087,0.06638318857994982,274.0,896.0,2026-12-06
301615,Christopher Salinas,,Australia,Corporate,2023-03-25,2,2023-05-01,2023-06-09,True,37.0,Valid,140779.53,21798.71325,118980.81675,106.0,0.0,0.0,True,59490.408375,0.0,0.15484291821403298,1276.0,39.0,2026-12-06
301616,Lee Salas,lewiselizabeth@example.org,India,Wholesale,2023-05-04,2,2023-12-29,2026-07-19,True,239.0,Valid,168905.99,23978.45192,144927.53808,119.0,0.0,0.0,True,72463.76904,0.0,0.14196330112389738,140.0,933.0,2026-12-06
301617,Austin Lawson,kparrish@example.com,Canada,Corporate,2023-08-02,2,2024-01-27,2025-10-07,True,178.0,Valid,303909.86,26204.16431,277705.69565,188.0,0.0,0.0,True,138852.847825,0.0,0.08622347530942234,425.0,619.0,2026-12-06
301618,William Peters,clarkpaul@example.com,Japan,Wholesale,2021-05-04,2,2023-04-16,2024-09-29,True,712.0,Valid,147400.34999999998,30019.69958,117380.65042000002,99.0,0.0,0.0,True,58690.32521000001,0.0,0.20366097895968366,798.0,532.0,2026-12-06
301619,Thomas Marshall,,Japan,Corporate,2023-04-19,4,2024-07-21,2026-07-08,True,459.0,Valid,241059.22999999998,12803.50931,228255.72069,242.0,0.0,0.0,True,57063.9301725,0.0,0.053113541057938335,151.0,717.0,2026-12-06
301620,Alexis Morris,ashleyrhodes@example.com,Germany,Online,2025-08-08,7,2025-09-12,2026-04-03,True,35.0,Valid,297515.64,25440.069020000003,272075.57097999996,295.0,0.0,0.0,True,38867.938711428564,0.0,0.08550834174633644,247.0,203.0,2026-12-06
301621,Kimberly Taylor,,Japan,Retail,2023-08-03,2,2023-11-20,2025-10-12,True,109.0,Valid,240287.11000000002,13735.868629999999,226551.24137,216.0,0.0,0.0,True,113275.620685,0.0,0.05716440066219115,420.0,692.0,2026-12-06
301622,Shane Gates,taragomez@example.net,Vietnam,Wholesale,2021-02-12,7,2022-05-05,2025-12-13,True,447.0,Valid,205991.40000000002,16312.39096,189679.00904,175.0,0.0,0.0,True,27097.001291428573,0.0,0.07918966986000386,358.0,1318.0,2026-12-06
301623,Evelyn Ramirez,mcdonaldmegan@example.org,United States,Corporate,2023-09-01,6,2024-03-03,2026-06-25,True,184.0,Valid,342920.42,31566.4765,310896.72543999995,382.0,1.0,457.21806,True,51816.120906666656,0.002617801047120419,0.09205190084626633,164.0,844.0,2026-12-06
301624,Patrick Ortega,,India,Wholesale,2020-11-13,3,2024-05-21,2025-08-20,True,1285.0,Valid,158796.78999999998,16025.58882,139531.63330000002,155.0,3.0,3239.56788,True,46510.544433333336,0.01935483870967742,0.1009188461555174,473.0,456.0,2026-12-06
301625,Travis Douglas,palmerronald@example.com,China,Online,2022-06-24,1,2025-09-16,2025-09-16,True,1180.0,Valid,24716.16,296.59392,24419.56608,42.0,0.0,0.0,False,24419.56608,0.0,0.012,446.0,0.0,2026-12-06
301626,Mikayla Harris,maryflores@example.net,Germany,Online,2025-08-19,5,2025-11-21,2026-07-24,True,94.0,Valid,179892.33000000002,33163.8611,146728.4689,79.0,0.0,0.0,True,29345.69378,0.0,0.1843539471638396,135.0,245.0,2026-12-06
301627,Jose Pace,duncanerik@example.net,Vietnam,Retail,2023-04-07,5,2023-05-27,2024-11-15,True,50.0,Valid,202364.43,11351.141760000002,191013.28824000002,285.0,1.0,0.0,True,38202.65764800001,0.0035087719298245615,0.05609257397656299,751.0,538.0,2026-12-06
301628,Steven Johnson,jennifer69@example.com,Vietnam,Retail,2024-06-30,4,2025-01-27,2026-02-02,True,211.0,Valid,214152.22999999998,25417.66325,188734.56675,217.0,0.0,0.0,True,47183.6416875,0.0,0.11868969681053522,307.0,371.0,2026-12-06
301629,John Reilly,coreyhendrix@example.org,Vietnam,Retail,2021-06-29,3,2021-08-05,2026-03-07,True,37.0,Valid,192499.08000000002,13987.55706,171247.28904,160.0,7.0,7264.2339,True,57082.42968,0.04375,0.07266298135035242,274.0,1675.0,2026-12-06
301630,Christopher Garza,watsontina@example.net,Japan,Corporate,2024-02-29,1,2024-08-27,2024-08-27,True,180.0,Valid,5011.05,35.07735,4975.97265,5.0,0.0,0.0,False,4975.97265,0.0,0.007,831.0,0.0,2026-12-06
301631,Ann Fernandez,kenneththomas@example.com,India,Online,2025-04-12,3,2025-05-17,2026-04-09,True,35.0,Valid,197624.12,9798.39492,171153.49508000002,161.0,9.0,16672.23,True,57051.16502666668,0.055900621118012424,0.049580966736246575,241.0,327.0,2026-12-06
301632,Kristine Perry,mahoneysarah@example.org,China,Corporate,2024-10-12,5,2025-04-26,2026-07-12,True,196.0,Valid,293889.52,13658.19917,280231.32083,289.0,0.0,0.0,True,56046.26416599999,0.0,0.04647392384049625,147.0,442.0,2026-12-06
301633,Connie Wells,lweber@example.org,Germany,Corporate,2021-05-01,5,2021-06-19,2024-09-09,True,49.0,Valid,358348.96,27779.86911,330569.09089,206.0,0.0,0.0,True,66113.818178,0.0,0.07752183544777135,818.0,1178.0,2026-12-06
301634,Crystal Shelton,johnsonlisa@example.com,United Kingdom,Online,2025-07-26,5,2025-09-05,2026-03-21,True,41.0,Valid,166646.98,18493.82528,140037.42512,134.0,10.0,8115.7296,True,28007.485024,0.07462686567164178,0.11097606017222754,260.0,197.0,2026-12-06
301635,Robert Weaver,jbrown@example.com,Canada,Retail,2022-03-31,7,2023-06-29,2026-05-05,True,455.0,Valid,284355.95,17170.401380000003,267185.54862,277.0,0.0,0.0,True,38169.364088571434,0.0,0.060383478453677523,215.0,1041.0,2026-12-06
301636,Ms. Michele Jones,ufisher@example.com,Brazil,Wholesale,2024-09-17,2,2024-12-24,2026-04-24,True,98.0,Valid,291373.94,33820.082200000004,257553.8578,264.0,0.0,0.0,True,128776.9289,0.0,0.11607106043869264,226.0,486.0,2026-12-06
301637,Virginia Johns,cameronkaitlyn@example.com,India,Corporate,2021-09-04,4,2022-10-04,2026-02-16,True,395.0,Valid,218714.87,16823.30545,201891.56453,183.0,0.0,0.0,True,50472.8911325,0.0,0.07691889193450815,293.0,1231.0,2026-12-06
301638,Austin Snyder,grantkevin@example.net,Germany,Retail,2023-03-27,6,2024-06-21,2026-06-12,True,452.0,Valid,472367.68,59211.54352,413156.13648,514.0,0.0,0.0,True,68859.35608,0.0,0.12535053947806082,177.0,721.0,2026-12-06
301639,Lori Jackson,williampierce@example.com,Mexico,Wholesale,2025-08-08,3,2025-08-31,2026-02-15,True,23.0,Valid,213309.03,33991.73283,179317.29717,123.0,0.0,0.0,True,59772.43239,0.0,0.15935440159284397,294.0,168.0,2026-12-06
301640,Shannon Chung,jross@example.org,India,Online,2022-09-20,5,2022-10-15,2026-06-01,True,25.0,Valid,190417.72,16321.25536,174096.46464,267.0,0.0,0.0,True,34819.292927999995,0.0,0.0857129019295053,188.0,1325.0,2026-12-06
301641,Catherine Walls,chenmatthew@example.org,China,Corporate,2023-08-20,4,2025-08-02,2026-05-30,True,713.0,Valid,296507.75,20239.32651,276268.42349,230.0,0.0,0.0,True,69067.1058725,0.0,0.06825901349964714,190.0,301.0,2026-12-06
301642,Ariel Hebert,,Japan,Online,2023-05-27,8,2024-03-22,2026-04-06,True,300.0,Valid,418992.62,53581.82027,365375.49853,418.0,8.0,35.3012,True,45671.93731625,0.019138755980861243,0.1278824917489,244.0,745.0,2026-12-06
301643,Robert Banks,zsmith@example.com,Japan,Corporate,2023-03-21,7,2023-10-16,2026-04-29,True,209.0,Valid,248267.31,27972.195340000002,220295.11466,181.0,0.0,0.0,True,31470.730665714284,0.0,0.11266966778670942,221.0,926.0,2026-12-06
301644,Linda Marks,gibsondavid@example.com,Vietnam,Online,2024-03-29,3,2025-06-18,2025-12-30,True,446.0,Valid,234941.81,29167.40182,205774.40818,167.0,0.0,0.0,True,68591.46939333333,0.0,0.12414734448500248,341.0,195.0,2026-12-06
301645,Brianna Tran,jeffreywhitehead@example.net,Japan,Retail,2024-07-24,0,,,False,,Cannot Determine,0.0,0.0,0.0,0.0,0.0,0.0,False,,,,,,2026-12-06
301646,Mary Lawson,pmorse@example.net,Brazil,,2023-12-24,6,2024-03-07,2026-02-20,True,74.0,Valid,449225.39,32374.64958,405323.31675,365.0,7.0,11527.42367,True,67553.886125,0.019178082191780823,0.07206771990336522,289.0,715.0,2026-12-06
301647,Garrett Dixon,yatkins@example.net,Vietnam,,2022-03-31,2,2026-02-28,2026-02-28,True,1430.0,Valid,8621.28,1801.84752,6819.43248,9.0,0.0,0.0,True,3409.71624,0.0,0.209,281.0,0.0,2026-12-06
301648,Cheryl Gomez MD,vramos@example.org,China,Retail,2024-12-27,1,2026-05-09,2026-05-09,True,498.0,Valid,0.0,0.0,0.0,101.0,0.0,0.0,False,0.0,0.0,,211.0,0.0,2026-12-06
301649,Mary Hobbs,morrismatthew@example.org,China,Corporate,2024-06-29,6,2024-08-05,2025-10-04,True,37.0,Valid,229036.63,28537.03463,198488.29937,265.0,4.0,2011.296,True,33081.38322833333,0.01509433962264151,0.1245959418369018,428.0,425.0,2026-12-06
301650,Jessica Stein,,Australia,Wholesale,2024-01-27,3,2025-02-05,2026-07-13,True,375.0,Valid,120772.98000000001,13957.6287,101941.97955,108.0,5.0,4873.37175,True,33980.659850000004,0.046296296296296294,0.11556913392382964,146.0,523.0,2026-12-06
301651,Nancy Black,jose45@example.net,China,,2023-10-03,4,2024-01-20,2026-03-14,True,109.0,Valid,89821.51,7125.215020000001,75726.68505999999,161.0,4.0,6969.60992,True,18931.671264999997,0.024844720496894408,0.07932637761266763,267.0,784.0,2026-12-06
301652,Billy Brown,ptapia@example.net,Mexico,Corporate,2023-05-09,3,2023-06-22,2025-12-02,True,44.0,Valid,109898.34,18697.6598,91200.6802,145.0,0.0,0.0,True,30400.226733333333,0.0,0.1701359620172607,369.0,894.0,2026-12-06
301653,Darrell Wong,melissa36@example.net,Germany,Retail,2021-03-05,6,2022-04-25,2025-05-16,True,416.0,Valid,559100.69,45476.14422,513624.54574000003,390.0,0.0,0.0,True,85604.09095666667,0.0,0.0813380219938559,569.0,1117.0,2026-12-06
301654,Mark Long,manningbrandi@example.com,Vietnam,Retail,2025-08-13,8,2025-08-20,2026-06-29,True,7.0,Valid,511739.33,70978.79015,440760.53985,483.0,0.0,0.0,True,55095.06748125,0.0,0.13870106514971206,160.0,313.0,2026-12-06
301655,Jeremy Brown,jessebeltran@example.net,France,Wholesale,2025-01-20,3,2025-02-24,2025-09-01,True,35.0,Valid,179424.16,14439.842550000001,163941.05228,197.0,1.0,1043.26517,True,54647.017426666665,0.005076142131979695,0.0804788081493596,461.0,189.0,2026-12-06
301656,Edgar Jenkins,sandrews@example.org,Japan,Corporate,2021-12-31,8,2022-02-11,2025-11-26,True,42.0,Valid,410660.62,65001.00772,345659.61228,378.0,0.0,0.0,True,43207.451535,0.0,0.1582840052206613,375.0,1384.0,2026-12-06
301657,Sabrina Henderson DVM,lisa16@example.org,United Kingdom,Wholesale,2025-03-28,6,2025-05-29,2026-06-22,True,62.0,Valid,273512.38,45964.69012,227547.68988,167.0,0.0,0.0,True,37924.61498,0.0,0.168053417252996,167.0,389.0,2026-12-06
301658,Karen Chang,mistykelly@example.com,United States,Wholesale,2025-05-09,10,2025-05-30,2026-07-23,True,21.0,Valid,505884.09,50545.802520000005,455338.28748,539.0,0.0,0.0,True,45533.828748,0.0,0.09991577817756633,136.0,419.0,2026-12-06
301659,Caitlin Kent,elainehall@example.net,United States,Corporate,2022-06-30,6,2022-08-04,2026-07-19,True,35.0,Valid,603694.0800000001,31335.59887,572358.48115,434.0,0.0,0.0,True,95393.08019166667,0.0,0.05190642066591079,140.0,1445.0,2026-12-06
301660,Natalie Page,annettedavis@example.net,Japan,Retail,2022-08-19,4,2022-12-05,2025-10-02,True,108.0,Valid,357870.42000000004,27871.71538,329998.70462,233.0,0.0,0.0,True,82499.676155,0.0,0.07788214343057467,430.0,1032.0,2026-12-06
301661,Elizabeth Martin,jeremyevans@example.com,Brazil,Online,2022-07-04,3,2024-08-08,2026-05-29,True,766.0,Valid,266076.73,26055.73009,240020.99991,235.0,0.0,0.0,True,80006.99997,0.0,0.09792562502553306,191.0,659.0,2026-12-06
301662,Andrea Reed,amanda96@example.com,China,Wholesale,2024-12-08,3,2025-05-02,2026-03-04,True,145.0,Valid,28996.019999999997,5475.47874,19971.87194,59.0,4.0,3548.66932,True,6657.290646666667,0.06779661016949153,0.18883552777243223,277.0,306.0,2026-12-06
301663,Daniel Carter,tbradford@example.com,Brazil,,2020-10-13,4,2021-10-08,2026-08-01,True,360.0,Valid,239797.88,27315.41474,212482.46526000003,150.0,0.0,0.0,True,53120.61631500001,0.0,0.11391015942259372,127.0,1758.0,2026-12-06
301664,Haley Chen,amy17@example.com,Brazil,Online,2022-08-10,4,2023-04-03,2026-02-20,True,236.0,Valid,148157.38,20601.78479,127555.59521,142.0,5.0,0.0,True,31888.8988025,0.035211267605633804,0.1390533822209869,289.0,1054.0,2026-12-06
301665,Lisa Coleman,asmith@example.org,United Kingdom,Wholesale,2024-05-14,3,2024-07-30,2025-10-16,True,77.0,Valid,121074.04000000001,13794.675689999998,107279.36430999999,88.0,0.0,0.0,True,35759.78810333333,0.0,0.11393586676384135,416.0,443.0,2026-12-06
301666,Matthew Sullivan,brewersherri@example.org,Australia,Online,2025-02-24,3,2025-07-08,2026-02-24,True,134.0,Valid,81040.87,14566.9753,66473.8947,59.0,0.0,0.0,True,22157.964900000003,0.0,0.17974850590819177,285.0,231.0,2026-12-06
301667,Sara Contreras,dhale@example.net,Australia,Online,2021-10-21,4,2022-06-26,2026-03-11,True,248.0,Valid,131978.76,8689.76297,123288.99703,153.0,0.0,0.0,True,30822.2492575,0.0,0.06584213224915887,270.0,1354.0,2026-12-06
301668,Christina Tucker,vroberts@example.org,India,Online,2023-08-14,4,2024-06-07,2025-07-19,True,298.0,Valid,106623.97,10224.57211,96399.39789,195.0,0.0,0.0,True,24099.8494725,0.0,0.09589374800056684,505.0,407.0,2026-12-06
301669,Beth Sullivan,tashatownsend@example.org,United States,Wholesale,2023-08-16,6,2023-08-26,2026-01-24,True,10.0,Valid,243522.19,26527.96114,216090.13476,257.0,9.0,904.0941,True,36015.02246,0.03501945525291829,0.10893447180316504,316.0,882.0,2026-12-06
301670,Samuel Bailey,andrewsdebbie@example.com,United Kingdom,Online,2024-09-21,5,2024-10-11,2025-12-19,True,20.0,Valid,360627.97,41288.9105,308999.53373,378.0,7.0,10339.52577,True,61799.90674600001,0.018518518518518517,0.11449170318098177,352.0,434.0,2026-12-06
301671,Justin Lopez,hchavez@example.net,China,Corporate,2024-03-14,0,,,False,,Cannot Determine,0.0,0.0,0.0,0.0,0.0,0.0,False,,,,,,2026-12-06
301672,Jennifer Cisneros MD,julie34@example.org,Canada,Retail,2024-05-24,3,2024-08-21,2026-06-15,True,89.0,Valid,400888.55,46066.88446,354821.66553999996,309.0,0.0,0.0,True,118273.88851333332,0.0,0.11491194862013396,174.0,663.0,2026-12-06
301673,Brandy Sweeney,dennishale@example.org,Germany,Retail,2024-09-20,3,2025-10-19,2026-03-19,True,394.0,Valid,111848.33,9118.90396,102514.45964,112.0,10.0,214.9664,True,34171.48654666667,0.08928571428571429,0.08152919189763494,262.0,151.0,2026-12-06
301674,Amanda Yoder,jessicastanton@example.net,Australia,Wholesale,2022-01-03,6,2022-07-29,2025-12-15,True,207.0,Valid,406790.83,61083.06214,344761.40941,326.0,1.0,946.35845,True,57460.23490166667,0.003067484662576687,0.1501584048489982,356.0,1235.0,2026-12-06
301675,Hunter Yang,wellsshaun@example.org,Mexico,Corporate,2021-10-08,3,2022-12-08,2025-11-19,True,426.0,Valid,102622.2,15498.558640000001,87123.64136000001,86.0,0.0,0.0,True,29041.21378666667,0.0,0.1510253984030746,382.0,1077.0,2026-12-06
301676,Desiree Powell,kelly92@example.org,Brazil,Wholesale,2022-04-20,2,2022-11-01,2025-03-15,True,195.0,Valid,193941.57,28425.768219999998,165515.80178,169.0,0.0,0.0,True,82757.90089,0.0,0.14656872283750202,631.0,865.0,2026-12-06
301677,Amy Torres,,United States,Corporate,2021-11-21,4,2022-05-04,2024-05-18,True,164.0,Valid,76489.74999999999,16733.92537,59755.82463,92.0,0.0,0.0,True,14938.9561575,0.0,0.21877343526420212,932.0,745.0,2026-12-06
301678,Robin Rodriguez,wsanchez@example.org,United Kingdom,,2021-05-13,6,2021-08-25,2025-02-17,True,104.0,Valid,421954.18000000005,43022.21674,378931.96326,405.0,0.0,0.0,True,63155.327209999996,0.0,0.10195945147409133,657.0,1272.0,2026-12-06
301679,Kevin Christensen,oenglish@example.com,United States,Wholesale,2022-07-25,7,2022-09-28,2026-07-31,True,65.0,Valid,307303.45,39177.0103,268126.4397,303.0,0.0,0.0,True,38303.7771,0.0,0.12748639919271976,128.0,1402.0,2026-12-06
301680,Margaret Tucker,qbennett@example.org,Brazil,,2022-06-12,2,2023-12-17,2026-01-06,True,553.0,Valid,0.0,0.0,0.0,65.0,0.0,0.0,True,0.0,0.0,,334.0,751.0,2026-12-06
301681,Daniel Garrison,aaron25@example.com,Canada,Retail,2022-02-27,2,2024-01-04,2026-01-28,True,676.0,Valid,0.0,0.0,0.0,0.0,0.0,0.0,True,0.0,,,312.0,755.0,2026-12-06
301682,Christine Zuniga,,Canada,,2020-12-25,6,2021-05-05,2024-11-16,True,131.0,Valid,347173.17,48376.212419999996,298796.95758,264.0,0.0,0.0,True,49799.49293,0.0,0.13934317683592887,750.0,1291.0,2026-12-06
301683,Thomas Perez,,Vietnam,Online,2023-01-26,3,2023-09-08,2025-07-10,True,225.0,Valid,96872.38999999998,7718.873070000001,89153.51693,95.0,0.0,0.0,True,29717.838976666666,0.0,0.0796808365107953,514.0,671.0,2026-12-06
301684,Desiree Simon,brookstimothy@example.net,Japan,Corporate,2020-12-29,4,2023-08-27,2025-10-25,True,971.0,Valid,243057.53999999998,31997.108079999998,211060.43192,259.0,0.0,0.0,True,52765.10798,0.0,0.1316441698537721,407.0,790.0,2026-12-06
301685,Brandon Green,dfox@example.net,United States,Wholesale,2024-10-23,3,2025-02-15,2026-02-01,True,115.0,Valid,113690.63,4608.43297,109082.19703,102.0,0.0,0.0,True,36360.73234333333,0.0,0.04053485296017798,308.0,351.0,2026-12-06
301686,Cesar Watts,alexis54@example.org,United Kingdom,Wholesale,2024-10-13,4,2025-01-18,2025-11-11,True,97.0,Valid,100842.6,6758.74196,94083.85804,139.0,0.0,0.0,True,23520.96451,0.0,0.06702268644402266,390.0,297.0,2026-12-06
301687,Jessica Palmer,,Germany,Online,2022-11-13,5,2023-07-13,2026-04-24,True,242.0,Valid,368962.87,55063.35681,313899.51318999997,310.0,0.0,0.0,True,62779.90263799999,0.0,0.14923820602869875,226.0,1016.0,2026-12-06
301688,Michael Castillo,christopherharris@example.org,Brazil,Retail,2020-12-03,5,2021-09-25,2025-12-28,True,296.0,Valid,316958.31,7003.81915,309954.4909,210.0,0.0,0.0,True,61990.89818,0.0,0.022096972784843533,343.0,1555.0,2026-12-06
301689,Danielle Hamilton,gjackson@example.org,India,,2022-04-15,6,2022-09-16,2026-07-15,True,154.0,Valid,478585.73,44780.07187,433805.65813,374.0,0.0,0.0,True,72300.94302166667,0.0,0.09356750329768504,144.0,1398.0,2026-12-06
301690,Kimberly Davis,umccoy@example.com,France,Retail,2023-02-04,7,2024-02-03,2025-08-22,True,364.0,Valid,291961.26,39670.88024,252290.37976,255.0,0.0,0.0,True,36041.48282285714,0.0,0.13587720590053626,471.0,566.0,2026-12-06
301691,Jesse Brown,thomasronald@example.net,Mexico,Wholesale,2022-03-03,6,2022-07-18,2026-02-12,True,137.0,Valid,487137.3,59132.28823,428005.01177,317.0,0.0,0.0,True,71334.16862833333,0.0,0.12138731365879804,297.0,1305.0,2026-12-06
301692,Robert Jones,harold30@example.com,Germany,Wholesale,2023-12-12,4,2025-02-01,2026-03-08,True,417.0,Valid,377309.13,58392.33091999999,318916.79908,237.0,0.0,0.0,True,79729.19977,0.0,0.15475992038676614,273.0,400.0,2026-12-06
301693,Anthony Haley,psawyer@example.net,United States,Wholesale,2020-10-30,2,2026-02-07,2026-02-19,True,1926.0,Valid,85312.09,14982.93024,70329.15976,68.0,0.0,0.0,True,35164.57988,0.0,0.1756249347542652,290.0,12.0,2026-12-06
301694,Alicia Nguyen,,France,Retail,2025-05-17,2,2025-08-14,2025-10-25,True,89.0,Valid,113102.12000000001,13479.126980000001,99622.99302000001,123.0,0.0,0.0,True,49811.496510000004,0.0,0.11917660765333134,407.0,72.0,2026-12-06
301695,Jamie Castillo,edwardsjonathan@example.net,United Kingdom,Online,2022-02-10,4,2022-09-01,2024-07-20,True,203.0,Valid,282127.64,9423.83426,272703.80574,208.0,0.0,0.0,True,68175.951435,0.0,0.03340273310335704,869.0,688.0,2026-12-06
301696,Brandon Heath,norozco@example.net,Germany,Corporate,2023-08-11,3,2023-10-20,2026-02-02,True,70.0,Valid,1742.96,438.91688,1304.0431199999998,33.0,0.0,0.0,True,434.68103999999994,0.0,0.2518226924312663,307.0,836.0,2026-12-06
301697,Samuel Ramirez,esparzajesse@example.net,Germany,Online,2023-04-06,1,2026-07-29,2026-07-29,True,1210.0,Valid,14441.9,129.9771,14311.9229,11.0,0.0,0.0,False,14311.9229,0.0,0.009000000000000001,130.0,0.0,2026-12-06
301698,Amber Gray,daviselizabeth@example.net,China,Wholesale,2021-04-26,3,2024-02-13,2026-02-13,True,1023.0,Valid,131938.55,8756.08395,123182.46605000002,180.0,0.0,0.0,True,41060.82201666667,0.0,0.06636486417351109,296.0,731.0,2026-12-06
301699,Ashley Clark,jason91@example.org,China,Online,2024-06-14,2,2025-09-20,2026-04-06,True,463.0,Valid,62919.729999999996,684.8207500000001,62234.90925,67.0,0.0,0.0,True,31117.454625,0.0,0.01088403828179174,244.0,198.0,2026-12-06
301700,Christopher Gray,hoganeric@example.net,United States,Corporate,2021-10-21,1,2023-03-20,2023-03-20,True,515.0,Valid,43176.689999999995,529.66224,42647.027760000004,75.0,0.0,0.0,False,42647.027760000004,0.0,0.012267319241007128,1357.0,0.0,2026-12-06
301701,Scott Shelton,david42@example.net,Mexico,Online,2023-08-27,5,2023-10-28,2026-03-04,True,62.0,Valid,380239.16,50211.88207,330027.27793,381.0,0.0,0.0,True,66005.455586,0.0,0.1320534215097677,277.0,858.0,2026-12-06
301702,Elizabeth Ramos,thompsonbrandy@example.com,Vietnam,Wholesale,2022-08-30,2,2024-04-12,2025-08-01,True,591.0,Valid,0.0,0.0,0.0,0.0,0.0,0.0,True,0.0,,,492.0,476.0,2026-12-06
301703,Patrick Blair,john77@example.net,Vietnam,Wholesale,2022-10-24,0,,,False,,Cannot Determine,0.0,0.0,0.0,0.0,0.0,0.0,False,,,,,,2026-12-06
301704,Destiny Berry,gregory73@example.com,Brazil,Retail,2025-03-10,2,2026-04-29,2026-06-13,True,415.0,Valid,125898.29,14147.35025,111750.93974999999,77.0,0.0,0.0,True,55875.469874999995,0.0,0.11237126612283614,176.0,45.0,2026-12-06
301705,Felicia Thompson,zholden@example.com,France,Corporate,2022-09-09,3,2023-12-13,2026-06-07,True,460.0,Valid,29156.66,1691.08628,27465.57372,13.0,0.0,0.0,True,9155.19124,0.0,0.058,182.0,907.0,2026-12-06
301706,Andrea Freeman,xhorne@example.org,United Kingdom,Online,2024-09-25,10,2024-12-23,2026-05-24,True,89.0,Valid,855427.85,96835.05384,758592.79616,605.0,0.0,0.0,True,75859.279616,0.0,0.11320072620969729,196.0,517.0,2026-12-06
301707,Lisa Butler,daniel75@example.org,Canada,,2025-01-09,6,2025-02-14,2026-07-01,True,36.0,Valid,561612.31,50896.94642000001,510715.36358,418.0,0.0,0.0,True,85119.22726333333,0.0,0.09062647935904397,158.0,502.0,2026-12-06
301708,Melissa Moore,rwaters@example.com,United Kingdom,Corporate,2021-11-29,2,2022-05-01,2022-07-12,True,153.0,Valid,141503.03,15769.711800000001,125733.31820000001,116.0,0.0,0.0,True,62866.659100000004,0.0,0.11144434009646297,1608.0,72.0,2026-12-06
301709,David Clark,omartinez@example.net,India,Online,2022-11-02,4,2023-03-27,2025-10-15,True,145.0,Valid,329667.92,38568.06911,291099.85089,337.0,0.0,0.0,True,72774.9627225,0.0,0.11699066475743226,417.0,933.0,2026-12-06
301710,David Roberts,lsnyder@example.org,Mexico,Wholesale,2023-06-03,4,2023-07-26,2025-08-13,True,53.0,Valid,224826.07,13804.4815,211021.58849999998,276.0,0.0,0.0,True,52755.397124999996,0.0,0.06140071522844304,480.0,749.0,2026-12-06
301711,Brad Davidson,vtapia@example.net,Mexico,Corporate,2022-02-25,7,2022-03-06,2026-02-24,True,9.0,Valid,700548.23,99504.23324,601043.99676,679.0,0.0,0.0,True,85863.42810857143,0.0,0.1420376627602071,285.0,1451.0,2026-12-06
301712,Devon Bentley,robert58@example.net,India,Corporate,2023-05-26,2,2024-12-03,2025-02-28,True,557.0,Valid,74157.65,6572.566510000001,67585.08348999999,108.0,0.0,0.0,True,33792.541744999995,0.0,0.08862964926747276,646.0,87.0,2026-12-06
301713,Allison Glover,jcross@example.com,China,Corporate,2022-10-23,2,2024-03-28,2026-04-18,True,522.0,Valid,143730.78,3716.8523400000004,140013.92766000002,101.0,0.0,0.0,True,70006.96383000001,0.0,0.025859821674939776,232.0,751.0,2026-12-06
301714,Cynthia Franklin,perrymichael@example.org,Mexico,Wholesale,2023-06-29,4,2023-08-25,2025-07-18,True,57.0,Valid,125264.51999999999,2309.60733,122954.91266999999,113.0,0.0,0.0,True,30738.728167499998,0.0,0.01843784121792827,506.0,693.0,2026-12-06
301715,Ashley Prince,heatherdavis@example.org,Germany,Online,2024-01-13,4,2024-06-02,2026-03-05,True,141.0,Valid,93677.32999999999,11689.91044,81987.41956,154.0,0.0,0.0,True,20496.85489,0.0,0.12478910788768212,276.0,641.0,2026-12-06
301716,Kara Gray,xvazquez@example.org,Mexico,Retail,2020-10-12,2,2020-11-08,2022-05-13,True,27.0,Valid,107810.77,7373.864379999999,100436.90562,89.0,0.0,0.0,True,50218.45281,0.0,0.06839636132827916,1668.0,551.0,2026-12-06
301717,Louis Olsen,petersdonald@example.net,Mexico,Online,2025-05-18,0,,,False,,Cannot Determine,0.0,0.0,0.0,0.0,0.0,0.0,False,,,,,,2026-12-06
301718,Carlos Martinez,raymond39@example.com,Germany,Retail,2022-01-15,5,2022-04-28,2026-05-28,True,103.0,Valid,340075.16,24477.60755,315597.55245,308.0,0.0,0.0,True,63119.51049,0.0,0.07197705221986811,192.0,1491.0,2026-12-06
301719,Clinton Day,kaitlynfrey@example.net,Germany,Retail,2024-07-30,6,2024-10-06,2026-04-28,True,68.0,Valid,569790.8,50712.74075,519078.05925000005,408.0,0.0,0.0,True,86513.009875,0.0,0.08900238605116122,222.0,569.0,2026-12-06
301720,Elizabeth Christensen,sallylee@example.org,Vietnam,Corporate,2021-06-27,2,2021-07-12,2024-01-12,True,15.0,Valid,415301.85,33212.342730000004,382089.50727,326.0,0.0,0.0,True,191044.753635,0.0,0.07997157424172323,1059.0,914.0,2026-12-06
301721,Lauren Drake,,Germany,Corporate,2022-12-18,3,2024-09-15,2025-11-19,True,637.0,Valid,144141.48,17748.19234,126393.28766,134.0,0.0,0.0,True,42131.09588666667,0.0,0.12313036011563083,382.0,430.0,2026-12-06
301722,Wendy Rodriguez,ypark@example.net,United States,Corporate,2023-03-12,2,2023-06-19,2024-07-27,True,99.0,Valid,106731.44,10163.802660000001,96567.63733999999,94.0,0.0,0.0,True,48283.81866999999,0.0,0.09522782284207916,862.0,404.0,2026-12-06
301723,Marc Hayes,jenkinspamela@example.org,Mexico,,2022-02-15,5,2022-10-08,2026-07-16,True,235.0,Valid,446838.25,65465.54309,368672.01383,380.0,9.0,12700.69308,True,73734.402766,0.02368421052631579,0.14650836872179138,143.0,1377.0,2026-12-06
301724,Brian Garcia,wrodriguez@example.net,China,Retail,2021-10-03,7,2022-10-15,2026-04-03,True,377.0,Valid,132462.81,10121.458719999999,104115.41689000001,205.0,12.0,18225.93439,True,14873.630984285715,0.05853658536585366,0.07640981434713637,247.0,1266.0,2026-12-06
301725,Nathan Bradley,jessica01@example.org,France,Online,2020-10-20,5,2022-05-09,2026-03-26,True,566.0,Valid,185667.7,16242.5689,169425.1311,213.0,0.0,0.0,True,33885.02622,0.0,0.0874819308905103,255.0,1417.0,2026-12-06
301726,Dillon Alvarez,qwhitaker@example.org,India,Wholesale,2021-10-18,4,2022-04-15,2026-07-08,True,179.0,Valid,303295.07,27602.74041,275692.32959,264.0,0.0,0.0,True,68923.0823975,0.0,0.09100952550926726,151.0,1545.0,2026-12-06
301727,Robert Campbell,christopher01@example.com,Vietnam,Online,2025-06-13,5,2025-07-13,2026-07-05,True,30.0,Valid,222073.15,14394.74023,207678.40977,254.0,0.0,0.0,True,41535.681954,0.0,0.06481981378658339,154.0,357.0,2026-12-06
301728,Benjamin King,garciaalex@example.com,Germany,Online,2023-02-18,4,2023-05-19,2026-03-13,True,90.0,Valid,19377.190000000002,2157.15981,17220.03019,49.0,0.0,0.0,True,4305.0075475,0.0,0.1113246972342223,268.0,1029.0,2026-12-06
301729,Mary Miller,williamslarry@example.org,China,Retail,2023-07-23,4,2023-08-01,2026-05-22,True,9.0,Valid,58069.219999999994,10422.238060000001,47646.98194,56.0,0.0,0.0,True,11911.745485,0.0,0.17947956008363816,198.0,1025.0,2026-12-06
301730,Joseph Rivas,hcastaneda@example.com,Vietnam,Corporate,2025-02-17,7,2025-11-23,2026-07-20,True,279.0,Valid,432971.07999999996,73460.55436000001,359510.52564,378.0,0.0,0.0,True,51358.64652,0.0,0.16966619193134105,139.0,239.0,2026-12-06
301731,Dr. Andrea Oliver MD,drew34@example.net,United Kingdom,Retail,2025-03-30,4,2025-12-15,2026-04-27,True,260.0,Valid,34017.04,4044.60952,29972.43048,34.0,0.0,0.0,True,7493.10762,0.0,0.11889951389068537,223.0,133.0,2026-12-06
301732,Elizabeth Green,wendyclark@example.org,Germany,Retail,2025-02-20,2,2026-02-24,2026-04-29,True,369.0,Valid,116116.38,26729.5135,89386.8665,70.0,0.0,0.0,True,44693.43325,0.0,0.2301958905367184,221.0,64.0,2026-12-06
301733,John Joyce,tuckersheila@example.net,Brazil,Retail,2021-01-14,4,2023-09-04,2026-05-08,True,963.0,Valid,281462.97,32513.3308,248949.6392,226.0,0.0,0.0,True,62237.4098,0.0,0.1155154825517545,212.0,977.0,2026-12-06
301734,Janet Miller,sgarcia@example.org,China,Retail,2021-03-01,4,2023-06-21,2026-03-14,True,842.0,Valid,159136.1,7760.66518,149774.49578,154.0,1.0,1600.93904,True,37443.623945,0.006493506493506494,0.048767471240026616,267.0,997.0,2026-12-06
301735,Shawn Patton,aguilarkyle@example.org,Germany,Corporate,2024-08-13,7,2024-11-14,2025-12-28,True,93.0,Valid,193993.01,24100.81453,169892.19547,372.0,9.0,0.0,True,24270.313638571428,0.024193548387096774,0.12423547905153902,343.0,409.0,2026-12-06
301736,John Dillon,tarameyer@example.net,Germany,Retail,2025-08-24,1,2026-06-07,2026-06-07,True,287.0,Valid,103425.93,13166.06718,90259.86282000001,92.0,0.0,0.0,False,90259.86282000001,0.0,0.1272994807008262,182.0,0.0,2026-12-06
301737,Casey Ferguson,logan71@example.net,Canada,Online,2021-02-08,5,2021-03-01,2025-09-19,True,21.0,Valid,136015.88,3864.26975,132151.61025,176.0,0.0,0.0,True,26430.32205,0.0,0.028410430826165296,443.0,1663.0,2026-12-06
301738,Samuel Richardson,bphillips@example.org,France,Wholesale,2021-09-24,2,2021-12-09,2025-03-17,True,76.0,Valid,112659.08,1205.12756,105023.63019000003,144.0,3.0,6430.32225,True,52511.81509500001,0.020833333333333332,0.010697118776400446,629.0,1194.0,2026-12-06
301739,Richard Miller,hturner@example.net,United Kingdom,Retail,2023-09-10,3,2023-10-08,2026-02-25,True,28.0,Valid,10583.23,201.08137,10382.14863,54.0,0.0,0.0,True,3460.71621,0.0,0.019,284.0,871.0,2026-12-06
301740,Kenneth Mitchell,,China,Wholesale,2025-08-05,4,2025-03-11,2026-06-29,True,-147.0,First Order Before Signup,36102.43,4714.13602,31388.293980000002,82.0,0.0,0.0,True,7847.073495000001,0.0,0.13057669580690273,160.0,475.0,2026-12-06
301741,David Mora,,Canada,Corporate,2025-01-18,4,2025-05-03,2026-07-16,True,105.0,Valid,298964.21,15416.07276,283548.13724,310.0,0.0,0.0,True,70887.03431,0.0,0.05156494404463999,143.0,439.0,2026-12-06
301742,Jasmine Russell,lisa52@example.com,France,Retail,2022-10-31,4,2023-05-31,2026-06-30,True,212.0,Valid,272851.62,27149.89409,245701.72591,203.0,0.0,0.0,True,61425.4314775,0.0,0.09950424369846146,159.0,1126.0,2026-12-06
301743,Nancy Barry,taylormichael@example.com,Australia,Wholesale,2021-07-17,7,2022-04-18,2025-07-24,True,275.0,Valid,96206.84,15208.560959999999,80998.27904,222.0,0.0,0.0,True,11571.182719999999,0.0,0.15808190935280692,500.0,1193.0,2026-12-06
301744,Michael Silva,abigail56@example.com,Germany,Online,2024-04-07,7,2025-02-02,2026-04-10,True,301.0,Valid,262574.04000000004,19703.1391,242870.9009,313.0,0.0,0.0,True,34695.842985714284,0.0,0.07503841240360241,240.0,432.0,2026-12-06
301745,Vicki Harper,johnsondaniel@example.net,United States,,2023-09-08,4,2023-11-30,2026-06-25,True,83.0,Valid,196708.31,35314.695459999995,161393.61453999998,260.0,0.0,0.0,True,40348.403634999995,0.0,0.1795282337589093,164.0,938.0,2026-12-06
301746,Jerry Crosby,xclark@example.net,Vietnam,,2024-03-02,4,2024-11-25,2026-02-06,True,268.0,Valid,402985.89,37749.751690000005,365236.13831,210.0,0.0,0.0,True,91309.0345775,0.0,0.09367512021326603,303.0,438.0,2026-12-06
301747,William West,bryantpeter@example.org,United Kingdom,,2022-02-22,3,2024-02-18,2026-05-30,True,726.0,Valid,87834.09999999999,2959.83776,84874.26224,162.0,0.0,0.0,True,28291.420746666667,0.0,0.033698048480032244,190.0,832.0,2026-12-06
301748,Jacob Green,alvarezelizabeth@example.org,Mexico,Corporate,2024-06-19,4,2025-03-14,2026-03-09,True,268.0,Valid,100822.88,3474.03132,95719.92477000001,115.0,1.0,1628.92391,True,23929.981192500003,0.008695652173913044,0.034456775287514105,272.0,360.0,2026-12-06
301749,Dr. Ashley Walker DVM,ahicks@example.org,United Kingdom,Retail,2022-02-18,2,2022-06-24,2025-09-12,True,126.0,Valid,97339.04999999999,8485.15056,88853.89944000001,57.0,0.0,0.0,True,44426.949720000004,0.0,0.08717108457499843,450.0,1176.0,2026-12-06
301750,Kayla Strickland,mcdowelladam@example.net,Japan,Retail,2021-12-19,3,2022-06-16,2026-02-19,True,179.0,Valid,157259.84999999998,16610.92962,140648.92038,195.0,0.0,0.0,True,46882.97346,0.0,0.10562727625646344,290.0,1344.0,2026-12-06
301751,Joshua Brown,vanessa17@example.org,United Kingdom,Online,2025-07-26,2,2026-01-27,2026-04-05,True,185.0,Valid,132298.27,25781.123399999997,106517.14660000001,70.0,0.0,0.0,True,53258.573300000004,0.0,0.1948712057988362,245.0,68.0,2026-12-06
301752,Jason Lee,martinezmolly@example.net,Mexico,,2023-05-07,1,2026-06-05,2026-06-05,True,1125.0,Valid,111320.18,1498.68906,109821.49094000002,124.0,0.0,0.0,False,109821.49094000002,0.0,0.013462869535424754,184.0,0.0,2026-12-06
301753,Juan White,justinherrera@example.com,France,Online,2021-06-21,5,2021-10-06,2026-02-15,True,107.0,Valid,323559.12,35360.17775,288198.94224999996,218.0,0.0,0.0,True,57639.78844999999,0.0,0.10928505971335317,294.0,1593.0,2026-12-06
301754,Corey Cooke,anthony41@example.org,France,Retail,2022-04-19,6,2022-07-12,2026-01-26,True,84.0,Valid,352974.41000000003,23983.843979999998,328990.56602,317.0,0.0,0.0,True,54831.76100333334,0.0,0.0679478265294076,314.0,1294.0,2026-12-06
301755,Jodi Lang,nathancasey@example.net,United Kingdom,Retail,2024-04-18,1,2024-05-11,2024-05-11,True,23.0,Valid,0.0,0.0,0.0,27.0,0.0,0.0,False,0.0,0.0,,939.0,0.0,2026-12-06
301756,Michael Mckenzie,james72@example.org,Australia,Wholesale,2021-03-29,7,2021-07-23,2026-05-03,True,116.0,Valid,495725.84,59112.146819999994,426687.1397,444.0,8.0,9926.55344,True,60955.30567142857,0.018018018018018018,0.11924362631570706,217.0,1745.0,2026-12-06
301757,Bonnie Petersen,oroberts@example.net,Brazil,Retail,2024-06-29,2,2025-05-11,2026-01-27,True,316.0,Valid,107915.92000000001,3388.24164,104527.67835999999,90.0,0.0,0.0,True,52263.839179999995,0.0,0.031397050963379636,313.0,261.0,2026-12-06
301758,John Hooper,bwarren@example.org,Brazil,Retail,2025-05-06,5,2025-07-08,2026-07-26,True,63.0,Valid,275717.12,32061.220070000003,243655.89992999999,241.0,0.0,0.0,True,48731.179985999996,0.0,0.11628302250509509,133.0,383.0,2026-12-06
301759,Benjamin Jacobson,howellrenee@example.net,Vietnam,Retail,2025-04-19,5,2025-07-24,2026-05-05,True,96.0,Valid,208711.0,24855.68496,183855.31504000002,235.0,0.0,0.0,True,36771.063008000005,0.0,0.11909139892003776,215.0,285.0,2026-12-06
301760,Billy Cook,kristindixon@example.org,Brazil,Online,2025-05-19,3,2025-09-30,2026-03-24,True,134.0,Valid,283578.38,27996.226410000003,255582.15359000003,193.0,0.0,0.0,True,85194.05119666668,0.0,0.09872482665991675,257.0,175.0,2026-12-06
301761,John Ortiz,oroberts@example.org,United Kingdom,Retail,2025-04-24,4,2025-11-11,2026-06-21,True,201.0,Valid,421251.45999999996,24858.90524,396392.55475999997,307.0,0.0,0.0,True,99098.13868999999,0.0,0.05901203343010372,168.0,222.0,2026-12-06
301762,Martin Craig,andrewwalker@example.com,Canada,Online,2023-06-02,5,2024-08-12,2026-06-14,True,437.0,Valid,265951.95999999996,16483.23923,249468.72077,232.0,0.0,0.0,True,49893.744154,0.0,0.06197825814105676,175.0,671.0,2026-12-06
301763,Maria Donaldson,stevenrichards@example.org,Brazil,Online,2023-02-25,4,2024-05-28,2026-05-30,True,458.0,Valid,210288.01,35460.098170000005,174827.91183,148.0,0.0,0.0,True,43706.9779575,0.0,0.1686263433183851,190.0,732.0,2026-12-06
301764,Rodney Oliver,pking@example.net,Australia,Retail,2024-01-02,3,2024-06-19,2026-07-23,True,169.0,Valid,256654.32,21687.04554,234967.27446,179.0,0.0,0.0,True,78322.42482,0.0,0.08449904735677155,136.0,764.0,2026-12-06
301765,Emma Rivera,susan75@example.net,Vietnam,Online,2022-09-04,3,2023-01-02,2025-12-14,True,120.0,Valid,219966.97,10785.595659999999,209181.37433999998,135.0,0.0,0.0,True,69727.12478,0.0,0.04903279642393583,357.0,1077.0,2026-12-06
301766,Alisha Malone,barbaradoyle@example.com,Vietnam,Wholesale,2023-07-11,5,2024-07-07,2025-08-28,True,362.0,Valid,140907.07,19074.93919,121832.13081,136.0,0.0,0.0,True,24366.426162,0.0,0.13537247769043811,465.0,417.0,2026-12-06
301767,Mark Norris,patricia89@example.net,China,Wholesale,2023-09-05,7,2023-11-14,2026-06-06,True,70.0,Valid,358605.53,49607.66148,307217.27651999996,247.0,4.0,1780.592,True,43888.18235999999,0.016194331983805668,0.13833490375901342,183.0,935.0,2026-12-06
301768,Nicholas Price,ostevens@example.com,Japan,Corporate,2022-10-23,4,2022-11-02,2026-06-29,True,10.0,Valid,198709.91000000003,4155.33651,194554.57349,196.0,0.0,0.0,True,48638.6433725,0.0,0.020911571597007916,160.0,1335.0,2026-12-06
301769,Steven Miller,douglas61@example.org,United States,Retail,2024-11-06,3,2024-12-31,2026-07-15,True,55.0,Valid,27858.38,2612.3801999999996,25245.9998,33.0,0.0,0.0,True,8415.333266666667,0.0,0.09377358626022042,144.0,561.0,2026-12-06
301770,Elizabeth Nolan,taylorjeffrey@example.org,Germany,Corporate,2022-10-03,4,2024-05-30,2026-07-13,True,605.0,Valid,281518.39,26332.5016,255185.8884,211.0,0.0,0.0,True,63796.4721,0.0,0.09353741188985913,146.0,774.0,2026-12-06
301771,Nathan Gilbert,daniellesweeney@example.com,Mexico,Retail,2023-03-23,2,2024-07-24,2025-08-26,True,489.0,Valid,19293.52,270.10928,19023.41072,8.0,0.0,0.0,True,9511.70536,0.0,0.014,467.0,398.0,2026-12-06
301772,Ryan Heath,,Vietnam,Corporate,2022-01-04,2,2023-01-09,2023-03-06,True,370.0,Valid,117206.43,18033.42078,99173.00922,92.0,0.0,0.0,True,49586.50461,0.0,0.15386033667265525,1371.0,56.0,2026-12-06
301773,Cynthia Taylor,grant48@example.org,Vietnam,Retail,2023-04-28,7,2025-05-24,2026-06-20,True,757.0,Valid,428299.42,53700.119909999994,374599.30009000003,359.0,0.0,0.0,True,53514.18572714286,0.0,0.12537985671332452,169.0,392.0,2026-12-06
301774,Jesse Martinez,cortezmatthew@example.com,United States,Retail,2024-07-01,3,2024-07-05,2026-05-27,True,4.0,Valid,204814.22999999998,10686.071680000001,194128.15832000002,131.0,0.0,0.0,True,64709.38610666667,0.0,0.05217445916721705,193.0,691.0,2026-12-06
301775,George Ellis,cruzmary@example.net,India,Wholesale,2023-09-01,3,2025-10-16,2026-02-02,True,776.0,Valid,72854.91,1140.63375,70626.45468,90.0,1.0,1087.82157,True,23542.15156,0.011111111111111112,0.015656237170562696,307.0,109.0,2026-12-06
301776,Donald Wood,allenkathryn@example.org,Japan,Wholesale,2024-09-16,9,2024-10-17,2025-12-31,True,31.0,Valid,729325.13,70936.25896,658388.87104,595.0,0.0,0.0,True,73154.31900444445,0.0,0.09726287500884552,340.0,440.0,2026-12-06
301777,Gail Greene,howard31@example.com,Australia,Online,2023-12-13,1,2024-09-26,2024-09-26,True,288.0,Valid,3863.22,197.02422,3666.19578,16.0,0.0,0.0,False,3666.19578,0.0,0.051000000000000004,801.0,0.0,2026-12-06
301778,Brenda Hughes,ramirezrhonda@example.org,Mexico,Online,2023-11-12,4,2024-07-29,2026-07-15,True,260.0,Valid,296047.45999999996,43378.4677,252668.99229999998,347.0,0.0,0.0,True,63167.248074999996,0.0,0.14652538380163777,144.0,716.0,2026-12-06
301779,Taylor Vaughn,ramoscory@example.com,Germany,Retail,2023-09-09,6,2023-10-25,2026-04-22,True,46.0,Valid,170821.07,21091.48013,135182.33847,146.0,10.0,14547.2514,True,22530.389744999997,0.0684931506849315,0.12347118613646431,228.0,910.0,2026-12-06
301780,Sandra Johnson,russellamber@example.org,United States,Online,2025-06-03,5,2025-09-06,2026-06-15,True,95.0,Valid,439853.87,12355.90453,427497.96547,335.0,0.0,0.0,True,85499.593094,0.0,0.028090930585651094,174.0,282.0,2026-12-06
301781,David Thompson,nreyes@example.com,India,Wholesale,2025-03-10,5,2025-04-21,2025-11-11,True,42.0,Valid,325840.87,43265.40989,282575.46011,238.0,0.0,0.0,True,56515.092022,0.0,0.13278079539254853,390.0,204.0,2026-12-06
301782,Jennifer Andersen,,France,Online,2024-12-15,4,2025-05-18,2026-02-20,True,154.0,Valid,289453.18,31123.88056,258329.29943999997,333.0,0.0,0.0,True,64582.32485999999,0.0,0.10752647650994887,289.0,278.0,2026-12-06
301783,Elizabeth Deleon,adrian20@example.com,United States,Wholesale,2023-08-06,2,2024-01-13,2025-03-20,True,160.0,Valid,243065.61,8601.8514,234463.7586,192.0,0.0,0.0,True,117231.8793,0.0,0.03538901039929096,626.0,432.0,2026-12-06
301784,Ashley Allen,jasonmontgomery@example.com,United States,Online,2021-02-20,6,2021-04-23,2025-07-04,True,62.0,Valid,412103.64,39413.37547,371124.81398,343.0,9.0,1565.45055,True,61854.13566333333,0.026239067055393587,0.09563947425943628,520.0,1533.0,2026-12-06
301785,Antonio Brown,whitebonnie@example.com,Brazil,Retail,2023-09-08,4,2024-12-10,2025-06-26,True,459.0,Valid,37218.5,297.748,36920.752,22.0,0.0,0.0,True,9230.188,0.0,0.008,528.0,198.0,2026-12-06
301786,Clinton Peterson,holly18@example.net,India,Retail,2022-10-25,4,2024-08-17,2025-04-11,True,662.0,Valid,270390.88,12384.758679999999,258006.12131999998,242.0,0.0,0.0,True,64501.530329999994,0.0,0.04580316717782789,604.0,237.0,2026-12-06
301787,Ellen Acosta,jeremymitchell@example.com,Japan,Corporate,2022-07-04,6,2023-04-27,2025-11-09,True,297.0,Valid,347970.70999999996,33012.55633,314958.15367,231.0,0.0,0.0,True,52493.02561166667,0.0,0.09487165264570688,392.0,927.0,2026-12-06
301788,Breanna Young,dcurtis@example.com,India,Wholesale,2024-04-19,3,2025-03-31,2026-01-10,True,346.0,Valid,174234.47,21550.7108,152683.7592,90.0,0.0,0.0,True,50894.5864,0.0,0.1236879866538464,330.0,285.0,2026-12-06
301789,Angela Rivera,scott43@example.com,Japan,Retail,2025-03-30,2,2025-08-07,2025-11-25,True,130.0,Valid,274438.38,20813.5469,253624.8331,155.0,0.0,0.0,True,126812.41655,0.0,0.07584051071865386,376.0,110.0,2026-12-06
301790,Lisa Landry,james91@example.org,Canada,Retail,2020-09-23,4,2023-01-21,2026-05-06,True,850.0,Valid,373366.52,18378.12777,354988.39223,264.0,0.0,0.0,True,88747.0980575,0.0,0.04922275240425949,214.0,1201.0,2026-12-06
301791,Jessica Fisher,wmorgan@example.org,Vietnam,Corporate,2024-01-06,4,2024-08-28,2026-03-29,True,235.0,Valid,378942.77,40502.98622,338439.78378,356.0,5.0,0.0,True,84609.945945,0.014044943820224719,0.1068841773125794,252.0,578.0,2026-12-06
301792,Olivia Jones,bowersethan@example.org,Germany,Retail,2023-12-17,5,2024-03-30,2026-05-01,True,104.0,Valid,292241.95999999996,12380.53379,279861.42621,276.0,0.0,0.0,True,55972.285242,0.0,0.042363984247847236,219.0,762.0,2026-12-06
301793,Karen Brown,roblescolleen@example.org,Brazil,Corporate,2024-10-08,3,2025-02-03,2026-04-08,True,118.0,Valid,97846.76000000001,4284.15489,93562.60511,259.0,0.0,0.0,True,31187.535036666668,0.0,0.04378433062065621,242.0,429.0,2026-12-06
301794,Brian Mendoza,ojohnson@example.com,China,Retail,2021-04-29,2,2021-10-18,2022-11-03,True,172.0,Valid,177127.04,15850.18048,161276.85952,117.0,0.0,0.0,True,80638.42976,0.0,0.08948481541835736,1494.0,381.0,2026-12-06
301795,David Hernandez,wmartinez@example.net,Australia,Retail,2023-10-30,3,2025-09-13,2026-04-06,True,684.0,Valid,235148.29,12497.47354,212114.23194,217.0,7.0,10536.58452,True,70704.74398,0.03225806451612903,0.05314720145317663,244.0,205.0,2026-12-06
301796,Jamie Reid,deborah56@example.org,France,Retail,2021-06-10,3,2021-08-20,2025-06-18,True,71.0,Valid,62335.810000000005,5166.37137,57169.438630000004,82.0,0.0,0.0,True,19056.479543333335,0.0,0.08287967012861466,536.0,1398.0,2026-12-06
301797,Dustin Hernandez,james00@example.net,India,Corporate,2025-03-22,3,2025-08-14,2026-07-30,True,145.0,Valid,118340.82999999999,8935.67531,109405.15469,192.0,0.0,0.0,True,36468.38489666666,0.0,0.07550796550945267,129.0,350.0,2026-12-06
301798,Patricia Sanchez,morganwarner@example.org,France,Corporate,2021-11-21,5,2022-03-16,2026-07-03,True,115.0,Valid,690776.03,58149.39434,631590.78435,506.0,3.0,1035.85131,True,126318.15686999999,0.005928853754940711,0.08417980910542017,156.0,1570.0,2026-12-06
301799,Gregory Hopkins,njames@example.org,China,Retail,2021-09-13,9,2022-02-01,2026-05-24,True,141.0,Valid,432798.21,68231.8522,348204.89996,359.0,9.0,16361.45784,True,38689.43332888889,0.025069637883008356,0.1576528059115586,196.0,1573.0,2026-12-06
301800,Kimberly Scott,mhopkins@example.net,France,,2025-07-08,7,2025-10-03,2026-07-17,True,87.0,Valid,480409.07,52765.34265,427643.72735,418.0,0.0,0.0,True,61091.96105,0.0,0.10983419328448565,142.0,287.0,2026-12-06
301801,Benjamin Duke,samanthataylor@example.org,United Kingdom,Wholesale,2023-02-24,3,2023-04-16,2025-04-16,True,51.0,Valid,14019.39,84.11634,13935.27366,78.0,0.0,0.0,True,4645.09122,0.0,0.006,599.0,731.0,2026-12-06
301802,Seth Olsen,frank66@example.com,Germany,Wholesale,2021-02-26,2,2022-02-11,2024-07-07,True,350.0,Valid,173830.42,19107.565260000003,154722.85473999998,123.0,0.0,0.0,True,77361.42736999999,0.0,0.10992072193117869,882.0,877.0,2026-12-06
301803,Ricky Robinson,bryce27@example.org,China,Corporate,2021-08-01,2,2024-12-13,2025-04-30,True,1230.0,Valid,26947.08,5739.72804,21207.35196,80.0,0.0,0.0,True,10603.67598,0.0,0.213,585.0,138.0,2026-12-06
301804,Gregory Rivers,tracydavenport@example.net,India,Retail,2025-08-18,2,2026-04-03,2026-07-11,True,228.0,Valid,302033.99,34375.42674,264579.95846,148.0,10.0,3078.6048,True,132289.97923,0.06756756756756757,0.11381310673013989,148.0,99.0,2026-12-06
301805,Jasmin Harrison,cgreen@example.net,Germany,Wholesale,2022-08-17,5,2022-09-09,2025-03-18,True,23.0,Valid,202370.91999999998,25125.27898,177245.64101999998,144.0,0.0,0.0,True,35449.12820399999,0.0,0.12415459187515678,628.0,921.0,2026-12-06
301806,Christopher Olsen,jean10@example.com,United States,Online,2022-02-17,4,2024-02-10,2026-07-02,True,723.0,Valid,197885.45,19514.1048,178371.3452,137.0,0.0,0.0,True,44592.8363,0.0,0.09861313603400351,157.0,873.0,2026-12-06
301807,Aaron Gutierrez,tarabarnes@example.com,France,Online,2022-09-12,5,2023-03-30,2026-02-01,True,199.0,Valid,470599.27,31969.74202,438629.52798,377.0,0.0,0.0,True,87725.905596,0.0,0.06793410882256574,308.0,1039.0,2026-12-06
301808,Brian Cardenas,clinekatie@example.com,China,Retail,2023-05-02,3,2023-11-15,2025-02-17,True,197.0,Valid,238993.65,17419.70483,221573.94517000002,164.0,0.0,0.0,True,73857.98172333335,0.0,0.07288773082464743,657.0,460.0,2026-12-06
301809,Cassie Duffy,jacqueline97@example.net,Australia,Retail,2025-01-16,2,2025-05-28,2026-07-15,True,132.0,Valid,173830.94,24297.37214,149533.56786,144.0,0.0,0.0,True,74766.78393,0.0,0.1397758772977929,144.0,413.0,2026-12-06
301810,Shawn Delacruz,andersondaniel@example.com,United States,Wholesale,2024-07-20,3,2025-08-30,2026-01-06,True,406.0,Valid,107694.4,14261.6752,93432.7248,95.0,0.0,0.0,True,31144.241599999998,0.0,0.13242726827021647,334.0,129.0,2026-12-06
301811,Stephanie Lopez,kellysnyder@example.net,Australia,Wholesale,2025-01-03,2,2025-02-15,2025-04-27,True,43.0,Valid,255438.65000000002,29486.86459,225951.78541,195.0,0.0,0.0,True,112975.892705,0.0,0.11543619021632004,588.0,71.0,2026-12-06
301812,Sarah Barnett,mitchellmichael@example.com,Brazil,Wholesale,2025-08-01,5,2025-08-23,2025-12-06,True,22.0,Valid,403709.27999999997,35701.0647,368008.21530000004,359.0,0.0,0.0,True,73601.64306,0.0,0.08843260848499694,365.0,105.0,2026-12-06
301813,Shawn Brooks,helen07@example.org,China,,2024-04-12,8,2024-06-14,2026-05-01,True,63.0,Valid,580245.6000000001,69671.45369,508937.93389,453.0,6.0,1636.21242,True,63617.24173625,0.013245033112582781,0.12007235158698314,219.0,686.0,2026-12-06
301814,Kendra Davis,jpeters@example.org,France,Retail,2021-09-06,3,2024-01-23,2025-09-23,True,869.0,Valid,267644.58999999997,29199.63257,238444.95743,254.0,0.0,0.0,True,79481.65247666667,0.0,0.10909853462758207,439.0,609.0,2026-12-06
301815,Shirley Steele,levi67@example.com,China,Wholesale,2021-08-18,1,2023-07-20,2023-07-20,True,701.0,Valid,0.0,0.0,0.0,0.0,0.0,0.0,False,0.0,,,1235.0,0.0,2026-12-06
301816,James Russell,,United Kingdom,Wholesale,2024-06-29,1,2026-05-17,2026-05-17,True,687.0,Valid,69374.17,14394.7047,54979.465299999996,97.0,0.0,0.0,False,54979.465299999996,0.0,0.2074937213663241,203.0,0.0,2026-12-06
301817,Austin Taylor,anthonyavery@example.org,Germany,Corporate,2022-10-18,3,2024-11-23,2025-11-24,True,767.0,Valid,184346.26,16274.01051,168072.24949000002,165.0,0.0,0.0,True,56024.08316333334,0.0,0.08827958055671972,377.0,366.0,2026-12-06
301818,Kelly Gordon,david48@example.org,United States,Online,2025-02-13,7,2025-07-12,2026-07-30,True,149.0,Valid,284559.93,31903.69815,252656.23184999998,203.0,0.0,0.0,True,36093.74740714285,0.0,0.11211591930740214,129.0,383.0,2026-12-06
301819,Jenny Hayes,yjohnson@example.net,United Kingdom,Retail,2021-09-08,3,2023-03-08,2023-12-23,True,546.0,Valid,186204.92,27159.13138,159045.78862,134.0,0.0,0.0,True,53015.26287333333,0.0,0.14585614268409233,1079.0,290.0,2026-12-06
301820,Kimberly Sullivan,terrypatrick@example.com,Brazil,,2021-06-30,3,2021-07-09,2026-03-19,True,9.0,Valid,302603.78,40869.62302,261734.15698,258.0,0.0,0.0,True,87244.71899333333,0.0,0.1350598562251932,262.0,1714.0,2026-12-06
301821,Thomas Macdonald,andrewgalloway@example.com,Australia,,2023-11-12,3,2024-08-07,2024-11-25,True,269.0,Valid,167287.57,21418.08272,145869.48728,158.0,0.0,0.0,True,48623.16242666667,0.0,0.12803152511570345,741.0,110.0,2026-12-06
301822,Amber Camacho,josewood@example.org,Germany,Corporate,2022-01-24,4,2022-08-26,2026-04-14,True,214.0,Valid,276446.16,7111.122160000001,269335.03784,276.0,0.0,0.0,True,67333.75946,0.0,0.025723353002986192,236.0,1327.0,2026-12-06
301823,Jacqueline Summers,,Vietnam,,2025-03-16,3,2025-05-27,2025-08-26,True,72.0,Valid,126023.56999999999,3828.8270400000006,122194.74296,149.0,0.0,0.0,True,40731.58098666667,0.0,0.030381832858726355,467.0,91.0,2026-12-06
301824,Richard Schmidt,fernandezbrandon@example.net,France,,2022-08-15,4,2023-08-11,2025-07-24,True,361.0,Valid,236998.22,24491.53436,212506.68563999998,191.0,0.0,0.0,True,53126.671409999995,0.0,0.10334058357062767,500.0,713.0,2026-12-06
301825,Nicole Moss,jonathan10@example.com,Mexico,Corporate,2024-01-05,5,2024-05-04,2025-09-02,True,120.0,Valid,393135.10000000003,37142.74144,355992.35855999996,278.0,0.0,0.0,True,71198.471712,0.0,0.09447831404522261,460.0,486.0,2026-12-06
301826,Gregory Cruz,charles35@example.org,Australia,Corporate,2020-12-21,3,2021-12-11,2023-09-27,True,355.0,Valid,132472.26,17805.14104,114667.11895999999,100.0,0.0,0.0,True,38222.37298666666,0.0,0.1344065620983593,1166.0,655.0,2026-12-06
301827,Denise Brewer,ucollins@example.com,India,Online,2023-04-11,6,2023-08-31,2025-08-17,True,142.0,Valid,441679.55,36197.311149999994,405482.23885,333.0,0.0,0.0,True,67580.37314166667,0.0,0.0819537856122159,476.0,717.0,2026-12-06
301828,Marcus Smith,ublack@example.com,India,,2023-03-12,5,2025-06-02,2026-06-07,True,813.0,Valid,396862.32,67809.81757,329052.50243,328.0,0.0,0.0,True,65810.500486,0.0,0.17086484191797296,182.0,370.0,2026-12-06
301829,Ryan Hayes,barry90@example.org,Japan,Retail,2022-01-27,4,2022-06-15,2026-05-29,True,139.0,Valid,183416.51999999996,19574.212480000002,163842.30752,108.0,0.0,0.0,True,40960.57688,0.0,0.10672000799055617,191.0,1444.0,2026-12-06
301830,Mary Sullivan,timothygarcia@example.org,Japan,Wholesale,2025-02-08,5,2025-04-13,2026-06-21,True,64.0,Valid,397518.44,46483.54734,351034.89266,323.0,0.0,0.0,True,70206.97853200001,0.0,0.11693431716023034,168.0,434.0,2026-12-06
301831,Jean Pollard,krodriguez@example.net,United Kingdom,Online,2021-03-13,3,2022-01-07,2025-03-05,True,300.0,Valid,135570.82,12175.736540000002,112733.67356000001,145.0,5.0,10661.4099,True,37577.89118666667,0.034482758620689655,0.08981089396671055,641.0,1153.0,2026-12-06
301832,Jessica Riley,elizabethmoore@example.org,Vietnam,Corporate,2023-01-06,4,2023-08-16,2025-07-09,True,222.0,Valid,46562.3,5961.1496799999995,39604.41682,104.0,5.0,996.7335,True,9901.104205,0.04807692307692308,0.12802524102116947,515.0,693.0,2026-12-06
301833,Frank Johnson,nicholasscott@example.net,France,Online,2023-01-18,4,2023-02-13,2026-07-26,True,26.0,Valid,115566.95000000001,8827.71372,106739.23628,83.0,0.0,0.0,True,26684.80907,0.0,0.07638614430855879,133.0,1259.0,2026-12-06
301834,Jennifer Gonzales,amywright@example.org,France,,2023-05-12,4,2023-11-10,2026-07-29,True,182.0,Valid,315021.81,48755.90462,266265.90538,197.0,0.0,0.0,True,66566.476345,0.0,0.15476993361189817,130.0,992.0,2026-12-06
301835,Leslie Juarez,justinhughes@example.net,Mexico,Corporate,2025-08-07,8,2025-08-12,2026-07-12,True,5.0,Valid,532860.4299999999,74297.30946,447728.43694,475.0,5.0,10834.6836,True,55966.0546175,0.010526315789473684,0.13943108791170702,147.0,334.0,2026-12-06
301836,Ricardo Olson,jonesmark@example.com,United Kingdom,Wholesale,2021-05-17,3,2024-04-21,2025-11-01,True,1070.0,Valid,172844.02000000002,14526.03593,158317.98406999998,186.0,0.0,0.0,True,52772.66135666666,0.0,0.08404129879645242,400.0,559.0,2026-12-06
301837,John Melton,briggskimberly@example.org,France,Corporate,2025-04-23,3,2025-05-10,2026-03-29,True,17.0,Valid,349054.66000000003,36907.92418,312146.73582,249.0,0.0,0.0,True,104048.91194,0.0,0.10573680402948925,252.0,323.0,2026-12-06
301838,Christine Santana,wwhite@example.com,Germany,Wholesale,2021-06-03,3,2021-09-30,2025-04-18,True,119.0,Valid,57235.619999999995,12597.8229,44637.797099999996,85.0,0.0,0.0,True,14879.265699999998,0.0,0.22010459395739926,597.0,1296.0,2026-12-06
301839,Maria Scott,littlelisa@example.net,Brazil,Retail,2022-10-25,3,2023-03-15,2025-09-07,True,141.0,Valid,142092.0,2234.2376000000004,139857.7624,123.0,0.0,0.0,True,46619.254133333336,0.0,0.015723880302902348,455.0,907.0,2026-12-06
301840,Shaun Wood,ronald30@example.net,Vietnam,Online,2020-12-20,1,2022-04-27,2022-04-27,True,493.0,Valid,32072.86,539.03736,31533.82264,47.0,0.0,0.0,False,31533.82264,0.0,0.016806650856830356,1684.0,0.0,2026-12-06
301841,Thomas Nichols,umartinez@example.org,Germany,,2022-12-31,5,2023-08-15,2026-05-31,True,227.0,Valid,586971.15,46259.67908,540711.47088,403.0,0.0,0.0,True,108142.29417600001,0.0,0.07881082243991037,189.0,1020.0,2026-12-06
301842,Courtney Grimes,stephanieleon@example.com,China,Retail,2023-11-10,6,2023-11-30,2026-07-03,True,20.0,Valid,553415.06,75127.89053,478287.16947,389.0,0.0,0.0,True,79714.52824500001,0.0,0.13575324554774493,156.0,946.0,2026-12-06
301843,Nicole Martinez,donald27@example.net,Brazil,Wholesale,2022-12-11,6,2023-01-09,2026-05-10,True,29.0,Valid,155619.9,17483.99924,126481.74915999999,173.0,5.0,11654.1516,True,21080.291526666664,0.028901734104046242,0.1123506649213886,210.0,1217.0,2026-12-06
301844,Aaron Morrison,ramoschristopher@example.org,Mexico,Wholesale,2023-03-09,3,2023-04-13,2026-03-17,True,35.0,Valid,183820.15,27136.20947,156683.94053,107.0,0.0,0.0,True,52227.980176666664,0.0,0.14762369343078005,264.0,1069.0,2026-12-06
301845,Scott Taylor,emily73@example.net,India,Corporate,2020-11-26,6,2020-12-15,2026-03-27,True,19.0,Valid,455116.56,32219.274719999998,422897.28528,296.0,0.0,0.0,True,70482.88088,0.0,0.07079345721895947,254.0,1928.0,2026-12-06
301846,Matthew Allison,gduke@example.net,Japan,Online,2025-06-26,5,2025-07-19,2025-09-29,True,23.0,Valid,153875.29,23082.037360000002,130793.25263999999,209.0,0.0,0.0,True,26158.650528,0.0,0.15000483417447988,433.0,72.0,2026-12-06
301847,Stephanie Michael,xrodriguez@example.net,Japan,Retail,2024-11-01,6,2025-01-04,2026-06-30,True,64.0,Valid,485208.32999999996,45327.2049,439881.1251,430.0,0.0,0.0,True,73313.52085,0.0,0.09341802705654291,159.0,542.0,2026-12-06
301848,James Carrillo,mphillips@example.net,Germany,Retail,2023-09-18,3,2023-09-19,2025-04-28,True,1.0,Valid,3382.5,399.135,214.0105999999996,38.0,8.0,2769.3544,True,71.33686666666654,0.21052631578947367,0.118,587.0,587.0,2026-12-06
301849,Scott Lee,allen95@example.org,United States,Wholesale,2024-04-12,5,2024-07-30,2026-03-18,True,109.0,Valid,359189.63,33853.55889,325336.07113,322.0,0.0,0.0,True,65067.214226,0.0,0.0942498225519484,263.0,596.0,2026-12-06
301850,Diane Taylor,xfleming@example.org,India,Wholesale,2021-06-21,6,2021-08-01,2024-12-25,True,41.0,Valid,248287.71,17005.13246,231282.57753999997,289.0,0.0,0.0,True,38547.096256666664,0.0,0.06848962624851629,711.0,1242.0,2026-12-06
301851,Tina White,rileykathleen@example.org,India,Online,2024-07-25,4,2024-09-05,2026-01-02,True,42.0,Valid,316734.57,11220.783029999999,305513.78697,202.0,0.0,0.0,True,76378.4467425,0.0,0.03542645512297568,338.0,484.0,2026-12-06
301852,Judy Cox,timothy36@example.org,Germany,Corporate,2025-08-01,6,2025-09-28,2026-07-07,True,58.0,Valid,335766.18000000005,17963.30086,317802.87914,345.0,0.0,0.0,True,52967.14652333333,0.0,0.053499434815025136,152.0,282.0,2026-12-06
301853,Richard Willis,velezmark@example.net,Australia,Corporate,2024-06-22,7,2024-07-09,2026-04-30,True,17.0,Valid,422496.78,27178.639619999998,395318.14038,366.0,0.0,0.0,True,56474.02005428571,0.0,0.06432863138033856,220.0,660.0,2026-12-06
301854,James Poole,robertjohnson@example.org,China,Wholesale,2024-05-03,9,2024-04-06,2026-07-19,True,-27.0,First Order Before Signup,343845.18,38040.37666,305804.80334,308.0,0.0,0.0,True,33978.31148222222,0.0,0.11063228124936927,140.0,834.0,2026-12-06
301855,Kenneth Clark,megan59@example.com,United Kingdom,Online,2021-05-03,3,2021-07-23,2025-08-06,True,81.0,Valid,108337.8,13845.78585,88518.30765,70.0,10.0,5973.7065,True,29506.10255,0.14285714285714285,0.12780198462586465,487.0,1475.0,2026-12-06
301856,Christina Flores,michaelkline@example.net,Australia,Corporate,2024-12-24,5,2025-03-30,2026-01-29,True,96.0,Valid,193295.09,13627.73162,179667.35838,219.0,0.0,0.0,True,35933.471676,0.0,0.0705022130670779,311.0,305.0,2026-12-06
301857,Jamie Hudson,patrick86@example.net,United Kingdom,Wholesale,2021-08-07,2,2025-03-13,2025-11-19,True,1314.0,Valid,0.0,0.0,0.0,46.0,0.0,0.0,True,0.0,0.0,,382.0,251.0,2026-12-06
301858,Ronald Burnett,mcdowellchristopher@example.com,Mexico,Wholesale,2022-08-08,3,2022-11-11,2025-11-09,True,95.0,Valid,22707.510000000002,3184.25737,19523.25263,57.0,0.0,0.0,True,6507.750876666666,0.0,0.14022926203709696,392.0,1094.0,2026-12-06
301859,Jennifer Diaz,lanceryan@example.com,Australia,Wholesale,2024-02-16,4,2024-03-29,2026-04-03,True,42.0,Valid,378709.09,38407.46952,340301.62048,436.0,0.0,0.0,True,85075.40512,0.0,0.10141681447361085,247.0,735.0,2026-12-06
301860,Carol Le,kellywilliams@example.org,India,Corporate,2024-12-15,5,2025-06-18,2026-10-05,True,185.0,Valid,429684.98,26193.55874,403491.42126,290.0,0.0,0.0,True,80698.284252,0.0,0.060959912399078976,62.0,474.0,2026-12-06
301861,Mary Smith,fbeck@example.com,United States,Corporate,2024-02-10,6,2025-02-18,2026-02-26,True,374.0,Valid,210240.94,27785.51727,182455.42273,296.0,0.0,0.0,True,30409.237121666665,0.0,0.13216035501934115,283.0,373.0,2026-12-06
301862,Alan Miller,hansenmatthew@example.org,Mexico,Retail,2023-12-31,6,2024-05-12,2026-03-14,True,133.0,Valid,303792.48000000004,17795.66498,285996.81502,306.0,0.0,0.0,True,47666.13583666666,0.0,0.05857835908248946,267.0,671.0,2026-12-06
301863,Brian Best II,kochheather@example.org,Japan,Corporate,2024-10-13,7,2024-10-21,2026-02-02,True,8.0,Valid,578205.76,35372.21521,542833.54479,463.0,0.0,0.0,True,77547.64925571428,0.0,0.06117582642206816,307.0,469.0,2026-12-06
301864,Jason Rios,patrickmarquez@example.org,United Kingdom,Retail,2025-08-09,4,2025-10-25,2026-07-13,True,77.0,Valid,319796.12,49764.20004,270031.91996,241.0,0.0,0.0,True,67507.97999,0.0,0.15561226959226399,146.0,261.0,2026-12-06
301865,Anthony Bowen,foxbrooke@example.org,Vietnam,Wholesale,2024-09-21,2,2025-03-23,2025-11-10,True,183.0,Valid,134029.62,634.17438,133395.44562,102.0,0.0,0.0,True,66697.72281,0.0,0.004731598731683341,391.0,232.0,2026-12-06
301866,Brian Smith,melissa80@example.org,India,Wholesale,2020-12-29,6,2023-02-20,2026-03-14,True,783.0,Valid,291342.54000000004,10604.857469999999,280737.68251,325.0,0.0,0.0,True,46789.61375166667,0.0,0.03639996229180949,267.0,1118.0,2026-12-06
301867,Mrs. Melissa Ramirez,amy92@example.net,Mexico,Online,2023-04-19,2,2024-06-08,2026-05-17,True,416.0,Valid,69639.0,3478.9889999999996,66160.011,61.0,0.0,0.0,True,33080.0055,0.0,0.049957480722009215,203.0,708.0,2026-12-06
301868,Crystal Mclean,cynthiabutler@example.org,Mexico,Corporate,2024-01-30,5,2024-07-02,2026-01-11,True,154.0,Valid,373741.19000000006,54006.25376,319734.93623999995,288.0,0.0,0.0,True,63946.98724799999,0.0,0.14450174400097562,329.0,558.0,2026-12-06
301869,Christopher Hendricks,huntlisa@example.org,Canada,Retail,2021-11-16,6,2022-06-16,2025-05-16,True,212.0,Valid,227496.18,5405.47486,222090.70514,117.0,0.0,0.0,True,37015.117523333334,0.0,0.023760728026290378,569.0,1065.0,2026-12-06
301870,Jessica Jones,kimberly47@example.org,India,Online,2025-08-03,6,2025-09-23,2026-04-16,True,51.0,Valid,422885.63,34326.600549999996,388559.02949000004,307.0,0.0,0.0,True,64759.83824833334,0.0,0.0811723031354837,234.0,205.0,2026-12-06
301871,Connie Holder,johnsonmichael@example.net,France,Wholesale,2025-01-08,3,2025-04-15,2026-04-24,True,97.0,Valid,98462.99,25438.195529999997,73024.79447,120.0,0.0,0.0,True,24341.598156666663,0.0,0.2583528646651904,226.0,374.0,2026-12-06
301872,Natalie Smith,mcrawford@example.net,France,Corporate,2025-05-25,0,,,False,,Cannot Determine,0.0,0.0,0.0,0.0,0.0,0.0,False,,,,,,2026-12-06
301873,Veronica Davis,burgessdonald@example.com,Mexico,Corporate,2022-11-26,2,2023-10-03,2026-04-08,True,311.0,Valid,66645.02,3586.7055,63058.31449999999,57.0,0.0,0.0,True,31529.157249999997,0.0,0.053818057223180366,242.0,918.0,2026-12-06
301874,Jason Boyer,todddale@example.com,United Kingdom,Online,2023-09-12,2,2023-09-21,2025-09-16,True,9.0,Valid,67576.48999999999,13543.159319999999,54033.33068000001,106.0,0.0,0.0,True,27016.665340000003,0.0,0.20041229309187264,446.0,726.0,2026-12-06
301875,Annette Simpson,ikane@example.net,China,Wholesale,2022-10-19,5,2022-11-19,2026-05-24,True,31.0,Valid,439575.98,19618.082440000002,419957.89755999995,361.0,0.0,0.0,True,83991.579512,0.0,0.04462955969523176,196.0,1282.0,2026-12-06
301876,Claire Mcintosh,qgardner@example.net,China,Retail,2023-04-27,4,2023-08-27,2024-11-19,True,122.0,Valid,448929.93,57911.59237,391018.33762999997,211.0,0.0,0.0,True,97754.58440749999,0.0,0.12899917893645452,747.0,450.0,2026-12-06
301877,Matthew Koch,stevemorales@example.net,Australia,Retail,2022-06-14,4,2022-06-26,2025-12-31,True,12.0,Valid,425861.68,49811.67812,371723.89448,302.0,4.0,4326.1074,True,92930.97362,0.013245033112582781,0.11696680039396828,340.0,1284.0,2026-12-06
301878,Jeffrey Robertson,hudsongwendolyn@example.com,Brazil,,2021-06-17,6,2021-06-27,2026-03-19,True,10.0,Valid,301232.5,27393.05445,273839.44555,428.0,0.0,0.0,True,45639.90759166667,0.0,0.09093658370195778,262.0,1726.0,2026-12-06
301879,James Montoya,jacobrangel@example.net,United States,Retail,2023-11-19,8,2024-01-31,2026-01-03,True,73.0,Valid,398966.56999999995,24090.73994,374875.83005999995,323.0,4.0,0.0,True,46859.478757499994,0.01238390092879257,0.060382853480681356,337.0,703.0,2026-12-06
301880,Tracy Smith,beverly35@example.net,Canada,Retail,2024-01-17,4,2024-02-13,2026-01-05,True,27.0,Valid,151984.36,13717.56352,138266.79648,154.0,0.0,0.0,True,34566.69912,0.0,0.09025641533115644,335.0,692.0,2026-12-06
301881,Glenn Woods,,Canada,Retail,2023-05-05,4,2023-08-06,2025-04-30,True,93.0,Valid,661609.2899999999,38968.377440000004,621221.13711,497.0,1.0,1419.77545,True,155305.2842775,0.002012072434607646,0.05889938069037696,585.0,633.0,2026-12-06
301882,Alexander Roberson,susan80@example.com,United States,Online,2024-11-04,6,2024-11-28,2026-04-29,True,24.0,Valid,481079.71,49133.716270000004,431945.99373,468.0,0.0,0.0,True,71990.998955,0.0,0.10213217321096332,221.0,517.0,2026-12-06
301883,Michael Mcconnell,mejiadaniel@example.com,Brazil,,2020-10-23,2,2024-10-15,2025-12-09,True,1453.0,Valid,1204.97,83.14293,1121.82707,1.0,0.0,0.0,True,560.913535,0.0,0.069,362.0,420.0,2026-12-06
301884,Chelsea Jones,brittanyrush@example.com,Canada,Retail,2022-04-24,3,2023-03-28,2026-03-07,True,338.0,Valid,167087.13,7152.96465,159934.16530999998,208.0,0.0,0.0,True,53311.38843666666,0.0,0.04280978822246812,274.0,1075.0,2026-12-06
301885,Brandon Patel,wongmckenzie@example.com,Japan,Online,2024-12-31,5,2025-02-08,2026-07-27,True,39.0,Valid,220816.71,16105.17837,204711.53162999998,187.0,0.0,0.0,True,40942.306326,0.0,0.07293459978640203,132.0,534.0,2026-12-06
301886,Shane Ward,,United States,,2023-04-17,5,2023-05-25,2025-11-27,True,38.0,Valid,219215.61000000002,18641.47544,200574.13455999998,266.0,0.0,0.0,True,40114.826912,0.0,0.08503717157733429,374.0,917.0,2026-12-06
301887,Catherine Gould,dbailey@example.org,Brazil,Corporate,2022-01-05,7,2023-02-23,2025-11-09,True,414.0,Valid,875924.73,110951.73749,750960.37811,683.0,8.0,14012.6144,True,107280.0540157143,0.01171303074670571,0.12666811849232754,392.0,990.0,2026-12-06
301888,Patricia Lawrence,martinezjessica@example.org,United States,,2023-10-18,2,2024-11-05,2025-04-05,True,384.0,Valid,18588.16,2899.68088,11880.88712,13.0,2.0,3807.592,True,5940.44356,0.15384615384615385,0.1559961222627737,610.0,151.0,2026-12-06
301889,Mathew Myers,snydergeorge@example.org,Vietnam,Wholesale,2022-05-13,2,2023-11-27,2025-01-05,True,563.0,Valid,315143.69,35328.52574,279815.16426,199.0,0.0,0.0,True,139907.58213,0.0,0.11210291324570071,700.0,405.0,2026-12-06
301890,Haley Cowan,jeremylopez@example.net,United Kingdom,Corporate,2022-09-03,3,2022-12-22,2025-09-22,True,110.0,Valid,116007.32,10360.11511,105647.20489000001,246.0,0.0,0.0,True,35215.734963333336,0.0,0.08930570165744714,440.0,1005.0,2026-12-06
301891,Justin Cruz,smithstephanie@example.net,France,Wholesale,2021-09-19,2,2025-11-06,2025-12-11,True,1509.0,Valid,165499.79,15362.13823,150137.65177,113.0,0.0,0.0,True,75068.825885,0.0,0.0928227052735233,360.0,35.0,2026-12-06
301892,Robin Floyd,bcurtis@example.org,United Kingdom,,2021-08-23,4,2022-03-06,2025-05-19,True,195.0,Valid,184521.1,21897.78429,160202.26405,152.0,2.0,2421.05166,True,40050.5660125,0.013157894736842105,0.11867360583694764,566.0,1170.0,2026-12-06
301893,Joanne Allen,,Canada,Wholesale,2021-12-17,5,2022-10-12,2025-04-27,True,299.0,Valid,387096.42,45772.330050000004,341324.08995,315.0,0.0,0.0,True,68264.81799,0.0,0.11824529415694417,588.0,928.0,2026-12-06
301894,Destiny Myers,rachel74@example.org,United Kingdom,Corporate,2021-02-15,3,2022-02-18,2025-01-23,True,368.0,Valid,80865.2,4414.50193,76450.69807,116.0,0.0,0.0,True,25483.566023333333,0.0,0.0545908738245871,682.0,1070.0,2026-12-06
301895,Katherine Clark,jon53@example.com,Germany,Wholesale,2024-04-07,5,2024-06-27,2025-01-30,True,81.0,Valid,231039.55000000002,17418.17693,213621.37307,139.0,0.0,0.0,True,42724.274614,0.0,0.07539045557351544,675.0,217.0,2026-12-06
301896,James Patterson,ggomez@example.org,Canada,Wholesale,2022-04-26,5,2023-12-06,2025-11-27,True,589.0,Valid,243715.98,27733.610119999998,215982.36988,315.0,0.0,0.0,True,43196.473976,0.0,0.11379479556490303,374.0,722.0,2026-12-06
301897,Katie Buchanan,donnamcintosh@example.net,United Kingdom,Corporate,2023-12-30,4,2024-06-09,2026-05-18,True,162.0,Valid,223628.93,26884.366370000003,196744.56363,191.0,0.0,0.0,True,49186.1409075,0.0,0.12021864241804495,202.0,708.0,2026-12-06
301898,Christopher Butler,,Vietnam,Online,2023-05-26,7,2024-04-22,2025-09-04,True,332.0,Valid,158570.22999999998,20394.742830000003,131668.40782,224.0,5.0,6507.07935,True,18809.772545714284,0.022321428571428572,0.1286164674794254,458.0,500.0,2026-12-06
301899,Allen Alvarado,hkennedy@example.com,Japan,Wholesale,2023-04-03,2,2025-08-03,2026-04-20,True,853.0,Valid,234749.3,34461.446899999995,200287.8531,203.0,0.0,0.0,True,100143.92655,0.0,0.1468010635175483,230.0,260.0,2026-12-06
301900,Lisa Sanchez,,Canada,Wholesale,2020-09-08,2,2020-11-20,2025-01-13,True,73.0,Valid,221386.94,21114.90524,200272.03476,165.0,0.0,0.0,True,100136.01738,0.0,0.09537556840525462,692.0,1515.0,2026-12-06
301901,Darlene Sanchez,sshea@example.com,Japan,Corporate,2021-10-03,1,2023-11-20,2023-11-20,True,778.0,Valid,94611.88,15894.79584,78717.08416,46.0,0.0,0.0,False,78717.08416,0.0,0.168,1112.0,0.0,2026-12-06
301902,Alexander Ramsey,luis05@example.net,Germany,Retail,2024-12-30,5,2025-03-01,2026-04-06,True,61.0,Valid,121061.81999999999,9772.12011,111289.69989,207.0,0.0,0.0,True,22257.939978000002,0.0,0.08072008259912168,244.0,401.0,2026-12-06
301903,Derrick Ford,williamsjames@example.org,Brazil,Corporate,2020-10-28,5,2021-07-04,2025-12-08,True,249.0,Valid,197363.73,25514.134920000004,171849.59508,188.0,0.0,0.0,True,34369.919016,0.0,0.12927468952882074,363.0,1618.0,2026-12-06
301904,Olivia Bradley,,Canada,Wholesale,2025-04-02,6,2025-05-10,2026-06-03,True,38.0,Valid,292820.23,31296.82041,261523.40959,233.0,0.0,0.0,True,43587.234931666666,0.0,0.10688066329980002,186.0,389.0,2026-12-06
301905,Leslie Nelson,,Australia,Wholesale,2025-03-14,3,2026-06-01,2026-10-05,True,444.0,Valid,215320.35,12941.584780000001,188052.85401999997,136.0,8.0,14325.9112,True,62684.28467333332,0.058823529411764705,0.060103862825784934,62.0,126.0,2026-12-06
301906,Chad Hansen,daniel02@example.net,Vietnam,Wholesale,2025-04-16,4,2025-10-30,2026-08-01,True,197.0,Valid,275460.67,23227.75191,252232.91809,192.0,0.0,0.0,True,63058.2295225,0.0,0.08432329707903491,127.0,275.0,2026-12-06
301907,Willie Johnson,susandavis@example.org,India,Corporate,2024-02-25,4,2024-07-18,2026-01-24,True,144.0,Valid,260481.84,15333.3895,245148.4505,333.0,0.0,0.0,True,61287.112625,0.0,0.058865483674408935,316.0,555.0,2026-12-06
301908,Brenda Marshall,kelsey33@example.com,United Kingdom,Wholesale,2022-05-20,4,2023-01-20,2025-08-11,True,245.0,Valid,225619.87,11856.911660000002,213762.95834,169.0,0.0,0.0,True,53440.739585,0.0,0.05255260389964768,482.0,934.0,2026-12-06
301909,Erin Miller,rodriguezjohn@example.com,Canada,Wholesale,2023-10-07,5,2023-11-13,2025-06-27,True,37.0,Valid,243724.02999999997,18561.141059999998,225162.88893999998,331.0,0.0,0.0,True,45032.577787999995,0.0,0.07615638499002335,527.0,592.0,2026-12-06
301910,Sean Morales,,United Kingdom,Online,2023-07-18,3,2025-11-03,2026-06-29,True,839.0,Valid,90974.88,18895.688479999997,72079.19152,227.0,0.0,0.0,True,24026.39717333333,0.0,0.2077022633060906,160.0,238.0,2026-12-06
301911,Jamie White,daniel08@example.com,Japan,Retail,2023-06-03,5,2023-10-04,2025-06-20,True,123.0,Valid,385061.6,31148.2486,335051.90739999997,433.0,10.0,18861.444,True,67010.38148,0.023094688221709007,0.08089159916231585,534.0,625.0,2026-12-06
301912,Kristen Rhodes,kelly14@example.net,Mexico,Corporate,2023-02-22,5,2023-03-29,2024-01-20,True,35.0,Valid,198227.01,12065.58906,186161.42093999998,149.0,0.0,0.0,True,37232.284188,0.0,0.06086753293610189,1051.0,297.0,2026-12-06
301913,Rebecca Colon,richardsmario@example.org,Vietnam,Corporate,2024-12-06,4,2025-04-02,2026-07-11,True,117.0,Valid,89734.0,1412.25973,88235.85187,77.0,1.0,85.8884,True,22058.9629675,0.012987012987012988,0.015738290168720886,148.0,465.0,2026-12-06
301914,Elizabeth Poole,katelyn37@example.net,France,Corporate,2023-01-18,3,2023-11-25,2026-04-02,True,311.0,Valid,199682.99,16651.15364,183031.83636000002,178.0,0.0,0.0,True,61010.612120000005,0.0,0.08338794225787585,248.0,859.0,2026-12-06
301915,Brandy Lopez,perryjames@example.com,China,,2020-10-27,7,2020-11-13,2026-07-31,True,17.0,Valid,684822.02,73086.06195,606146.27735,536.0,3.0,5589.6807,True,86592.32533571428,0.005597014925373134,0.10672271015759686,128.0,2086.0,2026-12-06
301916,Ryan Singleton,maria56@example.net,Canada,Wholesale,2021-11-30,2,2024-06-05,2025-10-18,True,918.0,Valid,11245.04,134.94048,11110.09952,50.0,0.0,0.0,True,5555.04976,0.0,0.012,414.0,500.0,2026-12-06
301917,Carol Coleman,thompsonroger@example.net,United States,Wholesale,2024-04-10,4,2024-12-06,2026-02-05,True,240.0,Valid,152858.85,17959.083870000002,134249.41413,112.0,3.0,650.352,True,33562.3535325,0.026785714285714284,0.11748802159639433,304.0,426.0,2026-12-06
301918,William Pena,lmoore@example.net,India,Online,2021-12-14,5,2022-03-14,2026-05-18,True,90.0,Valid,124860.53,16387.73496,96589.11939,76.0,5.0,11883.67565,True,19317.823878000003,0.06578947368421052,0.1312483213069815,202.0,1526.0,2026-12-06
301919,David Munoz,yallen@example.org,Mexico,Retail,2025-04-30,7,2025-08-05,2026-06-17,True,97.0,Valid,418169.88,44640.172,373529.708,353.0,0.0,0.0,True,53361.386857142854,0.0,0.10675128490842047,172.0,316.0,2026-12-06
301920,Tiffany Graham,teverett@example.com,Germany,Corporate,2025-12-04,2,2025-11-06,2026-06-25,True,-28.0,First Order Before Signup,52095.68000000001,6443.20849,45652.47151,187.0,0.0,0.0,True,22826.235755,0.0,0.12368028385463053,164.0,231.0,2026-12-06
301921,Luis Lawrence,samanthamartinez@example.net,Germany,Online,2020-10-29,1,2021-05-23,2021-05-23,True,206.0,Valid,0.0,0.0,0.0,42.0,0.0,0.0,False,0.0,0.0,,2023.0,0.0,2026-12-06
301922,Darren Lara,stephanielewis@example.org,United Kingdom,,2024-03-08,2,2025-09-03,2026-04-25,True,544.0,Valid,372158.76,64408.76782,307749.99218,257.0,0.0,0.0,True,153874.99609,0.0,0.17306798802747517,225.0,234.0,2026-12-06
301923,Kristi Bernard,,France,Wholesale,2024-10-20,4,2024-11-14,2026-07-18,True,25.0,Valid,183838.08000000002,15627.993040000001,168210.08696,136.0,0.0,0.0,True,42052.52174,0.0,0.08500955318941537,141.0,611.0,2026-12-06
301924,Lawrence Allen,,United States,Wholesale,2021-06-05,4,2021-12-18,2026-08-01,True,196.0,Valid,168464.21,32201.62173,136262.58827,198.0,0.0,0.0,True,34065.6470675,0.0,0.19114814790631196,127.0,1687.0,2026-12-06
301925,David Anderson,katie76@example.com,Brazil,Wholesale,2024-08-04,3,2024-10-28,2025-09-20,True,85.0,Valid,332308.71,31982.162930000002,300326.54707,197.0,0.0,0.0,True,100108.84902333333,0.0,0.09624232518611986,442.0,327.0,2026-12-06
301926,Ashley Rivera,goodmancourtney@example.org,Canada,Online,2021-08-03,5,2022-01-19,2026-06-07,True,169.0,Valid,314376.82999999996,20181.77531,286281.12069,182.0,7.0,7913.934,True,57256.224138000005,0.038461538461538464,0.06419612828973434,182.0,1600.0,2026-12-06
301927,Michelle Lucas,ryangilbert@example.org,India,Retail,2025-02-20,2,2025-08-29,2025-11-06,True,190.0,Valid,84543.29999999999,7343.758,77199.542,56.0,0.0,0.0,True,38599.771,0.0,0.08686386739102922,395.0,69.0,2026-12-06
301928,Andrew Delgado,elizabethrichards@example.com,Mexico,Corporate,2025-03-29,2,2025-08-26,2025-12-01,True,150.0,Valid,238622.18000000002,26828.730950000005,211793.44905,180.0,0.0,0.0,True,105896.724525,0.0,0.11243184078697128,370.0,97.0,2026-12-06
301929,Erica Russell,frysharon@example.net,China,Wholesale,2021-04-04,4,2021-12-25,2025-08-08,True,265.0,Valid,46533.130000000005,3588.63888,42944.49112,20.0,0.0,0.0,True,10736.12278,0.0,0.0771200836909101,485.0,1322.0,2026-12-06
301930,Toni Lamb,,Germany,Corporate,2021-04-19,3,2021-11-23,2023-09-06,True,218.0,Valid,162702.92,1878.16702,160824.75298,198.0,0.0,0.0,True,53608.25099333333,0.0,0.011543536034878784,1187.0,652.0,2026-12-06
301931,Michael Miller,simontracy@example.net,Canada,Corporate,2021-03-22,6,2021-06-17,2026-02-22,True,87.0,Valid,307310.44,30096.30539,265649.13301,361.0,5.0,11565.0016,True,44274.855501666665,0.013850415512465374,0.09793453613225767,287.0,1711.0,2026-12-06
301932,Joshua Sanders,buchananscott@example.net,Australia,Corporate,2021-06-11,1,2024-11-22,2024-11-22,True,1260.0,Valid,49523.53,7973.28833,41550.24167,43.0,0.0,0.0,False,41550.24167,0.0,0.161,744.0,0.0,2026-12-06
301933,Ashley Johnson,annettefleming@example.com,United States,Wholesale,2022-12-19,1,2024-05-13,2024-05-13,True,511.0,Valid,6651.04,1537.8324,5113.2076,44.0,0.0,0.0,False,5113.2076,0.0,0.23121683225480527,937.0,0.0,2026-12-06
301934,Hannah Larson,brooksjames@example.com,United Kingdom,Retail,2020-09-01,6,2021-03-22,2025-10-26,True,202.0,Valid,339312.69,43628.48367,295684.20632999996,224.0,0.0,0.0,True,49280.70105499999,0.0,0.12857899205007628,406.0,1679.0,2026-12-06
301935,Robert Thompson,kimberlybennett@example.net,Canada,Online,2022-01-13,3,2022-10-11,2025-09-15,True,271.0,Valid,177320.62000000002,31597.96853,145722.65147,93.0,0.0,0.0,True,48574.21715666667,0.0,0.17819680830125675,447.0,1070.0,2026-12-06
301936,Louis Eaton DDS,dana02@example.net,United Kingdom,Retail,2021-11-19,3,2022-06-29,2026-04-23,True,222.0,Valid,136149.5,18683.06514,117466.43486,150.0,0.0,0.0,True,39155.478286666665,0.0,0.137224632775001,227.0,1394.0,2026-12-06
301937,Philip Williams,nelsoncassandra@example.net,Germany,Corporate,2022-03-31,3,2024-09-08,2025-08-09,True,892.0,Valid,371617.25,28800.3856,342816.86439999996,260.0,0.0,0.0,True,114272.28813333332,0.0,0.07750013111608786,484.0,335.0,2026-12-06
301938,Michael Stevens,kenneth18@example.net,France,Wholesale,2024-08-10,6,2024-12-26,2026-06-22,True,138.0,Valid,478266.33999999997,39688.17052,438578.16948,450.0,0.0,0.0,True,73096.36158,0.0,0.08298340736251689,167.0,543.0,2026-12-06
301939,Jeff Wagner,jonesjohn@example.net,United States,Wholesale,2024-04-13,3,2024-11-06,2026-07-27,True,207.0,Valid,152586.84,28084.58952,124502.25047999999,89.0,0.0,0.0,True,41500.750159999996,0.0,0.18405643317601966,132.0,628.0,2026-12-06
301940,Benjamin Savage,craig34@example.com,Mexico,,2023-12-28,5,2024-04-08,2026-05-21,True,102.0,Valid,268919.32,36242.74789,232676.57210999998,253.0,0.0,0.0,True,46535.314421999996,0.0,0.13477182632322585,199.0,773.0,2026-12-06
301941,Caitlin Smith,amandapayne@example.com,Canada,Wholesale,2020-12-18,3,2021-03-04,2026-03-18,True,76.0,Valid,132173.79,24322.00702,107851.78298,89.0,0.0,0.0,True,35950.594326666665,0.0,0.18401535599455837,263.0,1840.0,2026-12-06
301942,Ray Singh,keithemily@example.net,Germany,Retail,2024-08-23,4,2025-01-12,2026-04-27,True,142.0,Valid,321577.61,20043.19567,301534.41433,223.0,0.0,0.0,True,75383.6035825,0.0,0.06232770891605296,223.0,470.0,2026-12-06
301943,Jennifer Perry,youngannette@example.net,Australia,Retail,2021-04-09,8,2021-10-09,2026-03-22,True,183.0,Valid,307120.85,27458.683240000002,279662.16676,287.0,0.0,0.0,True,34957.770845,0.0,0.08940677013625094,259.0,1625.0,2026-12-06
301944,Meredith Mooney,dburke@example.net,China,Corporate,2024-01-25,1,2024-11-27,2024-11-27,True,307.0,Valid,101351.45999999999,14779.1823,86572.2777,83.0,0.0,0.0,False,86572.2777,0.0,0.14582110903977114,739.0,0.0,2026-12-06
301945,Maria Patterson,brandonjohnson@example.org,France,Retail,2023-03-20,7,2023-04-19,2025-11-28,True,30.0,Valid,404862.27,42011.05682,362851.21318,332.0,0.0,0.0,True,51835.88759714286,0.0,0.10376629271974391,373.0,954.0,2026-12-06
301946,Ariel Williams,dgentry@example.org,India,Corporate,2021-01-25,8,2021-06-02,2026-02-11,True,128.0,Valid,415890.59,21728.19371,385570.30289,373.0,10.0,8592.0934,True,48196.28786125,0.02680965147453083,0.05224497555955762,298.0,1715.0,2026-12-06
301947,Jacob Bauer,dalton37@example.org,Australia,Corporate,2022-10-31,6,2023-08-03,2026-05-29,True,276.0,Valid,445355.64999999997,33716.21098,411639.43902,344.0,0.0,0.0,True,68606.57317,0.0,0.07570626078281482,191.0,1030.0,2026-12-06
301948,Brian Norman,deanlauren@example.com,Japan,Online,2023-04-24,2,2024-09-03,2024-10-20,True,498.0,Valid,13029.22,1903.6535,11125.566499999999,12.0,0.0,0.0,True,5562.7832499999995,0.0,0.14610648219924138,777.0,47.0,2026-12-06
301949,Jennifer Kennedy,ycooper@example.org,United Kingdom,Wholesale,2022-06-22,3,2024-06-19,2024-08-24,True,728.0,Valid,87242.64,15982.46506,71260.17494,75.0,0.0,0.0,True,23753.391646666667,0.0,0.1831955688181834,834.0,66.0,2026-12-06
301950,Jonathan Young,znavarro@example.org,United States,Wholesale,2023-08-31,3,2024-03-06,2025-04-22,True,188.0,Valid,345973.94999999995,24089.6349,321884.3151,215.0,0.0,0.0,True,107294.7717,0.0,0.06962846451300742,593.0,412.0,2026-12-06
301951,Kathryn Brady,wallen@example.com,China,Retail,2024-02-08,3,2024-03-19,2025-11-07,True,40.0,Valid,99027.91,24954.12947,72017.13851,94.0,2.0,2056.64202,True,24005.71283666667,0.02127659574468085,0.25199087277516,394.0,598.0,2026-12-06
301952,Pamela James,bstephens@example.com,Mexico,Corporate,2021-03-13,2,2023-08-26,2025-11-30,True,896.0,Valid,146505.01,26222.74424,120282.26576000001,104.0,0.0,0.0,True,60141.132880000005,0.0,0.17898872018096854,371.0,827.0,2026-12-06
301953,Brett Stephens,cburgess@example.org,France,Online,2022-06-25,3,2022-12-09,2026-07-15,True,167.0,Valid,166646.83000000002,25710.16691,138159.70565,134.0,18.0,2776.95744,True,46053.23521666666,0.13432835820895522,0.15427936378987825,144.0,1314.0,2026-12-06
301954,Matthew Love,elizabeth14@example.com,United Kingdom,Corporate,2024-04-23,4,2024-07-10,2025-04-22,True,78.0,Valid,210722.93,15236.68838,191496.60954,198.0,6.0,3989.63208,True,47874.152385,0.030303030303030304,0.07230674127395628,593.0,286.0,2026-12-06
301955,Casey Coleman,aaronbean@example.org,Japan,Wholesale,2024-08-07,2,2025-09-27,2025-09-29,True,416.0,Valid,185751.20999999996,4489.46243,181261.74757,113.0,0.0,0.0,True,90630.873785,0.0,0.024169223069933167,433.0,2.0,2026-12-06
301956,Richard Sutton,conniegarcia@example.org,Germany,Online,2021-01-08,2,2021-10-18,2024-04-06,True,283.0,Valid,135134.16,18004.34621,117129.81379,118.0,0.0,0.0,True,58564.906895,0.0,0.1332331233642182,974.0,901.0,2026-12-06
301957,Kyle Mooney,aclark@example.com,Vietnam,Corporate,2022-02-21,5,2022-04-23,2025-03-02,True,61.0,Valid,307514.77999999997,36210.940180000005,271303.83982,305.0,0.0,0.0,True,54260.767964,0.0,0.11775349523037562,644.0,1044.0,2026-12-06
301958,Jasmine Bennett,ewatkins@example.org,France,Retail,2023-01-23,1,2025-07-13,2025-07-13,True,902.0,Valid,58734.54,352.40724,58382.13276,37.0,0.0,0.0,False,58382.13276,0.0,0.006,511.0,0.0,2026-12-06
301959,Peggy Hall,ramirezjeffrey@example.net,Japan,Retail,2021-09-30,6,2021-11-22,2026-06-21,True,53.0,Valid,522498.74,51079.80751,457223.49921,311.0,8.0,14195.43328,True,76203.916535,0.02572347266881029,0.09776063289645445,168.0,1672.0,2026-12-06
301960,Jennifer Perez,cannonbarbara@example.org,Brazil,Retail,2023-09-06,6,2023-11-19,2025-01-21,True,74.0,Valid,457337.81,50655.4907,406682.31930000003,402.0,0.0,0.0,True,67780.38655000001,0.0,0.11076165056197737,684.0,429.0,2026-12-06
301961,Troy Travis,stanleygary@example.org,Germany,Retail,2024-05-25,3,2024-07-15,2025-07-02,True,51.0,Valid,159641.95,3834.62561,155807.32439,111.0,0.0,0.0,True,51935.774796666665,0.0,0.02402016268280361,522.0,352.0,2026-12-06
301962,Diana Williams,brendan29@example.org,Japan,Corporate,2022-07-31,4,2024-03-29,2026-02-04,True,607.0,Valid,275530.41,34058.97985,241471.43015,130.0,0.0,0.0,True,60367.8575375,0.0,0.12361241668387894,305.0,677.0,2026-12-06
301963,Carl Moore,mmartinez@example.org,Japan,Retail,2021-01-27,3,2022-10-05,2025-03-06,True,616.0,Valid,237054.91,15704.5222,214663.0968,224.0,11.0,6687.290999999999,True,71554.3656,0.049107142857142856,0.06624845779401911,640.0,883.0,2026-12-06
301964,Michael Barton,epearson@example.com,Canada,Retail,2021-02-06,5,2022-04-29,2026-01-23,True,447.0,Valid,270300.91000000003,23488.302760000002,246812.60723999998,262.0,0.0,0.0,True,49362.521448,0.0,0.08689686897465494,317.0,1365.0,2026-12-06
301965,Monica Copeland,marissa74@example.net,Mexico,Online,2024-01-19,4,2024-11-23,2026-07-09,True,309.0,Valid,357490.93000000005,32005.408799999997,325485.52119999996,232.0,0.0,0.0,True,81371.38029999999,0.0,0.08952789039990468,150.0,593.0,2026-12-06
301966,Amy Martin,danielmartinez@example.com,France,Wholesale,2023-09-26,4,2025-04-12,2026-05-05,True,564.0,Valid,208619.37,24498.238240000002,184121.13176,273.0,0.0,0.0,True,46030.28294,0.0,0.11743031454845254,215.0,388.0,2026-12-06
301967,George Butler,tranamanda@example.org,India,Online,2023-05-25,3,2024-05-18,2026-04-03,True,359.0,Valid,91713.79,8719.443179999998,82994.34682,55.0,0.0,0.0,True,27664.782273333334,0.0,0.0950723242382634,247.0,685.0,2026-12-06
301968,Alexandra Jones,crystalcohen@example.net,United Kingdom,Retail,2025-08-21,2,2025-09-18,2025-09-18,True,28.0,Valid,0.0,0.0,0.0,0.0,0.0,0.0,True,0.0,,,444.0,0.0,2026-12-06
301969,Anna Russell,jacksonsteven@example.com,France,,2022-03-26,4,2023-02-28,2025-11-18,True,339.0,Valid,138588.84,25527.145920000003,99006.43312,102.0,8.0,14055.26096,True,24751.60828,0.0784313725490196,0.18419337314606288,383.0,994.0,2026-12-06
301970,Christopher Delacruz,mgarcia@example.com,United States,Online,2024-10-29,8,2024-11-30,2026-05-07,True,32.0,Valid,771817.92,52445.30285,719372.61715,641.0,0.0,0.0,True,89921.57714375,0.0,0.06795035654264156,213.0,523.0,2026-12-06
301971,Thomas Hunter,berrypatricia@example.net,Canada,Corporate,2023-09-16,4,2024-03-09,2025-12-19,True,175.0,Valid,68870.83,3454.94236,65415.88764,83.0,0.0,0.0,True,16353.97191,0.0,0.05016553975028325,352.0,650.0,2026-12-06
301972,Mariah Eaton,myerstiffany@example.org,United States,Wholesale,2024-12-05,8,2025-02-15,2026-07-07,True,72.0,Valid,416929.91000000003,51425.9932,365503.9168,379.0,0.0,0.0,True,45687.9896,0.0,0.1233444566258151,152.0,507.0,2026-12-06
301973,Daniel Morrow,,United Kingdom,Retail,2024-02-25,7,2024-04-28,2026-04-30,True,63.0,Valid,291921.24,23013.44642,255919.80808000002,251.0,16.0,12987.9855,True,36559.972582857146,0.06374501992031872,0.07883443637057722,220.0,732.0,2026-12-06
301974,Carolyn Price,robertmartinez@example.org,United States,Retail,2021-08-10,4,2023-11-20,2026-01-28,True,832.0,Valid,281627.75,17975.50067,263652.24932999996,180.0,0.0,0.0,True,65913.06233249999,0.0,0.06382716429755236,312.0,800.0,2026-12-06
301975,Kelsey Adams,websterbrandon@example.net,Brazil,Wholesale,2021-01-18,5,2024-11-23,2025-07-11,True,1405.0,Valid,390125.26,48473.68371,341651.57629,337.0,0.0,0.0,True,68330.315258,0.0,0.12425158963046894,513.0,230.0,2026-12-06
301976,John Martin,kara58@example.com,Germany,Retail,2023-09-04,4,2024-01-28,2026-06-26,True,146.0,Valid,66583.15000000001,4336.47609,62246.67391,79.0,0.0,0.0,True,15561.6684775,0.0,0.06512873136822153,163.0,880.0,2026-12-06
301977,Jason Ponce,erinstark@example.net,United States,Wholesale,2023-03-08,10,2023-08-01,2026-07-29,True,146.0,Valid,551215.33,50875.99962,500339.33038,473.0,0.0,0.0,True,50033.933038,0.0,0.09229786773165399,130.0,1093.0,2026-12-06
301978,John Ramirez,cassandramoore@example.com,India,Corporate,2024-06-16,5,2025-01-08,2026-06-16,True,206.0,Valid,287785.23,21258.176919999998,266527.05308,207.0,0.0,0.0,True,53305.410615999994,0.0,0.0738681999767674,173.0,524.0,2026-12-06
301979,Ashley Stokes,bassjackie@example.org,Japan,Online,2024-07-20,5,2024-10-25,2026-08-01,True,97.0,Valid,387038.04,50307.74682,336730.29318,323.0,0.0,0.0,True,67346.058636,0.0,0.12998140136302883,127.0,645.0,2026-12-06
301980,Andrea Stevenson,marilyn62@example.org,Brazil,Retail,2022-04-12,2,2023-06-17,2023-07-18,True,431.0,Valid,158747.82,1784.2676399999998,156963.55236,83.0,0.0,0.0,True,78481.77618,0.0,0.011239635542711703,1237.0,31.0,2026-12-06
301981,Michelle Sullivan MD,mhall@example.com,China,Online,2024-10-04,1,2025-04-12,2025-04-12,True,190.0,Valid,28638.0,6071.256,22566.744,72.0,0.0,0.0,False,22566.744,0.0,0.21200000000000002,603.0,0.0,2026-12-06
301982,Daniel Barton,lucas15@example.com,Japan,Corporate,2022-06-15,2,2022-06-23,2025-01-10,True,8.0,Valid,165953.08000000002,5155.28216,160797.79784,74.0,0.0,0.0,True,80398.89892,0.0,0.031064697081849876,695.0,932.0,2026-12-06
301983,David Jacobson,hharper@example.net,Germany,Online,2021-10-02,6,2022-04-28,2025-04-10,True,208.0,Valid,233873.61,26980.00559,206893.60441,214.0,0.0,0.0,True,34482.267401666664,0.0,0.11536147917672286,605.0,1078.0,2026-12-06
301984,Lisa Curtis,tdominguez@example.com,United Kingdom,Corporate,2024-05-07,1,2026-03-02,2026-03-02,True,664.0,Valid,8615.45,2153.8625,6461.5875,71.0,0.0,0.0,False,6461.5875,0.0,0.25,279.0,0.0,2026-12-06
301985,Julie Soto,hartkara@example.net,Germany,Wholesale,2025-01-27,7,2025-06-10,2026-05-17,True,134.0,Valid,504247.66,62247.6714,440906.8078,377.0,3.0,1093.1808,True,62986.68682857143,0.007957559681697613,0.12344662422429487,203.0,341.0,2026-12-06
301986,Julia Fields,markbautista@example.org,Germany,Corporate,2024-12-29,9,2025-08-25,2026-06-08,True,239.0,Valid,467160.24,61889.94772,397297.13587999996,435.0,6.0,7973.1564,True,44144.12620888888,0.013793103448275862,0.13248119685870527,181.0,287.0,2026-12-06
301987,Andrea Harris,blee@example.com,Japan,Corporate,2022-10-04,8,2023-05-17,2026-06-01,True,225.0,Valid,384113.36,39713.25688,344400.10312,377.0,0.0,0.0,True,43050.01289,0.0,0.10338941837378425,188.0,1111.0,2026-12-06
301988,Barbara Sandoval,theresa24@example.org,Germany,Corporate,2020-10-22,4,2020-11-28,2024-07-16,True,37.0,Valid,276379.23,9119.56308,265287.88644,264.0,8.0,1971.78048,True,66321.97161,0.030303030303030304,0.03299655723044022,873.0,1326.0,2026-12-06
301989,Nancy Landry,barkeralicia@example.net,Canada,Online,2023-12-01,4,2024-11-10,2026-02-12,True,345.0,Valid,300682.25999999995,25618.006409999998,275064.25359,168.0,0.0,0.0,True,68766.0633975,0.0,0.08519959378381685,297.0,459.0,2026-12-06
301990,Jennifer Gaines,jessicahamilton@example.com,Vietnam,Wholesale,2021-10-24,4,2022-12-04,2026-02-18,True,406.0,Valid,315083.51,33925.35338,281158.15662,251.0,0.0,0.0,True,70289.539155,0.0,0.10767098976395179,291.0,1172.0,2026-12-06
301991,Joshua Banks,kelly24@example.net,China,Corporate,2025-03-04,3,2025-03-18,2025-10-25,True,14.0,Valid,189162.52000000002,4835.32746,176119.92107,184.0,4.0,8207.27144,True,58706.64035666667,0.021739130434782608,0.02556176276357494,407.0,221.0,2026-12-06
301992,Michael Barnett,heathersanchez@example.com,Canada,,2025-10-01,6,2025-03-14,2026-06-27,True,-201.0,First Order Before Signup,208423.85,36604.40272,171819.44728000002,143.0,0.0,0.0,True,28636.57454666667,0.0,0.17562482758091263,162.0,470.0,2026-12-06
301993,Jessica Bell,wilsonjill@example.com,United States,Wholesale,2020-09-13,3,2021-01-17,2025-10-15,True,126.0,Valid,118806.41,1530.5704799999999,117275.83952000001,108.0,0.0,0.0,True,39091.94650666667,0.0,0.012882894786569175,417.0,1732.0,2026-12-06
301994,Jennifer Hill,dakota75@example.org,India,,2023-12-14,3,2024-02-18,2026-06-25,True,66.0,Valid,371912.75,36389.25166,335523.49834,302.0,0.0,0.0,True,111841.16611333333,0.0,0.09784351749166975,164.0,858.0,2026-12-06
301995,Ana Lee,floresmariah@example.org,Australia,Retail,2023-10-08,3,2023-01-11,2025-07-05,True,-270.0,First Order Before Signup,154376.12,15973.86377,138402.25623,136.0,0.0,0.0,True,46134.08541,0.0,0.10347367047442312,519.0,906.0,2026-12-06
301996,Brandon Schultz,romeromakayla@example.com,Mexico,Wholesale,2022-03-01,0,,,False,,Cannot Determine,0.0,0.0,0.0,0.0,0.0,0.0,False,,,,,,2026-12-06
301997,Samantha Jones,lucasflores@example.com,China,Online,2024-12-18,2,2025-04-08,2025-06-20,True,111.0,Valid,316245.0,42801.61247,273443.38753,215.0,0.0,0.0,True,136721.693765,0.0,0.13534320691236226,534.0,73.0,2026-12-06
301998,Wanda Johnson,johnreyes@example.com,United States,,2021-07-27,4,2023-05-31,2026-01-04,True,673.0,Valid,294221.9,41049.03681,253172.86319,293.0,0.0,0.0,True,63293.2157975,0.0,0.13951727186181584,336.0,949.0,2026-12-06
301999,Yvonne Greene,ashleyhall@example.net,United States,Retail,2022-10-30,4,2023-03-22,2026-01-23,True,143.0,Valid,464928.78,71243.99364,393684.78635999997,277.0,0.0,0.0,True,98421.19658999999,0.0,0.15323635942692124,317.0,1038.0,2026-12-06
302000,Anna Jones,chelseasmith@example.net,Vietnam,Retail,2022-08-01,3,2022-11-17,2024-02-23,True,108.0,Valid,93749.16,4690.08673,89059.07327000001,76.0,0.0,0.0,True,29686.357756666668,0.0,0.050028040037905404,1017.0,463.0,2026-12-06
302001,Elizabeth Ramirez,kellygray@example.net,United Kingdom,Wholesale,2024-08-18,2,2024-09-02,2026-04-09,True,15.0,Valid,259411.45,47853.73837000001,211557.71163000003,173.0,0.0,0.0,True,105778.85581500002,0.0,0.18447041705368056,241.0,584.0,2026-12-06
302002,Debra Lee,emily89@example.org,Australia,Online,2021-07-21,5,2022-12-14,2026-06-22,True,511.0,Valid,228070.01,17464.98592,210605.02408,328.0,0.0,0.0,True,42121.004816,0.0,0.07657730150491947,167.0,1286.0,2026-12-06
302003,John Garcia,ngraham@example.com,Germany,Online,2025-06-04,4,2025-09-21,2026-06-03,True,109.0,Valid,234306.93,19356.62174,212772.99354,217.0,7.0,2177.31472,True,53193.248385,0.03225806451612903,0.08261224599716278,186.0,255.0,2026-12-06
302004,Patty Cox,gregory38@example.org,Brazil,Corporate,2024-04-28,6,2024-05-22,2026-07-11,True,24.0,Valid,523160.42000000004,78853.99999,444306.42001,426.0,0.0,0.0,True,74051.07000166667,0.0,0.15072623420173872,148.0,780.0,2026-12-06
302005,Brandi Rivera,colejames@example.org,France,Corporate,2022-08-01,3,2022-09-18,2024-08-24,True,48.0,Valid,74252.95999999999,11884.19416,62368.76583999999,82.0,0.0,0.0,True,20789.58861333333,0.0,0.16005010655467472,834.0,706.0,2026-12-06
302006,William Phelps,chelsea70@example.org,Brazil,Retail,2023-07-21,2,2025-09-24,2025-11-29,True,796.0,Valid,118008.70000000001,9366.369920000001,108642.33007999999,114.0,0.0,0.0,True,54321.16503999999,0.0,0.07937016440313299,372.0,66.0,2026-12-06
302007,Lisa Choi,mark59@example.org,Canada,Online,2023-07-06,2,2023-09-13,2024-04-17,True,69.0,Valid,60610.15,15007.80795,45602.34205,51.0,0.0,0.0,True,22801.171025,0.0,0.24761212354696366,963.0,217.0,2026-12-06
302008,Garrett Green,langalexandra@example.org,United Kingdom,Retail,2024-11-10,4,2025-07-06,2026-04-03,True,238.0,Valid,209129.22,9477.71822,199651.50178000002,317.0,0.0,0.0,True,49912.875445000005,0.0,0.045319913783449295,247.0,271.0,2026-12-06
302009,Leah Hill,rlewis@example.com,United Kingdom,Online,2020-11-07,4,2022-10-01,2024-06-06,True,693.0,Valid,358348.63,45456.06023,312892.56977,263.0,0.0,0.0,True,78223.1424425,0.0,0.12684870660730585,913.0,614.0,2026-12-06
302010,Jennifer Bennett,ljordan@example.net,Vietnam,Corporate,2024-05-12,5,2024-08-29,2025-08-11,True,109.0,Valid,351211.36,48696.42286,302514.93714,267.0,0.0,0.0,True,60502.987428,0.0,0.13865275559423818,482.0,347.0,2026-12-06
302011,Alan Haynes,pgraves@example.org,France,Wholesale,2023-09-21,3,2024-03-19,2026-07-31,True,180.0,Valid,81309.57,15125.2239,66184.3461,79.0,0.0,0.0,True,22061.448699999997,0.0,0.18602021754634787,128.0,864.0,2026-12-06
302012,Jessica Williams,christine11@example.org,Japan,Corporate,2025-01-09,5,2025-01-18,2026-07-01,True,9.0,Valid,383876.36,40429.16025,343447.19975,307.0,0.0,0.0,True,68689.43995,0.0,0.10531818174476804,158.0,529.0,2026-12-06
302013,Joseph Flynn,zgarcia@example.com,India,Corporate,2025-06-25,4,2025-07-04,2026-02-25,True,9.0,Valid,95149.82,4962.16339,90187.65661,82.0,0.0,0.0,True,22546.9141525,0.0,0.05215105388533577,284.0,236.0,2026-12-06
302014,Nicholas Smith,chase86@example.org,Mexico,Wholesale,2024-10-23,5,2025-03-31,2026-06-03,True,159.0,Valid,481051.73,24559.166190000004,456492.56380999996,466.0,0.0,0.0,True,91298.512762,0.0,0.05105306697473057,186.0,429.0,2026-12-06
302015,Matthew Green,jamesbenson@example.com,United Kingdom,,2024-02-05,8,2024-06-06,2026-04-07,True,122.0,Valid,130356.44,16760.82886,113595.61114,289.0,0.0,0.0,True,14199.4513925,0.0,0.1285769146503234,243.0,670.0,2026-12-06
302016,Jessica Holmes,andradevictoria@example.com,Vietnam,Wholesale,2023-09-20,4,2024-03-04,2026-03-20,True,166.0,Valid,201275.55,25836.254289999997,175439.29570999998,257.0,0.0,0.0,True,43859.823927499994,0.0,0.12836260683426276,261.0,746.0,2026-12-06
302017,Maria Harrington,kvincent@example.org,Germany,Wholesale,2022-04-14,3,2023-10-10,2026-06-25,True,544.0,Valid,209431.4,25647.512179999998,183783.88782,168.0,0.0,0.0,True,61261.29594,0.0,0.12246259242883349,164.0,989.0,2026-12-06
302018,Chad Joseph,rachel86@example.org,United Kingdom,Retail,2023-02-01,7,2023-09-07,2026-02-14,True,218.0,Valid,582317.64,46862.03694,535455.6031,443.0,0.0,0.0,True,76493.65758571427,0.0,0.08047504269319404,295.0,891.0,2026-12-06
302019,Leah Lam,,Brazil,Wholesale,2023-01-09,1,2024-07-31,2024-07-31,True,569.0,Valid,2391.36,16.73952,2374.62048,6.0,0.0,0.0,False,2374.62048,0.0,0.006999999999999999,858.0,0.0,2026-12-06
302020,Miss Cynthia Morris,lpatterson@example.com,Vietnam,Corporate,2022-04-26,8,2022-10-17,2025-08-30,True,174.0,Valid,419690.63999999996,35804.41217,373666.95651,296.0,6.0,10219.27128,True,46708.36956375,0.02027027027027027,0.08531143837279766,463.0,1048.0,2026-12-06
302021,Willie Jones,phodges@example.net,United Kingdom,Wholesale,2025-01-13,4,2025-03-28,2026-02-26,True,74.0,Valid,117024.64,10447.6769,106576.9631,91.0,0.0,0.0,True,26644.240775,0.0,0.08927758205451433,283.0,335.0,2026-12-06
302022,Olivia Russell,lambertjames@example.net,Canada,Retail,2023-11-25,4,2024-01-20,2026-07-27,True,56.0,Valid,311470.46,21225.03342,290245.42657999997,341.0,0.0,0.0,True,72561.35664499999,0.0,0.06814461127389095,132.0,919.0,2026-12-06
302023,Ryan Johnson,horndonald@example.net,United Kingdom,Retail,2022-06-02,5,2022-11-25,2026-02-09,True,176.0,Valid,247394.56,35927.01548,211467.54452,274.0,0.0,0.0,True,42293.508904,0.0,0.14522152580881326,300.0,1172.0,2026-12-06
302024,Angela Drake,aaroncarter@example.net,Brazil,,2023-07-22,3,2024-07-05,2026-07-11,True,349.0,Valid,122378.17000000001,21763.634540000003,100614.53546,83.0,0.0,0.0,True,33538.178486666664,0.0,0.17783918929331924,148.0,736.0,2026-12-06
302025,Sean Erickson,ybell@example.com,Mexico,Wholesale,2024-12-17,3,2024-12-25,2026-04-14,True,8.0,Valid,258899.6,35447.3974,223452.2026,220.0,0.0,0.0,True,74484.06753333333,0.0,0.13691561284760578,236.0,475.0,2026-12-06
302026,Garrett Thomas,julielewis@example.com,Brazil,Corporate,2020-11-28,4,2021-09-03,2024-08-12,True,279.0,Valid,281915.24,29913.1615,252002.07849999997,149.0,0.0,0.0,True,63000.51962499999,0.0,0.10610693306257583,846.0,1074.0,2026-12-06
302027,Kurt Powell,tburgess@example.org,Brazil,Retail,2024-01-24,4,2024-05-08,2025-10-14,True,105.0,Valid,126795.3,17103.80706,109691.49294,102.0,0.0,0.0,True,27422.873235,0.0,0.13489306827619005,418.0,524.0,2026-12-06
302028,Megan Hernandez,nathanfrazier@example.org,Germany,Wholesale,2021-10-29,4,2022-05-14,2024-01-22,True,197.0,Valid,283500.51,9419.556569999999,274080.95345,154.0,0.0,0.0,True,68520.2383625,0.0,0.033225889329087974,1049.0,618.0,2026-12-06
302029,Stephanie West,maryblackwell@example.com,Australia,Retail,2023-01-18,1,2025-03-12,2025-03-12,True,784.0,Valid,0.0,0.0,0.0,0.0,0.0,0.0,False,0.0,,,634.0,0.0,2026-12-06
302030,Joel Patterson,yzamora@example.org,India,Corporate,2022-01-24,6,2022-05-15,2025-04-04,True,111.0,Valid,395885.47,25884.84218,370000.62782,299.0,0.0,0.0,True,61666.771303333335,0.0,0.06538467345113727,611.0,1055.0,2026-12-06
302031,Erik Williams,qcervantes@example.com,France,Retail,2025-05-19,6,2025-05-24,2026-07-31,True,5.0,Valid,424454.94,38499.51412,385955.42588,236.0,0.0,0.0,True,64325.90431333333,0.0,0.09070341864792526,128.0,433.0,2026-12-06
302032,Lisa Sutton,shelleycombs@example.net,Australia,Online,2025-06-30,1,2026-05-20,2026-05-20,True,324.0,Valid,193538.99,20248.728779999998,173290.26122,168.0,0.0,0.0,False,173290.26122,0.0,0.10462351167586438,200.0,0.0,2026-12-06
302033,Sarah Griffin,bcobb@example.org,Germany,Corporate,2022-05-03,6,2023-04-05,2026-04-30,True,337.0,Valid,130927.04000000001,14934.889369999999,115992.15063,258.0,0.0,0.0,True,19332.025105,0.0,0.11407032015693624,220.0,1121.0,2026-12-06
302034,Justin Campbell,monica07@example.com,Mexico,Wholesale,2023-01-17,4,2023-01-20,2025-11-29,True,3.0,Valid,165519.94999999998,25682.75092,120264.01876,105.0,8.0,19573.18032,True,30066.00469,0.0761904761904762,0.15516408094613368,372.0,1044.0,2026-12-06
302035,Kyle Bell,christopher57@example.org,United Kingdom,Retail,2023-01-01,5,2023-07-07,2025-02-22,True,187.0,Valid,174520.45,5049.95993,160414.77431,136.0,7.0,9055.71576,True,32082.954862000002,0.051470588235294115,0.02893620736137226,652.0,596.0,2026-12-06
302036,Marco Brown,schneiderbrandon@example.com,Vietnam,Corporate,2023-12-04,4,2024-03-08,2026-06-03,True,95.0,Valid,80469.0,4838.7836,75630.2164,78.0,0.0,0.0,True,18907.5541,0.0,0.060132269569647935,186.0,817.0,2026-12-06
302037,Jacqueline Kelly,johnroberts@example.com,Australia,Corporate,2024-05-10,7,2024-07-22,2026-07-13,True,73.0,Valid,354134.14,34762.32802,306609.38791,392.0,7.0,12762.424070000001,True,43801.34113,0.017857142857142856,0.09816147073535468,146.0,721.0,2026-12-06
302038,Tina Cook,vdiaz@example.org,China,Retail,2022-05-20,7,2022-09-07,2025-12-10,True,110.0,Valid,375031.76,67081.07960999999,307950.68039,299.0,7.0,0.0,True,43992.95434142857,0.023411371237458192,0.17886773005571577,361.0,1190.0,2026-12-06
302039,Beverly Jenkins,welchrose@example.net,China,Retail,2025-03-26,0,,,False,,Cannot Determine,0.0,0.0,0.0,0.0,0.0,0.0,False,,,,,,2026-12-06
302040,Amanda Owens,,Vietnam,Wholesale,2024-06-23,7,2024-08-16,2026-05-21,True,54.0,Valid,212010.58000000002,15454.793450000001,196555.78655,315.0,0.0,0.0,True,28079.398078571427,0.0,0.07289633116422775,199.0,643.0,2026-12-06
302041,Heidi Fisher,greenekathy@example.net,United States,Online,2023-08-04,1,2025-08-11,2025-08-11,True,738.0,Valid,38214.08,7642.816,30571.264,16.0,0.0,0.0,False,30571.264,0.0,0.19999999999999998,482.0,0.0,2026-12-06
302042,Sandra Chaney,kelleyfelicia@example.com,India,Corporate,2023-07-03,2,2023-07-09,2025-05-24,True,6.0,Valid,262134.5,22960.957110000003,239173.54289,240.0,0.0,0.0,True,119586.771445,0.0,0.0875922746147493,561.0,685.0,2026-12-06
302043,Jo Hickman,,Vietnam,Online,2023-03-06,7,2023-06-30,2026-06-04,True,116.0,Valid,464535.44,60204.90651,404330.53349,372.0,0.0,0.0,True,57761.50478428572,0.0,0.12960239698826853,185.0,1070.0,2026-12-06
302044,Thomas Dixon,qdixon@example.org,Vietnam,Online,2022-03-13,6,2023-04-17,2025-09-27,True,400.0,Valid,330983.98,39557.905569999995,291426.07443,311.0,0.0,0.0,True,48571.012404999994,0.0,0.11951607316462869,435.0,894.0,2026-12-06
302045,Kevin Ross,jkelley@example.net,Mexico,Wholesale,2022-01-25,5,2022-05-08,2025-02-09,True,103.0,Valid,298864.61,40356.72412,258507.88588,259.0,0.0,0.0,True,51701.577176,0.0,0.13503346588945409,665.0,1008.0,2026-12-06
302046,Michelle Wood,tiffany95@example.org,United Kingdom,Wholesale,2023-09-26,6,2023-12-24,2026-06-08,True,89.0,Valid,622323.23,83058.77731,539264.45269,530.0,0.0,0.0,True,89877.40878166666,0.0,0.13346565467273333,181.0,897.0,2026-12-06
302047,Desiree Martin,heathersmith@example.org,Brazil,Wholesale,2023-04-19,2,2023-06-15,2025-07-29,True,57.0,Valid,18106.2,362.124,17744.076,21.0,0.0,0.0,True,8872.038,0.0,0.02,495.0,775.0,2026-12-06
302048,Jay Mitchell,stewartmary@example.net,Canada,Wholesale,2023-07-15,3,2024-07-15,2025-12-05,True,366.0,Valid,90092.81999999999,7688.956140000001,82403.86386,53.0,0.0,0.0,True,27467.95462,0.0,0.08534482703505121,366.0,508.0,2026-12-06
302049,Carrie Moore,brian13@example.org,Canada,Wholesale,2021-11-15,1,2023-12-15,2023-12-15,True,760.0,Valid,67129.37,417.68314000000004,66711.68686,37.0,0.0,0.0,False,66711.68686,0.0,0.006222062563673696,1087.0,0.0,2026-12-06
302050,Eric Parker,jasongarza@example.org,United Kingdom,Retail,2023-04-29,4,2023-09-23,2025-04-27,True,147.0,Valid,202062.32,25549.1492,176513.1708,137.0,0.0,0.0,True,44128.2927,0.0,0.12644192742120353,588.0,582.0,2026-12-06
302051,Kathryn Jackson,tevans@example.org,Germany,,2021-12-06,5,2024-01-29,2026-02-08,True,784.0,Valid,227071.94,46106.094580000004,180965.84542000003,187.0,0.0,0.0,True,36193.16908400001,0.0,0.20304620016017833,301.0,741.0,2026-12-06
302052,Dennis Garcia,sabrinaperez@example.net,Vietnam,,2020-09-04,6,2024-12-23,2026-05-13,True,1571.0,Valid,464105.21,49900.798800000004,414204.4112,361.0,0.0,0.0,True,69034.06853333332,0.0,0.10752044520250054,207.0,506.0,2026-12-06
302053,Hunter Miller,fgutierrez@example.com,Germany,Corporate,2023-01-26,2,2023-12-27,2024-11-04,True,335.0,Valid,161285.38999999998,19214.586199999998,142070.8038,124.0,0.0,0.0,True,71035.4019,0.0,0.11913407779836722,762.0,313.0,2026-12-06
302054,Wayne Sellers,wagnerjacob@example.org,China,Corporate,2022-03-06,4,2023-10-05,2024-11-14,True,578.0,Valid,284754.25,32167.810320000004,252586.43968,322.0,0.0,0.0,True,63146.60992,0.0,0.11296691908900396,752.0,406.0,2026-12-06
302055,Derek Duffy,,United States,,2022-06-10,7,2022-10-14,2025-12-21,True,126.0,Valid,590110.59,107388.11854,482722.47146000003,370.0,0.0,0.0,True,68960.35306571428,0.0,0.18197964984834453,350.0,1164.0,2026-12-06
302056,Taylor Parsons,dana17@example.net,United States,Corporate,2022-05-30,5,2022-06-13,2026-02-27,True,14.0,Valid,153304.53,8118.70882,145185.82118,260.0,0.0,0.0,True,29037.164236,0.0,0.052958049054388674,282.0,1355.0,2026-12-06
302057,Marcus Harvey,janice12@example.net,Brazil,Retail,2023-09-04,6,2023-10-31,2026-06-24,True,57.0,Valid,238446.5,16022.04226,222424.45773999998,327.0,0.0,0.0,True,37070.74295666666,0.0,0.06719344699964143,165.0,967.0,2026-12-06
302058,Robert Franco,bennettmichael@example.net,Australia,Wholesale,2025-07-24,0,,,False,,Cannot Determine,0.0,0.0,0.0,0.0,0.0,0.0,False,,,,,,2026-12-06
302059,Terri Davis,,Brazil,,2021-07-21,4,2022-06-06,2024-11-09,True,320.0,Valid,154284.91999999998,20630.08112,133654.83888,106.0,0.0,0.0,True,33413.70972,0.0,0.13371417712113406,757.0,887.0,2026-12-06
302060,Pamela Oconnor,susanbrown@example.com,Vietnam,Online,2021-02-14,1,2021-12-23,2021-12-23,True,312.0,Valid,35849.479999999996,5436.623839999999,30412.856159999996,22.0,0.0,0.0,False,30412.856159999996,0.0,0.15165140024346238,1809.0,0.0,2026-12-06
302061,Cameron Lawson,larrymoore@example.net,Japan,Corporate,2024-12-29,2,2025-05-18,2025-06-29,True,140.0,Valid,125881.51000000001,4276.51873,121604.99127,94.0,0.0,0.0,True,60802.495635,0.0,0.03397257254063762,525.0,42.0,2026-12-06
302062,Joel Randall,pittmanjill@example.org,United Kingdom,Corporate,2023-09-15,4,2023-12-08,2026-04-29,True,84.0,Valid,362113.01,39733.08281,322379.92719,257.0,0.0,0.0,True,80594.9817975,0.0,0.10972564285939353,221.0,873.0,2026-12-06
302063,Brittney Conway,christopher14@example.net,Vietnam,Corporate,2021-07-13,3,2025-01-18,2025-07-11,True,1285.0,Valid,192209.11,13200.31687,179008.79313,128.0,0.0,0.0,True,59669.59771,0.0,0.06867685340200577,513.0,174.0,2026-12-06
302064,Bradley Andrade,michael01@example.com,Germany,Wholesale,2022-09-03,9,2022-09-18,2026-07-01,True,15.0,Valid,643338.15,59576.29506999999,583761.85491,513.0,0.0,0.0,True,64862.42832333333,0.0,0.09260494666762727,158.0,1382.0,2026-12-06
302065,Robert Phillips,falexander@example.net,France,Corporate,2021-10-13,2,2022-03-07,2023-06-09,True,145.0,Valid,103478.73000000001,9145.23443,94333.49557,111.0,0.0,0.0,True,47166.747785,0.0,0.08837791524886321,1276.0,459.0,2026-12-06
302066,Lisa Barron,jward@example.com,Brazil,Wholesale,2024-03-23,6,2024-05-11,2026-03-26,True,49.0,Valid,227689.36000000002,15687.77642,212001.58357999998,232.0,0.0,0.0,True,35333.59726333333,0.0,0.06889991003532181,255.0,684.0,2026-12-06
302067,Jesus Figueroa,zyoung@example.com,Canada,Online,2023-12-25,4,2024-12-27,2025-05-24,True,368.0,Valid,129366.26000000001,21473.74186,107892.51814,159.0,0.0,0.0,True,26973.129535,0.0,0.1659918270807241,561.0,148.0,2026-12-06
302068,Barbara Grant,,Mexico,Online,2022-04-17,4,2022-09-27,2026-05-27,True,163.0,Valid,169782.48,16810.62216,152971.85783999998,140.0,0.0,0.0,True,38242.964459999996,0.0,0.09901270237070396,193.0,1338.0,2026-12-06
302069,Linda Peterson,butlergabrielle@example.net,China,Corporate,2025-05-11,3,2025-12-02,2026-01-28,True,205.0,Valid,143061.31,15924.31671,127136.99329,143.0,0.0,0.0,True,42378.99776333333,0.0,0.1113111344359981,312.0,57.0,2026-12-06
302070,Allison Bonilla,yhendrix@example.net,France,Wholesale,2025-04-02,1,2025-08-24,2025-08-24,True,144.0,Valid,17404.65,3296.08044,14108.56956,59.0,0.0,0.0,False,14108.56956,0.0,0.18937930035938672,469.0,0.0,2026-12-06
302071,Steven Beasley,ernestwright@example.net,Japan,Retail,2023-09-29,2,2023-10-29,2026-02-13,True,30.0,Valid,16129.939999999999,817.21016,15312.72984,10.0,0.0,0.0,True,7656.36492,0.0,0.050664178540031767,296.0,838.0,2026-12-06
302072,Jennifer Gordon,edwinmiller@example.com,Vietnam,Wholesale,2021-04-13,3,2021-05-12,2022-11-11,True,29.0,Valid,369799.0,51887.296,317911.704,241.0,0.0,0.0,True,105970.56800000001,0.0,0.14031215876733036,1486.0,548.0,2026-12-06
302073,Carolyn Casey,bblevins@example.net,Australia,Corporate,2022-06-11,5,2022-11-13,2026-04-27,True,155.0,Valid,278006.55,21977.36784,256029.18216,315.0,0.0,0.0,True,51205.836432,0.0,0.07905341741048907,223.0,1261.0,2026-12-06
302074,Kenneth Randolph,reesealex@example.net,China,Online,2021-08-19,4,2022-08-07,2024-08-10,True,353.0,Valid,247842.89,41980.36973,205862.52027,180.0,0.0,0.0,True,51465.6300675,0.0,0.16938298988524544,848.0,734.0,2026-12-06
302075,Madison Nielsen,travis28@example.net,Australia,Corporate,2021-10-25,4,2021-11-13,2025-01-07,True,19.0,Valid,196604.19,10409.79433,183019.16716999997,282.0,5.0,3175.2285,True,45754.79179249999,0.01773049645390071,0.05294797801613486,698.0,1151.0,2026-12-06
302076,Brooke Johnson,rdurham@example.net,Canada,Wholesale,2022-11-12,2,2025-01-07,2025-11-03,True,787.0,Valid,13070.16,117.63144,12952.52856,8.0,0.0,0.0,True,6476.26428,0.0,0.009,398.0,300.0,2026-12-06
302077,Carl Trujillo MD,thomasmichael@example.com,Japan,Wholesale,2022-05-13,5,2022-10-01,2025-11-26,True,141.0,Valid,166055.95,24409.423300000002,133412.6607,112.0,9.0,8233.866,True,26682.532140000003,0.08035714285714286,0.14699517421688293,375.0,1152.0,2026-12-06
302078,Roberta Rivera,mccarthydylan@example.net,United Kingdom,Wholesale,2022-05-04,1,2026-01-10,2026-01-10,True,1347.0,Valid,56133.12,280.6656,55852.4544,24.0,0.0,0.0,False,55852.4544,0.0,0.004999999999999999,330.0,0.0,2026-12-06
302079,Robert Williams,thompsonsavannah@example.org,Mexico,Retail,2025-05-27,4,2025-07-01,2025-09-20,True,35.0,Valid,270251.70999999996,24707.02446,245544.68554,194.0,0.0,0.0,True,61386.171385,0.0,0.09142226874346143,442.0,81.0,2026-12-06
302080,Ian Evans,zbaker@example.com,United States,Online,2021-12-22,2,2023-02-20,2026-06-06,True,425.0,Valid,52037.37,624.44844,47623.074210000006,33.0,9.0,3789.84735,True,23811.537105000003,0.2727272727272727,0.012,183.0,1202.0,2026-12-06
302081,Glenda Robbins,,Mexico,Wholesale,2024-02-16,5,2024-03-29,2026-05-17,True,42.0,Valid,372480.63,29500.79058,342979.83944,253.0,0.0,0.0,True,68595.967888,0.0,0.0792008716802267,203.0,779.0,2026-12-06
302082,Erin Myers,james16@example.com,Japan,Wholesale,2025-07-10,5,2025-10-04,2026-12-06,True,86.0,Valid,358109.7,33065.45294,325044.24705999997,274.0,0.0,0.0,True,65008.849411999996,0.0,0.09233330719609104,0.0,428.0,2026-12-06
302083,Robert Walker,gschmidt@example.com,Germany,Corporate,2023-10-19,5,2025-09-22,2026-07-11,True,704.0,Valid,312468.25,32972.868950000004,279495.38104999997,270.0,0.0,0.0,True,55899.07620999999,0.0,0.10552390186842985,148.0,292.0,2026-12-06
302084,Jeffery Haas,charlesprice@example.org,Japan,Corporate,2024-04-21,5,2024-04-30,2026-05-17,True,9.0,Valid,167443.15,8025.281039999999,157419.72788,202.0,2.0,1998.14108,True,31483.945576,0.009900990099009901,0.04792839265147603,203.0,747.0,2026-12-06
302085,Timothy Bridges,dyervictoria@example.net,Mexico,Online,2022-09-30,2,2022-10-23,2025-10-09,True,23.0,Valid,151899.81,22753.52934,129146.28066,137.0,0.0,0.0,True,64573.14033,0.0,0.14979300724602618,423.0,1082.0,2026-12-06
302086,Alexa Ramirez,elizabeth71@example.net,China,Corporate,2025-01-02,0,,,False,,Cannot Determine,0.0,0.0,0.0,0.0,0.0,0.0,False,,,,,,2026-12-06
302087,Alan Murphy,,India,Corporate,2023-09-28,3,2023-11-06,2025-05-08,True,39.0,Valid,77297.85,1478.88057,75818.96943,122.0,0.0,0.0,True,25272.98981,0.0,0.019132234208325327,577.0,549.0,2026-12-06
302088,Tiffany Hudson,charles14@example.com,France,Corporate,2024-04-24,2,2025-09-23,2025-11-10,True,517.0,Valid,76417.18,9240.651230000001,67176.52877,45.0,0.0,0.0,True,33588.264385,0.0,0.12092374031598656,391.0,48.0,2026-12-06
302089,Tina Hall,panderson@example.net,Canada,Retail,2024-09-16,2,2025-01-05,2025-03-27,True,111.0,Valid,189322.23,6337.17898,182985.05101999998,162.0,0.0,0.0,True,91492.52550999999,0.0,0.03347297874105962,619.0,81.0,2026-12-06
302090,Nicolas Wells,wilkinsmark@example.org,United States,Online,2022-06-16,3,2022-11-30,2024-03-19,True,167.0,Valid,164585.07,14717.21939,149867.85061,205.0,0.0,0.0,True,49955.950203333334,0.0,0.0894201362857518,992.0,475.0,2026-12-06
302091,Katherine Morton,michelle86@example.net,France,Retail,2021-04-18,8,2022-10-29,2026-05-26,True,559.0,Valid,182540.5,8656.75002,173883.74998,304.0,0.0,0.0,True,21735.4687475,0.0,0.04742372251637308,194.0,1305.0,2026-12-06
302092,Sandra Rivera,brittanyjackson@example.net,Brazil,Corporate,2023-04-23,4,2024-02-23,2026-04-19,True,306.0,Valid,209613.99,18418.97942,188921.29958,172.0,2.0,2273.711,True,47230.324895,0.011627906976744186,0.08787094515971954,231.0,786.0,2026-12-06
302093,Charlene Blackwell,jennifersantana@example.org,France,Online,2025-05-12,4,2026-01-09,2026-07-09,True,242.0,Valid,346827.85,53750.11374,292578.10639,251.0,1.0,499.62987,True,73144.5265975,0.00398406374501992,0.15497634846797917,150.0,181.0,2026-12-06
302094,James Williams,ronald46@example.com,Canada,Retail,2023-04-20,4,2023-08-13,2025-08-08,True,115.0,Valid,240200.43,36358.34682,203842.08318000002,260.0,0.0,0.0,True,50960.520795000004,0.0,0.1513667016332985,485.0,726.0,2026-12-06
302095,Kathryn Bishop,zramirez@example.net,Canada,Retail,2025-03-13,2,2025-07-01,2026-06-05,True,110.0,Valid,9190.3,1075.2651,8115.0349,7.0,0.0,0.0,True,4057.51745,0.0,0.11700000000000002,184.0,339.0,2026-12-06
302096,Morgan Andrews,fcook@example.org,India,Wholesale,2021-10-04,6,2022-01-12,2025-04-01,True,100.0,Valid,440455.16,47290.107489999995,393165.05251,401.0,0.0,0.0,True,65527.50875166667,0.0,0.1073664513091412,614.0,1175.0,2026-12-06
302097,Timothy Morris,,United Kingdom,Wholesale,2022-06-14,3,2023-04-30,2025-07-10,True,320.0,Valid,84327.26999999999,12096.353930000001,72230.91607,162.0,0.0,0.0,True,24076.972023333336,0.0,0.14344534016101793,514.0,802.0,2026-12-06
302098,Lisa Hill,fsanford@example.net,United Kingdom,Wholesale,2021-06-16,6,2021-07-19,2026-07-05,True,33.0,Valid,396995.85000000003,72894.64222,324101.20778,286.0,0.0,0.0,True,54016.86796333333,0.0,0.1836156277704162,154.0,1812.0,2026-12-06
302099,Tracy Cruz,roymorris@example.org,Germany,Online,2020-12-26,3,2022-03-20,2025-06-14,True,449.0,Valid,206620.34000000003,37609.83884,169010.50116,214.0,0.0,0.0,True,56336.83372,0.0,0.1820238938722102,540.0,1182.0,2026-12-06
302100,Rachel Montgomery,,United States,Retail,2024-11-10,5,2025-02-13,2026-06-01,True,95.0,Valid,241076.31,39434.59728,201641.71272,311.0,0.0,0.0,True,40328.342544,0.0,0.16357723942265417,188.0,473.0,2026-12-06
302101,Evan Saunders,hcollins@example.net,Australia,Online,2023-09-24,8,2023-10-26,2026-03-16,True,32.0,Valid,439612.43000000005,35242.280679999996,404370.14931999997,517.0,0.0,0.0,True,50546.268664999996,0.0,0.0801667065692387,265.0,872.0,2026-12-06
302102,Jessica Mcconnell,mcintyrebrendan@example.org,Canada,Corporate,2022-09-06,3,2023-02-24,2023-11-03,True,171.0,Valid,306814.78,46273.98996,260540.79004,221.0,0.0,0.0,True,86846.93001333333,0.0,0.15082060244946477,1129.0,252.0,2026-12-06
302103,Catherine Conley,cmueller@example.org,Germany,Retail,2022-02-06,4,2023-09-18,2024-05-04,True,589.0,Valid,252665.49,34690.74925,215056.0001,304.0,5.0,2918.74065,True,53764.000025,0.01644736842105263,0.1372991192821782,946.0,229.0,2026-12-06
302104,John Fowler,sandrathomas@example.net,Germany,Online,2024-06-16,4,2024-06-24,2026-06-09,True,8.0,Valid,366597.6,36987.6505,329609.9495,426.0,0.0,0.0,True,82402.487375,0.0,0.10089441529349893,180.0,715.0,2026-12-06
302105,Natasha Torres,timothyortiz@example.org,United Kingdom,Wholesale,2022-01-25,3,2024-06-28,2026-03-15,True,885.0,Valid,271421.22,39120.72816,232300.49184,210.0,0.0,0.0,True,77433.49728,0.0,0.14413290221007777,266.0,625.0,2026-12-06
302106,Dawn Pena,friedmanlinda@example.net,United Kingdom,Online,2023-07-03,3,2024-06-24,2026-02-27,True,357.0,Valid,35571.36,1176.94464,34394.41536,106.0,0.0,0.0,True,11464.805119999999,0.0,0.033086860890334246,282.0,613.0,2026-12-06
302107,Riley Gonzalez,angela15@example.org,India,Wholesale,2025-07-08,3,2025-09-08,2026-02-08,True,62.0,Valid,332571.33,47779.03252,284792.29748,261.0,0.0,0.0,True,94930.76582666667,0.0,0.14366551837165278,301.0,153.0,2026-12-06
302108,Robert Rose,fhatfield@example.org,United States,Online,2022-11-09,3,2023-12-07,2026-02-02,True,393.0,Valid,1550.12,24.80192,1525.31808,44.0,0.0,0.0,True,508.43936,0.0,0.016,307.0,788.0,2026-12-06
302109,Dominic Gilmore,john26@example.org,Germany,Online,2025-04-22,3,2025-04-30,2026-04-13,True,8.0,Valid,136550.68,15749.9275,120800.7525,153.0,0.0,0.0,True,40266.9175,0.0,0.11534126010943337,237.0,348.0,2026-12-06
302110,Scott Velazquez,ischultz@example.com,Germany,Retail,2023-09-28,3,2024-03-22,2026-07-24,True,176.0,Valid,311054.93,27202.06681,283852.86319,208.0,0.0,0.0,True,94617.62106333334,0.0,0.08745100683663815,135.0,854.0,2026-12-06
302111,Nicole Foster,claire11@example.net,Australia,Online,2021-05-06,3,2021-05-20,2024-09-11,True,14.0,Valid,188643.19,20573.32123,156842.51133,112.0,6.0,11227.35744,True,52280.83711,0.05357142857142857,0.1090594430151441,816.0,1210.0,2026-12-06
302112,Samantha Bailey,rrodgers@example.org,Vietnam,Online,2024-02-13,6,2024-03-29,2025-12-10,True,45.0,Valid,182433.75999999998,19784.169619999997,162649.59038,158.0,0.0,0.0,True,27108.265063333336,0.0,0.108445770234632,361.0,621.0,2026-12-06
302113,Andrew Zavala,tara38@example.org,Canada,Online,2024-09-05,5,2024-12-26,2026-05-05,True,112.0,Valid,313248.49,31349.702600000004,281898.78740000003,260.0,0.0,0.0,True,56379.75748000001,0.0,0.1000793414838169,215.0,495.0,2026-12-06
302114,Jordan Baxter,,Mexico,Wholesale,2024-12-19,5,2025-01-10,2025-11-24,True,22.0,Valid,373474.78,33037.70615,340437.07385,375.0,0.0,0.0,True,68087.41477,0.0,0.0884603403474794,377.0,318.0,2026-12-06
302115,Lawrence Sanders,keith60@example.com,Vietnam,Wholesale,2022-10-01,5,2022-12-27,2023-11-16,True,87.0,Valid,164443.81999999998,9777.67279,154666.14721000002,210.0,0.0,0.0,True,30933.229442000003,0.0,0.05945904680394801,1116.0,324.0,2026-12-06
302116,Alison Castillo,christopher99@example.org,United Kingdom,Retail,2023-06-21,3,2024-05-28,2026-06-19,True,342.0,Valid,289807.36,31666.33788,258141.02211999998,177.0,0.0,0.0,True,86047.00737333333,0.0,0.10926685188395492,170.0,752.0,2026-12-06
302117,John Wood,ashleywatts@example.com,Australia,Corporate,2023-09-13,2,2024-11-03,2025-11-23,True,417.0,Valid,2129.04,394.77491999999995,1734.2650800000001,49.0,0.0,0.0,True,867.1325400000001,0.0,0.18542390936760228,378.0,385.0,2026-12-06
302118,Richard Morgan,jordanjoshua@example.net,India,Online,2021-02-22,9,2021-10-05,2026-07-12,True,225.0,Valid,478463.55,49020.77019,429442.77981,425.0,0.0,0.0,True,47715.86442333333,0.0,0.10245455519025432,147.0,1741.0,2026-12-06
302119,Olivia Holmes,elizabeth74@example.com,India,Wholesale,2021-07-21,2,2025-03-06,2026-02-18,True,1324.0,Valid,131087.43,8668.053829999999,122419.37617,140.0,0.0,0.0,True,61209.688085,0.0,0.06612421824121503,291.0,349.0,2026-12-06
302120,Richard Aguilar,olsonmichael@example.com,United Kingdom,Wholesale,2022-11-21,3,2023-07-07,2026-01-29,True,228.0,Valid,163496.14,21252.455460000005,142243.68454,253.0,0.0,0.0,True,47414.56151333333,0.0,0.12998750588240188,311.0,937.0,2026-12-06
302121,Riley Clark,jeffrey68@example.com,Vietnam,Wholesale,2024-04-16,5,2024-05-12,2026-05-26,True,26.0,Valid,471625.42,70201.61622,401423.80378,284.0,0.0,0.0,True,80284.760756,0.0,0.1488503656567112,194.0,744.0,2026-12-06
302122,Scott Owen,stephanieswanson@example.net,China,Retail,2023-12-14,2,2025-10-30,2026-06-25,True,686.0,Valid,6754.5,96.69585,6657.80415,50.0,0.0,0.0,True,3328.902075,0.0,0.014315767266266932,164.0,238.0,2026-12-06
302123,Stephanie Tucker,kennethrodriguez@example.org,China,Wholesale,2021-12-29,5,2022-07-08,2025-09-18,True,191.0,Valid,567391.63,51224.25991,516167.37009,353.0,0.0,0.0,True,103233.474018,0.0,0.09028025300619962,444.0,1168.0,2026-12-06
302124,Calvin Williams,rodriguezstephanie@example.net,China,Retail,2022-06-19,0,,,False,,Cannot Determine,0.0,0.0,0.0,0.0,0.0,0.0,False,,,,,,2026-12-06
302125,Darryl Roberts,john14@example.net,Brazil,,2021-12-04,5,2022-01-11,2025-10-22,True,38.0,Valid,355314.07,48617.02059,306697.04941,357.0,0.0,0.0,True,61339.40988199999,0.0,0.13682830119842987,410.0,1380.0,2026-12-06
302126,Harold Diaz,richard13@example.com,Brazil,Retail,2023-05-07,5,2024-01-13,2025-09-16,True,251.0,Valid,665803.1599999999,70044.38173,595758.77829,458.0,0.0,0.0,True,119151.75565800001,0.0,0.10520283762245887,446.0,612.0,2026-12-06
302127,Madison Parker,pferguson@example.com,Brazil,Online,2022-06-01,6,2023-03-03,2025-07-09,True,275.0,Valid,351841.04000000004,34874.53336,316966.50664000004,248.0,0.0,0.0,True,52827.75110666667,0.0,0.09912014061804728,515.0,859.0,2026-12-06
302128,Emily Young,amandalevy@example.com,Japan,Retail,2023-01-01,1,2023-04-29,2023-04-29,True,118.0,Valid,134281.72,1692.336,132589.384,72.0,0.0,0.0,False,132589.384,0.0,0.012602876996213631,1317.0,0.0,2026-12-06
302129,Megan Perkins,todd94@example.com,Brazil,Wholesale,2023-06-06,3,2024-02-27,2025-12-24,True,266.0,Valid,5023.2,1020.2543000000001,4002.9456999999998,99.0,0.0,0.0,True,1334.3152333333333,0.0,0.2031084368530021,347.0,666.0,2026-12-06
302130,Martha Powell,kristinkent@example.com,United Kingdom,Wholesale,2022-06-23,7,2023-12-13,2026-05-18,True,538.0,Valid,560711.3200000001,61413.59985,499297.72015000007,382.0,0.0,0.0,True,71328.2457357143,0.0,0.10952801853545599,202.0,887.0,2026-12-06
302131,Corey Jackson,judithrios@example.net,United Kingdom,Online,2023-10-21,4,2023-12-24,2025-07-16,True,64.0,Valid,97806.13,5350.78787,83763.36093,112.0,10.0,8691.9812,True,20940.8402325,0.08928571428571429,0.054708103367345176,508.0,570.0,2026-12-06
302132,Albert Garcia,croman@example.net,Australia,Wholesale,2022-03-05,2,2025-10-20,2026-07-17,True,1325.0,Valid,136941.28,16815.03228,120126.24772,134.0,0.0,0.0,True,60063.12386,0.0,0.12279009134426083,142.0,270.0,2026-12-06
302133,William Caldwell,zle@example.net,France,Corporate,2024-03-30,8,2024-06-11,2026-07-06,True,73.0,Valid,574389.9600000001,56872.4703,517517.4897,509.0,0.0,0.0,True,64689.6862125,0.0,0.09901369149976089,153.0,755.0,2026-12-06
302134,Justin Reeves,virginia83@example.com,France,Wholesale,2021-11-22,3,2022-01-21,2026-06-25,True,60.0,Valid,175474.24,15467.38678,160006.85322000002,174.0,0.0,0.0,True,53335.61774000001,0.0,0.08814619615961865,164.0,1616.0,2026-12-06
302135,Randall Johnson,mjohnson@example.com,Canada,Online,2025-05-11,6,2025-10-03,2026-07-22,True,145.0,Valid,278442.3,20937.04737,257505.25263,357.0,0.0,0.0,True,42917.542105,0.0,0.07519348665773842,137.0,292.0,2026-12-06
302136,Gregory Byrd,changsamuel@example.org,Canada,Wholesale,2021-03-03,0,,,False,,Cannot Determine,0.0,0.0,0.0,0.0,0.0,0.0,False,,,,,,2026-12-06
302137,Richard Nelson,,Australia,Online,2025-05-13,1,2025-07-11,2025-07-11,True,59.0,Valid,199700.69,28494.70236,171205.98764,147.0,0.0,0.0,False,171205.98764,0.0,0.14268705010483437,513.0,0.0,2026-12-06
302138,Emily Garcia,danielyates@example.net,France,Wholesale,2021-07-22,1,2025-02-19,2025-02-19,True,1308.0,Valid,144960.79,29626.7396,115334.05040000001,141.0,0.0,0.0,False,115334.05040000001,0.0,0.20437760859333065,655.0,0.0,2026-12-06
302139,Joshua Moody,rwallace@example.org,France,Online,2024-09-18,4,2024-11-28,2026-05-06,True,71.0,Valid,576869.42,48095.78054,528773.63948,401.0,0.0,0.0,True,132193.40987,0.0,0.08337377380829096,214.0,524.0,2026-12-06
302140,Jeffrey Cooke,natasha58@example.net,Germany,Corporate,2022-06-06,4,2024-06-14,2025-09-15,True,739.0,Valid,256354.22999999998,11186.480479999998,245167.74951999998,236.0,0.0,0.0,True,61291.937379999996,0.0,0.04363680864559948,447.0,458.0,2026-12-06
302141,Jesse Anderson MD,kimberly33@example.com,Mexico,Corporate,2022-09-14,2,2023-10-12,2026-06-24,True,393.0,Valid,55935.44,6603.72336,49331.71664,48.0,0.0,0.0,True,24665.85832,0.0,0.11805973744016315,165.0,986.0,2026-12-06
302142,Lisa Jones,brandonmcdonald@example.com,United States,Online,2024-10-06,3,2024-12-18,2025-12-23,True,73.0,Valid,171965.4,19155.23788,152810.16212,160.0,0.0,0.0,True,50936.72070666667,0.0,0.1113900696302861,348.0,370.0,2026-12-06
302143,Vanessa Perez,orosales@example.com,Germany,Wholesale,2021-06-28,5,2022-03-01,2025-03-30,True,246.0,Valid,214200.02000000002,34580.39673,179619.62326999998,211.0,0.0,0.0,True,35923.924653999995,0.0,0.1614397455705186,616.0,1125.0,2026-12-06
302144,Laura Alexander,sampsonjoseph@example.org,Japan,Online,2023-01-24,2,2025-02-19,2025-12-11,True,757.0,Valid,136205.6,5005.88868,131199.71132,111.0,0.0,0.0,True,65599.85566,0.0,0.036752443952377874,360.0,295.0,2026-12-06
302145,Valerie Contreras,,Brazil,Online,2021-08-23,2,2023-06-15,2024-02-15,True,661.0,Valid,106032.37000000001,7644.28798,98388.08201999999,91.0,0.0,0.0,True,49194.04100999999,0.0,0.072093908492284,1025.0,245.0,2026-12-06
302146,Jessica Diaz,peterjohnson@example.org,Japan,Retail,2024-09-08,4,2024-11-11,2026-07-20,True,64.0,Valid,248553.59000000003,16104.70751,214863.91929,220.0,10.0,17584.9632,True,53715.9798225,0.045454545454545456,0.06479370308028944,139.0,616.0,2026-12-06
302147,Travis Caldwell,pennyruiz@example.net,Australia,Corporate,2025-07-15,0,,,False,,Cannot Determine,0.0,0.0,0.0,0.0,0.0,0.0,False,,,,,,2026-12-06
302148,Rebecca Thomas,lpatterson@example.org,Australia,,2025-05-24,4,2025-06-01,2026-03-13,True,8.0,Valid,111986.4,9846.207069999999,102140.19292999999,130.0,0.0,0.0,True,25535.048232499998,0.0,0.08792323951837008,268.0,285.0,2026-12-06
302149,Carl Gonzalez,charlessims@example.org,United States,Wholesale,2021-08-02,3,2021-04-30,2023-06-14,True,-94.0,First Order Before Signup,149608.7,18807.981170000003,130800.71883,142.0,0.0,0.0,True,43600.23961,0.0,0.1257144883285531,1271.0,775.0,2026-12-06
302150,James Leblanc,iclarke@example.net,Canada,Corporate,2022-04-11,5,2022-05-11,2026-01-27,True,30.0,Valid,125101.31999999999,4339.9413700000005,113528.87868000001,275.0,5.0,7232.49995,True,22705.775736000003,0.01818181818181818,0.034691411489503075,313.0,1357.0,2026-12-06
302151,Gary Montgomery,phillip57@example.com,China,Corporate,2024-09-10,2,2026-05-27,2026-07-22,True,624.0,Valid,18602.79,4116.41124,14486.37876,13.0,0.0,0.0,True,7243.18938,0.0,0.22127924037200872,137.0,56.0,2026-12-06
302152,Thomas Graves,nicholasfuentes@example.com,France,Online,2023-10-23,7,2023-11-27,2026-06-24,True,35.0,Valid,570476.09,61011.35455,509464.73545,444.0,0.0,0.0,True,72780.67649285714,0.0,0.10694813616114919,165.0,940.0,2026-12-06
302153,Joseph Salinas,christopher67@example.org,United Kingdom,Retail,2022-02-04,4,2022-08-24,2026-04-14,True,201.0,Valid,263865.26,35555.06246,223019.63225999998,191.0,8.0,5290.56528,True,55754.908064999996,0.041884816753926704,0.13474703892433584,236.0,1329.0,2026-12-06
302154,George Brown,vaughnjavier@example.net,France,Retail,2023-03-22,2,2024-02-01,2025-11-21,True,316.0,Valid,28015.25,4978.14292,23037.10708,64.0,0.0,0.0,True,11518.55354,0.0,0.17769403878244885,380.0,659.0,2026-12-06
302155,Brett Osborne,michelle14@example.com,United Kingdom,Online,2022-10-23,1,2025-11-12,2025-11-12,True,1116.0,Valid,33360.12,266.88096,33093.23904,33.0,0.0,0.0,False,33093.23904,0.0,0.008,389.0,0.0,2026-12-06
302156,Tracy Green,jamesmorris@example.org,Japan,Corporate,2024-01-07,4,2024-09-01,2025-09-12,True,238.0,Valid,130566.97,5359.01996,125207.95004000001,123.0,0.0,0.0,True,31301.987510000003,0.0,0.041044223971805426,450.0,376.0,2026-12-06
302157,Jeremy Weaver,asmith@example.net,France,Retail,2025-02-28,5,2025-03-22,2026-07-12,True,22.0,Valid,254467.13,3617.49248,250849.6375,224.0,0.0,0.0,True,50169.927500000005,0.0,0.014215951899170631,147.0,477.0,2026-12-06
302158,Tami Harrison,kwilliams@example.org,Mexico,Retail,2023-01-27,1,2025-08-21,2025-08-21,True,937.0,Valid,24976.08,399.61728,24576.46272,12.0,0.0,0.0,False,24576.46272,0.0,0.016,472.0,0.0,2026-12-06
302159,Karen Rodriguez,kimberlybennett@example.net,Vietnam,Wholesale,2025-08-15,1,2026-03-22,2026-03-22,True,219.0,Valid,173422.29,19632.6522,153789.6378,101.0,0.0,0.0,False,153789.6378,0.0,0.11320720191158817,259.0,0.0,2026-12-06
302160,Jason Webb,fieldsjacob@example.org,Brazil,Corporate,2023-09-07,6,2024-03-28,2026-06-24,True,203.0,Valid,312040.62,23447.61999,288593.00000999996,387.0,0.0,0.0,True,48098.833334999996,0.0,0.07514284515265993,165.0,818.0,2026-12-06
302161,Joshua Singleton,qhoffman@example.com,China,Retail,2023-02-28,3,2023-04-21,2025-07-09,True,52.0,Valid,163840.99,16709.75821,147131.23179,214.0,0.0,0.0,True,49043.74393,0.0,0.10198765406629928,515.0,810.0,2026-12-06
302162,Kenneth Williams,paulevans@example.com,France,Wholesale,2021-03-07,5,2021-11-13,2024-09-21,True,251.0,Valid,243512.94999999998,7803.90588,235709.04412,209.0,0.0,0.0,True,47141.808824,0.0,0.032047190426628236,806.0,1043.0,2026-12-06
302163,Jeffrey Evans,moralesmarcus@example.net,India,Online,2024-08-23,4,2024-09-16,2026-06-21,True,24.0,Valid,199543.0,39543.48931,159999.51069,205.0,0.0,0.0,True,39999.8776725,0.0,0.19817026560691178,168.0,643.0,2026-12-06
302164,Alicia Mueller,laura90@example.net,France,,2024-06-05,11,2025-02-02,2026-06-12,True,242.0,Valid,259661.13,26207.394480000003,233453.73552,361.0,0.0,0.0,True,21223.066865454544,0.0,0.10092921678342848,177.0,495.0,2026-12-06
302165,Maria Perez,matthewstanley@example.org,India,Retail,2024-04-05,1,2026-04-06,2026-04-06,True,731.0,Valid,105913.39,582.3817300000001,103312.73201,121.0,2.0,2018.27626,False,103312.73201,0.01652892561983471,0.00549866008443314,244.0,0.0,2026-12-06
302166,Melanie Martinez,,India,Wholesale,2024-03-10,2,2024-11-30,2025-07-10,True,265.0,Valid,146435.21000000002,29847.76118,116587.44881999999,177.0,0.0,0.0,True,58293.724409999995,0.0,0.20382912811747939,514.0,222.0,2026-12-06
302167,Joshua Riley,dbest@example.com,Japan,Wholesale,2021-03-01,4,2022-05-05,2026-01-10,True,430.0,Valid,303956.72,45218.67521,258738.04479,206.0,0.0,0.0,True,64684.5111975,0.0,0.14876682183568768,330.0,1346.0,2026-12-06
302168,Tammy Jones,danasanders@example.org,China,Retail,2021-07-16,7,2021-09-26,2025-01-17,True,72.0,Valid,293909.78,12054.76191,281855.01808999997,336.0,0.0,0.0,True,40265.00258428571,0.0,0.04101517788894265,688.0,1209.0,2026-12-06
302169,Christopher Flynn,granthenderson@example.net,Germany,Wholesale,2024-07-27,3,2025-01-12,2026-02-17,True,169.0,Valid,156961.33000000002,25332.0181,131629.3119,148.0,0.0,0.0,True,43876.4373,0.0,0.16139018508571507,292.0,401.0,2026-12-06
302170,Michael Gibson,wyatt29@example.org,Canada,Corporate,2025-04-23,4,2025-08-15,2026-06-07,True,114.0,Valid,92326.93,10184.60649,81901.22563,91.0,4.0,241.09788,True,20475.3064075,0.04395604395604396,0.11031024740018974,182.0,296.0,2026-12-06
302171,Kimberly Avila DVM,faithhowell@example.org,Mexico,Retail,2021-08-29,3,2023-11-19,2026-03-02,True,812.0,Valid,110098.88,4972.060299999999,105126.81970000001,196.0,0.0,0.0,True,35042.27323333333,0.0,0.045159953489081806,279.0,834.0,2026-12-06
302172,David Lara,castillomatthew@example.com,India,Online,2020-09-07,3,2021-05-19,2026-02-03,True,254.0,Valid,132181.19,1961.9664000000002,130219.22359999998,207.0,0.0,0.0,True,43406.40786666666,0.0,0.014843007541390724,306.0,1721.0,2026-12-06
302173,Michael Reed,,China,Online,2022-07-21,5,2023-05-15,2026-02-17,True,298.0,Valid,310878.33,27937.32032,282941.00968,267.0,0.0,0.0,True,56588.201936000005,0.0,0.08986576941532078,292.0,1009.0,2026-12-06
302174,Ann Bartlett,jaimeduncan@example.com,Canada,Corporate,2020-11-24,9,2021-03-06,2025-01-23,True,102.0,Valid,360185.01,41010.78577,319174.22423,267.0,0.0,0.0,True,35463.80269222222,0.0,0.11386033463746867,682.0,1419.0,2026-12-06
302175,Michelle Knight,huynhmatthew@example.net,France,Wholesale,2023-03-26,3,2025-03-23,2026-02-15,True,728.0,Valid,260441.43000000002,37321.42701,223120.00299,150.0,0.0,0.0,True,74373.33433,0.0,0.14330065308733714,294.0,329.0,2026-12-06
302176,Johnny Vincent DDS,antoniojenkins@example.com,China,Wholesale,2022-12-07,5,2024-03-14,2026-05-30,True,463.0,Valid,88873.15,8262.645760000001,80610.50424,140.0,0.0,0.0,True,16122.100847999998,0.0,0.09297122651779532,190.0,807.0,2026-12-06
302177,Elizabeth Anderson,fsmith@example.com,Canada,Corporate,2025-03-15,3,2025-06-06,2025-08-30,True,83.0,Valid,143597.71,14652.17669,128945.53331,141.0,0.0,0.0,True,42981.844436666666,0.0,0.10203628379589062,463.0,85.0,2026-12-06
302178,Paige Welch,jason76@example.net,Germany,Wholesale,2021-06-12,3,2023-01-15,2026-02-17,True,582.0,Valid,63699.2,6846.9092,56178.76406,67.0,1.0,673.52674,True,18726.254686666667,0.014925373134328358,0.10748815055762083,292.0,1129.0,2026-12-06
302179,Jody Wall,qmarshall@example.com,France,,2021-12-16,3,2023-05-13,2025-12-27,True,513.0,Valid,235716.99,28813.07776,206903.91223999998,143.0,0.0,0.0,True,68967.97074666666,0.0,0.12223589720876718,344.0,959.0,2026-12-06
302180,Douglas Collins,qrhodes@example.org,United States,Retail,2024-12-14,4,2025-02-18,2026-07-25,True,66.0,Valid,93528.56999999999,7450.30106,86078.26894,93.0,0.0,0.0,True,21519.567235,0.0,0.07965802385303229,134.0,522.0,2026-12-06
302181,Kaitlyn Young,jeremiahbaker@example.com,Brazil,Corporate,2024-11-16,3,2024-12-25,2026-04-18,True,39.0,Valid,216273.13,27243.03106,189030.09894,151.0,0.0,0.0,True,63010.032979999996,0.0,0.12596586113124641,232.0,479.0,2026-12-06
302182,Joanne Gaines,qkemp@example.com,France,Corporate,2024-05-28,6,2024-06-01,2026-06-09,True,4.0,Valid,492575.61,42958.65855,449616.95145,422.0,0.0,0.0,True,74936.158575,0.0,0.08721231355730343,180.0,738.0,2026-12-06
302183,Joshua Prince,willisjaclyn@example.com,United States,Corporate,2021-03-31,4,2023-01-05,2025-11-05,True,645.0,Valid,206232.51,34411.45876,171821.05124,218.0,0.0,0.0,True,42955.26281,0.0,0.16685758593540853,396.0,1035.0,2026-12-06
302184,Bruce Davis,paul54@example.org,Japan,Online,2024-04-16,5,2024-06-22,2026-04-21,True,67.0,Valid,360271.4,38283.610010000004,321987.78999,386.0,0.0,0.0,True,64397.557998000004,0.0,0.1062632504550736,229.0,668.0,2026-12-06
302185,Richard Silva,lisa47@example.com,Vietnam,Online,2023-01-31,4,2023-03-27,2026-03-25,True,55.0,Valid,27135.0,2406.2064,24728.7936,69.0,0.0,0.0,True,6182.1984,0.0,0.08867537866224434,256.0,1094.0,2026-12-06
302186,Anthony Ashley,cmyers@example.com,India,Corporate,2024-10-28,0,,,False,,Cannot Determine,0.0,0.0,0.0,0.0,0.0,0.0,False,,,,,,2026-12-06
302187,Jennifer Murray,yhernandez@example.net,United States,Corporate,2022-02-11,3,2022-05-16,2025-10-21,True,94.0,Valid,46971.70999999999,7733.51175,39238.19825,83.0,9.0,0.0,True,13079.399416666667,0.10843373493975904,0.16464190360538292,411.0,1254.0,2026-12-06
302188,George Harding,changbethany@example.net,Japan,Online,2023-07-19,2,2024-06-03,2025-08-10,True,320.0,Valid,75602.12,10898.99753,64703.12247,58.0,0.0,0.0,True,32351.561235,0.0,0.14416259134003123,483.0,433.0,2026-12-06
302189,Jamie Garrison,,Japan,Online,2023-03-15,5,2024-03-30,2025-07-21,True,381.0,Valid,538951.52,41892.36922,497059.15076,339.0,0.0,0.0,True,99411.830152,0.0,0.07772938319201697,503.0,478.0,2026-12-06
302190,Catherine Glenn,hjones@example.org,China,,2024-04-13,1,2025-08-04,2025-08-04,True,478.0,Valid,0.0,0.0,0.0,27.0,0.0,0.0,False,0.0,0.0,,489.0,0.0,2026-12-06
302191,Karen Weber,dware@example.com,Germany,Retail,2025-04-27,4,2025-05-28,2026-07-05,True,31.0,Valid,354052.21,46891.73500999999,307160.47499,227.0,0.0,0.0,True,76790.1187475,0.0,0.13244299480576605,154.0,403.0,2026-12-06
302192,Peter Harris,othomas@example.com,United States,Retail,2023-08-24,3,2024-02-10,2026-06-21,True,170.0,Valid,226129.56,11514.273659999999,214615.28636,190.0,0.0,0.0,True,71538.42878666667,0.0,0.05091892302801986,168.0,862.0,2026-12-06
302193,Patrick Blake,yjones@example.org,Brazil,Wholesale,2023-01-03,6,2023-07-25,2026-07-24,True,203.0,Valid,645548.84,58124.663929999995,587424.17607,418.0,0.0,0.0,True,97904.029345,0.0,0.09003914239858288,135.0,1095.0,2026-12-06
302194,David Howard,angelabarnes@example.org,China,Online,2020-12-09,6,2021-01-28,2025-09-29,True,50.0,Valid,443560.88,55970.77848,387590.10151999997,311.0,0.0,0.0,True,64598.35025333333,0.0,0.12618511010258615,433.0,1705.0,2026-12-06
302195,Joshua Santana,karlmartin@example.org,Germany,Wholesale,2023-12-20,5,2024-01-19,2026-06-15,True,30.0,Valid,240103.56,19178.00701,220925.55299,251.0,0.0,0.0,True,44185.110598,0.0,0.07987389695513053,174.0,878.0,2026-12-06
302196,Amber Thomas,johnnygray@example.com,France,Retail,2024-02-01,4,2024-04-29,2025-12-20,True,88.0,Valid,314745.49,18510.47764,296061.50546,319.0,5.0,173.5069,True,74015.376365,0.01567398119122257,0.058810938450619264,351.0,600.0,2026-12-06
302197,Sandra Crane,qknight@example.net,Vietnam,Retail,2024-09-26,3,2024-10-05,2025-12-06,True,9.0,Valid,124025.91999999998,31129.70732,92896.21268,150.0,0.0,0.0,True,30965.404226666666,0.0,0.2509935610233732,365.0,427.0,2026-12-06
302198,Jennifer Cooper,,Australia,Retail,2021-10-18,2,2022-12-23,2025-06-04,True,431.0,Valid,192862.66999999998,5001.70918,187860.96082,120.0,0.0,0.0,True,93930.48041,0.0,0.02593404509021886,550.0,894.0,2026-12-06
302199,Eric Taylor,john00@example.com,Australia,Online,2022-04-13,0,,,False,,Cannot Determine,0.0,0.0,0.0,0.0,0.0,0.0,False,,,,,,2026-12-06
302200,Joseph Clayton,justin75@example.org,Australia,Corporate,2024-12-21,2,2025-03-19,2025-11-30,True,88.0,Valid,116749.3,9252.5632,107496.73679999998,108.0,0.0,0.0,True,53748.36839999999,0.0,0.07925155182943282,371.0,256.0,2026-12-06
302201,Lynn Duran,scottmichael@example.com,United Kingdom,Online,2021-03-13,4,2021-05-01,2025-10-24,True,49.0,Valid,356508.67000000004,34601.976890000005,321906.69311,230.0,0.0,0.0,True,80476.6732775,0.0,0.0970578833047735,408.0,1637.0,2026-12-06
302202,Abigail Wright,tortiz@example.org,Japan,Online,2025-03-09,6,2025-06-16,2026-05-24,True,99.0,Valid,475395.95,50300.72731,398521.61497,312.0,16.0,26573.60776,True,66420.26916166667,0.05128205128205128,0.10580806864257047,196.0,342.0,2026-12-06
302203,Karen Heath,opierce@example.com,Mexico,Corporate,2022-06-28,4,2023-09-07,2026-06-09,True,436.0,Valid,3863.12,652.86728,3210.25272,4.0,0.0,0.0,True,802.56318,0.0,0.169,180.0,1006.0,2026-12-06
302204,Christopher Perez,garywright@example.org,Vietnam,Corporate,2023-05-21,3,2023-05-31,2025-02-17,True,10.0,Valid,151517.81,10919.844120000002,140597.96587999997,112.0,0.0,0.0,True,46865.98862666666,0.0,0.07206970665692701,657.0,628.0,2026-12-06
302205,Steven Howell,ann63@example.net,China,Corporate,2025-04-01,5,2025-10-30,2026-05-24,True,212.0,Valid,362511.94,52124.83705,298583.19698999997,292.0,6.0,11803.90596,True,59716.63939799999,0.02054794520547945,0.14378791785451261,196.0,206.0,2026-12-06
302206,Kimberly Kennedy,hmoore@example.com,France,Wholesale,2024-07-17,5,2024-10-30,2026-03-24,True,105.0,Valid,342490.98,50054.58338,292436.39662,348.0,0.0,0.0,True,58487.279324,0.0,0.1461486179285656,257.0,510.0,2026-12-06
302207,Angela Solis,,Brazil,Online,2021-09-05,3,2022-03-11,2025-10-07,True,187.0,Valid,194808.87,1985.11833,192823.75167,243.0,0.0,0.0,True,64274.58389,0.0,0.010190081847915857,425.0,1306.0,2026-12-06
302208,Melvin Long,danny03@example.org,Australia,Retail,2024-10-01,8,2025-04-10,2026-03-28,True,191.0,Valid,436320.58999999997,44151.226749999994,392169.36325,352.0,0.0,0.0,True,49021.17040625,0.0,0.10118987680595133,253.0,352.0,2026-12-06
302209,Katie Ruiz,nguyenjacqueline@example.org,Germany,,2024-06-19,3,2024-08-29,2026-06-19,True,71.0,Valid,83908.53,2168.3582,81740.1718,108.0,0.0,0.0,True,27246.72393333333,0.0,0.025841928109096895,170.0,659.0,2026-12-06
302210,Michael Hernandez,thomaserik@example.net,China,Online,2023-04-20,4,2024-07-12,2026-05-14,True,449.0,Valid,451821.91,56186.36655,395635.54345,346.0,0.0,0.0,True,98908.8858625,0.0,0.12435511715224258,206.0,671.0,2026-12-06
302211,Nathaniel Burns,michael41@example.com,Germany,Wholesale,2023-12-12,3,2024-10-04,2026-01-09,True,297.0,Valid,120403.26,9150.651899999999,111252.6081,107.0,0.0,0.0,True,37084.2027,0.0,0.07600003438445105,331.0,462.0,2026-12-06
302212,Mr. Sean Jones PhD,richard27@example.com,Germany,Corporate,2022-01-15,6,2022-03-27,2026-05-29,True,71.0,Valid,263587.95999999996,29994.97576,233592.98424000002,299.0,0.0,0.0,True,38932.16404,0.0,0.11379493873695902,191.0,1524.0,2026-12-06
302213,Brent Jackson,kking@example.org,Germany,Online,2023-12-01,3,2024-08-17,2025-06-30,True,260.0,Valid,22301.76,2520.09888,19781.66112,12.0,9.0,0.0,True,6593.8870400000005,0.75,0.113,524.0,317.0,2026-12-06
302214,Amy Nichols,kelly83@example.org,Brazil,Corporate,2021-10-24,9,2022-04-25,2026-05-31,True,183.0,Valid,735412.47,72471.47349,662116.87227,610.0,3.0,824.12424,True,73568.54136333334,0.004918032786885246,0.09854534216696109,189.0,1497.0,2026-12-06
302215,Katie Snyder,haleyrobinson@example.net,India,Online,2020-09-24,3,2022-11-26,2024-02-04,True,793.0,Valid,50900.34,2771.68131,48128.658690000004,54.0,0.0,0.0,True,16042.886230000002,0.0,0.05445310011681651,1036.0,435.0,2026-12-06
302216,Anthony Miller,matthew92@example.org,Germany,Wholesale,2024-03-14,8,2025-05-16,2026-06-12,True,428.0,Valid,585071.59,46845.96416,538225.62584,616.0,0.0,0.0,True,67278.20323,0.0,0.08006877271207102,177.0,392.0,2026-12-06
302217,Mr. Matthew Peterson,oliversteven@example.org,Canada,Corporate,2021-05-03,7,2022-05-08,2025-02-11,True,370.0,Valid,270086.24,30167.1717,239919.0683,224.0,0.0,0.0,True,34274.15261428572,0.0,0.11169458947630949,663.0,1010.0,2026-12-06
302218,Krystal Crawford,bcaldwell@example.net,Japan,Retail,2022-06-28,4,2023-07-03,2026-07-31,True,370.0,Valid,416866.72,54189.611840000005,362677.10816,249.0,0.0,0.0,True,90669.27704,0.0,0.12999265530239498,128.0,1124.0,2026-12-06
302219,Carlos Wilson,andreale@example.org,Brazil,,2021-04-23,3,2022-05-19,2025-09-21,True,391.0,Valid,97520.07,6472.130160000001,91047.93984,185.0,0.0,0.0,True,30349.313280000002,0.0,0.06636716072906838,441.0,1221.0,2026-12-06
302220,Tracy Cole,,Brazil,Wholesale,2021-11-09,5,2022-12-10,2025-02-23,True,396.0,Valid,248960.77000000002,14037.00201,234923.76799,262.0,0.0,0.0,True,46984.753597999996,0.0,0.05638238510428771,651.0,806.0,2026-12-06
302221,Kathy Watkins,coopertami@example.net,France,Retail,2024-06-07,6,2024-11-17,2026-05-20,True,163.0,Valid,321200.13,50528.17601,270671.95399,329.0,0.0,0.0,True,45111.99233166667,0.0,0.15731057148077743,200.0,549.0,2026-12-06
302222,Rita Jones,lauriebrewer@example.org,Canada,Online,2025-03-17,2,2025-05-28,2025-10-12,True,72.0,Valid,119759.92000000001,25795.27738,93964.64262,96.0,0.0,0.0,True,46982.32131,0.0,0.21539157157085606,420.0,137.0,2026-12-06
302223,Alec Cobb,maria74@example.net,Japan,Online,2022-01-28,5,2022-07-22,2026-06-12,True,175.0,Valid,400665.89,22380.79885,378285.09115,286.0,0.0,0.0,True,75657.01823,0.0,0.05585900723917376,177.0,1421.0,2026-12-06
302224,Tracey Melendez MD,lserrano@example.com,Australia,,2024-12-16,6,2025-04-09,2026-06-07,True,114.0,Valid,524348.16,43437.00575,480911.15425,312.0,0.0,0.0,True,80151.85904166667,0.0,0.08284000796341116,182.0,424.0,2026-12-06
302225,Kyle Holmes,heatherthompson@example.net,Vietnam,Retail,2021-06-16,2,2023-07-27,2026-03-17,True,771.0,Valid,110561.4,11995.71696,98565.68304,55.0,0.0,0.0,True,49282.84152,0.0,0.10849823681682758,264.0,964.0,2026-12-06
302226,Rebecca Harrison,pyoung@example.com,Canada,Online,2023-07-17,8,2023-07-21,2026-04-24,True,4.0,Valid,74669.79,13916.89818,60752.89182,136.0,0.0,0.0,True,7594.1114775,0.0,0.18637923288655292,226.0,1008.0,2026-12-06
302227,Christopher Walton,james43@example.net,United Kingdom,Wholesale,2024-03-16,7,2024-10-19,2026-04-16,True,217.0,Valid,450195.64,52106.86546,398088.77454,339.0,0.0,0.0,True,56869.824934285716,0.0,0.1157427145673823,234.0,544.0,2026-12-06
302228,Lisa Ford,ymartin@example.com,United Kingdom,Retail,2025-01-29,2,2025-03-28,2026-02-12,True,58.0,Valid,53065.75,3725.0994499999997,49340.650550000006,101.0,0.0,0.0,True,24670.325275000003,0.0,0.07019781026368231,297.0,321.0,2026-12-06
302229,Jared Dawson,jeffrey80@example.org,United States,Retail,2023-01-18,5,2023-05-23,2026-01-08,True,125.0,Valid,175106.46,15790.865300000001,159315.5947,209.0,0.0,0.0,True,31863.118939999997,0.0,0.09017865645847675,332.0,961.0,2026-12-06
302230,Pamela Perez,davidsondavid@example.com,Germany,Wholesale,2023-09-25,0,,,False,,Cannot Determine,0.0,0.0,0.0,0.0,0.0,0.0,False,,,,,,2026-12-06
302231,Anthony Johnson,bradleyalbert@example.org,Mexico,Online,2023-07-28,2,2025-09-07,2026-01-25,True,772.0,Valid,168347.56,34439.81993,133907.74007,100.0,0.0,0.0,True,66953.870035,0.0,0.20457569999826547,315.0,140.0,2026-12-06
302232,Darren Perry,natasha66@example.net,Germany,Retail,2022-05-10,2,2024-06-20,2026-07-26,True,772.0,Valid,76235.56,10696.69296,65538.86704,73.0,0.0,0.0,True,32769.43352,0.0,0.14031106953238096,133.0,766.0,2026-12-06
302233,Brenda Diaz,sandrawalker@example.net,Germany,Corporate,2024-07-23,4,2024-09-24,2025-10-31,True,63.0,Valid,151361.52,18813.36462,110582.22696000001,161.0,11.0,21965.92842,True,27645.556740000004,0.06832298136645963,0.12429423687077139,401.0,402.0,2026-12-06
302234,Angela Bernard,gaineserika@example.org,Vietnam,Wholesale,2021-10-26,5,2023-08-12,2026-03-11,True,655.0,Valid,298965.06,44339.52734,254625.53266,259.0,0.0,0.0,True,50925.106532,0.0,0.14831006452727286,270.0,942.0,2026-12-06
302235,Michael Goodwin,lorifoster@example.org,Brazil,Wholesale,2022-12-31,7,2023-06-19,2026-05-30,True,170.0,Valid,296313.58999999997,43800.16078,247791.50278,347.0,15.0,4721.92644,True,35398.78611142857,0.043227665706051875,0.14781691511347828,190.0,1076.0,2026-12-06
302236,Erin Duncan,kochcynthia@example.net,Japan,Retail,2021-12-16,4,2022-06-03,2025-01-04,True,169.0,Valid,427297.24,57788.69712,369508.54287999996,405.0,0.0,0.0,True,92377.13571999999,0.0,0.13524238331143912,701.0,946.0,2026-12-06
302237,Rebecca Robinson,cheryl47@example.com,United States,Corporate,2021-12-29,1,2026-07-05,2026-07-05,True,1649.0,Valid,94406.96,4239.3396,90167.6204,72.0,0.0,0.0,False,90167.6204,0.0,0.04490494768606043,154.0,0.0,2026-12-06
302238,Marcia Flowers,christina67@example.com,Vietnam,Online,2021-06-25,6,2023-07-18,2026-01-09,True,753.0,Valid,455741.91000000003,23874.26643,431867.64357,334.0,0.0,0.0,True,71977.94059500001,0.0,0.05238549693619355,331.0,906.0,2026-12-06
302239,Harry Roy,clarkegabriel@example.org,Mexico,Online,2024-08-25,1,2025-10-28,2025-10-28,True,429.0,Valid,82071.87,16660.58961,65411.28039,47.0,0.0,0.0,False,65411.28039,0.0,0.203,404.0,0.0,2026-12-06
302240,Richard Powell,williamsjames@example.net,United Kingdom,Wholesale,2024-05-16,1,2024-09-15,2024-09-15,True,122.0,Valid,11146.98,42.69156,11104.28844,58.0,0.0,0.0,False,11104.28844,0.0,0.0038298767917409023,812.0,0.0,2026-12-06
302241,Michele Fields,dturner@example.com,France,Online,2023-06-24,2,2023-07-28,2024-06-22,True,34.0,Valid,69091.14,7976.4678,61114.6722,97.0,0.0,0.0,True,30557.3361,0.0,0.11544849021162483,897.0,330.0,2026-12-06
302242,Emily Thomas,,China,Retail,2021-01-01,1,2025-03-12,2025-03-12,True,1531.0,Valid,118001.8,23600.36,94401.44,49.0,0.0,0.0,False,94401.44,0.0,0.2,634.0,0.0,2026-12-06
302243,Todd Klein,gregory31@example.com,Mexico,Corporate,2022-04-16,4,2022-04-24,2025-04-19,True,8.0,Valid,220968.5,14159.150679999999,202524.34451999998,162.0,8.0,4285.0048,True,50631.086129999996,0.04938271604938271,0.0640776883582954,596.0,1091.0,2026-12-06
302244,Misty Brady,xramos@example.com,United States,Wholesale,2023-05-10,7,2024-09-05,2026-06-06,True,484.0,Valid,538208.36,88861.76545,449346.59455000004,540.0,0.0,0.0,True,64192.370650000004,0.0,0.16510662422634984,183.0,639.0,2026-12-06
302245,Craig Blanchard,rmatthews@example.com,Mexico,Wholesale,2025-05-24,4,2025-08-09,2026-03-23,True,77.0,Valid,118828.47,16022.72737,102805.74263000001,66.0,0.0,0.0,True,25701.435657500002,0.0,0.1348391287879075,258.0,226.0,2026-12-06
302246,Megan Grimes,greg78@example.net,India,Corporate,2024-12-06,6,2025-01-20,2026-01-09,True,45.0,Valid,453809.39,70433.8048,383375.5852,476.0,0.0,0.0,True,63895.93086666666,0.0,0.1552057016713559,331.0,354.0,2026-12-06
302247,David Yates,mcclainjohn@example.com,India,Corporate,2021-10-11,4,2023-01-01,2026-06-22,True,447.0,Valid,239682.02000000002,27376.45592,212305.56408,161.0,0.0,0.0,True,53076.39102,0.0,0.1142198981800971,167.0,1268.0,2026-12-06
302248,Mark Massey,,Germany,Retail,2021-10-29,4,2022-10-14,2024-12-07,True,350.0,Valid,303063.78,39887.31252000001,263176.46748,200.0,0.0,0.0,True,65794.11687,0.0,0.1316135914360997,729.0,785.0,2026-12-06
302249,Brittany Chang,,Australia,Online,2022-03-20,4,2023-02-07,2025-01-15,True,324.0,Valid,204674.32,19935.925689999996,172595.40207,170.0,9.0,12142.99224,True,43148.8505175,0.052941176470588235,0.09740316073848442,690.0,708.0,2026-12-06
302250,Brooke Allen,bradley16@example.org,Canada,Retail,2021-08-14,1,2023-11-26,2023-11-26,True,834.0,Valid,112718.71,3647.2113900000004,109071.49861,75.0,0.0,0.0,False,109071.49861,0.0,0.03235675239718411,1106.0,0.0,2026-12-06
302251,Erin Fuentes,xerickson@example.com,United States,Online,2021-04-17,2,2022-08-02,2025-02-08,True,472.0,Valid,147215.3,31684.4796,115530.8204,79.0,0.0,0.0,True,57765.4102,0.0,0.21522545278921418,666.0,921.0,2026-12-06
302252,Amy Matthews,cynthia04@example.org,Mexico,Wholesale,2022-04-15,5,2022-05-04,2024-08-06,True,19.0,Valid,267430.43999999994,22206.462569999996,245223.97743,167.0,0.0,0.0,True,49044.795486,0.0,0.08303640591549713,852.0,825.0,2026-12-06
302253,Melissa Evans,phillip11@example.net,India,,2021-06-05,3,2023-03-17,2024-09-15,True,650.0,Valid,255342.77,15722.43839,239620.33161,139.0,0.0,0.0,True,79873.44387,0.0,0.06157385380443707,812.0,548.0,2026-12-06
302254,Jaime Miller,jesse07@example.net,United States,Retail,2023-10-08,3,2023-12-07,2026-02-14,True,60.0,Valid,128023.57999999999,11341.295789999998,116682.28421,131.0,0.0,0.0,True,38894.094736666666,0.0,0.08858755387093534,295.0,800.0,2026-12-06
302255,David Rowland,rebecca53@example.net,Vietnam,Corporate,2021-01-15,2,2023-08-17,2024-12-17,True,944.0,Valid,20678.84,4487.30828,16191.53172,19.0,0.0,0.0,True,8095.76586,0.0,0.217,719.0,488.0,2026-12-06
302256,Dawn Gill,,Canada,,2024-02-09,1,2024-05-05,2024-05-05,True,86.0,Valid,21103.989999999998,300.58943,20803.40057,17.0,0.0,0.0,False,20803.40057,0.0,0.014243251157719466,945.0,0.0,2026-12-06
302257,Peter Howard DVM,oreynolds@example.org,China,,2022-05-01,5,2025-01-09,2026-06-17,True,984.0,Valid,410642.19999999995,44036.37389,366605.82611,379.0,0.0,0.0,True,73321.16522200001,0.0,0.10723781893336828,172.0,524.0,2026-12-06
302258,Bonnie Ramirez,andrebowers@example.org,Japan,Corporate,2025-06-16,4,2025-07-26,2026-06-15,True,40.0,Valid,250268.27,19854.45318,230413.81682,217.0,0.0,0.0,True,57603.454205,0.0,0.07933268240516467,174.0,324.0,2026-12-06
302259,Samuel Powers,patricia63@example.com,Brazil,,2024-05-22,0,,,False,,Cannot Determine,0.0,0.0,0.0,0.0,0.0,0.0,False,,,,,,2026-12-06
302260,April Graham,edwardskeith@example.org,United Kingdom,Online,2021-04-27,7,2021-11-10,2025-05-05,True,197.0,Valid,475838.82,63466.25311,402141.97229,415.0,5.0,10230.5946,True,57448.85318428571,0.012048192771084338,0.13337762797495167,580.0,1272.0,2026-12-06
302261,Janice Stokes,dlarson@example.org,China,Retail,2022-03-28,7,2024-05-14,2025-09-28,True,778.0,Valid,543767.81,57649.18386,486118.62614,420.0,0.0,0.0,True,69445.51802,0.0,0.10601801504211879,434.0,502.0,2026-12-06
302262,Melissa Henderson,mcgeebrittany@example.org,Brazil,Wholesale,2022-03-12,2,2023-03-31,2025-04-08,True,384.0,Valid,40002.78,249.90786,39752.87214,28.0,0.0,0.0,True,19876.43607,0.0,0.006247262315269089,607.0,739.0,2026-12-06
302263,Pamela Butler,atkinsonjessica@example.net,Canada,Corporate,2020-11-19,2,2020-12-05,2025-01-22,True,16.0,Valid,12601.619999999999,2727.6355200000003,9873.98448,12.0,0.0,0.0,True,4936.99224,0.0,0.21645118008636988,683.0,1509.0,2026-12-06
302264,Kelly Grant,benjaminlloyd@example.com,France,Wholesale,2021-05-29,4,2021-09-08,2024-12-12,True,102.0,Valid,419572.41,27867.3099,391705.10014,308.0,0.0,0.0,True,97926.275035,0.0,0.06641835648821619,724.0,1191.0,2026-12-06
302265,David Mills,erasmussen@example.net,United States,Wholesale,2023-12-12,2,2025-02-07,2025-04-03,True,423.0,Valid,31300.98,3886.4320399999997,27414.547959999996,173.0,0.0,0.0,True,13707.273979999998,0.0,0.12416327028738397,612.0,55.0,2026-12-06
302266,Joseph Cohen,,United Kingdom,Wholesale,2023-05-06,4,2024-10-09,2026-07-23,True,522.0,Valid,141108.78,21001.62842,120107.15158,119.0,0.0,0.0,True,30026.787895,0.0,0.14883289629461754,136.0,652.0,2026-12-06
302267,Janet Holder,,China,Online,2023-10-21,4,2023-12-02,2025-08-29,True,42.0,Valid,67449.76000000001,1334.3848,53173.00065000001,88.0,7.0,12942.37455,True,13293.250162500002,0.07954545454545454,0.019783388406422794,464.0,636.0,2026-12-06
302268,Michelle Moore,ramseytonya@example.org,United Kingdom,Wholesale,2020-09-21,4,2022-11-20,2025-09-21,True,790.0,Valid,442476.29,8141.775369999999,434334.51463,309.0,0.0,0.0,True,108583.6286575,0.0,0.018400478294554493,441.0,1036.0,2026-12-06
302269,Donna Moore,stephenbell@example.com,United Kingdom,Online,2024-01-12,2,2024-07-21,2024-12-07,True,191.0,Valid,51486.46000000001,12314.02966,39172.43034,79.0,0.0,0.0,True,19586.21517,0.0,0.23917025291698046,729.0,139.0,2026-12-06
302270,Monica Joseph,chungjeffrey@example.com,Mexico,Online,2020-10-02,5,2021-07-07,2026-05-15,True,278.0,Valid,152232.96,24168.68446,128064.27554,241.0,0.0,0.0,True,25612.855108,0.0,0.15876118062737532,205.0,1773.0,2026-12-06
302271,Kelly George,dakota45@example.com,Australia,Online,2023-09-07,1,2024-07-18,2024-07-18,True,315.0,Valid,177832.90999999997,45070.51662,132762.39338,169.0,0.0,0.0,False,132762.39338,0.0,0.25344305854298854,871.0,0.0,2026-12-06
302272,Joel Miller,kcastillo@example.org,Canada,Online,2023-09-14,3,2024-02-08,2025-04-02,True,147.0,Valid,52992.8,11822.450239999998,41170.34976,22.0,0.0,0.0,True,13723.44992,0.0,0.2230954061683851,613.0,419.0,2026-12-06
302273,Jose Butler,carlos85@example.com,France,Retail,2025-05-20,4,2025-09-14,2026-05-11,True,117.0,Valid,137107.24,20939.8656,116167.3744,179.0,0.0,0.0,True,29041.8436,0.0,0.15272618426277126,209.0,239.0,2026-12-06
302274,Eric Jordan,elizabeth56@example.org,Germany,Retail,2025-02-17,7,2025-06-01,2026-07-20,True,104.0,Valid,295752.7,45144.024999999994,250608.67500000002,381.0,0.0,0.0,True,35801.23928571429,0.0,0.15264112550789896,139.0,414.0,2026-12-06
302275,Paul Gordon,jclark@example.org,Canada,Corporate,2025-08-25,4,2025-10-08,2026-07-02,True,44.0,Valid,208285.27000000002,25153.74465,183131.52535,89.0,0.0,0.0,True,45782.8813375,0.0,0.12076583548130887,157.0,267.0,2026-12-06
302276,Joseph Ali,yrivera@example.org,France,Online,2024-04-06,3,2024-06-09,2026-05-19,True,64.0,Valid,183187.65,8949.61101,174238.03899,174.0,0.0,0.0,True,58079.34633,0.0,0.04885488192026046,201.0,709.0,2026-12-06
302277,John Norton,rhodescory@example.com,Australia,Online,2021-11-12,4,2022-03-30,2025-02-16,True,138.0,Valid,337690.23,35057.871399999996,302632.3586,310.0,0.0,0.0,True,75658.08965,0.0,0.10381665883552509,658.0,1054.0,2026-12-06
302278,Mr. Christopher Perry,justin72@example.org,Canada,Wholesale,2024-02-07,6,2024-02-17,2026-04-28,True,10.0,Valid,383703.87,36772.799929999994,346931.07007,260.0,0.0,0.0,True,57821.84501166667,0.0,0.09583640615873902,222.0,801.0,2026-12-06
302279,Maurice Taylor,stephanie45@example.com,Canada,Retail,2024-12-03,6,2025-05-02,2026-03-19,True,150.0,Valid,500947.81,62310.82928,438636.98072,388.0,0.0,0.0,True,73106.16345333333,0.0,0.12438587021669982,262.0,321.0,2026-12-06
302280,Glenn Lawrence,hunterjulie@example.org,Brazil,Corporate,2020-10-13,2,2022-04-01,2025-10-18,True,535.0,Valid,67741.9,11299.89328,56442.00672,100.0,0.0,0.0,True,28221.00336,0.0,0.16680803579468542,414.0,1296.0,2026-12-06
302281,Krista Clark,dmorales@example.org,France,Online,2023-12-29,9,2024-06-01,2026-07-28,True,155.0,Valid,369384.88,24950.939550000003,344433.94045,310.0,0.0,0.0,True,38270.43782777778,0.0,0.0675472681773006,131.0,787.0,2026-12-06
302282,Eric Davis,alexanderyates@example.com,Japan,Corporate,2023-04-08,0,,,False,,Cannot Determine,0.0,0.0,0.0,0.0,0.0,0.0,False,,,,,,2026-12-06
302283,Michael Johnson,carterlawrence@example.net,France,Wholesale,2021-11-28,0,,,False,,Cannot Determine,0.0,0.0,0.0,0.0,0.0,0.0,False,,,,,,2026-12-06
302284,Victoria Vasquez,daniel99@example.net,China,Corporate,2022-03-14,1,2025-09-15,2025-09-15,True,1281.0,Valid,0.0,0.0,0.0,0.0,0.0,0.0,False,0.0,,,447.0,0.0,2026-12-06
302285,Jennifer Hughes DDS,wsteele@example.org,Brazil,Retail,2022-09-23,7,2022-10-10,2026-07-08,True,17.0,Valid,376166.98,48672.54817,327494.43183,347.0,0.0,0.0,True,46784.91883285715,0.0,0.12939080450389348,151.0,1367.0,2026-12-06
302286,Brooke Rogers,ostrickland@example.com,Brazil,Online,2023-04-10,6,2023-05-27,2026-05-12,True,47.0,Valid,324248.28,20837.71323,303410.56677,328.0,0.0,0.0,True,50568.427794999996,0.0,0.06426468393294175,208.0,1081.0,2026-12-06
302287,David Anderson,benjamin67@example.com,Canada,Corporate,2020-12-10,2,2023-10-25,2024-12-03,True,1049.0,Valid,262237.99,22883.85514,239354.13486,133.0,0.0,0.0,True,119677.06743,0.0,0.08726369180910822,733.0,405.0,2026-12-06
302288,Ashley Ward,april04@example.org,China,,2024-12-05,3,2025-11-08,2026-05-10,True,338.0,Valid,216038.6,22063.89756,193974.70244,135.0,0.0,0.0,True,64658.23414666666,0.0,0.10212942298274476,210.0,183.0,2026-12-06
302289,Carol Atkins,rogersrobert@example.com,China,Corporate,2025-04-12,4,2025-09-11,2026-04-19,True,152.0,Valid,188643.47,7696.20327,180947.26673,203.0,0.0,0.0,True,45236.8166825,0.0,0.040797612925589206,231.0,220.0,2026-12-06
302290,Ashley White,tonytran@example.com,India,Retail,2020-11-18,3,2021-12-09,2025-08-27,True,386.0,Valid,29795.18,2753.83988,27041.34012,84.0,5.0,0.0,True,9013.78004,0.05952380952380952,0.09242568361728307,466.0,1357.0,2026-12-06
302291,Lauren James,robertnguyen@example.com,Australia,Corporate,2023-02-04,5,2023-05-27,2026-04-30,True,112.0,Valid,381768.66000000003,37784.62093,343984.03907,277.0,0.0,0.0,True,68796.807814,0.0,0.09897255822413499,220.0,1069.0,2026-12-06
302292,Juan Burnett,kevin20@example.org,Australia,Online,2022-08-14,2,2024-05-15,2024-12-24,True,640.0,Valid,179528.69999999998,15102.28448,164426.41552,203.0,0.0,0.0,True,82213.20776,0.0,0.08412183946076589,712.0,223.0,2026-12-06
302293,Melissa Hernandez,elee@example.org,France,Retail,2021-06-19,7,2022-01-27,2026-02-07,True,222.0,Valid,606153.21,52262.73509,553890.47489,530.0,0.0,0.0,True,79127.21069857142,0.0,0.08622033873251286,302.0,1472.0,2026-12-06
302294,Billy Richardson,sherrymonroe@example.org,Australia,Retail,2025-01-02,3,2025-09-08,2026-06-01,True,249.0,Valid,319211.72,45934.18087,273277.53913000005,261.0,0.0,0.0,True,91092.51304333335,0.0,0.14389879190525962,188.0,266.0,2026-12-06
302295,Christian Shelton,,Germany,Wholesale,2025-03-25,9,2025-03-29,2026-05-13,True,4.0,Valid,806708.08,62812.99746,743895.08254,638.0,0.0,0.0,True,82655.0091711111,0.0,0.07786335480859445,207.0,410.0,2026-12-06
302296,Jennifer Reyes,bakersarah@example.org,Germany,,2024-06-22,6,2024-08-23,2026-07-21,True,62.0,Valid,531676.01,40800.34412,487684.35117,304.0,8.0,3191.31472,True,81280.72519499999,0.02631578947368421,0.07673911057224493,138.0,697.0,2026-12-06
302297,Natasha Rivas,jessicaboone@example.com,Vietnam,Wholesale,2025-01-11,5,2025-01-31,2026-02-14,True,20.0,Valid,96718.0,9922.77172,86795.22828000001,69.0,0.0,0.0,True,17359.045656000002,0.0,0.1025948812010174,295.0,379.0,2026-12-06
302298,Brenda Torres,jortiz@example.net,Canada,Wholesale,2025-06-12,6,2025-06-25,2026-04-07,True,13.0,Valid,274907.04,28233.02212,246674.01787999997,202.0,0.0,0.0,True,41112.336313333326,0.0,0.10270025140134645,243.0,286.0,2026-12-06
302299,Wayne Robinson,campbelljames@example.org,India,Retail,2024-07-19,1,2026-03-16,2026-03-16,True,605.0,Valid,31477.14,188.86284,31288.27716,27.0,0.0,0.0,False,31288.27716,0.0,0.006,265.0,0.0,2026-12-06
302300,Scott Bond,collinsstacy@example.com,China,Retail,2023-03-30,2,2024-02-03,2025-12-07,True,310.0,Valid,226219.08,30472.71772,195746.36228,147.0,0.0,0.0,True,97873.18114,0.0,0.13470445428387384,364.0,673.0,2026-12-06
302301,Crystal Edwards,wallacebrenda@example.org,Canada,Online,2025-04-09,3,2026-02-02,2026-05-01,True,299.0,Valid,188507.72,33352.36628,155155.35372,136.0,0.0,0.0,True,51718.45124,0.0,0.17692838404708308,219.0,88.0,2026-12-06
302302,Jonathan Gutierrez,laura67@example.org,China,Retail,2022-03-19,6,2023-08-02,2026-02-06,True,501.0,Valid,365024.83,49929.38366000001,315095.44634,259.0,0.0,0.0,True,52515.90772333334,0.0,0.13678352691788118,303.0,919.0,2026-12-06
302303,Judy Lewis,gonzalezjose@example.com,Germany,Corporate,2022-02-22,4,2022-07-30,2024-08-07,True,158.0,Valid,287190.78,28453.151400000002,258737.6286,251.0,0.0,0.0,True,64684.40715,0.0,0.09907404200093053,851.0,739.0,2026-12-06
302304,Ernest Martinez,stephenstanley@example.com,United Kingdom,Online,2024-06-24,1,2025-07-11,2025-07-11,True,382.0,Valid,123517.67,17891.5524,105626.1176,83.0,0.0,0.0,False,105626.1176,0.0,0.14485014492258477,513.0,0.0,2026-12-06
302305,Jordan Adams,,Germany,Retail,2023-08-30,0,,,False,,Cannot Determine,0.0,0.0,0.0,0.0,0.0,0.0,False,,,,,,2026-12-06
302306,Lauren Morse,osmith@example.org,China,Corporate,2021-12-28,2,2025-01-15,2025-05-27,True,1114.0,Valid,273188.19,21901.65779,251286.53220999998,192.0,0.0,0.0,True,125643.26610499999,0.0,0.08017058786472432,558.0,132.0,2026-12-06
302307,Jennifer Booker,christopher64@example.org,India,Corporate,2023-09-16,6,2024-02-26,2026-07-27,True,163.0,Valid,167236.99,7830.745320000001,159406.24468,181.0,0.0,0.0,True,26567.707446666667,0.0,0.04682424217273942,132.0,882.0,2026-12-06
302308,Danny Simmons,ebell@example.net,China,Retail,2020-09-07,5,2021-10-21,2026-06-30,True,409.0,Valid,522002.08999999997,35545.14338,486456.94662,346.0,0.0,0.0,True,97291.389324,0.0,0.06809387176974714,159.0,1713.0,2026-12-06
302309,John Gould,christophercopeland@example.org,Brazil,Wholesale,2023-11-23,1,2024-08-16,2024-08-16,True,267.0,Valid,93994.56,22019.931839999997,71974.62816,81.0,0.0,0.0,False,71974.62816,0.0,0.23426815168877857,842.0,0.0,2026-12-06
302310,Jennifer Cook,kbuchanan@example.com,United States,Online,2020-10-18,3,2021-10-16,2026-03-26,True,363.0,Valid,62988.59,7342.49946,55646.090540000005,141.0,0.0,0.0,True,18548.69684666667,0.0,0.11656872236701918,255.0,1622.0,2026-12-06
302311,Timothy Smith,scott86@example.com,Vietnam,Wholesale,2021-10-17,1,2023-07-22,2023-07-22,True,643.0,Valid,40407.38,5204.055759999999,35203.32424,77.0,0.0,0.0,False,35203.32424,0.0,0.12878973494445817,1233.0,0.0,2026-12-06
302312,Jamie Reid,william81@example.com,Vietnam,Online,2023-08-30,4,2023-09-01,2025-06-16,True,2.0,Valid,256582.62999999998,19008.786450000003,237573.84355,201.0,0.0,0.0,True,59393.4608875,0.0,0.07408446335591776,538.0,654.0,2026-12-06
302313,Jennifer Rodriguez,morsestephen@example.com,United Kingdom,Corporate,2020-09-22,5,2021-10-16,2026-05-10,True,389.0,Valid,273463.58999999997,16719.66404,256743.92598,302.0,0.0,0.0,True,51348.785196,0.0,0.0611403662184059,210.0,1667.0,2026-12-06
302314,John Sosa,desireeedwards@example.com,Brazil,Online,2020-09-07,2,2025-09-18,2026-01-14,True,1837.0,Valid,71109.17,11661.90388,59447.26612,41.0,0.0,0.0,True,29723.63306,0.0,0.164,326.0,118.0,2026-12-06
302315,Rose Villa,hrose@example.org,Japan,Retail,2023-08-23,0,,,False,,Cannot Determine,0.0,0.0,0.0,0.0,0.0,0.0,False,,,,,,2026-12-06
302316,Olivia Collier,ramirezandrew@example.org,United Kingdom,Retail,2022-11-16,3,2022-12-29,2025-05-02,True,43.0,Valid,77338.25,7981.3315600000005,69356.91844000001,59.0,0.0,0.0,True,23118.972813333337,0.0,0.10320031239393186,583.0,855.0,2026-12-06
302317,Tony Patrick,melinda67@example.com,Japan,Retail,2022-02-01,2,2024-04-11,2025-10-25,True,800.0,Valid,0.0,0.0,0.0,0.0,0.0,0.0,True,0.0,,,407.0,562.0,2026-12-06
302318,Matthew Turner,vmercer@example.com,China,Wholesale,2021-10-20,3,2021-12-04,2023-12-09,True,45.0,Valid,217368.9,32212.41834,185156.48166,251.0,0.0,0.0,True,61718.82722,0.0,0.14819239707244228,1093.0,735.0,2026-12-06
302319,William Castillo,cardenasjessica@example.com,France,Wholesale,2025-05-13,7,2025-06-04,2026-06-20,True,22.0,Valid,437343.22,49090.4236,388252.7964,327.0,0.0,0.0,True,55464.6852,0.0,0.11224690667435065,169.0,381.0,2026-12-06
302320,Timothy Brown,paulpowell@example.com,Germany,Corporate,2021-11-19,6,2023-03-18,2025-12-27,True,484.0,Valid,483576.38999999996,35923.128749999996,447653.26125,373.0,0.0,0.0,True,74608.876875,0.0,0.0742863578389342,344.0,1015.0,2026-12-06
302321,Brian Singh,dholland@example.org,Brazil,Online,2021-09-26,5,2023-01-26,2026-04-26,True,487.0,Valid,501510.22000000003,78804.25692,422705.96308,345.0,0.0,0.0,True,84541.192616,0.0,0.15713390032211108,224.0,1186.0,2026-12-06
302322,Tyrone Booth,,United States,Online,2021-03-08,4,2023-08-18,2026-05-31,True,893.0,Valid,107176.44,7848.64711,99327.79289,99.0,0.0,0.0,True,24831.9482225,0.0,0.07323108614169307,189.0,1017.0,2026-12-06
302323,Brittany Hull,megan65@example.net,Vietnam,Wholesale,2023-03-13,3,2023-09-13,2025-04-30,True,184.0,Valid,231752.69999999998,40787.78167,190964.91833,241.0,0.0,0.0,True,63654.97277666666,0.0,0.1759970074566553,585.0,595.0,2026-12-06
302324,Sharon Hopkins,qtran@example.org,Japan,Retail,2021-11-18,5,2022-06-08,2026-01-02,True,202.0,Valid,463016.03,56200.92471000001,402521.22731,401.0,7.0,4293.87798,True,80504.24546199999,0.017456359102244388,0.12138008420572394,338.0,1304.0,2026-12-06
302325,Timothy Allen,kyliekline@example.com,Australia,Wholesale,2021-12-20,6,2023-09-28,2025-06-14,True,647.0,Valid,428208.45999999996,44329.62905,380724.98519,399.0,2.0,3153.84576,True,63454.16419833333,0.005012531328320802,0.10352347791073536,540.0,625.0,2026-12-06
302326,Timothy Jordan,michael17@example.org,China,Retail,2025-04-02,5,2025-09-13,2026-07-23,True,164.0,Valid,372973.88,20265.123639999998,352708.75636,334.0,7.0,0.0,True,70541.751272,0.020958083832335328,0.05433389501699153,136.0,313.0,2026-12-06
302327,Calvin Gilmore,pricematthew@example.com,Mexico,Retail,2024-10-15,2,2025-08-16,2026-02-15,True,305.0,Valid,279474.45999999996,32043.63226,247430.82773999998,220.0,0.0,0.0,True,123715.41386999999,0.0,0.11465674630876826,294.0,183.0,2026-12-06
302328,Lisa Michael,karen64@example.com,Japan,Retail,2024-02-25,5,2024-07-31,2026-01-08,True,157.0,Valid,271633.58999999997,28114.486419999997,243519.10358,188.0,0.0,0.0,True,48703.820716,0.0,0.10350150885242139,332.0,526.0,2026-12-06
302329,Melissa West,mcmillanelaine@example.net,Brazil,Corporate,2021-09-15,4,2021-10-16,2026-04-08,True,31.0,Valid,102480.92,9126.949760000001,93353.97024,116.0,0.0,0.0,True,23338.49256,0.0,0.08905999048408232,242.0,1635.0,2026-12-06
302330,Aaron Sawyer,johnanderson@example.net,China,Online,2023-11-23,3,2024-03-18,2025-03-31,True,116.0,Valid,58607.899999999994,4077.30616,54530.59384,83.0,0.0,0.0,True,18176.864613333335,0.0,0.06956922462671415,615.0,378.0,2026-12-06
302331,Joshua Foster,michaelmartinez@example.net,Vietnam,Corporate,2024-11-11,6,2025-01-03,2026-07-26,True,53.0,Valid,272356.58,35129.24773,237227.33227,242.0,0.0,0.0,True,39537.88871166667,0.0,0.12898255562615746,133.0,569.0,2026-12-06
302332,Thomas Price,smithelizabeth@example.org,Japan,Online,2020-12-08,5,2023-05-08,2026-06-22,True,881.0,Valid,320300.38999999996,31457.85133,288842.53865,276.0,0.0,0.0,True,57768.50773,0.0,0.09821359046737348,167.0,1141.0,2026-12-06
302333,Angela Murphy,perrymeghan@example.com,Brazil,Corporate,2024-01-01,6,2024-02-22,2026-04-18,True,52.0,Valid,406498.85,30076.658600000002,376422.1914,313.0,0.0,0.0,True,62737.0319,0.0,0.07398952936767227,232.0,786.0,2026-12-06
302334,David Wise,taylorchristopher@example.org,Brazil,Online,2021-08-17,2,2024-04-27,2025-04-21,True,984.0,Valid,75025.4,5023.20004,70002.19996,112.0,0.0,0.0,True,35001.09998,0.0,0.06695332567370517,594.0,359.0,2026-12-06
302335,Kristi Taylor,alyssaturner@example.com,Brazil,Wholesale,2020-09-02,3,2021-04-29,2025-08-11,True,239.0,Valid,120032.70999999999,20381.01095,99651.69905,189.0,0.0,0.0,True,33217.233016666665,0.0,0.1697954745002425,482.0,1565.0,2026-12-06
302336,Pamela Parks,mwoods@example.net,Brazil,Online,2024-10-28,4,2025-02-06,2025-12-26,True,101.0,Valid,228624.43,35585.45242,193038.97758,179.0,0.0,0.0,True,48259.744395,0.0,0.15565026196019385,345.0,323.0,2026-12-06
302337,Dennis Baker,snyderpamela@example.com,Japan,Retail,2025-04-29,5,2025-09-26,2026-07-03,True,150.0,Valid,682291.23,76316.30033,605974.92967,482.0,0.0,0.0,True,121194.985934,0.0,0.11185296977948844,156.0,280.0,2026-12-06
302338,William Chase,tara61@example.net,India,Online,2025-05-29,5,2025-10-27,2026-06-08,True,151.0,Valid,390779.7,46223.135089999996,344556.56491,241.0,0.0,0.0,True,68911.312982,0.0,0.1182843814302534,181.0,224.0,2026-12-06
302339,Patricia Moreno MD,andrewlewis@example.org,Germany,Online,2021-05-10,1,2026-04-15,2026-04-15,True,1801.0,Valid,142822.82,14212.874060000002,128609.94594,77.0,0.0,0.0,False,128609.94594,0.0,0.09951402766028566,235.0,0.0,2026-12-06
302340,Dr. Barbara Cruz,mariamoore@example.com,Japan,Corporate,2023-04-18,9,2023-08-10,2026-06-22,True,114.0,Valid,392960.24,47256.18706,345704.05294,265.0,0.0,0.0,True,38411.56143777778,0.0,0.12025691723926064,167.0,1047.0,2026-12-06
302341,Mark Lawson,uhunter@example.net,Japan,Retail,2021-12-22,4,2024-02-26,2026-03-17,True,796.0,Valid,110629.59,5493.79333,94976.59667,137.0,8.0,10159.2,True,23744.1491675,0.058394160583941604,0.04965934819066039,264.0,750.0,2026-12-06
302342,Ryan Hamilton,copelanddylan@example.net,Vietnam,Wholesale,2023-09-17,5,2024-02-03,2026-04-14,True,139.0,Valid,116846.98000000001,24890.43877,85844.53708,96.0,7.0,6112.00415,True,17168.907416,0.07291666666666667,0.21301739052220262,236.0,801.0,2026-12-06
302343,Morgan Barrett,donald82@example.net,Brazil,Online,2023-12-30,0,,,False,,Cannot Determine,0.0,0.0,0.0,0.0,0.0,0.0,False,,,,,,2026-12-06
302344,Susan Thompson,stevengreen@example.net,Germany,Corporate,2024-09-09,4,2024-09-13,2025-08-11,True,4.0,Valid,308242.87,9009.56972,299233.30028,272.0,0.0,0.0,True,74808.32507,0.0,0.029228801691341635,482.0,332.0,2026-12-06
302345,Carol Lopez,,Australia,Retail,2023-07-03,6,2024-01-01,2025-02-10,True,182.0,Valid,365222.63,19820.583039999998,345402.04696,193.0,0.0,0.0,True,57567.00782666667,0.0,0.05426986558855895,664.0,406.0,2026-12-06
302346,Diana Ali,uwang@example.net,Vietnam,,2021-12-15,4,2023-02-16,2025-02-14,True,428.0,Valid,342039.04,40594.83055,296009.79884999996,240.0,10.0,5434.4106,True,74002.44971249999,0.041666666666666664,0.11868478683018173,660.0,729.0,2026-12-06
302347,William Wilson,krista33@example.org,Japan,Corporate,2022-11-03,2,2023-06-08,2024-10-05,True,217.0,Valid,50687.34,11954.07444,38733.26556,71.0,0.0,0.0,True,19366.63278,0.0,0.2358394510345187,792.0,485.0,2026-12-06
302348,Michael Johnson,vmendoza@example.com,China,Corporate,2022-10-18,1,2024-03-17,2024-03-17,True,516.0,Valid,0.0,0.0,0.0,0.0,0.0,0.0,False,0.0,,,994.0,0.0,2026-12-06
302349,Mary Benson,khale@example.com,India,Retail,2024-03-05,7,2024-07-05,2026-07-09,True,122.0,Valid,539346.14,39841.55093,499504.58907,482.0,0.0,0.0,True,71357.79843857142,0.0,0.07387009561243917,150.0,734.0,2026-12-06
302350,Amy Nielsen,wattsalfred@example.net,United Kingdom,Wholesale,2023-04-26,2,2024-06-07,2026-06-24,True,408.0,Valid,119844.20000000001,25060.0543,94784.1457,55.0,0.0,0.0,True,47392.07285,0.0,0.20910527418097827,165.0,747.0,2026-12-06
302351,David Jackson,uwhite@example.com,Australia,Corporate,2021-12-30,3,2023-06-27,2026-03-02,True,544.0,Valid,377057.63,38643.12097,338414.50903,319.0,0.0,0.0,True,112804.83634333334,0.0,0.10248598064439116,279.0,979.0,2026-12-06
302352,Charles Nguyen,charles02@example.net,Germany,Wholesale,2022-08-22,4,2023-01-22,2026-04-10,True,153.0,Valid,201304.62,27638.47616,173666.14384,138.0,0.0,0.0,True,43416.53596,0.0,0.13729678017325186,240.0,1174.0,2026-12-06
302353,Leah Bean,uhammond@example.com,Brazil,Corporate,2022-04-06,3,2023-11-23,2026-03-03,True,596.0,Valid,289365.57,58581.590840000004,230783.97916,242.0,0.0,0.0,True,76927.99305333332,0.0,0.2024483798815457,278.0,831.0,2026-12-06
302354,Christina Rivas,ufarrell@example.com,India,Retail,2025-07-07,8,2025-08-24,2026-05-23,True,48.0,Valid,475312.95999999996,66267.61546,401170.0737,413.0,10.0,7875.27084,True,50146.2592125,0.024213075060532687,0.139418911405235,197.0,272.0,2026-12-06
302355,Rose Scott,fadams@example.org,Brazil,Wholesale,2021-01-01,3,2023-12-22,2025-06-08,True,1085.0,Valid,207875.82,24084.71238,183791.10762000002,174.0,0.0,0.0,True,61263.702540000006,0.0,0.1158610577218649,546.0,534.0,2026-12-06
302356,Victoria Richmond,tsmith@example.net,Germany,Online,2020-12-26,2,2023-07-21,2024-02-05,True,937.0,Valid,272262.89,23017.954510000003,249244.93549,143.0,0.0,0.0,True,124622.467745,0.0,0.08454312120906379,1035.0,199.0,2026-12-06
302357,Jenna Delgado,kgarcia@example.com,Germany,Wholesale,2022-10-17,2,2024-01-25,2025-06-16,True,465.0,Valid,185966.02000000002,20248.469699999998,165717.5503,103.0,0.0,0.0,True,82858.77515,0.0,0.10888263189156812,538.0,508.0,2026-12-06
302358,Samuel Harris,hoganamy@example.com,Mexico,Corporate,2025-05-28,4,2025-05-29,2026-05-18,True,1.0,Valid,165853.32,12776.405519999998,153076.91447999998,108.0,0.0,0.0,True,38269.228619999994,0.0,0.0770343669936785,202.0,354.0,2026-12-06
302359,Patrick Romero,belindamartin@example.com,Mexico,Retail,2022-08-27,5,2023-07-18,2026-06-05,True,325.0,Valid,50606.310000000005,5598.04064,45008.26936,147.0,0.0,0.0,True,9001.653871999999,0.0,0.11061941959411781,184.0,1053.0,2026-12-06
302360,Kayla Walker,laurenwilliams@example.com,Japan,Wholesale,2025-08-20,3,2025-12-15,2026-07-14,True,117.0,Valid,315309.78,56078.98894,259230.79106,186.0,0.0,0.0,True,86410.26368666666,0.0,0.17785362997620943,145.0,211.0,2026-12-06
302361,Christina Jackson,bperez@example.com,France,Wholesale,2024-01-30,3,2025-04-30,2026-01-18,True,456.0,Valid,289567.88,33011.87785999999,256556.00214,232.0,0.0,0.0,True,85518.66738,0.0,0.11400393531216237,322.0,263.0,2026-12-06
302362,Gregory White,,India,Corporate,2024-06-23,6,2024-07-13,2025-03-02,True,20.0,Valid,360323.4,37080.65524,323242.74476,279.0,0.0,0.0,True,53873.790793333326,0.0,0.10290937319086131,644.0,232.0,2026-12-06
302363,Edward Gardner,maria16@example.net,Australia,Retail,2022-11-29,5,2023-05-22,2025-10-28,True,174.0,Valid,257039.43,39216.37447,217823.05553,290.0,0.0,0.0,True,43564.611106000004,0.0,0.15256948893016142,404.0,890.0,2026-12-06
302364,Michael Gill II,knguyen@example.net,Australia,Wholesale,2024-03-31,2,2024-12-15,2026-04-05,True,259.0,Valid,66500.32,11783.870840000001,54716.449160000004,41.0,0.0,0.0,True,27358.224580000002,0.0,0.1772002125704057,245.0,476.0,2026-12-06
302365,Gary Cohen,smithmichael@example.org,India,Online,2024-04-27,5,2025-05-29,2026-03-25,True,397.0,Valid,232402.78,23698.72276,208704.05724,165.0,0.0,0.0,True,41740.811448,0.0,0.10197263027576521,256.0,300.0,2026-12-06
302366,Eric Medina,jennifer26@example.org,United Kingdom,Wholesale,2020-10-29,0,,,False,,Cannot Determine,0.0,0.0,0.0,0.0,0.0,0.0,False,,,,,,2026-12-06
302367,Daniel Smith,ptaylor@example.com,China,Online,2021-09-14,5,2022-05-06,2026-04-20,True,234.0,Valid,205908.76,30403.62491,175505.13509,253.0,0.0,0.0,True,35101.027018,0.0,0.14765581080668932,230.0,1445.0,2026-12-06
302368,Kendra Smith,elizabethvega@example.net,Vietnam,Online,2020-11-08,5,2020-11-27,2024-09-09,True,19.0,Valid,409251.62,23000.6221,386250.9979,246.0,0.0,0.0,True,77250.19958,0.0,0.05620166414979616,818.0,1382.0,2026-12-06
302369,Erin Harris MD,jsaunders@example.net,Vietnam,Online,2022-01-14,2,2024-01-20,2025-09-03,True,736.0,Valid,50488.7,4725.41827,45763.28173,100.0,0.0,0.0,True,22881.640865,0.0,0.09359358173214997,459.0,592.0,2026-12-06
302370,Shelby Fletcher,davidlarsen@example.com,Canada,,2020-10-25,4,2021-05-08,2024-01-15,True,195.0,Valid,428581.37,27129.43848,401451.93152,306.0,0.0,0.0,True,100362.98288,0.0,0.06330055475813147,1056.0,982.0,2026-12-06
302371,Kaitlin Lowe,wrightmichele@example.com,Mexico,Wholesale,2023-09-22,4,2025-01-23,2026-07-02,True,489.0,Valid,106081.49,6888.30719,93050.33473,141.0,4.0,6142.84808,True,23262.5836825,0.028368794326241134,0.06493411046545444,157.0,525.0,2026-12-06
302372,Amy Smith,grahamjoseph@example.com,Canada,Online,2022-07-14,6,2023-07-14,2026-04-02,True,365.0,Valid,561883.59,67827.47107,494056.11893,436.0,0.0,0.0,True,82342.68648833333,0.0,0.12071445451895116,248.0,993.0,2026-12-06
302373,Donna Mccormick,andrea15@example.net,Vietnam,Retail,2020-09-07,4,2022-07-29,2025-08-17,True,690.0,Valid,231513.74999999997,20653.733979999997,205250.58107000001,247.0,7.0,5609.43495,True,51312.645267500004,0.02834008097165992,0.08921169468336114,476.0,1115.0,2026-12-06
302374,Edwin Carpenter MD,zacharywillis@example.com,Mexico,Online,2023-12-11,4,2023-12-28,2026-06-22,True,17.0,Valid,289183.08,30617.074030000003,258566.00597000003,248.0,0.0,0.0,True,64641.50149250001,0.0,0.10587436177109671,167.0,907.0,2026-12-06
302375,Evan Smith,tgilbert@example.com,China,Retail,2021-02-22,4,2021-03-09,2024-07-16,True,15.0,Valid,197953.44,20166.238080000003,177787.20192,198.0,0.0,0.0,True,44446.80048,0.0,0.10187364301423608,873.0,1225.0,2026-12-06
302376,Christie Rivera,jeanettewatson@example.net,India,Wholesale,2021-02-27,11,2021-12-31,2026-05-28,True,307.0,Valid,740027.9400000001,80109.10634,659918.83366,657.0,0.0,0.0,True,59992.62124181818,0.0,0.10825146188399318,192.0,1609.0,2026-12-06
302377,Matthew Petty,nguyenmary@example.org,United States,Corporate,2021-11-20,6,2022-08-01,2026-05-24,True,254.0,Valid,541216.73,63424.298319999994,477792.43168000004,385.0,0.0,0.0,True,79632.07194666668,0.0,0.11718835506064271,196.0,1392.0,2026-12-06
302378,Makayla Young,jody47@example.com,United States,Corporate,2025-08-01,5,2025-08-13,2026-07-05,True,12.0,Valid,147279.21,14472.91257,132806.29743,167.0,0.0,0.0,True,26561.259486000003,0.0,0.09826853749419216,154.0,326.0,2026-12-06
302379,Seth Gonzalez,brandon11@example.org,Japan,,2021-07-15,4,2022-11-07,2025-11-23,True,480.0,Valid,309272.81,40232.52462,269040.28538,249.0,0.0,0.0,True,67260.071345,0.0,0.1300874933687187,378.0,1112.0,2026-12-06
302380,Ruth Flores,ddavenport@example.com,Vietnam,Corporate,2025-03-28,4,2025-03-06,2026-03-05,True,-22.0,First Order Before Signup,335331.31,8205.69687,327125.61313,261.0,0.0,0.0,True,81781.4032825,0.0,0.024470416645555704,276.0,364.0,2026-12-06
302381,Cassandra Williams,birdjoshua@example.net,France,Online,2024-03-08,2,2026-06-13,2026-07-28,True,827.0,Valid,137975.90000000002,8186.59455,129789.30545000001,100.0,0.0,0.0,True,64894.65272500001,0.0,0.05933351077978109,131.0,45.0,2026-12-06
302382,David Maynard,mannbrittany@example.org,Mexico,Corporate,2020-10-04,5,2022-03-27,2023-09-02,True,539.0,Valid,175453.56,25225.03836,150228.52164,103.0,0.0,0.0,True,30045.704328,0.0,0.1437704561822513,1191.0,524.0,2026-12-06
302383,Robert Atkinson,margaret22@example.net,United States,Corporate,2024-11-05,3,2024-11-07,2026-04-21,True,2.0,Valid,146532.96,1955.56852,144577.39152,86.0,0.0,0.0,True,48192.463840000004,0.0,0.013345588050633798,229.0,530.0,2026-12-06
302384,Tyler Murphy,donna59@example.org,United Kingdom,Wholesale,2025-08-15,4,2025-08-16,2026-04-23,True,1.0,Valid,359858.69,47986.510969999996,311872.17903,251.0,0.0,0.0,True,77968.0447575,0.0,0.1333482066807946,227.0,250.0,2026-12-06
302385,Heather Russell,sean99@example.org,China,Corporate,2020-11-21,4,2021-11-08,2025-10-27,True,352.0,Valid,154230.97999999998,15952.87621,138278.10379,154.0,0.0,0.0,True,34569.5259475,0.0,0.10343496624348754,405.0,1449.0,2026-12-06
302386,Jerry Vargas,andrewtorres@example.com,China,Retail,2021-03-14,1,2026-07-31,2026-07-31,True,1965.0,Valid,133414.97,26393.40872,107021.56128,103.0,0.0,0.0,False,107021.56128,0.0,0.1978294393800036,128.0,0.0,2026-12-06
302387,Jessica Wright,millerpaul@example.net,Vietnam,Retail,2023-01-02,6,2023-08-31,2026-04-14,True,241.0,Valid,323411.98,37548.15352,285863.82648,240.0,0.0,0.0,True,47643.971079999996,0.0,0.11610007000977515,236.0,957.0,2026-12-06
302388,Heather Schmidt,cbuck@example.org,Australia,,2023-07-07,3,2024-01-18,2024-11-11,True,195.0,Valid,85912.76000000001,19769.21848,66143.54152,69.0,0.0,0.0,True,22047.84717333333,0.0,0.23010805938489226,755.0,298.0,2026-12-06
302389,Tracey White,jamesfletcher@example.net,Japan,Wholesale,2025-01-20,5,2025-02-02,2025-12-21,True,13.0,Valid,250870.96000000002,31626.323430000004,219244.63662,202.0,0.0,0.0,True,43848.927324000004,0.0,0.12606609959957105,350.0,322.0,2026-12-06
302390,Thomas Gonzalez,vreynolds@example.org,Vietnam,Corporate,2024-07-19,3,2024-09-04,2026-02-21,True,47.0,Valid,323015.23,15539.63045,307475.59955,233.0,0.0,0.0,True,102491.86651666666,0.0,0.04810804261458508,288.0,535.0,2026-12-06
302391,Laura Black,adrianmcneil@example.com,United Kingdom,Retail,2021-04-25,6,2021-11-09,2026-07-25,True,198.0,Valid,425379.34,30446.790559999998,394932.54942,389.0,0.0,0.0,True,65822.09157,0.0,0.07157562132660227,134.0,1719.0,2026-12-06
302392,Natalie Adkins,mray@example.org,Japan,Corporate,2022-01-25,3,2025-02-03,2026-05-04,True,1105.0,Valid,44339.0,133.017,44205.983,90.0,0.0,0.0,True,14735.327666666666,0.0,0.003,216.0,455.0,2026-12-06
302393,Tanya Dominguez,gainesmelissa@example.org,Brazil,Retail,2022-12-30,4,2023-01-04,2024-12-26,True,5.0,Valid,108428.1,10621.931,97806.169,138.0,0.0,0.0,True,24451.54225,0.0,0.0979628989164248,710.0,722.0,2026-12-06
302394,Nicole Macias,nicole28@example.com,France,Online,2021-09-20,3,2024-05-17,2026-07-19,True,970.0,Valid,298572.69,27102.86057,271469.82943,209.0,0.0,0.0,True,90489.94314333332,0.0,0.09077474758324347,140.0,793.0,2026-12-06
302395,Kristina Mendez,ghunt@example.net,United States,Retail,2024-05-02,1,2024-09-22,2024-09-22,True,143.0,Valid,147748.54,14954.404,132794.136,84.0,0.0,0.0,False,132794.136,0.0,0.10121524043486317,805.0,0.0,2026-12-06
302396,David Johnston,dhorton@example.net,Brazil,Retail,2024-07-12,5,2024-10-09,2026-02-05,True,89.0,Valid,65924.1,1186.6338,64737.4662,136.0,0.0,0.0,True,12947.49324,0.0,0.018,304.0,484.0,2026-12-06
302397,Maria Ruiz,nmatthews@example.net,Brazil,Online,2025-03-18,3,2025-04-12,2026-01-23,True,25.0,Valid,43737.28,7216.6512,36520.6288,32.0,0.0,0.0,True,12173.542933333332,0.0,0.165,317.0,286.0,2026-12-06
302398,Terri Valdez,,Brazil,Online,2025-07-25,3,2025-08-25,2025-12-24,True,31.0,Valid,206226.63999999998,20187.86621,186038.77384,129.0,0.0,0.0,True,62012.924613333336,0.0,0.09789165071011195,347.0,121.0,2026-12-06
302399,Sheila Collins,hornbradley@example.com,Brazil,Corporate,2025-03-02,2,2025-09-14,2025-11-06,True,196.0,Valid,167583.26,16204.7649,151378.4951,221.0,0.0,0.0,True,75689.24755,0.0,0.0966967995490719,395.0,53.0,2026-12-06
302400,Natasha Taylor,justin34@example.com,Mexico,Retail,2023-07-28,6,2024-10-20,2026-02-06,True,450.0,Valid,456856.80000000005,35650.58446,421206.21554,289.0,0.0,0.0,True,70201.03592333333,0.0,0.0780344835843529,303.0,474.0,2026-12-06
302401,Ashley Myers DVM,john98@example.org,China,,2024-10-25,7,2024-12-31,2026-02-26,True,67.0,Valid,291861.65,25666.383019999997,266195.26698,295.0,0.0,0.0,True,38027.89528285714,0.0,0.08794023819162262,283.0,422.0,2026-12-06
302402,Tina Walsh,murraycatherine@example.net,Canada,Retail,2025-04-08,5,2025-07-04,2026-01-28,True,87.0,Valid,302852.9,23653.38521,279199.51479,235.0,0.0,0.0,True,55839.902958,0.0,0.07810189438502982,312.0,208.0,2026-12-06
302403,Scott Cole,sandracrawford@example.com,Vietnam,Corporate,2025-06-30,8,2025-09-15,2026-06-14,True,77.0,Valid,257960.13,26337.50458,231622.62542,342.0,0.0,0.0,True,28952.8281775,0.0,0.10209912896229352,175.0,272.0,2026-12-06
302404,Andrea Woods,,Germany,Corporate,2023-12-30,2,2026-01-27,2026-05-09,True,759.0,Valid,29341.679999999997,2408.60334,26933.07666,135.0,0.0,0.0,True,13466.53833,0.0,0.08208811969866757,211.0,102.0,2026-12-06
302405,Melissa Brown,gpearson@example.net,Japan,Wholesale,2020-11-10,8,2021-01-21,2025-06-25,True,72.0,Valid,527755.45,63996.43895,463759.01105000003,503.0,0.0,0.0,True,57969.876381250004,0.0,0.12126154064349313,529.0,1616.0,2026-12-06
302406,James Beard,lesliejohnson@example.net,United States,Wholesale,2024-11-12,2,2025-03-31,2026-07-14,True,139.0,Valid,195701.6,31389.90576,164311.69423999998,185.0,0.0,0.0,True,82155.84711999999,0.0,0.1603967763165963,145.0,470.0,2026-12-06
302407,Claudia Silva,jamesbaldwin@example.net,France,,2020-09-04,5,2022-04-04,2026-03-01,True,577.0,Valid,107111.45999999999,5804.59836,92004.86862,106.0,9.0,9301.99302,True,18400.973724,0.08490566037735849,0.05419213182230921,280.0,1427.0,2026-12-06
302408,Tanner Ortiz,david85@example.net,Germany,Online,2022-04-10,1,2024-04-10,2024-04-10,True,731.0,Valid,0.0,0.0,0.0,0.0,0.0,0.0,False,0.0,,,970.0,0.0,2026-12-06
302409,Courtney Hubbard,sarahvega@example.com,Canada,Corporate,2024-06-29,2,2024-07-12,2024-07-30,True,13.0,Valid,2224.24,342.53296,1881.70704,14.0,0.0,0.0,True,940.85352,0.0,0.15400000000000003,859.0,18.0,2026-12-06
302410,David Benson,lisa49@example.com,Japan,Corporate,2022-03-29,4,2023-06-24,2026-05-24,True,452.0,Valid,484913.83,102410.55124999999,382503.27875,374.0,0.0,0.0,True,95625.8196875,0.0,0.21119329850831434,196.0,1065.0,2026-12-06
302411,Amy Taylor,,China,Online,2021-06-11,6,2021-09-28,2026-03-16,True,109.0,Valid,380355.07999999996,44744.91884,335610.16116,260.0,0.0,0.0,True,55935.026860000005,0.0,0.11763986125806444,265.0,1630.0,2026-12-06
302412,Erin Johnson,jenniferedwards@example.com,Mexico,Corporate,2022-02-15,2,2024-03-13,2026-07-06,True,757.0,Valid,31256.300000000003,1495.66318,29760.63682,59.0,0.0,0.0,True,14880.31841,0.0,0.04785157488250368,153.0,845.0,2026-12-06
302413,Mrs. Vicki Johnson,qwilson@example.org,Germany,Corporate,2024-02-20,4,2024-05-15,2026-01-23,True,85.0,Valid,493874.25,21229.295899999997,471405.59794,429.0,1.0,1239.35616,True,117851.399485,0.002331002331002331,0.042985225287611166,317.0,618.0,2026-12-06
302414,Deborah Mahoney,,Germany,Corporate,2021-08-21,2,2022-12-27,2023-11-28,True,493.0,Valid,36598.08,3378.67524,33219.404760000005,18.0,0.0,0.0,True,16609.702380000002,0.0,0.09231837407864019,1104.0,336.0,2026-12-06
302415,Justin Ho,fryedylan@example.net,Japan,Online,2024-06-29,8,2024-10-07,2026-07-25,True,100.0,Valid,336738.6,34631.96363,302106.63637,387.0,0.0,0.0,True,37763.32954625,0.0,0.10284524444183114,134.0,656.0,2026-12-06
302416,Sarah Nguyen,gmoss@example.org,United States,Retail,2024-04-29,3,2024-07-09,2025-10-20,True,71.0,Valid,38112.8,6011.627439999999,32101.172560000003,85.0,0.0,0.0,True,10700.390853333334,0.0,0.1577325056149115,412.0,468.0,2026-12-06
302417,William Banks,diazkenneth@example.com,Japan,Wholesale,2021-07-05,2,2023-01-11,2026-03-07,True,555.0,Valid,129030.41,14147.22709,114883.18291,188.0,0.0,0.0,True,57441.591455,0.0,0.1096425803033564,274.0,1151.0,2026-12-06
302418,Michael Zuniga,mike59@example.com,Brazil,Online,2023-06-14,5,2023-09-26,2026-05-31,True,104.0,Valid,304678.56,16182.101939999999,288496.45806000003,244.0,0.0,0.0,True,57699.29161200001,0.0,0.05311204680762571,189.0,978.0,2026-12-06
302419,Christy Cook,portertony@example.net,United States,Online,2020-12-02,1,2021-12-20,2021-12-20,True,383.0,Valid,0.0,0.0,0.0,0.0,0.0,0.0,False,0.0,,,1812.0,0.0,2026-12-06
302420,Tammy Robinson,tonyhodge@example.org,China,Corporate,2023-09-11,5,2023-11-09,2025-08-09,True,59.0,Valid,345286.33999999997,57049.14018,288237.19982,273.0,0.0,0.0,True,57647.439964,0.0,0.16522269655961486,484.0,639.0,2026-12-06
302421,Deborah Colon,johnsongregory@example.net,United States,Corporate,2023-07-19,4,2025-07-19,2026-04-21,True,731.0,Valid,410680.99,34540.1068,373336.6272,426.0,2.0,2804.256,True,93334.1568,0.004694835680751174,0.08410446950563746,229.0,276.0,2026-12-06
302422,James Guerrero,stacycoleman@example.net,Brazil,Online,2024-10-15,1,2025-04-26,2025-04-26,True,193.0,Valid,0.0,0.0,0.0,3.0,0.0,0.0,False,0.0,0.0,,589.0,0.0,2026-12-06
302423,Catherine Brown,vbrooks@example.net,Canada,Corporate,2020-10-01,8,2021-03-06,2026-03-20,True,156.0,Valid,448464.75,51395.17856,397069.57143999997,385.0,0.0,0.0,True,49633.696429999996,0.0,0.11460249341782158,261.0,1840.0,2026-12-06
302424,Raymond Johnson,ujohnson@example.org,Germany,Retail,2020-10-12,5,2021-03-30,2025-07-19,True,169.0,Valid,386432.78,43317.61236,343115.16764,355.0,0.0,0.0,True,68623.033528,0.0,0.11209611244677534,505.0,1572.0,2026-12-06
302425,Carrie Brown,johnnycarr@example.com,Australia,Corporate,2025-06-11,6,2025-09-20,2026-05-26,True,101.0,Valid,258835.64,17485.26703,241350.37297,291.0,0.0,0.0,True,40225.06216166667,0.0,0.06755355263285998,194.0,248.0,2026-12-06
302426,Christopher Wilson,jessicaarnold@example.org,France,,2022-11-05,3,2024-05-23,2026-05-13,True,565.0,Valid,6137.37,1534.3425,4603.0275,27.0,0.0,0.0,True,1534.3425,0.0,0.25,207.0,720.0,2026-12-06
302427,Sabrina Chapman,yangeric@example.com,Mexico,Corporate,2024-02-04,4,2024-08-03,2026-05-09,True,181.0,Valid,113438.22,3452.10206,109986.11794000001,197.0,0.0,0.0,True,27496.529485000003,0.0,0.030431560544585415,211.0,644.0,2026-12-06
302428,Ashley Horn,angelmiller@example.org,Canada,Corporate,2024-07-31,4,2025-05-04,2026-05-04,True,277.0,Valid,149465.84,13264.72895,136201.11105,195.0,0.0,0.0,True,34050.2777625,0.0,0.08874756231925636,216.0,365.0,2026-12-06
302429,Anthony Hansen,williampearson@example.com,Japan,Corporate,2025-04-06,5,2025-01-09,2026-05-17,True,-87.0,First Order Before Signup,228053.11,21828.68922,206224.42078,157.0,0.0,0.0,True,41244.884156,0.0,0.09571756868389122,203.0,493.0,2026-12-06
302430,Richard Stewart,travis88@example.com,France,Wholesale,2024-05-28,4,2024-06-11,2026-05-18,True,14.0,Valid,318173.54,46914.07208,271259.46792,258.0,0.0,0.0,True,67814.86698,0.0,0.14744806271445451,202.0,706.0,2026-12-06
302431,Taylor Brown,edwardsteele@example.net,Mexico,Corporate,2024-08-11,2,2024-09-15,2025-05-17,True,35.0,Valid,157370.8,3626.7720400000003,153744.02796,139.0,0.0,0.0,True,76872.01398,0.0,0.02304602912357312,568.0,244.0,2026-12-06
302432,Allison Miller,,Japan,Online,2024-10-25,5,2024-11-16,2026-06-26,True,22.0,Valid,522403.06,73493.71842,448909.34158,347.0,0.0,0.0,True,89781.86831600001,0.0,0.14068393554203149,163.0,587.0,2026-12-06
302433,Michael Diaz,derrick47@example.com,Vietnam,Corporate,2025-03-04,5,2026-01-05,2026-05-27,True,307.0,Valid,330257.91,56818.93384,273438.97616,271.0,0.0,0.0,True,54687.795232000004,0.0,0.1720441270884322,193.0,142.0,2026-12-06
302434,Sabrina Short,qmercado@example.com,India,Wholesale,2020-09-23,2,2021-02-11,2024-03-23,True,141.0,Valid,406903.16,36233.127420000004,370670.03258,231.0,0.0,0.0,True,185335.01629,0.0,0.08904607037212492,988.0,1136.0,2026-12-06
302435,Sydney Kidd,michaelrobinson@example.net,Australia,Online,2021-06-11,5,2021-07-25,2024-11-03,True,44.0,Valid,177876.16999999998,21096.10067,150672.65133000002,212.0,6.0,6107.418,True,30134.530266000005,0.02830188679245283,0.11859992639823537,763.0,1197.0,2026-12-06
302436,Johnny Escobar,,France,Retail,2022-12-29,4,2023-06-13,2026-04-30,True,166.0,Valid,129989.73999999999,17952.78529,110072.06343,130.0,3.0,1964.89128,True,27518.0158575,0.023076923076923078,0.13810924839144997,220.0,1052.0,2026-12-06
302437,Jimmy Dillon,nmiller@example.net,France,Online,2022-09-30,4,2022-10-14,2025-07-25,True,14.0,Valid,257856.92,23533.96268,234322.95732,194.0,0.0,0.0,True,58580.73933,0.0,0.09126752417581037,499.0,1015.0,2026-12-06
302438,Thomas Gardner,raymondbrown@example.net,United States,Wholesale,2023-03-02,4,2023-05-25,2026-03-23,True,84.0,Valid,159366.78999999998,16448.34482,142918.44518,212.0,0.0,0.0,True,35729.611295,0.0,0.10321061759479501,258.0,1033.0,2026-12-06
302439,Bridget Morales,zimmermankatelyn@example.com,France,Wholesale,2021-05-06,2,2022-04-14,2023-03-09,True,343.0,Valid,43868.93,10315.027,33553.903,27.0,0.0,0.0,True,16776.9515,0.0,0.235132860546177,1368.0,329.0,2026-12-06
302440,Glenn Glenn,brewershelly@example.org,Canada,Corporate,2021-04-06,2,2022-02-01,2023-05-20,True,301.0,Valid,170021.72,20889.90122,149131.81878,178.0,0.0,0.0,True,74565.90939,0.0,0.12286607393455377,1296.0,473.0,2026-12-06
302441,Jennifer Robertson,,France,Online,2022-05-04,4,2022-09-12,2026-05-29,True,131.0,Valid,314447.58,48236.1518,266211.42819999997,265.0,0.0,0.0,True,66552.85704999999,0.0,0.1533996598097527,191.0,1355.0,2026-12-06
302442,John Berg,cynthia27@example.net,Canada,Corporate,2022-09-02,3,2022-12-30,2026-03-03,True,119.0,Valid,241855.81,41116.87623,200738.93377,125.0,0.0,0.0,True,66912.97792333334,0.0,0.17000574114800054,278.0,1159.0,2026-12-06
302443,Sheryl Juarez,dennis53@example.com,United Kingdom,Online,2023-04-14,5,2024-03-13,2026-07-24,True,334.0,Valid,87307.34999999999,4642.22165,82665.12835,93.0,0.0,0.0,True,16533.02567,0.0,0.05317102912870452,135.0,863.0,2026-12-06
302444,Ryan Conner,raychristopher@example.net,India,,2024-01-10,5,2024-03-28,2026-04-16,True,78.0,Valid,341102.12,28384.51674,312717.60326,218.0,0.0,0.0,True,62543.520652,0.0,0.08321413170929573,234.0,749.0,2026-12-06
302445,Alejandro Gonzales,ruizheather@example.net,China,Online,2023-06-12,4,2023-08-25,2025-09-17,True,74.0,Valid,94018.18,8492.5922,85525.5878,74.0,0.0,0.0,True,21381.39695,0.0,0.09032925546952728,445.0,754.0,2026-12-06
302446,Dr. Jacob Williams,,Canada,Corporate,2024-02-03,3,2024-06-29,2026-05-27,True,147.0,Valid,278513.58999999997,43627.45986,234886.13014000002,180.0,0.0,0.0,True,78295.37671333335,0.0,0.15664391766304836,193.0,697.0,2026-12-06
302447,Dustin Walker,jessica96@example.com,Japan,Retail,2023-01-08,3,2023-06-18,2025-09-29,True,161.0,Valid,232137.12,24694.831889999998,207442.28811000002,202.0,0.0,0.0,True,69147.42937000001,0.0,0.10638036644031768,433.0,834.0,2026-12-06
302448,Elaine Miller,,Mexico,Wholesale,2024-02-29,4,2024-05-08,2026-07-20,True,69.0,Valid,385938.78,41263.17147,344675.60853,433.0,0.0,0.0,True,86168.9021325,0.0,0.10691636499965097,139.0,803.0,2026-12-06
302449,April Rhodes,ochoatyler@example.net,Japan,,2025-04-18,3,2025-10-25,2026-04-12,True,190.0,Valid,138657.3,12635.28526,126022.01474000001,126.0,0.0,0.0,True,42007.33824666667,0.0,0.091126001011126,238.0,169.0,2026-12-06
302450,Alexandra Williams,elizabeth97@example.org,Mexico,Corporate,2022-06-23,5,2022-08-21,2025-05-10,True,59.0,Valid,226964.44,38350.513179999994,188613.92682,232.0,0.0,0.0,True,37722.785363999996,0.0,0.1689714616968191,575.0,993.0,2026-12-06
302451,Crystal Fleming,antoniosmith@example.net,Australia,Wholesale,2024-02-04,0,,,False,,Cannot Determine,0.0,0.0,0.0,0.0,0.0,0.0,False,,,,,,2026-12-06
302452,Julie Conway,dadams@example.net,Canada,Wholesale,2021-07-11,1,2025-06-10,2025-06-10,True,1430.0,Valid,0.0,0.0,0.0,3.0,0.0,0.0,False,0.0,0.0,,544.0,0.0,2026-12-06
302453,Teresa Bowman,vmorris@example.com,Germany,Online,2024-02-17,3,2024-05-04,2025-03-11,True,77.0,Valid,367509.07,33023.562040000004,334485.50795999996,280.0,0.0,0.0,True,111495.16931999999,0.0,0.08985781504657832,635.0,311.0,2026-12-06
302454,Peter Reed,ralvarado@example.net,Australia,Corporate,2024-05-28,3,2024-09-20,2026-04-01,True,115.0,Valid,191595.56,22633.9844,168961.57559999998,156.0,0.0,0.0,True,56320.5252,0.0,0.11813418014488437,249.0,558.0,2026-12-06
302455,Matthew Brown,sullivandaniel@example.net,Vietnam,Online,2024-06-25,4,2024-07-11,2025-12-18,True,16.0,Valid,178133.4,16813.64574,161319.75426000002,158.0,0.0,0.0,True,40329.938565000004,0.0,0.0943879460000202,353.0,525.0,2026-12-06
302456,Todd Buchanan,christopher33@example.com,Germany,Retail,2021-09-20,5,2022-12-11,2025-05-23,True,447.0,Valid,279884.47,15989.06566,263895.40434,154.0,0.0,0.0,True,52779.080868000005,0.0,0.05712737709241246,562.0,894.0,2026-12-06
302457,Dr. Sheena Clarke,,United Kingdom,Corporate,2025-05-08,5,2025-06-28,2026-05-14,True,51.0,Valid,416806.68,39456.27545,377350.40455,289.0,0.0,0.0,True,75470.08090999999,0.0,0.09466325119837331,206.0,320.0,2026-12-06
302458,Brian Lowe,awang@example.net,India,Wholesale,2023-09-15,5,2024-01-02,2026-07-26,True,109.0,Valid,373733.22,29717.75444,340102.74805000005,367.0,3.0,3912.71751,True,68020.54961000002,0.008174386920980926,0.0795159564354488,133.0,936.0,2026-12-06
302459,Brandon Flynn MD,marshabigail@example.net,United States,Online,2022-04-07,6,2022-09-14,2024-11-29,True,160.0,Valid,279186.62,10841.56597,268345.05403,255.0,0.0,0.0,True,44724.175671666664,0.0,0.038832684639399984,737.0,807.0,2026-12-06
302460,Angela Nelson,robertsonjason@example.com,China,Wholesale,2024-04-13,9,2024-04-22,2026-05-11,True,9.0,Valid,643720.99,50520.6918,589965.99682,504.0,10.0,3234.3014,True,65551.77742444444,0.01984126984126984,0.07848228127530843,209.0,749.0,2026-12-06
302461,Nicholas Craig,vscott@example.org,United States,Corporate,2023-03-08,4,2024-02-27,2025-06-29,True,356.0,Valid,202832.34,21730.86086,181101.47914,201.0,0.0,0.0,True,45275.369785,0.0,0.10713706137788481,525.0,488.0,2026-12-06
302462,Jessica White,kathy52@example.com,Mexico,,2023-06-28,5,2024-07-24,2026-05-10,True,392.0,Valid,162102.53999999998,26285.09516,135817.44484,306.0,0.0,0.0,True,27163.488968,0.0,0.16215103822555774,210.0,655.0,2026-12-06
302463,Steven Davis,bartlettapril@example.net,Vietnam,Online,2024-05-07,1,2026-03-07,2026-03-07,True,669.0,Valid,31389.88,4365.79994,27024.08006,48.0,0.0,0.0,False,27024.08006,0.0,0.13908304013905118,274.0,0.0,2026-12-06
302464,Danielle Byrd,candace21@example.org,Germany,Corporate,2024-12-21,4,2024-12-23,2025-11-02,True,2.0,Valid,69777.58,1026.1177899999998,68751.46221,74.0,6.0,0.0,True,17187.8655525,0.08108108108108109,0.014705551410639344,399.0,314.0,2026-12-06
302465,Autumn Wade,cardenasshawn@example.net,China,Wholesale,2022-06-13,7,2023-03-30,2026-01-31,True,290.0,Valid,232278.56999999998,40283.87562,191283.17016,264.0,2.0,711.52422,True,27326.167165714287,0.007575757575757576,0.1734291528486679,309.0,1038.0,2026-12-06
302466,Timothy Patel,dyerdylan@example.com,Brazil,Corporate,2021-08-28,8,2022-01-01,2026-07-16,True,126.0,Valid,484506.58,36687.75991,446516.95983,574.0,6.0,1301.86026,True,55814.61997875,0.010452961672473868,0.07572190229078003,143.0,1657.0,2026-12-06
302467,Walter Simpson,alanyork@example.com,Germany,Retail,2021-12-27,5,2022-05-13,2026-07-16,True,137.0,Valid,26644.09,1936.40051,24707.68949,68.0,0.0,0.0,True,4941.5378980000005,0.0,0.07267654890821942,143.0,1525.0,2026-12-06
302468,Kenneth Kane,jmorse@example.org,China,Wholesale,2023-05-26,7,2023-06-12,2025-06-19,True,17.0,Valid,430113.15,24604.488830000002,403396.40453,299.0,2.0,2112.25664,True,57628.05779,0.006688963210702341,0.05720468864995176,535.0,738.0,2026-12-06
302469,Austin Blake,thomas49@example.net,United Kingdom,Retail,2024-04-03,5,2024-04-22,2025-09-16,True,19.0,Valid,281025.7,23777.8611,257247.83889999997,175.0,0.0,0.0,True,51449.56778,0.0,0.0846109843334613,446.0,512.0,2026-12-06
302470,James Phillips,selenamullen@example.com,United Kingdom,Corporate,2023-05-13,1,2025-08-29,2025-08-29,True,839.0,Valid,121072.86,7518.56157,113554.29843,86.0,0.0,0.0,False,113554.29843,0.0,0.06209947935482816,464.0,0.0,2026-12-06
302471,Melanie Hatfield,christopherjordan@example.com,Japan,Retail,2024-04-08,5,2024-07-25,2026-06-03,True,108.0,Valid,103454.51,6350.401930000001,97104.10807,228.0,0.0,0.0,True,19420.821614,0.0,0.06138351948117101,186.0,678.0,2026-12-06
302472,Anthony Nelson,christyprince@example.com,Australia,Retail,2021-07-31,1,2021-12-25,2021-12-25,True,147.0,Valid,44347.79,5416.35471,38931.43529,30.0,0.0,0.0,False,38931.43529,0.0,0.12213358794203724,1807.0,0.0,2026-12-06
302473,Jessica Calhoun,ilawrence@example.net,Mexico,Wholesale,2022-11-23,6,2022-12-14,2026-01-22,True,21.0,Valid,458531.24,35482.43858,423048.80142,383.0,0.0,0.0,True,70508.13356999999,0.0,0.07738281601052963,318.0,1135.0,2026-12-06
302474,Edward Rivera,nicole41@example.org,Australia,Retail,2022-12-20,6,2023-07-21,2024-10-03,True,213.0,Valid,281848.94,11787.75449,265561.84415,259.0,2.0,4499.34136,True,44260.30735833334,0.007722007722007722,0.04182295129440614,794.0,440.0,2026-12-06
302475,Leroy Carney,robertzamora@example.org,Germany,Wholesale,2022-01-19,6,2022-04-22,2026-05-28,True,93.0,Valid,212695.12,27017.3158,185677.8042,276.0,0.0,0.0,True,30946.300700000003,0.0,0.12702367501426456,192.0,1497.0,2026-12-06
302476,Jessica Dominguez,elizabeth19@example.org,Canada,Online,2024-02-14,2,2024-07-07,2025-09-29,True,144.0,Valid,57803.229999999996,7160.1558700000005,50643.07413,115.0,0.0,0.0,True,25321.537065,0.0,0.12387120702424416,433.0,449.0,2026-12-06
302477,Kelli Johnson,maryskinner@example.net,United Kingdom,Corporate,2021-12-02,5,2022-01-15,2026-01-21,True,44.0,Valid,386966.9,25726.66511,351078.92674,256.0,7.0,10161.30815,True,70215.785348,0.02734375,0.06648285708674308,319.0,1467.0,2026-12-06
302478,Larry Henderson,richard15@example.com,Japan,Corporate,2022-02-04,4,2022-02-08,2025-04-19,True,4.0,Valid,184970.05,19539.4263,165430.6237,183.0,0.0,0.0,True,41357.655925,0.0,0.10563562209125207,596.0,1166.0,2026-12-06
302479,Michael Haynes,mindybrown@example.com,China,Online,2023-06-09,2,2025-11-22,2025-12-15,True,897.0,Valid,170361.79,17961.53349,152400.25651,93.0,0.0,0.0,True,76200.128255,0.0,0.10543170208530915,356.0,23.0,2026-12-06
302480,Louis Stone,tammy16@example.org,Germany,Wholesale,2020-10-21,3,2021-04-22,2025-05-05,True,183.0,Valid,80075.44,8448.786820000001,65150.724239999996,40.0,6.0,6475.92894,True,21716.908079999997,0.15,0.10551033900032271,580.0,1474.0,2026-12-06
302481,Mark Evans,brianhood@example.net,Canada,Retail,2021-04-27,2,2023-04-30,2025-07-18,True,733.0,Valid,169231.61000000002,17731.45708,151500.15292,172.0,0.0,0.0,True,75750.07646,0.0,0.10477627128879763,506.0,810.0,2026-12-06
302482,Marie Christensen,ajones@example.net,Germany,Corporate,2021-07-18,2,2022-08-19,2023-01-03,True,397.0,Valid,81983.37,2754.72174,79228.64825999999,46.0,0.0,0.0,True,39614.32412999999,0.0,0.03360098200403326,1433.0,137.0,2026-12-06
302483,Jesus Sawyer,elopez@example.org,China,Online,2023-11-28,2,2026-04-06,2026-06-01,True,860.0,Valid,157155.41,4467.39822,137052.90698,89.0,10.0,15635.1048,True,68526.45349,0.11235955056179775,0.028426626992987387,188.0,56.0,2026-12-06
302484,Joshua Smith,angelafreeman@example.org,Australia,Corporate,2021-04-25,2,2021-09-12,2024-08-26,True,140.0,Valid,234437.56,11319.48455,223118.07545,149.0,0.0,0.0,True,111559.037725,0.0,0.04828357943155525,832.0,1079.0,2026-12-06
302485,Francis Macias,cindy85@example.net,United Kingdom,Online,2025-03-12,6,2025-05-27,2026-02-03,True,76.0,Valid,385117.48,41093.35635,344024.12365,403.0,0.0,0.0,True,57337.35394166667,0.0,0.10670343072976071,306.0,252.0,2026-12-06
302486,Jeffrey Erickson,christopher02@example.net,Vietnam,Wholesale,2022-09-02,6,2022-12-31,2025-03-08,True,120.0,Valid,401651.69,27109.38282,369942.73936,303.0,4.0,4599.56784,True,61657.12322666667,0.013201320132013201,0.06749475601608947,638.0,798.0,2026-12-06
302487,Casey Taylor,robinmills@example.net,Germany,Online,2024-12-08,6,2024-12-18,2026-01-24,True,10.0,Valid,554840.4400000001,36119.85795,518720.58205,472.0,0.0,0.0,True,86453.43034166667,0.0,0.06509954095991992,316.0,402.0,2026-12-06
302488,Susan Stewart,peter98@example.com,France,Retail,2022-07-28,2,2022-11-20,2024-01-25,True,115.0,Valid,170484.82,14499.08806,155985.73194,130.0,0.0,0.0,True,77992.86597,0.0,0.0850462115043439,1046.0,431.0,2026-12-06
302489,Brooke Schwartz,shane05@example.org,United States,Online,2021-07-17,3,2021-11-05,2023-10-05,True,111.0,Valid,95480.23,6006.20284,89474.02716,180.0,0.0,0.0,True,29824.67572,0.0,0.06290519869924906,1158.0,699.0,2026-12-06
302490,Daniel Craig,udavis@example.org,India,Wholesale,2020-11-20,3,2022-10-19,2026-01-24,True,698.0,Valid,179408.55,13359.24652,161656.34371999998,118.0,7.0,4392.95976,True,53885.44790666666,0.059322033898305086,0.07446270827114986,316.0,1193.0,2026-12-06
302491,Alan Dillon,smills@example.org,United States,Retail,2021-09-17,4,2022-05-26,2025-08-30,True,251.0,Valid,298052.79,28301.28835,269751.50165,284.0,0.0,0.0,True,67437.8754125,0.0,0.09495394540678516,463.0,1192.0,2026-12-06
302492,Nicole Gardner,ronaldweaver@example.net,Vietnam,Retail,2024-08-08,4,2025-07-30,2026-04-18,True,356.0,Valid,502639.35,67158.82303,435480.52697,303.0,0.0,0.0,True,108870.1317425,0.0,0.1336123465661811,232.0,262.0,2026-12-06
302493,Charles Ford,ujarvis@example.org,Germany,Corporate,2024-07-21,3,2024-09-16,2026-01-30,True,57.0,Valid,205730.33,8069.48265,197660.84735,223.0,0.0,0.0,True,65886.94911666667,0.0,0.03922359260299636,310.0,501.0,2026-12-06
302494,Susan Cole,mariahkim@example.org,United Kingdom,Retail,2021-05-31,5,2021-10-12,2026-07-07,True,134.0,Valid,637198.08,64958.48629,572239.59371,490.0,0.0,0.0,True,114447.91874200001,0.0,0.10194394542117893,152.0,1729.0,2026-12-06
302495,Christopher Herrera,josephschultz@example.net,Canada,Wholesale,2025-06-12,7,2025-07-19,2026-07-10,True,37.0,Valid,471105.00999999995,76436.64044999999,394668.36955,363.0,0.0,0.0,True,56381.19565,0.0,0.16224968707082948,149.0,356.0,2026-12-06
302496,Mr. Jeffery Lee,micheleyork@example.com,Canada,Online,2024-03-08,2,2024-04-03,2025-03-17,True,26.0,Valid,22475.4,337.131,22138.269,20.0,0.0,0.0,True,11069.1345,0.0,0.014999999999999998,629.0,348.0,2026-12-06
302497,Amanda Scott,matthewkelly@example.net,India,Online,2023-03-01,4,2023-09-06,2024-08-16,True,189.0,Valid,285841.8,22157.187860000002,263684.61214,258.0,0.0,0.0,True,65921.153035,0.0,0.07751556231453903,842.0,345.0,2026-12-06
302498,Calvin Ford,georgecooper@example.com,Mexico,Corporate,2023-01-05,2,2023-01-10,2024-03-09,True,5.0,Valid,102545.45999999999,664.9630999999999,101880.4969,105.0,0.0,0.0,True,50940.24845,0.0,0.006484568892664775,1002.0,424.0,2026-12-06
302499,Michael Kramer,hinestasha@example.com,Brazil,Retail,2025-04-11,3,2025-05-09,2026-07-05,True,28.0,Valid,94105.24999999999,6597.06927,87508.18073,63.0,0.0,0.0,True,29169.393576666665,0.0,0.0701030948857795,154.0,422.0,2026-12-06
302500,Jason Munoz,tinaflynn@example.com,India,Wholesale,2022-05-17,2,2024-01-02,2025-05-28,True,595.0,Valid,13255.34,1851.5862399999999,11403.75376,40.0,0.0,0.0,True,5701.87688,0.0,0.13968606161743116,557.0,512.0,2026-12-06
302501,Brian Woods,,Mexico,Retail,2023-11-29,5,2023-12-27,2025-10-27,True,28.0,Valid,125901.44,14467.61745,111433.82255,157.0,0.0,0.0,True,22286.76451,0.0,0.11491224762798583,405.0,670.0,2026-12-06
302502,Sean Stevens,vskinner@example.com,Vietnam,,2024-08-02,5,2025-03-23,2026-06-30,True,233.0,Valid,190018.57,4664.42526,185354.14474000002,176.0,0.0,0.0,True,37070.828948,0.0,0.02454720746503881,159.0,464.0,2026-12-06
302503,Vincent Robertson,julie67@example.net,United Kingdom,Online,2023-09-16,3,2023-11-01,2024-05-27,True,46.0,Valid,112798.28000000001,12801.71684,99996.56316,105.0,0.0,0.0,True,33332.18772,0.0,0.1134921280714564,923.0,208.0,2026-12-06
302504,Christopher Charles,justinguzman@example.com,Mexico,Online,2021-10-21,4,2022-03-30,2025-04-18,True,160.0,Valid,70681.24,9188.10962,61493.13038,74.0,0.0,0.0,True,15373.282595,0.0,0.12999361103455456,597.0,1115.0,2026-12-06
302505,Jessica Smith,pvance@example.net,Mexico,Wholesale,2023-05-04,0,,,False,,Cannot Determine,0.0,0.0,0.0,0.0,0.0,0.0,False,,,,,,2026-12-06
302506,Lauren Watkins,susan64@example.org,Australia,Wholesale,2023-09-27,5,2024-11-03,2025-10-01,True,403.0,Valid,233472.32,29838.041289999997,203634.27870999998,262.0,0.0,0.0,True,40726.855742,0.0,0.12780119412014238,431.0,332.0,2026-12-06
302507,Justin Morris,millersherry@example.org,Mexico,Online,2023-02-08,5,2024-01-18,2026-04-22,True,344.0,Valid,389192.39,25237.465620000003,363954.92434,302.0,0.0,0.0,True,72790.984868,0.0,0.06484573251804847,228.0,825.0,2026-12-06
302508,Laura Johnson,allensierra@example.com,Australia,Wholesale,2021-10-16,2,2021-12-27,2022-04-22,True,72.0,Valid,110680.48,8599.4608,102081.0192,186.0,0.0,0.0,True,51040.5096,0.0,0.07769627309169604,1689.0,116.0,2026-12-06
302509,Briana Walker,roger90@example.com,Australia,Retail,2021-02-13,3,2022-06-26,2026-04-09,True,498.0,Valid,110033.72,20366.848560000002,89666.87144,112.0,0.0,0.0,True,29888.957146666668,0.0,0.1850964282585375,241.0,1383.0,2026-12-06
302510,Yvette Johnson,pottsmichael@example.org,Mexico,Wholesale,2025-02-13,3,2025-11-28,2026-07-29,True,288.0,Valid,109098.75,11541.99611,94979.31499,95.0,2.0,2577.4389,True,31659.771663333333,0.021052631578947368,0.10579402706263821,130.0,243.0,2026-12-06
302511,Robert Nguyen,osmith@example.net,India,Wholesale,2021-09-12,4,2022-10-15,2026-01-17,True,398.0,Valid,71188.59,1772.97079,69415.61920999999,121.0,0.0,0.0,True,17353.904802499997,0.0,0.024905266279329315,323.0,1190.0,2026-12-06
302512,Randall Jones,sara59@example.com,Canada,,2022-11-30,5,2023-03-08,2025-09-08,True,98.0,Valid,303830.70999999996,18600.17816,285230.53183999995,209.0,0.0,0.0,True,57046.10636799999,0.0,0.06121888784711724,454.0,915.0,2026-12-06
302513,Michael Perkins,,Japan,Online,2023-12-19,5,2023-12-23,2026-06-05,True,4.0,Valid,350406.94,35071.55982,305268.52327999996,188.0,13.0,10066.856899999999,True,61053.704655999994,0.06914893617021277,0.10008808564122618,184.0,895.0,2026-12-06
302514,Vanessa Johnson,mario36@example.org,Vietnam,Wholesale,2022-05-19,4,2022-09-01,2026-04-11,True,105.0,Valid,326318.76,34705.76971,291612.99029,287.0,0.0,0.0,True,72903.2475725,0.0,0.10635542286934407,239.0,1318.0,2026-12-06
302515,Jessica Evans,nancy41@example.net,United Kingdom,Corporate,2023-06-25,4,2024-02-01,2025-12-15,True,221.0,Valid,86036.75,5247.08103,80789.66897,136.0,0.0,0.0,True,20197.4172425,0.0,0.060986509020854465,356.0,683.0,2026-12-06
302516,Christopher Edwards,,Australia,Wholesale,2021-10-14,4,2021-12-28,2025-04-12,True,75.0,Valid,158374.46999999997,19787.77665,137327.92365,175.0,3.0,1258.7697,True,34331.9809125,0.017142857142857144,0.1249429699748956,603.0,1201.0,2026-12-06
302517,Kathryn Hampton,fosterlawrence@example.org,United States,,2024-07-13,6,2024-07-24,2026-05-24,True,11.0,Valid,412181.64,60468.8187,351712.8213,326.0,0.0,0.0,True,58618.803550000004,0.0,0.14670429934724896,196.0,669.0,2026-12-06
302518,Anna Collier,travis45@example.org,India,Retail,2023-09-19,3,2024-01-21,2026-06-23,True,124.0,Valid,185522.01,29564.09607,155957.91393,183.0,0.0,0.0,True,51985.97131,0.0,0.15935627298345895,166.0,884.0,2026-12-06
302519,Richard Ortega,wmccoy@example.net,Brazil,Corporate,2020-12-18,4,2021-03-12,2025-07-05,True,84.0,Valid,329092.98,52856.570100000004,276236.4099,295.0,0.0,0.0,True,69059.102475,0.0,0.16061287633665114,519.0,1576.0,2026-12-06
302520,Alexander Cross,kevinbrown@example.net,Mexico,,2025-01-26,3,2025-02-04,2025-10-15,True,9.0,Valid,36239.2,5725.7936,30513.4064,157.0,4.0,0.0,True,10171.135466666667,0.025477707006369428,0.158,417.0,253.0,2026-12-06
302521,Carrie Pineda,joannmitchell@example.com,France,Retail,2022-06-23,5,2023-07-16,2026-02-23,True,388.0,Valid,163995.19,15198.721850000002,148796.46815000003,170.0,0.0,0.0,True,29759.293630000007,0.0,0.09267785140527598,286.0,953.0,2026-12-06
302522,Lauren Lutz,phall@example.org,Brazil,Wholesale,2020-09-17,1,2023-07-04,2023-07-04,True,1020.0,Valid,33335.5,3533.563,29801.937,41.0,0.0,0.0,False,29801.937,0.0,0.106,1251.0,0.0,2026-12-06
302523,Robert Davis,wardmaria@example.org,United States,Retail,2023-07-18,3,2024-07-29,2026-04-24,True,377.0,Valid,19525.05,2464.2107100000003,17060.83929,107.0,0.0,0.0,True,5686.94643,0.0,0.1262076517089585,226.0,634.0,2026-12-06
302524,Lauren Brown,campbelllisa@example.net,Mexico,Online,2022-06-07,5,2022-11-07,2025-06-12,True,153.0,Valid,146870.6,18620.33848,128250.26152,86.0,0.0,0.0,True,25650.052304,0.0,0.1267805706519889,542.0,948.0,2026-12-06
302525,Robert Rios,markrussell@example.org,Mexico,Online,2025-03-25,4,2025-10-26,2026-08-01,True,215.0,Valid,570726.1799999999,53297.91758,517428.26242000004,422.0,0.0,0.0,True,129357.06560500001,0.0,0.09338614461316634,127.0,279.0,2026-12-06
302526,Tina Harrington,laurenfigueroa@example.net,United Kingdom,Retail,2023-06-08,1,2023-11-26,2023-11-26,True,171.0,Valid,0.0,0.0,0.0,0.0,0.0,0.0,False,0.0,,,1106.0,0.0,2026-12-06
302527,Jonathan Richardson,harriscarolyn@example.net,Brazil,Retail,2025-07-20,3,2025-07-21,2026-05-01,True,1.0,Valid,225044.38999999998,4087.60357,209126.53426,147.0,10.0,11830.2522,True,69708.84475333332,0.06802721088435375,0.018163543512459922,219.0,284.0,2026-12-06
302528,Stephanie Patterson,fmiller@example.org,Germany,Wholesale,2023-10-13,4,2024-06-16,2025-05-31,True,247.0,Valid,209306.66999999998,29483.268210000002,179823.40179,157.0,0.0,0.0,True,44955.8504475,0.0,0.14086157985314088,554.0,349.0,2026-12-06
302529,Randy Hernandez,christineandrade@example.net,United States,Corporate,2022-02-12,6,2022-10-07,2026-01-12,True,237.0,Valid,188202.63,25837.010299999998,162365.6197,153.0,0.0,0.0,True,27060.93661666667,0.0,0.13728293966986538,328.0,1193.0,2026-12-06
302530,Danny Davis,ann29@example.net,Canada,Corporate,2021-09-07,5,2021-12-12,2025-06-19,True,96.0,Valid,295026.64,53056.46542,241970.17458,194.0,0.0,0.0,True,48394.034916,0.0,0.17983618503061283,535.0,1285.0,2026-12-06
302531,Joshua Rice,laneerica@example.com,United States,Online,2025-06-02,6,2025-06-05,2026-04-08,True,3.0,Valid,324371.45,37544.373600000006,286827.0764,278.0,0.0,0.0,True,47804.51273333334,0.0,0.11574500036917554,242.0,307.0,2026-12-06
302532,Bruce Armstrong,,Australia,Corporate,2024-09-17,3,2025-04-06,2026-02-27,True,201.0,Valid,201486.86,8750.13378,192736.72621999998,232.0,0.0,0.0,True,64245.57540666666,0.0,0.04342781350605196,282.0,327.0,2026-12-06
302533,Justin Velasquez,clintonhaley@example.org,Vietnam,Corporate,2021-08-16,3,2021-09-14,2024-12-26,True,29.0,Valid,110739.18000000001,7546.88874,103192.29126,173.0,0.0,0.0,True,34397.43042,0.0,0.06815012301879064,710.0,1199.0,2026-12-06
302534,Lori Burns,terri17@example.org,Germany,Corporate,2024-06-19,3,2024-06-25,2025-10-18,True,6.0,Valid,224483.58,39672.74618,184810.83382,214.0,0.0,0.0,True,61603.611273333336,0.0,0.17672894462926866,414.0,480.0,2026-12-06
302535,Melissa Winters,montgomerypamela@example.com,Australia,,2020-09-20,2,2022-06-19,2026-01-14,True,637.0,Valid,170149.8,4171.97068,165977.82932,166.0,0.0,0.0,True,82988.91466,0.0,0.024519398083335982,326.0,1305.0,2026-12-06
302536,Sean Rodriguez,kimberlyjohnson@example.org,France,Retail,2022-02-12,5,2022-09-19,2026-04-02,True,219.0,Valid,376230.30000000005,44936.451629999996,331293.84837,375.0,0.0,0.0,True,66258.76967400001,0.0,0.11943868324799993,248.0,1291.0,2026-12-06
302537,Leslie Jordan,hjones@example.com,Japan,Retail,2022-01-10,3,2024-07-02,2026-02-11,True,904.0,Valid,585519.04,63540.658690000004,521978.38130999997,372.0,0.0,0.0,True,173992.79377,0.0,0.10852022624234389,298.0,589.0,2026-12-06
302538,Ronald Crawford,karen25@example.net,China,Corporate,2024-07-06,5,2024-08-27,2026-06-22,True,52.0,Valid,159064.72,9141.21505,149923.50494999997,243.0,0.0,0.0,True,29984.700989999994,0.0,0.057468526333180614,167.0,664.0,2026-12-06
302539,Darrell Petersen,davidjohnson@example.org,Germany,Corporate,2024-12-17,3,2024-12-30,2026-07-17,True,13.0,Valid,94171.67,1035.88837,93135.78163,84.0,0.0,0.0,True,31045.260543333334,0.0,0.011,142.0,564.0,2026-12-06
302540,Kathy Jones,stewartpamela@example.com,United Kingdom,Corporate,2023-12-23,5,2024-05-09,2025-09-27,True,138.0,Valid,219557.65,20928.03089,198629.61911,238.0,0.0,0.0,True,39725.923822,0.0,0.09531906945624533,435.0,506.0,2026-12-06
302541,Tiffany Malone,,Brazil,Corporate,2025-07-19,7,2025-07-30,2026-05-17,True,11.0,Valid,528823.28,55147.57544,473675.70456,472.0,0.0,0.0,True,67667.95779428571,0.0,0.10428356225164671,203.0,291.0,2026-12-06
302542,Alison Reed,richard96@example.com,Canada,Wholesale,2022-10-15,8,2022-10-29,2025-06-25,True,14.0,Valid,313762.25,32914.76167,280847.48833,308.0,0.0,0.0,True,35105.93604125,0.0,0.10490351108203744,529.0,970.0,2026-12-06
302543,Mike Hatfield,jefferymurray@example.org,United States,Wholesale,2024-02-05,5,2024-04-29,2026-06-15,True,84.0,Valid,323278.76999999996,35811.67228,287467.09772,229.0,0.0,0.0,True,57493.419544000004,0.0,0.1107764431298721,174.0,777.0,2026-12-06
302544,Emily Fuentes,carpentermichelle@example.org,Canada,Online,2023-02-17,6,2023-05-16,2026-06-06,True,88.0,Valid,658704.98,65615.86823000001,593089.11179,479.0,0.0,0.0,True,98848.18529833334,0.0,0.09961343882658973,183.0,1117.0,2026-12-06
302545,Jason Wright,kennethrichard@example.com,Japan,Corporate,2022-01-13,2,2022-03-04,2025-08-21,True,50.0,Valid,178095.24999999997,32002.740639999996,146092.50936,138.0,0.0,0.0,True,73046.25468,0.0,0.17969452099368177,472.0,1266.0,2026-12-06
302546,Katherine Mitchell,cindycurtis@example.org,Germany,Retail,2022-05-09,3,2024-04-16,2025-12-11,True,708.0,Valid,223902.57,26170.319320000002,197732.25068,121.0,0.0,0.0,True,65910.75022666667,0.0,0.11688262140090666,360.0,604.0,2026-12-06
302547,Abigail Lane,douglasrosales@example.com,France,Online,2023-02-01,6,2024-02-04,2026-04-29,True,368.0,Valid,533724.81,89492.91054,440496.16745999997,362.0,19.0,3735.732,True,73416.02790999999,0.052486187845303865,0.16767612983927052,221.0,815.0,2026-12-06
302548,Brenda Brooks,julia55@example.org,China,Wholesale,2025-03-25,6,2025-08-06,2026-01-28,True,134.0,Valid,404107.36,38348.19504,365759.16498,418.0,0.0,0.0,True,60959.86083,0.0,0.09489605692902994,312.0,175.0,2026-12-06
302549,Stephanie Blevins,maynardsamantha@example.net,China,Online,2021-09-21,7,2022-10-22,2026-01-17,True,396.0,Valid,269476.9,39201.98771,230274.91229,408.0,0.0,0.0,True,32896.41604142857,0.0,0.145474390235304,323.0,1183.0,2026-12-06
302550,Cynthia Simpson,amyburns@example.com,France,Corporate,2024-12-21,3,2025-07-22,2026-02-27,True,213.0,Valid,118920.55,13614.215320000001,105306.33468,146.0,0.0,0.0,True,35102.11156,0.0,0.11448160406254429,282.0,220.0,2026-12-06
302551,Cheryl Benton,johnsonheather@example.com,Canada,Corporate,2025-01-20,4,2025-01-22,2026-04-21,True,2.0,Valid,433839.81000000006,42866.60266,390973.20732,231.0,0.0,0.0,True,97743.30183,0.0,0.09880744383508741,229.0,454.0,2026-12-06
302552,Eric Fisher,zachary74@example.org,China,Retail,2021-12-10,2,2022-10-01,2022-10-05,True,295.0,Valid,19180.71,1236.4582500000001,17944.25175,21.0,0.0,0.0,True,8972.125875,0.0,0.06446363299377345,1523.0,4.0,2026-12-06
302553,Brandon Johnson II,kcook@example.net,Brazil,Wholesale,2022-08-18,4,2022-09-30,2026-07-29,True,43.0,Valid,360075.74,38882.73163,321193.00837,397.0,0.0,0.0,True,80298.2520925,0.0,0.10798486904449603,130.0,1398.0,2026-12-06
302554,Bryan Howard,adam11@example.net,United Kingdom,Corporate,2022-11-16,3,2023-02-02,2026-02-09,True,78.0,Valid,37609.11,526.52754,37082.58246,80.0,0.0,0.0,True,12360.86082,0.0,0.014,300.0,1103.0,2026-12-06
302555,Bobby Gonzales,mannjennifer@example.net,United States,Online,2024-07-18,1,2025-12-06,2025-12-06,True,506.0,Valid,168890.03999999998,13737.535859999998,155152.50414,94.0,0.0,0.0,False,155152.50414,0.0,0.08134011845813999,365.0,0.0,2026-12-06
302556,Jason James,parkersamantha@example.org,Germany,Corporate,2022-07-24,8,2022-09-29,2026-02-12,True,67.0,Valid,482594.84,40797.678270000004,441797.16173000005,496.0,0.0,0.0,True,55224.645216250006,0.0,0.08453815683151523,297.0,1232.0,2026-12-06
302557,Jose Jackson,,Germany,Corporate,2025-01-19,5,2025-05-11,2026-01-26,True,112.0,Valid,324900.57,26243.69414,298656.87586000003,282.0,0.0,0.0,True,59731.37517200001,0.0,0.08077454016162544,314.0,260.0,2026-12-06
302558,Gregory Scott,pmason@example.com,United Kingdom,Wholesale,2023-10-26,7,2023-12-15,2026-06-14,True,50.0,Valid,301842.56,46429.27912,255413.28088,292.0,0.0,0.0,True,36487.611554285715,0.0,0.15381952472176222,175.0,912.0,2026-12-06
302559,Samuel Maxwell,vincentdavis@example.com,Vietnam,,2023-03-13,5,2023-08-15,2026-01-25,True,155.0,Valid,277670.66000000003,15890.11723,261780.54277,220.0,0.0,0.0,True,52356.108554,0.0,0.057226489935955055,315.0,894.0,2026-12-06
302560,Shawn Rhodes,juan59@example.com,China,Retail,2024-09-12,5,2025-02-13,2026-05-30,True,154.0,Valid,237507.1,23374.134869999998,214132.96512999997,231.0,0.0,0.0,True,42826.593025999995,0.0,0.0984144679043279,190.0,471.0,2026-12-06
302561,Alyssa Hall,yorkchristopher@example.com,China,Retail,2024-01-14,2,2024-08-17,2025-07-11,True,216.0,Valid,154200.91,22196.832899999998,132004.0771,133.0,0.0,0.0,True,66002.03855,0.0,0.14394748318930153,513.0,328.0,2026-12-06
302562,Jonathan Hernandez,tanyabennett@example.net,United States,Wholesale,2023-11-19,3,2024-06-06,2026-01-26,True,200.0,Valid,86284.35,3377.92858,82629.43382,76.0,5.0,276.9876,True,27543.14460666667,0.06578947368421052,0.03914879789903963,314.0,599.0,2026-12-06
302563,Calvin Garcia,zmanning@example.org,Vietnam,Corporate,2023-01-09,4,2023-02-26,2026-05-13,True,48.0,Valid,125479.57,7265.954949999999,118213.61505,114.0,0.0,0.0,True,29553.4037625,0.0,0.05790548174495656,207.0,1172.0,2026-12-06
302564,Kimberly Barrett,dunlapmark@example.net,Germany,Wholesale,2022-08-14,3,2024-06-29,2025-07-23,True,685.0,Valid,308767.20999999996,29725.4526,279041.7574,227.0,0.0,0.0,True,93013.91913333333,0.0,0.09627140330088808,501.0,389.0,2026-12-06
302565,Richard Lee,,United States,Online,2023-10-27,6,2024-05-24,2025-10-06,True,210.0,Valid,271448.37,38649.23735,232799.13264999999,226.0,0.0,0.0,True,38799.85544166667,0.0,0.14238154146956197,426.0,500.0,2026-12-06
302566,Heather Stephens,lopezlinda@example.com,Germany,Online,2022-09-12,2,2023-09-21,2024-08-22,True,374.0,Valid,199637.08000000002,19136.44384,180500.63616,172.0,0.0,0.0,True,90250.31808,0.0,0.09585615978755048,836.0,336.0,2026-12-06
302567,Theresa Allen,anna37@example.com,China,Corporate,2024-12-11,3,2025-01-13,2025-06-15,True,33.0,Valid,227793.75,24382.001730000004,203411.74827,177.0,0.0,0.0,True,67803.91609,0.0,0.10703542889126678,539.0,153.0,2026-12-06
302568,Carrie Tucker,jennifer95@example.net,Brazil,,2020-10-31,2,2021-11-27,2026-07-27,True,392.0,Valid,179871.86000000002,10647.325550000001,169224.53445,148.0,0.0,0.0,True,84612.267225,0.0,0.05919394812507082,132.0,1703.0,2026-12-06
302569,Linda Kelly,chloe66@example.net,India,Online,2021-04-14,5,2023-02-19,2024-11-29,True,676.0,Valid,486684.45,63077.539659999995,423606.91034,335.0,0.0,0.0,True,84721.382068,0.0,0.12960664689410148,737.0,649.0,2026-12-06
302570,Bradley Harmon,,India,Online,2022-04-24,2,2023-11-18,2025-10-29,True,573.0,Valid,60279.46,11887.04518,48392.414820000005,73.0,0.0,0.0,True,24196.207410000003,0.0,0.19719893277079786,403.0,711.0,2026-12-06
302571,Grant Mason,rodrigueztammy@example.net,Japan,Retail,2024-11-20,11,2025-02-11,2026-07-29,True,83.0,Valid,292708.04,27537.52044,252720.20612000002,349.0,6.0,12450.31344,True,22974.564192727274,0.017191977077363897,0.0940784559248868,130.0,533.0,2026-12-06
302572,Michelle Jones,tharris@example.com,Canada,Retail,2025-02-09,3,2025-08-19,2026-05-14,True,191.0,Valid,233102.22999999998,20798.54817,212303.68183000002,187.0,0.0,0.0,True,70767.89394333334,0.0,0.08922500728543009,206.0,268.0,2026-12-06
302573,Melissa Flores,jimcraig@example.com,Canada,Wholesale,2023-07-26,6,2023-08-09,2026-07-19,True,14.0,Valid,173958.52000000002,8790.49542,165168.02458000003,128.0,0.0,0.0,True,27528.00409666667,0.0,0.05053213501701439,140.0,1075.0,2026-12-06
302574,Samantha Henderson,rhiggins@example.net,United States,Corporate,2024-03-22,5,2024-07-07,2026-02-16,True,107.0,Valid,671274.78,105763.07459,565511.70541,451.0,0.0,0.0,True,113102.34108200001,0.0,0.1575555610624907,293.0,589.0,2026-12-06
302575,Jeremy Marshall,martinezjennifer@example.com,Germany,Online,2024-12-04,7,2025-02-07,2026-05-09,True,65.0,Valid,443032.14,53900.727009999995,389131.41299,376.0,0.0,0.0,True,55590.20185571428,0.0,0.12166324323558105,211.0,456.0,2026-12-06
302576,Jared Jones,blakenelson@example.net,Australia,,2023-11-05,7,2024-03-06,2026-07-10,True,122.0,Valid,251541.89999999997,19162.60184,232379.29816,328.0,0.0,0.0,True,33197.04259428572,0.0,0.07618055616181639,149.0,856.0,2026-12-06
302577,Michael Castaneda,colleenvance@example.org,France,,2022-03-04,6,2024-01-17,2026-02-10,True,684.0,Valid,165188.46000000002,9268.57555,151691.00645000002,239.0,4.0,4228.878,True,25281.834408333336,0.016736401673640166,0.05610909835953431,299.0,755.0,2026-12-06
302578,Chase Davies,daniellewebb@example.net,Canada,Online,2022-03-26,6,2023-01-28,2024-10-04,True,308.0,Valid,686630.52,94304.47582,582500.25008,484.0,10.0,9825.7941,True,97083.37501333334,0.02066115702479339,0.13734384515852865,793.0,615.0,2026-12-06
302579,Ian Sullivan,jberry@example.org,India,Wholesale,2023-05-04,9,2023-08-02,2026-07-20,True,90.0,Valid,419892.65,72002.02844,347890.62156,320.0,0.0,0.0,True,38654.51350666667,0.0,0.17147722981100047,139.0,1083.0,2026-12-06
302580,Charles Mcclure,dhill@example.net,France,Retail,2023-12-18,10,2024-01-10,2026-07-10,True,23.0,Valid,626624.74,74728.00921,551896.73079,509.0,0.0,0.0,True,55189.67307899999,0.0,0.11925480186115857,149.0,912.0,2026-12-06
302581,Gloria Castro,houstonmichelle@example.com,Japan,,2023-01-10,7,2023-03-15,2026-05-24,True,64.0,Valid,209531.53,10515.63665,199015.89338,290.0,0.0,0.0,True,28430.84191142857,0.0,0.050186416574154735,196.0,1166.0,2026-12-06
302582,Kelly Wheeler,randolphsharon@example.com,United Kingdom,Retail,2025-06-18,2,2025-07-09,2025-07-27,True,21.0,Valid,3546.4,574.5168,2971.8832,26.0,0.0,0.0,True,1485.9416,0.0,0.162,497.0,18.0,2026-12-06
302583,William Wilson,sarah44@example.com,France,Retail,2024-04-20,8,2024-04-05,2026-07-14,True,-15.0,First Order Before Signup,630654.57,55719.370310000006,574935.19969,527.0,0.0,0.0,True,71866.89996125,0.0,0.08835164757467787,145.0,830.0,2026-12-06
302584,Brian Aguilar,bruceray@example.com,Australia,Corporate,2024-03-24,2,2026-06-17,2026-07-31,True,815.0,Valid,156805.15,26534.12814,130271.02186,130.0,0.0,0.0,True,65135.51093,0.0,0.1692171981596268,128.0,44.0,2026-12-06
302585,Randall Marks,,Japan,Retail,2024-08-31,6,2025-11-14,2026-07-21,True,440.0,Valid,361573.38,39577.324519999995,321996.05548,404.0,0.0,0.0,True,53666.00924666666,0.0,0.10945862364093284,138.0,249.0,2026-12-06
302586,Marisa Rogers,johncooke@example.net,Mexico,Retail,2023-03-31,3,2023-08-01,2024-06-05,True,123.0,Valid,104919.06999999999,19065.46254,85853.60746,53.0,0.0,0.0,True,28617.869153333333,0.0,0.1817158934024101,914.0,309.0,2026-12-06
302587,Michael Mata,dellis@example.com,Australia,Online,2023-01-29,5,2023-05-25,2025-08-12,True,116.0,Valid,272082.1,13718.123630000002,258363.97642,213.0,0.0,0.0,True,51672.795284,0.0,0.050419059651480205,481.0,810.0,2026-12-06
302588,Mackenzie Peterson,matthewdavis@example.org,Vietnam,Wholesale,2023-06-20,4,2024-11-09,2026-03-19,True,508.0,Valid,221538.19999999998,11090.67753,210447.52247,313.0,0.0,0.0,True,52611.8806175,0.0,0.05006214517406028,262.0,495.0,2026-12-06
302589,Kristen Johnson,karisullivan@example.net,France,Wholesale,2024-06-02,4,2024-10-12,2025-12-04,True,132.0,Valid,32448.32,205.28802,32243.03198,147.0,0.0,0.0,True,8060.757995,0.0,0.006326614752319997,367.0,418.0,2026-12-06
302590,Jason Sullivan,hernandezrussell@example.net,Germany,,2025-07-10,4,2025-07-11,2025-10-26,True,1.0,Valid,204486.48,4788.523300000001,199697.95674,198.0,0.0,0.0,True,49924.489185,0.0,0.023417310034384672,406.0,107.0,2026-12-06
302591,Cindy Duncan,stephen64@example.com,United Kingdom,Retail,2024-11-18,3,2025-11-07,2026-07-06,True,354.0,Valid,139016.0,20229.569779999998,118786.43022000001,113.0,0.0,0.0,True,39595.476740000006,0.0,0.1455197227657248,153.0,241.0,2026-12-06
302592,Brandi Rodriguez,calderonjacob@example.net,Brazil,Wholesale,2024-06-15,4,2024-06-07,2026-05-31,True,-8.0,First Order Before Signup,410204.29,14307.25536,389258.66164,287.0,6.0,6638.373,True,97314.66541,0.020905923344947737,0.0348783659966111,189.0,723.0,2026-12-06
302593,Nicole Cameron,griffinlisa@example.com,Australia,Online,2023-01-10,5,2023-04-11,2025-09-24,True,91.0,Valid,719038.79,59889.3256,659149.4644599999,690.0,0.0,0.0,True,131829.89289199997,0.0,0.08329081328143645,438.0,897.0,2026-12-06
302594,Mark Walton,,Brazil,Online,2023-04-07,8,2023-06-21,2026-07-05,True,75.0,Valid,604413.73,65855.06234,519916.35971000005,527.0,9.0,18642.30795,True,64989.544963750006,0.017077798861480076,0.10895692647485028,154.0,1110.0,2026-12-06
302595,Courtney Johnson,duncanpamela@example.net,France,Online,2024-06-03,4,2024-06-25,2026-05-15,True,22.0,Valid,384829.31,28195.47084,356633.83912,195.0,0.0,0.0,True,89158.45978,0.0,0.0732674723762595,205.0,689.0,2026-12-06
302596,Linda Chambers,tvasquez@example.net,Canada,Retail,2021-02-11,3,2022-09-03,2024-10-13,True,569.0,Valid,94272.37000000001,5632.81211,88639.55789,115.0,0.0,0.0,True,29546.519296666665,0.0,0.059750403113871,784.0,771.0,2026-12-06
302597,Michael Gilbert,brian74@example.net,Brazil,Corporate,2022-11-12,6,2023-11-23,2026-03-09,True,376.0,Valid,235145.21000000002,22389.72319,207773.81671,215.0,6.0,4981.6701,True,34628.96945166667,0.027906976744186046,0.09521658208559723,272.0,837.0,2026-12-06
302598,Jennifer Alexander,xruiz@example.net,India,Corporate,2024-12-24,3,2025-01-16,2026-04-13,True,23.0,Valid,115545.87,899.7739499999999,114646.09605000001,118.0,7.0,0.0,True,38215.36535,0.059322033898305086,0.0077871580351595426,237.0,452.0,2026-12-06
302599,Katrina Shaw,rcuevas@example.com,Japan,Retail,2022-01-17,4,2022-10-22,2026-01-25,True,278.0,Valid,536331.35,59748.703859999994,476582.64613999997,378.0,0.0,0.0,True,119145.66153499999,0.0,0.11140259442227272,315.0,1191.0,2026-12-06
302600,Scott Drake,kyleduran@example.org,Japan,Corporate,2023-01-18,5,2023-03-24,2025-12-17,True,65.0,Valid,238125.71,25038.01912,213087.69088,261.0,0.0,0.0,True,42617.538176,0.0,0.10514622348002658,354.0,999.0,2026-12-06
302601,Christopher Carr,brianmartinez@example.net,United Kingdom,Online,2020-12-20,5,2023-05-20,2026-06-04,True,881.0,Valid,470402.31000000006,37551.08178,432851.22822,409.0,0.0,0.0,True,86570.245644,0.0,0.07982758796401318,185.0,1111.0,2026-12-06
302602,Dawn Jackson,stephanie33@example.org,United Kingdom,,2022-08-11,2,2023-07-31,2024-07-19,True,354.0,Valid,26319.54,6563.25192,-2620.146719999997,128.0,10.0,22376.4348,True,-1310.0733599999985,0.078125,0.24936803302793284,870.0,354.0,2026-12-06
302603,Amanda Kaiser,kimberly06@example.org,United Kingdom,Online,2023-09-22,5,2023-11-20,2026-07-30,True,59.0,Valid,279428.91,10778.66553,268650.24447000003,230.0,0.0,0.0,True,53730.04889400001,0.0,0.038573909657379404,129.0,983.0,2026-12-06
302604,Grant Holland,steven75@example.org,Germany,,2022-05-04,8,2022-12-21,2026-01-24,True,231.0,Valid,862325.82,86767.94309999999,775557.8768999999,573.0,0.0,0.0,True,96944.73461249999,0.0,0.10062083389779515,316.0,1130.0,2026-12-06
302605,Christina Wolf,brownlauren@example.org,Vietnam,Corporate,2021-04-16,5,2022-08-12,2026-01-13,True,483.0,Valid,343561.48,39107.5559,304453.9241,319.0,0.0,0.0,True,60890.78482,0.0,0.11382986212540475,327.0,1250.0,2026-12-06
302606,Jennifer Galvan,derekhamilton@example.org,Germany,Online,2022-08-30,4,2023-01-14,2024-04-18,True,137.0,Valid,302799.2,43785.60643,252402.78637,192.0,10.0,6610.8072,True,63100.6965925,0.052083333333333336,0.14460278108396588,962.0,460.0,2026-12-06
302607,Joseph Kelly,xmoore@example.net,Canada,Online,2025-08-18,4,2025-10-25,2026-03-22,True,68.0,Valid,194139.47,9484.42213,184655.04787,185.0,0.0,0.0,True,46163.7619675,0.0,0.04885365211927281,259.0,148.0,2026-12-06
302608,Richard Bond,tylerthompson@example.com,Vietnam,Online,2021-10-26,5,2022-11-18,2025-10-09,True,388.0,Valid,188303.44,30195.17364,158108.26636,226.0,0.0,0.0,True,31621.653272000003,0.0,0.16035380787520398,423.0,1056.0,2026-12-06
302609,Andrew Patrick,usummers@example.net,Japan,,2024-06-02,9,2024-06-14,2025-12-05,True,12.0,Valid,657895.97,66229.52447,591666.44553,493.0,0.0,0.0,True,65740.71617,0.0,0.10066868850101028,366.0,539.0,2026-12-06
302610,Joshua Silva,dianaking@example.org,United Kingdom,Corporate,2024-03-27,5,2024-07-12,2026-01-04,True,107.0,Valid,301406.07000000007,35876.018070000006,265530.05192999996,211.0,0.0,0.0,True,53106.010385999994,0.0,0.11902885058021558,336.0,541.0,2026-12-06
302611,Derek Lee,,United Kingdom,Wholesale,2021-09-08,4,2022-03-09,2026-02-01,True,182.0,Valid,365582.33999999997,26901.64052,338680.69944,276.0,0.0,0.0,True,84670.17486,0.0,0.07358572222060837,308.0,1425.0,2026-12-06
302612,Kim Richardson,andersondebbie@example.net,China,Wholesale,2025-02-06,3,2025-12-06,2026-07-12,True,303.0,Valid,51660.53,4485.1034,46774.258799999996,48.0,1.0,401.1678,True,15591.4196,0.020833333333333332,0.08681876473199172,147.0,218.0,2026-12-06
302613,John Gonzales,karen17@example.com,Japan,Retail,2023-10-17,3,2023-12-12,2026-03-26,True,56.0,Valid,105973.85,14570.28356,91403.56644,116.0,0.0,0.0,True,30467.85548,0.0,0.13748942366442288,255.0,835.0,2026-12-06
302614,Alan Rowland,tphillips@example.com,United Kingdom,Retail,2023-07-10,3,2024-06-23,2025-02-14,True,349.0,Valid,328997.98,36138.83678,292859.14321999997,253.0,0.0,0.0,True,97619.71440666665,0.0,0.10984516312227814,660.0,236.0,2026-12-06
302615,Melissa Davis,iwade@example.org,United States,Online,2022-03-14,4,2023-12-23,2026-03-17,True,649.0,Valid,319600.32,30561.966969999998,284368.44295000006,231.0,8.0,4669.91008,True,71092.11073750001,0.03463203463203463,0.0956255831345851,264.0,815.0,2026-12-06
302616,Jessica Johnson,jennifersoto@example.com,Australia,Online,2022-12-25,9,2023-03-16,2026-05-01,True,81.0,Valid,551279.13,74128.8361,468594.6699,481.0,7.0,8555.624,True,52066.07443333333,0.014553014553014554,0.13446697338243152,219.0,1142.0,2026-12-06
302617,Tracy Patterson,christina42@example.net,Vietnam,Corporate,2021-08-27,6,2021-10-16,2023-11-18,True,50.0,Valid,298064.58,25975.39358,272089.18642,260.0,0.0,0.0,True,45348.19773666666,0.0,0.0871468645486156,1114.0,763.0,2026-12-06
302618,Robert Johnson,maustin@example.com,Brazil,Wholesale,2025-08-16,3,2025-12-12,2026-03-05,True,118.0,Valid,96133.29,11891.09094,84242.19906,129.0,0.0,0.0,True,28080.73302,0.0,0.12369378952910069,276.0,83.0,2026-12-06
302619,Kelly Robinson,christopherwatson@example.org,Vietnam,,2025-03-26,4,2025-06-23,2025-11-07,True,89.0,Valid,238019.72,29210.129240000002,208809.59076,208.0,0.0,0.0,True,52202.39769,0.0,0.12272146711205274,394.0,137.0,2026-12-06
302620,Jacqueline Perkins,zmaynard@example.com,Germany,Retail,2021-06-28,5,2021-10-19,2026-03-03,True,113.0,Valid,318590.51,21912.49829,296678.01171,248.0,0.0,0.0,True,59335.602342,0.0,0.06877950724269846,278.0,1596.0,2026-12-06
302621,Monica Anderson,fosterryan@example.net,Australia,Corporate,2024-07-24,5,2024-08-03,2026-04-16,True,10.0,Valid,324579.08,41623.25422,282955.82577999996,311.0,0.0,0.0,True,56591.16515599999,0.0,0.1282376369419742,234.0,621.0,2026-12-06
302622,Michael Johnson,twalker@example.com,Germany,Corporate,2023-11-29,6,2024-02-10,2025-04-11,True,73.0,Valid,413021.65,45684.277420000006,367337.37257999997,313.0,0.0,0.0,True,61222.89543,0.0,0.11060988551084429,604.0,426.0,2026-12-06
302623,Edward Carroll,jwright@example.net,United Kingdom,Online,2022-10-02,8,2023-12-11,2026-06-14,True,435.0,Valid,587495.88,52555.55399,534940.32601,449.0,0.0,0.0,True,66867.54075125,0.0,0.0894568894508673,175.0,916.0,2026-12-06
302624,Stephanie Smith,jacob27@example.com,India,Wholesale,2022-06-16,9,2022-10-30,2026-05-26,True,136.0,Valid,519828.0,59446.57695,460381.42305,449.0,0.0,0.0,True,51153.49145,0.0,0.11435816645121079,194.0,1304.0,2026-12-06
302625,Harold Malone,rebeccaalexander@example.org,Mexico,Online,2021-07-05,0,,,False,,Cannot Determine,0.0,0.0,0.0,0.0,0.0,0.0,False,,,,,,2026-12-06
302626,Mrs. Lindsey Gilbert,adrian89@example.com,Brazil,Wholesale,2023-07-12,2,2026-05-24,2026-06-08,True,1047.0,Valid,120687.91,256.46959,108585.79761,135.0,10.0,11845.6428,True,54292.898805,0.07407407407407407,0.0021250644741465817,181.0,15.0,2026-12-06
302627,Jennifer Graham,james70@example.net,Japan,Corporate,2022-04-08,4,2022-10-29,2026-02-08,True,204.0,Valid,194104.87000000002,9914.1831,184190.6869,249.0,0.0,0.0,True,46047.671725,0.0,0.05107642636683973,301.0,1198.0,2026-12-06
302628,Chase Phelps,batesjill@example.com,China,Wholesale,2023-02-12,2,2024-04-25,2026-03-08,True,438.0,Valid,68794.56,6086.905199999999,62707.6548,35.0,0.0,0.0,True,31353.8274,0.0,0.08847945535228366,273.0,682.0,2026-12-06
302629,James Vega,michaelmyers@example.com,United Kingdom,Corporate,2025-05-13,4,2025-06-29,2026-06-22,True,47.0,Valid,260475.12,16063.569,244411.551,333.0,0.0,0.0,True,61102.88775,0.0,0.061670262403564685,167.0,358.0,2026-12-06
302630,Charlene Valentine,,United States,Retail,2021-09-09,6,2022-06-06,2026-01-05,True,270.0,Valid,396452.46,47038.075880000004,349414.38412,354.0,0.0,0.0,True,58235.73068666667,0.0,0.11864745619184706,335.0,1309.0,2026-12-06
302631,Ana Contreras,roblesbetty@example.org,Brazil,Wholesale,2023-06-27,7,2023-09-09,2026-06-06,True,74.0,Valid,562324.94,72130.11021,488322.36224000005,529.0,5.0,1872.46755,True,69760.33746285715,0.00945179584120983,0.12827122732632135,183.0,1001.0,2026-12-06
302632,Joseph Foster,adkinsjared@example.net,Brazil,,2023-09-06,3,2024-02-28,2026-03-02,True,175.0,Valid,300095.29,30337.53076,269757.75924,140.0,0.0,0.0,True,89919.25308,0.0,0.10109299202929845,279.0,733.0,2026-12-06
302633,Thomas West,elizabethpalmer@example.net,Australia,Online,2021-06-08,3,2023-03-21,2026-06-03,True,651.0,Valid,145555.9,32328.3077,113227.59229999999,130.0,0.0,0.0,True,37742.53076666666,0.0,0.22210235174252643,186.0,1170.0,2026-12-06
302634,Anna Frey,buchananchristina@example.org,France,Corporate,2022-06-24,4,2022-10-17,2025-11-09,True,115.0,Valid,245196.88,14220.71163,230976.16837000003,266.0,0.0,0.0,True,57744.04209250001,0.0,0.05799711493066306,392.0,1119.0,2026-12-06
302635,Thomas Carter DVM,danielle81@example.org,Vietnam,Online,2023-08-30,6,2023-12-04,2025-12-23,True,96.0,Valid,377426.80000000005,83627.79746999999,277193.71669,348.0,9.0,16605.28584,True,46198.95278166666,0.02586206896551724,0.2215735540507457,348.0,750.0,2026-12-06
302636,Robin Baldwin,kgraham@example.com,Germany,Wholesale,2022-02-03,4,2022-09-02,2026-03-04,True,211.0,Valid,324941.92000000004,34431.255359999996,290510.66464,188.0,0.0,0.0,True,72627.66616,0.0,0.10596126027691347,277.0,1279.0,2026-12-06
302637,Daniel Horne II,dtate@example.net,United Kingdom,Corporate,2021-12-09,2,2025-06-17,2025-10-04,True,1286.0,Valid,215206.39,7666.38048,198344.02135999998,127.0,8.0,9195.98816,True,99172.01067999999,0.06299212598425197,0.035623386833448574,428.0,109.0,2026-12-06
302638,Michelle Anderson,hopkinspaul@example.com,India,Retail,2024-07-08,5,2025-05-15,2026-06-22,True,311.0,Valid,485459.55,30946.98719,454512.56281000003,281.0,0.0,0.0,True,90902.512562,0.0,0.06374781830947604,167.0,403.0,2026-12-06
302639,Corey Daniels,jody71@example.net,India,,2025-04-03,1,2026-03-30,2026-03-30,True,361.0,Valid,78886.08,473.31648,78412.76352,39.0,0.0,0.0,False,78412.76352,0.0,0.006,251.0,0.0,2026-12-06
302640,Kathryn Davila,john45@example.org,United Kingdom,Retail,2023-04-23,3,2024-01-26,2024-07-21,True,278.0,Valid,139777.99,6977.01138,132800.97862,178.0,0.0,0.0,True,44266.992873333336,0.0,0.04991494998604573,868.0,177.0,2026-12-06
302641,Francis Lewis,fosterjulie@example.org,France,,2023-09-11,5,2024-01-17,2026-07-28,True,128.0,Valid,571899.3500000001,21474.748,550424.602,469.0,0.0,0.0,True,110084.92039999999,0.0,0.03754987306769975,131.0,923.0,2026-12-06
302642,Scott Newman,zramirez@example.net,China,Retail,2021-05-31,6,2023-05-06,2025-06-17,True,705.0,Valid,279894.73,26492.899139999998,253401.83086,215.0,0.0,0.0,True,42233.63847666667,0.0,0.09465308310735254,537.0,773.0,2026-12-06
302643,Timothy Evans,michaelrice@example.net,United States,Wholesale,2025-06-04,8,2025-07-06,2026-06-17,True,32.0,Valid,220916.23,17493.28665,203422.94335,254.0,0.0,0.0,True,25427.86791875,0.0,0.0791851583290191,172.0,346.0,2026-12-06
302644,Chelsea Garcia MD,carsonwilliam@example.org,France,Retail,2022-04-25,7,2022-06-28,2026-05-12,True,64.0,Valid,148884.49,7464.77565,141419.71435,313.0,0.0,0.0,True,20202.816335714284,0.0,0.05013803419012954,208.0,1414.0,2026-12-06
302645,Christine Parrish,yhowell@example.com,Mexico,Corporate,2020-09-09,5,2020-06-12,2025-02-25,True,-89.0,First Order Before Signup,386098.03,35086.84152,351011.18848,253.0,0.0,0.0,True,70202.237696,0.0,0.09087547408620551,649.0,1719.0,2026-12-06
302646,Robert Lewis,rgreen@example.com,Germany,Retail,2020-09-01,2,2022-02-12,2025-03-21,True,529.0,Valid,117467.89,15017.47886,102450.41114,88.0,0.0,0.0,True,51225.20557,0.0,0.12784326729627984,625.0,1133.0,2026-12-06
302647,Barbara Harmon,simmonsjacob@example.org,Japan,Wholesale,2022-10-25,6,2022-12-15,2026-02-10,True,51.0,Valid,425202.04000000004,50259.39169,374942.64831,502.0,0.0,0.0,True,62490.441385000006,0.0,0.11820120075152978,299.0,1153.0,2026-12-06
302648,Paul Acosta,whale@example.net,Brazil,Corporate,2024-09-22,4,2024-10-06,2026-05-11,True,14.0,Valid,136168.41999999998,13302.70909,122865.71090999998,104.0,0.0,0.0,True,30716.427727499995,0.0,0.09769305606982884,209.0,582.0,2026-12-06
302649,Michelle Miles,williamsmaria@example.org,United Kingdom,Wholesale,2024-08-10,0,,,False,,Cannot Determine,0.0,0.0,0.0,0.0,0.0,0.0,False,,,,,,2026-12-06
302650,Cindy Watson,,Germany,Corporate,2022-03-27,3,2022-09-26,2024-06-13,True,183.0,Valid,381605.47,50070.68964,331534.78036000003,264.0,0.0,0.0,True,110511.59345333335,0.0,0.1312106182335384,906.0,626.0,2026-12-06
302651,Kelli Stewart,mirandaanthony@example.net,France,,2020-09-02,4,2021-06-23,2025-11-18,True,294.0,Valid,361761.14,42122.929579999996,319638.21042,295.0,0.0,0.0,True,79909.552605,0.0,0.11643851404271889,383.0,1609.0,2026-12-06
302652,Cheryl Stone,freynicole@example.org,Germany,Corporate,2022-05-11,2,2025-04-22,2026-06-06,True,1077.0,Valid,90266.23999999999,21154.85892,69111.38107999999,77.0,0.0,0.0,True,34555.690539999996,0.0,0.23436069697818365,183.0,410.0,2026-12-06
302653,Hector Owens,pruittangelica@example.com,Vietnam,Wholesale,2021-08-02,5,2022-03-28,2025-05-14,True,238.0,Valid,379057.85,51618.741709999995,327439.10829,334.0,0.0,0.0,True,65487.821658,0.0,0.1361764219102704,571.0,1143.0,2026-12-06
302654,Ann Phillips,lopezrichard@example.net,Vietnam,Retail,2024-05-27,4,2024-09-06,2025-11-01,True,102.0,Valid,142594.2,16640.6492,125953.5508,191.0,0.0,0.0,True,31488.3877,0.0,0.11669934120742638,400.0,421.0,2026-12-06
302655,Gabriella Johnston,martharay@example.net,China,,2022-07-14,5,2022-12-15,2026-05-27,True,154.0,Valid,394068.56,33569.581659999996,360498.97834000003,268.0,0.0,0.0,True,72099.795668,0.0,0.08518716047786201,193.0,1259.0,2026-12-06
302656,Rebecca Vasquez,asmith@example.net,Australia,Wholesale,2022-11-08,4,2023-02-12,2025-10-26,True,96.0,Valid,327883.14,40434.21285,287448.92715,289.0,0.0,0.0,True,71862.2317875,0.0,0.12331897532151243,406.0,987.0,2026-12-06
302657,Linda Harris,karengould@example.net,India,Corporate,2022-03-22,6,2023-02-23,2024-11-24,True,338.0,Valid,366000.63,32556.3879,314396.95824,288.0,17.0,19047.283860000003,True,52399.49304,0.059027777777777776,0.08895172639456933,742.0,640.0,2026-12-06
302658,Sarah Hays,henryrhonda@example.org,India,Corporate,2025-03-14,7,2025-03-22,2026-07-20,True,8.0,Valid,405975.5,29324.1347,365117.3653,359.0,10.0,11534.0,True,52159.623614285716,0.027855153203342618,0.0722312915434552,139.0,485.0,2026-12-06
302659,Victor Robinson,charleslee@example.net,Australia,Wholesale,2023-08-31,3,2023-09-21,2026-02-09,True,21.0,Valid,170416.99,6853.8069,163563.18310000002,158.0,0.0,0.0,True,54521.06103333334,0.0,0.040217861493739564,300.0,872.0,2026-12-06
302660,Amanda Savage,blake03@example.com,Australia,Online,2022-06-06,2,2022-09-07,2024-11-23,True,93.0,Valid,79789.26,1441.62714,78347.63286,108.0,0.0,0.0,True,39173.81643,0.0,0.018067934707001923,743.0,808.0,2026-12-06
302661,Timothy Crawford,paul74@example.net,China,Wholesale,2025-01-10,5,2026-01-14,2026-07-07,True,369.0,Valid,474342.56,35822.54011,438520.01989,367.0,0.0,0.0,True,87704.003978,0.0,0.07552040050970758,152.0,174.0,2026-12-06
302662,Barry Hull,rebeccamccormick@example.net,France,Corporate,2020-09-12,4,2021-01-13,2026-06-28,True,123.0,Valid,135098.48,17193.70838,117363.03345999999,146.0,8.0,541.73816,True,29340.758364999998,0.0547945205479452,0.12726796319248002,161.0,1992.0,2026-12-06
302663,David Brown,xvargas@example.org,United Kingdom,Corporate,2021-04-27,9,2022-01-03,2026-07-27,True,251.0,Valid,491931.13,46900.03077,445031.09923,329.0,0.0,0.0,True,49447.899914444446,0.0,0.09533861126048274,132.0,1666.0,2026-12-06
302664,Brandon Rodriguez MD,deckerbryan@example.org,Canada,,2022-10-23,5,2023-01-07,2025-09-05,True,76.0,Valid,116803.54999999999,11228.96717,105574.58283,214.0,0.0,0.0,True,21114.916566,0.0,0.09613549562491894,457.0,972.0,2026-12-06
302665,Bonnie Barnett,nancymendez@example.net,Brazil,Online,2025-02-27,4,2025-06-24,2026-06-18,True,117.0,Valid,237711.09,27541.66139,210169.42861,186.0,0.0,0.0,True,52542.3571525,0.0,0.11586191199577606,171.0,359.0,2026-12-06
302666,Christopher Howard,icarpenter@example.org,Mexico,,2025-04-18,3,2025-09-25,2026-05-16,True,160.0,Valid,247631.80000000002,42657.665909999996,204974.13409,186.0,0.0,0.0,True,68324.71136333334,0.0,0.17226247158079047,204.0,233.0,2026-12-06
302667,Brian Mitchell,carol88@example.net,India,Retail,2022-10-23,3,2023-06-27,2024-10-15,True,247.0,Valid,24260.78,3677.59157,20583.188430000002,46.0,0.0,0.0,True,6861.06281,0.0,0.15158587522742467,782.0,476.0,2026-12-06
302668,Ashley Smith,kschultz@example.com,Mexico,Online,2023-09-10,4,2024-03-09,2025-10-23,True,181.0,Valid,45315.14,493.45817999999997,44821.68182,63.0,0.0,0.0,True,11205.420455,0.0,0.010889477115154008,409.0,593.0,2026-12-06
302669,Dwayne Johnson,christopherthomas@example.org,Japan,Corporate,2024-12-18,5,2025-09-06,2025-10-12,True,262.0,Valid,189487.33,32804.495330000005,150789.57569,226.0,3.0,5893.25898,True,30157.915138,0.01327433628318584,0.17312236828710398,420.0,36.0,2026-12-06
302670,Abigail Martinez,kimberly80@example.com,United States,Online,2024-11-16,9,2024-12-16,2026-07-14,True,30.0,Valid,951692.78,90552.32355,854070.43265,696.0,6.0,7070.0238,True,94896.71473888888,0.008620689655172414,0.09514869236477763,145.0,575.0,2026-12-06
302671,Jennifer Williams,holtvictor@example.org,Brazil,Corporate,2021-12-09,4,2022-04-25,2026-03-06,True,137.0,Valid,224016.72,22285.897940000003,201730.82204,201.0,0.0,0.0,True,50432.70551,0.0,0.09948319009402513,275.0,1411.0,2026-12-06
302672,Kristen Young,qelliott@example.com,Japan,Wholesale,2021-12-12,5,2022-01-29,2024-02-07,True,48.0,Valid,188549.69,33991.45591,154558.23409,220.0,9.0,0.0,True,30911.646818,0.04090909090909091,0.1802785032953382,1033.0,739.0,2026-12-06
302673,Robert Smith,maria80@example.com,Japan,Online,2023-06-30,3,2025-03-19,2026-05-12,True,628.0,Valid,108993.9,9099.42715,99894.47284999999,104.0,0.0,0.0,True,33298.157616666664,0.0,0.08348565516051816,208.0,419.0,2026-12-06
302674,Joyce Peterson,owheeler@example.net,Vietnam,Online,2024-10-20,5,2025-01-13,2026-03-11,True,85.0,Valid,119061.15999999999,21204.44762,97856.71238,140.0,0.0,0.0,True,19571.342475999998,0.0,0.1780971025311697,270.0,422.0,2026-12-06
302675,Sandra Duncan,freemandonald@example.com,United Kingdom,Corporate,2023-10-03,1,2025-12-08,2025-12-08,True,797.0,Valid,0.0,0.0,0.0,0.0,0.0,0.0,False,0.0,,,363.0,0.0,2026-12-06
302676,Luke Smith,shawn76@example.org,Germany,Online,2021-01-20,7,2021-08-22,2025-06-30,True,214.0,Valid,443137.57999999996,49115.444319999995,394022.13568,466.0,0.0,0.0,True,56288.87652571429,0.0,0.11083565587012503,524.0,1408.0,2026-12-06
302677,Philip Ferguson,ysullivan@example.net,France,Wholesale,2022-03-31,4,2022-10-05,2026-04-02,True,188.0,Valid,116207.97,13601.837790000001,102606.13221,120.0,0.0,0.0,True,25651.5330525,0.0,0.1170473745475461,248.0,1275.0,2026-12-06
302678,Haley Williams,shurley@example.com,Mexico,Wholesale,2021-02-03,2,2021-11-26,2024-11-07,True,296.0,Valid,91169.87,12727.1842,78442.6858,87.0,0.0,0.0,True,39221.3429,0.0,0.13959857790737226,759.0,1077.0,2026-12-06
302679,Mrs. Julie Carter,uwu@example.net,Canada,,2021-05-11,1,2024-01-04,2024-01-04,True,968.0,Valid,58800.96,9950.41926,48850.54074,34.0,0.0,0.0,False,48850.54074,0.0,0.1692220545378851,1067.0,0.0,2026-12-06
302680,Richard Parks,chelseagriffin@example.com,Mexico,Wholesale,2025-03-13,3,2025-07-08,2026-01-25,True,117.0,Valid,8286.96,58.00872,8228.95128,53.0,0.0,0.0,True,2742.9837599999996,0.0,0.007,315.0,201.0,2026-12-06
302681,Jasmine Mack,xgraham@example.org,China,Wholesale,2021-02-01,3,2022-08-31,2026-02-27,True,576.0,Valid,124386.88,13722.47654,110664.40346,92.0,0.0,0.0,True,36888.13448666667,0.0,0.11032093207901025,282.0,1276.0,2026-12-06
302682,Debra Pugh,cwebb@example.org,India,,2022-03-17,3,2024-01-03,2025-11-29,True,657.0,Valid,207345.71000000002,31042.306080000002,176303.40392,165.0,0.0,0.0,True,58767.80130666667,0.0,0.1497127964692397,372.0,696.0,2026-12-06
302683,Ryan Reese,bradley15@example.com,Canada,Wholesale,2022-08-23,7,2022-10-16,2026-02-07,True,54.0,Valid,689799.56,63663.82345,626135.73655,517.0,0.0,0.0,True,89447.96236428572,0.0,0.09229322130910028,302.0,1210.0,2026-12-06
302684,Mitchell Hernandez,joshuawoodward@example.com,France,Online,2025-06-04,3,2025-07-12,2026-06-30,True,38.0,Valid,274329.27,38380.62322,235948.64678,192.0,0.0,0.0,True,78649.54892666667,0.0,0.13990713867317184,159.0,353.0,2026-12-06
302685,Jeanette Johnson,julie89@example.com,United States,,2021-06-03,2,2023-11-02,2025-04-18,True,882.0,Valid,170972.24,26878.801610000002,144093.43839,153.0,1.0,0.0,True,72046.719195,0.006535947712418301,0.15721149591302075,597.0,533.0,2026-12-06
302686,Jodi Rodriguez,morganedward@example.net,Canada,Corporate,2023-08-31,1,2026-01-12,2026-01-12,True,865.0,Valid,40317.19,1203.77125,39113.41875,62.0,0.0,0.0,False,39113.41875,0.0,0.02985751859194552,328.0,0.0,2026-12-06
302687,Crystal Gonzalez,lopezdavid@example.com,France,Wholesale,2022-06-19,5,2023-04-10,2024-06-13,True,295.0,Valid,462837.27,64934.04866,397903.22134,362.0,0.0,0.0,True,79580.644268,0.0,0.14029563492153516,906.0,430.0,2026-12-06
302688,Gary Yu,keithhernandez@example.org,Germany,Wholesale,2022-07-10,1,2025-11-22,2025-11-22,True,1231.0,Valid,0.0,0.0,0.0,36.0,0.0,0.0,False,0.0,0.0,,379.0,0.0,2026-12-06
302689,Becky Munoz,sandralane@example.com,Brazil,Retail,2021-04-19,2,2023-12-18,2024-04-14,True,973.0,Valid,71498.55,10359.68172,61138.868279999995,65.0,0.0,0.0,True,30569.434139999998,0.0,0.14489359182808603,966.0,118.0,2026-12-06
302690,Brian Olsen,campbellanthony@example.net,United States,Online,2025-02-09,5,2025-05-08,2026-06-19,True,88.0,Valid,145870.42,8599.01132,137271.40868,247.0,0.0,0.0,True,27454.281735999997,0.0,0.058949657648205846,170.0,407.0,2026-12-06
302691,Mr. Michael Mcbride,erinreid@example.com,India,,2025-04-18,3,2025-05-21,2026-06-26,True,33.0,Valid,73263.26,7186.424,66076.836,59.0,0.0,0.0,True,22025.611999999997,0.0,0.09809042076478716,163.0,401.0,2026-12-06
302692,Melissa Torres,colinwilson@example.net,India,,2023-08-16,8,2023-11-17,2025-05-07,True,93.0,Valid,462046.15,67908.12552,388898.22508,345.0,10.0,5239.7994,True,48612.278135,0.028985507246376812,0.14697260332111847,578.0,537.0,2026-12-06
302693,Johnathan Bentley,shawdenise@example.org,United States,Online,2021-05-26,5,2021-07-20,2026-06-18,True,55.0,Valid,283631.30000000005,17607.98741,254519.14406999998,251.0,9.0,11504.16852,True,50903.82881399999,0.035856573705179286,0.062080551088684495,171.0,1794.0,2026-12-06
302694,Brittany Collins,dcooper@example.net,Vietnam,Corporate,2024-09-07,2,2025-02-08,2025-03-08,True,154.0,Valid,133749.46,18407.80906,115341.65093999999,83.0,0.0,0.0,True,57670.825469999996,0.0,0.13762903461442014,638.0,28.0,2026-12-06
302695,Jessica Robinson,michael77@example.com,United Kingdom,Wholesale,2024-07-11,4,2024-08-21,2025-09-19,True,41.0,Valid,210006.82,27088.090920000002,182918.72908000002,116.0,0.0,0.0,True,45729.682270000005,0.0,0.1289867201455648,443.0,394.0,2026-12-06
302696,Sharon Butler,wayne82@example.org,Australia,Corporate,2024-07-18,2,2025-07-18,2025-08-09,True,365.0,Valid,273509.32,25678.07406,247831.24594,233.0,0.0,0.0,True,123915.62297,0.0,0.09388372600977546,484.0,22.0,2026-12-06
302697,Samantha Hernandez MD,davidmorris@example.com,France,Corporate,2024-05-29,4,2024-09-23,2026-03-31,True,117.0,Valid,176583.38,29245.42038,147337.95961999998,113.0,0.0,0.0,True,36834.489904999995,0.0,0.16561819339962797,250.0,554.0,2026-12-06
302698,Tracy Frazier,angelarivera@example.org,Japan,Online,2021-04-01,3,2021-06-01,2023-09-29,True,61.0,Valid,255461.06,30066.964340000002,225394.09566,228.0,0.0,0.0,True,75131.36521999999,0.0,0.11769685892636632,1164.0,850.0,2026-12-06
302699,Julian Rose,qmoore@example.com,China,Online,2021-12-03,9,2022-05-08,2026-07-08,True,156.0,Valid,523372.44,75441.67318,447930.76682,526.0,0.0,0.0,True,49770.085202222224,0.0,0.14414529198365889,151.0,1522.0,2026-12-06
302700,Thomas Erickson,amberbooker@example.com,France,Corporate,2022-08-25,9,2022-10-26,2026-06-02,True,62.0,Valid,340749.27,24170.15571,316579.11429,408.0,0.0,0.0,True,35175.45714333333,0.0,0.07093237708183497,187.0,1315.0,2026-12-06
302701,Kathryn Miller,briankennedy@example.org,Mexico,Retail,2022-04-09,3,2024-03-15,2026-03-21,True,706.0,Valid,121114.12000000001,16365.95616,104748.16384,76.0,0.0,0.0,True,34916.054613333334,0.0,0.1351283909753875,260.0,736.0,2026-12-06
302702,Cindy Pruitt,cassandra15@example.net,China,Corporate,2021-01-09,6,2022-03-12,2024-12-20,True,427.0,Valid,191637.13999999998,12976.84879,176736.01369,306.0,2.0,1924.27752,True,29456.002281666664,0.006535947712418301,0.0677157297901649,716.0,1014.0,2026-12-06
302703,Matthew Johnson,jennifer14@example.com,United States,Retail,2021-05-06,3,2023-12-26,2025-11-03,True,964.0,Valid,225560.87,13344.417,212216.453,238.0,0.0,0.0,True,70738.81766666667,0.0,0.059161045973975895,398.0,678.0,2026-12-06
302704,Barbara Trujillo,ramirezjustin@example.org,United States,Corporate,2021-10-06,6,2023-02-10,2026-03-15,True,492.0,Valid,285691.66000000003,33765.62921,251926.03079,338.0,0.0,0.0,True,41987.67179833333,0.0,0.11818906162679021,266.0,1129.0,2026-12-06
302705,Janet Torres,ncollins@example.org,France,,2023-08-14,6,2023-09-20,2026-05-19,True,37.0,Valid,453407.25,42739.53092,410667.71908,407.0,0.0,0.0,True,68444.61984666667,0.0,0.09426300730744822,201.0,972.0,2026-12-06
302706,Sarah Davis,suttonmichael@example.org,Brazil,Online,2021-01-04,3,2022-03-01,2026-01-27,True,421.0,Valid,15623.09,4062.0034,11561.0866,7.0,0.0,0.0,True,3853.6955333333335,0.0,0.26,313.0,1428.0,2026-12-06
302707,Rachel Cantu,cindywilkinson@example.com,Mexico,Retail,2024-10-03,2,2025-01-20,2026-06-21,True,109.0,Valid,14718.48,3885.67872,10832.80128,57.0,0.0,0.0,True,5416.40064,0.0,0.264,168.0,517.0,2026-12-06
302708,Angel Harris,jeremy49@example.net,Germany,Online,2020-10-22,6,2022-02-07,2026-02-22,True,473.0,Valid,217812.87,18596.84964,196547.80998,310.0,3.0,2668.21038,True,32757.96833,0.00967741935483871,0.08537993939476579,287.0,1476.0,2026-12-06
302709,Kimberly Kelly,usims@example.net,Mexico,,2023-02-23,2,2023-03-06,2026-06-20,True,11.0,Valid,13184.59,1678.81992,11505.77008,37.0,0.0,0.0,True,5752.88504,0.0,0.12733197771034213,169.0,1202.0,2026-12-06
302710,Timothy Hunt,gouldwendy@example.org,Japan,Wholesale,2023-04-13,5,2024-02-29,2025-10-29,True,322.0,Valid,230151.51,15566.810270000002,214584.69973,162.0,0.0,0.0,True,42916.939946,0.0,0.06763722849352585,403.0,608.0,2026-12-06
302711,Brittany Lawson,stephenlevine@example.org,Vietnam,Online,2021-03-30,8,2022-06-17,2026-07-16,True,444.0,Valid,256229.17,32520.89216,223708.27784,238.0,0.0,0.0,True,27963.53473,0.0,0.12692111581206775,143.0,1490.0,2026-12-06
302712,Dylan Dillon DVM,jasonmartin@example.org,Brazil,Online,2023-03-29,3,2024-04-27,2026-05-15,True,395.0,Valid,176875.72999999998,2778.77292,174096.95708,116.0,0.0,0.0,True,58032.319026666664,0.0,0.015710312093128887,205.0,748.0,2026-12-06
302713,Deborah Williams,csmith@example.org,India,Wholesale,2021-10-23,6,2022-03-12,2026-03-30,True,140.0,Valid,388270.66,41394.96385,346875.69615,207.0,0.0,0.0,True,57812.616024999996,0.0,0.10661367987475541,251.0,1479.0,2026-12-06
302714,Dr. Sherry Humphrey,laurenpeters@example.com,Japan,Retail,2024-02-04,5,2024-10-29,2026-07-22,True,268.0,Valid,166041.69,4692.60517,161349.08483,183.0,0.0,0.0,True,32269.816966000002,0.0,0.02826160809372634,137.0,631.0,2026-12-06
302715,Kathleen Smith,,Brazil,Retail,2022-12-18,4,2023-02-15,2025-04-02,True,59.0,Valid,322074.48000000004,43177.131349999996,278897.34865,241.0,0.0,0.0,True,69724.3371625,0.0,0.1340594614947449,613.0,777.0,2026-12-06
302716,Walter Gray,fernandoriddle@example.org,United Kingdom,Online,2022-09-04,6,2023-05-30,2026-07-13,True,268.0,Valid,167901.88,7231.24692,160419.10468,145.0,2.0,251.5284,True,26736.517446666665,0.013793103448275862,0.04306829036101323,146.0,1140.0,2026-12-06
302717,Rachel Newman,davidcalderon@example.org,Australia,Wholesale,2021-04-07,7,2021-09-07,2026-03-16,True,153.0,Valid,553973.1900000001,40820.61208,513152.57790000003,469.0,0.0,0.0,True,73307.51112857144,0.0,0.07368698127792067,265.0,1651.0,2026-12-06
302718,Sharon Medina,qpeters@example.com,Mexico,Online,2024-12-16,4,2025-07-21,2026-03-15,True,217.0,Valid,380261.66000000003,40669.74294,321706.23108000006,330.0,10.0,17885.686,True,80426.55777000001,0.030303030303030304,0.10695199442404998,266.0,237.0,2026-12-06
302719,Richard George,melissaescobar@example.net,Brazil,Online,2021-05-02,6,2021-12-10,2025-07-01,True,222.0,Valid,291691.92,45384.51474,246307.40525999997,226.0,0.0,0.0,True,41051.234209999995,0.0,0.1555905790602633,523.0,1299.0,2026-12-06
302720,Yvette Jordan,eileenjohnson@example.com,Japan,Retail,2024-07-23,7,2024-09-13,2026-03-14,True,52.0,Valid,776968.88,109859.92097,667108.95903,534.0,0.0,0.0,True,95301.27986142857,0.0,0.1413955227782096,267.0,547.0,2026-12-06
302721,Amanda Nelson,vanessa12@example.org,Australia,Wholesale,2022-02-09,5,2023-04-17,2025-12-26,True,432.0,Valid,265363.37,29943.46129,235419.90871000005,254.0,0.0,0.0,True,47083.98174200001,0.0,0.11283946721810173,345.0,984.0,2026-12-06
302722,Christine Peterson,beth81@example.org,Japan,Wholesale,2021-12-04,9,2022-09-01,2026-07-07,True,271.0,Valid,574226.85,51625.52077,522601.32923,613.0,0.0,0.0,True,58066.814358888885,0.0,0.08990440062146172,152.0,1405.0,2026-12-06
302723,Vicki Yates,corey42@example.org,Vietnam,Corporate,2025-06-30,7,2025-09-04,2026-06-03,True,66.0,Valid,363435.39,50588.81523,312846.57477,381.0,0.0,0.0,True,44692.36782428571,0.0,0.13919617247511312,186.0,272.0,2026-12-06
302724,David Grant,wellsjasmine@example.com,Australia,Retail,2020-10-23,3,2021-12-22,2026-05-25,True,425.0,Valid,384457.08999999997,29909.875219999998,354547.21478000004,238.0,0.0,0.0,True,118182.40492666668,0.0,0.07779769445791727,195.0,1615.0,2026-12-06
302725,Courtney Bennett,millerrobert@example.com,Brazil,Wholesale,2023-06-17,2,2023-11-27,2026-01-07,True,163.0,Valid,71991.26000000001,14547.7981,57443.4619,66.0,0.0,0.0,True,28721.73095,0.0,0.20207728132553865,333.0,772.0,2026-12-06
302726,Nancy Wilkins,ashley42@example.org,Mexico,Corporate,2023-07-24,3,2023-08-12,2025-09-07,True,19.0,Valid,120109.57999999999,8821.90129,111287.67871000001,203.0,0.0,0.0,True,37095.89290333333,0.0,0.07344877311201987,455.0,757.0,2026-12-06
302727,Dr. Thomas Clark PhD,reneelong@example.net,France,Retail,2023-10-11,4,2024-01-26,2025-01-09,True,107.0,Valid,527383.0700000001,68682.16709999999,458700.9029,423.0,0.0,0.0,True,114675.225725,0.0,0.13023202868457645,696.0,349.0,2026-12-06
302728,Joel Stone MD,,Japan,Retail,2023-02-23,3,2026-02-02,2026-02-25,True,1075.0,Valid,553231.86,48741.59076,504490.26924,401.0,0.0,0.0,True,168163.42308,0.0,0.08810336910097694,284.0,23.0,2026-12-06
302729,Elizabeth Washington,richardsjeffrey@example.net,Mexico,Corporate,2021-01-09,4,2021-02-27,2024-12-14,True,49.0,Valid,320865.96,32485.222459999997,288380.73754,285.0,0.0,0.0,True,72095.184385,0.0,0.10124234574462182,722.0,1386.0,2026-12-06
302730,Kimberly Evans,ibuchanan@example.org,Australia,Retail,2020-10-12,4,2021-02-13,2025-05-20,True,124.0,Valid,346163.49,49700.77484,296462.71515999996,277.0,0.0,0.0,True,74115.67878999999,0.0,0.14357601617663376,565.0,1557.0,2026-12-06
302731,Meghan Burns,bwilson@example.org,Mexico,Retail,2021-09-01,1,2021-10-30,2021-10-30,True,59.0,Valid,11954.4,1948.5672,10005.8328,5.0,0.0,0.0,False,10005.8328,0.0,0.163,1863.0,0.0,2026-12-06
302732,Leonard Cook,parkerisaac@example.org,Germany,Online,2021-02-18,5,2022-05-02,2024-04-23,True,438.0,Valid,130626.29000000001,6268.02243,124358.26757,111.0,0.0,0.0,True,24871.653513999998,0.0,0.04798438683361519,957.0,722.0,2026-12-06
302733,Luke Chang,victoria90@example.org,Brazil,Corporate,2022-09-23,5,2023-02-10,2025-07-15,True,140.0,Valid,74464.09999999999,11331.7904,63132.3096,145.0,0.0,0.0,True,12626.46192,0.0,0.15217790049164634,509.0,886.0,2026-12-06
302734,Tiffany Davis,qwaters@example.com,China,Corporate,2020-09-04,1,2022-05-03,2022-05-03,True,606.0,Valid,31988.280000000002,815.32896,31172.95104,28.0,0.0,0.0,False,31172.95104,0.0,0.0254883651137229,1678.0,0.0,2026-12-06
302735,Ryan Pollard,cooperrebecca@example.org,Mexico,Retail,2024-03-08,1,2024-12-15,2024-12-15,True,282.0,Valid,5256.44,105.1288,5151.3112,4.0,0.0,0.0,False,5151.3112,0.0,0.02,721.0,0.0,2026-12-06
302736,Jane Austin,omurray@example.com,Japan,Online,2023-04-26,8,2023-04-27,2026-01-08,True,1.0,Valid,978752.57,87928.47386,890824.09616,635.0,0.0,0.0,True,111353.01202,0.0,0.0898372852906021,332.0,987.0,2026-12-06
302737,Lauren Foster,owenkathleen@example.com,Vietnam,Online,2022-12-04,5,2023-04-15,2024-12-05,True,132.0,Valid,211817.37,14019.59159,193065.46201000002,204.0,4.0,4732.3164,True,38613.092402,0.0196078431372549,0.0661871667559653,731.0,600.0,2026-12-06
302738,Michael Brown,cbradley@example.org,United Kingdom,,2021-07-27,4,2023-11-16,2026-07-21,True,842.0,Valid,351908.76,43949.91074,307958.84926,394.0,0.0,0.0,True,76989.712315,0.0,0.12489007304052334,138.0,978.0,2026-12-06
302739,Lisa Harrison,michael79@example.org,India,Online,2025-02-21,6,2025-08-22,2026-07-10,True,182.0,Valid,191715.43,9678.35678,176656.73948,224.0,6.0,5380.33374,True,29442.78991333333,0.026785714285714284,0.05048293076879623,149.0,322.0,2026-12-06
302740,Julie Wilson,kyle91@example.com,Japan,Retail,2021-06-13,5,2022-01-21,2026-01-06,True,222.0,Valid,371458.0,24014.85252,347443.14748,409.0,0.0,0.0,True,69488.629496,0.0,0.06465024988020181,334.0,1446.0,2026-12-06
302741,Robert Cross,,Mexico,Online,2024-01-17,1,2026-07-26,2026-07-26,True,921.0,Valid,49769.16,5126.22348,44642.93652,65.0,0.0,0.0,False,44642.93652,0.0,0.10299999999999998,133.0,0.0,2026-12-06
302742,Juan Herrera,cwebster@example.net,Germany,Retail,2023-03-16,4,2024-02-28,2026-05-18,True,349.0,Valid,281661.16,17821.67552,263839.48448,207.0,0.0,0.0,True,65959.87112,0.0,0.06327345779588496,202.0,810.0,2026-12-06
302743,Christina Reed,edowns@example.net,Australia,Online,2022-05-19,5,2023-10-03,2026-07-30,True,502.0,Valid,397979.94000000006,53502.81148,344477.12852,274.0,0.0,0.0,True,68895.42570400001,0.0,0.13443595041498824,129.0,1031.0,2026-12-06
302744,Michael Lee,fhill@example.org,Canada,Corporate,2022-02-17,3,2023-08-05,2026-03-18,True,534.0,Valid,324246.01,44927.3277,279318.6823,299.0,0.0,0.0,True,93106.22743333333,0.0,0.13855938489420425,263.0,956.0,2026-12-06
302745,John Franco,wdyer@example.com,Canada,,2021-07-04,3,2023-03-02,2025-10-14,True,606.0,Valid,87503.61,3388.77717,84114.83283,77.0,0.0,0.0,True,28038.27761,0.0,0.03872728416576184,418.0,957.0,2026-12-06
302746,Rebecca Moss,yrios@example.com,Germany,Corporate,2023-08-21,1,2023-10-17,2023-10-17,True,57.0,Valid,118265.47,10191.95253,108073.51747,124.0,0.0,0.0,False,108073.51747,0.0,0.08617859912956842,1146.0,0.0,2026-12-06
302747,Mackenzie Compton,baileymeagan@example.net,United States,Retail,2023-10-05,5,2023-12-15,2026-07-27,True,71.0,Valid,442589.27999999997,36350.10012,404634.27308,406.0,1.0,1604.9068,True,80926.854616,0.0024630541871921183,0.08213054803315617,132.0,955.0,2026-12-06
302748,Susan Boyer,lovedavid@example.org,Japan,Retail,2021-11-09,6,2022-04-19,2024-11-19,True,161.0,Valid,159717.27999999997,13989.22436,144186.39464,233.0,10.0,1541.661,True,24031.065773333336,0.04291845493562232,0.08758741921976133,747.0,945.0,2026-12-06
302749,Jon Burke,hansenjoshua@example.net,Germany,,2024-07-15,3,2025-05-30,2025-12-21,True,319.0,Valid,82189.39,8626.18736,73563.20264,46.0,0.0,0.0,True,24521.06754666667,0.0,0.10495499917933446,350.0,205.0,2026-12-06
302750,Shawn May,marvin03@example.com,Canada,Wholesale,2023-04-15,2,2023-04-27,2024-09-09,True,12.0,Valid,33946.009999999995,154.30061,33791.709389999996,55.0,0.0,0.0,True,16895.854694999998,0.0,0.004545471176141173,818.0,501.0,2026-12-06
302751,Julian Mcmahon,xwarren@example.org,Canada,Retail,2024-09-08,6,2024-09-11,2026-07-11,True,3.0,Valid,288875.14,15033.855940000001,273841.28406,291.0,0.0,0.0,True,45640.214009999996,0.0,0.05204274739598569,148.0,668.0,2026-12-06
302752,Joseph Buckley,jacoblawson@example.org,Australia,Online,2023-04-29,3,2024-06-17,2026-04-12,True,415.0,Valid,91929.62,4874.06836,87055.55164,87.0,0.0,0.0,True,29018.517213333336,0.0,0.05301956387941123,238.0,664.0,2026-12-06
302753,William Warren,lisa07@example.org,United States,Wholesale,2022-09-13,7,2023-06-03,2026-06-14,True,263.0,Valid,527819.24,81006.30274,446763.26851,408.0,5.0,49.66875,True,63823.32407285715,0.012254901960784314,0.15347356936060155,175.0,1107.0,2026-12-06
302754,Robert Hill,aaron63@example.org,France,Wholesale,2022-12-16,4,2023-07-14,2025-01-23,True,210.0,Valid,203487.33,16301.85841,187185.47159,192.0,0.0,0.0,True,46796.3678975,0.0,0.08011240016761732,682.0,559.0,2026-12-06
302755,Sara Edwards,phamnatasha@example.com,Vietnam,Retail,2024-09-19,4,2025-01-26,2026-07-15,True,129.0,Valid,510956.07,58566.30768,445337.05312,375.0,4.0,7052.7092,True,111334.26328,0.010666666666666666,0.11462102344727991,144.0,535.0,2026-12-06
302756,Joseph Welch,sharris@example.com,China,Retail,2022-06-21,3,2024-02-03,2026-03-22,True,592.0,Valid,62901.61,6120.63392,56780.97608,96.0,0.0,0.0,True,18926.992026666667,0.0,0.09730488488291476,259.0,778.0,2026-12-06
302757,Deborah Lucero,vshields@example.org,Japan,Online,2023-01-01,2,2023-08-20,2025-04-11,True,231.0,Valid,89027.34,8248.15998,80779.18002,84.0,0.0,0.0,True,40389.59001,0.0,0.0926474943539816,604.0,600.0,2026-12-06
302758,Tiffany Berger,lynnhudson@example.com,United States,Online,2021-11-26,9,2022-04-08,2026-04-30,True,133.0,Valid,632134.9299999999,71731.4886,560403.4414,552.0,0.0,0.0,True,62267.049044444444,0.0,0.11347496427700966,220.0,1483.0,2026-12-06
302759,Charles Brown,lisa10@example.org,United States,Retail,2021-12-26,4,2022-09-21,2026-05-03,True,269.0,Valid,444239.12,53706.07738999999,390533.04261,287.0,0.0,0.0,True,97633.2606525,0.0,0.12089452498015031,217.0,1320.0,2026-12-06
302760,Jessica Webb,flemingcaitlyn@example.org,United Kingdom,Online,2020-10-08,5,2022-07-29,2026-06-08,True,659.0,Valid,349960.43999999994,29027.23538,320933.20462,239.0,0.0,0.0,True,64186.64092399999,0.0,0.08294433330807334,181.0,1410.0,2026-12-06
302761,Deborah Ibarra,eknight@example.org,France,Wholesale,2022-08-16,4,2022-10-06,2024-01-04,True,51.0,Valid,24142.88,4926.21024,19216.669759999997,22.0,0.0,0.0,True,4804.167439999999,0.0,0.20404401794649188,1067.0,455.0,2026-12-06
302762,Sharon Johnson MD,jason57@example.net,Australia,,2023-04-04,6,2023-05-03,2026-06-28,True,29.0,Valid,196427.97999999998,19797.32579,176630.65421,247.0,0.0,0.0,True,29438.442368333333,0.0,0.10078668929955906,161.0,1152.0,2026-12-06
302763,Kara Lawrence,andrew52@example.com,Mexico,Retail,2022-07-09,5,2022-11-03,2025-10-19,True,117.0,Valid,27925.850000000002,3340.13411,21669.31565,100.0,2.0,2916.40024,True,4333.86313,0.02,0.11960724955551934,413.0,1081.0,2026-12-06
302764,Alyssa Powell,wcook@example.com,Japan,Retail,2020-10-27,4,2023-01-18,2026-04-06,True,813.0,Valid,273087.19,16063.71696,257023.47304,178.0,0.0,0.0,True,64255.86826,0.0,0.05882266744185254,244.0,1174.0,2026-12-06
302765,Ryan Lyons,pughcarol@example.org,India,Wholesale,2020-12-19,2,2024-02-14,2024-04-25,True,1152.0,Valid,79849.68000000001,4922.62236,74927.05764,58.0,0.0,0.0,True,37463.52882,0.0,0.06164861725181616,955.0,71.0,2026-12-06
302766,Brandon Robinson,andersontravis@example.com,Brazil,Online,2025-01-29,5,2025-04-20,2026-06-11,True,81.0,Valid,365761.65,45865.844710000005,319895.80529000005,264.0,0.0,0.0,True,63979.16105800001,0.0,0.12539817859526825,178.0,417.0,2026-12-06
302767,Kelly Evans,gravestammy@example.org,Germany,Online,2022-06-26,2,2023-11-25,2025-10-11,True,517.0,Valid,136178.2,18767.46018,117410.73982,109.0,0.0,0.0,True,58705.36991,0.0,0.137815451959271,421.0,686.0,2026-12-06
302768,Jill Cook,burnscarl@example.org,Brazil,Retail,2023-02-26,4,2025-02-05,2026-04-03,True,710.0,Valid,277747.64,30330.748850000004,247416.89115,342.0,0.0,0.0,True,61854.2227875,0.0,0.10920254389920289,247.0,422.0,2026-12-06
302769,Sarah Cox,cardenasjoseph@example.com,Brazil,Corporate,2023-10-21,2,2023-11-27,2026-04-27,True,37.0,Valid,100847.55,14145.31776,86702.23224,121.0,0.0,0.0,True,43351.11612,0.0,0.14026436695784875,223.0,882.0,2026-12-06
302770,Daniel Medina,scott48@example.org,Australia,Online,2020-11-04,8,2020-11-22,2023-12-04,True,18.0,Valid,499460.12,59303.871,429186.0058,343.0,15.0,10970.2432,True,53648.250725,0.043731778425655975,0.11873594832756618,1098.0,1107.0,2026-12-06
302771,Joseph Mack,vlewis@example.net,Vietnam,Corporate,2024-09-09,3,2024-10-06,2026-01-25,True,27.0,Valid,155571.49,13416.48194,142155.00806000002,146.0,0.0,0.0,True,47385.002686666674,0.0,0.08623997841763938,315.0,476.0,2026-12-06
302772,Shawna Rich,timothypalmer@example.net,Mexico,Online,2022-02-01,2,2022-03-01,2023-11-14,True,28.0,Valid,27400.56,246.60504,27153.95496,29.0,0.0,0.0,True,13576.97748,0.0,0.009,1118.0,623.0,2026-12-06
302773,Jesse Booth,latoyahartman@example.com,United States,Wholesale,2020-09-18,1,2021-09-21,2021-09-21,True,368.0,Valid,1253.7,85.2516,1168.4484,30.0,0.0,0.0,False,1168.4484,0.0,0.06799999999999999,1902.0,0.0,2026-12-06
302774,Jessica Manning,julie84@example.com,Vietnam,Wholesale,2021-11-22,6,2023-02-05,2025-12-29,True,440.0,Valid,483421.17000000004,60768.21356,422652.95644,381.0,0.0,0.0,True,70442.15940666666,0.0,0.12570449399226763,342.0,1058.0,2026-12-06
302775,Krista Hopkins,wendy93@example.org,Australia,,2025-08-19,4,2026-02-24,2026-06-30,True,189.0,Valid,266090.55,18620.70381,247469.84619,231.0,0.0,0.0,True,61867.4615475,0.0,0.06997882416342857,159.0,126.0,2026-12-06
302776,Mario Murray,ryan52@example.com,United States,Online,2021-08-31,6,2021-11-16,2026-06-16,True,77.0,Valid,259573.26,23112.76628,236460.49372000003,260.0,0.0,0.0,True,39410.08228666667,0.0,0.08904139925661063,173.0,1673.0,2026-12-06
302777,Becky Ward,marthabanks@example.org,Japan,Retail,2023-10-05,5,2024-03-04,2025-08-31,True,151.0,Valid,225563.40999999997,22254.4915,203308.9185,149.0,0.0,0.0,True,40661.7837,0.0,0.09866179758498952,462.0,545.0,2026-12-06
302778,Lisa James,andrewburke@example.org,Japan,,2023-09-13,3,2024-08-04,2024-09-28,True,326.0,Valid,299659.08,20652.37152,279006.70848000003,258.0,0.0,0.0,True,93002.23616000001,0.0,0.06891955858637756,799.0,55.0,2026-12-06
302779,Vincent Gomez,goodanthony@example.net,Vietnam,Retail,2025-03-20,5,2025-04-09,2026-01-30,True,20.0,Valid,232246.86000000002,14300.472890000001,217946.38711,178.0,0.0,0.0,True,43589.277422,0.0,0.06157445095274915,310.0,296.0,2026-12-06
302780,Harry Trujillo,brockfelicia@example.org,Australia,,2023-11-17,6,2024-09-30,2026-05-11,True,318.0,Valid,582646.91,77067.02055,505579.88945,553.0,0.0,0.0,True,84263.31490833334,0.0,0.13227053851534198,209.0,588.0,2026-12-06
302781,Charles Villegas,jason85@example.org,India,Retail,2025-04-14,3,2025-06-05,2026-05-06,True,52.0,Valid,49217.15,2100.98557,47116.16443,60.0,0.0,0.0,True,15705.388143333332,0.0,0.042688078647382055,214.0,335.0,2026-12-06
302782,Blake Meza,hollychang@example.net,Germany,Retail,2020-10-10,8,2020-11-17,2025-11-25,True,38.0,Valid,406171.46,50497.27902,355674.18098,338.0,0.0,0.0,True,44459.2726225,0.0,0.12432503017321798,376.0,1834.0,2026-12-06
302783,Beth Kerr,allison10@example.net,France,Wholesale,2024-07-12,3,2025-10-12,2026-05-21,True,457.0,Valid,216237.45,17068.765349999998,199168.68465,238.0,0.0,0.0,True,66389.56155,0.0,0.07893528780514197,199.0,221.0,2026-12-06
302784,Susan Reed,jeanne38@example.com,Japan,,2021-11-07,6,2022-01-12,2025-08-17,True,66.0,Valid,301183.14,22236.94152,277613.48864,214.0,2.0,1332.70984,True,46268.91477333333,0.009345794392523364,0.07383195991648138,476.0,1313.0,2026-12-06
302785,Lindsay Dyer,,United States,Wholesale,2022-11-18,4,2023-01-28,2026-06-11,True,71.0,Valid,155677.58000000002,23442.46288,132235.11712,130.0,0.0,0.0,True,33058.77928,0.0,0.1505834229951416,178.0,1230.0,2026-12-06
302786,Ronald Brooks,nicholstodd@example.net,Japan,Wholesale,2024-01-24,4,2025-06-06,2026-02-01,True,499.0,Valid,354409.27,18042.878930000003,336366.39107,275.0,0.0,0.0,True,84091.5977675,0.0,0.050909726289044305,308.0,240.0,2026-12-06
302787,Brenda Frederick,,China,Online,2021-08-08,5,2021-11-29,2024-03-28,True,113.0,Valid,191464.92,7555.8117999999995,183909.10820000002,226.0,0.0,0.0,True,36781.82164,0.0,0.039463165367316366,983.0,850.0,2026-12-06
302788,Jack Lucas,yschroeder@example.net,Japan,Wholesale,2023-03-10,2,2025-06-19,2026-06-22,True,832.0,Valid,0.0,0.0,0.0,29.0,0.0,0.0,True,0.0,0.0,,167.0,368.0,2026-12-06
302789,Taylor Vargas,brianpalmer@example.net,Mexico,Retail,2023-12-21,4,2024-10-17,2026-06-26,True,301.0,Valid,210100.68,16961.70526,188864.91656,235.0,7.0,4274.05818,True,47216.22914,0.029787234042553193,0.08073132014613184,163.0,617.0,2026-12-06
302790,Sandra Murphy,jose87@example.com,India,Retail,2022-10-12,4,2024-02-01,2026-05-05,True,477.0,Valid,545405.29,85432.07646000001,459973.21353999997,368.0,0.0,0.0,True,114993.30338499999,0.0,0.15663961832860113,215.0,824.0,2026-12-06
302791,Alexis Erickson,william49@example.net,Mexico,Online,2021-07-03,4,2021-12-30,2024-04-05,True,180.0,Valid,376583.47,49501.021980000005,327082.44802,304.0,0.0,0.0,True,81770.612005,0.0,0.1314476760756387,975.0,827.0,2026-12-06
302792,Erika Johnson,destinyroberts@example.net,United States,Retail,2021-03-29,1,2021-07-20,2021-07-20,True,113.0,Valid,48745.48,3314.69264,45430.78736,28.0,0.0,0.0,False,45430.78736,0.0,0.068,1965.0,0.0,2026-12-06
302793,Gary Wallace,xlarson@example.com,China,Online,2022-02-12,4,2023-06-17,2025-03-12,True,490.0,Valid,420938.0,70705.6344,341406.6474,431.0,4.0,8825.7182,True,85351.66185,0.009280742459396751,0.16797161197135918,634.0,634.0,2026-12-06
302794,Rebecca Villa,michelle88@example.org,India,Corporate,2024-08-01,4,2024-09-23,2025-09-12,True,53.0,Valid,268524.72,3702.76043,264821.95957,225.0,0.0,0.0,True,66205.4898925,0.0,0.013789272101279913,450.0,354.0,2026-12-06
302795,Michelle Beck,vgonzales@example.com,Canada,Online,2024-12-16,3,2025-03-07,2026-06-17,True,81.0,Valid,123581.70999999999,10450.38154,113131.32846,164.0,0.0,0.0,True,37710.442820000004,0.0,0.08456252579770906,172.0,467.0,2026-12-06
302796,Lori Peck,nathan25@example.com,Mexico,Corporate,2022-11-25,6,2022-12-26,2025-09-06,True,31.0,Valid,205595.17,25287.38998,165921.3009,197.0,9.0,14386.47912,True,27653.55015,0.04568527918781726,0.1229960313756398,456.0,985.0,2026-12-06
302797,Daniel West,jill37@example.net,United States,,2025-01-22,2,2025-08-08,2025-10-25,True,198.0,Valid,44115.659999999996,8459.78214,35655.87786,50.0,0.0,0.0,True,17827.93893,0.0,0.19176369887699743,407.0,78.0,2026-12-06
302798,Johnny Page,patricia94@example.net,Australia,Wholesale,2023-01-06,2,2024-03-19,2024-06-08,True,438.0,Valid,303818.43,12451.87938,291366.55062,173.0,0.0,0.0,True,145683.27531,0.0,0.040984608405750765,911.0,81.0,2026-12-06
302799,Nancy Murray,sandra16@example.com,Canada,,2024-10-28,2,2025-01-12,2025-01-27,True,76.0,Valid,118873.72,16750.51308,102123.20692,110.0,0.0,0.0,True,51061.60346,0.0,0.14091014464761428,678.0,15.0,2026-12-06
302800,Glenda Fisher,vwilson@example.com,India,Retail,2021-04-30,3,2021-07-27,2024-04-06,True,88.0,Valid,53969.44,1636.512,52332.928,117.0,0.0,0.0,True,17444.309333333335,0.0,0.030322938314720327,974.0,984.0,2026-12-06
302801,Allen Jackson,qjordan@example.net,China,Retail,2023-08-06,4,2024-06-23,2025-04-02,True,322.0,Valid,99083.44,11883.217529999998,87200.22247000001,73.0,0.0,0.0,True,21800.055617500002,0.0,0.11993141871134064,613.0,283.0,2026-12-06
302802,Eric Casey,travisfrazier@example.com,United Kingdom,Retail,2024-05-02,5,2025-01-16,2026-05-08,True,259.0,Valid,239603.04,6113.36918,228853.31178,253.0,6.0,4636.359,True,45770.662356,0.023715415019762844,0.025514572686556897,212.0,477.0,2026-12-06
302803,Teresa Montoya,steelejames@example.org,France,Retail,2022-06-20,4,2022-08-17,2025-11-16,True,58.0,Valid,163591.09,6556.894969999999,157034.19503,134.0,0.0,0.0,True,39258.5487575,0.0,0.04008100300572604,385.0,1187.0,2026-12-06
302804,Sabrina Brown,susan58@example.org,Vietnam,Online,2023-02-23,3,2023-07-30,2024-07-29,True,157.0,Valid,59185.29,11950.22669,47235.063310000005,194.0,0.0,0.0,True,15745.021103333334,0.0,0.20191210839720478,860.0,365.0,2026-12-06
302805,Marcus Rogers,sandra21@example.com,Australia,Retail,2024-08-13,6,2024-12-09,2026-08-01,True,118.0,Valid,457914.91,41775.00168,416139.90832000005,500.0,0.0,0.0,True,69356.65138666668,0.0,0.09122874308678877,127.0,600.0,2026-12-06
302806,Mary Harris,wlyons@example.com,India,Wholesale,2025-08-16,3,2026-01-01,2026-07-15,True,138.0,Valid,131820.06,4555.68904,127264.37096,181.0,0.0,0.0,True,42421.456986666664,0.0,0.03455990719470163,144.0,195.0,2026-12-06
302807,Robert Salazar,turnerlinda@example.net,Brazil,Online,2022-09-27,6,2023-03-26,2025-12-24,True,180.0,Valid,395827.15,38460.0608,357367.0892,304.0,0.0,0.0,True,59561.18153333333,0.0,0.09716377666362704,347.0,1004.0,2026-12-06
302808,Olivia Williams,christopherdavis@example.com,United Kingdom,,2021-02-14,5,2021-07-28,2026-01-29,True,164.0,Valid,154926.12,13471.90891,141454.21109,173.0,0.0,0.0,True,28290.842217999998,0.0,0.08695698898287778,311.0,1646.0,2026-12-06
302809,Pamela Davis,oaguilar@example.com,Canada,,2024-01-25,7,2024-02-26,2026-04-26,True,32.0,Valid,307052.12,57166.89488,249885.22512,352.0,0.0,0.0,True,35697.88930285714,0.0,0.18617977586345927,224.0,790.0,2026-12-06
302810,Paula Jensen,monicabarnett@example.com,United Kingdom,Corporate,2023-06-12,4,2023-11-20,2025-07-30,True,161.0,Valid,115639.64,13389.94259,102249.69741000001,108.0,0.0,0.0,True,25562.424352500002,0.0,0.11579024796341462,494.0,618.0,2026-12-06
302811,Tracey Holmes,debbie01@example.org,Brazil,Corporate,2020-11-04,1,2025-02-16,2025-02-16,True,1565.0,Valid,1989.28,27.84992,1961.43008,47.0,0.0,0.0,False,1961.43008,0.0,0.014,658.0,0.0,2026-12-06
302812,Kristen Harper,rodriguezmaureen@example.org,United States,Online,2022-07-04,4,2022-08-09,2024-10-29,True,36.0,Valid,54085.08,13683.52524,40401.55476,108.0,6.0,0.0,True,10100.38869,0.05555555555555555,0.253,768.0,812.0,2026-12-06
302813,Anthony Carr,ginagross@example.net,Canada,Corporate,2020-11-18,5,2020-11-24,2025-09-12,True,6.0,Valid,247850.38,13988.58519,233861.79481,229.0,2.0,0.0,True,46772.358962,0.008733624454148471,0.056439635839977326,450.0,1753.0,2026-12-06
302814,Dana Matthews,reneewade@example.org,India,Retail,2021-10-01,4,2024-03-16,2026-01-26,True,897.0,Valid,200699.98,26439.5701,174260.4099,159.0,0.0,0.0,True,43565.102475,0.0,0.13173678492643595,314.0,681.0,2026-12-06
302815,Kelly Acevedo,hansenchristina@example.net,United Kingdom,,2023-05-20,5,2023-12-28,2026-03-24,True,222.0,Valid,391303.94,49406.86253,325414.87523,266.0,8.0,16482.20224,True,65082.975046,0.03007518796992481,0.12626211361429174,257.0,817.0,2026-12-06
302816,Joanna Garcia,bmejia@example.com,Japan,Online,2022-02-24,4,2022-11-09,2025-09-15,True,258.0,Valid,282220.11,51198.90371,231021.20629000003,218.0,0.0,0.0,True,57755.30157250001,0.0,0.1814147960965645,447.0,1041.0,2026-12-06
302817,Shirley Brock,,United States,Wholesale,2021-11-27,4,2022-03-10,2024-09-06,True,103.0,Valid,275884.94,49591.86926,222951.46034,249.0,4.0,3341.6104,True,55737.865085,0.01606425702811245,0.17975562297818792,821.0,911.0,2026-12-06
302818,Patrick Sullivan,timothy26@example.com,Germany,Retail,2021-02-16,6,2021-11-28,2026-02-11,True,285.0,Valid,588629.94,63094.019629999995,525535.92037,371.0,0.0,0.0,True,87589.32006166666,0.0,0.1071879212090367,298.0,1536.0,2026-12-06
302819,Joel Hansen,kathleengreene@example.com,Japan,Corporate,2022-01-14,6,2022-12-19,2023-11-17,True,339.0,Valid,257829.63,14360.26456,243469.36544,315.0,0.0,0.0,True,40578.22757333333,0.0,0.05569671941894343,1115.0,333.0,2026-12-06
302820,Richard Murphy,vegaandrea@example.com,Mexico,Online,2022-09-12,4,2022-12-12,2026-04-11,True,91.0,Valid,142585.46,12831.606740000001,129753.85326,95.0,0.0,0.0,True,32438.463315,0.0,0.08999239291299409,239.0,1216.0,2026-12-06
302821,Leon Jackson,qfox@example.org,France,Corporate,2024-10-15,3,2025-03-01,2026-02-09,True,137.0,Valid,177319.88999999998,6536.71701,170783.17299000002,122.0,0.0,0.0,True,56927.724330000005,0.0,0.0368639807412468,300.0,345.0,2026-12-06
302822,Janet Bishop,john55@example.com,India,Online,2022-03-12,3,2024-01-19,2025-08-17,True,678.0,Valid,222426.9,34769.69692,187657.20308,217.0,0.0,0.0,True,62552.40102666667,0.0,0.15631965791907365,476.0,576.0,2026-12-06
302823,Christina Ramirez,courtneysparks@example.net,China,,2022-09-06,4,2023-09-16,2026-07-08,True,375.0,Valid,263103.44,32164.51539,230938.92461,197.0,6.0,0.0,True,57734.7311525,0.030456852791878174,0.12225045552426073,151.0,1026.0,2026-12-06
302824,Teresa Trujillo,kathy96@example.com,Mexico,Online,2024-06-16,3,2025-12-14,2026-07-02,True,546.0,Valid,87923.85,16483.01439,71440.83561000001,71.0,0.0,0.0,True,23813.611870000004,0.0,0.18746920647810575,157.0,200.0,2026-12-06
302825,Kelly Benjamin MD,maryray@example.org,Germany,Corporate,2022-10-03,3,2022-10-24,2024-08-22,True,21.0,Valid,68636.28,5317.72176,55754.58564,54.0,9.0,7563.9726,True,18584.86188,0.16666666666666666,0.07747683528303108,836.0,668.0,2026-12-06
302826,Lorraine Ibarra,josephcastro@example.org,France,Corporate,2021-11-17,2,2023-01-16,2024-12-01,True,425.0,Valid,42583.15,2853.07105,39730.07895,31.0,0.0,0.0,True,19865.039475,0.0,0.067,735.0,685.0,2026-12-06
302827,John Hall,brian61@example.org,Vietnam,Retail,2021-08-05,1,2025-08-21,2025-08-21,True,1477.0,Valid,8593.2,1366.3188,7226.8812,60.0,0.0,0.0,False,7226.8812,0.0,0.15899999999999997,472.0,0.0,2026-12-06
302828,Eric Ware MD,tyler30@example.com,Japan,Corporate,2023-03-28,2,2023-08-07,2025-01-04,True,132.0,Valid,150205.36,17894.74224,132310.61776,139.0,0.0,0.0,True,66155.30888,0.0,0.1191351775995211,701.0,516.0,2026-12-06
302829,James Mcbride,emma76@example.net,Brazil,Corporate,2024-08-07,7,2024-09-21,2026-12-05,True,45.0,Valid,670559.8,92172.18098,578387.61902,491.0,0.0,0.0,True,82626.80271714285,0.0,0.13745557216522672,1.0,805.0,2026-12-06
302830,Veronica Petersen,jshaw@example.net,China,Retail,2024-10-05,3,2025-05-05,2026-05-28,True,212.0,Valid,94190.14,9594.64199,84595.49801,148.0,0.0,0.0,True,28198.499336666664,0.0,0.10186461120028062,192.0,388.0,2026-12-06
302831,Gail Atkinson,sabrinawalsh@example.com,Brazil,Wholesale,2020-09-03,8,2021-09-09,2026-07-07,True,371.0,Valid,542576.51,50630.496960000004,491946.01304,451.0,0.0,0.0,True,61493.25163,0.0,0.0933149445780467,152.0,1762.0,2026-12-06
302832,David Guzman,,Brazil,Online,2023-12-03,1,2024-12-11,2024-12-11,True,374.0,Valid,180067.82,5920.57985,174147.24015,168.0,0.0,0.0,False,174147.24015,0.0,0.03287972192921534,725.0,0.0,2026-12-06
302833,Brian Hayden,james44@example.org,Australia,Wholesale,2022-12-31,4,2023-05-09,2026-03-10,True,129.0,Valid,290347.81,37895.07789,252452.73211,249.0,0.0,0.0,True,63113.1830275,0.0,0.1305161485116764,271.0,1036.0,2026-12-06
302834,Brandon Cohen,dramos@example.net,Brazil,Corporate,2020-11-16,3,2020-12-25,2026-04-26,True,39.0,Valid,93242.87,11723.5224,81519.34760000001,126.0,0.0,0.0,True,27173.11586666667,0.0,0.1257310333755278,224.0,1948.0,2026-12-06
302835,Anthony Nguyen,armstrongallison@example.net,United Kingdom,Online,2021-03-01,1,2024-03-08,2024-03-08,True,1103.0,Valid,31859.4,2070.861,29788.539,20.0,0.0,0.0,False,29788.539,0.0,0.06499999999999999,1003.0,0.0,2026-12-06
302836,Gerald Brooks,youngleslie@example.net,Canada,Corporate,2025-05-20,3,2025-06-10,2026-05-11,True,21.0,Valid,133815.91,20378.52778,113437.38222,107.0,0.0,0.0,True,37812.46074,0.0,0.15228777938288504,209.0,335.0,2026-12-06
302837,Lori Zhang,marissamckinney@example.net,Vietnam,Online,2022-04-06,6,2022-07-20,2026-07-29,True,105.0,Valid,515220.41000000003,38066.63188,477153.77812,448.0,0.0,0.0,True,79525.62968666667,0.0,0.07388416906853515,130.0,1470.0,2026-12-06
302838,Jay Mckinney,jacobburns@example.net,United Kingdom,Wholesale,2025-01-02,1,2025-04-25,2025-04-25,True,113.0,Valid,67309.73999999999,12430.29294,54879.447060000006,81.0,0.0,0.0,False,54879.447060000006,0.0,0.18467301968481828,590.0,0.0,2026-12-06
302839,Douglas Clark,smithbilly@example.net,Germany,Retail,2024-02-15,6,2024-08-19,2026-03-24,True,186.0,Valid,297115.91000000003,27474.59889,269641.31111,309.0,0.0,0.0,True,44940.218518333335,0.0,0.09247097838012107,257.0,582.0,2026-12-06
302840,Angela Colon,,India,Online,2024-08-31,6,2024-12-19,2026-06-21,True,110.0,Valid,327576.54,19567.99084,308008.54916,231.0,0.0,0.0,True,51334.758193333335,0.0,0.059735629541724816,168.0,549.0,2026-12-06
302841,Jimmy Roberson,betty65@example.net,Vietnam,Retail,2021-01-26,7,2021-07-14,2026-04-05,True,169.0,Valid,452471.43,62128.480110000004,390342.94989,373.0,0.0,0.0,True,55763.278555714285,0.0,0.13730917797395517,245.0,1726.0,2026-12-06
302842,Casey Smith,michaeloliver@example.org,Canada,Corporate,2023-08-29,3,2025-09-01,2026-03-22,True,734.0,Valid,123520.67000000001,20409.90441,103110.76559,84.0,0.0,0.0,True,34370.255196666665,0.0,0.1652347288109755,259.0,202.0,2026-12-06
302843,Cindy Berger,bradleydunlap@example.org,United Kingdom,Retail,2025-06-14,1,2026-03-13,2026-03-13,True,272.0,Valid,108829.11000000002,5470.3548900000005,103358.75511,52.0,0.0,0.0,False,103358.75511,0.0,0.050265548344555974,268.0,0.0,2026-12-06
302844,Steven Ball,walkerronnie@example.org,Japan,Online,2023-10-20,4,2024-04-03,2026-07-05,True,166.0,Valid,337528.28,16466.38936,321061.89064,275.0,0.0,0.0,True,80265.47266,0.0,0.04878521396784886,154.0,823.0,2026-12-06
302845,Steve Taylor,dpierce@example.com,Japan,Retail,2023-08-23,3,2024-11-16,2025-05-18,True,451.0,Valid,121102.77,8739.30285,112363.46715,150.0,0.0,0.0,True,37454.48905,0.0,0.07216435140170617,567.0,183.0,2026-12-06
302846,Samantha Rodriguez,jallen@example.org,Japan,Corporate,2022-05-12,10,2022-07-17,2026-07-29,True,66.0,Valid,360601.57999999996,29476.52763,327365.40683,432.0,6.0,3759.64554,True,32736.540683,0.013888888888888888,0.08174264691241787,130.0,1473.0,2026-12-06
302847,Cameron Campbell,whiteronald@example.com,Vietnam,Wholesale,2022-01-30,4,2024-03-10,2026-07-10,True,770.0,Valid,192279.48,13228.32633,179051.15366999997,243.0,0.0,0.0,True,44762.78841749999,0.0,0.06879738976826856,149.0,852.0,2026-12-06
302848,Daniel Morales,vfaulkner@example.net,India,Online,2022-08-28,5,2022-10-21,2024-11-16,True,54.0,Valid,252418.55,26146.53416,226272.01584,248.0,0.0,0.0,True,45254.403168000004,0.0,0.10358404388267027,750.0,757.0,2026-12-06
302849,Danielle Nguyen,edward72@example.org,India,Corporate,2020-10-10,8,2021-12-14,2026-03-26,True,430.0,Valid,398497.11,45421.90902,353075.20098,379.0,0.0,0.0,True,44134.4001225,0.0,0.11398303244909355,255.0,1563.0,2026-12-06
302850,Steven Burgess,shawnedwards@example.org,Vietnam,Corporate,2024-01-14,2,2025-03-13,2025-08-17,True,424.0,Valid,141325.74,29971.6038,111354.13620000001,70.0,0.0,0.0,True,55677.068100000004,0.0,0.21207462844348102,476.0,157.0,2026-12-06
302851,Stephanie Bruce,cpierce@example.com,China,Online,2020-09-14,2,2022-08-14,2026-04-15,True,699.0,Valid,146079.90999999997,9296.94841,136782.96159000002,226.0,0.0,0.0,True,68391.48079500001,0.0,0.06364289524822409,235.0,1340.0,2026-12-06
302852,Tyler Barton,christophermills@example.com,United Kingdom,Wholesale,2023-07-24,6,2024-02-08,2026-06-27,True,199.0,Valid,450738.31,50070.108309999996,400668.20169,310.0,0.0,0.0,True,66778.03361500001,0.0,0.11108465200129095,162.0,870.0,2026-12-06
302853,Christina White,michaelflynn@example.net,Mexico,Corporate,2022-12-07,3,2023-07-17,2025-07-05,True,222.0,Valid,171125.72999999998,13124.694019999999,154913.15769999998,160.0,4.0,3087.87828,True,51637.71923333333,0.025,0.0766962047145102,519.0,719.0,2026-12-06
302854,Tamara Smith,joseph49@example.net,Mexico,Corporate,2024-09-06,2,2025-04-04,2025-05-02,True,210.0,Valid,134203.46,11055.222290000002,123148.23770999999,112.0,0.0,0.0,True,61574.11885499999,0.0,0.0823765817215145,583.0,28.0,2026-12-06
302855,Seth Rivera,kempbonnie@example.org,United Kingdom,Online,2022-04-06,3,2022-04-10,2026-07-31,True,4.0,Valid,169282.43,2044.3693799999999,167238.06062,123.0,0.0,0.0,True,55746.02020666667,0.0,0.012076677892679116,128.0,1573.0,2026-12-06
302856,Joseph Johnson,gregory46@example.net,Australia,,2021-05-23,3,2021-09-06,2023-04-13,True,106.0,Valid,302920.68999999994,33492.12028,269428.56976,169.0,0.0,0.0,True,89809.52325333333,0.0,0.11056399046232203,1333.0,584.0,2026-12-06
302857,Timothy Rivera,berrydouglas@example.org,Canada,Online,2023-04-22,8,2023-06-24,2026-07-06,True,63.0,Valid,301813.39,44184.66627,253625.79973,310.0,2.0,4002.924,True,31703.22496625,0.0064516129032258064,0.1463973028830828,153.0,1108.0,2026-12-06
302858,Marissa Brown,amy05@example.org,Mexico,Online,2022-03-10,4,2022-10-21,2026-01-28,True,225.0,Valid,196474.02,27797.27994,168676.74005999998,177.0,0.0,0.0,True,42169.185014999995,0.0,0.1414806901187241,312.0,1195.0,2026-12-06
302859,Duane Hampton,jeffreybutler@example.org,United Kingdom,Corporate,2020-11-30,5,2021-07-11,2026-07-24,True,223.0,Valid,191843.54,31939.354180000002,159904.18581999998,206.0,0.0,0.0,True,31980.837163999997,0.0,0.16648647215329743,135.0,1839.0,2026-12-06
302860,Dr. Michael Lee,smithlori@example.com,Germany,,2020-09-11,2,2021-07-08,2022-06-11,True,300.0,Valid,91879.94,18223.830319999997,73656.10968000001,80.0,0.0,0.0,True,36828.054840000004,0.0,0.19834395103000718,1639.0,338.0,2026-12-06
302861,Deborah Hayes,pjohnson@example.org,Vietnam,Online,2021-04-06,1,2022-08-12,2022-08-12,True,493.0,Valid,103087.58,18300.89846,84786.68154,63.0,0.0,0.0,False,84786.68154,0.0,0.17752767559389793,1577.0,0.0,2026-12-06
302862,Ronald Francis,lbrown@example.com,Germany,Wholesale,2021-02-22,4,2021-12-10,2023-12-08,True,291.0,Valid,137432.03999999998,16696.77102,120735.26898000001,91.0,0.0,0.0,True,30183.817245000002,0.0,0.12149110949673746,1094.0,728.0,2026-12-06
302863,Carolyn Roach,michelleknapp@example.net,Germany,Wholesale,2024-03-08,7,2024-04-14,2026-07-04,True,37.0,Valid,606855.84,68867.61182,537988.22818,464.0,0.0,0.0,True,76855.46116857142,0.0,0.11348265482622695,155.0,811.0,2026-12-06
302864,Anna May,oscar17@example.com,Mexico,Corporate,2024-10-05,4,2024-12-04,2025-11-07,True,60.0,Valid,236767.7,33127.10578,203640.59422,142.0,0.0,0.0,True,50910.148555,0.0,0.13991395692909125,394.0,338.0,2026-12-06
302865,Henry Davis,tammyschroeder@example.org,India,Online,2023-09-09,2,2026-02-10,2026-04-19,True,885.0,Valid,32757.559999999998,207.17976,32550.38024,116.0,0.0,0.0,True,16275.19012,0.0,0.006324639564118939,231.0,68.0,2026-12-06
302866,Veronica Jennings,patricia91@example.com,United Kingdom,Retail,2020-10-25,6,2021-10-02,2026-04-07,True,342.0,Valid,170829.34999999998,25709.49478,145119.85522,241.0,0.0,0.0,True,24186.642536666666,0.0,0.15049811276575134,243.0,1648.0,2026-12-06
302867,Danielle Santos,ychapman@example.com,Canada,Retail,2023-09-12,1,2023-12-01,2023-12-01,True,80.0,Valid,43735.47,9095.167290000001,34640.30271,58.0,0.0,0.0,False,34640.30271,0.0,0.20795860408039518,1101.0,0.0,2026-12-06
302868,Lance Velasquez,bradley54@example.com,Brazil,Online,2023-11-19,3,2024-06-22,2026-05-19,True,216.0,Valid,202514.05000000002,25215.98107,177298.06893,202.0,0.0,0.0,True,59099.35631,0.0,0.12451472413889307,201.0,696.0,2026-12-06
302869,Felicia Harris,stuart76@example.com,Brazil,Corporate,2024-10-20,3,2025-02-12,2026-06-08,True,115.0,Valid,169619.86000000002,23364.495720000003,146255.36428,147.0,0.0,0.0,True,48751.788093333336,0.0,0.1377462268864035,181.0,481.0,2026-12-06
302870,Christopher Smith,ronald27@example.org,Mexico,Retail,2020-09-12,2,2023-01-23,2024-03-23,True,863.0,Valid,252892.75,38826.569,214066.181,139.0,0.0,0.0,True,107033.0905,0.0,0.15352978288226926,988.0,425.0,2026-12-06
302871,Jennifer Wolf,,Vietnam,Wholesale,2023-07-27,2,2024-10-01,2025-06-30,True,432.0,Valid,113976.01999999999,5513.95086,108462.06914,78.0,0.0,0.0,True,54231.03457,0.0,0.048378166389737076,524.0,272.0,2026-12-06
302872,Sharon Stevenson,fritzolivia@example.org,India,Corporate,2023-06-21,5,2023-07-01,2026-05-19,True,10.0,Valid,319227.13,22003.08341,295889.58311,332.0,3.0,1334.46348,True,59177.916622000004,0.009036144578313253,0.06892610728292423,201.0,1053.0,2026-12-06
302873,Matthew Lawrence,,Brazil,Online,2022-11-05,3,2023-10-02,2025-12-03,True,331.0,Valid,150062.41,16129.389089999999,133933.02091,170.0,0.0,0.0,True,44644.34030333333,0.0,0.10748453986577984,368.0,793.0,2026-12-06
302874,Wendy Porter,hestrada@example.org,Australia,Online,2020-11-28,4,2024-08-11,2026-07-21,True,1352.0,Valid,198039.13,12007.45654,186031.67346000002,193.0,0.0,0.0,True,46507.918365000005,0.0,0.06063173747531611,138.0,709.0,2026-12-06
302875,Mary Vaughn,fmarshall@example.com,Canada,Corporate,2022-05-22,3,2022-06-10,2025-08-23,True,19.0,Valid,173907.33000000002,22749.932099999998,151157.3979,209.0,0.0,0.0,True,50385.799300000006,0.0,0.1308164072210182,470.0,1170.0,2026-12-06
302876,Michael Marshall,ghunter@example.org,United States,Wholesale,2024-08-03,5,2024-11-05,2026-04-27,True,94.0,Valid,171848.28,29643.60916,142204.67083999998,224.0,0.0,0.0,True,28440.934167999996,0.0,0.1724987248053923,223.0,538.0,2026-12-06
302877,Matthew Moss,btorres@example.com,Japan,,2023-06-25,4,2024-02-23,2025-11-24,True,243.0,Valid,113530.9,671.5933,112859.30670000002,75.0,0.0,0.0,True,28214.826675000004,0.0,0.005915511107548694,377.0,640.0,2026-12-06
302878,Tonya Cox,mooneylisa@example.org,Germany,Wholesale,2022-11-29,10,2022-12-23,2026-04-04,True,24.0,Valid,576421.37,60329.6492,516091.7208,525.0,0.0,0.0,True,51609.172080000004,0.0,0.10466240902900599,246.0,1198.0,2026-12-06
302879,Stephanie Wilson,michealallen@example.net,Canada,Online,2020-11-06,4,2020-11-22,2024-08-30,True,16.0,Valid,599002.89,31425.56191,567577.32809,356.0,0.0,0.0,True,141894.3320225,0.0,0.052463122356554905,828.0,1377.0,2026-12-06
302880,Mary Robles,michaelwilliams@example.com,Mexico,Corporate,2024-10-31,4,2025-01-01,2025-12-20,True,62.0,Valid,159685.78,18642.80483,141042.97517,103.0,0.0,0.0,True,35260.7437925,0.0,0.11674680632176516,351.0,353.0,2026-12-06
302881,Derek Cochran,mfowler@example.com,India,Retail,2021-03-12,1,2022-07-02,2022-07-02,True,477.0,Valid,128329.1,15321.33154,113007.76846,90.0,0.0,0.0,False,113007.76846,0.0,0.11939093736338834,1618.0,0.0,2026-12-06
302882,Monica Burns,cbaker@example.com,Canada,Corporate,2023-05-16,9,2023-08-02,2026-07-30,True,78.0,Valid,487148.75,58782.81894,423317.24,548.0,15.0,5048.69106,True,47035.24888888889,0.02737226277372263,0.12066708359612952,129.0,1093.0,2026-12-06
302883,Jacqueline Mercer,diamond43@example.net,China,Retail,2023-02-28,3,2023-03-15,2026-05-03,True,15.0,Valid,48555.12,6191.89752,42363.222480000004,47.0,0.0,0.0,True,14121.074160000002,0.0,0.12752306080182688,217.0,1145.0,2026-12-06
302884,Kenneth Harrison,,India,Wholesale,2021-11-03,11,2022-02-28,2026-05-11,True,117.0,Valid,742625.21,42305.82135,700319.3886500001,629.0,0.0,0.0,True,63665.39896818183,0.0,0.05696793049888516,209.0,1533.0,2026-12-06
302885,Amy James,ronald91@example.org,Vietnam,Corporate,2024-11-16,2,2025-01-22,2025-03-22,True,67.0,Valid,78719.63,12941.81651,65777.81349,72.0,0.0,0.0,True,32888.906745,0.0,0.16440392961704722,624.0,59.0,2026-12-06
302886,Kenneth Carroll DVM,jasonallen@example.org,India,Corporate,2022-07-28,9,2023-01-08,2026-06-23,True,164.0,Valid,467348.13,52471.139259999996,414876.99074,460.0,0.0,0.0,True,46097.44341555555,0.0,0.11227420394300068,166.0,1262.0,2026-12-06
302887,Phillip Mendoza,benjamindavidson@example.net,United States,Online,2021-09-23,3,2023-04-12,2025-04-26,True,566.0,Valid,179854.75,15063.41255,164791.33745000002,199.0,0.0,0.0,True,54930.44581666667,0.0,0.08375320946485984,589.0,745.0,2026-12-06
302888,Misty Woods,joecameron@example.org,United States,Wholesale,2021-04-30,2,2021-11-22,2025-10-28,True,206.0,Valid,44861.26,5159.0449,39702.2151,79.0,0.0,0.0,True,19851.10755,0.0,0.11499999999999999,404.0,1436.0,2026-12-06
302889,Chad Lowe,gking@example.org,India,Corporate,2022-10-13,2,2023-08-05,2025-03-23,True,296.0,Valid,4953.58,376.1531,4577.4269,13.0,0.0,0.0,True,2288.71345,0.0,0.07593560616766055,623.0,596.0,2026-12-06
302890,Jennifer Bond,,Mexico,Online,2021-03-26,2,2024-03-10,2024-08-20,True,1080.0,Valid,68341.62,15625.96092,52715.65908,55.0,0.0,0.0,True,26357.82954,0.0,0.22864487145607612,838.0,163.0,2026-12-06
302891,Rebecca Taylor,christophernewman@example.net,Brazil,Corporate,2021-10-26,3,2021-11-13,2025-08-30,True,18.0,Valid,255313.66,21242.18793,234071.47207,175.0,0.0,0.0,True,78023.82402333333,0.0,0.08320035806153106,463.0,1386.0,2026-12-06
302892,Aimee Sanchez,gina75@example.net,Mexico,Corporate,2022-10-27,6,2022-12-28,2025-12-16,True,62.0,Valid,325058.51,35660.97698,289397.53302000003,379.0,0.0,0.0,True,48232.922170000005,0.0,0.10970633249995515,355.0,1084.0,2026-12-06
302893,Vincent Schwartz,xhardy@example.net,Vietnam,,2023-11-27,5,2023-12-15,2026-01-10,True,18.0,Valid,181275.40999999997,10786.9644,164764.2694,162.0,5.0,5724.1762,True,32952.853879999995,0.030864197530864196,0.05950594402186155,330.0,757.0,2026-12-06
302894,Benjamin Martinez,jason53@example.com,Canada,Retail,2021-01-22,6,2021-10-05,2024-12-09,True,256.0,Valid,516515.63,25769.233949999998,490746.39605,377.0,0.0,0.0,True,81791.06600833334,0.0,0.04989052112517872,727.0,1161.0,2026-12-06
302895,Angela Vaughn,lbell@example.org,Vietnam,Online,2021-11-26,6,2022-09-24,2024-07-30,True,302.0,Valid,374768.51,9697.10491,363440.51221,335.0,9.0,1630.89288,True,60573.41870166667,0.026865671641791045,0.025874919186780126,859.0,675.0,2026-12-06
302896,Anthony Nelson,quinnjacob@example.net,Germany,Online,2025-03-01,10,2025-03-22,2026-07-03,True,21.0,Valid,629859.48,49585.75797,580273.7220300001,579.0,0.0,0.0,True,58027.372203000006,0.0,0.07872511178207559,156.0,468.0,2026-12-06
302897,Mason Braun,,China,Online,2024-03-04,10,2024-06-28,2026-06-01,True,116.0,Valid,622785.21,85242.34458,535607.97846,455.0,1.0,1934.88696,True,53560.797846,0.002197802197802198,0.1368727824798537,188.0,703.0,2026-12-06
302898,James Serrano,zbray@example.net,Mexico,Wholesale,2023-07-19,5,2023-09-21,2026-05-08,True,64.0,Valid,428436.74,46301.53748,382135.20252,276.0,0.0,0.0,True,76427.040504,0.0,0.1080708845838011,212.0,960.0,2026-12-06
302899,James Blake,kimriley@example.com,United Kingdom,Online,2023-05-08,3,2023-08-15,2026-05-20,True,99.0,Valid,19000.06,2346.2693700000004,14135.41153,119.0,10.0,2518.3791,True,4711.803843333333,0.08403361344537816,0.12348747161851069,200.0,1009.0,2026-12-06
302900,Richard Jones,dustin79@example.com,Mexico,Retail,2021-12-29,4,2022-03-16,2025-02-01,True,77.0,Valid,232707.62999999998,29787.01363,202920.61637,223.0,0.0,0.0,True,50730.1540925,0.0,0.1280018778499012,673.0,1053.0,2026-12-06
302901,Donald Richards,mccallaaron@example.net,India,Online,2021-12-19,2,2022-01-22,2026-05-13,True,34.0,Valid,102938.28,7789.414059999999,87756.30032,58.0,6.0,7392.56562,True,43878.15016,0.10344827586206896,0.07567072288365416,207.0,1572.0,2026-12-06
302902,Sherry Mendez,lewiseric@example.net,China,Corporate,2024-08-30,3,2025-06-25,2026-03-31,True,299.0,Valid,101072.22,9576.577519999999,91495.64248000001,119.0,0.0,0.0,True,30498.547493333335,0.0,0.09474984837574557,250.0,279.0,2026-12-06
302903,Wesley Morris,laura11@example.org,United States,Wholesale,2023-08-06,2,2024-01-17,2025-06-20,True,164.0,Valid,72535.33,14974.158640000001,57561.17136000001,213.0,0.0,0.0,True,28780.585680000004,0.0,0.20643951905919503,534.0,520.0,2026-12-06
302904,Dr. Elijah Wood Jr.,harrellmary@example.com,United States,Retail,2022-04-16,3,2024-04-13,2025-03-18,True,728.0,Valid,261398.19,21851.360350000003,239546.82965000003,223.0,0.0,0.0,True,79848.94321666668,0.0,0.08359415323419035,628.0,339.0,2026-12-06
302905,Candice Lopez,regina46@example.org,Canada,Corporate,2024-11-14,4,2025-05-25,2026-05-30,True,192.0,Valid,180240.49,19625.780789999997,160614.70921,284.0,0.0,0.0,True,40153.6773025,0.0,0.10888663690383886,190.0,370.0,2026-12-06
302906,Caleb Hall,laura92@example.org,France,Retail,2020-09-05,5,2020-09-24,2026-02-14,True,19.0,Valid,151233.97,11977.7555,136801.94030000002,105.0,15.0,2454.2742,True,27360.388060000005,0.14285714285714285,0.07920016580930858,295.0,1969.0,2026-12-06
302907,April Copeland,potterjohn@example.com,United Kingdom,Online,2023-12-25,4,2025-01-17,2026-07-03,True,389.0,Valid,149853.6,7704.678,142148.92200000002,256.0,0.0,0.0,True,35537.230500000005,0.0,0.051414700747929976,156.0,532.0,2026-12-06
302908,Thomas Hull,marissa47@example.net,China,Wholesale,2021-10-23,0,,,False,,Cannot Determine,0.0,0.0,0.0,0.0,0.0,0.0,False,,,,,,2026-12-06
302909,Jennifer Flynn,sarafox@example.org,India,Wholesale,2020-11-29,4,2021-01-19,2025-06-30,True,51.0,Valid,91038.45,4831.973890000001,86206.47610999999,122.0,0.0,0.0,True,21551.619027499997,0.0,0.05307618802824522,524.0,1623.0,2026-12-06
302910,Patricia Rodriguez,matthewjones@example.net,Brazil,Online,2020-12-02,6,2020-12-17,2024-04-30,True,15.0,Valid,55200.92,6391.74846,48809.171539999996,38.0,0.0,0.0,True,8134.861923333333,0.0,0.1157906147216387,950.0,1230.0,2026-12-06
302911,Christopher Gaines,kellyrodriguez@example.com,Brazil,Online,2024-06-23,3,2024-07-17,2025-09-06,True,24.0,Valid,185050.95,27776.69511,157274.25488999998,126.0,0.0,0.0,True,52424.75162999999,0.0,0.1501029587256915,456.0,416.0,2026-12-06
302912,Andrew Lawson,fking@example.net,Australia,Online,2022-08-30,3,2023-02-27,2025-10-21,True,181.0,Valid,179087.88,33119.79311,145968.08689,148.0,0.0,0.0,True,48656.02896333334,0.0,0.1849359828817003,411.0,967.0,2026-12-06
302913,Debra Lee,,Brazil,Wholesale,2024-04-28,3,2024-08-06,2026-07-02,True,100.0,Valid,393003.83999999997,27076.698279999997,365927.1417,237.0,0.0,0.0,True,121975.71389999999,0.0,0.0688967779042566,157.0,695.0,2026-12-06
302914,Todd Mcbride,murphyryan@example.com,Australia,Retail,2021-05-14,6,2021-11-14,2025-08-15,True,184.0,Valid,273714.43,29212.37569,244502.05430999998,238.0,0.0,0.0,True,40750.342384999996,0.0,0.10672574219050125,478.0,1370.0,2026-12-06
302915,Lonnie Estrada,kdunn@example.org,Brazil,Online,2023-06-04,2,2024-08-05,2025-12-22,True,428.0,Valid,31200.9,2086.4349,29114.4651,87.0,0.0,0.0,True,14557.23255,0.0,0.066870984490832,349.0,504.0,2026-12-06
302916,Robert Watkins,christopherrichards@example.org,Australia,Wholesale,2024-03-08,4,2024-04-21,2026-02-07,True,44.0,Valid,198806.89,17677.09955,181129.79045000003,246.0,0.0,0.0,True,45282.44761250001,0.0,0.088915930177269,302.0,657.0,2026-12-06
302917,Douglas Hudson,william41@example.com,Vietnam,Wholesale,2023-11-18,2,2025-10-19,2026-04-16,True,701.0,Valid,118282.20000000001,12652.93028,105629.26972,133.0,0.0,0.0,True,52814.63486,0.0,0.10697239550836896,234.0,179.0,2026-12-06
302918,Robert Ali,lvalenzuela@example.org,Japan,Wholesale,2020-09-12,4,2020-10-20,2026-07-19,True,38.0,Valid,357450.93,22118.440319999998,335332.48968,243.0,0.0,0.0,True,83833.12242,0.0,0.061878256464460726,140.0,2098.0,2026-12-06
302919,Christopher Morris,bullockmaria@example.net,Vietnam,Retail,2023-07-26,5,2023-09-28,2026-07-30,True,64.0,Valid,299341.19,13975.59436,285365.59564,278.0,0.0,0.0,True,57073.119128000006,0.0,0.04668784259192662,129.0,1036.0,2026-12-06
302920,Steve Hernandez,jacqueline69@example.net,United Kingdom,Online,2020-10-25,3,2021-12-17,2025-09-30,True,418.0,Valid,103083.42,13782.457680000001,89300.96231999999,100.0,0.0,0.0,True,29766.987439999997,0.0,0.13370198311231818,432.0,1383.0,2026-12-06
302921,Jennifer Weber,vazquezdylan@example.org,Germany,Corporate,2023-03-26,1,2024-03-07,2024-03-07,True,347.0,Valid,97394.99,3973.2298200000005,93421.76018000001,56.0,0.0,0.0,False,93421.76018000001,0.0,0.04079501235125133,1004.0,0.0,2026-12-06
302922,Danielle Cruz,stacy16@example.com,Japan,Wholesale,2025-05-12,3,2025-08-24,2026-02-09,True,104.0,Valid,128683.18,4754.496480000001,123928.68352,125.0,0.0,0.0,True,41309.561173333335,0.0,0.036947303291696716,300.0,169.0,2026-12-06
302923,Laura Ferrell,,Mexico,Wholesale,2025-06-12,0,,,False,,Cannot Determine,0.0,0.0,0.0,0.0,0.0,0.0,False,,,,,,2026-12-06
302924,Annette Brown,nicole31@example.com,Mexico,Online,2023-12-09,4,2024-09-28,2025-12-21,True,294.0,Valid,226126.69,24630.21312,201496.47688,182.0,0.0,0.0,True,50374.11922,0.0,0.10892218481595428,350.0,449.0,2026-12-06
302925,Patricia Eaton,keithdaniels@example.net,France,Retail,2022-09-05,3,2023-01-10,2024-03-17,True,127.0,Valid,31896.059999999998,1030.0602000000001,30865.9998,20.0,0.0,0.0,True,10288.6666,0.0,0.03229427709880155,994.0,432.0,2026-12-06
302926,Brittany Barber,ralph67@example.org,Mexico,,2025-07-12,3,2025-07-18,2026-06-04,True,6.0,Valid,81587.69,9707.78053,71879.90947000001,171.0,0.0,0.0,True,23959.969823333337,0.0,0.1189858486004445,185.0,321.0,2026-12-06
302927,Mrs. Whitney Edwards DVM,,Mexico,Wholesale,2023-10-24,5,2024-01-12,2026-04-16,True,80.0,Valid,68350.26000000001,6082.91374,62267.34626,273.0,0.0,0.0,True,12453.469251999999,0.0,0.0889962048425273,234.0,825.0,2026-12-06
302928,Kara Johnson,christinedennis@example.net,Australia,Retail,2024-08-30,4,2025-08-25,2026-07-09,True,360.0,Valid,221133.58,25332.126249999998,195801.45375,149.0,0.0,0.0,True,48950.3634375,0.0,0.11455576421274416,150.0,318.0,2026-12-06
302929,Mary Potter,bbowman@example.net,Australia,Retail,2025-08-17,2,2026-03-11,2026-06-01,True,206.0,Valid,198674.71000000002,11684.83804,186989.87196000002,188.0,0.0,0.0,True,93494.93598000001,0.0,0.058813917684842724,188.0,82.0,2026-12-06
302930,Anthony Ryan,itucker@example.org,Brazil,Retail,2022-08-22,6,2023-06-14,2026-05-19,True,296.0,Valid,268705.76,21532.62202,247173.13798,236.0,0.0,0.0,True,41195.52299666667,0.0,0.08013457552975417,201.0,1070.0,2026-12-06
302931,Cassandra Carter,smithmarissa@example.net,United Kingdom,Wholesale,2020-11-11,5,2021-01-14,2024-03-29,True,64.0,Valid,358292.94,37616.15425,320676.78575,373.0,0.0,0.0,True,64135.357149999996,0.0,0.10498714892344795,982.0,1170.0,2026-12-06
302932,Sarah Smith,jlevy@example.com,Brazil,Wholesale,2020-11-04,7,2022-01-24,2025-02-08,True,446.0,Valid,386723.41,33698.28142,352992.08382,319.0,2.0,33.04476,True,50427.440545714286,0.006269592476489028,0.08713794031760322,666.0,1111.0,2026-12-06
302933,Brenda Hill,ereed@example.com,Australia,Wholesale,2024-08-27,3,2024-10-05,2025-12-23,True,39.0,Valid,161286.05,5053.15236,156232.89764,114.0,0.0,0.0,True,52077.63254666667,0.0,0.031330374573622456,348.0,444.0,2026-12-06
302934,Kim Lambert,toddanthony@example.net,France,,2024-05-22,2,2024-05-24,2024-12-02,True,2.0,Valid,0.0,0.0,0.0,95.0,0.0,0.0,True,0.0,0.0,,734.0,192.0,2026-12-06
302935,Cynthia Pierce,jeffreysandoval@example.net,India,Wholesale,2025-06-07,4,2025-07-01,2026-04-22,True,24.0,Valid,193054.51,24816.52537,168237.98463,194.0,0.0,0.0,True,42059.4961575,0.0,0.12854672688040283,228.0,295.0,2026-12-06
302936,Laura Velez,tarasims@example.com,Mexico,Retail,2021-07-06,4,2022-08-27,2024-07-17,True,417.0,Valid,152224.59,20240.0037,131984.5863,207.0,0.0,0.0,True,32996.146575,0.0,0.13296145977466586,872.0,690.0,2026-12-06
302937,Alex Wilkerson,,China,Online,2023-05-30,2,2023-12-09,2024-10-03,True,193.0,Valid,61938.55,2737.31365,59201.23635000001,81.0,0.0,0.0,True,29600.618175000003,0.0,0.04419402213968522,794.0,299.0,2026-12-06
302938,Patricia Hall,beth11@example.net,Canada,Retail,2022-06-05,3,2023-10-08,2025-10-07,True,490.0,Valid,73083.43000000001,9386.8464,59813.1961,204.0,5.0,3883.3875,True,19937.732033333334,0.024509803921568627,0.12844014573481294,425.0,730.0,2026-12-06
302939,Chelsea Miller,lucasedwards@example.com,Mexico,,2022-10-18,5,2023-03-21,2025-07-02,True,154.0,Valid,66569.65,768.7988700000001,65800.85113,66.0,0.0,0.0,True,13160.170225999998,0.0,0.011548789425811916,522.0,834.0,2026-12-06
302940,Robert Lucero,simpsonnicholas@example.net,Brazil,Retail,2024-04-06,4,2024-04-07,2026-07-07,True,1.0,Valid,235896.59,37501.74979,198394.84021,193.0,0.0,0.0,True,49598.7100525,0.0,0.15897537895736433,152.0,821.0,2026-12-06
302941,Stephanie Knight,wgonzalez@example.com,Australia,Retail,2023-06-16,6,2023-07-02,2026-06-15,True,16.0,Valid,486272.72,79525.6925,406747.02749999997,567.0,0.0,0.0,True,67791.17125,0.0,0.16354134054651473,174.0,1079.0,2026-12-06
302942,Tyler Martinez,youngsarah@example.com,Germany,Wholesale,2022-07-22,7,2023-10-22,2026-04-09,True,457.0,Valid,566400.39,105277.70585,461122.68415,483.0,1.0,0.0,True,65874.66916428572,0.002070393374741201,0.18587152782504263,241.0,900.0,2026-12-06
302943,Levi Morrow,jodi42@example.org,France,Corporate,2025-03-23,4,2025-05-16,2026-06-14,True,54.0,Valid,83517.65,8076.423580000001,75441.22641999999,142.0,0.0,0.0,True,18860.306604999998,0.0,0.0967031948336669,175.0,394.0,2026-12-06
302944,Gabrielle Gonzalez,jeannewton@example.net,Mexico,Retail,2025-03-01,5,2025-04-19,2026-03-07,True,49.0,Valid,437528.02999999997,70247.14949000001,367280.88051,430.0,0.0,0.0,True,73456.176102,0.0,0.1605546266144366,274.0,322.0,2026-12-06
302945,Kevin Clark,daniel10@example.net,Vietnam,Retail,2020-12-31,5,2021-06-28,2025-11-27,True,179.0,Valid,515804.63,44121.71183,471682.91819,262.0,0.0,0.0,True,94336.583638,0.0,0.0855395808098892,374.0,1613.0,2026-12-06
302946,Brian Hall,wperez@example.com,Japan,Online,2022-09-19,4,2024-09-29,2026-07-28,True,741.0,Valid,210476.11,11213.450359999999,199262.65964,143.0,0.0,0.0,True,49815.66491,0.0,0.05327659447905988,131.0,667.0,2026-12-06
302947,Scott Gross,,Germany,Retail,2024-05-02,4,2024-07-06,2025-03-15,True,65.0,Valid,202404.24,24364.82834,178039.41165999998,143.0,0.0,0.0,True,44509.852914999996,0.0,0.12037706492709838,631.0,252.0,2026-12-06
302948,Jason Park,coneill@example.net,China,Online,2021-05-14,6,2022-11-11,2025-12-17,True,546.0,Valid,279811.2,20079.94667,259731.25332999998,232.0,0.0,0.0,True,43288.54222166666,0.0,0.0717624836675587,354.0,1132.0,2026-12-06
302949,Meghan Robinson,taylorchristopher@example.org,Japan,,2021-08-28,1,2022-09-12,2022-09-12,True,380.0,Valid,72610.48000000001,919.44672,71691.03328,53.0,0.0,0.0,False,71691.03328,0.0,0.012662727474050577,1546.0,0.0,2026-12-06
302950,Rose Valdez,michaelvalencia@example.net,France,Corporate,2025-02-05,4,2025-02-12,2026-02-20,True,7.0,Valid,161441.82,20438.58861,141003.23139,161.0,0.0,0.0,True,35250.8078475,0.0,0.12660033571227083,289.0,373.0,2026-12-06
302951,Nicole Wiley,jonesevan@example.net,India,Corporate,2022-11-18,3,2024-04-11,2025-10-25,True,510.0,Valid,279215.38,23848.38888,246496.32731999998,179.0,4.0,8870.6638,True,82165.44244,0.0223463687150838,0.08541216060519302,407.0,562.0,2026-12-06
302952,Dana Gates,chadtorres@example.org,Mexico,Corporate,2022-04-02,4,2023-07-10,2026-02-18,True,464.0,Valid,130212.48,9439.53512,120772.94488000001,153.0,0.0,0.0,True,30193.236220000003,0.0,0.07249332107029988,291.0,954.0,2026-12-06
302953,Stephanie Davies DDS,terribrown@example.com,Vietnam,Retail,2021-11-09,3,2022-02-27,2026-04-16,True,110.0,Valid,287932.05,50031.453299999994,237900.5967,213.0,0.0,0.0,True,79300.1989,0.0,0.1737613207699525,234.0,1509.0,2026-12-06
302954,Wesley Oneal,johnsonlisa@example.net,Mexico,Retail,2024-04-28,4,2025-08-06,2026-06-15,True,465.0,Valid,252837.4,23616.690590000002,229220.70941,182.0,0.0,0.0,True,57305.1773525,0.0,0.09340663442196448,174.0,313.0,2026-12-06
302955,Dana Butler,jennifer00@example.org,Australia,Wholesale,2021-02-21,3,2023-03-18,2025-09-13,True,755.0,Valid,213036.65,7981.39314,205055.25686,139.0,0.0,0.0,True,68351.75228666667,0.0,0.03746488287343985,449.0,910.0,2026-12-06
302956,Bill King,westdennis@example.com,United States,Corporate,2021-01-01,4,2021-02-25,2026-06-29,True,55.0,Valid,87716.97,19371.292719999998,64465.69979,200.0,3.0,3879.97749,True,16116.4249475,0.015,0.2208385985060815,160.0,1950.0,2026-12-06
302957,Mark Ruiz,omay@example.org,France,Wholesale,2025-07-11,8,2025-10-01,2026-06-15,True,82.0,Valid,798719.81,96258.43082000001,694237.186,500.0,7.0,8224.19318,True,86779.64825,0.014,0.12051589257564552,174.0,257.0,2026-12-06
302958,Keith Berry,clarkdavid@example.org,Germany,,2021-08-01,1,2022-09-19,2022-09-19,True,414.0,Valid,6166.48,1035.96864,5130.51136,4.0,0.0,0.0,False,5130.51136,0.0,0.168,1539.0,0.0,2026-12-06
302959,Mary Scott,kristopheranderson@example.org,Brazil,Retail,2022-01-24,1,2025-05-02,2025-05-02,True,1194.0,Valid,15875.1,4064.0256,11811.0744,54.0,0.0,0.0,False,11811.0744,0.0,0.256,583.0,0.0,2026-12-06
302960,Andrew Smith,asmith@example.net,United Kingdom,Wholesale,2022-09-21,3,2023-04-08,2025-11-29,True,199.0,Valid,184822.02000000002,44017.44468,138966.24972000002,87.0,1.0,1838.3256,True,46322.08324000001,0.011494252873563218,0.23816125740861396,372.0,966.0,2026-12-06
302961,David Richardson,iduncan@example.org,Germany,Corporate,2022-02-15,4,2022-12-13,2026-03-25,True,301.0,Valid,399787.62,19348.117860000002,380439.50214,298.0,0.0,0.0,True,95109.875535,0.0,0.048395990501156595,256.0,1198.0,2026-12-06
302962,Yvette Cohen,erikacarlson@example.com,Japan,Wholesale,2024-04-08,4,2024-05-09,2025-09-25,True,31.0,Valid,305183.95,24384.07962,280799.87038,239.0,0.0,0.0,True,70199.967595,0.0,0.07989961339710033,437.0,504.0,2026-12-06
302963,Melissa Anderson,burnslaura@example.org,Germany,Retail,2022-10-12,3,2024-07-30,2026-02-21,True,657.0,Valid,218872.9,24789.783880000003,194083.11612000002,210.0,0.0,0.0,True,64694.37204000001,0.0,0.11326109299049815,288.0,571.0,2026-12-06
302964,Lindsay Blake,despinoza@example.com,India,Wholesale,2024-03-20,2,2024-11-14,2026-05-10,True,239.0,Valid,56352.28999999999,6079.975009999999,50272.31499,159.0,0.0,0.0,True,25136.157495,0.0,0.10789224377571878,210.0,542.0,2026-12-06
302965,Tabitha Hancock,vincentmarshall@example.org,Brazil,Online,2022-10-13,3,2023-07-17,2024-02-01,True,277.0,Valid,92383.4,8163.2666,84220.1334,68.0,0.0,0.0,True,28073.377800000002,0.0,0.08836291584851824,1039.0,199.0,2026-12-06
302966,Joshua Patel,christinaday@example.org,Germany,Corporate,2021-04-23,5,2023-02-11,2026-04-30,True,659.0,Valid,340828.97,25333.69258,315495.27742,208.0,0.0,0.0,True,63099.055484,0.0,0.07432963395101068,220.0,1174.0,2026-12-06
302967,Courtney Hill,matthewsluis@example.net,China,Wholesale,2020-11-15,2,2023-05-03,2025-06-10,True,899.0,Valid,387645.09,25708.7307,361936.35934,315.0,0.0,0.0,True,180968.17967,0.0,0.06632027945975015,544.0,769.0,2026-12-06
302968,Rhonda Miller,oclayton@example.com,Japan,Wholesale,2023-03-04,5,2023-10-19,2025-10-30,True,229.0,Valid,232918.62,30537.700820000002,202380.91918,303.0,0.0,0.0,True,40476.183836,0.0,0.13110888609935953,402.0,742.0,2026-12-06
302969,Melissa Jimenez,umaxwell@example.net,France,Wholesale,2021-03-26,8,2021-10-08,2026-07-21,True,196.0,Valid,479014.61,43026.81274,435987.79725999996,516.0,0.0,0.0,True,54498.474657499995,0.0,0.08982359168543941,138.0,1747.0,2026-12-06
302970,Rebecca Bailey,gballard@example.com,United States,Corporate,2020-11-12,2,2022-03-06,2024-12-09,True,479.0,Valid,248526.51,10530.90704,237995.60296,183.0,0.0,0.0,True,118997.80148,0.0,0.042373375138129124,727.0,1009.0,2026-12-06
302971,Ashley Rollins,john62@example.org,France,Online,2023-10-06,3,2023-12-03,2025-05-11,True,58.0,Valid,110082.59999999999,1094.18966,108988.41034,107.0,0.0,0.0,True,36329.47011333334,0.0,0.009939714904989527,574.0,525.0,2026-12-06
302972,Eric Lee,brandywest@example.net,Mexico,Corporate,2022-06-22,3,2022-10-14,2025-02-04,True,114.0,Valid,486699.11000000004,70073.74288,416625.36712,328.0,0.0,0.0,True,138875.12237333335,0.0,0.14397754472984345,670.0,844.0,2026-12-06
302973,Tony Perez,melanie70@example.org,India,Online,2023-06-26,3,2023-07-23,2024-09-29,True,27.0,Valid,173552.12,18595.357799999998,154956.7622,131.0,0.0,0.0,True,51652.25406666667,0.0,0.10714566782589575,798.0,434.0,2026-12-06
302974,Tracey Jones,james84@example.org,Japan,Retail,2025-07-20,2,2026-02-18,2026-06-29,True,213.0,Valid,15252.98,1733.3717,13519.6083,14.0,0.0,0.0,True,6759.80415,0.0,0.11364151136368106,160.0,131.0,2026-12-06
302975,Heather Banks,katelyn54@example.com,United States,Online,2020-12-09,5,2021-11-05,2026-07-06,True,331.0,Valid,391572.93,17006.697500000002,374566.23250000004,265.0,0.0,0.0,True,74913.24650000001,0.0,0.043431749738165,153.0,1704.0,2026-12-06
302976,Joanna Crosby,sbryant@example.net,Japan,Retail,2025-05-07,4,2025-06-30,2026-07-30,True,54.0,Valid,396632.63,39348.32994,357284.30006000004,280.0,0.0,0.0,True,89321.07501500001,0.0,0.09920598297724523,129.0,395.0,2026-12-06
302977,Rebekah Ho,dawnmerritt@example.org,Mexico,Retail,2025-01-13,0,,,False,,Cannot Determine,0.0,0.0,0.0,0.0,0.0,0.0,False,,,,,,2026-12-06
302978,Pamela Johnson,gibsondonald@example.net,China,Retail,2025-07-16,5,2025-10-18,2026-07-03,True,94.0,Valid,266103.41,26213.52389,239889.88611,133.0,0.0,0.0,True,47977.977222,0.0,0.09850878607681128,156.0,258.0,2026-12-06
302979,Randy Montgomery,ewolf@example.org,United Kingdom,Retail,2020-09-16,7,2021-05-30,2025-09-29,True,256.0,Valid,287624.5,14582.36854,267187.34994,258.0,4.0,5854.78152,True,38169.621419999996,0.015503875968992248,0.05069932686540959,433.0,1583.0,2026-12-06
302980,Brian Wallace,amedina@example.com,Mexico,Corporate,2024-07-29,6,2024-12-28,2026-05-25,True,152.0,Valid,387357.22,38005.39296,349351.82704,383.0,0.0,0.0,True,58225.30450666667,0.0,0.09811458518831791,195.0,513.0,2026-12-06
302981,Tiffany Duke,fortiz@example.net,India,Wholesale,2021-02-20,4,2021-04-10,2025-07-23,True,49.0,Valid,347659.67000000004,31568.75966,316090.91034,310.0,0.0,0.0,True,79022.727585,0.0,0.09080362890524517,501.0,1565.0,2026-12-06
302982,Brittany Hamilton,kevin70@example.net,Germany,,2022-10-04,2,2022-11-13,2025-09-11,True,40.0,Valid,158134.03,32021.601450000002,126112.42854999998,90.0,0.0,0.0,True,63056.21427499999,0.0,0.20249658754665267,451.0,1033.0,2026-12-06
302983,Julie Wilson,,China,Online,2021-12-16,8,2022-09-15,2026-06-25,True,273.0,Valid,450415.57999999996,17357.62786,433057.95213999995,403.0,0.0,0.0,True,54132.244017499994,0.0,0.03853691708444011,164.0,1379.0,2026-12-06
302984,Christopher Ford,schwartzdonna@example.org,Brazil,Online,2024-07-22,8,2024-08-11,2026-04-17,True,20.0,Valid,310544.51,34600.44216,275944.06784,267.0,0.0,0.0,True,34493.00848,0.0,0.11141862453147215,233.0,614.0,2026-12-06
302985,David Parker,xhopkins@example.net,United States,Retail,2024-08-04,5,2024-08-19,2026-06-01,True,15.0,Valid,160485.4,22988.44829,137496.95171,292.0,0.0,0.0,True,27499.390342,0.0,0.14324323764030872,188.0,651.0,2026-12-06
302986,Karen Mcclain,fischerdanielle@example.org,India,Corporate,2023-07-01,3,2023-05-08,2026-03-23,True,-54.0,First Order Before Signup,4585.75,77.95775,4507.79225,5.0,0.0,0.0,True,1502.5974166666667,0.0,0.017,258.0,1050.0,2026-12-06
302987,Kayla Garcia,mramos@example.net,China,Retail,2021-12-20,6,2022-03-12,2026-03-29,True,82.0,Valid,171767.21000000002,39035.40345,132731.80655,207.0,0.0,0.0,True,22121.967758333336,0.0,0.22725759736098639,252.0,1478.0,2026-12-06
302988,Brenda Powell,justinjohnson@example.net,Japan,Wholesale,2023-03-02,3,2023-06-28,2025-11-25,True,118.0,Valid,298784.85,23942.71618,274842.13382,204.0,0.0,0.0,True,91614.04460666666,0.0,0.0801336352228033,376.0,881.0,2026-12-06
302989,Melanie Brown,ssaunders@example.org,Canada,Retail,2021-04-09,5,2021-08-06,2026-02-20,True,119.0,Valid,193933.22,24519.833399999996,169413.3866,194.0,0.0,0.0,True,33882.67732,0.0,0.12643441592935958,289.0,1659.0,2026-12-06
302990,Dennis Howard,gochoa@example.net,Vietnam,Retail,2021-05-06,3,2022-03-16,2026-01-13,True,314.0,Valid,164528.24,23399.87216,141128.36784,119.0,0.0,0.0,True,47042.78928,0.0,0.14222404713014616,327.0,1399.0,2026-12-06
302991,Jacob Miller,pbrown@example.com,China,,2024-08-07,4,2025-09-24,2026-04-28,True,413.0,Valid,411021.68,51449.445349999995,359572.23465,385.0,0.0,0.0,True,89893.0586625,0.0,0.1251745293581594,222.0,216.0,2026-12-06
302992,Denise Daniel,michaeljames@example.net,France,Online,2021-11-15,7,2022-03-18,2025-08-29,True,123.0,Valid,368554.60000000003,13841.638589999999,354712.96138,388.0,0.0,0.0,True,50673.280197142856,0.0,0.03755654817495155,464.0,1260.0,2026-12-06
302993,Robert Ponce,jason25@example.org,France,Online,2023-01-04,2,2023-12-03,2026-06-12,True,333.0,Valid,73465.75,4068.06034,69397.68966,145.0,0.0,0.0,True,34698.84483,0.0,0.055373563054892924,177.0,922.0,2026-12-06
302994,Christine Jones,jonathan11@example.net,United States,Online,2025-01-15,8,2025-01-19,2026-06-27,True,4.0,Valid,460375.13,41330.75118,419044.37882,378.0,0.0,0.0,True,52380.5473525,0.0,0.08977624655788856,162.0,524.0,2026-12-06
302995,Margaret Johnson,burnsjohn@example.com,United States,Corporate,2024-11-04,8,2024-11-13,2025-11-05,True,9.0,Valid,322987.46,16251.26211,306736.19789,320.0,0.0,0.0,True,38342.02473625,0.0,0.050315458408199495,396.0,357.0,2026-12-06
302996,Richard Ward,gregorylevine@example.com,Vietnam,Retail,2023-11-30,4,2025-02-13,2026-06-15,True,441.0,Valid,72016.59,962.4359499999999,71054.15405,197.0,0.0,0.0,True,17763.5385125,0.0,0.013364086663920078,174.0,487.0,2026-12-06
302997,Jessica Pennington,kaitlindiaz@example.org,Brazil,Corporate,2021-12-27,5,2022-04-18,2025-09-08,True,112.0,Valid,274395.51,38765.39274,235630.11726,208.0,0.0,0.0,True,47126.023452,0.0,0.14127560884651502,454.0,1239.0,2026-12-06
302998,Emily Coleman,walldaniel@example.net,India,Corporate,2023-06-20,4,2023-08-17,2025-01-12,True,58.0,Valid,1354.56,4.06368,1350.49632,120.0,0.0,0.0,True,337.62408,0.0,0.003,693.0,514.0,2026-12-06
302999,Laura Carr,jessica61@example.net,Brazil,Wholesale,2022-03-24,2,2023-03-14,2026-07-01,True,355.0,Valid,87133.11,6394.4191599999995,80738.69084,103.0,0.0,0.0,True,40369.34542,0.0,0.07338678901740107,158.0,1205.0,2026-12-06
303000,Emily Gonzales,amanda26@example.net,United States,Retail,2022-01-15,3,2023-07-24,2025-01-17,True,555.0,Valid,143062.26,5368.0779600000005,137694.18203999999,196.0,0.0,0.0,True,45898.060679999995,0.0,0.03752266992007536,688.0,543.0,2026-12-06
303001,James Scott,lharris@example.com,Germany,Corporate,2023-06-15,0,,,False,,Cannot Determine,0.0,0.0,0.0,0.0,0.0,0.0,False,,,,,,2026-12-06
303002,Albert Nguyen,carrjessica@example.net,India,Retail,2022-04-03,0,,,False,,Cannot Determine,0.0,0.0,0.0,0.0,0.0,0.0,False,,,,,,2026-12-06
303003,George Brown,vaughnjavier@example.net,France,Retail,2023-03-22,0,,,False,,Cannot Determine,0.0,0.0,0.0,0.0,0.0,0.0,False,,,,,,2026-12-06
303004,Brenda Frederick,,China,Online,2021-08-08,0,,,False,,Cannot Determine,0.0,0.0,0.0,0.0,0.0,0.0,False,,,,,,2026-12-06
303005,Sarah Smith,camerontownsend@example.com,Vietnam,,2025-07-30,0,,,False,,Cannot Determine,0.0,0.0,0.0,0.0,0.0,0.0,False,,,,,,2026-12-06
303006,Thomas Johnson,idavis@example.net,United Kingdom,Retail,2025-06-21,0,,,False,,Cannot Determine,0.0,0.0,0.0,0.0,0.0,0.0,False,,,,,,2026-12-06
303007,Lisa Patterson,nathaniel17@example.org,China,Corporate,2024-09-28,0,,,False,,Cannot Determine,0.0,0.0,0.0,0.0,0.0,0.0,False,,,,,,2026-12-06
303008,Arthur White,matthewgriffith@example.org,Mexico,Corporate,2021-06-06,0,,,False,,Cannot Determine,0.0,0.0,0.0,0.0,0.0,0.0,False,,,,,,2026-12-06
303009,Amanda Jarvis,vjones@example.org,United States,Wholesale,2024-10-08,0,,,False,,Cannot Determine,0.0,0.0,0.0,0.0,0.0,0.0,False,,,,,,2026-12-06
303010,David Sanchez,matthewharper@example.net,France,Wholesale,2021-09-25,0,,,False,,Cannot Determine,0.0,0.0,0.0,0.0,0.0,0.0,False,,,,,,2026-12-06
303011,David Lara,castillomatthew@example.com,India,Online,2020-09-07,0,,,False,,Cannot Determine,0.0,0.0,0.0,0.0,0.0,0.0,False,,,,,,2026-12-06
303012,Glenda Fisher,vwilson@example.com,India,Retail,2021-04-30,0,,,False,,Cannot Determine,0.0,0.0,0.0,0.0,0.0,0.0,False,,,,,,2026-12-06
303013,Brandon Rodriguez MD,deckerbryan@example.org,Canada,,2022-10-23,0,,,False,,Cannot Determine,0.0,0.0,0.0,0.0,0.0,0.0,False,,,,,,2026-12-06
303014,John Joyce,tuckersheila@example.net,Brazil,Retail,2021-01-14,0,,,False,,Cannot Determine,0.0,0.0,0.0,0.0,0.0,0.0,False,,,,,,2026-12-06
303015,Eric Parker,jasongarza@example.org,United Kingdom,Retail,2023-04-29,0,,,False,,Cannot Determine,0.0,0.0,0.0,0.0,0.0,0.0,False,,,,,,2026-12-06
