customer_id,customer_name,email,country,segment,signup_date
300001,Jason Walker,harnold@example.org,Mexico,Corporate,29-10-2020
300002,Heather Leon,pgutierrez@example.net,Australia,Online,11-12-2024
300003,Todd Casey,joseph44@example.com,DE,Wholesale,02-Aug-24
300004,Terry Johnson,hernandeznicholas@example.net,Australia,,01-12-2024
300005,Frances Haley,zallen@example.org,england,Corporate,06-10-2024
300006,Anthony Frederick,oanderson@example.com,Germany,Online,30-09-2023
300007,Tanner Holmes,thall@example.org,France,Wholesale,20-07-2025
300008,Rachel Cameron,mary25@example.org,Japan,Corporate,09-03-2023
300009,Adam Carrillo,anthonyzimmerman@example.org,United States,Corporate,17-02-2021
300010,Nicholas Lucero,jacob34@example.org,Brazil,Corporate,11-07-2023
300011,Richard Hartman,donna41@example.org,Japan,Online,05-05-2023
300012,Lauren Garcia,hho@example.org,Mexico,Wholesale,20-10-2023
300013,Christopher Jones,roberta36@example.org,Brazil,Online,16-05-2021
300014,Benjamin Chung,clarkrobert@example.com,Germany,Retail,13-02-2023
300015,Christopher Evans,donnawelch@example.org,Vietnam,Corporate,31-10-2023
300016,Gregory Cooley,,Australia,Corporate,02-Apr-21
300017,Alexander Hunt,javierdiaz@example.org,France,,18-08-2021
300018,Bradley Holt,josepholson@example.org,Brazil,Online,23-10-2020
300019,Elizabeth Mcgee,zgraham@example.org,Australia,Wholesale,29-05-2022
300020,Ryan Love,ygarcia@example.net,Brazil,,30-11-2021
300021,Tiffany Freeman,vhenderson@example.com,IND,Online,03-22-2022
300022,Lisa Patterson,nathaniel17@example.org,China,Corporate,28-09-2024
300023,Dawn Ortiz,raymond12@example.com,Germany,Retail,10-02-2025
300024,David Lewis,nathan51@example.org,United States,Wholesale,24-10-2022
300025,Gary Marshall,rachel81@example.com,France,Wholesale,04-04-2022
300026,Daniel Hoffman,berrydebbie@example.net,United Kingdom,Wholesale,30-01-2022
300027,Francisco Gonzalez,rjimenez@example.com,Canada,Wholesale,11-06-2024
300028,Kyle Garza,barbaramitchell@example.net,United States,Online,05-04-2021
300029,Abigail Murray,,Canada,Corporate,31-07-2024
300030,Matthew Jones,gallegosrobert@example.com,IND,Online,03-04-2025
300031,Jennifer Hawkins,troy06@example.com,Mexico,Wholesale,14-01-2022
300032,Samuel Coffey,cameronsharon@example.org,France,Online,23-02-2024
300033,Adam Garcia,michelle63@example.org,Vietnam,Corporate,23-10-2020
300034,Robin Cabrera,villamiranda@example.com,Vietnam,Online,07-02-2021
300035,Anthony Torres,mark96@example.com,Mexico,Online,29-01-2025
300036,Lauren Wilson,michelle96@example.net,Canada,Wholesale,27-02-2024
300037,Joseph Lane,ubray@example.net,Australia,Online,24-Nov-22
300038,Ralph Dawson,angelica33@example.net,China,Online,29-01-2023
300039,Amy Smith,taylorcruz@example.com,Germany,Wholesale,20-01-2021
300040,Kevin Rose,kathleen47@example.net,Mexico,Online,09-03-2021
300041,Suzanne Robinson,paul79@example.net,Germany,Corporate,08-06-2021
300042,Barry Henderson,stephanie91@example.org,Germany,Retail,05-09-2021
300043,Brian Smith,blopez@example.com,Vietnam,Online,20-12-2022
300044,Derek Mcintosh,gomezjason@example.com,France,Corporate,12-22-2023
300045,Amy Nelson,williamspatrick@example.com,Canada,Retail,05-03-2023
300046,Christopher Hill,gstone@example.net,Japan,,20-08-2021
300047,Brian Wilson,johnstonjohn@example.net,Canada,Retail,11-30-2020
300048,Manuel Baldwin,,Canada,Online,03-Mar-21
300049,Kathleen Jackson,michaelroberts@example.net,Australia,Online,13-10-2024
300050,Cody Velez,,Canada,Corporate,07-02-2022
300051,Carol Cook,athomas@example.net,Canada,,07-07-2021
300052,Christopher Baker,jacksonkathleen@example.org,Australia,Wholesale,14-01-2023
300053,Lauren Freeman,thomaswilliams@example.org,Vietnam,Online,20-08-2023
300054,Sara Fox MD,kimberlygarcia@example.net,France,Wholesale,07-02-2023
300055,Gregory Gardner DDS,,IND,Wholesale,05-05-2022
300056,Patricia Vincent,rrodriguez@example.net,Germany,Retail,19-03-2024
300057,William Chase,michaeljohnson@example.net,UK,Corporate,21-Apr-24
300058,Heather Garner,samanthagray@example.org,Brazil,Online,15-05-2024
300059,Meghan Nolan,harcher@example.org,China,Online,28-06-2025
300060,Stacy Myers,rlandry@example.com,India,Online,28-12-2021
300061,Mia Flowers,hamiltonspencer@example.com,Germany,Online,13-08-2021
300062,Kathryn Jennings,hbecker@example.com,Japan,Corporate,02-08-2022
300063,Elizabeth Roberts,alexis03@example.com,China,Wholesale,14-10-2023
300064,John Smith,donna00@example.com,Germany,Wholesale,16-10-2024
300065,Rachel Shaw,stephaniereeves@example.org,Canada,Corporate,09-05-2021
300066,Kevin Miller,antoniofitzpatrick@example.org,england,Retail,23-08-2025
300067,Jenny Rasmussen,orozcosamantha@example.net,United States,Wholesale,21-09-2024
300068,Meghan Morris,feliciagonzalez@example.org,Brazil,Retail,21-03-2022
300069,Eric Evans,ygardner@example.com,Japan,Corporate,30-09-2022
300070,Melissa Gordon,taylor67@example.com,DE,Online,02-22-2021
300071,Thomas Johnson,idavis@example.net,United Kingdom,Retail,21-Jun-25
300072,Lauren Watson,brian62@example.com,United Kingdom,Wholesale,13-03-2025
300073,Phillip Holmes,,india,Online,06-01-2024
300074,Samantha Cunningham,michelle19@example.net,Mexico,Retail,03-14-2021
300075,Meredith Black,rtaylor@example.net,United States,,21-03-2023
300076,Eric Hays,shaffercindy@example.org,Germany,Corporate,12-04-2024
300077,Larry Martinez,wrightdale@example.org,Canada,,28-03-2021
300078,Anthony Martinez,lwebb@example.org,Japan,Online,29-10-2024
300079,Samantha Maldonado,reynoldsdaisy@example.org,Germany,,14-11-2024
300080,Cynthia Hunt,thomasroberts@example.net,Mexico,Corporate,16-05-2021
300081,Holly Hill,gwolfe@example.com,China,Corporate,01-03-2021
300082,Alfred Bryant,tsmith@example.org,China,Wholesale,01-10-2022
300083,Lisa Williams,sydney77@example.com,India,Retail,21-Nov-23
300084,Jonathan Callahan,michaelmccarthy@example.com,Mexico,,16-09-2020
300085,Christian Rios,stephen24@example.net,Australia,Corporate,25-03-2023
300086,Thomas Brewer,mestes@example.net,Vietnam,Online,07-03-2022
300087,Katie Hopkins,david59@example.net,Japan,Online,26-07-2021
300088,Jennifer Williams,jesseortega@example.com,U.S.A.,Corporate,28-05-2022
300089,Peter Zavala,danielgilmore@example.net,Mexico,Corporate,05-02-2025
300090,Jennifer Brown,danny17@example.com,Mexico,Online,15-02-2025
300091,Tammy Morris,ogray@example.net,Mexico,Wholesale,12-09-2023
300092,John Shelton,jamesmartin@example.net,Japan,Online,13-06-2023
300093,Kevin Soto,harrislisa@example.org,Australia,Online,15-09-2024
300094,Joshua Jones,faithrosario@example.net,France,,06-18-2022
300095,Ronnie Hudson MD,michael82@example.org,Australia,Retail,16-11-2023
300096,Shelly Carroll,kimberlyevans@example.org,Brazil,Online,10-11-2022
300097,Joshua Johnson,sandra46@example.net,Australia,Wholesale,27-02-2023
300098,Brooke Roberts,melissafrederick@example.net,United States,Online,15-06-2022
300099,Kimberly Snow,qgiles@example.net,United States,Retail,24-03-2022
300100,Dean Cook,tayloramy@example.net,Japan,Wholesale,24-10-2020
300101,Susan Brown,kjones@example.net,Germany,Retail,24-04-2022
300102,Amanda Zavala,ngeorge@example.org,Australia,Online,06-03-2024
300103,Carl Cummings,,Japan,Retail,06-02-2025
300104,Richard Walter,andrewbrown@example.org,China,Corporate,06-01-2022
300105,Melanie Rojas,xwilliams@example.com,Vietnam,,03-05-2023
300106,Jeffery Taylor,nwilson@example.com,Vietnam,Retail,21-02-2024
300107,Thomas Allen,chapmanjeremy@example.net,France,Online,04-06-2022
300108,Kimberly Williams,,France,,05-06-2024
300109,Christopher Williams,carrie34@example.org,U.S.A.,Online,17-01-2021
300110,Bryan Jones,shawna37@example.net,France,Wholesale,11-09-2023
300111,Thomas Robinson,shelly84@example.net,China,Retail,04-05-2024
300112,Emma Weaver,brownrachel@example.net,United States,,19-11-2021
300113,Mr. Thomas Skinner,kevintran@example.org,China,Retail,01-06-2025
300114,Brenda Spence,dsantos@example.org,Canada,Corporate,11-07-2022
300115,Debra Chapman,margaret10@example.com,Australia,Retail,08-10-2020
300116,Albert Reyes,nwilliams@example.com,India,Online,08-12-2024
300117,Anthony Torres,sharon95@example.com,Australia,Retail,02-08-2021
300118,Nicole Peterson,yglenn@example.net,Brazil,Wholesale,18-09-2024
300119,Renee Tran,michele87@example.com,Vietnam,Online,22-04-2025
300120,Kelly Martin,pmcdonald@example.org,France,Corporate,12-07-2023
300121,Michael Hill,kelseyphillips@example.net,Vietnam,Retail,15-03-2025
300122,Heidi Hopkins,martinezashley@example.com,Vietnam,Corporate,21-08-2022
300123,Jill Smith,owenstammy@example.com,Brazil,Wholesale,04-11-2024
300124,Jennifer Riley,,germany,,08-11-2023
300125,David Buchanan,misty23@example.net,Brazil,Retail,06-06-2025
300126,Mary Hall,lopezwilliam@example.com,United Kingdom,Retail,15-07-2021
300127,Mitchell Brown,theresa05@example.net,Canada,Online,25-07-2023
300128,Hannah Jones,ewilson@example.org,Vietnam,Online,03-04-2024
300129,Sandra Becker,maynancy@example.org,United States,,07-09-2021
300130,Heather Hester,thomas49@example.org,India,Wholesale,15-10-2020
300131,Timothy Buck,rodriguezjason@example.com,United Kingdom,Corporate,19-06-2021
300132,Katie Perkins,shelby69@example.org,U.S.A.,Retail,21-03-2023
300133,Phillip Banks,benjaminvictoria@example.net,Australia,Retail,13-12-2023
300134,Kimberly Barnes,abbottallison@example.org,China,Online,08-03-2023
300135,Kelly Stewart,marycarter@example.org,Germany,,09-13-2023
300136,Vanessa Hall,kaitlin13@example.com,Canada,Retail,23-04-2022
300137,Heidi Bell,melendezdenise@example.net,Australia,Online,30-04-2024
300138,Crystal Carey,sarasanchez@example.com,United Kingdom,Retail,25-10-2021
300139,Lisa Flynn,lee16@example.com,United Kingdom,Retail,13-01-2024
300140,Johnny Keith,rachelwalter@example.org,Australia,,11-03-2023
300141,Ralph Dawson,,Brazil,Retail,01-07-2021
300142,Christopher Jones,wstrong@example.org,Canada,Wholesale,31-10-2024
300143,Michelle Wilson,brittany91@example.net,Australia,Retail,04-09-2022
300144,Heather Cole,,Germany,Wholesale,21-11-2020
300145,Chad White,,Canada,Wholesale,10-02-2022
300146,Jamie Gonzales,shirley13@example.com,France,Corporate,07-07-2022
300147,Joseph Fox,ymitchell@example.com,France,Corporate,17-02-2023
300148,Amanda Landry,russellramirez@example.net,Germany,Corporate,13-06-2024
300149,Christopher Roberts,kgonzales@example.com,United States,Wholesale,28-03-2022
300150,Larry Rodriguez,elizabeththomas@example.org,Australia,Retail,11-05-2025
300151,Caroline George,moyeramber@example.org,Mexico,,05-06-2023
300152,Allison Harris,hdennis@example.org,Mexico,,12-09-2020
300153,Brian Mccarthy,wallaceryan@example.com,China,Retail,26-10-2024
300154,Donald Barnett,linda31@example.com,Mexico,,05-02-2021
300155,Jesse Moss,mannleroy@example.org,India,Online,13-06-2021
300156,Rebecca Stewart,averycourtney@example.org,Vietnam,Online,31-10-2022
300157,Tony Nunez,theodore72@example.net,Vietnam,Corporate,07-05-2021
300158,Mark Davis,aaronjones@example.net,Vietnam,Corporate,24-02-2023
300159,Amanda Watts,pwelch@example.net,China,,21-09-2023
300160,Tiffany Humphrey,nancycontreras@example.com,United States,Wholesale,29-05-2022
300161,Howard Castillo,robinsonsydney@example.com,India,Retail,24-08-2024
300162,David Coleman,stevenflores@example.org,United Kingdom,Wholesale,06-10-2022
300163,Carl Khan,rburke@example.org,China,Corporate,27-05-2022
300164,Daniel Rosales,xbrown@example.com,Japan,Retail,22-10-2020
300165,James Ramos,dgreen@example.com,France,Wholesale,12-21-2021
300166,Mark Williams,kortiz@example.org,Mexico,,03-02-2023
300167,Ashley Donaldson,david80@example.net,China,Retail,06-05-2023
300168,Richard Cook,katie81@example.net,China,Wholesale,08-10-2020
300169,Joseph Galloway,oheath@example.com,Canada,Wholesale,28-11-2020
300170,Erin Lewis,shelbyjohnson@example.org,United States,Corporate,02-09-2024
300171,Kathryn Moody,,DE,Corporate,09-06-2024
300172,Amanda Brady,irios@example.net,Australia,Corporate,28-10-2023
300173,Angela Wagner,vsmith@example.net,Australia,Retail,17-01-2025
300174,Noah Sparks,marievillarreal@example.com,Germany,Online,09-09-2023
300175,Elizabeth Stevens,bakerdiana@example.com,Brazil,Corporate,16-10-2022
300176,Daniel Russell,,UK,Retail,19-07-2022
300177,Monica Bean PhD,chavezbecky@example.org,Mexico,,30-07-2022
300178,Jacob Hart,martin11@example.net,Japan,Wholesale,26-08-2022
300179,Katherine Wright,richardmassey@example.net,United Kingdom,Corporate,07-06-2021
300180,Crystal Saunders,robert52@example.org,Japan,Retail,12-04-2024
300181,Jennifer Smith,karinorton@example.net,U.K.,Wholesale,04-09-2022
300182,Cynthia Murray,vrobertson@example.net,Vietnam,Retail,01-03-2023
300183,Michael Bennett,martinkaitlin@example.org,Germany,Retail,26-01-2021
300184,Ashley Mcclure,zjackson@example.net,China,,26-08-2021
300185,Kimberly Ross,david44@example.net,Japan,Wholesale,06-02-2023
300186,Kristy Martin,alexandra39@example.net,Australia,,11-04-2022
300187,Kaitlyn Clark,sara22@example.net,India,Wholesale,09-07-2022
300188,Evan White,ajones@example.com,China,Corporate,28-03-2024
300189,Brandon Ellis,browntaylor@example.org,United Kingdom,Online,03-03-2024
300190,Sophia Cooper,reillyjoshua@example.com,China,Corporate,30-12-2020
300191,Marcus Powell,ann31@example.net,India,,03-08-2023
300192,Diana Baker,martinezalexa@example.net,Vietnam,Corporate,05-06-2021
300193,Raymond Vargas,tammy97@example.org,India,Wholesale,29-06-2024
300194,Virginia Davis,douglasalvarez@example.org,Canada,Online,03-07-2021
300195,Amy Hunt,ecoleman@example.com,Australia,Wholesale,13-04-2022
300196,Cynthia Long,wmccarthy@example.com,Australia,Corporate,06-03-2022
300197,Blake Jacobs,stephaniedougherty@example.com,Germany,Retail,11-09-2024
300198,Kristina Henry,gina86@example.net,Canada,Retail,21-03-2024
300199,Jacob Owens,jessica39@example.net,Mexico,Retail,28-05-2022
300200,Cheryl Brooks,gonzalezmichael@example.org,United Kingdom,Wholesale,17-01-2025
300201,Brandon Wood,wesley09@example.com,Germany,Retail,10-09-2020
300202,John Williams,joshua09@example.org,United Kingdom,Retail,31-10-2020
300203,Yolanda Chen,vthompson@example.net,India,,24-12-2024
300204,Amanda Johnson,janicethompson@example.org,India,Retail,01-06-2024
300205,Barbara Ramos,edwardsmichaela@example.com,United Kingdom,Retail,29-01-2021
300206,Lucas Smith,rachael29@example.net,India,Online,31-07-2025
300207,Teresa Powell,brownmandy@example.net,Vietnam,Retail,21-05-2025
300208,Christopher Williams,haleyortiz@example.net,Vietnam,Retail,27-05-2021
300209,April Hill,david79@example.net,United Kingdom,Online,25-05-2024
300210,Anita Hardin,jessicalopez@example.net,Brazil,Retail,04-02-2021
300211,Christopher Smith,steven34@example.net,China,Online,19-10-2023
300212,Cheryl Campos,lancegray@example.com,Australia,Online,16-11-2023
300213,Ethan Perez,joshuagonzalez@example.com,U.K.,Retail,22-07-2021
300214,Brandon Kelly,michael87@example.net,Canada,Retail,17-12-2021
300215,Travis Richards,,China,Corporate,06-02-2024
300216,Melanie Roberts,holly88@example.net,Brazil,Online,01-11-2022
300217,Raymond Scott,hgreen@example.net,Australia,Corporate,08-20-2024
300218,Charles Willis,anne90@example.com,Brazil,Retail,16-12-2023
300219,Sheila Smith,valvarez@example.net,Australia,Retail,03-03-2024
300220,Hunter Martin,,Japan,,06-03-2025
300221,Jessica Ross,johnnybrooks@example.com,Australia,Online,12-12-2022
300222,Andrew Hickman,,Australia,Wholesale,29-01-2023
300223,Derrick Ray,martingarrett@example.com,United States,Online,15-03-2021
300224,Terri Gonzalez,davidcook@example.org,Canada,Retail,04-02-2025
300225,Ralph Solis,dfoster@example.org,Vietnam,Corporate,07-07-2025
300226,Christopher Parker,joelharris@example.org,Canada,Wholesale,16-12-2023
300227,Justin Rowe,woodsmelvin@example.com,China,Retail,14-Apr-24
300228,Daniel Kennedy,tguerra@example.org,China,Online,31-05-2023
300229,Carl Hines,ricardomurphy@example.com,Germany,Wholesale,24-06-2024
300230,Jessica Long,reedelizabeth@example.net,Canada,Retail,05-10-2024
300231,Cassandra Young,matthew09@example.net,United Kingdom,,19-10-2020
300232,Maria Taylor,bradleyturner@example.org,Vietnam,Online,03-06-2024
300233,Jessica Mitchell,eleonard@example.org,China,Retail,13-05-2022
300234,Cassie Sanders,marshallchristopher@example.net,Brazil,Wholesale,20-12-2021
300235,Jennifer Roman,luisandrews@example.com,Mexico,,29-Apr-24
300236,Matthew Santiago,twise@example.com,China,Retail,05-02-2024
300237,Lindsey Lang,xshaw@example.com,Brazil,Wholesale,16-12-2021
300238,Valerie Rodriguez,tinaschmidt@example.com,Mexico,Corporate,23-03-2024
300239,Adam Vaughan,james97@example.com,Vietnam,Retail,06-01-2025
300240,Bryan Burns,brendan95@example.com,China,Wholesale,27-11-2020
300241,Pamela Johnson,guy56@example.org,Brazil,Online,17-10-2022
300242,Andrew Rodriguez,schmidtrandy@example.org,United Kingdom,Wholesale,24-11-2022
300243,Nicholas Schultz,worozco@example.com,Mexico,Corporate,31-01-2021
300244,Roger Conley,uwilliams@example.com,Canada,,10-02-2024
300245,Misty Burnett,reyestina@example.org,United Kingdom,Wholesale,11-08-2020
300246,Elizabeth Morales,stephaniescott@example.net,United States,Retail,09-05-2022
300247,Thomas Sanford,ashleycooley@example.net,Australia,Corporate,18-05-2024
300248,Dana Lindsey,ashley36@example.com,France,,27-03-2023
300249,Destiny Powers,rbrowning@example.com,Canada,Retail,25-05-2024
300250,Albert Perry,joshuaford@example.net,United States,,10-Jan-22
300251,Albert Nguyen,carrjessica@example.net,India,Retail,03-04-2022
300252,Madison Murphy,jalvarez@example.org,Japan,Corporate,19-10-2024
300253,Rodney Hernandez,sclark@example.org,Australia,Corporate,19-05-2022
300254,Andrew Phelps,welchanna@example.com,Vietnam,Online,11-01-2024
300255,Kendra Torres,shannon70@example.org,United states,,01-29-2021
300256,Guy Reynolds,potterjustin@example.net,China,Corporate,15-10-2023
300257,Thomas Anderson,davisjeffery@example.org,United States,Corporate,13-02-2023
300258,Christopher Waters,wpierce@example.org,Australia,Wholesale,09-Jul-23
300259,Emma Cox,beckgloria@example.net,Brazil,Retail,03-10-2022
300260,Joseph Myers,,Mexico,Online,21-Jun-24
300261,Thomas Thompson,aaron57@example.net,United States,Online,17-10-2024
300262,Janet Delgado,ojenkins@example.org,France,Retail,11-07-2021
300263,Manuel Duarte,udougherty@example.net,Mexico,Retail,05-10-2023
300264,Kaitlyn Davis,andrew96@example.net,United States,Corporate,30-11-2021
300265,Thomas Ellis,gregorygiles@example.org,United States,Retail,22-03-2023
300266,Steven Clark,rstevens@example.net,United Kingdom,Online,12-04-2022
300267,Christopher Murray,laramary@example.org,France,Wholesale,19-11-2022
300268,Andrea Goodman,ecamacho@example.com,Vietnam,Corporate,21-11-2021
300269,David Baldwin,baldwincatherine@example.net,India,Online,06-01-2021
300270,Ronald Brown,uclayton@example.org,United Kingdom,Corporate,28-03-2024
300271,Kayla Banks,gcobb@example.org,Germany,Wholesale,25-06-2022
300272,Lauren Moody,michaeldouglas@example.org,Vietnam,Retail,11-24-2024
300273,Christine Davis,ellisjenna@example.org,Mexico,,25-03-2025
300274,Michael Rivera,klyons@example.com,Australia,Retail,13-06-2024
300275,Brittany Roberts,nicoleelliott@example.net,India,Corporate,21-08-2023
300276,Brooke Walters,rmarquez@example.com,India,Corporate,13-02-2022
300277,Betty Lawson,oscott@example.org,France,Online,09-06-2021
300278,Brittany Smith,jennifer86@example.com,Australia,Corporate,12-01-2024
300279,Gregory Moore,alexandra67@example.net,Brazil,Wholesale,04-10-2023
300280,Casey Prince,barnettcalvin@example.org,Canada,Wholesale,05-07-2021
300281,Donald Strickland,santosmichael@example.com,UK,Wholesale,18-03-2022
300282,Alexandria Francis,judithcox@example.org,Australia,Retail,06-07-2023
300283,Gary Jones,wallerbrian@example.net,Canada,Corporate,28-08-2022
300284,Robert White,jeremylove@example.org,France,Retail,12-04-2023
300285,Kristen Davis,jessicalowery@example.org,Germany,Wholesale,12-11-2020
300286,Darren Willis,imarshall@example.org,Vietnam,Online,12-04-2023
300287,Christina Wilson,alvarezcory@example.net,Canada,Retail,05-04-2022
300288,Mr. Kevin Callahan,cortezscott@example.net,United States,Retail,27-09-2021
300289,Lisa Bryant,kingrichard@example.com,Australia,Online,21-08-2021
300290,Jordan Palmer,joseph83@example.com,Brazil,Wholesale,16-02-2023
300291,Ellen Alexander,tonyflores@example.net,Canada,Corporate,15-01-2022
300292,Austin Reynolds,cody75@example.net,germany,Retail,07-01-2023
300293,Cheryl Rodriguez,jasonshaw@example.com,India,Online,06-02-2024
300294,Michael Pennington,ashleymoore@example.org,UK,Corporate,30-06-2024
300295,Christopher Moore,markblack@example.com,China,Online,16-08-2021
300296,Penny Adams,,United States,Wholesale,07-Dec-23
300297,Sandra Stewart,ronald66@example.org,France,,13-Mar-22
300298,Wayne Gomez,theresawang@example.org,UK,Online,22-06-2024
300299,Matthew Scott,andrew66@example.com,United States,Retail,03-10-2024
300300,Rebecca Williamson,ggates@example.org,China,Retail,16-06-2023
300301,John Griffith,ccrane@example.net,Japan,Wholesale,17-11-2021
300302,Michelle Wright,dbrown@example.net,Australia,Corporate,13-08-2022
300303,Jessica Mitchell,,Brazil,Online,18-05-2022
300304,Jennifer Hernandez,brittanyandrews@example.net,Japan,Online,15-04-2022
300305,Kenneth Farmer,,Japan,Corporate,07-02-2021
300306,Richard Dawson,susan57@example.net,India,Retail,10-07-2024
300307,John Murray,james44@example.net,Vietnam,Corporate,01-02-2025
300308,Bryan Jenkins,zshaffer@example.org,Australia,Retail,27-05-2024
300309,William Brooks,gforbes@example.com,France,Online,27-10-2024
300310,Kenneth Walters DDS,mccannkimberly@example.net,Japan,Wholesale,12-08-2024
300311,Sarah Berry,mbishop@example.org,Mexico,Wholesale,15-06-2021
300312,Donald Hayes,debrajones@example.net,United Kingdom,Corporate,01-07-2024
300313,Richard Stevenson,zpreston@example.net,United Kingdom,,17-Jul-23
300314,Jean Smith,ronald43@example.net,Canada,Online,18-Feb-22
300315,Jimmy Ortega,patricia92@example.org,Brazil,Wholesale,14-01-2024
300316,Christopher Johnson,chanamber@example.org,Vietnam,Online,12-07-2024
300317,David Clark,,India,Wholesale,20-04-2022
300318,Shawn Blackburn,flowersnicholas@example.com,United States,,11-07-2024
300319,Christine Williams,nross@example.com,Germany,Retail,01-01-2025
300320,Wayne Hunter,martinjason@example.com,India,Corporate,13-08-2023
300321,Zachary Perry,traciemarsh@example.com,India,Corporate,14-05-2024
300322,Theresa Smith,zlara@example.org,India,Corporate,01-20-2023
300323,Sara Hamilton,jerome16@example.com,Japan,Corporate,09-06-2022
300324,Monica Merritt,taylorjohn@example.net,Germany,Retail,28-09-2020
300325,Brenda Harrison,brownleah@example.net,Vietnam,Corporate,16-09-2020
300326,Jason Moore,gregstone@example.org,Japan,Retail,20-12-2023
300327,Catherine Koch,buchanananthony@example.org,Canada,Corporate,16-05-2024
300328,Susan Baker,anthony05@example.org,United Kingdom,Corporate,12-03-2022
300329,Shane Mcintyre,ryankathryn@example.net,France,Wholesale,08-02-2025
300330,Adrian Prince,,United States,Wholesale,04-17-2023
300331,Steven Alexander,collinsterrance@example.com,india,Online,12-27-2022
300332,Holly Austin,woodskaitlyn@example.net,Japan,Online,22-04-2021
300333,Carlos Dunlap,donnapaul@example.net,United Kingdom,Wholesale,24-08-2021
300334,Ashley Perez,jessicaturner@example.net,France,Retail,07-09-2022
300335,Kelly Ray,kathleen25@example.com,Vietnam,Corporate,14-07-2025
300336,Noah Rosales,ywelch@example.org,Canada,Wholesale,16-07-2022
300337,Mark Conley,fernandomorris@example.net,United States,Wholesale,24-07-2025
300338,Chelsea Kane,nhayes@example.com,Mexico,Online,25-01-2023
300339,Autumn Ramirez,matthew24@example.com,IND,Retail,09-10-2023
300340,Mr. Matthew Barnett,kathryn41@example.com,Japan,Corporate,12-09-2024
300341,Joshua Davis,hgreer@example.net,United States,Online,18-10-2022
300342,Gregory Chavez,burchteresa@example.org,Canada,Corporate,24-03-2024
300343,Yvette Lee,kimberlygonzalez@example.net,Vietnam,Corporate,26-08-2022
300344,Brittany Heath,mcbridemichael@example.org,Australia,,08-06-2022
300345,Carol Moore DDS,meganpotter@example.org,Japan,Corporate,18-02-2024
300346,Jessica Harris,haleystacy@example.com,Australia,Corporate,15-05-2023
300347,Jennifer Woods,derek40@example.org,India,Wholesale,12-08-2022
300348,Emily Leblanc,brownrobert@example.org,Vietnam,Retail,02-12-2021
300349,William Bray,petermoore@example.com,Vietnam,Online,01-26-2023
300350,Ruben Jones,donald61@example.net,Vietnam,Online,14-08-2022
300351,Brittany Ramos,kathleen01@example.net,Mexico,Corporate,12-05-2024
300352,Mark Ruiz,,UK,Online,22-03-2022
300353,Benjamin Werner,nancy06@example.com,India,Corporate,05-18-2024
300354,Kevin Walter,oblake@example.net,Australia,Wholesale,25-03-2021
300355,Miss Linda Cox DVM,bcopeland@example.com,Canada,Online,07-03-2021
300356,Randy Kirby,rebecca85@example.com,Germany,Retail,12-12-2020
300357,Howard Smith,fsanchez@example.org,United Kingdom,Wholesale,31-12-2023
300358,Ashley Norman,kcastro@example.com,Japan,Online,15-08-2023
300359,Mary Williams,garzalaura@example.org,India,Wholesale,12-09-2023
300360,Phillip Ward,tochoa@example.net,Vietnam,Wholesale,18-07-2023
300361,Jessica Murray,bentleylisa@example.net,United Kingdom,Online,11-Nov-20
300362,Terry Robinson,andrewbautista@example.org,France,Online,05-21-2024
300363,Allen Bryant,michael55@example.org,Vietnam,Online,15-02-2022
300364,Erika Lyons,kayla23@example.net,Vietnam,Retail,18-01-2022
300365,Erica Morales,kimberly27@example.org,Japan,Wholesale,07-08-2024
300366,Natalie Huff,leslietorres@example.net,China,Retail,02-05-2022
300367,Marc Fowler,tharris@example.com,China,,12-02-2021
300368,Stephanie Fischer,marcusrodriguez@example.net,Brazil,Wholesale,02-06-2022
300369,Maria Phillips,raymonddominguez@example.org,Germany,Retail,21-03-2022
300370,Suzanne Alvarado,dustin58@example.com,Brazil,,17-02-2021
300371,Ashley Blanchard,christina15@example.org,India,Retail,25-08-2022
300372,Joshua Contreras,anthony33@example.org,U.K.,Corporate,17-11-2022
300373,Robert Thomas,john09@example.com,United Kingdom,Retail,14-01-2025
300374,Juan Carroll,hlopez@example.net,Japan,,08-11-2024
300375,Stephanie Hughes,jasmine54@example.com,Canada,Online,30-08-2022
300376,Taylor Flores,chase25@example.net,Brazil,Corporate,08-07-2022
300377,Betty Pollard,gnichols@example.net,Australia,Corporate,24-11-2021
300378,Michael Bray,stevenandrews@example.org,IND,Online,21-10-2021
300379,Kevin Brown,andrewwest@example.net,China,Online,19-12-2022
300380,Sean Hernandez,cameron49@example.com,Brazil,Online,14-12-2020
300381,Michelle Henry,valerielewis@example.com,China,Wholesale,26-05-2025
300382,Elizabeth Hall,ithomas@example.net,United Kingdom,Corporate,19-03-2022
300383,Tricia Brown,,United States,,07-08-2023
300384,Morgan Wright,maryjohnson@example.com,Germany,Retail,25-04-2023
300385,Brandon Powell,yballard@example.net,United Kingdom,Retail,22-04-2024
300386,Catherine Collins,jasminekoch@example.com,Japan,,14-01-2023
300387,Curtis Bell,morgankaren@example.net,Canada,Retail,12-02-2021
300388,Amy Hawkins,cody08@example.org,Canada,Corporate,14-12-2021
300389,Alexander Stein,michele23@example.net,Mexico,Corporate,08-09-2020
300390,Daniel Reed,carolberry@example.com,Germany,Corporate,08-10-2023
300391,Cassandra Hernandez,cjohnson@example.net,France,Retail,12-03-2024
300392,Barbara Villa,daniel29@example.net,China,Retail,07-02-2025
300393,Corey Moore,sharon86@example.com,India,Retail,02-07-2021
300394,Ana Sanchez,johnroth@example.org,UK,Retail,20-05-2025
300395,Anthony Haas,qcochran@example.net,United States,,19-08-2024
300396,Sarah Davis,rhonda99@example.net,Japan,Corporate,08-06-2024
300397,Joshua Harris,derek34@example.net,Japan,Retail,29-04-2023
300398,Bradley Johnson,morristimothy@example.com,India,Online,18-10-2022
300399,Patricia Townsend DDS,lopezchristopher@example.net,Canada,Corporate,12-03-2022
300400,Carrie Edwards,fergusonbrandon@example.com,United States,Corporate,27-05-2024
300401,Joshua Colon,hrodgers@example.org,Germany,Wholesale,03-08-2022
300402,Amanda Lewis,ododson@example.net,Vietnam,Retail,17-03-2023
300403,Kathleen Duncan,williamspatrick@example.net,Japan,Wholesale,07-04-2022
300404,Tanner Keller,tracey63@example.com,India,Online,31-03-2021
300405,Christopher George,nicole69@example.net,Australia,Wholesale,02-04-2025
300406,Christine Johns,robert06@example.com,United Kingdom,Retail,25-12-2024
300407,Chelsey Maxwell,carol60@example.net,Canada,Wholesale,20-07-2022
300408,Michael Jones,wilsonrachel@example.com,Germany,Wholesale,01-07-2024
300409,Carol Singh,smitchell@example.com,China,Corporate,30-12-2020
300410,Philip Foster,stephaniepeters@example.com,Mexico,Wholesale,10-Dec-24
300411,Amanda Mendoza,perezmarissa@example.org,United States,Online,01-09-2021
300412,Andrea Graham,samuel27@example.net,Japan,Retail,30-Jan-21
300413,Kathy Villegas,jennywilliams@example.org,Australia,Wholesale,05-07-2024
300414,Trevor Weeks,steven06@example.com,India,Corporate,29-05-2025
300415,Arthur White,matthewgriffith@example.org,Mexico,Corporate,06-06-2021
300416,David Rice,douglasbrandt@example.org,India,Wholesale,08-01-2025
300417,Joseph Smith,jennifermorris@example.org,U.K.,Retail,22-03-2021
300418,David James,cervanteskayla@example.org,United states,Corporate,20-05-2021
300419,Amanda Gardner,banksrenee@example.net,Australia,Wholesale,12-12-2024
300420,Luis Cole,feliciasalazar@example.com,Brazil,Online,21-Nov-23
300421,Karen Roach,xherrera@example.org,U.S.A.,Wholesale,25-07-2025
300422,Carrie Coffey,nicole50@example.com,Australia,Online,21-05-2021
300423,Joe Page,vanessamartinez@example.net,India,Retail,09-09-2024
300424,Jennifer Butler,ywallace@example.com,India,Online,06-06-2022
300425,James Cummings,johnmarquez@example.net,Germany,Wholesale,25-06-2022
300426,Mary Montgomery,wkelley@example.com,Australia,Corporate,21-Aug-21
300427,James Harrison,xevans@example.net,United Kingdom,Wholesale,16-07-2022
300428,George Wu,bgiles@example.org,Vietnam,Corporate,22-09-2022
300429,Daniel Bradley,joshuareese@example.net,IND,Retail,19-May-25
300430,Laura Owen,robertmcdonald@example.net,India,,05-07-2024
300431,Emily Fitzpatrick,,India,Corporate,26-04-2021
300432,Sheila Rivera,edwardsrachel@example.org,Australia,Wholesale,09-10-2020
300433,Elizabeth Jones,brandy77@example.com,Brazil,Retail,19-05-2024
300434,Brian Hoffman,frankwilson@example.net,Vietnam,Retail,03-07-2024
300435,Lori Graves,hannah31@example.net,england,Wholesale,18-09-2022
300436,Anne Williams,ekennedy@example.org,Australia,Wholesale,05-23-2025
300437,Victoria Cox,lrichards@example.com,United States,Online,01-07-2024
300438,Theresa Knight,vanessa51@example.org,France,Retail,18-02-2025
300439,James Hernandez,suzanneflores@example.net,United States,Online,04-May-21
300440,Heather Terrell,lsmith@example.com,england,Online,08-17-2024
300441,David Palmer,burnsrebecca@example.org,Canada,Online,15-08-2025
300442,Deborah Ferrell,billy71@example.com,United States,Wholesale,29-Nov-23
300443,William Weber,turnerjames@example.com,France,Wholesale,03-06-2023
300444,Michael Terry,michael86@example.com,China,,25-07-2022
300445,Gregory Green,tracyadams@example.com,Mexico,Retail,14-03-2024
300446,Melvin Flores,johnsondavid@example.org,United States,Online,04-04-2025
300447,Austin Armstrong,kimberlyshields@example.org,United Kingdom,Wholesale,17-11-2021
300448,Glenda Stout,mooreconnie@example.com,Vietnam,,12-04-2024
300449,Maurice Salazar,padillajames@example.net,United States,,27-10-2023
300450,Nathan Davis,omoody@example.org,Japan,Corporate,18-04-2025
300451,Frank Moreno,troth@example.com,China,Online,30-11-2020
300452,Dwayne Lowe,ramoswilliam@example.org,Brazil,Corporate,10-09-2023
300453,Charles Weaver,hollywarner@example.org,China,Retail,07-18-2021
300454,Nicole Perez,lreid@example.com,United states,,09-08-2021
300455,Donna Simmons,,United States,Corporate,03-09-2023
300456,Diana Martin,brownmax@example.net,France,Retail,12-02-2025
300457,Jessica Craig,vsmith@example.net,United States,Online,19-12-2020
300458,Sydney Ward,carrolljessica@example.com,United States,Online,08-02-2021
300459,Karen Porter,vedwards@example.org,Germany,Retail,02-12-2022
300460,Michael Ortiz,ynguyen@example.com,Germany,Online,21-10-2021
300461,Jodi Thomas,bbarnes@example.org,China,Wholesale,25-12-2022
300462,Seth Hernandez,alexis22@example.net,Mexico,Retail,09-08-2024
300463,Alan Kennedy,matthew07@example.com,Canada,Online,24-05-2025
300464,Sarah Ramirez,tommycummings@example.com,Australia,Retail,16-06-2021
300465,Katherine Wade,suzanne15@example.net,Brazil,Wholesale,03-11-2022
300466,David Harding,robertsmith@example.com,Japan,Corporate,18-01-2023
300467,Eric Montgomery,georgealyssa@example.com,IND,,28-10-2023
300468,Sharon Wood,cbrown@example.com,Japan,,04-15-2024
300469,Gabriel Hall,cynthia74@example.net,France,Online,01-10-2022
300470,Melissa Winters,,United Kingdom,,15-05-2022
300471,Robert Burns,uzamora@example.net,United Kingdom,,18-08-2023
300472,Charles Morris,uford@example.com,Germany,Retail,25-01-2025
300473,Corey Carrillo,michaelstrickland@example.com,Mexico,Online,31-12-2020
300474,Erin Summers,yhoffman@example.com,Vietnam,Retail,24-11-2021
300475,Mr. Stephen Gonzalez,susanharper@example.org,China,Retail,12-06-2025
300476,Stephen Mills,john66@example.net,Australia,Corporate,21-02-2022
300477,Dean Thomas,johnsondawn@example.com,Japan,Retail,03-Oct-24
300478,Theodore Hernandez,mpeters@example.com,France,Online,21-Jan-21
300479,Donald Hill,lmitchell@example.org,india,Corporate,15-06-2024
300480,Anthony Nguyen,uwood@example.net,Germany,Corporate,04-12-2022
300481,Jeffrey Nguyen,markhuff@example.org,United Kingdom,Retail,07-16-2022
300482,Peter Williams,sharpjennifer@example.com,France,Wholesale,19-Nov-23
300483,Christian Mills,,Japan,Wholesale,25-Dec-20
300484,Paul Vasquez,,India,Online,10-05-2022
300485,Ann Clark,dariuspruitt@example.com,Vietnam,Corporate,20-02-2024
300486,Michael Johnson,timothywilliams@example.org,United Kingdom,Online,20-10-2021
300487,Brenda Flores,qavila@example.com,United Kingdom,Online,31-05-2025
300488,Katherine Caldwell,cpierce@example.org,United Kingdom,Online,05-10-2020
300489,Kevin Smith,perkinsmicheal@example.org,Germany,Online,12-08-2023
300490,Adam Burton,,India,Retail,26-08-2022
300491,Lawrence Cook,rachael61@example.net,Vietnam,,18-06-2021
300492,Larry Curtis,hharris@example.org,France,Online,03-02-2022
300493,Timothy Harris,marissa39@example.com,Vietnam,Wholesale,08-08-2022
300494,Mark Knight,jay04@example.org,Australia,Wholesale,21-06-2022
300495,Geoffrey Porter,dcortez@example.com,Canada,Corporate,30-09-2021
300496,John Hoffman,laura31@example.net,Japan,Retail,03-09-2023
300497,Andre Williams,arroyosarah@example.com,Germany,Retail,14-03-2021
300498,Tonya Davis,jason36@example.net,Brazil,Corporate,21-11-2022
300499,Jason Johnson,roachkevin@example.com,India,Wholesale,17-01-2025
300500,Victoria Rocha,calhounjulie@example.net,United Kingdom,Corporate,13-12-2022
300501,Tara Thompson,millerjimmy@example.net,France,Online,17-08-2024
300502,Alexander Hart,simoneric@example.org,Canada,Online,20-02-2024
300503,Andrew Reynolds,agutierrez@example.net,China,Online,26-Aug-22
300504,Tina Walter,,Canada,Corporate,02-24-2025
300505,Chelsea Norris,forbesbradley@example.net,Germany,Wholesale,08-01-2024
300506,Tristan Freeman,jennifernewton@example.com,France,Wholesale,03-11-2024
300507,Joy Kennedy,nathanielwinters@example.net,India,Wholesale,26-06-2022
300508,Nicholas Reed,bettywatson@example.com,Japan,Retail,03-06-2023
300509,Michael Preston,bward@example.org,United Kingdom,Retail,02-07-2024
300510,Faith Howard,ihayes@example.net,Mexico,Wholesale,04-09-2023
300511,Jonathan Heath,carolfernandez@example.net,Mexico,Wholesale,26-06-2021
300512,Brenda Velasquez,makaylasanders@example.com,United States,Retail,18-06-2021
300513,Kimberly Stone DDS,sarah23@example.net,Canada,,25-01-2025
300514,Bruce Dennis,amy68@example.net,United States,Online,19-03-2024
300515,Gregory Russell,perezdawn@example.org,China,Retail,05-10-2024
300516,Chelsea Smith,simpsonruth@example.net,Germany,Corporate,01-11-2024
300517,Jared Bryan,lynnjames@example.org,Mexico,Retail,31-05-2025
300518,Cody Parsons,jonesshaun@example.org,China,Retail,26-10-2020
300519,Jamie Wolfe,matthew53@example.com,Mexico,,10-10-2022
300520,Karen Mendez,sheltontiffany@example.com,India,Corporate,22-10-2022
300521,Michael Callahan,xmullins@example.org,Germany,Corporate,06-04-2022
300522,Shirley Avery,yvang@example.org,Canada,Wholesale,11-10-2022
300523,Angie King,millerjennifer@example.net,Mexico,Corporate,24-06-2025
300524,James Rogers,tjohnson@example.net,Australia,Retail,27-10-2023
300525,Claire Jenkins,suttonbrittney@example.net,Brazil,Retail,20-07-2024
300526,Jill Shaw,khill@example.com,Vietnam,Corporate,26-07-2024
300527,Misty King,wolfetravis@example.com,France,Retail,02-09-2024
300528,Dylan Rivera,mcdanieltanya@example.org,United Kingdom,Wholesale,17-02-2022
300529,Mr. Reginald Roman,kelseywilliams@example.org,Canada,Wholesale,29-08-2021
300530,Lauren Snyder,hstokes@example.org,Mexico,Retail,12-10-2021
300531,William Jacobs,kimmichael@example.net,Brazil,Corporate,27-06-2021
300532,Stephanie Richardson,,Australia,Online,25-10-2022
300533,Austin Baker,thomas83@example.org,Australia,Retail,14-06-2023
300534,Kelly Ortega,ikeller@example.com,France,Online,08-04-2021
300535,Wesley Douglas,cwilson@example.org,Canada,Corporate,14-06-2023
300536,Paul Myers,,France,Retail,04-09-2021
300537,Alexa Beard,luissanchez@example.com,Brazil,Online,29-12-2023
300538,John Mendoza,thompsonangela@example.net,Canada,Corporate,02-09-2024
300539,Brianna Martinez,michellejones@example.net,Brazil,Wholesale,16-05-2023
300540,Christopher Sims,xfranco@example.org,United States,Online,12-08-2025
300541,Paul Williams,kimberly03@example.net,France,Wholesale,20-10-2024
300542,Jerry Huff,kaitlynanderson@example.net,China,,18-04-2024
300543,Jennifer Wiggins,johnboyd@example.com,Australia,Retail,30-May-25
300544,Andre Jones,bushkimberly@example.net,India,Corporate,12-07-2024
300545,Douglas Santos,kevin89@example.com,Mexico,Online,11-11-2020
300546,Julie Freeman,taylordavis@example.com,Australia,,05-04-2025
300547,Lisa Brown,sarah49@example.net,Mexico,Retail,16-07-2025
300548,Erika Allen,michaeltorres@example.com,Canada,Online,21-10-2021
300549,Dennis Coleman,kaylazamora@example.org,France,Retail,03-04-2023
300550,Cheryl Parks,james79@example.net,United states,Corporate,03-09-2024
300551,Sherri Little,carlyschultz@example.com,Canada,Retail,07-13-2021
300552,Kathleen Sanchez,klove@example.com,United States,Wholesale,31-07-2021
300553,Larry King,zli@example.org,China,Corporate,09-05-2023
300554,Dawn Simpson,william63@example.com,U.S.A.,Corporate,30-12-2020
300555,William Larson,ukim@example.org,Mexico,Corporate,02-12-2020
300556,Philip Gamble,boonejoshua@example.net,Japan,Wholesale,13-05-2021
300557,Brendan Paul,qharris@example.net,Canada,Wholesale,05-05-2023
300558,William Ball,russell33@example.net,China,Online,18-Dec-20
300559,Tanya Gomez,edwardspencer@example.com,Vietnam,Corporate,07-09-2023
300560,Vincent Reyes,bestchristopher@example.net,Germany,,23-06-2024
300561,Rhonda Martinez,meganwalker@example.com,Mexico,Online,26-09-2023
300562,Tabitha Ramirez,allenkyle@example.net,Mexico,Corporate,18-09-2023
300563,Jill Hall,ortizsean@example.org,United Kingdom,Corporate,19-12-2024
300564,Lucas James,jamie76@example.net,China,Wholesale,11-05-2024
300565,Jordan Hughes,,Canada,Wholesale,18-05-2022
300566,Melissa Gray,uclark@example.com,Brazil,Retail,07-03-2024
300567,Earl Hall,ryu@example.net,France,Retail,09-09-2022
300568,Jodi Mcbride,xarmstrong@example.com,DE,Wholesale,19-11-2021
300569,Jeremy Coleman,oscott@example.com,India,Wholesale,07-10-2020
300570,Karen Jackson DVM,,Mexico,Retail,01-07-2022
300571,Michael Moore,wrightalicia@example.com,France,Online,26-11-2020
300572,Scott Ramirez,jeremycollins@example.net,France,Wholesale,06-12-2022
300573,Lisa Armstrong,keithharrison@example.com,Vietnam,Online,30-12-2020
300574,Robert Gonzalez,,Canada,Online,20-02-2025
300575,Kristen Wood,ericfrederick@example.org,Australia,Retail,05-02-2023
300576,Christopher Nelson,masonpatricia@example.com,Australia,Corporate,06-08-2024
300577,Christopher Anderson,audrey47@example.org,China,Corporate,04-05-2021
300578,Michelle Martin,jonesnicholas@example.org,France,Wholesale,09-12-2022
300579,Katherine Webster,doneal@example.net,Australia,,06-02-2022
300580,Larry Higgins,hwalton@example.com,Australia,Corporate,19-May-25
300581,Beth Johnson,greenemichael@example.com,China,Retail,01-07-2021
300582,Janet Evans,edwardsjames@example.org,Australia,Corporate,29-03-2021
300583,Nicole Cole,deborahturner@example.org,India,Wholesale,28-09-2021
300584,Stephanie King,dowens@example.com,Germany,Retail,17-05-2021
300585,Jason Williams,pennylivingston@example.com,Japan,,28-01-2025
300586,Theodore Eaton,smiller@example.com,Australia,Wholesale,14-07-2022
300587,Amanda Jarvis,vjones@example.org,United States,Wholesale,08-10-2024
300588,Alexandra Garcia,,UK,Retail,20-Mar-22
300589,Jamie Lindsey,ureed@example.com,France,Retail,09-04-2023
300590,Laurie Stephenson,ghamilton@example.org,Vietnam,Corporate,03-07-2022
300591,Nicole Hunter,sarahgray@example.net,Canada,,30-12-2023
300592,Madison Thomas,christopherreyes@example.com,UK,Online,27-03-2024
300593,Adam Anderson,ahudson@example.org,Vietnam,Retail,07-10-2021
300594,Wanda Clark,martinbenjamin@example.net,Canada,Wholesale,19-10-2022
300595,John Zavala,qwilson@example.com,Australia,Retail,29-01-2023
300596,Nicholas Watson,qsosa@example.net,United States,Wholesale,09-21-2024
300597,Robin Rivera,alison98@example.net,Mexico,Corporate,16-06-2023
300598,Stephanie Perez,hamiltonjoseph@example.net,Mexico,,22-01-2022
300599,Wendy Williams,laurie41@example.org,France,Retail,02-Mar-22
300600,Colleen Blanchard,gstein@example.net,China,Retail,10-06-2023
300601,Patrick Barnes,kerry32@example.net,Germany,,18-05-2023
300602,Andrea Edwards,grahamlisa@example.org,France,Online,26-01-2023
300603,Felicia Wood,joe76@example.net,Canada,Online,26-09-2022
300604,David Sanchez,matthewharper@example.net,France,Wholesale,25-09-2021
300605,Bradley Hogan,hernandezroy@example.org,Canada,Corporate,20-Jul-22
300606,Melissa Hernandez,smithgregory@example.org,Canada,Corporate,03-05-2025
300607,Meghan Hull,elizabeth10@example.org,Vietnam,Corporate,14-02-2022
300608,Andrew Aguilar,mendezlori@example.org,Vietnam,Retail,16-02-2025
300609,Samantha Henry,brittney98@example.org,Australia,Online,11-08-2024
300610,Austin Obrien,eric81@example.com,Japan,Retail,27-10-2024
300611,Amanda Phelps,heatherpatrick@example.com,United States,Online,12-09-2023
300612,Matthew Briggs,proman@example.com,Canada,Wholesale,03-06-2025
300613,Joel Warner,millerbriana@example.org,United Kingdom,,30-12-2023
300614,Mrs. Miranda Campbell MD,beth76@example.com,Brazil,Retail,27-05-2021
300615,Terri Arnold,sharon37@example.net,Canada,Retail,11-04-2021
300616,Corey Jones,randalllinda@example.com,Mexico,,31-10-2020
300617,Mr. James Fletcher MD,lisamcgee@example.net,France,Retail,06-08-2021
300618,Thomas Knight,adrianlogan@example.com,Australia,Corporate,11-10-2022
300619,Dr. Charles Henson,williamsimpson@example.com,IND,Online,29-09-2022
300620,Jennifer Townsend,jennifer95@example.com,United States,Online,14-03-2025
300621,Dr. Jonathan Clark,erin84@example.net,IND,Online,04-09-2020
300622,Leslie House,ryandodson@example.org,United States,Wholesale,14-08-2022
300623,Kimberly Ryan,vwilliams@example.org,Brazil,Retail,09-12-2022
300624,Rebecca Wells,,Mexico,,13-09-2022
300625,Kevin Cole,patricia03@example.net,Mexico,Corporate,26-10-2021
300626,Derek Schmidt,,India,Corporate,09-03-2025
300627,Tyler Lang,amanda86@example.org,Canada,Online,25-08-2022
300628,Rebecca Bowman,kayla07@example.net,Vietnam,Wholesale,03-05-2023
300629,Donna Wilson,saraprice@example.net,germany,,24-09-2021
300630,Christina Cohen,murphyjohn@example.com,Brazil,,04-23-2022
300631,Paul Scott,emily62@example.com,Vietnam,Retail,10-07-2020
300632,Brent Huynh,whitney81@example.org,Australia,Corporate,07-09-2021
300633,Sarah Smith,camerontownsend@example.com,Vietnam,,30-07-2025
300634,Jerry Martinez,edixon@example.net,United States,Corporate,28-06-2025
300635,Heather Davis,paullopez@example.com,United States,Online,26-09-2023
300636,Lisa Montes,,Japan,Retail,16-04-2024
300637,Kimberly Mendoza,anthony66@example.org,China,Online,19-06-2021
300638,Jennifer Jackson,vayala@example.net,Vietnam,Corporate,13-09-2024
300639,Cristina Sandoval DVM,dgrant@example.com,Germany,Wholesale,31-12-2020
300640,Steven Johnson,adamkelly@example.net,Japan,Corporate,11-04-2022
300641,Jennifer Monroe,michelle12@example.org,Australia,Wholesale,02-05-2025
300642,Audrey Taylor,jspencer@example.net,China,Retail,21-08-2023
300643,Robert Hartman,john86@example.com,U.K.,,21-06-2024
300644,Todd Ortega,heathercabrera@example.org,Australia,Wholesale,11-10-2020
300645,Vicki Hester,charles44@example.com,Mexico,Online,25-01-2022
300646,Mrs. Michelle Kane,coxcody@example.com,Germany,Corporate,11-10-2020
300647,Caleb Ray,halljoshua@example.net,China,Corporate,03-Jul-24
300648,Angela Marquez,rebecca41@example.com,Australia,Online,09-06-2024
300649,Thomas Fisher,joseph02@example.org,Canada,Online,04-06-2024
300650,April Vance,harrisonmichael@example.net,Germany,Online,19-02-2021
300651,Todd Jacobson,christopherjackson@example.net,United States,,14-03-2021
300652,Ashley Burnett,trobinson@example.org,Mexico,,03-04-2025
300653,Sharon Hicks,hsmith@example.com,Brazil,,06-07-2021
300654,Sarah Vasquez,brianclark@example.net,Australia,Retail,20-07-2023
300655,Eileen Taylor,sbartlett@example.com,Brazil,Online,10-Aug-22
300656,Belinda Fisher,hsmith@example.com,China,Retail,28-11-2021
300657,Melissa Ray,coffeyjohn@example.net,United Kingdom,Corporate,14-08-2023
300658,Dr. Monique Sutton MD,joshuarodriguez@example.org,China,Corporate,12-11-2020
300659,Sandra Smith,,Mexico,Retail,04-12-2023
300660,Sheila Nguyen,hgray@example.net,Germany,Online,14-04-2024
300661,Shannon Thomas,qgomez@example.net,India,Wholesale,01-15-2022
300662,Donald Williams Jr.,ymoore@example.org,Australia,Retail,17-Nov-21
300663,Christina Rodriguez,donald42@example.com,Mexico,Retail,28-05-2024
300664,Phillip Brown,pbailey@example.org,Mexico,Online,05-07-2024
300665,Desiree Woods,enelson@example.org,Vietnam,Corporate,29-11-2022
300666,Richard Brewer,jrobinson@example.net,United States,,09-11-2022
300667,Derek Wood,hannah48@example.com,Japan,Wholesale,16-11-2023
300668,Keith Dyer,rachelking@example.org,Brazil,Online,24-05-2024
300669,Kristi Austin,courtneymadden@example.org,Vietnam,Retail,14-Jun-24
300670,Randy Carrillo,abradley@example.com,Vietnam,Online,30-05-2021
300671,Eric Duran,,Mexico,Retail,08-19-2021
300672,Toni Cunningham,cody79@example.org,United States,Online,10-23-2023
300673,Scott Kelly,amandasnyder@example.com,United Kingdom,Online,11-02-2025
300674,Billy Cunningham,jessedelacruz@example.org,India,Wholesale,14-06-2025
300675,Nancy Garcia,ohiggins@example.net,Brazil,Online,31-12-2022
300676,Andrew Smith,,France,Retail,26-09-2021
300677,Daniel Peterson,cheryldavis@example.com,France,Retail,10-Aug-23
300678,Lori Hodges,alvarezjoshua@example.org,Japan,Wholesale,14-08-2024
300679,Abigail Wilkinson,lauraclay@example.org,Mexico,Wholesale,14-12-2023
300680,Tammy Ramirez,whorton@example.com,China,Online,08-02-2021
300681,Patrick Hooper,,France,Corporate,12-06-2023
300682,Christopher Wilcox,davidmurray@example.net,Brazil,Wholesale,11-01-2021
300683,Amanda Swanson,michaelsherman@example.com,United Kingdom,Online,29-11-2022
300684,Michael Bass,thomassmith@example.com,india,Wholesale,02-11-2024
300685,Ryan Fisher,duranjason@example.org,Vietnam,Wholesale,03-11-2020
300686,Michael Martin,olivia29@example.net,Brazil,Retail,27-09-2022
300687,Jerry Jackson,qramirez@example.net,Vietnam,Corporate,20-12-2023
300688,Patricia Smith,,DE,Corporate,26-09-2021
300689,Kevin Hogan,rachelhall@example.net,India,Corporate,27-12-2022
300690,Kristin Foster,brianwhite@example.org,India,,02-05-2023
300691,Anthony Garrison,allenandrea@example.com,Japan,Corporate,28-08-2024
300692,Dean Dunn,bradleyhenry@example.org,IND,Corporate,16-04-2023
300693,Melissa Davis,colleenjones@example.net,Germany,Wholesale,13-05-2021
300694,Philip Murray,victoria50@example.org,India,Wholesale,01-Nov-23
300695,Patricia Vazquez,millerfrederick@example.net,United States,Corporate,06-28-2024
300696,Angela Lee,gonzalespatricia@example.net,Germany,Wholesale,14-09-2024
300697,Nicole Jacobs,vanessaedwards@example.net,Australia,Wholesale,10-07-2022
300698,Maria Goodwin,erik82@example.net,Japan,Online,29-03-2021
300699,Donna Boyd,hernandezmadison@example.com,United Kingdom,Online,03-01-2024
300700,Emily Harrison,cmcdonald@example.net,Mexico,Online,04-03-2023
300701,Stacey Gray,christopher84@example.net,Japan,Retail,28-11-2020
300702,Bryce Gutierrez,william55@example.net,Mexico,,31-05-2021
300703,Christopher Ray,tranbenjamin@example.com,Germany,Wholesale,28-Nov-20
300704,Jason Chase,ymontgomery@example.org,India,Wholesale,05-12-2020
300705,Tiffany Chase,davidbrown@example.org,China,Retail,11-07-2024
300706,Dawn Rice,greenjessica@example.net,Mexico,Wholesale,21-04-2025
300707,Kathleen Galvan,nicholasgallagher@example.net,Australia,Wholesale,21-07-2021
300708,David Nunez,heathermontgomery@example.com,Germany,,11-26-2023
300709,Maria Estrada,rickey20@example.org,China,Wholesale,17-04-2024
300710,Bianca Bowen,tlewis@example.com,Mexico,Corporate,22-01-2025
300711,Samantha Carter,wmoore@example.com,Australia,Wholesale,28-01-2021
300712,Amanda Powell,jenniferwood@example.net,Mexico,Retail,14-06-2024
300713,Tyler Pruitt,barnettterry@example.com,China,Wholesale,30-01-2024
300714,Dylan Johnston,ingramjessica@example.com,Mexico,Online,20-09-2022
300715,Kelly Greer,martin27@example.net,UK,,14-11-2021
300716,Michael Johnson,kaiserkelly@example.org,United Kingdom,Corporate,27-10-2024
300717,Phillip Kelly,brenda16@example.net,Vietnam,Retail,31-03-2025
300718,Brian Davis,ufox@example.org,Germany,Corporate,10-10-2021
300719,Christina Watkins,travistaylor@example.net,United Kingdom,Retail,22-05-2023
300720,Stephen Bond,hubersamantha@example.net,Australia,,12-04-2022
300721,Vernon Esparza Jr.,umaxwell@example.net,Mexico,,21-06-2024
300722,Cody Hoover,willismatthew@example.com,United States,Wholesale,14-02-2025
300723,Kyle Glass,haleycook@example.net,Mexico,Online,23-Mar-21
300724,Drew Werner,hornerebecca@example.org,India,Wholesale,06-03-2024
300725,Jenna Lynch,dennis01@example.com,United States,Online,28-01-2025
300726,Shelby Fowler,daniel43@example.org,France,Retail,07-09-2023
300727,Ryan Willis,ulee@example.org,IND,Online,25-08-2022
300728,Katie Jones,vhill@example.com,China,Online,16-05-2025
300729,Andrew Reese,,France,Wholesale,18-01-2021
300730,Alex Conner,travisfoster@example.com,Germany,Online,17-Nov-20
300731,Kelly Davis,ronaldbradford@example.org,Germany,Corporate,30-06-2025
300732,Amy Dyer,peter91@example.org,China,Online,20-05-2025
300733,Angel Bentley,corythompson@example.org,India,Online,06-08-2022
300734,Anthony Jordan,ryanrodriguez@example.net,Vietnam,Retail,07-12-2021
300735,Justin Barrera,traceyguerra@example.com,Australia,Retail,25-11-2024
300736,David Kemp,leontracie@example.org,India,Retail,30-05-2024
300737,Scott Durham,ricklewis@example.net,France,Wholesale,18-05-2022
300738,Amy Estrada,bvazquez@example.net,India,Online,15-07-2022
300739,Wendy Carpenter,prattjustin@example.org,India,Online,10-10-2024
300740,Jody Scott,richardharper@example.net,China,Retail,04-05-2025
300741,Pamela Armstrong,qkane@example.com,United Kingdom,Corporate,14-10-2023
300742,Olivia Reese,hdavis@example.com,Mexico,Corporate,25-10-2024
300743,Lauren Walsh,dylancunningham@example.com,Mexico,Online,23-05-2021
300744,Emily Montgomery,stephaniezamora@example.org,France,Online,08-10-2020
300745,Sabrina Phillips,kimberlyjordan@example.net,Vietnam,Wholesale,03-08-2021
300746,Jennifer Lyons,omoore@example.org,Brazil,Online,19-06-2023
300747,Steven May,karacollins@example.net,Australia,Corporate,13-12-2022
300748,Erika Bates,debra82@example.net,Germany,Wholesale,21-10-2021
300749,Sara Pollard,merrittsusan@example.net,Canada,Retail,24-02-2025
300750,Michael Bishop,anthony26@example.net,Australia,Online,03-04-2021
300751,Bridget Guerrero,bowerspatrick@example.com,India,Online,24-06-2024
300752,Tammy Robinson,gstokes@example.net,France,Corporate,22-05-2022
300753,Pamela Aguirre,,China,Online,25-10-2024
300754,Chase Matthews,melissa40@example.org,england,Online,07-20-2024
300755,Paul Smith,yburke@example.org,Australia,Wholesale,29-10-2024
300756,William Hughes,charlesbarnett@example.net,China,Online,28-08-2025
300757,Sarah Williams,brooksbrian@example.net,Japan,Wholesale,04-05-2022
300758,Lawrence Hodge,brian62@example.net,United Kingdom,Retail,22-01-2022
300759,Tiffany May,brentrichardson@example.net,Canada,Wholesale,10-04-2023
300760,Jon Ramos,peter07@example.org,Mexico,Retail,23-01-2022
300761,Jennifer Anderson,melvinpeters@example.org,Brazil,Online,17-04-2024
300762,Mario Wells MD,hendrixariana@example.net,Mexico,Corporate,23-05-2024
300763,Alison Zuniga,carlos33@example.org,Japan,Corporate,30-Dec-20
300764,Casey Velazquez,jennifer23@example.com,India,Retail,07-12-2022
300765,John Ho,ksmith@example.net,Brazil,Wholesale,30-03-2025
300766,April Rodriguez,gyoung@example.net,Japan,Corporate,04-03-2021
300767,Joshua Bray,nmartinez@example.com,Germany,Retail,03-04-2022
300768,Elizabeth Baker,,Vietnam,Wholesale,13-01-2021
300769,James Dixon,reynoldsjustin@example.org,U.K.,Retail,12-04-2022
300770,David Garcia,jferguson@example.com,Vietnam,Wholesale,05-11-2021
300771,Mr. Thomas Jones PhD,humphreypatricia@example.net,Vietnam,Wholesale,14-05-2024
300772,Mark Green,ijackson@example.com,Germany,Retail,07-05-2023
300773,Nicholas Obrien II,odelacruz@example.net,France,Retail,03-05-2024
300774,Jose Stephens,ricky53@example.net,USA,Online,17-11-2021
300775,Allison Floyd,hpowell@example.com,France,Retail,31-05-2024
300776,Scott Crawford,zholmes@example.org,Mexico,Corporate,21-01-2023
300777,Phillip Bennett,christopherpittman@example.org,Mexico,Online,18-12-2024
300778,Michael Miller,qshelton@example.com,Vietnam,Wholesale,13-10-2021
300779,William Giles,richard21@example.net,Japan,Wholesale,27-09-2020
300780,Angel Duncan,ashley79@example.org,india,Wholesale,03-12-2023
300781,Melanie Young,krista02@example.org,Germany,,15-06-2023
300782,Gary Johnson,,France,,15-Feb-25
300783,Katie Carter,,India,Retail,28-08-2023
300784,Andrea Miller,shannon88@example.com,Germany,,18-09-2023
300785,Amanda Pena,kellyharold@example.net,United Kingdom,Wholesale,23-06-2025
300786,Craig Hammond,anthonygilbert@example.com,Canada,Wholesale,03-09-2022
300787,Lucas Ball,isimpson@example.com,Japan,Corporate,26-07-2022
300788,Marcus Herman,jhiggins@example.org,Canada,Corporate,03-08-2022
300789,Kathleen Brady,erin06@example.net,China,Wholesale,07-04-2022
300790,Cynthia Williams,nicole56@example.com,Mexico,Wholesale,06-08-2021
300791,Jesus Johnson,jacksonrachel@example.org,Canada,,04-20-2024
300792,James King,zmurray@example.org,India,Wholesale,22-07-2024
300793,Lisa Lopez,cynthiaanderson@example.net,Vietnam,Wholesale,05-14-2021
300794,Rachel Greer,michellelee@example.net,France,Online,12-05-2024
300795,Christopher Miller,jacob57@example.org,France,Corporate,03-05-2025
300796,Christopher Johnston,oshah@example.net,Vietnam,Retail,26-03-2025
300797,Rachael Wood,michelleayers@example.org,Japan,Wholesale,10-10-2021
300798,Jacob Lynn,ystone@example.net,Canada,Retail,19-06-2023
300799,Nicole Mejia,mallory30@example.org,United States,,15-04-2022
300800,Sherry English,housedaniel@example.com,Vietnam,,13-03-2022
300801,Curtis Whitaker,brandi40@example.org,Germany,Online,29-08-2023
300802,Eric Nguyen,urodriguez@example.org,China,Retail,09-11-2024
300803,Holly Mercado,halvarez@example.org,United Kingdom,Retail,14-03-2021
300804,Samuel Williams,stephanie21@example.com,Mexico,Retail,08-11-2021
300805,Amanda Gomez,hreyes@example.org,Brazil,Online,01-06-2025
300806,Kristina Jacobs,katherinesmith@example.com,France,Wholesale,23-02-2024
300807,Kelsey Gates,richard25@example.net,Japan,Wholesale,24-04-2021
300808,Jessica Brown,michelle98@example.com,us,Retail,16-Sep-24
300809,Jeremy Evans,devonmccarthy@example.net,Mexico,Wholesale,16-08-2024
300810,Maureen Weaver,jessica65@example.com,Australia,Corporate,08-05-2022
300811,Donna Shaw,susan11@example.net,Japan,Corporate,08-08-2024
300812,Chad Rosales,williamslaurie@example.com,Canada,Retail,21-Oct-22
300813,Sherry Jones,davidwiley@example.org,DE,Wholesale,11-Nov-23
300814,Andrea Smith,timothy83@example.net,United States,Corporate,29-08-2024
300815,Catherine Garcia,justin88@example.net,Germany,Online,30-10-2023
300816,Whitney Henry,smccarty@example.org,Vietnam,Online,31-07-2022
300817,Rachel Ball,,Canada,Online,12-10-2022
300818,Nancy Jackson,keith18@example.org,India,Retail,30-06-2022
300819,Joshua Velasquez,jamesbrown@example.org,France,Online,09-09-2024
300820,Maria Sims,brownjoanna@example.org,China,Retail,12-Sep-23
300821,John Harris,icooper@example.org,Japan,Online,06-04-2023
300822,Michael Ortega,kristinyoder@example.com,Japan,Corporate,01-07-2024
300823,William Hart,timothy62@example.net,United Kingdom,Online,26-12-2022
300824,Luke Dixon,qreyes@example.net,China,Retail,17-05-2025
300825,Anthony Melton,phorne@example.com,Mexico,Wholesale,14-Nov-21
300826,Daniel Ramos,sararios@example.org,Australia,Wholesale,17-07-2021
300827,Erika Thompson,joycekeith@example.org,United Kingdom,Online,12-Jun-25
300828,Mary Richards,joel82@example.org,germany,Retail,04-30-2024
300829,Jack Brandt,lukecase@example.com,Canada,Corporate,23-02-2025
300830,Matthew Mclaughlin PhD,evanlong@example.org,Germany,Online,03-10-2022
300831,Debbie King,ucarr@example.org,Canada,Online,16-05-2025
300832,Roger Valencia,ksmith@example.org,China,Corporate,26-07-2021
300833,Gary Estrada,fwolf@example.net,China,Online,12-11-2022
300834,Steven Murphy MD,davidjohnson@example.net,China,Online,24-03-2021
300835,Ricky Sanders,kelleyglen@example.org,Australia,Wholesale,05-06-2024
300836,Lisa Case,gstone@example.net,China,Corporate,28-12-2021
300837,Melissa Bowen,elizabeth52@example.org,China,Online,09-11-2022
300838,Antonio Monroe,harrisjoshua@example.com,United States,Wholesale,07-11-2023
300839,Bradley Armstrong,daniel15@example.org,Germany,Online,05-11-2021
300840,Laura Mcfarland,johnsonedward@example.net,United States,Corporate,08-06-2025
300841,Teresa Curry,davisjames@example.com,Japan,Corporate,02-07-2021
300842,Cheryl Salazar,rhondaray@example.com,Canada,Online,07-12-2023
300843,Kathryn Franklin,thomasbrandon@example.org,Brazil,Wholesale,28-01-2021
300844,Christopher Delacruz,wortiz@example.net,germany,Corporate,28-04-2024
300845,Raymond Nunez,rodriguezrichard@example.org,UK,Retail,05-12-2021
300846,Luis Johnson,jenniferstanley@example.net,england,Corporate,25-03-2025
300847,Christina Dean,benjaminarmstrong@example.com,Australia,Online,18-06-2024
300848,Adam White,kimberly12@example.com,Japan,Corporate,26-07-2022
300849,Alexander Hansen,igarrett@example.com,Australia,Retail,18-07-2021
300850,Erin Taylor,nicholas09@example.org,China,Online,18-12-2024
300851,Walter Griffith,cochranjill@example.org,U.K.,,02-03-2024
300852,Michael Carlson,kimberlysilva@example.org,Germany,Wholesale,09-09-2024
300853,Jesse Thomas,rodneyhoward@example.com,Japan,Online,18-07-2024
300854,Phillip Anderson,greencharles@example.net,United States,Corporate,13-05-2023
300855,William Conrad,nmartinez@example.org,Vietnam,Retail,07-22-2024
300856,Diana Jackson,ramosjennifer@example.org,India,Retail,23-01-2023
300857,Alison Perez,michelleschmidt@example.org,Japan,Online,10-27-2022
300858,Sean Carey,walkerjennifer@example.com,United States,Retail,05-18-2022
300859,Alan Cox,kfrye@example.net,IND,Online,29-10-2020
300860,Richard Dean,scott55@example.com,Japan,Wholesale,03-12-2022
300861,David Mendoza,taylorlisa@example.com,India,Wholesale,10-16-2022
300862,Justin Hammond,williamsanthony@example.net,United Kingdom,Wholesale,01-Nov-22
300863,Ashlee Ross,burnsrodney@example.org,United Kingdom,Corporate,17-08-2024
300864,Robin Santiago,lrodriguez@example.org,United States,Corporate,22-05-2023
300865,Grant Brown,gonzalezbrad@example.com,Brazil,Retail,01-02-2025
300866,Micheal Cook,hesskeith@example.net,United Kingdom,Wholesale,04-03-2021
300867,Curtis Morales Jr.,angelcunningham@example.org,China,Wholesale,07-06-2025
300868,Megan Griffin,fcarlson@example.org,Mexico,Wholesale,05-30-2022
300869,Felicia Cooke,catherinemoore@example.com,Australia,Retail,08-09-2021
300870,Stacy Kim,christianrichards@example.net,Vietnam,Online,04-10-2025
300871,Scott Smith,,Mexico,Online,13-11-2021
300872,Lori Johnson,popebrent@example.net,Mexico,Retail,01-03-2021
300873,Thomas Johnson,brenda88@example.org,Vietnam,Online,03-02-2023
300874,Melissa Zimmerman,audrey53@example.net,Australia,Wholesale,07-10-2024
300875,Richard Williams,,Brazil,Wholesale,26-08-2025
300876,Jennifer Obrien,pfowler@example.org,India,Wholesale,09-10-2024
300877,Melinda Cervantes,vmorrison@example.com,U.K.,Online,28-08-2021
300878,Tina Hernandez,dmitchell@example.com,China,Wholesale,05-03-2021
300879,David Thompson,samuel38@example.net,Vietnam,Retail,24-01-2023
300880,Keith Wilson,eroman@example.net,United Kingdom,Corporate,15-08-2023
300881,Stephen Charles,,Mexico,Corporate,10-10-2024
300882,Sarah Garcia,kbrown@example.net,United States,Retail,20-12-2022
300883,Robert Burton,,Japan,Retail,28-12-2023
300884,Cynthia Cohen,hlester@example.org,Australia,Retail,20-05-2025
300885,Monica Medina,sarah80@example.org,China,Wholesale,18-07-2025
300886,Stephanie Torres,eugenemartinez@example.com,United Kingdom,Wholesale,08-07-2025
300887,Crystal Mcgrath,samuel08@example.org,Mexico,Wholesale,11-04-2023
300888,Joshua Barnes,thomas12@example.org,United States,Wholesale,21-12-2020
300889,Kyle Davis,villawilliam@example.com,Brazil,Online,26-07-2022
300890,Rebecca Greene,gcastro@example.org,Germany,Retail,14-01-2024
300891,Lauren Duarte,dbeck@example.com,Germany,Corporate,25-12-2022
300892,Micheal Green,tylerrodney@example.com,China,Corporate,17-11-2020
300893,Juan Wright MD,mathewbennett@example.org,Brazil,,19-10-2022
300894,Robert Ballard,owhite@example.org,United States,Corporate,23-07-2024
300895,Michaela Campbell,preyes@example.net,United Kingdom,Wholesale,01-02-2025
300896,Allison Chavez,edward70@example.org,China,Wholesale,27-12-2021
300897,Charles Zavala,bethany36@example.com,DE,Corporate,21-06-2023
300898,Jonathan Berry,josephross@example.net,Japan,Wholesale,05-18-2023
300899,Shirley Taylor,randall28@example.com,United States,Online,05-03-2023
300900,Alex Whitaker,evansjason@example.org,Australia,Online,04-09-2023
300901,Misty Howard,yolandamarks@example.net,India,Online,06-08-2023
300902,John Russell,petersontina@example.org,France,Wholesale,13-09-2022
300903,Jorge Morales,kentmichael@example.com,Vietnam,Corporate,03-04-2025
300904,Dennis Jensen MD,marksheidi@example.com,Vietnam,Wholesale,01-06-2024
300905,Jennifer Brown,vmosley@example.org,Australia,Wholesale,21-Oct-20
300906,David Medina,paynestephanie@example.net,Vietnam,Retail,11-07-2024
300907,Roy Thomas,christopher46@example.net,United Kingdom,Retail,05-09-2020
300908,Darrell Nguyen,samanthasims@example.com,IND,,26-11-2024
300909,Kimberly Ballard,hollyperkins@example.net,India,Online,24-05-2023
300910,Timothy James,haley15@example.com,United Kingdom,Corporate,04-10-2023
300911,Regina Williams,austinjennifer@example.net,France,Retail,10-08-2023
300912,Priscilla Vang,heidijames@example.net,China,Retail,26-07-2021
300913,John Henderson,perezcaitlin@example.net,India,Retail,20-11-2020
300914,Ernest Jenkins,craigriley@example.com,Canada,Corporate,13-09-2024
300915,John Williams,lindsay48@example.net,Germany,Corporate,11-07-2022
300916,Thomas Lutz,kristen89@example.com,France,Retail,30-11-2021
300917,Gabriel Graham,alexisgibbs@example.com,Germany,Wholesale,27-10-2022
300918,Katherine Ramos,duncankimberly@example.com,India,Online,28-03-2022
300919,Cheryl Hunter,,India,Retail,03-07-2024
300920,James Anderson,kayleerogers@example.com,Canada,Retail,15-Dec-21
300921,Geoffrey Franklin,sarasmith@example.net,France,Online,07-12-2020
300922,Bailey Hernandez,sylviayates@example.com,Vietnam,Wholesale,16-10-2022
300923,Matthew Collins,,France,Retail,26-06-2025
300924,Douglas Lucero,watsonteresa@example.net,Mexico,,20-10-2020
300925,Robert Fowler,smithrebecca@example.net,Canada,Corporate,27-09-2024
300926,Jose Foster,,Vietnam,,27-09-2020
300927,Kyle David,agalvan@example.com,Canada,Retail,14-01-2025
300928,Jennifer Baker MD,ujones@example.org,India,Wholesale,23-11-2022
300929,Joseph Perez,bpeterson@example.com,Australia,,06-04-2025
300930,Sharon Patel,ospencer@example.org,France,Corporate,23-02-2024
300931,Jose Collins,powersheather@example.org,DE,Wholesale,04-07-2022
300932,Heidi Goodwin,brandon64@example.com,France,Wholesale,08-03-2023
300933,John Singh,meganjones@example.org,Mexico,,06-12-2023
300934,Micheal West,nfleming@example.net,Vietnam,Corporate,21-May-25
300935,Jeffrey Ayala,johncarter@example.net,France,Retail,28-09-2024
300936,Christopher Lee,ecohen@example.com,Vietnam,Wholesale,21-01-2024
300937,Joshua Solis,lawsonpaul@example.org,Australia,Wholesale,07-06-2022
300938,Miguel Lee,ylynch@example.org,Mexico,Retail,18-10-2024
300939,Sandra Adams,markperez@example.com,Mexico,Retail,16-04-2022
300940,Sharon French,robertsonjennifer@example.com,Japan,Retail,21-09-2020
300941,Kayla Jones,lreed@example.com,Brazil,Wholesale,13-11-2022
300942,Tina Green,ibrown@example.org,China,Retail,07-12-2021
300943,Melissa Alvarez,shannonmueller@example.org,Japan,Retail,05-10-2024
300944,Nicole Mcbride,john91@example.org,United Kingdom,Wholesale,28-09-2020
300945,Kayla Scott,klara@example.net,Vietnam,Retail,07-05-2023
300946,Kayla Moore,torrestricia@example.com,India,Corporate,17-10-2022
300947,John Hill,qbecker@example.com,Australia,Retail,23-Jul-23
300948,Shannon Downs,lpage@example.com,Australia,Wholesale,29-10-2021
300949,Justin Perez,pmartin@example.org,China,Retail,29-04-2021
300950,William Galloway,kjohnson@example.net,India,Corporate,04-07-2023
300951,Sean Glass,garymartinez@example.org,Australia,Online,18-Sep-21
300952,Stephen Smith,ymurray@example.org,France,Retail,27-09-2020
300953,Ryan Carlson,hespinoza@example.org,China,Corporate,21-11-2020
300954,Chelsey Reyes,robertssamantha@example.org,Australia,Online,28-05-2023
300955,Francisco Sanchez,lawrencekari@example.com,Canada,Online,25-Feb-25
300956,Pamela Pierce,jamesparker@example.net,Japan,Online,17-01-2022
300957,Anne Smith,bryantkaren@example.org,Canada,Retail,31-03-2022
300958,Diana Rivera,ekim@example.com,Australia,Online,06-09-2020
300959,Jessica Compton,,Australia,Corporate,05-10-2020
300960,Sydney Evans,fletcherjanet@example.org,India,Wholesale,23-09-2020
300961,Jeremy Nguyen,,France,Retail,06-08-2025
300962,Joseph Smith,russellkelley@example.com,China,Retail,11-07-2024
300963,Nicholas Cunningham,,Canada,Wholesale,08-06-2023
300964,Kimberly Grant,kennedywanda@example.net,Brazil,Wholesale,03-08-2024
300965,Angel Johnson,dwhite@example.org,China,Retail,14-11-2023
300966,Allison Wheeler,andrewmiller@example.com,germany,Retail,06-07-2023
300967,Heather Sweeney,,Brazil,Corporate,01-26-2025
300968,Tony Merritt,sarah17@example.com,United States,Corporate,07-06-2023
300969,Tyler Murray,fcarter@example.net,Australia,Corporate,05-05-2022
300970,James Lopez Jr.,juanfranklin@example.net,China,Retail,27-05-2024
300971,Derek Martin,lcook@example.org,Mexico,Retail,05-09-2022
300972,Sierra Gentry,jennifer54@example.org,Vietnam,Retail,29-11-2022
300973,Melanie Watson,floreskimberly@example.org,Mexico,Wholesale,11-03-2021
300974,Beth Kane,trivas@example.net,China,Retail,05-09-2020
300975,Amy Ross,robert07@example.org,Brazil,Corporate,02-10-2020
300976,Ryan Harrison,wesleycalhoun@example.net,China,Corporate,20-09-2021
300977,Rachel Smith,washingtondenise@example.net,Brazil,Corporate,22-04-2022
300978,Michelle Allen,victoriajones@example.net,France,Wholesale,30-07-2021
300979,Jacqueline Olson,hartmansherry@example.net,Australia,,14-04-2025
300980,Anna Andrews,bishopmegan@example.org,Vietnam,Corporate,26-02-2024
300981,Emily Simmons,manningjeremy@example.com,China,Corporate,27-07-2025
300982,Christina Johnson,pachecobrittney@example.net,Brazil,Wholesale,06-12-2020
300983,Dawn Haynes,wileyaudrey@example.com,United Kingdom,Wholesale,26-09-2020
300984,Edward Cochran,laurenboyd@example.com,United Kingdom,Online,22-06-2023
300985,Sharon Jenkins,brookeramirez@example.com,Australia,,18-08-2023
300986,Nicholas Chung,tiffanyharris@example.com,Vietnam,Retail,29-06-2024
300987,Steven Swanson,johnsonmartin@example.org,Mexico,Wholesale,19-09-2024
300988,Lisa Walker,caseystafford@example.org,Vietnam,Corporate,06-04-2022
300989,Monica Kim,matthewhull@example.com,Canada,Online,08-07-2025
300990,Don Gardner,mcgeeseth@example.net,Brazil,Wholesale,04-25-2023
300991,Whitney Macdonald DVM,amyponce@example.com,Brazil,Online,28-05-2023
300992,William Velez,richard28@example.org,Brazil,Retail,31-08-2024
300993,Robert Mcintosh,,United States,Online,27-04-2022
300994,James Harris,jessicasmith@example.org,Japan,Online,05-06-2022
300995,Ralph Rodriguez,tfuller@example.net,Vietnam,Wholesale,15-05-2023
300996,Ashley Hall DVM,fordwilliam@example.com,Mexico,Online,20-Oct-20
300997,Mrs. Erin Phillips,dfleming@example.net,Australia,Corporate,02-20-2021
300998,Alexander Love,samantha54@example.net,Australia,Online,06-03-2024
300999,Yvette Orozco,iansantana@example.net,United States,Corporate,14-05-2025
301000,Alexandra Heath,millerdaniel@example.org,Germany,Wholesale,14-06-2022
301001,Susan Reed,,Japan,Wholesale,23-12-2024
301002,Ruben Garcia,ipadilla@example.com,Brazil,Corporate,08-11-2022
301003,Hector Paul,dawn31@example.org,China,Corporate,22-08-2023
301004,Tyler Howell,kendra03@example.net,United Kingdom,Online,17-09-2020
301005,Donald Martinez,johnsross@example.net,Brazil,Corporate,24-02-2025
301006,Diane Jones,courtney13@example.net,United states,Online,21-09-2023
301007,Stephanie Moyer,michael35@example.net,China,Corporate,08-05-2022
301008,Isaiah Jones,russelltommy@example.net,Japan,Wholesale,02-07-2023
301009,Kenneth Hahn,jonespaul@example.com,United Kingdom,Corporate,09-23-2020
301010,Michael Allen,smason@example.net,Vietnam,Online,19-01-2023
301011,Claudia Lee,kristopher53@example.org,Australia,Retail,16-04-2021
301012,James Charles Jr.,alan25@example.org,Canada,Online,05-09-2020
301013,James Scott,gwhite@example.com,Canada,Online,11-01-2021
301014,Antonio Lopez,jefferywalker@example.com,France,Online,08-05-2023
301015,Omar Johnson,daypatricia@example.net,China,Online,11-12-2024
301016,Mark Haley,pdixon@example.org,Vietnam,Corporate,23-11-2020
301017,Anita Long,laurajensen@example.org,Canada,Online,03-06-2021
301018,Tina Mclean,kcook@example.net,Brazil,Online,27-01-2022
301019,Erica Cunningham,christopherwatkins@example.net,Canada,Retail,12-08-2024
301020,James Hall,robertbrock@example.org,Australia,Retail,08-07-2024
301021,Brenda Wood,chrismurray@example.com,Canada,Corporate,25-08-2024
301022,Beth Solomon,davismax@example.org,Brazil,Online,11-02-2025
301023,Abigail Lopez,coreypope@example.net,Brazil,Online,17-10-2021
301024,Terry Warren,boydrenee@example.net,Japan,Wholesale,19-12-2023
301025,Brandon Rodriguez,gordonjason@example.com,Canada,Wholesale,07-09-2020
301026,Monica Gilmore,evaughn@example.org,Germany,Corporate,29-04-2022
301027,Justin Williams,christensenkendra@example.org,United Kingdom,Corporate,08-03-2024
301028,Melissa Hodge,kelleynicholas@example.org,Brazil,Retail,22-01-2023
301029,Stephanie Lara,martin40@example.net,Mexico,Wholesale,17-03-2023
301030,Carol Webster,aaronthompson@example.org,Australia,,22-02-2021
301031,Lori Roberson,derekdougherty@example.org,France,Wholesale,28-09-2023
301032,John Ramirez,jessicamiddleton@example.net,United Kingdom,Retail,04-12-2021
301033,William Frye,jacquelinenunez@example.net,Mexico,,27-05-2024
301034,Andrew Clark,hilljennifer@example.org,India,,20-10-2023
301035,Mitchell Jimenez,heathergarcia@example.com,Germany,,04-10-2021
301036,Ricardo Anderson,butlerolivia@example.com,India,Online,04-02-2024
301037,Michael Summers,jennifer93@example.com,Germany,,12-06-2021
301038,Steven Davis,davidjones@example.org,United Kingdom,Retail,13-12-2022
301039,Ann Fleming PhD,harrisonnicholas@example.net,IND,Corporate,12-04-2023
301040,Lauren Sosa,davidglover@example.com,Canada,Corporate,13-11-2020
301041,Kimberly Hill,jmyers@example.net,Japan,,26-11-2021
301042,Teresa Barnes,masonmichael@example.net,Australia,Wholesale,26-01-2021
301043,Jennifer Booker,wstevens@example.org,Australia,,02-01-2025
301044,Tara Miller,dcox@example.com,France,,31-07-2022
301045,Rachel Turner,alexanderryan@example.org,Vietnam,Online,28-07-2023
301046,Chelsea Walker,tcooper@example.net,Germany,Online,02-02-2024
301047,Colton Bradford,htaylor@example.org,United Kingdom,Retail,08-09-2023
301048,Daniel Jenkins,samantharodgers@example.net,Germany,Retail,21-02-2022
301049,Michael Garcia,fergusontrevor@example.net,France,Corporate,10-06-2023
301050,Natalie Conrad,danielleramsey@example.net,DE,,01-06-2025
301051,Melanie Baker,anitaballard@example.org,Mexico,Retail,01-02-2021
301052,Diane Murray,pamelaestrada@example.com,Mexico,Online,07-04-2024
301053,Dean Harris,lambjohn@example.org,Canada,Online,28-04-2023
301054,Michael Porter,brooksjennifer@example.com,Brazil,Retail,12-03-2024
301055,Jeanette Norris,victor76@example.net,Germany,Wholesale,24-12-2024
301056,Wanda Griffith,stacey53@example.com,Canada,Online,23-03-2024
301057,Scott Long,erivers@example.com,Japan,Wholesale,08-07-2022
301058,Bob Cooper,andrew09@example.com,United States,Retail,15-09-2021
301059,Sylvia Torres,briggsjacob@example.com,Mexico,Retail,16-04-2025
301060,Todd Johnston,cturner@example.org,Canada,Online,24-08-2023
301061,Alexis Berg,derrick59@example.org,China,Online,25-03-2021
301062,Timothy Mitchell,debra93@example.org,Brazil,Corporate,29-Dec-21
301063,Jason Wilson,olivia30@example.com,China,Retail,17-08-2024
301064,Randy Perez,johnsondebbie@example.net,Canada,Retail,01-07-2023
301065,Samantha Gillespie,sarahmiller@example.net,China,Retail,10-04-2021
301066,Timothy Campbell,jasonochoa@example.net,Australia,Retail,30-05-2023
301067,Jessica Bullock,rgreen@example.net,Japan,Online,23-01-2022
301068,Mr. Cory Hanna PhD,holtrobert@example.com,germany,Corporate,02-11-2025
301069,Courtney Wallace,banderson@example.com,Mexico,,15-01-2025
301070,Cory Smith,rhonda05@example.org,Brazil,Corporate,28-01-2024
301071,Amy Pennington,mark80@example.org,India,Wholesale,24-09-2024
301072,Scott Thompson,cameronlopez@example.com,United Kingdom,Wholesale,16-10-2020
301073,Barbara Johnson,jeremy91@example.org,Mexico,Corporate,23-12-2023
301074,Lori Miller,,China,,24-Jun-24
301075,Michael Holmes,uthompson@example.org,Mexico,Wholesale,07-22-2022
301076,Nicholas Chase,mauriceball@example.net,Germany,Retail,02-09-2023
301077,Mary Lewis,eddiehernandez@example.net,China,,05-06-2022
301078,Michael Lee,aaroncox@example.com,China,Corporate,08-Jul-24
301079,Rachael Walker,jeremiah36@example.com,France,Corporate,14-02-2024
301080,Andrew Sanders,arnoldstephen@example.net,United Kingdom,Wholesale,06-02-2021
301081,Rachel Martinez,mariagonzalez@example.org,Mexico,Wholesale,08-08-2021
301082,Christopher Garcia DDS,patriciagrant@example.net,Australia,,27-Feb-21
301083,Brandon Trevino,wleblanc@example.com,United Kingdom,Corporate,29-Oct-23
301084,James Gonzalez,imolina@example.org,Vietnam,Wholesale,03-05-2023
301085,Claire Vazquez,,Brazil,Wholesale,18-09-2021
301086,Nicole Carter,michaelmooney@example.net,Mexico,Online,17-03-2023
301087,Mary Jennings,,Japan,Online,30-06-2023
301088,Stephen Haney,jason06@example.org,India,Retail,13-Dec-20
301089,Miranda Lin,carlholland@example.net,Japan,,30-10-2024
301090,Ricky Hill,,Japan,Retail,10-Dec-20
301091,Patricia Delgado,eddie13@example.com,Mexico,Retail,12-12-2024
301092,Katie Mitchell,uperez@example.com,india,Online,15-07-2021
301093,Erik Hill,uwilliams@example.com,Japan,Wholesale,13-12-2023
301094,Taylor Keller,christopher41@example.org,United Kingdom,,05-07-2023
301095,Gloria Patterson,hudsonellen@example.net,United States,Wholesale,30-06-2023
301096,Christine Morris,lhoward@example.org,India,,08-04-2024
301097,Chad King,qbray@example.org,IND,Retail,19-01-2023
301098,Kathleen Taylor,hernandezcharles@example.org,China,Corporate,07-01-2021
301099,Jessica Potts,kford@example.net,India,,10-07-2023
301100,Troy Wells,martintracy@example.com,Vietnam,Retail,07-12-2022
301101,Victoria Lopez,rpearson@example.org,France,,27-10-2021
301102,Kenneth Moreno,awong@example.com,Mexico,Wholesale,19-12-2022
301103,Christine Mccoy,james91@example.net,Mexico,Online,07-11-2021
301104,Colin Mckay,hunter12@example.org,United Kingdom,Retail,06-Jul-24
301105,Heather Johnson,tom64@example.com,France,Online,16-06-2021
301106,Thomas Castillo,smithrobert@example.net,France,Corporate,25-06-2023
301107,Joshua Farmer,kmorales@example.com,Canada,Wholesale,26-12-2022
301108,Stacey Davis,paulbailey@example.net,United States,Online,18-08-2023
301109,Gary Johnson,michaelhale@example.com,Canada,Corporate,13-08-2025
301110,Jasmin Nelson,djensen@example.com,United Kingdom,Retail,29-08-2021
301111,Krystal Howard,nwalker@example.org,Australia,Corporate,22-01-2021
301112,Michelle White,,Australia,Wholesale,20-02-2024
301113,Elijah Archer,christina89@example.net,Vietnam,Wholesale,25-09-2022
301114,Lisa Bailey,robert63@example.com,China,Corporate,12-11-2024
301115,Shelly Mcmahon,julie44@example.org,United States,Corporate,11-07-2025
301116,Bryan Hudson,karensanchez@example.net,India,,15-08-2024
301117,Kenneth Mitchell,natalie40@example.net,Mexico,Wholesale,22-05-2025
301118,Melissa Jackson,brandonmurphy@example.com,Brazil,,17-06-2024
301119,Misty Robinson,cory21@example.org,United states,Wholesale,22-04-2021
301120,Jill Brown,dariusmendoza@example.org,France,Retail,26-08-2025
301121,Samuel Bailey,,Canada,Retail,22-01-2023
301122,Shannon Martinez,alejandroturner@example.net,United States,Wholesale,10-01-2023
301123,Timothy Hernandez,ashleymorrow@example.org,Japan,Corporate,30-10-2022
301124,Ashley Maxwell,jessicamurray@example.com,Canada,Corporate,24-02-2025
301125,Linda Lee,courtney70@example.net,France,,26-12-2024
301126,Angela Berry,sherylgreen@example.com,Canada,Retail,13-05-2025
301127,Michael Sanders,christopherwalker@example.net,Canada,Online,05-06-2023
301128,Daniel Zamora,,United States,Online,02-06-2023
301129,David Collins,isaac63@example.net,United Kingdom,Wholesale,14-05-2024
301130,Matthew Klein,sgordon@example.net,United Kingdom,,03-15-2021
301131,Roberto Guerra,arnoldrachel@example.net,Brazil,Online,01-09-2024
301132,Brenda Dalton,dmullins@example.org,China,Retail,26-03-2022
301133,Maria Compton,esmall@example.com,germany,,04-02-2025
301134,Elizabeth Skinner MD,amandamoody@example.com,Australia,Online,25-12-2021
301135,Robert Lynch,robert52@example.com,France,Wholesale,26-05-2025
301136,Nicole Blake,jamesmeyer@example.org,Canada,Retail,03-06-2024
301137,Chad Taylor,gberry@example.org,Canada,Wholesale,13-10-2023
301138,Alex Gonzalez,emcdonald@example.net,Canada,Online,08-09-2021
301139,Jessica Bryant,kimronald@example.com,France,Online,16-02-2024
301140,Robert Wright,thompsondarlene@example.org,China,Wholesale,18-09-2023
301141,Carrie Hall,lisa23@example.org,Brazil,Wholesale,11-12-2020
301142,Tiffany Anderson,amberellis@example.net,Germany,Retail,30-09-2021
301143,Sylvia Smith,krobbins@example.net,United Kingdom,Wholesale,17-09-2024
301144,Stanley Brown,qhendricks@example.net,Canada,Corporate,25-08-2024
301145,Ricardo Garcia,smay@example.com,Vietnam,Online,29-01-2025
301146,Brian Buchanan,sarawilliams@example.com,France,Retail,09-04-2022
301147,Shane Alexander,vfuller@example.net,China,Retail,12-11-2023
301148,Christopher George,paul84@example.net,Canada,Retail,09-01-2025
301149,Nancy Valentine,mwright@example.com,India,Corporate,09-12-2021
301150,Rebecca Garcia,millerbrandon@example.net,Vietnam,Online,14-Jul-23
301151,Cynthia Reed,vaguirre@example.net,Brazil,Online,15-12-2022
301152,Vanessa Jones,roytodd@example.net,China,Wholesale,30-11-2020
301153,Courtney Hernandez,matthewschristine@example.com,Germany,Retail,04-11-2020
301154,Fernando Blackwell,snydergerald@example.org,United States,Wholesale,20-02-2024
301155,Nicole Wright,bwhite@example.com,india,Corporate,11-Mar-25
301156,Brian Thompson,gina49@example.net,India,Wholesale,13-12-2024
301157,Susan Singh,schwartzlisa@example.org,India,Corporate,30-07-2022
301158,Jeremy Stein,torresmary@example.com,France,Corporate,18-07-2025
301159,Erin Nelson,brockalex@example.com,China,Corporate,17-03-2023
301160,Jordan Bailey,jake77@example.com,Canada,Online,25-09-2023
301161,Jennifer Walters,ernestrich@example.net,Japan,Wholesale,14-10-2023
301162,Cody Morse,kflores@example.org,Brazil,,31-03-2022
301163,Alicia Miller,fbailey@example.org,Canada,Corporate,23-03-2025
301164,Matthew Armstrong,edwardmitchell@example.org,india,Online,17-Sep-24
301165,Tanya Jenkins,hernandezlouis@example.net,France,Retail,04-12-2022
301166,Jeffrey Ford,debbiejackson@example.net,France,Online,03-03-2024
301167,Tiffany Williams,qjones@example.com,india,Online,11-04-2024
301168,Michael Morgan,jamierodriguez@example.net,United Kingdom,Corporate,13-10-2023
301169,Amanda Berry,janetmoore@example.net,United Kingdom,Retail,10-05-2023
301170,Anna Poole,watsonkenneth@example.net,China,Online,30-01-2021
301171,Jaime Hernandez,istephens@example.com,India,Online,22-03-2025
301172,Adam Gallagher,schmidtjose@example.net,United States,Retail,15-08-2025
301173,Eric Anderson,williamspaul@example.net,United Kingdom,Wholesale,15-12-2020
301174,Kathleen Little,usanchez@example.net,Germany,Wholesale,21-04-2025
301175,Jasmine Morales,,Mexico,Online,20-04-2022
301176,Carl Phillips,danielthomas@example.com,France,,04-04-2021
301177,Corey Smith,williamsfrank@example.com,United Kingdom,Corporate,15-09-2024
301178,Ashley Oconnor,davismichelle@example.com,United States,Corporate,29-04-2023
301179,Leah Wheeler,barbara81@example.net,Australia,Retail,06-07-2021
301180,Ashley Dunn,,us,Wholesale,20-Jun-21
301181,Carol Smith,baileyjames@example.org,Australia,Corporate,08-10-2020
301182,James Salas,morrisbrandon@example.org,France,Wholesale,12-05-2023
301183,Stephanie Pierce,mcconnellangela@example.org,Vietnam,Retail,06-01-2022
301184,Lisa Keller,brownraymond@example.net,Australia,Corporate,15-04-2025
301185,Nicole Mahoney,gregorypeters@example.org,Brazil,Retail,29-Oct-22
301186,Stephanie Nunez,jasonwebb@example.net,Brazil,Retail,27-01-2025
301187,Brian Welch,dthompson@example.org,Vietnam,Corporate,30-01-2021
301188,Traci Rodriguez,,India,Retail,26-11-2021
301189,Lee Garcia,michaellopez@example.net,France,Retail,02-09-2021
301190,Kelsey Nguyen,sullivanpaula@example.com,Australia,Wholesale,31-08-2023
301191,Jenny Soto,margaret20@example.net,Australia,Corporate,05-08-2022
301192,Ashlee Pena,john19@example.org,United Kingdom,Wholesale,27-Feb-25
301193,Jason Murray,gomezbrittney@example.net,United Kingdom,,31-12-2022
301194,Kimberly Evans,rthompson@example.org,Vietnam,Online,05-12-2024
301195,Brittany Myers,heather68@example.com,Canada,,08-13-2025
301196,Heather Gallegos,marioharris@example.net,China,Wholesale,25-06-2024
301197,Tiffany Cooper,carrielambert@example.net,India,Retail,15-03-2023
301198,Nancy Tanner,wallacecourtney@example.org,Vietnam,Online,06-11-2023
301199,Kevin Shea,duranaudrey@example.com,Vietnam,Corporate,27-06-2024
301200,Kristen Larson,gina74@example.net,Brazil,,01-02-2023
301201,Laura Sullivan,mckayjames@example.net,Australia,Online,04-06-2022
301202,Ashley Murray,mary85@example.org,India,Corporate,03-09-2024
301203,Rhonda Rodriguez,lcarter@example.net,France,,28-08-2022
301204,Adam Jacobs,,Germany,Online,21-10-2020
301205,Amanda Ross,zwilliams@example.com,Germany,Wholesale,03-04-2021
301206,Alicia Stephens,amanda45@example.net,China,Wholesale,06-06-2023
301207,Justin Ryan,nancyballard@example.com,Mexico,Retail,09-03-2021
301208,Kimberly Young,vgreen@example.org,Germany,Retail,28-01-2023
301209,Sean Smith,akramer@example.org,Mexico,Corporate,07-06-2023
301210,Gregory Myers,xgarcia@example.net,DE,Wholesale,01-09-2020
301211,Thomas Clements,jcarter@example.com,United States,Online,11-06-2022
301212,Jeffrey Weaver,ryan90@example.net,India,Corporate,02-07-2024
301213,Susan Valdez,pmartin@example.org,Japan,Online,20-06-2024
301214,Christina Watson,williamsjoseph@example.com,United Kingdom,Corporate,27-10-2020
301215,Bonnie Larson,longjoshua@example.com,Germany,Corporate,07-03-2022
301216,Tanya Cardenas,fred06@example.org,China,Retail,09-06-2025
301217,Franklin Cooper,ibrennan@example.com,Japan,Corporate,08-07-2024
301218,Cathy Wyatt,lynchmartin@example.org,France,Online,29-04-2025
301219,Elizabeth Mcguire,victor76@example.com,Japan,Retail,28-04-2025
301220,Erika Harper,gnguyen@example.org,United States,,16-05-2023
301221,John Miller,karlchandler@example.org,France,Corporate,03-05-2023
301222,Shannon Carlson,figueroapreston@example.net,Germany,Wholesale,03-04-2021
301223,Sean Noble,xyoung@example.net,Germany,Corporate,03-08-2021
301224,Kathleen Coleman,amanda83@example.net,China,Online,19-05-2021
301225,Michael Spencer,henrybarnett@example.org,France,,25-05-2022
301226,Micheal Edwards,gwilson@example.com,France,Corporate,26-01-2024
301227,Joan Brown,ricedana@example.com,India,Retail,10-02-2023
301228,Jerome Parker,xhall@example.net,IND,Wholesale,17-03-2022
301229,Elizabeth Russo,daniel71@example.com,Mexico,Online,27-09-2021
301230,Veronica Stevens,keith93@example.org,France,Wholesale,27-07-2023
301231,Joseph Walker Jr.,robertrusso@example.org,Canada,Corporate,01-05-2022
301232,Matthew Sellers,ronaldjohnson@example.com,Vietnam,Online,08-02-2024
301233,Robin Hawkins,laura78@example.com,France,Wholesale,03-13-2023
301234,Justin White,edwardsdavid@example.net,germany,Wholesale,24-08-2021
301235,Matthew House,timothyshaffer@example.net,Mexico,,12-03-2022
301236,Sharon Kelly,rlopez@example.com,Japan,Online,30-11-2020
301237,Jessica Gray,brittanysanders@example.org,Vietnam,Online,23-02-2023
301238,Robert Taylor,,Japan,Corporate,07-08-2025
301239,Laurie Johnson,rodriguezamanda@example.net,China,Retail,05-12-2020
301240,Alan Bullock,frank18@example.net,Germany,Wholesale,14-05-2022
301241,Summer Jackson,peter88@example.com,France,Wholesale,17-09-2022
301242,Sara Gilbert,caguilar@example.org,United States,Wholesale,05-10-2023
301243,Samantha Wu,cynthia95@example.net,United Kingdom,Corporate,21-06-2023
301244,Ashley Vargas,douglasalexander@example.net,Japan,Wholesale,04-18-2021
301245,Mary Bates,wilkinskevin@example.net,Canada,Online,24-12-2022
301246,Shannon Roach,vsmith@example.net,Australia,Retail,08-08-2021
301247,Deborah Murphy,tylerlaura@example.org,France,Retail,24-04-2023
301248,Caitlin Cooley,millerjessica@example.net,India,Retail,10-16-2022
301249,Gloria Hamilton,rowebelinda@example.net,France,Retail,24-10-2020
301250,Joshua Hill DVM,clayandrew@example.net,Japan,Retail,05-08-2025
301251,Sarah Berry,marthagriffin@example.net,United Kingdom,Retail,13-12-2023
301252,Justin Coleman,orichards@example.com,USA,Corporate,24-11-2020
301253,Emily Wagner,webstersteven@example.net,China,Wholesale,10-02-2021
301254,Emily Martinez,vsmith@example.org,Japan,Online,21-09-2020
301255,Kevin Smith,melissarollins@example.com,Germany,,10-04-2021
301256,Hannah Sanchez,dwilliams@example.net,Mexico,Online,03-05-2021
301257,Rebecca Foley,williamsmark@example.org,Brazil,Online,27-04-2023
301258,Christine Jones,sarah87@example.org,DE,Corporate,28-02-2022
301259,Thomas Miller,william96@example.net,Australia,Corporate,24-07-2022
301260,Robert Brown,simsamy@example.com,China,Corporate,22-Nov-21
301261,Dorothy Wade,curtismichelle@example.com,Japan,Online,11-02-2021
301262,Mr. Gregory Wiley,jamesjohn@example.net,India,Wholesale,11-11-2021
301263,Sara Bartlett,dtucker@example.org,Mexico,Online,25-09-2023
301264,Jennifer Cannon,vortiz@example.org,Canada,Retail,09-12-2024
301265,Jamie Scott,montoyafelicia@example.org,Brazil,Retail,20-02-2022
301266,Zachary Murray,cynthia35@example.net,United Kingdom,Wholesale,02-11-2020
301267,Elizabeth Clayton,hestertabitha@example.org,United Kingdom,Online,09-01-2025
301268,April Henry,alanthomas@example.com,United states,Retail,10-08-2021
301269,Scott Brennan,cynthia47@example.org,India,Wholesale,15-09-2021
301270,Leslie Bauer,johnstonbarbara@example.org,U.K.,Online,23-04-2023
301271,Michael Valencia,hudsonglen@example.net,United Kingdom,Online,03-10-2022
301272,Louis Gibson,monica51@example.net,Vietnam,Wholesale,25-06-2024
301273,Erin Goodman,ftaylor@example.org,Canada,Online,06-11-2021
301274,Alison Faulkner,mccormickkatherine@example.com,Germany,Wholesale,07-12-2022
301275,Amanda Torres,brittanywolf@example.org,India,Retail,17-07-2024
301276,John Pearson,suzanne33@example.org,Canada,Wholesale,03-15-2023
301277,Joanna Calderon,hallalan@example.org,United Kingdom,Online,08-09-2022
301278,Trevor Lee,lcosta@example.net,Australia,Wholesale,12-10-2023
301279,Dennis Jackson,bradshawcarlos@example.org,Germany,Retail,21-04-2021
301280,Bradley Johnson,shannon20@example.com,Brazil,Retail,22-12-2024
301281,Anthony Vaughn,cory32@example.com,Australia,Online,15-06-2024
301282,Sara Day,howelljennifer@example.com,Japan,Retail,09-07-2022
301283,Brianna Christensen,ujohnson@example.net,Japan,,27-02-2021
301284,James Scott,lharris@example.com,Germany,Corporate,15-06-2023
301285,Edwin Thomas IV,marisa32@example.com,Brazil,Corporate,20-01-2021
301286,Lisa Johnson,patrick61@example.net,India,Corporate,01-03-2021
301287,Adam Payne,,Australia,Online,28-07-2022
301288,Andrew Wheeler,peterlang@example.net,United States,,02-05-2025
301289,Christina Mullen,smithsteven@example.net,Brazil,,05-05-2021
301290,Johnny Taylor,johnsonsteven@example.net,IND,Wholesale,25-03-2022
301291,Richard Pena,,Japan,Corporate,21-12-2022
301292,Natalie Kennedy,riostyler@example.org,Australia,Online,23-09-2024
301293,Dawn Berg,julia17@example.org,India,Wholesale,07-04-2021
301294,Wendy Jones,gibsonkirk@example.com,Vietnam,Retail,06-07-2023
301295,Samantha Malone,melissa22@example.com,United States,Corporate,07-Dec-20
301296,Alexis Peterson,rhondanelson@example.org,Australia,Wholesale,21-05-2021
301297,Taylor Cross,kevin77@example.org,Australia,Corporate,17-05-2021
301298,Michael Fisher,leslie32@example.com,Australia,Wholesale,18-07-2022
301299,Lindsey Evans,wallererica@example.com,Vietnam,Corporate,16-09-2022
301300,Heather Fernandez,reyesdavid@example.org,Brazil,Online,28-05-2025
301301,Troy Herrera,jacksonrussell@example.com,Mexico,Online,16-07-2023
301302,Morgan Lang,jscott@example.com,Japan,Wholesale,08-18-2025
301303,Kayla Fisher,stevenkidd@example.org,India,Online,14-08-2024
301304,Jesus Johnson,samuelsandoval@example.org,Vietnam,Online,02-Mar-23
301305,Andrew Carter,christopherturner@example.org,india,,19-07-2025
301306,Pamela Mahoney,philliphayden@example.net,Vietnam,Corporate,09-07-2022
301307,Gabriel Hall,william47@example.org,Canada,Online,21-04-2021
301308,Kenneth Rose,joshua22@example.net,United Kingdom,Wholesale,09-03-2023
301309,Zachary Gonzalez,vparks@example.org,China,Wholesale,10-12-2024
301310,Gary Johns,aaronsmith@example.net,Australia,Corporate,29-12-2024
301311,Eddie Klein,lchavez@example.org,Japan,,05-04-2023
301312,Joseph Tate,,Brazil,Retail,22-09-2023
301313,Sarah Cruz,loritaylor@example.com,germany,Retail,12-10-2020
301314,Ronald Nunez,nsingh@example.org,United States,,03-09-2021
301315,Morgan Evans,bendermichelle@example.net,Germany,Wholesale,09-08-2022
301316,Mrs. Amanda Johnson DDS,gabrielle36@example.org,United Kingdom,Retail,16-10-2022
301317,Dana Griffin,millschristopher@example.org,United States,Corporate,11-02-2025
301318,Jaclyn Green,katherinemccarty@example.com,China,Corporate,23-12-2023
301319,Mark Ballard,,France,Corporate,01-06-2021
301320,Jeremy Brooks,justin46@example.com,Mexico,Retail,01-20-2022
301321,Anna Pierce,nicole02@example.net,india,,15-11-2022
301322,Melissa Hernandez,denisepalmer@example.net,Germany,Wholesale,07-07-2024
301323,Aaron Woodward,htaylor@example.com,Vietnam,Online,11-04-2025
301324,Dennis Nguyen,taylorclarke@example.com,France,Wholesale,03-03-2023
301325,Eric Tapia,maxwellgibson@example.org,China,Online,07-11-2023
301326,Brandon Ingram,andrearivera@example.net,Japan,Corporate,20-02-2022
301327,Benjamin Thompson,michael04@example.net,France,Retail,31-03-2021
301328,Stephen Brown,jefferybaker@example.com,China,Wholesale,29-12-2024
301329,Justin Boyd,,China,Retail,12-10-2020
301330,Christina Strong,fjones@example.org,United Kingdom,Retail,22-01-2025
301331,Theresa Espinoza,jimenezruben@example.com,Australia,Wholesale,23-10-2020
301332,Stephanie Mcintyre,larry04@example.net,India,Online,14-10-2021
301333,Jeremiah Huerta,patrick01@example.net,Japan,Online,21-07-2021
301334,Jacob Ball,tamaraparker@example.org,Germany,Online,07-02-2021
301335,Tyrone Miller,knichols@example.com,U.S.A.,Online,17-12-2021
301336,Beth Ellis,philliphatfield@example.net,India,Online,13-06-2024
301337,Robert Donovan,icisneros@example.com,Canada,Online,16-08-2022
301338,Lisa Ramos,cphelps@example.net,United States,Online,31-07-2025
301339,Marcus Kennedy,batesbelinda@example.net,Mexico,Wholesale,12-11-2024
301340,Jason Cantu,vincent74@example.org,Australia,Retail,14-09-2021
301341,Dillon Clark,parkerrobert@example.net,Canada,,17-04-2021
301342,Theresa Hernandez,,Japan,Corporate,07-06-2024
301343,Howard Andrews,andreross@example.net,Japan,Online,10-05-2024
301344,Robert Miranda,lambertcheyenne@example.org,France,Retail,17-01-2022
301345,Charles Wright,ohall@example.com,Vietnam,Online,26-05-2023
301346,Kathryn Shields,jenniferrice@example.com,France,Wholesale,19-01-2024
301347,Alexander Sullivan,michelle05@example.org,Germany,Retail,07-08-2023
301348,Catherine Martin DVM,james41@example.net,Mexico,,30-09-2024
301349,Bailey Morales,cheryl86@example.org,Australia,Retail,06-Aug-21
301350,Charles Reeves,dbrown@example.org,India,Online,13-10-2024
301351,Mrs. Linda Pierce DDS,millerlindsey@example.org,Vietnam,Corporate,24-06-2021
301352,Thomas Wells,allenkaren@example.com,France,,10-05-2025
301353,Julie Pearson,vwilliams@example.org,Germany,Wholesale,27-05-2024
301354,Stacey Moore,gabriela90@example.net,Vietnam,Wholesale,01-Feb-25
301355,Matthew Bruce,vunderwood@example.com,United Kingdom,Wholesale,15-03-2023
301356,Angela Mullen,jeffrey82@example.net,Japan,Online,09-04-2025
301357,Christopher Rice,amills@example.com,Canada,Corporate,05-04-2021
301358,Philip Espinoza,arodriguez@example.org,Brazil,Retail,09-05-2021
301359,Kayla Maxwell,jdaugherty@example.org,Australia,Online,19-10-2022
301360,Sherry Chapman,fking@example.org,Canada,Corporate,18-02-2025
301361,Dr. Andrew Johns,,Brazil,Online,05-05-2023
301362,Michelle Diaz,steven80@example.org,Vietnam,Wholesale,26-05-2023
301363,Sean Lee,jasonfoster@example.org,United states,Retail,06-07-2021
301364,Jeanette Johnson,wmorrison@example.com,Mexico,Corporate,23-06-2021
301365,Debbie Estrada,pricescott@example.net,United States,Wholesale,04-06-2023
301366,Michael Sanchez,heidi21@example.com,United States,Wholesale,12-06-2022
301367,Jason Evans,paulsmith@example.org,Australia,,09-12-2020
301368,William Friedman,patricia24@example.org,India,Corporate,02-10-2021
301369,Lisa Glenn,keithwyatt@example.net,Germany,Retail,06-03-2024
301370,Eric Rodriguez,zburke@example.org,United States,Online,29-12-2020
301371,Darryl Hernandez,rhonda67@example.net,Australia,Retail,25-09-2024
301372,Krista Price,richard33@example.net,Canada,Wholesale,27-06-2022
301373,Erin Collins,davismark@example.org,Germany,Retail,01-01-2025
301374,Jonathan Green,tracywilkins@example.net,Australia,Corporate,24-Jan-25
301375,Barbara Kennedy,manuel12@example.net,United Kingdom,Corporate,08-07-2024
301376,Susan Rivera,andersonbrittany@example.net,Australia,Online,07-07-2024
301377,Jack Moore,farmerlisa@example.com,Mexico,Wholesale,25-02-2023
301378,Alicia Phillips,ryan54@example.com,Mexico,Retail,20-06-2021
301379,Andrew Brown,johnsonjames@example.net,France,Retail,12-07-2024
301380,Robert Fischer,pschmidt@example.org,Vietnam,Wholesale,25-12-2022
301381,Cindy Tucker,tiffany80@example.org,Vietnam,Retail,01-26-2023
301382,Benjamin Turner,janice26@example.org,Australia,Wholesale,08-02-2025
301383,David Walton,czavala@example.org,United Kingdom,Corporate,22-06-2021
301384,Yolanda West,aking@example.com,United States,Corporate,10-06-2023
301385,Daniel Mendoza,,United states,Retail,05-12-2023
301386,Tammie Alvarez,michaelmartinez@example.net,United Kingdom,Wholesale,15-09-2021
301387,Karen Williams,salinaszachary@example.net,India,Online,27-10-2022
301388,Cynthia Brown,kimberly34@example.org,United States,,08-19-2025
301389,Joseph Flowers,thomaslane@example.net,India,Online,26-May-22
301390,Linda Cole,kimberly53@example.net,France,Retail,31-01-2021
301391,Jerry Doyle,vporter@example.com,France,Wholesale,12-12-2023
301392,Billy Bush,allenkimberly@example.com,India,Retail,09-12-2021
301393,Daniel Powell,stanleyclark@example.org,United States,Corporate,05-26-2021
301394,Mason Olson,juarezmary@example.com,Germany,Wholesale,12-03-2024
301395,Lawrence Novak Jr.,brianphillips@example.net,Canada,Corporate,03-12-2023
301396,Dylan Hood,oray@example.org,United States,Wholesale,29-01-2025
301397,Sara Moses,clarkmelissa@example.org,Brazil,Retail,16-07-2022
301398,Nicole Cooley,davistiffany@example.com,India,Wholesale,08-07-2021
301399,Jon Jones,epayne@example.com,France,Retail,02-08-2021
301400,Alicia Robinson,rossjames@example.org,Japan,,27-12-2022
301401,Teresa Carter,jasongutierrez@example.com,France,Online,02-07-2025
301402,Jamie Walker,royscott@example.net,France,Retail,01-08-2021
301403,William Moon,fernandezsusan@example.org,Brazil,Online,21-01-2022
301404,Erika Brown,christina98@example.com,France,Online,15-05-2024
301405,Nancy Walker,whaynes@example.com,Canada,Online,17-03-2021
301406,Caitlin Armstrong,pwalker@example.org,Japan,Online,26-07-2021
301407,Ruth Brown,chiggins@example.com,France,Wholesale,26-02-2022
301408,Jody Martin,michael39@example.com,United States,Corporate,23-11-2023
301409,Laurie Johnson,wagneramy@example.com,Brazil,Corporate,27-12-2021
301410,Jon Cox,bmathis@example.org,Vietnam,Wholesale,29-09-2024
301411,Miguel Garcia,brookemartin@example.org,India,Wholesale,20-11-2020
301412,Terry Macias,christineramirez@example.net,india,Corporate,08-03-2025
301413,Danny Roach,susan33@example.org,France,Online,12-07-2023
301414,Hunter Williams,rebecca55@example.org,Australia,Wholesale,11-09-2020
301415,Courtney Morgan,laura03@example.com,Mexico,Wholesale,26-03-2021
301416,Rhonda Mitchell,cindyfischer@example.org,Japan,Corporate,27-07-2023
301417,Samuel Long,brittanyanderson@example.net,Japan,Wholesale,17-08-2021
301418,Natalie Cooke,daviddecker@example.com,United States,Wholesale,10-18-2020
301419,Shawn Brown,karen65@example.net,Germany,Wholesale,05-06-2024
301420,Anthony Thomas,emorales@example.com,India,Retail,02-09-2023
301421,Diana Jones,cruzcaitlin@example.com,United States,Corporate,18-12-2022
301422,Stephanie Peterson,willishenry@example.com,Australia,Retail,14-11-2023
301423,John Hall,banderson@example.com,Vietnam,Retail,16-01-2021
301424,Samuel Soto,gking@example.org,Australia,,12-01-2023
301425,Jessica West,,Canada,Corporate,03-03-2024
301426,Stephanie Stewart,josephlee@example.net,Canada,Retail,18-12-2023
301427,David Rivera,stewartjoseph@example.net,Vietnam,Corporate,12-03-2021
301428,Mark Evans,holmesscott@example.net,Vietnam,Wholesale,10-07-2024
301429,John Dickson,,Australia,Wholesale,20-12-2022
301430,Cynthia Cardenas,isabella81@example.net,germany,Corporate,08-07-2025
301431,Adrienne Ingram,bvasquez@example.com,Australia,Corporate,26-07-2021
301432,Christina Clark,katherinechapman@example.net,Brazil,Wholesale,01-11-2023
301433,Shane Bender,matthewmoran@example.net,Vietnam,Retail,25-10-2022
301434,Anthony Meyer,jill83@example.net,United Kingdom,Online,11-02-2022
301435,Erica Kim,ytaylor@example.org,Vietnam,Online,16-05-2023
301436,Jennifer Martinez,,Germany,Online,02-10-2020
301437,Angela Richards,angelathompson@example.com,United Kingdom,Online,14-01-2025
301438,Clifford Daniel,tjackson@example.com,United States,Wholesale,09-15-2020
301439,Kevin King,debbiedavis@example.org,France,,11-07-2021
301440,Donald Roberts,brookefrench@example.net,U.S.A.,Retail,17-08-2024
301441,Christopher Steele,taylorraymond@example.com,Germany,Wholesale,05-03-2024
301442,Samantha Williams,russell21@example.com,China,Corporate,04-04-2025
301443,Alicia Hall,williamskathleen@example.net,China,Retail,04-11-2024
301444,Curtis Harvey,ethanhuff@example.org,France,Wholesale,06-10-2021
301445,Janet Smith,barnesandrew@example.net,United States,Online,05-02-2021
301446,Mr. James Ross,dguerra@example.com,Vietnam,,20-05-2021
301447,Jeanne Robinson,alex95@example.org,Brazil,,17-07-2025
301448,Jeff Wallace,ohopkins@example.net,India,Retail,24-12-2022
301449,Dr. Rachel Wilson,justin16@example.com,China,,22-03-2021
301450,Brett Bailey,darren37@example.org,Brazil,Online,08-05-2021
301451,Jasmine Cox,wshannon@example.org,Mexico,Retail,26-12-2022
301452,Rachel Munoz,cindywilliams@example.com,China,Corporate,10-10-2022
301453,Kara Garrison,huntscott@example.org,Vietnam,Corporate,23-Jan-25
301454,Luis Lopez V,blakejackson@example.net,United States,Retail,04-11-2024
301455,Raymond Miller,rjackson@example.com,China,Online,05-10-2021
301456,Craig Holloway,shane02@example.com,Germany,Wholesale,22-10-2022
301457,Jacqueline Perez,robertbradley@example.com,Australia,Wholesale,13-01-2025
301458,Jose Gross,bryan00@example.net,U.S.A.,Corporate,08-02-2024
301459,Gabrielle Blackwell,rharmon@example.org,Mexico,Corporate,11-05-2022
301460,Cynthia Deleon,,France,Online,13-Feb-21
301461,Michael Williams,omathis@example.com,France,Wholesale,18-01-2023
301462,Jesus Blanchard,joshua70@example.com,Brazil,Wholesale,07-05-2024
301463,Paul Bridges,natalie46@example.com,Australia,Online,20-04-2024
301464,Nicole Powell,,Canada,Corporate,27-04-2021
301465,Joseph Lynch,maysedward@example.com,Australia,Retail,06-02-2021
301466,Ryan Smith,,Vietnam,Retail,15-04-2025
301467,Heidi Mullins,cjohnson@example.org,Mexico,Online,07-10-2020
301468,Thomas Vargas,jasonsanders@example.net,Germany,Corporate,11-03-2024
301469,Robert Ruiz,kelleyderek@example.net,Canada,Online,12-11-2022
301470,Scott Pruitt,kimberly90@example.net,France,Retail,31-Jul-21
301471,Jessica Robinson,,Japan,Wholesale,12-04-2022
301472,Christine Frazier,heathersteele@example.net,Japan,Corporate,03-06-2024
301473,Mrs. Sarah Lindsey,melanie49@example.org,Mexico,Corporate,11-06-2024
301474,Jesus Baker,whubbard@example.org,United States,Wholesale,11-05-2021
301475,Nathaniel Johnson,dharris@example.org,United Kingdom,,23-05-2023
301476,Timothy Lowe,wellssherry@example.net,Australia,Wholesale,04-09-2022
301477,Katrina Gilbert,tracyhoffman@example.com,Japan,Corporate,28-Jul-23
301478,Patricia Barton,stevenellis@example.org,Brazil,Corporate,05-03-2024
301479,Elizabeth Baker,kmatthews@example.org,us,,02-05-2023
301480,Kimberly Mckay,,Brazil,Corporate,11-Sep-21
301481,William Guzman,rodriguezmichael@example.net,United States,Corporate,14-06-2025
301482,Alexander James,bryanmorgan@example.net,Germany,,19-09-2023
301483,David Lawson,susannelson@example.net,France,Retail,10-11-2022
301484,Diana Hartman,terrykirsten@example.net,United States,Retail,24-03-2025
301485,Julie Ryan,,Mexico,Retail,21-01-2024
301486,Denise Walker,,China,Wholesale,01-11-2023
301487,Tammy Garcia,nicole92@example.net,Brazil,Online,25-12-2024
301488,Curtis Cole,wilsonbrian@example.net,Vietnam,Corporate,22-Mar-23
301489,Edwin Griffin,,Japan,Corporate,20-07-2025
301490,Sharon Trevino,jmoore@example.net,China,Wholesale,10-27-2020
301491,Krista Curtis,marissa85@example.org,Australia,Online,29-06-2021
301492,Charles Romero,stephanie27@example.net,United Kingdom,Retail,20-12-2023
301493,Joshua Henderson,ballnicole@example.com,Brazil,Wholesale,16-01-2022
301494,John Myers,grantalyssa@example.org,China,Corporate,15-12-2024
301495,Anthony Todd,virginiafisher@example.net,India,Wholesale,12-Nov-21
301496,Derrick Nguyen,,Mexico,Retail,03-03-2025
301497,Miss Sheri Yoder MD,fitzgeraldkenneth@example.net,United Kingdom,Online,06-12-2021
301498,Christopher Mcdowell,,USA,Corporate,25-04-2025
301499,Daniel Diaz,whiteregina@example.net,United Kingdom,Retail,11-05-2025
301500,Tammy Brown,cbanks@example.org,USA,Retail,03-12-2022
301501,Dana Flores,bobby53@example.net,Brazil,Online,28-04-2021
301502,Paul Graves,xclarke@example.com,Brazil,Online,26-06-2024
301503,Shelly Wilcox,mary88@example.org,Australia,Corporate,24-01-2024
301504,Laura Bolton,,France,Online,05-04-2021
301505,Craig Martinez,zjohnson@example.com,Brazil,Corporate,31-08-2022
301506,Kendra Campbell,andersonbonnie@example.net,Japan,Retail,08-09-2023
301507,Savannah Estrada,denniswilliams@example.com,Vietnam,Corporate,30-09-2024
301508,Cathy Ali,alexbutler@example.org,China,Corporate,05-08-2021
301509,Laura Russell,patriciabennett@example.net,France,Wholesale,06-30-2025
301510,Mary Moore,jasonwalton@example.net,Japan,Corporate,17-03-2025
301511,Kristi Marshall,lhayes@example.com,Brazil,Retail,19-01-2023
301512,Eric Wright,brandonmeza@example.com,Mexico,Corporate,31-03-2025
301513,Anna Gonzalez,theresagreene@example.org,China,Retail,20-02-2025
301514,Allen Prince,kenneth76@example.org,IND,Corporate,14-08-2025
301515,Terri Frye,joyce30@example.com,India,Corporate,11-11-2024
301516,Claudia Wilson,zacharyandrews@example.com,Germany,Online,26-04-2024
301517,Kimberly Anderson,qnewman@example.com,Canada,Online,05-06-2021
301518,Mary Terry,regina59@example.net,France,Corporate,24-02-2022
301519,Clayton Rogers,anthonyrandolph@example.com,Vietnam,Wholesale,29-11-2023
301520,Ashley Harding,kmartinez@example.net,Australia,Wholesale,21-10-2022
301521,Amanda Huerta,richard20@example.org,Brazil,Retail,09-04-2025
301522,Mark Smith,,United Kingdom,,13-01-2023
301523,Brittany Duran,melissa04@example.org,India,Wholesale,11-07-2023
301524,David Page,jeremiah13@example.com,United Kingdom,Retail,22-08-2024
301525,Jared Smith,mhenry@example.net,Brazil,Online,20-12-2023
301526,Wesley Brown MD,tammythomas@example.com,India,,06-07-2021
301527,Lauren Bowen,zacharylee@example.com,Australia,Retail,30-10-2024
301528,Clinton Carter,joshua74@example.net,england,Wholesale,12-11-2020
301529,Katherine Johnson,xcline@example.org,France,Wholesale,16-09-2023
301530,Wayne Smith,egutierrez@example.net,Japan,Wholesale,29-03-2022
301531,Andrew Ellison,christopher32@example.net,Mexico,Retail,08-01-2021
301532,Guy Lee,benjamin18@example.com,China,Retail,18-08-2023
301533,Joshua Miller,morrismary@example.com,Germany,,18-03-2023
301534,Jenna Diaz,,Australia,Online,01-08-2022
301535,Dustin Matthews,loveluis@example.com,United States,Online,08-10-2024
301536,Albert Juarez,gregorybrock@example.org,Japan,Corporate,02-04-2021
301537,Jennifer Martin,allennathan@example.net,Canada,Corporate,26-01-2024
301538,Diana Stanton,kelleramanda@example.org,United States,Wholesale,09-06-2023
301539,Lawrence Morgan,bcampbell@example.net,France,Online,03-06-2021
301540,Miranda Cooper,danderson@example.org,France,Online,01-09-2023
301541,Dennis Smith,gillmary@example.com,China,Online,09-09-2023
301542,Lisa Webb,carlsonblake@example.net,Australia,Wholesale,16-11-2020
301543,Lisa Fernandez,michelle11@example.org,Australia,Online,29-03-2024
301544,Rita Gray,rogersjoshua@example.com,england,,26-01-2024
301545,Robert Allen,rodriguezdiana@example.org,Brazil,,21-06-2023
301546,Michael Huerta,andrewperez@example.com,Vietnam,Corporate,21-02-2022
301547,Trevor Cox,kenneth08@example.net,DE,Online,21-01-2024
301548,Tamara Woodard,wallacebryan@example.com,United Kingdom,Retail,14-02-2025
301549,Laura Daniel,robert76@example.com,Brazil,Retail,24-05-2024
301550,David Warner,xlivingston@example.org,Japan,Wholesale,29-04-2021
301551,James Singh,allen57@example.net,Canada,Online,18-07-2025
301552,Terry Black,riveralisa@example.com,Vietnam,Corporate,14-03-2025
301553,David Calderon,bradley81@example.net,Mexico,Wholesale,05-11-2021
301554,Adam Gardner,smithjavier@example.org,Japan,Corporate,10-31-2023
301555,Amy Yang DDS,michaeljohnson@example.com,Canada,,17-08-2023
301556,Pamela Stevens,ashley95@example.org,Germany,Online,11-05-2022
301557,Samantha Costa,williamsjennifer@example.com,Australia,Online,13-12-2024
301558,Julie Stark,qmichael@example.com,Brazil,Corporate,17-11-2020
301559,Mark Crane,floresjulie@example.net,France,Wholesale,14-12-2021
301560,Gary Palmer,grantcrystal@example.org,Japan,Corporate,27-01-2022
301561,Hannah Bell,,Canada,,03-04-2024
301562,Jared Camacho,edward79@example.com,France,Retail,06-22-2024
301563,Jamie Young,agarcia@example.org,Brazil,Corporate,04-12-2020
301564,Jermaine Phillips,katherinewinters@example.com,Vietnam,Corporate,19-03-2022
301565,Robert Brown,anthony53@example.net,Brazil,Online,29-09-2020
301566,Michael Walters,hendersonlisa@example.com,France,Retail,07-Sep-20
301567,Jeremiah Brown,haroldturner@example.org,France,Wholesale,12-10-2022
301568,Jeremy Baker,,United Kingdom,Online,21-11-2021
301569,Robert Benson,usilva@example.net,China,Corporate,29-06-2022
301570,Nancy Blake,,germany,Corporate,19-12-2022
301571,Daniel Rivera,spencerjames@example.com,Japan,Retail,25-11-2024
301572,Mark Hansen MD,brookstaylor@example.org,France,Online,25-03-2024
301573,Melissa Abbott PhD,weaverjohn@example.org,Germany,Wholesale,07-08-2025
301574,Cody Johnson,ryan33@example.org,Canada,Wholesale,09-10-2024
301575,Michael Hale,kristianderson@example.net,DE,,30-11-2024
301576,David Lopez,marcohines@example.com,Australia,Corporate,27-08-2025
301577,Julia Williamson,jonathangonzales@example.org,Australia,Wholesale,03-05-2025
301578,Courtney Nichols,denise02@example.org,India,Online,10-10-2023
301579,Brandon Barker,brownchristina@example.org,United States,Online,04-02-2024
301580,Douglas Taylor,troy19@example.net,Mexico,Retail,20-06-2024
301581,Alexa Chambers,lori15@example.com,Vietnam,Online,17-04-2023
301582,James Melendez,kmorris@example.net,Australia,Retail,12-Feb-24
301583,Juan Walker,,Mexico,Online,17-09-2023
301584,Christopher Ayala,uhaney@example.org,United Kingdom,Wholesale,03-08-2025
301585,John Robinson DVM,gtanner@example.net,United States,Wholesale,26-03-2025
301586,Jennifer Evans,zjohnson@example.com,Japan,Corporate,19-06-2025
301587,Amy Gray,rogerslawrence@example.net,Brazil,Retail,06-09-2020
301588,Mark Miller,bowmankylie@example.com,France,Wholesale,08-03-2023
301589,Jon Smith,wkennedy@example.com,Mexico,Online,21-04-2024
301590,Jason Watson,wilkinsonrussell@example.org,France,Online,13-Mar-23
301591,Michael Lee,cynthia64@example.com,Vietnam,Wholesale,25-09-2020
301592,Jerome Edwards,nbrewer@example.org,Mexico,Corporate,23-04-2024
301593,Kevin Carrillo,igoodman@example.net,India,Online,12-04-2023
301594,Rachel Scott DVM,vjohnson@example.net,Japan,Retail,20-01-2022
301595,Alexis Campbell,douglasbutler@example.com,Australia,Retail,08-02-2025
301596,Patrick Hester,patricia12@example.org,Canada,Retail,23-02-2022
301597,Michele Gilmore,guerrerorenee@example.com,China,Corporate,13-06-2021
301598,Gina King,lyonsian@example.com,Australia,Retail,29-09-2023
301599,Tamara Martin,lisastanton@example.net,DE,Corporate,06-11-2022
301600,Elizabeth Serrano,matthewespinoza@example.net,IND,Retail,29-Mar-25
301601,Ryan Schroeder MD,jamiefox@example.net,China,Corporate,03-09-2023
301602,Matthew Kaufman,carlos80@example.com,Japan,Online,28-Nov-23
301603,Mrs. Miranda Johnston,richard79@example.net,Brazil,Retail,25-02-2024
301604,Denise Johnson,zachary79@example.com,Canada,Retail,07-05-2023
301605,Cheryl Gregory,tashachase@example.com,Japan,Online,03-07-2023
301606,Bryan Franco,berrydonald@example.org,Australia,,08-06-2021
301607,Brett Morris,jessica86@example.com,Australia,Corporate,02-08-2022
301608,Kelly Ross,karen57@example.com,Canada,Corporate,26-04-2022
301609,Dawn Jordan,,India,Corporate,01-03-2021
301610,Jennifer Schmidt,kellybrown@example.org,Vietnam,Retail,09-05-2022
301611,Frederick Moore,michelle41@example.net,Australia,,27-09-2022
301612,Edward Thomas,jamesrussell@example.net,Canada,Retail,11-Aug-23
301613,Reginald Copeland,ucamacho@example.org,United Kingdom,Retail,27-08-2025
301614,Jennifer Williams,lisa42@example.org,France,Retail,05-12-2022
301615,Christopher Salinas,,Australia,Corporate,25-03-2023
301616,Lee Salas,lewiselizabeth@example.org,India,Wholesale,04-05-2023
301617,Austin Lawson,kparrish@example.com,Canada,Corporate,02-08-2023
301618,William Peters,clarkpaul@example.com,Japan,Wholesale,04-05-2021
301619,Thomas Marshall,,Japan,Corporate,19-04-2023
301620,Alexis Morris,ashleyrhodes@example.com,Germany,Online,08-08-2025
301621,Kimberly Taylor,,Japan,Retail,03-08-2023
301622,Shane Gates,taragomez@example.net,Vietnam,Wholesale,12-02-2021
301623,Evelyn Ramirez,mcdonaldmegan@example.org,United States,Corporate,01-09-2023
301624,Patrick Ortega,,India,Wholesale,13-11-2020
301625,Travis Douglas,palmerronald@example.com,China,Online,24-06-2022
301626,Mikayla Harris,maryflores@example.net,Germany,Online,19-08-2025
301627,Jose Pace,duncanerik@example.net,Vietnam,Retail,07-04-2023
301628,Steven Johnson,jennifer69@example.com,Vietnam,Retail,30-Jun-24
301629,John Reilly,coreyhendrix@example.org,Vietnam,Retail,29-06-2021
301630,Christopher Garza,watsontina@example.net,Japan,Corporate,29-02-2024
301631,Ann Fernandez,kenneththomas@example.com,india,Online,12-04-2025
301632,Kristine Perry,mahoneysarah@example.org,China,Corporate,12-10-2024
301633,Connie Wells,lweber@example.org,Germany,Corporate,01-05-2021
301634,Crystal Shelton,johnsonlisa@example.com,United Kingdom,Online,26-07-2025
301635,Robert Weaver,jbrown@example.com,Canada,Retail,31-03-2022
301636,Ms. Michele Jones,ufisher@example.com,Brazil,Wholesale,17-09-2024
301637,Virginia Johns,cameronkaitlyn@example.com,India,Corporate,04-09-2021
301638,Austin Snyder,grantkevin@example.net,Germany,Retail,27-03-2023
301639,Lori Jackson,williampierce@example.com,Mexico,Wholesale,08-08-2025
301640,Shannon Chung,jross@example.org,India,Online,09-20-2022
301641,Catherine Walls,chenmatthew@example.org,China,Corporate,20-08-2023
301642,Ariel Hebert,,Japan,Online,27-05-2023
301643,Robert Banks,zsmith@example.com,Japan,Corporate,21-03-2023
301644,Linda Marks,gibsondavid@example.com,Vietnam,Online,29-03-2024
301645,Brianna Tran,jeffreywhitehead@example.net,Japan,Retail,24-07-2024
301646,Mary Lawson,pmorse@example.net,Brazil,,24-12-2023
301647,Garrett Dixon,yatkins@example.net,Vietnam,,31-03-2022
301648,Cheryl Gomez MD,vramos@example.org,China,Retail,27-12-2024
301649,Mary Hobbs,morrismatthew@example.org,China,Corporate,29-06-2024
301650,Jessica Stein,,Australia,Wholesale,27-01-2024
301651,Nancy Black,jose45@example.net,China,,03-10-2023
301652,Billy Brown,ptapia@example.net,Mexico,Corporate,09-05-2023
301653,Darrell Wong,melissa36@example.net,Germany,Retail,05-03-2021
301654,Mark Long,manningbrandi@example.com,Vietnam,Retail,13-08-2025
301655,Jeremy Brown,jessebeltran@example.net,France,Wholesale,20-01-2025
301656,Edgar Jenkins,sandrews@example.org,Japan,Corporate,31-12-2021
301657,Sabrina Henderson DVM,lisa16@example.org,U.K.,Wholesale,28-03-2025
301658,Karen Chang,mistykelly@example.com,USA,Wholesale,09-05-2025
301659,Caitlin Kent,elainehall@example.net,USA,Corporate,30-06-2022
301660,Natalie Page,annettedavis@example.net,Japan,Retail,19-Aug-22
301661,Elizabeth Martin,jeremyevans@example.com,Brazil,Online,04-07-2022
301662,Andrea Reed,amanda96@example.com,China,Wholesale,08-12-2024
301663,Daniel Carter,tbradford@example.com,Brazil,,13-10-2020
301664,Haley Chen,amy17@example.com,Brazil,Online,10-Aug-22
301665,Lisa Coleman,asmith@example.org,United Kingdom,Wholesale,14-05-2024
301666,Matthew Sullivan,brewersherri@example.org,Australia,Online,24-02-2025
301667,Sara Contreras,dhale@example.net,Australia,Online,21-10-2021
301668,Christina Tucker,vroberts@example.org,India,Online,14-08-2023
301669,Beth Sullivan,tashatownsend@example.org,United states,Wholesale,16-08-2023
301670,Samuel Bailey,andrewsdebbie@example.com,United Kingdom,Online,21-09-2024
301671,Justin Lopez,hchavez@example.net,China,Corporate,14-03-2024
301672,Jennifer Cisneros MD,julie34@example.org,Canada,Retail,24-05-2024
301673,Brandy Sweeney,dennishale@example.org,germany,Retail,20-09-2024
301674,Amanda Yoder,jessicastanton@example.net,Australia,Wholesale,03-01-2022
301675,Hunter Yang,wellsshaun@example.org,Mexico,Corporate,08-10-2021
301676,Desiree Powell,kelly92@example.org,Brazil,Wholesale,20-04-2022
301677,Amy Torres,,United States,Corporate,21-11-2021
301678,Robin Rodriguez,wsanchez@example.org,United Kingdom,,13-05-2021
301679,Kevin Christensen,oenglish@example.com,United states,Wholesale,25-07-2022
301680,Margaret Tucker,qbennett@example.org,Brazil,,12-06-2022
301681,Daniel Garrison,aaron25@example.com,Canada,Retail,27-02-2022
301682,Christine Zuniga,,Canada,,25-12-2020
301683,Thomas Perez,,Vietnam,Online,26-01-2023
301684,Desiree Simon,brookstimothy@example.net,Japan,Corporate,29-12-2020
301685,Brandon Green,dfox@example.net,us,Wholesale,23-10-2024
301686,Cesar Watts,alexis54@example.org,United Kingdom,Wholesale,13-10-2024
301687,Jessica Palmer,,DE,Online,13-11-2022
301688,Michael Castillo,christopherharris@example.org,Brazil,Retail,03-12-2020
301689,Danielle Hamilton,gjackson@example.org,IND,,15-04-2022
301690,Kimberly Davis,umccoy@example.com,France,Retail,04-02-2023
301691,Jesse Brown,thomasronald@example.net,Mexico,Wholesale,03-Mar-22
301692,Robert Jones,harold30@example.com,DE,Wholesale,12-12-2023
301693,Anthony Haley,psawyer@example.net,United States,Wholesale,30-10-2020
301694,Alicia Nguyen,,France,Retail,17-05-2025
301695,Jamie Castillo,edwardsjonathan@example.net,United Kingdom,Online,10-02-2022
301696,Brandon Heath,norozco@example.net,Germany,Corporate,11-08-2023
301697,Samuel Ramirez,esparzajesse@example.net,DE,Online,06-04-2023
301698,Amber Gray,daviselizabeth@example.net,China,Wholesale,26-04-2021
301699,Ashley Clark,jason91@example.org,China,Online,14-06-2024
301700,Christopher Gray,hoganeric@example.net,United states,Corporate,21-10-2021
301701,Scott Shelton,david42@example.net,Mexico,Online,27-08-2023
301702,Elizabeth Ramos,thompsonbrandy@example.com,Vietnam,Wholesale,30-08-2022
301703,Patrick Blair,john77@example.net,Vietnam,Wholesale,24-10-2022
301704,Destiny Berry,gregory73@example.com,Brazil,Retail,10-03-2025
301705,Felicia Thompson,zholden@example.com,France,Corporate,09-09-2022
301706,Andrea Freeman,xhorne@example.org,england,Online,25-09-2024
301707,Lisa Butler,daniel75@example.org,Canada,,09-01-2025
301708,Melissa Moore,rwaters@example.com,U.K.,Corporate,29-11-2021
301709,David Clark,omartinez@example.net,india,Online,02-11-2022
301710,David Roberts,lsnyder@example.org,Mexico,Wholesale,03-06-2023
301711,Brad Davidson,vtapia@example.net,Mexico,Corporate,02-25-2022
301712,Devon Bentley,robert58@example.net,IND,Corporate,26-05-2023
301713,Allison Glover,jcross@example.com,China,Corporate,23-Oct-22
301714,Cynthia Franklin,perrymichael@example.org,Mexico,Wholesale,29-06-2023
301715,Ashley Prince,heatherdavis@example.org,Germany,Online,13-01-2024
301716,Kara Gray,xvazquez@example.org,Mexico,Retail,12-10-2020
301717,Louis Olsen,petersdonald@example.net,Mexico,Online,18-05-2025
301718,Carlos Martinez,raymond39@example.com,Germany,Retail,15-01-2022
301719,Clinton Day,kaitlynfrey@example.net,Germany,Retail,30-07-2024
301720,Elizabeth Christensen,sallylee@example.org,Vietnam,Corporate,27-06-2021
301721,Lauren Drake,,Germany,Corporate,18-12-2022
301722,Wendy Rodriguez,ypark@example.net,United States,Corporate,12-03-2023
301723,Marc Hayes,jenkinspamela@example.org,Mexico,,15-02-2022
301724,Brian Garcia,wrodriguez@example.net,China,Retail,03-10-2021
301725,Nathan Bradley,jessica01@example.org,France,Online,20-10-2020
301726,Dillon Alvarez,qwhitaker@example.org,India,Wholesale,18-10-2021
301727,Robert Campbell,christopher01@example.com,Vietnam,Online,13-06-2025
301728,Benjamin King,garciaalex@example.com,Germany,Online,18-Feb-23
301729,Mary Miller,williamslarry@example.org,China,Retail,23-07-2023
301730,Joseph Rivas,hcastaneda@example.com,Vietnam,Corporate,17-02-2025
301731,Dr. Andrea Oliver MD,drew34@example.net,United Kingdom,Retail,30-03-2025
301732,Elizabeth Green,wendyclark@example.org,Germany,Retail,20-Feb-25
301733,John Joyce,tuckersheila@example.net,Brazil,Retail,14-01-2021
301734,Janet Miller,sgarcia@example.org,China,Retail,01-03-2021
301735,Shawn Patton,aguilarkyle@example.org,germany,Corporate,13-08-2024
301736,John Dillon,tarameyer@example.net,Germany,Retail,24-08-2025
301737,Casey Ferguson,logan71@example.net,Canada,Online,08-02-2021
301738,Samuel Richardson,bphillips@example.org,France,Wholesale,09-24-2021
301739,Richard Miller,hturner@example.net,United Kingdom,Retail,10-09-2023
301740,Kenneth Mitchell,,China,Wholesale,05-08-2025
301741,David Mora,,Canada,Corporate,18-01-2025
301742,Jasmine Russell,lisa52@example.com,France,Retail,31-10-2022
301743,Nancy Barry,taylormichael@example.com,Australia,Wholesale,17-07-2021
301744,Michael Silva,abigail56@example.com,DE,Online,07-04-2024
301745,Vicki Harper,johnsondaniel@example.net,USA,,08-Sep-23
301746,Jerry Crosby,xclark@example.net,Vietnam,,02-03-2024
301747,William West,bryantpeter@example.org,england,,22-02-2022
301748,Jacob Green,alvarezelizabeth@example.org,Mexico,Corporate,19-06-2024
301749,Dr. Ashley Walker DVM,ahicks@example.org,United Kingdom,Retail,18-02-2022
301750,Kayla Strickland,mcdowelladam@example.net,Japan,Retail,19-12-2021
301751,Joshua Brown,vanessa17@example.org,england,Online,26-07-2025
301752,Jason Lee,martinezmolly@example.net,Mexico,,07-05-2023
301753,Juan White,justinherrera@example.com,France,Online,21-06-2021
301754,Corey Cooke,anthony41@example.org,France,Retail,19-04-2022
301755,Jodi Lang,nathancasey@example.net,england,Retail,18-04-2024
301756,Michael Mckenzie,james72@example.org,Australia,Wholesale,29-03-2021
301757,Bonnie Petersen,oroberts@example.net,Brazil,Retail,29-06-2024
301758,John Hooper,bwarren@example.org,Brazil,Retail,06-05-2025
301759,Benjamin Jacobson,howellrenee@example.net,Vietnam,Retail,19-04-2025
301760,Billy Cook,kristindixon@example.org,Brazil,Online,19-May-25
301761,John Ortiz,oroberts@example.org,U.K.,Retail,24-04-2025
301762,Martin Craig,andrewwalker@example.com,Canada,Online,02-06-2023
301763,Maria Donaldson,stevenrichards@example.org,Brazil,Online,25-02-2023
301764,Rodney Oliver,pking@example.net,Australia,Retail,02-01-2024
301765,Emma Rivera,susan75@example.net,Vietnam,Online,04-09-2022
301766,Alisha Malone,barbaradoyle@example.com,Vietnam,Wholesale,11-07-2023
301767,Mark Norris,patricia89@example.net,China,Wholesale,05-09-2023
301768,Nicholas Price,ostevens@example.com,Japan,Corporate,10-23-2022
301769,Steven Miller,douglas61@example.org,United States,Retail,06-11-2024
301770,Elizabeth Nolan,taylorjeffrey@example.org,germany,Corporate,03-10-2022
301771,Nathan Gilbert,daniellesweeney@example.com,Mexico,Retail,23-03-2023
301772,Ryan Heath,,Vietnam,Corporate,04-01-2022
301773,Cynthia Taylor,grant48@example.org,Vietnam,Retail,28-04-2023
301774,Jesse Martinez,cortezmatthew@example.com,United States,Retail,01-07-2024
301775,George Ellis,cruzmary@example.net,India,Wholesale,01-09-2023
301776,Donald Wood,allenkathryn@example.org,Japan,Wholesale,16-09-2024
301777,Gail Greene,howard31@example.com,Australia,Online,12-13-2023
301778,Brenda Hughes,ramirezrhonda@example.org,Mexico,Online,12-11-2023
301779,Taylor Vaughn,ramoscory@example.com,Germany,Retail,09-09-2023
301780,Sandra Johnson,russellamber@example.org,United States,Online,03-Jun-25
301781,David Thompson,nreyes@example.com,India,Wholesale,10-03-2025
301782,Jennifer Andersen,,France,Online,15-12-2024
301783,Elizabeth Deleon,adrian20@example.com,United States,Wholesale,06-08-2023
301784,Ashley Allen,jasonmontgomery@example.com,United States,Online,20-02-2021
301785,Antonio Brown,whitebonnie@example.com,Brazil,Retail,08-09-2023
301786,Clinton Peterson,holly18@example.net,India,Retail,25-10-2022
301787,Ellen Acosta,jeremymitchell@example.com,Japan,Corporate,04-07-2022
301788,Breanna Young,dcurtis@example.com,India,Wholesale,19-04-2024
301789,Angela Rivera,scott43@example.com,Japan,Retail,30-03-2025
301790,Lisa Landry,james91@example.org,Canada,Retail,23-09-2020
301791,Jessica Fisher,wmorgan@example.org,Vietnam,Corporate,06-01-2024
301792,Olivia Jones,bowersethan@example.org,Germany,Retail,17-12-2023
301793,Karen Brown,roblescolleen@example.org,Brazil,Corporate,08-10-2024
301794,Brian Mendoza,ojohnson@example.com,China,Retail,29-04-2021
301795,David Hernandez,wmartinez@example.net,Australia,Retail,30-10-2023
301796,Jamie Reid,deborah56@example.org,France,Retail,10-06-2021
301797,Dustin Hernandez,james00@example.net,India,Corporate,22-03-2025
301798,Patricia Sanchez,morganwarner@example.org,France,Corporate,21-11-2021
301799,Gregory Hopkins,njames@example.org,China,Retail,09-13-2021
301800,Kimberly Scott,mhopkins@example.net,France,,08-07-2025
301801,Benjamin Duke,samanthataylor@example.org,United Kingdom,Wholesale,24-02-2023
301802,Seth Olsen,frank66@example.com,Germany,Wholesale,26-02-2021
301803,Ricky Robinson,bryce27@example.org,China,Corporate,01-08-2021
301804,Gregory Rivers,tracydavenport@example.net,India,Retail,18-08-2025
301805,Jasmin Harrison,cgreen@example.net,Germany,Wholesale,17-08-2022
301806,Christopher Olsen,jean10@example.com,us,Online,02-17-2022
301807,Aaron Gutierrez,tarabarnes@example.com,France,Online,12-09-2022
301808,Brian Cardenas,clinekatie@example.com,China,Retail,02-05-2023
301809,Cassie Duffy,jacqueline97@example.net,Australia,Retail,16-01-2025
301810,Shawn Delacruz,andersondaniel@example.com,USA,Wholesale,20-07-2024
301811,Stephanie Lopez,kellysnyder@example.net,Australia,Wholesale,03-01-2025
301812,Sarah Barnett,mitchellmichael@example.com,Brazil,Wholesale,01-08-2025
301813,Shawn Brooks,helen07@example.org,China,,12-04-2024
301814,Kendra Davis,jpeters@example.org,France,Retail,06-09-2021
301815,Shirley Steele,levi67@example.com,China,Wholesale,18-08-2021
301816,James Russell,,United Kingdom,Wholesale,29-06-2024
301817,Austin Taylor,anthonyavery@example.org,Germany,Corporate,18-10-2022
301818,Kelly Gordon,david48@example.org,United States,Online,13-02-2025
301819,Jenny Hayes,yjohnson@example.net,United Kingdom,Retail,08-09-2021
301820,Kimberly Sullivan,terrypatrick@example.com,Brazil,,30-Jun-21
301821,Thomas Macdonald,andrewgalloway@example.com,Australia,,12-11-2023
301822,Amber Camacho,josewood@example.org,Germany,Corporate,24-01-2022
301823,Jacqueline Summers,,Vietnam,,16-03-2025
301824,Richard Schmidt,fernandezbrandon@example.net,France,,08-15-2022
301825,Nicole Moss,jonathan10@example.com,Mexico,Corporate,05-01-2024
301826,Gregory Cruz,charles35@example.org,Australia,Corporate,21-12-2020
301827,Denise Brewer,ucollins@example.com,india,Online,11-04-2023
301828,Marcus Smith,ublack@example.com,India,,12-03-2023
301829,Ryan Hayes,barry90@example.org,Japan,Retail,27-01-2022
301830,Mary Sullivan,timothygarcia@example.org,Japan,Wholesale,08-02-2025
301831,Jean Pollard,krodriguez@example.net,United Kingdom,Online,13-03-2021
301832,Jessica Riley,elizabethmoore@example.org,Vietnam,Corporate,06-01-2023
301833,Frank Johnson,nicholasscott@example.net,France,Online,18-Jan-23
301834,Jennifer Gonzales,amywright@example.org,France,,12-05-2023
301835,Leslie Juarez,justinhughes@example.net,Mexico,Corporate,07-08-2025
301836,Ricardo Olson,jonesmark@example.com,United Kingdom,Wholesale,17-05-2021
301837,John Melton,briggskimberly@example.org,France,Corporate,23-Apr-25
301838,Christine Santana,wwhite@example.com,Germany,Wholesale,03-06-2021
301839,Maria Scott,littlelisa@example.net,Brazil,Retail,25-10-2022
301840,Shaun Wood,ronald30@example.net,Vietnam,Online,20-12-2020
301841,Thomas Nichols,umartinez@example.org,Germany,,31-12-2022
301842,Courtney Grimes,stephanieleon@example.com,China,Retail,10-11-2023
301843,Nicole Martinez,donald27@example.net,Brazil,Wholesale,11-12-2022
301844,Aaron Morrison,ramoschristopher@example.org,Mexico,Wholesale,09-03-2023
301845,Scott Taylor,emily73@example.net,india,Corporate,26-11-2020
301846,Matthew Allison,gduke@example.net,Japan,Online,26-06-2025
301847,Stephanie Michael,xrodriguez@example.net,Japan,Retail,01-11-2024
301848,James Carrillo,mphillips@example.net,Germany,Retail,09-18-2023
301849,Scott Lee,allen95@example.org,United States,Wholesale,12-04-2024
301850,Diane Taylor,xfleming@example.org,India,Wholesale,21-06-2021
301851,Tina White,rileykathleen@example.org,India,Online,25-07-2024
301852,Judy Cox,timothy36@example.org,Germany,Corporate,01-08-2025
301853,Richard Willis,velezmark@example.net,Australia,Corporate,22-06-2024
301854,James Poole,robertjohnson@example.org,China,Wholesale,03-05-2024
301855,Kenneth Clark,megan59@example.com,england,Online,03-May-21
301856,Christina Flores,michaelkline@example.net,Australia,Corporate,24-12-2024
301857,Jamie Hudson,patrick86@example.net,United Kingdom,Wholesale,07-08-2021
301858,Ronald Burnett,mcdowellchristopher@example.com,Mexico,Wholesale,08-08-2022
301859,Jennifer Diaz,lanceryan@example.com,Australia,Wholesale,16-02-2024
301860,Carol Le,kellywilliams@example.org,IND,Corporate,15-12-2024
301861,Mary Smith,fbeck@example.com,USA,Corporate,10-02-2024
301862,Alan Miller,hansenmatthew@example.org,Mexico,Retail,31-12-2023
301863,Brian Best II,kochheather@example.org,Japan,Corporate,13-10-2024
301864,Jason Rios,patrickmarquez@example.org,United Kingdom,Retail,09-08-2025
301865,Anthony Bowen,foxbrooke@example.org,Vietnam,Wholesale,21-Sep-24
301866,Brian Smith,melissa80@example.org,India,Wholesale,29-12-2020
301867,Mrs. Melissa Ramirez,amy92@example.net,Mexico,Online,19-Apr-23
301868,Crystal Mclean,cynthiabutler@example.org,Mexico,Corporate,30-01-2024
301869,Christopher Hendricks,huntlisa@example.org,Canada,Retail,16-11-2021
301870,Jessica Jones,kimberly47@example.org,India,Online,03-08-2025
301871,Connie Holder,johnsonmichael@example.net,France,Wholesale,08-01-2025
301872,Natalie Smith,mcrawford@example.net,France,Corporate,25-05-2025
301873,Veronica Davis,burgessdonald@example.com,Mexico,Corporate,26-11-2022
301874,Jason Boyer,todddale@example.com,United Kingdom,Online,12-09-2023
301875,Annette Simpson,ikane@example.net,China,Wholesale,10-19-2022
301876,Claire Mcintosh,qgardner@example.net,China,Retail,27-04-2023
301877,Matthew Koch,stevemorales@example.net,Australia,Retail,14-06-2022
301878,Jeffrey Robertson,hudsongwendolyn@example.com,Brazil,,17-06-2021
301879,James Montoya,jacobrangel@example.net,U.S.A.,Retail,19-11-2023
301880,Tracy Smith,beverly35@example.net,Canada,Retail,17-01-2024
301881,Glenn Woods,,Canada,Retail,05-05-2023
301882,Alexander Roberson,susan80@example.com,U.S.A.,Online,04-11-2024
301883,Michael Mcconnell,mejiadaniel@example.com,Brazil,,23-10-2020
301884,Chelsea Jones,brittanyrush@example.com,Canada,Retail,24-04-2022
301885,Brandon Patel,wongmckenzie@example.com,Japan,Online,31-12-2024
301886,Shane Ward,,United States,,17-04-2023
301887,Catherine Gould,dbailey@example.org,Brazil,Corporate,05-Jan-22
301888,Patricia Lawrence,martinezjessica@example.org,United states,,18-10-2023
301889,Mathew Myers,snydergeorge@example.org,Vietnam,Wholesale,13-05-2022
301890,Haley Cowan,jeremylopez@example.net,england,Corporate,03-Sep-22
301891,Justin Cruz,smithstephanie@example.net,France,Wholesale,19-09-2021
301892,Robin Floyd,bcurtis@example.org,United Kingdom,,23-08-2021
301893,Joanne Allen,,Canada,Wholesale,17-12-2021
301894,Destiny Myers,rachel74@example.org,United Kingdom,Corporate,15-02-2021
301895,Katherine Clark,jon53@example.com,Germany,Wholesale,07-04-2024
301896,James Patterson,ggomez@example.org,Canada,Wholesale,26-04-2022
301897,Katie Buchanan,donnamcintosh@example.net,United Kingdom,Corporate,30-12-2023
301898,Christopher Butler,,Vietnam,Online,26-05-2023
301899,Allen Alvarado,hkennedy@example.com,Japan,Wholesale,03-04-2023
301900,Lisa Sanchez,,Canada,Wholesale,08-09-2020
301901,Darlene Sanchez,sshea@example.com,Japan,Corporate,03-10-2021
301902,Alexander Ramsey,luis05@example.net,Germany,Retail,30-12-2024
301903,Derrick Ford,williamsjames@example.org,Brazil,Corporate,28-10-2020
301904,Olivia Bradley,,Canada,Wholesale,02-04-2025
301905,Leslie Nelson,,Australia,Wholesale,14-03-2025
301906,Chad Hansen,daniel02@example.net,Vietnam,Wholesale,16-04-2025
301907,Willie Johnson,susandavis@example.org,India,Corporate,25-02-2024
301908,Brenda Marshall,kelsey33@example.com,U.K.,Wholesale,20-05-2022
301909,Erin Miller,rodriguezjohn@example.com,Canada,Wholesale,07-10-2023
301910,Sean Morales,,United Kingdom,Online,07-18-2023
301911,Jamie White,daniel08@example.com,Japan,Retail,03-06-2023
301912,Kristen Rhodes,kelly14@example.net,Mexico,Corporate,22-Feb-23
301913,Rebecca Colon,richardsmario@example.org,Vietnam,Corporate,06-12-2024
301914,Elizabeth Poole,katelyn37@example.net,France,Corporate,18-01-2023
301915,Brandy Lopez,perryjames@example.com,China,,27-10-2020
301916,Ryan Singleton,maria56@example.net,Canada,Wholesale,30-11-2021
301917,Carol Coleman,thompsonroger@example.net,United States,Wholesale,10-04-2024
301918,William Pena,lmoore@example.net,India,Online,14-Dec-21
301919,David Munoz,yallen@example.org,Mexico,Retail,30-04-2025
301920,Tiffany Graham,teverett@example.com,Germany,Corporate,04-12-2025
301921,Luis Lawrence,samanthamartinez@example.net,Germany,Online,29-10-2020
301922,Darren Lara,stephanielewis@example.org,U.K.,,08-03-2024
301923,Kristi Bernard,,France,Wholesale,20-10-2024
301924,Lawrence Allen,,U.S.A.,Wholesale,05-06-2021
301925,David Anderson,katie76@example.com,Brazil,Wholesale,04-08-2024
301926,Ashley Rivera,goodmancourtney@example.org,Canada,Online,03-08-2021
301927,Michelle Lucas,ryangilbert@example.org,IND,Retail,20-02-2025
301928,Andrew Delgado,elizabethrichards@example.com,Mexico,Corporate,29-03-2025
301929,Erica Russell,frysharon@example.net,China,Wholesale,04-04-2021
301930,Toni Lamb,,germany,Corporate,19-04-2021
301931,Michael Miller,simontracy@example.net,Canada,Corporate,22-03-2021
301932,Joshua Sanders,buchananscott@example.net,Australia,Corporate,11-06-2021
301933,Ashley Johnson,annettefleming@example.com,United States,Wholesale,19-Dec-22
301934,Hannah Larson,brooksjames@example.com,United Kingdom,Retail,01-09-2020
301935,Robert Thompson,kimberlybennett@example.net,Canada,Online,13-01-2022
301936,Louis Eaton DDS,dana02@example.net,United Kingdom,Retail,19-11-2021
301937,Philip Williams,nelsoncassandra@example.net,Germany,Corporate,31-03-2022
301938,Michael Stevens,kenneth18@example.net,France,Wholesale,10-08-2024
301939,Jeff Wagner,jonesjohn@example.net,United States,Wholesale,13-Apr-24
301940,Benjamin Savage,craig34@example.com,Mexico,,28-12-2023
301941,Caitlin Smith,amandapayne@example.com,Canada,Wholesale,18-12-2020
301942,Ray Singh,keithemily@example.net,Germany,Retail,23-08-2024
301943,Jennifer Perry,youngannette@example.net,Australia,Retail,09-04-2021
301944,Meredith Mooney,dburke@example.net,China,Corporate,25-01-2024
301945,Maria Patterson,brandonjohnson@example.org,France,Retail,20-03-2023
301946,Ariel Williams,dgentry@example.org,India,Corporate,25-01-2021
301947,Jacob Bauer,dalton37@example.org,Australia,Corporate,31-10-2022
301948,Brian Norman,deanlauren@example.com,Japan,Online,24-04-2023
301949,Jennifer Kennedy,ycooper@example.org,U.K.,Wholesale,22-06-2022
301950,Jonathan Young,znavarro@example.org,United States,Wholesale,31-08-2023
301951,Kathryn Brady,wallen@example.com,China,Retail,08-02-2024
301952,Pamela James,bstephens@example.com,Mexico,Corporate,13-03-2021
301953,Brett Stephens,cburgess@example.org,France,Online,25-06-2022
301954,Matthew Love,elizabeth14@example.com,United Kingdom,Corporate,23-04-2024
301955,Casey Coleman,aaronbean@example.org,Japan,Wholesale,07-08-2024
301956,Richard Sutton,conniegarcia@example.org,Germany,Online,08-Jan-21
301957,Kyle Mooney,aclark@example.com,Vietnam,Corporate,21-02-2022
301958,Jasmine Bennett,ewatkins@example.org,France,Retail,23-01-2023
301959,Peggy Hall,ramirezjeffrey@example.net,Japan,Retail,30-09-2021
301960,Jennifer Perez,cannonbarbara@example.org,Brazil,Retail,06-09-2023
301961,Troy Travis,stanleygary@example.org,Germany,Retail,05-25-2024
301962,Diana Williams,brendan29@example.org,Japan,Corporate,31-07-2022
301963,Carl Moore,mmartinez@example.org,Japan,Retail,27-01-2021
301964,Michael Barton,epearson@example.com,Canada,Retail,06-02-2021
301965,Monica Copeland,marissa74@example.net,Mexico,Online,19-Jan-24
301966,Amy Martin,danielmartinez@example.com,France,Wholesale,26-09-2023
301967,George Butler,tranamanda@example.org,India,Online,25-05-2023
301968,Alexandra Jones,crystalcohen@example.net,United Kingdom,Retail,21-08-2025
301969,Anna Russell,jacksonsteven@example.com,France,,26-03-2022
301970,Christopher Delacruz,mgarcia@example.com,United states,Online,29-10-2024
301971,Thomas Hunter,berrypatricia@example.net,Canada,Corporate,16-09-2023
301972,Mariah Eaton,myerstiffany@example.org,United States,Wholesale,05-12-2024
301973,Daniel Morrow,,United Kingdom,Retail,25-Feb-24
301974,Carolyn Price,robertmartinez@example.org,United States,Retail,10-08-2021
301975,Kelsey Adams,websterbrandon@example.net,Brazil,Wholesale,18-01-2021
301976,John Martin,kara58@example.com,Germany,Retail,04-09-2023
301977,Jason Ponce,erinstark@example.net,United States,Wholesale,08-03-2023
301978,John Ramirez,cassandramoore@example.com,India,Corporate,16-Jun-24
301979,Ashley Stokes,bassjackie@example.org,Japan,Online,20-07-2024
301980,Andrea Stevenson,marilyn62@example.org,Brazil,Retail,12-04-2022
301981,Michelle Sullivan MD,mhall@example.com,China,Online,04-10-2024
301982,Daniel Barton,lucas15@example.com,Japan,Corporate,15-06-2022
301983,David Jacobson,hharper@example.net,Germany,Online,02-10-2021
301984,Lisa Curtis,tdominguez@example.com,england,Corporate,07-05-2024
301985,Julie Soto,hartkara@example.net,Germany,Wholesale,27-01-2025
301986,Julia Fields,markbautista@example.org,Germany,Corporate,29-12-2024
301987,Andrea Harris,blee@example.com,Japan,Corporate,04-10-2022
301988,Barbara Sandoval,theresa24@example.org,DE,Corporate,22-10-2020
301989,Nancy Landry,barkeralicia@example.net,Canada,Online,01-12-2023
301990,Jennifer Gaines,jessicahamilton@example.com,Vietnam,Wholesale,24-10-2021
301991,Joshua Banks,kelly24@example.net,China,Corporate,04-03-2025
301992,Michael Barnett,heathersanchez@example.com,Canada,,01-10-2025
301993,Jessica Bell,wilsonjill@example.com,United States,Wholesale,13-09-2020
301994,Jennifer Hill,dakota75@example.org,India,,14-12-2023
301995,Ana Lee,floresmariah@example.org,Australia,Retail,08-10-2023
301996,Brandon Schultz,romeromakayla@example.com,Mexico,Wholesale,01-03-2022
301997,Samantha Jones,lucasflores@example.com,China,Online,18-12-2024
301998,Wanda Johnson,johnreyes@example.com,United States,,07-27-2021
301999,Yvonne Greene,ashleyhall@example.net,United States,Retail,30-10-2022
302000,Anna Jones,chelseasmith@example.net,Vietnam,Retail,01-08-2022
302001,Elizabeth Ramirez,kellygray@example.net,england,Wholesale,18-08-2024
302002,Debra Lee,emily89@example.org,Australia,Online,21-07-2021
302003,John Garcia,ngraham@example.com,Germany,Online,04-06-2025
302004,Patty Cox,gregory38@example.org,Brazil,Corporate,28-04-2024
302005,Brandi Rivera,colejames@example.org,France,Corporate,01-08-2022
302006,William Phelps,chelsea70@example.org,Brazil,Retail,21-07-2023
302007,Lisa Choi,mark59@example.org,Canada,Online,06-07-2023
302008,Garrett Green,langalexandra@example.org,england,Retail,10-11-2024
302009,Leah Hill,rlewis@example.com,United Kingdom,Online,07-11-2020
302010,Jennifer Bennett,ljordan@example.net,Vietnam,Corporate,12-05-2024
302011,Alan Haynes,pgraves@example.org,France,Wholesale,21-09-2023
302012,Jessica Williams,christine11@example.org,Japan,Corporate,09-01-2025
302013,Joseph Flynn,zgarcia@example.com,India,Corporate,25-06-2025
302014,Nicholas Smith,chase86@example.org,Mexico,Wholesale,23-10-2024
302015,Matthew Green,jamesbenson@example.com,england,,05-02-2024
302016,Jessica Holmes,andradevictoria@example.com,Vietnam,Wholesale,20-09-2023
302017,Maria Harrington,kvincent@example.org,germany,Wholesale,14-04-2022
302018,Chad Joseph,rachel86@example.org,United Kingdom,Retail,01-02-2023
302019,Leah Lam,,Brazil,Wholesale,09-01-2023
302020,Miss Cynthia Morris,lpatterson@example.com,Vietnam,Corporate,26-04-2022
302021,Willie Jones,phodges@example.net,United Kingdom,Wholesale,13-01-2025
302022,Olivia Russell,lambertjames@example.net,Canada,Retail,25-11-2023
302023,Ryan Johnson,horndonald@example.net,United Kingdom,Retail,02-06-2022
302024,Angela Drake,aaroncarter@example.net,Brazil,,22-07-2023
302025,Sean Erickson,ybell@example.com,Mexico,Wholesale,17-12-2024
302026,Garrett Thomas,julielewis@example.com,Brazil,Corporate,28-11-2020
302027,Kurt Powell,tburgess@example.org,Brazil,Retail,24-01-2024
302028,Megan Hernandez,nathanfrazier@example.org,Germany,Wholesale,29-10-2021
302029,Stephanie West,maryblackwell@example.com,Australia,Retail,18-01-2023
302030,Joel Patterson,yzamora@example.org,India,Corporate,24-01-2022
302031,Erik Williams,qcervantes@example.com,France,Retail,19-05-2025
302032,Lisa Sutton,shelleycombs@example.net,Australia,Online,30-06-2025
302033,Sarah Griffin,bcobb@example.org,Germany,Corporate,03-05-2022
302034,Justin Campbell,monica07@example.com,Mexico,Wholesale,17-01-2023
302035,Kyle Bell,christopher57@example.org,United Kingdom,Retail,01-01-2023
302036,Marco Brown,schneiderbrandon@example.com,Vietnam,Corporate,04-12-2023
302037,Jacqueline Kelly,johnroberts@example.com,Australia,Corporate,10-05-2024
302038,Tina Cook,vdiaz@example.org,China,Retail,20-05-2022
302039,Beverly Jenkins,welchrose@example.net,China,Retail,26-03-2025
302040,Amanda Owens,,Vietnam,Wholesale,23-06-2024
302041,Heidi Fisher,greenekathy@example.net,United States,Online,04-08-2023
302042,Sandra Chaney,kelleyfelicia@example.com,India,Corporate,03-07-2023
302043,Jo Hickman,,Vietnam,Online,06-03-2023
302044,Thomas Dixon,qdixon@example.org,Vietnam,Online,13-03-2022
302045,Kevin Ross,jkelley@example.net,Mexico,Wholesale,25-01-2022
302046,Michelle Wood,tiffany95@example.org,UK,Wholesale,26-09-2023
302047,Desiree Martin,heathersmith@example.org,Brazil,Wholesale,19-04-2023
302048,Jay Mitchell,stewartmary@example.net,Canada,Wholesale,15-07-2023
302049,Carrie Moore,brian13@example.org,Canada,Wholesale,15-11-2021
302050,Eric Parker,jasongarza@example.org,United Kingdom,Retail,29-04-2023
302051,Kathryn Jackson,tevans@example.org,Germany,,06-12-2021
302052,Dennis Garcia,sabrinaperez@example.net,Vietnam,,04-09-2020
302053,Hunter Miller,fgutierrez@example.com,Germany,Corporate,26-01-2023
302054,Wayne Sellers,wagnerjacob@example.org,China,Corporate,06-03-2022
302055,Derek Duffy,,United States,,10-06-2022
302056,Taylor Parsons,dana17@example.net,United States,Corporate,30-05-2022
302057,Marcus Harvey,janice12@example.net,Brazil,Retail,04-09-2023
302058,Robert Franco,bennettmichael@example.net,Australia,Wholesale,24-07-2025
302059,Terri Davis,,Brazil,,21-07-2021
302060,Pamela Oconnor,susanbrown@example.com,Vietnam,Online,14-02-2021
302061,Cameron Lawson,larrymoore@example.net,Japan,Corporate,29-12-2024
302062,Joel Randall,pittmanjill@example.org,United Kingdom,Corporate,15-Sep-23
302063,Brittney Conway,christopher14@example.net,Vietnam,Corporate,13-07-2021
302064,Bradley Andrade,michael01@example.com,Germany,Wholesale,03-09-2022
302065,Robert Phillips,falexander@example.net,France,Corporate,13-10-2021
302066,Lisa Barron,jward@example.com,Brazil,Wholesale,23-03-2024
302067,Jesus Figueroa,zyoung@example.com,Canada,Online,25-12-2023
302068,Barbara Grant,,Mexico,Online,17-04-2022
302069,Linda Peterson,butlergabrielle@example.net,China,Corporate,11-05-2025
302070,Allison Bonilla,yhendrix@example.net,France,Wholesale,02-04-2025
302071,Steven Beasley,ernestwright@example.net,Japan,Retail,29-09-2023
302072,Jennifer Gordon,edwinmiller@example.com,Vietnam,Wholesale,13-04-2021
302073,Carolyn Casey,bblevins@example.net,Australia,Corporate,11-06-2022
302074,Kenneth Randolph,reesealex@example.net,China,Online,19-08-2021
302075,Madison Nielsen,travis28@example.net,Australia,Corporate,25-10-2021
302076,Brooke Johnson,rdurham@example.net,Canada,Wholesale,12-11-2022
302077,Carl Trujillo MD,thomasmichael@example.com,Japan,Wholesale,13-05-2022
302078,Roberta Rivera,mccarthydylan@example.net,United Kingdom,Wholesale,04-05-2022
302079,Robert Williams,thompsonsavannah@example.org,Mexico,Retail,27-05-2025
302080,Ian Evans,zbaker@example.com,United States,Online,12-22-2021
302081,Glenda Robbins,,Mexico,Wholesale,16-02-2024
302082,Erin Myers,james16@example.com,Japan,Wholesale,10-07-2025
302083,Robert Walker,gschmidt@example.com,DE,Corporate,19-10-2023
302084,Jeffery Haas,charlesprice@example.org,Japan,Corporate,21-04-2024
302085,Timothy Bridges,dyervictoria@example.net,Mexico,Online,30-09-2022
302086,Alexa Ramirez,elizabeth71@example.net,China,Corporate,02-01-2025
302087,Alan Murphy,,India,Corporate,09-28-2023
302088,Tiffany Hudson,charles14@example.com,France,Corporate,24-04-2024
302089,Tina Hall,panderson@example.net,Canada,Retail,16-09-2024
302090,Nicolas Wells,wilkinsmark@example.org,United States,Online,16-06-2022
302091,Katherine Morton,michelle86@example.net,France,Retail,18-Apr-21
302092,Sandra Rivera,brittanyjackson@example.net,Brazil,Corporate,23-04-2023
302093,Charlene Blackwell,jennifersantana@example.org,France,Online,12-05-2025
302094,James Williams,ronald46@example.com,Canada,Retail,20-04-2023
302095,Kathryn Bishop,zramirez@example.net,Canada,Retail,13-03-2025
302096,Morgan Andrews,fcook@example.org,India,Wholesale,04-10-2021
302097,Timothy Morris,,United Kingdom,Wholesale,14-06-2022
302098,Lisa Hill,fsanford@example.net,United Kingdom,Wholesale,16-06-2021
302099,Tracy Cruz,roymorris@example.org,DE,Online,26-12-2020
302100,Rachel Montgomery,,United States,Retail,10-11-2024
302101,Evan Saunders,hcollins@example.net,Australia,Online,24-09-2023
302102,Jessica Mcconnell,mcintyrebrendan@example.org,Canada,Corporate,06-09-2022
302103,Catherine Conley,cmueller@example.org,Germany,Retail,06-02-2022
302104,John Fowler,sandrathomas@example.net,Germany,Online,16-06-2024
302105,Natasha Torres,timothyortiz@example.org,United Kingdom,Wholesale,25-01-2022
302106,Dawn Pena,friedmanlinda@example.net,United Kingdom,Online,03-07-2023
302107,Riley Gonzalez,angela15@example.org,India,Wholesale,08-07-2025
302108,Robert Rose,fhatfield@example.org,United states,Online,09-11-2022
302109,Dominic Gilmore,john26@example.org,Germany,Online,22-04-2025
302110,Scott Velazquez,ischultz@example.com,Germany,Retail,28-09-2023
302111,Nicole Foster,claire11@example.net,Australia,Online,06-05-2021
302112,Samantha Bailey,rrodgers@example.org,Vietnam,Online,13-02-2024
302113,Andrew Zavala,tara38@example.org,Canada,Online,05-09-2024
302114,Jordan Baxter,,Mexico,Wholesale,19-12-2024
302115,Lawrence Sanders,keith60@example.com,Vietnam,Wholesale,01-10-2022
302116,Alison Castillo,christopher99@example.org,United Kingdom,Retail,21-06-2023
302117,John Wood,ashleywatts@example.com,Australia,Corporate,13-09-2023
302118,Richard Morgan,jordanjoshua@example.net,IND,Online,22-02-2021
302119,Olivia Holmes,elizabeth74@example.com,India,Wholesale,21-07-2021
302120,Richard Aguilar,olsonmichael@example.com,United Kingdom,Wholesale,21-11-2022
302121,Riley Clark,jeffrey68@example.com,Vietnam,Wholesale,16-04-2024
302122,Scott Owen,stephanieswanson@example.net,China,Retail,14-12-2023
302123,Stephanie Tucker,kennethrodriguez@example.org,China,Wholesale,29-12-2021
302124,Calvin Williams,rodriguezstephanie@example.net,China,Retail,06-19-2022
302125,Darryl Roberts,john14@example.net,Brazil,,04-12-2021
302126,Harold Diaz,richard13@example.com,Brazil,Retail,07-May-23
302127,Madison Parker,pferguson@example.com,Brazil,Online,01-06-2022
302128,Emily Young,amandalevy@example.com,Japan,Retail,01-01-2023
302129,Megan Perkins,todd94@example.com,Brazil,Wholesale,06-06-2023
302130,Martha Powell,kristinkent@example.com,United Kingdom,Wholesale,23-06-2022
302131,Corey Jackson,judithrios@example.net,UK,Online,21-10-2023
302132,Albert Garcia,croman@example.net,Australia,Wholesale,05-03-2022
302133,William Caldwell,zle@example.net,France,Corporate,30-03-2024
302134,Justin Reeves,virginia83@example.com,France,Wholesale,22-11-2021
302135,Randall Johnson,mjohnson@example.com,Canada,Online,11-05-2025
302136,Gregory Byrd,changsamuel@example.org,Canada,Wholesale,03-03-2021
302137,Richard Nelson,,Australia,Online,13-05-2025
302138,Emily Garcia,danielyates@example.net,France,Wholesale,22-07-2021
302139,Joshua Moody,rwallace@example.org,France,Online,18-09-2024
302140,Jeffrey Cooke,natasha58@example.net,Germany,Corporate,06-06-2022
302141,Jesse Anderson MD,kimberly33@example.com,Mexico,Corporate,14-09-2022
302142,Lisa Jones,brandonmcdonald@example.com,United States,Online,06-10-2024
302143,Vanessa Perez,orosales@example.com,Germany,Wholesale,28-06-2021
302144,Laura Alexander,sampsonjoseph@example.org,Japan,Online,24-01-2023
302145,Valerie Contreras,,Brazil,Online,23-08-2021
302146,Jessica Diaz,peterjohnson@example.org,Japan,Retail,08-09-2024
302147,Travis Caldwell,pennyruiz@example.net,Australia,Corporate,15-07-2025
302148,Rebecca Thomas,lpatterson@example.org,Australia,,24-05-2025
302149,Carl Gonzalez,charlessims@example.org,United States,Wholesale,02-08-2021
302150,James Leblanc,iclarke@example.net,Canada,Corporate,11-04-2022
302151,Gary Montgomery,phillip57@example.com,China,Corporate,10-09-2024
302152,Thomas Graves,nicholasfuentes@example.com,France,Online,23-10-2023
302153,Joseph Salinas,christopher67@example.org,United Kingdom,Retail,04-02-2022
302154,George Brown,vaughnjavier@example.net,France,Retail,22-03-2023
302155,Brett Osborne,michelle14@example.com,UK,Online,23-10-2022
302156,Tracy Green,jamesmorris@example.org,Japan,Corporate,07-01-2024
302157,Jeremy Weaver,asmith@example.net,France,Retail,28-02-2025
302158,Tami Harrison,kwilliams@example.org,Mexico,Retail,27-01-2023
302159,Karen Rodriguez,kimberlybennett@example.net,Vietnam,Wholesale,15-08-2025
302160,Jason Webb,fieldsjacob@example.org,Brazil,Corporate,07-09-2023
302161,Joshua Singleton,qhoffman@example.com,China,Retail,28-02-2023
302162,Kenneth Williams,paulevans@example.com,France,Wholesale,07-03-2021
302163,Jeffrey Evans,moralesmarcus@example.net,India,Online,23-08-2024
302164,Alicia Mueller,laura90@example.net,France,,05-06-2024
302165,Maria Perez,matthewstanley@example.org,India,Retail,05-04-2024
302166,Melanie Martinez,,India,Wholesale,10-03-2024
302167,Joshua Riley,dbest@example.com,Japan,Wholesale,01-03-2021
302168,Tammy Jones,danasanders@example.org,China,Retail,16-07-2021
302169,Christopher Flynn,granthenderson@example.net,Germany,Wholesale,27-07-2024
302170,Michael Gibson,wyatt29@example.org,Canada,Corporate,04-23-2025
302171,Kimberly Avila DVM,faithhowell@example.org,Mexico,Retail,29-08-2021
302172,David Lara,castillomatthew@example.com,India,Online,07-09-2020
302173,Michael Reed,,China,Online,21-Jul-22
302174,Ann Bartlett,jaimeduncan@example.com,Canada,Corporate,24-11-2020
302175,Michelle Knight,huynhmatthew@example.net,France,Wholesale,26-03-2023
302176,Johnny Vincent DDS,antoniojenkins@example.com,China,Wholesale,07-12-2022
302177,Elizabeth Anderson,fsmith@example.com,Canada,Corporate,15-03-2025
302178,Paige Welch,jason76@example.net,Germany,Wholesale,12-06-2021
302179,Jody Wall,qmarshall@example.com,France,,16-12-2021
302180,Douglas Collins,qrhodes@example.org,United States,Retail,14-12-2024
302181,Kaitlyn Young,jeremiahbaker@example.com,Brazil,Corporate,16-Nov-24
302182,Joanne Gaines,qkemp@example.com,France,Corporate,28-05-2024
302183,Joshua Prince,willisjaclyn@example.com,United States,Corporate,31-03-2021
302184,Bruce Davis,paul54@example.org,Japan,Online,16-04-2024
302185,Richard Silva,lisa47@example.com,Vietnam,Online,31-01-2023
302186,Anthony Ashley,cmyers@example.com,India,Corporate,28-10-2024
302187,Jennifer Murray,yhernandez@example.net,United States,Corporate,11-02-2022
302188,George Harding,changbethany@example.net,Japan,Online,19-07-2023
302189,Jamie Garrison,,Japan,Online,15-Mar-23
302190,Catherine Glenn,hjones@example.org,China,,13-04-2024
302191,Karen Weber,dware@example.com,Germany,Retail,27-04-2025
302192,Peter Harris,othomas@example.com,United States,Retail,24-08-2023
302193,Patrick Blake,yjones@example.org,Brazil,Wholesale,03-01-2023
302194,David Howard,angelabarnes@example.org,China,Online,09-12-2020
302195,Joshua Santana,karlmartin@example.org,Germany,Wholesale,20-12-2023
302196,Amber Thomas,johnnygray@example.com,France,Retail,01-02-2024
302197,Sandra Crane,qknight@example.net,Vietnam,Retail,26-09-2024
302198,Jennifer Cooper,,Australia,Retail,18-10-2021
302199,Eric Taylor,john00@example.com,Australia,Online,13-04-2022
302200,Joseph Clayton,justin75@example.org,Australia,Corporate,21-12-2024
302201,Lynn Duran,scottmichael@example.com,United Kingdom,Online,13-03-2021
302202,Abigail Wright,tortiz@example.org,Japan,Online,09-03-2025
302203,Karen Heath,opierce@example.com,Mexico,Corporate,28-06-2022
302204,Christopher Perez,garywright@example.org,Vietnam,Corporate,21-05-2023
302205,Steven Howell,ann63@example.net,China,Corporate,01-04-2025
302206,Kimberly Kennedy,hmoore@example.com,France,Wholesale,17-07-2024
302207,Angela Solis,,Brazil,Online,05-09-2021
302208,Melvin Long,danny03@example.org,Australia,Retail,01-10-2024
302209,Katie Ruiz,nguyenjacqueline@example.org,Germany,,19-06-2024
302210,Michael Hernandez,thomaserik@example.net,China,Online,20-04-2023
302211,Nathaniel Burns,michael41@example.com,Germany,Wholesale,12-12-2023
302212,Mr. Sean Jones PhD,richard27@example.com,Germany,Corporate,15-Jan-22
302213,Brent Jackson,kking@example.org,DE,Online,01-12-2023
302214,Amy Nichols,kelly83@example.org,Brazil,Corporate,24-10-2021
302215,Katie Snyder,haleyrobinson@example.net,india,Online,24-09-2020
302216,Anthony Miller,matthew92@example.org,Germany,Wholesale,14-03-2024
302217,Mr. Matthew Peterson,oliversteven@example.org,Canada,Corporate,03-05-2021
302218,Krystal Crawford,bcaldwell@example.net,Japan,Retail,28-06-2022
302219,Carlos Wilson,andreale@example.org,Brazil,,23-04-2021
302220,Tracy Cole,,Brazil,Wholesale,09-11-2021
302221,Kathy Watkins,coopertami@example.net,France,Retail,07-06-2024
302222,Rita Jones,lauriebrewer@example.org,Canada,Online,17-03-2025
302223,Alec Cobb,maria74@example.net,Japan,Online,28-01-2022
302224,Tracey Melendez MD,lserrano@example.com,Australia,,16-12-2024
302225,Kyle Holmes,heatherthompson@example.net,Vietnam,Retail,16-06-2021
302226,Rebecca Harrison,pyoung@example.com,Canada,Online,17-07-2023
302227,Christopher Walton,james43@example.net,United Kingdom,Wholesale,16-03-2024
302228,Lisa Ford,ymartin@example.com,United Kingdom,Retail,29-01-2025
302229,Jared Dawson,jeffrey80@example.org,United States,Retail,18-01-2023
302230,Pamela Perez,davidsondavid@example.com,DE,Wholesale,25-09-2023
302231,Anthony Johnson,bradleyalbert@example.org,Mexico,Online,28-07-2023
302232,Darren Perry,natasha66@example.net,Germany,Retail,10-05-2022
302233,Brenda Diaz,sandrawalker@example.net,Germany,Corporate,23-07-2024
302234,Angela Bernard,gaineserika@example.org,Vietnam,Wholesale,26-10-2021
302235,Michael Goodwin,lorifoster@example.org,Brazil,Wholesale,12-31-2022
302236,Erin Duncan,kochcynthia@example.net,Japan,Retail,16-12-2021
302237,Rebecca Robinson,cheryl47@example.com,United States,Corporate,29-12-2021
302238,Marcia Flowers,christina67@example.com,Vietnam,Online,25-06-2021
302239,Harry Roy,clarkegabriel@example.org,Mexico,Online,25-08-2024
302240,Richard Powell,williamsjames@example.net,United Kingdom,Wholesale,16-05-2024
302241,Michele Fields,dturner@example.com,France,Online,24-06-2023
302242,Emily Thomas,,China,Retail,01-01-2021
302243,Todd Klein,gregory31@example.com,Mexico,Corporate,16-04-2022
302244,Misty Brady,xramos@example.com,United States,Wholesale,10-05-2023
302245,Craig Blanchard,rmatthews@example.com,Mexico,Wholesale,24-05-2025
302246,Megan Grimes,greg78@example.net,India,Corporate,06-12-2024
302247,David Yates,mcclainjohn@example.com,India,Corporate,11-10-2021
302248,Mark Massey,,Germany,Retail,29-10-2021
302249,Brittany Chang,,Australia,Online,20-03-2022
302250,Brooke Allen,bradley16@example.org,Canada,Retail,14-08-2021
302251,Erin Fuentes,xerickson@example.com,us,Online,17-04-2021
302252,Amy Matthews,cynthia04@example.org,Mexico,Wholesale,15-04-2022
302253,Melissa Evans,phillip11@example.net,India,,05-06-2021
302254,Jaime Miller,jesse07@example.net,United States,Retail,08-10-2023
302255,David Rowland,rebecca53@example.net,Vietnam,Corporate,15-Jan-21
302256,Dawn Gill,,Canada,,09-02-2024
302257,Peter Howard DVM,oreynolds@example.org,China,,01-05-2022
302258,Bonnie Ramirez,andrebowers@example.org,Japan,Corporate,16-06-2025
302259,Samuel Powers,patricia63@example.com,Brazil,,22-05-2024
302260,April Graham,edwardskeith@example.org,United Kingdom,Online,27-04-2021
302261,Janice Stokes,dlarson@example.org,China,Retail,28-03-2022
302262,Melissa Henderson,mcgeebrittany@example.org,Brazil,Wholesale,12-03-2022
302263,Pamela Butler,atkinsonjessica@example.net,Canada,Corporate,19-11-2020
302264,Kelly Grant,benjaminlloyd@example.com,France,Wholesale,29-May-21
302265,David Mills,erasmussen@example.net,United States,Wholesale,12-12-2023
302266,Joseph Cohen,,United Kingdom,Wholesale,06-05-2023
302267,Janet Holder,,China,Online,21-10-2023
302268,Michelle Moore,ramseytonya@example.org,United Kingdom,Wholesale,21-09-2020
302269,Donna Moore,stephenbell@example.com,United Kingdom,Online,12-01-2024
302270,Monica Joseph,chungjeffrey@example.com,Mexico,Online,02-10-2020
302271,Kelly George,dakota45@example.com,Australia,Online,07-09-2023
302272,Joel Miller,kcastillo@example.org,Canada,Online,14-09-2023
302273,Jose Butler,carlos85@example.com,France,Retail,20-05-2025
302274,Eric Jordan,elizabeth56@example.org,DE,Retail,17-02-2025
302275,Paul Gordon,jclark@example.org,Canada,Corporate,25-08-2025
302276,Joseph Ali,yrivera@example.org,France,Online,06-04-2024
302277,John Norton,rhodescory@example.com,Australia,Online,12-11-2021
302278,Mr. Christopher Perry,justin72@example.org,Canada,Wholesale,07-02-2024
302279,Maurice Taylor,stephanie45@example.com,Canada,Retail,03-12-2024
302280,Glenn Lawrence,hunterjulie@example.org,Brazil,Corporate,13-10-2020
302281,Krista Clark,dmorales@example.org,France,Online,29-12-2023
302282,Eric Davis,alexanderyates@example.com,Japan,Corporate,08-04-2023
302283,Michael Johnson,carterlawrence@example.net,France,Wholesale,28-11-2021
302284,Victoria Vasquez,daniel99@example.net,China,Corporate,14-03-2022
302285,Jennifer Hughes DDS,wsteele@example.org,Brazil,Retail,23-09-2022
302286,Brooke Rogers,ostrickland@example.com,Brazil,Online,10-04-2023
302287,David Anderson,benjamin67@example.com,Canada,Corporate,10-12-2020
302288,Ashley Ward,april04@example.org,China,,05-12-2024
302289,Carol Atkins,rogersrobert@example.com,China,Corporate,12-04-2025
302290,Ashley White,tonytran@example.com,India,Retail,18-11-2020
302291,Lauren James,robertnguyen@example.com,Australia,Corporate,04-02-2023
302292,Juan Burnett,kevin20@example.org,Australia,Online,08-14-2022
302293,Melissa Hernandez,elee@example.org,France,Retail,19-06-2021
302294,Billy Richardson,sherrymonroe@example.org,Australia,Retail,02-01-2025
302295,Christian Shelton,,Germany,Wholesale,25-03-2025
302296,Jennifer Reyes,bakersarah@example.org,Germany,,22-06-2024
302297,Natasha Rivas,jessicaboone@example.com,Vietnam,Wholesale,11-01-2025
302298,Brenda Torres,jortiz@example.net,Canada,Wholesale,12-06-2025
302299,Wayne Robinson,campbelljames@example.org,India,Retail,19-07-2024
302300,Scott Bond,collinsstacy@example.com,China,Retail,30-03-2023
302301,Crystal Edwards,wallacebrenda@example.org,Canada,Online,09-04-2025
302302,Jonathan Gutierrez,laura67@example.org,China,Retail,19-03-2022
302303,Judy Lewis,gonzalezjose@example.com,Germany,Corporate,22-02-2022
302304,Ernest Martinez,stephenstanley@example.com,United Kingdom,Online,24-06-2024
302305,Jordan Adams,,Germany,Retail,30-08-2023
302306,Lauren Morse,osmith@example.org,China,Corporate,28-12-2021
302307,Jennifer Booker,christopher64@example.org,india,Corporate,16-09-2023
302308,Danny Simmons,ebell@example.net,China,Retail,07-09-2020
302309,John Gould,christophercopeland@example.org,Brazil,Wholesale,23-11-2023
302310,Jennifer Cook,kbuchanan@example.com,United States,Online,18-10-2020
302311,Timothy Smith,scott86@example.com,Vietnam,Wholesale,17-10-2021
302312,Jamie Reid,william81@example.com,Vietnam,Online,30-08-2023
302313,Jennifer Rodriguez,morsestephen@example.com,United Kingdom,Corporate,22-09-2020
302314,John Sosa,desireeedwards@example.com,Brazil,Online,07-09-2020
302315,Rose Villa,hrose@example.org,Japan,Retail,23-08-2023
302316,Olivia Collier,ramirezandrew@example.org,United Kingdom,Retail,16-11-2022
302317,Tony Patrick,melinda67@example.com,Japan,Retail,01-02-2022
302318,Matthew Turner,vmercer@example.com,China,Wholesale,20-10-2021
302319,William Castillo,cardenasjessica@example.com,France,Wholesale,13-05-2025
302320,Timothy Brown,paulpowell@example.com,Germany,Corporate,19-11-2021
302321,Brian Singh,dholland@example.org,Brazil,Online,26-09-2021
302322,Tyrone Booth,,United States,Online,08-03-2021
302323,Brittany Hull,megan65@example.net,Vietnam,Wholesale,13-03-2023
302324,Sharon Hopkins,qtran@example.org,Japan,Retail,18-11-2021
302325,Timothy Allen,kyliekline@example.com,Australia,Wholesale,20-12-2021
302326,Timothy Jordan,michael17@example.org,China,Retail,02-04-2025
302327,Calvin Gilmore,pricematthew@example.com,Mexico,Retail,15-10-2024
302328,Lisa Michael,karen64@example.com,Japan,Retail,25-02-2024
302329,Melissa West,mcmillanelaine@example.net,Brazil,Corporate,15-09-2021
302330,Aaron Sawyer,johnanderson@example.net,China,Online,23-11-2023
302331,Joshua Foster,michaelmartinez@example.net,Vietnam,Corporate,11-11-2024
302332,Thomas Price,smithelizabeth@example.org,Japan,Online,08-12-2020
302333,Angela Murphy,perrymeghan@example.com,Brazil,Corporate,01-01-2024
302334,David Wise,taylorchristopher@example.org,Brazil,Online,17-08-2021
302335,Kristi Taylor,alyssaturner@example.com,Brazil,Wholesale,02-09-2020
302336,Pamela Parks,mwoods@example.net,Brazil,Online,28-10-2024
302337,Dennis Baker,snyderpamela@example.com,Japan,Retail,29-04-2025
302338,William Chase,tara61@example.net,India,Online,29-05-2025
302339,Patricia Moreno MD,andrewlewis@example.org,Germany,Online,10-05-2021
302340,Dr. Barbara Cruz,mariamoore@example.com,Japan,Corporate,18-04-2023
302341,Mark Lawson,uhunter@example.net,Japan,Retail,22-12-2021
302342,Ryan Hamilton,copelanddylan@example.net,Vietnam,Wholesale,17-09-2023
302343,Morgan Barrett,donald82@example.net,Brazil,Online,30-12-2023
302344,Susan Thompson,stevengreen@example.net,Germany,Corporate,09-Sep-24
302345,Carol Lopez,,Australia,Retail,03-Jul-23
302346,Diana Ali,uwang@example.net,Vietnam,,15-12-2021
302347,William Wilson,krista33@example.org,Japan,Corporate,03-11-2022
302348,Michael Johnson,vmendoza@example.com,China,Corporate,18-10-2022
302349,Mary Benson,khale@example.com,India,Retail,05-03-2024
302350,Amy Nielsen,wattsalfred@example.net,United Kingdom,Wholesale,26-04-2023
302351,David Jackson,uwhite@example.com,Australia,Corporate,30-12-2021
302352,Charles Nguyen,charles02@example.net,Germany,Wholesale,22-08-2022
302353,Leah Bean,uhammond@example.com,Brazil,Corporate,06-04-2022
302354,Christina Rivas,ufarrell@example.com,India,Retail,07-07-2025
302355,Rose Scott,fadams@example.org,Brazil,Wholesale,01-01-2021
302356,Victoria Richmond,tsmith@example.net,germany,Online,12-26-2020
302357,Jenna Delgado,kgarcia@example.com,Germany,Wholesale,17-10-2022
302358,Samuel Harris,hoganamy@example.com,Mexico,Corporate,28-05-2025
302359,Patrick Romero,belindamartin@example.com,Mexico,Retail,27-08-2022
302360,Kayla Walker,laurenwilliams@example.com,Japan,Wholesale,20-08-2025
302361,Christina Jackson,bperez@example.com,France,Wholesale,30-01-2024
302362,Gregory White,,India,Corporate,23-06-2024
302363,Edward Gardner,maria16@example.net,Australia,Retail,29-Nov-22
302364,Michael Gill II,knguyen@example.net,Australia,Wholesale,31-03-2024
302365,Gary Cohen,smithmichael@example.org,IND,Online,27-04-2024
302366,Eric Medina,jennifer26@example.org,United Kingdom,Wholesale,29-10-2020
302367,Daniel Smith,ptaylor@example.com,China,Online,14-09-2021
302368,Kendra Smith,elizabethvega@example.net,Vietnam,Online,08-11-2020
302369,Erin Harris MD,jsaunders@example.net,Vietnam,Online,14-01-2022
302370,Shelby Fletcher,davidlarsen@example.com,Canada,,25-10-2020
302371,Kaitlin Lowe,wrightmichele@example.com,Mexico,Wholesale,22-09-2023
302372,Amy Smith,grahamjoseph@example.com,Canada,Online,14-07-2022
302373,Donna Mccormick,andrea15@example.net,Vietnam,Retail,07-09-2020
302374,Edwin Carpenter MD,zacharywillis@example.com,Mexico,Online,11-12-2023
302375,Evan Smith,tgilbert@example.com,China,Retail,22-02-2021
302376,Christie Rivera,jeanettewatson@example.net,India,Wholesale,02-27-2021
302377,Matthew Petty,nguyenmary@example.org,United States,Corporate,20-11-2021
302378,Makayla Young,jody47@example.com,United states,Corporate,01-08-2025
302379,Seth Gonzalez,brandon11@example.org,Japan,,15-07-2021
302380,Ruth Flores,ddavenport@example.com,Vietnam,Corporate,28-03-2025
302381,Cassandra Williams,birdjoshua@example.net,France,Online,08-Mar-24
302382,David Maynard,mannbrittany@example.org,Mexico,Corporate,04-10-2020
302383,Robert Atkinson,margaret22@example.net,United states,Corporate,05-11-2024
302384,Tyler Murphy,donna59@example.org,United Kingdom,Wholesale,15-08-2025
302385,Heather Russell,sean99@example.org,China,Corporate,21-11-2020
302386,Jerry Vargas,andrewtorres@example.com,China,Retail,14-03-2021
302387,Jessica Wright,millerpaul@example.net,Vietnam,Retail,02-01-2023
302388,Heather Schmidt,cbuck@example.org,Australia,,07-07-2023
302389,Tracey White,jamesfletcher@example.net,Japan,Wholesale,20-01-2025
302390,Thomas Gonzalez,vreynolds@example.org,Vietnam,Corporate,19-07-2024
302391,Laura Black,adrianmcneil@example.com,United Kingdom,Retail,25-04-2021
302392,Natalie Adkins,mray@example.org,Japan,Corporate,25-01-2022
302393,Tanya Dominguez,gainesmelissa@example.org,Brazil,Retail,30-12-2022
302394,Nicole Macias,nicole28@example.com,France,Online,20-09-2021
302395,Kristina Mendez,ghunt@example.net,United States,Retail,02-05-2024
302396,David Johnston,dhorton@example.net,Brazil,Retail,12-07-2024
302397,Maria Ruiz,nmatthews@example.net,Brazil,Online,18-03-2025
302398,Terri Valdez,,Brazil,Online,25-07-2025
302399,Sheila Collins,hornbradley@example.com,Brazil,Corporate,02-03-2025
302400,Natasha Taylor,justin34@example.com,Mexico,Retail,28-07-2023
302401,Ashley Myers DVM,john98@example.org,China,,25-10-2024
302402,Tina Walsh,murraycatherine@example.net,Canada,Retail,08-04-2025
302403,Scott Cole,sandracrawford@example.com,Vietnam,Corporate,30-06-2025
302404,Andrea Woods,,Germany,Corporate,30-Dec-23
302405,Melissa Brown,gpearson@example.net,Japan,Wholesale,10-Nov-20
302406,James Beard,lesliejohnson@example.net,United States,Wholesale,12-11-2024
302407,Claudia Silva,jamesbaldwin@example.net,France,,04-Sep-20
302408,Tanner Ortiz,david85@example.net,Germany,Online,10-04-2022
302409,Courtney Hubbard,sarahvega@example.com,Canada,Corporate,29-06-2024
302410,David Benson,lisa49@example.com,Japan,Corporate,29-03-2022
302411,Amy Taylor,,China,Online,11-06-2021
302412,Erin Johnson,jenniferedwards@example.com,Mexico,Corporate,15-02-2022
302413,Mrs. Vicki Johnson,qwilson@example.org,Germany,Corporate,20-02-2024
302414,Deborah Mahoney,,DE,Corporate,21-08-2021
302415,Justin Ho,fryedylan@example.net,Japan,Online,29-06-2024
302416,Sarah Nguyen,gmoss@example.org,United States,Retail,29-04-2024
302417,William Banks,diazkenneth@example.com,Japan,Wholesale,05-07-2021
302418,Michael Zuniga,mike59@example.com,Brazil,Online,14-06-2023
302419,Christy Cook,portertony@example.net,United States,Online,02-12-2020
302420,Tammy Robinson,tonyhodge@example.org,China,Corporate,11-09-2023
302421,Deborah Colon,johnsongregory@example.net,United States,Corporate,19-07-2023
302422,James Guerrero,stacycoleman@example.net,Brazil,Online,15-10-2024
302423,Catherine Brown,vbrooks@example.net,Canada,Corporate,01-Oct-20
302424,Raymond Johnson,ujohnson@example.org,germany,Retail,12-10-2020
302425,Carrie Brown,johnnycarr@example.com,Australia,Corporate,11-06-2025
302426,Christopher Wilson,jessicaarnold@example.org,France,,05-11-2022
302427,Sabrina Chapman,yangeric@example.com,Mexico,Corporate,04-02-2024
302428,Ashley Horn,angelmiller@example.org,Canada,Corporate,31-07-2024
302429,Anthony Hansen,williampearson@example.com,Japan,Corporate,06-04-2025
302430,Richard Stewart,travis88@example.com,France,Wholesale,28-05-2024
302431,Taylor Brown,edwardsteele@example.net,Mexico,Corporate,11-08-2024
302432,Allison Miller,,Japan,Online,25-Oct-24
302433,Michael Diaz,derrick47@example.com,Vietnam,Corporate,04-03-2025
302434,Sabrina Short,qmercado@example.com,India,Wholesale,23-09-2020
302435,Sydney Kidd,michaelrobinson@example.net,Australia,Online,11-06-2021
302436,Johnny Escobar,,France,Retail,29-12-2022
302437,Jimmy Dillon,nmiller@example.net,France,Online,30-09-2022
302438,Thomas Gardner,raymondbrown@example.net,United States,Wholesale,02-Mar-23
302439,Bridget Morales,zimmermankatelyn@example.com,France,Wholesale,06-05-2021
302440,Glenn Glenn,brewershelly@example.org,Canada,Corporate,06-04-2021
302441,Jennifer Robertson,,France,Online,04-05-2022
302442,John Berg,cynthia27@example.net,Canada,Corporate,02-09-2022
302443,Sheryl Juarez,dennis53@example.com,United Kingdom,Online,14-04-2023
302444,Ryan Conner,raychristopher@example.net,India,,10-01-2024
302445,Alejandro Gonzales,ruizheather@example.net,China,Online,12-06-2023
302446,Dr. Jacob Williams,,Canada,Corporate,03-02-2024
302447,Dustin Walker,jessica96@example.com,Japan,Retail,08-01-2023
302448,Elaine Miller,,Mexico,Wholesale,29-02-2024
302449,April Rhodes,ochoatyler@example.net,Japan,,18-04-2025
302450,Alexandra Williams,elizabeth97@example.org,Mexico,Corporate,23-06-2022
302451,Crystal Fleming,antoniosmith@example.net,Australia,Wholesale,04-02-2024
302452,Julie Conway,dadams@example.net,Canada,Wholesale,11-07-2021
302453,Teresa Bowman,vmorris@example.com,Germany,Online,17-02-2024
302454,Peter Reed,ralvarado@example.net,Australia,Corporate,28-05-2024
302455,Matthew Brown,sullivandaniel@example.net,Vietnam,Online,25-06-2024
302456,Todd Buchanan,christopher33@example.com,Germany,Retail,20-09-2021
302457,Dr. Sheena Clarke,,United Kingdom,Corporate,08-05-2025
302458,Brian Lowe,awang@example.net,India,Wholesale,15-09-2023
302459,Brandon Flynn MD,marshabigail@example.net,us,Online,07-04-2022
302460,Angela Nelson,robertsonjason@example.com,China,Wholesale,13-04-2024
302461,Nicholas Craig,vscott@example.org,United States,Corporate,08-Mar-23
302462,Jessica White,kathy52@example.com,Mexico,,28-06-2023
302463,Steven Davis,bartlettapril@example.net,Vietnam,Online,07-05-2024
302464,Danielle Byrd,candace21@example.org,Germany,Corporate,21-12-2024
302465,Autumn Wade,cardenasshawn@example.net,China,Wholesale,13-06-2022
302466,Timothy Patel,dyerdylan@example.com,Brazil,Corporate,28-08-2021
302467,Walter Simpson,alanyork@example.com,Germany,Retail,27-12-2021
302468,Kenneth Kane,jmorse@example.org,China,Wholesale,26-05-2023
302469,Austin Blake,thomas49@example.net,U.K.,Retail,03-04-2024
302470,James Phillips,selenamullen@example.com,United Kingdom,Corporate,13-05-2023
302471,Melanie Hatfield,christopherjordan@example.com,Japan,Retail,08-04-2024
302472,Anthony Nelson,christyprince@example.com,Australia,Retail,31-07-2021
302473,Jessica Calhoun,ilawrence@example.net,Mexico,Wholesale,23-11-2022
302474,Edward Rivera,nicole41@example.org,Australia,Retail,20-12-2022
302475,Leroy Carney,robertzamora@example.org,Germany,Wholesale,19-01-2022
302476,Jessica Dominguez,elizabeth19@example.org,Canada,Online,14-02-2024
302477,Kelli Johnson,maryskinner@example.net,United Kingdom,Corporate,02-12-2021
302478,Larry Henderson,richard15@example.com,Japan,Corporate,04-02-2022
302479,Michael Haynes,mindybrown@example.com,China,Online,09-06-2023
302480,Louis Stone,tammy16@example.org,Germany,Wholesale,21-10-2020
302481,Mark Evans,brianhood@example.net,Canada,Retail,27-Apr-21
302482,Marie Christensen,ajones@example.net,Germany,Corporate,18-07-2021
302483,Jesus Sawyer,elopez@example.org,China,Online,11-28-2023
302484,Joshua Smith,angelafreeman@example.org,Australia,Corporate,25-Apr-21
302485,Francis Macias,cindy85@example.net,United Kingdom,Online,12-03-2025
302486,Jeffrey Erickson,christopher02@example.net,Vietnam,Wholesale,02-09-2022
302487,Casey Taylor,robinmills@example.net,DE,Online,08-Dec-24
302488,Susan Stewart,peter98@example.com,France,Retail,28-07-2022
302489,Brooke Schwartz,shane05@example.org,United States,Online,17-07-2021
302490,Daniel Craig,udavis@example.org,India,Wholesale,11-20-2020
302491,Alan Dillon,smills@example.org,United states,Retail,17-09-2021
302492,Nicole Gardner,ronaldweaver@example.net,Vietnam,Retail,08-08-2024
302493,Charles Ford,ujarvis@example.org,DE,Corporate,21-07-2024
302494,Susan Cole,mariahkim@example.org,U.K.,Retail,31-05-2021
302495,Christopher Herrera,josephschultz@example.net,Canada,Wholesale,12-06-2025
302496,Mr. Jeffery Lee,micheleyork@example.com,Canada,Online,08-03-2024
302497,Amanda Scott,matthewkelly@example.net,India,Online,01-03-2023
302498,Calvin Ford,georgecooper@example.com,Mexico,Corporate,05-01-2023
302499,Michael Kramer,hinestasha@example.com,Brazil,Retail,11-04-2025
302500,Jason Munoz,tinaflynn@example.com,India,Wholesale,17-05-2022
302501,Brian Woods,,Mexico,Retail,29-11-2023
302502,Sean Stevens,vskinner@example.com,Vietnam,,02-08-2024
302503,Vincent Robertson,julie67@example.net,United Kingdom,Online,16-Sep-23
302504,Christopher Charles,justinguzman@example.com,Mexico,Online,21-10-2021
302505,Jessica Smith,pvance@example.net,Mexico,Wholesale,04-05-2023
302506,Lauren Watkins,susan64@example.org,Australia,Wholesale,27-09-2023
302507,Justin Morris,millersherry@example.org,Mexico,Online,08-02-2023
302508,Laura Johnson,allensierra@example.com,Australia,Wholesale,16-10-2021
302509,Briana Walker,roger90@example.com,Australia,Retail,13-02-2021
302510,Yvette Johnson,pottsmichael@example.org,Mexico,Wholesale,13-02-2025
302511,Robert Nguyen,osmith@example.net,India,Wholesale,12-09-2021
302512,Randall Jones,sara59@example.com,Canada,,30-11-2022
302513,Michael Perkins,,Japan,Online,19-12-2023
302514,Vanessa Johnson,mario36@example.org,Vietnam,Wholesale,19-05-2022
302515,Jessica Evans,nancy41@example.net,United Kingdom,Corporate,25-06-2023
302516,Christopher Edwards,,Australia,Wholesale,14-10-2021
302517,Kathryn Hampton,fosterlawrence@example.org,U.S.A.,,13-07-2024
302518,Anna Collier,travis45@example.org,India,Retail,19-09-2023
302519,Richard Ortega,wmccoy@example.net,Brazil,Corporate,12-18-2020
302520,Alexander Cross,kevinbrown@example.net,Mexico,,01-26-2025
302521,Carrie Pineda,joannmitchell@example.com,France,Retail,23-06-2022
302522,Lauren Lutz,phall@example.org,Brazil,Wholesale,17-09-2020
302523,Robert Davis,wardmaria@example.org,United States,Retail,18-07-2023
302524,Lauren Brown,campbelllisa@example.net,Mexico,Online,07-06-2022
302525,Robert Rios,markrussell@example.org,Mexico,Online,25-03-2025
302526,Tina Harrington,laurenfigueroa@example.net,United Kingdom,Retail,08-06-2023
302527,Jonathan Richardson,harriscarolyn@example.net,Brazil,Retail,20-07-2025
302528,Stephanie Patterson,fmiller@example.org,DE,Wholesale,13-10-2023
302529,Randy Hernandez,christineandrade@example.net,United States,Corporate,12-02-2022
302530,Danny Davis,ann29@example.net,Canada,Corporate,07-09-2021
302531,Joshua Rice,laneerica@example.com,United States,Online,02-06-2025
302532,Bruce Armstrong,,Australia,Corporate,17-09-2024
302533,Justin Velasquez,clintonhaley@example.org,Vietnam,Corporate,16-08-2021
302534,Lori Burns,terri17@example.org,Germany,Corporate,19-06-2024
302535,Melissa Winters,montgomerypamela@example.com,Australia,,09-20-2020
302536,Sean Rodriguez,kimberlyjohnson@example.org,France,Retail,12-02-2022
302537,Leslie Jordan,hjones@example.com,Japan,Retail,10-01-2022
302538,Ronald Crawford,karen25@example.net,China,Corporate,06-07-2024
302539,Darrell Petersen,davidjohnson@example.org,Germany,Corporate,17-12-2024
302540,Kathy Jones,stewartpamela@example.com,United Kingdom,Corporate,23-12-2023
302541,Tiffany Malone,,Brazil,Corporate,19-07-2025
302542,Alison Reed,richard96@example.com,Canada,Wholesale,15-10-2022
302543,Mike Hatfield,jefferymurray@example.org,USA,Wholesale,05-02-2024
302544,Emily Fuentes,carpentermichelle@example.org,Canada,Online,17-02-2023
302545,Jason Wright,kennethrichard@example.com,Japan,Corporate,13-01-2022
302546,Katherine Mitchell,cindycurtis@example.org,Germany,Retail,09-05-2022
302547,Abigail Lane,douglasrosales@example.com,France,Online,01-02-2023
302548,Brenda Brooks,julia55@example.org,China,Wholesale,25-03-2025
302549,Stephanie Blevins,maynardsamantha@example.net,China,Online,21-09-2021
302550,Cynthia Simpson,amyburns@example.com,France,Corporate,21-12-2024
302551,Cheryl Benton,johnsonheather@example.com,Canada,Corporate,20-01-2025
302552,Eric Fisher,zachary74@example.org,China,Retail,10-12-2021
302553,Brandon Johnson II,kcook@example.net,Brazil,Wholesale,18-08-2022
302554,Bryan Howard,adam11@example.net,United Kingdom,Corporate,16-11-2022
302555,Bobby Gonzales,mannjennifer@example.net,United States,Online,18-07-2024
302556,Jason James,parkersamantha@example.org,germany,Corporate,24-07-2022
302557,Jose Jackson,,germany,Corporate,19-01-2025
302558,Gregory Scott,pmason@example.com,United Kingdom,Wholesale,26-10-2023
302559,Samuel Maxwell,vincentdavis@example.com,Vietnam,,13-03-2023
302560,Shawn Rhodes,juan59@example.com,China,Retail,12-09-2024
302561,Alyssa Hall,yorkchristopher@example.com,China,Retail,14-01-2024
302562,Jonathan Hernandez,tanyabennett@example.net,United States,Wholesale,19-11-2023
302563,Calvin Garcia,zmanning@example.org,Vietnam,Corporate,09-Jan-23
302564,Kimberly Barrett,dunlapmark@example.net,germany,Wholesale,14-08-2022
302565,Richard Lee,,United States,Online,10-27-2023
302566,Heather Stephens,lopezlinda@example.com,Germany,Online,12-Sep-22
302567,Theresa Allen,anna37@example.com,China,Corporate,11-Dec-24
302568,Carrie Tucker,jennifer95@example.net,Brazil,,31-10-2020
302569,Linda Kelly,chloe66@example.net,India,Online,14-04-2021
302570,Bradley Harmon,,India,Online,24-Apr-22
302571,Grant Mason,rodrigueztammy@example.net,Japan,Retail,20-11-2024
302572,Michelle Jones,tharris@example.com,Canada,Retail,09-02-2025
302573,Melissa Flores,jimcraig@example.com,Canada,Wholesale,26-07-2023
302574,Samantha Henderson,rhiggins@example.net,United States,Corporate,22-03-2024
302575,Jeremy Marshall,martinezjennifer@example.com,Germany,Online,04-12-2024
302576,Jared Jones,blakenelson@example.net,Australia,,05-11-2023
302577,Michael Castaneda,colleenvance@example.org,France,,04-Mar-22
302578,Chase Davies,daniellewebb@example.net,Canada,Online,26-03-2022
302579,Ian Sullivan,jberry@example.org,india,Wholesale,04-05-2023
302580,Charles Mcclure,dhill@example.net,France,Retail,18-12-2023
302581,Gloria Castro,houstonmichelle@example.com,Japan,,10-01-2023
302582,Kelly Wheeler,randolphsharon@example.com,United Kingdom,Retail,18-06-2025
302583,William Wilson,sarah44@example.com,France,Retail,20-04-2024
302584,Brian Aguilar,bruceray@example.com,Australia,Corporate,24-03-2024
302585,Randall Marks,,Japan,Retail,31-08-2024
302586,Marisa Rogers,johncooke@example.net,Mexico,Retail,31-03-2023
302587,Michael Mata,dellis@example.com,Australia,Online,29-01-2023
302588,Mackenzie Peterson,matthewdavis@example.org,Vietnam,Wholesale,20-06-2023
302589,Kristen Johnson,karisullivan@example.net,France,Wholesale,02-06-2024
302590,Jason Sullivan,hernandezrussell@example.net,germany,,10-07-2025
302591,Cindy Duncan,stephen64@example.com,United Kingdom,Retail,18-11-2024
302592,Brandi Rodriguez,calderonjacob@example.net,Brazil,Wholesale,15-06-2024
302593,Nicole Cameron,griffinlisa@example.com,Australia,Online,10-01-2023
302594,Mark Walton,,Brazil,Online,07-04-2023
302595,Courtney Johnson,duncanpamela@example.net,France,Online,03-06-2024
302596,Linda Chambers,tvasquez@example.net,Canada,Retail,11-02-2021
302597,Michael Gilbert,brian74@example.net,Brazil,Corporate,12-11-2022
302598,Jennifer Alexander,xruiz@example.net,India,Corporate,24-12-2024
302599,Katrina Shaw,rcuevas@example.com,Japan,Retail,17-01-2022
302600,Scott Drake,kyleduran@example.org,Japan,Corporate,18-01-2023
302601,Christopher Carr,brianmartinez@example.net,United Kingdom,Online,20-Dec-20
302602,Dawn Jackson,stephanie33@example.org,england,,11-Aug-22
302603,Amanda Kaiser,kimberly06@example.org,United Kingdom,Online,22-09-2023
302604,Grant Holland,steven75@example.org,Germany,,04-05-2022
302605,Christina Wolf,brownlauren@example.org,Vietnam,Corporate,16-04-2021
302606,Jennifer Galvan,derekhamilton@example.org,Germany,Online,08-30-2022
302607,Joseph Kelly,xmoore@example.net,Canada,Online,18-08-2025
302608,Richard Bond,tylerthompson@example.com,Vietnam,Online,26-10-2021
302609,Andrew Patrick,usummers@example.net,Japan,,02-06-2024
302610,Joshua Silva,dianaking@example.org,United Kingdom,Corporate,27-03-2024
302611,Derek Lee,,United Kingdom,Wholesale,08-09-2021
302612,Kim Richardson,andersondebbie@example.net,China,Wholesale,06-02-2025
302613,John Gonzales,karen17@example.com,Japan,Retail,17-10-2023
302614,Alan Rowland,tphillips@example.com,United Kingdom,Retail,10-07-2023
302615,Melissa Davis,iwade@example.org,United States,Online,03-14-2022
302616,Jessica Johnson,jennifersoto@example.com,Australia,Online,25-12-2022
302617,Tracy Patterson,christina42@example.net,Vietnam,Corporate,27-08-2021
302618,Robert Johnson,maustin@example.com,Brazil,Wholesale,16-08-2025
302619,Kelly Robinson,christopherwatson@example.org,Vietnam,,26-03-2025
302620,Jacqueline Perkins,zmaynard@example.com,Germany,Retail,28-06-2021
302621,Monica Anderson,fosterryan@example.net,Australia,Corporate,24-07-2024
302622,Michael Johnson,twalker@example.com,Germany,Corporate,29-11-2023
302623,Edward Carroll,jwright@example.net,United Kingdom,Online,02-10-2022
302624,Stephanie Smith,jacob27@example.com,india,Wholesale,16-06-2022
302625,Harold Malone,rebeccaalexander@example.org,Mexico,Online,05-07-2021
302626,Mrs. Lindsey Gilbert,adrian89@example.com,Brazil,Wholesale,12-07-2023
302627,Jennifer Graham,james70@example.net,Japan,Corporate,08-04-2022
302628,Chase Phelps,batesjill@example.com,China,Wholesale,12-02-2023
302629,James Vega,michaelmyers@example.com,United Kingdom,Corporate,13-05-2025
302630,Charlene Valentine,,United States,Retail,09-09-2021
302631,Ana Contreras,roblesbetty@example.org,Brazil,Wholesale,27-06-2023
302632,Joseph Foster,adkinsjared@example.net,Brazil,,06-09-2023
302633,Thomas West,elizabethpalmer@example.net,Australia,Online,08-06-2021
302634,Anna Frey,buchananchristina@example.org,France,Corporate,06-24-2022
302635,Thomas Carter DVM,danielle81@example.org,Vietnam,Online,30-08-2023
302636,Robin Baldwin,kgraham@example.com,Germany,Wholesale,03-02-2022
302637,Daniel Horne II,dtate@example.net,United Kingdom,Corporate,09-12-2021
302638,Michelle Anderson,hopkinspaul@example.com,India,Retail,08-07-2024
302639,Corey Daniels,jody71@example.net,India,,03-04-2025
302640,Kathryn Davila,john45@example.org,United Kingdom,Retail,23-04-2023
302641,Francis Lewis,fosterjulie@example.org,France,,11-09-2023
302642,Scott Newman,zramirez@example.net,China,Retail,31-05-2021
302643,Timothy Evans,michaelrice@example.net,United states,Wholesale,04-06-2025
302644,Chelsea Garcia MD,carsonwilliam@example.org,France,Retail,25-04-2022
302645,Christine Parrish,yhowell@example.com,Mexico,Corporate,09-09-2020
302646,Robert Lewis,rgreen@example.com,germany,Retail,01-09-2020
302647,Barbara Harmon,simmonsjacob@example.org,Japan,Wholesale,25-10-2022
302648,Paul Acosta,whale@example.net,Brazil,Corporate,22-09-2024
302649,Michelle Miles,williamsmaria@example.org,United Kingdom,Wholesale,10-08-2024
302650,Cindy Watson,,Germany,Corporate,27-03-2022
302651,Kelli Stewart,mirandaanthony@example.net,France,,02-09-2020
302652,Cheryl Stone,freynicole@example.org,Germany,Corporate,11-05-2022
302653,Hector Owens,pruittangelica@example.com,Vietnam,Wholesale,02-08-2021
302654,Ann Phillips,lopezrichard@example.net,Vietnam,Retail,27-05-2024
302655,Gabriella Johnston,martharay@example.net,China,,14-07-2022
302656,Rebecca Vasquez,asmith@example.net,Australia,Wholesale,08-11-2022
302657,Linda Harris,karengould@example.net,India,Corporate,22-03-2022
302658,Sarah Hays,henryrhonda@example.org,India,Corporate,14-03-2025
302659,Victor Robinson,charleslee@example.net,Australia,Wholesale,31-08-2023
302660,Amanda Savage,blake03@example.com,Australia,Online,06-06-2022
302661,Timothy Crawford,paul74@example.net,China,Wholesale,10-01-2025
302662,Barry Hull,rebeccamccormick@example.net,France,Corporate,12-09-2020
302663,David Brown,xvargas@example.org,UK,Corporate,27-04-2021
302664,Brandon Rodriguez MD,deckerbryan@example.org,Canada,,23-10-2022
302665,Bonnie Barnett,nancymendez@example.net,Brazil,Online,27-02-2025
302666,Christopher Howard,icarpenter@example.org,Mexico,,18-04-2025
302667,Brian Mitchell,carol88@example.net,India,Retail,10-23-2022
302668,Ashley Smith,kschultz@example.com,Mexico,Online,10-09-2023
302669,Dwayne Johnson,christopherthomas@example.org,Japan,Corporate,18-Dec-24
302670,Abigail Martinez,kimberly80@example.com,USA,Online,16-11-2024
302671,Jennifer Williams,holtvictor@example.org,Brazil,Corporate,09-12-2021
302672,Kristen Young,qelliott@example.com,Japan,Wholesale,12-12-2021
302673,Robert Smith,maria80@example.com,Japan,Online,30-06-2023
302674,Joyce Peterson,owheeler@example.net,Vietnam,Online,20-10-2024
302675,Sandra Duncan,freemandonald@example.com,england,Corporate,03-10-2023
302676,Luke Smith,shawn76@example.org,Germany,Online,20-01-2021
302677,Philip Ferguson,ysullivan@example.net,France,Wholesale,31-03-2022
302678,Haley Williams,shurley@example.com,Mexico,Wholesale,03-02-2021
302679,Mrs. Julie Carter,uwu@example.net,Canada,,11-05-2021
302680,Richard Parks,chelseagriffin@example.com,Mexico,Wholesale,13-03-2025
302681,Jasmine Mack,xgraham@example.org,China,Wholesale,01-02-2021
302682,Debra Pugh,cwebb@example.org,India,,17-03-2022
302683,Ryan Reese,bradley15@example.com,Canada,Wholesale,23-08-2022
302684,Mitchell Hernandez,joshuawoodward@example.com,France,Online,04-06-2025
302685,Jeanette Johnson,julie89@example.com,United States,,03-06-2021
302686,Jodi Rodriguez,morganedward@example.net,Canada,Corporate,31-08-2023
302687,Crystal Gonzalez,lopezdavid@example.com,France,Wholesale,19-06-2022
302688,Gary Yu,keithhernandez@example.org,Germany,Wholesale,10-07-2022
302689,Becky Munoz,sandralane@example.com,Brazil,Retail,04-19-2021
302690,Brian Olsen,campbellanthony@example.net,United States,Online,09-02-2025
302691,Mr. Michael Mcbride,erinreid@example.com,India,,18-04-2025
302692,Melissa Torres,colinwilson@example.net,india,,16-08-2023
302693,Johnathan Bentley,shawdenise@example.org,United States,Online,26-05-2021
302694,Brittany Collins,dcooper@example.net,Vietnam,Corporate,07-09-2024
302695,Jessica Robinson,michael77@example.com,United Kingdom,Wholesale,11-07-2024
302696,Sharon Butler,wayne82@example.org,Australia,Corporate,18-07-2024
302697,Samantha Hernandez MD,davidmorris@example.com,France,Corporate,29-05-2024
302698,Tracy Frazier,angelarivera@example.org,Japan,Online,01-04-2021
302699,Julian Rose,qmoore@example.com,China,Online,03-12-2021
302700,Thomas Erickson,amberbooker@example.com,France,Corporate,08-25-2022
302701,Kathryn Miller,briankennedy@example.org,Mexico,Retail,09-04-2022
302702,Cindy Pruitt,cassandra15@example.net,China,Corporate,09-01-2021
302703,Matthew Johnson,jennifer14@example.com,United States,Retail,06-05-2021
302704,Barbara Trujillo,ramirezjustin@example.org,United States,Corporate,06-10-2021
302705,Janet Torres,ncollins@example.org,France,,14-08-2023
302706,Sarah Davis,suttonmichael@example.org,Brazil,Online,04-01-2021
302707,Rachel Cantu,cindywilkinson@example.com,Mexico,Retail,03-10-2024
302708,Angel Harris,jeremy49@example.net,Germany,Online,22-10-2020
302709,Kimberly Kelly,usims@example.net,Mexico,,23-02-2023
302710,Timothy Hunt,gouldwendy@example.org,Japan,Wholesale,13-04-2023
302711,Brittany Lawson,stephenlevine@example.org,Vietnam,Online,30-03-2021
302712,Dylan Dillon DVM,jasonmartin@example.org,Brazil,Online,29-03-2023
302713,Deborah Williams,csmith@example.org,India,Wholesale,23-10-2021
302714,Dr. Sherry Humphrey,laurenpeters@example.com,Japan,Retail,04-02-2024
302715,Kathleen Smith,,Brazil,Retail,18-12-2022
302716,Walter Gray,fernandoriddle@example.org,United Kingdom,Online,04-09-2022
302717,Rachel Newman,davidcalderon@example.org,Australia,Wholesale,07-04-2021
302718,Sharon Medina,qpeters@example.com,Mexico,Online,16-12-2024
302719,Richard George,melissaescobar@example.net,Brazil,Online,02-05-2021
302720,Yvette Jordan,eileenjohnson@example.com,Japan,Retail,23-07-2024
302721,Amanda Nelson,vanessa12@example.org,Australia,Wholesale,09-02-2022
302722,Christine Peterson,beth81@example.org,Japan,Wholesale,04-12-2021
302723,Vicki Yates,corey42@example.org,Vietnam,Corporate,06-30-2025
302724,David Grant,wellsjasmine@example.com,Australia,Retail,23-10-2020
302725,Courtney Bennett,millerrobert@example.com,Brazil,Wholesale,17-06-2023
302726,Nancy Wilkins,ashley42@example.org,Mexico,Corporate,24-07-2023
302727,Dr. Thomas Clark PhD,reneelong@example.net,France,Retail,11-10-2023
302728,Joel Stone MD,,Japan,Retail,23-02-2023
302729,Elizabeth Washington,richardsjeffrey@example.net,Mexico,Corporate,09-01-2021
302730,Kimberly Evans,ibuchanan@example.org,Australia,Retail,12-10-2020
302731,Meghan Burns,bwilson@example.org,Mexico,Retail,01-09-2021
302732,Leonard Cook,parkerisaac@example.org,DE,Online,18-02-2021
302733,Luke Chang,victoria90@example.org,Brazil,Corporate,23-09-2022
302734,Tiffany Davis,qwaters@example.com,China,Corporate,04-09-2020
302735,Ryan Pollard,cooperrebecca@example.org,Mexico,Retail,08-03-2024
302736,Jane Austin,omurray@example.com,Japan,Online,26-04-2023
302737,Lauren Foster,owenkathleen@example.com,Vietnam,Online,04-12-2022
302738,Michael Brown,cbradley@example.org,United Kingdom,,27-07-2021
302739,Lisa Harrison,michael79@example.org,India,Online,21-02-2025
302740,Julie Wilson,kyle91@example.com,Japan,Retail,13-06-2021
302741,Robert Cross,,Mexico,Online,17-01-2024
302742,Juan Herrera,cwebster@example.net,Germany,Retail,16-03-2023
302743,Christina Reed,edowns@example.net,Australia,Online,19-05-2022
302744,Michael Lee,fhill@example.org,Canada,Corporate,17-02-2022
302745,John Franco,wdyer@example.com,Canada,,04-07-2021
302746,Rebecca Moss,yrios@example.com,Germany,Corporate,21-08-2023
302747,Mackenzie Compton,baileymeagan@example.net,United States,Retail,05-10-2023
302748,Susan Boyer,lovedavid@example.org,Japan,Retail,09-11-2021
302749,Jon Burke,hansenjoshua@example.net,Germany,,15-07-2024
302750,Shawn May,marvin03@example.com,Canada,Wholesale,15-04-2023
302751,Julian Mcmahon,xwarren@example.org,Canada,Retail,08-09-2024
302752,Joseph Buckley,jacoblawson@example.org,Australia,Online,04-29-2023
302753,William Warren,lisa07@example.org,United States,Wholesale,13-09-2022
302754,Robert Hill,aaron63@example.org,France,Wholesale,16-12-2022
302755,Sara Edwards,phamnatasha@example.com,Vietnam,Retail,19-09-2024
302756,Joseph Welch,sharris@example.com,China,Retail,21-06-2022
302757,Deborah Lucero,vshields@example.org,Japan,Online,01-01-2023
302758,Tiffany Berger,lynnhudson@example.com,United States,Online,26-11-2021
302759,Charles Brown,lisa10@example.org,United States,Retail,26-12-2021
302760,Jessica Webb,flemingcaitlyn@example.org,U.K.,Online,08-10-2020
302761,Deborah Ibarra,eknight@example.org,France,Wholesale,16-08-2022
302762,Sharon Johnson MD,jason57@example.net,Australia,,04-04-2023
302763,Kara Lawrence,andrew52@example.com,Mexico,Retail,09-07-2022
302764,Alyssa Powell,wcook@example.com,Japan,Retail,27-10-2020
302765,Ryan Lyons,pughcarol@example.org,India,Wholesale,19-12-2020
302766,Brandon Robinson,andersontravis@example.com,Brazil,Online,29-01-2025
302767,Kelly Evans,gravestammy@example.org,Germany,Online,26-06-2022
302768,Jill Cook,burnscarl@example.org,Brazil,Retail,26-Feb-23
302769,Sarah Cox,cardenasjoseph@example.com,Brazil,Corporate,21-10-2023
302770,Daniel Medina,scott48@example.org,Australia,Online,04-11-2020
302771,Joseph Mack,vlewis@example.net,Vietnam,Corporate,09-09-2024
302772,Shawna Rich,timothypalmer@example.net,Mexico,Online,01-02-2022
302773,Jesse Booth,latoyahartman@example.com,United States,Wholesale,18-09-2020
302774,Jessica Manning,julie84@example.com,Vietnam,Wholesale,22-11-2021
302775,Krista Hopkins,wendy93@example.org,Australia,,19-08-2025
302776,Mario Murray,ryan52@example.com,United States,Online,31-08-2021
302777,Becky Ward,marthabanks@example.org,Japan,Retail,05-10-2023
302778,Lisa James,andrewburke@example.org,Japan,,13-09-2023
302779,Vincent Gomez,goodanthony@example.net,Vietnam,Retail,20-03-2025
302780,Harry Trujillo,brockfelicia@example.org,Australia,,17-11-2023
302781,Charles Villegas,jason85@example.org,India,Retail,14-04-2025
302782,Blake Meza,hollychang@example.net,Germany,Retail,10-10-2020
302783,Beth Kerr,allison10@example.net,France,Wholesale,12-07-2024
302784,Susan Reed,jeanne38@example.com,Japan,,07-Nov-21
302785,Lindsay Dyer,,United States,Wholesale,18-11-2022
302786,Ronald Brooks,nicholstodd@example.net,Japan,Wholesale,24-01-2024
302787,Brenda Frederick,,China,Online,08-08-2021
302788,Jack Lucas,yschroeder@example.net,Japan,Wholesale,10-03-2023
302789,Taylor Vargas,brianpalmer@example.net,Mexico,Retail,21-12-2023
302790,Sandra Murphy,jose87@example.com,India,Retail,12-10-2022
302791,Alexis Erickson,william49@example.net,Mexico,Online,03-07-2021
302792,Erika Johnson,destinyroberts@example.net,United States,Retail,29-03-2021
302793,Gary Wallace,xlarson@example.com,China,Online,12-02-2022
302794,Rebecca Villa,michelle88@example.org,India,Corporate,01-08-2024
302795,Michelle Beck,vgonzales@example.com,Canada,Online,16-12-2024
302796,Lori Peck,nathan25@example.com,Mexico,Corporate,25-11-2022
302797,Daniel West,jill37@example.net,United States,,22-01-2025
302798,Johnny Page,patricia94@example.net,Australia,Wholesale,06-01-2023
302799,Nancy Murray,sandra16@example.com,Canada,,28-10-2024
302800,Glenda Fisher,vwilson@example.com,India,Retail,30-04-2021
302801,Allen Jackson,qjordan@example.net,China,Retail,06-08-2023
302802,Eric Casey,travisfrazier@example.com,United Kingdom,Retail,02-05-2024
302803,Teresa Montoya,steelejames@example.org,France,Retail,20-06-2022
302804,Sabrina Brown,susan58@example.org,Vietnam,Online,23-02-2023
302805,Marcus Rogers,sandra21@example.com,Australia,Retail,13-08-2024
302806,Mary Harris,wlyons@example.com,India,Wholesale,16-08-2025
302807,Robert Salazar,turnerlinda@example.net,Brazil,Online,27-Sep-22
302808,Olivia Williams,christopherdavis@example.com,United Kingdom,,14-02-2021
302809,Pamela Davis,oaguilar@example.com,Canada,,25-01-2024
302810,Paula Jensen,monicabarnett@example.com,United Kingdom,Corporate,12-06-2023
302811,Tracey Holmes,debbie01@example.org,Brazil,Corporate,04-11-2020
302812,Kristen Harper,rodriguezmaureen@example.org,United States,Online,04-07-2022
302813,Anthony Carr,ginagross@example.net,Canada,Corporate,18-11-2020
302814,Dana Matthews,reneewade@example.org,India,Retail,01-10-2021
302815,Kelly Acevedo,hansenchristina@example.net,United Kingdom,,20-05-2023
302816,Joanna Garcia,bmejia@example.com,Japan,Online,24-02-2022
302817,Shirley Brock,,U.S.A.,Wholesale,27-11-2021
302818,Patrick Sullivan,timothy26@example.com,Germany,Retail,16-02-2021
302819,Joel Hansen,kathleengreene@example.com,Japan,Corporate,14-01-2022
302820,Richard Murphy,vegaandrea@example.com,Mexico,Online,12-09-2022
302821,Leon Jackson,qfox@example.org,France,Corporate,15-10-2024
302822,Janet Bishop,john55@example.com,India,Online,12-03-2022
302823,Christina Ramirez,courtneysparks@example.net,China,,06-09-2022
302824,Teresa Trujillo,kathy96@example.com,Mexico,Online,06-16-2024
302825,Kelly Benjamin MD,maryray@example.org,DE,Corporate,03-10-2022
302826,Lorraine Ibarra,josephcastro@example.org,France,Corporate,17-11-2021
302827,John Hall,brian61@example.org,Vietnam,Retail,05-08-2021
302828,Eric Ware MD,tyler30@example.com,Japan,Corporate,28-03-2023
302829,James Mcbride,emma76@example.net,Brazil,Corporate,07-08-2024
302830,Veronica Petersen,jshaw@example.net,China,Retail,05-10-2024
302831,Gail Atkinson,sabrinawalsh@example.com,Brazil,Wholesale,03-09-2020
302832,David Guzman,,Brazil,Online,03-12-2023
302833,Brian Hayden,james44@example.org,Australia,Wholesale,12-31-2022
302834,Brandon Cohen,dramos@example.net,Brazil,Corporate,16-11-2020
302835,Anthony Nguyen,armstrongallison@example.net,United Kingdom,Online,01-03-2021
302836,Gerald Brooks,youngleslie@example.net,Canada,Corporate,20-05-2025
302837,Lori Zhang,marissamckinney@example.net,Vietnam,Online,06-04-2022
302838,Jay Mckinney,jacobburns@example.net,england,Wholesale,02-Jan-25
302839,Douglas Clark,smithbilly@example.net,Germany,Retail,15-02-2024
302840,Angela Colon,,india,Online,31-08-2024
302841,Jimmy Roberson,betty65@example.net,Vietnam,Retail,26-01-2021
302842,Casey Smith,michaeloliver@example.org,Canada,Corporate,29-08-2023
302843,Cindy Berger,bradleydunlap@example.org,United Kingdom,Retail,14-06-2025
302844,Steven Ball,walkerronnie@example.org,Japan,Online,20-10-2023
302845,Steve Taylor,dpierce@example.com,Japan,Retail,23-08-2023
302846,Samantha Rodriguez,jallen@example.org,Japan,Corporate,12-05-2022
302847,Cameron Campbell,whiteronald@example.com,Vietnam,Wholesale,30-Jan-22
302848,Daniel Morales,vfaulkner@example.net,India,Online,28-08-2022
302849,Danielle Nguyen,edward72@example.org,India,Corporate,10-10-2020
302850,Steven Burgess,shawnedwards@example.org,Vietnam,Corporate,14-01-2024
302851,Stephanie Bruce,cpierce@example.com,China,Online,14-09-2020
302852,Tyler Barton,christophermills@example.com,United Kingdom,Wholesale,24-07-2023
302853,Christina White,michaelflynn@example.net,Mexico,Corporate,07-12-2022
302854,Tamara Smith,joseph49@example.net,Mexico,Corporate,06-Sep-24
302855,Seth Rivera,kempbonnie@example.org,United Kingdom,Online,06-04-2022
302856,Joseph Johnson,gregory46@example.net,Australia,,05-23-2021
302857,Timothy Rivera,berrydouglas@example.org,Canada,Online,22-04-2023
302858,Marissa Brown,amy05@example.org,Mexico,Online,10-03-2022
302859,Duane Hampton,jeffreybutler@example.org,United Kingdom,Corporate,30-11-2020
302860,Dr. Michael Lee,smithlori@example.com,Germany,,11-09-2020
302861,Deborah Hayes,pjohnson@example.org,Vietnam,Online,06-04-2021
302862,Ronald Francis,lbrown@example.com,Germany,Wholesale,22-02-2021
302863,Carolyn Roach,michelleknapp@example.net,Germany,Wholesale,08-03-2024
302864,Anna May,oscar17@example.com,Mexico,Corporate,05-Oct-24
302865,Henry Davis,tammyschroeder@example.org,india,Online,09-09-2023
302866,Veronica Jennings,patricia91@example.com,United Kingdom,Retail,25-10-2020
302867,Danielle Santos,ychapman@example.com,Canada,Retail,12-09-2023
302868,Lance Velasquez,bradley54@example.com,Brazil,Online,19-11-2023
302869,Felicia Harris,stuart76@example.com,Brazil,Corporate,20-10-2024
302870,Christopher Smith,ronald27@example.org,Mexico,Retail,12-09-2020
302871,Jennifer Wolf,,Vietnam,Wholesale,27-07-2023
302872,Sharon Stevenson,fritzolivia@example.org,India,Corporate,21-06-2023
302873,Matthew Lawrence,,Brazil,Online,05-11-2022
302874,Wendy Porter,hestrada@example.org,Australia,Online,28-11-2020
302875,Mary Vaughn,fmarshall@example.com,Canada,Corporate,22-05-2022
302876,Michael Marshall,ghunter@example.org,USA,Wholesale,03-08-2024
302877,Matthew Moss,btorres@example.com,Japan,,25-06-2023
302878,Tonya Cox,mooneylisa@example.org,Germany,Wholesale,29-11-2022
302879,Stephanie Wilson,michealallen@example.net,Canada,Online,06-Nov-20
302880,Mary Robles,michaelwilliams@example.com,Mexico,Corporate,10-31-2024
302881,Derek Cochran,mfowler@example.com,India,Retail,12-03-2021
302882,Monica Burns,cbaker@example.com,Canada,Corporate,16-05-2023
302883,Jacqueline Mercer,diamond43@example.net,China,Retail,28-02-2023
302884,Kenneth Harrison,,India,Wholesale,03-11-2021
302885,Amy James,ronald91@example.org,Vietnam,Corporate,16-11-2024
302886,Kenneth Carroll DVM,jasonallen@example.org,IND,Corporate,28-07-2022
302887,Phillip Mendoza,benjamindavidson@example.net,U.S.A.,Online,23-09-2021
302888,Misty Woods,joecameron@example.org,United States,Wholesale,30-04-2021
302889,Chad Lowe,gking@example.org,india,Corporate,13-10-2022
302890,Jennifer Bond,,Mexico,Online,26-03-2021
302891,Rebecca Taylor,christophernewman@example.net,Brazil,Corporate,26-10-2021
302892,Aimee Sanchez,gina75@example.net,Mexico,Corporate,27-10-2022
302893,Vincent Schwartz,xhardy@example.net,Vietnam,,27-Nov-23
302894,Benjamin Martinez,jason53@example.com,Canada,Retail,22-01-2021
302895,Angela Vaughn,lbell@example.org,Vietnam,Online,26-11-2021
302896,Anthony Nelson,quinnjacob@example.net,Germany,Online,01-03-2025
302897,Mason Braun,,China,Online,04-03-2024
302898,James Serrano,zbray@example.net,Mexico,Wholesale,19-07-2023
302899,James Blake,kimriley@example.com,United Kingdom,Online,08-05-2023
302900,Richard Jones,dustin79@example.com,Mexico,Retail,29-12-2021
302901,Donald Richards,mccallaaron@example.net,IND,Online,19-12-2021
302902,Sherry Mendez,lewiseric@example.net,China,Corporate,30-08-2024
302903,Wesley Morris,laura11@example.org,United States,Wholesale,06-08-2023
302904,Dr. Elijah Wood Jr.,harrellmary@example.com,USA,Retail,16-04-2022
302905,Candice Lopez,regina46@example.org,Canada,Corporate,14-11-2024
302906,Caleb Hall,laura92@example.org,France,Retail,05-09-2020
302907,April Copeland,potterjohn@example.com,United Kingdom,Online,25-12-2023
302908,Thomas Hull,marissa47@example.net,China,Wholesale,23-10-2021
302909,Jennifer Flynn,sarafox@example.org,India,Wholesale,29-11-2020
302910,Patricia Rodriguez,matthewjones@example.net,Brazil,Online,02-12-2020
302911,Christopher Gaines,kellyrodriguez@example.com,Brazil,Online,23-06-2024
302912,Andrew Lawson,fking@example.net,Australia,Online,30-08-2022
302913,Debra Lee,,Brazil,Wholesale,28-04-2024
302914,Todd Mcbride,murphyryan@example.com,Australia,Retail,14-05-2021
302915,Lonnie Estrada,kdunn@example.org,Brazil,Online,04-06-2023
302916,Robert Watkins,christopherrichards@example.org,Australia,Wholesale,08-03-2024
302917,Douglas Hudson,william41@example.com,Vietnam,Wholesale,18-11-2023
302918,Robert Ali,lvalenzuela@example.org,Japan,Wholesale,12-09-2020
302919,Christopher Morris,bullockmaria@example.net,Vietnam,Retail,26-07-2023
302920,Steve Hernandez,jacqueline69@example.net,U.K.,Online,25-10-2020
302921,Jennifer Weber,vazquezdylan@example.org,DE,Corporate,26-03-2023
302922,Danielle Cruz,stacy16@example.com,Japan,Wholesale,12-05-2025
302923,Laura Ferrell,,Mexico,Wholesale,12-06-2025
302924,Annette Brown,nicole31@example.com,Mexico,Online,09-12-2023
302925,Patricia Eaton,keithdaniels@example.net,France,Retail,05-09-2022
302926,Brittany Barber,ralph67@example.org,Mexico,,12-07-2025
302927,Mrs. Whitney Edwards DVM,,Mexico,Wholesale,24-10-2023
302928,Kara Johnson,christinedennis@example.net,Australia,Retail,30-08-2024
302929,Mary Potter,bbowman@example.net,Australia,Retail,17-08-2025
302930,Anthony Ryan,itucker@example.org,Brazil,Retail,22-08-2022
302931,Cassandra Carter,smithmarissa@example.net,U.K.,Wholesale,11-11-2020
302932,Sarah Smith,jlevy@example.com,Brazil,Wholesale,04-11-2020
302933,Brenda Hill,ereed@example.com,Australia,Wholesale,27-08-2024
302934,Kim Lambert,toddanthony@example.net,France,,22-05-2024
302935,Cynthia Pierce,jeffreysandoval@example.net,India,Wholesale,07-06-2025
302936,Laura Velez,tarasims@example.com,Mexico,Retail,06-07-2021
302937,Alex Wilkerson,,China,Online,30-05-2023
302938,Patricia Hall,beth11@example.net,Canada,Retail,05-06-2022
302939,Chelsea Miller,lucasedwards@example.com,Mexico,,18-10-2022
302940,Robert Lucero,simpsonnicholas@example.net,Brazil,Retail,06-04-2024
302941,Stephanie Knight,wgonzalez@example.com,Australia,Retail,16-06-2023
302942,Tyler Martinez,youngsarah@example.com,germany,Wholesale,22-07-2022
302943,Levi Morrow,jodi42@example.org,France,Corporate,23-03-2025
302944,Gabrielle Gonzalez,jeannewton@example.net,Mexico,Retail,01-03-2025
302945,Kevin Clark,daniel10@example.net,Vietnam,Retail,31-12-2020
302946,Brian Hall,wperez@example.com,Japan,Online,19-09-2022
302947,Scott Gross,,Germany,Retail,02-05-2024
302948,Jason Park,coneill@example.net,China,Online,14-05-2021
302949,Meghan Robinson,taylorchristopher@example.org,Japan,,28-08-2021
302950,Rose Valdez,michaelvalencia@example.net,France,Corporate,05-02-2025
302951,Nicole Wiley,jonesevan@example.net,India,Corporate,18-11-2022
302952,Dana Gates,chadtorres@example.org,Mexico,Corporate,02-04-2022
302953,Stephanie Davies DDS,terribrown@example.com,Vietnam,Retail,09-11-2021
302954,Wesley Oneal,johnsonlisa@example.net,Mexico,Retail,28-04-2024
302955,Dana Butler,jennifer00@example.org,Australia,Wholesale,21-Feb-21
302956,Bill King,westdennis@example.com,United states,Corporate,01-01-2021
302957,Mark Ruiz,omay@example.org,France,Wholesale,11-07-2025
302958,Keith Berry,clarkdavid@example.org,germany,,01-08-2021
302959,Mary Scott,kristopheranderson@example.org,Brazil,Retail,24-01-2022
302960,Andrew Smith,asmith@example.net,United Kingdom,Wholesale,21-09-2022
302961,David Richardson,iduncan@example.org,Germany,Corporate,15-02-2022
302962,Yvette Cohen,erikacarlson@example.com,Japan,Wholesale,08-04-2024
302963,Melissa Anderson,burnslaura@example.org,Germany,Retail,12-10-2022
302964,Lindsay Blake,despinoza@example.com,India,Wholesale,20-03-2024
302965,Tabitha Hancock,vincentmarshall@example.org,Brazil,Online,13-10-2022
302966,Joshua Patel,christinaday@example.org,Germany,Corporate,23-04-2021
302967,Courtney Hill,matthewsluis@example.net,China,Wholesale,15-11-2020
302968,Rhonda Miller,oclayton@example.com,Japan,Wholesale,04-03-2023
302969,Melissa Jimenez,umaxwell@example.net,France,Wholesale,26-03-2021
302970,Rebecca Bailey,gballard@example.com,USA,Corporate,12-11-2020
302971,Ashley Rollins,john62@example.org,France,Online,06-10-2023
302972,Eric Lee,brandywest@example.net,Mexico,Corporate,22-06-2022
302973,Tony Perez,melanie70@example.org,India,Online,26-06-2023
302974,Tracey Jones,james84@example.org,Japan,Retail,07-20-2025
302975,Heather Banks,katelyn54@example.com,United States,Online,09-12-2020
302976,Joanna Crosby,sbryant@example.net,Japan,Retail,07-05-2025
302977,Rebekah Ho,dawnmerritt@example.org,Mexico,Retail,13-Jan-25
302978,Pamela Johnson,gibsondonald@example.net,China,Retail,16-07-2025
302979,Randy Montgomery,ewolf@example.org,UK,Retail,16-09-2020
302980,Brian Wallace,amedina@example.com,Mexico,Corporate,29-07-2024
302981,Tiffany Duke,fortiz@example.net,India,Wholesale,20-02-2021
302982,Brittany Hamilton,kevin70@example.net,Germany,,04-10-2022
302983,Julie Wilson,,China,Online,16-12-2021
302984,Christopher Ford,schwartzdonna@example.org,Brazil,Online,22-07-2024
302985,David Parker,xhopkins@example.net,United States,Retail,04-08-2024
302986,Karen Mcclain,fischerdanielle@example.org,India,Corporate,01-07-2023
302987,Kayla Garcia,mramos@example.net,China,Retail,20-12-2021
302988,Brenda Powell,justinjohnson@example.net,Japan,Wholesale,02-03-2023
302989,Melanie Brown,ssaunders@example.org,Canada,Retail,09-04-2021
302990,Dennis Howard,gochoa@example.net,Vietnam,Retail,06-05-2021
302991,Jacob Miller,pbrown@example.com,China,,07-08-2024
302992,Denise Daniel,michaeljames@example.net,France,Online,15-11-2021
302993,Robert Ponce,jason25@example.org,France,Online,04-01-2023
302994,Christine Jones,jonathan11@example.net,United states,Online,15-Jan-25
302995,Margaret Johnson,burnsjohn@example.com,us,Corporate,04-11-2024
302996,Richard Ward,gregorylevine@example.com,Vietnam,Retail,30-11-2023
302997,Jessica Pennington,kaitlindiaz@example.org,Brazil,Corporate,27-12-2021
302998,Emily Coleman,walldaniel@example.net,India,Corporate,20-06-2023
302999,Laura Carr,jessica61@example.net,Brazil,Wholesale,24-03-2022
303000,Emily Gonzales,amanda26@example.net,United States,Retail,15-01-2022
303001,James Scott,lharris@example.com,Germany,Corporate,15-06-2023
303002,Albert Nguyen,carrjessica@example.net,India,Retail,03-04-2022
303003,George Brown,vaughnjavier@example.net,France,Retail,22-03-2023
303004,Brenda Frederick,,China,Online,08-08-2021
303005,Sarah Smith,camerontownsend@example.com,Vietnam,,30-07-2025
303006,Thomas Johnson,idavis@example.net,United Kingdom,Retail,21-Jun-25
303007,Lisa Patterson,nathaniel17@example.org,China,Corporate,28-09-2024
303008,Arthur White,matthewgriffith@example.org,Mexico,Corporate,06-06-2021
303009,Amanda Jarvis,vjones@example.org,United States,Wholesale,08-10-2024
303010,David Sanchez,matthewharper@example.net,France,Wholesale,25-09-2021
303011,David Lara,castillomatthew@example.com,India,Online,07-09-2020
303012,Glenda Fisher,vwilson@example.com,India,Retail,30-04-2021
303013,Brandon Rodriguez MD,deckerbryan@example.org,Canada,,23-10-2022
303014,John Joyce,tuckersheila@example.net,Brazil,Retail,14-01-2021
303015,Eric Parker,jasongarza@example.org,United Kingdom,Retail,29-04-2023
