order_id,customer_id,warehouse_id,order_date,ship_date,order_status,order_total,Column1
5000001,300839,520,14-05-2023,24-05-2023,delivered,34000.07,
5000002,302397,515,21-06-2025,22-06-2025,Cancelled,,
5000003,300665,518,13-04-2025,21-04-2025,Delivered,15670.6,
5000004,300218,529,18-03-2024,,Shipped,53042.99,
5000005,300514,540,17-02-2026,27-02-2026,Shipped,48773.4,
5000006,300981,518,17-08-2025,29-08-2025,Returned,8583.49,
5000007,300369,519,20-02-2026,03-03-2026,Cancelled,30918.56,
5000008,301284,510,03-06-2025,11-06-2025,Pending,184562.12,
5000009,302763,531,09-07-2025,15-07-2025,Shipped,4755.59,
5000010,302702,504,12-03-2022,18-03-2022,pending ,6411.24,
5000011,302913,507,25-08-2025,30-08-2025,pending ,288843.05,
5000012,300154,534,19-11-2024,23-11-2024,Shipped,193889.5,
5000013,300476,508,24-06-2024,30-06-2024,Shipped,675.29,
5000014,300423,533,29-04-2026,11-05-2026,Returned,9872.31,
5000015,300707,520,28-08-2025,04-09-2025,delivered,14729.99,
5000016,302910,516,29-12-2022,09-01-2023,pending ,24817.9,
5000017,301878,504,27-06-2021,05-07-2021,delivered,42924.32,
5000018,300993,522,16-04-2023,18-04-2023,Pending,,
5000019,300680,531,21-May-23,30-05-2023,SHIPPED,8383.38,
5000020,302982,510,13-11-2022,18-11-2022,Cancelled,60170.71,
5000021,302340,530,27-04-2025,01-05-2025,Pending,,
5000022,300445,501,10-05-2026,13-05-2026,Delivered,7257.15,
5000023,302432,529,16-11-2024,,Delivered,170419.15,
5000024,302162,533,21-09-2024,27-09-2024,SHIPPED,785.97,
5000025,302376,511,03-06-2022,,Delivered,178895.11,
5000026,302338,516,17-02-2026,21-02-2026,SHIPPED,80601.05,
5000027,302015,520,14-02-2026,20-Feb-26,delivered,0,
5000028,300243,531,12-11-2025,22-11-2025,SHIPPED,41813.04,
5000029,301298,509,08-01-2025,14-01-2025,Pending,146010.35,
5000030,302057,529,02-04-2024,06-04-2024,Delivered,8112.47,
5000031,300166,520,06-03-2024,08-Mar-24,Pending,0,
5000032,301627,504,13-07-2024,24-07-2024,Returned,68033.78,
5000033,301415,524,13-03-2022,16-03-2022,Delivered,8927.75,
5000034,301891,517,11-12-2025,11-12-2025,Shipped,134551.15,
5000035,301773,522,18-03-2026,20-03-2026,pending ,17127.75,
5000036,301508,509,13-04-2022,21-04-2022,Delivered,78084.75,
5000037,300254,523,18-01-2026,21-01-2026,SHIPPED,,
5000038,302460,513,13-11-2024,19-11-2024,Pending,1750.65,
5000039,300613,523,28-06-2025,30-06-2025,Cancelled,73253.25,
5000040,301907,515,18-07-2024,20-07-2024,Cancelled,44282.71,
5000041,302939,504,10-06-2025,,Returned,,
5000042,300584,514,18-01-2025,18-01-2025,Returned,33853.26,
5000043,300810,515,04-06-2023,07-06-2023,Cancelled,39780.78,
5000044,302185,524,29-08-2024,10-Sep-24,Delivered,,
5000045,301104,515,25-10-2025,03-11-2025,delivered,45549.38,
5000046,302815,531,08-01-2024,17-01-2024,SHIPPED,-9319.69,
5000047,301212,523,16-07-2025,07-27-2025,pending ,34082.59,
5000048,302727,530,09-01-2025,11-01-2025,Pending,96242.74,
5000049,302578,513,04-10-2024,13-10-2024,Cancelled,72845.9,
5000050,301078,509,22-07-2026,30-07-2026,Delivered,,
5000051,300906,530,21-03-2026,30-03-2026,Cancelled,18881.2,
5000052,302776,506,07-11-2022,11-07-2022,SHIPPED,,
5000053,301415,524,16-09-2025,09-26-2025,Delivered,108825.74,
5000054,301623,528,10-02-2026,21-02-2026,Delivered,93195.54,
5000055,301652,515,02-12-2025,12-09-2025,SHIPPED,98493.47,
5000056,301011,536,02-02-2022,13-02-2022,Delivered,41612.72,
5000057,300947,522,08-07-2026,10-07-2026,Pending,108251.94,
5000058,300423,523,09-08-2025,15-08-2025,Returned,124283.15,
5000059,300844,527,06-12-2025,15-12-2025,Returned,56579.24,
5000060,300030,536,15-07-2025,20-07-2025,delivered,117029.48,
5000061,301784,524,04-Jul-25,11-07-2025,Delivered,53840.84,
5000062,300613,506,25-Jan-26,,Cancelled,151147.02,
5000063,301558,515,05-02-2025,07-02-2025,pending ,91170.58,
5000064,300840,512,12-06-2026,23-06-2026,pending ,62868.98,
5000065,301098,514,08-03-2024,09-03-2024,Shipped,45533.45,
5000066,302377,503,01-08-2022,05-08-2022,Delivered,15417.12,
5000067,301812,510,16-11-2025,20-11-2025,Cancelled,81246.08,
5000068,302722,533,22-07-2024,27-07-2024,pending ,72423.76,
5000069,301765,540,02-01-2023,11-01-2023,Returned,95166.99,
5000070,302897,524,01-06-2026,14-01-2026,pending ,3327.39,
5000071,301012,527,24-09-2023,03-10-2023,pending ,78561.59,
5000072,300875,535,24-12-2025,01-01-2026,delivered,99307.26,
5000073,300536,537,27-06-2024,,SHIPPED,38621.95,
5000074,301413,536,08-01-2024,16-01-2024,pending ,,
5000075,301813,538,14-07-2024,26-07-2024,pending ,87123.7,
5000076,301121,517,08-06-2024,17-06-2024,Cancelled,87371.57,
5000077,302062,526,08-12-2023,13-Dec-23,Returned,99115.78,
5000078,301611,511,24-02-2026,27-02-2026,delivered,93211.08,
5000079,301029,526,04-03-2026,06-03-2026,delivered,15085.32,
5000080,301593,516,17-06-2023,18-06-2023,Returned,28880.92,
5000081,301719,519,28-04-2026,28-04-2026,Delivered,,
5000082,300869,526,12-05-2024,16-05-2024,Shipped,165948.83,
5000083,302692,528,01-31-2024,02-02-2024,SHIPPED,,
5000084,302863,523,23-01-2025,29-01-2025,Shipped,20081.03,
5000085,302616,503,21-02-2026,,Shipped,57208.26,
5000086,301286,539,02-02-2024,05-02-2024,SHIPPED,150252.1,
5000087,302928,526,09-07-2026,,delivered,55462.07,
5000088,301293,501,06-20-2025,20-06-2025,pending ,,
5000089,300791,534,08-07-2026,,Delivered,118491.65,
5000090,300281,519,31-03-2023,07-04-2023,Delivered,3009.54,
5000091,301577,506,21-05-2026,30-05-2026,Cancelled,63824.94,
5000092,301644,524,30-12-2025,,Shipped,64317.33,
5000093,302358,538,16-07-2025,25-07-2025,SHIPPED,75644.06,
5000094,302705,505,05-19-2026,27-05-2026,Pending,83475.02,
5000095,302448,514,20-07-2026,01-08-2026,delivered,,
5000096,300071,507,28-02-2026,01-03-2026,Pending,15013.75,
5000097,300305,513,19-05-2025,05-24-2025,Delivered,54982.98,
5000098,302727,514,26-Jan-24,05-02-2024,delivered,,
5000099,301579,529,12-07-2024,12-07-2024,SHIPPED,20201.36,
5000100,300538,515,06-10-2024,12-10-2024,Shipped,154996.78,
5000101,301759,532,29-Sep-25,01-10-2025,Shipped,49424.2,
5000102,300498,515,18-08-2023,27-08-2023,Cancelled,-2732.53,
5000103,300243,521,08-02-2022,19-02-2022,Pending,20286.49,
5000104,300244,510,25-04-2025,07-05-2025,SHIPPED,202969.89,
5000105,302274,539,20-07-2026,21-07-2026,SHIPPED,82805.1,
5000106,302594,537,11-14-2023,22-11-2023,delivered,55500.53,
5000107,300669,505,14-09-2024,14-09-2024,Delivered,,
5000108,302126,526,13-01-2024,25-01-2024,SHIPPED,91298.74,
5000109,300175,505,29-10-2025,05-11-2025,Cancelled,,
5000110,301119,537,10-09-2023,14-09-2023,SHIPPED,35848.46,
5000111,300048,522,25-06-2024,03-07-2024,pending ,48728.6,
5000112,301075,526,19-06-2024,27-06-2024,delivered,-1716.69,
5000113,302341,503,23-08-2025,25-08-2025,Returned,75072.24,
5000114,300587,502,04-07-2026,09-07-2026,pending ,12504.14,
5000115,301766,521,12-07-2024,22-07-2024,pending ,55757.86,
5000116,301664,539,18-10-2024,27-10-2024,SHIPPED,97590.47,
5000117,301171,509,01-12-2025,11-12-2025,Returned,105817.42,
5000118,302754,534,23-Jan-25,23-Jan-25,SHIPPED,2311.93,
5000119,300348,525,07-08-2022,19-08-2022,Delivered,87538.23,
5000120,300777,539,30-10-2025,03-11-2025,SHIPPED,27196.41,
5000121,301979,503,18-05-2026,23-05-2026,pending ,122568.52,
5000122,302801,503,02-04-2025,07-04-2025,Pending,0,
5000123,300845,510,06-11-2021,10-11-2021,delivered,,
5000124,301599,501,15-01-2023,26-01-2023,Returned,21916.51,
5000125,302459,505,15-06-2024,16-06-2024,delivered,32209.79,
5000126,300616,524,04-12-2020,07-12-2020,Cancelled,,
5000127,302945,533,01-09-2021,07-09-2021,Pending,223297.54,
5000128,300993,509,28-02-2023,11-03-2023,Returned,14502.77,
5000129,301058,515,18-11-2025,30-11-2025,Shipped,60636.19,
5000130,301152,535,06-04-2021,13-04-2021,Cancelled,,
5000131,302790,530,05-05-2026,12-05-2026,Returned,93857.7,
5000132,300185,507,08-12-2023,14-12-2023,Cancelled,105685.44,
5000133,302016,533,04-03-2024,04-03-2024,SHIPPED,3547.67,
5000134,300617,520,06-06-2026,12-06-2026,SHIPPED,50160.85,
5000135,300890,522,10-12-2025,17-12-2025,delivered,20633.98,
5000136,300523,514,24-01-2026,28-01-2026,Pending,94379.25,
5000137,300801,510,06-06-2026,06-10-2026,Cancelled,38427.99,
5000138,301340,505,12-05-2022,20-05-2022,Delivered,129674.61,
5000139,301357,516,09-07-2021,14-07-2021,Pending,,
5000140,302093,511,09-01-2026,,SHIPPED,84634.23,
5000141,301937,525,08-09-2024,19-09-2024,pending ,5551.09,
5000142,301226,533,20-12-2024,31-Dec-24,delivered,69138.02,
5000143,300851,514,15-05-2024,21-05-2024,Shipped,,
5000144,301522,526,20-10-2023,30-10-2023,Returned,243444.22,
5000145,302916,517,01-06-2024,05-06-2024,Shipped,4947.85,
5000146,300063,525,16-01-2026,20-01-2026,SHIPPED,40743.8,
5000147,301253,530,02-02-2023,05-02-2023,pending ,,
5000148,300397,524,05-01-2024,08-01-2024,pending ,106040.51,
5000149,300675,528,28-06-2026,05-07-2026,Cancelled,25577.05,
5000150,302594,515,17-12-2024,26-12-2024,delivered,111244.94,
5000151,302260,527,05-05-2025,16-05-2025,pending ,122739.81,
5000152,302097,504,18-09-2024,30-09-2024,pending ,72364.49,
5000153,302487,514,27-08-2025,30-08-2025,Returned,14022.12,
5000154,302390,514,04-09-2024,06-09-2024,delivered,120745.97,
5000155,301082,503,13-Apr-24,20-04-2024,Shipped,143070.97,
5000156,301279,534,29-05-2025,04-06-2025,pending ,43525.56,
5000157,302962,517,30-Aug-25,,SHIPPED,100241.54,
5000158,301684,523,25-10-2025,25-10-2025,Pending,92943.22,
5000159,300664,510,19-01-2026,21-01-2026,Pending,38457.77,
5000160,300496,533,11-12-2024,20-11-2024,Pending,92383.4,
5000161,301748,514,14-03-2025,17-03-2025,delivered,,
5000162,302638,528,01-03-2026,11-03-2026,SHIPPED,24018.17,
5000163,302704,503,29-12-2023,06-01-2024,Pending,35232.19,
5000164,300829,517,09-11-2025,14-11-2025,Shipped,,
5000165,300461,520,26-11-2025,12-08-2025,Pending,57088.33,
5000166,300485,525,21-03-2024,28-03-2024,Returned,66742.6,
5000167,302291,525,11-May-24,19-05-2024,delivered,18939.16,
5000168,301481,536,27-06-2026,08-07-2026,Pending,,
5000169,300301,516,16-05-2025,28-05-2025,SHIPPED,81382.38,
5000170,300793,526,20-Jun-26,27-06-2026,pending ,162908.9,
5000171,301951,524,22-06-2025,27-06-2025,Cancelled,15182.47,
5000172,301265,532,08-22-2022,31-08-2022,Delivered,4172.11,
5000173,302244,512,06-06-2025,13-06-2025,pending ,87624.81,
5000174,301664,524,03-04-2023,03-04-2023,Shipped,2834.32,
5000175,301370,534,21-09-2022,25-09-2022,SHIPPED,87872.32,
5000176,301029,540,03-01-2026,04-01-2026,Delivered,21682.19,
5000177,300357,534,03-01-2024,04-01-2024,Returned,23702.07,
5000178,301886,520,25-05-2023,06-06-2023,Shipped,148865.16,
5000179,301404,515,20-09-2025,20-09-2025,SHIPPED,112651.33,
5000180,301892,515,19-05-2025,21-05-2025,SHIPPED,4645.72,
5000181,300485,512,04-07-2024,14-04-2024,Pending,,
5000182,300235,533,07-05-2025,16-05-2025,Returned,100074.02,
5000183,301488,507,07-11-2025,19-11-2025,pending ,,
5000184,302532,511,06-04-2025,04-13-2025,Returned,70649.61,
5000185,302777,530,19-04-2024,22-Apr-24,Delivered,,
5000186,302402,533,12-11-2025,20-11-2025,SHIPPED,74858.28,
5000187,300258,534,19-09-2023,28-09-2023,SHIPPED,15317.72,
5000188,301962,519,23-11-2025,04-12-2025,SHIPPED,1186.98,
5000189,301122,532,20-07-2024,26-07-2024,pending ,112323.25,
5000190,302695,523,19-09-2025,01-10-2025,delivered,135911.78,
5000191,302123,525,27-06-2024,01-07-2024,pending ,146771.72,
5000192,300321,523,07-05-2025,19-05-2025,pending ,,
5000193,301036,503,24-02-2025,26-02-2025,Cancelled,544.82,
5000194,301814,511,17-06-2024,17-06-2024,SHIPPED,145575.79,
5000195,301290,540,03-07-2023,03-07-2023,delivered,102494.4,
5000196,301146,503,18-05-2025,25-05-2025,Cancelled,82421.92,
5000197,300814,524,27-02-2026,08-03-2026,SHIPPED,0,
5000198,301241,503,27-08-2025,31-08-2025,pending ,4380.24,
5000199,300857,518,18-02-2023,18-02-2023,Pending,38162.58,
5000200,302894,502,04-07-2022,04-07-2022,SHIPPED,1486.69,
5000201,301479,515,25-03-2026,01-04-2026,Cancelled,,
5000202,301194,530,14-01-2026,20-01-2026,SHIPPED,,
5000203,301769,503,15-07-2026,17-Jul-26,Returned,8605.87,
5000204,300457,539,24-09-2024,24-09-2024,Returned,,
5000205,300286,506,31-07-2023,,SHIPPED,61578.61,
5000206,300184,535,12-05-2024,21-05-2024,Returned,,
5000207,302425,531,03-02-2026,10-02-2026,Delivered,28997.27,
5000208,301750,517,16-06-2022,21-06-2022,Returned,8623.15,
5000209,302892,534,06-22-2025,27-06-2025,Pending,68693.22,
5000210,301679,512,28-09-2022,28-09-2022,pending ,,
5000211,301369,531,24-05-2025,25-05-2025,Shipped,42795.16,
5000212,300656,512,10-04-2025,21-04-2025,Shipped,64892.35,
5000213,300522,532,31-10-2023,05-11-2023,Returned,84715.47,
5000214,302754,514,14-07-2023,17-07-2023,pending ,89265.88,
5000215,300037,533,09-10-2024,09-10-2024,SHIPPED,10308.89,
5000216,302627,508,22-04-2024,28-04-2024,pending ,7524.91,
5000217,302162,535,01-05-2022,05-05-2022,Cancelled,,
5000218,300044,517,12-08-2024,24-08-2024,delivered,,
5000219,302704,501,13-05-2023,17-05-2023,Delivered,132382.66,
5000220,302517,513,24-07-2024,31-07-2024,Cancelled,77850.09,
5000221,302717,525,03-09-2025,07-09-2025,SHIPPED,104916.1,
5000222,302018,521,31-12-2025,08-01-2026,Returned,115586.03,
5000223,300171,536,26-12-2025,31-12-2025,Delivered,23460.65,
5000224,300819,503,19-03-2025,24-03-2025,delivered,,
5000225,300633,540,03-04-2026,04-03-2026,Pending,77145.08,
5000226,302487,525,24-01-2026,24-01-2026,Pending,102902.13,
5000227,301008,526,05-07-2025,05-07-2025,delivered,20665.86,
5000228,301128,512,04-10-2023,07-10-2023,delivered,,
5000229,300881,536,01-14-2025,19-01-2025,Pending,65163.69,
5000230,302867,525,01-12-2023,03-12-2023,Delivered,34640.3,
5000231,302321,504,26-01-2023,31-01-2023,pending ,15972.54,
5000232,300891,523,17-11-2025,24-11-2025,Pending,311095.17,
5000233,301110,522,27-04-2026,02-05-2026,delivered,,
5000234,300347,511,14-08-2025,24-08-2025,Returned,858.67,
5000235,300539,507,13-05-2025,15-05-2025,pending ,187749.65,
5000236,302809,534,29-03-2025,08-04-2025,delivered,2181.41,
5000237,302424,516,30-Mar-21,07-04-2021,delivered,2450.77,
5000238,301243,533,09-12-2024,10-12-2024,Returned,131400.11,
5000239,302100,519,01-06-2026,02-06-2026,Delivered,42447.48,
5000240,302091,509,03-07-2024,07-07-2024,Cancelled,6768.79,
5000241,301362,529,20-07-2023,26-07-2023,delivered,75701.08,
5000242,302464,524,25-07-2025,02-08-2025,Pending,,
5000243,302720,529,27-12-2024,01-01-2025,pending ,142224.37,
5000244,302571,532,13-04-2026,22-04-2026,Shipped,18901.59,
5000245,300517,533,20-09-2025,24-09-2025,Cancelled,136832.83,
5000246,301977,531,11-07-2026,11-07-2026,delivered,93873.22,
5000247,301492,519,26-08-2025,30-08-2025,pending ,105979.49,
5000248,301087,528,02-02-2024,05-02-2024,SHIPPED,172057.58,
5000249,302700,508,22-05-2025,27-05-2025,Delivered,,
5000250,300692,528,25-10-2025,11-03-2025,Shipped,40796.55,
5000251,300635,532,05-08-2024,12-08-2024,Returned,296053.93,
5000252,301507,513,24-01-2025,31-01-2025,Delivered,21034.81,
5000253,300229,519,07-06-2025,12-06-2025,delivered,3971.57,
5000254,301457,524,24-12-2025,05-01-2026,Cancelled,92283.42,
5000255,300834,531,27-04-2023,09-05-2023,delivered,75670.08,
5000256,300032,538,28-12-2024,05-01-2025,Returned,89898.7,
5000257,300823,531,07-06-2023,12-06-2023,Pending,32125.45,
5000258,300383,538,28-02-2026,06-03-2026,Cancelled,69136.56,
5000259,300281,527,16-12-2025,,delivered,,
5000260,302647,506,15-12-2022,,Cancelled,123904.99,
5000261,302447,506,18-06-2023,21-06-2023,Delivered,42283.55,
5000262,300136,513,26-09-2025,07-10-2025,SHIPPED,3739.77,
5000263,300996,538,30-05-2026,,Cancelled,,
5000264,302226,534,19-01-2026,29-01-2026,Returned,43291.16,
5000265,301161,529,16-06-2026,28-06-2026,SHIPPED,28049.7,
5000266,301656,518,24-05-2023,05-06-2023,Returned,25941.55,
5000267,302100,512,13-02-2025,24-02-2025,pending ,50286.28,
5000268,301140,527,19-07-2024,19-07-2024,Cancelled,70881.39,
5000269,302803,532,27-05-2023,02-06-2023,delivered,67064.69,
5000270,302123,536,08-07-2022,12-07-2022,Returned,132548.57,
5000271,301590,529,24-02-2026,28-02-2026,Cancelled,5026.2,
5000272,302331,516,20-10-2025,25-10-2025,Returned,77531,
5000273,302678,513,26-11-2021,26-11-2021,Delivered,50627.23,
5000274,302276,525,06-11-2025,15-11-2025,Shipped,34844.27,
5000275,300499,512,22-07-2026,31-07-2026,Returned,110781.95,
5000276,301572,532,20-10-2025,20-10-2025,pending ,53961.67,
5000277,302896,504,03-12-2025,13-12-2025,SHIPPED,64543.85,
5000278,302015,534,10-12-2024,12-17-2024,delivered,27645.65,
5000279,301343,525,30-12-2025,04-01-2026,SHIPPED,5945.93,
5000280,302670,530,02-12-2025,12-10-2025,delivered,137415.99,
5000281,300275,526,17-05-2024,24-05-2024,Returned,13626.03,
5000282,302465,514,06-12-2023,09-12-2023,Shipped,,
5000283,301046,523,22-04-2025,26-04-2025,Returned,,
5000284,300619,533,28-03-2023,04-01-2023,Pending,,
5000285,300208,521,10-21-2022,30-10-2022,Delivered,1183.44,
5000286,301394,524,05-05-2025,08-05-2025,delivered,62536.69,
5000287,300204,506,10-12-2025,13-12-2025,pending ,100046.55,
5000288,301734,514,21-06-2023,28-06-2023,Delivered,154548.71,
5000289,301144,514,04-01-2025,05-01-2025,Shipped,12685.75,
5000290,302012,503,23-02-2025,25-02-2025,delivered,43615.65,
5000291,301881,538,31-12-2024,06-01-2025,delivered,353908.52,
5000292,300544,502,09-11-2025,14-11-2025,Shipped,25385.33,
5000293,301188,521,11-02-2023,19-02-2023,pending ,104401.42,
5000294,301963,524,06-03-2025,06-03-2025,Pending,,
5000295,300446,536,27-10-2025,31-10-2025,pending ,41643.46,
5000296,300452,529,11-04-2025,13-04-2025,pending ,,
5000297,301156,506,25-08-2025,31-08-2025,Delivered,147377.4,
5000298,300719,513,18-08-2024,24-08-2024,Delivered,85735.64,
5000299,301715,510,05-03-2026,10-Mar-26,Pending,35082,
5000300,300222,526,08-06-2024,06-15-2024,Shipped,20697.31,
5000301,300032,523,02-03-2024,12-03-2024,Delivered,127867.06,
5000302,301746,501,16-10-2025,17-10-2025,Shipped,79171.68,
5000303,302859,525,10-12-2021,21-12-2021,Cancelled,,
5000304,301495,513,08-05-2026,11-05-2026,Delivered,72485.35,
5000305,302580,524,22-05-2026,26-05-2026,Shipped,43942.58,
5000306,301715,531,17-12-2024,24-12-2024,Cancelled,33864.17,
5000307,300132,518,18-01-2024,28-01-2024,delivered,74359.75,
5000308,302573,508,03-06-2025,05-06-2025,Shipped,80196.5,
5000309,301323,520,10-04-2026,10-04-2026,Cancelled,27846.33,
5000310,301166,524,08-04-2025,11-04-2025,Cancelled,85810.62,
5000311,300027,531,01-05-2025,06-05-2025,Delivered,9970.62,
5000312,302367,535,20-04-2026,21-04-2026,Cancelled,54305.31,
5000313,301847,503,04-Feb-26,02-06-2026,pending ,8026.37,
5000314,300252,512,10-02-2025,21-02-2025,Cancelled,66344.32,
5000315,302571,531,22-06-2026,02-07-2026,SHIPPED,3209.61,
5000316,302168,530,24-02-2022,03-03-2022,Shipped,59911.29,
5000317,302022,516,27-07-2026,08-08-2026,Delivered,164707.14,
5000318,302809,524,15-Jan-25,24-01-2025,Cancelled,6201.75,
5000319,301014,532,06-10-2023,12-10-2023,Returned,55095.82,
5000320,302961,503,23-10-2023,03-11-2023,delivered,68266.89,
5000321,300612,522,17-06-2026,22-06-2026,SHIPPED,34296.59,
5000322,301511,537,02-02-2023,04-02-2023,delivered,70805.58,
5000323,301743,512,15-05-2022,24-05-2022,Pending,38158.84,
5000324,302587,505,24-03-2025,30-03-2025,Shipped,30986.4,
5000325,300109,515,12-06-2024,06-12-2024,Delivered,,
5000326,302277,530,30-03-2022,,Pending,146369.49,
5000327,302047,511,29-07-2025,03-08-2025,pending ,17744.08,
5000328,301905,532,05-10-2026,22-05-2026,pending ,,
5000329,300550,533,10-03-2025,04-10-2025,SHIPPED,,
5000330,301254,502,04-08-2025,11-08-2025,delivered,,
5000331,301599,508,01-02-2026,04-01-2026,Shipped,,
5000332,300839,526,30-11-2023,11-12-2023,pending ,14872.92,
5000333,301157,540,07-21-2025,21-Jul-25,Returned,21349.82,
5000334,302960,527,01-09-2025,04-09-2025,Shipped,-1838.33,
5000335,302008,517,03-04-2026,07-04-2026,delivered,33516.82,
5000336,302516,522,12-04-2025,16-04-2025,SHIPPED,,
5000337,302476,538,29-09-2025,30-09-2025,Shipped,27602.95,
5000338,302506,504,10-11-2024,14-11-2024,Pending,22918.86,
5000339,301563,508,07-06-2026,16-06-2026,Cancelled,44134.14,
5000340,300864,516,17-06-2025,20-06-2025,pending ,30546.67,
5000341,302281,503,07-08-2024,13-08-2024,pending ,1877.99,
5000342,301532,516,06-12-2024,12-11-2024,pending ,31900.62,
5000343,301039,533,09-04-2025,11-04-2025,Cancelled,8462.62,
5000344,301190,508,24-09-2025,03-10-2025,Pending,61684.52,
5000345,302372,506,10-10-2023,17-10-2023,Delivered,47802.42,
5000346,301001,518,28-07-2026,09-08-2026,Delivered,,
5000347,301296,531,19-03-2023,26-03-2023,Shipped,112430.23,
5000348,301879,514,22-09-2024,24-09-2024,delivered,,
5000349,300846,516,09-21-2025,02-10-2025,Delivered,,
5000350,302407,530,04-04-2022,13-04-2022,SHIPPED,-9301.99,
5000351,302423,529,12-08-2024,14-12-2024,SHIPPED,230913.12,
5000352,302195,530,10-01-2025,22-01-2025,Delivered,455.92,
5000353,301638,518,12-06-2026,21-06-2026,Shipped,141306.4,
5000354,300248,502,13-08-2023,20-08-2023,Returned,86013.18,
5000355,302549,523,22-10-2022,31-10-2022,SHIPPED,64583.44,
5000356,302504,508,18-04-2025,20-04-2025,Cancelled,,
5000357,301515,521,14-02-2026,18-02-2026,Shipped,820.21,
5000358,300413,521,05-10-2024,05-10-2024,delivered,31376,
5000359,301621,506,20-11-2023,26-11-2023,Pending,205741.97,
5000360,301575,520,10-06-2025,15-06-2025,Pending,20124.91,
5000361,300014,508,13-02-2024,18-02-2024,Pending,122029.21,
5000362,300591,516,09-11-2025,09-11-2025,pending ,8638.54,
5000363,301009,515,15-01-2024,21-01-2024,delivered,25729.29,
5000364,301062,504,23-08-2024,23-08-2024,Cancelled,29484.04,
5000365,302338,505,23-02-2026,04-03-2026,SHIPPED,21274.77,
5000366,300778,509,04-09-2023,14-09-2023,Delivered,28580.11,
5000367,300699,519,21-06-2024,28-06-2024,delivered,37476.52,
5000368,301787,506,05-12-2023,10-12-2023,SHIPPED,99301.38,
5000369,301606,501,15-06-2023,20-06-2023,Shipped,81001.22,
5000370,301347,521,06-01-2026,01-13-2026,pending ,75362.13,
5000371,302248,537,10-14-2022,19-10-2022,Pending,115234.94,
5000372,300351,508,01-01-2026,01-02-2026,Shipped,56447.4,
5000373,301189,519,04-16-2022,,SHIPPED,57441.9,
5000374,302365,513,14-12-2025,18-12-2025,Pending,14759.09,
5000375,300024,511,06-29-2023,29-06-2023,Pending,113359.7,
5000376,300212,533,12-08-2025,23-08-2025,SHIPPED,102077.88,
5000377,301652,540,24-05-2025,25-05-2025,Shipped,0,
5000378,301013,525,28-09-2024,08-10-2024,Shipped,,
5000379,301706,518,08-11-2025,20-08-2025,Shipped,8925.34,
5000380,302293,502,02-19-2025,20-02-2025,Cancelled,190445.77,
5000381,300420,526,23-11-2024,01-12-2024,Cancelled,24904.87,
5000382,301188,535,06-12-2022,17-12-2022,Pending,49727.22,
5000383,302976,517,30-07-2026,05-08-2026,Pending,218590.09,
5000384,300042,521,18-06-2022,30-Jun-22,pending ,19943.43,
5000385,300162,531,11-04-2025,15-04-2025,Cancelled,23950.26,
5000386,302670,535,14-07-2026,25-07-2026,SHIPPED,211168.94,
5000387,301925,504,10-06-2025,21-06-2025,pending ,37189.14,
5000388,300550,503,11-19-2024,24-11-2024,Delivered,,
5000389,300084,514,01-06-2023,13-Jun-23,Pending,49715.74,
5000390,301162,509,02-11-2024,04-11-2024,Shipped,42007.78,
5000391,301790,538,21-01-2023,27-01-2023,Cancelled,62398.01,
5000392,302380,521,05-01-2026,08-01-2026,Cancelled,129868.41,
5000393,301562,513,17-Apr-26,27-04-2026,SHIPPED,,
5000394,302114,531,10-01-2025,21-01-2025,Cancelled,151236.36,
5000395,301443,515,15-02-2026,24-02-2026,Shipped,,
5000396,300331,538,19-05-2025,29-05-2025,Returned,,
5000397,302897,504,26-06-2025,03-07-2025,Delivered,95808.36,
5000398,302031,524,20-01-2026,,Returned,102430.32,
5000399,302320,537,21-06-2023,07-03-2023,pending ,266668.63,
5000400,301548,527,16-07-2026,22-07-2026,Delivered,59948.96,
5000401,301333,523,19-10-2024,31-10-2024,delivered,48549.41,
5000402,301139,511,24-03-2026,29-03-2026,Cancelled,76757.34,
5000403,300774,503,11-06-2025,15-Nov-25,Cancelled,59337.09,
5000404,302702,523,20-11-2024,01-12-2024,Delivered,70145.09,
5000405,302444,532,06-03-2025,07-03-2025,SHIPPED,59970.09,
5000406,300940,523,26-03-2025,26-03-2025,Delivered,45728.52,
5000407,301032,532,04-16-2022,18-Apr-22,pending ,20131.14,
5000408,300162,512,17-11-2023,25-11-2023,Cancelled,92650.4,
5000409,301448,529,14-09-2024,25-09-2024,Shipped,82603.41,
5000410,300661,521,07-07-2024,13-07-2024,Cancelled,58056.94,
5000411,300289,520,17-02-2022,20-02-2022,Delivered,7314.64,
5000412,302192,526,21-Jun-26,24-06-2026,delivered,112548.77,
5000413,302382,502,02-09-2023,,Shipped,,
5000414,302087,516,06-11-2023,10-11-2023,Shipped,3214.5,
5000415,302776,503,16-11-2021,24-11-2021,Delivered,22024.54,
5000416,302229,529,16-07-2023,,SHIPPED,26583.72,
5000417,300257,536,02-07-2025,09-07-2025,Pending,73932.32,
5000418,300264,537,30-06-2023,07-07-2023,Cancelled,25935.2,
5000419,302723,502,04-09-2025,14-09-2025,Cancelled,24110.45,
5000420,302967,520,03-05-2023,06-03-2023,Delivered,259404.81,
5000421,301206,501,24-08-2025,03-09-2025,delivered,60361.63,
5000422,301501,530,13-Mar-23,15-03-2023,Pending,71955.82,
5000423,302805,509,12-07-2026,21-07-2026,pending ,56600.65,
5000424,300535,532,06-Dec-23,18-12-2023,pending ,13415.28,
5000425,302012,531,19-03-2026,24-03-2026,pending ,51522.04,
5000426,301904,505,05-03-2026,08-03-2026,pending ,2590.68,
5000427,302635,503,25-07-2024,01-08-2024,Shipped,182048.03,
5000428,302405,521,12-09-2023,20-09-2023,Shipped,3658.9,
5000429,302643,530,17-06-2026,20-06-2026,Delivered,8656.84,
5000430,302043,526,04-06-2026,15-06-2026,Shipped,65778.5,
5000431,301425,521,13-07-2025,22-07-2025,delivered,,
5000432,300977,526,07-01-2026,07-01-2026,Returned,82196.3,
5000433,302462,516,07-24-2024,31-07-2024,SHIPPED,60895.66,
5000434,300934,521,10-02-2026,17-02-2026,Shipped,43898.54,
5000435,301455,530,11-13-2022,17-11-2022,delivered,0,
5000436,302945,515,21-11-2022,25-11-2022,Delivered,73941.28,
5000437,301844,538,30-01-2026,06-02-2026,Pending,33334.75,
5000438,302640,507,26-01-2024,26-01-2024,Pending,33670.38,
5000439,302782,518,17-11-2020,,Returned,40183.09,
5000440,302026,508,03-09-2021,07-09-2021,delivered,19676.13,
5000441,302739,535,10-07-2026,14-07-2026,Returned,,
5000442,302261,527,20-08-2024,28-08-2024,Pending,95298.62,
5000443,301776,519,01-24-2025,31-01-2025,SHIPPED,35695.67,
5000444,301926,508,19-01-2022,20-01-2022,Delivered,,
5000445,300946,511,02-26-2024,09-03-2024,Cancelled,139543.01,
5000446,300120,516,16-02-2026,22-02-2026,pending ,,
5000447,302693,517,28-05-2026,09-06-2026,Delivered,57392.76,
5000448,301069,533,06-09-2025,18-09-2025,Pending,37200.89,
5000449,301070,537,17-03-2025,24-03-2025,Delivered,153459.14,
5000450,300382,528,30-01-2025,03-02-2025,Returned,22993.7,
5000451,301464,525,09-03-2025,10-Mar-25,delivered,181579.9,
5000452,302436,531,13-06-2023,16-06-2023,pending ,79653.3,
5000453,301110,510,09-10-2022,15-10-2022,Delivered,75935.63,
5000454,302822,514,19-01-2024,24-01-2024,Shipped,36666.77,
5000455,301379,507,03-04-2025,04-04-2025,Delivered,11545.99,
5000456,302622,502,18-Apr-24,25-04-2024,Cancelled,105013.28,
5000457,300217,524,09-23-2024,25-09-2024,SHIPPED,64491.78,
5000458,301793,524,16-06-2025,24-Jun-25,Shipped,135810.93,
5000459,300507,507,12-10-2024,17-10-2024,Returned,53287.25,
5000460,301107,527,13-10-2023,14-10-2023,delivered,14416.24,
5000461,301289,529,09-07-2022,14-07-2022,delivered,126844.04,
5000462,300246,507,07-05-2025,16-05-2025,Returned,36835.81,
5000463,300129,513,17-09-2022,22-09-2022,delivered,15113.55,
5000464,302094,514,13-08-2023,24-08-2023,Pending,5577.66,
5000465,302081,502,31-07-2025,12-Aug-25,Shipped,,
5000466,302400,514,06-02-2026,18-02-2026,Pending,161721.22,
5000467,301467,518,18-10-2022,25-10-2022,Returned,72805.44,
5000468,301121,525,26-03-2026,04-04-2026,Returned,94637.55,
5000469,300217,528,09-10-2024,,Pending,-4883.87,
5000470,301599,535,08-07-2024,19-07-2024,delivered,30916.75,
5000471,300852,530,31-01-2026,12-02-2026,delivered,16073.75,
5000472,302669,525,12-10-2025,,Delivered,56523.24,
5000473,301042,530,17-03-2021,22-03-2021,Cancelled,2445.77,
5000474,302471,503,28-06-2025,07-04-2025,pending ,28556.71,
5000475,300128,537,28-06-2025,30-06-2025,Shipped,44502.87,
5000476,302895,519,30-07-2024,09-08-2024,delivered,89826.6,
5000477,300241,515,08-06-2026,19-06-2026,Returned,24656.16,
5000478,301096,530,14-09-2024,19-09-2024,pending ,6120.49,
5000479,302423,537,20-09-2023,24-09-2023,delivered,,
5000480,302914,523,11-11-2024,22-Nov-24,Cancelled,110015.62,
5000481,302973,532,05-02-2024,09-02-2024,Pending,68709.67,
5000482,301800,507,17-07-2026,19-07-2026,Returned,19200.4,
5000483,300097,514,24-01-2024,27-01-2024,Pending,,
5000484,301949,507,24-08-2024,28-08-2024,Returned,4099.81,
5000485,300166,525,26-08-2024,31-08-2024,Cancelled,24664.14,
5000486,302068,508,27-09-2022,02-10-2022,Pending,103595.02,
5000487,302179,539,27-12-2025,03-01-2026,delivered,23121.16,
5000488,302408,511,10-04-2024,18-04-2024,pending ,,
5000489,301721,531,18-09-2025,20-09-2025,Returned,70852.71,
5000490,300889,530,08-Nov-23,20-11-2023,Cancelled,157692.45,
5000491,302491,538,22-01-2024,27-01-2024,pending ,38078.54,
5000492,301807,505,17-08-2023,27-08-2023,SHIPPED,193871.4,
5000493,302332,522,03-25-2025,01-04-2025,Shipped,38297.07,
5000494,300108,512,05-06-2025,,Cancelled,53866.85,
5000495,300269,530,19-02-2024,29-02-2024,Delivered,237946.2,
5000496,301951,514,07-11-2025,14-11-2025,Cancelled,16721.37,
5000497,300432,540,27-03-2022,30-03-2022,Shipped,118024.91,
5000498,301276,522,07-Feb-26,19-02-2026,delivered,,
5000499,302485,502,03-02-2026,09-02-2026,pending ,82710.96,
5000500,300618,502,30-09-2023,10-10-2023,Shipped,55602.43,
5000501,302140,518,15-09-2025,18-09-2025,delivered,212471.78,
5000502,302336,503,12-26-2025,29-12-2025,pending ,25367.16,
5000503,301437,530,12-05-2025,24-05-2025,Delivered,99522.52,
5000504,302257,535,12-04-2025,18-04-2025,Returned,25977.57,
5000505,300275,522,31-03-2026,,Returned,44372.29,
5000506,300499,502,01-09-2025,,SHIPPED,114303.41,
5000507,302022,523,21-09-2025,03-10-2025,delivered,0,
5000508,300021,522,08-07-2025,09-Jul-25,Pending,23225.8,
5000509,301017,527,13-08-2023,23-08-2023,SHIPPED,157258.38,
5000510,301390,535,02-09-2021,09-06-2021,Cancelled,8709.15,
5000511,302668,521,17-03-2025,27-03-2025,SHIPPED,6505.78,
5000512,300599,532,06-10-2022,10-10-2022,Cancelled,,
5000513,302352,507,31-03-2024,11-04-2024,Returned,82497.35,
5000514,300138,536,17-04-2024,25-04-2024,delivered,69202.94,
5000515,302183,529,05-01-2023,06-Jan-23,SHIPPED,25161.91,
5000516,301875,510,24-05-2026,28-05-2026,Cancelled,65647.33,
5000517,302676,529,20-04-2024,25-04-2024,Shipped,115071.35,
5000518,300656,537,22-06-2023,23-06-2023,Pending,148737.09,
5000519,301060,529,11-01-2025,15-01-2025,pending ,-2675.37,
5000520,302574,513,16-11-2025,17-11-2025,delivered,148859.96,
5000521,301614,512,07-03-2026,18-03-2026,Cancelled,49825.12,
5000522,302738,511,21-08-2025,24-08-2025,Shipped,196766.79,
5000523,300578,525,24-12-2024,26-12-2024,Delivered,108990.59,
5000524,300111,522,21-11-2025,29-11-2025,Shipped,80390.2,
5000525,301505,510,24-12-2023,26-12-2023,Delivered,27036.59,
5000526,300029,535,18-03-2026,18-03-2026,pending ,49162.53,
5000527,302203,527,07-09-2023,07-09-2023,Cancelled,3210.25,
5000528,301101,516,26-03-2022,04-01-2022,SHIPPED,1204.85,
5000529,303000,518,17-01-2025,27-01-2025,pending ,88973.71,
5000530,300114,503,27-04-2025,27-04-2025,Shipped,,
5000531,301139,516,03-05-2026,10-05-2026,Shipped,69750.95,
5000532,302989,532,20-Feb-26,24-Feb-26,Cancelled,27370.94,
5000533,302064,528,30-03-2025,31-03-2025,pending ,190615.05,
5000534,301234,501,25-04-2026,29-04-2026,SHIPPED,,
5000535,301758,534,08-07-2025,20-07-2025,Shipped,21370.5,
5000536,301123,532,14-10-2023,17-10-2023,pending ,91499.71,
5000537,300710,514,27-03-2026,06-04-2026,Pending,,
5000538,300840,515,09-06-2026,18-06-2026,Pending,17004.26,
5000539,300503,537,31-05-2024,31-05-2024,Cancelled,108680.05,
5000540,300568,501,06-08-2025,10-08-2025,delivered,78256.43,
5000541,301720,531,12-01-2024,22-01-2024,pending ,,
5000542,302663,525,22-03-2025,26-03-2025,Cancelled,31669.2,
5000543,302363,507,22-05-2023,02-06-2023,SHIPPED,,
5000544,302014,526,27-01-2026,03-02-2026,Returned,,
5000545,301969,503,06-11-2024,13-06-2024,Pending,17655.19,
5000546,302401,520,15-01-2026,01-20-2026,Delivered,20315.51,
5000547,301178,540,16-07-2026,23-07-2026,pending ,72023.14,
5000548,300589,524,23-11-2025,27-11-2025,delivered,53388.16,
5000549,302836,527,10-06-2025,12-06-2025,Cancelled,6559.79,
5000550,302644,528,07-Apr-25,11-04-2025,Pending,78499.32,
5000551,301251,528,10-02-2025,10-02-2025,Shipped,,
5000552,301053,504,16-09-2024,24-09-2024,Cancelled,121456.73,
5000553,300991,506,08-07-2023,09-07-2023,Delivered,151533.98,
5000554,301641,517,14-08-2025,19-08-2025,delivered,3168.3,
5000555,300547,519,08-07-2026,17-07-2026,Returned,11527.44,
5000556,300790,539,28-11-2023,02-12-2023,Cancelled,158751.71,
5000557,301300,529,05-Jul-25,13-07-2025,Shipped,95019.53,
5000558,302690,522,15-10-2025,21-10-2025,SHIPPED,64566.48,
5000559,301014,535,28-06-2024,07-07-2024,SHIPPED,26814.79,
5000560,302721,505,28-01-2024,05-02-2024,SHIPPED,1483.79,
5000561,300189,508,11-02-2026,22-Feb-26,Pending,102839.44,
5000562,301081,528,06-06-2026,10-06-2026,Pending,108299.65,
5000563,302425,526,20-09-2025,30-09-2025,SHIPPED,63523.3,
5000564,302152,524,22-03-2026,29-03-2026,SHIPPED,50178.35,
5000565,301972,539,07-07-2026,07-Jul-26,Shipped,10884.76,
5000566,302486,540,31-12-2022,11-01-2023,Delivered,95828.91,
5000567,300770,530,11-15-2024,17-11-2024,Delivered,1996.67,
5000568,302597,523,05-27-2024,02-06-2024,Returned,96275.6,
5000569,301709,510,12-11-2023,,SHIPPED,80855,
5000570,301672,516,02-01-2025,12-01-2025,Returned,219561.21,
5000571,300773,509,23-05-2026,28-05-2026,Returned,52730.89,
5000572,300060,504,24-04-2023,29-04-2023,Returned,65006.39,
5000573,300269,518,10-15-2024,15-10-2024,Cancelled,49857.51,
5000574,301420,532,12-12-2023,12-12-2023,Cancelled,101283.33,
5000575,301011,512,28-07-2026,06-08-2026,pending ,108894.72,
5000576,300101,517,05-02-2023,09-02-2023,Delivered,79264.43,
5000577,302539,530,30-12-2024,09-01-2025,delivered,93135.78,
5000578,302878,509,07-04-2024,14-04-2024,pending ,65758.57,
5000579,301787,522,30-06-2024,06-07-2024,pending ,29530.05,
5000580,300923,521,16-12-2025,17-12-2025,Pending,48296.13,
5000581,301596,528,05-06-2024,15-06-2024,Pending,41323.33,
5000582,302488,512,25-01-2024,25-01-2024,delivered,135088.37,
5000583,300242,507,01-07-2026,05-07-2026,Cancelled,86625.48,
5000584,302333,528,22-02-2024,02-03-2024,delivered,21327.91,
5000585,302066,519,25-09-2024,02-10-2024,Delivered,47573.14,
5000586,300906,508,15-Oct-25,16-10-2025,Cancelled,84712.77,
5000587,302324,524,16-10-2025,26-10-2025,Pending,140929.35,
5000588,300346,527,15-11-2023,17-Nov-23,delivered,60372.44,
5000589,302450,503,22-12-2022,,Returned,24765.79,
5000590,300777,517,26-01-2026,01-02-2026,Pending,,
5000591,302308,538,18-05-2025,20-05-2025,pending ,57837.22,
5000592,302578,511,28-01-2023,04-02-2023,delivered,188011.77,
5000593,300644,533,15-01-2026,,pending ,3134.19,
5000594,302234,531,12-08-2023,08-21-2023,Cancelled,144898.87,
5000595,300162,503,05-11-2022,05-11-2022,Pending,16.52,
5000596,301402,528,20-06-2024,27-06-2024,Returned,85005.16,
5000597,301649,536,07-13-2025,20-07-2025,Delivered,,
5000598,300989,518,04-12-2025,12-14-2025,SHIPPED,,
5000599,301449,527,10-11-2024,18-11-2024,Shipped,30710.68,
5000600,301369,527,01-04-2025,09-01-2025,delivered,,
5000601,300279,507,24-10-2025,31-10-2025,delivered,19490.73,
5000602,302883,524,03-05-2026,09-05-2026,Delivered,,
5000603,302624,515,28-Sep-23,03-10-2023,Returned,,
5000604,302611,506,22-06-2022,,delivered,176507.19,
5000605,300380,522,07-12-2023,16-12-2023,Cancelled,57175.45,
5000606,301857,509,13-03-2025,19-03-2025,Returned,6366.85,
5000607,300590,520,29-11-2024,01-12-2024,Shipped,25679.74,
5000608,300904,510,13-10-2025,21-10-2025,Cancelled,155965.63,
5000609,301482,520,20-07-2024,07-30-2024,Delivered,,
5000610,300357,520,03-01-2026,05-Jan-26,delivered,30587.7,
5000611,300812,504,10-03-2026,17-03-2026,Returned,119590.84,
5000612,302044,530,16-Jun-24,16-06-2024,Returned,153868.27,
5000613,301243,528,16-09-2025,22-09-2025,Cancelled,195697.78,
5000614,301768,537,02-11-2022,05-11-2022,delivered,56787.08,
5000615,302986,534,04-Aug-23,13-Aug-23,Pending,4507.79,
5000616,301545,537,08-08-2025,10-08-2025,Pending,65303.11,
5000617,301342,511,09-09-2025,19-09-2025,SHIPPED,53174.44,
5000618,302214,539,31-05-2026,07-06-2026,Returned,25035.19,
5000619,301915,513,22-10-2022,01-11-2022,SHIPPED,125082.3,
5000620,301705,507,12-02-2024,,SHIPPED,,
5000621,300357,504,13-07-2025,21-07-2025,SHIPPED,44034.17,
5000622,302130,534,18-05-2026,27-05-2026,Returned,42129.89,
5000623,302475,502,25-06-2023,05-07-2023,delivered,133143.99,
5000624,300342,528,08-09-2025,09-13-2025,Returned,44686.93,
5000625,300193,535,25-01-2026,04-02-2026,Delivered,,
5000626,300497,538,02-06-2023,06-06-2023,Pending,,
5000627,302644,532,16-06-2023,25-06-2023,Delivered,18620.11,
5000628,300373,511,25-06-2025,06-25-2025,Pending,103968.75,
5000629,300128,510,10-04-2024,11-04-2024,Cancelled,94888.18,
5000630,300993,514,14-07-2024,18-07-2024,Pending,41319.74,
5000631,300326,532,09-06-2024,,SHIPPED,,
5000632,301983,503,21-10-2022,23-10-2022,Cancelled,232593.1,
5000633,300401,530,23-04-2026,28-04-2026,Delivered,42098.01,
5000634,300032,501,08-02-2026,18-02-2026,Shipped,41958.47,
5000635,301897,522,19-01-2025,01-22-2025,Returned,30115.09,
5000636,302170,517,24-08-2025,05-09-2025,pending ,47878.01,
5000637,300466,505,20-02-2025,03-03-2025,Shipped,68603.68,
5000638,300466,504,28-08-2025,08-Sep-25,Pending,,
5000639,302184,503,24-10-2024,24-10-2024,Delivered,14290.21,
5000640,302234,513,24-11-2025,05-12-2025,Pending,81602.66,
5000641,300464,501,05-08-2023,,Cancelled,,
5000642,300729,505,16-07-2022,18-07-2022,Pending,47116.84,
5000643,302914,525,24-11-2023,26-11-2023,Shipped,88984.92,
5000644,300903,507,31-05-2025,09-06-2025,Cancelled,42757.5,
5000645,300686,532,27-11-2024,28-Nov-24,Shipped,10034.6,
5000646,300463,528,10-07-2026,17-07-2026,SHIPPED,,
5000647,300556,501,19-09-2024,20-09-2024,Returned,30526.07,
5000648,300694,529,17-01-2025,17-01-2025,Returned,87353.73,
5000649,300343,522,12-05-2025,12-05-2025,delivered,,
5000650,300809,539,11-04-2024,11-16-2024,delivered,81595.86,
5000651,300011,517,20-04-2026,22-04-2026,pending ,17187.38,
5000652,301830,515,13-04-2025,21-04-2025,pending ,62404.32,
5000653,300203,536,01-01-2025,04-01-2025,SHIPPED,10041.85,
5000654,301117,519,25-04-2026,30-04-2026,delivered,145365.46,
5000655,302941,506,02-07-2023,04-07-2023,pending ,123851.87,
5000656,300993,509,21-05-2026,05-30-2026,Shipped,46816.04,
5000657,300369,511,07-06-2026,10-06-2026,Cancelled,63773.29,
5000658,301571,502,26-05-2026,04-06-2026,Pending,40399.09,
5000659,301241,526,11-12-2022,12-12-2022,Returned,,
5000660,301945,506,27-08-2023,06-09-2023,pending ,,
5000661,302322,533,18-08-2023,08-21-2023,Delivered,,
5000662,301835,539,12-07-2026,,Shipped,65434.69,
5000663,301010,534,03-02-2026,02-03-2026,delivered,77690.38,
5000664,302862,532,06-06-2023,12-06-2023,Shipped,17322.77,
5000665,302394,522,19-07-2026,28-Jul-26,Delivered,,
5000666,302328,507,31-07-2024,04-08-2024,pending ,49673.14,
5000667,301912,509,16-05-2023,05-26-2023,Cancelled,,
5000668,301251,533,20-03-2025,27-03-2025,Pending,40949.97,
5000669,300243,523,19-07-2024,29-07-2024,pending ,37474.2,
5000670,300966,533,14-07-2025,21-07-2025,Cancelled,228317.88,
5000671,300881,522,16-07-2026,07-26-2026,Delivered,75086.52,
5000672,302509,537,26-06-2022,06-07-2022,Returned,13345.1,
5000673,301574,535,01-07-2025,03-07-2025,Cancelled,65929.55,
5000674,301308,523,22-05-2025,25-05-2025,SHIPPED,67969.68,
5000675,302710,526,29-10-2025,31-10-2025,Cancelled,34855.07,
5000676,300962,501,27-05-2025,06-06-2025,Cancelled,24924.41,
5000677,301007,504,13-11-2023,24-Nov-23,Cancelled,,
5000678,301047,512,12-08-2025,18-Aug-25,Pending,286.23,
5000679,300890,524,01-08-2024,05-08-2024,Shipped,105785.57,
5000680,302673,514,19-03-2025,23-03-2025,pending ,60135.67,
5000681,301391,537,09-09-2024,18-09-2024,Pending,118704.4,
5000682,300332,536,11-06-2024,10-11-2024,Shipped,,
5000683,301504,511,05-09-2021,06-09-2021,pending ,86079.4,
5000684,302629,512,22-03-2026,01-Apr-26,Pending,32827.42,
5000685,301038,514,04-06-2025,14-06-2025,pending ,78832,
5000686,301535,537,31-07-2026,05-Aug-26,delivered,137838.75,
5000687,300489,524,28-01-2025,07-02-2025,pending ,4307.78,
5000688,302330,516,23-05-2024,,Pending,18306.51,
5000689,301066,513,25-03-2025,03-25-2025,SHIPPED,18986.62,
5000690,301229,531,29-01-2023,08-02-2023,Pending,13565.89,
5000691,301264,504,07-08-2025,18-07-2025,Delivered,51949.7,
5000692,301744,538,12-Jun-25,23-06-2025,pending ,,
5000693,301268,507,05-01-2025,07-01-2025,pending ,0,
5000694,302449,503,12-04-2026,12-04-2026,Returned,76779.67,
5000695,301794,523,18-10-2021,19-10-2021,Pending,68989.92,
5000696,302979,506,08-11-2022,08-11-2022,Pending,68879.39,
5000697,301969,536,28-02-2023,09-03-2023,Cancelled,52396.21,
5000698,302617,508,28-05-2022,28-05-2022,Returned,39167.35,
5000699,302876,536,27-Apr-26,02-05-2026,SHIPPED,6136.25,
5000700,302531,529,08-04-2026,12-04-2026,Returned,115611.78,
5000701,300348,518,25-Jun-23,01-07-2023,pending ,78243.48,
5000702,300695,535,08-03-2025,09-03-2025,delivered,31985.64,
5000703,300695,521,12-12-2025,23-12-2025,delivered,41555.38,
5000704,302703,528,26-12-2023,07-01-2024,Pending,82360.71,
5000705,302430,502,19-01-2025,26-01-2025,Cancelled,155234.15,
5000706,301598,528,26-03-2026,,Shipped,36667.08,
5000707,300166,538,28-02-2025,04-03-2025,delivered,,
5000708,300019,515,25-12-2023,28-12-2023,Delivered,,
5000709,300547,523,14-04-2026,24-04-2026,SHIPPED,49807.34,
5000710,301743,501,24-07-2025,30-07-2025,pending ,3123.67,
5000711,301609,532,06-04-2021,07-04-2021,Returned,66779.25,
5000712,300531,511,03-09-2023,09-09-2023,Shipped,48963.64,
5000713,302157,509,24-03-2025,03-29-2025,Cancelled,151226.56,
5000714,301318,524,11-02-2025,13-02-2025,pending ,74399.43,
5000715,301857,538,19-11-2025,26-11-2025,delivered,,
5000716,301322,515,20-10-2025,24-10-2025,delivered,25225.87,
5000717,302980,522,04-01-2025,06-01-2025,Returned,145307.37,
5000718,301718,538,10-Aug-24,10-08-2024,Pending,111174.36,
5000719,300647,538,07-11-2025,09-11-2025,SHIPPED,76968.83,
5000720,301343,514,23-10-2024,29-10-2024,Delivered,27614.66,
5000721,300583,515,30-01-2022,04-02-2022,Delivered,42261.44,
5000722,302295,506,07-08-2025,18-08-2025,SHIPPED,77785.12,
5000723,302312,531,16-06-2025,19-06-2025,Shipped,29043.4,
5000724,302897,539,27-09-2024,03-10-2024,Returned,,
5000725,301709,520,27-03-2023,02-04-2023,delivered,93092.64,
5000726,300577,526,19-06-2021,22-06-2021,Shipped,82117.26,
5000727,302160,534,24-06-2026,01-07-2026,delivered,155355.81,
5000728,302471,514,19-10-2024,19-10-2024,Shipped,32890.66,
5000729,301971,525,09-03-2024,,Cancelled,65415.89,
5000730,300251,524,31-01-2025,01-02-2025,SHIPPED,106437.56,
5000731,302674,504,04-01-2026,14-Jan-26,Delivered,12871.94,
5000732,302995,505,16-04-2025,,SHIPPED,70031.47,
5000733,301989,527,13-12-2025,20-12-2025,SHIPPED,14284.17,
5000734,301402,530,16-11-2025,21-11-2025,Delivered,97150.95,
5000735,300853,533,01-04-2025,06-04-2025,Cancelled,,
5000736,301468,508,11-05-2026,11-05-2026,delivered,53999.11,
5000737,300842,504,04-08-2024,15-08-2024,Cancelled,26554.84,
5000738,302674,514,13-01-2025,24-01-2025,delivered,18653.63,
5000739,301378,502,28-08-2025,30-08-2025,SHIPPED,11168,
5000740,300059,529,12-01-2026,13-01-2026,Returned,105643.45,
5000741,301253,533,07-Sep-25,09-09-2025,Cancelled,7223.88,
5000742,301045,530,02-05-2024,05-11-2024,Delivered,147141.07,
5000743,301790,531,26-05-2024,05-31-2024,Cancelled,113530.91,
5000744,301860,508,04-03-2026,11-04-2026,Shipped,31219.89,
5000745,302424,539,24-02-2024,25-02-2024,Shipped,25569.07,
5000746,302896,521,09-12-2025,15-12-2025,Returned,2245.17,
5000747,301772,521,06-03-2023,06-12-2023,Pending,89136.28,
5000748,301242,534,20-08-2024,28-08-2024,Delivered,,
5000749,300284,538,04-02-2026,11-02-2026,Delivered,,
5000750,300512,520,22-06-2026,22-06-2026,Cancelled,23582.97,
5000751,301735,510,28-12-2025,02-01-2026,Delivered,36915.55,
5000752,300235,520,25-07-2026,01-08-2026,pending ,,
5000753,300989,528,24-11-2025,,SHIPPED,53715.77,
5000754,300401,520,31-10-2023,,Pending,28583.1,
5000755,302807,525,26-03-2023,31-03-2023,pending ,40360.58,
5000756,301415,512,08-11-2022,19-11-2022,Pending,,
5000757,302301,526,01-05-2026,05-09-2026,Delivered,58826.22,
5000758,301733,526,02-16-2026,24-02-2026,Shipped,94505.78,
5000759,302837,524,01-02-2024,11-02-2024,SHIPPED,97503.58,
5000760,302293,520,24-09-2024,03-10-2024,Cancelled,11201.6,
5000761,301590,527,08-08-2024,13-08-2024,Shipped,7208.42,
5000762,302850,508,13-03-2025,14-03-2025,SHIPPED,48196.76,
5000763,300770,509,24-11-2022,29-11-2022,delivered,1243.6,
5000764,301618,526,29-09-2024,01-10-2024,SHIPPED,42799.06,
5000765,302325,520,01-07-2024,13-07-2024,pending ,107351.68,
5000766,302267,534,28-08-2024,09-09-2024,SHIPPED,66115.37,
5000767,300812,537,14-04-2023,17-04-2023,Delivered,,
5000768,301065,514,04-01-2025,03-04-2025,Shipped,7210.75,
5000769,301729,509,12-17-2024,18-12-2024,Delivered,,
5000770,300454,525,05-05-2024,06-May-24,Cancelled,8079.28,
5000771,301912,534,29-03-2023,03-04-2023,SHIPPED,7848.66,
5000772,300615,513,02-Apr-22,,pending ,108742.39,
5000773,300845,523,16-12-2024,21-12-2024,Pending,204550.63,
5000774,302491,520,19-08-2024,19-08-2024,Delivered,,
5000775,300890,511,08-06-2026,08-06-2026,pending ,77002.1,
5000776,301248,514,05-12-2024,10-12-2024,SHIPPED,-9387,
5000777,300332,536,16-12-2021,28-12-2021,Delivered,,
5000778,302813,538,12-09-2025,22-09-2025,Shipped,66511.13,
5000779,302303,513,09-01-2024,19-01-2024,Shipped,154686.2,
5000780,302687,533,21-05-2023,28-05-2023,Cancelled,107079.48,
5000781,302612,528,14-03-2026,17-03-2026,Returned,,
5000782,301967,533,05-18-2024,21-05-2024,Returned,13002.83,
5000783,301378,513,11-07-2021,21-07-2021,Returned,73634.03,
5000784,300127,532,28-10-2024,02-11-2024,Cancelled,102787.99,
5000785,300637,517,14-06-2025,16-06-2025,delivered,112123.79,
5000786,301699,507,20-09-2025,25-Sep-25,pending ,,
5000787,302276,530,09-06-2024,11-06-2024,delivered,,
5000788,300622,540,18-03-2024,26-03-2024,Pending,93404.99,
5000789,302963,533,21-02-2026,01-03-2026,Shipped,83001.97,
5000790,301344,518,22-09-2022,29-09-2022,Shipped,29010.01,
5000791,301008,506,29-09-2025,04-10-2025,Pending,,
5000792,302082,509,04-10-2025,10-16-2025,Returned,78939.82,
5000793,302902,502,31-03-2026,02-04-2026,Returned,45288.53,
5000794,302378,513,31-12-2025,11-01-2026,delivered,28193.45,
5000795,301877,527,22-02-2025,23-02-2025,SHIPPED,199950.83,
5000796,301406,522,27-01-2025,,Delivered,14649.37,
5000797,302897,506,22-10-2025,31-10-2025,pending ,88565.77,
5000798,302112,510,24-08-2024,02-09-2024,delivered,20204.17,
5000799,302422,525,26-04-2025,27-04-2025,Pending,2546.62,
5000800,302610,502,11-07-2025,12-07-2025,Cancelled,152192.83,
5000801,301679,534,04-10-2022,04-10-2022,Delivered,22187.6,
5000802,302740,502,27-03-2022,30-03-2022,Shipped,25699.04,
5000803,300274,501,22-11-2024,01-12-2024,pending ,88890.21,
5000804,301756,529,23-Jun-22,23-06-2022,Returned,14857.91,
5000805,302062,525,17-12-2024,24-12-2024,Delivered,109691.31,
5000806,301424,521,22-04-2025,26-04-2025,SHIPPED,94318.15,
5000807,302004,503,31-08-2025,06-09-2025,Cancelled,0,
5000808,300311,517,28-08-2023,28-08-2023,delivered,60011.5,
5000809,301109,536,19-03-2026,26-03-2026,Delivered,89896.17,
5000810,301450,533,02-04-2024,03-04-2024,Shipped,142341.62,
5000811,300560,512,02-17-2026,23-02-2026,Delivered,7326.32,
5000812,302812,537,09-09-2022,09-09-2022,Returned,89473.43,
5000813,301582,521,17-06-2024,24-06-2024,Shipped,29454.66,
5000814,302376,504,04-12-2024,04-12-2024,delivered,,
5000815,301056,529,29-04-2025,10-05-2025,pending ,124281.04,
5000816,301160,526,06-02-2025,09-02-2025,Delivered,113520.36,
5000817,302272,507,02-04-2025,11-04-2025,SHIPPED,41170.35,
5000818,302040,534,01-09-2024,09-02-2024,Pending,91852.96,
5000819,302705,512,14-01-2025,01-15-2025,Returned,43540.91,
5000820,300059,519,20-04-2026,29-04-2026,delivered,123860.82,
5000821,302314,540,18-09-2025,27-09-2025,Pending,,
5000822,301012,527,13-09-2025,19-Sep-25,Pending,,
5000823,302982,537,11-09-2025,12-09-2025,Returned,,
5000824,300069,514,19-05-2026,26-05-2026,Returned,32326.01,
5000825,301189,513,04-06-2025,,SHIPPED,27301.01,
5000826,300979,537,06-07-2025,16-07-2025,pending ,,
5000827,302891,512,13-11-2021,19-11-2021,pending ,103400.98,
5000828,300502,520,11-02-2025,19-02-2025,Shipped,153511.67,
5000829,300319,533,28-04-2026,03-05-2026,pending ,22670.24,
5000830,302021,538,28-03-2025,08-04-2025,Pending,106576.97,
5000831,300137,504,20-12-2024,28-12-2024,delivered,68873.53,
5000832,301794,503,03-11-2022,12-11-2022,Cancelled,92286.94,
5000833,301711,525,24-03-2022,01-04-2022,Pending,107759.61,
5000834,301091,512,10-04-2026,15-04-2026,Cancelled,28366.06,
5000835,301659,537,29-01-2024,05-02-2024,Shipped,144376.27,
5000836,302845,521,18-05-2025,23-05-2025,Returned,18890.09,
5000837,301218,534,12-Apr-26,17-04-2026,Delivered,181414.94,
5000838,302897,534,28-06-2024,29-06-2024,delivered,5252.92,
5000839,301773,516,29-12-2025,06-Jan-26,SHIPPED,44481.26,
5000840,301175,527,06-06-2026,06-Jun-26,Delivered,,
5000841,302493,513,30-01-2026,02-02-2026,Cancelled,122436.98,
5000842,301062,521,05-06-2024,07-06-2024,SHIPPED,29550.49,
5000843,300212,520,28-07-2024,02-08-2024,Cancelled,175302.14,
5000844,302214,510,20-01-2025,29-01-2025,Returned,14395.83,
5000845,301315,504,20-02-2025,25-02-2025,pending ,91990.69,
5000846,302173,509,17-02-2026,25-02-2026,Cancelled,24159.52,
5000847,300681,510,15-Dec-24,21-12-2024,SHIPPED,112960.37,
5000848,302376,530,28-05-2026,01-06-2026,Pending,89042.02,
5000849,300884,531,09-04-2026,,delivered,122857.26,
5000850,302669,531,30-09-2025,07-10-2025,SHIPPED,29177.23,
5000851,302157,537,07-06-2025,10-06-2025,Pending,8199.18,
5000852,300733,518,21-10-2025,02-11-2025,Pending,112467.85,
5000853,302091,501,10-07-2025,22-07-2025,delivered,,
5000854,300986,538,06-01-2026,12-06-2026,delivered,26615.1,
5000855,301140,535,28-01-2024,02-02-2024,Cancelled,-16047.2,
5000856,300351,501,04-02-2025,07-02-2025,Cancelled,114518.22,
5000857,300650,510,21-12-2023,24-12-2023,Delivered,29488.21,
5000858,301264,538,12-03-2026,20-03-2026,Shipped,,
5000859,301748,538,17-11-2025,11-27-2025,Delivered,11212.81,
5000860,302149,512,14-06-2023,20-06-2023,Returned,,
5000861,302561,520,17-08-2024,17-08-2024,Pending,119615.29,
5000862,300864,537,03-07-2023,07-08-2023,SHIPPED,0,
5000863,301913,514,24-04-2026,25-04-2026,Returned,81671.64,
5000864,301587,507,25-02-2021,08-03-2021,Delivered,14895.68,
5000865,300966,526,03-09-2024,03-09-2024,pending ,88962.62,
5000866,301153,506,01-10-2021,04-10-2021,Cancelled,51244.06,
5000867,302785,515,28-01-2023,28-01-2023,SHIPPED,,
5000868,301688,525,24-07-2023,05-08-2023,delivered,122532.61,
5000869,301304,505,18-11-2024,18-11-2024,SHIPPED,13698.6,
5000870,300624,537,13-08-2023,25-08-2023,Returned,19705.86,
5000871,302159,506,22-03-2026,,SHIPPED,153789.64,
5000872,300180,504,10-05-2026,16-05-2026,Delivered,63643.48,
5000873,302610,529,12-07-2024,22-07-2024,Shipped,,
5000874,302946,509,05-11-2024,09-11-2024,pending ,9858.58,
5000875,302236,519,04-01-2025,11-01-2025,Pending,0,
5000876,300312,523,15-09-2025,17-09-2025,Cancelled,29481.64,
5000877,302150,513,26-06-2025,07-07-2025,pending ,24255.55,
5000878,300313,501,12-03-2023,15-12-2023,Delivered,19529.41,
5000879,301418,528,20-02-2021,21-02-2021,Cancelled,78173.96,
5000880,302692,508,27-09-2024,28-09-2024,delivered,55013.99,
5000881,301462,505,24-01-2025,05-02-2025,Returned,26654,
5000882,302372,511,14-07-2023,,Shipped,214333.31,
5000883,301461,504,24-01-2024,03-Feb-24,SHIPPED,15917.31,
5000884,302243,508,24-04-2022,26-04-2022,delivered,61975.58,
5000885,300187,504,10-05-2024,13-05-2024,Cancelled,80652.22,
5000886,302461,516,02-11-2024,13-11-2024,Pending,,
5000887,301993,539,07-07-2023,09-07-2023,Cancelled,16766.86,
5000888,302072,519,11-11-2022,,Cancelled,,
5000889,301974,526,18-03-2025,21-03-2025,Pending,20570.04,
5000890,302996,523,28-06-2025,28-06-2025,Returned,47568.86,
5000891,300394,536,15-10-2025,18-10-2025,Delivered,166901.14,
5000892,302111,502,19-02-2023,19-02-2023,pending ,-11227.36,
5000893,302707,522,20-01-2025,25-01-2025,pending ,10832.8,
5000894,302000,507,16-07-2023,16-07-2023,pending ,51835.98,
5000895,302345,537,20-10-2024,21-10-2024,Returned,122119.61,
5000896,302926,502,18-07-2025,22-07-2025,Returned,60831.84,
5000897,302171,522,19-11-2023,26-11-2023,Returned,,
5000898,302453,526,11-03-2025,11-03-2025,SHIPPED,125333.57,
5000899,302989,519,06-08-2021,18-08-2021,Shipped,102821.5,
5000900,302226,513,21-07-2023,30-07-2023,delivered,,
5000901,300544,538,10-01-2026,10-01-2026,delivered,19927.56,
5000902,300480,502,14-07-2024,23-07-2024,pending ,10506.28,
5000903,301530,528,26-12-2022,30-12-2022,Cancelled,37451.53,
5000904,302730,528,21-11-2021,28-11-2021,Pending,18994.29,
5000905,301072,516,18-07-2021,25-07-2021,Cancelled,51998.3,
5000906,302512,501,24-02-2024,04-03-2024,delivered,96944.23,
5000907,300556,526,08-07-2025,,delivered,41304.67,
5000908,300771,539,16-11-2024,23-11-2024,Delivered,53671.19,
5000909,300381,517,09-07-2025,18-07-2025,pending ,64453.04,
5000910,301348,532,06-07-2025,16-07-2025,Returned,,
5000911,302411,503,24-11-2024,11-30-2024,delivered,47995.28,
5000912,301595,537,19-01-2026,26-01-2026,Delivered,1783.27,
5000913,302717,517,23-05-2022,,SHIPPED,91204.62,
5000914,302218,538,31-07-2026,31-07-2026,Returned,222564.35,
5000915,300449,532,19-10-2025,24-10-2025,Cancelled,119666.03,
5000916,300130,511,07-02-2026,17-02-2026,pending ,143030.02,
5000917,302711,505,16-10-2023,22-10-2023,Shipped,,
5000918,301586,533,30-11-2025,03-12-2025,Shipped,77191.21,
5000919,300487,517,17-06-2025,22-06-2025,SHIPPED,41037.44,
5000920,301841,510,15-08-2023,27-08-2023,Pending,175251.64,
5000921,302404,508,09-05-2026,16-05-2026,delivered,26498.07,
5000922,302657,517,23-02-2023,05-03-2023,SHIPPED,-19047.28,
5000923,300106,534,06-12-2025,17-12-2025,delivered,51902.75,
5000924,301507,530,16-04-2025,16-04-2025,pending ,104036.89,
5000925,301706,508,22-04-2025,27-04-2025,Delivered,81803.85,
5000926,302020,528,04-01-2023,08-01-2023,Shipped,63139.96,
5000927,301110,520,11-12-2025,,Delivered,45240.8,
5000928,301821,527,25-11-2024,,Shipped,104883.36,
5000929,300209,528,09-Jun-26,21-Jun-26,Pending,87794.17,
5000930,300723,536,03-05-2025,08-05-2025,pending ,129286.22,
5000931,300845,518,11-07-2025,20-07-2025,Pending,135181.17,
5000932,301536,539,24-11-2021,27-11-2021,delivered,39263.2,
5000933,301130,524,14-09-2023,21-09-2023,Cancelled,87904.57,
5000934,302732,505,07-11-2023,18-11-2023,Pending,73671.8,
5000935,301453,528,21-03-2025,28-03-2025,Cancelled,57214.83,
5000936,302928,501,15-10-2025,16-10-2025,Delivered,,
5000937,301054,511,05-14-2024,26-05-2024,SHIPPED,4667.21,
5000938,302794,532,12-09-2025,14-09-2025,pending ,17575.21,
5000939,300453,529,02-06-2022,13-06-2022,pending ,30575.17,
5000940,301762,521,12-08-2024,,Returned,18640.06,
5000941,300731,530,22-06-2026,07-03-2026,Cancelled,11831.98,
5000942,302097,507,10-07-2025,21-07-2025,Pending,10572.43,
5000943,301796,510,20-08-2021,24-08-2021,Shipped,,
5000944,301305,520,07-04-2026,11-Apr-26,Delivered,,
5000945,301159,530,12-05-2025,20-05-2025,SHIPPED,25284.6,
5000946,302541,526,30-07-2025,31-07-2025,delivered,,
5000947,300135,526,26-09-2024,29-09-2024,pending ,,
5000948,300928,509,03-06-2023,15-06-2023,SHIPPED,,
5000949,301573,528,18-02-2026,23-02-2026,Pending,107951.96,
5000950,301138,508,27-07-2022,02-08-2022,delivered,10934.27,
5000951,300917,533,04-10-2023,05-10-2023,delivered,19004.98,
5000952,302270,516,07-07-2021,15-07-2021,Pending,0,
5000953,300475,525,05-10-2025,12-10-2025,SHIPPED,138151.29,
5000954,301215,522,07-03-2024,09-03-2024,Delivered,67401.29,
5000955,301805,523,09-09-2022,16-09-2022,delivered,84266.16,
5000956,300148,526,10-01-2026,22-01-2026,delivered,166638.89,
5000957,302760,512,21-08-2025,26-08-2025,SHIPPED,59455.3,
5000958,301010,528,23-10-2024,,Pending,79857.99,
5000959,301372,523,21-03-2026,22-03-2026,pending ,43712,
5000960,302846,505,25-05-2024,28-05-2024,delivered,,
5000961,300893,512,06-03-2023,09-03-2023,delivered,,
5000962,302171,502,14-04-2025,23-04-2025,Pending,56075.06,
5000963,300459,518,11-01-2024,12-01-2024,Shipped,28197.59,
5000964,301311,528,04-02-2024,02-07-2024,pending ,79710.55,
5000965,300161,533,18-07-2026,18-Jul-26,Shipped,206473.42,
5000966,302521,535,10-08-2025,22-08-2025,Returned,62797.69,
5000967,301009,520,30-09-2025,12-10-2025,Shipped,88079.35,
5000968,300557,533,05-08-2025,17-08-2025,Delivered,6638.95,
5000969,302135,502,22-07-2026,30-07-2026,Delivered,24949.18,
5000970,301351,533,06-04-2026,,Cancelled,18399.4,
5000971,300888,502,22-02-2024,22-02-2024,Delivered,25028.4,
5000972,301389,515,06-07-2024,16-07-2024,SHIPPED,,
5000973,302423,512,06-03-2021,18-Mar-21,SHIPPED,80889.88,
5000974,302329,527,30-05-2023,,Pending,,
5000975,301191,529,02-01-2025,14-01-2025,Pending,,
5000976,302891,523,30-08-2025,02-Sep-25,Returned,119261,
5000977,302548,536,11-12-2025,15-12-2025,delivered,68764.82,
5000978,302453,512,04-05-2024,13-05-2024,Returned,18641.49,
5000979,301773,527,24-05-2025,29-05-2025,Shipped,43784.13,
5000980,301719,523,04-09-2025,12-09-2025,Returned,92067.79,
5000981,302354,523,23-05-2026,27-05-2026,SHIPPED,49154.35,
5000982,301191,507,27-Mar-26,04-01-2026,Cancelled,106029.74,
5000983,300534,509,31-07-2025,07-31-2025,pending ,,
5000984,301580,507,08-03-2025,14-03-2025,delivered,121203.39,
5000985,301488,517,20-12-2025,26-12-2025,Cancelled,,
5000986,302362,520,02-03-2025,02-03-2025,Returned,74210.75,
5000987,300577,531,16-02-2025,21-02-2025,Shipped,16617.92,
5000988,302415,501,23-12-2024,29-12-2024,Pending,107194.59,
5000989,301518,539,16-11-2025,18-11-2025,Pending,150789.2,
5000990,300569,527,18-06-2023,19-06-2023,Cancelled,33338.35,
5000991,301042,535,05-10-2021,16-10-2021,delivered,641.17,
5000992,301390,531,24-08-2024,04-09-2024,Delivered,93160.67,
5000993,300361,532,17-12-2025,17-12-2025,delivered,111582.7,
5000994,300073,525,22-05-2024,31-05-2024,delivered,26775.53,
5000995,302732,518,02-05-2022,12-05-2022,Shipped,,
5000996,300126,514,14-09-2025,17-Sep-25,SHIPPED,10072.54,
5000997,301920,537,25-06-2026,01-07-2026,Returned,63826.68,
5000998,301928,509,01-12-2025,12-12-2025,Returned,167755.22,
5000999,300007,515,29-04-2026,02-05-2026,Pending,80109.61,
5001000,301615,506,01-05-2023,08-05-2023,delivered,11307.7,
5001001,302640,513,21-07-2024,08-01-2024,Cancelled,40038.56,
5001002,302423,540,15-Apr-23,19-04-2023,Pending,,
5001003,301868,517,12-05-2025,22-05-2025,delivered,,
5001004,300765,507,17-05-2025,21-05-2025,Delivered,,
5001005,300931,525,30-06-2026,03-07-2026,pending ,74908.75,
5001006,302221,520,11-07-2025,19-11-2025,Cancelled,81235.78,
5001007,301510,533,20-02-2026,24-02-2026,SHIPPED,60887.84,
5001008,302361,516,18-01-2026,20-01-2026,Delivered,162622.94,
5001009,300616,520,23-05-2024,29-05-2024,pending ,22218.12,
5001010,302426,527,21-06-2024,28-06-2024,Shipped,4603.03,
5001011,302130,534,02-09-2025,05-09-2025,Shipped,68176.1,
5001012,300921,540,02-08-2024,14-08-2024,Pending,76386.68,
5001013,302885,508,22-01-2025,01-27-2025,Delivered,,
5001014,300358,530,13-03-2025,20-03-2025,SHIPPED,86591.83,
5001015,301447,537,14-12-2025,21-12-2025,pending ,95934.48,
5001016,302270,509,24-06-2022,,Shipped,71494.31,
5001017,300096,507,11-01-2023,13-01-2023,SHIPPED,,
5001018,302442,526,30-12-2022,31-12-2022,delivered,34319.25,
5001019,300442,538,15-Aug-24,27-08-2024,Delivered,12506.64,
5001020,302719,501,15-03-2024,,delivered,50507.83,
5001021,302109,531,13-04-2026,17-04-2026,Returned,,
5001022,302952,538,18-02-2026,24-02-2026,Returned,61.35,
5001023,302115,503,12-11-2023,17-11-2023,Pending,87162.48,
5001024,301360,512,25-04-2025,29-04-2025,delivered,55668.43,
5001025,300951,530,20-02-2024,27-02-2024,Cancelled,19732.2,
5001026,301027,509,18-03-2026,30-03-2026,delivered,12381.29,
5001027,300197,505,09-06-2025,,pending ,19536.16,
5001028,302455,517,28-09-2024,,Shipped,,
5001029,302579,533,12-05-2024,,Shipped,,
5001030,302705,531,26-10-2023,01-11-2023,SHIPPED,84020.28,
5001031,302475,532,01-05-2026,05-05-2026,Shipped,,
5001032,301882,511,07-03-2025,10-03-2025,Cancelled,,
5001033,300207,510,10-09-2025,13-09-2025,delivered,51911.91,
5001034,302930,524,14-06-2023,21-06-2023,pending ,32150.17,
5001035,300848,501,12-05-2024,20-05-2024,pending ,80590.03,
5001036,300721,515,09-12-2025,13-12-2025,Returned,44511.71,
5001037,302974,505,18-02-2026,24-02-2026,Cancelled,16160.81,
5001038,300440,526,27-03-2026,03-04-2026,Returned,,
5001039,300914,503,01-05-2026,02-05-2026,SHIPPED,67701.59,
5001040,301643,502,09-06-2024,15-06-2024,Delivered,31624.2,
5001041,301470,505,22-05-2025,22-05-2025,Delivered,57906.39,
5001042,301231,507,21-02-2025,04-03-2025,Cancelled,46164.15,
5001043,302818,531,21-03-2025,31-03-2025,delivered,,
5001044,300656,511,13-08-2024,22-08-2024,SHIPPED,53908.16,
5001045,301805,531,18-03-2025,23-03-2025,Delivered,3348.1,
5001046,301943,512,09-10-2021,18-10-2021,Shipped,12271.04,
5001047,301334,536,29-09-2022,06-10-2022,Cancelled,58146.41,
5001048,302849,514,14-12-2021,12-20-2021,SHIPPED,59551.87,
5001049,300081,505,16-01-2022,28-01-2022,Shipped,34850.08,
5001050,301474,531,29-02-2024,02-03-2024,Returned,129953.77,
5001051,300708,524,13-11-2025,22-11-2025,Shipped,85304.01,
5001052,301938,524,31-10-2025,09-11-2025,delivered,86186.55,
5001053,300532,521,18-Nov-25,28-11-2025,Pending,9579.68,
5001054,302241,539,22-06-2024,04-07-2024,pending ,37387.54,
5001055,302160,507,23-06-2026,26-06-2026,SHIPPED,1574.9,
5001056,301231,511,18-01-2025,28-01-2025,Returned,100196.54,
5001057,301690,524,25-08-2024,01-09-2024,Cancelled,44606.36,
5001058,300421,508,31-07-2025,05-08-2025,pending ,103604.83,
5001059,301295,520,16-06-2025,21-06-2025,delivered,67187.27,
5001060,302224,501,09-Apr-25,09-04-2025,pending ,255715.47,
5001061,301065,532,12-09-2022,21-09-2022,SHIPPED,9371.47,
5001062,301544,525,12-08-2024,16-08-2024,Cancelled,,
5001063,300959,529,18-02-2024,29-02-2024,Cancelled,99094.12,
5001064,301965,510,02-09-2025,13-09-2025,Shipped,160302.6,
5001065,302524,523,07-11-2022,,Returned,,
5001066,300847,532,02-01-2026,01-07-2026,Delivered,108305.95,
5001067,301309,517,14-12-2024,26-12-2024,SHIPPED,50571.07,
5001068,300672,505,24-06-2025,03-07-2025,SHIPPED,107234.92,
5001069,301547,537,07-02-2024,18-02-2024,Shipped,,
5001070,301799,520,30-11-2025,11-12-2025,Cancelled,106906.77,
5001071,302515,534,15-12-2025,23-12-2025,delivered,27805.01,
5001072,302682,529,28-03-2024,29-03-2024,Returned,40116,
5001073,301075,539,14-01-2024,15-01-2024,delivered,5100.4,
5001074,300742,531,08-10-2025,15-10-2025,Pending,152294.71,
5001075,300326,515,14-05-2024,22-05-2024,Shipped,3963.95,
5001076,302543,536,29-04-2024,07-05-2024,Cancelled,132202.14,
5001077,300520,539,10-11-2023,,Delivered,62674.65,
5001078,301326,501,11-06-2025,16-06-2025,SHIPPED,55417.41,
5001079,301320,524,21-02-2025,26-02-2025,Returned,84048.32,
5001080,301241,519,01-10-2023,11-10-2023,Pending,49282.53,
5001081,300772,516,29-08-2024,29-08-2024,delivered,325245.3,
5001082,300970,524,21-12-2024,24-12-2024,pending ,7396.17,
5001083,301286,538,25-05-2026,25-05-2026,Pending,,
5001084,302064,508,19-09-2023,19-09-2023,delivered,104380.35,
5001085,302593,533,31-Aug-25,08-09-2025,pending ,138901.12,
5001086,301741,504,29-09-2025,06-10-2025,Cancelled,65947.67,
5001087,301792,525,01-05-2026,10-05-2026,pending ,841.23,
5001088,302062,522,14-07-2025,07-26-2025,Returned,115054.82,
5001089,301491,503,16-03-2025,18-03-2025,Shipped,,
5001090,300071,540,03-02-2026,02-05-2026,Pending,2936.3,
5001091,301838,511,27-04-2024,03-05-2024,Returned,7169.85,
5001092,302748,523,19-Apr-22,20-04-2022,pending ,96387.24,
5001093,300675,521,23-07-2024,03-08-2024,pending ,94341.12,
5001094,302747,533,12-15-2023,19-12-2023,Cancelled,47611.51,
5001095,302830,501,22-04-2026,03-05-2026,pending ,67206.95,
5001096,300582,534,11-09-2023,20-Sep-23,Delivered,43071.84,
5001097,301431,513,11-01-2022,17-01-2022,Shipped,30339.02,
5001098,300527,507,04-03-2026,12-03-2026,Delivered,9707.14,
5001099,300751,534,02-11-2025,05-11-2025,Pending,27418.09,
5001100,300458,537,23-09-2022,24-09-2022,Delivered,26298.46,
5001101,301746,513,06-02-2026,14-02-2026,SHIPPED,69927.95,
5001102,302291,533,23-07-2024,29-07-2024,Shipped,20383.08,
5001103,301735,511,10-11-2025,16-11-2025,Delivered,11124.38,
5001104,301635,531,28-11-2024,03-12-2024,Cancelled,107591.4,
5001105,301340,507,03-05-2023,08-05-2023,pending ,61703.04,
5001106,301972,523,04-18-2025,22-04-2025,Shipped,122553.23,
5001107,300106,535,26-11-2025,08-12-2025,Cancelled,70109.23,
5001108,301404,533,24-09-2025,29-09-2025,Delivered,57451.27,
5001109,302157,510,03-22-2025,23-03-2025,pending ,7768.43,
5001110,301241,516,18-12-2025,24-12-2025,Shipped,,
5001111,300353,524,05-05-2025,05-11-2025,pending ,,
5001112,302718,503,16-12-2025,,Returned,,
5001113,301376,520,24-01-2026,,Pending,6922.04,
5001114,300533,502,17-02-2026,26-Feb-26,Returned,58073.89,
5001115,302487,540,20-10-2025,26-10-2025,Delivered,50853.65,
5001116,302777,526,09-01-2025,12-01-2025,Pending,71485.05,
5001117,301247,521,07-05-2025,18-05-2025,Cancelled,37888.75,
5001118,300966,505,21-06-2025,03-07-2025,Pending,110168.94,
5001119,301068,540,17-11-2025,28-11-2025,Delivered,39806.43,
5001120,300167,517,17-07-2023,26-07-2023,Delivered,14767.18,
5001121,301120,535,04-06-2026,06-10-2026,Shipped,99496.72,
5001122,301236,537,11-01-2021,22-01-2021,pending ,,
5001123,300864,532,20-10-2023,29-Oct-23,SHIPPED,4770.21,
5001124,302185,507,25-03-2026,25-03-2026,Returned,8460.72,
5001125,301556,507,27-09-2025,10-05-2025,delivered,,
5001126,301070,525,22-03-2025,03-27-2025,Cancelled,133925.38,
5001127,301728,509,28-09-2023,07-10-2023,Pending,22613.34,
5001128,302393,532,26-12-2024,05-01-2025,Returned,48416.24,
5001129,301491,536,14-09-2021,23-09-2021,pending ,22563.1,
5001130,300491,515,29-01-2024,30-01-2024,Shipped,60443.71,
5001131,301738,518,09-12-2021,10-12-2021,Returned,20013.38,
5001132,301835,527,21-09-2025,25-09-2025,SHIPPED,64414.9,
5001133,301071,523,12-07-2025,20-Jul-25,Returned,13662.37,
5001134,302984,517,04-08-2025,14-08-2025,Shipped,,
5001135,300898,536,22-12-2025,,pending ,,
5001136,301756,502,31-12-2021,12-01-2022,SHIPPED,24822.3,
5001137,301333,511,06-09-2025,08-09-2025,Delivered,53186.11,
5001138,302888,532,28-Oct-25,07-11-2025,Returned,95604.04,
5001139,300014,528,28-01-2024,31-01-2024,delivered,,
5001140,301447,525,08-Jan-26,11-01-2026,Shipped,89488.19,
5001141,300852,517,10-03-2026,21-03-2026,delivered,20825.14,
5001142,301119,509,10-07-2026,20-Jul-26,delivered,18542.83,
5001143,300028,526,29-04-2023,07-05-2023,Returned,79362.98,
5001144,302652,512,22-04-2025,29-04-2025,Cancelled,30199.6,
5001145,301257,512,03-07-2023,06-07-2023,Cancelled,27765.35,
5001146,300621,531,28-03-2025,31-03-2025,Pending,1148.59,
5001147,301839,528,28-04-2025,04-05-2025,Shipped,26429.06,
5001148,302379,519,04-02-2025,12-02-2025,pending ,132313.61,
5001149,301206,537,11-04-2024,20-04-2024,Cancelled,52606.82,
5001150,301709,523,31-Jul-25,07-08-2025,Returned,95343.27,
5001151,302906,522,24-09-2020,04-10-2020,Cancelled,1481.45,
5001152,300765,513,16-04-2025,17-04-2025,Cancelled,41101.91,
5001153,300440,529,26-12-2025,31-12-2025,Cancelled,,
5001154,300776,507,05-03-2024,17-03-2024,Shipped,,
5001155,302098,507,19-07-2021,23-07-2021,SHIPPED,60013.95,
5001156,300554,504,06-01-2024,15-01-2024,delivered,174548.68,
5001157,300795,508,09-06-2025,21-06-2025,pending ,17797.88,
5001158,302229,524,31-07-2023,04-08-2023,Shipped,71756.75,
5001159,300089,525,12-04-2026,12-04-2026,Cancelled,47665.84,
5001160,302932,523,08-02-2025,14-02-2025,Pending,48519.7,
5001161,300588,532,12-17-2023,26-12-2023,SHIPPED,-9115.76,
5001162,302627,516,29-10-2022,04-11-2022,Delivered,88681.81,
5001163,300317,531,11-02-2024,20-02-2024,SHIPPED,,
5001164,300557,505,12-04-2026,,pending ,16726.74,
5001165,302632,512,31-08-2025,06-09-2025,delivered,113467.16,
5001166,300204,514,30-11-2025,01-12-2025,Pending,,
5001167,300466,503,05-09-2024,08-Sep-24,Shipped,35547.86,
5001168,301150,538,22-08-2024,,Pending,2860.74,
5001169,300108,522,29-07-2024,09-08-2024,pending ,-359.64,
5001170,300030,512,21-02-2026,25-02-2026,delivered,,
5001171,302676,540,29-07-2023,06-08-2023,Shipped,3163.42,
5001172,300947,530,02-07-2024,03-07-2024,Pending,,
5001173,302442,512,01-11-2023,11-08-2023,Returned,46087.4,
5001174,300153,519,18-02-2025,28-02-2025,Returned,38815.75,
5001175,302005,519,24-08-2024,25-08-2024,Returned,68350.93,
5001176,301479,530,02-11-2024,02-11-2024,Pending,50063.84,
5001177,301105,528,07-09-2025,13-09-2025,Cancelled,47099.75,
5001178,301959,523,21-06-2026,01-07-2026,Returned,78886.98,
5001179,301378,516,09-Jul-24,14-07-2024,Delivered,36783.87,
5001180,302528,504,31-05-2025,01-06-2025,Cancelled,,
5001181,301486,533,25-06-2025,,Shipped,36798.12,
5001182,301536,527,10-01-2025,14-Jan-25,Delivered,93009.46,
5001183,300372,513,06-05-2026,09-May-26,Pending,56117.98,
5001184,300714,504,13-Nov-24,16-11-2024,Pending,103022.25,
5001185,301583,515,12-12-2025,18-12-2025,Pending,1352.75,
5001186,300780,501,20-03-2024,03-21-2024,delivered,29432.03,
5001187,301906,517,01-08-2026,,delivered,94575.41,
5001188,300119,505,01-31-2026,11-02-2026,pending ,20109.32,
5001189,300954,511,31-05-2025,03-06-2025,pending ,81695.13,
5001190,301771,524,24-07-2024,25-07-2024,Pending,19023.41,
5001191,302886,534,13-08-2023,19-Aug-23,SHIPPED,7965.93,
5001192,301338,502,05-03-2026,14-03-2026,pending ,79114.92,
5001193,301804,519,03-04-2026,07-04-2026,Shipped,68584.44,
5001194,302042,513,24-05-2025,04-06-2025,pending ,11945.62,
5001195,302844,523,09-01-2026,10-01-2026,Shipped,57487.25,
5001196,301643,516,29-04-2026,30-04-2026,Shipped,,
5001197,300274,511,03-05-2025,06-03-2025,Returned,58299.3,
5001198,301706,514,20-12-2025,30-12-2025,pending ,181534.15,
5001199,302925,506,28-02-2024,28-02-2024,delivered,27273.33,
5001200,301271,504,15-07-2024,07-22-2024,Delivered,34889.88,
5001201,300501,506,14-06-2026,20-06-2026,SHIPPED,58645.73,
5001202,300428,503,19-11-2023,29-11-2023,Shipped,,
5001203,302723,506,25-03-2026,25-03-2026,pending ,8345.32,
5001204,302405,523,17-02-2025,23-02-2025,delivered,,
5001205,301191,526,28-04-2023,09-05-2023,Pending,10710.25,
5001206,301192,508,15-05-2025,19-05-2025,Pending,93328.62,
5001207,301241,505,02-06-2026,06-06-2026,Returned,,
5001208,302699,528,22-02-2024,05-03-2024,SHIPPED,123161.45,
5001209,301204,505,23-03-2022,29-03-2022,Delivered,57933.55,
5001210,300919,539,16-12-2025,17-12-2025,Pending,136874.71,
5001211,300976,528,15-Apr-23,17-04-2023,Returned,24634.25,
5001212,301331,515,04-12-2022,10-12-2022,delivered,76468.08,
5001213,300040,503,07-08-2023,17-08-2023,pending ,78233.66,
5001214,302676,515,22-08-2021,26-08-2021,Cancelled,36363.39,
5001215,302592,501,01-10-2024,09-10-2024,pending ,164663.26,
5001216,302194,537,29-09-2025,10-10-2025,Delivered,,
5001217,300457,501,09-07-2023,20-07-2023,Returned,29560.27,
5001218,302617,532,31-03-2023,07-04-2023,Cancelled,80877.92,
5001219,301521,539,11-03-2026,17-03-2026,Shipped,28530.94,
5001220,302724,533,06-08-2025,08-08-2025,Cancelled,26976.9,
5001221,300314,531,13-11-2025,18-11-2025,Cancelled,38265.87,
5001222,301941,506,04-03-2021,05-03-2021,pending ,27131.28,
5001223,301101,502,08-06-2025,13-06-2025,delivered,93927.29,
5001224,300134,523,17-07-2026,26-07-2026,pending ,113938.02,
5001225,302990,525,16-03-2022,16-03-2022,Pending,37960.69,
5001226,301180,528,11-25-2021,26-11-2021,Delivered,25675.03,
5001227,302827,525,21-08-2025,28-08-2025,Delivered,23421.79,
5001228,302092,504,19-04-2026,01-05-2026,Pending,,
5001229,302736,530,24-12-2023,29-12-2023,Pending,120378.28,
5001230,300657,516,17-10-2024,19-10-2024,Pending,5622.86,
5001231,301419,514,08-06-2024,13-06-2024,Shipped,143298.71,
5001232,301740,530,11-03-2025,07-11-2025,pending ,5171.89,
5001233,302674,513,11-03-2026,16-03-2026,pending ,66331.14,
5001234,301042,507,30-01-2022,02-03-2022,Pending,82083.47,
5001235,300143,539,20-02-2025,27-02-2025,pending ,46958.84,
5001236,300269,540,06-24-2024,29-06-2024,Pending,95134.95,
5001237,302717,522,06-01-2026,01-16-2026,delivered,36734.1,
5001238,302823,536,08-07-2026,17-07-2026,Cancelled,40013.19,
5001239,301620,512,07-01-2026,14-01-2026,Cancelled,,
5001240,302133,507,08-04-2026,18-04-2026,Shipped,159473.61,
5001241,300981,507,08-01-2026,18-01-2026,pending ,1338.58,
5001242,301345,524,06-14-2024,24-06-2024,Returned,38655.21,
5001243,302152,519,22-02-2026,23-02-2026,Pending,84473.12,
5001244,300743,511,03-09-2022,11-09-2022,delivered,45740.56,
5001245,302884,531,11-05-2026,23-05-2026,Returned,37923.93,
5001246,300849,507,28-10-2024,28-10-2024,pending ,57997.71,
5001247,302127,531,03-03-2023,04-03-2023,SHIPPED,90850.61,
5001248,302269,509,21-07-2024,21-07-2024,Cancelled,29020.35,
5001249,301829,524,15-Jun-22,18-06-2022,Returned,334.35,
5001250,301106,536,15-07-2026,27-Jul-26,Returned,7306.16,
5001251,302663,515,11-10-2023,12-10-2023,Delivered,38502.82,
5001252,302750,537,09-09-2024,11-09-2024,Returned,17206.75,
5001253,300128,532,28-06-2025,28-06-2025,delivered,,
5001254,302663,534,02-03-2024,05-03-2024,Shipped,69046.21,
5001255,302733,533,05-06-2023,,Pending,3000.38,
5001256,302313,534,02-05-2023,05-02-2023,pending ,148045.14,
5001257,301972,511,25-06-2026,03-07-2026,pending ,89583.9,
5001258,300288,528,28-10-2023,29-10-2023,Cancelled,68186.28,
5001259,300887,529,19-06-2023,25-06-2023,pending ,12910.74,
5001260,300250,526,23-08-2025,26-08-2025,Shipped,53160.66,
5001261,300428,522,13-01-2026,16-01-2026,Shipped,111497.4,
5001262,300780,504,21-08-2024,28-08-2024,Delivered,35915.88,
5001263,300881,537,20-02-2026,23-02-2026,Pending,44062.92,
5001264,300209,519,09-06-2024,14-06-2024,Shipped,5472.34,
5001265,301603,518,30-08-2024,10-09-2024,Returned,95236.47,
5001266,301959,510,12-02-2023,24-Feb-23,delivered,91731.16,
5001267,300551,539,04-10-2024,,Cancelled,22337.3,
5001268,301576,540,10-Apr-26,12-04-2026,Delivered,65799.58,
5001269,302546,531,16-04-2024,26-04-2024,delivered,143910.88,
5001270,302849,501,17-May-24,25-05-2024,Returned,,
5001271,301138,528,30-06-2023,11-07-2023,Shipped,51148.5,
5001272,302987,517,06-23-2024,25-06-2024,delivered,13795.85,
5001273,300348,521,30-12-2023,11-01-2024,Delivered,107140.36,
5001274,300480,526,15-05-2026,27-05-2026,Cancelled,99766.7,
5001275,300146,505,26-08-2022,30-08-2022,delivered,,
5001276,302577,504,12-03-2025,19-03-2025,Returned,9014.59,
5001277,301776,520,19-09-2025,09-19-2025,Delivered,24380.22,
5001278,300093,527,12-07-2025,17-07-2025,Cancelled,131804.98,
5001279,301212,535,22-Jul-26,27-07-2026,Returned,117929.26,
5001280,301624,509,20-08-2025,26-08-2025,pending ,48982.66,
5001281,302468,506,04-04-2025,12-04-2025,SHIPPED,94876.12,
5001282,301446,524,05-18-2022,28-05-2022,Returned,5984.63,
5001283,300985,522,28-03-2024,04-04-2024,Shipped,45347.28,
5001284,302037,505,28-01-2025,07-02-2025,pending ,56635.13,
5001285,302957,525,15-06-2026,27-06-2026,Cancelled,,
5001286,300641,516,26-04-2026,05-03-2026,Returned,130542.82,
5001287,301540,527,24-03-2024,28-03-2024,Returned,76697.3,
5001288,301497,533,03-14-2026,26-03-2026,Pending,42219.74,
5001289,302083,505,23-04-2026,05-05-2026,Pending,13423.84,
5001290,301114,532,25-08-2025,03-Sep-25,delivered,71602.75,
5001291,302354,518,24-08-2025,28-08-2025,Returned,53561.21,
5001292,300082,537,12-10-2022,18-10-2022,Returned,103312.73,
5001293,301660,538,13-12-2023,24-12-2023,pending ,198.06,
5001294,302295,531,04-04-2025,11-04-2025,pending ,1267.37,
5001295,301713,537,28-03-2024,31-03-2024,Returned,55818.02,
5001296,300607,508,03-02-2024,11-02-2024,pending ,369.72,
5001297,301256,528,25-10-2023,31-10-2023,Delivered,579.35,
5001298,302835,506,08-03-2024,08-12-2024,Pending,29788.54,
5001299,301403,540,17-04-2025,24-04-2025,Delivered,113137.74,
5001300,302175,527,23-03-2025,03-30-2025,SHIPPED,50139.92,
5001301,300871,538,03-05-2026,09-05-2026,Returned,47615.14,
5001302,301825,531,02-09-2025,03-09-2025,pending ,127306.28,
5001303,301918,509,07-04-2022,18-04-2022,Returned,5834.23,
5001304,301049,503,08-01-2025,20-01-2025,delivered,23495.47,
5001305,301878,521,06-01-2026,12-01-2026,Returned,,
5001306,301095,518,30-07-2026,10-08-2026,pending ,64559.1,
5001307,301599,514,23-02-2025,28-02-2025,Delivered,,
5001308,302903,502,20-06-2025,25-06-2025,pending ,98273.38,
5001309,300658,531,21-02-2026,03-03-2026,pending ,46412.95,
5001310,301594,521,06-04-2025,14-04-2025,Returned,20051.74,
5001311,300646,526,24-07-2025,,SHIPPED,59977.06,
5001312,302500,502,28-05-2025,30-05-2025,Returned,,
5001313,301083,512,05-05-2025,17-05-2025,Returned,114569.91,
5001314,300806,524,01-02-2026,,SHIPPED,38333.08,
5001315,300421,523,04-03-2026,11-03-2026,Returned,127061.76,
5001316,300572,532,28-06-2024,02-07-2024,SHIPPED,102527.76,
5001317,300791,528,18-03-2026,18-03-2026,Pending,,
5001318,301406,512,21-12-2024,22-Dec-24,pending ,114338.97,
5001319,302172,531,19-05-2021,21-05-2021,Delivered,2773.59,
5001320,300087,505,03-07-2024,15-07-2024,Delivered,4470.7,
5001321,300580,531,03-09-2025,05-09-2025,Pending,,
5001322,301142,519,30-Mar-25,30-03-2025,delivered,87991.66,
5001323,302502,508,04-22-2026,03-05-2026,Returned,14271.44,
5001324,300162,505,25-Feb-24,04-03-2024,Shipped,27683.44,
5001325,301078,523,27-09-2025,28-09-2025,Delivered,80583.28,
5001326,300773,537,26-12-2024,06-01-2025,SHIPPED,50641.79,
5001327,301771,538,26-08-2025,29-08-2025,Cancelled,,
5001328,302285,514,08-07-2026,13-07-2026,Returned,76035.79,
5001329,300652,533,31-12-2025,03-01-2026,Returned,41438.89,
5001330,302572,504,08-01-2026,08-01-2026,pending ,7403.11,
5001331,301946,509,02-07-2025,03-07-2025,Shipped,33584.6,
5001332,301643,523,09-02-2024,,delivered,71289.22,
5001333,300811,528,01-17-2025,26-01-2025,Cancelled,,
5001334,302831,510,25-11-2025,03-12-2025,pending ,51078.03,
5001335,302414,533,27-12-2022,04-01-2023,Shipped,3568.34,
5001336,300703,529,20-10-2025,27-10-2025,SHIPPED,53492.58,
5001337,302526,504,26-11-2023,03-12-2023,Pending,,
5001338,302445,540,24-07-2025,30-07-2025,Returned,,
5001339,300411,521,03-11-2025,04-11-2025,Returned,121198.93,
5001340,300083,505,18-08-2024,18-08-2024,Pending,205257.25,
5001341,302438,516,26-09-2024,29-09-2024,Pending,82478.57,
5001342,301730,529,26-02-2026,27-02-2026,delivered,32305.12,
5001343,301302,506,03-09-2025,08-09-2025,Delivered,,
5001344,300467,521,03-11-2025,08-11-2025,Shipped,118940.73,
5001345,300897,504,23-02-2026,06-Mar-26,Returned,138532.27,
5001346,302324,506,14-12-2022,21-12-2022,pending ,196869.31,
5001347,300956,512,31-01-2022,11-02-2022,pending ,64152.95,
5001348,300873,514,20-08-2025,29-08-2025,Delivered,63373.3,
5001349,300342,507,30-03-2024,03-04-2024,Shipped,3670.97,
5001350,302260,511,11-10-2024,13-10-2024,Returned,62844.26,
5001351,300064,527,17-10-2024,25-10-2024,SHIPPED,90497.09,
5001352,301651,511,20-01-2024,25-01-2024,Returned,,
5001353,301023,535,17-09-2023,21-09-2023,Delivered,138237.49,
5001354,301241,504,12-08-2024,17-08-2024,Shipped,54306.18,
5001355,302344,540,11-08-2025,21-08-2025,Pending,40770.53,
5001356,301974,539,20-11-2023,02-12-2023,pending ,48093.26,
5001357,301986,527,22-03-2026,,delivered,66581.35,
5001358,301541,521,12-07-2024,07-12-2024,SHIPPED,98208.28,
5001359,301069,525,15-03-2025,19-03-2025,SHIPPED,139334.31,
5001360,300450,532,23-05-2026,27-05-2026,Pending,13876.42,
5001361,302043,507,22-12-2025,26-12-2025,Shipped,196394.41,
5001362,301568,524,15-03-2022,15-03-2022,delivered,20266.21,
5001363,301451,503,25-09-2025,01-10-2025,delivered,22553.94,
5001364,300192,518,25-11-2022,26-11-2022,Returned,21729.15,
5001365,300563,510,12-09-2025,19-09-2025,delivered,43786.95,
5001366,300179,522,16-11-2021,19-11-2021,SHIPPED,,
5001367,300725,533,25-03-2026,03-04-2026,Returned,75450.54,
5001368,300586,505,18-12-2023,27-12-2023,Delivered,68305.13,
5001369,301824,535,06-Oct-24,16-10-2024,Returned,78573.18,
5001370,300901,524,26-12-2025,28-12-2025,pending ,33786.52,
5001371,301604,507,26-08-2025,31-08-2025,Shipped,91836,
5001372,301321,502,01-Feb-23,07-02-2023,Shipped,30807.77,
5001373,302910,501,27-12-2020,01-03-2021,delivered,3222.49,
5001374,301486,528,11-02-2025,21-02-2025,Delivered,41775.88,
5001375,301776,532,29-11-2025,30-11-2025,Cancelled,169934.03,
5001376,301227,508,26-05-2026,26-05-2026,Pending,39700.94,
5001377,300454,511,22-08-2023,24-08-2023,Cancelled,58948.12,
5001378,300804,530,23-03-2024,27-03-2024,Pending,69274.84,
5001379,302814,503,26-01-2026,04-02-2026,pending ,68266.34,
5001380,302573,538,04-10-2025,12-10-2025,Shipped,,
5001381,300723,511,27-12-2024,02-01-2025,SHIPPED,85900.27,
5001382,300394,501,06-05-2026,13-06-2026,Delivered,92533.57,
5001383,300287,511,10-07-2024,21-07-2024,pending ,45946.29,
5001384,300256,524,03-06-2024,12-06-2024,Shipped,27145.44,
5001385,301303,526,19-12-2024,25-12-2024,SHIPPED,66948.99,
5001386,300622,526,30-10-2025,04-11-2025,Cancelled,88821.02,
5001387,301581,509,07-08-2023,10-08-2023,pending ,-3654.75,
5001388,300771,504,09-10-2024,11-10-2024,Delivered,56157.58,
5001389,302252,525,26-05-2022,26-05-2022,pending ,18.88,
5001390,300837,536,02-07-2026,03-07-2026,Cancelled,64183.54,
5001391,302606,508,10-04-2024,10-04-2024,delivered,150540.64,
5001392,302212,533,07-09-2023,10-09-2023,Cancelled,,
5001393,300112,501,16-02-2026,16-02-2026,SHIPPED,178502.2,
5001394,300006,503,13-07-2026,22-07-2026,pending ,33574.12,
5001395,301528,519,04-12-2020,13-12-2020,delivered,,
5001396,302272,504,23-01-2025,23-Jan-25,SHIPPED,,
5001397,301077,508,29-06-2024,29-06-2024,delivered,33437.7,
5001398,302583,504,14-07-2026,15-07-2026,delivered,79977.69,
5001399,302011,520,25-07-2025,08-02-2025,Pending,,
5001400,301986,502,11-09-2025,17-11-2025,pending ,28100.6,
5001401,300671,521,26-07-2023,07-26-2023,Shipped,60379.88,
5001402,301310,504,12-Jan-26,17-Jan-26,pending ,74864.34,
5001403,302755,501,08-09-2025,09-09-2025,Shipped,33327.79,
5001404,302174,506,24-11-2023,29-11-2023,Shipped,24690.29,
5001405,300521,501,22-05-2022,01-06-2022,delivered,51194.06,
5001406,300278,528,06-11-2025,09-11-2025,pending ,,
5001407,301668,525,07-06-2024,16-06-2024,pending ,,
5001408,302506,503,16-11-2024,18-11-2024,Delivered,3987.91,
5001409,301538,524,22-09-2023,28-09-2023,Pending,71069.44,
5001410,301236,514,19-04-2022,28-04-2022,Pending,26725.52,
5001411,302643,535,12-11-2025,13-11-2025,SHIPPED,16066.46,
5001412,302370,513,15-01-2024,18-01-2024,Cancelled,235779.43,
5001413,300345,520,23-12-2025,28-12-2025,Returned,24362.76,
5001414,301528,536,08-02-2025,07-08-2025,Returned,40403.6,
5001415,301563,507,16-07-2023,25-07-2023,SHIPPED,142796.75,
5001416,300935,503,01-06-2025,01-06-2025,Cancelled,8591.93,
5001417,300986,534,12-02-2025,24-02-2025,SHIPPED,,
5001418,300017,510,09-12-2025,18-12-2025,pending ,,
5001419,300067,501,13-06-2025,,SHIPPED,62106.53,
5001420,301555,533,12-01-2026,12-01-2026,SHIPPED,,
5001421,300176,530,13-06-2023,24-06-2023,SHIPPED,235420.94,
5001422,300830,533,27-01-2025,,pending ,3546.95,
5001423,300793,504,04-05-2024,16-05-2024,Cancelled,58166.37,
5001424,300778,503,29-07-2026,29-07-2026,pending ,85402.56,
5001425,300207,530,10-04-2026,18-04-2026,Shipped,56514.29,
5001426,300014,533,12-04-2026,24-04-2026,Cancelled,58590.2,
5001427,301654,534,06-04-2026,16-04-2026,SHIPPED,109144.76,
5001428,300047,525,26-01-2021,01-02-2021,Shipped,105799.41,
5001429,300654,538,12-04-2026,,Pending,111423.41,
5001430,301514,535,10-11-2025,16-11-2025,SHIPPED,42275.26,
5001431,302237,505,05-07-2026,16-May-26,pending ,90167.62,
5001432,300035,508,09-09-2025,,Returned,31430.77,
5001433,302289,501,19-04-2026,24-04-2026,pending ,62877.08,
5001434,302257,503,19-07-2025,31-07-2025,Cancelled,46778.91,
5001435,300789,527,12-09-2023,17-09-2023,pending ,124.62,
5001436,302599,525,22-10-2022,23-10-2022,Delivered,106248.98,
5001437,301730,527,26-04-2026,01-05-2026,pending ,63395.95,
5001438,302603,515,05-06-2025,13-06-2025,Cancelled,,
5001439,301824,512,24-07-2025,03-08-2025,Cancelled,132769.47,
5001440,301798,509,28-06-2022,06-07-2022,delivered,297064.41,
5001441,301311,535,27-12-2025,28-12-2025,Cancelled,16503.16,
5001442,302927,519,12-01-2024,13-01-2024,SHIPPED,0,
5001443,300564,531,12-02-2025,16-02-2025,Cancelled,90454.14,
5001444,300456,535,06-07-2026,09-Jul-26,SHIPPED,5177.48,
5001445,301781,503,19-05-2025,19-05-2025,Returned,,
5001446,302929,517,11-Mar-26,23-03-2026,SHIPPED,123815.18,
5001447,301582,508,04-07-2024,15-07-2024,SHIPPED,25470.92,
5001448,301405,509,30-09-2024,05-10-2024,Returned,201176.74,
5001449,301369,528,03-10-2025,05-10-2025,Delivered,28306.36,
5001450,301898,509,22-04-2024,28-04-2024,SHIPPED,0,
5001451,302729,507,27-02-2021,11-03-2021,Pending,23190.9,
5001452,301796,515,18-06-2025,28-06-2025,Cancelled,9492.96,
5001453,302524,513,11-03-2023,21-03-2023,Pending,111324.93,
5001454,300636,517,18-04-2025,26-Apr-25,SHIPPED,41201.79,
5001455,300356,515,17-08-2021,22-08-2021,Delivered,73269.82,
5001456,302292,513,15-05-2024,16-05-2024,Pending,134232.33,
5001457,301682,531,20-Oct-21,25-10-2021,Pending,12959.41,
5001458,301753,519,14-10-2023,24-10-2023,SHIPPED,14381.3,
5001459,300310,539,31-05-2025,09-06-2025,Shipped,64983.91,
5001460,301761,523,11-11-2025,20-11-2025,Returned,92842.67,
5001461,302951,503,11-04-2024,18-04-2024,SHIPPED,13506.02,
5001462,300534,532,09-12-2024,21-12-2024,delivered,103088.6,
5001463,300741,509,02-02-2026,12-02-2026,pending ,91729.5,
5001464,302812,504,13-Aug-23,16-08-2023,delivered,12953.16,
5001465,301638,507,06-06-2026,,SHIPPED,0,
5001466,300270,532,27-07-2024,06-08-2024,delivered,228854.21,
5001467,300138,527,10-12-2021,12-12-2021,Returned,101246.68,
5001468,301005,537,08-01-2026,20-01-2026,SHIPPED,151499.3,
5001469,302760,504,06-10-2024,09-10-2024,Returned,112403.63,
5001470,300326,527,13-03-2024,,delivered,20708.22,
5001471,300788,535,02-09-2025,07-09-2025,pending ,160811.13,
5001472,301297,512,07-15-2024,26-07-2024,Pending,52278.07,
5001473,302169,515,12-01-2025,,SHIPPED,50341.89,
5001474,301122,502,28-04-2024,01-05-2024,pending ,97924.91,
5001475,301876,519,19-11-2024,23-11-2024,Pending,123219.93,
5001476,302430,520,18-05-2026,25-05-2026,pending ,34787.29,
5001477,302840,519,21-06-2026,21-06-2026,pending ,31519.25,
5001478,301862,517,12-05-2024,24-05-2024,pending ,,
5001479,300616,514,21-07-2026,25-07-2026,Shipped,,
5001480,300090,539,20-03-2025,28-03-2025,Pending,97154,
5001481,302372,516,24-09-2025,04-10-2025,SHIPPED,111643.06,
5001482,301457,523,16-06-2026,23-06-2026,Returned,16519.01,
5001483,302113,505,05-05-2026,,pending ,2365.24,
5001484,302310,524,16-10-2021,24-10-2021,delivered,46135.52,
5001485,301552,508,10-09-2025,22-09-2025,Returned,55056.24,
5001486,301128,530,25-09-2023,03-10-2023,Cancelled,25687.57,
5001487,300292,538,12-05-2024,22-05-2024,pending ,20499.19,
5001488,302212,518,31-Mar-26,09-04-2026,Shipped,,
5001489,300640,511,18-03-2025,03-19-2025,Pending,,
5001490,300388,533,27-08-2025,31-08-2025,Cancelled,,
5001491,301903,504,08-12-2025,13-12-2025,delivered,73025.93,
5001492,302644,502,12-05-2026,14-05-2026,pending ,3637.92,
5001493,301658,517,09-08-2025,21-08-2025,SHIPPED,90241.92,
5001494,301371,510,02-01-2026,,Delivered,-4891.74,
5001495,301046,532,28-02-2026,,Cancelled,68423.14,
5001496,301807,534,01-02-2026,11-02-2026,Cancelled,102346.19,
5001497,302541,540,17-05-2026,20-05-2026,Returned,156582.7,
5001498,301483,518,31-05-2024,10-06-2024,Cancelled,,
5001499,302077,529,25-05-2024,03-06-2024,Pending,152.14,
5001500,302477,507,01-08-2022,01-13-2022,pending ,13186.21,
5001501,302226,507,24-04-2026,29-04-2026,Shipped,16223.32,
5001502,302653,537,02-02-2024,05-02-2024,pending ,100536.13,
5001503,301350,505,10-11-2025,16-11-2025,SHIPPED,35423.29,
5001504,301478,504,11-12-2025,23-12-2025,Pending,118621.07,
5001505,302043,528,21-02-2026,02-03-2026,pending ,,
5001506,300232,501,07-30-2026,09-08-2026,Delivered,8740.22,
5001507,302662,513,06-06-2025,17-06-2025,SHIPPED,,
5001508,302450,511,24-08-2023,31-08-2023,Pending,23336.09,
5001509,302904,519,30-01-2025,11-Feb-25,pending ,38650.68,
5001510,301300,506,09-05-2025,10-09-2025,Cancelled,84044.64,
5001511,302208,509,17-02-2026,17-02-2026,Cancelled,176202.32,
5001512,300398,520,15-07-2024,24-07-2024,Shipped,30581.6,
5001513,302432,525,27-05-2026,01-06-2026,SHIPPED,85077.24,
5001514,300721,517,01-04-2026,09-04-2026,Pending,55877.74,
5001515,302020,505,27-10-2024,03-11-2024,SHIPPED,147090.69,
5001516,302163,501,29-07-2025,29-07-2025,delivered,59709.88,
5001517,300364,508,03-Sep-25,06-09-2025,Delivered,151770.13,
5001518,301954,538,22-04-2025,26-04-2025,SHIPPED,81021.87,
5001519,300317,527,10-10-2025,21-10-2025,Delivered,29151.62,
5001520,300378,522,04-11-2025,08-11-2025,Shipped,71373.7,
5001521,300005,526,14-04-2025,19-04-2025,pending ,107969.58,
5001522,301517,526,12-10-2023,19-10-2023,pending ,0,
5001523,301965,506,11-23-2024,28-11-2024,Pending,37420.64,
5001524,300989,504,10-11-2025,14-11-2025,Pending,52846.51,
5001525,300481,532,13-04-2024,19-04-2024,delivered,149824.94,
5001526,300903,530,13-06-2026,25-06-2026,Returned,102329.28,
5001527,300676,539,13-10-2024,,Shipped,14629.15,
5001528,302601,510,28-08-2025,28-08-2025,SHIPPED,15711.35,
5001529,300457,504,29-11-2024,29-11-2024,Cancelled,2806.18,
5001530,301776,504,31-12-2025,31-Dec-25,pending ,139149.64,
5001531,302494,513,31-10-2023,09-11-2023,Delivered,151231.45,
5001532,302326,540,23-07-2026,23-07-2026,SHIPPED,,
5001533,300284,510,11-02-2024,19-02-2024,pending ,,
5001534,302217,520,27-03-2024,03-04-2024,Pending,150950.29,
5001535,301049,530,27-08-2024,02-09-2024,SHIPPED,78880.06,
5001536,300725,517,01-05-2026,03-05-2026,Delivered,66658.11,
5001537,302335,505,11-08-2025,15-08-2025,delivered,54662.17,
5001538,300066,513,22-10-2025,03-11-2025,Pending,6320,
5001539,302978,506,18-06-2026,23-06-2026,Shipped,58622.42,
5001540,301135,535,06-05-2025,13-06-2025,SHIPPED,3383.63,
5001541,301264,516,10-04-2025,04-16-2025,Pending,,
5001542,302720,507,02-03-2025,11-03-2025,Shipped,54927.88,
5001543,300913,540,19-03-2022,20-03-2022,SHIPPED,111642.61,
5001544,302377,502,24-05-2026,,Delivered,11274.22,
5001545,301245,520,05-28-2025,01-06-2025,Shipped,79208.02,
5001546,301346,539,29-04-2024,08-05-2024,Shipped,159161.94,
5001547,302549,511,27-07-2025,04-Aug-25,Delivered,67528.74,
5001548,302624,534,29-10-2024,02-Nov-24,SHIPPED,30371.78,
5001549,300394,531,07-12-2025,22-07-2025,SHIPPED,39393.24,
5001550,301921,536,23-05-2021,28-05-2021,delivered,36334.73,
5001551,302271,518,18-07-2024,18-07-2024,pending ,132762.4,
5001552,302916,538,07-02-2026,12-02-2026,Delivered,53450.41,
5001553,300945,513,05-09-2023,06-09-2023,SHIPPED,17445.69,
5001554,300379,523,23-06-2025,02-07-2025,Returned,,
5001555,302502,530,10-06-2025,20-06-2025,delivered,45366.56,
5001556,302073,512,19-08-2023,20-08-2023,Pending,,
5001557,301653,514,24-06-2022,03-07-2022,pending ,130284.94,
5001558,301992,504,10-05-2026,19-05-2026,SHIPPED,14157.22,
5001559,302074,516,07-08-2022,18-08-2022,Cancelled,13682.08,
5001560,302844,517,31-07-2024,08-02-2024,delivered,110642.27,
5001561,301955,539,27-09-2025,28-09-2025,Shipped,70327.03,
5001562,300864,524,13-06-2026,25-06-2026,pending ,23187.3,
5001563,301482,533,18-10-2023,10-27-2023,Pending,39672.43,
5001564,301310,515,01-06-2025,04-06-2025,delivered,95214.6,
5001565,301977,528,31-05-2026,06-06-2026,Cancelled,39269.01,
5001566,301532,501,26-09-2023,30-09-2023,delivered,,
5001567,302951,503,25-10-2025,10-29-2025,Delivered,91871.11,
5001568,301950,534,23-07-2024,28-07-2024,Pending,54340.69,
5001569,302362,529,03-01-2025,,Pending,57602.43,
5001570,302581,533,19-01-2025,30-01-2025,delivered,88798.83,
5001571,301443,509,10-05-2026,12-05-2026,Shipped,148730.99,
5001572,301675,524,08-05-2024,09-05-2024,pending ,39641.09,
5001573,300101,520,09-07-2023,13-07-2023,delivered,63399.31,
5001574,301556,535,10-04-2026,20-04-2026,Shipped,,
5001575,300969,538,22-10-2024,29-10-2024,delivered,23341.98,
5001576,301017,512,05-04-2024,14-04-2024,Pending,55443.4,
5001577,302886,515,01-06-2023,10-06-2023,pending ,45730.91,
5001578,302818,524,28-04-2025,10-05-2025,SHIPPED,91872.65,
5001579,301106,522,05-02-2025,15-02-2025,Pending,,
5001580,300628,535,30-03-2023,09-04-2023,SHIPPED,15629.05,
5001581,301051,518,18-11-2024,20-11-2024,SHIPPED,113367.57,
5001582,300500,534,16-02-2024,17-02-2024,SHIPPED,,
5001583,300182,537,03-08-2025,13-08-2025,delivered,18822.77,
5001584,300305,525,24-04-2021,02-05-2021,Shipped,9163.49,
5001585,301562,538,19-11-2024,30-11-2024,Pending,,
5001586,301986,524,02-06-2026,14-06-2026,Cancelled,88152.77,
5001587,301727,513,13-05-2026,18-05-2026,SHIPPED,51673.36,
5001588,300722,503,04-01-2026,10-01-2026,delivered,,
5001589,300689,534,21-01-2026,30-01-2026,SHIPPED,79480.79,
5001590,300128,505,23-09-2025,23-09-2025,Pending,,
5001591,300837,502,06-02-2025,12-02-2025,delivered,116836.74,
5001592,302288,519,07-05-2026,19-05-2026,pending ,34471.59,
5001593,300551,508,26-11-2025,28-11-2025,pending ,,
5001594,302031,527,31-07-2026,08-08-2026,Shipped,,
5001595,302930,505,12-07-2025,15-12-2025,Returned,38164.8,
5001596,302861,503,12-08-2022,19-08-2022,SHIPPED,84786.68,
5001597,302100,512,05-08-2025,06-08-2025,Shipped,51477.49,
5001598,302153,531,14-04-2026,16-04-2026,Cancelled,94871.46,
5001599,300430,511,08-11-2024,13-11-2024,SHIPPED,,
5001600,300031,504,04-04-2023,07-04-2023,Shipped,47555.39,
5001601,301835,520,16-08-2025,19-08-2025,delivered,66256.61,
5001602,302155,536,12-11-2025,13-11-2025,Pending,64023.26,
5001603,300100,514,18-06-2025,,SHIPPED,168500.94,
5001604,301410,530,10-02-2025,02-16-2025,Cancelled,,
5001605,300397,502,26-07-2023,27-07-2023,Pending,27836.21,
5001606,301327,515,10-08-2021,20-08-2021,Delivered,80358.44,
5001607,300308,529,03-01-2025,05-01-2025,Returned,173604.92,
5001608,300021,518,23-08-2022,29-08-2022,Delivered,72305.03,
5001609,301907,510,07-17-2025,19-07-2025,Delivered,128846.39,
5001610,301778,514,05-12-2025,10-12-2025,delivered,102889.42,
5001611,300112,526,07-07-2022,07-13-2022,SHIPPED,56824.15,
5001612,300490,516,16-05-2025,,Shipped,47136.14,
5001613,302987,507,13-Nov-23,23-11-2023,Delivered,1162.61,
5001614,302403,519,15-09-2025,22-09-2025,Cancelled,54233.56,
5001615,301385,527,08-07-2025,11-Jul-25,Cancelled,101843.55,
5001616,302708,531,13-11-2024,16-11-2024,Delivered,96188.09,
5001617,302878,502,23-12-2022,27-12-2022,pending ,10607.02,
5001618,301477,506,26-10-2023,01-11-2023,Returned,66700.34,
5001619,301603,501,03-03-2025,15-03-2025,delivered,,
5001620,301478,519,11-08-2025,22-08-2025,Shipped,39481.07,
5001621,302645,509,12-06-2020,06-12-2020,SHIPPED,31634.49,
5001622,300065,539,30-01-2026,02-06-2026,Shipped,178828.92,
5001623,302370,525,18-08-2022,25-08-2022,Delivered,71178.66,
5001624,301150,507,13-10-2025,23-10-2025,Returned,159007.52,
5001625,300804,539,19-12-2025,24-12-2025,pending ,56411.95,
5001626,300675,510,21-01-2023,25-01-2023,pending ,8237.11,
5001627,300330,515,18-06-2023,28-06-2023,SHIPPED,71054.15,
5001628,301210,517,30-08-2021,01-09-2021,pending ,98535.43,
5001629,300472,519,19-04-2026,20-04-2026,delivered,19132,
5001630,301455,536,06-11-2021,06-11-2021,delivered,103195.35,
5001631,301250,513,03-04-2026,09-04-2026,pending ,41719.55,
5001632,302818,538,28-11-2021,04-12-2021,Pending,90944.59,
5001633,301070,504,25-12-2024,26-12-2024,Returned,38208.71,
5001634,301811,510,02-15-2025,21-02-2025,SHIPPED,207645.77,
5001635,300053,512,28-07-2024,02-08-2024,Shipped,201527.76,
5001636,300771,506,30-01-2025,01-02-2025,delivered,166075.4,
5001637,301226,532,06-Apr-24,16-04-2024,pending ,79386.58,
5001638,302516,523,28-12-2021,01-01-2022,pending ,54830.98,
5001639,300770,514,15-04-2025,24-04-2025,Shipped,37269.86,
5001640,300108,535,25-07-2026,03-08-2026,delivered,22044.01,
5001641,301778,507,15-07-2026,15-07-2026,Returned,47753.01,
5001642,301583,527,08-04-2025,15-04-2025,delivered,102310.53,
5001643,301567,522,25-09-2023,03-10-2023,Shipped,0,
5001644,302658,520,01-06-2026,10-Jun-26,Delivered,-2940.43,
5001645,302377,511,02-18-2025,19-02-2025,Shipped,107418.04,
5001646,301028,534,25-05-2024,27-05-2024,Delivered,47583.88,
5001647,301009,535,24-10-2022,29-10-2022,Delivered,,
5001648,301430,534,12-10-2025,24-10-2025,Delivered,17883.06,
5001649,301388,501,27-11-2025,04-12-2025,Delivered,19485.83,
5001650,300930,534,21-09-2025,22-09-2025,pending ,,
5001651,301646,510,22-08-2025,23-08-2025,Delivered,6756.73,
5001652,301346,532,02-02-2024,11-02-2024,pending ,54738.59,
5001653,301202,523,14-Jul-25,18-07-2025,Shipped,40619.93,
5001654,301268,533,30-12-2022,05-01-2023,Returned,,
5001655,301007,521,02-01-2023,07-01-2023,delivered,10765.55,
5001656,302456,540,23-Apr-24,29-04-2024,pending ,,
5001657,300895,517,23-07-2025,30-07-2025,Delivered,49209.35,
5001658,301338,526,26-02-2026,03-08-2026,Shipped,14192.22,
5001659,302807,520,19-01-2024,26-01-2024,Cancelled,65403.35,
5001660,300616,529,09-07-2026,20-07-2026,SHIPPED,67178.39,
5001661,300137,506,28-04-2025,05-05-2025,Pending,-2308.09,
5001662,300974,516,24-06-2025,05-07-2025,Delivered,83660.48,
5001663,300276,505,06-05-2023,10-May-23,Shipped,19215.25,
5001664,301792,536,01-23-2026,24-01-2026,Pending,105892.22,
5001665,300104,514,29-11-2024,07-12-2024,Cancelled,-10128.05,
5001666,301409,508,28-09-2023,03-10-2023,SHIPPED,47515.39,
5001667,301251,513,20-03-2025,21-03-2025,delivered,61028.65,
5001668,302427,526,03-08-2024,08-10-2024,Cancelled,94216.18,
5001669,302248,503,02-12-2022,10-12-2022,Shipped,9376.16,
5001670,301658,528,17-11-2025,,Delivered,87001.27,
5001671,302777,505,30-03-2025,08-04-2025,SHIPPED,23646.44,
5001672,302932,536,01-12-2022,03-12-2022,Returned,57177.21,
5001673,302837,503,19-05-2024,31-05-2024,SHIPPED,,
5001674,300826,517,25-12-2021,05-01-2022,Pending,78518.76,
5001675,302415,513,25-07-2026,25-07-2026,Delivered,37310.64,
5001676,302631,515,06-06-2026,07-06-2026,pending ,61620.99,
5001677,301690,538,11-Jul-24,18-07-2024,Shipped,28032.37,
5001678,300834,515,24-02-2026,03-03-2026,Pending,74891.41,
5001679,302604,536,27-01-2025,28-01-2025,Pending,37261.48,
5001680,301496,535,01-Aug-26,03-08-2026,SHIPPED,,
5001681,300211,516,17-Aug-25,21-08-2025,pending ,27303.48,
5001682,301654,510,20-08-2025,24-08-2025,SHIPPED,19652.59,
5001683,302831,534,28-06-2023,28-06-2023,SHIPPED,,
5001684,301970,505,02-05-2026,10-05-2026,Cancelled,88082.44,
5001685,302465,535,31-01-2026,10-02-2026,Delivered,101251.83,
5001686,302279,512,11-05-2025,21-May-25,delivered,64395.7,
5001687,301024,521,18-08-2025,30-08-2025,Pending,69865.48,
5001688,300996,503,05-10-2022,15-10-2022,Shipped,31343.35,
5001689,302782,522,26-09-2021,06-10-2021,Pending,,
5001690,300947,525,11-07-2023,07-11-2023,Delivered,53279.3,
5001691,300347,505,02-03-2024,03-10-2024,pending ,117723.68,
5001692,300431,511,17-04-2026,,SHIPPED,153798.34,
5001693,300525,536,08-05-2025,16-May-25,SHIPPED,162051.36,
5001694,302878,531,22-04-2023,04-05-2023,pending ,67978.97,
5001695,301669,527,07-10-2023,10-10-2023,delivered,6361.1,
5001696,302624,516,30-10-2022,11-08-2022,pending ,75083.19,
5001697,301196,527,10-09-2024,14-09-2024,SHIPPED,74666.95,
5001698,301658,516,07-05-2026,14-05-2026,SHIPPED,38572.74,
5001699,300351,518,14-10-2025,19-10-2025,pending ,88426.56,
5001700,302149,537,20-02-2023,01-03-2023,Cancelled,,
5001701,301696,535,09-01-2024,21-01-2024,pending ,3262.02,
5001702,301195,535,20-Jan-26,22-01-2026,Returned,33528.02,
5001703,301094,501,30-04-2025,06-05-2025,pending ,90398.56,
5001704,302118,540,12-02-2022,21-02-2022,SHIPPED,9050.15,
5001705,300445,501,25-03-2026,01-04-2026,Pending,,
5001706,302413,501,15-12-2024,27-12-2024,Delivered,16841.45,
5001707,301246,532,21-10-2022,31-10-2022,SHIPPED,113454.91,
5001708,301306,508,22-06-2024,,Shipped,,
5001709,302518,501,24-04-2026,05-05-2026,Cancelled,59904.68,
5001710,302779,516,30-Apr-25,04-05-2025,Returned,,
5001711,300744,503,18-10-2024,24-10-2024,delivered,128067.59,
5001712,301945,534,27-11-2024,07-12-2024,pending ,67906.49,
5001713,302743,501,07-30-2026,05-08-2026,pending ,235946.92,
5001714,300861,519,22-09-2025,01-10-2025,SHIPPED,64898.62,
5001715,301555,527,12-04-2024,04-24-2024,Cancelled,30506.32,
5001716,300325,525,26-08-2025,07-09-2025,delivered,111916.96,
5001717,301543,530,05-12-2025,06-12-2025,Cancelled,22574.51,
5001718,302829,540,08-09-2025,13-09-2025,delivered,43354.98,
5001719,301077,502,19-08-2024,22-08-2024,SHIPPED,68360.92,
5001720,300088,513,30-06-2024,08-07-2024,Returned,19438.47,
5001721,302491,538,30-08-2025,08-09-2025,Shipped,194326.87,
5001722,302105,521,06-09-2024,06-09-2024,Delivered,55907.83,
5001723,300791,515,24-06-2025,02-07-2025,Pending,58558.1,
5001724,301599,537,12-07-2023,19-07-2023,Pending,28200,
5001725,302683,514,18-01-2026,27-01-2026,Cancelled,,
5001726,300288,511,03-08-2025,06-08-2025,delivered,32237.46,
5001727,301354,539,28-04-2026,28-04-2026,delivered,87703.31,
5001728,301643,536,23-05-2025,26-05-2025,delivered,60311.61,
5001729,301830,529,30-08-2025,09-09-2025,Returned,111687.06,
5001730,300406,526,24-08-2025,31-08-2025,delivered,26490.04,
5001731,302376,513,03-11-2024,14-11-2024,SHIPPED,,
5001732,301964,530,29-04-2022,05-05-2022,pending ,,
5001733,302387,509,02-09-2023,,delivered,27877.16,
5001734,301082,502,01-12-2024,09-12-2024,Returned,6968.3,
5001735,301222,536,25-Apr-22,03-05-2022,Returned,132953.45,
5001736,300496,525,29-12-2024,02-01-2025,SHIPPED,106656.9,
5001737,302468,534,12-06-2023,20-06-2023,Shipped,142925.83,
5001738,301217,535,11-12-2024,16-12-2024,Returned,2339.55,
5001739,302499,519,09-05-2025,13-05-2025,pending ,1688,
5001740,300565,520,29-May-24,06-09-2024,Returned,56283.59,
5001741,301885,536,17-06-2025,17-06-2025,Cancelled,23689.06,
5001742,302503,517,27-05-2024,27-05-2024,Delivered,80957.13,
5001743,300936,527,08-12-2024,17-12-2024,delivered,3163.27,
5001744,302192,531,03-06-2026,14-06-2026,Cancelled,18076.92,
5001745,302461,521,27-02-2024,05-03-2024,pending ,54775.47,
5001746,302833,526,15-09-2024,16-09-2024,pending ,163346.73,
5001747,300275,526,19-07-2026,25-07-2026,SHIPPED,94065.27,
5001748,300287,515,10-07-2024,22-07-2024,Shipped,,
5001749,300991,513,19-06-2023,01-07-2023,SHIPPED,21316.78,
5001750,301242,540,30-11-2023,06-12-2023,pending ,55115.96,
5001751,301854,521,06-04-2024,10-04-2024,Cancelled,75731.56,
5001752,301052,522,05-Nov-25,07-11-2025,Delivered,89539.97,
5001753,302216,503,11-01-2026,22-01-2026,Pending,165732.46,
5001754,302182,502,07-06-2024,16-06-2024,SHIPPED,,
5001755,301317,519,10-03-2025,16-03-2025,Delivered,82248.34,
5001756,300158,539,08-07-2023,08-10-2023,Delivered,108874.5,
5001757,301116,521,19-12-2024,24-12-2024,Pending,142393.49,
5001758,301894,534,02-07-2023,03-Jul-23,Cancelled,64087.52,
5001759,300990,516,01-08-2024,07-08-2024,Pending,73398.2,
5001760,300082,536,11-04-2023,23-04-2023,SHIPPED,16941.05,
5001761,300344,512,04-10-2024,15-Oct-24,Returned,97364.4,
5001762,300268,514,20-Dec-21,24-12-2021,Pending,10806.54,
5001763,302616,524,09-04-2025,12-04-2025,delivered,112772.08,
5001764,302872,519,02-07-2025,03-07-2025,Returned,84219.69,
5001765,301685,512,01-02-2026,05-02-2026,Shipped,5184.69,
5001766,301230,522,30-09-2024,05-10-2024,Pending,,
5001767,301405,528,27-09-2024,05-10-2024,Delivered,97396.22,
5001768,302034,506,29-11-2025,02-12-2025,Returned,79901.39,
5001769,302915,522,22-12-2025,25-12-2025,Delivered,12950.45,
5001770,301898,540,06-12-2024,17-12-2024,Pending,21991,
5001771,302744,504,05-08-2023,15-08-2023,SHIPPED,51740.73,
5001772,302919,505,15-07-2025,21-07-2025,SHIPPED,120860.13,
5001773,300446,540,24-05-2025,04-06-2025,Cancelled,39768.41,
5001774,302619,510,07-11-2025,19-11-2025,Returned,43966.76,
5001775,301551,515,24-12-2025,02-01-2026,Pending,89175.42,
5001776,302241,521,28-07-2023,28-07-2023,Cancelled,23727.13,
5001777,300441,523,06-06-2026,06-06-2026,Cancelled,36458.35,
5001778,300062,513,10-01-2024,10-01-2024,Cancelled,27836.04,
5001779,300763,540,03-07-2025,13-03-2025,delivered,206184.23,
5001780,302896,525,19-02-2026,27-02-2026,SHIPPED,47247.25,
5001781,301414,535,29-08-2025,10-09-2025,Returned,40811.6,
5001782,300851,502,05-15-2024,20-05-2024,pending ,2652.88,
5001783,302174,534,30-12-2022,30-12-2022,pending ,4213.17,
5001784,300738,516,24-05-2025,01-06-2025,SHIPPED,12958.27,
5001785,301481,538,04-05-2026,14-05-2026,Delivered,21224.88,
5001786,301847,522,28-08-2025,30-08-2025,SHIPPED,,
5001787,302623,501,17-05-2025,19-05-2025,pending ,71867.96,
5001788,301461,529,19-12-2025,19-12-2025,Delivered,12813.01,
5001789,302722,503,01-09-2022,11-Sep-22,Delivered,9282.95,
5001790,301896,514,06-12-2023,16-12-2023,Returned,74456.79,
5001791,301967,513,03-04-2026,04-03-2026,Returned,69991.52,
5001792,300054,516,07-03-2026,16-03-2026,Delivered,58054.68,
5001793,300495,512,16-02-2022,19-02-2022,Pending,149878.73,
5001794,302501,505,27-10-2025,05-11-2025,Pending,30406.34,
5001795,301776,526,10-12-2024,16-12-2024,pending ,118165.2,
5001796,302845,523,16-11-2024,21-11-2024,Cancelled,82225.98,
5001797,300436,513,09-May-26,,Shipped,9705.05,
5001798,302604,515,13-04-2025,18-Apr-25,Returned,,
5001799,300285,525,01-03-2025,05-Mar-25,Delivered,,
5001800,301216,536,24-Aug-25,27-08-2025,Returned,146773.71,
5001801,301565,518,29-07-2023,29-07-2023,Delivered,29136.51,
5001802,301762,516,19-12-2025,26-12-2025,Pending,46632.85,
5001803,300297,508,19-08-2023,19-08-2023,Delivered,,
5001804,302064,517,19-05-2026,31-05-2026,Delivered,52638.58,
5001805,302976,507,30-06-2025,11-07-2025,pending ,2453.96,
5001806,302613,528,26-03-2026,03-04-2026,delivered,31471.83,
5001807,301843,502,08-04-2026,20-04-2026,pending ,56716.14,
5001808,302983,538,03-10-2023,07-10-2023,Shipped,,
5001809,300085,540,02-07-2026,11-07-2026,pending ,132246.42,
5001810,302168,535,15-02-2023,21-02-2023,Delivered,1639.75,
5001811,302204,519,31-05-2023,03-06-2023,Delivered,0,
5001812,301897,503,18-May-26,,delivered,94635.6,
5001813,301383,529,11-12-2022,23-12-2022,Returned,27688.41,
5001814,302914,528,14-11-2021,16-11-2021,Cancelled,,
5001815,300216,523,01-12-2023,02-12-2023,SHIPPED,6102.5,
5001816,300923,516,12-06-2026,06-20-2026,Delivered,95752.55,
5001817,302193,528,11-24-2025,25-11-2025,Returned,3858.44,
5001818,301248,504,03-02-2024,08-02-2024,pending ,75502.07,
5001819,300520,507,30-04-2023,01-05-2023,Delivered,168705.59,
5001820,302313,530,16-10-2021,22-10-2021,Pending,14648.8,
5001821,300350,510,28-06-2024,05-07-2024,Shipped,2274.92,
5001822,300298,529,05-07-2024,11-07-2024,SHIPPED,,
5001823,301123,520,07-03-2025,14-03-2025,Returned,65274.08,
5001824,301752,537,05-06-2026,15-06-2026,delivered,112178.94,
5001825,300707,530,03-05-2023,09-05-2023,pending ,,
5001826,302939,515,02-07-2025,11-07-2025,SHIPPED,,
5001827,300140,511,13-06-2024,23-06-2024,Delivered,,
5001828,300409,502,26-06-2022,01-07-2022,pending ,57733.01,
5001829,302647,523,01-Apr-23,13-04-2023,Cancelled,,
5001830,300577,504,05-08-2022,12-Aug-22,Shipped,,
5001831,302876,524,05-11-2024,15-11-2024,Cancelled,24666.45,
5001832,300943,519,07-03-2026,09-03-2026,Delivered,66803.78,
5001833,301780,536,06-Sep-25,14-09-2025,Cancelled,194519.61,
5001834,300110,523,08-01-2024,18-01-2024,Cancelled,46475.49,
5001835,301123,514,05-01-2026,10-Jan-26,pending ,111085.45,
5001836,302522,519,04-07-2023,08-07-2023,SHIPPED,53805.59,
5001837,301900,510,13-01-2025,21-01-2025,Delivered,136561.55,
5001838,302529,519,26-05-2024,28-05-2024,SHIPPED,,
5001839,302164,520,02-02-2025,02-02-2025,Pending,4848.26,
5001840,302391,522,27-01-2026,06-02-2026,delivered,87158.53,
5001841,301085,510,31-08-2024,07-09-2024,Shipped,147786.94,
5001842,300767,534,24-02-2024,05-03-2024,pending ,50649.62,
5001843,301612,515,13-11-2025,17-11-2025,Returned,101515.15,
5001844,301071,528,16-01-2026,18-Jan-26,SHIPPED,55861.23,
5001845,302114,508,11-24-2025,26-11-2025,Cancelled,150715.92,
5001846,301522,536,04-11-2023,11-08-2023,Delivered,90163.49,
5001847,302563,523,26-02-2023,05-03-2023,Delivered,25548.99,
5001848,301986,527,28-02-2026,07-03-2026,Shipped,-3752.6,
5001849,300733,528,26-02-2025,,Cancelled,50080.13,
5001850,300805,539,28-11-2025,30-11-2025,Pending,14908.5,
5001851,301050,509,04-12-2025,16-12-2025,SHIPPED,83364.45,
5001852,300064,524,28-Apr-25,02-05-2025,delivered,40675.98,
5001853,301276,507,27-06-2025,28-06-2025,Returned,26054.2,
5001854,302759,530,03-05-2026,12-05-2026,Shipped,53365.58,
5001855,302578,537,08-03-2023,18-03-2023,Returned,126052.42,
5001856,301154,501,16-09-2025,18-Sep-25,pending ,,
5001857,302857,521,24-11-2023,02-12-2023,Shipped,44910.42,
5001858,302790,519,23-04-2025,02-05-2025,Delivered,188251.61,
5001859,302692,502,13-09-2024,25-09-2024,Pending,138773.76,
5001860,302320,503,12-06-2025,16-06-2025,SHIPPED,78632.92,
5001861,301335,519,29-01-2025,,Cancelled,20323.32,
5001862,301903,517,18-07-2025,24-07-2025,Pending,,
5001863,302150,511,11-05-2022,17-May-22,Delivered,56846.41,
5001864,300055,501,14-06-2025,22-06-2025,Delivered,0,0
5001865,300029,516,17-07-2026,,Cancelled,129911.45,
5001866,301869,510,22-11-2024,28-11-2024,Pending,36899.12,
5001867,302968,504,15-01-2024,18-01-2024,SHIPPED,82593.11,
5001868,302340,511,01-04-2024,12-04-2024,SHIPPED,62568.02,
5001869,300686,524,17-05-2023,22-05-2023,Delivered,157122.26,
5001870,301825,509,04-05-2024,05-06-2024,Pending,26389.45,
5001871,302713,527,11-12-2024,19-12-2024,Pending,,
5001872,302882,513,24-07-2025,05-08-2025,pending ,73021.02,
5001873,302642,518,01-02-2025,06-02-2025,Cancelled,91865.77,
5001874,300983,524,08-10-2024,16-10-2024,Pending,104290.5,
5001875,302112,515,10-12-2025,20-12-2025,Shipped,50518.84,
5001876,301781,539,21-04-2025,,pending ,70530.4,
5001877,301498,502,10-08-2025,12-08-2025,Returned,91477,
5001878,300265,530,16-08-2025,26-08-2025,Pending,58812.82,
5001879,301902,540,06-04-2026,15-06-2026,Shipped,,
5001880,300291,540,12-03-2025,19-03-2025,delivered,2133.03,
5001881,302114,535,24-10-2025,28-10-2025,Pending,22924.62,
5001882,301724,536,15-10-2022,23-10-2022,Delivered,,
5001883,302021,502,22-07-2025,30-Jul-25,Delivered,,
5001884,300330,532,28-06-2026,01-07-2026,delivered,,
5001885,301829,510,11-17-2023,26-11-2023,delivered,,
5001886,302607,533,22-03-2026,,Returned,52694.87,
5001887,301739,501,08-10-2023,19-10-2023,SHIPPED,,
5001888,300625,512,09-05-2023,19-05-2023,pending ,36845.43,
5001889,302779,501,09-04-2025,14-04-2025,pending ,19894.66,
5001890,300570,518,24-03-2024,24-03-2024,pending ,73848.87,
5001891,302823,511,26-05-2025,03-06-2025,SHIPPED,69555.52,
5001892,300995,535,04-09-2023,11-09-2023,Shipped,57175.38,
5001893,302763,503,03-11-2022,09-11-2022,Returned,96393.43,
5001894,302571,533,11-02-2025,,Pending,10119.67,
5001895,300187,510,28-04-2026,28-04-2026,pending ,212814.37,
5001896,301411,516,04-01-2026,16-01-2026,Pending,27477.1,
5001897,302054,525,14-11-2024,21-11-2024,Pending,88755.32,
5001898,301360,527,25-07-2026,31-07-2026,SHIPPED,91720.45,
5001899,301575,533,31-08-2025,02-09-2025,pending ,17636.99,
5001900,300457,503,26-06-2023,28-06-2023,Returned,3856.27,
5001901,301395,516,20-04-2026,27-04-2026,Returned,,
5001902,302603,519,30-07-2026,07-30-2026,delivered,91155.34,
5001903,300145,525,16-12-2023,19-12-2023,delivered,139593.48,
5001904,302658,505,08-05-2025,17-May-25,delivered,25022.99,
5001905,302683,523,07-02-2026,11-02-2026,Cancelled,0,
5001906,302653,519,09-06-2022,19-06-2022,pending ,112812.58,
5001907,302945,506,28-06-2021,29-06-2021,pending ,26675.75,
5001908,301207,513,18-06-2026,22-06-2026,delivered,,
5001909,302473,529,07-10-2023,11-10-2023,Returned,189475.01,
5001910,301927,539,06-11-2025,16-11-2025,Cancelled,39333.65,
5001911,302930,527,23-06-2025,03-07-2025,pending ,4313.21,
5001912,301882,520,02-12-2025,12-07-2025,Cancelled,150086.98,
5001913,300333,540,27-01-2026,01-02-2026,pending ,,
5001914,302312,502,13-11-2023,16-Nov-23,Delivered,,
5001915,301518,532,09-12-2023,11-12-2023,Returned,28216.03,
5001916,301377,535,19-03-2025,26-03-2025,Shipped,128754.78,
5001917,302624,527,01-06-2023,04-06-2023,Cancelled,95818.64,
5001918,300448,534,22-06-2026,25-06-2026,Shipped,207590.56,
5001919,300701,517,23-07-2023,03-08-2023,Delivered,34510.75,
5001920,300742,523,17-08-2025,24-08-2025,Pending,28902.84,
5001921,302865,518,04-19-2026,24-04-2026,SHIPPED,34295,
5001922,300824,532,25-07-2025,27-07-2025,Delivered,24453.66,
5001923,300532,505,04-10-2025,,pending ,56650.27,
5001924,301589,519,15-12-2024,18-12-2024,Pending,73260.86,
5001925,302661,514,30-01-2026,04-Feb-26,Pending,199127,
5001926,302427,536,09-05-2026,16-05-2026,Shipped,86226.3,
5001927,301475,518,20-11-2023,01-12-2023,Shipped,177385.11,
5001928,301945,513,13-12-2023,21-12-2023,Returned,40954.54,
5001929,302196,511,08-02-2025,18-02-2025,delivered,131536.42,
5001930,301177,531,18-07-2026,20-07-2026,delivered,128488.22,
5001931,300972,526,03-03-2023,04-03-2023,Delivered,110718.14,
5001932,301091,534,22-12-2025,24-12-2025,Pending,94341.87,
5001933,300805,504,17-10-2025,17-10-2025,Cancelled,38074.92,
5001934,300897,524,06-05-2025,12-05-2025,Shipped,4039.94,
5001935,302154,536,01-02-2024,04-02-2024,Returned,,
5001936,302171,525,02-03-2026,03-02-2026,pending ,6787.37,
5001937,302915,513,05-08-2024,05-08-2024,Pending,0,
5001938,301664,525,20-02-2026,,Delivered,14436.94,
5001939,301246,530,06-Jan-23,11-01-2023,Delivered,27098.22,
5001940,301365,526,26-09-2025,01-10-2025,Delivered,150675.99,
5001941,302645,521,25-02-2025,03-03-2025,Pending,114005.85,
5001942,300671,511,07-10-2022,07-Oct-22,Cancelled,102394.61,
5001943,302828,537,07-08-2023,07-08-2023,pending ,77773.89,
5001944,300413,516,01-08-2026,04-08-2026,Returned,,
5001945,302944,504,30-07-2025,01-08-2025,Cancelled,37309.05,
5001946,300647,527,22-01-2026,03-02-2026,Pending,43650.05,
5001947,302606,522,10-04-2024,12-04-2024,Pending,35859.77,
5001948,301177,502,19-05-2025,30-05-2025,Cancelled,37930.77,
5001949,300531,534,31-12-2023,02-01-2024,Returned,18890.3,
5001950,302713,522,18-02-2023,27-02-2023,Cancelled,86665.08,
5001951,301375,511,31-Mar-25,06-04-2025,Pending,90037.61,
5001952,302411,534,07-01-2023,18-01-2023,Delivered,26910.87,
5001953,302202,539,30-03-2026,06-04-2026,SHIPPED,142816.22,
5001954,300284,501,27-10-2024,27-10-2024,SHIPPED,,
5001955,301008,525,31-10-2024,07-11-2024,delivered,109904.04,
5001956,301733,511,04-09-2023,11-09-2023,Cancelled,43674.56,
5001957,301759,538,24-07-2025,29-07-2025,pending ,31548.37,
5001958,302899,530,16-11-2025,27-11-2025,Cancelled,-2249.09,
5001959,302059,505,06-06-2022,08-06-2022,Cancelled,12754.42,
5001960,300807,506,29-03-2024,03-04-2024,Delivered,150757.56,
5001961,301577,532,17-07-2025,29-07-2025,Delivered,,
5001962,302946,507,07-28-2026,01-08-2026,Pending,90027.62,
5001963,300760,510,16-05-2025,21-05-2025,Cancelled,,
5001964,302357,523,25-01-2024,,Pending,127368.15,
5001965,302844,540,05-07-2026,08-07-2026,Shipped,,
5001966,301444,522,13-11-2022,25-11-2022,Cancelled,41715.22,
5001967,300849,534,23-07-2025,02-08-2025,Shipped,106066.73,
5001968,302996,540,15-06-2026,,Delivered,94418.94,
5001969,302373,522,10-09-2023,15-09-2023,delivered,41259.27,
5001970,301954,515,03-09-2024,14-Sep-24,Delivered,26237.25,
5001971,302292,505,24-12-2024,02-01-2025,Returned,30194.08,
5001972,301614,519,27-06-2025,07-07-2025,Returned,,
5001973,302244,524,28-02-2025,06-Mar-25,Pending,55884.4,
5001974,302723,530,10-09-2025,20-09-2025,Pending,46650.01,
5001975,302775,517,24-02-2026,25-02-2026,Delivered,74246.38,
5001976,301508,527,03-08-2023,07-Aug-23,pending ,,
5001977,301724,533,16-05-2025,,Returned,120367.25,
5001978,300203,537,10-11-2025,17-11-2025,Returned,48955.82,
5001979,300699,519,14-05-2026,19-05-2026,Pending,224022.88,
5001980,300097,521,27-07-2025,07-Aug-25,Shipped,,
5001981,301209,520,01-09-2024,12-09-2024,Cancelled,150206.3,
5001982,301960,523,30-01-2024,10-02-2024,Delivered,72464.49,
5001983,302494,522,12-10-2021,18-10-2021,Delivered,49924.66,
5001984,302536,524,02-04-2026,04-03-2026,Pending,20023.44,
5001985,301646,538,02-10-2024,09-Oct-24,SHIPPED,141372.8,
5001986,301190,511,31-03-2025,10-04-2025,pending ,116360.74,
5001987,302700,530,26-10-2022,06-11-2022,Shipped,62476.02,
5001988,300554,519,25-08-2022,25-08-2022,Returned,46915.07,
5001989,300528,508,20-09-2022,27-09-2022,Delivered,-13383.38,
5001990,300105,517,26-11-2024,26-11-2024,Delivered,44693.31,
5001991,301800,513,03-10-2025,14-10-2025,Pending,105722.75,
5001992,300127,537,25-02-2025,25-02-2025,Delivered,38484.95,
5001993,301086,509,09-09-2023,16-09-2023,Cancelled,42227.8,
5001994,300308,523,26-06-2024,26-06-2024,pending ,191904.35,
5001995,302252,503,24-01-2024,24-01-2024,delivered,53579.49,
5001996,302653,518,28-03-2022,05-04-2022,delivered,,
5001997,301652,537,22-06-2023,26-06-2023,pending ,36256.52,
5001998,300212,510,18-10-2025,30-10-2025,Shipped,96687.48,
5001999,301372,508,05-03-2023,16-03-2023,pending ,61499.51,
5002000,300395,514,09-05-2025,18-05-2025,SHIPPED,0,
5002001,301334,517,03-01-2021,08-03-2021,Shipped,25331.37,
5002002,302863,532,14-04-2024,15-04-2024,delivered,103452.29,
5002003,300131,520,11-07-2024,22-07-2024,Delivered,13808.74,
5002004,302248,528,23-09-2024,23-09-2024,Pending,28140.23,
5002005,301301,516,30-10-2024,31-10-2024,Cancelled,87987.19,
5002006,300305,538,11-10-2025,23-10-2025,Delivered,100023.7,
5002007,300106,539,01-Jun-26,09-06-2026,Shipped,1634.72,
5002008,302406,512,31-03-2025,07-04-2025,Shipped,58399.61,
5002009,301374,540,15-10-2025,10-20-2025,Delivered,178589.85,
5002010,300609,528,30-09-2025,02-10-2025,SHIPPED,29518.03,
5002011,302562,526,21-07-2025,25-07-2025,Delivered,8779.01,
5002012,301370,511,22-May-21,06-02-2021,Cancelled,5088.51,
5002013,300079,532,25-01-2026,03-02-2026,pending ,70733.92,
5002014,301880,505,20-06-2025,,Returned,,
5002015,300221,540,08-10-2025,18-10-2025,Cancelled,85504.29,
5002016,300783,523,14-03-2024,16-03-2024,SHIPPED,73669.75,
5002017,301579,525,30-04-2024,30-04-2024,delivered,5044.99,
5002018,300480,509,02-Feb-26,08-02-2026,SHIPPED,65418,
5002019,300453,502,14-01-2022,14-01-2022,Pending,133667.39,
5002020,302697,531,31-03-2026,07-04-2026,SHIPPED,41761.14,
5002021,300937,514,05-08-2023,14-08-2023,SHIPPED,54404.7,
5002022,301602,526,17-11-2025,24-11-2025,delivered,31727.86,
5002023,301451,534,05-02-2023,15-02-2023,Delivered,62819.9,
5002024,302247,503,01-01-2023,10-01-2023,Delivered,,
5002025,301440,528,01-09-2025,05-09-2025,Returned,17439.7,
5002026,300277,509,04-03-2026,10-03-2026,Pending,,
5002027,302443,540,24-07-2026,31-07-2026,Shipped,,
5002028,301272,535,13-03-2026,20-03-2026,Cancelled,80712.84,
5002029,300549,529,12-10-2023,21-10-2023,Shipped,37717.73,
5002030,301959,529,10-03-2024,10-03-2024,Delivered,47372.25,
5002031,301144,532,06-03-2025,09-Mar-25,delivered,109709.56,
5002032,302641,512,08-06-2024,08-06-2024,SHIPPED,18430.35,
5002033,300147,538,29-03-2024,04-04-2024,pending ,155326.89,
5002034,301475,531,11-08-2025,14-08-2025,Shipped,,
5002035,301293,517,29-08-2022,05-09-2022,Pending,,
5002036,302034,534,20-01-2023,20-01-2023,Cancelled,16411.97,
5002037,302018,506,11-02-2026,12-02-2026,Delivered,154495.21,
5002038,302060,516,23-12-2021,24-12-2021,Delivered,30412.86,
5002039,302363,523,07-07-2025,15-07-2025,Shipped,28465.86,
5002040,301641,506,14-11-2025,21-11-2025,Returned,258823.61,
5002041,302455,518,14-08-2024,23-08-2024,SHIPPED,34530.25,
5002042,302939,528,21-03-2023,23-03-2023,pending ,,
5002043,300542,507,04-07-2025,,Delivered,39767.69,
5002044,300694,525,12-11-2025,,Returned,124458.96,
5002045,301689,522,13-04-2024,14-04-2024,SHIPPED,47079.72,
5002046,302216,526,16-08-2025,25-08-2025,Cancelled,124152.46,
5002047,302739,518,28-05-2026,06-06-2026,Pending,22243.28,
5002048,300956,519,01-30-2025,05-02-2025,Cancelled,40055.35,
5002049,302998,529,22-09-2024,28-09-2024,Delivered,1350.5,
5002050,302098,529,22-04-2023,04-05-2023,pending ,48061.62,
5002051,301608,514,18-07-2026,29-07-2026,Delivered,98754.95,
5002052,300054,519,22-05-2024,24-05-2024,delivered,5114.39,
5002053,300644,519,19-02-2023,01-03-2023,Pending,80627.21,
5002054,300457,532,01-10-2025,01-10-2025,SHIPPED,46172.91,
5002055,300182,502,30-08-2023,05-09-2023,pending ,69089.28,
5002056,302057,520,28-07-2024,02-08-2024,Pending,12042.97,
5002057,302362,536,02-02-2025,06-02-2025,Returned,29529.81,
5002058,302957,522,09-12-2025,,SHIPPED,143221.27,
5002059,300794,513,03-11-2025,09-11-2025,Delivered,110729.5,
5002060,302143,517,01-03-2022,09-Mar-22,delivered,,
5002061,300923,536,28-09-2025,01-10-2025,Cancelled,10870.85,
5002062,300091,502,21-05-2026,30-05-2026,Returned,16647.47,
5002063,302890,532,10-03-2024,10-03-2024,Cancelled,2699.47,
5002064,300978,521,18-02-2023,27-02-2023,Returned,37093.75,
5002065,301422,506,20-08-2024,23-08-2024,Shipped,135805.28,
5002066,301247,520,01-25-2026,30-01-2026,Pending,129588.9,
5002067,300188,513,17-07-2026,27-07-2026,SHIPPED,38376.34,
5002068,301832,522,09-07-2025,07-09-2025,pending ,-996.73,
5002069,302610,525,04-01-2026,14-01-2026,Cancelled,41310.38,
5002070,300890,505,16-02-2025,02-20-2025,Shipped,83076.19,
5002071,301780,515,15-06-2026,20-06-2026,Returned,106762.03,
5002072,302083,511,09-04-2026,13-04-2026,delivered,90728.57,
5002073,300308,534,25-08-2025,01-09-2025,pending ,160558.77,
5002074,300832,525,27-Nov-21,03-12-2021,Shipped,1804.18,
5002075,302440,520,20-05-2023,,Delivered,141246.98,
5002076,302984,510,17-03-2026,27-03-2026,delivered,31648.84,
5002077,302460,528,13-02-2026,20-02-2026,pending ,48313.09,
5002078,301957,525,10-29-2024,29-10-2024,pending ,16684.38,
5002079,300498,523,23-06-2024,26-06-2024,Delivered,50561.59,
5002080,300524,511,24-04-2025,29-04-2025,SHIPPED,18020.02,
5002081,301401,537,12-08-2025,22-08-2025,Pending,53365.57,
5002082,301861,517,02-23-2025,27-02-2025,Cancelled,22938.24,
5002083,302479,524,15-12-2025,20-12-2025,Pending,60122.82,
5002084,300743,504,28-03-2025,01-04-2025,Returned,908.52,
5002085,302028,523,22-01-2024,02-02-2024,Delivered,113608.98,
5002086,300279,525,21-May-26,30-05-2026,delivered,79706.63,
5002087,302961,534,13-12-2022,18-12-2022,Returned,49442.89,
5002088,302669,515,17-09-2025,,pending ,67919.05,
5002089,302937,536,03-10-2024,10-07-2024,Delivered,,
5002090,300639,517,14-06-2024,22-06-2024,SHIPPED,,
5002091,302112,525,04-08-2025,14-08-2025,Delivered,,
5002092,302209,529,19-06-2026,23-06-2026,Returned,66676.81,
5002093,301799,530,21-03-2026,26-03-2026,pending ,76043.7,
5002094,302200,522,19-03-2025,20-03-2025,Shipped,106356.12,
5002095,302003,525,21-09-2025,22-09-2025,pending ,8292.72,
5002096,300809,519,20-10-2024,,Cancelled,,
5002097,300309,508,02-06-2026,08-06-2026,SHIPPED,110593.07,
5002098,300695,526,13-05-2025,21-05-2025,SHIPPED,49379.27,
5002099,301965,526,09-07-2026,20-Jul-26,Pending,44649.85,
5002100,300516,532,23-07-2025,31-Jul-25,Shipped,68851.55,
5002101,301608,506,20-10-2024,28-10-2024,Pending,,
5002102,301368,535,04-24-2024,26-04-2024,Delivered,35613.03,
5002103,300107,513,26-11-2025,27-11-2025,Returned,44800.23,
5002104,301398,509,10-02-2023,17-02-2023,Shipped,,
5002105,300269,521,16-12-2022,18-12-2022,Shipped,62776.05,
5002106,302318,506,03-09-2023,15-09-2023,SHIPPED,26849.15,
5002107,301869,528,10-07-2024,19-07-2024,SHIPPED,52752.69,
5002108,301220,516,15-02-2025,18-02-2025,delivered,105037.76,
5002109,301321,515,02-12-2022,05-12-2022,Pending,14827.52,
5002110,300363,507,24-04-2022,28-04-2022,Shipped,,
5002111,301197,538,14-06-2026,19-06-2026,pending ,101227.39,
5002112,301931,515,17-06-2021,29-06-2021,Pending,63914.78,
5002113,301515,513,31-05-2026,01-06-2026,Cancelled,52347.41,
5002114,301351,524,14-03-2023,17-03-2023,Cancelled,,
5002115,301790,528,06-05-2026,16-05-2026,Returned,90246.64,
5002116,302947,538,15-Mar-25,16-03-2025,Cancelled,,
5002117,300542,527,30-06-2026,12-07-2026,SHIPPED,19813.2,
5002118,302907,502,08-03-2026,17-03-2026,Pending,34900.47,
5002119,300313,540,17-01-2024,21-01-2024,delivered,64470.07,
5002120,300206,539,09-03-2026,17-03-2026,pending ,,
5002121,300551,508,09-06-2026,09-06-2026,Delivered,34177.75,
5002122,300430,501,18-07-2025,30-07-2025,delivered,25843.04,
5002123,301221,528,31-01-2026,08-Feb-26,Delivered,17028.13,
5002124,300973,520,05-29-2021,29-05-2021,Returned,65324.51,
5002125,301721,502,19-11-2025,11-30-2025,Cancelled,57844.61,
5002126,300985,501,18-12-2025,25-12-2025,Shipped,15001.54,
5002127,301410,537,29-06-2025,09-07-2025,Pending,21876.24,
5002128,302368,531,10-10-2021,11-10-2021,Delivered,97859.3,
5002129,302467,516,13-05-2022,14-05-2022,Pending,144.24,
5002130,300075,537,14-04-2025,24-04-2025,Delivered,94730.28,
5002131,300306,534,14-09-2025,,delivered,37415.47,
5002132,302711,527,17-06-2022,,Cancelled,2982.95,
5002133,302493,524,24-05-2025,27-05-2025,pending ,81548.92,
5002134,300851,504,10-07-2024,,Delivered,97508,
5002135,300478,513,22-02-2023,06-03-2023,Delivered,45520.59,
5002136,301470,512,26-10-2022,31-10-2022,Returned,,
5002137,302774,535,14-01-2025,22-01-2025,Delivered,,
5002138,301231,532,03-09-2025,,delivered,53744.7,
5002139,301322,507,07-07-2025,07-16-2025,Delivered,31488.15,
5002140,301364,529,25-06-2026,05-07-2026,Shipped,74351.4,
5002141,302623,514,04-12-2025,13-12-2025,Shipped,30043.5,
5002142,302842,526,11-18-2025,11-28-2025,SHIPPED,42588.72,
5002143,302174,517,19-05-2021,22-05-2021,Delivered,83336.25,
5002144,302109,534,04-04-2026,06-04-2026,delivered,49547.72,
5002145,301983,513,20-Aug-24,28-Aug-24,pending ,32812.54,
5002146,300845,506,30-07-2025,04-08-2025,SHIPPED,70388.36,
5002147,302322,520,14-10-2024,17-10-2024,pending ,22257.03,
5002148,302258,513,26-07-2025,26-07-2025,Shipped,,
5002149,301122,521,09-02-2023,10-02-2023,SHIPPED,102373.95,
5002150,300308,503,16-10-2025,,delivered,148669.83,
5002151,301247,509,04-12-2023,14-12-2023,Delivered,23907.31,
5002152,302971,521,11-05-2025,16-05-2025,SHIPPED,,
5002153,300599,524,24-12-2023,28-12-2023,pending ,64858.77,
5002154,300251,504,08-10-2022,08-20-2022,Shipped,89193.89,
5002155,302033,508,03-10-2024,07-10-2024,Returned,12069.47,
5002156,302882,539,02-08-2023,07-Aug-23,Shipped,112469.53,
5002157,300540,525,15-10-2025,21-10-2025,Shipped,63271.22,
5002158,302879,501,12-07-2021,14-07-2021,Delivered,176270.87,
5002159,300503,530,02-01-2025,08-01-2025,SHIPPED,26489.67,
5002160,302665,516,18-06-2026,26-06-2026,Cancelled,92374.42,
5002161,301591,520,26-05-2026,29-05-2026,Pending,2544.9,
5002162,300718,533,10-04-2026,,Delivered,,
5002163,301286,533,15-04-2022,26-04-2022,delivered,,
5002164,302991,524,28-04-2026,,Returned,100490.04,
5002165,300663,505,17-11-2025,20-11-2025,pending ,35543.05,
5002166,302015,506,07-08-2024,,Pending,66203.79,
5002167,301913,508,02-04-2025,07-04-2025,delivered,11455.53,
5002168,301887,533,23-03-2025,03-04-2025,delivered,183601.67,
5002169,300374,520,28-05-2026,08-06-2026,SHIPPED,57585.48,
5002170,301049,521,28-10-2024,10-29-2024,Pending,85980.16,
5002171,301084,531,12-04-2026,22-04-2026,Delivered,67016.22,
5002172,300635,530,29-02-2024,06-03-2024,Returned,28429.47,
5002173,300597,520,23-08-2023,30-08-2023,Shipped,,
5002174,301192,525,06-03-2026,11-03-2026,Pending,89.27,
5002175,301150,515,25-11-2023,,Shipped,221266.43,
5002176,301154,520,30-04-2025,02-05-2025,pending ,,
5002177,302057,524,31-10-2023,09-11-2023,pending ,89260.14,
5002178,300097,528,14-11-2023,18-11-2023,pending ,7250.46,
5002179,302510,529,29-07-2026,03-08-2026,Returned,67051.92,
5002180,300319,514,08-03-2025,15-03-2025,SHIPPED,106123.82,
5002181,301851,529,13-01-2025,16-01-2025,Delivered,,
5002182,300165,508,16-06-2024,25-06-2024,Delivered,,
5002183,302696,512,18-Jul-25,19-07-2025,Delivered,174090.7,
5002184,303000,510,16-08-2023,27-08-2023,Cancelled,24422.99,
5002185,300965,509,09-09-2025,17-09-2025,Shipped,24125.17,
5002186,301665,528,30-07-2024,10-08-2024,pending ,332.83,
5002187,301260,520,11-09-2025,17-09-2025,Shipped,190769.35,
5002188,302473,538,07-11-2025,08-Nov-25,pending ,92080.51,
5002189,300526,538,29-03-2025,01-04-2025,delivered,58714.13,
5002190,302113,501,21-Oct-25,25-10-2025,Returned,208464.6,
5002191,301389,535,04-04-2025,08-04-2025,Cancelled,,
5002192,301827,518,31-08-2023,08-09-2023,Delivered,224121.29,
5002193,301463,530,11-02-2026,12-02-2026,pending ,150731.22,
5002194,302166,520,30-Nov-24,30-11-2024,Returned,80258.09,
5002195,300697,520,27-01-2024,03-02-2024,SHIPPED,85156.32,
5002196,301753,519,06-10-2021,18-10-2021,pending ,,
5002197,300479,535,16-10-2024,22-10-2024,pending ,24483.52,
5002198,302641,519,06-12-2024,13-12-2024,Returned,20251.33,
5002199,301536,509,07-03-2025,10-03-2025,Shipped,70754.85,
5002200,302624,534,09-05-2025,15-05-2025,Shipped,81183.13,
5002201,300875,518,14-02-2026,24-02-2026,pending ,30102.79,
5002202,302609,530,03-Jul-24,14-07-2024,Returned,15230.39,
5002203,302585,524,18-06-2026,21-06-2026,Shipped,35832.52,
5002204,301074,510,09-10-2024,14-10-2024,delivered,44942.42,
5002205,301565,509,08-10-2025,13-10-2025,Pending,128380.61,
5002206,301338,532,23-09-2025,03-10-2025,Pending,118917.79,
5002207,302663,520,02-08-2023,14-08-2023,pending ,67099.15,
5002208,301261,533,25-12-2021,01-06-2022,Shipped,40941.26,
5002209,300015,519,02-01-2025,08-01-2025,Pending,131388.97,
5002210,302925,507,10-01-2023,18-Jan-23,pending ,,
5002211,300950,511,20-12-2025,20-12-2025,Shipped,43380.56,
5002212,302347,525,05-10-2024,14-10-2024,SHIPPED,28157.67,
5002213,302984,503,13-07-2025,22-07-2025,delivered,100825.46,
5002214,302216,517,29-Aug-25,03-09-2025,Returned,25638.15,
5002215,300296,502,22-03-2024,03-Apr-24,pending ,37401.93,
5002216,301655,520,24-02-2025,08-03-2025,Pending,39068.46,
5002217,300396,508,15-06-2025,22-06-2025,pending ,180062.94,
5002218,302418,537,15-06-2024,20-06-2024,Shipped,29970.61,
5002219,301109,514,27-Jul-26,29-07-2026,Returned,116886.41,
5002220,300889,503,04-01-2023,11-01-2023,Returned,260652.14,
5002221,302531,522,04-Apr-26,13-04-2026,Returned,1724.18,
5002222,300674,526,18-03-2026,,SHIPPED,21084.14,
5002223,302831,534,16-12-2025,19-12-2025,Delivered,,
5002224,300484,505,09-12-2022,09-12-2022,Cancelled,50594.68,
5002225,302170,524,15-Aug-25,17-08-2025,Delivered,2409.83,
5002226,301105,534,24-01-2023,30-01-2023,Returned,121909.79,
5002227,301142,540,31-10-2024,04-11-2024,Shipped,3125.62,
5002228,302921,527,07-03-2024,18-03-2024,Returned,93421.76,
5002229,300532,538,08-06-2025,18-06-2025,Pending,47651.72,
5002230,300495,525,02-06-2023,08-06-2023,Delivered,,
5002231,301278,525,08-06-2026,10-06-2026,delivered,50551.67,
5002232,301080,506,01-10-2022,01-10-2022,pending ,171113.81,
5002233,301905,503,01-06-2026,11-06-2026,Delivered,-14325.91,
5002234,301353,514,07-06-2024,19-Jun-24,Pending,27428.51,
5002235,301124,518,07-04-2026,19-04-2026,delivered,120897.11,
5002236,300354,538,16-09-2021,22-09-2021,Cancelled,100144.55,
5002237,300721,526,29-12-2024,30-Dec-24,delivered,76810.81,
5002238,300468,523,17-10-2024,19-10-2024,SHIPPED,67594.27,
5002239,302445,509,29-01-2025,31-01-2025,delivered,3286.65,
5002240,301011,517,09-05-2024,16-05-2024,SHIPPED,49776.08,
5002241,300355,526,12-06-2023,13-12-2023,delivered,8583.45,
5002242,302134,534,25-06-2026,28-06-2026,Cancelled,26099.98,
5002243,302716,504,05-04-2024,16-04-2024,SHIPPED,,
5002244,302604,523,21-Dec-22,30-12-2022,SHIPPED,,
5002245,301567,534,24-05-2026,,pending ,72276.7,
5002246,302412,527,13-03-2024,13-03-2024,pending ,7726.5,
5002247,301494,540,29-12-2024,04-Jan-25,Delivered,0,
5002248,302535,536,19-06-2022,,pending ,120069.48,
5002249,300357,510,28-09-2024,01-10-2024,Pending,90125.54,
5002250,302044,515,21-May-25,31-05-2025,Returned,3998.53,
5002251,302338,517,13-11-2025,19-11-2025,Cancelled,39382.45,
5002252,301619,533,08-07-2026,20-07-2026,Pending,144989.77,
5002253,302110,540,22-03-2024,31-03-2024,SHIPPED,5713.74,
5002254,300309,502,25-03-2026,02-04-2026,Returned,57647.01,
5002255,300080,514,16-11-2024,27-11-2024,Returned,,
5002256,301349,509,31-03-2026,05-Apr-26,Cancelled,71716.22,
5002257,300549,512,12-20-2025,22-12-2025,Cancelled,,
5002258,300599,504,18-12-2023,24-12-2023,Pending,172756.89,
5002259,302322,529,31-May-26,01-06-2026,Shipped,52131.84,
5002260,301729,535,01-08-2023,13-08-2023,delivered,21748.04,
5002261,300436,513,16-09-2025,09-22-2025,pending ,86470.04,
5002262,301326,537,23-12-2022,03-01-2023,Shipped,92235.06,
5002263,302787,533,16-02-2022,18-02-2022,Cancelled,2139.45,
5002264,302349,538,05-07-2024,13-07-2024,delivered,16930.02,
5002265,300223,527,20-07-2025,26-07-2025,delivered,40030.72,
5002266,300260,530,14-07-2025,20-07-2025,Shipped,47297.03,
5002267,302446,527,26-02-2025,04-Mar-25,Returned,2552.59,
5002268,301255,537,25-06-2024,30-06-2024,Cancelled,113649.3,
5002269,301845,518,15-12-2020,25-12-2020,SHIPPED,85339.11,
5002270,300637,513,17-11-2023,24-11-2023,Returned,172406.91,
5002271,300606,510,04-08-2025,06-08-2025,pending ,102209.64,
5002272,300786,506,21-07-2025,02-08-2025,Returned,41322.79,
5002273,301818,507,10-09-2025,11-09-2025,delivered,81062.59,
5002274,302214,536,21-02-2023,01-03-2023,pending ,111756.36,
5002275,300415,520,26-07-2021,06-08-2021,delivered,96791.63,
5002276,302664,513,15-03-2025,26-03-2025,pending ,114.95,
5002277,300319,525,03-09-2025,21-03-2025,Shipped,,
5002278,302874,517,06-12-2024,09-12-2024,Pending,134327.67,
5002279,301326,507,02-11-2023,08-11-2023,Pending,213955.99,
5002280,300134,535,01-06-2025,11-06-2025,delivered,58343.62,
5002281,302258,503,04-06-2026,12-06-2026,Shipped,24362.66,
5002282,302762,527,19-05-2026,29-05-2026,Shipped,,
5002283,301750,512,19-02-2026,02-23-2026,delivered,32351.02,
5002284,301020,527,26-07-2026,29-07-2026,SHIPPED,83843.88,
5002285,300455,527,03-12-2024,07-12-2024,SHIPPED,68203.29,
5002286,300045,518,17-12-2024,24-12-2024,Cancelled,22420.99,
5002287,301567,506,31-05-2025,06-11-2025,Cancelled,10985.1,
5002288,300320,507,04-08-2024,12-08-2024,Delivered,14595.05,
5002289,302716,525,13-Jul-26,20-07-2026,Pending,64267.56,
5002290,300216,506,13-05-2024,15-05-2024,SHIPPED,125117.39,
5002291,301818,521,23-05-2026,31-05-2026,Returned,,
5002292,300059,508,01-08-2026,03-08-2026,Shipped,,
5002293,301856,521,02-12-2025,06-12-2025,Returned,50959.06,
5002294,302892,535,19-Feb-24,23-Feb-24,pending ,11878.65,
5002295,301378,523,18-01-2023,27-01-2023,Shipped,17662.05,
5002296,301057,523,03-31-2023,12-04-2023,SHIPPED,14881.75,
5002297,302774,504,29-12-2025,03-01-2026,Cancelled,23194.57,
5002298,300475,510,28-09-2025,04-10-2025,Returned,30404.63,
5002299,300831,535,16-11-2025,26-11-2025,pending ,,
5002300,301910,516,03-11-2025,11-11-2025,Pending,47468.17,
5002301,300581,518,17-05-2023,28-05-2023,Pending,42806.46,
5002302,302059,507,05-May-24,17-05-2024,Cancelled,,
5002303,302609,539,19-05-2025,24-05-2025,delivered,73611.05,
5002304,300196,537,24-07-2024,29-07-2024,Returned,-21212.84,
5002305,302205,516,30-10-2025,30-10-2025,Pending,94035,
5002306,302133,521,07-03-2025,11-03-2025,Returned,,
5002307,300899,520,27-08-2023,07-09-2023,delivered,14117.22,
5002308,301034,503,02-09-2024,09-09-2024,delivered,2877.9,
5002309,302026,503,05-11-2023,17-11-2023,pending ,13532.15,
5002310,302608,530,09-10-2025,22-09-2025,pending ,43164.06,
5002311,301766,515,28-08-2025,,pending ,4843.44,
5002312,302337,539,19-06-2026,20-06-2026,SHIPPED,272143.71,
5002313,302884,523,08-07-2025,09-07-2025,pending ,1306.67,
5002314,300695,518,17-02-2025,23-02-2025,Shipped,,
5002315,302045,533,08-05-2022,10-05-2022,Shipped,166891.53,
5002316,302868,540,06-22-2024,,Delivered,217266.73,
5002317,300263,520,14-04-2024,24-04-2024,Delivered,129145.25,
5002318,302902,524,21-08-2025,24-08-2025,Returned,97254.55,
5002319,302512,523,08-09-2025,20-09-2025,Returned,66829.13,
5002320,301162,525,05-01-2023,08-01-2023,Returned,,
5002321,302992,522,13-03-2024,13-03-2024,Cancelled,18727.79,
5002322,300218,509,11-Jul-25,14-07-2025,SHIPPED,48679.23,
5002323,302711,517,26-07-2025,06-08-2025,Cancelled,38617.45,
5002324,301500,537,04-07-2026,08-Jul-26,pending ,69886.32,
5002325,302562,514,06-06-2024,16-06-2024,Delivered,10024.48,
5002326,302882,508,01-12-2025,03-12-2025,Shipped,15136.77,
5002327,301569,502,03-04-2026,13-04-2026,Shipped,22227.08,
5002328,302164,530,26-06-2025,06-07-2025,Delivered,87837.89,
5002329,302229,510,23-05-2023,26-05-2023,SHIPPED,75835.36,
5002330,302365,531,25-03-2026,06-04-2026,delivered,5014.79,
5002331,301843,521,10-05-2026,15-05-2026,Shipped,,
5002332,300285,523,28-12-2022,09-Jan-23,Cancelled,130832.6,
5002333,302425,526,28-03-2026,09-04-2026,Returned,8876.52,
5002334,302552,504,01-10-2022,08-10-2022,Returned,,
5002335,301314,539,24-09-2021,,Cancelled,49389.14,
5002336,302549,524,05-07-2025,07-07-2025,Cancelled,59183.73,
5002337,302519,516,11-10-2024,21-10-2024,Shipped,70228.21,
5002338,300101,531,17-06-2024,20-Jun-24,delivered,31520.96,
5002339,300887,535,07-12-2024,09-12-2024,SHIPPED,31009.77,
5002340,302135,537,23-03-2026,26-03-2026,delivered,30706.9,
5002341,302968,512,11-01-2025,,delivered,77997.44,
5002342,302780,520,30-09-2024,08-10-2024,Pending,,
5002343,300017,518,19-02-2024,20-02-2024,pending ,181731.34,
5002344,300058,509,25-11-2024,06-12-2024,Delivered,49894.48,
5002345,300549,517,09-03-2025,19-03-2025,Cancelled,1256.95,
5002346,302352,502,01-22-2023,25-01-2023,Cancelled,,
5002347,302622,509,11-04-2025,12-04-2025,pending ,48896.81,
5002348,300706,522,20-02-2026,27-02-2026,Shipped,,
5002349,300638,514,29-Nov-25,09-12-2025,Cancelled,54911.2,
5002350,300852,512,03-10-2024,04-10-2024,Pending,,
5002351,300484,532,12-04-2023,14-04-2023,delivered,,
5002352,302364,523,05-04-2026,15-04-2026,SHIPPED,54716.45,
5002353,301436,511,20-03-2025,22-03-2025,Delivered,,
5002354,302390,520,20-02-2026,21-02-2026,Cancelled,85014.85,
5002355,301799,513,06-02-2024,18-02-2024,Pending,8633.71,
5002356,301429,519,23-04-2025,28-04-2025,pending ,35842.96,
5002357,301790,538,31-05-2025,10-06-2025,Delivered,91637.06,
5002358,301318,536,22-04-2024,27-Apr-24,SHIPPED,201795.82,
5002359,301148,505,21-12-2025,30-12-2025,Pending,178779.78,
5002360,301358,533,02-09-2023,06-09-2023,SHIPPED,139739.3,
5002361,302501,540,24-04-2025,05-05-2025,Returned,61312.29,
5002362,302821,527,26-11-2025,07-12-2025,Pending,92661.39,
5002363,302067,503,09-01-2025,10-01-2025,delivered,,
5002364,300001,502,27-08-2022,29-08-2022,Delivered,,
5002365,300715,519,16-02-2025,22-02-2025,Pending,20691.15,
5002366,302018,516,03-17-2025,28-03-2025,Returned,53878.41,
5002367,302418,506,02-04-2026,05-02-2026,Cancelled,78922.18,
5002368,302991,521,18-02-2026,28-02-2026,Returned,142696.02,
5002369,302337,539,03-07-2026,19-03-2026,delivered,65075.11,
5002370,302643,539,02-May-26,04-05-2026,delivered,229.75,
5002371,300325,501,02-03-2022,02-03-2022,Returned,,
5002372,302356,516,21-Jul-23,22-07-2023,SHIPPED,30234.61,
5002373,300105,535,03-07-2026,04-07-2026,Returned,21763.28,
5002374,302755,539,15-08-2025,25-08-2025,pending ,96656.31,
5002375,302658,518,20-07-2026,31-07-2026,Cancelled,0,
5002376,301073,519,13-07-2026,07-24-2026,Pending,39750.5,
5002377,300069,533,16-07-2026,17-Jul-26,delivered,17656.65,
5002378,301112,503,26-09-2025,04-10-2025,Delivered,8730.38,
5002379,302893,520,14-12-2024,15-12-2024,pending ,11330.66,
5002380,301515,530,13-02-2026,20-02-2026,SHIPPED,7936.68,
5002381,302693,502,18-06-2026,28-06-2026,SHIPPED,74753.45,
5002382,302405,508,14-12-2023,12-19-2023,Cancelled,102101.93,
5002383,301556,521,23-09-2025,05-10-2025,Pending,0,
5002384,301985,504,17-05-2026,26-05-2026,SHIPPED,84952.1,
5002385,302454,508,01-04-2026,07-04-2026,Returned,63039.27,
5002386,302450,528,21-08-2022,29-08-2022,Shipped,34777.95,
5002387,300080,511,08-06-2021,13-06-2021,Delivered,,
5002388,302556,524,06-01-2024,17-01-2024,delivered,70901.22,
5002389,301923,517,19-05-2025,22-05-2025,SHIPPED,33177.78,
5002390,300821,531,29-05-2024,06-06-2024,Shipped,44239.07,
5002391,300995,531,27-05-2026,04-06-2026,Shipped,74530.94,
5002392,300492,515,19-02-2026,26-02-2026,Pending,12348.04,
5002393,300854,507,30-06-2024,02-07-2024,pending ,100747.41,
5002394,300052,507,24-08-2025,01-09-2025,Cancelled,,
5002395,301007,533,14-07-2026,23-07-2026,Shipped,,
5002396,300787,512,09-05-2026,09-05-2026,Pending,,
5002397,300222,519,16-10-2024,26-10-2024,delivered,39931.81,
5002398,300460,532,11-03-2025,23-03-2025,Returned,88490.12,
5002399,302401,531,10-22-2025,03-11-2025,delivered,6545.22,
5002400,302549,502,14-01-2025,,Pending,11443.59,
5002401,302094,511,14-12-2024,26-12-2024,Cancelled,53784.39,
5002402,302568,516,27-11-2021,07-12-2021,Cancelled,13651.14,
5002403,300243,522,17-10-2025,24-10-2025,Shipped,23865.26,
5002404,302040,515,07-02-2025,12-02-2025,Pending,,
5002405,300665,506,06-03-2023,11-03-2023,pending ,4042.73,
5002406,302525,536,26-10-2025,30-Oct-25,pending ,156778.45,
5002407,300036,504,08-12-2025,08-12-2025,Pending,98289.07,
5002408,301098,530,28-01-2021,07-02-2021,delivered,1790.15,
5002409,302736,525,06-07-2024,15-07-2024,delivered,135234.22,
5002410,300180,507,21-01-2026,25-01-2026,delivered,166183.67,
5002411,300111,509,30-12-2025,31-12-2025,Returned,79828.97,
5002412,301459,538,19-11-2023,28-11-2023,pending ,-13145.41,
5002413,300601,519,08-09-2023,20-09-2023,Shipped,155342.93,
5002414,301835,527,08-02-2026,12-02-2026,SHIPPED,42684.73,
5002415,301334,519,02-09-2021,06-09-2021,pending ,100457.28,
5002416,301268,505,04-07-2024,15-07-2024,SHIPPED,87814.59,
5002417,301221,521,18-06-2025,26-06-2025,Returned,57716.87,
5002418,300976,531,08-03-2022,12-03-2022,Shipped,32885.38,
5002419,300917,539,09-04-2025,16-04-2025,Cancelled,66416.39,
5002420,301998,531,16-04-2024,18-04-2024,Shipped,21617.83,
5002421,301483,510,04-08-2024,09-04-2024,Delivered,,
5002422,302936,534,27-08-2022,31-Aug-22,Pending,39708.81,
5002423,300740,530,30-08-2025,30-08-2025,pending ,,
5002424,301416,531,13-10-2024,,SHIPPED,20144.51,
5002425,300968,516,03-05-2024,12-05-2024,pending ,118405.78,
5002426,301868,515,01-09-2024,03-09-2024,Cancelled,86576.08,
5002427,302623,524,02-05-2025,10-05-2025,SHIPPED,1382.92,
5002428,300928,506,15-10-2023,19-10-2023,delivered,,
5002429,300410,536,11-02-2025,23-02-2025,Shipped,28917.89,
5002430,302162,507,13-11-2021,22-11-2021,pending ,102926.71,
5002431,302912,516,21-10-2025,02-11-2025,Cancelled,30937.58,
5002432,300822,538,06-05-2026,11-05-2026,Cancelled,98495.68,
5002433,300769,537,15-Nov-23,26-11-2023,Returned,54246.15,
5002434,300207,537,20-07-2026,23-07-2026,Cancelled,1191.53,
5002435,302567,502,13-01-2025,14-01-2025,pending ,17127.84,
5002436,300922,525,02-06-2023,04-06-2023,pending ,68047.09,
5002437,300700,517,20-11-2024,23-11-2024,pending ,55106.04,
5002438,300487,506,09-08-2025,11-08-2025,SHIPPED,0,
5002439,302459,504,14-09-2022,15-09-2022,Pending,14329.34,
5002440,301929,511,20-07-2025,24-07-2025,Delivered,,
5002441,301805,537,12-10-2024,13-10-2024,Cancelled,,
5002442,300350,537,15-02-2023,23-Feb-23,delivered,69879.65,
5002443,300231,535,30-12-2021,,Returned,,
5002444,300086,510,24-05-2026,30-05-2026,SHIPPED,2810.8,
5002445,300564,531,24-04-2025,24-Apr-25,SHIPPED,152808.31,
5002446,302202,531,04-09-2025,07-09-2025,pending ,65308.07,
5002447,302634,536,22-10-2023,03-11-2023,Shipped,68433.13,
5002448,302840,518,14-03-2026,19-03-2026,Cancelled,818.98,
5002449,300195,507,10-04-2023,22-04-2023,pending ,103655.53,
5002450,300550,508,08-08-2025,17-08-2025,Cancelled,148343.79,
5002451,302950,504,05-05-2025,07-05-2025,SHIPPED,0,
5002452,301862,519,20-11-2025,22-11-2025,Pending,,
5002453,301336,526,29-03-2025,10-04-2025,SHIPPED,,
5002454,300912,505,13-02-2026,14-02-2026,Delivered,140271.1,
5002455,300846,522,09-10-2025,20-10-2025,Pending,53057.8,
5002456,300836,511,19-06-2024,23-06-2024,SHIPPED,113243.64,
5002457,300515,527,26-03-2025,02-04-2025,pending ,,
5002458,302409,518,12-07-2024,24-07-2024,Returned,24549.16,
5002459,302966,511,21-07-2025,26-07-2025,Pending,93541.55,
5002460,301501,539,11-12-2022,11-12-2022,Shipped,25677.08,
5002461,302529,526,16-10-2025,,Returned,95542.93,
5002462,302096,532,01-Apr-25,04-04-2025,SHIPPED,40000.69,
5002463,301406,537,19-11-2022,11-21-2022,Returned,99677.82,
5002464,300752,501,27-10-2023,27-10-2023,pending ,37829.22,
5002465,302503,534,19-01-2024,27-01-2024,delivered,,
5002466,301443,515,03-04-2026,08-04-2026,delivered,,
5002467,302511,537,20-03-2024,01-04-2024,delivered,,
5002468,301198,511,08-06-2026,18-06-2026,Returned,32149.43,
5002469,300873,534,01-04-2025,08-04-2025,pending ,47044.26,
5002470,302753,521,30-08-2025,10-09-2025,SHIPPED,3601.34,
5002471,301972,521,09-06-2025,21-06-2025,Delivered,60424.91,
5002472,302226,529,22-10-2025,03-11-2025,delivered,8142.71,
5002473,300444,539,03-03-2023,03-13-2023,SHIPPED,1791.13,
5002474,301976,537,28-01-2024,30-Jan-24,Shipped,39995.27,
5002475,300084,510,21-10-2020,30-10-2020,SHIPPED,15892.6,
5002476,300781,505,28-03-2025,05-04-2025,Delivered,27831.75,
5002477,301501,512,20-06-2022,,SHIPPED,99594.6,
5002478,300313,502,13-10-2024,17-10-2024,Shipped,0,
5002479,302547,511,16-09-2025,26-09-2025,Cancelled,164882.77,
5002480,301751,521,05-04-2026,05-04-2026,Cancelled,3800.6,
5002481,300630,534,15-04-2026,19-04-2026,Cancelled,139233.4,
5002482,300139,516,20-Feb-26,02-27-2026,SHIPPED,174901.51,
5002483,301880,504,14-09-2025,21-09-2025,Cancelled,68853.99,
5002484,302610,527,07-14-2024,26-07-2024,pending ,,
5002485,301268,504,06-12-2023,06-12-2023,pending ,49712.92,
5002486,301928,504,26-08-2025,,Delivered,44038.22,
5002487,300259,514,20-08-2025,30-08-2025,SHIPPED,21830.65,
5002488,300293,501,17-08-2025,17-08-2025,Cancelled,69541.54,
5002489,301859,501,29-03-2024,29-03-2024,Pending,256817.92,
5002490,302970,511,06-03-2022,14-03-2022,Delivered,159609.64,
5002491,301306,503,23-03-2023,24-03-2023,Shipped,148938.85,
5002492,301552,513,29-12-2025,09-Jan-26,pending ,136462.29,
5002493,301788,534,10-01-2026,11-01-2026,Returned,,
5002494,300326,528,13-03-2024,15-03-2024,delivered,,
5002495,300460,525,27-12-2024,29-12-2024,delivered,122546.95,
5002496,302077,525,26-11-2025,03-12-2025,pending ,28665.21,
5002497,300081,510,11-01-2026,15-01-2026,SHIPPED,69681.88,
5002498,301295,503,07-08-2024,18-08-2024,Shipped,66568.9,
5002499,302123,510,18-09-2025,30-09-2025,delivered,75374.98,
5002500,302849,523,04-01-2026,09-01-2026,Returned,48220.17,
5002501,302666,509,16-05-2026,19-05-2026,pending ,48734.24,
5002502,302578,519,12-01-2024,19-01-2024,Cancelled,57939.37,
5002503,300630,510,28-04-2022,,Pending,73795.57,
5002504,300059,507,27-10-2025,02-11-2025,pending ,108654.38,
5002505,301148,534,20-11-2025,22-11-2025,Delivered,46574.46,
5002506,302044,540,17-04-2023,21-04-2023,SHIPPED,39167.47,
5002507,301710,529,13-Aug-25,19-08-2025,SHIPPED,36340.56,
5002508,302666,540,25-Sep-25,05-Oct-25,Returned,132046.82,
5002509,302439,517,09-03-2023,14-03-2023,Returned,,
5002510,301668,530,19-07-2025,20-07-2025,pending ,93893.6,
5002511,300456,513,31-01-2026,07-02-2026,Pending,43342.03,
5002512,302135,530,20-07-2026,22-07-2026,pending ,23664.64,
5002513,301547,521,02-04-2025,13-04-2025,pending ,195659.35,
5002514,301250,519,06-06-2026,17-06-2026,Delivered,69329.47,
5002515,300775,502,18-06-2026,20-06-2026,Cancelled,,
5002516,301576,521,28-03-2026,06-04-2026,Cancelled,38995.39,
5002517,302270,514,08-09-2022,11-09-2022,Cancelled,46214.9,
5002518,300895,525,25-01-2026,06-02-2026,SHIPPED,35881.2,
5002519,301495,531,09-03-2026,13-03-2026,Delivered,74515.95,
5002520,300906,540,28-06-2026,29-06-2026,pending ,12021.51,
5002521,302617,505,18-11-2023,19-11-2023,pending ,24884.93,
5002522,300033,520,04-12-2021,05-12-2021,Shipped,199346.39,
5002523,302608,510,15-12-2023,20-12-2023,Shipped,87616.64,
5002524,300464,535,20-06-2023,01-07-2023,Shipped,56621.09,
5002525,301542,539,22-02-2023,04-03-2023,pending ,122121.57,
5002526,302481,509,18-07-2025,30-07-2025,Delivered,232901.82,
5002527,300125,538,02-05-2026,06-May-26,pending ,11976.72,
5002528,300923,501,05-09-2025,10-09-2025,pending ,48656.76,
5002529,302635,513,23-12-2025,02-01-2026,Cancelled,22992.51,
5002530,300676,529,12-12-2023,12-15-2023,Cancelled,52883.48,
5002531,300325,530,26-05-2021,04-06-2021,pending ,49575.1,
5002532,300322,507,08-08-2024,10-08-2024,Pending,143755.41,
5002533,302425,502,03-10-2025,13-10-2025,SHIPPED,,
5002534,300459,513,01-07-2024,04-07-2024,Shipped,13597.22,
5002535,301692,520,05-05-2025,07-05-2025,delivered,31691.1,
5002536,301273,523,19-02-2022,01-03-2022,Returned,16427.59,
5002537,302002,522,22-06-2026,30-06-2026,Pending,8827.21,
5002538,302670,522,25-09-2025,02-10-2025,Pending,,
5002539,300767,522,11-14-2023,18-11-2023,Delivered,85782.93,
5002540,300462,538,13-Jun-25,14-06-2025,delivered,147833.31,
5002541,301146,514,05-10-2024,20-05-2024,SHIPPED,29696.38,
5002542,301575,528,11-04-2025,23-04-2025,Cancelled,10019.69,
5002543,302995,503,13-11-2024,23-11-2024,delivered,26954.17,
5002544,300801,512,15-07-2025,20-07-2025,pending ,10123.39,
5002545,302737,507,02-24-2024,29-02-2024,pending ,-4732.32,
5002546,300131,515,26-02-2022,03-09-2022,Shipped,91524.05,
5002547,302010,514,11-01-2025,14-01-2025,Pending,57144.55,
5002548,300510,506,25-07-2025,03-08-2025,pending ,11387.26,
5002549,302244,505,06-06-2026,07-06-2026,Cancelled,88963.32,
5002550,301428,533,24-06-2026,25-06-2026,Returned,30244.57,
5002551,302206,522,12-01-2025,23-01-2025,SHIPPED,101769.61,
5002552,301150,513,25-08-2024,31-08-2024,SHIPPED,24573.26,
5002553,302708,536,22-02-2026,04-03-2026,Shipped,-2668.21,
5002554,301289,526,04-Aug-22,16-08-2022,delivered,83930.15,
5002555,300148,525,12-07-2025,13-07-2025,delivered,,
5002556,301622,522,28-10-2024,01-11-2024,Cancelled,,
5002557,300842,506,18-03-2024,24-03-2024,delivered,17005.32,
5002558,301279,511,19-06-2021,21-06-2021,Delivered,36348.41,
5002559,302932,527,07-08-2023,10-08-2023,delivered,37025.98,
5002560,300704,539,21-07-2022,27-07-2022,Cancelled,214863.76,
5002561,302848,529,02-01-2023,05-01-2023,pending ,18265.17,
5002562,300322,533,07-09-2024,12-09-2024,Cancelled,,
5002563,300122,530,30-08-2022,11-09-2022,pending ,47218.5,
5002564,302002,519,08-03-2024,12-03-2024,delivered,14047.72,
5002565,300411,514,24-06-2024,06-27-2024,Cancelled,,
5002566,300993,528,12-04-2026,17-04-2026,SHIPPED,88717.27,
5002567,301655,530,19-03-2025,21-03-2025,Delivered,10397.14,
5002568,301870,528,15-02-2026,21-02-2026,Delivered,,
5002569,302112,510,17-02-2025,17-02-2025,delivered,2035.61,
5002570,301418,509,22-02-2023,26-02-2023,Returned,85903.55,
5002571,300263,518,09-10-2024,,Returned,61942.27,
5002572,300801,534,07-02-2026,10-02-2026,SHIPPED,64541.22,
5002573,300206,501,04-08-2025,12-Aug-25,Shipped,51837.51,
5002574,301588,534,25-05-2024,26-05-2024,Pending,156186.14,
5002575,301953,537,09-12-2022,18-12-2022,Shipped,69124.3,
5002576,302501,531,05-30-2025,01-06-2025,pending ,2821.9,
5002577,301483,527,03-06-2025,04-06-2025,SHIPPED,12231.84,
5002578,302920,521,30-09-2025,02-10-2025,Shipped,80234.37,
5002579,301368,534,23-06-2022,25-06-2022,SHIPPED,74139,
5002580,301788,506,31-03-2025,07-04-2025,pending ,104898.06,
5002581,301187,516,11-Apr-24,16-04-2024,SHIPPED,73943.36,
5002582,300747,522,18-11-2024,25-11-2024,Shipped,127299.16,
5002583,302125,521,23-08-2022,29-08-2022,SHIPPED,63145.06,
5002584,300879,508,05-29-2026,05-06-2026,Cancelled,,
5002585,301694,535,14-08-2025,25-08-2025,Cancelled,,
5002586,301368,513,20-Nov-21,26-11-2021,SHIPPED,95340.11,
5002587,302600,529,18-11-2025,22-11-2025,delivered,54886.73,
5002588,301248,535,18-03-2024,26-03-2024,pending ,9228.6,
5002589,300892,507,12-11-2022,17-11-2022,pending ,,
5002590,301930,503,13-11-2022,18-11-2022,Cancelled,21363.18,
5002591,301272,525,08-05-2026,16-05-2026,SHIPPED,78721.32,
5002592,302539,528,17-07-2026,20-07-2026,Returned,,
5002593,301964,532,01-23-2026,27-01-2026,Cancelled,8145.31,
5002594,301080,506,12-12-2025,,pending ,28097.65,
5002595,300555,527,01-12-2025,06-12-2025,SHIPPED,92824.84,
5002596,302044,504,27-09-2025,06-10-2025,pending ,,
5002597,302786,530,06-06-2025,07-06-2025,pending ,144645.59,
5002598,300500,534,31-07-2023,11-08-2023,Returned,,
5002599,300145,516,08-08-2025,20-08-2025,Shipped,,
5002600,301990,509,04-12-2022,04-12-2022,SHIPPED,59506.56,
5002601,301628,519,09-08-2025,20-08-2025,Returned,8237.27,
5002602,301946,533,03-12-2023,13-12-2023,Returned,119927.37,
5002603,301433,532,16-08-2025,21-08-2025,Shipped,89290.15,
5002604,300406,539,21-10-2025,30-10-2025,Delivered,69937.98,
5002605,301539,512,22-09-2024,02-10-2024,Shipped,34390.16,
5002606,300085,514,02-04-2026,14-04-2026,SHIPPED,43240.99,
5002607,301608,528,27-03-2025,06-04-2025,Returned,334.14,
5002608,300599,502,08-04-2022,14-04-2022,Cancelled,,
5002609,300204,509,22-04-2025,23-Apr-25,SHIPPED,108526.54,
5002610,301532,515,29-02-2024,02-03-2024,delivered,146824.14,
5002611,301952,504,26-08-2023,05-09-2023,Shipped,32865.96,
5002612,300125,518,10-03-2026,20-Mar-26,Delivered,106220.68,
5002613,301233,514,22-12-2024,28-12-2024,Pending,,
5002614,302846,537,29-07-2026,05-08-2026,delivered,47448.22,
5002615,301229,521,12-04-2025,13-04-2025,Shipped,15676.35,
5002616,301411,533,07-02-2023,17-02-2023,delivered,,
5002617,301004,512,06-16-2021,16-06-2021,Delivered,20080.53,
5002618,301278,502,18-Jan-24,22-Jan-24,Returned,9765.09,
5002619,300751,532,03-01-2025,04-03-2025,Pending,28478.84,
5002620,301276,519,22-Jul-23,29-07-2023,SHIPPED,143165.73,
5002621,300666,531,12-04-2023,19-04-2023,Returned,119587.61,
5002622,302981,540,06-12-2021,06-12-2021,pending ,33645.65,
5002623,301096,509,15-10-2025,20-10-2025,delivered,7667.05,
5002624,300082,537,02-07-2025,03-07-2025,Delivered,,
5002625,302714,518,11-07-2026,12-07-2026,delivered,9165.96,
5002626,300378,526,03-24-2025,31-03-2025,SHIPPED,125212.96,
5002627,301297,535,27-07-2026,02-08-2026,Cancelled,14916.27,
5002628,301810,524,26-12-2025,02-01-2026,pending ,22652.12,
5002629,300504,505,26-08-2025,04-09-2025,Shipped,69942.29,
5002630,302018,531,20-03-2025,,pending ,83113.76,
5002631,302609,501,14-06-2024,24-06-2024,Pending,,
5002632,301134,522,13-09-2023,21-09-2023,Cancelled,103376.79,
5002633,300001,515,12-12-2020,19-12-2020,SHIPPED,,
5002634,301175,522,04-09-2024,08-Sep-24,Returned,56863.04,
5002635,302462,532,10-05-2026,19-05-2026,Delivered,16491.07,
5002636,300859,511,31-05-2022,06-06-2022,pending ,64911.72,
5002637,301504,532,08-05-2023,20-05-2023,SHIPPED,15036.36,
5002638,301329,501,10-03-2023,14-03-2023,Cancelled,3808.06,
5002639,300074,533,04-23-2026,25-04-2026,delivered,32092.07,
5002640,300079,505,06-08-2025,12-08-2025,delivered,,
5002641,302994,537,19-01-2025,24-01-2025,pending ,26279.11,
5002642,300952,519,03-11-2021,05-11-2021,Pending,101907.07,
5002643,300596,517,27-07-2026,02-08-2026,Delivered,170719.52,
5002644,301972,504,15-02-2025,,SHIPPED,43600.6,
5002645,301118,530,11-10-2024,14-10-2024,pending ,13075.07,
5002646,302471,515,15-12-2024,24-12-2024,Cancelled,24215.53,
5002647,302968,534,09-04-2024,15-04-2024,SHIPPED,10369.2,
5002648,302139,534,06-May-26,14-05-2026,SHIPPED,249629.39,
5002649,302206,525,10-30-2024,10-11-2024,pending ,68042.68,
5002650,302226,515,17-04-2026,22-04-2026,Returned,,
5002651,302445,502,17-09-2025,09-20-2025,Delivered,38390.82,
5002652,302217,530,21-Jul-23,01-08-2023,Delivered,8950.43,
5002653,301842,529,28-12-2024,04-01-2025,SHIPPED,136976.75,
5002654,301816,515,17-05-2026,24-05-2026,Delivered,,
5002655,301470,537,28-03-2025,03-04-2025,Cancelled,3048.09,
5002656,300890,524,17-02-2024,24-02-2024,Pending,32367.16,
5002657,301050,525,12-08-2025,23-Aug-25,pending ,16703.78,
5002658,300770,523,12-01-2024,20-01-2024,SHIPPED,89249.07,
5002659,301612,514,25-01-2024,29-01-2024,pending ,,
5002660,300748,530,16-04-2023,19-04-2023,Pending,,
5002661,301626,534,24-07-2026,24-07-2026,Returned,,
5002662,300929,523,23-Dec-25,04-01-2026,Pending,22743.9,
5002663,302857,521,10-22-2024,27-10-2024,Returned,165143.35,
5002664,302062,515,29-04-2026,08-05-2026,Returned,,
5002665,301318,525,20-08-2024,29-08-2024,pending ,14952.96,
5002666,302046,530,25-Mar-26,27-03-2026,SHIPPED,51704.98,
5002667,302992,506,29-08-2025,03-09-2025,Delivered,16229.05,
5002668,300043,532,19-10-2023,,delivered,3721.89,
5002669,300246,527,09-01-2025,18-01-2025,SHIPPED,86419.49,
5002670,302842,535,01-09-2025,14-01-2025,SHIPPED,11873.87,
5002671,302659,508,21-09-2023,29-09-2023,pending ,16942.65,
5002672,301401,504,14-02-2025,,Shipped,56340.5,
5002673,301426,534,27-12-2024,01-01-2025,Pending,3022.95,
5002674,300589,517,20-09-2024,26-09-2024,Pending,63793.91,
5002675,300393,535,16-03-2023,03-20-2023,Shipped,47001.08,
5002676,301832,537,09-04-2025,12-04-2025,Shipped,49574.32,
5002677,301298,538,23-12-2024,23-12-2024,SHIPPED,59359.71,
5002678,302449,505,25-10-2025,,Cancelled,19499.9,
5002679,301685,505,15-02-2025,23-02-2025,Shipped,125632.36,
5002680,300262,513,26-01-2024,05-02-2024,Cancelled,213411.63,
5002681,302173,505,15-05-2023,17-05-2023,SHIPPED,103179.48,
5002682,300553,537,09-03-2026,12-03-2026,Delivered,88399.99,
5002683,301478,505,31-07-2024,31-07-2024,Cancelled,28226.34,
5002684,300438,510,28-05-2025,28-05-2025,delivered,121210.7,
5002685,302164,527,07-01-2026,01-16-2026,Returned,,
5002686,300064,516,17-06-2026,23-06-2026,Shipped,169889.14,
5002687,302549,512,17-01-2026,01-27-2026,Returned,15856.07,
5002688,302091,520,11-11-2023,11-11-2023,Cancelled,1943.84,
5002689,300113,504,09-07-2026,15-07-2026,Returned,131917.01,
5002690,301115,526,28-05-2026,02-06-2026,delivered,43230.9,
5002691,300216,526,05-03-2025,03-11-2025,Delivered,77946.49,
5002692,301430,502,21-05-2026,26-05-2026,SHIPPED,7427.12,
5002693,301351,535,13-03-2024,16-03-2024,Cancelled,,
5002694,302391,539,09-11-2021,13-11-2021,Cancelled,24880.49,
5002695,301334,510,24-12-2025,05-01-2026,SHIPPED,131702.47,
5002696,300075,508,17-07-2026,,Returned,128138.45,
5002697,302037,520,22-07-2024,01-08-2024,Shipped,3981.02,
5002698,302591,504,06-07-2026,16-07-2026,Cancelled,62769.75,
5002699,301987,513,13-04-2025,21-04-2025,Cancelled,6850.09,
5002700,300031,535,21-06-2025,25-Jun-25,Delivered,44134.21,
5002701,300850,525,31-10-2025,03-Nov-25,Returned,-3493.55,
5002702,302594,524,16-02-2024,22-02-2024,SHIPPED,-2592.45,
5002703,301696,522,10-20-2023,20-10-2023,delivered,,
5002704,302866,535,26-03-2023,02-04-2023,Delivered,44862.35,
5002705,300380,518,23-06-2024,01-07-2024,delivered,,
5002706,301860,507,22-06-2026,22-06-2026,Returned,110002.42,
5002707,302537,507,01-02-2026,09-02-2026,Shipped,124284.75,
5002708,301424,519,09-03-2023,09-09-2023,pending ,51612.64,
5002709,300382,501,31-05-2022,06-06-2022,Pending,,
5002710,301621,528,12-10-2025,17-10-2025,delivered,93161.59,
5002711,300963,515,03-09-2025,15-09-2025,delivered,,
5002712,302533,503,26-12-2024,29-12-2024,Pending,81180.97,
5002713,300955,528,10-06-2025,16-06-2025,Returned,64230.42,
5002714,302515,534,01-02-2024,02-02-2024,Cancelled,27951.72,
5002715,301655,522,01-09-2025,01-09-2025,Cancelled,69235.6,
5002716,300356,506,29-12-2024,30-Dec-24,Shipped,41937.83,
5002717,300448,501,11-07-2025,07-19-2025,pending ,49384.66,
5002718,302367,513,16-02-2026,27-02-2026,SHIPPED,46508.12,
5002719,300312,527,18-03-2026,20-03-2026,Returned,18505.95,
5002720,302710,508,21-05-2024,01-06-2024,pending ,42304.9,
5002721,301247,534,25-05-2023,01-06-2023,Cancelled,89445.2,
5002722,302499,510,12-Dec-25,18-12-2025,delivered,19784.88,
5002723,301800,538,14-03-2026,14-03-2026,Cancelled,121907.45,
5002724,301185,510,19-04-2024,20-04-2024,Returned,174792.92,
5002725,301368,505,06-07-2023,16-07-2023,Pending,88242.71,
5002726,302105,516,28-Jun-24,02-07-2024,Shipped,118297.51,
5002727,302748,504,22-05-2024,01-06-2024,Shipped,10043.34,
5002728,301247,521,10-01-2025,13-01-2025,Pending,9079.87,
5002729,300083,524,28-02-2024,29-02-2024,Shipped,4887.64,
5002730,301555,505,20-04-2025,27-04-2025,Returned,30510.41,
5002731,300030,540,09-Apr-26,13-04-2026,Delivered,36361.47,
5002732,302534,532,25-06-2024,06-30-2024,delivered,62632.59,
5002733,300417,538,21-12-2022,25-12-2022,delivered,4293.46,
5002734,301339,513,09-06-2026,12-Jun-26,Pending,,
5002735,302437,528,12-16-2024,24-12-2024,Shipped,101993.31,
5002736,301568,535,14-07-2026,16-07-2026,Cancelled,,
5002737,302672,539,29-01-2022,05-02-2022,SHIPPED,74365.35,
5002738,301129,522,26-01-2025,,SHIPPED,0,
5002739,302751,517,11-09-2024,22-09-2024,pending ,,
5002740,300946,504,24-12-2023,,SHIPPED,85321.85,
5002741,300980,509,27-02-2026,06-03-2026,Cancelled,60624.77,
5002742,301748,521,09-Mar-26,12-03-2026,delivered,-1628.92,
5002743,302397,517,12-04-2025,17-04-2025,Pending,,
5002744,301714,517,18-07-2025,18-07-2025,delivered,17520.18,
5002745,300857,530,24-12-2025,05-01-2026,Cancelled,162431.23,
5002746,302774,523,02-08-2025,11-08-2025,SHIPPED,179763.85,
5002747,300254,502,13-01-2026,01-22-2026,Delivered,16208.44,
5002748,302870,506,23-03-2024,03-04-2024,SHIPPED,213191.2,
5002749,301192,505,01-06-2025,02-06-2025,SHIPPED,50930.17,
5002750,301272,504,06-30-2026,12-07-2026,Pending,70797.89,
5002751,301754,503,12-07-2022,20-07-2022,Pending,70939.84,
5002752,300686,534,20-10-2023,25-10-2023,Cancelled,47041.13,
5002753,302203,539,11-02-2026,20-02-2026,Pending,,
5002754,300638,505,13-08-2025,17-08-2025,Returned,,
5002755,302551,530,21-04-2026,04-26-2026,SHIPPED,14746.21,
5002756,300827,513,14-03-2026,20-03-2026,Delivered,7756.6,
5002757,300861,501,30-03-2023,01-04-2023,pending ,64111.15,
5002758,301460,514,12-07-2025,07-22-2025,Returned,18756.01,
5002759,302095,522,01-07-2025,13-07-2025,pending ,8115.03,
5002760,301182,533,10-07-2026,20-07-2026,Cancelled,8474.62,
5002761,302302,509,06-02-2026,11-02-2026,Cancelled,121279.96,
5002762,301400,522,20-05-2024,21-05-2024,Returned,55841.85,
5002763,301556,502,18-09-2024,24-09-2024,Pending,54679.43,
5002764,301048,507,12-10-2024,19-10-2024,Shipped,5905.05,
5002765,300071,503,28-03-2026,29-03-2026,Pending,,
5002766,300736,509,13-09-2024,18-09-2024,SHIPPED,84763.25,
5002767,302443,515,26-02-2026,28-02-2026,Shipped,35659.19,
5002768,301073,511,01-05-2024,04-05-2024,Pending,18474.57,
5002769,300467,517,26-08-2024,02-09-2024,Shipped,2792.51,
5002770,302531,532,21-12-2025,28-12-2025,Delivered,63462.3,
5002771,300322,523,03-10-2023,04-10-2023,Returned,383.69,
5002772,300763,512,02-04-2022,10-02-2022,SHIPPED,68350.63,
5002773,302502,503,30-06-2026,11-07-2026,Cancelled,17723.34,
5002774,300355,522,18-05-2021,27-05-2021,delivered,9310.83,
5002775,301202,522,18-08-2025,26-08-2025,Pending,31331.96,
5002776,302581,501,01-03-2025,04-03-2025,Cancelled,155015.39,
5002777,300060,540,25-06-2025,03-07-2025,Shipped,80260.7,
5002778,302457,524,14-05-2026,,SHIPPED,148766.55,
5002779,302030,526,04-04-2025,13-04-2025,Shipped,,
5002780,302333,508,24-10-2025,03-11-2025,pending ,10149.61,
5002781,301118,508,21-07-2025,07-31-2025,Shipped,22324.77,
5002782,301484,508,13-09-2025,18-09-2025,Cancelled,,
5002783,301856,522,28-07-2025,30-Jul-25,SHIPPED,,
5002784,301780,528,15-02-2026,23-02-2026,Returned,67175.96,
5002785,300871,506,05-Apr-22,06-04-2022,Shipped,85680.95,
5002786,301249,530,27-08-2023,05-09-2023,Returned,121522.57,
5002787,300824,502,27-06-2025,04-07-2025,Cancelled,10690.72,
5002788,302787,510,29-11-2021,08-12-2021,delivered,,
5002789,302245,540,07-12-2025,10-12-2025,Returned,,
5002790,300835,511,22-02-2025,26-02-2025,Pending,8078.77,
5002791,300416,523,30-06-2025,08-07-2025,Delivered,325651.7,
5002792,302559,507,25-01-2026,04-02-2026,Shipped,1804.33,
5002793,301299,520,29-05-2023,02-06-2023,Delivered,112366.2,
5002794,302725,516,27-11-2023,04-12-2023,SHIPPED,39234.41,
5002795,300898,517,14-Sep-25,16-09-2025,Pending,120595.39,
5002796,301312,515,22-03-2025,02-04-2025,Cancelled,10088.82,
5002797,302457,526,14-05-2026,,Returned,1313.69,
5002798,300108,506,07-12-2025,18-12-2025,SHIPPED,237166.27,
5002799,302163,522,21-06-2026,23-06-2026,SHIPPED,34296.17,
5002800,302061,502,29-06-2025,07-07-2025,Returned,97147.26,
5002801,301574,508,15-10-2025,17-10-2025,pending ,,
5002802,300007,501,11-10-2025,18-Oct-25,Cancelled,,
5002803,301467,521,27-11-2021,28-11-2021,Cancelled,10791.11,
5002804,300481,504,02-01-2025,07-01-2025,pending ,4146.03,
5002805,300007,525,19-04-2026,29-04-2026,delivered,17937.75,
5002806,302255,512,17-08-2023,20-08-2023,Delivered,,
5002807,302805,521,09-12-2024,12-12-2024,Pending,,
5002808,301379,537,08-08-2025,14-08-2025,Shipped,5941.73,
5002809,300782,505,15-Oct-25,20-10-2025,Returned,39127.71,
5002810,302210,511,27-12-2024,01-06-2025,Cancelled,52366.57,
5002811,300073,540,05-09-2025,,Returned,7692.45,
5002812,302833,508,10-03-2026,15-03-2026,Cancelled,52809.37,
5002813,302907,528,17-01-2025,20-01-2025,Cancelled,88629.07,
5002814,301347,520,25-01-2024,27-01-2024,Cancelled,10570.23,
5002815,300571,514,20-07-2024,28-07-2024,pending ,-15644.7,
5002816,302509,514,22-04-2024,01-05-2024,pending ,6750.64,
5002817,301869,536,24-08-2023,03-Sep-23,Delivered,,
5002818,302800,519,03-07-2023,,Shipped,38278.03,
5002819,300589,505,05-15-2024,15-05-2024,Cancelled,41610.81,
5002820,300035,522,08-05-2026,,Pending,8136.9,
5002821,302038,502,10-12-2025,20-12-2025,Delivered,,
5002822,302768,509,05-02-2025,14-02-2025,SHIPPED,156385.75,
5002823,301219,530,23-Jul-25,03-08-2025,Returned,174396.88,
5002824,302803,519,23-03-2024,30-03-2024,pending ,43216.72,
5002825,302504,531,27-03-2024,02-04-2024,Pending,12983.77,
5002826,301583,513,01-01-2026,,Cancelled,43553.72,
5002827,300845,509,07-08-2022,19-08-2022,Pending,122013.83,
5002828,300388,501,28-06-2024,04-07-2024,SHIPPED,46435.34,
5002829,300289,539,21-04-2023,22-04-2023,Returned,13184.48,
5002830,301883,528,15-10-2024,21-10-2024,Returned,,
5002831,302389,510,21-12-2025,27-12-2025,pending ,,
5002832,302320,526,23-08-2023,04-09-2023,SHIPPED,,
5002833,301567,524,05-03-2023,03-14-2023,pending ,129246,
5002834,302162,503,16-07-2024,24-07-2024,SHIPPED,126574.38,
5002835,302329,513,16-10-2021,27-10-2021,pending ,84515.92,
5002836,302987,505,29-03-2026,29-03-2026,Cancelled,35907.59,
5002837,302164,524,08-03-2026,13-03-2026,Pending,46213.74,
5002838,302428,510,04-05-2026,04-05-2026,Cancelled,9038.04,
5002839,300994,536,06-07-2024,09-07-2024,delivered,98101.43,
5002840,300277,508,12-01-2022,22-01-2022,pending ,118960.62,
5002841,301924,516,01-08-2026,11-Aug-26,SHIPPED,46144.33,
5002842,301793,511,08-04-2026,08-04-2026,Pending,110340.04,
5002843,300534,525,05-08-2024,17-08-2024,Shipped,94127.25,
5002844,301248,517,23-03-2024,29-03-2024,Delivered,38654.37,
5002845,301651,502,16-08-2024,17-08-2024,Returned,13355.49,
5002846,302319,508,24-03-2026,04-04-2026,Shipped,31587.53,
5002847,300854,501,03-06-2023,06-06-2023,Shipped,136784.74,
5002848,301187,506,13-02-2026,21-02-2026,pending ,59599.15,
5002849,302421,516,06-11-2025,06-11-2025,pending ,101392.19,
5002850,301146,522,23-06-2025,27-06-2025,Pending,171366.7,
5002851,301807,538,30-03-2023,07-04-2023,Pending,57504.44,
5002852,302893,518,13-05-2025,23-05-2025,SHIPPED,,
5002853,300355,525,17-12-2024,27-12-2024,Returned,131841.26,
5002854,300239,534,23-06-2026,24-06-2026,SHIPPED,175008.66,
5002855,300953,516,19-05-2022,22-05-2022,delivered,1687.17,
5002856,301978,519,16-06-2026,19-06-2026,Pending,118878.77,
5002857,301698,522,06-02-2026,07-02-2026,delivered,,
5002858,300343,515,26-01-2025,03-02-2025,Returned,,
5002859,302927,527,11-01-2025,15-01-2025,Pending,30218.78,
5002860,302805,504,10-05-2026,11-05-2026,Shipped,48943.7,
5002861,301387,522,29-09-2025,30-09-2025,Shipped,37330.03,
5002862,300218,519,03-22-2024,24-03-2024,delivered,,
5002863,302597,526,09-03-2026,03-17-2026,Delivered,16107.55,
5002864,302204,509,09-01-2024,14-01-2024,SHIPPED,78800.37,
5002865,302029,526,12-03-2025,,SHIPPED,,
5002866,302298,512,07-04-2026,17-04-2026,pending ,,
5002867,302100,506,24-02-2026,05-03-2026,pending ,88860.04,
5002868,300188,506,20-03-2025,,Returned,6162.69,
5002869,301943,501,30-07-2022,07-08-2022,Cancelled,,
5002870,300466,520,29-06-2023,01-07-2023,Shipped,72270.93,
5002871,301233,502,05-07-2024,09-07-2024,Returned,,
5002872,300601,537,20-03-2025,24-03-2025,Delivered,,
5002873,300088,538,02-12-2022,10-12-2022,Cancelled,,
5002874,301134,501,01-01-2024,02-01-2024,Cancelled,86897.89,
5002875,302579,514,02-08-2023,,SHIPPED,,
5002876,300289,501,24-04-2024,25-04-2024,Returned,26524.99,
5002877,301695,535,09-11-2023,11-11-2023,pending ,,
5002878,300519,520,02-10-2025,03-10-2025,SHIPPED,76557.75,
5002879,302476,515,07-07-2024,07-11-2024,pending ,27814.32,
5002880,300583,520,07-07-2026,14-07-2026,SHIPPED,174789.84,
5002881,300803,526,05-11-2024,16-11-2024,Returned,32060.47,
5002882,302393,508,25-08-2024,05-09-2024,Shipped,,
5002883,301798,525,16-03-2022,24-03-2022,pending ,334097.6,
5002884,300550,535,15-12-2024,27-12-2024,delivered,20556.91,
5002885,302104,504,28-02-2025,04-03-2025,delivered,251030.19,
5002886,302842,506,22-Mar-26,03-04-2026,delivered,60522.05,
5002887,301574,507,22-06-2025,27-06-2025,Shipped,,
5002888,301373,508,16-Apr-26,17-04-2026,delivered,34032.04,
5002889,302565,537,19-04-2025,24-04-2025,Pending,68417,
5002890,301677,524,30-Nov-22,05-12-2022,delivered,46897.9,
5002891,300116,513,09-08-2025,18-08-2025,Returned,99871.68,
5002892,302194,534,21-06-2021,29-06-2021,Cancelled,171097.67,
5002893,300042,517,10-Apr-26,12-04-2026,Cancelled,24230.76,
5002894,300536,508,24-04-2026,24-04-2026,Cancelled,65578.71,
5002895,300040,501,10-05-2024,10-05-2024,SHIPPED,88185.09,
5002896,301412,520,17-12-2025,27-12-2025,Shipped,421.71,
5002897,301246,522,11-03-2021,14-11-2021,pending ,90616.08,
5002898,300153,503,01-Jul-26,10-07-2026,Delivered,22115.3,
5002899,301111,513,03-04-2023,04-04-2023,Shipped,159396.05,
5002900,302115,534,01-11-2023,05-11-2023,SHIPPED,152.66,
5002901,300546,538,01-11-2025,07-11-2025,pending ,74184.28,
5002902,302752,505,27-12-2025,07-Jan-26,Returned,47452.97,
5002903,302758,512,04-30-2026,09-05-2026,pending ,73646.67,
5002904,302212,506,03-02-2025,07-02-2025,Pending,39974.94,
5002905,301822,531,14-Apr-26,,delivered,135127.13,
5002906,301385,521,16-01-2024,20-01-2024,Shipped,16189,
5002907,302227,535,16-04-2026,22-04-2026,delivered,215094.44,
5002908,300103,515,21-05-2025,22-05-2025,pending ,34809.32,
5002909,300255,518,16-07-2023,17-07-2023,Cancelled,140268.15,
5002910,301133,514,19-12-2025,30-12-2025,Returned,108363.73,
5002911,300069,525,22-05-2024,29-05-2024,Cancelled,57635.36,
5002912,301466,529,20-06-2026,22-06-2026,pending ,,
5002913,300931,504,10-24-2023,02-11-2023,Returned,14923.14,
5002914,301270,533,14-07-2025,17-07-2025,Delivered,90518.6,
5002915,302433,519,28-01-2026,03-Feb-26,Cancelled,,
5002916,300235,531,09-07-2026,07-09-2026,SHIPPED,36787.37,
5002917,301827,505,17-08-2025,26-08-2025,Cancelled,,
5002918,302928,526,25-08-2025,27-08-2025,Pending,21706.11,
5002919,300283,539,23-12-2022,,delivered,64717.27,
5002920,301859,538,03-04-2026,08-04-2026,Returned,86651.23,
5002921,301220,505,28-11-2024,10-12-2024,delivered,,
5002922,302979,511,29-09-2025,05-10-2025,pending ,29279.56,
5002923,301308,537,21-03-2026,29-03-2026,delivered,101203.96,
5002924,300795,502,25-12-2025,28-12-2025,Delivered,15563.71,
5002925,302725,512,07-01-2026,,Pending,18209.05,
5002926,302998,534,12-01-2025,15-Jan-25,pending ,157200.84,
5002927,301498,532,27-11-2025,01-12-2025,delivered,22164.03,
5002928,300838,512,07-03-2026,19-03-2026,SHIPPED,112900.98,
5002929,302661,536,15-06-2026,22-06-2026,Returned,164176.54,
5002930,301791,523,29-03-2026,08-04-2026,SHIPPED,155165.73,
5002931,301226,506,05-02-2025,14-02-2025,Cancelled,219165.54,
5002932,301087,535,29-08-2025,08-09-2025,delivered,114484.38,
5002933,300374,523,22-12-2025,01-01-2026,Cancelled,5208.75,
5002934,301337,506,25-03-2023,01-04-2023,Shipped,48767.92,
5002935,301122,536,15-08-2024,25-08-2024,SHIPPED,161977.93,
5002936,300807,529,03-08-2024,04-08-2024,Cancelled,40696.73,
5002937,300276,535,21-01-2025,02-02-2025,Pending,,
5002938,302037,537,21-09-2025,21-09-2025,SHIPPED,15401.61,
5002939,301795,519,13-09-2025,15-09-2025,Delivered,27115.57,
5002940,302723,531,14-12-2025,18-12-2025,SHIPPED,34895.3,
5002941,300858,527,06-11-2023,14-11-2023,Shipped,-8331.69,
5002942,301418,506,30-05-2023,03-06-2023,Cancelled,92745.03,
5002943,302918,509,19-07-2026,27-07-2026,Delivered,2571.55,
5002944,302178,528,17-02-2026,02-23-2026,SHIPPED,-673.53,
5002945,301679,507,11-11-2022,23-11-2022,Cancelled,132405.46,
5002946,302516,530,11-02-2024,,delivered,72369.4,
5002947,301514,512,07-11-2025,08-11-2025,SHIPPED,97142.81,
5002948,301533,510,01-02-2025,12-02-2025,pending ,58813.15,
5002949,300802,508,30-09-2025,03-Oct-25,Shipped,104900.19,
5002950,300339,506,12-21-2024,21-12-2024,Delivered,316.03,
5002951,300131,535,03-07-2025,13-07-2025,delivered,51645.16,
5002952,301830,516,21-06-2026,01-07-2026,Cancelled,6485.08,
5002953,302484,513,12-09-2021,22-09-2021,SHIPPED,,
5002954,301599,517,07-02-2026,10-02-2026,Delivered,68564.48,
5002955,302148,525,11-10-2025,23-Oct-25,delivered,13310.42,
5002956,302091,522,29-10-2022,05-11-2022,Pending,,
5002957,301063,526,20-06-2025,28-06-2025,Delivered,48389.55,
5002958,302466,525,01-01-2022,01-01-2022,Cancelled,64308.51,
5002959,300224,510,07-04-2026,13-04-2026,delivered,31106.09,
5002960,302057,512,24-06-2026,28-06-2026,Cancelled,57923.64,
5002961,300337,534,05-10-2025,17-10-2025,Pending,127761.67,
5002962,301879,538,28-09-2024,07-10-2024,Shipped,4581.48,
5002963,302808,510,28-07-2021,30-07-2021,Pending,,
5002964,302644,533,26-02-2026,01-03-2026,delivered,11958.43,
5002965,301191,525,15-03-2023,17-03-2023,Delivered,,
5002966,302202,529,24-05-2026,29-05-2026,Cancelled,65378.12,
5002967,300721,528,01-12-2024,,pending ,36410.17,
5002968,302087,516,08-05-2025,15-05-2025,Returned,0,
5002969,301730,515,23-11-2025,23-11-2025,Pending,14407.05,
5002970,300895,535,27-09-2025,09-10-2025,pending ,45039.82,
5002971,302930,531,29-01-2025,09-02-2025,Pending,2384.4,
5002972,300317,528,13-10-2025,17-10-2025,SHIPPED,35250.34,
5002973,302235,509,01-11-2023,02-11-2023,Shipped,34479.21,
5002974,300612,524,03-12-2025,11-12-2025,Cancelled,113996.62,
5002975,300086,535,11-09-2024,10-11-2024,SHIPPED,74302.54,
5002976,301846,530,26-07-2025,04-08-2025,Pending,67596.83,
5002977,301230,522,28-12-2024,04-01-2025,pending ,115882.73,
5002978,300285,515,09-01-2022,14-01-2022,SHIPPED,,
5002979,302157,514,12-07-2026,12-07-2026,Returned,106044.22,
5002980,301300,528,01-04-2026,10-04-2026,Returned,25021.08,
5002981,301521,514,28-12-2025,01-09-2026,delivered,95085.03,
5002982,302063,531,11-07-2025,14-07-2025,pending ,46177.28,
5002983,301434,512,23-04-2022,24-04-2022,Pending,155039.33,
5002984,300453,501,23-09-2025,01-10-2025,Delivered,122110.75,
5002985,302002,528,14-12-2022,25-12-2022,Returned,60273.66,
5002986,302332,503,22-06-2026,01-07-2026,Delivered,59503.15,
5002987,302983,508,28-01-2026,03-02-2026,Cancelled,19052.33,
5002988,302712,523,01-08-2024,04-08-2024,Pending,2302.49,
5002989,300300,508,22-11-2023,30-11-2023,Delivered,232355.53,
5002990,300165,509,26-12-2024,26-12-2024,Delivered,,
5002991,302220,516,23-02-2025,28-02-2025,Delivered,12526.86,
5002992,301194,525,13-02-2026,20-02-2026,Returned,125123.02,
5002993,301926,535,07-06-2026,19-06-2026,Shipped,57507.04,
5002994,300499,513,31-05-2026,12-06-2026,SHIPPED,46147.67,
5002995,302110,524,24-07-2026,30-07-2026,Shipped,95044.71,
5002996,301740,516,08-16-2025,21-08-2025,delivered,5544.07,
5002997,300064,513,24-11-2025,01-12-2025,delivered,18539.64,
5002998,300633,506,18-12-2025,24-12-2025,delivered,,
5002999,301767,525,11-05-2025,17-05-2025,Returned,17986.51,
5003000,301687,508,24-04-2026,05-05-2026,Delivered,61833.85,
5003001,302858,514,21-10-2022,28-10-2022,Returned,15375.04,
5003002,302004,507,18-05-2026,,Pending,178223.6,
5003003,300781,510,19-06-2024,30-06-2024,Cancelled,73328.75,
5003004,300915,528,22-03-2025,24-03-2025,Cancelled,-15341.49,
5003005,301101,503,02-Sep-23,06-09-2023,pending ,53088.51,
5003006,302208,528,07-12-2025,12-18-2025,Shipped,37081.94,
5003007,300503,525,15-08-2025,26-08-2025,Cancelled,,
5003008,302553,514,02-11-2023,10-11-2023,Pending,101582.19,
5003009,301617,515,07-10-2025,12-10-2025,delivered,145467.45,
5003010,302770,502,19-05-2021,24-05-2021,delivered,2946.87,
5003011,300404,514,23-07-2026,04-08-2026,Pending,45602.79,
5003012,300789,504,07-01-2025,15-01-2025,delivered,23042.63,
5003013,300068,513,23-10-2022,24-10-2022,Returned,,
5003014,300448,520,27-Oct-25,30-10-2025,delivered,,
5003015,301858,505,11-11-2022,23-11-2022,Cancelled,,
5003016,300937,503,01-03-2025,07-03-2025,delivered,,
5003017,301207,537,13-08-2025,15-08-2025,Delivered,79630.53,
5003018,302188,525,03-06-2024,13-06-2024,Delivered,39116.38,
5003019,301779,520,25-10-2023,31-10-2023,delivered,8167.94,
5003020,301574,507,28-10-2025,08-11-2025,Shipped,,
5003021,302893,531,15-12-2023,21-12-2023,Cancelled,63570.7,
5003022,300092,521,19-03-2026,03-22-2026,Pending,83581.37,
5003023,302055,538,21-Dec-25,30-Dec-25,delivered,119738.04,
5003024,302650,535,13-06-2024,17-06-2024,SHIPPED,152668.33,
5003025,301146,511,06-01-2026,12-01-2026,Pending,202335.6,
5003026,301386,522,17-01-2026,20-01-2026,delivered,45224.65,
5003027,302191,536,28-05-2025,02-06-2025,Cancelled,25088.74,
5003028,301041,519,29-01-2026,02-09-2026,Cancelled,,
5003029,301189,535,18-10-2024,19-10-2024,Pending,109651.65,
5003030,301805,529,19-07-2023,31-07-2023,Cancelled,29766.29,
5003031,301182,532,17-08-2023,27-08-2023,Shipped,53148.29,
5003032,301582,531,22-12-2025,29-12-2025,Cancelled,,
5003033,301166,512,17-04-2024,24-04-2024,pending ,84591.74,
5003034,301274,530,22-09-2024,26-09-2024,Delivered,1842.78,
5003035,300074,504,23-08-2025,,Cancelled,4885.02,
5003036,300979,511,15-05-2025,19-05-2025,Returned,41949.09,
5003037,300033,506,15-09-2021,18-09-2021,Pending,20500.08,
5003038,300447,536,15-11-2023,16-11-2023,pending ,82785.53,
5003039,300604,519,25-03-2023,01-04-2023,delivered,119260.05,
5003040,301546,534,26-07-2022,06-08-2022,Shipped,,
5003041,301530,535,06-02-2026,09-02-2026,delivered,61189.91,
5003042,302544,520,13-08-2025,13-08-2025,Shipped,77963.13,
5003043,301194,530,17-05-2026,28-05-2026,Delivered,,
5003044,302093,515,20-06-2026,28-06-2026,SHIPPED,93495.73,
5003045,301424,508,26-05-2025,03-06-2025,SHIPPED,92896.87,
5003046,302226,509,09-12-2023,15-12-2023,SHIPPED,,
5003047,302989,537,06-01-2026,08-01-2026,pending ,15013.07,
5003048,302761,533,10-10-2022,16-10-2022,pending ,,
5003049,301215,528,15-03-2025,24-03-2025,delivered,72190.23,
5003050,302460,532,02-08-2025,05-08-2025,Delivered,78270.48,
5003051,300161,521,11-12-2025,,Pending,29368.5,
5003052,300788,516,07-04-2026,10-04-2026,Cancelled,13306.69,
5003053,301143,519,09-01-2026,19-01-2026,SHIPPED,33750.09,
5003054,301384,504,16-12-2025,26-12-2025,delivered,228098.01,
5003055,301072,501,23-04-2025,05-May-25,Cancelled,67657.59,
5003056,300555,516,02-09-2021,12-09-2021,Pending,74379.24,
5003057,302575,534,09-05-2026,11-05-2026,Pending,103960.07,
5003058,302411,523,15-02-2025,27-02-2025,Cancelled,15871.66,
5003059,300226,534,24-05-2025,31-05-2025,Delivered,37766.21,
5003060,301710,513,02-19-2024,29-02-2024,Returned,75086.23,
5003061,301203,506,28-02-2026,07-03-2026,Delivered,117488.2,
5003062,302614,535,14-Feb-25,21-02-2025,Pending,188478.58,
5003063,301201,534,04-11-2025,13-11-2025,SHIPPED,63036.39,
5003064,301531,504,05-09-2025,09-09-2025,SHIPPED,135665.11,
5003065,301865,518,23-03-2025,,Pending,133395.44,
5003066,302293,532,12-03-2025,23-03-2025,delivered,119963.34,
5003067,301631,529,16-11-2025,26-Nov-25,Shipped,120833.56,
5003068,301904,501,29-05-2025,03-06-2025,Pending,34598.21,
5003069,302935,531,01-07-2025,09-07-2025,Delivered,14074.47,
5003070,300614,506,16-05-2022,24-05-2022,delivered,150551.95,
5003071,300144,520,12-01-2023,22-01-2023,pending ,2853.9,
5003072,302895,506,06-05-2023,11-05-2023,Pending,5608.36,
5003073,301014,522,04-07-2024,05-07-2024,Returned,,
5003074,302539,523,17-03-2025,23-03-2025,Cancelled,257.01,
5003075,302100,520,06-Jan-26,11-01-2026,Returned,22064.56,
5003076,300856,512,20-11-2024,25-11-2024,SHIPPED,,
5003077,301499,526,07-09-2025,07-09-2025,SHIPPED,99994.4,
5003078,302562,531,26-01-2026,05-02-2026,Returned,63825.94,
5003079,301402,518,04-06-2022,08-06-2022,Shipped,96920.15,
5003080,302807,514,06-07-2024,06-07-2024,Cancelled,35212.38,
5003081,301439,505,25-Aug-25,29-08-2025,Pending,4124.19,
5003082,302462,526,07-12-2024,19-Dec-24,Shipped,86582.29,
5003083,300202,520,22-03-2021,31-03-2021,Returned,184009.59,
5003084,300965,534,31-07-2026,07-08-2026,Shipped,73653.3,
5003085,302359,502,18-Jul-23,27-07-2023,Cancelled,8485.49,
5003086,302321,510,12-07-2025,24-07-2025,Cancelled,30042.44,
5003087,300550,528,23-03-2026,03-04-2026,Returned,1374.23,
5003088,302351,507,02-03-2026,14-03-2026,Delivered,125426.76,
5003089,300109,512,12-06-2023,24-06-2023,Pending,174641.73,
5003090,301099,508,25-Jul-25,03-08-2025,SHIPPED,28975.64,
5003091,300033,540,28-04-2026,29-04-2026,Pending,125742.24,
5003092,300972,521,11-03-2024,14-03-2024,Shipped,78072.43,
5003093,301530,523,18-08-2023,29-08-2023,Pending,31111.74,
5003094,302943,523,08-30-2025,09-09-2025,Delivered,17796,
5003095,302354,507,14-11-2025,21-Nov-25,Pending,8287.41,
5003096,302179,540,11-09-2025,09-12-2025,SHIPPED,,
5003097,302243,507,12-Mar-23,18-Mar-23,Returned,56347.2,
5003098,302638,529,22-06-2026,24-06-2026,Pending,21299.08,
5003099,301034,528,31-03-2024,08-04-2024,Shipped,92232.37,
5003100,300650,517,18-01-2023,23-01-2023,pending ,37323.98,
5003101,302218,531,23-01-2024,23-01-2024,Shipped,62458.63,
5003102,301814,520,01-23-2024,27-01-2024,Returned,128589.22,
5003103,302736,525,04-07-2023,06-07-2023,Cancelled,137785.09,
5003104,302589,518,12-10-2024,16-10-2024,Returned,24195.65,
5003105,302978,508,24-01-2026,02-02-2026,pending ,,
5003106,301978,517,08-05-2025,05-19-2025,pending ,,
5003107,300114,528,04-12-2024,16-Dec-24,Pending,130278.84,
5003108,300767,520,27-05-2022,06-03-2022,pending ,59724.65,
5003109,300676,534,27-04-2023,29-04-2023,Cancelled,,
5003110,300024,528,15-08-2024,26-08-2024,Delivered,73415.57,
5003111,302968,533,30-10-2025,08-11-2025,Pending,23949.21,
5003112,300148,509,01-29-2026,08-02-2026,Cancelled,73920.72,
5003113,302602,517,19-07-2024,20-07-2024,pending ,63612.98,
5003114,302380,538,06-03-2025,12-06-2025,Pending,102193.87,
5003115,300694,539,03-06-2025,18-03-2025,Cancelled,17531.8,
5003116,301364,540,25-11-2025,06-12-2025,Pending,71391.36,
5003117,301767,515,14-11-2023,16-11-2023,pending ,75165.59,
5003118,301940,503,16-10-2025,,Shipped,,
5003119,302010,523,29-08-2024,,delivered,129710.43,
5003120,300608,525,14-12-2025,,delivered,,
5003121,302359,504,25-07-2023,26-07-2023,Pending,14871.68,
5003122,302647,527,04-Sep-25,04-09-2025,Returned,123999.7,
5003123,302367,508,12-04-2023,19-04-2023,Returned,26940.63,
5003124,302052,516,26-02-2026,09-03-2026,Delivered,167983.18,
5003125,300433,521,16-10-2024,22-10-2024,Cancelled,246093.19,
5003126,301103,515,11-02-2026,20-02-2026,SHIPPED,,
5003127,302576,505,22-03-2025,01-04-2025,delivered,19381.96,
5003128,302758,539,21-05-2025,05-26-2025,pending ,,
5003129,302751,532,11-07-2026,18-07-2026,Shipped,,
5003130,302639,504,30-03-2026,02-04-2026,delivered,78412.76,
5003131,302557,508,06-21-2025,06-28-2025,Shipped,103641.9,
5003132,301528,535,17-06-2024,25-06-2024,Cancelled,34296.73,
5003133,300452,515,21-03-2025,03-21-2025,Pending,39499.32,
5003134,300475,534,09-08-2025,18-08-2025,Shipped,133492.41,
5003135,302556,525,23-05-2023,01-06-2023,Cancelled,31684.64,
5003136,301614,528,11-02-2025,12-Feb-25,Returned,83924.45,
5003137,300096,506,12-11-2022,12-11-2022,Delivered,7749.97,
5003138,301679,536,15-12-2023,19-12-2023,SHIPPED,107229.25,
5003139,301423,517,19-05-2025,28-05-2025,Shipped,82987.03,
5003140,302629,532,06-03-2026,16-03-2026,pending ,,
5003141,302450,523,09-02-2023,12-02-2023,Delivered,129086.27,
5003142,302628,518,25-04-2024,06-05-2024,Cancelled,62707.65,
5003143,300118,540,06-07-2025,14-07-2025,SHIPPED,,
5003144,302403,526,14-12-2025,15-12-2025,Cancelled,1412.35,
5003145,300781,526,08-Dec-23,20-12-2023,Cancelled,183058.34,
5003146,302899,529,15-08-2023,20-08-2023,Delivered,164.28,
5003147,302685,518,02-Nov-23,,pending ,89027.73,
5003148,300452,537,06-01-2024,01-15-2024,Pending,59153.9,
5003149,300105,525,14-05-2026,25-05-2026,delivered,20703.33,
5003150,302829,535,08-08-2025,11-08-2025,SHIPPED,,
5003151,301578,517,21-08-2025,24-08-2025,Shipped,74464.58,
5003152,300606,527,01-06-2026,09-Jun-26,Cancelled,,
5003153,300721,506,21-08-2024,21-08-2024,pending ,1760.78,
5003154,302571,508,12-05-2026,18-05-2026,Shipped,48589.01,
5003155,300348,540,19-07-2025,21-07-2025,Shipped,5978.7,
5003156,301486,507,22-03-2026,29-03-2026,Returned,,
5003157,300520,525,14-04-2024,26-04-2024,Delivered,16320.01,
5003158,301041,509,06-08-2025,11-08-2025,delivered,4703.24,
5003159,302036,512,08-03-2024,12-03-2024,pending ,31482.46,
5003160,302328,523,06-01-2026,12-01-2026,Shipped,,
5003161,302701,517,21-03-2026,,Delivered,99933,
5003162,301372,520,10-03-2024,19-03-2024,delivered,55951.4,
5003163,300593,508,31-05-2026,03-06-2026,pending ,171888.2,
5003164,300890,538,07-04-2026,19-Apr-26,SHIPPED,,
5003165,301648,523,09-05-2026,13-05-2026,Shipped,176886.54,
5003166,301314,538,15-05-2024,15-05-2024,Shipped,19401.89,
5003167,300420,518,04-04-2024,04-04-2024,Cancelled,7907.7,
5003168,301785,521,10-12-2024,,SHIPPED,,
5003169,302096,507,12-01-2022,14-01-2022,SHIPPED,56404.12,
5003170,301701,514,12-08-2024,21-08-2024,SHIPPED,71837.93,
5003171,300006,530,22-Mar-24,29-03-2024,Shipped,-3593.31,
5003172,300836,528,15-09-2022,20-09-2022,Pending,7806.85,
5003173,301854,501,19-07-2026,27-07-2026,Pending,20129.1,
5003174,302637,504,17-06-2025,22-06-2025,Delivered,47241.42,
5003175,301129,526,25-May-26,05-29-2026,Cancelled,674.63,
5003176,300953,505,28-02-2022,04-03-2022,SHIPPED,,
5003177,300728,536,21-07-2026,26-07-2026,Returned,1650.5,
5003178,302224,516,08-16-2025,25-Aug-25,Returned,3165.46,
5003179,301491,530,31-05-2024,06-06-2024,Cancelled,15958.18,
5003180,302944,514,19-04-2025,21-04-2025,Shipped,85630.95,
5003181,302097,506,30-04-2023,05-05-2023,Shipped,37736.87,
5003182,300549,507,26-04-2025,04-05-2025,Cancelled,2069.93,
5003183,301190,505,10-02-2023,13-10-2023,delivered,70432.19,
5003184,302579,531,22-05-2025,02-06-2025,SHIPPED,,
5003185,300617,513,12-07-2023,13-07-2023,Delivered,1161.63,
5003186,300935,524,07-08-2025,14-Aug-25,delivered,98240.8,
5003187,301560,540,03-01-2024,05-01-2024,Pending,55624.21,
5003188,301199,509,27-Dec-24,03-01-2025,Cancelled,52232.41,
5003189,302712,523,27-04-2024,09-05-2024,Pending,85805.57,
5003190,300269,505,22-05-2021,31-05-2021,Cancelled,163554.66,
5003191,302972,527,14-10-2022,20-10-2022,Shipped,192401.06,
5003192,302043,505,21-07-2024,,Delivered,45541.74,
5003193,302790,526,02-04-2024,,Pending,126276.02,
5003194,302656,520,12-02-2023,18-02-2023,SHIPPED,40947.26,
5003195,302909,506,18-10-2024,,delivered,69158.15,
5003196,300863,512,14-12-2025,26-12-2025,Pending,28305.82,
5003197,302460,511,04-22-2024,25-04-2024,Delivered,186001.09,
5003198,302015,527,07-04-2026,18-04-2026,pending ,,
5003199,301634,520,04-01-2026,09-01-2026,Shipped,18743.55,
5003200,301050,516,04-01-2026,06-01-2026,delivered,,
5003201,302801,517,03-12-2024,12-12-2024,Shipped,,
5003202,300313,503,26-10-2025,30-10-2025,Shipped,187359.75,
5003203,302286,510,28-02-2024,09-03-2024,Returned,33347.44,
5003204,301141,520,14-01-2026,22-01-2026,Returned,181740.89,
5003205,301234,506,06-28-2023,30-06-2023,Shipped,63925.85,
5003206,301052,525,21-08-2024,28-08-2024,Shipped,84633.25,
5003207,301106,535,17-10-2024,23-10-2024,Shipped,21401.94,
5003208,300542,539,21-11-2024,25-11-2024,Pending,,
5003209,301373,514,26-04-2025,26-04-2025,pending ,64955.1,
5003210,302616,504,15-03-2024,25-03-2024,Returned,2871.22,
5003211,301640,526,09-11-2025,20-11-2025,Cancelled,,
5003212,302307,539,11-05-2024,21-05-2024,Cancelled,,
5003213,302249,534,07-02-2023,16-02-2023,Cancelled,,
5003214,302963,501,30-07-2024,08-08-2024,delivered,54868.9,
5003215,301392,524,01-01-2022,,delivered,5574.46,
5003216,300385,506,25-03-2026,27-03-2026,SHIPPED,45986.87,
5003217,302600,511,01-05-2025,12-05-2025,pending ,97774.13,
5003218,302931,520,07-11-2022,15-11-2022,Returned,84086.34,
5003219,301103,527,11-20-2023,25-11-2023,pending ,13853.38,
5003220,301405,503,08-05-2022,12-05-2022,Returned,23656.5,
5003221,301317,519,10-01-2026,01-10-2026,Shipped,87784.05,
5003222,300838,509,27-01-2024,01-02-2024,Cancelled,242109.81,
5003223,300098,510,17-08-2025,08-19-2025,Shipped,82575.42,
5003224,302048,527,05-12-2025,14-12-2025,SHIPPED,,
5003225,302173,536,07-09-2023,09-09-2023,Returned,2346.74,
5003226,300248,501,04-05-2023,14-05-2023,Returned,78637.94,
5003227,302378,527,05-07-2026,15-07-2026,Delivered,,
5003228,302994,510,14-05-2025,19-05-2025,Pending,36293.26,
5003229,301385,517,20-07-2024,23-07-2024,SHIPPED,12520.34,
5003230,302382,530,04-04-2023,11-04-2023,Returned,141827.58,
5003231,301190,514,17-10-2023,21-10-2023,Returned,7480.46,
5003232,301354,512,22-06-2026,,delivered,,
5003233,301312,511,31-12-2024,12-01-2025,delivered,111027.96,
5003234,301441,501,24-01-2025,02-02-2025,delivered,9234.23,
5003235,302142,526,05-08-2025,10-05-2025,Cancelled,39566.39,
5003236,302376,535,31-12-2021,08-01-2022,SHIPPED,11308.41,
5003237,302071,507,29-10-2023,,delivered,2678.28,
5003238,302965,534,17-10-2023,21-10-2023,Cancelled,28914.49,
5003239,301742,517,31-05-2023,12-06-2023,Delivered,18525.23,
5003240,301887,511,04-08-2025,08-08-2025,Delivered,94671.57,
5003241,302699,523,08-07-2026,18-07-2026,Delivered,52244.54,
5003242,301813,540,17-11-2025,26-11-2025,Shipped,131105.82,
5003243,300194,533,23-12-2022,24-12-2022,Delivered,41336.03,
5003244,301470,517,06-06-2026,10-06-2026,Returned,6499.35,
5003245,302593,520,11-04-2023,15-04-2023,pending ,284088.73,
5003246,301999,523,23-01-2026,24-01-2026,Pending,89409.72,
5003247,300549,508,28-07-2026,31-07-2026,Delivered,43733.17,
5003248,302575,526,07-02-2025,11-02-2025,pending ,,
5003249,301654,515,12-12-2025,,Returned,119590.16,
5003250,301929,539,08-08-2025,09-08-2025,Pending,32299.57,
5003251,302054,509,15-11-2023,21-11-2023,Returned,119286.22,
5003252,300420,522,07-02-2025,14-02-2025,SHIPPED,13276.29,
5003253,301806,522,01-04-2025,04-04-2025,Cancelled,,
5003254,301627,508,25-08-2023,31-08-2023,delivered,29210.68,
5003255,300567,505,07-06-2024,08-06-2024,pending ,8758.01,
5003256,302244,521,05-09-2024,08-09-2024,Pending,3033.75,
5003257,301330,501,22-04-2025,23-04-2025,Returned,757.28,
5003258,302342,518,03-02-2024,04-02-2024,pending ,24186.3,
5003259,301252,517,21-02-2026,22-02-2026,SHIPPED,54228.6,
5003260,300396,518,01-02-2026,04-02-2026,Pending,61421.28,
5003261,301055,535,19-11-2025,01-12-2025,pending ,,
5003262,300177,512,09-11-2025,19-11-2025,Cancelled,23584.35,
5003263,301679,519,06-16-2026,20-06-2026,Delivered,4169.67,
5003264,300706,540,05-11-2025,15-11-2025,Returned,74842.85,
5003265,301633,528,10-08-2023,12-08-2023,pending ,119879.73,
5003266,300611,516,08-06-2024,19-06-2024,Delivered,77456.91,
5003267,302084,516,16-06-2025,20-06-2025,Cancelled,19286.99,
5003268,302385,524,27-10-2025,27-10-2025,Delivered,,
5003269,302819,533,02-03-2023,07-03-2023,Delivered,24034.22,
5003270,300567,520,24-10-2025,26-10-2025,Pending,81867.89,
5003271,302700,536,09-10-2024,20-10-2024,Returned,120437.21,
5003272,300446,519,21-03-2026,28-03-2026,pending ,54354.2,
5003273,301337,523,31-01-2023,07-02-2023,SHIPPED,2676.34,
5003274,300087,509,05-08-2024,13-08-2024,pending ,24108.57,
5003275,302197,527,05-10-2024,10-16-2024,SHIPPED,21105.88,
5003276,301287,521,11-02-2026,20-02-2026,Shipped,84717.15,
5003277,300524,536,04-06-2025,15-04-2025,Cancelled,83846.79,
5003278,300715,510,11-22-2025,29-11-2025,Returned,38101.36,
5003279,300293,526,04-04-2026,12-04-2026,Shipped,,
5003280,301042,535,27-04-2025,06-05-2025,Pending,,
5003281,302747,514,09-06-2024,09-09-2024,SHIPPED,126258.58,
5003282,300490,538,10-01-2026,11-01-2026,SHIPPED,55769.67,
5003283,300807,508,19-02-2022,22-02-2022,delivered,183183.72,
5003284,302932,506,06-11-2022,11-11-2022,Returned,13596.66,
5003285,301830,510,06-23-2025,04-07-2025,pending ,52768.62,
5003286,301079,517,15-04-2026,17-04-2026,pending ,32157.78,
5003287,300822,514,03-08-2024,11-08-2024,Delivered,62498.56,
5003288,302150,529,20-06-2023,23-06-2023,Delivered,7707.13,
5003289,301640,501,01-06-2026,13-Jun-26,pending ,11388.1,
5003290,300997,528,30-06-2026,06-07-2026,delivered,55619.23,
5003291,302383,529,21-04-2026,22-04-2026,delivered,5980.84,
5003292,301917,515,06-12-2024,09-12-2024,Delivered,14236.61,
5003293,300756,535,02-01-2026,13-01-2026,Delivered,62880.56,
5003294,301338,539,12-03-2026,22-03-2026,Shipped,164226.36,
5003295,302507,530,20-01-2024,28-01-2024,SHIPPED,77036.44,
5003296,300634,535,19-11-2025,,delivered,13779.94,
5003297,300649,517,15-11-2024,27-11-2024,pending ,118104.22,
5003298,302936,529,21-11-2022,22-11-2022,Delivered,151896.9,
5003299,300261,529,10-02-2025,15-02-2025,pending ,1247.22,
5003300,301206,516,13-02-2026,13-02-2026,Returned,,
5003301,301217,539,01-05-2025,13-05-2025,pending ,169723.69,
5003302,300510,532,29-11-2025,07-12-2025,Delivered,45443.05,
5003303,300963,511,16-07-2023,28-07-2023,Delivered,80221.48,
5003304,302295,515,13-07-2025,21-07-2025,delivered,184379.6,
5003305,302896,502,16-01-2026,19-01-2026,Delivered,112382.94,
5003306,300780,524,11-01-2026,12-01-2026,Cancelled,-9380.18,
5003307,300448,537,09-14-2024,25-09-2024,Shipped,,
5003308,302525,532,28-12-2025,06-01-2026,Cancelled,147638.07,
5003309,300566,512,16-02-2026,18-02-2026,Delivered,229703.75,
5003310,302548,510,22-01-2026,25-01-2026,SHIPPED,,
5003311,300863,507,04-01-2026,07-04-2026,pending ,2874.33,
5003312,302302,513,16-07-2024,28-Jul-24,Shipped,28611.8,
5003313,302341,517,17-Mar-26,24-03-2026,SHIPPED,,
5003314,301051,518,14-08-2022,15-08-2022,delivered,,
5003315,301077,511,06-03-2026,08-03-2026,Cancelled,92272.67,
5003316,300061,507,30-Sep-25,10-11-2025,Pending,3312.8,
5003317,300919,509,20-07-2024,31-07-2024,Pending,97833.51,
5003318,301986,511,15-01-2026,20-01-2026,Cancelled,,
5003319,300283,518,02-05-2023,03-05-2023,Cancelled,58433.49,
5003320,302221,527,17-11-2024,29-11-2024,Pending,46331.65,
5003321,301906,530,28-11-2025,07-12-2025,Delivered,92006.61,
5003322,301444,520,28-10-2022,08-11-2022,Returned,,
5003323,300250,525,20-06-2025,23-06-2025,SHIPPED,41234.29,
5003324,302563,533,13-05-2026,19-05-2026,SHIPPED,,
5003325,300649,509,23-02-2026,07-03-2026,SHIPPED,,
5003326,300080,516,14-03-2023,23-03-2023,Delivered,2622.69,
5003327,300131,531,03-03-2024,04-03-2024,Pending,,
5003328,301674,531,24-02-2023,25-02-2023,Delivered,84515.8,
5003329,300852,512,16-03-2025,27-03-2025,Cancelled,,
5003330,302560,511,13-02-2025,17-02-2025,Returned,211669.47,
5003331,302703,523,27-03-2025,31-03-2025,Pending,95412.13,
5003332,301818,532,30-07-2026,01-08-2026,pending ,64369.39,
5003333,300311,520,05-01-2024,,SHIPPED,16110.05,
5003334,301841,537,10-03-2026,12-03-2026,SHIPPED,55417.85,
5003335,300495,531,22-12-2022,30-Dec-22,Shipped,43232.94,
5003336,302298,521,19-08-2025,28-08-2025,Cancelled,35303.61,
5003337,300122,532,10-09-2025,22-09-2025,Pending,98147.02,
5003338,302050,512,04-10-2023,06-10-2023,Shipped,,
5003339,301497,531,14-05-2024,16-05-2024,Pending,8716.28,
5003340,302906,507,27-04-2024,04-30-2024,Returned,117216.53,
5003341,300942,512,31-08-2024,02-09-2024,Delivered,72899.25,
5003342,302966,507,30-04-2026,05-05-2026,Returned,63661.03,
5003343,301006,503,07-10-2024,08-10-2024,Shipped,,
5003344,300629,531,15-05-2023,21-05-2023,pending ,38924.05,
5003345,302102,502,03-11-2023,04-11-2023,Returned,10479.75,
5003346,300206,540,11-06-2026,18-06-2026,SHIPPED,2687.6,
5003347,302795,517,17-06-2026,21-Jun-26,pending ,93362.82,
5003348,302308,536,21-10-2021,10-26-2021,SHIPPED,86195.63,
5003349,301435,533,09-10-2024,18-10-2024,SHIPPED,70323.56,
5003350,302211,523,04-10-2024,13-10-2024,Delivered,46501.28,
5003351,300407,530,25-10-2022,27-10-2022,pending ,163373.34,
5003352,300675,522,13-10-2023,24-10-2023,Pending,194894.17,
5003353,300716,540,07-10-2025,18-10-2025,Pending,174174.69,
5003354,301946,524,06-01-2022,10-01-2022,delivered,,
5003355,301290,501,26-09-2025,26-09-2025,Pending,53140.2,
5003356,301353,528,09-Feb-25,16-02-2025,pending ,97866.52,
5003357,302131,537,04-05-2024,,Shipped,,
5003358,301668,535,30-09-2024,,SHIPPED,2505.8,
5003359,301978,520,15-03-2026,,Delivered,139756.59,
5003360,301881,530,06-07-2024,08-07-2024,pending ,36586.59,
5003361,301599,535,21-05-2024,,Returned,2542.97,
5003362,302599,523,16-10-2025,16-10-2025,delivered,77129.65,
5003363,301567,502,24-08-2024,29-08-2024,Returned,138109.6,
5003364,300291,518,17-08-2025,29-08-2025,SHIPPED,,
5003365,300140,509,10-12-2023,13-12-2023,Shipped,44592.9,
5003366,302717,520,01-01-2024,09-01-2024,Delivered,106106.82,
5003367,301435,517,24-05-2026,24-05-2026,Returned,,
5003368,300938,507,29-Sep-25,08-10-2025,Delivered,109847.87,
5003369,302217,517,11-02-2025,02-14-2025,pending ,,
5003370,302795,507,27-01-2026,02-02-2026,pending ,2090.73,
5003371,301476,533,22-07-2024,25-07-2024,pending ,2364.18,
5003372,302208,506,09-03-2026,15-Mar-26,delivered,,
5003373,300320,537,15-03-2024,27-03-2024,Returned,,
5003374,302638,531,15-May-25,17-05-2025,delivered,201107.33,
5003375,301202,530,26-07-2025,02-08-2025,SHIPPED,83574.34,
5003376,300163,522,28-04-2025,06-05-2025,Returned,68470.46,
5003377,302214,524,02-04-2026,06-04-2026,Pending,140661.63,
5003378,301911,520,20-06-2025,21-06-2025,delivered,67955,
5003379,300616,530,19-02-2026,20-02-2026,SHIPPED,25097.34,
5003380,300663,526,02-07-2025,11-07-2025,delivered,24074.3,
5003381,300516,538,06-02-2026,06-02-2026,Cancelled,30993.62,
5003382,300418,518,03-Oct-23,09-10-2023,Cancelled,88099.86,
5003383,300659,532,05-08-2024,16-08-2024,Cancelled,18098.37,
5003384,302973,515,29-09-2024,03-10-2024,delivered,57014.13,
5003385,301170,521,13-12-2023,23-12-2023,SHIPPED,45907.5,
5003386,301760,521,28-12-2025,04-01-2026,Shipped,0,
5003387,300144,502,17-02-2021,25-02-2021,Cancelled,60918.31,
5003388,300688,527,05-12-2025,06-Dec-25,Returned,69128.39,
5003389,301264,505,27-07-2026,29-07-2026,SHIPPED,1698.4,
5003390,301416,510,04-08-2023,13-08-2023,Pending,89217.29,
5003391,301452,506,15-02-2023,24-02-2023,pending ,27332.05,
5003392,301343,511,31-12-2025,01-01-2026,SHIPPED,56961.95,
5003393,301616,525,29-12-2023,31-12-2023,Cancelled,79904.79,
5003394,302174,508,06-03-2021,06-03-2021,Delivered,,
5003395,300474,530,11-05-2024,15-05-2024,Returned,31603.48,
5003396,302291,517,14-03-2025,21-03-2025,Shipped,86906.24,
5003397,300541,515,18-05-2025,23-05-2025,pending ,,
5003398,301546,507,11-02-2023,15-02-2023,Cancelled,5843.2,
5003399,301854,507,25-02-2025,03-03-2025,SHIPPED,34293.98,
5003400,302846,534,08-07-2024,16-07-2024,pending ,116325.42,
5003401,302761,509,09-15-2023,21-09-2023,SHIPPED,,
5003402,300883,524,24-06-2026,29-06-2026,Shipped,183250.38,
5003403,300579,539,22-06-2022,01-07-2022,delivered,55504.09,
5003404,300530,513,02-08-2023,07-08-2023,Delivered,15617.32,
5003405,300344,525,24-08-2025,09-02-2025,Returned,,
5003406,301478,538,29-01-2026,02-02-2026,Shipped,80010.47,
5003407,300019,503,06-03-2023,09-03-2023,Delivered,198496.24,
5003408,302587,505,12-08-2025,08-23-2025,Pending,34261.32,
5003409,300274,507,05-Nov-24,05-11-2024,pending ,32524.11,
5003410,301449,506,01-12-2022,,SHIPPED,13427.31,
5003411,301285,512,26-09-2022,01-10-2022,SHIPPED,57908.54,
5003412,300583,511,08-10-2022,19-10-2022,Returned,,
5003413,300388,506,14-07-2024,,SHIPPED,124938.34,
5003414,302040,539,29-01-2025,07-02-2025,SHIPPED,18981.47,
5003415,302349,503,09-07-2026,09-07-2026,pending ,89604.84,
5003416,300581,516,05-07-2025,13-07-2025,Cancelled,33095.44,
5003417,302301,537,27-02-2026,03-09-2026,Pending,,
5003418,300223,530,28-11-2022,28-11-2022,pending ,55282.43,
5003419,301601,530,30-11-2023,02-12-2023,Pending,28168.86,
5003420,301885,514,11-11-2025,13-11-2025,Pending,4970.9,
5003421,300523,504,14-12-2025,26-12-2025,pending ,144956.69,
5003422,300966,515,12-04-2024,13-04-2024,Returned,48273.87,
5003423,301737,524,25-10-2023,10-25-2023,Returned,,
5003424,300349,521,08-02-2026,08-02-2026,Delivered,74792.89,
5003425,300496,518,14-10-2023,17-10-2023,Delivered,60457.64,
5003426,302392,504,03-02-2025,12-02-2025,Returned,44205.98,
5003427,300169,502,30-06-2025,08-07-2025,SHIPPED,,
5003428,302064,534,23-04-2024,28-04-2024,Pending,922.03,
5003429,301440,530,23-02-2025,03-03-2025,SHIPPED,103542.87,
5003430,301202,510,20-07-2025,27-07-2025,Pending,208632.83,
5003431,301473,527,23-10-2024,27-10-2024,Pending,89977.74,
5003432,300370,525,07-07-2023,12-07-2023,pending ,73126.82,
5003433,300311,519,27-04-2025,27-04-2025,delivered,7627.61,
5003434,301870,529,16-04-2026,17-04-2026,Cancelled,69197.98,
5003435,302120,514,14-01-2025,26-Jan-25,delivered,27349.48,
5003436,302619,514,22-09-2025,29-09-2025,pending ,97047.23,
5003437,301917,528,05-02-2026,17-02-2026,delivered,20942.03,
5003438,302087,530,17-07-2024,23-07-2024,SHIPPED,1516.81,
5003439,302548,505,20-01-2026,30-01-2026,Cancelled,100471.6,
5003440,302603,516,20-11-2023,02-12-2023,Shipped,41315.68,
5003441,301100,520,15-07-2026,17-07-2026,Cancelled,,
5003442,301673,530,03-19-2026,28-Mar-26,Shipped,80790.79,
5003443,300407,523,27-07-2026,01-Aug-26,Returned,,
5003444,302438,508,23-03-2026,29-03-2026,SHIPPED,,
5003445,300428,524,18-Mar-23,27-Mar-23,Pending,45675.44,
5003446,302428,501,11-Nov-25,22-11-2025,Shipped,,
5003447,301459,511,20-Aug-24,24-08-2024,Shipped,112351.14,
5003448,301654,531,29-06-2026,29-06-2026,Pending,,
5003449,301661,509,08-07-2025,19-08-2025,Shipped,89027.14,
5003450,302384,509,16-08-2025,18-Aug-25,Cancelled,171507.58,
5003451,300517,529,22-11-2025,24-11-2025,Delivered,,
5003452,300831,520,31-07-2026,09-08-2026,delivered,93776.26,
5003453,301679,517,24-07-2026,27-07-2026,pending ,,
5003454,300564,506,14-07-2026,24-07-2026,SHIPPED,,
5003455,300859,505,30-07-2021,05-08-2021,Delivered,95456.4,
5003456,302671,537,25-04-2022,03-05-2022,Delivered,68358.2,
5003457,302796,520,10-09-2024,15-09-2024,Cancelled,123.36,
5003458,300390,523,08-Aug-24,15-08-2024,Cancelled,117164.15,
5003459,301466,502,15-03-2026,19-03-2026,SHIPPED,59319.24,
5003460,301042,531,14-04-2025,22-04-2025,Pending,,
5003461,302581,518,27-04-2026,05-05-2026,delivered,12854.35,
5003462,300959,536,02-12-2023,14-12-2023,pending ,6628.98,
5003463,302179,523,13-05-2023,21-05-2023,Delivered,183796.95,
5003464,300725,511,13-06-2025,20-06-2025,Pending,90013.86,
5003465,300393,504,10-08-2024,16-08-2024,pending ,,
5003466,302420,519,09-10-2024,13-10-2024,Delivered,78987.16,
5003467,301662,532,04-03-2026,06-03-2026,Cancelled,2223.35,
5003468,300061,514,13-Dec-23,12-17-2023,Pending,,
5003469,301359,523,17-04-2025,19-04-2025,Cancelled,135472.78,
5003470,301383,517,08-28-2022,04-09-2022,SHIPPED,103271.6,
5003471,302131,533,16-07-2025,26-07-2025,Cancelled,12443.45,
5003472,300680,522,05-01-2022,17-01-2022,pending ,67161.85,
5003473,301827,526,09-28-2024,28-09-2024,Shipped,73682.58,
5003474,300900,501,08-05-2026,15-05-2026,delivered,17627.88,
5003475,300576,512,20-01-2025,30-01-2025,Delivered,111180.96,
5003476,300138,520,12-07-2025,,Pending,7648.9,
5003477,300194,515,23-07-2022,31-07-2022,Returned,124586.42,
5003478,301528,523,23-03-2023,04-04-2023,SHIPPED,29350.85,
5003479,300983,526,18-12-2022,27-12-2022,SHIPPED,42376.4,
5003480,301388,525,06-05-2026,10-05-2026,pending ,78392.5,
5003481,302221,521,20-05-2026,21-05-2026,Returned,105338.03,
5003482,301204,521,05-05-2024,07-05-2024,Cancelled,72794.8,
5003483,302014,538,11-09-2025,13-Sep-25,Shipped,61634.8,
5003484,301629,526,04-11-2023,08-11-2023,Shipped,65612.37,
5003485,301390,508,17-07-2022,19-07-2022,pending ,42283.69,
5003486,300024,517,10-23-2024,24-10-2024,SHIPPED,,
5003487,301521,518,05-03-2026,11-03-2026,SHIPPED,137423.68,
5003488,301977,539,19-09-2024,26-09-2024,Shipped,9619.56,
5003489,300821,516,21-02-2026,26-02-2026,Cancelled,95198.95,
5003490,300906,539,17-05-2025,22-05-2025,Delivered,144083.02,
5003491,302433,532,05-01-2026,10-01-2026,delivered,29071.24,
5003492,302745,528,14-10-2025,18-10-2025,Cancelled,647.54,
5003493,300943,517,07-08-2025,13-08-2025,SHIPPED,102692.31,
5003494,302382,533,21-01-2023,26-01-2023,Shipped,8400.94,
5003495,301173,531,20-06-2023,02-07-2023,Pending,108191.1,
5003496,302512,534,08-03-2023,09-Mar-23,SHIPPED,96267.9,
5003497,301834,517,03-11-2024,10-11-2024,pending ,52563.2,
5003498,300817,501,08-07-2023,16-07-2023,Returned,20874.96,
5003499,301029,536,07-11-2023,13-11-2023,Shipped,,
5003500,302066,530,26-03-2026,06-04-2026,pending ,104302.92,
5003501,301099,523,22-08-2023,23-08-2023,Returned,67213.18,
5003502,302941,521,15-06-2026,16-06-2026,Returned,108624.46,
5003503,300691,506,02-10-2025,04-10-2025,Returned,64444.32,
5003504,301466,511,27-05-2025,04-06-2025,Cancelled,43853.74,
5003505,302662,502,10-11-2025,10-11-2025,Returned,56525.86,
5003506,300917,536,04-24-2023,25-04-2023,Pending,111337.3,
5003507,301046,503,20-03-2025,21-03-2025,delivered,14219.56,
5003508,301064,512,01-24-2026,27-01-2026,Delivered,28800.03,
5003509,302268,528,08-08-2025,08-08-2025,Pending,190176.38,
5003510,302369,529,20-01-2024,23-01-2024,SHIPPED,39458.96,
5003511,301110,534,02-07-2022,07-07-2022,pending ,,
5003512,301632,506,12-07-2026,24-07-2026,Returned,23933.47,
5003513,300311,506,10-06-2022,14-06-2022,pending ,33320.55,
5003514,300174,510,20-11-2025,23-11-2025,Cancelled,79594.46,
5003515,301563,508,05-12-2021,13-12-2021,Delivered,79704.78,
5003516,302898,531,05-06-2025,12-05-2025,delivered,69690.33,
5003517,301239,532,31-07-2026,11-08-2026,Returned,,
5003518,301687,518,13-07-2023,22-07-2023,delivered,65197.31,
5003519,301659,503,19-07-2026,31-07-2026,SHIPPED,106740.94,
5003520,301862,529,14-03-2026,19-Mar-26,delivered,,
5003521,300883,514,16-09-2025,,Shipped,130721.17,
5003522,302507,537,22-04-2026,28-04-2026,SHIPPED,43587.8,
5003523,300458,524,27-08-2024,06-09-2024,Pending,48972.25,
5003524,300776,535,05-04-2025,16-04-2025,pending ,0,
5003525,300326,505,12-04-2025,17-04-2025,pending ,42978.22,
5003526,301167,508,29-05-2025,29-05-2025,Returned,68439.63,
5003527,301338,521,10-02-2026,13-02-2026,Cancelled,,
5003528,301601,536,12-04-2024,13-04-2024,Pending,7027.06,
5003529,300721,504,23-01-2025,04-02-2025,Pending,13540.23,
5003530,300126,535,26-03-2023,06-04-2023,Delivered,225656.61,
5003531,300379,515,12-12-2023,24-12-2023,Cancelled,,
5003532,302025,523,14-04-2026,15-04-2026,Pending,139283.88,
5003533,302536,502,26-12-2022,29-12-2022,delivered,206132.45,
5003534,301943,518,22-03-2026,01-04-2026,pending ,22708.3,
5003535,302892,539,26-06-2024,27-06-2024,Pending,111287.34,
5003536,300805,538,29-12-2025,02-01-2026,Pending,,
5003537,301773,515,20-06-2026,28-06-2026,Cancelled,114721.55,
5003538,301023,513,12-12-2024,18-12-2024,Cancelled,59863.82,
5003539,302880,505,20-12-2025,20-12-2025,Shipped,51918.9,
5003540,302482,524,03-01-2023,07-03-2023,Shipped,64349.58,
5003541,302643,501,13-07-2025,22-07-2025,Pending,74560.52,
5003542,302370,511,20-11-2022,21-11-2022,delivered,16540.41,
5003543,302924,534,01-11-2025,04-11-2025,Delivered,,
5003544,302785,539,07-01-2026,18-01-2026,Cancelled,12314.21,
5003545,300606,510,11-05-2026,21-05-2026,pending ,23818.59,
5003546,302126,503,04-09-2024,16-09-2024,Returned,164722.96,
5003547,301104,510,20-03-2025,27-03-2025,Returned,21903.81,
5003548,300378,532,02-05-2026,10-05-2026,Delivered,130601.01,
5003549,300637,538,03-09-2022,13-09-2022,delivered,102.65,
5003550,301799,539,01-02-2022,01-02-2022,pending ,1869.71,
5003551,302368,516,26-10-2022,27-10-2022,Returned,27652.4,
5003552,300592,503,19-03-2025,29-Mar-25,Pending,,
5003553,301736,519,07-06-2026,08-06-2026,pending ,90259.86,
5003554,301770,535,13-07-2026,14-07-2026,pending ,29428.01,
5003555,302876,537,11-02-2025,13-02-2025,pending ,79018.33,
5003556,301504,535,16-09-2025,16-09-2025,Returned,47277.36,
5003557,300260,502,09-08-2024,11-08-2024,Pending,69203.33,
5003558,300867,525,02-07-2025,03-07-2025,delivered,,
5003559,300487,510,11-11-2025,19-11-2025,Returned,,
5003560,302494,527,07-07-2026,12-07-2026,delivered,142819.22,
5003561,300177,520,01-06-2025,10-06-2025,Shipped,121994.69,
5003562,301945,517,19-04-2023,19-04-2023,Delivered,12005.14,
5003563,302146,536,03-12-2025,10-12-2025,Pending,-17584.96,
5003564,300678,517,31-01-2026,03-02-2026,Pending,967.62,
5003565,302799,504,12-01-2025,23-01-2025,Cancelled,38643.8,
5003566,301302,509,23-05-2026,04-06-2026,pending ,37949.79,
5003567,301271,506,05-07-2026,17-07-2026,Cancelled,27439.7,
5003568,300686,526,02-08-2025,06-08-2025,delivered,149607.94,
5003569,301146,520,04-07-2023,05-07-2023,Pending,126275.74,
5003570,301260,523,08-07-2026,15-07-2026,Returned,18262.93,
5003571,302964,513,14-11-2024,14-11-2024,delivered,81487.02,
5003572,302243,533,30-09-2022,10-10-2022,delivered,50830.47,
5003573,300014,509,13-07-2025,18-07-2025,Delivered,71962.88,
5003574,302444,539,13-04-2026,14-04-2026,Returned,2096.13,
5003575,300984,513,16-12-2025,17-12-2025,SHIPPED,163099.96,
5003576,301446,526,09-04-2023,14-04-2023,Pending,12420.15,
5003577,300040,535,10-07-2024,,pending ,13310.53,
5003578,302762,510,28-06-2026,03-07-2026,Returned,6963.12,
5003579,301623,505,29-06-2025,09-07-2025,Shipped,,
5003580,301045,508,01-04-2026,04-Jan-26,Cancelled,32795.2,
5003581,301125,501,14-01-2025,21-01-2025,SHIPPED,26882.29,
5003582,302586,507,01-08-2023,09-08-2023,Shipped,,
5003583,301808,520,08-09-2024,19-09-2024,Shipped,146139.04,
5003584,301508,515,12-08-2023,15-08-2023,delivered,31782.05,
5003585,300828,532,13-08-2024,15-08-2024,SHIPPED,57052.67,
5003586,300410,511,18-06-2025,18-06-2025,Delivered,,
5003587,300135,521,15-06-2024,22-06-2024,Shipped,,
5003588,302184,522,06-12-2024,,pending ,76165.13,
5003589,301096,534,22-04-2024,27-04-2024,Returned,53020.9,
5003590,300559,523,19-12-2024,27-12-2024,SHIPPED,14557.41,
5003591,301274,508,12-14-2023,23-12-2023,Returned,7587.45,
5003592,301170,530,02-11-2023,04-11-2023,Cancelled,62514.2,
5003593,302530,510,14-06-2025,,Shipped,,
5003594,301503,530,21-02-2026,,delivered,10617.6,
5003595,302934,515,02-12-2024,,Returned,17223.9,
5003596,302275,524,22-10-2025,30-10-2025,SHIPPED,92145.24,
5003597,302116,519,09-02-2026,12-02-2026,Cancelled,0,
5003598,300457,501,02-12-2023,02-12-2023,Delivered,157684.42,
5003599,300910,505,04-07-2024,11-04-2024,pending ,92139.34,
5003600,302202,528,19-04-2026,25-04-2026,Returned,49350.74,
5003601,301180,504,13-10-2022,17-10-2022,pending ,18129.28,
5003602,301379,502,11-07-2025,13-07-2025,Shipped,96253.08,
5003603,301615,515,09-06-2023,16-09-2023,Delivered,107673.11,
5003604,302010,510,30-12-2024,31-12-2024,delivered,95904.93,
5003605,301206,535,24-03-2024,01-04-2024,pending ,21953.33,
5003606,300726,514,24-12-2023,26-12-2023,Pending,834.24,
5003607,301973,520,28-04-2024,05-01-2024,Delivered,78256.26,
5003608,300656,523,15-01-2024,20-01-2024,Delivered,28153.89,
5003609,300678,516,04-13-2025,21-04-2025,Delivered,55861.43,
5003610,301335,506,23-02-2026,05-03-2026,pending ,,
5003611,300924,518,12-04-2026,12-04-2026,Returned,21802.67,
5003612,302038,535,23-11-2022,03-12-2022,Shipped,90925.7,
5003613,302958,510,19-09-2022,19-09-2022,Returned,5130.51,
5003614,301676,515,01-11-2022,05-11-2022,Cancelled,70025.94,
5003615,301934,511,30-04-2021,05-05-2021,SHIPPED,73086.01,
5003616,300783,536,04-15-2025,19-04-2025,pending ,4778.95,
5003617,302721,536,17-04-2023,24-04-2023,Pending,199501.14,
5003618,302711,513,12-11-2024,11-18-2024,Shipped,59206.49,
5003619,302617,507,09-02-2023,17-02-2023,pending ,6236.73,
5003620,301140,529,29-06-2025,05-07-2025,Pending,30315.48,
5003621,301522,532,19-02-2023,22-02-2023,Cancelled,9729.99,
5003622,301702,513,12-04-2024,04-15-2024,SHIPPED,,
5003623,301000,532,01-10-2022,01-10-2022,Cancelled,17665.33,
5003624,300085,511,02-09-2024,10-09-2024,Pending,30734.19,
5003625,300982,504,04-09-2021,09-09-2021,pending ,,
5003626,301153,517,13-03-2026,22-03-2026,Cancelled,,
5003627,301335,507,08-10-2022,16-Oct-22,Returned,150296.33,
5003628,300016,514,18-09-2024,28-09-2024,SHIPPED,36098.72,
5003629,301146,539,08-12-2024,13-12-2024,delivered,29215.48,
5003630,301596,507,25-Jan-23,29-Jan-23,pending ,69277.45,
5003631,300333,535,05-08-2024,15-08-2024,pending ,19482.03,
5003632,300252,514,19-Jan-25,28-01-2025,Pending,33057.39,
5003633,300584,530,19-01-2022,26-01-2022,Shipped,53859.57,
5003634,301223,532,01-29-2023,31-01-2023,Cancelled,55316.11,
5003635,301813,525,01-05-2026,08-05-2026,Pending,0,
5003636,301885,510,13-02-2026,17-02-2026,Delivered,36788.33,
5003637,301643,503,16-06-2024,,Pending,72437.03,
5003638,300852,536,19-04-2025,20-04-2025,Cancelled,33263.85,
5003639,302722,524,11-06-2025,14-Jun-25,Shipped,50503.6,
5003640,301574,525,03-02-2025,12-02-2025,delivered,62607.86,
5003641,302754,504,13-08-2023,23-08-2023,pending ,135894.56,
5003642,300870,520,11-09-2025,17-09-2025,Delivered,49218.22,
5003643,300151,529,28-01-2025,01-02-2025,Pending,30517.85,
5003644,302398,526,22-Nov-25,02-12-2025,Delivered,,
5003645,302231,537,25-01-2026,27-01-2026,SHIPPED,30481.28,
5003646,300952,532,12-07-2025,18-07-2025,Cancelled,106588.92,
5003647,301525,531,30-Apr-24,30-04-2024,Delivered,28870.16,
5003648,301052,536,17-04-2024,28-04-2024,Delivered,8940.52,
5003649,300401,530,17-12-2022,19-12-2022,Delivered,99590.65,
5003650,302631,539,12-02-2026,,SHIPPED,43522.31,
5003651,300507,512,19-May-25,30-05-2025,Pending,31319.52,
5003652,302263,509,05-12-2020,13-12-2020,Pending,12176.1,
5003653,302783,519,12-Oct-25,18-10-2025,pending ,,
5003654,302863,524,04-07-2026,10-Jul-26,delivered,139540.79,
5003655,302040,520,16-08-2024,24-08-2024,Pending,49356.89,
5003656,300810,534,16-02-2026,25-Feb-26,Shipped,33370.65,
5003657,301865,517,10-11-2025,15-11-2025,Returned,,
5003658,300687,514,19-03-2025,28-03-2025,Delivered,106144.6,
5003659,302782,502,25-11-2025,30-11-2025,SHIPPED,69522.41,
5003660,301098,525,10-Oct-25,22-10-2025,Returned,2765.26,
5003661,301931,533,04-11-2021,05-11-2021,Delivered,65211.1,
5003662,302008,508,06-07-2025,06-07-2025,pending ,33817.19,
5003663,301925,525,20-09-2025,20-09-2025,SHIPPED,153739.78,
5003664,301262,509,03-14-2026,16-03-2026,Pending,103428.01,
5003665,300122,520,06-01-2026,10-01-2026,SHIPPED,75664.4,
5003666,300762,507,03-03-2026,03-03-2026,Delivered,,
5003667,302364,507,15-12-2024,18-12-2024,Returned,,
5003668,301426,522,30-05-2024,31-05-2024,SHIPPED,87494.55,
5003669,302935,536,18-04-2026,22-04-2026,Delivered,91075.14,
5003670,302456,512,23-05-2025,31-05-2025,delivered,91034.66,
5003671,302771,510,25-01-2026,05-02-2026,Returned,,
5003672,302837,501,14-05-2023,05-18-2023,Returned,90007.08,
5003673,301855,539,23-07-2021,23-07-2021,Shipped,13588.57,
5003674,302261,509,05-31-2025,07-06-2025,Delivered,66480.51,
5003675,302028,507,14-05-2022,20-05-2022,Delivered,,
5003676,301577,535,02-05-2026,09-05-2026,Delivered,103226.94,
5003677,300776,507,01-06-2026,13-06-2026,Delivered,19919.76,
5003678,301378,535,07-17-2022,22-07-2022,Returned,40470.93,
5003679,300740,537,07-07-2026,07-07-2026,pending ,25784.01,
5003680,302999,532,01-07-2026,09-07-2026,Shipped,27944.11,
5003681,301050,513,09-05-2026,21-05-2026,Returned,130397.3,
5003682,302604,508,11-01-2024,15-01-2024,Pending,58903.26,
5003683,300058,536,19-06-2024,24-06-2024,Cancelled,7872.28,
5003684,301064,534,23-03-2026,26-03-2026,Shipped,78535.72,
5003685,301167,519,04-07-2025,09-07-2025,Pending,92701.66,
5003686,302875,506,01-Mar-24,05-03-2024,Shipped,,
5003687,300728,515,07-10-2025,18-10-2025,Pending,48275.05,
5003688,301036,526,01-08-2025,08-08-2025,Cancelled,15429.11,
5003689,302900,503,16-03-2022,22-03-2022,pending ,82750.72,
5003690,300640,514,08-01-2025,14-01-2025,delivered,8458.41,
5003691,301077,515,31-01-2023,02-02-2023,Delivered,160118.64,
5003692,302737,521,03-07-2023,11-07-2023,Pending,34745.5,
5003693,300539,513,14-03-2026,,Cancelled,121401.95,
5003694,300848,502,04-03-2025,09-Mar-25,Delivered,108437.15,
5003695,302033,540,05-04-2023,05-04-2023,Cancelled,103660.28,
5003696,301124,508,03-02-2026,08-02-2026,Pending,8610.3,
5003697,302200,522,30-11-2025,07-12-2025,SHIPPED,92489.33,
5003698,300163,510,01-08-2026,14-01-2026,pending ,,
5003699,301718,524,28-05-2026,08-06-2026,SHIPPED,,
5003700,302483,523,06-04-2026,18-04-2026,Shipped,61113.78,
5003701,300146,539,03-06-2026,06-06-2026,SHIPPED,42153.87,
5003702,301934,540,15-06-2024,16-06-2024,Pending,10347.43,
5003703,302589,534,04-12-2025,08-12-2025,delivered,6333.88,
5003704,302567,517,15-06-2025,21-06-2025,Returned,161316.85,
5003705,301456,533,19-01-2023,23-01-2023,Delivered,254753.1,
5003706,301586,504,09-04-2026,18-04-2026,Returned,72638.28,
5003707,302546,535,11-12-2025,15-12-2025,SHIPPED,28105.14,
5003708,300159,525,17-07-2024,17-07-2024,Returned,1706.55,
5003709,300199,509,05-05-2024,14-05-2024,Pending,74986.02,
5003710,300004,532,06-04-2026,09-04-2026,Delivered,32526.65,
5003711,300667,515,02-07-2025,08-07-2025,Delivered,,
5003712,301416,537,11-05-2024,13-05-2024,Shipped,,
5003713,302889,529,05-08-2023,06-08-2023,Cancelled,3688.55,
5003714,300574,534,22-02-2026,02-03-2026,Delivered,134507.32,
5003715,301245,528,04-06-2023,08-06-2023,Shipped,6004.16,
5003716,301336,518,18-04-2025,04-26-2025,SHIPPED,,
5003717,302860,502,08-07-2021,09-07-2021,Delivered,73535.41,
5003718,302027,516,08-05-2024,15-05-2024,pending ,47419.24,
5003719,300949,540,30-05-2021,04-06-2021,SHIPPED,,
5003720,300043,513,23-06-2025,25-06-2025,Pending,13284.14,
5003721,302765,501,25-04-2024,25-04-2024,delivered,83697.07,
5003722,301740,514,29-06-2026,11-07-2026,Returned,2336.16,
5003723,301381,503,11-02-2025,20-02-2025,SHIPPED,159671.12,
5003724,302197,528,06-12-2025,11-12-2025,Cancelled,40979.83,
5003725,301568,514,04-01-2023,03-04-2023,Shipped,13095.59,
5003726,301665,523,16-10-2025,25-10-2025,Delivered,106946.53,
5003727,302818,531,01-28-2024,28-01-2024,pending ,,
5003728,300233,511,20-11-2025,23-Nov-25,pending ,55366.54,
5003729,302205,515,06-05-2026,17-05-2026,delivered,2435.61,
5003730,300119,534,01-08-2026,11-01-2026,SHIPPED,,
5003731,302340,520,19-09-2025,29-09-2025,Cancelled,,
5003732,300609,532,24-04-2025,03-05-2025,Shipped,,
5003733,301012,509,08-04-2023,08-Apr-23,Returned,25905.44,
5003734,301656,523,11-02-2022,13-02-2022,delivered,126507.91,
5003735,300111,527,15-05-2025,25-05-2025,SHIPPED,27114.32,
5003736,302388,513,18-01-2024,21-01-2024,Shipped,40895.75,
5003737,300640,522,26-Jul-26,26-Jul-26,Returned,,
5003738,301947,504,11-04-2025,15-04-2025,Returned,129393.3,
5003739,300600,521,10-Oct-25,16-Oct-25,Returned,5241.73,
5003740,301009,502,11-01-2021,15-01-2021,SHIPPED,24853.61,
5003741,302825,523,24-10-2022,27-10-2022,pending ,32972.2,
5003742,302167,530,05-05-2022,11-05-2022,Cancelled,58427.42,
5003743,302020,531,19-12-2024,21-12-2024,Returned,,
5003744,300692,533,30-Dec-25,10-01-2026,Shipped,43499.94,
5003745,300548,533,13-Jan-26,14-01-2026,Returned,35773.6,
5003746,302699,505,03-10-2024,14-10-2024,Shipped,67116.21,
5003747,300728,530,24-07-2026,25-07-2026,Delivered,,
5003748,302290,531,27-Aug-25,30-08-2025,Returned,16658.88,
5003749,302133,502,12-06-2024,14-Jun-24,delivered,152668.32,
5003750,301605,535,04-08-2024,08-09-2024,Shipped,31045.88,
5003751,301454,533,16-03-2025,,SHIPPED,210643.58,
5003752,301227,531,19-09-2025,,SHIPPED,893.52,
5003753,300568,510,23-12-2021,26-12-2021,Delivered,102921.48,
5003754,301639,516,15-02-2026,16-02-2026,delivered,81996.21,
5003755,301586,509,08-06-2026,13-06-2026,Shipped,119230.8,
5003756,300667,502,11-07-2025,19-07-2025,Cancelled,52960.6,
5003757,302900,523,01-02-2025,06-02-2025,Delivered,112989.13,
5003758,300235,521,08-02-2025,19-Feb-25,SHIPPED,97076.83,
5003759,301669,524,11-09-2023,11-09-2023,Returned,54801.81,
5003760,300865,506,02-06-2026,10-06-2026,Pending,10991.54,
5003761,301535,504,21-02-2026,22-02-2026,SHIPPED,,
5003762,302722,503,07-07-2026,15-07-2026,Pending,10404.08,
5003763,302150,517,20-10-2022,29-10-2022,SHIPPED,21364.35,
5003764,302692,531,26-02-2024,09-03-2024,Returned,69540.43,
5003765,302768,513,03-04-2026,15-04-2026,Cancelled,68830.22,
5003766,300912,525,08-09-2023,20-09-2023,Returned,78113.63,
5003767,301911,515,01-01-2025,05-01-2025,pending ,15568.15,
5003768,302242,518,12-03-2025,24-03-2025,Shipped,94401.44,
5003769,300447,522,08-03-2026,14-Mar-26,Delivered,223954.42,
5003770,302443,520,07-06-2025,12-06-2025,SHIPPED,,
5003771,301711,505,23-Apr-22,01-05-2022,Returned,147530.29,
5003772,302574,515,18-07-2025,,Delivered,80747.82,
5003773,300613,539,11-04-2025,22-04-2025,pending ,110552.87,
5003774,300829,508,08-03-2025,17-03-2025,Returned,3869.28,
5003775,301620,510,15-02-2026,19-02-2026,delivered,,
5003776,302277,535,16-02-2025,19-02-2025,Returned,15532.65,
5003777,301243,536,27-09-2024,,Returned,,
5003778,300436,520,20-07-2026,29-07-2026,pending ,,
5003779,300807,505,31-05-2024,06-06-2024,pending ,65285.95,
5003780,302635,534,25-05-2024,31-05-2024,Pending,22527.89,
5003781,301971,514,19-12-2025,20-12-2025,Returned,,
5003782,302467,514,15-10-2024,24-10-2024,SHIPPED,1108.21,
5003783,301502,527,14-02-2026,21-02-2026,pending ,82788.38,
5003784,301460,515,25-07-2026,03-08-2026,pending ,103343.96,
5003785,302584,523,31-07-2026,12-08-2026,Cancelled,125846.81,
5003786,301160,504,20-04-2025,22-04-2025,Pending,55239.55,
5003787,301775,540,30-Dec-25,06-01-2026,Cancelled,31674.69,
5003788,300880,512,08-08-2024,11-Aug-24,Pending,97241.07,
5003789,301248,527,17-11-2023,18-11-2023,Delivered,33735.31,
5003790,301764,536,01-May-25,05-08-2025,SHIPPED,57277.91,
5003791,302396,520,09-10-2024,16-10-2024,Cancelled,59368.76,
5003792,302767,517,11-Oct-25,15-10-2025,Delivered,106916.15,
5003793,301997,523,08-04-2025,,SHIPPED,150539.77,
5003794,301423,511,03-02-2026,05-03-2026,pending ,68015,
5003795,302847,533,30-09-2025,08-10-2025,Pending,62190.09,
5003796,300615,509,16-Feb-22,16-02-2022,delivered,,
5003797,302954,540,25-03-2026,04-04-2026,Returned,,
5003798,301115,504,19-09-2025,29-09-2025,Returned,25376.13,
5003799,300590,525,06-07-2022,14-07-2022,Shipped,,
5003800,302047,518,15-06-2023,21-06-2023,Delivered,,
5003801,302712,508,15-05-2026,24-May-26,pending ,85988.9,
5003802,300446,516,19-06-2025,,delivered,47959.24,
5003803,302079,526,20-09-2025,29-09-2025,SHIPPED,81631.16,
5003804,302745,523,02-11-2023,12-11-2023,SHIPPED,5454.2,
5003805,302878,511,31-10-2023,02-11-2023,Delivered,0,
5003806,302225,505,27-07-2023,29-07-2023,delivered,42260.09,
5003807,300101,525,07-07-2025,16-07-2025,Cancelled,27363.09,
5003808,301207,536,27-02-2024,02-03-2024,Pending,,
5003809,301066,520,25-11-2025,,Returned,39971.88,
5003810,300851,520,15-01-2025,16-01-2025,delivered,,
5003811,301543,525,12-06-2025,21-06-2025,Cancelled,29015.7,
5003812,302391,512,25-Jul-26,25-07-2026,Shipped,49497.87,
5003813,300164,509,27-12-2022,02-01-2023,Delivered,27100.4,
5003814,302279,510,19-03-2026,26-03-2026,delivered,49000.57,
5003815,302699,508,08-05-2022,16-05-2022,Delivered,78515.46,
5003816,302469,518,22-Apr-24,30-04-2024,Shipped,90834.27,
5003817,302461,501,18-07-2024,07-30-2024,Delivered,10607.34,
5003818,301433,531,18-09-2023,19-09-2023,SHIPPED,78451.54,
5003819,301439,527,26-05-2026,28-May-26,delivered,,
5003820,302981,516,10-04-2021,04-18-2021,Pending,96367.31,
5003821,300654,517,26-07-2024,06-08-2024,Returned,,
5003822,300113,526,04-06-2026,05-06-2026,Pending,27006,
5003823,302841,509,16-10-2021,25-10-2021,Returned,32477.47,
5003824,302214,505,25-12-2023,01-05-2024,Shipped,120663.95,
5003825,301207,512,02-Jun-22,06-14-2022,SHIPPED,120919.59,
5003826,300249,505,13-05-2025,13-May-25,Shipped,734.09,
5003827,301851,501,02-01-2026,03-01-2026,Returned,174543.84,
5003828,301812,510,10-11-2025,12-11-2025,delivered,18553.95,
5003829,301902,515,01-03-2025,10-03-2025,delivered,67681.5,
5003830,301959,532,22-11-2021,04-12-2021,Pending,63554.32,
5003831,302464,517,23-12-2024,03-01-2025,Shipped,-8908.93,
5003832,300285,510,10-10-2025,20-10-2025,Pending,56489.04,
5003833,302877,505,24-11-2025,25-11-2025,Pending,76976.81,
5003834,302038,510,07-09-2022,11-09-2022,Shipped,14530.54,
5003835,300068,514,20-03-2025,,Pending,56410.18,
5003836,300077,538,11-07-2025,22-07-2025,Returned,,
5003837,300273,522,30-04-2026,03-05-2026,Pending,,
5003838,300942,531,27-03-2022,28-03-2022,pending ,,
5003839,300736,529,23-11-2025,24-11-2025,Delivered,53810.65,
5003840,301240,515,27-02-2023,09-03-2023,Delivered,14277.67,
5003841,300058,531,14-06-2026,25-06-2026,Pending,,
5003842,302942,530,20-02-2025,01-03-2025,delivered,196814.79,
5003843,300612,516,12-12-2025,24-12-2025,Cancelled,21715.01,
5003844,302145,520,15-Jun-23,18-06-2023,Returned,114114.83,
5003845,301026,522,04-05-2025,05-05-2025,Returned,,
5003846,300699,515,11-21-2025,25-11-2025,delivered,43873.56,
5003847,301358,505,25-06-2026,,Pending,50935.87,
5003848,302595,529,17-09-2024,17-09-2024,Returned,134540.32,
5003849,302194,516,02-08-2024,11-08-2024,SHIPPED,,
5003850,301178,501,20-07-2025,27-07-2025,delivered,61329.5,
5003851,301028,532,10-11-2025,15-11-2025,Shipped,22888.3,
5003852,301843,535,20-May-25,23-05-2025,Shipped,14425.37,
5003853,300048,508,02-Dec-25,04-12-2025,Returned,,
5003854,301727,513,07-04-2026,15-04-2026,delivered,4800.73,
5003855,302777,525,04-03-2024,05-03-2024,Returned,155761.38,
5003856,301140,508,17-08-2025,23-08-2025,Pending,97941.29,
5003857,300978,502,13-10-2025,10-19-2025,Returned,3052.51,
5003858,300672,521,13-07-2026,19-07-2026,Shipped,10465.69,
5003859,302456,504,11-12-2022,21-12-2022,pending ,875.37,
5003860,300815,538,04-10-2025,,delivered,149832.71,
5003861,300789,535,04-03-2024,12-03-2024,Cancelled,117510.41,
5003862,301350,524,22-06-2026,23-06-2026,SHIPPED,111653.37,
5003863,302448,518,17-Mar-25,20-03-2025,delivered,144502.24,
5003864,301459,527,19-01-2023,27-Jan-23,pending ,135897.13,
5003865,301974,511,28-01-2026,01-02-2026,pending ,138904.46,
5003866,300495,533,25-07-2024,29-07-2024,SHIPPED,107259.68,
5003867,301296,519,21-09-2023,26-09-2023,Pending,,
5003868,302134,502,11-05-2023,15-05-2023,SHIPPED,90087.18,
5003869,301228,524,13-May-26,17-05-2026,Returned,99745.56,
5003870,300613,514,13-12-2024,16-12-2024,Delivered,11800.29,
5003871,300301,535,06-06-2022,07-06-2022,Cancelled,120723.21,
5003872,302986,511,08-05-2023,,SHIPPED,,
5003873,302569,522,29-11-2024,01-12-2024,Shipped,151543.23,
5003874,301672,504,15-06-2026,21-06-2026,Cancelled,130602.75,
5003875,302984,518,07-10-2025,18-10-2025,Delivered,10672.42,
5003876,301480,505,15-Nov-25,19-11-2025,Cancelled,33377.5,
5003877,301451,516,10-03-2023,18-03-2023,pending ,3601.78,
5003878,301202,525,08-11-2024,10-11-2024,SHIPPED,91287.52,
5003879,300916,515,10-07-2026,20-07-2026,Pending,47822.87,
5003880,302981,506,23-07-2025,01-08-2025,Shipped,67888.2,
5003881,300483,536,08-10-2025,16-10-2025,delivered,61848.37,
5003882,300304,510,27-05-2022,05-06-2022,SHIPPED,13400.78,
5003883,302736,522,10-08-2023,13-08-2023,Returned,43229.88,
5003884,301879,529,02-07-2025,10-07-2025,Cancelled,,
5003885,301070,525,18-04-2026,04-22-2026,Returned,32010.14,
5003886,301651,531,28-11-2024,01-12-2024,Returned,62078.08,
5003887,301870,525,23-09-2025,05-10-2025,Pending,147879.39,
5003888,301500,503,23-04-2024,25-04-2024,Shipped,23104.93,
5003889,302429,501,09-01-2025,02-Sep-25,Shipped,46920.23,
5003890,302193,519,13-10-2025,19-10-2025,Cancelled,112887.92,
5003891,301846,532,19-07-2025,,Cancelled,3564.65,
5003892,302623,531,14-06-2026,21-06-2026,delivered,91365.14,
5003893,300981,523,08-01-2026,01-14-2026,pending ,106101.39,
5003894,301658,503,24-11-2025,01-12-2025,Delivered,100717.19,
5003895,302358,510,14-07-2025,23-07-2025,delivered,29452.02,
5003896,300415,507,06-02-2023,11-02-2023,Delivered,34602.52,
5003897,300237,533,14-09-2023,26-09-2023,Returned,164168.5,
5003898,301584,524,19-05-2026,23-05-2026,SHIPPED,97281.27,
5003899,302872,530,02-02-2026,08-02-2026,Pending,116242.67,
5003900,301008,502,02-19-2025,,Pending,209584.78,
5003901,300733,502,12-01-2026,12-01-2026,pending ,130127.47,
5003902,301764,538,19-06-2024,23-06-2024,pending ,192187.78,
5003903,300560,503,30-12-2024,02-01-2025,Returned,109317.06,
5003904,300347,539,22-05-2026,27-05-2026,pending ,110190.58,
5003905,300865,508,25-10-2025,28-10-2025,pending ,95509.1,
5003906,300926,532,11-04-2024,14-Apr-24,pending ,4949.17,
5003907,301041,532,22-02-2025,03-03-2025,delivered,,
5003908,300668,535,18-04-2025,21-04-2025,delivered,91091.5,
5003909,300492,518,10-11-2023,14-11-2023,Returned,54730.79,
5003910,300983,509,04-08-2026,11-04-2026,SHIPPED,17561.36,
5003911,302993,528,03-12-2023,22-03-2023,Pending,4689.42,
5003912,301486,504,05-12-2025,15-Dec-25,delivered,55769.48,
5003913,302866,537,07-04-2026,08-04-2026,Delivered,101549.02,
5003914,302168,501,07-08-2024,10-08-2024,delivered,68660.98,
5003915,301113,501,06-09-2024,17-Sep-24,delivered,202281.25,
5003916,300979,503,18-12-2025,22-12-2025,Delivered,21292.71,
5003917,302492,523,26-02-2026,04-03-2026,Delivered,163360.24,
5003918,301456,534,11-05-2023,05-15-2023,delivered,130051.72,
5003919,301073,532,03-10-2025,10-04-2025,Delivered,,
5003920,300985,528,04-10-2024,10-10-2024,Pending,46253.31,
5003921,300421,502,27-09-2025,01-10-2025,Returned,95605.34,
5003922,301594,526,15-03-2022,19-03-2022,SHIPPED,12602.43,
5003923,301683,513,10-07-2025,11-07-2025,delivered,61038.55,
5003924,301324,529,07-12-2025,18-12-2025,delivered,26578.54,
5003925,302612,513,06-12-2025,08-12-2025,Shipped,32881.42,
5003926,302860,505,11-06-2022,19-06-2022,pending ,120.69,
5003927,301931,536,18-Apr-22,,pending ,12798.5,
5003928,302290,537,09-12-2021,17-12-2021,Delivered,,
5003929,302841,527,05-04-2026,11-04-2026,Cancelled,11873.81,
5003930,300804,528,09-05-2022,18-05-2022,Shipped,,
5003931,302720,532,24-01-2025,01-28-2025,Delivered,,
5003932,301475,513,06-02-2025,09-02-2025,Returned,44993.74,
5003933,301960,533,21-01-2025,24-01-2025,pending ,60640.68,
5003934,300729,524,07-18-2026,18-07-2026,delivered,,
5003935,302135,537,03-10-2025,03-10-2025,Delivered,127344.16,
5003936,300666,508,02-Dec-22,11-12-2022,pending ,,
5003937,300939,523,19-02-2025,24-02-2025,Shipped,109387.46,
5003938,302884,525,16-06-2024,17-06-2024,SHIPPED,85581.85,
5003939,300568,520,18-07-2023,25-07-2023,Returned,1407.12,
5003940,302579,506,04-11-2023,,SHIPPED,141017.37,
5003941,301129,507,06-02-2026,11-02-2026,delivered,153767.06,
5003942,301658,509,23-09-2025,30-09-2025,pending ,150563.18,
5003943,302001,505,09-04-2026,,pending ,179655.7,
5003944,300717,527,01-10-2025,04-10-2025,Returned,,
5003945,300785,535,28-11-2025,29-11-2025,Delivered,6801.72,
5003946,300691,512,12-05-2025,,Pending,60426.46,
5003947,301841,525,04-08-2025,10-08-2025,Pending,106570.37,
5003948,301529,531,14-10-2025,10-18-2025,Returned,94788.46,
5003949,300716,531,31-01-2025,02-02-2025,Pending,,
5003950,300319,504,21-09-2025,25-09-2025,Shipped,18686.51,
5003951,300830,531,07-03-2025,08-03-2025,Returned,14153.78,
5003952,302410,533,27-12-2025,05-01-2026,SHIPPED,,
5003953,300965,534,21-10-2025,23-10-2025,Shipped,4016.54,
5003954,301256,523,21-04-2023,,Cancelled,77532.48,
5003955,300802,539,27-12-2024,03-01-2025,Pending,,
5003956,302427,524,17-Aug-25,24-08-2025,Cancelled,56033.75,
5003957,301138,520,28-05-2023,03-06-2023,Returned,66822.05,
5003958,301569,531,16-12-2023,22-12-2023,Cancelled,59010.88,
5003959,300404,501,18-09-2021,30-09-2021,Shipped,22808.41,
5003960,302561,506,11-07-2025,23-07-2025,Shipped,12388.79,
5003961,300672,528,11-05-2024,22-05-2024,Delivered,99198.3,
5003962,302082,536,06-12-2026,15-06-2026,delivered,103403.29,
5003963,302910,512,10-10-2022,14-10-2022,delivered,,
5003964,301842,514,30-11-2023,06-12-2023,Cancelled,21453.27,
5003965,300649,531,16-03-2025,23-03-2025,Returned,154224.4,
5003966,300740,529,27-08-2025,31-08-2025,delivered,34448.06,
5003967,302663,529,03-01-2022,06-01-2022,SHIPPED,63429.38,
5003968,301388,533,01-01-2026,01-06-2026,Shipped,102166.02,
5003969,301724,523,13-12-2023,23-12-2023,Pending,-564.94,
5003970,302285,517,24-11-2024,06-12-2024,pending ,15303.75,
5003971,300382,531,02-12-2023,04-12-2023,Returned,-4373.45,
5003972,301355,507,29-04-2024,05-10-2024,Returned,84808.67,
5003973,300404,501,25-04-2024,04-29-2024,Cancelled,61404.1,
5003974,302121,501,10-05-2026,19-May-26,SHIPPED,128543.84,
5003975,302840,540,19-12-2024,29-12-2024,SHIPPED,33554.61,
5003976,301349,537,27-Sep-25,30-Sep-25,Shipped,70928.66,
5003977,301366,517,15-Dec-24,12-25-2024,SHIPPED,898.02,
5003978,301934,537,22-03-2021,28-03-2021,delivered,,
5003979,300485,528,11-03-2026,11-03-2026,delivered,,
5003980,300598,534,24-09-2025,10-03-2025,Returned,133328.72,
5003981,302866,524,02-10-2021,08-10-2021,delivered,9341.86,
5003982,300367,535,17-Sep-21,18-09-2021,pending ,11650.53,
5003983,300818,533,08-01-2024,01-16-2024,SHIPPED,181920.99,
5003984,301685,524,30-01-2026,31-01-2026,delivered,,
5003985,301190,509,20-10-2023,01-11-2023,Returned,54369.58,
5003986,300756,536,14-03-2026,24-03-2026,delivered,41613.5,
5003987,301892,515,06-03-2022,16-03-2022,pending ,17239.57,
5003988,300090,507,03-04-2025,07-04-2025,Pending,22294.62,
5003989,303000,504,24-07-2023,01-08-2023,Cancelled,24297.48,
5003990,300182,535,20-04-2024,24-04-2024,Delivered,,
5003991,301127,537,11-06-2023,22-06-2023,SHIPPED,13017.41,
5003992,300591,537,14-07-2026,16-07-2026,delivered,45898.39,
5003993,300832,528,18-01-2024,18-01-2024,delivered,229828.71,
5003994,300817,529,19-10-2023,31-10-2023,pending ,78932.91,
5003995,301510,518,27-Jul-26,06-08-2026,Delivered,49690.03,
5003996,300986,521,10-10-2025,17-10-2025,Delivered,81749.42,
5003997,302076,514,03-11-2025,,Pending,12952.53,
5003998,302309,534,16-08-2024,23-Aug-24,pending ,71974.63,
5003999,300611,509,16-05-2025,25-05-2025,Shipped,53201.08,
5004000,301758,514,26-07-2026,04-08-2026,Delivered,26126,
5004001,301104,510,08-10-2025,,Pending,23091.71,
5004002,300875,529,19-06-2026,01-07-2026,pending ,116343.47,
5004003,301951,505,19-03-2024,21-03-2024,Pending,40113.3,
5004004,301096,516,24-01-2025,26-01-2025,Pending,34060.71,
5004005,300388,514,28-01-2022,04-02-2022,Delivered,139620.56,
5004006,300146,512,25-10-2025,30-10-2025,Returned,5184.16,
5004007,300603,502,10-07-2025,18-07-2025,Shipped,110499.3,
5004008,302233,516,24-Sep-24,27-09-2024,Delivered,28406.27,
5004009,301354,523,13-12-2025,,Pending,110479.76,
5004010,302024,539,25-07-2025,05-08-2025,Shipped,998.59,
5004011,302437,518,07-07-2025,17-07-2025,pending ,,
5004012,301058,510,09-10-2024,11-10-2024,Returned,,
5004013,300677,501,26-06-2025,30-Jun-25,Returned,71428.98,
5004014,300569,524,08-02-2025,16-02-2025,Delivered,21037.81,
5004015,301669,506,24-01-2026,28-Jan-26,Delivered,20191.52,
5004016,300412,518,18-12-2021,19-Dec-21,Delivered,37135.43,
5004017,301870,512,23-02-2026,23-02-2026,Pending,4188.28,
5004018,301675,512,19-11-2025,27-11-2025,Pending,23963.11,
5004019,300194,513,20-08-2023,24-08-2023,Pending,70002.51,
5004020,301152,514,19-10-2023,24-10-2023,Delivered,125657.93,
5004021,302722,528,09-11-2023,20-Nov-23,Shipped,40285.67,
5004022,302900,512,01-10-2024,13-10-2024,Pending,0,
5004023,302016,505,21-11-2024,29-11-2024,Returned,96889.29,
5004024,301095,510,05-09-2025,,Returned,,
5004025,302997,531,22-Dec-23,31-12-2023,Cancelled,57727.05,
5004026,301154,510,05-02-2026,06-02-2026,Shipped,20231.88,
5004027,301141,530,23-03-2021,04-04-2021,SHIPPED,3064.74,
5004028,301280,538,07-05-2025,,Returned,7741.76,
5004029,300709,508,04-08-2025,07-Aug-25,Delivered,4686.59,
5004030,301705,520,07-06-2026,16-06-2026,pending ,,
5004031,300399,519,07-22-2024,,Pending,2600.41,
5004032,301080,518,05-10-2021,09-10-2021,delivered,10595.64,
5004033,301757,527,11-05-2025,14-05-2025,Shipped,45533.38,
5004034,300572,525,08-03-2023,13-03-2023,pending ,78882.91,
5004035,302538,539,12-04-2025,18-04-2025,SHIPPED,44562.93,
5004036,302704,532,18-02-2024,25-02-2024,Shipped,19833.64,
5004037,300901,533,17-04-2025,26-04-2025,Returned,228518.81,
5004038,300050,511,19-Apr-23,21-04-2023,Returned,8380.57,
5004039,301447,509,28-10-2025,01-11-2025,Pending,,
5004040,300492,526,24-10-2023,24-10-2023,delivered,,
5004041,302544,504,16-05-2023,24-05-2023,Shipped,150516.64,
5004042,301200,538,01-05-2025,10-05-2025,Cancelled,18475.13,
5004043,301972,523,01-02-2026,02-08-2026,pending ,89824.82,
5004044,302208,517,05-11-2025,05-19-2025,Delivered,40300.38,
5004045,302695,521,13-Feb-25,18-02-2025,Delivered,,
5004046,300516,520,17-07-2026,28-07-2026,delivered,,
5004047,302400,501,17-05-2025,29-05-2025,delivered,,
5004048,302354,524,18-05-2026,20-May-26,Shipped,13298.86,
5004049,301776,522,22-10-2025,03-11-2025,Shipped,53061.55,
5004050,302236,507,11-06-2022,23-06-2022,Cancelled,108917.08,
5004051,300620,523,05-03-2026,08-03-2026,Returned,53215.71,
5004052,302849,531,19-02-2022,20-02-2022,Returned,54602.82,
5004053,302235,505,05-09-2023,09-09-2023,pending ,70850.25,
5004054,300729,508,06-03-2023,03-09-2023,Cancelled,126568.89,
5004055,302233,523,13-04-2025,,delivered,-8152.35,
5004056,302569,539,24-07-2024,31-07-2024,Pending,66320.8,
5004057,300481,505,05-09-2023,07-09-2023,SHIPPED,133958.56,
5004058,301555,509,21-10-2025,22-10-2025,SHIPPED,50977.67,
5004059,300731,522,10-08-2025,14-08-2025,SHIPPED,68613.75,
5004060,300010,519,16-12-2023,12-17-2023,Returned,99066.07,
5004061,301056,524,29-06-2025,02-Jul-25,Returned,,
5004062,302113,513,26-12-2024,29-12-2024,Cancelled,49421.33,
5004063,301756,540,03-05-2026,10-05-2026,Delivered,41362.2,
5004064,301837,523,03-29-2026,06-04-2026,Cancelled,,
5004065,302074,536,09-01-2024,01-21-2024,pending ,,
5004066,302498,522,10-01-2023,,Delivered,44081.32,
5004067,302878,504,04-04-2026,06-04-2026,delivered,,
5004068,301583,525,07-02-2025,14-02-2025,SHIPPED,73635.47,
5004069,300732,534,09-05-2026,12-05-2026,Returned,34034.95,
5004070,302005,508,18-09-2022,20-09-2022,delivered,549.05,
5004071,302490,540,11-Jan-23,15-01-2023,Pending,50099.84,
5004072,302182,508,03-11-2025,09-11-2025,SHIPPED,,
5004073,300057,504,16-02-2025,26-02-2025,pending ,39298.88,
5004074,300077,518,25-05-2023,28-05-2023,Pending,5940.2,
5004075,302531,510,31-03-2026,04-11-2026,Delivered,34395.05,
5004076,301663,520,01-08-2026,10-08-2026,SHIPPED,76872.7,
5004077,300109,510,31-03-2023,03-04-2023,Pending,,
5004078,302398,531,24-12-2025,04-01-2026,Returned,,
5004079,301454,524,25-07-2025,04-08-2025,Shipped,147323.56,
5004080,302659,533,21-12-2025,12-27-2025,Shipped,13242.55,
5004081,302586,539,27-03-2024,31-03-2024,Pending,46085.31,
5004082,301887,508,16-10-2024,27-10-2024,Returned,136439.46,
5004083,300454,515,02-04-2026,06-04-2026,Shipped,150968.87,
5004084,300489,519,07-06-2026,06-07-2026,pending ,18587.86,
5004085,302855,536,10-Apr-22,13-04-2022,delivered,113518.9,
5004086,302098,535,04-04-2026,14-04-2026,Pending,49360.69,
5004087,301812,533,01-10-2025,05-10-2025,Shipped,82272.53,
5004088,300720,539,28-Apr-25,29-04-2025,Returned,64388.86,
5004089,301817,528,23-11-2024,04-12-2024,Cancelled,29825.42,
5004090,301923,520,14-Nov-24,25-11-2024,Pending,16931.19,
5004091,301486,525,25-11-2023,27-11-2023,delivered,131405.98,
5004092,302107,516,08-09-2025,17-09-2025,delivered,280101.16,
5004093,300340,528,12-06-2026,23-06-2026,delivered,47227.33,
5004094,301484,537,09-12-2025,12-12-2025,Shipped,,
5004095,302328,540,08-01-2026,16-01-2026,delivered,87768.67,
5004096,300642,539,03-08-2024,08-10-2024,Returned,6544.81,
5004097,301455,521,26-11-2024,30-11-2024,pending ,22047.32,
5004098,300729,537,05-10-2025,14-10-2025,SHIPPED,58725.11,
5004099,301835,516,08-12-2025,18-12-2025,Delivered,15109.47,
5004100,302589,514,15-08-2025,15-08-2025,delivered,80962.55,
5004101,301459,528,12-01-2025,21-01-2025,Shipped,80451.81,
5004102,301610,509,03-09-2024,08-09-2024,pending ,180440.6,
5004103,301106,514,04-08-2025,11-08-2025,SHIPPED,44093.24,
5004104,300997,534,02-Jul-26,13-07-2026,pending ,39684.24,
5004105,300478,530,16-11-2024,24-11-2024,delivered,,
5004106,300928,535,09-04-2023,15-04-2023,Pending,,
5004107,302077,531,01-04-2025,02-04-2025,SHIPPED,42587.79,
5004108,300238,516,04-03-2024,04-04-2024,Pending,60096.56,
5004109,302164,502,10-09-2025,15-09-2025,Returned,27022.92,
5004110,302751,529,11-04-2026,11-04-2026,pending ,,
5004111,300204,518,13-Aug-25,17-08-2025,Shipped,42370.74,
5004112,302622,521,25-05-2024,05-29-2024,delivered,390.32,
5004113,302564,512,29-06-2024,03-07-2024,pending ,146535.19,
5004114,302295,512,13-05-2026,18-05-2026,Cancelled,74898.84,
5004115,302436,513,17-12-2024,29-12-2024,Shipped,,
5004116,301444,509,10-04-2026,22-04-2026,delivered,12248.68,
5004117,300225,537,15-04-2026,25-04-2026,Shipped,55063.05,
5004118,300889,525,21-04-2025,28-04-2025,Delivered,35744.22,
5004119,301754,522,06-08-2022,06-08-2022,delivered,20731.57,
5004120,300392,535,09-05-2025,17-05-2025,Returned,39234.58,
5004121,302971,503,03-05-2025,03-05-2025,Cancelled,18775.95,
5004122,301316,507,01-21-2024,01-02-2024,delivered,65333.73,
5004123,302743,511,22-05-2024,06-01-2024,Shipped,15146.76,
5004124,301203,507,02-10-2025,13-Oct-25,delivered,2174.44,
5004125,302210,521,12-07-2024,14-07-2024,SHIPPED,45231.74,
5004126,302051,521,29-12-2024,09-01-2025,Returned,3963.93,
5004127,301332,526,09-01-2026,13-01-2026,Cancelled,134276.83,
5004128,300331,524,18-06-2026,28-06-2026,Shipped,155012.92,
5004129,300740,516,24-03-2026,28-03-2026,Returned,15199.06,
5004130,302527,501,09-11-2025,20-11-2025,Returned,-3381.19,
5004131,301026,504,01-09-2025,03-09-2025,pending ,32576.38,
5004132,301943,520,30-11-2021,05-12-2021,SHIPPED,65508.49,
5004133,300054,505,03-12-2023,10-12-2023,Shipped,26599.82,
5004134,300130,505,08-07-2026,16-07-2026,Cancelled,235290.76,
5004135,301937,504,17-03-2025,03-17-2025,Returned,273293.73,
5004136,302859,517,03-10-2023,06-10-2023,Pending,,
5004137,301430,531,02-01-2026,12-02-2026,Delivered,108627.9,
5004138,302328,524,01-12-2024,11-12-2024,Pending,65895.48,
5004139,300291,522,27-04-2024,01-05-2024,Delivered,81690.09,
5004140,300029,533,28-01-2026,05-02-2026,SHIPPED,12956.78,
5004141,301223,507,07-10-2025,14-10-2025,delivered,,
5004142,301336,538,08-27-2025,06-09-2025,delivered,115645.12,
5004143,301177,536,19-03-2026,19-03-2026,Pending,88993.11,
5004144,301899,505,03-08-2025,12-08-2025,pending ,118879.32,
5004145,301849,506,12-21-2024,02-01-2025,Cancelled,58626.72,
5004146,301863,538,05-09-2025,10-09-2025,delivered,15560.27,
5004147,302733,519,10-02-2023,10-02-2023,SHIPPED,,
5004148,301938,515,26-12-2024,07-01-2025,Shipped,68107.64,
5004149,300427,533,25-06-2025,07-07-2025,pending ,32736.46,
5004150,301548,521,19-03-2025,31-03-2025,delivered,56155.9,
5004151,302193,530,24-07-2026,24-07-2026,pending ,243769.34,
5004152,301919,538,25-11-2025,01-12-2025,delivered,66311.42,
5004153,301111,526,10-05-2024,17-May-24,Cancelled,,
5004154,302030,514,12-10-2022,17-10-2022,Shipped,54021.34,
5004155,301651,512,14-03-2026,24-03-2026,Pending,-6969.61,
5004156,301957,517,05-06-2023,14-06-2023,Returned,81990.81,
5004157,300697,535,01-10-2024,11-10-2024,Delivered,80708.61,
5004158,302583,526,20-02-2026,28-02-2026,Cancelled,144690.64,
5004159,300597,540,08-11-2023,19-11-2023,Returned,74873.17,
5004160,301218,507,03-07-2025,08-07-2025,delivered,104187.75,
5004161,301706,523,10-06-2025,14-06-2025,Returned,80754.83,
5004162,302806,519,15-07-2026,16-07-2026,SHIPPED,18223.23,
5004163,302969,525,07-12-2024,11-12-2024,Delivered,58052.05,
5004164,300256,515,29-05-2024,29-05-2024,pending ,131760.81,
5004165,301089,508,08-03-2025,08-03-2025,SHIPPED,15344.12,
5004166,300088,533,04-07-2024,,delivered,24703.16,
5004167,301716,509,08-11-2020,18-11-2020,Delivered,99529.7,
5004168,302052,533,13-05-2026,,Returned,,
5004169,300616,531,13-07-2021,13-07-2021,pending ,59811.16,
5004170,301893,510,12-10-2022,21-10-2022,SHIPPED,27735.57,
5004171,301823,518,10-07-2025,18-07-2025,Delivered,35660.87,
5004172,300366,521,19-06-2026,19-06-2026,delivered,,
5004173,301111,505,15-04-2024,26-Apr-24,Pending,,
5004174,300453,529,07-05-2022,16-05-2022,SHIPPED,56475.13,
5004175,300380,508,16-May-26,23-05-2026,pending ,27629.77,
5004176,300575,505,27-06-2023,01-07-2023,Returned,57512.64,
5004177,301895,516,27-06-2024,07-Jul-24,Cancelled,174308.74,
5004178,301039,506,24-06-2025,24-06-2025,Cancelled,12368.14,
5004179,301573,524,20-09-2025,26-09-2025,Cancelled,,
5004180,302636,539,04-03-2026,07-03-2026,pending ,,
5004181,302839,511,11-03-2025,11-03-2025,Shipped,,
5004182,300114,503,19-11-2022,29-11-2022,delivered,,
5004183,302079,525,01-07-2025,10-Jul-25,delivered,10477.24,
5004184,300791,525,03-07-2025,07-07-2025,Shipped,,
5004185,302300,536,07-12-2025,07-12-2025,Returned,90515.77,
5004186,302922,525,24-08-2025,26-08-2025,SHIPPED,163007.43,
5004187,300400,539,17-11-2025,19-11-2025,Pending,,
5004188,300274,506,20-11-2024,02-12-2024,Cancelled,23356.2,
5004189,302238,514,13-01-2024,,Delivered,,
5004190,300963,533,01-05-2024,10-05-2024,pending ,,
5004191,300931,530,17-02-2025,28-02-2025,Returned,37565.62,
5004192,302636,502,02-09-2022,06-09-2022,delivered,23329.66,
5004193,302495,501,30-10-2025,05-11-2025,Shipped,32506.6,
5004194,300792,502,22-03-2025,30-03-2025,delivered,17633.6,
5004195,301479,509,17-03-2024,22-03-2024,Returned,98989.81,
5004196,300514,533,09-09-2024,10-09-2024,SHIPPED,70283.68,
5004197,300831,523,31-07-2025,08-08-2025,Cancelled,39206.66,
5004198,300865,514,16-07-2025,,Cancelled,20347.58,
5004199,300442,508,17-02-2024,28-02-2024,SHIPPED,34021.73,
5004200,301923,504,18-07-2026,29-07-2026,delivered,37167.56,
5004201,302975,510,30-11-2022,01-12-2022,Cancelled,145197.15,
5004202,302715,533,29-03-2023,07-04-2023,Delivered,138410.62,
5004203,302463,505,07-03-2026,19-Mar-26,Delivered,,
5004204,300663,533,16-06-2024,25-06-2024,Shipped,,
5004205,302235,518,02-09-2023,14-09-2023,SHIPPED,0,
5004206,300735,516,04-06-2026,09-06-2026,delivered,15461.01,
5004207,302224,529,07-06-2026,16-Jun-26,pending ,43445.39,
5004208,302331,512,03-01-2025,09-01-2025,delivered,32940.96,
5004209,302355,525,22-12-2023,26-12-2023,pending ,,
5004210,300120,537,05-05-2024,,delivered,44116.52,
5004211,301048,510,15-12-2022,25-12-2022,Delivered,11211.08,
5004212,300372,530,26-07-2024,04-08-2024,Cancelled,28540.15,
5004213,301646,539,06-07-2024,11-07-2024,SHIPPED,24848.94,
5004214,301707,507,01-07-2026,13-07-2026,Returned,152917.89,
5004215,301395,521,12-09-2024,19-09-2024,Cancelled,92089.84,
5004216,302671,512,06-03-2026,09-03-2026,pending ,88911.1,
5004217,300239,505,09-06-2026,16-06-2026,SHIPPED,66992.15,
5004218,301672,519,21-08-2024,27-08-2024,Returned,31602.91,
5004219,302398,534,25-08-2025,06-09-2025,Shipped,8968.32,
5004220,300202,503,03-04-2026,04-04-2026,Pending,11474.93,
5004221,302699,522,15-02-2023,24-02-2023,delivered,128800.72,
5004222,302135,523,30-10-2025,11-11-2025,delivered,138390.53,
5004223,300094,520,10-20-2025,26-10-2025,Returned,57497.98,
5004224,302187,526,21-10-2025,22-10-2025,delivered,,
5004225,301801,529,03-12-2024,05-12-2024,SHIPPED,13935.27,
5004226,302452,501,10-06-2025,18-06-2025,Cancelled,1249.25,
5004227,302656,515,13-02-2023,22-02-2023,pending ,95404.73,
5004228,301919,528,18-09-2025,22-09-2025,Delivered,,
5004229,302321,530,13-09-2025,18-09-2025,Cancelled,55335.29,
5004230,300798,515,04-02-2025,16-Feb-25,Returned,45422.67,
5004231,302550,515,27-02-2026,07-03-2026,Delivered,3262.7,
5004232,300596,508,10-27-2025,27-10-2025,Pending,50104.99,
5004233,301562,511,01-21-2025,22-01-2025,Returned,48981.46,
5004234,301716,503,13-05-2022,17-May-22,SHIPPED,907.2,
5004235,302092,531,12-04-2024,15-04-2024,Returned,143753.95,
5004236,302316,529,02-05-2025,03-05-2025,pending ,,
5004237,300326,523,13-10-2025,25-10-2025,Shipped,80101.55,
5004238,302417,534,11-01-2023,19-Jan-23,Cancelled,65746.11,
5004239,301107,539,29-02-2024,03-03-2024,SHIPPED,151711.21,
5004240,302609,513,05-12-2025,09-12-2025,pending ,,
5004241,301170,530,13-12-2022,24-12-2022,pending ,48442.01,
5004242,301082,530,07-06-2026,10-06-2026,Pending,9943.1,
5004243,301015,528,24-06-2025,25-06-2025,delivered,2771.15,
5004244,301453,511,27-10-2025,03-11-2025,pending ,33119.56,
5004245,301852,502,07-07-2026,08-07-2026,SHIPPED,48604.55,
5004246,300344,526,26-08-2023,28-08-2023,Delivered,202047.46,
5004247,301633,509,10-09-2022,17-09-2022,Returned,,
5004248,302948,519,06-03-2024,,Shipped,,
5004249,300016,539,22-08-2025,31-08-2025,pending ,88161.94,
5004250,301669,505,26-08-2023,01-09-2023,SHIPPED,9847.78,
5004251,302815,537,11-11-2025,20-11-2025,SHIPPED,102033.74,
5004252,302615,503,17-03-2026,28-03-2026,Delivered,15973.18,
5004253,302927,537,13-03-2026,23-03-2026,Pending,15096.52,
5004254,300068,537,08-01-2025,11-01-2025,Shipped,212803.44,
5004255,300054,513,09-02-2024,11-02-2024,Cancelled,12769.92,
5004256,300335,522,23-05-2026,25-05-2026,Returned,12466.2,
5004257,301619,519,31-12-2025,05-01-2026,Pending,382.73,
5004258,300593,522,19-05-2025,,SHIPPED,1275.87,
5004259,301909,533,19-05-2025,19-05-2025,delivered,84227.62,
5004260,301074,519,28-10-2025,28-10-2025,Cancelled,,
5004261,302711,507,14-10-2023,16-10-2023,Delivered,40597.32,
5004262,300503,530,12-01-2024,14-01-2024,Returned,98914.77,
5004263,300131,537,08-11-2025,20-11-2025,delivered,122993.31,
5004264,300958,521,26-11-2025,27-11-2025,Shipped,58011.28,
5004265,301302,535,07-06-2026,07-06-2026,Pending,17258.19,
5004266,301103,503,19-08-2024,29-08-2024,Cancelled,29188.93,
5004267,302987,530,01-15-2023,15-Jan-23,Returned,55063.94,
5004268,300608,536,11-10-2025,16-10-2025,Pending,178466.57,
5004269,300031,534,02-04-2022,04-04-2022,Shipped,,
5004270,300901,525,26-10-2023,26-10-2023,pending ,30020.14,
5004271,300225,508,28-11-2025,04-12-2025,SHIPPED,45846.55,
5004272,301123,524,20-05-2023,05-21-2023,Shipped,,
5004273,300919,511,21-05-2026,30-05-2026,Cancelled,,
5004274,300733,511,09-09-2023,21-09-2023,Pending,102680.97,
5004275,302936,521,17-07-2024,25-07-2024,Pending,19195.53,
5004276,302028,521,02-20-2023,,Shipped,132945.66,
5004277,301608,504,03-11-2022,04-11-2022,delivered,48023.19,
5004278,300917,506,14-08-2023,,Returned,,
5004279,302713,512,30-03-2026,09-04-2026,Cancelled,94450.43,
5004280,302605,508,08-02-2023,17-02-2023,Shipped,70462.9,
5004281,302560,530,20-04-2026,02-May-26,Cancelled,,
5004282,300089,507,08-04-2026,18-04-2026,Shipped,91275.15,
5004283,300443,518,16-05-2025,19-05-2025,pending ,43818.19,
5004284,300213,519,30-12-2021,30-12-2021,Pending,46940.7,
5004285,300113,517,27-12-2025,02-01-2026,Delivered,22359.26,
5004286,302580,540,14-Jan-24,01-24-2024,Pending,61121.61,
5004287,302655,537,27-05-2026,05-06-2026,Pending,97801.76,
5004288,300211,521,19-11-2025,25-11-2025,Shipped,14137.77,
5004289,301744,505,07-07-2025,09-07-2025,Returned,0,
5004290,301111,502,06-01-2025,06-01-2025,Pending,56164.8,
5004291,301316,516,04-12-2023,06-12-2023,pending ,42208.64,
5004292,300179,513,31-01-2024,,pending ,152425.4,
5004293,302258,508,26-01-2026,26-01-2026,Pending,,
5004294,302846,535,25-02-2023,01-03-2023,SHIPPED,,
5004295,301599,517,06-Oct-25,06-10-2025,Pending,44175.07,
5004296,300680,535,11-01-2023,12-01-2023,Returned,56795.59,
5004297,301362,512,12-Jun-26,20-06-2026,delivered,73401.29,
5004298,302719,528,01-07-2025,13-Jul-25,Pending,,
5004299,302383,511,12-03-2025,20-03-2025,delivered,138596.54,
5004300,300923,535,03-10-2025,06-10-2025,pending ,23658.7,
5004301,302069,513,28-01-2026,28-01-2026,delivered,45952.6,
5004302,302817,503,06-10-2022,12-10-2022,Delivered,,
5004303,300775,517,20-02-2025,28-02-2025,delivered,34185.66,
5004304,300324,517,09-01-2026,21-01-2026,Delivered,,
5004305,301029,520,14-11-2024,25-11-2024,Pending,40858.51,
5004306,302812,538,09-08-2022,14-08-2022,Shipped,40401.55,
5004307,300748,534,14-01-2026,15-01-2026,Returned,91660.82,
5004308,302391,518,18-12-2022,20-12-2022,delivered,3688.35,
5004309,302733,530,15-Jul-25,19-07-2025,Delivered,23013.17,
5004310,301140,522,06-07-2025,,Returned,55945.39,
5004311,301809,525,15-07-2026,16-07-2026,Shipped,77385.24,
5004312,300055,522,21-05-2026,30-05-2026,Pending,,
5004313,300429,533,20-07-2025,24-07-2025,Shipped,26943.8,
5004314,300343,525,31-01-2025,05-02-2025,SHIPPED,72836.44,
5004315,300912,504,27-07-2021,31-07-2021,Cancelled,42506.49,
5004316,301310,506,02-09-2025,13-02-2025,delivered,3121.56,
5004317,302942,537,26-10-2024,27-10-2024,pending ,38927.75,
5004318,300863,540,01-08-2025,03-Aug-25,Pending,57747.15,
5004319,301510,531,08-04-2026,12-04-2026,Shipped,67727.84,
5004320,301735,527,21-08-2025,02-09-2025,Returned,,
5004321,300056,514,30-04-2025,05-05-2025,pending ,74310.01,
5004322,300475,504,26-07-2025,01-08-2025,Cancelled,225272.69,
5004323,302523,518,29-07-2024,08-08-2024,Returned,104491.52,
5004324,300823,539,11-05-2025,19-May-25,Pending,58680.22,
5004325,302922,514,06-02-2026,15-02-2026,Returned,7413.92,
5004326,300284,514,30-01-2026,02-02-2026,Shipped,16379.49,
5004327,300218,535,11-04-2025,18-04-2025,delivered,53662.52,
5004328,300880,522,17-03-2025,,Shipped,1017.97,
5004329,301754,524,26-01-2026,04-02-2026,Delivered,1015.4,
5004330,302571,507,28-12-2025,01-01-2026,pending ,45132.08,
5004331,301542,534,12-12-2020,17-12-2020,Returned,24064.96,
5004332,301758,502,20-06-2026,26-06-2026,Pending,75654.96,
5004333,301160,535,18-Jun-24,24-06-2024,Shipped,46582.59,
5004334,301871,527,26-08-2025,31-08-2025,Cancelled,,
5004335,302488,525,20-11-2022,02-12-2022,Pending,20897.36,
5004336,302040,532,21-05-2026,02-06-2026,pending ,71703.76,
5004337,301689,517,16-09-2022,22-09-2022,pending ,125198.29,
5004338,302576,527,06-03-2024,08-03-2024,Pending,48911.35,
5004339,300802,538,29-07-2025,08-03-2025,Shipped,52523.93,
5004340,301866,518,30-05-2023,01-06-2023,Shipped,90775.71,
5004341,300106,539,06-10-2025,11-10-2025,Shipped,17808.03,
5004342,302302,514,02-08-2023,14-08-2023,Cancelled,24154.05,
5004343,300475,526,09-12-2025,16-12-2025,Delivered,37486.31,
5004344,302183,522,17-Aug-25,25-Aug-25,Pending,0,
5004345,301260,536,11-05-2025,16-05-2025,Shipped,1212.78,
5004346,300176,501,21-08-2023,30-08-2023,SHIPPED,60943.57,
5004347,300873,502,17-03-2026,17-03-2026,Shipped,4230.34,
5004348,301593,526,12-09-2023,22-09-2023,SHIPPED,161784.49,
5004349,300824,519,01-11-2025,04-11-2025,Delivered,,
5004350,301191,502,25-06-2025,25-06-2025,Returned,37792.26,
5004351,302786,534,12-09-2025,19-09-2025,Returned,142364.64,
5004352,302953,511,27-02-2022,08-03-2022,Cancelled,176837.13,
5004353,302206,539,24-03-2026,31-03-2026,Returned,,
5004354,301078,518,11-06-2026,19-06-2026,Delivered,26528.35,
5004355,301401,513,02-05-2026,03-05-2026,Pending,,
5004356,301622,518,05-05-2022,17-05-2022,Pending,93726.39,
5004357,301209,526,30-06-2025,06-07-2025,Pending,,
5004358,302118,506,15-04-2026,22-04-2026,Shipped,93530.64,
5004359,301887,513,17-05-2023,20-05-2023,delivered,116956.1,
5004360,301622,516,04-01-2025,16-01-2025,Delivered,716.19,
5004361,300469,503,06-08-2024,09-Aug-24,Pending,21174.21,
5004362,302497,513,27-02-2024,04-03-2024,Cancelled,183845.88,
5004363,300981,529,02-02-2026,14-02-2026,Pending,85448.95,
5004364,300283,535,20-11-2023,26-11-2023,pending ,53524.32,
5004365,300546,533,14-05-2026,16-05-2026,Returned,5938.83,
5004366,302817,515,29-09-2023,09-10-2023,Delivered,77522.4,
5004367,301957,501,23-04-2022,03-May-22,pending ,56682.86,
5004368,301254,515,07-09-2023,12-09-2023,Cancelled,65154.42,
5004369,301138,532,24-09-2023,09-30-2023,SHIPPED,58035.31,
5004370,300847,525,25-02-2025,,Shipped,,
5004371,300071,506,11-07-2026,21-07-2026,Cancelled,85288.16,
5004372,301635,511,12-01-2025,16-01-2025,Delivered,53679.04,
5004373,302223,527,24-07-2022,24-07-2022,Returned,111611,
5004374,300525,526,03-09-2024,14-09-2024,Delivered,93009.29,
5004375,301125,519,15-05-2025,23-05-2025,Shipped,29939.97,
5004376,302575,528,21-02-2025,01-03-2025,Shipped,82592.66,
5004377,300268,516,23-08-2023,30-08-2023,Cancelled,16908.19,
5004378,300795,517,18-06-2026,25-06-2026,Pending,91450.89,
5004379,302523,504,16-09-2024,27-09-2024,Cancelled,3001.17,
5004380,302069,532,29-12-2025,04-01-2026,delivered,82281.07,
5004381,300070,534,02-02-2024,02-07-2024,delivered,11378.39,
5004382,301427,511,14-08-2022,19-08-2022,pending ,6541.97,
5004383,302576,512,23-07-2024,01-08-2024,Delivered,46551.38,
5004384,301427,519,19-07-2025,26-07-2025,Returned,68361.56,
5004385,302093,533,11-03-2026,12-03-2026,Delivered,30434.46,
5004386,302195,530,19-01-2024,30-01-2024,Cancelled,0,
5004387,302702,538,20-12-2024,25-12-2024,SHIPPED,45929.56,
5004388,300037,517,23-01-2023,23-01-2023,SHIPPED,37975.62,
5004389,301375,534,02-06-2025,11-06-2025,Cancelled,0,
5004390,302794,533,11-03-2025,11-03-2025,SHIPPED,15389.12,
5004391,300948,529,29-Mar-23,08-04-2023,Delivered,16561.58,
5004392,301056,529,01-06-2026,06-13-2026,Returned,6633.07,
5004393,301426,509,04-03-2026,09-03-2026,Shipped,29205.35,
5004394,301176,501,27-04-2024,01-05-2024,Shipped,6070.81,
5004395,302918,523,22-02-2021,01-03-2021,Returned,17453.27,
5004396,301557,536,19-02-2025,20-02-2025,Shipped,,
5004397,301066,532,29-12-2023,08-01-2024,Shipped,8964.5,
5004398,300123,526,05-10-2025,10-07-2025,SHIPPED,72747.68,
5004399,300894,512,25-08-2024,30-08-2024,pending ,,
5004400,302224,522,14-02-2026,19-02-2026,SHIPPED,101685.08,
5004401,301886,528,28-06-2024,28-06-2024,Shipped,24666.8,
5004402,302615,511,29-12-2025,06-01-2026,Returned,41388.85,
5004403,301977,533,04-06-2026,08-06-2026,Shipped,105556.98,
5004404,302232,523,26-07-2026,04-08-2026,Pending,12080.49,
5004405,301970,510,02-01-2026,10-01-2026,Cancelled,160544.99,
5004406,301987,502,17-05-2023,23-05-2023,Returned,16552.96,
5004407,301826,510,23-09-2023,05-10-2023,pending ,65900.16,
5004408,301293,507,18-04-2024,20-04-2024,pending ,15527.47,
5004409,300265,524,17-01-2026,21-01-2026,pending ,42462.26,
5004410,301908,525,20-01-2023,31-01-2023,Delivered,145056.52,
5004411,302433,510,20-04-2026,27-04-2026,Shipped,46835.51,
5004412,300383,537,04-07-2026,06-07-2026,Returned,61078.44,
5004413,302917,518,19-10-2025,,Cancelled,45748.7,
5004414,301364,536,10-03-2025,18-03-2025,Cancelled,87655.8,
5004415,301535,520,01-08-2026,13-08-2026,Returned,118958.81,
5004416,300652,501,11-06-2026,23-06-2026,Pending,106598.68,
5004417,302064,525,14-06-2025,24-06-2025,Cancelled,,
5004418,302133,527,24-05-2025,25-05-2025,Cancelled,,
5004419,302424,520,29-03-2022,10-04-2022,Cancelled,78248.82,
5004420,300710,520,03-03-2026,11-03-2026,Delivered,51499.03,
5004421,300598,534,12-03-2022,24-03-2022,Shipped,,
5004422,302342,506,05-06-2024,15-06-2024,Returned,23994.45,
5004423,302887,534,12-04-2023,14-04-2023,Pending,104290.87,
5004424,300052,510,17-10-2024,25-10-2024,SHIPPED,66835.51,
5004425,300647,528,22-04-2025,27-04-2025,Pending,33403.21,
5004426,300621,526,19-08-2024,23-08-2024,Pending,126703.75,
5004427,302497,503,15-01-2024,20-01-2024,SHIPPED,111009.07,
5004428,302030,513,15-05-2022,15-05-2022,delivered,84413.61,
5004429,302933,531,05-09-2025,10-09-2025,Pending,54771.71,
5004430,301404,529,18-07-2026,29-07-2026,pending ,44762.69,
5004431,302651,536,23-06-2021,04-07-2021,Shipped,134382.92,
5004432,302941,535,08-02-2026,16-02-2026,Shipped,117483.05,
5004433,301473,538,27-12-2025,04-01-2026,Cancelled,88745.54,
5004434,302466,530,23-10-2022,23-10-2022,delivered,16575.94,
5004435,301954,523,13-07-2024,15-07-2024,Delivered,19056.88,
5004436,301059,532,23-07-2026,24-07-2026,Delivered,88144.75,
5004437,301779,528,13-07-2025,25-07-2025,Cancelled,34121.96,
5004438,301820,535,09-07-2021,10-07-2021,Cancelled,213596.09,
5004439,302413,504,15-05-2024,22-May-24,Cancelled,132040.27,
5004440,301828,509,27-07-2025,28-07-2025,pending ,38160.09,
5004441,300017,510,25-02-2022,25-02-2022,Pending,1209.47,
5004442,302558,526,06-03-2024,08-03-2024,Delivered,148242.5,
5004443,300385,519,16-12-2024,17-12-2024,pending ,,
5004444,301791,502,28-08-2024,06-09-2024,Shipped,78496.18,
5004445,300333,502,26-09-2024,05-10-2024,delivered,,
5004446,300787,538,11-08-2024,22-08-2024,SHIPPED,61040.53,
5004447,301023,519,02-08-2024,10-08-2024,Pending,82945.86,
5004448,301217,540,13-07-2025,22-07-2025,Cancelled,,
5004449,300874,508,12-05-2026,14-05-2026,Pending,,
5004450,302635,540,03-12-2024,14-12-2024,Shipped,46641.25,
5004451,300834,534,04-03-2026,09-03-2026,Returned,16685.12,
5004452,300111,522,30-07-2026,08-06-2026,Shipped,14334.3,
5004453,300826,540,27-11-2023,,Pending,110556.88,
5004454,302969,520,29-10-2024,30-Oct-24,Shipped,77707.26,
5004455,301934,533,26-10-2025,02-11-2025,SHIPPED,,
5004456,300043,518,22-12-2022,27-12-2022,pending ,37037.38,
5004457,302485,509,04-08-2025,09-08-2025,Cancelled,59987.94,
5004458,300681,537,02-09-2025,05-09-2025,Returned,81987.07,
5004459,302333,508,03-05-2025,05-05-2025,Shipped,82288.13,
5004460,301189,516,24-04-2025,26-04-2025,Pending,3805.58,
5004461,301417,533,28-08-2025,01-Sep-25,Delivered,6355.59,
5004462,302081,523,28-09-2025,10-10-2025,SHIPPED,77244.55,
5004463,302718,503,09-09-2025,16-09-2025,pending ,91980.32,
5004464,302281,509,07-04-2026,10-04-2026,Pending,14718.38,
5004465,301077,505,28-08-2024,,Cancelled,64073.43,
5004466,300458,502,02-03-2024,06-03-2024,Delivered,81883.75,
5004467,301342,521,16-07-2024,21-07-2024,SHIPPED,,
5004468,300249,522,29-01-2025,10-02-2025,Delivered,12471.51,
5004469,301578,502,13-03-2024,13-03-2024,Shipped,20132.79,
5004470,302540,524,27-09-2025,29-Sep-25,Returned,,
5004471,300025,540,21-05-2025,25-05-2025,Cancelled,25794.29,
5004472,300307,524,02-06-2025,06-06-2025,Shipped,22126.55,
5004473,301725,514,27-02-2024,09-03-2024,Cancelled,12118.12,
5004474,301581,501,18-11-2025,,Shipped,37417.41,
5004475,302262,527,08-04-2025,10-04-2025,pending ,39752.87,
5004476,302992,532,08-11-2023,17-11-2023,pending ,59004.31,
5004477,300767,513,23-10-2025,30-10-2025,pending ,1218.61,
5004478,302250,507,26-11-2023,04-12-2023,Cancelled,126907.56,
5004479,300027,540,19-Jul-24,21-07-2024,Pending,109565.41,
5004480,300089,528,04-12-2025,13-12-2025,Shipped,164771.09,
5004481,302426,520,13-05-2026,24-05-2026,SHIPPED,,
5004482,300825,533,02-12-2025,04-12-2025,Pending,,
5004483,302291,515,27-05-2023,28-May-23,delivered,17168.42,
5004484,302632,529,28-02-2024,08-03-2024,delivered,67295.19,
5004485,301918,513,06-12-2024,12-12-2024,delivered,,
5004486,302829,510,21-03-2025,23-03-2025,Shipped,86150.39,
5004487,300759,502,23-08-2024,31-08-2024,Delivered,12010.72,
5004488,300314,510,31-08-2025,02-Sep-25,delivered,14185.11,
5004489,300523,504,12-08-2025,19-08-2025,Pending,29629.01,
5004490,300193,523,12-07-2026,12-07-2026,Shipped,31148.64,
5004491,302490,508,24-01-2026,24-01-2026,Shipped,113257.57,
5004492,300342,505,03-05-2026,10-03-2026,delivered,122415.37,
5004493,300245,508,15-09-2021,23-09-2021,delivered,65285.7,
5004494,300246,512,11-04-2025,23-04-2025,Cancelled,32923.74,
5004495,302285,529,10-10-2022,11-10-2022,pending ,77535.4,
5004496,300441,506,19-06-2026,,Returned,49930.41,
5004497,300501,525,06-05-2025,14-May-25,delivered,138049.29,
5004498,301678,503,22-09-2021,30-09-2021,Cancelled,29441.54,
5004499,301390,539,22-04-2026,24-04-2026,SHIPPED,68908.28,
5004500,300758,531,01-10-2023,10-10-2023,Cancelled,1871.75,
5004501,302797,520,08-08-2025,08-08-2025,Shipped,21214.42,
5004502,301983,513,03-Nov-24,09-11-2024,Returned,,
5004503,300144,534,11-01-2025,01-19-2025,delivered,103242.62,
5004504,301845,506,27-03-2026,27-03-2026,pending ,,
5004505,301746,509,20-May-25,27-05-2025,Returned,91509.47,
5004506,300707,503,01-12-2025,08-12-2025,delivered,,
5004507,300959,534,21-Feb-25,01-03-2025,Delivered,7054.98,
5004508,302954,536,20-08-2025,21-08-2025,Delivered,24142.89,
5004509,300255,534,08-09-2025,12-09-2025,Delivered,15894.27,
5004510,301798,534,24-07-2023,28-07-2023,Returned,27063.03,
5004511,301150,539,02-11-2025,08-11-2025,delivered,31819.73,
5004512,300393,534,13-10-2024,16-10-2024,Cancelled,,
5004513,301145,506,07-12-2025,12-12-2025,Pending,12614.34,
5004514,301893,531,07-19-2024,26-07-2024,SHIPPED,176943.87,
5004515,300481,502,27-09-2024,30-09-2024,pending ,66375.99,
5004516,302055,505,08-12-2024,16-12-2024,pending ,24200.45,
5004517,302728,538,02-02-2026,05-02-2026,pending ,257271.3,
5004518,301934,521,01-04-2022,01-04-2022,SHIPPED,136908.92,
5004519,300766,522,22-09-2024,,Returned,,
5004520,301673,526,19-10-2025,,Delivered,10154.1,
5004521,301706,537,09-03-2026,,Pending,75067.9,
5004522,301489,511,26-01-2026,03-02-2026,Cancelled,86338,
5004523,301885,517,27-07-2026,,Returned,50819.91,
5004524,300472,512,22-02-2025,23-02-2025,Shipped,19165.8,
5004525,302031,509,04-01-2026,11-01-2026,Cancelled,80244.76,
5004526,300132,501,28-05-2026,31-05-2026,Shipped,40726.8,
5004527,302766,522,13-07-2025,21-07-2025,Delivered,253.84,
5004528,301059,524,12-01-2026,17-Jan-26,Returned,42447.33,
5004529,302906,532,19-09-2023,24-09-2023,Cancelled,,
5004530,301940,521,08-04-2024,04-19-2024,Cancelled,72876.15,
5004531,302092,528,23-02-2024,23-02-2024,delivered,,
5004532,300587,512,27-11-2025,,SHIPPED,,
5004533,302807,537,21-05-2025,02-06-2025,Shipped,209182.33,
5004534,302991,528,07-01-2026,19-01-2026,Delivered,,
5004535,301787,530,05-11-2025,10-11-2025,Returned,11813.44,
5004536,302415,510,13-06-2026,23-06-2026,Shipped,14486,
5004537,300451,536,02-01-2021,09-01-2021,delivered,85523.91,
5004538,301879,540,31-Jan-24,11-02-2024,Shipped,,
5004539,301983,524,19-01-2024,27-01-2024,SHIPPED,,
5004540,300089,505,12-04-2025,11-12-2025,Delivered,4646.8,
5004541,301847,535,20-10-2025,23-10-2025,pending ,165877.84,
5004542,302194,527,24-09-2022,24-09-2022,Returned,155490.4,
5004543,302710,520,10-24-2024,24-10-2024,delivered,22023.19,
5004544,302432,506,26-06-2026,03-07-2026,SHIPPED,18291.61,
5004545,301548,521,25-10-2025,25-10-2025,Shipped,97162.22,
5004546,302208,534,10-12-2025,10-12-2025,SHIPPED,149065.75,
5004547,301348,515,24-Jul-25,25-07-2025,Pending,,
5004548,302151,530,27-05-2026,29-05-2026,SHIPPED,12243.23,
5004549,300370,540,24-06-2026,27-06-2026,pending ,6197.79,
5004550,302637,525,04-10-2025,,Delivered,151102.6,
5004551,302924,535,09-09-2025,11-09-2025,delivered,196392.29,
5004552,302018,535,07-09-2023,19-Sep-23,Shipped,105411.68,
5004553,302834,526,25-12-2020,31-12-2020,SHIPPED,24351.6,
5004554,301464,527,20-02-2026,24-02-2026,Shipped,63953.56,
5004555,302641,514,17-01-2024,21-01-2024,SHIPPED,209493.85,
5004556,301227,527,23-02-2025,24-02-2025,Returned,,
5004557,302492,529,02-25-2026,01-03-2026,Pending,49921.58,
5004558,300497,516,02-01-2025,03-01-2025,Cancelled,33068.01,
5004559,302387,534,16-02-2025,28-02-2025,Delivered,41315.21,
5004560,300692,511,07-02-2026,13-02-2026,pending ,3856.07,
5004561,300346,514,20-10-2023,20-10-2023,Cancelled,85822.42,
5004562,301667,534,14-02-2024,23-02-2024,Pending,,
5004563,302026,528,21-03-2023,03-25-2023,delivered,68757.29,
5004564,301850,537,11-02-2022,16-02-2022,SHIPPED,97833.62,
5004565,302213,531,17-08-2024,24-08-2024,Pending,6660.53,
5004566,302226,531,01-23-2024,30-01-2024,Pending,,
5004567,302647,513,17-12-2025,20-Dec-25,Delivered,5113.31,
5004568,300046,511,18-05-2023,28-05-2023,Returned,,
5004569,301923,511,16-02-2025,,Shipped,60686.69,
5004570,301569,503,10-08-2025,16-08-2025,Cancelled,43914.51,
5004571,302535,529,14-01-2026,21-01-2026,Shipped,45908.36,
5004572,302257,522,09-01-2025,09-01-2025,Shipped,94735.49,
5004573,302392,520,04-05-2026,08-05-2026,Shipped,68220.82,
5004574,300274,534,07-12-2025,,Returned,,
5004575,301644,503,05-Jul-25,11-07-2025,Returned,25277.03,
5004576,302009,533,13-07-2023,25-07-2023,Delivered,50915.85,
5004577,302805,511,06-11-2025,11-11-2025,SHIPPED,144656.99,
5004578,301017,503,22-02-2023,28-02-2023,delivered,108588.77,
5004579,302519,508,12-03-2021,14-03-2021,Shipped,72229.56,
5004580,301861,524,19-02-2025,,Cancelled,,
5004581,301334,536,18-Aug-23,19-08-2023,Delivered,26221.67,
5004582,300311,524,28-02-2026,08-03-2026,Cancelled,17742.8,
5004583,302402,539,04-07-2025,06-07-2025,Shipped,60132.72,
5004584,300330,532,25-05-2026,04-Jun-26,Returned,22668.59,
5004585,300916,510,21-02-2026,01-03-2026,Cancelled,95211.47,
5004586,300685,532,09-05-2023,20-05-2023,SHIPPED,56521.47,
5004587,301942,538,12-01-2025,14-01-2025,Pending,26440.96,
5004588,300645,519,11-06-2024,13-06-2024,Cancelled,23369.17,
5004589,300899,516,19-11-2024,25-11-2024,pending ,67742.67,
5004590,301353,507,16-06-2025,21-06-2025,Returned,1273.03,
5004591,302751,530,21-11-2024,30-11-2024,Shipped,54291.52,
5004592,302994,506,27-06-2026,06-07-2026,Returned,39788.92,
5004593,302997,510,08-09-2025,20-09-2025,Cancelled,,
5004594,301460,539,01-09-2025,03-09-2025,pending ,12637.49,
5004595,301073,536,16-09-2025,,Cancelled,54320.25,
5004596,301670,529,19-12-2025,20-12-2025,Returned,156344.81,
5004597,302434,519,23-Mar-24,27-03-2024,pending ,206417.88,
5004598,300602,536,22-06-2025,04-07-2025,Returned,,
5004599,302184,513,21-11-2024,26-11-2024,Cancelled,20495.02,
5004600,302018,522,14-02-2026,23-Feb-26,delivered,24103.67,
5004601,300884,510,18-07-2025,24-07-2025,SHIPPED,,
5004602,301822,529,15-01-2024,,pending ,87776.55,
5004603,300384,540,05-05-2025,15-05-2025,Cancelled,76349.91,
5004604,300952,526,05-11-2024,15-11-2024,Delivered,45941.78,
5004605,300502,522,18-09-2024,22-09-2024,Cancelled,5574.91,
5004606,302985,506,28-04-2025,01-05-2025,Pending,43363.45,
5004607,300097,509,17-11-2023,,pending ,82600.13,
5004608,300936,535,09-05-2026,11-05-2026,Delivered,,
5004609,301626,526,22-05-2026,30-05-2026,SHIPPED,,
5004610,300944,531,02-10-2020,,SHIPPED,217.48,
5004611,301163,535,27-12-2025,30-12-2025,pending ,125103.48,
5004612,301282,536,12-05-2024,14-12-2024,Shipped,55073.48,
5004613,300354,509,01-05-2021,09-05-2021,Cancelled,54688.1,
5004614,301311,537,05-05-2023,12-May-23,Returned,85404.07,
5004615,302051,526,08-02-2026,18-02-2026,Cancelled,39119.65,
5004616,302973,526,23-07-2023,04-08-2023,SHIPPED,62935.59,
5004617,302495,507,19-07-2025,25-07-2025,Shipped,21006.4,
5004618,300303,506,12-04-2024,18-04-2024,Returned,124285.57,
5004619,301692,522,08-Mar-26,10-03-2026,pending ,153373.14,
5004620,302300,528,03-02-2024,03-Feb-24,Delivered,105230.59,
5004621,300816,511,08-19-2023,30-08-2023,Cancelled,82419.63,
5004622,302307,513,29-02-2024,04-03-2024,Delivered,74650.44,
5004623,301496,536,07-10-2025,17-10-2025,Pending,46222.21,
5004624,302553,501,29-07-2026,09-08-2026,Pending,14963.55,
5004625,300976,527,09-11-2025,09-Nov-25,Pending,187570.46,
5004626,302289,514,26-02-2026,02-28-2026,Shipped,7839.34,
5004627,300024,504,20-02-2025,01-03-2025,pending ,84251.3,
5004628,302771,519,06-10-2024,16-10-2024,pending ,142155,
5004629,302757,528,11-04-2025,04-14-2025,delivered,3710.14,
5004630,300824,539,26-06-2025,08-07-2025,Pending,83896.23,
5004631,300551,525,26-09-2022,08-10-2022,Returned,170341.79,
5004632,301973,512,30-Apr-26,05-05-2026,Cancelled,18960.38,
5004633,300935,530,02-06-2025,11-02-2025,Returned,13035.77,
5004634,302108,506,07-02-2024,19-02-2024,Returned,,
5004635,302381,514,28-07-2026,28-07-2026,SHIPPED,10695.01,
5004636,302928,531,06-02-2026,18-02-2026,Delivered,23937.59,
5004637,301987,530,18-11-2023,28-11-2023,Returned,26943.85,
5004638,302174,526,09-08-2023,10-08-2023,Shipped,73331.68,
5004639,300025,537,24-01-2023,31-01-2023,Cancelled,-16213.72,
5004640,302776,522,16-06-2026,18-06-2026,Pending,,
5004641,302690,515,24-Jun-25,06-07-2025,Delivered,11921.78,
5004642,300499,518,09-10-2025,11-10-2025,SHIPPED,9428.23,
5004643,301383,529,16-09-2025,16-09-2025,Pending,68784.74,
5004644,301463,532,26-08-2024,30-08-2024,Cancelled,34871.71,
5004645,302528,533,15-04-2025,18-04-2025,Cancelled,55250.46,
5004646,302888,528,22-11-2021,26-11-2021,Delivered,,
5004647,300615,526,28-11-2025,09-12-2025,delivered,0,
5004648,300455,529,01-04-2024,07-04-2024,SHIPPED,112508.25,
5004649,300470,518,13-03-2023,25-03-2023,delivered,35292.41,
5004650,302830,530,28-05-2026,01-06-2026,SHIPPED,16827.23,
5004651,301506,512,30-11-2023,02-12-2023,Returned,50330.11,
5004652,301682,518,06-06-2024,14-06-2024,pending ,139300.03,
5004653,301553,519,19-03-2023,26-03-2023,Delivered,,
5004654,300196,513,16-10-2022,22-10-2022,Pending,152464.51,
5004655,302989,534,06-05-2025,12-06-2025,Returned,22011.78,
5004656,301719,515,10-Aug-25,15-08-2025,delivered,28956.89,
5004657,301947,525,03-08-2023,10-08-2023,Delivered,10957.61,
5004658,300595,513,10-05-2023,,pending ,12950.27,
5004659,301900,502,20-11-2020,22-11-2020,Cancelled,63710.5,
5004660,300740,533,08-09-2025,08-09-2025,delivered,41952.41,
5004661,301387,528,17-11-2022,24-11-2022,Shipped,97237.71,
5004662,302441,524,03-05-2025,14-05-2025,pending ,60468.21,
5004663,302992,518,06-01-2024,12-01-2024,SHIPPED,72926.23,
5004664,301322,526,10-09-2024,12-09-2024,Returned,42817.53,
5004665,301952,513,30-11-2025,04-12-2025,Shipped,120282.26,
5004666,301489,516,02-10-2025,09-10-2025,pending ,129639.11,
5004667,300244,502,06-04-2026,,Returned,32975.44,
5004668,301417,527,10-12-2021,13-12-2021,SHIPPED,0,
5004669,300984,533,08-19-2024,20-08-2024,Cancelled,45789.78,
5004670,302674,528,28-05-2025,,Delivered,,
5004671,300847,527,06-11-2025,16-11-2025,Delivered,57632.75,
5004672,301826,531,27-09-2023,03-10-2023,Cancelled,,
5004673,300371,539,31-01-2025,06-02-2025,SHIPPED,47426.11,
5004674,302638,502,23-09-2025,,Cancelled,48553.24,
5004675,300266,538,21-07-2025,24-07-2025,Shipped,53606.62,
5004676,302675,506,08-Dec-25,08-12-2025,Pending,,
5004677,301707,509,06-07-2025,11-07-2025,Returned,216097.93,
5004678,300440,517,14-05-2026,24-05-2026,SHIPPED,57134.33,
5004679,301573,515,21-07-2025,25-07-2025,SHIPPED,113033.63,
5004680,300321,537,15-07-2025,18-07-2025,Cancelled,84494.36,
5004681,301548,519,08-09-2025,20-09-2025,Cancelled,23413.88,
5004682,300774,525,17-11-2022,21-11-2022,Shipped,67287.46,
5004683,301660,538,29-04-2024,05-05-2024,Pending,173407.68,
5004684,302604,527,02-03-2025,07-03-2025,delivered,310965.74,
5004685,301691,520,14-10-2024,14-10-2024,Returned,90068.24,
5004686,302340,529,31-10-2023,09-11-2023,Shipped,137097.29,
5004687,300571,529,05-10-2024,11-10-2024,Returned,70716.53,
5004688,302253,529,15-Sep-24,22-09-2024,SHIPPED,1990.69,
5004689,301349,502,13-10-2021,23-10-2021,pending ,,
5004690,302542,527,15-04-2025,25-04-2025,SHIPPED,,
5004691,302715,506,02-15-2023,21-02-2023,Pending,0,
5004692,301361,538,27-08-2025,29-08-2025,Delivered,68732.4,
5004693,300717,507,13-10-2025,17-10-2025,Returned,142843.79,
5004694,302045,525,05-09-2023,13-Sep-23,Shipped,47484.78,
5004695,302487,535,15-09-2025,,SHIPPED,67969,
5004696,300951,536,09-08-2023,09-08-2023,pending ,26461.96,
5004697,300562,529,28-03-2024,29-03-2024,Delivered,12567.58,
5004698,301420,533,27-06-2026,06-07-2026,Pending,86700.11,
5004699,301537,514,02-11-2025,05-11-2025,Returned,73046.16,
5004700,301737,530,06-04-2021,17-04-2021,Pending,,
5004701,300445,516,08-11-2025,13-11-2025,Cancelled,60825.26,
5004702,300499,520,03-26-2025,29-03-2025,Returned,,
5004703,301979,529,08-03-2026,08-03-2026,Cancelled,18348.9,
5004704,300321,512,12-05-2026,,delivered,42140.92,
5004705,300943,522,25-05-2026,29-05-2026,Returned,42658.96,
5004706,301421,505,30-07-2026,08-08-2026,pending ,17083.04,
5004707,302852,533,06-27-2026,28-06-2026,Shipped,18229.02,
5004708,301077,529,21-05-2025,25-05-2025,Pending,67687.57,
5004709,300214,507,09-Mar-26,16-03-2026,Cancelled,66860.78,
5004710,300606,537,23-05-2026,27-05-2026,Delivered,47712.78,
5004711,300360,535,15-11-2025,22-11-2025,pending ,19451.52,
5004712,301503,503,26-10-2025,28-10-2025,delivered,146464.24,
5004713,302634,522,17-10-2022,22-10-2022,Delivered,111319.78,
5004714,300206,528,16-10-2025,23-10-2025,pending ,70213.55,
5004715,301823,515,26-08-2025,04-09-2025,Cancelled,,
5004716,302782,528,29-10-2021,30-10-2021,Shipped,96911.85,
5004717,301143,508,13-03-2025,22-03-2025,Returned,48135.32,
5004718,302770,539,04-12-2023,13-12-2023,pending ,168836.17,
5004719,301643,527,10-16-2023,28-10-2023,Delivered,,
5004720,300384,537,06-06-2023,18-06-2023,SHIPPED,49441.97,
5004721,301646,523,18-11-2024,11-30-2024,delivered,24468.42,
5004722,301977,537,10-02-2024,,Cancelled,,
5004723,302239,521,28-10-2025,03-11-2025,Cancelled,65411.28,
5004724,302657,510,24-11-2024,26-11-2024,Delivered,110419.83,
5004725,301632,523,26-04-2025,29-04-2025,Shipped,23041.84,
5004726,302715,502,24-03-2023,02-04-2023,Returned,83657.23,
5004727,302142,507,23-12-2025,24-12-2025,Delivered,71784.36,
5004728,301863,506,02-02-2026,11-02-2026,Returned,88017.54,
5004729,302941,538,16-05-2025,23-05-2025,SHIPPED,30894.99,
5004730,300925,520,16-03-2026,21-03-2026,Shipped,,
5004731,302540,525,23-02-2025,26-02-2025,Delivered,55407.71,
5004732,300038,529,24-02-2024,27-02-2024,delivered,,
5004733,301960,534,19-11-2023,20-11-2023,Delivered,24138.37,
5004734,302994,532,27-04-2026,05-05-2026,Pending,27209.81,
5004735,301682,519,05-05-2021,16-05-2021,delivered,56906,
5004736,301493,523,22-07-2024,23-07-2024,SHIPPED,19778.7,
5004737,301753,539,09-08-2024,08-13-2024,pending ,63433.84,
5004738,300291,534,07-29-2023,30-07-2023,Shipped,22666.23,
5004739,302783,523,27-01-2026,05-02-2026,Returned,197055.53,
5004740,301850,501,19-11-2022,30-11-2022,SHIPPED,22016.61,
5004741,301709,519,15-10-2025,10-17-2025,delivered,32717.36,
5004742,300694,534,12-04-2026,24-04-2026,Returned,7999.9,
5004743,300120,513,21-04-2024,,Shipped,5235.47,
5004744,300559,538,04-08-2024,13-08-2024,delivered,64786.67,
5004745,300149,504,03-11-2022,13-11-2022,Returned,18309.6,
5004746,302716,538,30-05-2023,08-Jun-23,Returned,0,
5004747,302556,507,12-02-2026,20-02-2026,delivered,29960.07,
5004748,300397,501,15-12-2023,21-12-2023,pending ,,
5004749,300127,519,22-07-2024,23-07-2024,Cancelled,55060.57,
5004750,301223,530,20-08-2025,01-09-2025,pending ,11711.53,
5004751,301118,525,21-07-2026,24-07-2026,pending ,104856.2,
5004752,300602,532,25-09-2023,27-09-2023,Delivered,,
5004753,302926,526,10-08-2025,20-08-2025,Returned,17833.26,
5004754,300728,532,13-02-2026,17-02-2026,SHIPPED,258172.53,
5004755,300782,533,25-02-2026,04-03-2026,delivered,1740.99,
5004756,301182,521,16-05-2024,23-05-2024,Returned,14065.48,
5004757,301280,508,08-09-2025,17-08-2025,Shipped,218182.61,
5004758,300832,533,04-12-2023,07-12-2023,Delivered,23865.62,
5004759,302902,528,25-06-2025,,Returned,,
5004760,301582,529,12-01-2026,12-01-2026,Delivered,50890.1,
5004761,302932,533,24-01-2022,02-Feb-22,Delivered,75049.82,
5004762,302215,536,01-08-2023,12-08-2023,Shipped,,
5004763,300297,511,18-03-2024,29-03-2024,SHIPPED,9902.76,
5004764,300340,512,15-May-25,,Cancelled,55824.05,
5004765,300667,511,25-03-2026,27-03-2026,pending ,16000.22,
5004766,302307,507,26-02-2024,29-02-2024,SHIPPED,35869.75,
5004767,300369,539,11-06-2026,18-06-2026,SHIPPED,85898.79,
5004768,302433,534,27-05-2026,29-05-2026,Returned,80287.97,
5004769,300263,535,11-03-2026,21-03-2026,Delivered,10681.5,
5004770,300223,514,13-09-2023,14-09-2023,Pending,31658.91,
5004771,300349,508,21-01-2025,02-02-2025,Delivered,41683.71,
5004772,302486,510,06-12-2024,07-12-2024,Returned,,
5004773,302325,510,14-Jun-25,18-06-2025,Shipped,136004.37,
5004774,301833,518,08-11-2025,,delivered,,
5004775,302664,509,12-Jun-23,,pending ,43373.88,
5004776,301020,501,02-11-2025,06-11-2025,pending ,99816.35,
5004777,301983,524,28-04-2022,07-May-22,Shipped,,
5004778,302988,523,25-12-2023,28-12-2023,Shipped,87650.38,
5004779,302421,538,21-04-2026,29-04-2026,Pending,160443.85,
5004780,300482,505,08-Oct-24,19-10-2024,Shipped,0,
5004781,302965,534,17-07-2023,24-07-2023,delivered,,
5004782,300783,532,06-11-2024,16-11-2024,Pending,,
5004783,301727,520,05-07-2026,07-07-2026,pending ,127580.43,
5004784,301813,502,15-11-2024,17-11-2024,Pending,,
5004785,301990,540,07-08-2025,10-08-2025,pending ,56648.18,
5004786,300297,526,14-02-2026,25-02-2026,pending ,108127.81,
5004787,302165,520,06-04-2026,06-04-2026,Shipped,144235.33,
5004788,300940,502,14-08-2021,20-08-2021,pending ,15917.04,
5004789,300588,520,01-09-2025,04-09-2025,SHIPPED,46892.48,
5004790,300027,538,17-02-2026,27-02-2026,SHIPPED,99734.25,
5004791,302272,504,08-02-2024,18-02-2024,delivered,,
5004792,302813,514,24-11-2020,27-11-2020,Cancelled,38644.04,
5004793,301945,502,09-01-2025,20-01-2025,Pending,52549.11,
5004794,300758,527,02-05-2026,,SHIPPED,200943.19,
5004795,302873,519,14-11-2023,20-11-2023,pending ,30239.34,
5004796,301376,517,09-03-2026,17-03-2026,Pending,38403.22,
5004797,300876,531,10-28-2024,29-10-2024,Delivered,0,
5004798,300092,529,06-10-2025,07-10-2025,delivered,,
5004799,302759,519,21-09-2022,01-10-2022,Shipped,167925.97,
5004800,301295,502,30-01-2025,06-02-2025,SHIPPED,9724.97,
5004801,302565,537,07-07-2024,11-Jul-24,Returned,,
5004802,300681,504,12-28-2024,09-01-2025,delivered,557.44,
5004803,300325,528,19-07-2021,07-29-2021,SHIPPED,58286.06,
5004804,302020,540,30-08-2025,05-09-2025,Shipped,0,
5004805,301899,505,20-04-2026,28-Apr-26,delivered,63391.11,
5004806,302985,536,01-06-2026,05-06-2026,Shipped,186074.87,
5004807,302387,525,02-04-2024,14-04-2024,Shipped,109697.28,
5004808,300699,512,20-07-2026,07-27-2026,Returned,95304.97,
5004809,301263,505,24-05-2026,02-06-2026,Returned,97371.61,
5004810,300151,504,15-06-2026,21-06-2026,delivered,88430.94,
5004811,302599,507,30-09-2024,07-10-2024,Shipped,80350.31,
5004812,302978,505,18-10-2025,30-10-2025,Cancelled,40091.29,
5004813,301373,509,09-Aug-25,13-08-2025,Pending,,
5004814,302692,528,17-11-2023,22-11-2023,Delivered,49269.53,
5004815,302513,510,23-12-2023,28-12-2023,Shipped,70500.29,
5004816,302607,502,25-Oct-25,25-10-2025,delivered,38846.99,
5004817,301514,510,23-12-2025,03-01-2026,Returned,11837.01,
5004818,300265,520,07-07-2023,09-07-2023,SHIPPED,10227.41,
5004819,301189,528,09-10-2025,17-10-2025,Returned,,
5004820,302557,510,14-12-2025,12-19-2025,Returned,56255.23,
5004821,301575,507,10-09-2025,17-09-2025,Cancelled,137019.86,
5004822,300319,517,08-11-2025,14-11-2025,Delivered,74111.81,
5004823,300718,521,09-03-2025,17-03-2025,pending ,14841.25,
5004824,301349,512,16-03-2026,21-03-2026,Delivered,149326.68,
5004825,300233,527,22-04-2024,03-05-2024,Cancelled,57394.75,
5004826,300599,503,27-08-2025,04-09-2025,SHIPPED,74447.07,
5004827,300730,537,23-08-2023,03-09-2023,SHIPPED,18726.4,
5004828,300375,525,03-10-2023,15-10-2023,Returned,111034.53,
5004829,302571,510,29-06-2026,01-07-2026,SHIPPED,102409.21,
5004830,300150,532,06-06-2025,16-06-2025,delivered,32509.92,
5004831,301484,522,05-01-2026,12-05-2026,Returned,54494.5,
5004832,301674,540,15-12-2025,19-12-2025,delivered,4667.96,
5004833,302538,501,22-06-2026,23-06-2026,Delivered,35766.29,
5004834,302403,539,08-12-2025,08-12-2025,Pending,4539.47,
5004835,301597,526,27-02-2026,01-03-2026,Shipped,93580.39,
5004836,300225,507,04-Nov-25,07-11-2025,Cancelled,126682.86,
5004837,300930,511,24-02-2024,02-03-2024,SHIPPED,112882.58,
5004838,302268,501,21-09-2025,25-09-2025,Shipped,86656.86,
5004839,300032,510,19-06-2025,28-06-2025,Pending,26297.62,
5004840,301163,534,22-04-2026,23-04-2026,Delivered,151970.28,
5004841,300831,513,26-09-2025,08-10-2025,Shipped,102889.18,
5004842,302720,504,13-09-2024,23-09-2024,Delivered,134611.6,
5004843,301371,515,26-03-2026,05-04-2026,Returned,210361.62,
5004844,301001,519,07-05-2026,07-05-2026,delivered,190831.04,
5004845,300855,540,20-02-2026,03-03-2026,Cancelled,121949.81,
5004846,301540,517,21-12-2024,22-12-2024,Pending,22581.73,
5004847,301459,518,15-09-2024,25-09-2024,SHIPPED,54014.86,
5004848,301216,515,26-09-2025,26-Sep-25,SHIPPED,42121.04,
5004849,301515,518,22-02-2025,28-02-2025,pending ,69018.64,
5004850,300579,527,02-01-2024,05-01-2024,Delivered,107334.14,
5004851,302381,510,13-06-2026,15-06-2026,Shipped,122541.13,
5004852,301943,508,06-Dec-23,17-12-2023,pending ,,
5004853,301192,505,07-08-2025,09-08-2025,Cancelled,44413.12,
5004854,301720,537,12-07-2021,12-07-2021,delivered,144569.89,
5004855,301491,515,21-01-2022,02-02-2022,SHIPPED,,
5004856,302217,528,03-04-2024,12-04-2024,pending ,,
5004857,301458,529,02-03-2025,05-03-2025,Delivered,2433.32,
5004858,302489,517,05-10-2023,07-10-2023,delivered,78911.82,
5004859,300279,502,13-03-2026,14-03-2026,Pending,119225,
5004860,300786,506,16-09-2025,20-09-2025,Returned,119842.96,
5004861,300421,517,01-17-2026,19-01-2026,Pending,81083.99,
5004862,302046,540,02-25-2024,06-03-2024,Shipped,50316.04,
5004863,301203,534,09-06-2026,18-06-2026,Cancelled,91625.98,
5004864,300538,533,17-06-2026,22-06-2026,Shipped,214036.76,
5004865,302571,528,08-02-2026,12-02-2026,Delivered,-11394.25,
5004866,302374,538,04-07-2025,15-07-2025,Delivered,33847.22,
5004867,300272,510,21-03-2026,26-03-2026,Returned,9674.76,
5004868,302648,519,01-13-2026,13-01-2026,Cancelled,,
5004869,302631,511,29-12-2023,09-01-2024,Pending,131979.47,
5004870,300908,529,05-05-2025,15-05-2025,delivered,26759.36,
5004871,300141,515,06-06-2026,09-06-2026,Returned,,
5004872,302548,521,01-19-2026,22-Jan-26,pending ,104272.22,
5004873,302645,512,05-01-2024,01-11-2024,Returned,3486.56,
5004874,300989,508,01-01-2026,05-01-2026,SHIPPED,30896.56,
5004875,300164,522,06-06-2024,11-06-2024,delivered,19482.37,
5004876,302342,534,06-04-2024,06-04-2024,pending ,,
5004877,302802,518,16-01-2025,25-01-2025,delivered,-4636.36,
5004878,300867,539,03-06-2026,04-06-2026,Delivered,,
5004879,302183,514,05-11-2025,06-Nov-25,Shipped,13342.22,
5004880,302655,527,26-01-2025,27-01-2025,Cancelled,7671.67,
5004881,302781,502,05-06-2025,15-06-2025,Cancelled,9719.13,
5004882,300895,510,09-05-2025,21-05-2025,pending ,,
5004883,301161,540,12-01-2026,22-01-2026,Delivered,,
5004884,301460,534,22-07-2022,26-07-2022,Delivered,39430.52,
5004885,300235,525,05-11-2025,10-11-2025,delivered,224053.51,
5004886,300856,516,21-07-2026,27-07-2026,Cancelled,3057.42,
5004887,301577,528,22-09-2025,26-09-2025,delivered,44150.9,
5004888,302849,501,21-05-2022,29-05-2022,pending ,3308.49,
5004889,300870,524,26-06-2025,27-06-2025,Delivered,25130.94,
5004890,301970,511,02-03-2026,04-03-2026,Pending,99433.01,
5004891,300163,540,11-10-2025,17-10-2025,Delivered,98032.53,
5004892,301995,505,11-01-2023,11-01-2023,Pending,,
5004893,300534,531,01-02-2022,05-02-2022,Cancelled,937.32,
5004894,300260,533,10-11-2025,18-11-2025,pending ,9937.5,
5004895,300841,504,13-01-2023,16-01-2023,SHIPPED,53358.66,
5004896,301800,501,27-02-2026,06-03-2026,pending ,134117.77,
5004897,302317,531,11-04-2024,19-04-2024,pending ,,
5004898,300502,537,16-02-2026,25-02-2026,delivered,30781.95,
5004899,300136,512,21-10-2022,26-10-2022,Cancelled,66520.67,
5004900,302621,518,16-04-2026,25-04-2026,Cancelled,37017.49,
5004901,301254,528,09-04-2021,11-04-2021,SHIPPED,111433.58,
5004902,301280,505,04-11-2025,11-11-2025,Returned,65079.79,
5004903,301388,537,07-06-2026,15-06-2026,Delivered,63560.48,
5004904,302219,534,25-07-2024,02-08-2024,Cancelled,9148.79,
5004905,300681,529,23-07-2023,27-07-2023,Shipped,132670.47,
5004906,301949,523,19-06-2024,24-06-2024,Shipped,38120.35,
5004907,302566,523,21-09-2023,26-09-2023,Cancelled,111995.1,
5004908,300209,537,04-12-2025,11-12-2025,pending ,49074.5,
5004909,301678,512,25-08-2021,02-09-2021,Cancelled,,
5004910,300546,508,02-07-2026,07-07-2026,Cancelled,7819.77,
5004911,302578,514,01-07-2024,,Pending,116437.1,
5004912,302093,523,09-07-2026,15-07-2026,SHIPPED,119064.33,
5004913,300093,533,11-07-2025,19-07-2025,Pending,10081.06,
5004914,302247,508,16-08-2025,23-08-2025,SHIPPED,25726.09,
5004915,300163,538,05-04-2026,12-04-2026,SHIPPED,44120.46,
5004916,302759,523,28-06-2025,01-07-2025,Returned,18573.94,
5004917,300670,527,30-07-2024,02-08-2024,SHIPPED,104495.55,
5004918,302246,514,09-01-2026,15-01-2026,Delivered,52283.37,
5004919,301867,507,17-05-2026,24-05-2026,Shipped,2839.09,
5004920,301930,521,06-09-2023,11-09-2023,Pending,133024.26,
5004921,300903,539,04-07-2026,15-07-2026,Shipped,153778.02,
5004922,301167,508,28-01-2026,09-02-2026,Pending,57964.66,
5004923,300974,514,04-05-2023,14-05-2023,Pending,23745.64,
5004924,302380,503,22-04-2025,24-04-2025,pending ,95063.34,
5004925,300242,517,06-03-2026,15-03-2026,Cancelled,13179.19,
5004926,300215,520,21-06-2025,23-06-2025,Cancelled,97865.42,
5004927,301437,502,07-07-2025,14-07-2025,Cancelled,184399.77,
5004928,302382,510,27-03-2022,08-04-2022,Cancelled,1367.91,
5004929,300222,533,12-11-2025,15-Nov-25,Returned,9440.37,
5004930,300605,518,12-14-2025,20-12-2025,pending ,28431.63,
5004931,302499,535,05-07-2026,06-07-2026,Shipped,66035.29,
5004932,302805,502,19-10-2025,19-10-2025,Pending,205547.36,
5004933,302781,524,06-05-2026,16-05-2026,Delivered,,
5004934,300697,523,20-01-2023,20-01-2023,Returned,,
5004935,300227,530,26-09-2024,27-09-2024,Shipped,36443.65,
5004936,300692,538,02-03-2026,04-03-2026,Returned,,
5004937,300564,510,20-03-2026,23-Mar-26,pending ,21768.58,
5004938,302118,525,05-10-2021,06-10-2021,pending ,75250.92,
5004939,301701,528,09-09-2025,09-09-2025,Shipped,47887.82,
5004940,301674,521,27-03-2023,29-03-2023,SHIPPED,69370.09,
5004941,302667,508,27-06-2023,28-06-2023,SHIPPED,6657.18,
5004942,301160,522,07-15-2025,17-07-2025,Pending,,
5004943,301108,523,19-01-2025,20-01-2025,SHIPPED,31760.06,
5004944,301363,530,25-Nov-22,,Cancelled,90484.16,
5004945,300750,515,05-10-2024,16-10-2024,pending ,13244.59,
5004946,301801,539,16-04-2023,21-04-2023,Pending,69067.53,
5004947,301451,532,11-05-2023,14-05-2023,Shipped,103733.4,
5004948,302779,508,09-06-2025,21-06-2025,Returned,88501.33,
5004949,302291,540,30-04-2026,30-04-2026,Shipped,134197.86,
5004950,300836,507,24-01-2022,01-02-2022,Shipped,77806.66,
5004951,302880,505,05-05-2025,11-05-2025,Shipped,8975.59,
5004952,300199,509,16-05-2026,28-05-2026,SHIPPED,113194.04,
5004953,302886,531,26-11-2025,26-11-2025,Cancelled,77990.56,
5004954,302849,535,08-03-2024,13-03-2024,delivered,88067.28,
5004955,301802,532,11-02-2022,09-11-2022,SHIPPED,81373.01,
5004956,301036,510,30-11-2024,04-12-2024,Cancelled,4342.1,
5004957,300438,521,02-06-2025,11-06-2025,Pending,83635.6,
5004958,301590,517,01-05-2024,05-10-2024,Pending,66925.63,
5004959,301031,508,08-Nov-23,13-11-2023,Shipped,,
5004960,300208,534,13-10-2021,20-10-2021,Pending,,
5004961,301167,531,29-Jun-26,09-07-2026,Cancelled,86501.89,
5004962,302518,513,21-01-2024,27-01-2024,Shipped,51170.32,
5004963,302210,524,28-02-2026,08-03-2026,Returned,249942.7,
5004964,300938,537,11-01-2025,,delivered,27008.3,
5004965,302572,514,14-05-2026,23-05-2026,SHIPPED,80156.07,
5004966,302898,522,18-02-2026,02-27-2026,Returned,18196.26,
5004967,300623,532,08-09-2023,,delivered,1202.92,
5004968,301533,530,17-11-2025,29-11-2025,delivered,10592.98,
5004969,302846,527,04-09-2023,16-09-2023,Delivered,3455.4,
5004970,302270,518,08-08-2025,19-08-2025,Pending,19679.75,
5004971,300131,535,15-01-2022,01-21-2022,Returned,36280.05,
5004972,302989,505,14-09-2021,24-Sep-21,Delivered,21625.71,
5004973,301822,525,25-02-2023,25-02-2023,Pending,36794.89,
5004974,302035,517,15-09-2023,19-Sep-23,pending ,5763.52,
5004975,301065,501,27-04-2023,03-05-2023,delivered,42556.28,
5004976,300546,523,14-11-2025,19-11-2025,delivered,14552.09,
5004977,301819,533,23-12-2023,25-12-2023,Delivered,132125.32,
5004978,301466,521,16-11-2025,11-21-2025,Delivered,,
5004979,301975,518,11-07-2025,20-07-2025,pending ,263472.53,
5004980,300040,524,08-11-2023,11-11-2023,Pending,186994.39,
5004981,301172,513,09-11-2025,13-11-2025,Cancelled,118823.94,
5004982,302820,535,18-07-2023,19-Jul-23,Cancelled,86214.77,
5004983,301994,505,04-06-2025,05-06-2025,Cancelled,79246.7,
5004984,302227,538,19-10-2024,30-10-2024,Returned,58542.58,
5004985,302571,532,10-28-2025,29-10-2025,Returned,11648.22,
5004986,300255,524,13-12-2025,21-12-2025,Cancelled,24667.8,
5004987,300467,530,11-05-2025,14-05-2025,delivered,6269.94,
5004988,300213,527,03-01-2025,06-01-2025,Delivered,60517.25,
5004989,302766,537,06-02-2026,17-02-2026,Cancelled,121188.21,
5004990,300996,514,04-01-2023,12-01-2023,Cancelled,86577.69,
5004991,301338,504,04-26-2026,04-05-2026,Shipped,101440.05,
5004992,301160,521,10-20-2023,25-10-2023,Returned,47460.53,
5004993,301653,509,12-11-2022,14-Nov-22,Cancelled,52994.91,
5004994,301604,530,28-12-2024,,pending ,156349.91,
5004995,300246,509,01-01-2024,11-01-2024,Shipped,18855.27,
5004996,302474,540,05-10-2023,15-10-2023,Cancelled,64007.9,
5004997,302604,530,12-01-2026,21-01-2026,Delivered,1005.83,
5004998,301042,529,12-06-2025,13-Jun-25,SHIPPED,,
5004999,300045,538,09-09-2024,10-09-2024,pending ,14014.83,
5005000,300088,530,07-04-2024,17-04-2024,Pending,64279.25,
5005001,301999,515,22-03-2023,03-24-2023,delivered,52215.69,
5005002,301992,519,27-06-2026,06-07-2026,Shipped,128459.63,
5005003,300903,533,31-05-2026,09-06-2026,SHIPPED,14931.32,
5005004,301776,531,17-10-2024,,Shipped,,
5005005,302831,532,14-Apr-24,18-04-2024,Returned,33280.85,
5005006,301435,525,17-07-2024,25-07-2024,delivered,31077.41,
5005007,300818,501,25-03-2024,29-03-2024,Pending,,
5005008,302623,503,11-12-2023,12-12-2023,Cancelled,129032.89,
5005009,301108,526,13-08-2025,16-Aug-25,Pending,,
5005010,301591,520,01-11-2025,06-11-2025,SHIPPED,145135.37,
5005011,300540,537,22-01-2026,23-01-2026,Delivered,43167.35,
5005012,302677,512,02-04-2026,07-04-2026,pending ,,
5005013,302873,509,02-10-2023,05-10-2023,SHIPPED,103693.69,
5005014,300458,530,08-05-2026,16-05-2026,Shipped,111556.42,
5005015,302017,507,16-02-2025,,Returned,981.74,
5005016,302638,501,02-06-2025,09-06-2025,delivered,97096.82,
5005017,301273,505,06-11-2022,17-11-2022,delivered,157133.59,
5005018,301940,526,22-09-2025,26-Sep-25,pending ,150468.47,
5005019,302477,520,30-Dec-24,04-01-2025,Shipped,119048.84,
5005020,300452,530,07-10-2023,10-12-2023,Cancelled,36815.51,
5005021,300040,501,12-03-2022,,SHIPPED,2409.44,
5005022,301422,511,12-09-2025,12-09-2025,Returned,44783.75,
5005023,300655,518,10-06-2023,10-06-2023,Returned,49883.94,
5005024,302053,504,04-11-2024,11-07-2024,Delivered,91575.31,
5005025,302297,510,11-09-2025,11-09-2025,pending ,2214.77,
5005026,301324,505,12-25-2023,28-12-2023,SHIPPED,34104.19,
5005027,301256,507,27-07-2022,,Pending,135686.34,
5005028,300111,532,03-12-2025,08-12-2025,delivered,130882.19,
5005029,302020,531,16-12-2022,28-12-2022,pending ,104747.9,
5005030,302371,540,02-07-2026,10-07-2026,Delivered,700.34,
5005031,302017,510,10-Oct-23,19-10-2023,Shipped,116025.13,
5005032,301910,523,23-03-2026,28-03-2026,Shipped,945.83,
5005033,301466,513,06-12-2025,10-12-2025,SHIPPED,208466.88,
5005034,302295,508,29-03-2025,29-03-2025,pending ,52378.58,
5005035,302988,520,28-06-2023,03-07-2023,Returned,,
5005036,300155,535,01-08-2024,06-Aug-24,Pending,70521.9,
5005037,300277,537,31-07-2026,04-08-2026,Delivered,134502.23,
5005038,302130,520,20-02-2026,03-01-2026,SHIPPED,,
5005039,300643,536,18-08-2024,26-08-2024,delivered,136631.92,
5005040,301603,519,19-10-2024,28-10-2024,Pending,88990.85,
5005041,302575,509,11-28-2025,06-12-2025,Cancelled,48974.79,
5005042,302884,539,20-10-2022,25-10-2022,Cancelled,20436.77,
5005043,302168,524,29-10-2022,,Returned,14365.42,
5005044,300295,537,07-09-2022,14-09-2022,Returned,166363.2,
5005045,301018,537,16-10-2022,18-10-2022,Pending,36832.85,
5005046,300506,516,31-03-2025,07-04-2025,Pending,129143.29,
5005047,302600,534,28-10-2023,05-11-2023,Delivered,1750.04,
5005048,302778,528,18-09-2024,,Pending,294578.59,
5005049,300251,508,18-08-2024,,Returned,,
5005050,300448,525,07-05-2024,17-05-2024,pending ,68151.56,
5005051,301382,509,20-Aug-25,26-08-2025,SHIPPED,,
5005052,302995,510,03-09-2025,11-09-2025,pending ,83773.09,
5005053,300658,533,07-10-2022,07-10-2022,Cancelled,62328.52,
5005054,301623,529,03-03-2024,07-03-2024,Delivered,197437.77,
5005055,302659,539,09-02-2026,18-02-2026,Shipped,80223.6,
5005056,301944,521,27-11-2024,29-11-2024,Cancelled,,
5005057,302031,502,24-05-2025,25-05-2025,Cancelled,,
5005058,301584,536,24-10-2025,25-10-2025,Delivered,,
5005059,301000,539,19-07-2025,30-07-2025,SHIPPED,133889.3,
5005060,302687,538,30-11-2023,,delivered,86888.35,
5005061,301846,528,04-08-2025,13-08-2025,Cancelled,60902.23,
5005062,300296,502,14-08-2025,15-08-2025,Returned,,
5005063,300047,532,13-02-2025,17-02-2025,Cancelled,105671.97,
5005064,302275,532,08-10-2025,12-10-2025,Delivered,90986.28,
5005065,301943,512,15-09-2024,23-09-2024,pending ,,
5005066,301018,510,19-04-2024,30-04-2024,Pending,180755.92,
5005067,302817,530,10-03-2022,16-03-2022,Shipped,23421.88,
5005068,302184,524,21-04-2026,03-05-2026,Shipped,225216.38,
5005069,302135,510,20-12-2025,29-12-2025,Returned,21700.23,
5005070,302784,532,12-11-2024,14-11-2024,Delivered,18896.78,
5005071,302417,513,07-03-2026,09-03-2026,Pending,,
5005072,301677,520,18-02-2023,26-02-2023,Delivered,1829.32,
5005073,301518,522,18-11-2023,26-11-2023,pending ,69672.43,
5005074,302009,536,01-10-2022,08-10-2022,SHIPPED,120324.63,
5005075,302201,532,01-05-2021,06-05-2021,pending ,50383.5,
5005076,300510,530,10-22-2023,30-10-2023,Delivered,88557.72,
5005077,300705,520,22-09-2025,24-09-2025,SHIPPED,24925.84,
5005078,302789,510,17-Oct-24,,SHIPPED,950.63,
5005079,301468,537,24-07-2025,30-07-2025,Shipped,27426.36,
5005080,302830,520,05-05-2025,09-05-2025,pending ,48840.53,
5005081,301558,515,08-10-2022,19-10-2022,Cancelled,48104.13,
5005082,301829,528,26-02-2025,26-02-2025,pending ,105676.68,
5005083,302036,527,04-02-2026,15-02-2026,Delivered,45241.04,
5005084,301035,523,26-03-2025,26-03-2025,Pending,77051.94,
5005085,301430,539,08-21-2025,22-08-2025,Pending,,
5005086,302525,510,09-06-2026,17-06-2026,Returned,93758.52,
5005087,302791,501,05-04-2024,09-04-2024,Cancelled,34671.88,
5005088,300816,516,12-09-2025,24-Sep-25,SHIPPED,89266.77,
5005089,302710,525,29-02-2024,10-03-2024,Shipped,,
5005090,300936,503,11-12-2024,20-12-2024,delivered,95579,
5005091,300334,505,13-05-2024,14-05-2024,pending ,35746.21,
5005092,300943,535,07-12-2025,17-12-2025,Returned,,
5005093,301902,508,01-03-2026,06-03-2026,pending ,12315.92,
5005094,300782,520,20-07-2026,,Shipped,51656.38,
5005095,300255,510,30-Jan-23,03-02-2023,SHIPPED,71278.3,
5005096,301974,525,16-07-2024,17-07-2024,SHIPPED,37710.62,
5005097,301187,513,24-01-2023,27-01-2023,Delivered,32565.85,
5005098,301798,520,03-07-2026,03-Jul-26,pending ,5707.56,
5005099,301876,524,22-05-2024,05-31-2024,Shipped,97259.14,
5005100,300675,524,11-09-2025,20-Sep-25,Pending,72867.66,
5005101,300234,539,31-05-2025,03-06-2025,Shipped,84314,
5005102,300633,540,31-07-2025,05-08-2025,SHIPPED,40885.3,
5005103,302043,501,30-06-2023,05-07-2023,Shipped,37719.99,
5005104,300544,502,12-26-2025,02-01-2026,SHIPPED,85914.82,
5005105,300804,527,16-11-2024,11-17-2024,Cancelled,43043.44,
5005106,301406,509,15-10-2025,10-22-2025,SHIPPED,28256.95,
5005107,300154,535,15-12-2023,27-12-2023,Returned,37303,
5005108,300351,525,18-01-2026,01-26-2026,Returned,73519.85,
5005109,301797,525,14-08-2025,25-08-2025,Cancelled,53426.48,
5005110,300689,535,06-05-2023,11-05-2023,delivered,42052.75,
5005111,300805,539,27-02-2026,04-03-2026,Shipped,44811.94,
5005112,302492,506,30-07-2025,11-08-2025,Pending,104538.85,
5005113,301897,525,13-06-2025,21-06-2025,pending ,5614.5,
5005114,302960,525,29-11-2025,06-12-2025,delivered,81239.33,
5005115,301569,534,28-06-2025,09-07-2025,SHIPPED,,
5005116,301788,510,12-04-2025,18-04-2025,Returned,47785.7,
5005117,302154,536,21-11-2025,27-11-2025,Delivered,23037.11,
5005118,300512,522,10-02-2021,12-10-2021,Pending,117212.83,
5005119,302710,520,21-05-2025,21-05-2025,Cancelled,102900.33,
5005120,301320,521,19-04-2025,01-05-2025,delivered,52848.96,
5005121,300550,512,24-09-2025,01-10-2025,Pending,172533.43,
5005122,301810,502,30-08-2025,10-09-2025,delivered,8640.43,
5005123,300019,506,17-11-2025,24-11-2025,SHIPPED,64233.16,
5005124,300404,540,10-10-2021,10-18-2021,SHIPPED,75900.45,
5005125,302880,525,01-01-2025,10-01-2025,Cancelled,13784.02,
5005126,301767,516,06-06-2026,11-06-2026,Delivered,61703.24,
5005127,300336,531,11-09-2025,12-09-2025,pending ,68786.06,
5005128,300693,508,13-05-2022,14-05-2022,Shipped,4701.24,
5005129,302533,515,15-Dec-24,24-12-2024,Returned,85693.95,
5005130,300065,522,02-10-2024,05-10-2024,Pending,,
5005131,301023,509,07-03-2026,19-03-2026,SHIPPED,8791.95,
5005132,301542,538,19-05-2023,,Returned,73738.4,
5005133,300540,525,17-07-2026,20-07-2026,Shipped,,
5005134,300715,534,14-09-2022,14-09-2022,Delivered,31222.4,
5005135,302591,502,12-01-2026,24-01-2026,pending ,16560.2,
5005136,302742,516,31-07-2024,02-08-2024,Shipped,50044.07,
5005137,302245,517,23-03-2026,02-04-2026,pending ,24534.73,
5005138,301439,506,15-02-2026,02-25-2026,pending ,19496.23,
5005139,300619,502,11-09-2024,23-09-2024,Shipped,37140.43,
5005140,300921,509,11-07-2022,23-07-2022,Delivered,94488.1,
5005141,302374,516,28-12-2023,01-01-2024,Cancelled,148263.31,
5005142,302473,506,14-12-2022,17-12-2022,Cancelled,,
5005143,300775,509,10-05-2026,16-05-2026,Delivered,40181.01,
5005144,300484,534,03-05-2023,07-05-2023,Cancelled,227531.11,
5005145,302607,520,05-03-2026,17-03-2026,SHIPPED,,
5005146,301908,538,11-08-2025,14-08-2025,Delivered,109820.83,
5005147,301564,502,25-09-2025,01-10-2025,pending ,93304.18,
5005148,301275,509,11-13-2025,20-11-2025,SHIPPED,,
5005149,302210,529,14-05-2026,21-05-2026,Cancelled,99719.19,
5005150,302245,525,24-12-2025,04-Jan-26,Cancelled,10867.39,
5005151,302985,509,07-06-2025,07-06-2025,Cancelled,133775.43,
5005152,300446,539,25-Oct-25,06-11-2025,delivered,91903.23,
5005153,301002,509,18-07-2024,18-07-2024,Delivered,75979.89,
5005154,301870,523,26-11-2025,28-11-2025,SHIPPED,136422.94,
5005155,301445,512,15-01-2026,27-01-2026,Delivered,25290.43,
5005156,301533,503,28-07-2024,03-08-2024,SHIPPED,31341.03,
5005157,302592,522,07-06-2024,06-Jul-24,Pending,18642.6,
5005158,301620,527,25-12-2025,26-12-2025,Pending,176841.27,
5005159,300039,537,30-01-2023,11-02-2023,delivered,140001.37,
5005160,301077,524,13-Nov-22,24-11-2022,Returned,100057.65,
5005161,301898,510,26-12-2024,03-01-2025,delivered,65475.11,
5005162,302518,520,06-23-2026,28-06-2026,delivered,44998.73,
5005163,301552,508,01-07-2025,07-01-2025,pending ,21397.03,
5005164,302286,507,21-12-2024,28-12-2024,delivered,72885.66,
5005165,300548,536,19-09-2024,27-09-2024,Shipped,27925.53,
5005166,301279,503,21-05-2022,23-05-2022,Delivered,,
5005167,301188,527,24-Oct-22,01-11-2022,delivered,6415.73,
5005168,300969,525,23-10-2023,23-10-2023,delivered,20545.32,
5005169,302664,528,07-01-2023,08-01-2023,Shipped,,
5005170,301882,535,29-04-2026,07-05-2026,Shipped,150085.69,
5005171,301780,512,30-04-2026,06-05-2026,Pending,,
5005172,300657,515,11-12-2024,19-12-2024,Returned,,
5005173,301277,505,05-12-2024,14-12-2024,Returned,22496.91,
5005174,302433,530,16-03-2026,26-03-2026,Returned,64244.37,
5005175,302524,520,14-11-2023,15-11-2023,Returned,16925.33,
5005176,301372,535,22-11-2022,25-11-2022,SHIPPED,77447.12,
5005177,301939,503,07-20-2026,29-07-2026,Shipped,9592.96,
5005178,300046,532,18-12-2021,18-12-2021,delivered,33220.29,
5005179,300290,519,28-06-2025,28-06-2025,Delivered,2457.16,
5005180,300211,536,28-09-2024,09-10-2024,Returned,114644.04,
5005181,301422,509,28-02-2024,01-03-2024,Pending,160165.6,
5005182,302548,511,06-08-2025,15-Aug-25,SHIPPED,43902.64,
5005183,301163,539,13-05-2026,23-05-2026,Pending,41600.76,
5005184,301293,539,24-09-2025,28-09-2025,Shipped,58743.87,
5005185,300897,532,17-08-2024,26-08-2024,delivered,112053.43,
5005186,302262,514,31-03-2023,04-01-2023,SHIPPED,,
5005187,301799,523,30-12-2025,11-01-2026,Pending,43723.16,
5005188,301270,527,13-Nov-25,20-11-2025,pending ,141214.74,
5005189,301461,513,17-06-2023,28-Jun-23,SHIPPED,12395.58,
5005190,300620,514,07-05-2025,07-05-2025,Returned,4541.03,
5005191,301092,512,23-02-2024,25-02-2024,pending ,52718.67,
5005192,301597,538,23-10-2024,04-11-2024,Shipped,27138.46,
5005193,302558,534,14-08-2024,17-08-2024,SHIPPED,15858.24,
5005194,300859,502,01-09-2025,05-09-2025,delivered,125866.99,
5005195,302807,537,24-12-2025,12-31-2025,Returned,70857.94,
5005196,301345,540,10-Jun-25,14-06-2025,Returned,,
5005197,300346,519,21-03-2026,23-03-2026,Delivered,81396.24,
5005198,301334,516,13-11-2025,15-11-2025,Pending,41429.17,
5005199,300553,526,12-12-2025,19-12-2025,pending ,138329.4,
5005200,300740,533,05-07-2025,10-07-2025,Cancelled,86483.48,
5005201,300531,528,05-03-2025,11-03-2025,Returned,36544.06,
5005202,302346,515,14-02-2025,23-02-2025,Pending,154533.33,
5005203,301831,538,05-03-2025,13-03-2025,Returned,72036.24,
5005204,302013,504,22-07-2025,28-07-2025,pending ,1145.46,
5005205,300970,501,02-06-2026,14-06-2026,Delivered,,
5005206,301415,527,13-05-2025,16-05-2025,Delivered,28864.31,
5005207,302371,527,06-04-2026,14-04-2026,Pending,3517.16,
5005208,302285,512,23-10-2025,04-Nov-25,pending ,21924.88,
5005209,300707,520,26-08-2023,,Returned,,
5005210,302208,505,28-03-2026,03-04-2026,Returned,,
5005211,300885,534,10-10-2025,17-Oct-25,pending ,94519.88,
5005212,301213,511,17-05-2026,25-05-2026,Returned,20742.71,
5005213,300776,535,27-09-2025,04-10-2025,Shipped,-21686.86,
5005214,301118,525,13-07-2024,13-07-2024,delivered,185985.64,
5005215,300879,528,09-02-2023,09-09-2023,pending ,8216.32,
5005216,301386,518,12-10-2022,,Cancelled,,
5005217,300738,519,20-07-2025,28-07-2025,Pending,174105.26,
5005218,300568,505,29-10-2024,05-11-2024,Pending,153917.63,
5005219,302235,537,03-09-2023,06-09-2023,pending ,29532.36,
5005220,301874,540,16-09-2025,19-09-2025,Cancelled,7186.84,
5005221,301463,536,29-09-2025,04-Oct-25,pending ,58422.06,
5005222,302596,507,13-10-2024,23-10-2024,Shipped,2474.17,
5005223,302886,540,16-02-2023,27-02-2023,Returned,83106.54,
5005224,301852,534,10-01-2026,13-01-2026,SHIPPED,47040.2,
5005225,301009,534,18-07-2026,30-07-2026,SHIPPED,70.3,
5005226,302780,538,11-05-2026,18-05-2026,Returned,56986.47,
5005227,300739,533,26-05-2026,26-05-2026,Pending,13486.41,
5005228,300870,535,18-11-2025,18-11-2025,SHIPPED,42042.76,
5005229,300948,516,12-31-2023,31-12-2023,SHIPPED,4251.26,
5005230,300292,505,02-10-2023,11-10-2023,Pending,,
5005231,302621,535,27-01-2025,06-02-2025,Shipped,,
5005232,302719,517,23-08-2024,02-09-2024,Pending,18799.81,
5005233,302641,521,09-01-2026,10-01-2026,Delivered,257563.78,
5005234,300726,512,20-09-2023,21-09-2023,Pending,79454.98,
5005235,300416,501,07-22-2026,28-07-2026,Pending,46980.05,
5005236,300253,536,04-01-2023,08-01-2023,pending ,171324.65,
5005237,300920,540,09-01-2022,15-01-2022,Delivered,,
5005238,300424,522,06-10-2024,10-11-2024,delivered,35140.76,
5005239,301181,524,06-11-2020,06-11-2020,Shipped,7284.65,
5005240,301315,501,26-01-2024,03-02-2024,Pending,,
5005241,300396,531,13-09-2025,22-09-2025,Pending,29557.99,
5005242,300930,519,04-03-2026,10-03-2026,Returned,141787.49,
5005243,301708,529,01-05-2022,08-May-22,SHIPPED,29686.44,
5005244,302974,525,29-06-2026,09-07-2026,Shipped,6692.88,
5005245,302600,520,17-12-2025,27-12-2025,SHIPPED,42843.41,
5005246,302400,513,15-08-2025,21-08-2025,Returned,8811,
5005247,302749,525,14-11-2025,16-11-2025,delivered,,
5005248,301563,512,18-11-2022,30-11-2022,Cancelled,14891.25,
5005249,302611,534,01-02-2026,02-02-2026,Cancelled,76358.98,
5005250,301869,504,16-06-2022,27-06-2022,Pending,13864.88,
5005251,301556,538,11-09-2022,11-Sep-22,delivered,11132.48,
5005252,300226,537,31-03-2025,12-04-2025,pending ,118239.21,
5005253,302075,527,13-11-2021,20-11-2021,Shipped,,
5005254,302096,513,01-01-2025,,SHIPPED,123883.23,
5005255,300831,528,05-May-26,09-05-2026,Cancelled,,
5005256,300868,506,11-11-2024,20-11-2024,SHIPPED,65701.82,
5005257,301491,511,22-01-2024,30-01-2024,Returned,,
5005258,302762,520,25-11-2023,01-12-2023,Pending,72030.58,
5005259,301610,504,03-02-2025,12-Feb-25,pending ,38688.36,
5005260,302779,506,23-11-2025,29-11-2025,Shipped,72114.93,
5005261,301077,504,13-10-2024,23-10-2024,Pending,123431.75,
5005262,302401,528,10-06-2025,22-06-2025,Pending,,
5005263,302486,539,08-03-2025,08-03-2025,Cancelled,94508.32,
5005264,301218,510,03-01-2026,03-01-2026,Cancelled,128774.29,
5005265,302205,528,08-Apr-26,13-04-2026,pending ,186169.44,
5005266,301589,502,03-08-2025,12-08-2025,pending ,228785.75,
5005267,301236,520,17-11-2021,25-11-2021,delivered,41545.11,
5005268,300004,515,29-12-2024,,Cancelled,129268.2,
5005269,300871,525,02-07-2026,02-07-2026,pending ,66383.52,
5005270,300459,505,19-11-2024,29-11-2024,Pending,6674.44,
5005271,302000,516,17-11-2022,19-11-2022,Shipped,15270.44,
5005272,300970,503,17-06-2025,20-06-2025,pending ,56882.8,
5005273,302642,528,19-08-2023,30-08-2023,Delivered,1378.79,
5005274,302196,537,29-04-2024,06-05-2024,Returned,,
5005275,302904,511,18-03-2025,23-03-2025,pending ,177500.29,
5005276,302473,511,09-12-2023,21-12-2023,SHIPPED,48718.31,
5005277,301898,540,23-05-2025,01-06-2025,pending ,40692.81,
5005278,300492,505,16-Dec-25,21-Dec-25,Shipped,31965.11,
5005279,301706,504,12-08-2025,13-08-2025,pending ,48919.72,
5005280,301620,514,12-09-2025,16-09-2025,Returned,70379.75,
5005281,301350,535,17-06-2025,22-06-2025,pending ,,
5005282,300547,518,06-12-2025,13-12-2025,pending ,56345.96,
5005283,302581,509,18-04-2026,19-04-2026,Pending,56071.57,
5005284,302507,513,18-01-2024,27-01-2024,delivered,72347.94,
5005285,302775,539,09-06-2026,15-06-2026,SHIPPED,101672.59,
5005286,301710,508,26-07-2023,27-07-2023,SHIPPED,141258.6,
5005287,301450,506,18-11-2021,18-11-2021,Shipped,18015.83,
5005288,302228,504,28-Mar-25,07-04-2025,pending ,33051.35,
5005289,301967,507,06-09-2024,15-06-2024,Cancelled,,
5005290,302212,502,27-03-2022,02-04-2022,Cancelled,,
5005291,302024,509,11-07-2026,14-07-2026,Shipped,,
5005292,300055,540,22-09-2025,29-09-2025,Shipped,54540.88,
5005293,302362,525,03-10-2024,03-10-2024,Shipped,92847.73,
5005294,301770,506,10-Aug-24,08-10-2024,Cancelled,82616.22,
5005295,301354,503,31-05-2026,,pending ,149590.74,
5005296,300330,504,01-04-2026,04-01-2026,delivered,166711.75,
5005297,300059,507,29-05-2026,05-06-2026,Delivered,27372.91,
5005298,302673,512,26-04-2025,08-05-2025,delivered,38143.49,
5005299,301418,513,08-10-2023,12-10-2023,Cancelled,51923.44,
5005300,300714,506,03-05-2026,13-05-2026,Pending,70181.64,
5005301,301356,513,29-12-2025,29-12-2025,Cancelled,3252.04,
5005302,300554,532,13-10-2021,24-10-2021,pending ,,
5005303,302683,520,14-02-2024,24-02-2024,Shipped,120090.85,
5005304,300126,529,31-03-2026,11-04-2026,pending ,113724.51,
5005305,301718,531,05-03-2024,10-03-2024,Returned,82073.21,
5005306,302613,513,14-08-2025,19-08-2025,Returned,49113.79,
5005307,300898,503,07-12-2025,17-Dec-25,Shipped,83354.55,
5005308,300839,514,17-01-2024,22-01-2024,Cancelled,112723.81,
5005309,300997,524,05-07-2026,17-07-2026,pending ,35268.08,
5005310,302279,523,24-09-2025,01-10-2025,Pending,72016.01,
5005311,301439,516,04-07-2026,,Pending,42674.76,
5005312,301774,511,05-07-2024,08-07-2024,Pending,96583.98,
5005313,301845,534,06-02-2022,04-06-2022,Delivered,164088.44,
5005314,302407,522,01-03-2026,02-03-2026,Returned,,
5005315,300047,523,19-07-2025,27-07-2025,SHIPPED,138032.46,
5005316,301125,539,25-12-2025,02-01-2026,pending ,88501.66,
5005317,300263,503,12-10-2024,19-12-2024,Pending,8080.99,
5005318,300440,535,23-03-2025,26-03-2025,Cancelled,48118.44,
5005319,300153,504,28-12-2024,30-12-2024,Cancelled,,
5005320,300119,509,05-13-2026,23-05-2026,pending ,80770.38,
5005321,302631,502,06-07-2024,18-07-2024,Pending,,
5005322,301334,526,09-02-2023,10-02-2023,SHIPPED,91620.26,
5005323,302894,515,20-12-2021,01-01-2022,Returned,51541.26,
5005324,301236,532,05-07-2023,05-07-2023,SHIPPED,1972.61,
5005325,300542,527,31-08-2025,31-08-2025,pending ,27438.56,
5005326,301565,512,27-04-2023,04-05-2023,SHIPPED,133947.97,
5005327,301990,517,18-02-2026,19-02-2026,Returned,73156.25,
5005328,300600,515,27-06-2023,02-07-2023,Returned,86808.81,
5005329,300257,516,08-11-2024,12-11-2024,pending ,,
5005330,302863,520,04-10-2025,13-10-2025,Cancelled,,
5005331,302952,507,04-11-2024,13-11-2024,Pending,105458.16,
5005332,302195,519,15-06-2026,,delivered,1312.79,
5005333,301686,533,29-05-2025,,delivered,17443.7,
5005334,300609,510,21-10-2024,21-10-2024,SHIPPED,,
5005335,301094,506,11-07-2025,16-07-2025,Returned,27062.78,
5005336,302214,503,27-06-2024,29-06-2024,Delivered,138087.87,
5005337,300979,524,23-02-2026,06-03-2026,Returned,,
5005338,300675,524,19-04-2024,19-04-2024,Delivered,90722.59,
5005339,301744,505,25-10-2025,04-11-2025,SHIPPED,,
5005340,300600,518,29-03-2024,04-04-2024,delivered,8506.6,
5005341,301491,508,20-10-2023,27-10-2023,delivered,43530.27,
5005342,302701,506,15-03-2024,17-03-2024,Returned,,
5005343,301866,539,03-14-2026,21-03-2026,Returned,49457.85,
5005344,301140,507,31-10-2025,11-05-2025,Returned,78876.48,
5005345,302042,528,09-07-2023,16-07-2023,Shipped,173820.14,
5005346,302801,525,23-06-2024,,pending ,0,
5005347,302613,502,12-12-2023,19-Dec-23,Returned,0,
5005348,302084,510,15-06-2024,17-06-2024,SHIPPED,45698.77,
5005349,302307,502,27-07-2026,04-08-2026,Shipped,,
5005350,301166,520,23-08-2025,01-09-2025,delivered,75648.46,
5005351,301074,505,08-09-2024,19-09-2024,Delivered,,
5005352,301739,516,26-02-2024,28-02-2024,delivered,10382.15,
5005353,300591,505,04-12-2025,10-12-2025,Cancelled,82348.49,
5005354,302702,527,12-04-2024,18-04-2024,delivered,3578.44,
5005355,302396,536,06-05-2025,13-05-2025,delivered,,
5005356,301369,529,31-10-2025,01-11-2025,pending ,65465.51,
5005357,302848,519,24-05-2023,25-05-2023,SHIPPED,147449.03,
5005358,300816,531,20-10-2023,27-10-2023,SHIPPED,132698.61,
5005359,301814,514,23-09-2025,29-Sep-25,Shipped,13565.64,
5005360,301380,515,08-06-2026,08-06-2026,Delivered,20111.18,
5005361,302863,512,14-12-2025,22-12-2025,delivered,130811.11,
5005362,302909,512,30-06-2025,04-07-2025,Pending,16645.8,
5005363,301146,539,13-03-2024,14-03-2024,Shipped,113005.2,
5005364,301170,506,14-10-2024,15-10-2024,delivered,63212.61,
5005365,301046,522,08-04-2026,18-04-2026,Returned,35971.95,
5005366,300893,510,02-11-2025,02-11-2025,Pending,58846.95,
5005367,300147,505,01-02-2025,02-05-2025,Pending,92503.58,
5005368,302942,513,08-08-2025,12-08-2025,Pending,159124.64,
5005369,301813,527,14-06-2024,,Shipped,140512.64,
5005370,301127,526,10-02-2026,13-02-2026,pending ,22803.72,
5005371,302635,516,04-12-2023,12-06-2023,Shipped,166947.58,
5005372,301883,538,09-12-2025,21-12-2025,Shipped,1121.83,
5005373,301876,503,27-08-2023,31-08-2023,Delivered,94515.37,
5005374,302545,507,04-03-2022,11-03-2022,Delivered,166046.41,
5005375,302307,502,04-29-2025,11-05-2025,delivered,59669.77,
5005376,300697,506,07-03-2023,16-03-2023,pending ,16917.92,
5005377,300503,534,20-Apr-25,01-05-2025,Shipped,5005.4,
5005378,301508,516,18-11-2023,26-11-2023,SHIPPED,45673.34,
5005379,302604,522,24-01-2026,28-01-2026,SHIPPED,101490.81,
5005380,300022,511,27-11-2025,30-11-2025,pending ,43623.66,
5005381,301268,511,31-Dec-24,12-01-2025,Shipped,-337.27,
5005382,302848,527,16-10-2023,28-10-2023,Cancelled,70672.36,
5005383,300998,506,05-07-2024,15-07-2024,SHIPPED,119442.79,
5005384,302953,519,16-04-2026,23-04-2026,Cancelled,69106.47,
5005385,302340,502,22-06-2026,01-07-2026,Delivered,10975.64,
5005386,300980,514,07-04-2024,14-04-2024,delivered,86728.03,
5005387,302934,511,24-05-2024,30-05-2024,Returned,64272.6,
5005388,301158,539,22-07-2025,22-07-2025,pending ,85309.72,
5005389,301744,506,10-04-2026,10-04-2026,SHIPPED,104777.44,
5005390,300091,523,11-12-2023,19-12-2023,pending ,43758.12,
5005391,301151,536,04-03-2023,14-03-2023,Returned,88555.58,
5005392,301217,505,01-06-2025,13-06-2025,Pending,32546.05,
5005393,301295,516,19-12-2022,24-12-2022,pending ,36856.77,
5005394,300843,535,15-06-2022,21-06-2022,Delivered,36763.24,
5005395,301157,535,01-10-2023,10-01-2023,delivered,0,
5005396,300115,526,12-12-2025,12-12-2025,pending ,130487.15,
5005397,300463,528,27-04-2026,04-05-2026,Cancelled,130809.96,
5005398,302279,507,02-05-2025,04-05-2025,Shipped,27097.85,
5005399,302811,536,16-02-2025,16-02-2025,Returned,25294.22,
5005400,301896,513,22-10-2025,01-11-2025,Returned,99115.77,
5005401,301602,501,06-08-2025,12-Aug-25,Delivered,35661.62,
5005402,300905,534,07-06-2023,19-06-2023,Cancelled,32211.29,
5005403,302264,511,12-12-2024,17-12-2024,pending ,134103.27,
5005404,300557,503,13-12-2025,15-12-2025,Shipped,7581.07,
5005405,302227,535,21-12-2025,21-12-2025,pending ,24588.07,
5005406,302033,532,12-08-2024,24-08-2024,pending ,16784.4,
5005407,300504,501,07-09-2025,11-09-2025,pending ,32069.61,
5005408,300537,503,31-12-2023,06-01-2024,SHIPPED,37311.83,
5005409,302082,535,25-04-2026,30-04-2026,Cancelled,68824.15,
5005410,301642,502,05-01-2026,06-01-2026,pending ,47188.64,
5005411,301467,501,10-11-2020,11-11-2020,Delivered,58555.1,
5005412,301055,536,22-07-2025,23-07-2025,delivered,,
5005413,300026,524,21-02-2022,02-24-2022,Returned,78173.52,
5005414,300754,522,24-06-2025,28-06-2025,pending ,,
5005415,302133,514,02-02-2025,14-02-2025,Pending,26421.56,
5005416,301471,537,09-08-2025,10-08-2025,delivered,97267.06,
5005417,302852,524,09-11-2024,19-11-2024,Cancelled,85114.42,
5005418,302816,504,19-07-2024,30-07-2024,Delivered,1746.33,
5005419,300283,516,07-02-2026,19-02-2026,Shipped,16923.09,
5005420,302896,516,24-12-2025,28-12-2025,delivered,131342.55,
5005421,302033,520,30-04-2026,04-05-2026,delivered,4962.58,
5005422,302582,511,27-07-2025,04-08-2025,Pending,2971.88,
5005423,302394,515,02-01-2026,13-01-2026,Pending,228017.78,
5005424,300423,528,30-10-2024,05-11-2024,Shipped,60940.54,
5005425,302800,503,27-07-2021,30-07-2021,Pending,9403.81,
5005426,302620,530,20-06-2023,,Returned,21823.34,
5005427,300347,533,26-01-2024,30-01-2024,Delivered,,
5005428,300751,540,07-06-2025,15-06-2025,delivered,,
5005429,301818,539,15-09-2025,24-Sep-25,Delivered,,
5005430,302227,523,19-03-2025,,SHIPPED,21778.96,
5005431,300645,524,03-05-2026,12-05-2026,Cancelled,163891.8,
5005432,301298,537,07-10-2023,16-10-2023,Shipped,11882.94,
5005433,301905,511,28-Jul-26,04-08-2026,Cancelled,202378.75,
5005434,301943,525,11-05-2022,11-05-2022,pending ,174105.19,
5005435,300823,519,11-08-2025,08-23-2025,Returned,43327.55,
5005436,302238,535,03-04-2024,03-04-2024,Returned,5780.6,
5005437,301186,537,20-03-2025,,Pending,57163.99,
5005438,301402,521,05-02-2026,12-02-2026,pending ,,
5005439,300816,514,13-03-2023,,Cancelled,67301.77,
5005440,301855,516,06-08-2025,11-08-2025,delivered,-5973.71,
5005441,302622,513,25-07-2024,29-07-2024,SHIPPED,112889.2,
5005442,301139,530,11-05-2026,16-05-2026,SHIPPED,88802.49,
5005443,300129,515,09-03-2025,10-03-2025,delivered,51.54,
5005444,300291,509,28-02-2022,11-03-2022,Returned,88616.26,
5005445,301642,517,18-03-2025,19-03-2025,Cancelled,,
5005446,300711,511,01-07-2026,01-07-2026,Shipped,129143.48,
5005447,301446,521,05-05-2022,06-May-22,pending ,14738.23,
5005448,302311,502,22-07-2023,26-07-2023,Delivered,71090.76,
5005449,301640,509,01-Oct-23,01-10-2023,delivered,0,
5005450,302504,530,30-03-2022,11-04-2022,Pending,25077.95,
5005451,300816,515,26-09-2025,26-09-2025,pending ,53911.81,
5005452,300074,502,21-10-2023,21-10-2023,SHIPPED,26470.31,
5005453,301316,531,06-07-2023,18-07-2023,Cancelled,64768.22,
5005454,300290,511,31-08-2023,05-09-2023,Pending,31063.86,
5005455,300351,539,22-Oct-25,03-11-2025,Returned,124001.84,
5005456,302804,518,29-07-2024,04-08-2024,Cancelled,53609.3,
5005457,302001,516,02-09-2024,10-09-2024,delivered,78495.34,
5005458,300921,521,21-04-2022,03-05-2022,pending ,193590.93,
5005459,302606,516,18-04-2024,27-04-2024,SHIPPED,94103.16,
5005460,301444,521,28-04-2023,05-06-2023,Pending,109396.13,
5005461,302027,522,14-10-2025,24-10-2025,delivered,26389.31,
5005462,300249,513,25-01-2026,04-02-2026,Delivered,15713.61,
5005463,300608,527,09-04-2025,11-04-2025,Returned,40425.04,
5005464,301380,536,22-11-2023,26-11-2023,pending ,18815.1,
5005465,301306,515,11-07-2023,17-07-2023,Pending,29653.78,
5005466,300463,534,24-07-2025,24-07-2025,Delivered,,
5005467,302753,524,03-06-2023,08-06-2023,SHIPPED,,
5005468,300707,520,20-12-2024,01-01-2025,pending ,117676.18,
5005469,302013,531,04-07-2025,,SHIPPED,82473.87,
5005470,300715,523,11-04-2022,13-04-2022,Shipped,54399.07,
5005471,301636,507,24-04-2026,29-04-2026,Returned,79417.22,
5005472,300470,537,01-02-2026,05-02-2026,Delivered,41502.06,
5005473,301781,520,22-08-2025,29-08-2025,Pending,59503.71,
5005474,301232,540,06-04-2024,12-04-2024,Shipped,67623.68,
5005475,302164,504,03-09-2025,10-09-2025,Delivered,19767.14,
5005476,300055,506,03-09-2024,05-09-2024,Shipped,71225.56,
5005477,301531,528,05-02-2023,12-02-2023,Shipped,52976.29,
5005478,301683,524,02-03-2024,04-03-2024,Returned,,
5005479,301456,529,21-12-2022,26-12-2022,Shipped,33838.94,
5005480,301297,524,28-10-2025,06-11-2025,delivered,49448.57,
5005481,302789,508,26-06-2026,28-06-2026,Delivered,30120.77,
5005482,302037,519,11-06-2026,12-06-2026,pending ,,
5005483,300875,501,26-03-2026,,Pending,189177.77,
5005484,300992,516,03-01-2025,10-03-2025,Returned,82217.32,
5005485,300412,538,26-10-2023,04-11-2023,Cancelled,,
5005486,300062,505,26-10-2024,30-10-2024,Cancelled,113201.8,
5005487,302932,508,20-07-2024,29-07-2024,Cancelled,42301.52,
5005488,300398,537,08-03-2024,14-03-2024,delivered,-488.44,
5005489,302858,510,04-11-2024,04-11-2024,Shipped,53496,
5005490,301480,527,24-05-2026,30-05-2026,SHIPPED,,
5005491,301471,509,28-11-2025,28-11-2025,Shipped,161558.99,
5005492,302064,513,28-12-2022,,Cancelled,28882.85,
5005493,302146,538,01-12-2025,05-12-2025,Returned,74916.06,
5005494,300032,523,14-03-2026,21-Mar-26,Cancelled,,
5005495,300642,539,08-09-2024,09-09-2024,Shipped,41032.43,
5005496,300668,501,26-10-2025,27-10-2025,Shipped,51662.91,
5005497,301919,502,27-12-2025,07-01-2026,pending ,190049.66,
5005498,302648,530,19-01-2025,25-01-2025,pending ,,
5005499,301626,508,31-03-2026,11-04-2026,Returned,90094.4,
5005500,302980,520,20-04-2025,26-04-2025,pending ,0,
5005501,301376,534,14-03-2026,22-03-2026,Shipped,124234.46,
5005502,302072,507,12-05-2021,21-05-2021,Returned,111841.87,
5005503,302735,521,15-12-2024,18-12-2024,Delivered,5151.31,
5005504,301832,520,16-08-2023,25-Aug-23,delivered,3616.2,
5005505,300587,520,03-03-2026,14-03-2026,delivered,,
5005506,301147,514,03-02-2026,05-02-2026,Pending,52124.44,
5005507,301730,507,10-01-2026,19-01-2026,SHIPPED,26719.04,
5005508,300918,529,02-05-2023,,Delivered,1496.45,
5005509,302454,508,21-05-2025,31-05-2025,Shipped,,
5005510,302782,510,05-11-2022,16-11-2022,delivered,,
5005511,302266,510,09-Oct-24,10-10-2024,Pending,8960.26,
5005512,300645,508,29-05-2023,06-06-2023,Pending,15854.41,
5005513,302553,523,03-05-2025,06-05-2025,pending ,66363.94,
5005514,300481,506,17-07-2025,25-07-2025,SHIPPED,620.82,
5005515,300595,518,18-Jul-25,29-Jul-25,delivered,78398.53,
5005516,300553,528,15-01-2026,23-01-2026,SHIPPED,56764.55,
5005517,302253,508,03-17-2023,23-03-2023,SHIPPED,30380.06,
5005518,302459,529,06-02-2023,10-02-2023,Delivered,53011.13,
5005519,300920,508,07-06-2025,07-06-2025,Shipped,25669.09,
5005520,302007,520,13-09-2023,,pending ,5017.72,
5005521,302229,515,06-09-2025,14-Sep-25,Delivered,27630.49,
5005522,300526,532,12-09-2024,21-09-2024,Delivered,7811.8,
5005523,302575,527,24-02-2025,25-02-2025,Shipped,85713.3,
5005524,300213,529,20-03-2026,29-03-2026,SHIPPED,108305.81,
5005525,302008,505,31-07-2025,08-06-2025,delivered,44347.71,
5005526,302251,534,08-02-2025,12-02-2025,Returned,,
5005527,302727,519,16-07-2024,20-07-2024,SHIPPED,191949.12,
5005528,301194,515,03-12-2025,11-12-2025,delivered,7697.67,
5005529,300437,527,25-12-2024,27-12-2024,pending ,10450.12,
5005530,300973,507,06-07-2026,08-07-2026,pending ,,
5005531,302209,512,23-01-2025,25-01-2025,Shipped,50414.18,
5005532,302265,534,07-02-2025,13-02-2025,delivered,54423.02,
5005533,301707,532,28-05-2026,01-06-2026,Pending,,
5005534,301779,520,01-05-2025,09-01-2025,pending ,7459.8,
5005535,300048,502,12-04-2026,17-04-2026,pending ,100589.18,
5005536,300721,535,23-05-2025,05-29-2025,Delivered,40947.96,
5005537,302905,518,30-05-2026,10-06-2026,SHIPPED,64774.39,
5005538,300466,520,29-Dec-24,10-01-2025,pending ,,
5005539,301533,513,05-10-2025,16-10-2025,Shipped,87353.88,
5005540,302643,540,17-05-2026,23-05-2026,Pending,74088.14,
5005541,302514,531,11-04-2026,23-04-2026,Cancelled,142314.91,
5005542,302601,511,29-12-2024,06-01-2025,SHIPPED,,
5005543,300965,536,13-02-2026,23-02-2026,Delivered,5417.77,
5005544,301845,538,21-02-2024,27-02-2024,Shipped,19717.55,
5005545,301298,521,18-05-2024,21-05-2024,Delivered,,
5005546,302749,531,30-05-2025,11-06-2025,Returned,6842,
5005547,300562,536,06-07-2025,11-07-2025,Cancelled,,
5005548,300820,522,25-01-2025,01-02-2025,delivered,92985.76,
5005549,300788,518,08-06-2025,20-06-2025,Returned,156407.9,
5005550,301853,510,11-10-2025,18-10-2025,Pending,27486.02,
5005551,302038,505,12-12-2024,12-12-2024,SHIPPED,73169.46,
5005552,301051,534,20-May-21,28-05-2021,Shipped,,
5005553,302085,522,09-10-2025,15-09-2025,SHIPPED,129146.28,
5005554,301198,511,15-05-2026,26-05-2026,Pending,115617.57,
5005555,302813,517,16-07-2024,26-07-2024,Pending,45894.14,
5005556,300461,537,10-01-2025,22-01-2025,pending ,23891.91,
5005557,302332,510,08-10-2023,14-10-2023,Shipped,12261.15,
5005558,301913,502,04-10-2025,13-10-2025,delivered,,
5005559,300938,530,08-05-2025,09-05-2025,Cancelled,135182.8,
5005560,302471,540,03-06-2026,15-06-2026,Shipped,244.78,
5005561,301064,527,17-09-2024,19-09-2024,Delivered,76498.89,
5005562,301413,522,12-04-2025,21-04-2025,Shipped,9893.24,
5005563,300765,535,10-Sep-25,14-09-2025,Delivered,19931.91,
5005564,302078,516,10-01-2026,10-01-2026,Returned,55852.45,
5005565,301722,501,19-06-2023,28-06-2023,pending ,89345.95,
5005566,301791,523,18-06-2025,22-06-2025,Pending,31199.51,
5005567,301283,522,12-08-2025,15-08-2025,SHIPPED,44179.13,
5005568,302326,520,13-09-2025,13-09-2025,pending ,61631,
5005569,301729,525,05-02-2025,06-02-2025,delivered,,
5005570,302818,540,11-Feb-26,17-02-2026,Cancelled,34317.04,
5005571,300950,508,11-03-2025,13-03-2025,Cancelled,58962.17,
5005572,302609,502,27-Sep-25,02-10-2025,pending ,124197,
5005573,301460,539,27-05-2022,06-06-2022,SHIPPED,64686.29,
5005574,302257,515,30-09-2025,07-10-2025,Shipped,201407.39,
5005575,301542,540,27-04-2023,05-05-2023,Pending,,
5005576,301386,512,14-05-2022,05-21-2022,Cancelled,153562.17,
5005577,300736,528,11-04-2025,21-04-2025,Shipped,119713.84,
5005578,302564,501,23-07-2025,28-Jul-25,Delivered,10854.12,
5005579,302501,539,02-09-2025,11-09-2025,Delivered,29296.35,
5005580,300226,532,08-12-2025,19-12-2025,Cancelled,111283.64,
5005581,301388,526,23-08-2025,30-08-2025,Pending,188299.73,
5005582,300130,523,26-11-2025,29-11-2025,delivered,114773.16,
5005583,301847,527,30-06-2026,08-07-2026,Pending,160666.55,
5005584,301062,507,05-01-2022,15-01-2022,delivered,1667.12,
5005585,302853,514,30-08-2024,01-09-2024,Returned,96133.5,
5005586,300039,501,12-24-2024,28-12-2024,Shipped,41968.29,
5005587,301167,508,22-06-2024,30-06-2024,Cancelled,,
5005588,301718,527,28-04-2022,01-05-2022,Shipped,12797.15,
5005589,300828,503,07-06-2024,09-06-2024,Pending,59878.11,
5005590,301853,508,22-01-2026,25-Jan-26,Shipped,91448.77,
5005591,301715,539,02-06-2024,08-06-2024,Shipped,13041.24,
5005592,302700,522,10-04-2025,11-04-2025,Cancelled,29417.4,
5005593,300900,510,09-08-2025,14-08-2025,Returned,20307.69,
5005594,302031,526,23-10-2025,31-10-2025,Pending,147510.91,
5005595,302023,536,25-Nov-22,12-06-2022,pending ,26854.31,
5005596,302456,535,14-04-2024,14-04-2024,Returned,83657.19,
5005597,300411,533,27-03-2024,03-04-2024,Cancelled,61986.51,
5005598,301784,515,25-06-2024,06-07-2024,delivered,99459.17,
5005599,302015,502,13-08-2024,16-08-2024,Returned,8690.26,
5005600,302214,508,10-05-2022,14-05-2022,Shipped,13959.74,
5005601,300993,538,25-04-2025,28-04-2025,SHIPPED,56856.33,
5005602,300815,519,01-10-2025,04-10-2025,Pending,52039.28,
5005603,301142,513,02-25-2025,09-Mar-25,Pending,86413.93,
5005604,302277,507,24-09-2023,27-09-2023,Shipped,54994.77,
5005605,301687,503,28-05-2024,28-05-2024,pending ,10636.63,
5005606,302693,509,24-08-2023,01-09-2023,Returned,91863.71,
5005607,301002,538,05-09-2025,09-09-2025,Pending,28201.86,
5005608,300001,510,16-01-2025,01-20-2025,Delivered,49571.08,
5005609,300284,527,13-08-2025,23-08-2025,delivered,155099.32,
5005610,302026,525,12-08-2024,13-08-2024,Shipped,62160.65,
5005611,301386,512,16-12-2022,17-12-2022,Pending,,
5005612,302119,510,06-03-2025,09-03-2025,SHIPPED,135706.43,
5005613,300993,531,16-11-2023,18-11-2023,Returned,21113.02,
5005614,301822,539,26-08-2022,29-08-2022,Pending,9636.48,
5005615,301818,513,12-05-2026,,Pending,50865.55,
5005616,302767,501,25-11-2023,29-11-2023,Delivered,10494.58,
5005617,302819,523,19-12-2022,29-12-2022,Returned,125846.87,
5005618,302576,525,10-07-2026,17-07-2026,pending ,95878.4,
5005619,300598,532,10-10-2024,15-10-2024,Pending,44109.29,
5005620,300833,525,07-06-2026,12-06-2026,Returned,15401.32,
5005621,302403,501,09-10-2025,,delivered,16089.36,
5005622,302527,514,21-07-2025,23-07-2025,Pending,,
5005623,300566,533,26-01-2026,30-01-2026,Returned,54805.96,
5005624,301514,528,27-02-2026,08-03-2026,Delivered,92335.82,
5005625,301552,537,19-10-2025,19-10-2025,Returned,5384.81,
5005626,300078,527,04-12-2025,08-12-2025,Shipped,,
5005627,301358,507,14-12-2023,23-12-2023,Delivered,130419.77,
5005628,300562,513,15-07-2026,19-07-2026,Returned,,
5005629,301216,521,26-11-2025,26-11-2025,Pending,6760.74,
5005630,302532,510,27-Feb-26,27-02-2026,Returned,68579.02,
5005631,301098,504,03-10-2021,,SHIPPED,35095.28,
5005632,302173,531,15-10-2025,15-10-2025,SHIPPED,59948.53,
5005633,301055,520,14-01-2026,24-01-2026,SHIPPED,47042.49,
5005634,302800,539,06-04-2024,17-04-2024,pending ,9363.53,
5005635,302379,519,07-11-2022,12-11-2022,Cancelled,37886.01,
5005636,301479,509,28-12-2025,07-01-2026,SHIPPED,17875.33,
5005637,300137,530,04-May-25,12-05-2025,Shipped,58801.15,
5005638,300098,505,28-08-2022,01-09-2022,Pending,92912.43,
5005639,301070,532,12-02-2025,22-02-2025,Delivered,4910.1,
5005640,302884,510,28-02-2022,12-Mar-22,Delivered,16515,
5005641,301810,537,06-01-2026,17-01-2026,Pending,62140.17,
5005642,301529,539,13-01-2024,25-01-2024,pending ,4761.63,
5005643,300940,512,04-07-2022,06-07-2022,Shipped,112047.79,
5005644,301858,519,13-08-2024,22-08-2024,Cancelled,16419.12,
5005645,300685,540,07-09-2021,07-19-2021,Cancelled,,
5005646,302680,503,25-01-2026,26-01-2026,delivered,,
5005647,301661,531,29-05-2026,06-06-2026,Cancelled,226170.49,
5005648,302709,519,20-06-2026,27-Jun-26,pending ,11505.77,
5005649,300958,538,29-12-2022,29-Dec-22,Delivered,130028.71,
5005650,300461,514,29-11-2025,06-12-2025,Cancelled,83759.85,
5005651,300479,538,06-09-2025,17-09-2025,Returned,31358.71,
5005652,300352,534,29-03-2025,10-04-2025,pending ,10522.39,
5005653,302670,524,30-01-2026,04-Feb-26,Returned,143731.31,
5005654,301396,506,21-06-2025,22-06-2025,Cancelled,40349.64,
5005655,302096,506,01-19-2024,28-01-2024,Delivered,58811.76,
5005656,302584,515,06-17-2026,20-06-2026,delivered,50779.4,
5005657,301352,539,09-03-2026,03-12-2026,SHIPPED,127180.3,
5005658,300065,527,16-05-2021,20-05-2021,Pending,61895.35,
5005659,301485,532,25-08-2025,03-09-2025,Delivered,39056.44,
5005660,301826,503,11-12-2021,23-12-2021,Shipped,48766.96,
5005661,302881,501,02-07-2022,04-07-2022,Cancelled,113007.77,
5005662,301454,515,13-09-2025,20-09-2025,Cancelled,42337.4,
5005663,301761,522,19-Apr-26,01-05-2026,Shipped,26883.67,
5005664,300706,526,06-02-2025,10-06-2025,SHIPPED,64852.91,
5005665,300765,515,24-06-2025,04-07-2025,Returned,5619.66,
5005666,300893,528,03-01-2026,14-01-2026,SHIPPED,,
5005667,302859,530,11-07-2021,20-07-2021,delivered,16361.17,
5005668,302581,530,15-03-2023,15-03-2023,Shipped,,
5005669,301689,524,15-07-2026,20-07-2026,delivered,44620.18,
5005670,302995,524,08-01-2025,11-01-2025,Cancelled,10401.2,
5005671,302680,516,20-09-2025,30-09-2025,Delivered,480.87,
5005672,302886,521,08-01-2023,10-01-2023,Delivered,22510.93,
5005673,300217,517,10-21-2025,27-10-2025,pending ,19986.94,
5005674,302413,514,08-Oct-25,18-10-2025,SHIPPED,187446.42,
5005675,302819,539,13-07-2023,21-07-2023,SHIPPED,6823.72,
5005676,302085,507,23-10-2022,29-10-2022,Cancelled,,
5005677,300222,521,09-04-2023,15-04-2023,Pending,78415.84,
5005678,301180,518,07-12-2024,18-12-2024,Shipped,63102.3,
5005679,302108,510,07-12-2023,08-12-2023,Shipped,0,
5005680,301984,535,02-Mar-26,09-03-2026,Shipped,29354.58,
5005681,300980,540,16-05-2025,24-05-2025,SHIPPED,,
5005682,300938,527,02-01-2025,02-01-2025,Delivered,85944.23,
5005683,301212,501,14-05-2026,17-05-2026,pending ,6222.89,
5005684,301711,540,06-03-2022,09-03-2022,Cancelled,94084.61,
5005685,302129,520,21-07-2025,,Delivered,,
5005686,301113,503,02-08-2023,08-08-2023,pending ,38609.04,
5005687,302176,513,13-04-2025,22-04-2025,Shipped,,
5005688,300609,525,22-12-2024,23-12-2024,Returned,,
5005689,300812,533,28-06-2023,28-06-2023,Delivered,4526.57,
5005690,302544,511,19-03-2026,20-03-2026,delivered,178613.76,
5005691,302544,512,05-17-2024,21-05-2024,pending ,138332.04,
5005692,301207,513,28-05-2024,01-06-2024,Cancelled,159428.79,
5005693,300597,509,03-04-2025,07-04-2025,Pending,148081.84,
5005694,302333,513,26-04-2024,28-04-2024,Cancelled,115831.53,
5005695,302402,508,10-07-2025,16-07-2025,Delivered,143704.18,
5005696,301592,514,13-01-2025,21-01-2025,Shipped,95097.75,
5005697,300569,528,15-06-2026,18-06-2026,Delivered,117555.13,
5005698,301323,516,28-12-2025,28-12-2025,Delivered,34654.95,
5005699,302699,525,02-Aug-23,07-08-2023,Shipped,,
5005700,302243,522,19-04-2025,22-04-2025,Cancelled,59552.81,
5005701,300894,539,18-07-2025,22-07-2025,delivered,27042.62,
5005702,302681,516,27-02-2026,02-03-2026,Cancelled,57135.22,
5005703,300808,502,18-08-2025,30-08-2025,Returned,14441.24,
5005704,300997,534,13-05-2022,15-05-2022,Shipped,28231.39,
5005705,302720,531,20-01-2025,20-01-2025,Returned,108299.36,
5005706,301267,524,29-07-2026,04-08-2026,SHIPPED,,
5005707,302111,511,11-09-2024,19-09-2024,Pending,,
5005708,301968,507,18-09-2025,29-09-2025,pending ,,
5005709,300050,521,07-07-2026,12-07-2026,delivered,78186.74,
5005710,301118,506,20-03-2026,22-03-2026,SHIPPED,116914.05,
5005711,300312,521,11-05-2025,,Cancelled,,
5005712,302614,510,23-06-2024,05-07-2024,Delivered,116959.86,
5005713,300348,501,27-06-2025,07-07-2025,Returned,,
5005714,302979,511,01-03-2024,02-03-2024,Delivered,12294.76,
5005715,302658,534,01-04-2026,11-04-2026,delivered,83352.6,
5005716,301461,538,13-08-2023,15-08-2023,Returned,841.55,
5005717,301464,527,09-Feb-23,17-02-2023,Pending,67204.5,
5005718,302828,535,04-01-2025,09-01-2025,delivered,76135.25,
5005719,300178,506,01-05-2023,01-05-2023,Returned,5009.54,
5005720,302763,528,19-10-2025,26-10-2025,Delivered,,
5005721,300544,530,25-02-2026,04-03-2026,delivered,83008.52,
5005722,302718,540,15-03-2026,26-03-2026,Cancelled,48122.44,
5005723,301569,529,20-08-2024,21-08-2024,Cancelled,3359.25,
5005724,301374,509,27-07-2025,30-07-2025,Pending,53098.98,
5005725,302353,506,28-11-2025,08-12-2025,pending ,103314.13,
5005726,301393,516,19-10-2024,26-10-2024,Shipped,50959.91,
5005727,300888,521,05-11-2021,11-11-2021,Cancelled,31099.24,
5005728,302148,517,13-03-2026,20-03-2026,Returned,,
5005729,302608,504,18-05-2025,22-05-2025,Cancelled,85007.02,
5005730,301121,507,15-07-2023,18-07-2023,SHIPPED,42129.19,
5005731,302839,535,19-08-2024,25-08-2024,Pending,293.36,
5005732,302950,526,12-02-2025,02-16-2025,delivered,72480.63,
5005733,302901,515,22-Jan-22,01-22-2022,pending ,-7392.57,
5005734,300178,531,17-03-2024,24-03-2024,Pending,,
5005735,300951,512,28-05-2024,08-06-2024,delivered,156416.44,
5005736,301778,510,29-07-2024,03-08-2024,Delivered,14323.68,
5005737,302540,519,08-11-2024,15-11-2024,Shipped,48742.38,
5005738,301732,532,29-04-2026,03-05-2026,Shipped,44784,
5005739,302825,507,22-08-2024,28-08-2024,Cancelled,22782.39,
5005740,301490,522,20-05-2023,01-06-2023,pending ,46520.81,
5005741,300137,529,19-07-2026,19-07-2026,Returned,75018.27,
5005742,301501,502,27-07-2022,,pending ,41627.22,
5005743,302608,518,18-11-2022,20-11-2022,Pending,,
5005744,300349,535,12-11-2023,15-11-2023,Returned,,
5005745,300988,504,16-05-2025,24-05-2025,pending ,,
5005746,302895,513,17-11-2023,21-11-2023,Delivered,156501.67,
5005747,300101,528,21-03-2023,01-04-2023,SHIPPED,71610.73,
5005748,300302,537,18-07-2025,22-07-2025,Returned,68172.04,
5005749,302196,530,02-08-2025,12-08-2025,Pending,67878.61,
5005750,301429,528,24-01-2024,29-01-2024,Returned,,
5005751,302146,515,11-11-2024,,Shipped,77712.79,
5005752,301410,508,01-20-2026,01-02-2026,SHIPPED,35748.67,
5005753,301873,513,03-10-2023,15-10-2023,Returned,8900.46,
5005754,300436,524,27-02-2026,06-03-2026,Cancelled,77657.86,
5005755,302678,523,07-11-2024,13-11-2024,pending ,27815.46,
5005756,301638,535,18-04-2025,29-04-2025,delivered,24726.63,
5005757,301225,530,14-05-2026,14-05-2026,Cancelled,400.82,
5005758,302896,533,17-12-2025,24-12-2025,Shipped,2400.92,
5005759,302896,526,03-07-2026,10-07-2026,SHIPPED,23632.16,
5005760,301243,531,12-10-2023,12-20-2023,delivered,6304.99,
5005761,300092,535,23-02-2024,03-03-2024,Delivered,-137.49,
5005762,300447,511,12-03-2022,21-03-2022,Delivered,45561.03,
5005763,301836,515,29-05-2025,02-06-2025,Returned,81779.48,
5005764,300002,539,17-07-2025,,pending ,,
5005765,302689,505,18-Dec-23,12-25-2023,delivered,,
5005766,300226,524,08-11-2025,20-11-2025,Delivered,19440.22,
5005767,300703,517,19-09-2023,29-09-2023,Cancelled,117292.12,
5005768,302513,531,26-09-2025,28-09-2025,Cancelled,48745.72,
5005769,300040,509,03-12-2022,08-12-2022,Cancelled,78186.84,
5005770,300691,514,29-11-2024,29-11-2024,SHIPPED,74580.69,
5005771,302608,511,13-09-2024,20-09-2024,SHIPPED,,
5005772,300412,539,10-06-2021,13-06-2021,delivered,27790.76,
5005773,301590,538,12-21-2023,29-12-2023,Cancelled,126308.49,
5005774,300290,517,10-02-2026,14-02-2026,Delivered,51903.5,
5005775,301225,534,04-13-2025,19-04-2025,SHIPPED,,
5005776,302266,504,20-04-2026,27-Apr-26,SHIPPED,65290.9,
5005777,301503,503,17-10-2024,17-10-2024,Returned,42925.71,
5005778,300342,503,24-01-2025,25-01-2025,Shipped,32546.98,
5005779,302911,521,17-07-2024,22-07-2024,Cancelled,81957.11,
5005780,301813,533,24-07-2024,28-07-2024,pending ,80200.77,
5005781,302869,537,08-06-2026,10-06-2026,pending ,,
5005782,301828,524,26-03-2026,03-04-2026,Shipped,148722.52,
5005783,302779,512,30-01-2026,09-Feb-26,SHIPPED,,
5005784,302407,504,28-06-2025,01-07-2025,Returned,25382.99,
5005785,302012,528,01-07-2026,05-Jul-26,Shipped,43235.97,
5005786,301360,505,13-04-2025,13-04-2025,Delivered,17893.65,
5005787,302995,532,18-11-2024,24-11-2024,Returned,15468.68,
5005788,300089,530,18-04-2026,18-04-2026,pending ,23062.81,
5005789,300085,533,03-06-2023,06-06-2023,SHIPPED,60140.17,
5005790,301158,510,27-Jan-26,01-02-2026,SHIPPED,147417.45,
5005791,300688,537,06-04-2022,15-04-2022,Cancelled,,
5005792,302816,537,10-12-2023,11-12-2023,pending ,29541.9,
5005793,300252,505,15-01-2026,17-01-2026,Shipped,57189.93,
5005794,301876,517,03-10-2023,14-10-2023,pending ,76023.91,
5005795,301308,529,15-06-2025,26-06-2025,Shipped,36942.5,
5005796,301906,525,30-10-2025,,pending ,3505.65,
5005797,302508,509,22-04-2022,04-23-2022,SHIPPED,79904.66,
5005798,302466,506,16-07-2026,,Cancelled,,
5005799,301222,508,04-23-2024,26-04-2024,Cancelled,11502.08,
5005800,300454,531,02-Mar-25,04-03-2025,Shipped,35334.53,
5005801,300348,531,12-12-2023,24-12-2023,SHIPPED,137159.39,
5005802,302764,534,19-10-2025,24-10-2025,pending ,71602.77,
5005803,302486,535,27-06-2023,30-06-2023,Pending,174101.43,
5005804,301070,505,16-07-2025,28-07-2025,pending ,62151.16,
5005805,300426,505,10-11-2022,15-11-2022,delivered,83447.6,
5005806,300205,519,07-02-2024,11-02-2024,Pending,197128.94,
5005807,300389,535,28-09-2022,10-10-2022,Returned,36319.84,
5005808,301918,521,14-03-2022,18-03-2022,Shipped,31501.04,
5005809,300631,538,13-05-2024,23-05-2024,Pending,108090.29,
5005810,302852,519,09-02-2025,20-Feb-25,Shipped,37579.47,
5005811,300101,502,01-03-2024,10-03-2024,Returned,47635.31,
5005812,302995,535,28-12-2024,29-12-2024,Pending,90044.77,
5005813,301000,526,27-08-2023,01-09-2023,delivered,108754.81,
5005814,300258,514,19-04-2025,22-04-2025,Returned,996.63,
5005815,300293,519,25-01-2025,25-01-2025,Shipped,43926.84,
5005816,301821,524,22-08-2024,25-08-2024,Delivered,44440.01,
5005817,300494,532,22-05-2025,02-06-2025,Delivered,75324.16,
5005818,300022,513,08-11-2025,17-11-2025,Pending,,
5005819,302644,537,10-08-2025,22-08-2025,SHIPPED,85109.05,
5005820,300452,524,25-04-2024,02-05-2024,Pending,28785.47,
5005821,300826,534,01-03-2024,06-03-2024,Returned,81400.05,
5005822,301888,523,05-11-2024,17-11-2024,Cancelled,15688.47,
5005823,302836,521,11-05-2026,11-05-2026,Delivered,113437.38,
5005824,300424,511,31-01-2023,02-09-2023,Pending,54597.95,
5005825,300570,511,20-12-2022,01-01-2023,Delivered,91865.62,
5005826,302871,504,30-06-2025,12-07-2025,Cancelled,28140.23,
5005827,301401,507,20-03-2026,20-03-2026,delivered,,
5005828,300529,536,06-04-2025,12-04-2025,pending ,14135.72,
5005829,301258,532,19-08-2023,26-08-2023,delivered,82532.46,
5005830,300709,519,07-09-2024,16-09-2024,pending ,71409.68,
5005831,301635,537,14-Jul-23,14-07-2023,Shipped,54946.89,
5005832,302839,521,19-04-2025,26-04-2025,delivered,96907.16,
5005833,300215,527,23-03-2026,28-03-2026,SHIPPED,14419.05,
5005834,301817,522,29-09-2025,03-10-2025,delivered,47477.3,
5005835,302641,505,28-07-2026,07-08-2026,Pending,127838.56,
5005836,302622,514,10-02-2024,07-10-2024,Pending,32056.33,
5005837,301904,533,14-08-2025,25-08-2025,delivered,,
5005838,300711,502,13-03-2026,23-03-2026,Cancelled,8442.15,
5005839,300600,537,20-10-2023,24-10-2023,Cancelled,11254.99,
5005840,302585,510,26-Feb-26,07-03-2026,Shipped,927.76,
5005841,302863,529,05-12-2025,11-12-2025,Delivered,83906.28,
5005842,300534,503,24-11-2024,05-12-2024,SHIPPED,2513.32,
5005843,301364,502,03-02-2025,,Cancelled,,
5005844,300264,502,03-05-2025,10-05-2025,Pending,,
5005845,301298,518,25-Jun-25,27-06-2025,Delivered,,
5005846,301860,519,05-10-2026,16-05-2026,Cancelled,136096.91,
5005847,301946,533,20-09-2025,21-09-2025,SHIPPED,49630.04,
5005848,302411,539,28-09-2021,05-10-2021,delivered,69419.87,
5005849,301527,530,19-03-2026,26-03-2026,Delivered,157515.6,
5005850,302140,511,14-06-2024,16-06-2024,pending ,15276.71,
5005851,300604,501,10-01-2024,17-Jan-24,pending ,32596.19,
5005852,300602,512,02-Jan-26,06-01-2026,SHIPPED,36046.61,
5005853,302075,517,22-01-2022,30-01-2022,Pending,32101.98,
5005854,301341,537,21-10-2025,28-10-2025,Shipped,402.22,
5005855,302481,519,30-04-2023,10-May-23,Pending,18326.19,
5005856,301656,525,12-03-2025,14-03-2025,Pending,,
5005857,301474,528,31-01-2024,05-02-2024,Shipped,65515.71,
5005858,301079,524,01-05-2025,09-05-2025,Delivered,103841.52,
5005859,302436,523,30-04-2026,01-05-2026,Cancelled,32383.64,
5005860,300434,524,30-Dec-25,02-01-2026,delivered,107526.26,
5005861,301078,514,16-01-2026,26-Jan-26,Shipped,49723.31,
5005862,302474,532,21-07-2023,26-07-2023,SHIPPED,14025.35,
5005863,302556,522,05-03-2025,11-03-2025,Shipped,89821.93,
5005864,301852,524,03-07-2026,05-07-2026,Delivered,32719.02,
5005865,302513,523,31-03-2025,01-04-2025,Cancelled,168823.46,
5005866,301121,517,12-09-2025,21-09-2025,Delivered,149937.11,
5005867,301217,505,17-06-2025,22-Jun-25,Delivered,50763.83,
5005868,300794,532,21-05-2024,31-05-2024,Cancelled,77816.28,
5005869,301542,518,27-06-2023,28-06-2023,pending ,51210.45,
5005870,302467,513,16-07-2026,16-07-2026,SHIPPED,2051.86,
5005871,302477,516,21-Jan-26,25-Jan-26,Delivered,90201.08,
5005872,300938,504,01-05-2025,02-05-2025,SHIPPED,11550.67,
5005873,302587,528,25-05-2023,06-06-2023,pending ,,
5005874,302537,527,02-07-2024,07-12-2024,pending ,138970.75,
5005875,301223,501,15-07-2022,25-07-2022,Delivered,83024.52,
5005876,300257,510,31-01-2026,31-01-2026,Shipped,23522.13,
5005877,302520,525,04-02-2025,12-02-2025,Delivered,94881.69,
5005878,301262,516,12-10-2022,18-10-2022,Cancelled,120623.52,
5005879,302884,523,06-01-2023,06-06-2023,pending ,,
5005880,302425,519,26-05-2026,05-06-2026,Pending,36023.2,
5005881,300063,505,02-04-2024,11-04-2024,Pending,17803.43,
5005882,300107,527,27-01-2025,06-02-2025,Cancelled,87173.86,
5005883,300623,527,27-12-2024,06-01-2025,Cancelled,119545.63,
5005884,302821,503,09-02-2026,14-02-2026,Returned,77376.71,
5005885,301274,527,05-31-2023,06-06-2023,Returned,156340.13,
5005886,302783,518,21-05-2026,22-05-2026,Cancelled,118098.74,
5005887,301726,507,19-11-2025,24-11-2025,SHIPPED,0,
5005888,302191,505,05-07-2026,09-07-2026,delivered,191242.92,
5005889,302698,506,01-06-2021,06-06-2021,Delivered,86079.26,
5005890,300385,513,01-09-2025,08-09-2025,Shipped,3852.12,
5005891,302609,534,24-11-2024,05-12-2024,Cancelled,99770.42,
5005892,302502,522,16-07-2025,17-07-2025,delivered,26553.52,
5005893,302349,511,04-01-2025,01-07-2025,Cancelled,56138.26,
5005894,301843,540,09-01-2023,09-01-2023,delivered,,
5005895,302669,518,02-10-2025,,delivered,36462.83,
5005896,302293,510,12-11-2024,20-11-2024,Returned,5985.07,
5005897,302373,513,19-06-2025,27-06-2025,pending ,58686.32,
5005898,301959,522,08-07-2022,16-07-2022,delivered,155312,
5005899,300999,538,16-Oct-25,16-10-2025,SHIPPED,56610.54,
5005900,301179,515,02-10-2024,06-10-2024,Delivered,40751.74,
5005901,301833,521,13-12-2024,16-12-2024,Pending,13355.43,
5005902,300988,518,20-01-2026,,delivered,7070.06,
5005903,301988,514,26-03-2024,28-03-2024,Pending,36520.6,
5005904,301806,538,10-02-2024,17-02-2024,pending ,22287.22,
5005905,302356,505,05-02-2024,,Cancelled,219010.33,
5005906,300447,528,08-08-2023,10-08-2023,Cancelled,,
5005907,302569,525,04-02-2024,07-02-2024,Pending,47889.25,
5005908,300919,516,01-08-2025,03-08-2025,Returned,,
5005909,302647,535,10-02-2026,20-02-2026,delivered,48204.1,
5005910,302164,530,12-06-2026,20-06-2026,Delivered,,
5005911,301504,530,14-07-2021,15-07-2021,Shipped,92889.24,
5005912,302160,506,24-02-2026,24-02-2026,Delivered,26325.72,
5005913,300215,522,15-10-2024,25-10-2024,pending ,25804.24,
5005914,302602,534,31-07-2023,02-08-2023,pending ,24686.59,
5005915,302857,516,19-02-2026,03-03-2026,Delivered,5123.9,
5005916,300605,533,16-12-2025,26-12-2025,Pending,,
5005917,302065,519,07-03-2022,17-03-2022,pending ,,
5005918,300128,536,28-06-2024,01-07-2024,Pending,69898.78,
5005919,300465,509,23-07-2025,26-07-2025,SHIPPED,20828.1,
5005920,301730,518,20-07-2026,28-07-2026,Cancelled,65105.5,
5005921,300357,513,07-Apr-25,09-04-2025,Returned,,
5005922,302898,530,21-09-2023,28-09-2023,delivered,224717.45,
5005923,301576,514,16-Jun-26,28-06-2026,Returned,4305.45,
5005924,302878,519,16-04-2024,16-04-2024,Pending,88448.72,
5005925,301173,538,30-07-2021,04-08-2021,Returned,41467.46,
5005926,301425,513,01-05-2024,08-05-2024,Pending,,
5005927,302672,537,07-02-2024,18-02-2024,Pending,84429.42,
5005928,301745,531,26-01-2024,31-01-2024,Pending,36788.57,
5005929,302815,529,24-03-2026,,SHIPPED,83331.93,
5005930,302668,514,09-03-2024,18-03-2024,Cancelled,6565.65,
5005931,302403,533,14-06-2026,25-06-2026,Returned,59813.31,
5005932,301345,511,07-12-2023,13-12-2023,pending ,19353.31,
5005933,302189,528,21-07-2025,,SHIPPED,191325.93,
5005934,301191,509,19-Mar-24,03-26-2024,Pending,70936.87,
5005935,302950,516,04-10-2025,12-10-2025,Shipped,4841.36,
5005936,300364,528,24-11-2024,24-11-2024,Shipped,36879.19,
5005937,302683,525,27-07-2023,01-08-2023,Returned,111604.06,
5005938,301620,532,02-03-2026,13-Mar-26,delivered,6449.87,
5005939,302691,537,05-21-2025,25-05-2025,delivered,50889.48,
5005940,302726,535,12-08-2023,08-24-2023,Returned,43940.8,
5005941,301845,501,04-02-2025,10-02-2025,Cancelled,94473.68,
5005942,301049,522,26-05-2024,28-05-2024,Delivered,,
5005943,302680,510,08-07-2025,10-07-2025,Returned,8228.95,
5005944,302298,521,25-06-2025,01-07-2025,pending ,,
5005945,302742,514,24-Apr-24,26-04-2024,Shipped,51907.88,
5005946,300349,539,13-05-2023,19-05-2023,Pending,4932.32,
5005947,302123,528,13-05-2024,24-05-2024,delivered,50963.95,
5005948,300999,536,17-11-2025,26-11-2025,pending ,34493.02,
5005949,302536,529,19-09-2022,23-09-2022,Pending,12149.47,
5005950,302605,536,12-08-2022,17-08-2022,Shipped,40293.59,
5005951,300120,517,25-11-2024,02-12-2024,Delivered,9964.01,
5005952,301065,501,26-04-2024,28-04-2024,Pending,21922.66,
5005953,302019,528,31-07-2024,,Shipped,2374.62,
5005954,301498,527,04-12-2025,12-14-2025,delivered,125355.49,
5005955,301397,539,05-02-2025,08-02-2025,Cancelled,65108.63,
5005956,302121,510,29-07-2024,30-07-2024,SHIPPED,23122.17,
5005957,302387,518,03-28-2025,03-04-2025,Delivered,33458.48,
5005958,300468,521,16-02-2025,25-02-2025,Shipped,45255.45,
5005959,301867,501,08-06-2024,18-06-2024,Shipped,63320.92,
5005960,300778,529,11-08-2024,11-08-2024,SHIPPED,40117.22,
5005961,302927,507,16-04-2026,19-04-2026,pending ,,
5005962,300503,531,02-05-2025,03-05-2025,Delivered,5587.72,
5005963,300324,512,02-07-2025,12-02-2025,pending ,93599.01,
5005964,302507,509,04-10-2025,15-10-2025,Cancelled,66845.59,
5005965,302028,521,12-09-2022,18-09-2022,delivered,22114.26,
5005966,300072,520,07-05-2025,08-05-2025,pending ,11579.71,
5005967,300113,516,21-06-2026,25-06-2026,pending ,9122.42,
5005968,301631,503,17-05-2025,19-May-25,delivered,20178.49,
5005969,301272,521,13-01-2025,20-01-2025,Shipped,259556.49,
5005970,301308,528,25-02-2024,25-02-2024,Cancelled,65969.48,
5005971,301380,534,13-11-2025,20-11-2025,pending ,158942.21,
5005972,302454,526,20-09-2024,09-25-2024,Returned,105922.3,
5005973,301445,515,03-12-2021,15-03-2021,Shipped,189064.89,
5005974,301046,511,25-05-2026,27-05-2026,Shipped,0,
5005975,301475,521,10-07-2025,20-07-2025,Cancelled,85543.41,
5005976,301880,512,05-01-2026,,Returned,55938.26,
5005977,300688,508,26-03-2023,31-03-2023,Delivered,,
5005978,300047,502,06-04-2025,06-04-2025,SHIPPED,56386.39,
5005979,300518,502,29-10-2023,31-10-2023,Cancelled,6824.83,
5005980,302592,502,08-08-2024,10-08-2024,delivered,109319.42,
5005981,300628,539,22-04-2026,27-04-2026,SHIPPED,27952.07,
5005982,302776,511,13-06-2024,15-06-2024,Shipped,95553.91,
5005983,301475,532,05-12-2025,06-12-2025,SHIPPED,159327.02,
5005984,300930,529,08-11-2025,14-Nov-25,Shipped,54335.85,
5005985,302157,516,13-12-2025,19-12-2025,Cancelled,16438.42,
5005986,301687,505,20-02-2026,27-02-2026,Delivered,45265.73,
5005987,302577,525,27-03-2024,28-03-2024,pending ,26848.97,
5005988,301255,510,13-03-2024,21-03-2024,Cancelled,94561.51,
5005989,302801,507,03-09-2024,13-09-2024,Pending,,
5005990,300356,532,11-08-2024,21-08-2024,Delivered,,
5005991,302189,527,17-05-2024,28-May-24,Returned,139977.67,
5005992,301936,506,12-03-2023,12-03-2023,Delivered,68677.12,
5005993,301207,508,09-Feb-24,10-02-2024,delivered,39875.28,
5005994,301960,507,12-01-2024,23-01-2024,SHIPPED,63918.32,
5005995,301936,537,29-06-2022,01-07-2022,Delivered,,
5005996,300679,527,31-10-2025,06-11-2025,Pending,128025.34,
5005997,302632,514,02-03-2026,13-03-2026,SHIPPED,88995.41,
5005998,301575,537,01-Jun-25,,Returned,46484.16,
5005999,300276,535,05-01-2023,16-01-2023,pending ,61085.23,
5006000,301413,532,25-08-2025,30-08-2025,Returned,16635.14,
5006001,302023,515,09-02-2026,,Returned,,
5006002,302359,502,05-06-2026,09-06-2026,Pending,,
5006003,301140,536,08-04-2024,18-04-2024,pending ,138546.99,
5006004,300603,531,29-11-2022,09-Dec-22,Cancelled,86779.73,
5006005,301134,509,02-21-2026,23-02-2026,Delivered,41542.23,
5006006,302519,507,03-04-2021,04-04-2021,SHIPPED,255654.19,
5006007,300543,502,04-08-2025,12-08-2025,SHIPPED,,
5006008,301126,535,13-09-2025,09-14-2025,Pending,,
5006009,302643,509,06-07-2025,15-Jul-25,SHIPPED,4619.98,
5006010,301509,524,24-08-2025,28-08-2025,Pending,,
5006011,300995,514,12-12-2024,18-12-2024,pending ,,
5006012,302547,519,14-12-2025,19-12-2025,delivered,119741.02,
5006013,300079,525,14-08-2025,25-08-2025,Pending,,
5006014,301836,526,01-11-2025,10-11-2025,pending ,11827.67,
5006015,301482,522,12-07-2026,22-07-2026,SHIPPED,14097.4,
5006016,300955,512,11-07-2025,12-07-2025,delivered,,
5006017,302834,525,26-04-2026,30-04-2026,pending ,1484.06,
5006018,300285,516,26-10-2022,26-10-2022,pending ,3210.42,
5006019,302930,530,19-05-2026,19-05-2026,pending ,88330.37,
5006020,302191,504,05-May-26,15-05-2026,Shipped,,
5006021,301686,538,11-11-2025,11-14-2025,delivered,74712.34,
5006022,301565,511,19-03-2026,26-Mar-26,Returned,,
5006023,300731,530,21-05-2026,28-May-26,delivered,76495.35,
5006024,301638,536,12-12-2024,19-12-2024,SHIPPED,111728.32,
5006025,301133,525,29-09-2025,06-10-2025,Delivered,110500.14,
5006026,302051,531,22-10-2024,22-10-2024,Pending,6275.59,
5006027,302286,526,24-11-2023,,Cancelled,38546.47,
5006028,300966,519,24-12-2024,05-01-2025,Shipped,22209.37,
5006029,300917,509,23-12-2025,23-12-2025,Pending,,
5006030,300610,540,21-Apr-26,28-04-2026,SHIPPED,61892.21,
5006031,301003,510,28-12-2024,31-12-2024,Pending,113784.22,
5006032,300835,535,11-27-2024,29-Nov-24,Pending,15497.54,
5006033,300535,507,20-12-2024,24-12-2024,Delivered,100011.57,
5006034,301643,538,22-09-2024,30-09-2024,SHIPPED,13727.47,
5006035,302496,511,03-Apr-24,14-04-2024,Delivered,,
5006036,301099,503,16-04-2025,24-04-2025,SHIPPED,,
5006037,302957,509,26-05-2026,28-05-2026,Pending,26011.91,
5006038,301358,537,21-07-2022,01-08-2022,Cancelled,58920.27,
5006039,301819,504,08-03-2023,10-03-2023,Delivered,26920.47,
5006040,302197,527,14-09-2025,16-09-2025,delivered,35549.94,
5006041,302551,508,10-09-2025,14-09-2025,Pending,712.06,
5006042,301841,504,31-05-2026,05-06-2026,Returned,16600.03,
5006043,301381,516,08-08-2025,16-08-2025,Cancelled,58506.66,
5006044,300556,528,03-09-2022,04-09-2022,Pending,105571.32,
5006045,300915,536,15-09-2022,25-09-2022,Cancelled,99362.13,
5006046,302886,517,20-02-2026,25-02-2026,Pending,,
5006047,301148,504,08-06-2025,14-06-2025,Delivered,212725.6,
5006048,302642,525,12-Dec-23,15-12-2023,Cancelled,29196.34,
5006049,302704,540,15-03-2026,26-03-2026,Delivered,34818.54,
5006050,302895,528,17-10-2022,25-10-2022,delivered,101255.35,
5006051,300421,531,14-10-2025,14-10-2025,Pending,-3496.49,
5006052,301979,502,01-02-2025,04-02-2025,Delivered,145836.12,
5006053,300035,514,09-03-2025,10-03-2025,Pending,38640.88,
5006054,300461,513,02-01-2023,10-01-2023,Shipped,26849.29,
5006055,301370,519,21-08-2021,08-29-2021,Returned,67292.17,
5006056,300227,506,07-11-2026,17-07-2026,delivered,83749.72,
5006057,302769,524,27-04-2026,30-Apr-26,Shipped,40795.34,
5006058,301300,520,03-05-2026,05-05-2026,Delivered,8604.52,
5006059,301473,513,26-12-2025,06-01-2026,delivered,,
5006060,302172,522,03-02-2026,15-02-2026,Returned,158127.6,
5006061,300617,526,26-03-2023,30-03-2023,Returned,6086.21,
5006062,300630,502,05-05-2023,05-05-2023,Shipped,125483.27,
5006063,300163,528,13-10-2022,22-Oct-22,pending ,103248.12,
5006064,302660,517,07-09-2022,07-09-2022,Cancelled,63682.11,
5006065,301427,533,16-05-2021,16-05-2021,Cancelled,530.35,
5006066,300904,532,26-05-2025,31-05-2025,Returned,71397.59,
5006067,300725,508,09-07-2026,19-07-2026,Cancelled,43750.39,
5006068,302324,537,02-01-2026,,Shipped,,
5006069,302942,522,29-06-2024,01-07-2024,Returned,44477.04,
5006070,302656,534,31-05-2023,06-06-2023,Cancelled,,
5006071,301614,517,23-09-2023,27-09-2023,pending ,10877.98,
5006072,302747,537,11-16-2024,19-11-2024,Returned,116959.09,
5006073,302971,522,03-12-2023,07-12-2023,Pending,24541.07,
5006074,300356,529,29-12-2022,,SHIPPED,25418.98,
5006075,300570,536,27-11-2024,28-11-2024,Returned,52334.21,
5006076,301218,531,17-07-2026,17-07-2026,SHIPPED,49536.93,
5006077,302804,534,12-01-2024,01-16-2024,Pending,56585.96,
5006078,301312,520,20-01-2024,26-01-2024,delivered,,
5006079,302966,536,11-02-2023,,Shipped,98097.8,
5006080,301341,539,14-07-2022,26-07-2022,Cancelled,72917.79,
5006081,300303,523,27-07-2023,28-07-2023,pending ,14075.79,
5006082,301388,529,27-09-2025,09-10-2025,SHIPPED,193600.23,
5006083,300528,538,28-07-2022,09-08-2022,Returned,37993.79,
5006084,301489,512,09-03-2026,14-03-2026,SHIPPED,98400.42,
5006085,301609,508,08-03-2021,19-03-2021,Shipped,64348.7,
5006086,300495,501,15-02-2024,15-02-2024,Pending,1087.72,
5006087,301453,535,12-01-2025,12-07-2025,delivered,-10871.22,
5006088,300455,504,11-03-2024,23-03-2024,Cancelled,83866.24,
5006089,300062,508,05-10-2024,17-05-2024,pending ,174383.15,
5006090,300249,530,02-03-2025,15-02-2025,pending ,62818.77,
5006091,300316,504,27-08-2024,02-09-2024,Delivered,87881.39,
5006092,301779,510,12-11-2024,23-11-2024,Shipped,77631.18,
5006093,301440,518,08-04-2026,18-04-2026,Delivered,45881.51,
5006094,301616,522,19-07-2026,29-07-2026,Shipped,65022.75,
5006095,301354,518,02-08-2025,13-08-2025,Shipped,70932.94,
5006096,301542,522,17-01-2022,27-01-2022,Returned,81648.78,
5006097,301143,505,02-05-2025,05-05-2025,Delivered,84288.82,
5006098,300122,523,13-05-2024,15-05-2024,Cancelled,20102.31,
5006099,301281,540,19-06-2024,27-06-2024,Cancelled,34108.77,
5006100,300274,519,11-09-2024,14-09-2024,SHIPPED,,
5006101,302220,517,17-04-2023,27-04-2023,pending ,63604.95,
5006102,300210,510,03-29-2023,08-Apr-23,Delivered,50345.32,
5006103,300806,501,27-07-2024,,Cancelled,42877.98,
5006104,302714,502,11-09-2025,09-12-2025,Pending,23182.07,
5006105,302077,538,03-10-2023,04-Oct-23,Delivered,44570.02,
5006106,300352,517,08-04-2023,10-04-2023,Pending,,
5006107,301307,532,20-08-2023,22-08-2023,pending ,86390.05,
5006108,300424,516,09-05-2023,09-05-2023,delivered,99879.49,
5006109,301354,501,12-12-2025,16-12-2025,SHIPPED,102561.18,
5006110,302347,518,08-Jun-23,11-06-2023,SHIPPED,38733.27,
5006111,302815,502,01-07-2024,12-Jul-24,delivered,40632.14,
5006112,302627,527,16-02-2024,02-23-2024,Pending,72655.77,
5006113,302280,515,01-04-2022,05-04-2022,Delivered,64274.42,
5006114,302845,531,19-01-2025,21-01-2025,Delivered,51562.44,
5006115,301421,513,02-06-2023,07-06-2023,SHIPPED,50611.03,
5006116,300481,506,24-02-2026,04-03-2026,SHIPPED,41203.59,
5006117,302629,539,29-06-2025,01-07-2025,SHIPPED,48766.18,
5006118,302183,510,05-08-2023,08-Aug-23,Delivered,136467.88,
5006119,301456,523,01-11-2024,09-11-2024,Shipped,41617.29,
5006120,300062,518,28-04-2023,07-May-23,Returned,,
5006121,302437,512,25-07-2025,,pending ,54911.79,
5006122,302646,533,21-03-2025,23-03-2025,Delivered,76940.14,
5006123,300278,510,03-06-2025,12-06-2025,SHIPPED,136310.45,
5006124,300696,520,28-05-2026,28-05-2026,Cancelled,78184.27,
5006125,300154,522,20-06-2023,21-06-2023,delivered,28090.74,
5006126,302944,514,30-09-2025,04-10-2025,Delivered,144792.71,
5006127,300304,528,23-05-2023,27-05-2023,Returned,7138.55,
5006128,302931,508,26-04-2022,01-05-2022,Pending,87617,
5006129,301859,536,05-28-2024,05-06-2024,SHIPPED,1377.86,
5006130,302391,511,27-04-2022,29-04-2022,Returned,36067.41,
5006131,301947,502,29-May-26,31-05-2026,delivered,97300.21,
5006132,302558,523,23-12-2023,27-12-2023,Shipped,56843.46,
5006133,302633,540,03-06-2026,03-06-2026,delivered,,
5006134,302544,531,31-05-2023,31-05-2023,Delivered,30811.24,
5006135,301915,516,26-07-2023,02-08-2023,Delivered,104011.48,
5006136,302375,538,09-03-2021,12-03-2021,Cancelled,10597.98,
5006137,302736,534,08-01-2026,10-08-2026,Cancelled,210444.01,
5006138,301609,525,11-04-2023,12-04-2023,Delivered,88406.95,
5006139,302387,533,31-08-2023,07-09-2023,delivered,24355.26,
5006140,300508,505,12-12-2024,23-12-2024,SHIPPED,,
5006141,300132,506,02-10-2025,13-10-2025,Delivered,,
5006142,301985,526,03-02-2026,09-02-2026,pending ,40709.5,
5006143,302033,537,01-04-2026,12-04-2026,delivered,10150.5,
5006144,302361,535,30-04-2025,01-05-2025,Shipped,846.82,
5006145,301024,512,09-17-2025,24-09-2025,Returned,80986.98,
5006146,301595,538,01-03-2026,05-03-2026,pending ,,
5006147,302742,513,05-18-2026,27-05-2026,Cancelled,117987.23,
5006148,302732,524,10-07-2022,19-07-2022,Returned,34476.43,
5006149,302587,502,28-05-2023,01-06-2023,Shipped,0,
5006150,301169,506,15-09-2024,21-09-2024,Returned,71060.35,
5006151,300101,526,04-06-2023,15-06-2023,SHIPPED,29182.05,
5006152,302073,536,06-03-2025,09-03-2025,Cancelled,92027.1,
5006153,302748,522,19-11-2024,23-11-2024,delivered,18369.98,
5006154,301520,521,15-05-2023,16-05-2023,SHIPPED,,
5006155,302862,514,10-12-2021,10-12-2021,pending ,,
5006156,300579,526,31-01-2026,,SHIPPED,43638.7,
5006157,300364,518,02-10-2022,02-Oct-22,Pending,80551.83,
5006158,302980,504,25-05-2026,27-05-2026,Returned,4383.45,
5006159,302342,504,09-04-2025,21-04-2025,Pending,10410.28,
5006160,302360,525,15-12-2025,15-12-2025,SHIPPED,145006.38,
5006161,300159,511,24-11-2023,26-11-2023,pending ,142524.43,
5006162,300102,520,21-10-2024,24-10-2024,Returned,,
5006163,300482,525,20-03-2025,29-03-2025,SHIPPED,36520.01,
5006164,301948,527,03-09-2024,15-09-2024,delivered,11125.56,
5006165,300767,538,03-07-2022,07-07-2022,Returned,27721.46,
5006166,302016,530,20-03-2026,25-03-2026,SHIPPED,120781.89,
5006167,300804,514,13-05-2025,17-05-2025,Shipped,-3111.26,
5006168,300725,512,26-02-2025,02-03-2025,Pending,77619.28,
5006169,300222,517,26-07-2025,27-07-2025,Pending,86035.82,
5006170,300233,525,23-04-2024,25-04-2024,SHIPPED,144762.88,
5006171,302580,502,03-07-2025,03-07-2025,SHIPPED,93729.58,
5006172,301874,533,21-09-2023,24-09-2023,Delivered,46846.49,
5006173,301757,530,27-01-2026,08-02-2026,pending ,58994.3,
5006174,302083,540,22-09-2025,01-10-2025,pending ,13133.42,
5006175,300619,522,07-11-2023,15-11-2023,Cancelled,,
5006176,301774,539,04-03-2026,11-03-2026,pending ,76699.35,
5006177,301853,518,09-07-2024,12-07-2024,delivered,,
5006178,300259,514,15-01-2025,23-Jan-25,Shipped,16884.05,
5006179,300167,530,03-06-2025,14-06-2025,Shipped,116966.52,
5006180,300310,501,11-02-2026,12-02-2026,Delivered,18611.38,
5006181,302966,535,29-08-2025,08-09-2025,Shipped,9207.48,
5006182,302932,510,01-03-2022,05-03-2022,Returned,149443.35,
5006183,300133,506,01-04-2024,11-04-2024,Cancelled,115153.3,
5006184,300807,522,20-07-2026,26-Jul-26,Delivered,50764.58,
5006185,301345,514,27-02-2025,,Pending,6636.09,
5006186,302992,529,18-08-2024,26-08-2024,Cancelled,3032.02,
5006187,300244,529,03-06-2024,05-06-2024,Returned,131734.74,
5006188,302552,531,05-10-2022,10-10-2022,SHIPPED,17944.25,
5006189,302532,536,18-11-2025,30-Nov-25,Pending,92847.45,
5006190,302297,520,31-01-2025,09-02-2025,Cancelled,5075.08,
5006191,300172,515,27-06-2024,27-06-2024,SHIPPED,22126.8,
5006192,300161,512,28-09-2024,03-10-2024,Returned,,
5006193,302780,506,09-02-2025,,pending ,,
5006194,300793,505,23-09-2025,26-09-2025,Pending,,
5006195,301021,504,14-11-2024,15-11-2024,delivered,29667.85,
5006196,302365,523,16-08-2025,19-Aug-25,Cancelled,58664.34,
5006197,300093,505,26-03-2026,03-30-2026,Delivered,75027.05,
5006198,300551,530,10-11-2025,22-11-2025,pending ,74106.72,
5006199,300707,506,26-12-2023,31-12-2023,Cancelled,141970.36,
5006200,301586,511,16-08-2025,19-08-2025,Pending,-10413.66,
5006201,301189,520,06-10-2022,08-10-2022,delivered,95730.99,
5006202,301835,511,18-02-2026,21-02-2026,Shipped,,
5006203,301679,507,31-07-2026,08-11-2026,delivered,39276.19,
5006204,301301,522,12-07-2024,20-07-2024,Delivered,,
5006205,302152,503,24-04-2025,27-04-2025,pending ,136305.56,
5006206,300583,538,17-03-2026,03-27-2026,Returned,73059.99,
5006207,300383,530,10-12-2024,21-12-2024,Pending,37586.46,
5006208,302520,512,05-05-2025,11-05-2025,SHIPPED,,
5006209,302542,536,30-08-2024,30-08-2024,Shipped,136587.49,
5006210,302804,528,30-07-2023,,Shipped,5706.77,
5006211,300692,507,07-02-2024,12-02-2024,Returned,266.27,
5006212,302012,516,15-06-2025,27-06-2025,Returned,81395.18,
5006213,302075,515,07-01-2025,13-01-2025,Pending,39694.3,
5006214,300684,503,13-10-2025,16-10-2025,pending ,172683.35,
5006215,302893,536,03-10-2025,06-10-2025,Shipped,73529.46,
5006216,301247,521,02-10-2023,02-10-2023,Shipped,39454.47,
5006217,300250,518,08-04-2026,08-04-2026,Pending,0,
5006218,301657,508,29-05-2025,,Returned,27036.72,
5006219,302986,527,23-03-2026,04-04-2026,Returned,,
5006220,302345,513,29-12-2024,03-01-2025,SHIPPED,67746.37,
5006221,302050,539,22-11-2023,02-12-2023,pending ,79294.9,
5006222,301289,517,11-18-2025,23-11-2025,pending ,3383.97,
5006223,300515,521,25-05-2026,30-05-2026,Returned,16829.93,
5006224,300281,501,08-10-2022,18-10-2022,Delivered,25042.11,
5006225,302507,511,09-04-2026,19-04-2026,SHIPPED,104137.17,
5006226,300688,529,31-01-2025,11-02-2025,delivered,,
5006227,301125,539,10-01-2026,17-01-2026,delivered,7774.85,
5006228,301376,501,15-05-2026,,Delivered,33488.19,
5006229,302494,530,26-06-2025,05-07-2025,Pending,107223.67,
5006230,302220,525,01-31-2024,08-02-2024,Returned,58565.98,
5006231,300170,509,05-11-2025,15-11-2025,Returned,63989.25,
5006232,300472,510,05-02-2025,16-02-2025,Shipped,14500.35,
5006233,302716,504,11-10-2023,23-10-2023,Cancelled,0,
5006234,301012,533,11-04-2025,17-04-2025,pending ,9309.35,
5006235,300823,533,13-07-2024,18-07-2024,Shipped,26612.63,
5006236,300750,506,14-Mar-22,03-18-2022,SHIPPED,89340.72,
5006237,302340,518,10-08-2023,16-08-2023,Returned,6779.89,
5006238,301054,525,24-03-2026,28-03-2026,Shipped,,
5006239,300058,529,10-07-2025,,Delivered,132486.59,
5006240,301475,503,24-07-2024,30-07-2024,Shipped,46639.89,
5006241,301387,536,08-05-2023,08-05-2023,Returned,,
5006242,301135,517,01-01-2026,13-01-2026,Pending,60334.48,
5006243,300578,520,11-03-2025,,Returned,29818.19,
5006244,302580,532,09-09-2025,20-09-2025,pending ,5707.86,
5006245,302630,521,03-12-2022,08-12-2022,Shipped,57049.18,
5006246,301767,507,16-Jan-25,27-01-2025,Delivered,-1780.59,
5006247,300007,537,17-02-2026,19-02-2026,Delivered,141443.62,
5006248,302796,521,26-12-2022,06-01-2023,Returned,66421.8,
5006249,302063,508,18-01-2025,25-01-2025,Delivered,58880.74,
5006250,300826,515,03-05-2025,06-05-2025,delivered,126306.11,
5006251,302626,507,24-05-2026,04-06-2026,Shipped,-8801.39,
5006252,301882,540,28-11-2024,02-12-2024,pending ,104128.05,
5006253,300287,505,13-04-2025,14-04-2025,SHIPPED,0,
5006254,302324,535,08-06-2022,13-06-2022,Delivered,,
5006255,301698,502,13-02-2024,19-02-2024,Delivered,82436.83,
5006256,300759,534,03-02-2025,05-Feb-25,Cancelled,78035.63,
5006257,300648,535,22-07-2025,02-08-2025,Shipped,43201.28,
5006258,300248,509,02-Mar-25,06-03-2025,Shipped,,
5006259,302050,524,27-04-2025,02-05-2025,pending ,104904.12,
5006260,302211,540,06-03-2025,06-03-2025,Shipped,63236.76,
5006261,300332,525,09-07-2023,08-09-2023,Delivered,,
5006262,302615,510,23-12-2023,25-12-2023,SHIPPED,75794.61,
5006263,302711,538,16-07-2026,25-07-2026,SHIPPED,10043.18,
5006264,302521,501,04-09-2025,11-09-2025,Shipped,85998.78,
5006265,301640,517,15-10-2022,18-10-2022,SHIPPED,113210.15,
5006266,301110,503,03-06-2025,12-06-2025,Delivered,23838.15,
5006267,300864,516,25-06-2026,25-06-2026,Shipped,122860.29,
5006268,301514,532,13-02-2026,20-Feb-26,Returned,71816.16,
5006269,302509,502,09-04-2026,21-04-2026,Delivered,69571.14,
5006270,302802,540,25-04-2026,28-04-2026,Delivered,32577.99,
5006271,300619,513,19-06-2023,29-06-2023,Delivered,52691.27,
5006272,301011,529,22-05-2023,25-05-2023,Returned,32032.73,
5006273,301992,530,24-06-2025,26-06-2025,delivered,,
5006274,302624,531,26-05-2026,31-05-2026,Returned,75959.88,
5006275,302323,504,30-Apr-25,06-05-2025,pending ,33900.3,
5006276,300370,518,16-12-2021,27-12-2021,Cancelled,6629.26,
5006277,301076,519,07-03-2025,08-07-2025,Delivered,,
5006278,300102,533,22-01-2025,28-01-2025,Cancelled,37604.09,
5006279,301660,528,05-12-2022,08-12-2022,Shipped,,
5006280,301799,539,24-05-2026,26-05-2026,delivered,36521.77,
5006281,302556,532,23-07-2023,26-07-2023,Cancelled,103266.06,
5006282,300736,522,28-11-2025,09-12-2025,Returned,266390.28,
5006283,301304,505,27-10-2023,07-11-2023,SHIPPED,6807.11,
5006284,301417,521,21-02-2022,24-02-2022,Pending,24821.99,
5006285,300676,510,25-01-2024,28-01-2024,Cancelled,38906.94,
5006286,301125,504,26-01-2026,26-01-2026,Pending,35654.56,
5006287,301298,525,12-05-2023,19-05-2023,delivered,31562.25,
5006288,300374,533,07-11-2025,11-11-2025,pending ,167659.76,
5006289,300317,534,07-04-2025,16-04-2025,Delivered,46766.48,
5006290,302036,526,03-06-2026,08-06-2026,Delivered,,
5006291,302693,528,07-12-2024,15-12-2024,Cancelled,1363.37,
5006292,301694,505,25-10-2025,25-10-2025,SHIPPED,7699.35,
5006293,302471,516,25-07-2024,04-08-2024,delivered,74063.09,
5006294,302430,523,10-12-2025,14-12-2025,Pending,5204.2,
5006295,302098,539,05-07-2026,08-07-2026,Shipped,3578.22,
5006296,301070,503,05-10-2024,17-Oct-24,Cancelled,0,
5006297,301637,510,04-10-2022,16-10-2022,Shipped,,
5006298,300180,517,09-04-2026,09-04-2026,Cancelled,125306.39,
5006299,300367,503,22-Apr-21,01-05-2021,pending ,56037.99,
5006300,301787,506,09-11-2025,12-11-2025,Returned,28203.72,
5006301,301691,507,04-06-2025,12-06-2025,Pending,74842.6,
5006302,301852,540,28-09-2025,30-09-2025,Shipped,71789.44,
5006303,302478,532,14-02-2025,17-02-2025,Delivered,16283.72,
5006304,301735,523,21-08-2025,30-08-2025,SHIPPED,45712.43,
5006305,300285,523,31-07-2023,11-08-2023,pending ,12803.03,
5006306,302542,507,23-03-2025,30-03-2025,Pending,,
5006307,302187,536,16-05-2022,27-05-2022,Shipped,45519.38,
5006308,301855,538,11-05-2022,19-05-2022,Cancelled,80903.44,
5006309,302886,508,23-06-2026,01-07-2026,delivered,69056.21,
5006310,301239,524,23-04-2021,28-04-2021,Delivered,11380.01,
5006311,301583,522,06-11-2023,09-11-2023,Delivered,,
5006312,300203,536,01-06-2026,01-Jun-26,Pending,44280.77,
5006313,302044,501,10-01-2024,16-01-2024,SHIPPED,105682.86,
5006314,300698,539,05-02-2022,07-02-2022,delivered,54410.9,
5006315,301001,526,29-05-2026,01-06-2026,Returned,114.41,
5006316,302126,510,01-11-2024,10-11-2024,Returned,8617.29,
5006317,301132,511,26-08-2024,26-08-2024,Returned,204253.57,
5006318,301381,538,15-11-2025,22-11-2025,Pending,46969.7,
5006319,302912,507,27-02-2023,27-02-2023,Pending,60027.31,
5006320,302721,515,12-26-2025,03-01-2026,delivered,71095.78,
5006321,302643,512,25-01-2026,28-01-2026,SHIPPED,5648.82,
5006322,301370,508,01-12-2025,06-12-2025,pending ,53369.77,
5006323,300971,529,29-09-2023,29-Sep-23,pending ,86881.01,
5006324,302700,532,09-10-2025,19-10-2025,pending ,6659.76,
5006325,300963,519,14-04-2024,19-04-2024,Delivered,-3743.95,
5006326,301432,509,19-11-2023,20-11-2023,delivered,,
5006327,302094,526,11-07-2024,13-07-2024,Pending,,
5006328,301146,523,01-12-2025,06-12-2025,SHIPPED,23023.31,
5006329,301860,528,03-09-2025,06-09-2025,Cancelled,106762.43,
5006330,300731,509,23-07-2026,31-07-2026,Cancelled,94165.38,
5006331,300033,532,21-11-2022,23-11-2022,Returned,2085.89,
5006332,300039,502,28-08-2024,,Returned,87374.35,
5006333,301184,526,03-09-2025,05-09-2025,Pending,861.94,
5006334,302050,532,23-09-2023,25-09-2023,Returned,14046.6,
5006335,301916,511,05-06-2024,09-06-2024,Returned,18675.1,
5006336,301175,532,24-08-2023,05-09-2023,delivered,28577.1,
5006337,302340,536,07-01-2025,09-01-2025,delivered,36722.1,
5006338,302365,524,29-05-2025,06-06-2025,Returned,24598.06,
5006339,300436,502,22-09-2025,,pending ,999.94,
5006340,300383,528,24-11-2023,29-11-2023,SHIPPED,,
5006341,302310,507,10-03-2023,20-03-2023,Returned,17941.11,
5006342,301584,519,14-07-2026,20-07-2026,delivered,56251.68,
5006343,301647,527,28-02-2026,,pending ,6819.43,
5006344,301747,510,10-10-2025,21-10-2025,Cancelled,52186.61,
5006345,302992,538,18-03-2022,30-03-2022,delivered,183792.45,
5006346,301970,520,07-05-2026,09-07-2026,Pending,45535.23,
5006347,301785,518,26-06-2025,01-07-2025,delivered,,
5006348,301931,523,22-Feb-26,26-02-2026,Shipped,66768.11,
5006349,301397,501,11-04-2026,13-04-2026,delivered,104853.67,
5006350,302713,539,18-12-2024,12-24-2024,delivered,70910.46,
5006351,300023,539,30-Jul-26,08-08-2026,Shipped,80425.51,
5006352,301521,518,04-Dec-25,04-12-2025,Delivered,96286.25,
5006353,302151,501,22-07-2026,24-07-2026,Pending,2243.15,
5006354,300660,537,01-01-2025,,Cancelled,119996.62,
5006355,301271,532,29-06-2023,08-07-2023,pending ,6145.92,
5006356,301315,511,25-07-2023,26-Jul-23,Pending,11837.53,
5006357,302611,540,12-05-2023,23-05-2023,delivered,34784.62,
5006358,302976,509,26-04-2026,,Shipped,69642.5,
5006359,301659,519,26-10-2022,01-11-2022,pending ,142725.49,
5006360,301517,539,05-12-2024,16-12-2024,Returned,62851.35,
5006361,301600,534,14-02-2026,22-02-2026,SHIPPED,178079.64,
5006362,300124,502,22-11-2024,04-12-2024,pending ,38105.33,
5006363,301477,540,04-09-2024,13-09-2024,Returned,11810.17,
5006364,300168,518,17-08-2024,21-08-2024,Pending,26168.33,
5006365,302378,535,12-09-2025,15-09-2025,Delivered,49087.29,
5006366,301819,535,07-11-2023,07-11-2023,Pending,,
5006367,301633,510,19-06-2021,23-06-2021,Returned,59642.19,
5006368,302517,510,12-08-2025,16-08-2025,SHIPPED,27530.13,
5006369,302293,520,07-02-2026,02-07-2026,Pending,116311.17,
5006370,300716,521,06-18-2025,29-06-2025,Delivered,,
5006371,301522,508,02-11-2025,12-11-2025,Pending,,
5006372,300013,507,01-04-2022,08-01-2022,SHIPPED,25601.27,
5006373,302820,519,12-12-2022,18-12-2022,Pending,,
5006374,302809,508,26-02-2024,05-03-2024,SHIPPED,24729.72,
5006375,300349,509,26-10-2025,06-Nov-25,Shipped,46360.36,
5006376,300530,537,17-11-2023,24-11-2023,Delivered,46215.89,
5006377,301030,512,27-05-2021,04-06-2021,Delivered,-3536.27,
5006378,300478,504,13-02-2021,17-02-2021,Pending,,
5006379,301402,503,18-01-2023,29-01-2023,Shipped,41995.92,
5006380,302720,533,11-02-2026,20-02-2026,pending ,91850.95,
5006381,301575,537,17-09-2025,25-09-2025,Pending,95441.37,
5006382,301584,538,28-07-2026,29-07-2026,Shipped,74466.77,
5006383,301682,517,16-11-2024,22-11-2024,SHIPPED,,
5006384,301763,506,28-05-2024,30-05-2024,pending ,88798.37,
5006385,301566,519,13-05-2022,23-05-2022,Shipped,37419.57,
5006386,301614,512,05-05-2025,11-05-2025,delivered,,
5006387,301214,519,07-18-2026,22-07-2026,Shipped,38138.58,
5006388,301692,513,13-06-2025,06-14-2025,pending ,,
5006389,300730,534,18-Jul-23,,Delivered,49264.17,
5006390,301336,520,20-05-2025,22-05-2025,Shipped,126708.82,
5006391,300710,515,06-10-2025,06-10-2025,Pending,13992.55,
5006392,300121,531,19-03-2026,19-03-2026,SHIPPED,,
5006393,302771,507,30-11-2025,03-12-2025,Cancelled,18431.45,
5006394,301257,524,31-03-2026,08-04-2026,delivered,77380.06,
5006395,302104,514,24-06-2024,25-06-2024,Pending,121778.67,
5006396,301977,526,29-07-2026,03-08-2026,delivered,111661.5,
5006397,302587,505,17-12-2023,24-12-2023,Delivered,188201.23,
5006398,300047,533,17-10-2022,17-10-2022,Cancelled,181778.03,
5006399,302477,516,15-01-2022,19-Jan-22,Delivered,61467,
5006400,300676,506,05-12-2025,07-12-2025,Delivered,63337.56,
5006401,301915,513,31-Jul-26,01-08-2026,delivered,22721.91,
5006402,302772,509,01-03-2022,01-03-2022,Cancelled,,
5006403,300232,528,14-03-2026,22-03-2026,Pending,,
5006404,302542,516,19-04-2023,22-04-2023,Returned,15369.51,
5006405,300369,508,21-01-2026,02-02-2026,Pending,111910.76,
5006406,302482,515,19-08-2022,26-08-2022,Cancelled,,
5006407,301769,508,31-12-2024,09-01-2025,delivered,12000.79,
5006408,302569,520,23-Apr-23,03-05-2023,delivered,32224.68,
5006409,301402,526,09-05-2024,10-05-2024,delivered,54374.46,
5006410,300913,528,19-02-2022,01-03-2022,Cancelled,128863.66,
5006411,300221,524,12-06-2024,23-06-2024,Shipped,,
5006412,302755,540,26-01-2025,03-02-2025,Cancelled,232175.99,
5006413,301945,537,28-11-2025,03-12-2025,Cancelled,132492.54,
5006414,300341,502,20-06-2025,27-06-2025,Pending,60707.25,
5006415,300403,530,18-10-2025,26-10-2025,Pending,172678.9,
5006416,302212,530,29-05-2026,31-05-2026,Delivered,141812.33,
5006417,302565,506,24-05-2024,27-05-2024,Cancelled,12651.53,
5006418,301782,511,20-02-2026,01-03-2026,Pending,46895.17,
5006419,300883,522,08-22-2025,24-08-2025,Pending,,
5006420,300640,538,22-06-2023,25-06-2023,Shipped,92406.85,
5006421,300144,506,23-Nov-24,28-11-2024,pending ,138959.91,
5006422,300513,533,12-07-2025,12-07-2025,pending ,111803.39,
5006423,300034,534,01-02-2026,06-02-2026,Shipped,,
5006424,300416,509,23-08-2025,26-08-2025,Delivered,127171.96,
5006425,300784,532,26-12-2024,01-01-2025,SHIPPED,,
5006426,302383,529,07-11-2024,18-11-2024,Cancelled,,
5006427,302846,519,21-12-2023,27-12-2023,Shipped,23687.37,
5006428,300197,514,19-04-2025,01-05-2025,Delivered,30231.7,
5006429,301109,526,29-12-2025,,Shipped,24824.34,
5006430,302477,538,04-05-2023,09-05-2023,Pending,,
5006431,300247,532,16-11-2024,11-26-2024,pending ,,
5006432,302170,503,07-06-2026,18-07-2026,Returned,,
5006433,300898,507,26-05-2023,27-05-2023,Delivered,61935.64,
5006434,301414,509,16-11-2021,16-11-2021,delivered,77804.3,
5006435,300810,519,03-05-2024,05-05-2024,Cancelled,102373.42,
5006436,301962,524,13-07-2024,22-07-2024,Returned,4325.76,
5006437,300752,537,07-02-2024,19-02-2024,SHIPPED,37459.44,
5006438,300469,540,05-08-2025,11-08-2025,delivered,11455.76,
5006439,301042,529,07-03-2025,16-03-2025,Cancelled,106043.87,
5006440,302658,506,22-03-2025,23-03-2025,Pending,132092.86,
5006441,301221,525,07-05-2024,05-15-2024,Delivered,116790.08,
5006442,301840,527,27-04-2022,29-04-2022,pending ,31533.83,
5006443,300458,518,31-07-2021,07-08-2021,Delivered,,
5006444,300374,532,27-09-2025,02-10-2025,Returned,65132.33,
5006445,301004,510,18-12-2020,29-12-2020,Shipped,107610.75,
5006446,302749,509,21-12-2025,25-12-2025,Cancelled,72416.92,
5006447,300527,511,20-05-2025,20-05-2025,Delivered,42022.64,
5006448,302081,519,17-05-2026,26-05-2026,pending ,41585.32,
5006449,301605,509,01-03-2025,12-03-2025,Shipped,,
5006450,300829,523,04-08-2025,06-08-2025,Returned,,
5006451,300340,501,28-07-2025,02-08-2025,pending ,146205.98,
5006452,301914,540,25-11-2023,26-11-2023,SHIPPED,102524.59,
5006453,302410,518,06-24-2023,30-06-2023,pending ,13449.72,
5006454,302563,512,06-11-2025,16-11-2025,Pending,62978,
5006455,300244,522,05-07-2025,09-07-2025,SHIPPED,13708.48,
5006456,301127,513,31-05-2026,06-10-2026,Cancelled,31021.64,
5006457,300248,532,04-25-2024,05-05-2024,Shipped,66233.16,
5006458,302940,530,30-05-2025,31-05-2025,Shipped,79679.57,
5006459,302218,530,03-07-2023,12-07-2023,Returned,98411.62,
5006460,302724,521,05-25-2026,04-06-2026,Shipped,243677.52,
5006461,301742,517,30-06-2026,11-07-2026,Shipped,118137.76,
5006462,301354,524,27-05-2026,28-05-2026,Shipped,45579.7,
5006463,302714,510,29-10-2024,31-10-2024,Delivered,91040.74,
5006464,302542,534,30-03-2025,01-04-2025,delivered,,
5006465,300943,512,16-07-2025,19-Jul-25,pending ,,
5006466,302841,532,10-05-2024,15-05-2024,SHIPPED,18461.78,
5006467,300212,537,03-08-2025,06-08-2025,pending ,88044.72,
5006468,301462,524,18-11-2025,27-11-2025,Pending,75992.03,
5006469,302112,507,03-29-2024,08-04-2024,pending ,81044.79,
5006470,301859,502,10-15-2025,22-10-2025,Returned,51480.98,
5006471,302320,521,27-12-2025,30-12-2025,Pending,137974.43,
5006472,300979,501,21-11-2025,27-11-2025,Cancelled,68839.58,
5006473,301824,502,18-03-2024,29-03-2024,Returned,1164.04,
5006474,301695,509,28-02-2024,29-02-2024,Pending,94326.71,
5006475,301182,540,18-05-2026,29-05-2026,SHIPPED,4756.58,
5006476,301153,539,03-04-2023,12-04-2023,Cancelled,,
5006477,300017,529,02-10-2025,02-10-2025,Delivered,72422.19,
5006478,302946,511,29-09-2024,05-10-2024,Pending,97199.84,
5006479,301230,508,16-04-2026,04-16-2026,Delivered,79414.71,
5006480,302956,537,29-06-2026,08-07-2026,pending ,47432.83,
5006481,300057,528,03-06-2025,08-06-2025,Shipped,28355.81,
5006482,302886,502,31-03-2026,12-04-2026,Returned,30599.91,
5006483,300117,538,07-07-2026,12-Jul-26,Cancelled,245716.49,
5006484,302143,515,14-09-2022,09-23-2022,Cancelled,102310.7,
5006485,301309,516,01-Feb-26,08-02-2026,Pending,34941.78,
5006486,302066,532,23-08-2025,25-08-2025,pending ,31191.76,
5006487,301425,512,08-01-2026,11-01-2026,pending ,,
5006488,302907,538,03-07-2026,12-Mar-26,Shipped,,
5006489,302473,527,25-07-2023,05-08-2023,Pending,,
5006490,301549,520,03-01-2025,07-01-2025,Delivered,41965.96,
5006491,301335,514,13-11-2025,18-11-2025,Returned,166306.43,
5006492,302306,504,27-05-2025,06-06-2025,Returned,70025.2,
5006493,300462,506,20-08-2024,,pending ,88573.84,
5006494,302640,525,01-04-2024,01-04-2024,Returned,68018.17,
5006495,301842,513,18-Feb-24,27-02-2024,SHIPPED,46567.29,
5006496,301744,524,01-12-2025,11-12-2025,Shipped,20265.77,
5006497,302661,513,07-07-2026,18-07-2026,Cancelled,37055.05,
5006498,302892,512,07-06-2023,17-06-2023,pending ,,
5006499,300188,523,18-08-2025,27-08-2025,pending ,40458.24,
5006500,301269,504,16-01-2022,24-01-2022,Shipped,176592.9,
5006501,301701,530,28-10-2023,29-10-2023,delivered,56899.6,
5006502,300186,531,16-10-2023,18-10-2023,SHIPPED,128225.88,
5006503,300430,535,11-01-2025,13-01-2025,Pending,69577.31,
5006504,302273,529,07-01-2026,13-07-2026,Delivered,,
5006505,301549,532,08-04-2025,08-04-2025,Returned,,
5006506,301192,527,22-05-2025,29-05-2025,Pending,107933.02,
5006507,301964,524,03-01-2025,10-01-2025,Pending,65014.78,
5006508,300044,503,12-23-2024,,Cancelled,51913.94,
5006509,301596,539,13-01-2024,13-01-2024,Returned,22177.68,
5006510,301414,512,27-08-2023,08-30-2023,Cancelled,,
5006511,301220,509,10-11-2025,16-11-2025,Pending,52206,
5006512,300425,509,01-05-2024,10-05-2024,Shipped,67381.35,
5006513,301850,503,25-12-2024,02-01-2025,Shipped,45250.3,
5006514,302293,509,01-05-2024,10-05-2024,Delivered,50286.11,
5006515,302780,517,13-07-2025,15-07-2025,Pending,172703.53,
5006516,301221,514,09-20-2025,02-10-2025,Returned,50396.5,
5006517,300018,513,25-11-2023,,Returned,112287.4,
5006518,301012,527,26-07-2025,30-07-2025,delivered,,
5006519,301269,531,21-07-2025,30-07-2025,SHIPPED,222565.69,
5006520,302443,531,22-04-2025,29-04-2025,Delivered,37928.43,
5006521,300634,533,01-06-2026,06-06-2026,Returned,94752.31,
5006522,300128,537,04-06-2025,09-06-2025,pending ,101996.15,
5006523,300511,508,05-05-2026,07-05-2026,Shipped,,
5006524,301818,515,12-07-2025,13-07-2025,Delivered,26990.02,
5006525,300088,507,30-08-2022,08-09-2022,Delivered,21505.52,
5006526,302138,531,19-02-2025,24-02-2025,pending ,174633.33,
5006527,300120,530,04-08-2025,07-08-2025,Returned,52150.99,
5006528,300247,512,14-11-2024,19-11-2024,Delivered,49281.06,
5006529,302559,533,20-09-2024,01-10-2024,Pending,,
5006530,302156,510,13-06-2025,22-06-2025,Cancelled,63096.41,
5006531,301947,509,19-06-2025,20-06-2025,Shipped,31166.65,
5006532,302273,522,11-05-2026,22-05-2026,Delivered,64763.21,
5006533,302545,531,21-Aug-25,31-08-2025,Shipped,14894.96,
5006534,302245,504,09-08-2025,10-08-2025,SHIPPED,20724.95,
5006535,302403,516,11-04-2026,23-04-2026,Returned,2881.2,
5006536,301497,527,21-08-2025,31-08-2025,Cancelled,21746.46,
5006537,300338,527,20-10-2024,27-10-2024,Shipped,40740.3,
5006538,301489,527,20-09-2025,29-09-2025,Shipped,14125.24,
5006539,302193,507,25-07-2023,29-07-2023,Delivered,,
5006540,301844,535,17-03-2026,17-03-2026,pending ,78186.71,
5006541,300962,537,03-08-2024,06-08-2024,Pending,14441.27,
5006542,300739,510,04-03-2026,03-04-2026,Cancelled,38989.42,
5006543,301103,534,12-09-2025,13-09-2025,Shipped,,
5006544,302320,509,18-03-2023,20-03-2023,pending ,,
5006545,301856,533,30-03-2025,05-04-2025,pending ,52701.94,
5006546,302851,515,15-04-2026,18-04-2026,Shipped,139082.76,
5006547,301191,534,02-11-2025,05-11-2025,Returned,71563.85,
5006548,301139,531,05-03-2025,11-03-2025,SHIPPED,39753.86,
5006549,302774,508,05-02-2023,06-02-2023,Pending,85552.57,
5006550,302529,514,05-07-2025,16-07-2025,pending ,59345.22,
5006551,302728,503,21-02-2026,21-02-2026,SHIPPED,157548.41,
5006552,301793,524,03-02-2025,13-02-2025,delivered,4781.26,
5006553,301763,534,20-Jan-26,01-02-2026,Returned,32021.75,
5006554,302189,540,30-03-2024,,Delivered,49054.52,
5006555,301477,514,02-05-2026,05-08-2026,SHIPPED,14032.42,
5006556,300623,538,09-12-2024,11-12-2024,Delivered,7660.04,
5006557,302377,507,04-04-2026,08-04-2026,Cancelled,15723.22,
5006558,300383,501,01-01-2026,07-01-2026,Delivered,30454.62,
5006559,302557,513,11-05-2025,18-05-2025,Pending,2717.01,
5006560,302440,533,01-02-2022,01-02-2022,Pending,7884.84,
5006561,302843,509,13-03-2026,17-03-2026,Delivered,24348.02,
5006562,300572,530,06-10-2024,15-10-2024,Cancelled,71105.51,
5006563,302469,510,05-Aug-25,17-08-2025,Shipped,,
5006564,301902,535,22-06-2025,30-06-2025,Shipped,2226.93,
5006565,302188,521,10-08-2025,14-08-2025,Pending,25586.74,
5006566,300850,524,09-06-2026,13-06-2026,Delivered,71781.13,
5006567,302955,523,18-03-2023,25-03-2023,Returned,78184.12,
5006568,300757,516,20-04-2023,21-04-2023,SHIPPED,55745.18,
5006569,302831,533,08-07-2022,16-07-2022,delivered,106210.61,
5006570,300472,527,18-01-2026,22-01-2026,Delivered,,
5006571,300926,526,28-08-2024,06-09-2024,SHIPPED,7016.85,
5006572,301069,531,22-03-2025,03-04-2025,delivered,93772.51,
5006573,301915,531,13-11-2020,22-11-2020,Delivered,111580.28,
5006574,300780,524,15-04-2024,25-04-2024,Pending,2028.15,
5006575,300326,537,14-02-2025,21-02-2025,Pending,9333.83,
5006576,302889,527,23-03-2025,24-03-2025,Pending,888.88,
5006577,300881,531,09-05-2025,10-05-2025,Pending,211202.62,
5006578,302593,505,24-09-2025,25-09-2025,Cancelled,206085.45,
5006579,300598,538,25-06-2024,,Cancelled,101389.56,
5006580,301722,532,27-07-2024,29-07-2024,Delivered,7221.68,
5006581,302211,526,09-01-2026,,Pending,0,
5006582,302796,505,01-08-2024,05-08-2024,pending ,16950.02,
5006583,302534,534,12-08-2025,16-08-2025,Cancelled,53321.45,
5006584,302593,529,27-06-2023,01-07-2023,pending ,41574.64,
5006585,302953,508,03-05-2023,05-15-2023,pending ,6739.8,
5006586,301532,534,12-May-25,20-May-25,Returned,115034.08,
5006587,302005,533,17-12-2023,23-12-2023,pending ,41943.71,
5006588,300462,514,18-01-2026,22-01-2026,SHIPPED,17897.85,
5006589,301205,510,09-11-2023,12-11-2023,delivered,98300.5,
5006590,302802,524,08-05-2026,08-05-2026,Pending,238785.8,
5006591,300777,534,13-07-2025,24-07-2025,Shipped,114544.16,
5006592,300933,502,26-11-2025,29-11-2025,delivered,13139.15,
5006593,300142,517,03-07-2025,06-07-2025,pending ,116745.74,
5006594,300186,530,20-06-2024,21-06-2024,SHIPPED,69363.38,
5006595,300745,532,23-Mar-22,23-03-2022,Shipped,100442.07,
5006596,300796,512,08-04-2026,09-04-2026,Pending,,
5006597,302629,530,22-06-2026,03-07-2026,Pending,106013.09,
5006598,302016,518,12-01-2025,21-01-2025,SHIPPED,61102.33,
5006599,301453,538,24-07-2026,26-07-2026,Pending,-2878.46,
5006600,301099,522,21-04-2025,21-04-2025,SHIPPED,52188.26,
5006601,300970,531,12-07-2024,15-07-2024,delivered,68088.86,
5006602,301861,523,12-11-2025,23-11-2025,delivered,22501.73,
5006603,300830,527,12-07-2025,20-07-2025,Returned,,
5006604,300372,518,24-03-2023,24-03-2023,Shipped,73412.6,
5006605,302566,527,22-08-2024,31-08-2024,pending ,87230.4,
5006606,301426,532,05-12-2025,15-12-2025,Pending,99486.11,
5006607,300599,513,26-05-2025,05-06-2025,Pending,,
5006608,300783,536,29-06-2024,30-06-2024,SHIPPED,,
5006609,302313,518,28-01-2024,,pending ,152691.52,
5006610,300567,514,15-02-2023,27-02-2023,Shipped,62100.8,
5006611,301523,536,01-07-2024,05-07-2024,Pending,74561.86,
5006612,301503,525,05-05-2026,06-05-2026,pending ,148480.77,
5006613,301303,519,26-08-2025,29-08-2025,delivered,48718.78,
5006614,302770,505,08-08-2021,08-08-2021,delivered,-6010.32,
5006615,302261,538,10-07-2025,18-10-2025,Cancelled,51412.69,
5006616,301226,509,11-03-2026,21-03-2026,SHIPPED,1714.37,
5006617,300506,524,20-05-2025,26-05-2025,pending ,48312.54,
5006618,300800,530,18-01-2025,23-01-2025,Shipped,44050.84,
5006619,300706,519,26-02-2026,09-03-2026,Delivered,29456.26,
5006620,300295,531,07-06-2022,11-06-2022,pending ,72033.46,
5006621,301447,510,02-08-2025,12-08-2025,Shipped,118098.95,
5006622,301821,523,07-08-2024,15-08-2024,Pending,0,
5006623,301919,529,30-10-2025,06-11-2025,Cancelled,,
5006624,300689,534,24-05-2023,31-05-2023,pending ,205113.34,
5006625,300608,521,12-03-2026,22-03-2026,Delivered,66561.43,
5006626,300250,521,25-08-2023,31-08-2023,Shipped,12161.01,
5006627,301344,531,08-06-2022,16-06-2022,Cancelled,58693.28,
5006628,302831,504,23-Jun-24,27-06-2024,Cancelled,85842.15,
5006629,302852,509,16-01-2026,01-18-2026,Returned,,
5006630,300584,504,11-11-2024,12-11-2024,Cancelled,29592.2,
5006631,300126,522,02-06-2022,02-06-2022,pending ,1164.72,
5006632,300625,510,30-01-2023,07-02-2023,Returned,80901.72,
5006633,301140,522,20-01-2024,30-01-2024,pending ,58925.18,
5006634,300229,522,06-26-2025,04-07-2025,Pending,22931.94,
5006635,301348,537,07-03-2025,11-03-2025,Pending,88256.89,
5006636,300816,509,08-09-2023,13-09-2023,Pending,3998.84,
5006637,300885,510,20-11-2025,21-11-2025,SHIPPED,31608.39,
5006638,300704,519,14-05-2025,20-05-2025,pending ,86549.98,
5006639,300520,506,17-06-2026,20-06-2026,Returned,34222.02,
5006640,301992,520,03-14-2025,26-03-2025,Cancelled,,
5006641,300038,515,18-05-2023,20-05-2023,delivered,31447.09,
5006642,301508,525,12-11-2022,13-11-2022,pending ,2049.54,
5006643,302630,530,05-01-2023,08-01-2023,pending ,141705.21,
5006644,301809,527,28-05-2025,,Cancelled,87927.5,
5006645,301543,502,06-06-2026,11-06-2026,Delivered,16997.31,
5006646,301569,501,13-Dec-24,24-12-2024,Delivered,50733.69,
5006647,302160,502,28-03-2024,02-04-2024,Pending,12324.43,
5006648,300525,527,03-03-2026,05-03-2026,SHIPPED,46182.54,
5006649,301280,531,26-09-2025,29-09-2025,Pending,,
5006650,302457,525,28-06-2025,04-07-2025,Pending,,
5006651,301332,514,17-07-2026,29-07-2026,Shipped,49783.58,
5006652,302126,533,11-11-2024,23-11-2024,pending ,181226.19,
5006653,301904,505,10-05-2025,,Delivered,165002.68,
5006654,302788,516,22-06-2026,02-Jul-26,SHIPPED,43467.59,
5006655,300739,531,18-10-2025,24-10-2025,Pending,17343.17,
5006656,302269,537,07-12-2024,08-12-2024,Shipped,,
5006657,301469,510,30-11-2025,09-12-2025,SHIPPED,0,
5006658,301770,521,18-05-2025,18-May-25,Cancelled,33380.29,
5006659,300901,530,05-05-2026,17-05-2026,Cancelled,21539.35,
5006660,300289,523,01-08-2025,10-08-2025,pending ,,
5006661,301167,534,29-01-2026,04-02-2026,pending ,101395.5,
5006662,302869,512,11-06-2025,15-06-2025,pending ,71393.59,
5006663,302858,513,22-01-2023,23-01-2023,Shipped,77611.95,
5006664,300328,527,28-05-2025,05-06-2025,Shipped,86812.9,
5006665,300396,532,07-02-2025,13-02-2025,Pending,113022.4,
5006666,300139,532,03-02-2025,02-10-2025,Pending,146662.88,
5006667,302099,506,22-04-2025,28-04-2025,delivered,75374.09,
5006668,302756,538,03-02-2024,03-02-2024,Cancelled,,
5006669,302148,507,01-06-2025,13-06-2025,Returned,64089.97,
5006670,301653,514,16-05-2025,18-05-2025,delivered,144615.62,
5006671,302402,510,28-01-2026,08-02-2026,Cancelled,,
5006672,302486,505,25-07-2023,02-08-2023,Delivered,1069.79,
5006673,301681,535,28-01-2026,28-01-2026,Shipped,,
5006674,301339,514,10-01-2026,15-01-2026,Cancelled,,
5006675,302492,520,18-04-2026,20-04-2026,Shipped,117659.87,
5006676,300777,504,06-29-2025,03-07-2025,Shipped,1642.55,
5006677,302267,511,29-Aug-25,01-09-2025,Returned,0,
5006678,302878,519,28-12-2025,07-01-2026,delivered,47209.1,
5006679,301478,538,11-05-2025,05-11-2025,Returned,44076.48,
5006680,301302,508,22-12-2025,29-12-2025,pending ,39535.73,
5006681,301518,519,02-07-2024,04-Jul-24,Delivered,193977.62,
5006682,301138,516,02-07-2026,12-07-2026,Pending,50073.38,
5006683,300493,501,25-02-2025,28-02-2025,delivered,35639.2,
5006684,300106,519,15-09-2025,27-09-2025,pending ,143275.91,
5006685,301260,503,11-03-2025,18-03-2025,Shipped,52611.61,
5006686,301970,527,21-02-2025,21-02-2025,pending ,85258.82,
5006687,301035,530,10-01-2023,11-01-2023,pending ,103438.59,
5006688,302011,520,31-07-2026,02-08-2026,SHIPPED,51726.64,
5006689,301391,533,09-10-2025,17-Oct-25,pending ,27951.48,
5006690,301065,532,02-01-2025,09-01-2025,Shipped,,
5006691,301569,530,28-04-2023,28-04-2023,delivered,144111.44,
5006692,301438,522,26-08-2021,26-08-2021,Pending,65361.61,
5006693,301781,519,26-05-2025,29-05-2025,SHIPPED,35858.14,
5006694,302295,501,08-03-2026,03-17-2026,delivered,61827.5,
5006695,301299,524,28-03-2024,29-03-2024,delivered,11798.5,
5006696,301303,524,02-04-2026,11-04-2026,Shipped,132613.42,
5006697,301429,502,09-06-2025,14-06-2025,Pending,59108.63,
5006698,302890,523,20-08-2024,27-08-2024,delivered,50016.19,
5006699,301130,519,29-10-2024,04-11-2024,Returned,113665.14,
5006700,302389,531,09-09-2025,21-09-2025,Delivered,126489.71,
5006701,302840,533,25-03-2026,05-04-2026,SHIPPED,104201.3,
5006702,302216,514,27-09-2025,07-10-2025,Shipped,94237.75,
5006703,301758,532,28-02-2026,05-03-2026,Pending,49999.2,
5006704,302299,520,16-03-2026,22-03-2026,delivered,0,
5006705,302978,506,03-07-2026,15-Jul-26,Returned,47573.04,
5006706,301919,532,17-06-2026,25-06-2026,SHIPPED,38187.8,
5006707,301866,527,20-02-2023,27-02-2023,Cancelled,20398.52,
5006708,302475,511,22-04-2022,,Returned,77925.61,
5006709,301296,505,07-25-2021,31-07-2021,Returned,114499.65,
5006710,300001,540,16-02-2021,,Pending,82469.24,
5006711,301243,511,15-01-2026,19-01-2026,SHIPPED,40858.34,
5006712,302809,502,30-11-2025,08-12-2025,Delivered,39434.43,
5006713,300119,530,13-11-2025,15-11-2025,Cancelled,60348.09,
5006714,302374,522,22-06-2026,27-06-2026,Pending,16196.8,
5006715,301603,535,27-02-2024,05-03-2024,pending ,6057.72,
5006716,302879,508,22-11-2020,04-12-2020,Returned,40920.96,
5006717,301873,520,08-04-2026,18-04-2026,Returned,56924.45,
5006718,302118,534,26-03-2026,31-03-2026,Shipped,105909.26,
5006719,300758,504,13-05-2026,23-05-2026,Pending,38782.6,
5006720,301340,533,25-03-2026,04-04-2026,delivered,985.29,
5006721,300153,523,13-12-2025,16-12-2025,delivered,116441.06,
5006722,300363,524,21-12-2023,28-Dec-23,SHIPPED,38215.89,
5006723,301947,508,16-06-2025,16-06-2025,SHIPPED,145160.36,
5006724,302296,536,22-11-2024,29-11-2024,pending ,157568.34,
5006725,300103,538,01-07-2026,03-07-2026,Pending,,
5006726,302432,532,25-Jan-25,04-02-2025,Pending,77000.51,
5006727,302038,526,12-12-2024,22-12-2024,Cancelled,3284.85,
5006728,300509,511,22-10-2024,22-10-2024,SHIPPED,30504.23,
5006729,302750,517,27-04-2023,03-05-2023,pending ,16584.96,
5006730,300080,508,19-12-2022,24-12-2022,Pending,167992.24,
5006731,300936,526,05-04-2024,09-04-2024,SHIPPED,13018.12,
5006732,300994,526,22-02-2024,23-02-2024,pending ,,
5006733,301309,534,13-07-2026,20-07-2026,Cancelled,119082.87,
5006734,302223,511,22-07-2022,27-07-2022,Pending,12072.11,
5006735,301580,509,06-01-2026,18-01-2026,Cancelled,,
5006736,301936,522,23-04-2026,04-23-2026,Delivered,48789.31,
5006737,302695,521,14-02-2025,24-02-2025,Delivered,,
5006738,302534,519,18-10-2025,23-10-2025,Cancelled,99257.1,
5006739,302690,506,08-May-25,13-05-2025,Cancelled,38885.45,
5006740,300873,539,09-10-2024,14-10-2024,Returned,15288.03,
5006741,300053,515,18-03-2024,29-03-2024,SHIPPED,178334.19,
5006742,301077,534,13-10-2024,17-10-2024,delivered,,
5006743,302723,510,09-09-2025,11-09-2025,Cancelled,147004.05,
5006744,300583,527,31-12-2022,10-01-2023,delivered,74548.89,
5006745,302442,522,03-03-2026,04-03-2026,Delivered,120332.28,
5006746,301541,504,21-03-2025,,SHIPPED,20458.87,
5006747,301942,519,27-04-2026,28-04-2026,Delivered,96860.86,
5006748,302719,505,10-12-2021,16-12-2021,Pending,64779.13,
5006749,302139,504,29-03-2025,03-04-2025,Delivered,179599.58,
5006750,302670,538,12-07-2025,22-Jul-25,Delivered,17052.28,
5006751,301225,510,29-10-2025,29-10-2025,delivered,82947.87,
5006752,301691,511,18-07-2022,28-07-2022,delivered,48083.28,
5006753,300681,517,25-06-2025,25-06-2025,delivered,60637.17,
5006754,302547,519,29-04-2026,01-05-2026,Shipped,-3735.73,
5006755,300544,536,02-08-2024,12-08-2024,delivered,62958.32,
5006756,300023,531,25-02-2025,,Cancelled,108065.46,
5006757,300016,535,25-04-2023,26-04-2023,Returned,8926.17,
5006758,300493,507,22-05-2024,28-05-2024,Pending,78990.54,
5006759,302957,503,16-12-2025,16-12-2025,Pending,66458.05,
5006760,301877,539,26-06-2022,07-03-2022,Delivered,90930.4,
5006761,300538,516,20-10-2025,31-10-2025,pending ,,
5006762,302421,522,24-08-2025,02-09-2025,Pending,119896.94,
5006763,302448,528,08-05-2024,14-05-2024,Pending,169016.51,
5006764,300944,536,16-11-2025,21-11-2025,Delivered,25529.57,
5006765,300194,531,24-12-2021,,Returned,10521.56,
5006766,300173,516,30-01-2025,07-02-2025,Cancelled,,
5006767,300580,506,15-12-2025,19-12-2025,pending ,,
5006768,301263,527,03-09-2025,15-09-2025,Pending,13614.14,
5006769,301972,517,07-25-2025,01-08-2025,delivered,33946.86,
5006770,302548,538,28-01-2026,05-02-2026,SHIPPED,107858.7,
5006771,300538,522,02-Nov-24,07-11-2024,Cancelled,145446.8,
5006772,301592,534,02-05-2024,07-05-2024,Shipped,278765.18,
5006773,302435,534,31-Oct-24,06-11-2024,Delivered,-6107.42,
5006774,300565,532,30-06-2025,08-07-2025,Pending,39223.3,
5006775,302208,516,10-Apr-25,22-04-2025,Shipped,79354.83,
5006776,300564,504,13-01-2025,18-01-2025,Cancelled,61578.78,
5006777,301446,529,22-12-2021,26-12-2021,SHIPPED,,
5006778,302220,528,05-08-2023,16-08-2023,Shipped,62323.55,
5006779,301245,540,02-04-2024,12-04-2024,pending ,156616.48,
5006780,300691,501,28-05-2025,06-06-2025,Cancelled,18220.1,
5006781,300258,515,15-10-2024,27-10-2024,Returned,3361.86,
5006782,302633,528,21-03-2023,29-03-2023,Shipped,42551.76,
5006783,302651,522,21-09-2021,26-09-2021,Delivered,83137.43,
5006784,300837,517,11-01-2024,12-01-2024,SHIPPED,75536.42,
5006785,300685,531,30-05-2021,,Delivered,45189.16,
5006786,300313,509,06-02-2025,11-02-2025,Pending,104350.49,
5006787,301657,524,27-07-2025,08-08-2025,Delivered,,
5006788,300337,516,31-07-2026,02-08-2026,Returned,,
5006789,302874,530,11-08-2024,20-08-2024,Shipped,24626.83,
5006790,301195,536,10-06-2026,10-Jun-26,Shipped,32974.78,
5006791,301960,514,11-02-2024,12-02-2024,pending ,148170.88,
5006792,300443,535,25-11-2023,28-11-2023,SHIPPED,857.91,
5006793,302762,506,11-09-2025,13-09-2025,pending ,8016.73,
5006794,301043,525,05-04-2026,08-04-2026,Shipped,41785.48,
5006795,300548,513,19-11-2025,25-11-2025,SHIPPED,24675.04,
5006796,300838,539,05-06-2024,05-06-2024,delivered,39087.42,
5006797,302132,510,20-10-2025,10-23-2025,SHIPPED,21949.45,
5006798,300912,534,07-04-2023,13-04-2023,SHIPPED,37109.76,
5006799,300358,536,26-01-2026,05-02-2026,Pending,139124.32,
5006800,300259,502,19-09-2023,29-09-2023,Cancelled,,
5006801,302983,513,14-05-2024,20-05-2024,delivered,9191.06,
5006802,301650,525,09-20-2025,24-09-2025,Pending,-4873.37,
5006803,300668,521,28-08-2025,,Returned,29194.78,
5006804,301728,525,07-12-2024,08-12-2024,delivered,6055.2,
5006805,302232,540,20-06-2024,21-06-2024,Returned,53458.37,
5006806,302423,518,16-06-2021,22-06-2021,Delivered,64654.32,
5006807,301420,523,08-09-2024,11-09-2024,delivered,,
5006808,300049,503,22-05-2025,30-05-2025,Delivered,21289.94,
5006809,300035,521,07-04-2025,11-04-2025,Returned,32112.03,
5006810,300809,511,27-07-2026,27-07-2026,pending ,38072.13,
5006811,301180,523,26-03-2026,07-04-2026,Shipped,97410.57,
5006812,300227,530,28-02-2026,03-09-2026,pending ,90466.85,
5006813,300780,524,15-11-2025,25-11-2025,SHIPPED,44856.55,
5006814,301677,519,18-05-2024,22-05-2024,delivered,8082.36,
5006815,300446,520,14-10-2025,23-10-2025,Pending,,
5006816,302023,502,21-01-2026,01-02-2026,Pending,51032.05,
5006817,300917,533,24-03-2026,03-04-2026,Delivered,55812.49,
5006818,301644,527,18-06-2025,20-06-2025,delivered,107014.76,
5006819,300915,516,15-09-2022,23-09-2022,pending ,60762.95,
5006820,300847,517,14-07-2024,07-14-2024,Cancelled,60643.21,
5006821,301537,528,17-01-2025,24-01-2025,pending ,,
5006822,301578,509,05-03-2024,17-03-2024,Returned,154724.8,
5006823,300521,515,29-04-2024,05-05-2024,SHIPPED,,
5006824,302468,536,13-07-2023,20-07-2023,pending ,5248.65,
5006825,302178,513,01-09-2024,10-09-2024,Returned,36529.79,
5006826,301684,516,22-07-2025,24-07-2025,Cancelled,,
5006827,301438,520,29-12-2025,04-01-2026,SHIPPED,112556.23,
5006828,301398,532,19-06-2022,30-06-2022,delivered,,
5006829,300634,537,27-03-2026,08-04-2026,SHIPPED,50899.19,
5006830,302384,526,03-03-2026,13-03-2026,delivered,46069.95,
5006831,301678,513,17-02-2025,27-02-2025,delivered,175689.62,
5006832,302349,522,25-07-2024,03-08-2024,SHIPPED,129040.74,
5006833,301560,504,21-03-2025,02-04-2025,Delivered,64853.06,
5006834,300697,514,14-01-2025,15-Jan-25,delivered,47811.55,
5006835,300289,521,24-05-2022,29-05-2022,delivered,76542.21,
5006836,300535,517,31-10-2024,31-10-2024,SHIPPED,2741.71,
5006837,301173,528,26-04-2023,03-05-2023,Returned,87133.53,
5006838,301864,530,13-07-2026,22-07-2026,Delivered,14290.01,
5006839,300877,536,27-03-2022,03-04-2022,Pending,28015.65,
5006840,300434,507,20-11-2025,01-12-2025,pending ,40244.69,
5006841,300340,534,13-10-2024,22-10-2024,Cancelled,3384.87,
5006842,302258,504,15-06-2026,18-06-2026,Shipped,95818.22,
5006843,302919,534,16-03-2026,21-03-2026,SHIPPED,68143.59,
5006844,302358,513,05-29-2025,,Shipped,,
5006845,300702,529,13-09-2024,23-09-2024,SHIPPED,54414.4,
5006846,301879,525,23-02-2024,01-03-2024,Shipped,11711.16,
5006847,300095,529,08-11-2025,13-Nov-25,Returned,144781.4,
5006848,301505,510,05-04-2023,15-05-2023,Cancelled,140686.11,
5006849,302748,535,31-08-2024,12-09-2024,pending ,876.25,
5006850,302235,518,30-05-2026,11-06-2026,Delivered,100756.26,
5006851,302074,536,26-Jan-24,01-02-2024,Cancelled,40755.54,
5006852,300808,525,27-07-2025,28-07-2025,Shipped,23335.65,
5006853,302013,506,25-02-2026,07-Mar-26,SHIPPED,1463.97,
5006854,301059,508,12-06-2025,22-06-2025,Shipped,216407.08,
5006855,301875,537,17-12-2025,25-12-2025,pending ,10259.53,
5006856,302206,516,13-09-2025,17-09-2025,Shipped,122624.11,
5006857,302579,535,23-08-2025,28-Aug-25,pending ,,
5006858,300875,522,06-10-2025,08-10-2025,Shipped,,
5006859,301467,518,11-10-2020,17-10-2020,Pending,167389.25,
5006860,302432,521,10-02-2025,20-02-2025,Returned,126485.99,
5006861,301395,511,29-02-2024,05-03-2024,Shipped,27819.68,
5006862,300794,501,30-06-2026,09-Jul-26,Shipped,11059.22,
5006863,300489,539,06-11-2025,18-06-2025,Cancelled,,
5006864,301185,504,22-02-2024,03-03-2024,Shipped,78594.87,
5006865,301619,508,15-01-2026,24-01-2026,Cancelled,176598.79,
5006866,302897,538,12-11-2025,18-11-2025,pending ,,
5006867,300726,513,23-03-2025,25-03-2025,Cancelled,65685.23,
5006868,301779,522,22-04-2026,03-05-2026,SHIPPED,-12274.96,
5006869,300991,507,09-01-2026,,pending ,37474.9,
5006870,300782,522,11-09-2025,12-09-2025,Delivered,82033.29,
5006871,302181,510,24-10-2025,25-10-2025,delivered,106355.15,
5006872,300861,530,16-01-2023,18-Jan-23,Shipped,141704.83,
5006873,301548,519,03-09-2025,13-09-2025,Returned,3835.3,
5006874,302103,537,18-09-2023,29-09-2023,Cancelled,33386.66,
5006875,301490,508,06-08-2023,10-06-2023,Pending,28260.23,
5006876,302948,532,13-07-2024,16-07-2024,Pending,15070.24,
5006877,301148,508,26-05-2026,27-05-2026,Cancelled,5220.36,
5006878,300904,506,26-08-2024,02-09-2024,Returned,47923.56,
5006879,301045,512,23-06-2025,03-07-2025,SHIPPED,39169.89,
5006880,301566,520,29-09-2022,01-10-2022,Cancelled,173965.04,
5006881,301839,535,07-09-2025,08-09-2025,SHIPPED,116122.42,
5006882,301725,507,26-03-2026,29-03-2026,Returned,89600.52,
5006883,300919,536,25-01-2025,05-02-2025,Returned,80766.16,
5006884,302729,520,09-01-2023,17-01-2023,delivered,141362.89,
5006885,301059,507,23-01-2026,24-01-2026,pending ,16152.61,
5006886,302852,502,08-02-2024,20-02-2024,Pending,54071.6,
5006887,302984,528,17-04-2026,27-04-2026,delivered,101656.79,
5006888,302447,538,05-12-2023,14-05-2023,delivered,112458.34,
5006889,301541,510,07-01-2025,18-01-2025,delivered,41036.84,
5006890,302654,509,01-11-2025,03-11-2025,Shipped,7905.52,
5006891,301025,517,07-Dec-20,18-12-2020,Cancelled,232736.88,
5006892,300828,510,19-08-2024,24-08-2024,Delivered,68576.23,
5006893,302407,516,28-12-2024,01-01-2025,delivered,32236.78,
5006894,302360,524,17-01-2026,27-01-2026,Shipped,69021.12,
5006895,302942,530,09-04-2026,17-04-2026,pending ,40830.5,
5006896,301073,522,02-01-2026,09-01-2026,Returned,84740.18,
5006897,300495,539,27-02-2023,05-03-2023,Delivered,160399.48,
5006898,300333,511,02-05-2025,02-May-25,Cancelled,56004.14,
5006899,301543,539,05-05-2025,,Shipped,170194.5,
5006900,300056,513,25-11-2025,12-03-2025,Pending,34390.43,
5006901,302296,523,14-06-2025,14-06-2025,Cancelled,22071.31,
5006902,301374,536,10-06-2025,06-13-2025,delivered,35290.18,
5006903,302766,536,11-06-2026,18-06-2026,Delivered,23255.98,
5006904,300654,523,03-11-2024,11-11-2024,Delivered,6468.43,
5006905,300225,502,10-07-2025,16-07-2025,Pending,26609.97,
5006906,302910,507,30-04-2024,30-04-2024,Cancelled,,
5006907,300826,531,27-04-2023,,SHIPPED,,
5006908,301311,537,11-07-2023,07-19-2023,Shipped,107020.88,
5006909,301436,529,02-04-2022,02-04-2022,Returned,,
5006910,300005,510,01-02-2025,13-02-2025,SHIPPED,53397.86,
5006911,301090,518,14-06-2022,25-06-2022,SHIPPED,33380.24,
5006912,302020,538,17-10-2022,19-10-2022,Pending,214.29,
5006913,300679,516,14-04-2024,19-04-2024,pending ,,
5006914,301658,509,28-06-2025,06-30-2025,Cancelled,,
5006915,302645,526,01-01-2025,13-01-2025,Cancelled,28324.28,
5006916,301893,510,27-04-2025,28-04-2025,Delivered,68482.69,
5006917,300636,540,02-10-2024,13-10-2024,pending ,,
5006918,301081,520,26-02-2024,27-02-2024,Delivered,,
5006919,301147,535,22-07-2024,02-08-2024,Cancelled,,
5006920,300982,505,05-11-2024,13-11-2024,Pending,,
5006921,301046,524,08-11-2025,11-13-2025,Returned,124180.51,
5006922,301724,515,03-04-2026,04-06-2026,pending ,8386.87,
5006923,300136,505,09-09-2022,11-09-2022,SHIPPED,32383.08,
5006924,300913,538,04-11-2021,14-11-2021,Delivered,,
5006925,301877,528,31-12-2025,07-01-2026,SHIPPED,,
5006926,301890,511,17-Apr-23,27-04-2023,Returned,11587.02,
5006927,300924,510,07-03-2021,19-03-2021,SHIPPED,,
5006928,300964,528,25-01-2025,28-01-2025,Returned,153899.33,
5006929,302103,510,16-10-2023,22-10-2023,Returned,207163.74,
5006930,300512,525,02-03-2022,02-03-2022,Cancelled,26265.91,
5006931,300676,510,05-09-2024,06-09-2024,Cancelled,,
5006932,301770,538,30-05-2024,02-06-2024,Returned,43545.74,
5006933,301617,531,27-01-2024,01-02-2024,pending ,153352.74,
5006934,302549,536,08-Jul-23,16-07-2023,SHIPPED,22149.63,
5006935,301549,504,09-07-2026,15-07-2026,delivered,18728.28,
5006936,300106,524,01-07-2025,07-07-2025,Pending,128315.94,
5006937,300927,535,02-08-2025,03-08-2025,Shipped,,
5006938,301914,523,02-04-2026,02-04-2026,delivered,114970.24,
5006939,301701,504,31-12-2025,06-01-2026,Delivered,66868.97,
5006940,300631,521,07-28-2024,05-08-2024,Cancelled,,
5006941,300616,508,15-09-2024,25-09-2024,Delivered,180631.62,
5006942,302672,514,16-10-2022,22-10-2022,Delivered,65026.63,
5006943,301026,518,11-05-2023,05-21-2023,Shipped,13769.31,
5006944,301745,518,25-06-2026,29-06-2026,delivered,64529.73,
5006945,302251,537,02-08-2022,14-08-2022,Shipped,115530.82,
5006946,302102,505,15-06-2023,23-06-2023,delivered,96872.52,
5006947,300131,507,04-11-2023,11-11-2023,Returned,158856.38,
5006948,302700,502,23-03-2024,23-03-2024,Pending,79810.92,
5006949,301272,538,20-10-2025,22-Oct-25,Cancelled,112169.03,
5006950,300085,540,23-06-2026,02-07-2026,Cancelled,35467.57,
5006951,302979,533,30-05-2021,11-06-2021,pending ,11161.03,
5006952,302034,531,30-08-2025,,Delivered,21605.73,
5006953,300861,506,26-05-2025,27-05-2025,SHIPPED,18818.71,
5006954,300586,531,05-04-2024,15-04-2024,delivered,,
5006955,300821,539,05-10-2024,10-10-2024,delivered,17275.72,
5006956,300315,507,11-03-2024,16-03-2024,delivered,71579.34,
5006957,301428,522,25-03-2025,31-03-2025,pending ,67424.8,
5006958,302336,518,06-02-2025,16-Feb-25,Returned,57244.71,
5006959,300778,523,21-10-2025,22-10-2025,Pending,,
5006960,302459,512,29-11-2024,01-12-2024,delivered,129257.17,
5006961,301394,519,09-02-2026,20-02-2026,Returned,39191.01,
5006962,300584,520,19-11-2022,28-11-2022,delivered,30405.32,
5006963,302027,514,07-07-2024,16-07-2024,SHIPPED,26548.84,
5006964,302405,518,11-01-2024,16-01-2024,pending ,51613.23,
5006965,300887,509,04-12-2025,06-12-2025,Pending,58810.25,
5006966,300829,522,01-08-2025,09-08-2025,Cancelled,58066.58,
5006967,301975,527,04-Jan-25,16-01-2025,Pending,,
5006968,302623,540,08-07-2024,15-07-2024,Shipped,136030.01,
5006969,302180,523,18-02-2025,26-02-2025,Returned,3955.93,
5006970,302413,538,23-01-2026,30-01-2026,Pending,94402.59,
5006971,301980,535,18-07-2023,22-07-2023,delivered,39761.33,
5006972,302734,512,03-05-2022,09-05-2022,Cancelled,31172.95,
5006973,300920,524,21-09-2024,01-10-2024,Returned,81484.14,
5006974,300834,526,11-03-2022,22-03-2022,SHIPPED,45962.89,
5006975,302098,510,26-06-2024,07-05-2024,Shipped,89168.87,
5006976,300696,538,28-02-2025,03-04-2025,Cancelled,20478.08,
5006977,300359,526,26-09-2024,05-10-2024,Pending,,
5006978,302266,533,23-07-2026,24-07-2026,Returned,,
5006979,301467,526,20-06-2026,29-06-2026,SHIPPED,35109.83,
5006980,300275,530,23-07-2026,23-07-2026,pending ,134353.58,
5006981,300450,509,19-01-2026,01-30-2026,Returned,27476,
5006982,301561,532,10-05-2026,17-05-2026,Returned,76513.58,
5006983,301654,509,19-09-2025,21-09-2025,Shipped,165756.51,
5006984,301641,514,30-05-2026,08-06-2026,Returned,6523.02,
5006985,301396,526,03-15-2025,21-03-2025,Shipped,99013.06,
5006986,300402,530,03-10-2025,14-10-2025,Shipped,0,
5006987,300461,540,24-02-2023,06-03-2023,Cancelled,96101.87,
5006988,302829,539,05-12-2026,23-05-2026,SHIPPED,194040.11,
5006989,301969,507,01-12-2023,12-12-2023,Returned,-13975.7,
5006990,301864,518,17-12-2025,21-12-2025,Cancelled,31808.22,
5006991,302393,501,04-01-2023,05-01-2023,delivered,6670,
5006992,302781,508,06-02-2026,06-02-2026,delivered,37828.03,
5006993,301419,539,26-02-2025,07-03-2025,Shipped,,
5006994,300013,539,09-01-2024,21-01-2024,delivered,,
5006995,302489,521,06-04-2023,11-06-2023,delivered,63384.61,
5006996,301863,511,21-10-2024,29-10-2024,Pending,,
5006997,300463,530,29-10-2025,31-10-2025,Pending,53577.46,
5006998,302818,512,15-09-2022,18-09-2022,Delivered,203200.48,
5006999,302914,533,15-08-2025,21-08-2025,Pending,26650.49,
5007000,301712,537,28-02-2025,08-03-2025,pending ,39200.35,
5007001,302624,535,29-04-2025,07-05-2025,Pending,33826.19,
5007002,302240,534,15-09-2024,21-09-2024,Pending,23598.6,
5007003,301799,534,01-05-2022,06-05-2022,Shipped,67440.72,
5007004,301274,516,23-04-2025,05-05-2025,delivered,,
5007005,302610,538,30-07-2025,02-08-2025,Pending,,
5007006,302628,511,08-Mar-26,09-03-2026,Delivered,,
5007007,302859,506,26-12-2021,26-12-2021,SHIPPED,78196.95,
5007008,301374,514,12-03-2025,18-03-2025,SHIPPED,37687.26,
5007009,302668,522,07-30-2025,04-08-2025,Pending,,
5007010,300824,506,11-Feb-26,11-02-2026,Cancelled,25398.91,
5007011,302914,509,21-02-2022,22-02-2022,Pending,22713.46,
5007012,300849,531,19-05-2026,28-05-2026,Delivered,,
5007013,301487,538,09-13-2025,24-09-2025,SHIPPED,144979.27,
5007014,301896,520,13-10-2025,13-10-2025,Pending,17954.46,
5007015,302014,523,16-02-2026,17-02-2026,Cancelled,168368.96,
5007016,302764,515,06-04-2026,15-04-2026,Shipped,,
5007017,302918,504,20-01-2024,30-01-2024,Returned,52588.25,
5007018,301632,521,22-06-2025,22-06-2025,SHIPPED,15512.75,
5007019,301742,521,04-05-2026,16-05-2026,Cancelled,123052.04,
5007020,302691,530,17-06-2026,17-06-2026,Shipped,15187.35,
5007021,300947,529,27-06-2024,07-07-2024,SHIPPED,82627.55,
5007022,301686,521,31-03-2025,03-04-2025,SHIPPED,642.5,
5007023,302164,519,26-03-2025,01-04-2025,Cancelled,49461.5,
5007024,300815,501,23-04-2024,05-05-2024,pending ,171334.11,
5007025,300434,537,21-02-2026,21-02-2026,Shipped,93011.44,
5007026,300731,531,04-03-2026,05-Mar-26,Returned,57648.19,
5007027,302666,503,04-11-2025,15-11-2025,Pending,24193.09,
5007028,301823,526,27-05-2025,03-06-2025,delivered,48406.5,
5007029,300709,516,02-01-2026,04-01-2026,Cancelled,22123.47,
5007030,302582,511,09-07-2025,18-07-2025,delivered,,
5007031,300369,506,19-01-2026,19-01-2026,SHIPPED,44126.08,
5007032,302646,508,12-02-2022,21-02-2022,pending ,25510.28,
5007033,302142,533,18-12-2024,20-12-2024,delivered,41459.41,
5007034,300834,532,20-10-2021,26-10-2021,Shipped,101881.74,
5007035,301436,527,26-06-2024,06-07-2024,Shipped,102216.44,
5007036,300744,533,10-09-2023,14-09-2023,delivered,89346.92,
5007037,301175,513,30-12-2023,05-01-2024,Cancelled,4038.88,
5007038,300276,510,18-11-2023,27-11-2023,Cancelled,,
5007039,302806,532,13-07-2026,19-07-2026,Shipped,65614,
5007040,300793,501,01-06-2022,06-06-2022,Returned,98055.9,
5007041,302176,533,22-12-2024,,pending ,9619.09,
5007042,301627,510,15-11-2024,25-11-2024,Shipped,30514.79,
5007043,301225,530,15-06-2026,15-06-2026,Pending,80618.57,
5007044,301494,515,27-03-2026,04-04-2026,pending ,192736.94,
5007045,302965,514,01-02-2024,01-02-2024,delivered,55305.64,
5007046,301687,502,05-07-2025,10-07-2025,delivered,130965.98,
5007047,301000,526,26-06-2024,28-06-2024,delivered,,
5007048,300993,518,07-07-2026,12-07-2026,Returned,30417.47,
5007049,300029,517,29-05-2025,31-05-2025,pending ,96349.38,
5007050,302319,534,14-06-2025,23-06-2025,Delivered,150438.62,
5007051,301077,534,19-10-2022,25-10-2022,delivered,52782.63,
5007052,301763,534,02-11-2024,13-11-2024,delivered,17152.7,
5007053,302985,540,09-04-2025,09-04-2025,Pending,4266.8,
5007054,300451,539,27-11-2024,11-30-2024,Delivered,5713.6,
5007055,302839,509,15-02-2026,20-Feb-26,Shipped,133286.06,
5007056,302427,537,05-12-2024,17-12-2024,Cancelled,8556.42,
5007057,300320,515,18-06-2025,26-06-2025,delivered,12500.37,
5007058,300712,509,29-12-2025,08-01-2026,delivered,92437.44,
5007059,302122,531,30-10-2025,06-11-2025,Returned,,
5007060,302616,526,14-03-2024,03-16-2024,Delivered,,
5007061,300920,519,07-10-2022,14-10-2022,Shipped,38833.19,
5007062,302048,509,18-10-2024,24-10-2024,Returned,6564.25,
5007063,300321,531,24-10-2025,28-10-2025,pending ,26253.81,
5007064,301909,510,27-06-2025,06-07-2025,Returned,1844.72,
5007065,300930,512,18-03-2025,,Shipped,,
5007066,302757,505,20-08-2023,22-08-2023,Shipped,77069.03,
5007067,302281,529,20-08-2024,01-09-2024,Returned,53084.38,
5007068,301637,513,16-02-2026,28-Feb-26,pending ,46698.17,
5007069,300993,538,12-11-2025,18-11-2025,SHIPPED,28028.87,
5007070,302491,529,26-05-2022,06-06-2022,Returned,58310.59,
5007071,301364,535,12-08-2022,15-08-2022,Returned,60624.16,
5007072,300001,533,07-22-2022,25-07-2022,Cancelled,156627.71,
5007073,301441,537,15-02-2026,23-02-2026,Pending,22753.38,
5007074,300510,523,16-12-2023,18-12-2023,Shipped,68079.26,
5007075,300677,520,29-08-2023,08-09-2023,delivered,49043.7,
5007076,302596,540,06-09-2023,12-09-2023,Returned,,
5007077,301448,511,16-10-2024,24-10-2024,delivered,50240.32,
5007078,302376,519,23-01-2023,31-01-2023,pending ,58100.94,
5007079,300259,515,18-08-2025,23-08-2025,Shipped,73432.8,
5007080,300196,538,17-Aug-25,22-08-2025,Delivered,63114.01,
5007081,300712,510,10-03-2025,03-14-2025,Pending,21948.5,
5007082,301097,521,10-04-2024,04-22-2024,delivered,,
5007083,300952,533,11-03-2025,03-19-2025,Cancelled,137645.84,
5007084,301144,515,15-Dec-25,22-12-2025,Delivered,197266.12,
5007085,301792,536,12-08-2024,22-08-2024,Delivered,25521.28,
5007086,301585,520,25-07-2025,30-07-2025,pending ,34908.39,
5007087,301798,525,20-10-2022,30-10-2022,Pending,75974,
5007088,302325,533,09-10-2024,13-10-2024,Pending,41579.8,
5007089,301230,524,19-05-2025,31-05-2025,Pending,,
5007090,300160,539,20-09-2022,30-09-2022,SHIPPED,24619.94,
5007091,302591,510,07-11-2025,14-11-2025,pending ,39456.48,
5007092,300283,534,30-07-2025,07-08-2025,Pending,82578.14,
5007093,300606,538,25-12-2025,30-12-2025,delivered,113631.65,
5007094,302419,527,20-Dec-21,24-12-2021,Delivered,,
5007095,302510,515,01-07-2026,04-07-2026,Pending,1604.68,
5007096,302096,507,11-04-2022,,Delivered,8106.19,
5007097,300355,533,29-06-2022,29-Jun-22,Cancelled,57941.69,
5007098,301393,509,06-03-2024,10-03-2024,Returned,10622.51,
5007099,302884,537,07-11-2024,,pending ,39569.99,
5007100,301824,504,11-08-2023,15-08-2023,Pending,,
5007101,301942,517,12-11-2025,13-11-2025,pending ,146367.86,
5007102,301336,538,14-10-2024,25-Oct-24,Delivered,,
5007103,301044,521,18-Jul-25,27-07-2025,pending ,92488.98,
5007104,300620,525,27-06-2026,09-07-2026,pending ,29134.93,
5007105,300302,534,09-11-2024,20-11-2024,Shipped,74600.75,
5007106,300352,519,11-02-2025,18-02-2025,Returned,38817.22,
5007107,302348,540,17-03-2024,26-03-2024,Shipped,,
5007108,300001,529,01-11-2022,13-11-2022,Delivered,,
5007109,302418,508,26-09-2023,06-10-2023,Delivered,93110.91,
5007110,301208,510,01-02-2025,02-02-2025,Cancelled,8955.02,
5007111,302983,521,09-09-2024,16-09-2024,SHIPPED,123065.61,
5007112,301555,520,01-06-2025,10-06-2025,Returned,125385.85,
5007113,301410,529,30-11-2024,,Returned,82835.28,
5007114,301099,505,08-06-2024,,Delivered,122952.25,
5007115,302583,526,22-07-2024,26-07-2024,Cancelled,63190.01,
5007116,301332,534,25-11-2022,07-12-2022,delivered,59853.97,
5007117,302274,534,19-09-2025,29-09-2025,Pending,70750.91,
5007118,301039,512,18-01-2025,25-01-2025,pending ,,
5007119,301838,509,30-09-2021,03-10-2021,Cancelled,21819.49,
5007120,302784,538,31-03-2024,07-04-2024,Delivered,154648.65,
5007121,302449,512,21-02-2026,23-Feb-26,delivered,49242.35,
5007122,302080,511,06-06-2026,11-06-2026,Returned,51412.92,
5007123,301515,537,21-11-2025,23-11-2025,SHIPPED,51363.1,
5007124,300039,535,12-05-2022,15-Dec-22,Shipped,18638,
5007125,300974,529,03-10-2026,14-03-2026,Shipped,,
5007126,300608,516,17-02-2026,25-02-2026,SHIPPED,,
5007127,302806,513,01-01-2026,02-01-2026,Cancelled,43427.15,
5007128,302363,504,16-09-2023,26-09-2023,Cancelled,85300.36,
5007129,302460,518,22-04-2025,,Shipped,2253.73,
5007130,301537,540,25-02-2024,29-02-2024,Returned,132908.45,
5007131,301496,536,18-Nov-25,29-Nov-25,delivered,5567.81,
5007132,302877,506,07-31-2025,01-Aug-25,SHIPPED,,
5007133,302027,537,06-10-2024,,Delivered,,
5007134,301834,512,06-06-2026,09-06-2026,SHIPPED,34906.11,
5007135,300008,513,27-07-2025,29-07-2025,SHIPPED,8785.84,
5007136,302942,536,13-09-2024,15-09-2024,Cancelled,,
5007137,301171,528,03-29-2026,30-03-2026,delivered,55671.5,
5007138,300932,529,16-02-2026,25-02-2026,pending ,68267.83,
5007139,302583,520,15-06-2025,18-06-2025,pending ,78858.06,
5007140,302764,525,10-Jan-25,,Cancelled,82861.04,
5007141,302787,526,28-03-2024,01-04-2024,Shipped,19627.16,
5007142,302997,510,18-04-2022,25-04-2022,Cancelled,,
5007143,301800,516,26-10-2025,07-11-2025,SHIPPED,,
5007144,301953,510,15-07-2026,25-Jul-26,Shipped,8450.62,
5007145,301044,539,29-11-2024,06-12-2024,SHIPPED,35260.04,
5007146,301259,535,26-08-2025,02-09-2025,pending ,60118.03,
5007147,302893,513,10-01-2026,12-01-2026,pending ,,
5007148,301707,509,14-02-2025,15-02-2025,SHIPPED,61144.9,
5007149,302318,511,04-12-2021,14-12-2021,SHIPPED,121422.59,
5007150,301744,501,11-02-2025,15-02-2025,Shipped,,
5007151,302911,502,03-02-2025,11-02-2025,Cancelled,48013.18,
5007152,300806,504,06-08-2024,16-08-2024,Shipped,23376.22,
5007153,301260,531,14-04-2024,14-04-2024,Pending,18046.18,
5007154,302094,539,08-08-2025,08-18-2025,pending ,124256.86,
5007155,301401,523,27-07-2025,04-08-2025,SHIPPED,,
5007156,300800,510,28-03-2023,29-03-2023,delivered,10637.21,
5007157,300198,522,17-Jun-25,25-06-2025,Returned,205760.57,
5007158,300265,525,11-02-2024,19-02-2024,pending ,30724.92,
5007159,300212,516,27-11-2024,09-12-2024,SHIPPED,,
5007160,301903,508,04-07-2021,15-07-2021,Returned,24454.35,
5007161,301918,509,31-01-2024,01-02-2024,pending ,14857.99,
5007162,302758,507,07-05-2022,16-05-2022,SHIPPED,38520.97,
5007163,301426,513,28-06-2024,,pending ,126307.71,
5007164,300897,519,13-04-2025,24-04-2025,Pending,43336.76,
5007165,301344,511,03-07-2023,07-10-2023,delivered,,
5007166,300319,535,19-03-2026,26-03-2026,Returned,,
5007167,302235,523,28-07-2024,07-08-2024,Cancelled,6791.65,
5007168,301514,529,09-Mar-26,10-03-2026,Delivered,133746.57,
5007169,301298,532,24-07-2025,26-07-2025,Cancelled,,
5007170,302193,508,15-Mar-25,23-03-2025,Shipped,91420.33,
5007171,301031,504,06-01-2025,18-01-2025,Delivered,100409.8,
5007172,301642,505,06-04-2026,12-Apr-26,Shipped,67402.09,
5007173,302743,532,03-10-2023,11-10-2023,Returned,2311.36,
5007174,302567,503,27-01-2025,31-01-2025,delivered,24967.06,
5007175,300150,518,29-04-2026,30-04-2026,Shipped,24143.97,
5007176,302630,506,22-10-2024,29-10-2024,Pending,,
5007177,301151,505,22-06-2026,26-06-2026,SHIPPED,11499.25,
5007178,301299,536,16-02-2024,17-02-2024,Shipped,,
5007179,302665,515,24-06-2025,28-06-2025,Shipped,93379.15,
5007180,301083,512,20-06-2026,02-07-2026,pending ,,
5007181,301287,513,01-10-2025,05-10-2025,Cancelled,103134.47,
5007182,301335,522,07-09-2025,14-09-2025,SHIPPED,,
5007183,300996,516,03-08-2022,09-08-2022,pending ,66697.55,
5007184,302714,517,22-07-2026,24-Jul-26,delivered,56761.35,
5007185,300849,539,30-09-2025,06-10-2025,Cancelled,14957.79,
5007186,301691,508,12-12-2022,14-12-2022,delivered,44999.29,
5007187,302257,505,17-06-2026,06-29-2026,pending ,49931.02,
5007188,301513,531,15-04-2026,25-04-2026,pending ,12332.24,
5007189,302719,503,18-01-2024,19-01-2024,Returned,,
5007190,301478,521,24-07-2026,25-07-2026,Pending,12902.79,
5007191,300841,518,29-12-2025,10-01-2026,Returned,32350.12,
5007192,301366,529,07-03-2026,10-03-2026,pending ,,
5007193,302277,525,21-12-2022,27-12-2022,SHIPPED,122224.42,
5007194,302130,537,11-01-2025,23-01-2025,SHIPPED,112552.17,
5007195,300991,535,10-09-2023,22-09-2023,Delivered,45070.92,
5007196,300077,518,17-03-2023,23-03-2023,Delivered,78804.17,
5007197,301104,517,27-08-2024,29-08-2024,SHIPPED,148689.08,
5007198,301782,502,19-02-2026,03-Mar-26,Returned,111705.99,
5007199,301570,530,13-11-2023,25-11-2023,Delivered,129207.42,
5007200,300019,513,21-07-2023,02-08-2023,pending ,,
5007201,302066,530,11-05-2024,18-05-2024,Cancelled,129389.08,
5007202,300451,506,19-03-2023,26-03-2023,Pending,6012.8,
5007203,302367,517,07-02-2024,16-02-2024,SHIPPED,,
5007204,300512,508,15-05-2026,24-05-2026,Returned,27881.72,
5007205,300234,518,17-10-2023,27-10-2023,delivered,84473.29,
5007206,302909,533,17-07-2021,18-07-2021,SHIPPED,402.52,
5007207,302447,531,29-09-2025,01-10-2025,pending ,52700.4,
5007208,300921,502,12-10-2025,24-10-2025,Cancelled,137726.97,
5007209,301461,516,15-03-2026,24-03-2026,delivered,17712.95,
5007210,302055,504,14-10-2022,,SHIPPED,80628.85,
5007211,300793,534,05-11-2021,,SHIPPED,,
5007212,300996,505,07-01-2023,13-01-2023,Cancelled,79054.14,
5007213,301854,521,15-10-2024,15-10-2024,Delivered,61090.37,
5007214,301636,539,24-12-2024,05-01-2025,Pending,115387.1,
5007215,301227,508,01-09-2024,09-09-2024,Pending,19195.93,
5007216,300623,519,29-11-2023,04-12-2023,Shipped,,
5007217,301306,522,18-03-2023,20-03-2023,Returned,103565.8,
5007218,302287,540,03-Dec-24,14-12-2024,Delivered,7321.07,
5007219,300517,515,31-07-2025,08-08-2025,Shipped,114199.69,
5007220,302969,535,21-07-2026,25-07-2026,delivered,148290.17,
5007221,300596,507,06-02-2026,16-02-2026,Returned,45299.22,
5007222,300648,502,30-03-2025,01-04-2025,Shipped,75791.33,
5007223,301737,520,19-09-2025,22-09-2025,Delivered,25744.04,
5007224,300137,503,26-12-2025,04-01-2026,Shipped,138301.25,
5007225,302998,539,09-26-2024,,Delivered,,
5007226,301600,514,26-07-2025,02-08-2025,Delivered,75212.7,
5007227,300203,526,10-04-2025,16-04-2025,delivered,15185.45,
5007228,300868,534,18-08-2022,25-08-2022,Returned,0,
5007229,301407,510,25-Jun-26,06-07-2026,Delivered,91432.28,
5007230,300781,505,02-10-2025,07-10-2025,Returned,264885.25,
5007231,300493,509,25-03-2026,27-03-2026,Pending,23288.41,
5007232,300945,527,11-01-2026,15-01-2026,Pending,,
5007233,301776,524,14-04-2025,25-04-2025,delivered,132969.58,
5007234,300514,511,09-03-2026,16-03-2026,Delivered,6240.47,
5007235,301986,526,10-03-2026,22-Mar-26,delivered,,
5007236,301255,537,07-04-2023,17-04-2023,delivered,31496.13,
5007237,300284,528,26-10-2025,30-10-2025,pending ,135538.37,
5007238,300983,535,15-08-2023,23-08-2023,Delivered,145243.73,
5007239,300232,521,08-04-2026,16-04-2026,pending ,,
5007240,300171,527,01-08-2026,01-08-2026,Shipped,283028.32,
5007241,300869,540,11-03-2022,19-03-2022,Pending,,
5007242,300004,511,28-06-2025,,SHIPPED,31342.09,
5007243,301198,502,07-12-2024,09-12-2024,Cancelled,76228.24,
5007244,301676,524,15-03-2025,21-03-2025,Delivered,95489.86,
5007245,301049,540,23-10-2024,01-11-2024,Shipped,7007.43,
5007246,302673,528,12-05-2026,18-05-2026,Returned,29049.76,
5007247,301228,518,28-07-2024,31-07-2024,Pending,71359.77,
5007248,300193,533,21-10-2025,,Pending,70681.75,
5007249,302853,515,05-07-2025,05-07-2025,delivered,78015.55,
5007250,300924,530,07-03-2026,18-03-2026,Delivered,,
5007251,301182,505,07-04-2025,,Cancelled,38444.39,
5007252,301995,539,05-07-2025,07-13-2025,Returned,39143.98,
5007253,300572,505,12-12-2024,18-12-2024,delivered,56469.93,
5007254,301437,532,01-02-2025,09-02-2025,delivered,18618.2,
5007255,302684,502,30-06-2026,12-07-2026,Shipped,104552.02,
5007256,302182,519,18-08-2024,29-08-2024,Cancelled,88748.71,
5007257,301350,511,28-Nov-24,03-12-2024,Delivered,146769.16,
5007258,301315,529,16-01-2026,27-01-2026,pending ,3009.02,
5007259,301998,508,15-09-2024,,Shipped,135614.74,
5007260,301003,524,13-11-2023,17-11-2023,SHIPPED,10673.16,
5007261,302397,525,23-01-2026,24-01-2026,Cancelled,,
5007262,302349,513,02-09-2024,03-09-2024,Returned,20492.02,
5007263,300870,539,25-06-2025,06-27-2025,Delivered,6012.53,
5007264,301744,522,02-02-2025,10-02-2025,Returned,79752.6,
5007265,301841,540,28-05-2026,09-06-2026,Cancelled,16247.38,
5007266,301366,507,12-12-2024,14-12-2024,Cancelled,29363.8,
5007267,300569,507,13-01-2023,18-01-2023,delivered,,
5007268,301104,534,18-04-2026,26-04-2026,pending ,63606.42,
5007269,301276,532,13-05-2025,13-May-25,Shipped,100205.81,
5007270,301100,521,24-02-2024,01-03-2024,Shipped,26408.39,
5007271,300103,516,07-13-2025,14-07-2025,Returned,51338.45,
5007272,302789,533,14-10-2025,15-10-2025,SHIPPED,87224.31,
5007273,300892,522,27-11-2024,09-12-2024,pending ,102368.25,
5007274,302064,518,13-08-2025,17-08-2025,pending ,164330.86,
5007275,301173,516,01-05-2026,09-05-2026,delivered,34326.57,
5007276,302043,531,05-05-2025,11-05-2025,Cancelled,55771.16,
5007277,301243,532,19-12-2024,27-12-2024,pending ,,
5007278,301415,524,01-10-2023,11-10-2023,Cancelled,1443.17,
5007279,301912,532,10-06-2023,20-06-2023,Returned,133832.9,
5007280,300890,527,29-08-2025,04-09-2025,Pending,,
5007281,302785,539,06-29-2025,02-Jul-25,delivered,92831.7,
5007282,301911,537,04-10-2023,08-10-2023,Returned,251901.4,
5007283,300510,520,15-06-2026,15-06-2026,delivered,82293.36,
5007284,302458,540,16-09-2025,17-09-2025,Shipped,30335.81,
5007285,302441,529,29-05-2026,30-05-2026,pending ,34044.7,
5007286,302177,536,30-08-2025,10-Sep-25,SHIPPED,12557.87,
5007287,300641,506,18-07-2026,29-07-2026,pending ,776.74,
5007288,301072,520,10-10-2024,12-10-2024,Shipped,3609.75,
5007289,300959,507,04-07-2024,04-07-2024,SHIPPED,,
5007290,302863,515,08-07-2025,,SHIPPED,20390.09,
5007291,300719,512,06-07-2025,16-07-2025,Shipped,86888.16,
5007292,300989,503,01-12-2025,05-12-2025,Shipped,4703.44,
5007293,300838,528,22-08-2025,24-08-2025,Returned,,
5007294,300484,538,09-04-2025,09-Apr-25,Returned,30843.18,
5007295,302264,531,07-02-2024,16-02-2024,SHIPPED,6132.73,
5007296,301288,529,24-06-2025,02-07-2025,Pending,75942.02,
5007297,301486,530,28-03-2024,07-04-2024,Returned,19603.78,
5007298,301556,529,15-03-2024,22-03-2024,pending ,44542.95,
5007299,301875,505,11-05-2026,18-05-2026,Pending,44223.36,
5007300,302335,501,11-04-2023,23-04-2023,Shipped,16900.06,
5007301,302515,502,23-06-2024,26-06-2024,Cancelled,43002.84,
5007302,301534,515,11-10-2023,16-10-2023,pending ,5209.95,
5007303,300061,509,14-10-2025,16-10-2025,Returned,187720.54,
5007304,301690,507,03-Nov-24,15-11-2024,Returned,128249.74,
5007305,301385,520,10-07-2025,22-07-2025,Shipped,,
5007306,300883,538,17-08-2025,28-08-2025,Pending,135767.14,
5007307,300599,538,10-01-2025,13-01-2025,Pending,10119.42,
5007308,302424,507,19-07-2025,31-07-2025,SHIPPED,80027.06,
5007309,300179,513,14-Aug-24,23-08-2024,Pending,115088.46,
5007310,302901,509,13-05-2026,25-05-2026,Returned,95148.87,
5007311,300298,524,18-Jul-25,25-07-2025,Delivered,116340.9,
5007312,301338,505,12-03-2026,,Shipped,72261.97,
5007313,301887,522,09-11-2025,15-11-2025,Cancelled,135695.56,
5007314,302996,516,21-01-2026,25-01-2026,SHIPPED,47769.19,
5007315,302043,513,19-12-2025,28-12-2025,Delivered,17728.94,
5007316,300011,520,02-03-2026,05-03-2026,delivered,55073.42,
5007317,300482,539,01-12-2024,13-12-2024,Pending,121681.88,
5007318,302737,511,15-04-2023,20-04-2023,Pending,9391.61,
5007319,302390,502,21-02-2026,02-26-2026,Cancelled,185967.31,
5007320,302143,501,30-03-2025,04-04-2025,Pending,39247.05,
5007321,999008,531,29-04-2025,11-05-2025,Delivered,58748.87,
5007322,301179,527,22-Mar-26,27-03-2026,Cancelled,122507.66,
5007323,302106,534,24-06-2024,26-06-2024,SHIPPED,5923.34,
5007324,301604,506,23-06-2024,03-07-2024,pending ,10135.54,
5007325,301690,519,22-08-2025,28-08-2025,delivered,,
5007326,301682,525,07-11-2024,11-11-2024,pending ,73960.41,
5007327,302228,523,12-02-2026,,pending ,16289.3,
5007328,302550,510,17-02-2026,22-02-2026,pending ,62358.69,
5007329,301667,525,26-06-2022,28-06-2022,Shipped,24448.8,
5007330,302312,535,14-06-2024,22-Jun-24,Pending,104773.05,
5007331,300474,526,10-11-2023,15-11-2023,Delivered,,
5007332,300643,528,14-12-2024,21-12-2024,Returned,38982.4,
5007333,302697,506,23-09-2024,29-09-2024,pending ,22947.83,
5007334,301772,525,09-01-2023,,Cancelled,30070.36,
5007335,301473,536,12-10-2025,13-10-2025,pending ,29768.84,
5007336,300255,517,20-06-2021,26-06-2021,Delivered,19596.31,
5007337,301164,537,27-10-2025,03-11-2025,delivered,139221.87,
5007338,300734,528,23-01-2024,27-01-2024,delivered,27682.18,
5007339,301875,539,19-Nov-22,28-11-2022,Returned,217070.99,
5007340,301421,505,13-07-2026,23-07-2026,Shipped,54729.49,
5007341,302153,502,26-12-2025,26-12-2025,SHIPPED,7879.17,
5007342,300841,537,10-04-2025,14-04-2025,Pending,186527.74,
5007343,300355,534,13-12-2023,14-12-2023,SHIPPED,40080.44,
5007344,301686,532,18-01-2025,23-01-2025,Shipped,27589.63,
5007345,302705,527,09-10-2024,12-10-2024,SHIPPED,45010.98,
5007346,302949,507,12-09-2022,19-09-2022,Pending,71691.03,
5007347,301916,509,18-10-2025,28-10-2025,Shipped,,
5007348,301043,519,04-01-2026,05-01-2026,SHIPPED,15834.18,
5007349,302793,523,11-02-2024,19-Feb-24,SHIPPED,201517.96,
5007350,302355,518,08-06-2025,09-06-2025,Shipped,173820.88,
5007351,302229,537,08-01-2026,15-01-2026,pending ,51240.75,
5007352,302298,511,02-01-2026,12-01-2026,SHIPPED,54664.49,
5007353,300978,526,27-Oct-25,,Pending,44370.59,
5007354,302249,536,08-02-2024,08-08-2024,Delivered,-8305.5,
5007355,302956,539,10-05-2025,19-05-2025,delivered,76420.9,
5007356,301847,528,04-01-2025,12-01-2025,SHIPPED,83828.27,
5007357,300719,520,27-08-2023,06-09-2023,Shipped,73947.26,
5007358,302703,521,03-11-2025,07-11-2025,Pending,44202.29,
5007359,301592,521,03-06-2026,08-06-2026,SHIPPED,4547.3,
5007360,302445,529,08-25-2023,27-08-2023,Delivered,43848.12,
5007361,302599,517,25-01-2026,28-01-2026,pending ,212853.72,
5007362,300276,540,23-09-2024,28-09-2024,Returned,5541.97,
5007363,301649,519,20-01-2025,25-01-2025,Delivered,,
5007364,302630,538,06-Jun-22,11-06-2022,Pending,85368.73,
5007365,302192,526,10-02-2024,20-02-2024,pending ,83989.59,
5007366,302538,526,27-07-2025,31-07-2025,Delivered,4130.92,
5007367,300296,533,23-04-2024,27-04-2024,Pending,8506.59,
5007368,300254,532,18-11-2025,19-11-2025,pending ,31514.85,
5007369,300083,535,20-07-2026,20-07-2026,pending ,,
5007370,302554,535,09-02-2026,10-02-2026,delivered,,
5007371,300625,519,05-11-2024,09-11-2024,pending ,100568.71,
5007372,301919,535,10-12-2025,19-12-2025,Delivered,63321.83,
5007373,300871,515,12-09-2022,09-20-2022,Delivered,143438.06,
5007374,300078,507,08-11-2024,19-11-2024,SHIPPED,3253.76,
5007375,302444,514,16-04-2026,20-04-2026,Cancelled,64348.62,
5007376,301747,521,30-May-26,04-06-2026,SHIPPED,5718.5,
5007377,302920,513,23-09-2023,04-10-2023,delivered,,
5007378,301868,535,11-01-2026,14-Jan-26,Pending,45156.82,
5007379,301602,508,14-04-2024,22-04-2024,Cancelled,80693.79,
5007380,302758,505,25-01-2026,29-01-2026,Returned,58361.56,
5007381,301917,539,15-05-2025,18-05-2025,pending ,50638.11,
5007382,300747,504,27-01-2025,31-01-2025,Pending,,
5007383,301441,510,25-01-2026,27-01-2026,Delivered,124229.88,
5007384,302326,536,15-01-2026,15-01-2026,Pending,35903.01,
5007385,301021,536,07-07-2025,14-07-2025,Pending,20104.73,
5007386,301068,538,18-12-2025,25-12-2025,Pending,,
5007387,301773,523,14-03-2026,19-03-2026,delivered,0,
5007388,302821,534,01-03-2025,01-03-2025,Returned,745.07,
5007389,300615,527,27-10-2022,01-11-2022,Returned,95090.08,
5007390,302297,523,23-02-2025,26-02-2025,delivered,20417.71,
5007391,301206,532,16-10-2024,18-10-2024,Pending,2131.83,
5007392,301313,522,02-25-2024,06-03-2024,Shipped,9193.39,
5007393,301212,523,13-03-2026,23-03-2026,SHIPPED,60688.75,
5007394,302021,502,26-02-2026,10-03-2026,Delivered,,
5007395,300313,519,02-22-2024,05-03-2024,Delivered,68135.09,
5007396,300917,511,01-07-2025,02-07-2025,pending ,2337.97,
5007397,302289,520,19-09-2025,24-Sep-25,Pending,0,
5007398,302281,526,28-07-2026,28-07-2026,delivered,,
5007399,300768,533,19-03-2024,31-03-2024,Pending,50410.91,
5007400,302826,516,01-12-2024,03-12-2024,Delivered,39730.08,
5007401,302824,506,14-12-2025,21-12-2025,Pending,,
5007402,301536,537,03-Feb-24,07-02-2024,pending ,140448.24,
5007403,301201,506,01-01-2023,03-01-2023,delivered,166341.06,
5007404,300480,526,22-11-2022,29-11-2022,pending ,,
5007405,301766,511,07-07-2024,,Returned,,
5007406,300529,535,08-01-2023,11-01-2023,pending ,35659.74,
5007407,301359,518,28-10-2025,04-Nov-25,Delivered,11597.31,
5007408,301556,509,05-12-2025,05-Dec-25,delivered,,
5007409,300413,536,11-07-2025,22-07-2025,Pending,1357.79,
5007410,300895,517,28-03-2025,04-07-2025,Pending,20699.06,
5007411,301228,537,24-Jun-24,01-07-2024,Shipped,32207.07,
5007412,300687,538,08-09-2024,14-09-2024,Shipped,103669.23,
5007413,302441,508,12-09-2022,14-09-2022,Returned,79101.82,
5007414,300595,540,25-06-2025,26-06-2025,Cancelled,105305.08,
5007415,301040,526,14-08-2025,,Delivered,72202.57,
5007416,300502,507,18-10-2024,26-10-2024,Cancelled,39579.62,
5007417,301704,514,29-04-2026,02-05-2026,Pending,,
5007418,300436,537,22-06-2026,,pending ,84373.51,
5007419,302590,531,06-09-2025,07-09-2025,SHIPPED,7750.53,
5007420,302933,508,23-12-2025,02-01-2026,Shipped,4389.81,
5007421,301495,515,24-Oct-25,04-11-2025,delivered,108518.31,
5007422,301461,513,07-12-2025,08-12-2025,Shipped,38363.1,
5007423,300660,533,22-09-2025,23-09-2025,Delivered,,
5007424,301032,525,15-02-2025,21-02-2025,Pending,39991.61,
5007425,302542,514,29-10-2022,30-10-2022,Shipped,81124.84,
5007426,301656,525,09-03-2024,20-03-2024,delivered,79905.85,
5007427,301657,510,22-06-2026,27-06-2026,Shipped,56206.45,
5007428,302794,540,09-23-2024,,SHIPPED,181757.6,
5007429,301293,524,06-05-2024,09-05-2024,pending ,,
5007430,300659,521,19-04-2025,01-05-2025,Returned,26898.38,
5007431,300942,510,20-12-2021,31-12-2021,Pending,214606.08,
5007432,301988,526,13-11-2023,24-11-2023,SHIPPED,202539.56,
5007433,302849,535,10-02-2026,15-02-2026,SHIPPED,140010.86,
5007434,300024,533,30-Aug-24,08-09-2024,Delivered,177415.92,
5007435,300626,525,01-13-2026,21-01-2026,delivered,91879.29,
5007436,302676,535,06-30-2025,10-07-2025,delivered,37821.86,
5007437,302446,538,27-05-2026,28-05-2026,pending ,,
5007438,302617,534,19-04-2022,28-04-2022,Pending,15958.89,
5007439,300782,508,02-06-2026,17-02-2026,Delivered,98354.01,
5007440,301364,502,11-05-2026,16-05-2026,pending ,187397.57,
5007441,302369,507,03-Sep-25,08-09-2025,Delivered,32038.81,
5007442,302396,524,08-11-2024,16-11-2024,Shipped,64737.47,
5007443,300250,507,21-06-2023,22-06-2023,pending ,,
5007444,302495,511,21-05-2026,05-31-2026,Delivered,0,
5007445,302931,502,21-02-2024,01-03-2024,pending ,72936.37,
5007446,300841,512,13-04-2026,21-04-2026,pending ,60687.51,
5007447,300741,513,11-12-2025,16-12-2025,delivered,22474.25,
5007448,301654,524,16-03-2026,24-03-2026,SHIPPED,26925.3,
5007449,300891,539,02-10-2025,10-02-2025,Shipped,28168.02,
5007450,301666,536,24-Feb-26,28-02-2026,Shipped,,
5007451,300338,513,01-07-2025,10-07-2025,Cancelled,142968.14,
5007452,300928,533,02-03-2023,11-03-2023,pending ,78718.95,
5007453,302837,520,20-07-2022,25-07-2022,Shipped,9320.61,
5007454,302328,522,20-10-2025,20-10-2025,delivered,,
5007455,301725,524,18-02-2024,22-02-2024,Returned,66205.82,
5007456,301326,534,25-09-2022,01-10-2022,delivered,1280.11,
5007457,301163,516,02-07-2026,11-07-2026,Shipped,16269.18,
5007458,301007,536,30-12-2023,01-01-2024,Cancelled,43670.91,
5007459,300741,504,23-03-2025,02-04-2025,Cancelled,,
5007460,302688,517,22-11-2025,29-11-2025,Shipped,8226.1,
5007461,301890,520,22-09-2025,29-09-2025,Pending,57654.81,
5007462,302278,531,08-01-2025,11-01-2025,SHIPPED,93370.32,
5007463,301146,535,14-10-2024,15-10-2024,Delivered,18782.26,
5007464,302003,513,28-10-2025,06-11-2025,Delivered,,
5007465,302531,530,05-06-2025,09-06-2025,Shipped,64448.75,
5007466,301500,537,08-02-2026,18-02-2026,Returned,2104.88,
5007467,301664,535,29-04-2023,08-05-2023,SHIPPED,676.94,
5007468,302067,515,24-05-2025,,Shipped,,
5007469,302961,527,25-03-2026,31-03-2026,SHIPPED,113838,
5007470,302090,516,30-11-2022,11-12-2022,SHIPPED,105530.65,
5007471,300979,505,01-06-2026,10-06-2026,Pending,60182.69,
5007472,302947,533,02-09-2024,03-Sep-24,Returned,76847.67,
5007473,301473,523,14-02-2025,25-02-2025,Cancelled,2454.2,
5007474,302127,535,01-12-2023,08-Dec-23,pending ,140604.51,
5007475,302379,503,22-06-2023,27-06-2023,Delivered,79292.99,
5007476,302636,514,27-12-2023,01-01-2024,pending ,62940.35,
5007477,302722,535,04-09-2023,12-09-2023,pending ,76759.48,
5007478,300177,512,04-17-2024,17-04-2024,Delivered,93044.47,
5007479,300702,515,06-06-2025,13-06-2025,Pending,57677.9,
5007480,301103,510,09-01-2022,19-01-2022,pending ,86666.1,
5007481,302349,531,08-09-2025,17-Sep-25,SHIPPED,64198.76,
5007482,302022,508,23-Jan-26,01-02-2026,Delivered,102900.31,
5007483,300364,537,03-02-2024,08-02-2024,Returned,698.82,
5007484,302758,524,28-09-2022,04-10-2022,Shipped,,
5007485,301988,534,16-07-2024,17-07-2024,delivered,21568.03,
5007486,302371,510,25-09-2025,29-09-2025,pending ,59205.5,
5007487,301406,539,09-02-2025,21-02-2025,SHIPPED,137083.84,
5007488,301721,503,15-09-2024,17-09-2024,Pending,17182.41,
5007489,301403,535,17-06-2026,22-06-2026,Pending,25397,
5007490,302922,511,09-02-2026,19-02-2026,delivered,,
5007491,301922,523,03-09-2025,13-09-2025,Delivered,237142.99,
5007492,301191,535,19-01-2026,01-31-2026,Pending,91342.08,
5007493,302853,525,17-Jul-23,19-07-2023,pending ,51472.77,
5007494,302469,532,28-06-2025,05-07-2025,Cancelled,92048.77,
5007495,300134,525,04-05-2023,11-05-2023,Returned,4246.97,
5007496,301253,524,18-07-2022,19-07-2022,pending ,82727.33,
5007497,300150,504,01-09-2025,12-09-2025,Cancelled,,
5007498,302444,507,28-03-2024,09-04-2024,Delivered,121107.2,
5007499,300468,505,08-12-2024,16-12-2024,Pending,,
5007500,302020,538,05-11-2023,08-11-2023,Shipped,2842.58,
5007501,301189,538,13-12-2022,17-12-2022,Delivered,87847.62,
5007502,301853,518,01-05-2025,01-05-2025,SHIPPED,74924.82,
5007503,300952,533,13-10-2025,21-10-2025,delivered,128042.63,
5007504,300120,509,14-03-2025,24-03-2025,Pending,233101,
5007505,302389,517,16-04-2025,16-04-2025,Delivered,72727.46,
5007506,301670,534,02-04-2025,08-04-2025,Returned,99891.06,
5007507,301808,537,17-02-2025,25-02-2025,SHIPPED,75434.91,
5007508,300450,502,26-08-2025,29-08-2025,Returned,29372.85,
5007509,300103,502,28-03-2026,,Pending,,
5007510,301461,538,05-03-2026,12-03-2026,SHIPPED,37751.72,
5007511,302555,505,06-12-2025,06-12-2025,Cancelled,155152.51,
5007512,301511,529,29-08-2025,05-09-2025,Cancelled,252870.44,
5007513,302575,506,27-08-2025,06-09-2025,Cancelled,67684.48,
5007514,301199,531,25-06-2025,25-06-2025,delivered,36295.25,
5007515,302868,510,19-05-2026,25-05-2026,pending ,28959.75,
5007516,300956,513,29-10-2025,30-10-2025,Pending,23641.85,
5007517,302918,523,20-10-2020,,SHIPPED,105713.11,
5007518,301493,535,11-07-2024,17-07-2024,Pending,36999.24,
5007519,301805,514,16-03-2023,27-03-2023,SHIPPED,59865.08,
5007520,301411,529,22-08-2023,25-08-2023,delivered,11258.16,
5007521,300209,529,04-02-2025,06-02-2025,Returned,,
5007522,302560,512,30-05-2026,,delivered,20678.85,
5007523,300143,539,03-05-2023,13-05-2023,Cancelled,2815.51,
5007524,302756,524,19-11-2024,20-11-2024,pending ,41194.28,
5007525,301726,514,29-03-2026,03-04-2026,Shipped,14863.94,
5007526,301117,509,21-04-2026,28-04-2026,delivered,45125.77,
5007527,301516,513,08-08-2024,19-08-2024,Returned,39493.44,
5007528,300907,525,04-07-2025,08-04-2025,pending ,37555.97,
5007529,302700,521,02-Jun-26,,delivered,73539.4,
5007530,302738,540,30-11-2025,12-12-2025,Shipped,272.5,
5007531,300466,535,18-06-2023,23-06-2023,delivered,187483.56,
5007532,302290,503,14-06-2023,15-06-2023,pending ,9859.81,
5007533,302023,536,18-09-2025,26-09-2025,SHIPPED,80881.62,
5007534,300997,531,06-09-2022,09-09-2022,Cancelled,35255.22,
5007535,300250,537,27-03-2022,27-03-2022,SHIPPED,125684.56,
5007536,302574,528,07-07-2024,09-07-2024,Shipped,173150.29,
5007537,301938,512,28-02-2026,07-03-2026,delivered,109114,
5007538,302848,506,21-10-2022,10-29-2022,Shipped,,
5007539,300624,514,27-02-2023,07-03-2023,Cancelled,,
5007540,302547,514,04-Feb-24,10-02-2024,Pending,33787.57,
5007541,301037,503,28-12-2021,29-12-2021,Pending,80644.8,
5007542,301484,507,03-02-2026,07-02-2026,Cancelled,204790.84,
5007543,300911,526,19-10-2024,19-10-2024,delivered,135082.54,
5007544,301670,522,11-10-2024,15-10-2024,Returned,79185.41,
5007545,302040,507,09-20-2025,,pending ,,
5007546,302286,527,12-04-2026,19-04-2026,Shipped,74813.91,
5007547,301777,540,26-09-2024,,Returned,32577.2,
5007548,302220,533,10-12-2022,16-12-2022,SHIPPED,33796.14,
5007549,302679,526,04-Jan-24,01-11-2024,pending ,48850.54,
5007550,302601,507,27-05-2023,04-06-2023,Shipped,204322.13,
5007551,300813,515,27-01-2024,02-02-2024,Pending,41345.33,
5007552,301999,526,02-06-2024,06-04-2024,Returned,78979.25,
5007553,301538,540,27-10-2024,06-11-2024,Shipped,233187.97,
5007554,302462,525,12-03-2026,03-18-2026,Shipped,35124.21,
5007555,301287,540,24-06-2026,28-06-2026,Returned,85409.6,
5007556,302189,529,12-12-2024,23-12-2024,SHIPPED,30966.66,
5007557,302345,533,10-02-2025,16-02-2025,Cancelled,72979.67,
5007558,302984,539,11-08-2024,19-08-2024,delivered,,
5007559,301308,525,24-06-2023,24-06-2023,delivered,20437.53,
5007560,302665,511,27-03-2026,08-04-2026,delivered,35918.48,
5007561,302879,521,30-08-2024,11-09-2024,Pending,,
5007562,302620,511,03-05-2025,09-05-2025,delivered,134255.85,
5007563,302543,527,15-Jun-26,,Shipped,147285.71,
5007564,301706,530,24-05-2026,04-Jun-26,SHIPPED,137496.21,
5007565,301866,515,01-29-2025,06-02-2025,delivered,45481.14,
5007566,301745,521,30-11-2023,30-11-2023,SHIPPED,10335.06,
5007567,301378,521,28-10-2021,30-10-2021,Delivered,3899.67,
5007568,301437,525,22-08-2025,25-08-2025,delivered,24305.82,
5007569,302996,539,13-02-2025,,SHIPPED,35.45,
5007570,300631,527,23-08-2024,28-08-2024,Delivered,94451.68,
5007571,300447,507,18-04-2026,30-04-2026,Pending,47277.93,
5007572,302758,507,29-06-2022,05-07-2022,SHIPPED,117330.28,
5007573,300134,530,28-05-2025,01-06-2025,Delivered,7510.51,
5007574,301969,505,18-11-2025,25-Nov-25,Shipped,45789.52,
5007575,300994,512,12-03-2023,20-03-2023,Pending,,
5007576,302670,538,29-04-2026,,pending ,,
5007577,301241,534,05-02-2023,15-02-2023,Delivered,31706.81,
5007578,301341,518,03-07-2021,06-07-2021,Cancelled,,
5007579,300183,536,12-03-2021,17-03-2021,pending ,77512.7,
5007580,302365,504,13-09-2025,25-09-2025,Pending,94457.79,
5007581,302556,517,16-Oct-25,18-10-2025,Pending,11678.76,
5007582,302323,531,22-03-2024,01-04-2024,Cancelled,29989.58,
5007583,301837,531,10-05-2025,18-05-2025,SHIPPED,50178.84,
5007584,301977,535,16-01-2025,26-01-2025,pending ,81671.92,
5007585,301052,538,04-12-2025,09-12-2025,pending ,60978.06,
5007586,300235,533,29-04-2026,02-05-2026,delivered,77449.62,
5007587,300232,515,29-03-2025,02-04-2025,Shipped,294898.88,
5007588,302594,529,13-11-2023,14-11-2023,Pending,,
5007589,301152,537,28-08-2022,09-09-2022,Cancelled,13652.08,
5007590,302823,503,09-16-2023,23-09-2023,Pending,35434.04,
5007591,300743,512,07-09-2023,11-09-2023,Pending,67983.74,
5007592,302332,503,08-May-23,09-05-2023,delivered,164935.95,
5007593,300396,523,11-04-2025,22-04-2025,Shipped,46463.08,
5007594,300574,536,14-12-2025,22-12-2025,Shipped,6400.06,
5007595,301391,526,28-06-2026,02-07-2026,Shipped,,
5007596,301259,533,10-10-2023,12-10-2023,Returned,,
5007597,301653,521,25-04-2022,27-04-2022,Shipped,71217.08,
5007598,302025,504,08-06-2025,08-06-2025,Pending,,
5007599,302546,524,26-12-2024,29-12-2024,delivered,25716.23,
5007600,301849,510,29-10-2024,04-11-2024,Returned,,
5007601,301401,538,16-08-2025,25-08-2025,Cancelled,32754.07,
5007602,302051,517,16-05-2025,18-05-2025,pending ,57019.51,
5007603,300203,512,24-04-2026,01-05-2026,Cancelled,16684.45,
5007604,300841,513,07-03-2025,08-03-2025,delivered,57046.92,
5007605,300245,536,17-11-2025,25-11-2025,delivered,29599.1,
5007606,301425,539,28-09-2025,29-09-2025,Returned,4008.12,
5007607,301631,526,09-Apr-26,11-04-2026,Cancelled,39758.12,
5007608,302943,540,28-07-2025,09-08-2025,Delivered,22219.94,
5007609,300274,511,01-08-2024,06-08-2024,Pending,49794.21,
5007610,302544,529,06-06-2026,17-06-2026,pending ,16852.3,
5007611,300366,528,04-12-2023,13-12-2023,Cancelled,-7619.4,
5007612,300533,530,25-01-2026,29-01-2026,delivered,125453.04,
5007613,301469,535,02-02-2023,14-02-2023,Delivered,45320.83,
5007614,300852,509,20-10-2025,29-10-2025,Returned,136901.29,
5007615,301977,509,10-05-2026,19-05-2026,SHIPPED,62171.18,
5007616,302139,534,22-04-2026,04-24-2026,delivered,106428.1,
5007617,300897,539,16-08-2024,27-08-2024,delivered,,
5007618,301795,535,03-10-2025,09-10-2025,Delivered,128896.66,
5007619,302460,509,02-04-2025,08-04-2025,Delivered,96331.43,
5007620,300146,516,21-Sep-22,22-09-2022,Shipped,219124.14,
5007621,300713,504,18-04-2025,,Delivered,126791.07,
5007622,300916,509,30-04-2022,05-07-2022,Returned,9911.01,
5007623,301850,525,25-11-2022,27-11-2022,SHIPPED,27534.32,
5007624,301166,532,09-04-2024,17-04-2024,SHIPPED,44077.32,
5007625,300932,522,12-08-2024,17-08-2024,Delivered,185603.68,
5007626,301704,503,06-13-2026,21-06-2026,Pending,111750.94,
5007627,302423,537,19-Mar-26,,Pending,2380.4,
5007628,300335,533,01-02-2026,05-01-2026,Cancelled,28717.11,
5007629,301019,524,12-02-2024,07-12-2024,Pending,3180.69,
5007630,300142,506,22-05-2026,29-05-2026,Returned,27558.94,
5007631,302484,516,26-08-2024,07-09-2024,Shipped,2531.76,
5007632,300381,533,01-08-2025,01-08-2025,pending ,52624.18,
5007633,300575,517,31-07-2024,04-08-2024,delivered,90833.12,
5007634,300671,526,02-12-2025,14-12-2025,Delivered,35110.34,
5007635,302180,526,05-24-2025,01-06-2025,Cancelled,71537.76,
5007636,302223,538,01-02-2023,07-02-2023,Delivered,13473.26,
5007637,302864,537,19-07-2025,20-07-2025,Shipped,,
5007638,301982,502,23-06-2022,28-06-2022,pending ,,
5007639,301835,529,12-08-2025,16-08-2025,Returned,174575.23,
5007640,301938,533,15-May-26,17-05-2026,Cancelled,12899.78,
5007641,302278,537,28-04-2026,03-05-2026,Returned,86159.64,
5007642,302627,511,08-02-2026,,SHIPPED,15328.21,
5007643,301248,534,29-08-2023,03-09-2023,delivered,22314.7,
5007644,300678,537,10-07-2026,22-07-2026,Delivered,29579.12,
5007645,301187,523,10-12-2021,21-12-2021,Shipped,31115.57,
5007646,300769,531,29-04-2026,04-29-2026,Returned,63709.69,
5007647,300448,526,24-Jan-25,27-01-2025,Returned,53104.86,
5007648,301314,540,21-Feb-26,26-02-2026,delivered,174286.57,
5007649,300617,532,21-07-2023,07-25-2023,pending ,72918.55,
5007650,301711,502,22-08-2023,22-08-2023,SHIPPED,,
5007651,301050,540,11-01-2026,,SHIPPED,9437.24,
5007652,301206,509,23-12-2024,01-03-2025,Shipped,32338.65,
5007653,301384,505,28-06-2025,10-07-2025,pending ,9525.21,
5007654,301998,531,31-05-2023,08-06-2023,Cancelled,92871.1,
5007655,301526,533,05-03-2026,12-03-2026,Shipped,62901.92,
5007656,300344,528,16-11-2025,18-11-2025,Pending,27807.66,
5007657,301531,529,29-Jan-22,01-02-2022,Shipped,121463.3,
5007658,302763,536,20-09-2024,29-09-2024,Cancelled,19830.12,
5007659,302713,509,02-11-2025,08-11-2025,SHIPPED,78590.85,
5007660,301046,537,11-04-2026,18-04-2026,Delivered,58378.81,
5007661,301979,519,25-10-2024,31-10-2024,delivered,82513.05,
5007662,302106,511,27-02-2026,28-02-2026,Cancelled,28471.08,
5007663,302346,515,30-08-2024,,Cancelled,36064.18,
5007664,300317,524,26-08-2022,07-09-2022,Shipped,46849.05,
5007665,301273,528,21-12-2025,01-Jan-26,Returned,13043.65,
5007666,300972,526,28-09-2023,29-09-2023,Pending,28971.24,
5007667,302596,517,03-09-2022,05-09-2022,delivered,,
5007668,300985,507,18-04-2025,,Returned,37535.79,
5007669,300123,531,13-07-2026,24-07-2026,SHIPPED,25570,
5007670,301511,514,24-07-2024,25-07-2024,Delivered,49739.89,
5007671,302551,516,16-03-2026,20-03-2026,Returned,267901.31,
5007672,300707,533,16-06-2022,18-06-2022,Delivered,,
5007673,302609,525,06-08-2024,06-11-2024,pending ,114107.72,
5007674,302222,531,28-05-2025,01-06-2025,Cancelled,63327.65,
5007675,302598,528,11-10-2025,13-10-2025,Returned,12455.8,
5007676,302536,536,22-06-2025,27-06-2025,pending ,,
5007677,301812,530,06-12-2025,12-12-2025,Cancelled,58219.97,
5007678,301878,511,20-03-2024,27-03-2024,Shipped,8590.73,
5007679,301433,540,30-12-2023,05-01-2024,SHIPPED,3596.4,
5007680,300181,533,27-12-2023,31-12-2023,Shipped,,
5007681,301204,535,31-07-2025,06-08-2025,Returned,55731.65,
5007682,301297,506,09-07-2023,19-07-2023,Returned,270743.19,
5007683,302537,513,11-02-2026,22-02-2026,delivered,258722.89,
5007684,302857,514,24-06-2023,04-07-2023,Cancelled,47873.84,
5007685,302169,533,05-02-2026,10-02-2026,pending ,1703.01,
5007686,300934,526,08-06-2026,15-06-2026,Delivered,92339.21,
5007687,300396,527,29-01-2026,31-01-2026,Shipped,30900.58,
5007688,300408,512,11-05-2026,14-05-2026,Returned,,
5007689,301070,519,01-11-2024,,Pending,11954.62,
5007690,300364,508,17-06-2022,22-06-2022,SHIPPED,115830.5,
5007691,301853,523,31-01-2026,02-01-2026,Cancelled,109142.94,
5007692,300179,538,28-11-2021,04-12-2021,delivered,23642.54,
5007693,302423,524,20-03-2026,28-03-2026,pending ,53747.92,
5007694,302943,525,14-06-2026,21-06-2026,delivered,35425.29,
5007695,300463,517,24-06-2026,26-06-2026,Shipped,34496.86,
5007696,300030,537,05-04-2025,04-05-2025,Cancelled,,
5007697,301692,510,01-02-2025,,SHIPPED,165543.66,
5007698,300357,511,08-Jan-24,09-01-2024,Shipped,82946.18,
5007699,302760,534,08-06-2026,20-06-2026,pending ,54580.32,
5007700,300907,504,21-06-2021,02-07-2021,delivered,,
5007701,302394,515,05-17-2024,23-05-2024,delivered,43452.04,
5007702,300476,524,23-05-2025,26-05-2025,Pending,13684.79,
5007703,300665,509,14-07-2026,19-07-2026,delivered,145731.09,
5007704,301711,519,05-06-2025,17-05-2025,Returned,40337.76,
5007705,302015,517,06-06-2024,06-11-2024,Shipped,7487.88,
5007706,301294,512,13-05-2026,17-05-2026,SHIPPED,,
5007707,302076,536,07-01-2025,13-01-2025,Returned,,
5007708,301085,515,24-01-2026,,Shipped,0,
5007709,300320,520,03-11-2026,17-03-2026,delivered,62529.22,
5007710,301074,518,02-08-2024,14-08-2024,pending ,,
5007711,301742,509,07-11-2025,12-11-2025,Pending,19090.7,
5007712,300298,528,09-04-2025,,Shipped,37512.39,
5007713,302297,514,30-10-2025,10-11-2025,pending ,59087.67,
5007714,302244,529,03-19-2025,24-03-2025,pending ,127441.47,
5007715,301083,518,27-Jan-26,30-01-2026,Pending,15530.51,
5007716,300817,512,05-03-2025,12-03-2025,Returned,,
5007717,302980,513,28-12-2024,07-01-2025,Shipped,51855.76,
5007718,301946,505,09-01-2025,14-01-2025,Cancelled,71675.25,
5007719,300641,536,16-07-2025,17-07-2025,Delivered,99324.26,
5007720,302782,509,18-05-2021,28-05-2021,Delivered,103356.69,
5007721,300829,512,18-04-2026,23-04-2026,Pending,18837.38,
5007722,300525,509,18-05-2025,20-05-2025,delivered,32446.46,
5007723,300626,504,18-05-2026,05-24-2026,Shipped,8801.97,
5007724,301827,505,01-07-2024,07-07-2024,Pending,71483.16,
5007725,301180,501,08-Jul-25,14-07-2025,pending ,,
5007726,302120,523,07-07-2023,14-07-2023,Returned,62017.51,
5007727,302392,531,21-03-2025,26-03-2025,Pending,,
5007728,302139,503,28-11-2024,09-12-2024,SHIPPED,162666.96,
5007729,300928,524,07-12-2024,08-12-2024,delivered,11848.07,
5007730,302118,527,10-03-2025,03-18-2025,Delivered,43775.36,
5007731,301152,536,08-12-2023,08-12-2023,Cancelled,47309.54,
5007732,300606,504,18-03-2026,,Pending,,
5007733,300427,538,26-12-2025,05-01-2026,SHIPPED,101513.06,
5007734,302847,503,04-02-2026,05-04-2026,SHIPPED,51433.28,
5007735,300295,510,02-09-2023,,Delivered,38718.37,
5007736,300633,537,15-12-2025,23-12-2025,Returned,12310.75,
5007737,302816,507,09-11-2022,10-11-2022,Pending,44606.03,
5007738,300808,512,21-01-2025,02-02-2025,delivered,57018.33,
5007739,302597,530,23-11-2023,29-11-2023,Pending,64277.47,
5007740,301473,510,02-21-2025,25-02-2025,pending ,61707.11,
5007741,301464,521,10-07-2024,12-07-2024,SHIPPED,59965.58,
5007742,302698,534,04-11-2021,09-11-2021,pending ,154992.05,
5007743,300164,528,20-08-2022,08-25-2022,Cancelled,,
5007744,300331,529,31-05-2025,08-06-2025,Returned,105646.39,
5007745,302824,528,20-04-2026,20-04-2026,SHIPPED,41741.63,
5007746,302682,539,03-Jan-24,07-01-2024,Returned,9551.58,
5007747,300557,503,04-03-2025,09-Mar-25,delivered,19328.71,
5007748,301522,515,02-05-2026,10-05-2026,SHIPPED,233546.15,
5007749,300680,539,29-09-2021,10-10-2021,Shipped,,
5007750,301392,513,12-01-2024,20-01-2024,pending ,41330.13,
5007751,301430,516,15-06-2026,22-06-2026,delivered,152981.07,
5007752,302333,511,18-04-2026,24-04-2026,Shipped,58252.66,
5007753,302945,525,08-09-2023,09-09-2023,SHIPPED,144998.71,
5007754,301499,501,23-05-2026,03-06-2026,Delivered,40257.58,
5007755,302280,511,18-10-2025,28-10-2025,Delivered,16208.3,
5007756,301789,526,25-11-2025,05-12-2025,Delivered,157092.57,
5007757,301467,503,17-07-2025,19-07-2025,Shipped,85270.26,
5007758,302145,514,15-02-2024,23-02-2024,delivered,18107.89,
5007759,302284,504,15-09-2025,26-09-2025,Cancelled,,
5007760,302101,523,26-10-2023,30-10-2023,Pending,22265.64,
5007761,301199,502,25-06-2026,28-06-2026,Delivered,96871.66,
5007762,302270,522,15-05-2026,26-05-2026,Returned,25708.76,
5007763,302121,534,22-12-2025,29-12-2025,Cancelled,59888.79,
5007764,302055,522,27-09-2025,27-09-2025,pending ,,
5007765,302573,526,15-08-2024,22-08-2024,Delivered,,
5007766,300336,506,09-04-2026,17-04-2026,Shipped,41185,
5007767,301731,516,27-04-2026,04-05-2026,Delivered,,
5007768,300224,521,28-06-2025,28-06-2025,Returned,,
5007769,300163,518,03-10-2023,10-12-2023,Returned,3049.88,
5007770,300014,529,08-10-2023,10-17-2023,Returned,33635.63,
5007771,301042,509,01-07-2024,04-07-2024,Shipped,,
5007772,300780,524,31-10-2024,02-11-2024,Returned,12570.66,
5007773,300029,536,27-08-2024,30-08-2024,delivered,117905.38,
5007774,301319,536,29-11-2024,05-12-2024,SHIPPED,114624.15,
5007775,302788,528,19-Jun-25,22-Jun-25,delivered,,
5007776,300165,531,22-10-2022,30-10-2022,SHIPPED,7585.85,
5007777,300670,507,09-Sep-25,17-09-2025,Returned,,
5007778,301364,534,05-04-2023,13-04-2023,Shipped,,
5007779,300337,525,24-02-2026,27-02-2026,pending ,136068.27,
5007780,301194,512,06-06-2025,15-06-2025,Shipped,16795.04,
5007781,301470,501,25-Jun-26,02-07-2026,Pending,23866.08,
5007782,302616,510,16-03-2023,19-03-2023,SHIPPED,,
5007783,300339,502,18-01-2025,26-01-2025,Cancelled,298831.61,
5007784,300653,517,25-07-2024,25-07-2024,Pending,54882.69,
5007785,301698,539,13-02-2026,02-14-2026,Shipped,120070.32,
5007786,302415,504,07-10-2024,10-17-2024,Shipped,25012.24,
5007787,301705,514,13-12-2023,17-12-2023,Returned,27465.57,
5007788,300751,508,11-04-2026,,Shipped,71053.62,
5007789,300291,535,20-06-2025,20-06-2025,Cancelled,29219.43,
5007790,300221,510,12-12-2024,12-12-2024,Shipped,,
5007791,302191,518,20-03-2026,20-03-2026,Delivered,,
5007792,302035,523,28-12-2024,08-01-2025,delivered,9233.8,
5007793,302740,521,20-12-2024,12-24-2024,SHIPPED,31230.76,
5007794,301496,531,28-03-2025,08-04-2025,Cancelled,11490.38,
5007795,301117,540,07-17-2025,23-07-2025,Cancelled,68192.69,
5007796,301521,532,24-06-2026,27-06-2026,Delivered,94829.3,
5007797,302153,504,24-08-2022,05-09-2022,Cancelled,51560.86,
5007798,300852,540,02-02-2025,03-02-2025,Delivered,27373.08,
5007799,300037,503,21-08-2023,21-08-2023,Cancelled,35346.44,
5007800,302475,521,03-03-2026,03-03-2026,pending ,,
5007801,301083,505,06-Sep-24,13-09-2024,Delivered,,
5007802,302940,539,13-10-2025,19-10-2025,Shipped,77138.32,
5007803,302406,530,14-07-2026,17-07-2026,Returned,,
5007804,300785,506,12-11-2025,18-Nov-25,Delivered,,
5007805,300680,506,21-06-2024,21-Jun-24,Shipped,8690.22,
5007806,302465,505,03-06-2025,12-06-2025,Returned,,
5007807,301084,521,14-08-2025,18-08-2025,Pending,18049.79,
5007808,301747,509,18-02-2024,21-02-2024,Cancelled,14190.96,
5007809,300522,510,23-09-2024,29-09-2024,delivered,-1949.91,
5007810,300655,507,17-03-2024,21-03-2024,delivered,29419.39,
5007811,302133,535,11-06-2024,22-06-2024,Cancelled,27622.18,
5007812,302108,511,02-02-2026,03-Feb-26,Delivered,,
5007813,300485,526,06-07-2026,11-07-2026,Returned,11148.99,
5007814,300542,514,06-01-2026,18-Jan-26,Shipped,80763.29,
5007815,302327,514,15-02-2026,,Shipped,192145.18,
5007816,300386,503,29-07-2023,02-08-2023,Delivered,,
5007817,302732,527,27-12-2022,07-01-2023,SHIPPED,16210.03,
5007818,301063,539,22-07-2026,31-07-2026,Delivered,2884.75,
5007819,301109,507,17-11-2025,23-11-2025,Delivered,6106.56,
5007820,300503,526,25-01-2025,26-01-2025,pending ,184832.86,
5007821,300795,505,25-11-2025,04-12-2025,Cancelled,,
5007822,301523,532,26-07-2026,30-07-2026,Pending,87968.55,
5007823,301098,505,22-04-2025,03-05-2025,Shipped,57553.41,
5007824,302793,519,17-06-2024,29-06-2024,pending ,75841.69,
5007825,302617,519,16-10-2021,28-10-2021,Shipped,68251.15,
5007826,301130,538,04-04-2026,07-04-2026,Returned,17704.46,
5007827,301909,526,11-09-2024,17-Sep-24,pending ,66377.72,
5007828,301726,523,15-04-2022,27-04-2022,Shipped,193153.88,
5007829,300920,517,05-02-2024,08-02-2024,SHIPPED,49869.47,
5007830,302547,524,03-08-2024,12-08-2024,pending ,70556.57,
5007831,302653,520,02-07-2022,06-07-2022,Delivered,110199.13,
5007832,300334,540,02-06-2024,11-06-2024,Pending,100721.8,
5007833,301542,520,24-06-2026,26-06-2026,SHIPPED,40304.1,
5007834,301628,503,02-02-2026,05-02-2026,Cancelled,75600.14,
5007835,300252,518,10-07-2025,17-07-2025,pending ,65942.95,
5007836,301871,521,15-04-2025,15-04-2025,Delivered,26174.36,
5007837,300073,506,15-02-2026,02-25-2026,Cancelled,115066.23,
5007838,300284,506,26-05-2026,26-05-2026,delivered,29042.61,
5007839,302857,514,09-07-2024,15-07-2024,Returned,27098.61,
5007840,301833,512,13-02-2023,23-02-2023,SHIPPED,53673.16,
5007841,301359,522,26-12-2025,06-01-2026,Shipped,173809.91,
5007842,301142,528,21-09-2025,02-10-2025,Returned,17169.41,
5007843,301381,534,28-12-2023,09-01-2024,Delivered,129308.57,
5007844,302234,515,11-03-2026,21-03-2026,Delivered,12411.42,
5007845,302708,511,19-07-2022,22-07-2022,pending ,114905.92,
5007846,301831,540,07-01-2022,16-Jan-22,Cancelled,537.97,
5007847,302743,531,28-04-2026,06-05-2026,Returned,,
5007848,302594,524,06-21-2023,28-06-2023,Cancelled,97716.01,
5007849,302733,514,22-02-2023,22-02-2023,SHIPPED,,
5007850,300186,513,07-12-2024,14-12-2024,Cancelled,185814.19,
5007851,302656,504,26-10-2025,30-10-2025,Delivered,25465.04,
5007852,302020,513,05-06-2023,16-06-2023,Returned,8412.51,
5007853,300362,508,28-07-2025,03-08-2025,Cancelled,22135.6,
5007854,302511,515,15-10-2022,25-10-2022,pending ,55972.84,
5007855,301046,524,29-11-2024,01-12-2024,Returned,29068.65,
5007856,300703,532,01-06-2023,03-06-2023,Returned,87622.3,
5007857,301351,502,26-08-2022,05-09-2022,SHIPPED,62291.4,
5007858,302201,534,07-11-2023,18-11-2023,Delivered,110293.27,
5007859,300998,534,30-01-2026,03-02-2026,delivered,97127.56,
5007860,302118,505,24-09-2024,27-09-2024,SHIPPED,51501.79,
5007861,301860,507,18-06-2025,23-06-2025,delivered,19409.77,
5007862,301831,535,18-03-2024,22-03-2024,Delivered,40159.47,
5007863,302246,533,26-Jan-25,01-27-2025,Pending,46913.2,
5007864,302064,517,01-07-2026,02-07-2026,Returned,42365.11,
5007865,300933,508,17-Jul-25,22-07-2025,SHIPPED,47261.28,
5007866,302580,529,10-07-2026,22-Jul-26,delivered,50986.18,
5007867,301460,537,28-03-2026,09-04-2026,Cancelled,146698.91,
5007868,300862,509,06-06-2023,06-15-2023,Pending,89762.08,
5007869,301003,502,10-09-2023,11-09-2023,delivered,,
5007870,300591,514,15-04-2026,27-04-2026,SHIPPED,226438.36,
5007871,301392,530,08-02-2026,17-02-2026,Shipped,47460.66,
5007872,301719,533,25-05-2025,31-05-2025,Cancelled,249007.15,
5007873,302877,519,23-02-2024,28-02-2024,Shipped,,
5007874,300287,528,19-10-2023,28-10-2023,Returned,121941.46,
5007875,300418,533,21-03-2022,,Returned,19533.97,
5007876,302506,501,03-11-2024,15-11-2024,Delivered,149177.82,
5007877,302662,538,13-01-2021,01-20-2021,Shipped,6530.04,
5007878,300362,521,28-03-2025,02-04-2025,delivered,,
5007879,302758,523,08-04-2022,12-Apr-22,Delivered,96974.22,
5007880,302219,506,19-05-2022,25-05-2022,Cancelled,28693.78,
5007881,300014,510,06-11-2025,08-11-2025,delivered,42191.65,
5007882,301375,505,04-01-2025,06-01-2025,Returned,15759.61,
5007883,302286,538,12-05-2026,22-05-2026,delivered,58257.53,
5007884,302333,533,02-03-2025,03-03-2025,pending ,47472.09,
5007885,301375,538,09-06-2025,15-09-2025,SHIPPED,2314.14,
5007886,302468,504,12-02-2024,20-02-2024,delivered,20721.16,
5007887,300548,533,05-02-2026,15-02-2026,SHIPPED,59550.64,
5007888,301934,507,06-02-2023,18-02-2023,pending ,85689.26,
5007889,300409,518,26-09-2025,05-10-2025,delivered,82225.64,
5007890,300332,539,29-08-2024,,delivered,50540.49,
5007891,300492,510,11-03-2024,,delivered,52282.31,
5007892,300134,515,11-01-2026,19-01-2026,Returned,743.22,
5007893,301271,527,19-01-2026,20-01-2026,Pending,,
5007894,302690,501,19-06-2026,,Pending,78584.15,
5007895,300355,510,18-07-2024,20-07-2024,Delivered,67011.61,
5007896,301801,512,16-04-2025,22-04-2025,Shipped,,
5007897,301422,522,07-07-2025,14-07-2025,Delivered,,
5007898,300582,540,08-09-2021,08-09-2021,Returned,89489.33,
5007899,302118,514,12-07-2026,16-07-2026,Cancelled,30583.94,
5007900,301086,524,10-Sep-23,12-09-2023,Returned,27721.6,
5007901,300389,508,16-08-2025,24-08-2025,pending ,,
5007902,300273,536,29-07-2025,10-08-2025,SHIPPED,61174.29,
5007903,300364,511,17-06-2024,25-06-2024,Cancelled,90340.78,
5007904,302983,503,06-04-2023,18-04-2023,Shipped,3721.05,
5007905,302962,540,25-09-2025,03-10-2025,SHIPPED,69393.51,
5007906,301864,538,30-Nov-25,06-12-2025,pending ,115403.14,
5007907,302148,519,10-06-2025,10-Jun-25,Cancelled,24739.8,
5007908,300421,522,25-10-2025,26-10-2025,pending ,180205.48,
5007909,301741,514,16-07-2026,23-07-2026,Cancelled,99970.83,
5007910,302362,536,07-13-2024,23-07-2024,Returned,17243.56,
5007911,300176,510,22-03-2023,03-24-2023,Pending,102636.21,
5007912,300359,523,06-07-2024,14-06-2024,Delivered,44515.14,
5007913,300741,517,02-09-2025,07-09-2025,Shipped,90345.17,
5007914,302263,519,22-01-2025,02-01-2025,Shipped,,
5007915,301768,524,17-08-2025,,delivered,23519.33,
5007916,301046,502,09-06-2024,12-06-2024,Pending,10731.3,
5007917,301458,517,11-05-2025,16-05-2025,Returned,71685.97,
5007918,302149,528,30-04-2021,10-05-2021,SHIPPED,130800.71,
5007919,302101,511,16-12-2023,16-Dec-23,Pending,102543.17,
5007920,302690,503,25-04-2026,03-05-2026,Shipped,,
5007921,301192,540,17-01-2026,,pending ,0,
5007922,300053,534,20-03-2026,31-03-2026,Returned,48475.35,
5007923,302337,519,26-09-2025,27-09-2025,SHIPPED,158273.03,
5007924,301025,535,01-11-2023,08-Nov-23,Returned,29401.65,
5007925,302359,521,13-10-2024,22-10-2024,Delivered,32884.95,
5007926,302004,524,02-01-2025,,Returned,205733.25,
5007927,302164,509,23-03-2025,02-04-2025,Returned,372.35,
5007928,302301,532,02-02-2026,11-02-2026,pending ,96329.14,
5007929,300468,503,21-07-2025,21-07-2025,Shipped,120761.79,
5007930,300917,509,09-03-2024,09-03-2024,Returned,32034.72,
5007931,302096,513,12-11-2024,15-11-2024,SHIPPED,107366.75,
5007932,302862,505,08-12-2023,12-12-2023,delivered,100870.15,
5007933,301668,506,23-08-2024,08-23-2024,Delivered,119043.81,
5007934,300814,532,10-03-2026,13-03-2026,SHIPPED,118636.21,
5007935,301545,513,29-04-2024,03-05-2024,delivered,31917.15,
5007936,300897,514,07-02-2026,11-07-2026,Delivered,65560.35,
5007937,301342,538,09-09-2025,16-09-2025,Delivered,26093.85,
5007938,300605,535,08-09-2025,09-19-2025,SHIPPED,,
5007939,300266,505,26-11-2023,12-01-2023,delivered,122158.58,
5007940,300466,501,10-09-2023,19-09-2023,Pending,83882.91,
5007941,302872,531,19-05-2026,20-05-2026,delivered,27838.21,
5007942,301593,534,14-11-2025,25-11-2025,SHIPPED,18169.7,
5007943,300688,538,07-12-2022,12-12-2022,Pending,54296.46,
5007944,301035,517,13-Mar-23,21-03-2023,Returned,114687.11,
5007945,300741,519,08-01-2024,08-01-2024,Returned,77737.28,
5007946,302905,527,07-03-2026,17-03-2026,pending ,,
5007947,302530,522,19-06-2025,27-Jun-25,Pending,104138.79,
5007948,301432,512,08-01-2026,01-16-2026,Returned,7086.54,
5007949,301050,517,25-08-2025,01-09-2025,Cancelled,28417.46,
5007950,301358,534,27-01-2024,28-01-2024,delivered,111781.8,
5007951,300362,513,18-05-2026,30-05-2026,Delivered,,
5007952,300962,514,05-08-2024,16-08-2024,Delivered,82285.27,
5007953,302496,527,17-03-2025,22-03-2025,pending ,22138.27,
5007954,301500,510,25-06-2026,04-07-2026,Pending,90740.25,
5007955,300258,528,14-10-2023,20-10-2023,Cancelled,,
5007956,301797,526,22-05-2026,,SHIPPED,34370.17,
5007957,300068,540,25-08-2024,25-08-2024,delivered,42622.57,
5007958,302205,524,27-12-2025,06-01-2026,Shipped,15132.85,
5007959,301542,537,03-02-2024,12-02-2024,Returned,122704.46,
5007960,300117,536,25-03-2022,31-03-2022,Delivered,18659.1,
5007961,302839,505,03-24-2026,05-04-2026,Shipped,17033.05,
5007962,301078,517,14-Mar-26,23-Mar-26,pending ,0,
5007963,301989,517,12-02-2026,24-02-2026,Returned,75731.29,
5007964,302937,507,09-Dec-23,09-12-2023,delivered,59201.24,
5007965,302997,537,15-12-2023,17-12-2023,SHIPPED,36491.54,
5007966,302249,505,05-12-2024,12-12-2024,Cancelled,105278.77,
5007967,302458,510,09-05-2024,,Shipped,188328.63,
5007968,302774,522,15-10-2023,23-10-2023,pending ,134141.96,
5007969,301911,512,30-05-2025,01-06-2025,delivered,-15531.34,
5007970,301548,523,15-02-2026,20-02-2026,pending ,8948.16,
5007971,302636,518,11-12-2023,11-12-2023,delivered,171431.17,
5007972,302121,534,26-05-2026,30-05-2026,Delivered,31069.93,
5007973,301198,538,01-Mar-24,02-03-2024,Delivered,0,
5007974,300748,533,18-02-2026,23-02-2026,delivered,98234.94,
5007975,300205,516,10-08-2022,08-12-2022,pending ,,
5007976,300372,535,01-07-2024,01-07-2024,Returned,86526.09,
5007977,301868,524,23-09-2025,26-Sep-25,SHIPPED,14949.77,
5007978,301658,518,30-05-2025,01-06-2025,Pending,,
5007979,300895,511,01-08-2026,01-08-2026,Pending,4860.2,
5007980,301445,535,29-10-2025,06-11-2025,Cancelled,91873.57,
5007981,300128,522,26-06-2026,04-07-2026,SHIPPED,93070.38,
5007982,301729,508,22-05-2026,28-05-2026,SHIPPED,25898.94,
5007983,301144,528,06-07-2026,15-07-2026,Cancelled,167204.4,
5007984,302140,531,22-06-2024,24-06-2024,pending ,15560.6,
5007985,300024,507,22-06-2023,02-07-2023,pending ,492.08,
5007986,300975,514,13-03-2026,15-03-2026,Shipped,94697.3,
5007987,302495,511,09-09-2025,10-09-2025,pending ,,
5007988,302648,515,06-10-2024,11-10-2024,Shipped,108715.83,
5007989,302168,538,26-09-2021,26-09-2021,Cancelled,123176.19,
5007990,302692,530,16-09-2024,09-23-2024,pending ,66842.01,
5007991,302435,516,11-11-2022,16-Nov-22,SHIPPED,,
5007992,301054,517,14-02-2026,19-02-2026,Returned,38212.86,
5007993,300766,505,20-01-2026,27-01-2026,Delivered,32068.88,
5007994,301411,523,06-03-2026,11-03-2026,Cancelled,,
5007995,301557,539,30-09-2025,02-10-2025,SHIPPED,48333.42,
5007996,301650,536,13-07-2026,19-Jul-26,Pending,106815.35,
5007997,300397,511,17-06-2026,28-06-2026,delivered,58125.73,
5007998,300933,511,14-Jun-25,22-06-2025,Returned,0,
5007999,300558,515,09-01-2024,13-01-2024,delivered,45861.12,
5008000,301042,520,15-04-2024,24-04-2024,pending ,,
5008001,302988,528,25-11-2025,03-12-2025,Delivered,124471.46,
5008002,302295,504,09-11-2025,18-11-2025,Pending,18820.01,
5008003,301854,509,14-05-2025,15-05-2025,pending ,60211.35,
5008004,300147,529,17-11-2025,29-11-2025,SHIPPED,43579.97,
5008005,301763,519,30-05-2026,01-06-2026,Shipped,36855.1,
5008006,301349,530,06-05-2026,05-10-2026,SHIPPED,164383.29,
5008007,300469,502,30-11-2024,11-30-2024,Shipped,99417.66,
5008008,302117,533,03-11-2024,03-11-2024,Delivered,797.07,
5008009,302293,537,27-01-2022,29-01-2022,Cancelled,100680.26,
5008010,300595,501,11-03-2026,,SHIPPED,,
5008011,301232,518,29-Jul-24,06-08-2024,SHIPPED,,
5008012,300418,510,26-08-2025,05-09-2025,Pending,244304.07,
5008013,301792,526,30-03-2024,02-04-2024,delivered,94100.68,
5008014,300797,538,09-12-2024,17-09-2024,Delivered,164589.24,
5008015,302619,519,08-09-2025,09-09-2025,Shipped,66400.49,
5008016,301461,524,28-05-2024,04-06-2024,Returned,112299.75,
5008017,302994,524,27-12-2025,12-29-2025,Shipped,,
5008018,301305,531,26-12-2025,29-12-2025,Shipped,,
5008019,302344,513,10-05-2025,15-05-2025,Returned,18499.1,
5008020,301663,510,08-10-2021,13-10-2021,Shipped,,
5008021,300844,511,13-09-2024,18-09-2024,Delivered,250734.03,
5008022,300201,504,02-11-2021,12-11-2021,Cancelled,91564.89,
5008023,301754,515,03-11-2023,11-Nov-23,Pending,26369.14,
5008024,300887,537,05-02-2024,11-02-2024,Shipped,,
5008025,302068,526,27-05-2026,08-06-2026,Pending,48576.53,
5008026,301080,501,24-07-2023,27-07-2023,Delivered,5849.08,
5008027,300535,519,11-11-2023,20-11-2023,Pending,55814,
5008028,300380,506,01-12-2023,02-12-2023,delivered,45385.58,
5008029,301165,511,02-08-2022,14-08-2022,Delivered,68665.48,
5008030,301700,512,20-03-2023,,SHIPPED,25475.36,
5008031,300798,511,19-08-2024,,SHIPPED,79573.28,
5008032,302101,538,14-12-2024,14-12-2024,delivered,101078.93,
5008033,300786,508,06-09-2025,,SHIPPED,,
5008034,300357,523,28-03-2024,08-04-2024,delivered,5876.63,
5008035,301558,507,26-04-2025,02-05-2025,SHIPPED,,
5008036,302589,530,27-02-2025,27-02-2025,Returned,87711.54,
5008037,300145,507,12-05-2024,24-05-2024,delivered,74629.55,
5008038,301113,503,04-03-2025,12-03-2025,SHIPPED,108001.71,
5008039,301299,514,01-10-2022,13-10-2022,pending ,203401.26,
5008040,301997,526,20-06-2025,21-06-2025,Returned,122903.62,
5008041,302514,516,31-08-2023,04-09-2023,Returned,44677.18,
5008042,301654,535,08-12-2025,12-12-2025,Cancelled,27401.45,
5008043,302803,505,17-08-2022,25-08-2022,Delivered,,
5008044,302844,524,03-04-2024,04-11-2024,Returned,,
5008045,300944,515,05-02-2022,16-02-2022,Returned,,
5008046,301846,513,23-09-2025,23-09-2025,pending ,37305.94,
5008047,300757,511,19-03-2025,21-03-2025,Returned,7268.28,
5008048,300747,516,09-02-2024,21-02-2024,pending ,57112.62,
5008049,301980,518,17-06-2023,24-06-2023,pending ,117202.22,
5008050,302314,504,14-01-2026,23-01-2026,Returned,59447.27,
5008051,301494,509,03-06-2025,,pending ,61784.31,
5008052,302455,535,18-12-2025,28-12-2025,Returned,24498.74,
5008053,300664,531,25-06-2026,25-06-2026,Delivered,31887.32,
5008054,302073,534,13-11-2022,11-15-2022,pending ,104943.55,
5008055,300729,529,22-06-2023,02-07-2023,pending ,41376.76,
5008056,301649,522,05-Aug-24,16-08-2024,pending ,39385.15,
5008057,300565,536,09-03-2025,21-03-2025,Cancelled,,
5008058,301422,523,06-06-2025,06-15-2025,delivered,41324.72,
5008059,301587,531,20-04-2024,20-04-2024,Pending,34792.39,
5008060,301731,535,15-12-2025,12-24-2025,Shipped,27944.44,
5008061,302407,522,28-01-2025,07-02-2025,pending ,43687.1,
5008062,300618,508,14-11-2023,14-11-2023,delivered,88246.97,
5008063,301246,534,21-Jul-26,28-07-2026,Pending,75361.51,
5008064,300232,522,21-06-2024,21-06-2024,pending ,98986.28,
5008065,301196,505,13-04-2025,17-04-2025,delivered,51600.19,
5008066,302786,503,11-07-2025,11-18-2025,Delivered,331.53,
5008067,302936,527,12-Dec-22,14-12-2022,Pending,891.34,
5008068,302063,535,29-06-2025,04-07-2025,Delivered,55768.36,
5008069,300794,525,31-05-2025,01-06-2025,SHIPPED,22172.81,
5008070,300016,532,07-01-2024,18-01-2024,Cancelled,0,
5008071,300449,502,18-09-2025,27-09-2025,Cancelled,104192.66,
5008072,300732,501,22-11-2025,27-11-2025,Pending,,
5008073,301547,529,27-04-2026,06-05-2026,Returned,83400.07,
5008074,302426,530,23-May-24,01-06-2024,Pending,,
5008075,301025,521,04-25-2025,29-04-2025,Shipped,101988.63,
5008076,300699,519,02-03-2024,,Returned,,
5008077,300986,508,25-10-2025,,Shipped,67151.82,
5008078,301312,540,02-01-2025,02-01-2025,Delivered,16340.05,
5008079,302246,526,20-01-2025,27-Jan-25,Delivered,26254.9,
5008080,301253,524,17-01-2026,19-01-2026,Cancelled,23711.74,
5008081,301863,536,29-01-2025,02-02-2025,SHIPPED,100786.48,
5008082,300989,504,10-Mar-26,11-03-2026,pending ,121374.21,
5008083,300076,539,01-03-2026,05-03-2026,Pending,36839.33,
5008084,301061,535,25-03-2024,29-03-2024,Pending,107921.53,
5008085,302814,504,30-07-2025,30-07-2025,Returned,1588.34,
5008086,302441,501,13-03-2025,13-03-2025,delivered,121113.82,
5008087,300919,531,19-03-2025,24-03-2025,delivered,,
5008088,300294,539,06-02-2025,07-02-2025,Shipped,116284.71,
5008089,300120,501,03-04-2026,06-04-2026,Pending,12700.19,
5008090,301863,510,10-02-2025,14-02-2025,Returned,,
5008091,302161,506,19-08-2024,28-08-2024,Cancelled,43781.32,
5008092,301289,510,16-05-2021,26-May-21,pending ,8487.71,
5008093,301795,514,06-04-2026,16-04-2026,SHIPPED,56102,
5008094,302810,528,30-07-2025,10-08-2025,Pending,,
5008095,301940,530,21-05-2026,26-05-2026,Delivered,,
5008096,301849,511,18-03-2026,22-03-2026,Shipped,15257.91,
5008097,302917,527,16-04-2026,16-04-2026,pending ,59880.57,
5008098,301362,524,30-09-2025,06-10-2025,Returned,107187.96,
5008099,301642,514,03-02-2026,13-02-2026,Pending,6176.78,
5008100,300435,529,18-12-2025,30-12-2025,Delivered,151894.45,
5008101,301915,539,17-10-2021,17-10-2021,Delivered,2357.27,
5008102,300163,518,11-04-2023,20-04-2023,SHIPPED,,
5008103,301554,502,02-04-2025,03-04-2025,Returned,123247.14,
5008104,301868,521,02-07-2024,11-07-2024,pending ,181635.43,
5008105,301979,525,01-08-2026,03-08-2026,delivered,96494.33,
5008106,300920,519,13-05-2022,24-05-2022,pending ,76270.17,
5008107,301753,514,23-02-2024,28-02-2024,SHIPPED,49054.44,
5008108,301162,522,19-Oct-23,30-10-2023,pending ,30660.35,
5008109,302976,535,05-03-2026,07-03-2026,delivered,69051.7,
5008110,301420,527,12-06-2025,14-06-2025,Cancelled,53478.2,
5008111,300462,512,05-11-2025,17-05-2025,pending ,61467.08,
5008112,300835,540,09-02-2025,13-02-2025,SHIPPED,44121.57,
5008113,300089,505,12-09-2025,19-12-2025,pending ,132825.96,
5008114,301279,514,10-02-2026,10-02-2026,Shipped,16513.89,
5008115,301061,538,21-07-2021,07-27-2021,Shipped,8150.33,
5008116,302224,531,08-06-2025,12-06-2025,Delivered,17530.98,
5008117,301909,520,22-05-2024,29-05-2024,delivered,10421.89,
5008118,301889,538,27-11-2023,09-12-2023,Returned,244873.22,
5008119,301884,514,28-03-2023,03-04-2023,pending ,202109.97,
5008120,301646,518,07-03-2024,09-03-2024,Returned,71524.4,
5008121,302630,504,05-01-2026,13-01-2026,Shipped,,
5008122,300426,511,24-02-2024,02-03-2024,Shipped,,
5008123,301048,527,14-11-2025,25-11-2025,Pending,131054.25,
5008124,301026,501,07-09-2022,11-07-2022,Returned,14024.24,
5008125,302152,508,24-03-2026,26-03-2026,Cancelled,77969.88,
5008126,300290,537,07-12-2023,07-12-2023,pending ,46233.26,
5008127,301035,528,03-11-2023,05-11-2023,Shipped,,
5008128,301272,526,31-07-2024,11-08-2024,Cancelled,163258.17,
5008129,300259,536,26-03-2025,03-04-2025,Returned,,
5008130,301024,528,25-08-2025,04-09-2025,SHIPPED,143475.01,
5008131,301848,502,19-09-2023,,Cancelled,4201.41,
5008132,300161,519,08-Mar-25,08-03-2025,Shipped,,
5008133,300243,536,27-01-2025,28-01-2025,Delivered,38824.87,
5008134,300505,523,25-11-2025,25-11-2025,SHIPPED,53653.34,
5008135,300696,537,07-11-2025,16-11-2025,delivered,44748.8,
5008136,300841,535,19-11-2024,24-11-2024,SHIPPED,68746.27,
5008137,302460,501,30-01-2026,31-01-2026,Cancelled,101627.6,
5008138,300429,524,11-03-2026,11-03-2026,Delivered,87509.54,
5008139,301666,511,28-08-2025,09-09-2025,Returned,60941.14,
5008140,300762,534,30-07-2026,06-08-2026,Returned,31680.84,
5008141,300143,503,31-07-2023,11-08-2023,Cancelled,130363.14,
5008142,300481,502,29-Jan-26,03-02-2026,pending ,,
5008143,301754,537,23-08-2023,08-24-2023,Cancelled,99175.63,
5008144,301036,505,01-04-2026,,Pending,,
5008145,302069,517,02-12-2025,11-12-2025,SHIPPED,39617.27,
5008146,300332,507,25-06-2025,06-07-2025,Pending,,
5008147,301250,535,15-12-2025,20-12-2025,Pending,160844.25,
5008148,301634,513,25-12-2025,31-12-2025,Shipped,79478.1,
5008149,301425,505,06-28-2024,01-07-2024,pending ,5895.39,
5008150,302846,537,10-10-2022,11-10-2022,Shipped,8787.82,
5008151,302983,514,25-06-2026,07-Jul-26,SHIPPED,,
5008152,301743,509,14-08-2023,08-22-2023,Returned,16500.71,
5008153,300189,518,09-06-2024,15-06-2024,Returned,18128.08,
5008154,302994,537,31-03-2026,,SHIPPED,,
5008155,301640,518,26-Jan-25,26-01-2025,Cancelled,82012.4,
5008156,300512,517,01-11-2024,11-11-2024,delivered,41519.43,
5008157,300676,517,30-10-2025,10-11-2025,SHIPPED,48298.38,
5008158,300932,520,15-09-2023,16-Sep-23,Pending,0,
5008159,300458,510,01-04-2026,10-04-2026,pending ,0,
5008160,302647,510,14-11-2023,22-11-2023,Cancelled,43825.56,
5008161,302808,540,02-10-2021,11-10-2021,Pending,41884.92,
5008162,302346,535,27-02-2024,03-Mar-24,Pending,4333.37,
5008163,301659,532,04-08-2022,11-Aug-22,delivered,29692.13,
5008164,300555,505,23-07-2024,26-07-2024,Delivered,4181.14,
5008165,302307,508,24-04-2026,05-05-2026,Returned,267.75,
5008166,302474,534,03-10-2024,15-10-2024,delivered,24237.18,
5008167,302289,539,11-Sep-25,22-09-2025,Shipped,118070.18,
5008168,300869,523,10-06-2023,19-06-2023,Pending,24375.08,
5008169,301584,526,12-09-2025,16-09-2025,pending ,183641.97,
5008170,302541,526,23-12-2025,30-12-2025,SHIPPED,68239.72,
5008171,302969,518,11-08-2022,,Pending,72531.3,
5008172,302822,503,17-08-2025,29-08-2025,Delivered,136279.13,
5008173,301236,534,28-08-2025,30-08-2025,delivered,144016.22,
5008174,302389,532,08-11-2025,18-11-2025,Cancelled,78611.44,
5008175,302607,503,22-01-2026,31-01-2026,SHIPPED,93113.2,
5008176,302676,517,03-02-2025,12-02-2025,pending ,83759,
5008177,302914,531,11-06-2022,,Returned,10060.69,
5008178,300819,533,16-06-2025,26-06-2025,Delivered,62591.22,
5008179,302461,521,29-06-2025,08-07-2025,SHIPPED,19940.43,
5008180,302101,506,24-Jul-25,30-07-2025,Delivered,,
5008181,302143,530,29-09-2024,30-09-2024,Cancelled,996.51,
5008182,301677,528,04-05-2022,14-05-2022,Pending,,
5008183,300292,506,26-03-2025,04-04-2025,Pending,63754.21,
5008184,301135,529,04-08-2025,16-08-2025,Cancelled,19563.99,
5008185,300226,502,11-02-2024,16-02-2024,Shipped,49997.79,
5008186,301163,511,17-06-2025,26-06-2025,SHIPPED,134432.51,
5008187,300686,518,06-12-2024,09-Dec-24,delivered,58032.13,
5008188,301463,517,29-Aug-25,07-09-2025,Pending,110529.62,
5008189,301990,529,20-May-24,30-05-2024,SHIPPED,91847.17,
5008190,301474,533,27-07-2021,01-08-2021,Pending,43450.75,
5008191,302631,521,09-09-2023,10-09-2023,pending ,98829.95,
5008192,300351,536,17-10-2025,24-10-2025,Pending,,
5008193,300886,534,08-09-2025,09-09-2025,pending ,113541.49,
5008194,300993,540,12-11-2022,23-11-2022,pending ,10491.98,
5008195,301435,534,13-09-2025,19-09-2025,Returned,90344.87,
5008196,301412,528,25-03-2026,02-04-2026,Cancelled,,
5008197,301212,526,14-12-2025,21-12-2025,Pending,0,
5008198,300542,504,18-11-2024,30-11-2024,Cancelled,116948.43,
5008199,302248,532,07-12-2024,,pending ,110425.14,
5008200,301765,504,24-07-2025,24-07-2025,Pending,,
5008201,300998,506,12-11-2024,19-11-2024,Delivered,61245.4,
5008202,302295,533,07-01-2026,01-14-2026,Returned,174862.19,
5008203,301274,503,08-11-2025,15-11-2025,Returned,117808.32,
5008204,301430,526,13-10-2025,16-10-2025,delivered,77065.26,
5008205,302895,533,20-02-2024,28-02-2024,delivered,,
5008206,300642,533,15-11-2025,27-11-2025,Returned,15910.22,
5008207,300097,501,25-05-2025,,Cancelled,85535.71,
5008208,300114,530,27-11-2023,09-12-2023,Delivered,25434.89,
5008209,302583,528,09-05-2026,12-05-2026,Returned,125322.89,
5008210,302255,518,17-12-2024,18-12-2024,Cancelled,16191.53,
5008211,301941,518,03-18-2026,22-Mar-26,delivered,,
5008212,301756,526,01-02-2023,09-02-2023,Shipped,-9926.55,
5008213,302235,525,19-06-2023,23-06-2023,SHIPPED,17254.09,
5008214,300964,533,08-25-2025,30-08-2025,delivered,,
5008215,300373,503,09-04-2026,13-Apr-26,SHIPPED,87690.24,
5008216,300349,523,25-03-2025,27-03-2025,SHIPPED,54057.57,
5008217,301789,512,07-08-2025,19-Aug-25,SHIPPED,96532.26,
5008218,300569,509,29-10-2021,04-11-2021,Delivered,4058.4,
5008219,301309,501,14-Apr-26,26-04-2026,pending ,33821.21,
5008220,301674,514,17-04-2024,25-04-2024,Cancelled,149777.1,
5008221,302784,533,29-07-2025,04-08-2025,Shipped,29165.59,
5008222,302331,533,04-02-2025,04-02-2025,Returned,7722.84,
5008223,301447,502,17-12-2025,29-12-2025,Cancelled,56326.92,
5008224,302670,505,19-01-2025,22-01-2025,SHIPPED,38912.9,
5008225,301509,522,11-07-2026,19-07-2026,pending ,102571.56,
5008226,302268,518,20-11-2022,21-11-2022,pending ,124867.08,
5008227,300411,526,02-06-2023,06-09-2023,Pending,80811.33,
5008228,302565,530,01-06-2025,10-Jun-25,pending ,64995.81,
5008229,300617,516,28-04-2024,09-05-2024,pending ,51349.46,
5008230,302657,540,26-07-2024,27-07-2024,Cancelled,64411.87,
5008231,300933,523,31-12-2024,09-01-2025,Pending,-7297.2,
5008232,301843,516,19-10-2025,20-10-2025,delivered,51613.85,
5008233,300930,526,18-06-2025,22-06-2025,pending ,45550.45,
5008234,301240,524,28-May-23,04-06-2023,Shipped,96890.89,
5008235,301251,509,10-12-2025,12-17-2025,pending ,2443.28,
5008236,301284,533,01-10-2025,12-Oct-25,pending ,68084.3,
5008237,300444,518,01-08-2023,05-08-2023,delivered,18247.57,
5008238,301083,502,28-03-2024,08-04-2024,SHIPPED,0,
5008239,300070,537,13-09-2025,17-09-2025,Cancelled,82968.17,
5008240,302354,520,10-10-2025,20-10-2025,Shipped,148204.33,
5008241,300556,513,13-01-2025,15-01-2025,Pending,,
5008242,302074,530,10-08-2024,18-08-2024,Cancelled,89152.3,
5008243,300508,521,07-09-2024,10-09-2024,Cancelled,5208.05,
5008244,301000,522,11-09-2025,11-09-2025,Cancelled,3421.05,
5008245,302401,534,20-01-2026,26-01-2026,Delivered,31160.54,
5008246,301895,507,30-01-2025,07-02-2025,SHIPPED,,
5008247,301657,507,29-07-2025,06-08-2025,SHIPPED,76648.48,
5008248,302754,516,02-02-2024,12-02-2024,Returned,2078.3,
5008249,301587,503,15-11-2025,27-11-2025,SHIPPED,65912.96,
5008250,302278,527,17-02-2024,21-02-2024,Returned,,
5008251,302935,501,12-09-2025,12-09-2025,delivered,21687.38,
5008252,301549,505,22-02-2025,24-02-2025,Shipped,26575.36,
5008253,300606,507,29-07-2025,06-08-2025,Shipped,8516.97,
5008254,300060,516,19-06-2022,27-06-2022,SHIPPED,23664.23,
5008255,300659,525,12-08-2025,14-08-2025,Pending,7949.46,
5008256,300731,527,22-01-2026,27-01-2026,Cancelled,,
5008257,301935,514,15-09-2025,20-09-2025,pending ,10571.82,
5008258,302753,520,12-01-2024,18-01-2024,Cancelled,44353.78,
5008259,302517,536,22-10-2024,10-27-2024,pending ,20561.93,
5008260,302319,521,20-06-2026,23-06-2026,Cancelled,85911.57,
5008261,302769,516,27-11-2023,09-12-2023,Returned,45906.89,
5008262,301863,534,21-03-2025,26-03-2025,Pending,38811.32,
5008263,300483,518,06-09-2021,18-09-2021,Shipped,10093.68,
5008264,302310,533,26-03-2026,,Shipped,,
5008265,302059,501,09-11-2024,09-11-2024,Returned,4355.76,
5008266,300147,509,14-09-2025,22-09-2025,Cancelled,11018.19,
5008267,300271,505,03-06-2025,,pending ,47962.64,
5008268,302751,524,04-10-2024,16-10-2024,Cancelled,16156.3,
5008269,300825,533,30-01-2025,31-Jan-25,Shipped,36775.91,
5008270,302416,519,20-10-2025,31-10-2025,Cancelled,100.66,
5008271,300658,520,15-12-2024,23-12-2024,Pending,98076.67,
5008272,302906,531,14-02-2026,17-02-2026,Shipped,-1083.17,
5008273,301019,526,04-10-2025,16-10-2025,SHIPPED,65987.72,
5008274,301937,506,09-08-2025,12-08-2025,Returned,69523.13,
5008275,302978,515,04-02-2026,12-02-2026,Shipped,,
5008276,300678,503,28-06-2025,30-06-2025,delivered,36259.56,
5008277,302809,504,22-11-2024,29-11-2024,pending ,96546.28,
5008278,302403,511,04-11-2025,16-11-2025,Returned,62618.29,
5008279,300428,536,22-08-2025,26-08-2025,Returned,89520.06,
5008280,302021,514,19-05-2025,25-05-2025,Cancelled,,
5008281,301689,508,06-06-2025,07-06-2025,Shipped,51715.22,
5008282,300011,511,15-Feb-25,27-02-2025,Shipped,44763.32,
5008283,300515,518,26-05-2025,05-06-2025,SHIPPED,,
5008284,301044,525,07-04-2025,13-04-2025,Delivered,35440.62,
5008285,300265,522,04-03-2026,,Cancelled,72316.04,
5008286,300125,524,20-04-2026,29-04-2026,Shipped,49515.3,
5008287,301084,528,13-07-2024,14-07-2024,Pending,91486.34,
5008288,300233,525,12-12-2023,16-12-2023,Shipped,139005.72,
5008289,300870,539,31-07-2026,04-08-2026,Cancelled,32840.26,
5008290,301245,520,30-05-2025,11-06-2025,Pending,65528.65,
5008291,300011,512,20-11-2025,28-11-2025,Shipped,35560.95,
5008292,302713,516,12-03-2022,15-03-2022,Cancelled,16258.87,
5008293,300626,507,15-03-2025,22-03-2025,Delivered,,
5008294,301748,502,05-05-2025,11-May-25,pending ,,
5008295,300659,523,14-05-2024,16-05-2024,Delivered,252114.87,
5008296,301846,525,29-Sep-25,03-10-2025,SHIPPED,87981.66,
5008297,300157,539,02-09-2025,06-09-2025,SHIPPED,64032.42,
5008298,301342,523,08-01-2025,20-01-2025,Returned,78672.3,
5008299,302931,521,14-01-2021,15-Jan-21,Shipped,26621.42,
5008300,301982,503,10-01-2025,16-01-2025,Cancelled,160797.8,
5008301,300546,514,20-05-2026,24-05-2026,delivered,125585.93,
5008302,301226,516,23-11-2024,23-11-2024,Pending,20075.89,
5008303,302115,507,16-Nov-23,28-11-2023,Pending,16079.61,
5008304,301940,501,26-02-2026,06-03-2026,delivered,31705.16,
5008305,300171,511,27-06-2026,08-07-2026,SHIPPED,19707.52,
5008306,300186,515,05-06-2025,06-06-2025,Pending,,
5008307,301986,519,21-09-2025,30-09-2025,SHIPPED,67269.12,
5008308,302892,536,16-12-2025,20-12-2025,Pending,19298.19,
5008309,301708,524,12-07-2022,11-12-2022,delivered,96046.88,
5008310,301641,531,02-08-2025,02-08-2025,Returned,87368.09,
5008311,301756,504,07-06-2024,13-06-2024,Returned,82980.07,
5008312,301459,525,15-01-2026,18-01-2026,delivered,121228.34,
5008313,300747,505,23-04-2025,01-05-2025,Shipped,121741.86,
5008314,302829,521,30-09-2024,06-10-2024,Delivered,,
5008315,300795,525,23-03-2026,25-Mar-26,Cancelled,,
5008316,301300,514,23-04-2026,03-05-2026,Returned,64496.28,
5008317,300745,539,04-02-2026,02-04-2026,SHIPPED,24041.99,
5008318,302520,521,15-10-2025,17-10-2025,pending ,100821.24,
5008319,300940,537,09-03-2021,,Pending,33445.86,
5008320,300883,515,06-04-2026,16-06-2026,SHIPPED,61302.61,
5008321,300350,512,26-08-2024,31-08-2024,SHIPPED,42979.57,
5008322,302037,532,29-03-2025,30-03-2025,Delivered,,
5008323,301127,508,04-05-2024,04-May-24,Pending,138306.55,
5008324,300507,536,21-05-2026,02-06-2026,SHIPPED,174443.29,
5008325,300979,535,25-04-2026,04-05-2026,Delivered,4816.77,
5008326,301238,537,28-12-2025,30-12-2025,Returned,79362.39,
5008327,301503,504,17-05-2025,19-05-2025,Shipped,22209.08,
5008328,301274,501,16-10-2025,21-10-2025,Cancelled,5858.62,
5008329,301176,504,26-04-2023,07-05-2023,Cancelled,231512.73,
5008330,301478,534,14-10-2024,21-10-2024,Cancelled,12337.34,
5008331,301604,510,21-02-2024,23-02-2024,Delivered,24812.31,
5008332,301902,515,05-05-2025,12-05-2025,SHIPPED,1575.1,
5008333,302460,540,11-05-2026,16-05-2026,Shipped,60245.13,
5008334,300939,520,28-07-2025,02-08-2025,SHIPPED,161985.21,
5008335,301849,536,27-07-2025,30-07-2025,Pending,,
5008336,302898,513,08-05-2026,08-May-26,Pending,62956.97,
5008337,301958,510,13-07-2025,20-07-2025,SHIPPED,58382.13,
5008338,302429,518,17-05-2026,24-May-26,pending ,64976.78,
5008339,300917,522,08-03-2025,19-03-2025,Returned,17234.61,
5008340,300114,517,11-03-2025,23-03-2025,Pending,14917.41,
5008341,301787,503,27-04-2023,07-05-2023,Delivered,47394.7,
5008342,302167,508,23-07-2023,31-07-2023,Delivered,24285.25,
5008343,301569,526,04-05-2024,07-05-2024,Cancelled,54469.66,
5008344,301562,524,15-12-2025,12-15-2025,Shipped,105908.34,
5008345,302865,521,10-02-2026,13-02-2026,Cancelled,,
5008346,300098,525,08-07-2026,08-07-2026,Shipped,,
5008347,302308,522,04-10-2025,09-10-2025,Delivered,75923.34,
5008348,301200,525,30-10-2025,11-05-2025,SHIPPED,,
5008349,301431,538,09-05-2022,11-05-2022,Delivered,43097.95,
5008350,301139,518,09-09-2024,09-09-2024,SHIPPED,18526.01,
5008351,301595,516,24-Apr-25,,Delivered,83784.92,
5008352,300435,521,01-13-2026,20-01-2026,Returned,,
5008353,302023,539,08-06-2025,14-06-2025,Delivered,24639.86,
5008354,302941,524,19-05-2025,05-22-2025,Pending,47124.85,
5008355,302428,514,04-05-2025,05-04-2025,Shipped,96081.38,
5008356,302906,526,01-08-2022,01-08-2022,Returned,15240.36,
5008357,300742,536,20-09-2025,30-09-2025,Delivered,95275.65,
5008358,300291,509,06-02-2023,10-02-2023,Returned,27980.68,
5008359,301970,540,30-11-2024,10-12-2024,SHIPPED,151955.55,
5008360,302580,524,12-06-2025,07-12-2025,Pending,44261.22,
5008361,301842,539,17-07-2025,23-07-2025,Delivered,132373.86,
5008362,300474,504,07-06-2025,08-06-2025,pending ,218520.12,
5008363,300119,506,15-09-2025,25-09-2025,pending ,18499.98,
5008364,302234,516,16-12-2023,23-12-2023,SHIPPED,64347.67,
5008365,301408,538,24-07-2026,27-07-2026,Returned,,
5008366,302706,516,16-07-2025,26-07-2025,Cancelled,,
5008367,302854,523,04-04-2025,05-04-2025,Returned,62082.41,
5008368,300362,531,13-05-2025,15-05-2025,delivered,41213.41,
5008369,300886,537,21-07-2025,02-Aug-25,delivered,,
5008370,302626,509,08-06-2026,18-06-2026,Shipped,138365.28,
5008371,301099,539,13-02-2025,21-02-2025,pending ,550.56,
5008372,302468,534,15-01-2024,20-01-2024,delivered,51278.43,
5008373,302655,511,07-03-2023,18-03-2023,Cancelled,5808.32,
5008374,301372,528,02-15-2026,15-02-2026,Shipped,51419.64,
5008375,301198,503,05-02-2024,13-02-2024,SHIPPED,100979.55,
5008376,301406,505,09-01-2024,15-01-2024,pending ,,
5008377,300744,538,03-06-2026,03-06-2026,SHIPPED,20407.02,
5008378,301845,539,18-Aug-23,30-08-2023,pending ,59278.51,
5008379,300754,513,24-11-2025,,Returned,11305.13,
5008380,300128,524,19-09-2025,,delivered,,
5008381,300339,526,30-04-2026,05-05-2026,SHIPPED,96931.57,
5008382,300319,509,02-02-2025,09-02-2025,delivered,46995.62,
5008383,300991,538,21-08-2024,30-08-2024,Shipped,35341.87,
5008384,300179,536,17-03-2024,29-03-2024,SHIPPED,134024.37,
5008385,302869,509,12-02-2025,24-02-2025,delivered,101276.82,
5008386,302332,502,06-13-2026,16-06-2026,Returned,39987.07,
5008387,300938,531,06-29-2026,29-06-2026,Delivered,121665.73,
5008388,301001,512,03-22-2026,02-04-2026,delivered,111653.5,
5008389,301234,535,12-11-2022,,Pending,45910.59,
5008390,302740,537,06-01-2026,12-01-2026,Shipped,60584.03,
5008391,301161,536,31-12-2024,11-01-2025,Pending,11747.66,
5008392,301749,517,06-24-2022,01-07-2022,Delivered,82242.65,
5008393,300388,536,20-05-2023,26-05-2023,Cancelled,,
5008394,302938,502,07-10-2025,13-10-2025,pending ,15110.19,
5008395,300338,521,14-05-2024,22-05-2024,SHIPPED,73106.87,
5008396,302588,537,10-06-2025,16-06-2025,Returned,36886.39,
5008397,300033,536,11-06-2024,11-06-2024,SHIPPED,38442.83,
5008398,301454,506,12-12-2025,22-12-2025,Returned,18380.21,
5008399,300208,531,29-05-2025,07-06-2025,delivered,49307.86,
5008400,301470,540,10-Sep-22,,Cancelled,45448.01,
5008401,301639,515,04-01-2026,15-01-2026,Delivered,90410.15,
5008402,300466,540,29-07-2026,07-08-2026,Delivered,11099.77,
5008403,302126,525,16-Sep-25,25-09-2025,Returned,,
5008404,302586,537,05-06-2024,05-14-2024,Pending,39768.3,
5008405,300358,521,24-Jul-26,26-07-2026,SHIPPED,6311.7,
5008406,301373,514,14-08-2025,20-08-2025,Returned,34979.94,
5008407,302635,501,30-08-2024,09-04-2024,delivered,-16605.29,
5008408,300680,520,24-06-2022,03-07-2022,Pending,,
5008409,301149,521,27-05-2022,04-06-2022,pending ,562.55,
5008410,300589,522,14-05-2026,14-05-2026,delivered,12701.67,
5008411,300071,508,19-05-2026,19-05-2026,Shipped,2617.36,
5008412,300038,508,26-02-2025,03-09-2025,delivered,23782.16,
5008413,300061,508,13-05-2023,18-05-2023,delivered,,
5008414,302067,530,27-12-2024,27-12-2024,Shipped,,
5008415,302495,524,10-07-2026,07-15-2026,SHIPPED,,
5008416,300603,521,24-08-2024,25-08-2024,SHIPPED,96175.33,
5008417,301555,506,01-Dec-25,12-09-2025,delivered,108192.33,
5008418,301331,507,06-11-2022,13-06-2022,Cancelled,117125.73,
5008419,300437,518,05-20-2026,30-05-2026,Returned,46706.13,
5008420,301987,521,25-04-2025,27-04-2025,Pending,70001.82,
5008421,302644,510,30-07-2025,30-07-2025,pending ,,
5008422,301663,521,17-10-2025,22-10-2025,Shipped,68935.75,
5008423,300328,535,06-07-2022,08-07-2022,Cancelled,,
5008424,301597,522,31-01-2023,01-02-2023,Shipped,12542.72,
5008425,301913,528,11-07-2026,07-19-2026,SHIPPED,6564.21,
5008426,301683,515,08-09-2023,08-09-2023,SHIPPED,28114.98,
5008427,300598,512,04-Aug-25,09-08-2025,Pending,149875.56,
5008428,302761,538,06-10-2022,13-10-2022,Pending,,
5008429,300372,515,16-03-2024,03-21-2024,Shipped,22520.14,
5008430,302457,540,10-11-2025,17-11-2025,Cancelled,125869.48,
5008431,300927,528,15-07-2026,18-07-2026,Returned,18185.88,
5008432,301779,513,19-07-2024,26-07-2024,Cancelled,22235.85,
5008433,300914,503,19-06-2025,24-06-2025,Pending,34073.02,
5008434,301725,539,11-08-2024,17-08-2024,Cancelled,54358.33,
5008435,301978,503,08-01-2025,14-01-2025,Pending,,
5008436,302751,501,11-02-2025,12-02-2025,Pending,80519.01,
5008437,302112,506,26-09-2024,26-09-2024,pending ,26176.56,
5008438,301200,510,30-09-2025,12-10-2025,delivered,57804.16,
5008439,301783,528,20-03-2025,30-03-2025,Shipped,138519.55,
5008440,301011,503,16-03-2025,28-03-2025,SHIPPED,93216.9,
5008441,300436,512,27-05-2025,30-05-2025,Delivered,49085.42,
5008442,301656,507,05-07-2025,09-07-2025,Shipped,43280.43,
5008443,300763,503,02-16-2022,17-02-2022,pending ,47445.41,
5008444,302160,506,26-04-2024,08-05-2024,SHIPPED,80342.92,
5008445,302616,509,15-07-2023,15-07-2023,Returned,126420.1,
5008446,302999,517,14-03-2023,20-03-2023,Pending,,
5008447,300928,513,01-04-2023,09-Apr-23,Cancelled,,
5008448,300941,502,29-12-2023,01-01-2024,Returned,1787.58,
5008449,302046,530,04-04-2025,10-04-2025,delivered,77345.58,
5008450,301454,506,15-09-2025,17-09-2025,delivered,,
5008451,302616,517,01-May-26,02-05-2026,Returned,,
5008452,300203,515,29-08-2025,04-09-2025,delivered,30886.09,
5008453,302768,537,30-08-2025,30-Aug-25,pending ,41172,
5008454,302913,524,02-07-2026,14-07-2026,Delivered,66147.52,
5008455,302012,537,18-01-2025,26-01-2025,delivered,123678.35,
5008456,300352,513,20-11-2023,21-11-2023,delivered,59336.6,
5008457,302859,524,24-07-2026,05-08-2026,pending ,132882.58,
5008458,302802,523,30-07-2025,11-08-2025,SHIPPED,30238.52,
5008459,300173,506,11-04-2026,13-04-2026,SHIPPED,76575.09,
5008460,300792,528,17-03-2026,26-03-2026,Cancelled,40968.67,
5008461,300239,504,03-11-2025,14-11-2025,pending ,95127.95,
5008462,300314,510,13-03-2022,13-03-2022,SHIPPED,54685.59,
5008463,302759,507,08-07-2023,15-07-2023,Returned,86203.56,
5008464,300146,516,16-03-2023,22-03-2023,Shipped,,
5008465,300411,502,22-02-2026,05-03-2026,Cancelled,121646.17,
5008466,302660,503,23-11-2024,04-12-2024,Cancelled,63874.51,
5008467,301491,509,06-10-2023,06-10-2023,delivered,194.93,
5008468,300217,522,18-10-2024,21-10-2024,pending ,93989.37,
5008469,300487,503,17-08-2025,18-08-2025,pending ,30875.31,
5008470,300330,510,07-25-2024,,SHIPPED,25767.5,
5008471,301578,509,10-06-2024,13-06-2024,SHIPPED,13117.27,
5008472,302357,507,16-06-2025,23-06-2025,Pending,35919.08,
5008473,301711,536,14-12-2024,15-12-2024,pending ,148163.5,
5008474,301153,521,27-11-2025,,Shipped,22811.1,
5008475,302702,534,13-01-2023,21-01-2023,Returned,21662.69,
5008476,301839,532,15-03-2023,16-03-2023,SHIPPED,23735.35,
5008477,301904,519,03-06-2026,15-06-2026,pending ,30810.21,
5008478,300892,536,01-11-2025,03-11-2025,Shipped,27502.75,
5008479,300503,539,03-05-2025,06-05-2025,Cancelled,202735.01,
5008480,302899,533,20-05-2026,24-05-2026,delivered,23080.92,
5008481,302068,511,16-Jun-24,24-06-2024,pending ,800.31,
5008482,300972,508,18-08-2023,,pending ,57578.22,
5008483,300976,529,19-05-2024,21-05-2024,Cancelled,67577.18,
5008484,301306,520,27-01-2025,03-02-2025,SHIPPED,91741.49,
5008485,300542,537,11-07-2025,16-07-2025,SHIPPED,91499.28,
5008486,301268,536,11-30-2022,12-12-2022,Pending,,
5008487,300671,526,26-03-2023,28-03-2023,Pending,19771.84,
5008488,300700,507,01-06-2024,11-06-2024,Delivered,,
5008489,300025,522,02-11-2025,04-11-2025,SHIPPED,100961.03,
5008490,302521,522,16-07-2023,07-20-2023,Delivered,,
5008491,300963,511,29-05-2025,01-06-2025,SHIPPED,43634.96,
5008492,302583,505,19-05-2026,21-05-2026,Cancelled,169361.3,
5008493,302059,512,05-02-2023,06-02-2023,delivered,129299.08,
5008494,301107,515,25-06-2023,27-06-2023,Shipped,19954.99,
5008495,300072,523,19-12-2025,,Delivered,77931.81,
5008496,302457,539,28-06-2025,04-07-2025,Shipped,101400.68,
5008497,300212,524,29-Jan-26,,Shipped,24784.48,
5008498,300336,530,12-03-2023,20-03-2023,Pending,2761.47,
5008499,300628,533,27-06-2024,01-07-2024,Returned,9289.52,
5008500,301901,531,20-11-2023,20-11-2023,Cancelled,0,
5008501,301147,530,28-07-2024,,Returned,,
5008502,301223,532,04-08-2022,11-08-2022,Returned,116228.65,
5008503,300480,525,07-22-2022,24-07-2022,Pending,,
5008504,300581,503,30-04-2022,03-05-2022,SHIPPED,2501.8,
5008505,301850,535,21-08-2022,08-23-2022,SHIPPED,18177.7,
5008506,300391,509,05-08-2024,08-06-2024,Shipped,82272.9,
5008507,301170,503,19-03-2025,25-03-2025,Cancelled,90.51,
5008508,301212,511,14-08-2024,16-08-2024,Cancelled,66210.43,
5008509,300433,529,27-07-2025,06-08-2025,pending ,153507.59,
5008510,301083,516,17-08-2024,26-08-2024,Pending,42654.69,
5008511,300919,530,18-02-2026,26-02-2026,pending ,,
5008512,300094,512,14-05-2024,05-19-2024,pending ,132005.62,
5008513,300175,539,06-05-2025,16-05-2025,Cancelled,,
5008514,302469,511,16-09-2025,17-09-2025,SHIPPED,,
5008515,300168,518,03-03-2024,04-03-2024,Cancelled,93781.4,
5008516,302162,504,09-01-2023,17-01-2023,SHIPPED,824.08,
5008517,302850,527,17-08-2025,27-08-2025,pending ,63157.38,
5008518,300392,538,30-12-2025,03-01-2026,Cancelled,8585.67,
5008519,301222,518,04-05-2022,05-16-2022,Shipped,175445.6,
5008520,301146,526,07-04-2025,04-11-2025,Cancelled,,
5008521,300243,510,12-18-2024,20-12-2024,Pending,200700.31,
5008522,302156,520,10-04-2025,20-04-2025,delivered,7988.26,
5008523,302285,509,12-01-2024,11-12-2024,pending ,17759.98,
5008524,300480,529,04-11-2025,04-11-2025,delivered,5905.09,
5008525,302363,523,28-10-2025,29-10-2025,Pending,65832.1,
5008526,300794,511,11-03-2025,14-03-2025,Shipped,,
5008527,301799,521,29-06-2023,30-06-2023,Returned,4460.08,
5008528,300692,510,16-07-2025,26-07-2025,Shipped,47661.19,
5008529,302338,515,10-27-2025,01-11-2025,Returned,72603.71,
5008530,301866,501,31-01-2025,04-02-2025,Returned,107130.42,
5008531,302925,532,17-03-2024,03-21-2024,Delivered,3592.67,
5008532,301903,521,12-24-2022,27-12-2022,Pending,54283.28,
5008533,302391,522,17-02-2025,01-03-2025,Shipped,82295.63,
5008534,300547,526,29-04-2026,,Pending,56213.95,
5008535,300686,511,29-05-2026,31-05-2026,SHIPPED,98838.32,
5008536,302924,532,21-12-2025,22-12-2025,SHIPPED,,
5008537,300932,516,12-03-2023,19-03-2023,SHIPPED,55711.26,
5008538,300671,520,28-06-2025,10-Jul-25,Shipped,61020.78,
5008539,302775,528,03-04-2026,,Delivered,338.28,
5008540,302579,504,06-01-2025,17-01-2025,Cancelled,,
5008541,301774,526,27-05-2026,02-06-2026,delivered,20844.82,
5008542,302841,536,03-Dec-22,14-12-2022,Delivered,125148.62,
5008543,300849,522,26-05-2023,31-05-2023,pending ,,
5008544,300967,508,15-11-2025,11-15-2025,Pending,267438.97,
5008545,302330,509,18-03-2024,21-03-2024,pending ,36224.08,
5008546,300113,517,15-07-2026,07-15-2026,SHIPPED,63941.39,
5008547,302120,540,29-01-2026,10-02-2026,SHIPPED,51294.7,
5008548,301334,531,07-11-2023,14-07-2023,delivered,24258.56,
5008549,302403,517,14-03-2026,,Shipped,25880.22,
5008550,302874,521,06-02-2026,10-02-2026,Cancelled,27077.17,
5008551,302261,522,08-25-2025,,Pending,18654.57,
5008552,302420,526,09-08-2025,13-08-2025,delivered,15530.79,
5008553,302238,508,03-12-2023,10-12-2023,Returned,51717.23,
5008554,300028,507,08-04-2021,04-16-2021,Cancelled,-3341.02,
5008555,301244,535,24-12-2021,28-12-2021,Delivered,94693.18,
5008556,301654,531,07-04-2026,09-04-2026,Delivered,,
5008557,301622,521,04-02-2025,08-02-2025,Delivered,54802.05,
5008558,300353,521,13-11-2024,21-11-2024,Delivered,66319.29,
5008559,302882,540,03-11-2025,11-03-2025,Pending,1305.28,
5008560,301893,514,19-02-2025,25-02-2025,Pending,45475.62,
5008561,301139,533,14-05-2024,,Returned,111893.63,
5008562,301978,536,09-05-2026,20-05-2026,Shipped,,
5008563,301460,516,23-11-2021,01-12-2021,Cancelled,16049.33,
5008564,300301,517,10-08-2022,13-08-2022,Shipped,43173.9,
5008565,301828,539,02-Jun-25,06-06-2025,Shipped,43685.41,
5008566,302485,538,27-May-25,03-06-2025,Cancelled,23344.87,
5008567,301432,502,21-10-2024,10-31-2024,Pending,10112.77,
5008568,300146,532,06-01-2024,09-01-2024,Pending,99349.27,
5008569,300101,508,02-02-2024,06-02-2024,Returned,64392.54,
5008570,300539,532,24-12-2025,29-12-2025,pending ,6647.85,
5008571,300885,531,07-05-2026,13-05-2026,SHIPPED,49967.65,
5008572,301989,534,17-06-2025,17-06-2025,Delivered,161484.56,
5008573,302513,529,05-06-2026,,Shipped,27265.92,
5008574,301523,535,09-09-2023,21-09-2023,SHIPPED,54410.19,
5008575,300664,511,09-10-2025,16-10-2025,Pending,78973.87,
5008576,300689,519,27-01-2024,30-Jan-24,Delivered,,
5008577,302866,512,03-11-2021,15-11-2021,Cancelled,7407.87,
5008578,300823,509,27-06-2024,04-07-2024,SHIPPED,107399.46,
5008579,302948,510,17-12-2025,19-12-2025,Delivered,105334.72,
5008580,301581,510,05-09-2025,08-09-2025,Pending,16594.37,
5008581,301088,512,23-06-2022,26-06-2022,Pending,75816.7,
5008582,302700,503,21-02-2026,05-Mar-26,delivered,58418.99,
5008583,302168,534,23-05-2024,27-05-2024,Cancelled,53290.39,
5008584,302764,517,18-01-2023,25-01-2023,Returned,102559.66,
5008585,300200,519,19-10-2025,24-10-2025,Returned,21713.55,
5008586,302217,516,25-11-2024,01-12-2024,Pending,37106.92,
5008587,300255,540,19-02-2024,24-02-2024,Shipped,,
5008588,300089,522,31-12-2025,09-01-2026,Shipped,2701.99,
5008589,301946,506,02-06-2021,14-06-2021,Cancelled,102360.06,
5008590,300124,517,10-11-2023,16-Nov-23,Pending,50198.73,
5008591,302286,530,27-05-2023,30-05-2023,Returned,52706.34,
5008592,302090,532,27-05-2023,08-06-2023,Pending,14199.15,
5008593,300260,515,12-02-2025,13-02-2025,Shipped,25668.53,
5008594,302103,537,11-25-2023,29-11-2023,pending ,68590.79,
5008595,300207,507,05-03-2026,12-03-2026,Returned,46198.61,
5008596,300857,531,21-01-2024,28-01-2024,Returned,21890.2,
5008597,301305,515,21-01-2026,,pending ,33952.22,
5008598,301707,516,24-04-2025,24-04-2025,Returned,33400.23,
5008599,301854,516,13-12-2024,15-12-2024,delivered,57882.71,
5008600,302331,531,26-07-2026,30-07-2026,Delivered,,
5008601,301270,521,03-12-2023,10-12-2023,Delivered,8803.37,
5008602,301147,504,13-04-2025,13-04-2025,Pending,80025.18,
5008603,301148,539,04-10-2025,07-10-2025,Pending,91627.71,
5008604,300030,539,19-09-2025,25-09-2025,Delivered,22641.49,
5008605,302073,537,27-04-2026,27-04-2026,Cancelled,41151.31,
5008606,301085,518,26-06-2024,03-07-2024,pending ,18319.16,
5008607,302113,527,02-07-2025,13-02-2025,Cancelled,0,
5008608,300296,519,07-Nov-25,,Shipped,,
5008609,301106,512,11-03-2026,14-03-2026,delivered,101512.44,
5008610,301089,536,26-06-2026,29-06-2026,Pending,178704.63,
5008611,300611,532,09-02-2026,09-02-2026,pending ,43733.62,
5008612,302685,540,18-04-2025,20-04-2025,delivered,69220.38,
5008613,301078,503,17-02-2026,18-02-2026,Returned,18902.47,
5008614,301475,526,27-Mar-26,05-04-2026,Returned,90951.39,
5008615,300995,507,21-10-2024,31-10-2024,Shipped,69008.72,
5008616,302040,501,25-04-2026,01-May-26,Cancelled,148501.1,
5008617,301431,539,13-05-2022,14-05-2022,Cancelled,22415.59,
5008618,302969,538,24-05-2023,30-05-2023,Returned,,
5008619,301492,501,11-02-2024,12-02-2024,SHIPPED,,
5008620,301879,524,03-01-2026,01-03-2026,Returned,80531.44,
5008621,302808,505,29-01-2026,03-02-2026,Returned,60676.02,
5008622,300207,517,03-03-2026,14-03-2026,Pending,78775.22,
5008623,301176,514,03-06-2021,,Returned,19448.46,
5008624,301751,536,27-01-2026,04-02-2026,pending ,25937.89,
5008625,301769,521,06-11-2025,15-11-2025,SHIPPED,4639.34,
5008626,300779,530,31-10-2022,01-11-2022,Pending,64780.87,
5008627,302634,536,09-11-2025,19-09-2025,pending ,,
5008628,301696,501,02-02-2026,05-02-2026,pending ,,
5008629,301351,518,05-08-2024,06-08-2024,Returned,44030.25,
5008630,301015,510,08-01-2026,09-01-2026,Shipped,104290.41,
5008631,302579,512,03-02-2026,05-02-2026,Returned,64762.22,
5008632,302107,530,08-02-2026,10-02-2026,Cancelled,71235.91,
5008633,301983,536,10-04-2025,04-18-2025,SHIPPED,9984.18,
5008634,300721,519,21-02-2025,21-02-2025,Shipped,,
5008635,301555,527,24-01-2025,03-02-2025,Returned,34306.56,
5008636,302694,539,08-02-2025,14-02-2025,Pending,46608.45,
5008637,300753,517,30-05-2026,01-06-2026,Shipped,18704.6,
5008638,300318,509,03-06-2025,14-06-2025,Shipped,,
5008639,301167,508,29-10-2025,29-10-2025,Returned,167334.01,
5008640,300051,533,26-05-2023,05-06-2023,Returned,79871.13,
5008641,300466,527,27-02-2026,27-02-2026,Delivered,76309.33,
5008642,301215,502,05-10-2022,15-05-2022,SHIPPED,151430.8,
5008643,301283,525,20-09-2022,26-09-2022,Cancelled,93031.72,
5008644,301212,524,22-06-2026,22-06-2026,SHIPPED,,
5008645,300985,537,19-08-2023,25-08-2023,Delivered,88821.02,
5008646,302687,529,05-08-2023,17-08-2023,Returned,122438.18,
5008647,301986,538,08-06-2026,11-06-2026,Delivered,101073,
5008648,301963,528,05-10-2022,13-10-2022,delivered,-4248.87,
5008649,300018,535,25-06-2025,30-06-2025,SHIPPED,50297.63,
5008650,301622,507,03-01-2023,04-01-2023,SHIPPED,19446.82,
5008651,301031,524,11-01-2024,14-01-2024,Delivered,64859.96,
5008652,302836,506,28-09-2025,28-09-2025,delivered,,
5008653,300587,526,11-12-2024,16-12-2024,Returned,1013.01,
5008654,302894,512,05-10-2021,09-10-2021,delivered,9484.08,
5008655,300359,522,19-03-2025,30-03-2025,Delivered,56196.56,
5008656,301413,503,20-11-2025,27-11-2025,Shipped,122328.96,
5008657,300491,535,21-04-2024,01-05-2024,delivered,57554.74,
5008658,300502,524,23-Aug-24,25-08-2024,Returned,60696.87,
5008659,302794,529,18-11-2024,21-11-2024,Returned,50100.05,
5008660,302669,512,06-09-2025,10-09-2025,Shipped,22633.3,
5008661,302864,509,04-12-2024,15-12-2024,SHIPPED,69426.88,
5008662,300771,524,18-04-2026,25-04-2026,pending ,19401.72,
5008663,301288,513,13-09-2025,09-20-2025,Returned,20348.11,
5008664,300263,521,08-09-2024,09-09-2024,Shipped,95078.05,
5008665,302848,538,16-11-2024,27-11-2024,SHIPPED,76590.86,
5008666,301642,518,24-06-2025,,Delivered,95888.24,
5008667,300176,513,10-02-2024,22-02-2024,Returned,8860.17,
5008668,300348,528,04-01-2025,04-01-2025,Delivered,15980.9,
5008669,302551,524,22-01-2025,26-01-2025,Cancelled,107613.62,
5008670,301689,538,09-02-2026,15-02-2026,delivered,63363.05,
5008671,301678,526,03-08-2023,03-08-2023,Pending,99712.11,
5008672,301360,514,07-11-2025,08-11-2025,pending ,26008.77,
5008673,301285,520,03-10-2021,07-Oct-21,Pending,34672.83,
5008674,301292,503,05-12-2024,07-Dec-24,Returned,83510.39,
5008675,301425,528,01-09-2025,15-01-2025,pending ,,
5008676,300818,501,11-02-2026,14-02-2026,delivered,106413.97,
5008677,302564,525,01-11-2024,10-11-2024,delivered,121652.46,
5008678,300845,525,07-04-2025,13-04-2025,Pending,93403.37,
5008679,300491,537,26-10-2025,31-10-2025,SHIPPED,25320.78,
5008680,302693,536,20-07-2021,22-07-2021,Cancelled,86081.25,
5008681,300934,534,03-Apr-26,10-04-2026,Delivered,3716.59,
5008682,302351,505,27-06-2023,05-07-2023,Shipped,12521.95,
5008683,301493,513,02-10-2024,05-10-2024,SHIPPED,121505.89,
5008684,300587,535,27-Jul-26,02-08-2026,Shipped,,
5008685,300446,533,10-11-2025,21-11-2025,Shipped,179336.73,
5008686,300967,524,19-05-2026,28-05-2026,Pending,97926.81,
5008687,301745,504,28-02-2025,07-03-2025,SHIPPED,24305.47,
5008688,300786,507,21-01-2024,21-01-2024,Pending,,
5008689,301712,511,03-12-2024,,Pending,,
5008690,300305,513,29-08-2021,08-09-2021,Shipped,128174.16,
5008691,300655,502,18-02-2025,27-02-2025,delivered,,
5008692,300805,520,28-06-2026,05-07-2026,Delivered,,
5008693,302823,513,01-09-2025,06-09-2025,Cancelled,85936.18,
5008694,302939,540,05-30-2024,04-06-2024,SHIPPED,,
5008695,302864,501,05-09-2025,05-09-2025,Returned,50735.74,
5008696,302495,519,02-08-2025,04-08-2025,Shipped,181821.76,
5008697,302386,504,31-Jul-26,04-08-2026,Cancelled,107021.57,
5008698,302708,506,19-10-2022,23-Oct-22,Returned,20656.03,
5008699,300462,509,19-01-2026,28-01-2026,delivered,15011.88,
5008700,300594,537,31-01-2025,08-02-2025,pending ,3689.36,
5008701,300312,527,13-07-2024,24-07-2024,Returned,21150.31,
5008702,301618,534,16-04-2023,18-04-2023,SHIPPED,102849.51,
5008703,300974,529,11-07-2021,22-07-2021,SHIPPED,-1779.59,
5008704,300505,506,21-06-2024,29-06-2024,Cancelled,0,
5008705,302855,508,31-07-2026,12-08-2026,Delivered,53719.15,
5008706,300190,533,07-12-2022,17-12-2022,Returned,148851.81,
5008707,301459,507,20-09-2023,22-09-2023,Delivered,237144.97,
5008708,300846,526,17-Oct-25,21-10-2025,Cancelled,47512.65,
5008709,302091,529,26-05-2026,07-06-2026,pending ,8644.43,
5008710,302306,529,15-01-2025,16-Jan-25,delivered,183026.99,
5008711,302572,505,19-08-2025,,SHIPPED,124744.5,
5008712,300335,525,18-09-2025,18-09-2025,Pending,138952.16,
5008713,302791,502,23-04-2023,05-05-2023,Pending,135407.13,
5008714,301206,532,25-06-2026,27-06-2026,Delivered,,
5008715,301762,514,12-06-2025,,Cancelled,2950.99,
5008716,300266,522,27-01-2026,30-01-2026,delivered,17424.87,
5008717,300128,530,11-09-2024,21-11-2024,Shipped,53345.63,
5008718,301482,521,02-07-2026,07-06-2026,Returned,25269.52,
5008719,301244,522,16-08-2025,23-08-2025,Delivered,24284.47,
5008720,301684,530,27-08-2023,08-09-2023,SHIPPED,40229.78,
5008721,301650,523,05-Feb-25,07-Feb-25,Shipped,,
5008722,301620,502,10-01-2026,22-01-2026,Cancelled,,
5008723,301421,502,21-07-2025,,pending ,5985.28,
5008724,300286,528,22-10-2023,23-10-2023,Shipped,85754.86,
5008725,302298,533,23-01-2026,24-01-2026,Returned,95213.72,
5008726,302261,514,10-09-2024,20-09-2024,Delivered,67362.5,
5008727,300483,517,06-04-2021,04-13-2021,Cancelled,149512.02,
5008728,300045,531,08-14-2023,15-08-2023,delivered,76993.32,
5008729,300571,530,08-Dec-25,16-12-2025,delivered,,
5008730,302055,524,12-12-2025,13-12-2025,Pending,1271.18,
5008731,302948,519,11-11-2022,19-11-2022,Cancelled,116097.31,
5008732,301152,529,13-06-2025,24-06-2025,SHIPPED,28080.75,
5008733,302437,539,14-10-2022,26-10-2022,SHIPPED,,
5008734,300707,524,11-26-2021,07-Dec-21,pending ,48667.54,
5008735,300482,505,30-11-2025,07-12-2025,Cancelled,27120.12,
5008736,300422,533,20-07-2023,28-07-2023,Delivered,85416.01,
5008737,300472,533,24-04-2026,30-04-2026,Delivered,99346.42,
5008738,300086,506,15-09-2024,27-09-2024,Shipped,58269.98,
5008739,300939,512,03-09-2023,05-09-2023,Delivered,47485.87,
5008740,300392,516,07-09-2025,15-09-2025,Cancelled,,
5008741,301601,507,17-Feb-26,01-03-2026,SHIPPED,28638.13,
5008742,301938,537,02-06-2025,03-06-2025,Returned,68589.47,
5008743,302035,510,07-07-2023,19-07-2023,Delivered,70209.78,
5008744,300157,507,25-09-2024,01-Oct-24,pending ,103973.18,
5008745,301348,527,18-07-2025,26-07-2025,SHIPPED,,
5008746,302706,512,01-03-2022,12-03-2022,SHIPPED,,
5008747,302010,524,11-08-2025,23-08-2025,delivered,,
5008748,301042,530,28-02-2021,04-03-2021,Shipped,5046.24,
5008749,302275,507,02-07-2026,03-07-2026,Pending,,
5008750,300923,507,04-06-2026,05-Jun-26,pending ,14673.75,
5008751,300441,527,11-Feb-26,13-02-2026,pending ,42574.58,
5008752,300305,521,06-04-2026,11-Apr-26,pending ,,
5008753,301572,522,03-04-2025,,Delivered,,
5008754,301407,530,03-02-2026,09-02-2026,Returned,102142.35,
5008755,302274,501,24-Oct-25,02-11-2025,Returned,,
5008756,302855,528,04-04-2026,09-04-2026,Pending,,
5008757,300700,535,08-09-2024,09-20-2024,Pending,12057.2,
5008758,301818,508,31-05-2026,03-06-2026,SHIPPED,1033.52,
5008759,301976,536,26-06-2026,07-08-2026,Cancelled,13658.38,
5008760,300727,523,22-03-2025,25-03-2025,Returned,84735.86,
5008761,300181,533,10-07-2023,22-07-2023,pending ,31488.58,
5008762,302091,505,21-01-2023,31-01-2023,delivered,7255.49,
5008763,300734,514,25-10-2024,06-11-2024,Delivered,,
5008764,302612,527,12-07-2026,19-07-2026,delivered,13892.84,
5008765,302677,522,04-06-2025,06-08-2025,Delivered,38611.67,
5008766,302184,530,22-06-2024,04-07-2024,Cancelled,51418.95,
5008767,302376,532,27-Feb-25,07-03-2025,Pending,95103.59,
5008768,300875,519,24-03-2026,30-03-2026,pending ,19238.74,
5008769,301298,533,05-Apr-25,05-04-2025,Pending,24192.64,
5008770,300614,528,19-09-2021,30-09-2021,Delivered,158064.25,
5008771,301649,503,19-08-2025,26-08-2025,delivered,29195.1,
5008772,301085,510,28-03-2026,08-04-2026,pending ,,
5008773,302377,502,12-01-2025,24-01-2025,SHIPPED,304031.82,
5008774,302453,531,03-01-2025,13-01-2025,pending ,202616.49,
5008775,301180,522,20-03-2023,03-29-2023,Shipped,,
5008776,302787,512,14-May-22,,Delivered,114803.53,
5008777,301853,535,30-04-2026,09-05-2026,pending ,3782.91,
5008778,301976,509,19-07-2025,29-07-2025,pending ,7347.62,
5008779,301153,517,23-04-2025,28-04-2025,Delivered,58805.17,
5008780,302052,525,23-12-2024,29-12-2024,delivered,80563.14,
5008781,302502,522,23-03-2025,24-03-2025,Delivered,104705.99,
5008782,301009,520,09-09-2025,10-09-2025,SHIPPED,52750.72,
5008783,302775,502,06-30-2026,30-06-2026,Shipped,71341.92,
5008784,301730,501,05-12-2025,17-12-2025,SHIPPED,71442,
5008785,301519,537,09-05-2025,18-05-2025,Shipped,,
5008786,302312,507,01-09-2023,10-09-2023,Cancelled,103757.38,
5008787,301896,529,01-08-2025,08-08-2025,Returned,39325.37,
5008788,301970,529,25-12-2024,01-01-2025,Pending,153740.86,
5008789,301443,530,12-04-2025,21-04-2025,delivered,11197.66,
5008790,300950,508,20-02-2025,04-03-2025,Cancelled,,
5008791,302619,502,23-06-2025,04-07-2025,Shipped,11634.71,
5008792,302113,508,19-06-2025,25-06-2025,Pending,68468.59,
5008793,300817,538,05-11-2024,05-11-2024,SHIPPED,127054.52,
5008794,302825,520,27-08-2023,05-09-2023,Pending,,
5008795,302528,534,05-08-2024,06-08-2024,Returned,,
5008796,300647,530,05-09-2025,08-09-2025,Delivered,28034.22,
5008797,302089,536,27-03-2025,02-04-2025,Delivered,,
5008798,300432,517,05-26-2024,06-07-2024,Pending,93896.22,
5008799,302824,521,02-07-2026,13-07-2026,Delivered,29699.21,
5008800,302975,517,29-05-2025,02-06-2025,Cancelled,,
5008801,300390,522,22-11-2024,01-12-2024,delivered,,
5008802,302864,531,07-11-2025,18-11-2025,Delivered,71997.06,
5008803,301186,517,11-04-2025,12-04-2025,Delivered,46075.71,
5008804,301690,528,26-07-2024,06-08-2024,Shipped,51401.89,
5008805,301172,507,21-08-2025,29-08-2025,delivered,29757.03,
5008806,300878,516,29-08-2024,08-09-2024,pending ,56510.59,
5008807,300328,530,03-01-2026,14-01-2026,delivered,218941.84,
5008808,300906,516,29-11-2024,02-12-2024,Pending,179820.52,
5008809,301404,509,30-06-2024,02-07-2024,Pending,45322.49,
5008810,301649,535,18-04-2025,28-04-2025,Delivered,,
5008811,302583,537,15-01-2025,21-01-2025,Returned,,
5008812,302578,506,24-10-2023,26-10-2023,Delivered,27236.4,
5008813,301977,503,01-Aug-23,05-08-2023,Pending,,
5008814,302227,533,12-31-2024,11-01-2025,SHIPPED,77406.36,
5008815,302947,538,06-07-2024,07-17-2024,Pending,47709.25,
5008816,301628,534,11-05-2025,18-05-2025,Shipped,91690.62,
5008817,301908,506,15-09-2023,16-09-2023,pending ,,
5008818,302208,520,17-05-2025,18-05-2025,Pending,,
5008819,301030,519,05-07-2022,10-07-2022,Cancelled,113178.07,
5008820,301642,501,06-04-2026,06-04-2026,pending ,38241.31,
5008821,300036,518,07-04-2024,15-04-2024,pending ,143395.82,
5008822,301456,523,27-05-2025,06-06-2025,SHIPPED,24611.17,
5008823,300056,526,09-08-2025,17-08-2025,Returned,,
5008824,301502,528,26-09-2025,27-09-2025,Returned,34793.12,
5008825,301216,518,03-01-2026,04-01-2026,Pending,2899.95,
5008826,301743,529,05-12-2024,12-12-2024,Cancelled,0,
5008827,300707,524,28-07-2024,01-08-2024,Shipped,,
5008828,302657,529,23-01-2024,24-01-2024,Returned,,
5008829,300901,526,19-10-2025,20-10-2025,pending ,20350.26,
5008830,301252,514,05-12-2025,13-12-2025,Shipped,15797.78,
5008831,301431,532,25-04-2022,28-04-2022,Shipped,99984.55,
5008832,302218,522,09-07-2024,14-07-2024,Shipped,5451.4,
5008833,302041,511,11-08-2025,15-08-2025,Delivered,30571.26,
5008834,301802,533,07-07-2024,14-07-2024,Pending,73349.84,
5008835,302933,530,05-10-2024,,Pending,97071.37,
5008836,300024,528,06-09-2023,10-09-2023,Delivered,108598.62,
5008837,302004,534,05-22-2024,27-05-2024,Pending,7443.57,
5008838,300356,515,19-05-2021,24-May-21,Shipped,54434.8,
5008839,301451,537,03-05-2024,11-05-2024,Pending,14696.22,
5008840,300850,531,14-03-2026,18-03-2026,Shipped,110847.91,
5008841,300714,538,03-10-2022,05-10-2022,Shipped,91948.63,
5008842,301991,515,22-04-2025,30-04-2025,Cancelled,33151.48,
5008843,300499,517,02-28-2026,06-03-2026,Delivered,41897.98,
5008844,301254,534,08-03-2023,10-03-2023,Returned,61574.27,
5008845,300456,509,14-09-2025,21-09-2025,Shipped,,
5008846,301796,536,19-09-2024,19-09-2024,Shipped,50465.64,
5008847,300197,533,08-06-2025,16-06-2025,delivered,865.57,
5008848,301596,525,30-11-2023,09-12-2023,Shipped,75561.94,
5008849,300751,513,29-04-2026,07-May-26,delivered,69573.02,
5008850,301765,534,14-12-2025,12-18-2025,Returned,114014.38,
5008851,302479,518,22-11-2025,01-12-2025,pending ,92277.43,
5008852,301627,506,27-05-2023,31-05-2023,Cancelled,80893.95,
5008853,300864,535,28-02-2026,28-02-2026,pending ,99043.38,
5008854,302810,539,02-04-2024,13-04-2024,Pending,0,
5008855,302055,536,04-08-2024,05-08-2024,Returned,121710.87,
5008856,302778,524,04-08-2024,08-08-2024,Pending,76133.29,
5008857,300491,528,30-05-2025,08-06-2025,Cancelled,87206.65,
5008858,302380,525,05-Mar-26,15-03-2026,Pending,,
5008859,302247,502,10-05-2024,,SHIPPED,147435.89,
5008860,300710,537,29-12-2025,10-01-2026,Returned,14916.42,
5008861,302459,525,12-04-2023,23-04-2023,Returned,0,
5008862,302664,527,05-09-2025,10-09-2025,Cancelled,43692.45,
5008863,301628,513,27-01-2025,28-01-2025,Cancelled,13206.55,
5008864,300983,520,12-09-2022,12-09-2022,Cancelled,111306.77,
5008865,301992,509,17-09-2025,25-09-2025,Delivered,,
5008866,302706,508,27-01-2026,01-02-2026,delivered,11561.09,
5008867,302663,502,05-04-2022,16-04-2022,Cancelled,17436.92,
5008868,302687,508,10-04-2023,21-04-2023,SHIPPED,48024.52,
5008869,302431,526,15-09-2024,17-09-2024,Shipped,67519.28,
5008870,301200,510,03-08-2023,08-08-2023,Returned,34073.59,
5008871,302970,531,09-12-2024,11-12-2024,Delivered,78385.96,
5008872,302722,503,25-10-2024,02-11-2024,delivered,69763.69,
5008873,300747,506,23-02-2024,03-03-2024,Pending,45281.8,
5008874,301231,536,01-04-2023,08-04-2023,SHIPPED,27260.64,
5008875,300264,502,29-03-2024,29-03-2024,delivered,44906.25,
5008876,300039,535,04-07-2024,08-07-2024,delivered,48098.29,
5008877,301932,523,22-11-2024,23-11-2024,delivered,41550.24,
5008878,301927,507,29-08-2025,10-09-2025,Returned,44959.44,
5008879,300022,525,07-03-2025,17-03-2025,SHIPPED,,
5008880,301282,515,30-01-2024,04-02-2024,Cancelled,149125.52,
5008881,301076,510,12-11-2024,22-11-2024,pending ,204002.36,
5008882,301673,535,02-21-2026,26-02-2026,Pending,11569.56,
5008883,302458,532,02-01-2024,07-01-2024,pending ,6266.56,
5008884,300597,516,05-04-2026,11-04-2026,delivered,17353.54,
5008885,302140,528,20-05-2025,25-05-2025,Cancelled,1858.66,
5008886,301925,511,28-10-2024,04-11-2024,pending ,109397.63,
5008887,300773,528,15-05-2026,27-05-2026,Cancelled,36041.78,
5008888,301402,535,10-06-2025,22-06-2025,Shipped,85683.35,
5008889,301064,530,04-11-2024,13-11-2024,Shipped,94470.21,
5008890,302429,509,06-17-2025,26-06-2025,Delivered,,
5008891,300717,531,01-08-2026,12-08-2026,Delivered,62774.19,
5008892,301691,503,12-02-2026,24-02-2026,Delivered,94753.73,
5008893,300930,513,18-11-2025,24-11-2025,SHIPPED,22805.29,
5008894,301877,512,01-01-2023,08-01-2023,Delivered,189652.98,
5008895,300857,504,05-25-2026,30-05-2026,pending ,10741.08,
5008896,300232,528,19-10-2024,19-10-2024,Delivered,80509.92,
5008897,300706,534,03-03-2026,,Shipped,55828.65,
5008898,300659,506,27-12-2025,31-12-2025,Shipped,,
5008899,302302,538,07-11-2025,19-11-2025,Delivered,7941.06,
5008900,300944,524,25-06-2021,28-06-2021,pending ,27730.81,
5008901,300412,508,08-17-2025,27-08-2025,Pending,,
5008902,302017,517,25-06-2026,26-Jun-26,Cancelled,,
5008903,301820,506,03-19-2026,31-03-2026,Returned,14093.01,
5008904,302030,508,28-09-2022,03-10-2022,delivered,102501.13,
5008905,302014,520,31-03-2025,12-04-2025,Cancelled,143381,
5008906,301870,513,18-02-2026,03-01-2026,delivered,10915.91,
5008907,301767,520,10-Dec-23,19-12-2023,Returned,61569.43,
5008908,300282,531,12-01-2026,20-01-2026,SHIPPED,125827.69,
5008909,301105,503,14-Jan-24,20-01-2024,Returned,,
5008910,301948,513,20-10-2024,30-10-2024,SHIPPED,,
5008911,302296,524,23-08-2024,02-09-2024,Returned,81390.8,
5008912,300351,516,11-Apr-25,,Cancelled,29056.1,
5008913,301966,511,05-05-2026,16-05-2026,Shipped,11063.77,
5008914,302748,528,26-07-2023,01-Aug-23,pending ,721.5,
5008915,300927,534,31-01-2025,06-02-2025,Returned,14909.81,
5008916,302729,534,25-04-2022,02-05-2022,delivered,98819.34,
5008917,302819,512,17-11-2023,29-11-2023,Delivered,45771.71,
5008918,302717,504,16-03-2026,19-03-2026,Pending,20035.87,
5008919,301091,521,30-09-2025,08-10-2025,Cancelled,,
5008920,300860,506,21-09-2024,21-Sep-24,SHIPPED,69033.12,
5008921,301862,530,15-07-2024,21-07-2024,SHIPPED,,
5008922,301849,539,30-07-2024,10-08-2024,Pending,304794.15,
5008923,300049,510,27-06-2026,09-07-2026,SHIPPED,28214.04,
5008924,302002,531,27-Mar-26,29-03-2026,Pending,148858.38,
5008925,300913,514,06-09-2022,15-09-2022,pending ,2731.22,
5008926,301382,534,27-04-2026,05-05-2026,delivered,117931.78,
5008927,301931,519,21-09-2023,28-09-2023,Shipped,17702.75,
5008928,302554,507,02-02-2023,04-02-2023,Delivered,37082.58,
5008929,302446,519,29-06-2024,04-07-2024,SHIPPED,78452.59,
5008930,302180,504,26-04-2026,29-04-2026,Pending,8313.49,
5008931,300675,504,08-07-2025,,SHIPPED,7837.58,
5008932,301791,523,13-08-2025,17-08-2025,Delivered,73788.99,
5008933,302938,517,11-08-2024,11-08-2024,delivered,104560.19,
5008934,300483,528,21-Mar-23,,delivered,46253.48,
5008935,302104,504,05-02-2025,13-02-2025,SHIPPED,64299.33,
5008936,302681,506,17-Oct-22,22-10-2022,SHIPPED,18113.84,
5008937,301498,531,12-11-2025,20-11-2025,delivered,35484.38,
5008938,300268,506,05-24-2024,05-29-2024,Shipped,303207.89,
5008939,302642,504,06-17-2025,29-06-2025,Delivered,763.71,
5008940,301162,504,26-06-2022,07-07-2022,pending ,122405.62,
5008941,301733,537,08-05-2026,08-05-2026,pending ,97848.55,
5008942,302600,504,24-03-2023,29-03-2023,Pending,111810.46,
5008943,300864,532,26-08-2024,26-08-2024,pending ,169800.32,
5008944,301613,527,23-06-2026,30-06-2026,SHIPPED,42559.2,
5008945,301108,536,21-12-2024,25-12-2024,SHIPPED,69052.65,
5008946,300951,508,01-01-2025,12-01-2025,pending ,72401.04,
5008947,300079,509,07-10-2025,15-10-2025,Returned,22397.98,
5008948,302119,525,18-02-2026,27-02-2026,delivered,18.69,
5008949,301263,521,13-07-2024,18-07-2024,Pending,47206.44,
5008950,302831,522,07-Jul-26,10-07-2026,pending ,28137.45,
5008951,301530,510,11-05-2025,05-19-2025,Cancelled,,
5008952,302399,525,14-09-2025,19-09-2025,Cancelled,155102.86,
5008953,301807,511,07-27-2025,05-08-2025,Delivered,46830.96,
5008954,301906,507,02-05-2026,09-05-2026,Returned,112154.12,
5008955,301995,510,13-04-2025,18-04-2025,delivered,99258.28,
5008956,302662,517,28-06-2026,10-07-2026,Pending,,
5008957,301164,527,09-06-2026,11-06-2026,Shipped,81487.98,
5008958,300722,535,01-09-2025,,Cancelled,0,
5008959,301288,520,11-05-2025,19-05-2025,Cancelled,29687.73,
5008960,302577,536,11-18-2025,26-11-2025,Cancelled,,
5008961,302687,537,13-06-2024,25-06-2024,SHIPPED,44664.86,
5008962,300971,536,22-07-2025,28-07-2025,Shipped,65276.26,
5008963,302474,523,19-04-2024,29-04-2024,Pending,185316.9,
5008964,302540,531,09-05-2024,19-May-24,Shipped,15673.39,
5008965,300980,506,05-30-2026,06-03-2026,Cancelled,127819.92,
5008966,302997,530,26-05-2025,01-06-2025,Returned,71808.41,
5008967,302501,503,27-12-2023,27-12-2023,Cancelled,51729.76,
5008968,300606,512,13-05-2026,19-05-2026,Shipped,3725.45,
5008969,302837,520,29-07-2026,09-08-2026,Pending,235174.73,
5008970,302594,507,12-04-2025,16-04-2025,delivered,68699.19,
5008971,300920,501,04-08-2025,07-08-2025,Returned,76051.99,
5008972,300110,529,29-05-2025,09-06-2025,delivered,64681.91,
5008973,300366,511,09-05-2024,15-05-2024,delivered,69097.26,
5008974,300627,515,30-08-2024,01-09-2024,Cancelled,,
5008975,302182,520,01-06-2024,07-06-2024,Cancelled,103703.23,
5008976,302493,506,16-09-2024,27-09-2024,Returned,937.38,
5008977,300237,540,03-27-2023,27-03-2023,Pending,17543.72,
5008978,300736,522,02-05-2025,13-05-2025,pending ,10857.93,
5008979,300572,514,22-08-2023,27-08-2023,Cancelled,207500.81,
5008980,300905,531,01-06-2025,04-06-2025,Shipped,72856.3,
5008981,300536,534,01-11-2023,02-11-2023,Returned,70841.8,
5008982,302353,513,03-03-2026,11-03-2026,Pending,80549.89,
5008983,301351,530,14-04-2023,18-04-2023,SHIPPED,88881.6,
5008984,302377,524,22-03-2023,27-03-2023,Pending,28672.66,
5008985,301787,536,05-02-2025,12-02-2025,SHIPPED,62885.31,
5008986,300482,516,26-03-2024,,Returned,78751.41,
5008987,301227,508,25-09-2024,29-09-2024,SHIPPED,64053.66,
5008988,302176,502,30-05-2026,06-06-2026,Returned,13687.6,
5008989,301044,534,02-07-2026,08-07-2026,Cancelled,41547.55,
5008990,300007,514,22-08-2025,03-09-2025,Delivered,11870.86,
5008991,301368,530,11-10-2025,23-10-2025,Returned,43033.76,
5008992,300923,506,11-04-2026,23-04-2026,SHIPPED,64978.45,
5008993,302298,531,21-01-2026,29-01-2026,delivered,4982.56,
5008994,302127,510,17-03-2024,18-03-2024,Delivered,,
5008995,302623,521,01-03-2025,12-03-2025,delivered,28107.03,
5008996,300630,532,11-11-2024,14-11-2024,pending ,40459.68,
5008997,301750,535,07-30-2022,30-07-2022,Cancelled,99674.75,
5008998,301201,511,22-12-2022,02-01-2023,Cancelled,109931.43,
5008999,301016,532,18-03-2026,28-03-2026,pending ,89584.79,
5009000,301218,528,15-06-2026,18-06-2026,Delivered,38071.07,
5009001,300034,513,17-05-2021,17-05-2021,Shipped,113475.36,
5009002,302577,531,10-02-2026,17-02-2026,Pending,110881.85,
5009003,302264,520,08-09-2021,10-09-2021,SHIPPED,237964.76,
5009004,301728,532,19-05-2023,30-05-2023,delivered,,
5009005,301392,519,08-01-2023,13-01-2023,Cancelled,,
5009006,301212,512,25-12-2025,01-01-2026,Cancelled,81855.78,
5009007,301059,534,11-07-2026,14-07-2026,Returned,152118.63,
5009008,302083,537,11-07-2026,23-07-2026,Delivered,34193.29,
5009009,302362,536,20-01-2025,30-01-2025,Shipped,,
5009010,302573,530,21-04-2025,24-Apr-25,Cancelled,9526.55,
5009011,302609,537,18-01-2025,28-01-2025,Returned,129489.89,
5009012,302945,523,27-11-2025,08-12-2025,Shipped,0,
5009013,301079,514,25-01-2025,06-02-2025,Cancelled,99630.73,
5009014,300212,512,17-12-2023,29-Dec-23,pending ,20292.72,
5009015,300994,528,02-12-2025,17-02-2025,SHIPPED,60010.16,
5009016,300759,501,29-03-2024,01-04-2024,delivered,28036.51,
5009017,301942,516,14-08-2025,14-08-2025,Pending,24442.98,
5009018,302598,509,16-01-2025,16-Jan-25,Returned,,
5009019,302883,506,15-03-2023,21-03-2023,pending ,42363.22,
5009020,302345,504,11-10-2024,18-11-2024,delivered,,
5009021,300129,536,24-04-2024,30-04-2024,delivered,,
5009022,302104,524,09-Jun-26,,SHIPPED,58730.67,
5009023,302957,511,02-05-2026,13-05-2026,Delivered,140478.47,
5009024,301897,530,09-06-2024,17-06-2024,Delivered,108409.23,
5009025,302642,524,06-04-2024,11-04-2024,SHIPPED,12246.43,
5009026,300810,534,22-07-2022,28-07-2022,Pending,119233.61,
5009027,301184,513,24-06-2026,25-06-2026,Pending,17030.14,
5009028,301376,519,09-07-2025,18-07-2025,Shipped,18216.75,
5009029,301761,532,01-05-2026,12-05-2026,Pending,174648.56,
5009030,302244,538,01-05-2026,06-05-2026,Cancelled,34089.89,
5009031,302620,530,03-03-2026,12-Mar-26,SHIPPED,46358.54,
5009032,302260,526,16-08-2024,27-08-2024,SHIPPED,52355.74,
5009033,300341,515,12-05-2025,21-05-2025,Delivered,,
5009034,302581,521,25-02-2024,04-03-2024,Pending,,
5009035,302525,505,01-08-2026,12-08-2026,Shipped,129094.98,
5009036,300334,515,30-06-2026,,Pending,26209.84,
5009037,300295,523,24-Jan-26,24-01-2026,Pending,67436.1,
5009038,300566,528,04-Feb-25,08-02-2025,Returned,37354.04,
5009039,300623,518,28-04-2026,10-05-2026,Delivered,0,
5009040,301555,503,14-03-2025,26-Mar-25,Returned,42757.72,
5009041,300969,538,09-01-2024,14-01-2024,delivered,0,
5009042,302116,516,28-05-2024,06-01-2024,SHIPPED,117532.66,
5009043,300515,529,14-07-2026,07-14-2026,Cancelled,113777.05,
5009044,301309,513,24-Dec-25,25-12-2025,Shipped,84215.18,
5009045,300727,507,03-10-2025,07-10-2025,Delivered,73113.7,
5009046,302326,526,25-03-2026,04-04-2026,pending ,25805.71,
5009047,302354,505,24-09-2025,29-09-2025,Delivered,38878.05,
5009048,300960,524,13-01-2021,14-Jan-21,Returned,,
5009049,300460,512,28-03-2025,09-04-2025,delivered,13312.8,
5009050,300804,518,24-04-2026,25-04-2026,pending ,11997.58,
5009051,302158,522,21-08-2025,02-09-2025,SHIPPED,24576.46,
5009052,300734,512,31-Jan-23,31-01-2023,Cancelled,45488.52,
5009053,300498,520,07-08-2024,12-08-2024,Shipped,90717.71,
5009054,300182,501,15-07-2026,20-07-2026,Delivered,120093.2,
5009055,302704,537,16-12-2025,22-12-2025,pending ,9299.13,
5009056,300526,539,01-08-2026,13-08-2026,Pending,109658.5,
5009057,302676,534,21-04-2024,28-04-2024,Delivered,15158.14,
5009058,301890,529,22-12-2022,31-12-2022,pending ,202587.13,
5009059,301626,533,21-11-2025,30-11-2025,SHIPPED,56634.06,
5009060,301638,530,21-06-2024,02-07-2024,Cancelled,70922.62,
5009061,301370,517,27-05-2026,29-05-2026,Shipped,40890.82,
5009062,302156,505,12-09-2025,09-23-2025,SHIPPED,5291.48,
5009063,302603,508,12-11-2025,17-11-2025,Cancelled,0,
5009064,301326,537,06-12-2025,06-12-2025,SHIPPED,72201.49,
5009065,302081,509,05-11-2024,12-11-2024,Returned,195998.75,
5009066,302768,526,01-05-2025,04-05-2025,Pending,70253.48,
5009067,300547,535,09-03-2026,10-03-2026,Delivered,1329.44,
5009068,301438,502,22-01-2026,23-01-2026,Cancelled,5173.11,
5009069,301243,538,10-04-2024,04-14-2024,Shipped,122946.4,
5009070,302160,506,15-07-2024,21-07-2024,Delivered,76494.94,
5009071,302478,538,08-02-2022,18-02-2022,pending ,43060.43,
5009072,300649,501,07-12-2025,16-12-2025,Shipped,92719.6,
5009073,300088,501,18-12-2022,12-23-2022,pending ,113653.06,
5009074,301678,532,08-Sep-24,19-Sep-24,Returned,35684.3,
5009075,301988,540,28-11-2020,11-30-2020,Delivered,28199.51,
5009076,300679,508,19-07-2025,28-07-2025,Pending,75364.2,
5009077,300890,511,29-Aug-25,07-09-2025,Cancelled,6225.16,
5009078,300360,526,11-10-2023,,SHIPPED,87052.83,
5009079,300639,524,01-07-2021,11-07-2021,Delivered,138470.91,
5009080,301314,528,30-07-2024,10-08-2024,delivered,5070.41,
5009081,301551,537,19-11-2025,22-11-2025,SHIPPED,59614.06,
5009082,301399,526,10-03-2022,,SHIPPED,46887.49,
5009083,302368,511,16-02-2022,22-02-2022,Pending,41580.4,
5009084,302217,508,08-05-2022,11-05-2022,SHIPPED,,
5009085,300432,526,12-12-2022,17-12-2022,Returned,161071.76,
5009086,302851,539,14-08-2022,22-08-2022,delivered,96013.58,
5009087,300038,527,02-09-2023,05-09-2023,Cancelled,43149.72,
5009088,302654,507,12-08-2025,12-08-2025,SHIPPED,68867.72,
5009089,301734,531,14-03-2026,16-03-2026,Pending,16720.3,
5009090,301548,523,04-05-2026,12-05-2026,pending ,91870.25,
5009091,301155,524,24-04-2026,02-05-2026,Delivered,56796.76,
5009092,302990,509,13-01-2026,14-Jan-26,Delivered,,
5009093,300617,526,15-12-2023,16-12-2023,Shipped,,
5009094,301497,511,29-08-2024,31-08-2024,Shipped,5578.26,
5009095,302826,528,16-01-2023,01-27-2023,Cancelled,,
5009096,302327,514,16-08-2025,21-08-2025,Returned,102906.19,
5009097,302896,503,22-03-2025,02-04-2025,SHIPPED,162134.84,
5009098,300314,533,09-01-2024,12-01-2024,Shipped,19777.74,
5009099,301259,505,11-01-2026,23-01-2026,SHIPPED,53663.23,
5009100,302887,523,12-06-2024,22-Jun-24,SHIPPED,,
5009101,300644,532,24-09-2022,05-10-2022,pending ,66246.9,
5009102,301247,509,07-Sep-24,08-09-2024,Delivered,,
5009103,300487,529,04-07-2026,08-07-2026,Shipped,20194.85,
5009104,302910,522,05-12-2022,08-12-2022,Returned,8649.81,
5009105,300348,532,16-07-2025,26-07-2025,Cancelled,,
5009106,302724,508,12-22-2021,27-12-2021,Cancelled,83892.79,
5009107,302308,511,08-08-2022,08-08-2022,Delivered,138549.43,
5009108,300114,511,23-01-2025,04-Feb-25,delivered,37803.41,
5009109,301196,512,04-18-2026,20-04-2026,pending ,93434.32,
5009110,301037,528,04-11-2025,11-13-2025,Cancelled,2217.7,
5009111,302952,508,10-Jul-23,18-07-2023,delivered,13306.32,
5009112,300674,529,29-07-2026,31-07-2026,Shipped,112278.32,
5009113,300799,508,19-Dec-23,28-12-2023,pending ,,
5009114,302711,522,09-13-2022,,delivered,54286.17,
5009115,300970,506,14-09-2024,21-09-2024,SHIPPED,51476.81,
5009116,302820,527,11-04-2026,14-04-2026,SHIPPED,41145.06,
5009117,300289,524,04-03-2023,12-04-2023,Delivered,45651.29,
5009118,302156,520,01-09-2024,02-09-2024,delivered,6941.37,
5009119,302216,531,29-12-2025,,SHIPPED,78738.66,
5009120,300857,512,12-10-2024,12-12-2024,SHIPPED,36288.75,
5009121,300989,502,30-12-2025,08-01-2026,delivered,113675.33,
5009122,301351,501,03-03-2024,13-03-2024,pending ,45587.76,
5009123,301688,509,03-08-2024,11-08-2024,Returned,103980.56,
5009124,300828,518,10-10-2024,20-10-2024,Returned,11050.62,
5009125,300928,515,16-05-2024,19-05-2024,pending ,64230.53,
5009126,302765,519,14-02-2024,20-02-2024,pending ,,
5009127,300508,518,08-12-2025,17-12-2025,delivered,170559.5,
5009128,300649,535,22-Feb-26,,delivered,4199.09,
5009129,300840,505,09-09-2025,09-Sep-25,SHIPPED,,
5009130,302748,539,24-06-2023,05-07-2023,SHIPPED,34343.58,
5009131,301334,533,13-01-2024,01-24-2024,pending ,1930.41,
5009132,301528,529,18-06-2024,30-06-2024,Delivered,17581.26,
5009133,302359,511,28-12-2025,07-01-2026,Delivered,43729.95,
5009134,300528,524,23-02-2026,03-03-2026,Pending,103920.5,
5009135,301439,527,17-11-2021,26-11-2021,Returned,12476.42,
5009136,300116,529,09-03-2025,14-03-2025,Cancelled,46844.9,
5009137,301045,531,27-08-2024,,Shipped,64109.55,
5009138,300184,511,15-08-2023,18-08-2023,Cancelled,102086.3,
5009139,300829,504,25-04-2025,28-04-2025,Returned,,
5009140,300483,512,13-10-2023,20-Oct-23,pending ,,
5009141,302254,540,07-12-2023,09-12-2023,Shipped,43251.37,
5009142,301459,507,02-07-2025,12-07-2025,Returned,19290.34,
5009143,301828,513,07-06-2026,18-06-2026,Pending,23155.57,
5009144,301749,514,12-09-2025,15-09-2025,Returned,6611.24,
5009145,301886,501,27-09-2025,09-10-2025,Pending,3517.89,
5009146,300421,515,02-05-2026,14-05-2026,Returned,7534.57,
5009147,300469,529,23-09-2023,23-09-2023,delivered,47706.15,
5009148,300512,501,14-05-2024,18-05-2024,SHIPPED,40109.51,
5009149,300884,531,18-01-2026,,Delivered,11984.55,
5009150,302590,508,10-08-2025,08-10-2025,Pending,106944.05,
5009151,301593,528,12-03-2024,17-03-2024,Returned,69149.36,
5009152,300594,523,08-11-2025,,delivered,11402.12,
5009153,300921,531,23-10-2025,24-10-2025,Returned,68126.37,
5009154,301945,534,29-06-2024,01-07-2024,Returned,74694.93,
5009155,302606,534,14-01-2023,26-01-2023,pending ,,
5009156,300436,535,11-02-2026,14-02-2026,Shipped,60454.3,
5009157,300687,517,08-04-2025,04-18-2025,SHIPPED,54496.71,
5009158,301875,525,08-01-2023,09-01-2023,Returned,111813.13,
5009159,301956,530,06-04-2024,10-06-2024,Returned,,
5009160,300991,528,27-03-2026,03-29-2026,delivered,122019.55,
5009161,300357,506,13-07-2025,16-07-2025,Returned,0,
5009162,301001,513,21-07-2026,07-22-2026,pending ,19458.32,
5009163,302172,538,22-06-2022,03-07-2022,pending ,10340.07,
5009164,301662,516,30-10-2025,09-11-2025,Pending,,
5009165,301862,509,11-12-2025,16-12-2025,SHIPPED,28911.84,
5009166,302874,502,21-07-2026,27-Jul-26,Returned,,
5009167,300149,517,02-Jun-24,13-06-2024,delivered,182986.15,
5009168,302697,524,08-03-2026,10-03-2026,Returned,82628.99,
5009169,301517,513,19-12-2021,28-12-2021,Returned,8459.52,
5009170,302723,534,23-05-2026,04-06-2026,Delivered,105249.87,
5009171,302896,505,26-06-2026,29-06-2026,Shipped,36147.42,
5009172,301460,502,22-05-2023,25-05-2023,pending ,2103.99,
5009173,301657,540,18-09-2025,23-09-2025,delivered,8156.01,
5009174,300650,528,23-04-2021,23-04-2021,SHIPPED,,
5009175,300424,536,10-07-2023,22-07-2023,Returned,69635.29,
5009176,300922,531,09-08-2024,20-08-2024,Cancelled,5983.14,
5009177,301278,530,28-03-2026,01-04-2026,Pending,17617.15,
5009178,300792,535,04-01-2026,05-01-2026,Cancelled,37007.14,
5009179,301825,537,15-Sep-24,23-09-2024,Pending,,
5009180,300611,504,04-06-2024,17-04-2024,Delivered,61325.78,
5009181,302438,502,14-05-2024,26-05-2024,Returned,,
5009182,302233,531,01-17-2025,27-01-2025,Returned,91391.12,
5009183,301630,529,27-08-2024,28-08-2024,delivered,,
5009184,301238,516,21-02-2026,28-02-2026,Pending,80281.29,
5009185,301402,537,06-01-2024,01-18-2024,SHIPPED,36493.66,
5009186,302483,523,01-06-2026,05-06-2026,SHIPPED,91574.23,
5009187,301699,504,06-04-2026,09-04-2026,Cancelled,,
5009188,300903,501,07-04-2026,,Cancelled,,
5009189,302414,508,28-11-2023,05-12-2023,Returned,29651.06,
5009190,300520,534,25-11-2025,12-05-2025,SHIPPED,,
5009191,302833,538,04-01-2024,15-01-2024,pending ,36296.63,
5009192,300516,535,03-05-2025,14-05-2025,Returned,64789.6,
5009193,302175,532,15-02-2026,24-02-2026,pending ,172980.08,
5009194,300931,502,12-07-2023,17-07-2023,SHIPPED,141493.07,
5009195,301293,519,22-06-2025,,SHIPPED,52715.72,
5009196,301349,527,01-06-2025,,SHIPPED,35025.47,
5009197,302195,534,31-05-2026,01-06-2026,SHIPPED,40097.53,
5009198,302308,518,30-06-2026,12-07-2026,delivered,122423.08,
5009199,301507,534,19-Apr-25,01-05-2025,Delivered,46306.48,
5009200,302583,538,05-04-2024,14-05-2024,Delivered,22085.96,
5009201,302717,538,07-09-2021,11-09-2021,pending ,154155.05,
5009202,300328,517,04-07-2023,13-07-2023,SHIPPED,,
5009203,302044,515,05-03-2024,09-03-2024,pending ,129880.03,
5009204,301459,528,20-05-2023,01-06-2023,Cancelled,28335.91,
5009205,300865,531,24-07-2026,30-07-2026,delivered,,
5009206,301377,516,03-02-2026,04-02-2026,SHIPPED,0,
5009207,301215,528,24-05-2026,26-05-2026,Cancelled,79332.56,
5009208,302975,501,05-11-2021,05-11-2021,Pending,192161.63,
5009209,302402,508,16-09-2025,26-09-2025,Delivered,,
5009210,302429,505,07-07-2025,16-07-2025,Delivered,16074.23,
5009211,302731,538,30-10-2021,11-11-2021,Pending,10005.83,
5009212,302411,504,27-06-2025,04-Jul-25,Delivered,108825.82,
5009213,300055,507,06-09-2023,14-09-2023,delivered,136623.92,
5009214,302738,502,21-07-2026,24-07-2026,SHIPPED,64643.29,
5009215,301378,521,05-05-2024,16-05-2024,Cancelled,-3021.98,
5009216,301784,520,30-04-2021,30-04-2021,Returned,11755.86,
5009217,300170,528,01-04-2026,01-04-2026,Returned,,
5009218,302605,521,13-01-2026,19-01-2026,pending ,28232.22,
5009219,302275,520,12-01-2026,15-01-2026,Shipped,,
5009220,300145,510,15-05-2025,24-05-2025,pending ,97896.13,
5009221,302405,518,29-01-2022,30-01-2022,Cancelled,73202.11,
5009222,301221,524,12-11-2023,21-11-2023,Pending,83020.54,
5009223,301734,518,14-04-2024,15-04-2024,Shipped,90208.38,
5009224,300157,529,30-07-2021,04-08-2021,Shipped,173337.69,
5009225,302201,518,12-07-2021,21-07-2021,Pending,38836.4,
5009226,302588,508,19-03-2026,28-Mar-26,delivered,9695.82,
5009227,300584,503,21-08-2022,26-08-2022,Delivered,4324.89,
5009228,300762,533,28-02-2025,06-03-2025,delivered,164457.17,
5009229,302034,520,22-02-2024,28-02-2024,Shipped,3845.92,
5009230,301623,519,13-08-2024,14-08-2024,Cancelled,31010.77,
5009231,300561,503,20-04-2025,23-04-2025,Pending,81651.85,
5009232,300997,502,07-03-2023,10-03-2023,SHIPPED,111948.41,
5009233,301128,535,03-12-2023,04-12-2023,Pending,23300.2,
5009234,301851,532,05-09-2024,15-09-2024,Shipped,,
5009235,300177,501,30-05-2026,06-06-2026,Pending,24099.67,
5009236,302370,525,08-05-2021,20-05-2021,pending ,64818.26,
5009237,301854,539,21-10-2024,02-11-2024,Pending,,
5009238,302623,508,17-08-2024,23-08-2024,Cancelled,,
5009239,300380,519,07-12-2025,08-12-2025,Shipped,103147.93,
5009240,300182,521,12-06-2025,23-06-2025,delivered,43349.61,
5009241,302267,540,02-12-2023,09-12-2023,SHIPPED,26691.99,
5009242,301162,540,05-27-2026,30-05-2026,Shipped,1939.44,
5009243,302513,509,08-10-2024,14-10-2024,Pending,-10066.85,
5009244,302415,524,20-02-2026,28-02-2026,Delivered,22722.9,
5009245,300148,505,14-May-26,22-05-2026,delivered,86333.87,
5009246,301642,515,22-03-2024,03-04-2024,pending ,48288.54,
5009247,302796,535,06-Sep-25,18-09-2025,pending ,54394.42,
5009248,300591,529,02-12-2025,07-12-2025,SHIPPED,81809.9,
5009249,300658,512,26-06-2025,29-06-2025,pending ,163727.59,
5009250,301608,506,20-01-2023,30-01-2023,Shipped,64673.84,
5009251,302770,507,14-07-2022,22-07-2022,Delivered,153994.1,
5009252,302729,507,14-12-2024,20-12-2024,Pending,25007.59,
5009253,301102,519,23-01-2026,,Shipped,250495.77,
5009254,301046,502,27-Jun-25,09-07-2025,Delivered,107607.54,
5009255,301548,535,25-11-2025,27-11-2025,SHIPPED,197142.87,
5009256,300388,515,30-10-2025,07-11-2025,Cancelled,6392.78,
5009257,300659,519,18-07-2025,19-07-2025,SHIPPED,97013.91,
5009258,302167,525,15-07-2023,27-07-2023,Delivered,101971.94,
5009259,302316,539,10-08-2024,22-08-2024,Returned,63642.03,
5009260,300092,503,18-05-2025,27-05-2025,pending ,,
5009261,300691,526,27-02-2026,02-03-2026,delivered,14222.96,
5009262,302618,503,12-12-2025,,Delivered,151247.47,
5009263,300901,537,14-04-2024,15-04-2024,Returned,135200.36,
5009264,301065,515,15-05-2022,20-05-2022,Pending,558.15,
5009265,301233,529,12-08-2025,24-08-2025,delivered,32865.71,
5009266,300049,516,22-07-2025,25-07-2025,delivered,60656.14,
5009267,301625,535,16-09-2025,16-09-2025,Returned,,
5009268,302205,522,24-05-2026,27-05-2026,Pending,99988.26,
5009269,301236,531,29-07-2025,08-05-2025,Returned,149470.87,
5009270,300891,506,30-09-2023,12-10-2023,Shipped,146456.97,
5009271,301423,530,15-04-2021,21-04-2021,delivered,88972.31,
5009272,302598,528,13-04-2026,14-04-2026,Cancelled,,
5009273,301350,514,18-03-2026,20-03-2026,Pending,,
5009274,301566,507,07-04-2025,12-04-2025,delivered,72162.79,
5009275,301047,534,15-Oct-25,23-10-2025,pending ,90366.85,
5009276,301737,537,22-09-2023,03-10-2023,delivered,8496.32,
5009277,301053,514,24-09-2023,25-09-2023,SHIPPED,23800.81,
5009278,300629,534,04-02-2023,10-02-2023,Delivered,14629.41,
5009279,301404,532,17-05-2024,21-05-2024,Returned,4048.15,
5009280,301799,526,05-17-2023,22-05-2023,SHIPPED,115656.54,
5009281,302585,525,28-Jun-26,30-06-2026,Delivered,54288.49,
5009282,301827,526,29-06-2024,04-Jul-24,Returned,113388.11,
5009283,301085,531,02-09-2025,09-02-2025,Pending,17510.95,
5009284,300373,535,11-06-2026,,pending ,,
5009285,302508,505,27-12-2021,30-12-2021,delivered,99735.17,
5009286,301852,501,17-12-2025,,Pending,5014.21,
5009287,300640,515,06-09-2024,18-09-2024,Pending,113749.11,
5009288,302418,503,31-05-2026,02-06-2026,Pending,56867.78,
5009289,300152,523,21-02-2021,01-03-2021,Shipped,30033.17,
5009290,302052,524,04-08-2025,14-08-2025,SHIPPED,38462.64,
5009291,300297,511,28-05-2023,03-06-2023,Shipped,102000.8,
5009292,301556,507,11-05-2023,22-05-2023,Cancelled,137433.89,
5009293,301175,528,10-07-2026,15-07-2026,Cancelled,80415.88,
5009294,301775,522,02-02-2026,13-02-2026,SHIPPED,120429.46,
5009295,302125,515,11-01-2022,11-01-2022,SHIPPED,,
5009296,302948,523,17-10-2024,,pending ,,
5009297,300703,514,06-08-2023,17-08-2023,pending ,106495.22,
5009298,302194,505,24-02-2021,27-02-2021,Pending,38340.7,
5009299,300558,539,16-03-2022,28-03-2022,Pending,117043.61,
5009300,301436,528,05-06-2022,09-06-2022,Cancelled,45031.65,
5009301,302458,529,26-07-2026,27-07-2026,Delivered,36588.71,
5009302,300187,534,10-03-2023,,Cancelled,,
5009303,301281,531,08-29-2025,09-09-2025,Cancelled,954.34,
5009304,302894,516,23-01-2024,25-01-2024,Shipped,305195.71,
5009305,301848,513,04-03-2024,11-03-2024,SHIPPED,,
5009306,302004,530,10-09-2024,14-09-2024,SHIPPED,,
5009307,300636,517,09-06-2026,17-06-2026,Shipped,43624.15,
5009308,302435,513,03-11-2024,10-11-2024,SHIPPED,10928.38,
5009309,302705,532,25-12-2024,25-12-2024,Pending,140798.82,
5009310,300800,505,07-03-2025,16-Mar-25,Cancelled,42100.33,
5009311,302677,528,10-07-2023,21-07-2023,Returned,49972.88,
5009312,301987,529,07-05-2025,17-05-2025,Returned,88149.75,
5009313,300730,510,22-10-2024,10-28-2024,pending ,64239.84,
5009314,302992,514,08-10-2023,18-10-2023,Cancelled,,
5009315,302278,519,21-06-2024,,Cancelled,143359.94,
5009316,301541,512,21-07-2025,02-08-2025,delivered,,
5009317,302624,503,15-04-2024,27-04-2024,Delivered,17966.62,
5009318,301622,514,13-12-2025,13-12-2025,pending ,24027.59,
5009319,302529,502,07-10-2022,15-10-2022,pending ,,
5009320,302527,531,01-05-2026,03-05-2026,SHIPPED,91201.72,
5009321,300609,512,10-03-2026,22-03-2026,Cancelled,,
5009322,301501,540,23-05-2023,30-05-2023,Cancelled,,
5009323,301746,525,25-11-2024,25-11-2024,Returned,124627.04,
5009324,301370,510,20-05-2022,31-05-2022,Cancelled,20572.82,
5009325,301497,533,09-06-2024,21-06-2024,Shipped,72195.15,
5009326,301526,518,23-05-2025,01-06-2025,Returned,148086.21,
5009327,300349,520,21-04-2024,21-04-2024,Cancelled,,
5009328,300980,521,24-07-2026,30-07-2026,pending ,519.58,
5009329,300603,512,15-02-2025,02-20-2025,delivered,,
5009330,302341,510,26-02-2024,02-03-2024,Delivered,1411.31,
5009331,302303,529,14-12-2023,12-22-2023,delivered,0,
5009332,302410,533,21-Jan-25,25-01-2025,pending ,147617.98,
5009333,302738,519,16-11-2023,19-11-2023,delivered,70424.61,
5009334,302296,517,05-11-2024,09-11-2024,pending ,156294.16,
5009335,301918,518,18-05-2026,26-05-2026,delivered,,
5009336,300235,530,06-12-2025,24-06-2025,Returned,12977.38,
5009337,302780,519,07-07-2025,07-19-2025,Shipped,46966.97,
5009338,300174,506,17-02-2026,27-02-2026,Cancelled,86631.74,
5009339,301653,531,05-05-2023,15-05-2023,Delivered,,
5009340,302808,537,03-08-2023,15-08-2023,Returned,8043.08,
5009341,302095,509,05-06-2026,12-06-2026,delivered,,
5009342,300758,512,07-09-2026,15-07-2026,Delivered,,
5009343,302832,515,11-12-2024,16-12-2024,pending ,174147.24,
5009344,300754,520,18-06-2025,24-Jun-25,Shipped,94270.43,
5009345,301372,537,23-05-2025,23-05-2025,delivered,32761.16,
5009346,302458,521,19-04-2026,22-04-2026,pending ,79637.31,
5009347,302375,524,20-04-2023,21-Apr-23,Delivered,11819,
5009348,301892,523,21-04-2024,02-05-2024,SHIPPED,57992.54,
5009349,302910,512,17-Dec-20,17-12-2020,Pending,15341.46,
5009350,301306,510,14-11-2024,18-11-2024,Cancelled,50089.06,
5009351,301737,524,01-03-2021,08-03-2021,pending ,112871.35,
5009352,301693,504,02-19-2026,19-02-2026,Pending,,
5009353,302008,528,21-02-2026,24-02-2026,Pending,45082.23,
5009354,302385,536,26-05-2023,07-06-2023,delivered,57570.4,
5009355,302266,522,03-10-2025,14-10-2025,Returned,,
5009356,302196,521,20-12-2025,20-12-2025,delivered,95296.51,
5009357,302894,501,28-04-2022,05-05-2022,Returned,82520.92,
5009358,300299,502,21-12-2024,28-12-2024,Returned,,
5009359,301550,519,18-Aug-25,29-08-2025,Shipped,28953.05,
5009360,300945,513,14-07-2026,17-07-2026,delivered,41483.54,
5009361,302061,523,18-05-2025,27-05-2025,Shipped,24457.73,
5009362,300671,534,04-06-2022,15-06-2022,Cancelled,76188.02,
5009363,300842,511,02-13-2026,23-02-2026,Delivered,47427.13,
5009364,302872,531,01-07-2023,06-07-2023,pending ,27966.91,
5009365,302963,524,02-07-2025,,Shipped,,
5009366,302533,521,14-09-2021,,Shipped,9762.41,
5009367,300703,539,04-May-25,15-05-2025,pending ,15512.65,
5009368,302747,538,29-06-2024,02-07-2024,pending ,42223.13,
5009369,302101,535,08-03-2026,18-03-2026,Pending,87134.02,
5009370,302663,540,07-08-2022,19-07-2022,Pending,58279.59,
5009371,301206,511,03-11-2023,11-15-2023,pending ,76649.29,
5009372,301662,528,02-05-2025,10-May-25,Delivered,17748.53,
5009373,302207,532,07-10-2025,10-10-2025,pending ,86841.81,
5009374,301049,516,09-02-2024,19-02-2024,pending ,191620.42,
5009375,302084,514,30-04-2024,30-04-2024,pending ,,
5009376,300448,512,16-06-2025,20-06-2025,delivered,108400.52,
5009377,301276,502,13-03-2026,,Pending,5985.36,
5009378,302497,518,06-09-2023,13-09-2023,SHIPPED,8264.17,
5009379,300228,525,06-11-2023,,Pending,65047.87,
5009380,300854,539,30-03-2026,07-04-2026,delivered,,
5009381,300587,540,19-11-2024,27-11-2024,Returned,53898.11,
5009382,302538,503,27-08-2024,28-08-2024,pending ,86860.12,
5009383,300364,539,21-05-2022,31-05-2022,SHIPPED,15345.65,
5009384,300299,508,14-04-2026,16-04-2026,Shipped,76261.46,
5009385,300063,514,25-09-2025,28-09-2025,Shipped,68847.61,
5009386,300057,516,23-03-2026,30-03-2026,delivered,24778.41,
5009387,302699,529,16-09-2024,,Delivered,100382.87,
5009388,300308,540,07-03-2026,14-03-2026,Cancelled,,
5009389,300452,515,02-12-2023,08-12-2023,Returned,10553.39,
5009390,300224,528,03-07-2026,14-07-2026,Cancelled,54210.83,
5009391,301646,519,20-02-2026,28-02-2026,SHIPPED,140279.84,
5009392,302423,518,06-12-2022,06-12-2022,SHIPPED,,
5009393,302740,535,21-01-2022,02-02-2022,Shipped,187788.14,
5009394,302376,533,15-12-2025,12-25-2025,Delivered,60428.22,
5009395,302815,510,28-12-2023,29-12-2023,Cancelled,,
5009396,300903,537,09-08-2025,08-18-2025,SHIPPED,78886.08,
5009397,300378,522,12-05-2026,23-05-2026,Pending,3310.16,
5009398,300839,505,04-07-2023,11-07-2023,Delivered,142144.98,
5009399,300460,518,30-03-2023,05-04-2023,Cancelled,98186.47,
5009400,300159,532,31-03-2026,04-02-2026,Delivered,7131.76,
5009401,302352,518,04-06-2023,12-06-2023,Cancelled,91168.8,
5009402,301981,510,12-04-2025,22-04-2025,delivered,84226.97,
5009403,301489,503,02-06-2026,12-06-2026,SHIPPED,77481.5,
5009404,302654,515,06-09-2024,,Shipped,90998.88,
5009405,301786,532,11-04-2025,23-04-2025,Delivered,41048.49,
5009406,302541,518,03-02-2026,13-02-2026,SHIPPED,20955.22,
5009407,301903,539,20-07-2022,21-07-2022,delivered,20086.02,
5009408,302590,540,26-10-2025,04-11-2025,pending ,76741.5,
5009409,302460,527,04-02-2025,07-02-2025,Shipped,51093.49,
5009410,302616,535,22-03-2026,30-03-2026,SHIPPED,76842.07,
5009411,300471,516,04-12-2024,06-12-2024,Cancelled,51201.83,
5009412,301957,540,02-03-2025,04-03-2025,delivered,128722.69,
5009413,302737,524,04-05-2024,15-05-2024,SHIPPED,97246.47,
5009414,300313,525,17-09-2025,25-09-2025,delivered,,
5009415,300351,518,20-09-2025,21-09-2025,Shipped,28720.54,
5009416,300964,528,01-01-2025,04-01-2025,Shipped,69730.71,
5009417,301724,514,16-10-2024,10-26-2024,Returned,11891.05,
5009418,302466,511,12-09-2023,21-09-2023,Cancelled,84618.5,
5009419,300711,513,01-04-2021,04-04-2021,Cancelled,42292.56,
5009420,301853,515,03-03-2025,04-03-2025,Returned,73702.04,
5009421,302790,508,01-02-2024,10-Feb-24,Cancelled,104424.73,
5009422,300781,535,15-06-2026,06-20-2026,Pending,3111.44,
5009423,302233,532,31-10-2025,10-11-2025,Delivered,-1062.82,
5009424,301926,530,06-12-2025,17-12-2025,SHIPPED,21403.06,
5009425,302969,518,29-03-2024,30-03-2024,Delivered,113457.25,
5009426,301723,503,16-07-2026,23-07-2026,Pending,28069.55,
5009427,300798,531,07-10-2025,,SHIPPED,65664.77,
5009428,302926,507,04-06-2026,15-06-2026,delivered,17429.15,
5009429,300381,513,03-06-2026,03-06-2026,Pending,45894.4,
5009430,301442,506,22-09-2025,02-Oct-25,Shipped,64214.2,
5009431,301370,516,27-09-2024,08-10-2024,Shipped,44365.49,
5009432,300790,507,18-11-2022,20-11-2022,pending ,25907.84,
5009433,302622,537,26-03-2024,26-03-2024,Cancelled,75201.98,
5009434,300826,518,10-08-2022,20-Aug-22,Delivered,10151.82,
5009435,300861,501,20-10-2022,23-10-2022,Pending,26025.48,
5009436,302037,510,01-02-2026,11-02-2026,Shipped,167491.4,
5009437,302049,525,15-12-2023,12-24-2023,Returned,66711.69,
5009438,300736,526,26-06-2024,06-07-2024,Pending,82026.17,
5009439,302466,538,29-03-2022,03-04-2022,delivered,107260.77,
5009440,300435,530,29-02-2024,06-03-2024,Delivered,65115.86,
5009441,301137,511,03-07-2024,03-07-2024,Returned,154034.25,
5009442,302099,507,14-06-2025,14-06-2025,Shipped,88470.4,
5009443,302115,513,27-12-2022,01-01-2023,Shipped,50240.14,
5009444,301760,524,30-09-2025,05-10-2025,Shipped,131729.65,
5009445,301627,514,02-06-2023,12-06-2023,Shipped,62719.09,
5009446,300058,524,12-11-2024,13-11-2024,delivered,127830.76,
5009447,300806,532,20-06-2025,07-02-2025,Pending,117031.7,
5009448,300131,533,15-06-2025,20-06-2025,Delivered,72934.29,
5009449,301205,536,23-09-2021,03-10-2021,delivered,130156.99,
5009450,301135,516,05-07-2026,12-07-2026,Cancelled,79653.54,
5009451,302031,514,24-02-2026,05-03-2026,Delivered,,
5009452,302485,529,06-07-2025,16-07-2025,Delivered,69476.59,
5009453,300977,536,06-09-2023,13-09-2023,Cancelled,85534.35,
5009454,302854,511,02-05-2025,07-05-2025,Delivered,61065.84,
5009455,301218,505,06-03-2026,,Shipped,46513.79,
5009456,301184,524,22-03-2026,02-04-2026,SHIPPED,,
5009457,300081,520,30-Apr-23,05-11-2023,pending ,,
5009458,300747,519,18-05-2023,20-05-2023,Pending,22472.39,
5009459,302317,523,25-10-2025,06-11-2025,Pending,,
5009460,302231,522,07-Sep-25,07-09-2025,SHIPPED,103426.46,
5009461,301854,508,17-07-2026,28-07-2026,delivered,,
5009462,302131,536,24-12-2023,04-01-2024,Shipped,45919.79,
5009463,301926,533,19-05-2022,23-05-2022,Shipped,,
5009464,302082,505,01-04-2026,04-04-2026,Pending,29964.26,
5009465,302538,505,04-10-2024,10-05-2024,delivered,,
5009466,302701,520,15-05-2024,16-05-2024,Cancelled,30080.17,
5009467,302385,532,08-11-2021,20-11-2021,pending ,9007.6,
5009468,301238,517,18-10-2025,26-Oct-25,Delivered,133546.18,
5009469,302722,515,08-09-2024,11-09-2024,Cancelled,87325.92,
5009470,302514,534,01-09-2022,08-09-2022,Pending,74545.38,
5009471,301341,520,17-11-2022,24-11-2022,Cancelled,6811.2,
5009472,301531,507,16-03-2025,21-03-2025,Returned,87545.4,
5009473,301878,521,19-Mar-26,23-03-2026,SHIPPED,64436.29,
5009474,302051,512,29-01-2024,08-02-2024,Returned,71295.95,
5009475,300976,525,13-04-2023,13-04-2023,Delivered,81820.38,
5009476,301086,517,23-05-2024,02-06-2024,SHIPPED,,
5009477,302281,502,02-07-2025,02-17-2025,SHIPPED,109049.34,
5009478,300372,515,23-03-2024,23-03-2024,Delivered,70897.94,
5009479,301068,518,16-03-2025,21-03-2025,pending ,,
5009480,300938,513,16-12-2025,27-12-2025,Pending,87523.22,
5009481,300058,528,15-12-2024,16-12-2024,SHIPPED,46394.06,
5009482,302645,531,22-05-2024,03-06-2024,pending ,119174.26,
5009483,302030,513,26-07-2024,06-08-2024,Returned,130635.23,
5009484,300489,519,04-12-2025,05-12-2025,pending ,198080.85,
5009485,300295,513,26-01-2025,07-02-2025,Returned,47754.55,
5009486,301201,535,20-07-2023,28-07-2023,SHIPPED,30933.19,
5009487,302110,505,16-01-2025,20-01-2025,Shipped,188808.15,
5009488,300233,519,07-10-2022,19-10-2022,Delivered,,
5009489,300604,522,02-10-2022,09-10-2022,delivered,17096.23,
5009490,301670,507,22-09-2025,30-09-2025,Shipped,18558.52,
5009491,301706,513,10-19-2025,29-10-2025,Returned,57220.84,
5009492,300295,501,12-May-24,17-05-2024,Delivered,,
5009493,300333,518,02-03-2026,10-03-2026,Cancelled,23442.32,
5009494,302716,502,07-Jul-23,10-07-2023,Delivered,30167.48,
5009495,300554,509,14-09-2024,26-09-2024,Pending,25954.14,
5009496,300609,511,22-04-2026,22-04-2026,Shipped,20631.44,
5009497,302494,501,14-11-2021,16-11-2021,delivered,228890.68,
5009498,301166,505,10-07-2024,17-07-2024,SHIPPED,13221.71,
5009499,300425,517,18-08-2024,30-08-2024,Cancelled,134543.88,
5009500,302287,512,25-Oct-23,29-10-2023,Shipped,232033.06,
5009501,301825,512,05-03-2025,12-03-2025,SHIPPED,110887.46,
5009502,302948,516,19-08-2025,22-08-2025,Cancelled,40182.68,
5009503,300280,527,13-08-2021,14-08-2021,Delivered,,
5009504,302325,527,18-05-2025,20-05-2025,Returned,102849.83,
5009505,301975,501,24-12-2024,04-01-2025,delivered,121379.59,
5009506,300642,531,31-May-26,04-06-2026,Cancelled,40937.73,
5009507,302335,529,29-Apr-21,02-05-2021,Cancelled,20756.37,
5009508,300942,532,03-11-2023,09-11-2023,Returned,17571.56,
5009509,302879,504,06-10-2023,10-10-2023,Delivered,60254.72,
5009510,302281,536,28-02-2025,08-03-2025,delivered,160075.71,
5009511,300411,539,21-07-2022,07-27-2022,delivered,60240.34,
5009512,302279,536,22-05-2025,05-28-2025,SHIPPED,203069.27,
5009513,300707,537,12-07-2023,15-07-2023,delivered,175179.07,
5009514,301635,527,04-08-2024,06-08-2024,Delivered,,
5009515,302961,533,05-12-2023,,pending ,152035.66,
5009516,301695,524,20-07-2024,20-07-2024,Returned,142226.41,
5009517,301000,536,17-11-2023,28-11-2023,Cancelled,68962.08,
5009518,300004,529,28-08-2024,02-09-2024,Returned,20063.68,
5009519,302837,519,04-04-2024,05-04-2024,Cancelled,163421.92,
5009520,302000,512,23-02-2024,06-03-2024,Delivered,21952.65,
5009521,302101,516,10-06-2025,18-06-2025,Shipped,45832.46,
5009522,302882,510,10-06-2024,13-06-2024,Shipped,5437.58,
5009523,300094,530,06-01-2026,17-01-2026,SHIPPED,69550.12,
5009524,300606,535,29-01-2026,02-05-2026,SHIPPED,85419.29,
5009525,302274,539,12-02-2026,13-02-2026,Pending,68099.1,
5009526,301724,503,22-09-2025,23-09-2025,Shipped,18009.87,
5009527,300702,537,15-04-2026,26-04-2026,Cancelled,31822.04,
5009528,300497,501,17-12-2025,25-12-2025,delivered,97338.39,
5009529,301557,529,28-03-2025,05-04-2025,Pending,140548.4,
5009530,302030,536,29-03-2023,31-03-2023,pending ,87185.64,
5009531,301122,516,01-07-2023,11-07-2023,pending ,75117.31,
5009532,302025,525,25-12-2024,31-12-2024,delivered,21754.88,
5009533,302236,524,08-06-2023,07-08-2023,delivered,144879.3,
5009534,301093,504,09-Jan-24,20-01-2024,Shipped,12682.45,
5009535,302435,540,25-07-2021,01-08-2021,Delivered,30543.2,
5009536,302987,523,06-08-2023,06-08-2023,delivered,,
5009537,301933,505,13-05-2024,19-05-2024,Returned,,
5009538,301884,502,07-03-2026,11-03-2026,Pending,,
5009539,302730,529,24-03-2023,27-03-2023,SHIPPED,168785.67,
5009540,300835,524,18-05-2026,20-05-2026,delivered,,
5009541,302223,537,12-06-2026,24-06-2026,Delivered,27211.46,
5009542,302429,505,04-09-2025,20-04-2025,Delivered,79117.49,
5009543,300211,515,15-09-2025,16-09-2025,Pending,80350.65,
5009544,301756,511,23-07-2021,29-07-2021,Shipped,222243.24,
5009545,302399,516,06-11-2025,06-11-2025,Returned,26395.63,
5009546,301879,525,28-08-2024,29-08-2024,SHIPPED,,
5009547,300793,506,21-03-2024,29-03-2024,Shipped,5284.43,
5009548,301151,535,03-30-2026,,Returned,52280.48,
5009549,301451,520,01-10-2025,10-10-2025,Cancelled,36245.59,
5009550,302249,504,15-01-2025,17-01-2025,Delivered,93086.85,
5009551,302216,540,16-05-2025,25-05-2025,delivered,,
5009552,301504,521,27-09-2025,04-10-2025,Pending,73863.47,
5009553,300127,537,01-24-2025,02-02-2025,Returned,,
5009554,301031,504,15-06-2025,20-06-2025,Shipped,5537.48,
5009555,302523,508,24-04-2026,25-04-2026,Cancelled,5202.31,
5009556,300507,502,28-07-2023,,Shipped,92064.46,
5009557,301495,509,15-10-2025,25-10-2025,Delivered,182291.84,
5009558,300692,525,29-12-2023,09-01-2024,Returned,,
5009559,300233,532,02-02-2023,04-02-2023,Delivered,98239.05,
5009560,302876,525,27-12-2024,28-12-2024,Pending,16336.22,
5009561,301228,531,13-05-2022,19-05-2022,SHIPPED,80935.62,
5009562,302630,527,05-01-2023,13-01-2023,Returned,41157.53,
5009563,302547,531,27-05-2025,02-06-2025,Returned,68798.97,
5009564,301939,510,27-07-2026,06-08-2026,Cancelled,65798.73,
5009565,300512,521,24-07-2026,04-08-2026,pending ,102501.4,
5009566,301450,501,25-06-2026,06-07-2026,Returned,112121.5,
5009567,300607,504,13-07-2024,21-07-2024,pending ,90799.72,
5009568,301466,516,14-08-2025,19-08-2025,SHIPPED,49220.27,
5009569,301245,511,05-05-2024,09-05-2024,pending ,26641.56,
5009570,302372,525,17-09-2023,29-09-2023,Returned,119950.24,
5009571,300246,504,14-04-2025,23-04-2025,Pending,40489.07,
5009572,300990,512,18-04-2026,24-04-2026,SHIPPED,162748.78,
5009573,300645,512,06-07-2022,15-07-2022,Returned,19002.03,
5009574,301334,531,30-05-2021,07-06-2021,Delivered,50096.27,
5009575,300552,540,17-Sep-25,26-09-2025,Shipped,238957.55,
5009576,301226,504,31-08-2024,,Delivered,21061.66,
5009577,301574,525,16-06-2026,22-06-2026,Cancelled,155539.68,
5009578,302079,509,22-07-2025,27-07-2025,Pending,100472.35,
5009579,301116,518,08-Dec-24,20-12-2024,pending ,131195.51,
5009580,302420,517,09-11-2023,13-11-2023,pending ,8676.65,
5009581,301005,526,26-05-2025,30-05-2025,Pending,,
5009582,302035,535,22-02-2025,27-02-2025,SHIPPED,75207.67,
5009583,302913,510,06-08-2024,10-08-2024,delivered,,
5009584,302064,533,18-Sep-22,26-09-2022,Shipped,48129.02,
5009585,300777,511,25-11-2025,12-01-2025,Shipped,8607.43,
5009586,301365,513,18-01-2025,25-01-2025,Delivered,101659.78,
5009587,302203,532,09-06-2026,09-06-2026,Shipped,,
5009588,302747,518,27-07-2026,30-07-2026,Shipped,45000.12,
5009589,302014,512,03-06-2026,11-06-2026,Shipped,84277.02,
5009590,302247,534,22-Jun-26,26-06-2026,SHIPPED,27898.6,
5009591,300615,530,13-11-2023,21-11-2023,Delivered,27316.85,
5009592,302594,514,05-07-2026,07-07-2026,Pending,128137.64,
5009593,301730,507,20-07-2026,22-07-2026,Pending,31735.64,
5009594,301193,510,27-11-2024,12-02-2024,Delivered,27341.94,
5009595,302169,530,17-02-2026,21-02-2026,SHIPPED,81287.43,
5009596,301405,523,21-Jul-24,24-07-2024,delivered,,
5009597,302296,536,21-07-2026,28-07-2026,Cancelled,70359.75,
5009598,302137,507,11-07-2025,19-07-2025,Pending,186908.05,
5009599,300808,528,07-05-2025,12-05-2025,delivered,35209.98,
5009600,301023,508,16-Mar-23,27-03-2023,pending ,34845.68,
5009601,300923,537,17-05-2026,05-28-2026,Shipped,58325.07,
5009602,301410,510,06-12-2025,14-12-2025,Delivered,92578.48,
5009603,300878,528,27-04-2022,29-04-2022,Returned,64439.95,
5009604,301838,510,18-04-2025,30-04-2025,Delivered,15648.46,
5009605,300464,534,07-02-2025,07-02-2025,Returned,82245.06,
5009606,301499,524,07-08-2025,13-08-2025,Cancelled,,
5009607,301861,506,18-02-2025,18-02-2025,pending ,,
5009608,300666,518,27-11-2024,27-11-2024,Cancelled,22077.08,
5009609,300914,539,25-02-2026,03-03-2026,Cancelled,,
5009610,300491,513,24-09-2024,26-09-2024,Returned,,
5009611,300337,506,02-10-2025,08-10-2025,Pending,55801.06,
5009612,302847,507,10-07-2026,21-07-2026,Returned,,
5009613,302919,510,24-07-2024,05-08-2024,SHIPPED,,
5009614,300689,517,23-04-2025,,Pending,91035.19,
5009615,302107,527,03-10-2025,14-10-2025,Cancelled,77193.56,
5009616,301136,534,15-11-2025,16-11-2025,pending ,2549.97,
5009617,300226,532,13-06-2026,15-06-2026,pending ,,
5009618,301267,504,03-11-2025,05-11-2025,Delivered,144863.06,
5009619,301629,528,05-08-2021,13-08-2021,Returned,83903.27,
5009620,300017,525,21-10-2025,31-10-2025,Shipped,,
5009621,302187,515,22-07-2022,22-07-2022,Delivered,18420.03,
5009622,302174,511,09-10-2021,21-10-2021,Returned,39694.11,
5009623,301478,529,16-07-2024,07-28-2024,Delivered,14194.34,
5009624,302758,532,22-10-2024,22-10-2024,Cancelled,132825.28,
5009625,301203,519,12-05-2026,23-05-2026,Cancelled,54652.67,
5009626,300822,513,06-06-2025,10-06-2025,Shipped,45895.48,
5009627,300160,516,14-05-2026,16-05-2026,Cancelled,44448.41,
5009628,301637,518,27-08-2024,28-08-2024,SHIPPED,201091,
5009629,302684,509,12-07-2025,07-24-2025,Shipped,,
5009630,301915,522,30-03-2026,01-04-2026,delivered,92962.77,
5009631,301782,528,31-12-2025,02-01-2026,Cancelled,4636.58,
5009632,301754,513,01-02-2025,04-02-2025,Returned,179745.27,
5009633,301566,531,12-06-2022,20-Jun-22,Shipped,220515.98,
5009634,302817,538,06-09-2024,06-09-2024,Cancelled,122007.18,
5009635,302911,536,06-Sep-25,06-09-2025,pending ,27303.96,
5009636,302615,531,17-06-2024,17-06-2024,pending ,151211.8,
5009637,301320,515,20-12-2025,25-12-2025,delivered,95465.43,
5009638,300013,525,17-06-2022,22-06-2022,Returned,222754.88,
5009639,301312,508,17-04-2026,23-04-2026,Delivered,,
5009640,302654,537,31-01-2025,04-02-2025,Pending,46649.52,
5009641,302597,537,10-08-2024,13-08-2024,Delivered,33828.39,
5009642,302177,507,06-06-2025,13-06-2025,Shipped,97465.63,
5009643,301225,510,17-07-2024,17-07-2024,Cancelled,13282.82,
5009644,300082,526,17-12-2024,20-Dec-24,Shipped,76860.78,
5009645,301946,502,11-02-2026,02-21-2026,Shipped,2866.38,
5009646,302056,538,31-12-2025,06-01-2026,SHIPPED,11615.78,
5009647,302011,515,19-03-2024,30-03-2024,SHIPPED,14457.7,
5009648,300683,510,30-05-2026,08-06-2026,pending ,55344.32,
5009649,300264,503,28-07-2025,31-07-2025,Returned,15891.98,
5009650,302443,521,13-03-2024,25-03-2024,Delivered,9077.49,
5009651,301986,509,25-08-2025,,Delivered,60492.41,
5009652,302651,506,12-11-2025,20-11-2025,Returned,30936.03,
5009653,302812,528,29-10-2024,,Returned,-2436.47,
5009654,302892,522,28-12-2022,04-01-2023,pending ,62495.01,
5009655,301263,514,18-08-2024,24-08-2024,SHIPPED,89968.02,
5009656,300898,525,23-07-2026,,pending ,142511.33,
5009657,302368,510,09-09-2024,09-14-2024,Pending,116337.19,
5009658,301869,524,22-09-2024,24-Sep-24,Shipped,118574.02,
5009659,300186,532,14-08-2025,18-08-2025,Delivered,24356.2,
5009660,301390,510,04-14-2022,22-04-2022,Delivered,117033.69,
5009661,301957,532,30-01-2024,05-02-2024,pending ,61235.13,
5009662,301701,503,04-03-2026,07-03-2026,Pending,86532.95,
5009663,301196,528,11-06-2026,17-06-2026,pending ,62818.28,
5009664,302374,519,19-07-2025,28-07-2025,Returned,31627.23,
5009665,302129,540,24-12-2025,04-01-2026,Shipped,131182.08,
5009666,301273,505,11-04-2022,23-04-2022,pending ,8298.99,
5009667,301089,524,13-06-2026,20-06-2026,Shipped,118067.54,
5009668,300399,505,21-10-2023,22-10-2023,Returned,,
5009669,300218,514,08-Jan-25,19-01-2025,SHIPPED,83197.56,
5009670,302303,534,07-08-2024,13-08-2024,Cancelled,97958.49,
5009671,302576,521,10-27-2024,03-11-2024,Cancelled,56607.62,
5009672,300804,513,30-Mar-25,,SHIPPED,69490.42,
5009673,300101,535,24-10-2024,27-10-2024,Pending,40876.96,
5009674,302524,502,24-02-2024,01-03-2024,Cancelled,,
5009675,301226,540,17-03-2025,19-03-2025,Cancelled,107477,
5009676,302799,511,27-01-2025,08-02-2025,SHIPPED,96087.64,
5009677,301994,517,18-02-2024,25-Feb-24,Shipped,183127.29,
5009678,302506,506,16-04-2025,18-04-2025,Returned,6909.9,
5009679,301332,510,14-03-2026,03-25-2026,Cancelled,40515.24,
5009680,302809,526,03-10-2024,08-10-2024,Cancelled,128991.46,
5009681,302455,511,11-07-2024,17-07-2024,Returned,102290.76,
5009682,301766,508,23-07-2024,26-Jul-24,delivered,61230.83,
5009683,302144,521,19-02-2025,22-02-2025,Cancelled,131199.7,
5009684,302990,533,16-12-2022,20-12-2022,Pending,153808.52,
5009685,301124,502,12-03-2025,19-03-2025,pending ,,
5009686,300876,537,13-Feb-26,20-02-2026,Shipped,99924.58,
5009687,301313,530,24-08-2022,,Pending,54319.79,
5009688,302580,516,03-03-2026,03-03-2026,delivered,,
5009689,302274,527,19-11-2025,26-11-2025,delivered,40245.73,
5009690,301920,503,06-11-2025,07-11-2025,pending ,34142,
5009691,302278,527,08-06-2024,11-08-2024,Cancelled,6122.63,
5009692,301429,538,20-04-2023,23-04-2023,Shipped,56824.87,
5009693,300438,529,03-12-2025,10-12-2025,Returned,76892.64,
5009694,301402,517,29-Mar-26,08-04-2026,Pending,67579.66,
5009695,302905,506,25-05-2025,29-05-2025,pending ,87493.41,
5009696,301251,522,29-04-2025,30-04-2025,Pending,73435.68,
5009697,301456,530,09-07-2024,11-07-2024,Pending,10779.65,
5009698,302198,537,04-06-2025,16-04-2025,Pending,,
5009699,301132,507,06-12-2024,06-Dec-24,Returned,0,
5009700,300439,505,18-Mar-23,18-03-2023,SHIPPED,31305.41,
5009701,302103,523,04-05-2024,,Returned,,
5009702,300259,508,22-10-2022,02-11-2022,Pending,,
5009703,300377,528,17-04-2024,25-04-2024,Returned,120056.13,
5009704,302563,522,04-15-2025,23-04-2025,SHIPPED,47614.72,
5009705,301629,536,07-03-2026,09-03-2026,delivered,29154.27,
5009706,301575,511,24-05-2025,28-05-2025,delivered,182774.15,
5009707,302313,515,10-05-2026,12-05-2026,Delivered,1756.47,
5009708,301653,511,14-07-2023,23-07-2023,Pending,64997.61,
5009709,302671,517,04-06-2022,12-06-2022,Cancelled,0,
5009710,301246,532,16-02-2022,28-02-2022,pending ,103628.37,
5009711,302373,523,29-07-2022,07-08-2022,SHIPPED,84051.37,
5009712,302891,530,04-11-2022,06-11-2022,delivered,11409.49,
5009713,302209,519,29-08-2024,02-09-2024,pending ,3899.96,
5009714,301052,511,23-01-2025,28-01-2025,Delivered,102375.04,
5009715,300389,508,28-10-2020,04-11-2020,Shipped,120068.27,
5009716,300933,508,19-02-2024,02-03-2024,pending ,72349.46,
5009717,300257,515,13-07-2023,23-07-2023,pending ,,
5009718,300038,537,14-05-2024,24-05-2024,Cancelled,83868.32,
5009719,300624,527,08-Dec-24,13-Dec-24,delivered,70509.48,
5009720,300329,516,21-01-2026,30-01-2026,SHIPPED,84941.63,
5009721,302677,523,05-Oct-22,17-10-2022,Pending,64056.76,
5009722,302190,524,04-08-2025,19-04-2025,Pending,34706.36,
5009723,301086,518,25-05-2023,05-Jun-23,Returned,18421.21,
5009724,301675,518,08-12-2022,13-12-2022,Returned,23519.44,
5009725,302325,509,30-10-2023,09-11-2023,Returned,42748.46,
5009726,302002,501,24-May-25,25-05-2025,Cancelled,112235.4,
5009727,301775,507,16-10-2025,26-10-2025,Returned,,
5009728,301960,536,06-29-2024,30-06-2024,delivered,38983.54,
5009729,301363,514,26-12-2025,,SHIPPED,111302.41,
5009730,300776,526,06-07-2025,06-07-2025,delivered,34037.19,
5009731,301437,527,03-Apr-25,,Returned,198898.93,
5009732,302498,534,09-03-2024,11-03-2024,Shipped,71238.99,
5009733,301435,523,27-04-2025,28-04-2025,pending ,72548.51,
5009734,300201,538,14-07-2021,22-07-2021,Delivered,90233.98,
5009735,302909,520,19-Jan-21,26-01-2021,pending ,,
5009736,302221,512,07-09-2025,09-09-2025,pending ,36615.72,
5009737,301971,515,14-01-2025,26-Jan-25,SHIPPED,,
5009738,300475,529,07-01-2026,14-01-2026,pending ,173270.54,
5009739,300436,534,10-07-2026,18-Jul-26,Cancelled,110495.7,
5009740,301989,536,10-11-2024,14-11-2024,Shipped,23564.23,
5009741,302770,511,19-05-2021,28-05-2021,pending ,16573.88,
5009742,301239,508,05-Aug-24,10-08-2024,Pending,31288.46,
5009743,300319,532,08-08-2025,17-Aug-25,pending ,267074.45,
5009744,300813,521,23-02-2026,28-02-2026,Cancelled,41614.58,
5009745,301051,537,14-10-2023,18-10-2023,Cancelled,27861.75,
5009746,300999,530,14-12-2025,,Cancelled,48211.69,
5009747,302045,505,14-04-2024,17-04-2024,Shipped,34693.45,
5009748,302464,532,01-01-2025,10-01-2025,Cancelled,65093.67,
5009749,302721,533,30-Dec-23,07-01-2024,Delivered,30835.68,
5009750,300325,508,07-Apr-21,13-04-2021,Shipped,75327.2,
5009751,302875,522,23-08-2025,01-09-2025,Shipped,58246.69,
5009752,302118,528,03-06-2026,15-06-2026,Returned,25470.03,
5009753,302340,508,02-03-2025,13-03-2025,Pending,91561.11,
5009754,301878,515,13-12-2025,20-12-2025,Cancelled,206318.86,
5009755,300676,526,06-08-2025,08-18-2025,SHIPPED,100213.83,
5009756,300482,505,19-12-2025,,delivered,145204.2,
5009757,300040,535,26-10-2024,31-Oct-24,SHIPPED,,
5009758,301889,519,05-01-2025,10-01-2025,SHIPPED,34941.94,
5009759,300012,514,01-07-2024,04-07-2024,Cancelled,,
5009760,301820,540,13-10-2025,15-10-2025,pending ,51656.09,
5009761,300382,519,20-09-2024,23-09-2024,pending ,26614.4,
5009762,302841,532,14-07-2021,16-07-2021,Shipped,110974.53,
5009763,301606,519,12-04-2026,14-04-2026,SHIPPED,169852.74,
5009764,300457,539,10-12-2024,20-12-2024,pending ,,
5009765,301504,510,12-08-2025,23-08-2025,Cancelled,46453.55,
5009766,300316,502,17-10-2024,29-10-2024,pending ,83694.29,
5009767,302468,535,19-06-2025,30-06-2025,Pending,42702.81,
5009768,300737,539,12-04-2023,23-04-2023,Returned,76965.27,
5009769,300211,501,20-May-26,25-05-2026,Cancelled,55205.4,
5009770,301170,518,10-07-2023,18-07-2023,Returned,8605.21,
5009771,300526,526,28-07-2025,04-08-2025,pending ,6395.41,
5009772,300966,536,14-07-2026,,Pending,,
5009773,302260,501,31-03-2023,12-04-2023,SHIPPED,122852.42,
5009774,301295,535,17-03-2022,19-03-2022,pending ,,
5009775,300693,511,06-08-2022,14-08-2022,pending ,129830.69,
5009776,301731,515,19-01-2026,28-01-2026,Pending,2027.99,
5009777,300272,510,02-Jul-25,07-07-2025,delivered,134882.99,
5009778,302363,505,18-02-2024,22-Feb-24,Delivered,8080.63,
5009779,302175,502,28-03-2025,28-03-2025,Returned,,
5009780,300283,532,27-06-2024,29-06-2024,SHIPPED,79093.14,
5009781,302521,536,27-07-2023,06-08-2023,delivered,,
5009782,300363,521,19-01-2025,31-01-2025,pending ,,
5009783,302468,536,18-12-2023,26-12-2023,Returned,76827.5,
5009784,300737,511,30-01-2025,06-02-2025,Pending,28305.77,
5009785,301401,530,25-03-2025,28-03-2025,Cancelled,67510.38,
5009786,302597,514,04-07-2025,05-07-2025,delivered,6325.17,
5009787,301895,527,22-01-2025,03-02-2025,delivered,39312.64,
5009788,300654,522,25-10-2023,28-10-2023,Returned,138648.79,
5009789,302721,533,19-07-2024,,Pending,,
5009790,302216,538,20-09-2025,25-09-2025,delivered,92148.34,
5009791,301294,505,06-Jul-25,18-07-2025,Pending,,
5009792,302987,511,12-03-2022,14-03-2022,pending ,104741.04,
5009793,302057,506,11-15-2023,21-11-2023,Shipped,89736.5,
5009794,300843,535,09-07-2021,19-07-2021,Pending,118956.79,
5009795,300509,519,25-07-2026,27-07-2026,Shipped,,
5009796,300144,519,02-07-2026,10-07-2026,delivered,5082.17,
5009797,300444,535,09-17-2024,28-09-2024,delivered,81192.61,
5009798,301566,512,31-08-2023,04-09-2023,Returned,69092.61,
5009799,301326,506,07-28-2023,06-08-2023,delivered,101835.4,
5009800,302951,512,07-08-2024,09-08-2024,Cancelled,141119.19,
5009801,300584,520,29-04-2024,08-05-2024,delivered,24568.33,
5009802,302320,533,28-02-2025,28-02-2025,Shipped,45444.83,
5009803,300505,528,19-10-2024,25-10-2024,pending ,102352.5,
5009804,302474,532,13-01-2024,24-01-2024,pending ,3976.95,
5009805,301987,516,01-06-2026,06-06-2026,Cancelled,42672.37,
5009806,301554,528,22-Aug-24,28-08-2024,Delivered,70132.14,
5009807,302318,525,09-12-2023,11-12-2023,Pending,95926.16,
5009808,302351,529,02-14-2026,19-02-2026,pending ,161484.49,
5009809,301833,536,26-07-2026,06-08-2026,Delivered,53066.08,
5009810,300028,514,07-09-2024,17-09-2024,SHIPPED,82601.62,
5009811,300431,527,10-07-2021,19-07-2021,SHIPPED,55655.77,
5009812,302319,513,17-08-2025,18-08-2025,Returned,10296.43,
5009813,300576,519,15-Nov-24,23-11-2024,Cancelled,5329.58,
5009814,302152,514,24-06-2026,26-06-2026,Cancelled,109355.17,
5009815,300573,519,31-07-2023,08-08-2023,Delivered,100765.58,
5009816,301162,515,27-07-2024,03-08-2024,Returned,101430.35,
5009817,302752,521,06-17-2024,23-06-2024,delivered,44961.89,
5009818,300088,524,22-07-2023,31-07-2023,Cancelled,,
5009819,300794,518,27-10-2025,05-11-2025,SHIPPED,20427.39,
5009820,300881,536,24-02-2026,28-Feb-26,delivered,72379.63,
5009821,302698,515,29-09-2023,06-10-2023,delivered,,
5009822,300410,529,09-Oct-25,10-10-2025,delivered,76954.53,
5009823,300306,507,26-09-2025,26-Sep-25,Cancelled,88209.4,
5009824,301601,513,11-04-2023,,Shipped,181659.68,
5009825,300033,515,14-05-2022,22-05-2022,Shipped,24143,
5009826,302180,511,25-07-2026,04-08-2026,pending ,1962.4,
5009827,302430,525,11-06-2024,,Delivered,103799.22,
5009828,302323,522,13-09-2023,14-09-2023,SHIPPED,127075.04,
5009829,301084,503,19-06-2025,06-28-2025,delivered,29011.35,
5009830,300788,535,08-Aug-23,20-08-2023,Shipped,13145.89,
5009831,301070,536,09-05-2024,20-05-2024,SHIPPED,,
5009832,302354,502,26-12-2025,27-12-2025,Cancelled,6684.04,
5009833,301575,525,17-01-2025,20-01-2025,Pending,78684.33,
5009834,301797,520,30-07-2026,30-07-2026,Delivered,64780.19,
5009835,300931,535,24-08-2022,24-08-2022,delivered,28007.93,
5009836,301743,522,18-04-2022,27-04-2022,Returned,,
5009837,302856,521,04-13-2023,22-04-2023,Shipped,141129.46,
5009838,302052,523,08-05-2026,19-05-2026,Returned,73709.35,
5009839,302304,539,11-07-2025,,pending ,105626.12,
5009840,302605,537,01-Nov-22,11-10-2022,Shipped,54983.83,
5009841,300300,520,11-Jan-24,22-01-2024,delivered,949.54,
5009842,300711,510,26-12-2025,28-12-2025,Delivered,60737.69,
5009843,300043,514,23-01-2023,30-01-2023,Returned,20008.74,
5009844,301320,534,02-12-2023,07-12-2023,Pending,37073.22,
5009845,300920,530,02-07-2026,08-02-2026,SHIPPED,96354.94,
5009846,302506,533,01-10-2025,02-10-2025,SHIPPED,0,
5009847,301965,538,18-05-2026,24-05-2026,Shipped,34699.75,
5009848,300152,509,06-05-2022,10-05-2022,Cancelled,0,
5009849,300099,518,05-12-2024,08-12-2024,SHIPPED,118876.76,
5009850,302246,503,02-04-2025,06-04-2025,pending ,9605.53,
5009851,300901,526,20-05-2025,26-05-2025,Pending,,
5009852,300873,508,21-12-2024,21-Dec-24,pending ,7828.94,
5009853,300943,532,14-08-2025,22-08-2025,SHIPPED,95013.12,
5009854,300511,539,06-08-2025,09-08-2025,Shipped,38725.25,
5009855,302084,514,05-Dec-24,13-12-2024,Shipped,86815.79,
5009856,301800,539,19-11-2025,01-12-2025,Pending,123972.29,
5009857,301803,528,13-12-2024,17-12-2024,Pending,21207.35,
5009858,300604,501,30-09-2025,09-10-2025,Delivered,23881.09,
5009859,300409,525,03-10-2024,11-10-2024,Shipped,95379.03,
5009860,301935,537,11-04-2024,16-04-2024,Cancelled,109432.04,
5009861,300057,527,07-01-2026,07-01-2026,Shipped,,
5009862,300349,519,05-07-2025,06-07-2025,pending ,94973.71,
5009863,302129,509,27-02-2024,09-03-2024,Pending,499.22,
5009864,302941,506,06-08-2024,08-08-2024,Delivered,80786.25,
5009865,300979,538,04-01-2026,01-07-2026,Delivered,112747.84,
5009866,300229,522,01-10-2025,07-10-2025,delivered,69934.39,
5009867,301413,507,25-05-2025,03-06-2025,Shipped,,
5009868,301803,512,04-30-2025,02-05-2025,delivered,0,
5009869,300493,519,06-02-2026,13-02-2026,SHIPPED,84598.57,
5009870,300588,504,05-Mar-26,06-03-2026,Pending,,
5009871,301327,535,07-04-2022,08-04-2022,Delivered,1251.34,
5009872,302924,524,28-09-2024,01-10-2024,Returned,17982.28,
5009873,300223,517,06-26-2022,29-06-2022,delivered,46113.73,
5009874,302884,520,10-03-2025,19-03-2025,SHIPPED,,
5009875,302470,524,29-08-2025,,Pending,113554.31,
5009876,302705,521,20-09-2023,20-09-2023,pending ,52636.05,
5009877,301656,520,26-11-2025,02-12-2025,Returned,,
5009878,302983,534,02-01-2026,09-02-2026,Shipped,,
5009879,300063,535,01-12-2024,12-10-2024,Cancelled,61524.35,
5009880,300193,533,24-Oct-25,11-04-2025,pending ,27657.52,
5009881,301966,520,12-Apr-25,15-04-2025,delivered,30956.76,
5009882,302176,533,03-09-2024,12-09-2024,Shipped,,
5009883,300980,530,14-09-2025,,Pending,38925.59,
5009884,301526,521,19-03-2022,19-03-2022,pending ,,
5009885,300537,510,22-11-2025,27-11-2025,Pending,180258.79,
5009886,302967,523,10-06-2025,21-06-2025,Returned,102531.55,
5009887,301477,506,14-10-2024,21-10-2024,Cancelled,43162.22,
5009888,300956,502,20-04-2025,26-04-2025,pending ,22912.89,
5009889,302261,532,28-09-2025,04-10-2025,Delivered,194834.24,
5009890,301002,512,14-06-2025,20-06-2025,delivered,10925.73,
5009891,302514,535,25-08-2025,08-27-2025,pending ,74752.72,
5009892,302438,534,25-05-2023,25-05-2023,pending ,28879.51,
5009893,301895,530,06-11-2024,16-11-2024,Pending,,
5009894,300134,506,03-01-2024,,Returned,72385.31,
5009895,302472,526,25-12-2021,06-01-2022,pending ,38931.43,
5009896,301081,538,09-17-2025,19-09-2025,Shipped,96134.83,
5009897,301565,518,12-07-2025,19-07-2025,SHIPPED,67525.98,
5009898,301727,511,11-02-2026,12-02-2026,pending ,,
5009899,300550,539,01-03-2026,05-03-2026,pending ,82525.92,
5009900,301445,527,20-04-2025,02-05-2025,pending ,19407.86,
5009901,302856,502,03-04-2023,05-04-2023,Pending,15516.89,
5009902,300451,522,14-10-2025,14-10-2025,Pending,29058.87,
5009903,301943,512,26-03-2022,27-03-2022,Shipped,5069.14,
5009904,300927,536,31-10-2025,06-11-2025,SHIPPED,6349.95,
5009905,302360,538,14-07-2026,18-07-2026,pending ,46053.77,
5009906,300033,504,12-03-2026,15-03-2026,Returned,68452.08,
5009907,300036,533,12-07-2025,21-07-2025,SHIPPED,144423.05,
5009908,301634,505,03-21-2026,25-03-2026,SHIPPED,,
5009909,301143,535,05-12-2024,07-12-2024,SHIPPED,53204.07,
5009910,302857,528,06-07-2026,14-07-2026,Pending,,
5009911,300119,520,20-11-2025,02-12-2025,Shipped,63488.99,
5009912,302652,508,06-06-2026,12-06-2026,SHIPPED,,
5009913,302650,534,23-12-2023,03-01-2024,Cancelled,94227.64,
5009914,300620,513,31-05-2025,12-Jun-25,Delivered,81061.56,
5009915,302092,517,16-09-2024,23-09-2024,Returned,103026.58,
5009916,300749,503,23-03-2026,26-03-2026,Cancelled,,
5009917,301190,516,09-Sep-24,12-09-2024,Pending,4321.32,
5009918,300506,504,10-03-2025,12-03-2025,Delivered,115432.04,
5009919,302052,539,08-01-2025,11-01-2025,Cancelled,88910.38,
5009920,300789,525,19-06-2026,19-06-2026,Pending,,
5009921,301395,540,13-04-2025,13-04-2025,Cancelled,,
5009922,300362,526,28-09-2024,09-10-2024,Cancelled,66020.75,
5009923,301656,520,10-10-2022,17-10-2022,delivered,34155.22,
5009924,301623,511,11-05-2024,15-May-24,Delivered,14572.37,
5009925,301786,513,27-03-2025,01-04-2025,Shipped,120827.05,
5009926,301938,514,06-22-2026,01-07-2026,Shipped,71605.4,
5009927,300356,537,03-05-2022,06-05-2022,Cancelled,113196.68,
5009928,301207,515,16-02-2022,02-19-2022,Cancelled,66591,
5009929,300651,508,28-07-2022,07-08-2022,pending ,140429.14,
5009930,300934,519,17-Nov-25,23-11-2025,Returned,1933.87,
5009931,300069,521,05-06-2023,15-06-2023,Pending,52579.41,
5009932,302053,523,27-12-2023,01-01-2024,delivered,0,
5009933,301776,503,26-04-2025,30-04-2025,SHIPPED,57405.04,
5009934,301076,527,26-05-2026,01-06-2026,Delivered,37256.93,
5009935,301658,509,07-23-2026,04-08-2026,Delivered,25159.2,
5009936,302559,533,15-08-2023,19-08-2023,Pending,,
5009937,301054,505,13-08-2024,13-08-2024,SHIPPED,204151.43,
5009938,300503,521,30-11-2025,03-12-2025,delivered,57086.34,
5009939,302588,540,09-12-2024,14-12-2024,Pending,56501.74,
5009940,301185,507,23-12-2023,03-01-2024,Returned,89378.83,
5009941,301362,526,19-11-2023,20-Nov-23,pending ,129045.7,
5009942,301267,520,17-04-2025,17-04-2025,Delivered,,
5009943,302089,508,05-01-2025,07-01-2025,Delivered,,
5009944,300013,538,14-06-2021,25-06-2021,SHIPPED,,
5009945,302912,521,12-07-2025,07-18-2025,pending ,64779.42,
5009946,302105,539,15-Mar-26,16-03-2026,SHIPPED,58095.15,
5009947,301914,531,25-01-2024,25-01-2024,delivered,,
5009948,300813,527,08-02-2025,02-20-2025,SHIPPED,,
5009949,300637,503,30-06-2022,06-07-2022,pending ,125583.94,
5009950,301898,521,09-11-2024,20-11-2024,pending ,0,
5009951,300728,527,07-09-2025,12-09-2025,Returned,58053.55,
5009952,301638,535,11-08-2025,17-11-2025,Pending,14605.28,
5009953,301247,502,09-11-2023,09-11-2023,SHIPPED,6864.53,
5009954,302954,503,15-06-2026,26-06-2026,Cancelled,144534.77,
5009955,302940,536,07-07-2026,07-07-2026,Delivered,2055.82,
5009956,302341,520,18-10-2025,,Delivered,18493.04,
5009957,301268,525,11-05-2024,16-05-2024,Pending,0,
5009958,301438,528,28-04-2021,10-05-2021,SHIPPED,50906.58,
5009959,302045,510,09-02-2025,09-02-2025,Returned,9438.13,
5009960,300416,517,08-04-2026,13-04-2026,Returned,149501.65,
5009961,301498,537,07-01-2026,11-01-2026,Returned,13747.45,
5009962,300277,524,13-05-2026,15-May-26,Returned,49801.57,
5009963,301888,529,05-04-2025,13-04-2025,Pending,-3807.59,
5009964,302497,510,16-08-2024,20-08-2024,Cancelled,,
5009965,302919,536,30-07-2026,08-08-2026,Shipped,,
5009966,300650,519,27-05-2022,06-01-2022,delivered,3134.96,
5009967,302560,526,15-02-2025,24-02-2025,Returned,17756.5,
5009968,301728,516,13-03-2026,22-03-2026,Shipped,7695.62,
5009969,301710,516,14-Dec-23,22-12-2023,Shipped,28839.27,
5009970,302065,530,09-06-2023,06-16-2023,delivered,119208.08,
5009971,301472,504,24-02-2025,07-03-2025,Returned,,
5009972,300771,519,11-07-2026,18-07-2026,SHIPPED,9056.79,
5009973,301021,517,25-Jun-26,01-07-2026,Pending,,
5009974,300639,532,05-03-2023,16-03-2023,SHIPPED,69277.47,
5009975,301706,533,23-12-2024,31-12-2024,Shipped,14201.69,
5009976,301804,518,11-07-2026,21-07-2026,Cancelled,198203.09,
5009977,300807,537,03-09-2025,03-Sep-25,pending ,43007.93,
5009978,302221,531,28-11-2025,,Shipped,93474.86,
5009979,301591,528,05-07-2023,,delivered,56776.87,
5009980,300717,520,27-04-2026,06-05-2026,delivered,47528.59,
5009981,300196,501,08-27-2025,29-08-2025,SHIPPED,77952.37,
5009982,300696,507,24-08-2025,25-08-2025,Pending,77106.62,
5009983,300390,521,04-10-2025,14-Oct-25,Delivered,1125.72,
5009984,302846,531,11-26-2025,03-12-2025,Pending,82135.12,
5009985,300728,514,31-08-2025,03-09-2025,delivered,18360.07,
5009986,300247,535,12-05-2026,,pending ,50841.61,
5009987,300425,501,18-04-2026,23-04-2026,Shipped,,
5009988,302378,521,10-05-2026,10-05-2026,Pending,148219.92,
5009989,300501,518,13-06-2026,,delivered,75102.19,
5009990,302702,519,25-05-2024,25-05-2024,Shipped,9637.12,
5009991,302388,515,11-11-2024,18-11-2024,Shipped,,
5009992,301479,504,03-06-2025,05-06-2025,Cancelled,7956.45,
5009993,301600,540,07-16-2026,23-07-2026,Shipped,68157.34,
5009994,300867,506,25-10-2025,31-10-2025,Cancelled,93924.31,
5009995,302614,538,16-08-2024,08-26-2024,Returned,,
5009996,302847,505,10-03-2024,20-03-2024,Delivered,0,
5009997,300685,532,31-12-2025,,Shipped,55643.78,
5009998,301432,535,13-04-2024,20-04-2024,Returned,113190.69,
5009999,301950,525,22-04-2025,24-04-2025,Cancelled,0,
5010000,301727,539,13-07-2025,14-07-2025,pending ,,
5010001,301732,503,24-02-2026,08-03-2026,pending ,44602.87,
5010002,302805,530,01-08-2026,03-08-2026,Returned,74615.31,
5010003,300619,506,01-09-2024,03-09-2024,Delivered,107309.79,
5010004,302798,508,08-06-2024,18-06-2024,SHIPPED,93893.62,
5010005,300392,519,03-06-2026,14-06-2026,SHIPPED,54894.15,
5010006,301950,527,06-03-2024,,SHIPPED,159871.46,
5010007,302400,526,24-11-2025,05-12-2025,Pending,52893.56,
5010008,302116,522,19-06-2026,20-06-2026,Shipped,83956.92,
5010009,300687,510,02-09-2025,07-09-2025,Shipped,131173.05,
5010010,302543,539,23-05-2026,31-05-2026,Delivered,13514.44,
5010011,300336,513,07-Sep-23,17-09-2023,SHIPPED,23027.49,
5010012,301130,512,17-01-2025,22-01-2025,delivered,30492.45,
5010013,301660,536,02-10-2025,17-Feb-25,Cancelled,156392.97,
5010014,300194,505,09-Mar-24,13-03-2024,Returned,64843.76,
5010015,301232,513,31-01-2025,01-02-2025,Cancelled,,
5010016,302236,502,03-06-2022,08-06-2022,SHIPPED,,
5010017,300968,505,05-03-2025,03-10-2025,Pending,3541.23,
5010018,300747,527,05-03-2026,03-13-2026,Shipped,10339.55,
5010019,301755,522,11-05-2024,,Shipped,23629.27,
5010020,302944,501,07-03-2026,09-03-2026,delivered,201435.94,
5010021,301196,535,12-12-2024,23-12-2024,Cancelled,119913.68,
5010022,300079,510,06-09-2025,06-09-2025,Shipped,,
5010023,300050,508,27-06-2023,29-06-2023,Cancelled,,
5010024,302556,515,29-09-2022,04-10-2022,SHIPPED,139481.31,
5010025,300219,516,18-12-2025,22-12-2025,Delivered,16369.77,
5010026,302897,521,19-01-2025,29-01-2025,delivered,58828.01,
5010027,300305,530,12-07-2023,12-07-2023,SHIPPED,7841.87,
5010028,300344,525,25-07-2024,01-08-2024,Cancelled,19115.63,
5010029,300556,519,17-02-2025,28-02-2025,Pending,143114.04,
5010030,301468,502,26-03-2024,26-03-2024,pending ,127786.59,
5010031,300324,522,23-10-2023,30-10-2023,Cancelled,77254.35,
5010032,300656,528,11-03-2022,12-03-2022,Shipped,,
5010033,301711,509,24-02-2026,02-26-2026,delivered,70048.9,
5010034,300771,533,29-01-2026,30-01-2026,Delivered,,
5010035,301922,531,25-04-2026,06-05-2026,Shipped,70607,
5010036,300666,517,02-01-2023,04-01-2023,pending ,-1749.57,
5010037,300969,521,07-11-2024,13-11-2024,SHIPPED,92309.72,
5010038,300558,506,24-12-2024,25-12-2024,Pending,121850.66,
5010039,301198,521,08-11-2023,11-09-2023,Cancelled,9641.65,
5010040,300607,507,17-09-2024,26-09-2024,Returned,75602.49,
5010041,301604,504,27-08-2025,29-08-2025,pending ,42384.67,
5010042,302378,510,13-08-2025,17-08-2025,Shipped,,
5010043,302882,531,16-12-2025,27-12-2025,Delivered,103789.09,
5010044,300514,506,19-11-2024,27-11-2024,Shipped,156929.36,
5010045,302862,516,15-02-2022,23-02-2022,Delivered,,
5010046,302223,505,16-10-2025,23-10-2025,Delivered,221375.63,
5010047,302009,536,06-06-2024,14-06-2024,pending ,39153.5,
5010048,300965,536,11-24-2024,04-12-2024,Shipped,7593.6,
5010049,301781,509,11-11-2025,19-11-2025,Returned,122481.53,
5010050,300159,515,08-06-2025,13-08-2025,Returned,19117.67,
5010051,300592,526,18-10-2024,30-10-2024,Delivered,,
5010052,301453,511,17-12-2025,,Returned,70069.48,
5010053,302907,507,19-03-2026,31-03-2026,pending ,132773.01,
5010054,301298,527,01-03-2025,01-03-2025,delivered,7131.86,
5010055,300615,535,26-05-2026,06-06-2026,delivered,31373.51,
5010056,302464,501,02-11-2025,04-11-2025,SHIPPED,,
5010057,300293,516,15-11-2024,26-11-2024,Pending,130623.97,
5010058,301518,538,25-04-2024,27-04-2024,Cancelled,63349.63,
5010059,302766,532,20-04-2025,02-05-2025,Shipped,,
5010060,301088,507,07-25-2023,02-08-2023,Pending,112859.48,
5010061,301707,526,11-03-2025,20-03-2025,Shipped,,
5010062,300172,540,31-01-2025,04-02-2025,delivered,34170.72,
5010063,302846,528,19-10-2025,20-10-2025,pending ,,
5010064,302214,520,25-04-2022,07-05-2022,Pending,98467.33,
5010065,301020,501,19-Mar-25,24-03-2025,delivered,63283.43,
5010066,302597,514,03-Dec-25,05-12-2025,pending ,15662.4,
5010067,301848,533,28-04-2025,29-04-2025,Delivered,-2769.35,
5010068,300641,523,16-11-2025,26-11-2025,SHIPPED,29573.28,
5010069,300850,529,02-06-2026,05-06-2026,Delivered,,
5010070,301620,537,03-04-2026,07-Apr-26,SHIPPED,,
5010071,302177,510,19-08-2025,21-08-2025,Pending,18922.03,
5010072,300697,522,31-07-2023,31-07-2023,delivered,95039.82,
5010073,302448,532,17-06-2026,23-06-2026,Delivered,136589.41,
5010074,302991,505,24-09-2025,27-09-2025,Shipped,180761.6,
5010075,302337,513,18-01-2026,20-01-2026,Pending,2791.41,
5010076,300913,536,07-10-2025,10-10-2025,Cancelled,32911.7,
5010077,302808,501,30-11-2021,30-11-2021,Cancelled,,
5010078,301226,532,05-12-2024,13-12-2024,SHIPPED,,
5010079,302267,539,08-06-2024,10-Jun-24,Shipped,,
5010080,302905,517,05-31-2025,08-06-2025,Returned,184023.42,
5010081,301124,514,23-08-2025,25-08-2025,Cancelled,1590.65,
5010082,302182,513,23-01-2026,30-01-2026,Returned,95464.72,
5010083,302944,525,22-08-2025,22-08-2025,SHIPPED,15750.78,
5010084,302055,517,23-12-2023,02-01-2024,Returned,149651.1,
5010085,301725,523,09-05-2022,15-09-2022,Pending,4418.83,
5010086,300128,514,29-04-2024,04-05-2024,Shipped,209924.46,
5010087,301139,538,04-07-2025,12-07-2025,Pending,25638.8,
5010088,302784,539,12-01-2022,14-01-2022,pending ,16541.62,
5010089,300692,517,30-12-2024,02-01-2025,Pending,122678.53,
5010090,301834,505,29-07-2026,29-07-2026,delivered,94004.79,
5010091,301408,526,03-23-2026,23-03-2026,Pending,2257.08,
5010092,302368,505,27-11-2020,,SHIPPED,20764.12,
5010093,302814,530,08-06-2025,08-06-2025,Pending,,
5010094,302331,533,11-02-2025,18-02-2025,Delivered,78035.21,
5010095,300887,532,12-19-2025,22-12-2025,pending ,113360.89,
5010096,302733,529,12-01-2025,23-01-2025,delivered,39110.18,
5010097,302045,501,03-09-2024,09-13-2024,SHIPPED,,
5010098,300783,516,09-06-2024,12-Jun-24,SHIPPED,96814.09,
5010099,300613,539,31-01-2025,,SHIPPED,3635.12,
5010100,300777,504,04-16-2025,24-04-2025,Returned,85502.58,
5010101,301026,519,23-01-2026,27-01-2026,delivered,123955.68,
5010102,302700,513,14-06-2023,24-06-2023,SHIPPED,5657.82,
5010103,302273,507,09-14-2025,21-09-2025,SHIPPED,20376.13,
5010104,301536,528,02-10-2025,06-10-2025,Delivered,11284.25,
5010105,302388,514,13-05-2024,,Pending,25247.79,
5010106,302884,532,02-08-2025,10-08-2025,Cancelled,23045.07,
5010107,300150,503,07-17-2026,21-07-2026,pending ,,
5010108,301607,530,19-02-2023,19-02-2023,SHIPPED,33781.68,
5010109,301516,512,24-01-2026,28-Jan-26,Delivered,118405.36,
5010110,302411,514,16-03-2026,,Pending,66586.66,
5010111,300358,514,13-09-2024,13-09-2024,Returned,,
5010112,302294,520,08-09-2025,16-09-2025,pending ,120843.86,
5010113,301130,530,31-Jul-25,09-08-2025,Pending,147048.37,
5010114,302558,534,15-12-2023,26-12-2023,delivered,7722.82,
5010115,301954,533,10-07-2024,07-14-2024,Pending,83228.65,
5010116,302088,531,10-Nov-25,18-11-2025,delivered,65209.17,
5010117,301606,527,22-02-2025,28-02-2025,Delivered,99521.26,
5010118,302331,535,24-06-2025,,Pending,40997.31,
5010119,301773,501,08-08-2025,19-08-2025,Returned,49044.48,
5010120,300243,513,07-14-2024,19-07-2024,Delivered,,
5010121,300552,539,25-11-2021,,Pending,55910.58,
5010122,301039,508,04-08-2024,,Returned,,
5010123,302981,509,05-Oct-21,13-10-2021,Delivered,119838.47,
5010124,302489,525,05-11-2021,05-11-2021,pending ,1785.51,
5010125,300866,528,16-06-2021,28-06-2021,Pending,,
5010126,302326,503,27-01-2026,07-02-2026,Shipped,122018.9,
5010127,302699,511,27-05-2022,03-06-2022,pending ,,
5010128,300530,522,09-01-2022,14-01-2022,Shipped,17691.89,
5010129,302772,519,14-11-2023,23-11-2023,Shipped,30344.97,
5010130,300808,507,23-10-2024,,Cancelled,-16448.46,
5010131,300218,527,10-06-2025,20-06-2025,SHIPPED,8662.51,
5010132,300835,530,20-03-2026,,SHIPPED,26561.91,
5010133,300369,510,18-08-2024,23-08-2024,SHIPPED,186205.66,
5010134,300639,514,19-03-2024,28-03-2024,pending ,34484.07,
5010135,301092,501,13-06-2026,21-06-2026,delivered,74678.82,
5010136,302672,524,08-12-2022,14-12-2022,Shipped,,
5010137,301973,530,10-08-2024,18-Aug-24,Pending,27828.76,
5010138,301034,538,05-01-2024,16-01-2024,Pending,7763.62,
5010139,301391,531,03-03-2025,07-Mar-25,pending ,17286.69,
5010140,302033,534,07-12-2023,08-12-2023,Delivered,,
5010141,301283,529,08-11-2023,19-11-2023,delivered,,
5010142,302246,518,24-05-2025,24-05-2025,Shipped,160709.48,
5010143,302117,513,23-11-2025,28-11-2025,delivered,,
5010144,302334,524,27-04-2024,04-05-2024,Pending,1947.19,
5010145,301587,510,02-03-2024,,Pending,,
5010146,302650,515,26-09-2022,01-10-2022,Pending,164428.69,
5010147,301961,509,07-15-2024,25-07-2024,Pending,74424.39,
5010148,300588,502,08-05-2026,14-05-2026,delivered,,
5010149,301864,536,25-10-2025,26-10-2025,SHIPPED,108530.55,
5010150,302024,532,05-07-2024,14-07-2024,SHIPPED,99615.95,
5010151,300015,532,22-01-2024,01-02-2024,delivered,100255.89,
5010152,301782,511,18-05-2025,29-05-2025,pending ,122235.31,
5010153,301076,535,06-05-2024,11-05-2024,Shipped,36374.86,
5010154,301131,511,21-10-2025,29-10-2025,Shipped,242329.65,
5010155,301963,523,04-04-2024,12-04-2024,Cancelled,169089,
5010156,301760,502,24-03-2026,30-03-2026,SHIPPED,113234.38,
5010157,300453,530,17-Nov-25,11-20-2025,Cancelled,70650.35,
5010158,302329,506,08-04-2026,18-04-2026,Pending,95130.68,
5010159,301330,518,06-04-2025,10-04-2025,pending ,44110.41,
5010160,301767,540,02-03-2025,,pending ,131339.28,
5010161,302321,505,26-04-2026,30-04-2026,Delivered,130936.98,
5010162,301880,520,13-02-2024,24-02-2024,Pending,13474.56,
5010163,300503,521,21-12-2023,25-12-2023,pending ,80168.69,
5010164,302904,537,13-04-2024,16-04-2024,SHIPPED,38849.26,
5010165,300342,522,19-09-2024,29-09-2024,Returned,131148.47,
5010166,301634,509,05-11-2025,13-11-2025,Shipped,20016.24,
5010167,300307,509,11-04-2026,20-04-2026,Shipped,11357.89,
5010168,300895,504,24-01-2026,27-01-2026,Cancelled,72522.38,
5010169,302763,538,13-05-2024,19-05-2024,Shipped,-2916.4,
5010170,300225,519,04-03-2026,16-03-2026,Pending,109109.02,
5010171,300043,508,14-05-2025,14-05-2025,SHIPPED,32089.68,
5010172,301320,535,31-10-2024,10-11-2024,pending ,62735.55,
5010173,301964,521,19-12-2022,,Delivered,18787.05,
5010174,300729,522,23-02-2023,23-02-2023,Cancelled,26247.66,
5010175,300671,519,29-09-2022,10-08-2022,delivered,111947.58,
5010176,301333,529,19-12-2023,30-12-2023,SHIPPED,,
5010177,300312,503,07-11-2025,19-11-2025,Returned,25522.07,
5010178,301784,539,23-04-2021,05-05-2021,Delivered,38812.53,
5010179,302648,520,11-05-2026,14-05-2026,Cancelled,,
5010180,300822,522,06-03-2026,06-03-2026,Shipped,137457.58,
5010181,300300,510,11-07-2024,07-11-2024,SHIPPED,98086.94,
5010182,301203,525,18-09-2022,27-09-2022,Delivered,385.83,
5010183,302658,505,21-07-2025,01-08-2025,Pending,60927.8,
5010184,301212,506,14-04-2025,20-04-2025,Pending,54477.79,
5010185,301768,531,30-09-2025,02-10-2025,pending ,44606.58,
5010186,302929,516,01-06-2026,05-06-2026,SHIPPED,75591.48,
5010187,300465,525,28-05-2023,07-06-2023,pending ,42904.02,
5010188,302831,537,09-09-2021,21-09-2021,Cancelled,231631.43,
5010189,300769,528,29-03-2023,09-04-2023,pending ,35897.17,
5010190,301907,504,28-10-2024,08-11-2024,Pending,116449.34,
5010191,302125,501,16-04-2024,26-04-2024,Cancelled,,
5010192,300529,523,18-05-2024,28-05-2024,delivered,,
5010193,300224,520,27-05-2026,05-06-2026,pending ,63763.91,
5010194,300244,530,23-11-2025,02-12-2025,Shipped,17170.9,
5010195,302575,534,05-12-2025,09-12-2025,delivered,11504,
5010196,301135,530,21-12-2025,26-12-2025,Shipped,,
5010197,302416,519,13-08-2024,23-08-2024,SHIPPED,32000.51,
5010198,301975,508,30-06-2025,01-07-2025,Shipped,45986.83,
5010199,301670,538,11-11-2024,13-11-2024,delivered,93426.72,
5010200,300986,521,15-02-2026,17-Feb-26,delivered,170384.45,
5010201,302075,530,10-10-2022,13-10-2022,SHIPPED,103833.31,
5010202,301973,538,12-05-2025,13-05-2025,Shipped,116492.2,
5010203,302350,540,24-06-2026,28-06-2026,Shipped,520.8,
5010204,302512,521,30-07-2023,06-08-2023,Returned,3680.01,
5010205,301622,536,04-01-2024,16-01-2024,Delivered,,
5010206,301878,501,28-07-2021,05-08-2021,pending ,141273.08,
5010207,301363,538,19-11-2024,22-11-2024,delivered,60204.41,
5010208,302181,528,04-18-2026,21-04-2026,Delivered,,
5010209,302935,531,22-04-2026,22-04-2026,Shipped,,
5010210,302745,530,02-03-2023,10-03-2023,Pending,78013.1,
5010211,301626,531,16-01-2026,24-01-2026,SHIPPED,,
5010212,302144,501,11-12-2025,13-12-2025,Delivered,23662.27,
5010213,301885,503,08-02-2025,12-02-2025,Shipped,88443.33,
5010214,301856,507,18-11-2025,25-11-2025,Cancelled,42502.27,
5010215,301203,525,19-05-2023,30-05-2023,Delivered,9559.91,
5010216,301000,537,07-01-2024,01-07-2024,Shipped,39625.07,
5010217,301318,501,14-06-2024,22-06-2024,Pending,,
5010218,301681,529,04-01-2024,10-01-2024,Returned,,
5010219,301171,504,25-06-2026,03-07-2026,Returned,52506.9,
5010220,301606,528,09-10-2024,09-10-2024,Shipped,105008.56,
5010221,300710,532,29-09-2025,06-10-2025,SHIPPED,29518.38,
5010222,301417,510,19-07-2023,,Cancelled,,
5010223,301882,526,17-09-2025,28-09-2025,Returned,54709.61,
5010224,302037,527,13-07-2026,18-07-2026,Returned,90363.1,
5010225,301082,536,26-03-2021,29-03-2021,Pending,80640.58,
5010226,300306,509,16-06-2025,26-06-2025,Shipped,105313.43,
5010227,301735,512,03-01-2025,,Returned,13745.24,
5010228,300941,538,20-10-2025,27-Oct-25,Delivered,63035.54,
5010229,301076,524,05-11-2023,08-11-2023,Returned,30819.85,
5010230,301412,536,22-07-2025,26-07-2025,delivered,,
5010231,301881,538,06-08-2023,13-08-2023,Pending,13646.02,
5010232,302409,514,30-07-2024,08-07-2024,Shipped,1881.71,
5010233,300083,515,24-10-2025,24-10-2025,Delivered,0,
5010234,302930,511,09-12-2023,14-12-2023,SHIPPED,64570.34,
5010235,301228,517,16-10-2025,25-10-2025,pending ,71818.11,
5010236,301659,528,03-15-2026,19-03-2026,Cancelled,,
5010237,301241,504,16-04-2025,21-04-2025,pending ,112260.87,
5010238,302485,512,18-08-2025,23-08-2025,Shipped,45081.13,
5010239,302557,511,13-01-2026,15-01-2026,Delivered,24348.49,
5010240,302994,520,15-Jun-25,20-06-2025,SHIPPED,73393.39,
5010241,301555,531,27-07-2026,,Delivered,,
5010242,301169,503,07-05-2025,19-05-2025,pending ,64991.41,
5010243,300740,504,29-06-2026,08-07-2026,Cancelled,34425.66,
5010244,301633,540,16-05-2024,18-05-2024,pending ,6876.82,
5010245,302141,512,12-10-2023,21-10-2023,SHIPPED,33476.94,
5010246,301911,533,03-06-2025,06-06-2025,Delivered,59449.43,
5010247,301977,523,11-07-2025,16-07-2025,Delivered,45404.54,
5010248,302425,514,10-12-2025,18-12-2025,pending ,73600.01,
5010249,300035,531,28-11-2025,09-12-2025,delivered,125316.28,
5010250,300551,538,16-05-2025,17-05-2025,Returned,13402.61,
5010251,301367,540,25-11-2022,05-12-2022,Delivered,38057.49,
5010252,301667,536,11-03-2026,,SHIPPED,,
5010253,300873,528,14-04-2025,24-04-2025,pending ,52773.12,
5010254,300318,539,01-09-2025,02-09-2025,delivered,19309.12,
5010255,301564,535,17-06-2025,22-06-2025,Delivered,11746.57,
5010256,302319,505,04-06-2025,13-06-2025,delivered,0,
5010257,301215,518,02-01-2025,11-01-2025,pending ,34746.9,
5010258,301365,515,15-11-2025,18-11-2025,Cancelled,22688.67,
5010259,300885,515,20-10-2025,29-10-2025,pending ,4111.88,
5010260,300429,532,07-06-2025,13-06-2025,Pending,0,
5010261,302439,507,14-Apr-22,16-04-2022,Returned,33553.9,
5010262,300843,540,02-09-2023,14-09-2023,Returned,86645.59,
5010263,301680,534,17-Dec-23,29-12-2023,SHIPPED,,
5010264,301458,536,24-01-2026,26-01-2026,Cancelled,43815.6,
5010265,300137,509,30-06-2025,07-07-2025,Pending,,
5010266,302246,536,25-06-2025,27-06-2025,SHIPPED,35418.15,
5010267,300570,507,04-11-2023,10-11-2023,delivered,121134.7,
5010268,300228,509,17-02-2024,24-02-2024,Shipped,16188.05,
5010269,301843,505,14-02-2026,25-02-2026,SHIPPED,3726.39,
5010270,302465,535,01-31-2024,01-02-2024,pending ,67005.97,
5010271,300968,525,26-06-2026,03-07-2026,pending ,,
5010272,301780,540,26-11-2025,06-12-2025,delivered,82801.75,
5010273,302469,517,29-08-2024,04-09-2024,Pending,97423.14,
5010274,301624,534,14-07-2025,07-16-2025,delivered,-3239.57,
5010275,301898,520,04-09-2025,06-09-2025,Pending,,
5010276,302486,503,22-08-2023,28-08-2023,Cancelled,15074.54,
5010277,302238,532,18-07-2023,30-07-2023,Delivered,58514.15,
5010278,301303,537,30-03-2025,09-04-2025,delivered,99818.53,
5010279,301467,508,19-Jul-24,25-07-2024,Returned,110771.13,
5010280,302797,538,25-10-2025,06-11-2025,Delivered,27496.87,
5010281,300725,539,19-11-2025,26-11-2025,SHIPPED,,
5010282,300401,536,20-Aug-23,28-08-2023,Cancelled,5928.59,
5010283,300675,511,27-04-2025,04-28-2025,SHIPPED,143919.72,
5010284,302375,529,30-05-2021,06-06-2021,pending ,53343.4,
5010285,300545,520,19-08-2022,27-08-2022,Delivered,112787.46,
5010286,302214,533,12-07-2023,22-07-2023,Returned,,
5010287,300599,513,01-12-2025,13-12-2025,pending ,4970.04,
5010288,301498,510,02-05-2025,03-05-2025,Returned,84243.14,
5010289,301025,516,08-10-2021,20-10-2021,delivered,7018.49,
5010290,301929,536,19-12-2023,26-12-2023,SHIPPED,10644.92,
5010291,300811,510,15-01-2026,23-01-2026,Pending,169255.82,
5010292,301153,530,23-04-2025,25-04-2025,Pending,31670.29,
5010293,300007,507,04-28-2026,02-05-2026,SHIPPED,68291.43,
5010294,302106,528,16-03-2025,23-03-2025,SHIPPED,92892.95,
5010295,300363,536,22-06-2024,26-Jun-24,delivered,13765.81,
5010296,301036,530,21-05-2026,22-05-2026,delivered,,
5010297,301078,510,20-02-2025,25-02-2025,SHIPPED,89512.99,
5010298,300845,538,15-08-2023,18-08-2023,Delivered,83483.43,
5010299,301866,525,02-09-2023,14-09-2023,Returned,47047.27,
5010300,300871,516,01-12-2024,08-Dec-24,Delivered,,
5010301,302252,502,06-08-2024,08-08-2024,Cancelled,10522.88,
5010302,301041,507,09-04-2024,16-04-2024,Cancelled,147949.11,
5010303,302939,522,10-05-2024,08-10-2024,Cancelled,,
5010304,300109,505,23-09-2022,29-09-2022,SHIPPED,79209.93,
5010305,301894,533,18-02-2022,28-02-2022,Returned,12363.19,
5010306,302276,515,19-05-2026,20-05-2026,SHIPPED,72298.33,
5010307,300969,518,14-01-2023,23-01-2023,Pending,30370.15,
5010308,301366,531,30-07-2026,04-08-2026,Pending,9539.34,
5010309,302762,519,13-11-2024,15-11-2024,delivered,125742.39,
5010310,301073,527,19-03-2026,31-03-2026,SHIPPED,56101.85,
5010311,301521,531,28-07-2026,07-28-2026,Returned,56633.13,
5010312,300019,504,23-09-2023,23-09-2023,Returned,,
5010313,300564,520,01-09-2024,07-09-2024,Returned,81249.88,
5010314,300928,509,21-12-2023,24-12-2023,SHIPPED,94147.05,
5010315,302633,510,10-04-2023,12-04-2023,Returned,56437.57,
5010316,300682,520,21-07-2023,25-07-2023,pending ,48234.98,
5010317,302384,513,19-11-2025,28-11-2025,Pending,78867.44,
5010318,302950,513,20-02-2026,04-03-2026,Shipped,15266.09,
5010319,302412,511,06-07-2026,19-06-2026,Returned,22034.14,
5010320,300469,530,25-01-2023,02-02-2023,Shipped,88463.65,
5010321,302631,510,25-11-2025,26-11-2025,Pending,43335.65,
5010322,300673,513,29-08-2025,04-09-2025,Shipped,95273.1,
5010323,302770,526,03-15-2022,22-03-2022,Pending,37513.75,
5010324,301955,521,09-29-2025,11-Oct-25,pending ,110934.72,
5010325,301252,528,28-03-2024,03-04-2024,Cancelled,132921.73,
5010326,302114,514,03-10-2025,08-10-2025,Returned,,
5010327,300963,520,11-01-2025,19-01-2025,Delivered,95511.99,
5010328,300197,505,21-03-2026,01-04-2026,Shipped,156542.24,
5010329,300091,507,25-03-2026,03-04-2026,SHIPPED,150725.16,
5010330,302695,517,21-08-2024,21-08-2024,Delivered,47006.95,
5010331,300094,539,17-10-2024,21-10-2024,Cancelled,12512.54,
5010332,302444,504,19-11-2024,25-11-2024,pending ,65195.55,
5010333,301121,507,28-04-2024,05-05-2024,Pending,49071.63,
5010334,300339,512,19-11-2024,19-11-2024,Returned,37821.48,
5010335,301947,540,14-09-2024,26-09-2024,pending ,,
5010336,302661,523,08-05-2026,08-05-2026,Pending,70948.85,
5010337,300309,517,07-Nov-24,14-11-2024,SHIPPED,,
5010338,302962,516,30-11-2024,02-12-2024,Pending,22583.69,
5010339,301985,508,10-06-2025,,SHIPPED,90058.28,
5010340,302215,504,26-11-2022,12-02-2022,delivered,23882.05,
5010341,301477,506,06-10-2023,18-10-2023,Cancelled,130114.82,
5010342,302090,514,19-03-2024,29-03-2024,SHIPPED,46399.13,
5010343,302692,532,07-05-2025,18-05-2025,Returned,,
5010344,302885,529,22-Mar-25,31-03-2025,Pending,65777.82,
5010345,300024,536,22-11-2022,30-11-2022,Shipped,116432.01,
5010346,302462,508,13-12-2024,24-12-2024,Pending,,
5010347,301854,506,18-05-2026,19-05-2026,Returned,22664.87,
5010348,301529,540,15-03-2024,17-03-2024,Returned,774.72,
5010349,300304,526,24-07-2024,03-08-2024,delivered,125613.94,
5010350,302730,538,05-20-2025,21-05-2025,pending ,58534.6,
5010351,301734,527,22-10-2024,26-10-2024,Shipped,,
5010352,300339,505,02-10-2026,21-02-2026,Shipped,86089.33,
5010353,301377,520,18-08-2025,28-08-2025,Shipped,18892.17,
5010354,301360,534,07-07-2025,17-07-2025,SHIPPED,87671.94,
5010355,302512,512,10-10-2023,16-10-2023,Returned,88338.4,
5010356,300421,526,28-03-2026,03-04-2026,Shipped,35229.48,
5010357,302405,505,21-01-2021,30-01-2021,SHIPPED,87727.13,
5010358,302006,524,24-09-2025,03-10-2025,Shipped,51371.93,
5010359,301107,526,07-05-2026,14-05-2026,delivered,52757.31,
5010360,301985,537,11-15-2025,16-Nov-25,Cancelled,72495.04,
5010361,300040,531,10-02-2026,17-02-2026,delivered,49900.24,
5010362,300922,526,05-10-2024,08-Oct-24,delivered,173594.71,
5010363,300143,536,14-03-2023,,Delivered,,
5010364,301326,521,27-11-2025,06-12-2025,SHIPPED,876.39,
5010365,300899,523,08-03-2025,03-16-2025,pending ,51639.02,
5010366,301844,502,13-04-2023,24-Apr-23,Cancelled,0,
5010367,302389,502,02-02-2025,,SHIPPED,31701.41,
5010368,301040,518,21-01-2026,23-01-2026,pending ,42033.86,
5010369,301735,514,30-06-2025,,Delivered,40861.06,
5010370,300234,539,19-10-2025,22-10-2025,Returned,113565.69,
5010371,301778,511,03-10-2024,15-10-2024,Pending,121842.15,
5010372,302782,528,04-Sep-24,07-09-2024,pending ,41600.86,
5010373,301783,503,13-01-2024,13-01-2024,pending ,95944.21,
5010374,300425,508,29-05-2024,07-06-2024,SHIPPED,127540.39,
5010375,302217,529,12-10-2023,14-10-2023,Delivered,5353.4,
5010376,301290,519,14-06-2024,26-Jun-24,Shipped,123663.34,
5010377,302657,515,24-11-2023,28-11-2023,delivered,77431.33,
5010378,301124,515,02-09-2026,09-02-2026,SHIPPED,75761.3,
5010379,301991,520,18-03-2025,,pending ,47703.08,
5010380,300353,536,02-07-2026,08-07-2026,Pending,66040.93,
5010381,302585,523,14-11-2025,23-11-2025,delivered,50783.54,
5010382,300548,503,19-08-2025,25-08-2025,Pending,185590.49,
5010383,300592,528,26-08-2025,04-09-2025,SHIPPED,197194.05,
5010384,301064,504,01-08-2024,04-Aug-24,Shipped,,
5010385,300708,516,04-03-2025,08-03-2025,delivered,64263,
5010386,300811,539,26-03-2025,05-04-2025,Pending,29284.51,
5010387,302146,535,20-07-2026,29-Jul-26,SHIPPED,83966.44,
5010388,300230,509,06-06-2025,15-06-2025,Delivered,115912.14,
5010389,300604,518,18-01-2026,29-01-2026,delivered,54406.86,
5010390,300757,538,25-02-2025,06-03-2025,delivered,17008.7,
5010391,302153,507,11-01-2026,15-01-2026,SHIPPED,68708.14,
5010392,301380,505,29-09-2025,06-10-2025,Pending,72849.22,
5010393,301991,516,25-10-2025,02-11-2025,Shipped,153297.7,
5010394,302219,512,21-09-2025,25-09-2025,Shipped,53205.36,
5010395,302809,515,26-04-2026,26-04-2026,SHIPPED,,
5010396,301352,539,04-11-2025,10-11-2025,Shipped,,
5010397,300165,512,15-02-2024,18-02-2024,Delivered,150734.31,
5010398,300151,530,28-06-2026,01-07-2026,Returned,90802.77,
5010399,301057,517,27-08-2025,03-09-2025,delivered,,
5010400,302056,534,27-02-2026,02-03-2026,pending ,57589.45,
5010401,302530,528,12-12-2021,16-12-2021,delivered,54404.9,
5010402,302674,526,14-07-2025,14-07-2025,Returned,6490.18,
5010403,302167,517,10-01-2026,14-01-2026,delivered,74053.43,
5010404,301674,504,01-05-2024,01-05-2024,pending ,19822.51,
5010405,301294,530,08-08-2024,16-08-2024,Delivered,87745.44,
5010406,302858,521,28-01-2026,05-02-2026,Shipped,22193.74,
5010407,300104,514,12-02-2025,22-02-2025,SHIPPED,0,
5010408,302416,502,09-07-2024,,SHIPPED,,
5010409,301207,515,30-03-2024,04-10-2024,Cancelled,69302.03,
5010410,300961,528,05-04-2026,17-04-2026,Shipped,8447.83,
5010411,301756,529,03-09-2025,05-09-2025,SHIPPED,,
5010412,300664,516,05-06-2026,13-06-2026,Shipped,,
5010413,301323,509,21-04-2025,22-04-2025,SHIPPED,123541.41,
5010414,301847,516,11-11-2025,23-11-2025,Shipped,3031.67,
5010415,300689,521,19-02-2026,,SHIPPED,,
5010416,302420,518,15-03-2024,15-03-2024,Pending,75539.77,
5010417,302719,519,19-05-2024,26-05-2024,Delivered,139516.41,
5010418,301279,516,25-11-2021,28-11-2021,Delivered,9501.44,
5010419,300459,513,21-05-2024,26-05-2024,delivered,35232.25,
5010420,301102,522,01-09-2024,10-09-2024,delivered,47277.38,
5010421,302372,525,10-07-2025,07-19-2025,Cancelled,30908.63,
5010422,302803,509,16-11-2025,18-11-2025,pending ,54710.78,
5010423,301080,526,06-03-2026,10-03-2026,pending ,145553.23,
5010424,301296,503,06-12-2025,08-12-2025,Returned,22298.16,
5010425,300174,531,21-08-2025,02-09-2025,delivered,58949.37,
5010426,302435,523,21-08-2023,22-08-2023,delivered,20854.86,
5010427,302968,507,19-10-2023,27-10-2023,Cancelled,17833.16,
5010428,302224,527,16-10-2025,23-10-2025,Returned,49190.11,
5010429,302603,538,29-05-2024,02-06-2024,Returned,123816.36,
5010430,300258,505,06-05-2025,07-05-2025,Pending,,
5010431,302882,504,30-07-2026,06-Aug-26,Shipped,201047.21,
5010432,302475,532,28-05-2026,09-06-2026,Cancelled,1016.92,
5010433,300799,529,29-10-2024,31-10-2024,SHIPPED,5727.91,
5010434,300712,529,14-01-2026,01-16-2026,delivered,67464.98,
5010435,301082,510,06-05-2026,17-May-26,Delivered,,
5010436,300753,535,21-02-2026,25-02-2026,Cancelled,82605.17,
5010437,300475,526,15-07-2026,16-07-2026,Cancelled,16074.21,
5010438,302946,529,25-09-2025,26-09-2025,Pending,2176.62,
5010439,301445,504,22-08-2022,26-08-2022,Shipped,41097.99,
5010440,302071,517,13-02-2026,17-02-2026,pending ,12634.45,
5010441,300798,528,09-24-2024,24-09-2024,delivered,125902.63,
5010442,300288,518,26-01-2023,02-02-2023,Returned,28510.7,
5010443,302227,533,24-08-2025,02-09-2025,Returned,,
5010444,300451,502,26-12-2021,27-12-2021,SHIPPED,115217.7,
5010445,300340,505,28-10-2025,04-11-2025,SHIPPED,38729.68,
5010446,300254,527,30-10-2025,03-11-2025,Pending,,
5010447,300598,510,18-02-2022,25-02-2022,Shipped,57596.48,
5010448,300130,522,06-26-2023,28-06-2023,Shipped,113605.4,
5010449,301657,531,04-08-2025,13-08-2025,Pending,59500.02,
5010450,300331,533,03-10-2023,13-10-2023,delivered,181720.5,
5010451,302046,525,03-04-2024,04-04-2024,Cancelled,62091.09,
5010452,302670,538,16-06-2026,19-06-2026,delivered,,
5010453,301498,540,30-12-2025,02-01-2026,Pending,159365.96,
5010454,300278,532,03-07-2025,04-07-2025,SHIPPED,165972.96,
5010455,302375,529,16-07-2024,07-21-2024,Delivered,112624.8,
5010456,301828,527,22-06-2025,29-06-2025,pending ,126997.68,
5010457,302176,529,14-03-2024,24-03-2024,Delivered,66922.9,
5010458,300886,530,08-Feb-26,11-02-2026,delivered,40082.5,
5010459,301030,501,04-04-2023,04-04-2023,Pending,123679.59,
5010460,301842,511,03-07-2026,03-07-2026,pending ,61189.7,
5010461,302054,535,05-10-2023,15-10-2023,Delivered,,
5010462,300236,535,10-12-2025,16-12-2025,delivered,76176.73,
5010463,300741,503,29-04-2025,03-05-2025,Shipped,,
5010464,302882,512,13-02-2025,25-02-2025,delivered,13839.9,
5010465,301892,538,16-03-2025,19-03-2025,Returned,80324.42,
5010466,300510,536,18-12-2024,21-12-2024,delivered,,
5010467,301136,528,31-05-2025,02-06-2025,Returned,179321.01,
5010468,300197,535,15-03-2025,25-03-2025,delivered,2915.72,
5010469,300865,533,11-06-2026,20-06-2026,Shipped,15823.92,
5010470,300493,522,05-09-2025,15-09-2025,delivered,97284.27,
5010471,300385,519,01-10-2024,08-10-2024,Returned,4529.42,
5010472,300893,538,06-01-2024,07-01-2024,Pending,2368.54,
5010473,300700,524,30-09-2024,,SHIPPED,,
5010474,301044,512,02-02-2024,12-02-2024,pending ,80425.45,
5010475,300129,533,20-08-2022,26-08-2022,Delivered,31645.46,
5010476,300528,501,15-12-2022,26-Dec-22,Delivered,135434.71,
5010477,301893,512,19-04-2024,22-04-2024,Pending,58703.41,
5010478,301413,508,22-08-2025,27-08-2025,Cancelled,,
5010479,300480,516,05-11-2022,11-05-2022,Shipped,26915.6,
5010480,300117,529,16-05-2025,19-05-2025,SHIPPED,,
5010481,300239,539,17-05-2025,29-05-2025,SHIPPED,59369.17,
5010482,300466,507,05-06-2025,12-06-2025,Pending,29188.68,
5010483,302884,531,05-10-2025,15-10-2025,Delivered,178647.11,
5010484,302125,506,22-10-2025,26-10-2025,Delivered,31519.39,
5010485,302644,514,28-Jun-22,06-07-2022,SHIPPED,18373.71,
5010486,301173,538,19-02-2021,24-02-2021,Cancelled,70073.54,
5010487,301217,502,30-08-2024,30-08-2024,Returned,136275.32,
5010488,302088,520,23-09-2025,01-10-2025,pending ,1967.36,
5010489,300926,537,23-08-2021,31-08-2021,delivered,147737.51,
5010490,300858,537,30-06-2023,12-07-2023,Shipped,139283.39,
5010491,300305,531,05-11-2024,16-11-2024,delivered,14184.25,
5010492,300863,510,30-06-2026,01-07-2026,Shipped,120416.24,
5010493,300880,510,25-10-2023,29-10-2023,Returned,36033.15,
5010494,302478,536,19-04-2025,28-04-2025,pending ,57475.69,
5010495,301525,517,24-02-2024,26-02-2024,SHIPPED,13284.38,
5010496,300257,510,19-07-2026,31-07-2026,delivered,45626.17,
5010497,302015,510,24-06-2024,29-06-2024,SHIPPED,26728.9,
5010498,302762,522,03-05-2023,13-05-2023,delivered,9878.62,
5010499,302046,519,24-12-2023,03-01-2024,delivered,264102.14,
5010500,301223,505,19-05-2023,20-05-2023,Returned,28643.66,
5010501,301861,537,26-02-2026,28-02-2026,Delivered,50025.51,
5010502,302319,504,06-06-2025,17-06-2025,Delivered,,
5010503,302253,505,02-12-2023,03-12-2023,Cancelled,207534.34,
5010504,302198,538,23-12-2022,27-12-2022,SHIPPED,192277.8,
5010505,300519,532,27-02-2024,03-03-2024,Pending,,
5010506,300158,513,11-09-2024,17-09-2024,Pending,31225.5,
5010507,301204,539,12-07-2023,,Delivered,14587.12,
5010508,301511,529,08-11-2023,12-11-2023,Delivered,59851.8,
5010509,300720,519,02-01-2023,14-01-2023,Cancelled,218211.71,
5010510,301993,530,17-01-2021,29-01-2021,Pending,,
5010511,302730,535,13-02-2021,17-02-2021,pending ,71091.5,
5010512,300349,515,22-05-2023,31-05-2023,pending ,102118.57,
5010513,300337,511,27-06-2026,28-06-2026,delivered,60193.18,
5010514,300771,524,08-02-2025,16-Feb-25,SHIPPED,,
5010515,301361,540,21-11-2025,11-28-2025,Cancelled,12496.55,
5010516,302325,540,28-09-2023,29-09-2023,Pending,81452.82,
5010517,300944,518,13-03-2026,13-03-2026,Returned,,
5010518,301327,522,01-12-2023,02-12-2023,pending ,182466.11,
5010519,301909,503,13-11-2023,11-22-2023,Shipped,36886.67,
5010520,300735,535,14-01-2026,22-01-2026,Cancelled,37606.18,
5010521,302777,508,31-08-2025,11-09-2025,delivered,,
5010522,300836,536,15-06-2022,22-06-2022,delivered,6264.03,
5010523,301194,514,07-03-2026,17-03-2026,Returned,35284.75,
5010524,300864,534,26-05-2025,02-06-2025,Shipped,,
5010525,302664,523,28-07-2025,,Shipped,26836.03,
5010526,302753,510,02-05-2026,11-05-2026,Cancelled,97959.8,
5010527,302785,517,11-06-2026,23-06-2026,pending ,55318.55,
5010528,302173,512,25-04-2024,05-02-2024,delivered,96465.14,
5010529,300785,532,29-09-2025,30-09-2025,Delivered,79791.46,
5010530,300757,533,07-09-2025,12-09-2025,Pending,83907.15,
5010531,301678,508,24-11-2021,27-11-2021,Pending,51723.34,
5010532,300008,528,10-10-2023,,Delivered,,
5010533,301218,504,23-08-2025,28-08-2025,SHIPPED,232017.3,
5010534,302741,509,26-07-2026,06-08-2026,Delivered,52613.87,
5010535,302480,529,11-07-2021,12-07-2021,Returned,35945.96,
5010536,301516,509,28-Jun-24,06-07-2024,SHIPPED,19345.87,
5010537,302580,524,19-03-2024,29-03-2024,Shipped,221049.76,
5010538,300244,501,04-10-2024,14-10-2024,Shipped,,
5010539,302711,521,21-06-2022,30-06-2022,pending ,17974.72,
5010540,302593,524,26-05-2023,02-06-2023,Cancelled,295732.46,
5010541,301354,501,19-11-2025,21-11-2025,SHIPPED,727.09,
5010542,302897,511,04-05-2026,06-05-2026,Shipped,97272.44,
5010543,302886,516,10-02-2024,10-02-2024,Pending,49765.7,
5010544,301132,502,16-03-2024,21-03-2024,Shipped,,
5010545,300752,534,22-08-2025,25-08-2025,Shipped,33078.93,
5010546,301113,516,08-02-2026,16-02-2026,SHIPPED,-5626.01,
5010547,300358,539,12-10-2025,19-10-2025,Pending,1621.28,
5010548,301262,519,04-28-2023,06-05-2023,Pending,87521.28,
5010549,302699,512,03-03-2024,08-Mar-24,Shipped,,
5010550,300370,523,20-Jan-24,,Delivered,,
5010551,302866,504,10-05-2023,14-05-2023,Returned,26821.11,
5010552,300065,519,05-08-2023,06-08-2023,Returned,,
5010553,301389,510,08-11-2023,11-11-2023,Delivered,17402.84,
5010554,300505,514,15-03-2024,19-03-2024,Pending,,
5010555,300566,523,26-11-2024,02-12-2024,Shipped,0,
5010556,302691,502,26-06-2026,26-06-2026,Returned,,
5010557,302571,538,06-06-2025,09-06-2025,delivered,47355.32,
5010558,302683,534,23-11-2023,23-11-2023,pending ,16874.41,
5010559,301971,532,18-08-2024,27-08-2024,Shipped,,
5010560,301800,509,01-02-2026,11-02-2026,Pending,,
5010561,302621,503,03-08-2024,08-03-2024,Delivered,48517.01,
5010562,302379,513,23-11-2025,04-12-2025,delivered,19547.67,
5010563,300451,518,10-08-2023,12-08-2023,Pending,8318.35,
5010564,302579,520,20-07-2026,26-07-2026,Cancelled,67161.92,
5010565,302980,539,28-03-2026,06-04-2026,pending ,131910.71,
5010566,302152,519,27-11-2023,28-11-2023,Delivered,72682.94,
5010567,301423,528,21-09-2025,27-09-2025,SHIPPED,101293.69,
5010568,301680,519,06-01-2026,11-01-2026,SHIPPED,77931.71,
5010569,302601,508,04-06-2026,,Delivered,150520.01,
5010570,300506,529,08-03-2026,16-03-2026,Returned,47550.46,
5010571,302758,525,29-03-2024,07-04-2024,pending ,119282.3,
5010572,300338,530,20-05-2026,26-05-2026,pending ,27175.6,
5010573,302132,518,17-07-2026,07-27-2026,SHIPPED,142812.72,
5010574,300434,540,16-05-2024,27-05-2024,Returned,65955.93,
5010575,301635,529,06-29-2023,09-07-2023,Returned,3900.4,
5010576,302969,538,08-10-2021,18-10-2021,delivered,,
5010577,301570,516,17-09-2024,28-09-2024,Shipped,70455.91,
5010578,300848,504,24-10-2023,05-Nov-23,pending ,112967.05,
5010579,301050,533,11-12-2025,11-12-2025,pending ,,
5010580,302624,527,02-06-2024,03-06-2024,Returned,12314.67,
5010581,300241,510,03-02-2025,10-02-2025,Shipped,14995.42,
5010582,301813,524,23-01-2025,29-01-2025,delivered,-1636.21,
5010583,301806,540,10-05-2024,22-05-2024,SHIPPED,77523.73,
5010584,301723,525,09-12-2025,09-12-2025,SHIPPED,199361.91,
5010585,302960,535,08-04-2023,20-04-2023,Pending,59565.25,
5010586,300117,523,27-02-2026,27-02-2026,Delivered,31051.78,
5010587,302054,533,06-02-2024,13-02-2024,Returned,124430.9,
5010588,302081,502,03-29-2024,29-03-2024,pending ,28151.21,
5010589,301723,525,13-10-2023,16-10-2023,SHIPPED,132460.51,
5010590,300504,529,18-Apr-26,18-04-2026,Shipped,57097.57,
5010591,300323,531,30-07-2026,04-08-2026,Shipped,50945.36,
5010592,302193,513,16-12-2025,26-12-2025,Delivered,57526.09,
5010593,301669,506,08-09-2025,17-09-2025,pending ,27059.7,
5010594,301635,515,13-08-2025,14-08-2025,Delivered,,
5010595,300078,525,20-04-2025,29-04-2025,Delivered,67271.98,
5010596,300454,529,10-05-2025,21-05-2025,pending ,136442.83,
5010597,301688,513,25-09-2021,07-10-2021,SHIPPED,4244.41,
5010598,300082,532,28-05-2023,09-06-2023,SHIPPED,36207.8,
5010599,300532,535,02-03-2026,08-02-2026,Pending,112820.34,
5010600,301419,520,05-03-2025,05-03-2025,Delivered,10112.66,
5010601,300292,533,18-10-2024,26-10-2024,Delivered,,
5010602,302424,509,19-Jul-21,24-07-2021,delivered,172891.59,
5010603,300228,536,28-06-2025,,Shipped,,
5010604,301362,521,21-06-2025,22-06-2025,Returned,,
5010605,302009,531,08-02-2024,12-02-2024,pending ,102498.61,
5010606,300608,532,06-07-2025,11-07-2025,pending ,56264.7,
5010607,301856,516,29-01-2026,02-02-2026,Cancelled,86206.02,
5010608,300469,517,25-03-2023,04-04-2023,pending ,12465.39,
5010609,302798,535,19-03-2024,25-03-2024,Pending,,
5010610,302576,533,18-04-2026,23-04-2026,Shipped,11204.68,
5010611,301298,504,20-Oct-23,23-10-2023,Shipped,117500.65,
5010612,302252,537,04-05-2022,07-05-2022,Cancelled,143239.26,
5010613,302066,520,20-02-2026,23-02-2026,SHIPPED,,
5010614,301255,523,06-03-2022,07-03-2022,Delivered,,
5010615,302150,530,27-01-2026,03-02-2026,pending ,3355.44,
5010616,302616,520,03-08-2025,05-08-2025,Delivered,111843.53,
5010617,300330,504,25-04-2023,04-05-2023,delivered,8555.5,
5010618,300021,506,11-06-2025,16-06-2025,Pending,49080.2,
5010619,301964,503,06-04-2023,14-04-2023,Delivered,173652.53,
5010620,300049,530,09-07-2025,20-07-2025,pending ,28111.84,
5010621,300292,526,01-01-2024,03-01-2024,Pending,62573.28,
5010622,300214,539,29-03-2022,03-04-2022,Delivered,,
5010623,301993,535,15-10-2025,25-10-2025,SHIPPED,100508.98,
5010624,300360,526,06-01-2024,18-01-2024,pending ,94758.17,
5010625,302883,503,11-01-2026,16-01-2026,delivered,,
5010626,302143,532,12-10-2024,13-10-2024,delivered,64341.99,
5010627,300815,521,24-02-2025,05-03-2025,SHIPPED,75555.32,
5010628,301553,503,24-03-2022,02-04-2022,Cancelled,115130.58,
5010629,302793,501,17-06-2023,20-06-2023,pending ,,
5010630,300506,523,09-03-2026,18-Mar-26,Shipped,241019.72,
5010631,302979,520,21-07-2021,08-02-2021,Pending,82801.07,
5010632,302871,526,01-10-2024,13-10-2024,Returned,80321.84,
5010633,300663,509,10-01-2025,11-01-2025,SHIPPED,130947.07,
5010634,302611,517,09-03-2022,13-03-2022,SHIPPED,38798.31,
5010635,301182,522,31-01-2025,10-02-2025,delivered,137344.42,
5010636,300688,508,01-07-2022,01-07-2022,Delivered,25456.82,
5010637,301556,525,24-03-2024,03-04-2024,pending ,120513.13,
5010638,301634,517,05-09-2025,13-09-2025,pending ,21799.54,
5010639,302480,533,22-04-2021,02-May-21,pending ,31925.69,
5010640,302882,529,23-10-2025,23-10-2025,Shipped,357.96,
5010641,302396,529,05-02-2026,06-02-2026,Delivered,52169.71,
5010642,300522,505,13-01-2023,18-01-2023,Delivered,33500.94,
5010643,301491,506,08-07-2026,12-07-2026,Pending,92093.17,
5010644,300532,537,29-10-2025,31-10-2025,Returned,16241.21,
5010645,302708,523,07-02-2022,17-02-2022,Delivered,23204.73,
5010646,302737,537,05-12-2024,05-12-2024,SHIPPED,56414.2,
5010647,301266,529,08-09-2021,08-09-2021,Returned,1585.82,
5010648,301886,506,02-02-2025,04-02-2025,Delivered,156725.66,
5010649,301966,527,11-07-2025,13-07-2025,pending ,107088.79,
5010650,300293,511,14-07-2024,14-07-2024,Delivered,87361.19,
5010651,300240,534,26-12-2022,07-01-2023,Cancelled,176707.68,
5010652,300690,533,11-08-2024,12-08-2024,Delivered,49272.87,
5010653,301010,509,21-05-2024,22-05-2024,SHIPPED,131446.37,
5010654,301759,518,31-10-2025,06-11-2025,Delivered,87943.75,
5010655,302571,529,29-07-2026,30-07-2026,Returned,23438.35,
5010656,301465,518,24-07-2022,24-07-2022,pending ,18415.43,
5010657,300943,505,06-11-2025,16-Nov-25,Cancelled,59872.76,
5010658,302354,513,04-04-2026,04-04-2026,Cancelled,168191.83,
5010659,301585,529,24-11-2025,27-11-2025,delivered,79994.17,
5010660,301935,528,11-10-2022,11-10-2022,Pending,25718.79,
5010661,300908,505,02-Oct-25,03-10-2025,Pending,104309.31,
5010662,302321,538,09-08-2025,19-08-2025,delivered,114470.06,
5010663,300202,527,07-04-2026,14-04-2026,Shipped,15383.47,
5010664,300135,515,16-01-2025,01-18-2025,Shipped,,
5010665,302559,506,25-10-2025,,Returned,79197.33,
5010666,302829,505,15-07-2025,24-07-2025,Cancelled,76862.85,
5010667,300282,537,05-11-2025,16-11-2025,Pending,7348.32,
5010668,301891,537,06-11-2025,14-11-2025,Delivered,15586.5,
5010669,302345,533,01-01-2024,13-01-2024,Delivered,,
5010670,301581,525,31-10-2025,03-11-2025,Cancelled,144247.44,
5010671,300094,537,24-12-2022,02-01-2023,Returned,14318.61,
5010672,301719,518,18-11-2025,24-11-2025,Delivered,20998.2,
5010673,302947,528,08-12-2024,18-08-2024,Shipped,0,
5010674,301283,508,01-12-2021,12-09-2021,Shipped,197614.57,
5010675,301985,504,28-01-2026,01-02-2026,Delivered,25448.78,
5010676,301384,517,24-03-2026,28-03-2026,Delivered,27920.38,
5010677,302541,525,25-04-2026,07-05-2026,Pending,121272.19,
5010678,301286,518,02-07-2025,07-07-2025,pending ,8375.14,
5010679,302736,521,27-04-2023,06-05-2023,delivered,88884.25,
5010680,301290,533,29-06-2025,11-07-2025,pending ,71500.79,
5010681,301075,515,02-12-2023,07-12-2023,delivered,95021.85,
5010682,302353,533,23-11-2023,30-11-2023,Returned,46132.29,
5010683,300398,512,27-02-2024,27-02-2024,Returned,102370.29,
5010684,300936,521,09-07-2026,11-07-2026,SHIPPED,9991.99,
5010685,300269,507,30-11-2024,02-12-2024,pending ,56411.23,
5010686,300863,512,30-01-2026,01-02-2026,Returned,140.27,
5010687,300110,527,24-04-2026,05-05-2026,Delivered,9007.22,
5010688,300947,522,08-07-2026,19-07-2026,Delivered,,
5010689,300064,512,23-10-2024,04-11-2024,Pending,-3751.44,
5010690,300822,514,21-06-2025,26-06-2025,delivered,,
5010691,300444,509,12-03-2024,24-03-2024,Cancelled,68308.74,
5010692,300931,539,21-03-2025,,Returned,33306.02,
5010693,301553,538,01-12-2021,04-12-2021,pending ,86917.77,
5010694,301287,519,07-06-2025,19-06-2025,SHIPPED,99897.35,
5010695,302376,506,14-11-2022,19-11-2022,SHIPPED,11371.24,
5010696,301452,507,19-05-2023,29-05-2023,Pending,61627.48,
5010697,302456,532,25-07-2024,03-08-2024,delivered,88328.19,
5010698,302692,535,07-03-2025,09-03-2025,Pending,83665.3,
5010699,300663,502,14-11-2024,24-11-2024,pending ,89756.43,
5010700,302743,519,23-Apr-24,04-05-2024,Cancelled,83664.57,
5010701,301205,512,11-10-2023,16-10-2023,Pending,11128.56,
5010702,300454,523,11-01-2023,11-01-2023,Cancelled,116412.33,
5010703,301331,501,17-10-2022,,Cancelled,69834.16,
5010704,300997,535,08-04-2024,08-04-2024,Delivered,67667.25,
5010705,300344,508,16-08-2023,24-08-2023,Delivered,44115.2,
5010706,301149,509,12-01-2024,24-01-2024,Shipped,188978.12,
5010707,302226,519,19-02-2026,20-02-2026,delivered,21237.01,
5010708,301206,520,26-03-2026,30-03-2026,Cancelled,16139.38,
5010709,302035,502,17-12-2024,26-12-2024,Shipped,,
5010710,300236,509,20-12-2024,28-Dec-24,Returned,131920.68,
5010711,301884,530,25-12-2025,27-12-2025,Pending,38727.37,
5010712,302130,540,02-12-2025,13-12-2025,Pending,159259.57,
5010713,301987,540,03-17-2025,19-03-2025,Delivered,72163.91,
5010714,300462,538,14-06-2026,14-06-2026,pending ,50523.3,
5010715,302875,537,10-06-2022,12-06-2022,Cancelled,152672.13,
5010716,301723,518,08-10-2022,16-10-2022,Cancelled,40222.35,
5010717,300087,505,19-11-2025,23-11-2025,Delivered,20773.59,
5010718,301290,520,26-12-2022,31-12-2022,pending ,26887.33,
5010719,302297,515,14-02-2026,15-02-2026,delivered,,
5010720,300288,516,24-02-2026,06-03-2026,Cancelled,47633.92,
5010721,302329,513,11-Oct-24,23-10-2024,Returned,,
5010722,301301,531,05-12-2024,13-12-2024,Returned,41967.1,
5010723,302072,519,31-05-2022,11-06-2022,Shipped,117473.37,
5010724,302530,501,06-06-2023,13-06-2023,pending ,58451.1,
5010725,300619,504,29-04-2023,08-05-2023,Returned,87598.58,
5010726,301505,525,16-09-2022,28-09-2022,delivered,23440.75,
5010727,301862,535,14-03-2025,17-03-2025,Returned,,
5010728,301595,517,06-06-2026,16-Jun-26,Pending,,
5010729,301380,506,05-03-2025,11-03-2025,Pending,36746.74,
5010730,301047,527,21-09-2024,28-09-2024,Cancelled,92947.12,
5010731,302345,501,10-08-2024,13-08-2024,Returned,9306.95,
5010732,301603,532,29-11-2024,08-12-2024,Pending,53482.35,
5010733,301142,528,11-07-2025,21-07-2025,delivered,,
5010734,301674,526,29-07-2022,02-08-2022,pending ,21131.66,
5010735,300043,504,07-06-2025,15-06-2025,delivered,,
5010736,300654,515,02-06-2024,08-06-2024,Returned,111161.64,
5010737,302621,540,20-09-2024,24-09-2024,delivered,74155.59,
5010738,302998,525,17-08-2023,17-08-2023,Delivered,905.83,
5010739,301581,518,06-22-2023,01-07-2023,Cancelled,179139.81,
5010740,301262,537,11-06-2024,17-06-2024,Delivered,8248.65,
5010741,300020,540,11-05-2026,19-05-2026,Shipped,1959.74,
5010742,300406,526,06-08-2025,12-08-2025,Cancelled,44795.03,
5010743,300882,529,27-07-2023,28-Jul-23,pending ,110537.95,
5010744,302082,517,20-Mar-26,31-03-2026,Returned,43912.71,
5010745,302338,529,08-06-2026,16-06-2026,Pending,130694.58,
5010746,300828,522,13-07-2025,23-07-2025,Returned,,
5010747,300964,502,08-08-2024,11-08-2024,Returned,50589.94,
5010748,301499,512,29-06-2025,08-07-2025,Pending,44037.08,
5010749,301200,515,26-11-2025,,delivered,112087.79,
5010750,302330,521,31-03-2025,10-04-2025,Pending,,
5010751,302903,517,17-01-2024,17-01-2024,Returned,32270.98,
5010752,301608,505,07-12-2024,12-12-2024,Cancelled,4386.7,
5010753,301149,539,22-02-2024,03-03-2024,Cancelled,61622.33,
5010754,301592,515,22-09-2025,28-09-2025,Returned,,
5010755,301985,519,13-Feb-26,13-02-2026,pending ,130581.8,
5010756,300070,511,17-01-2025,28-01-2025,Shipped,62833.29,
5010757,302838,516,25-04-2025,04-05-2025,Pending,54879.45,
5010758,301185,510,06-02-2024,17-02-2024,delivered,105375.93,
5010759,302376,531,21-05-2023,31-05-2023,SHIPPED,86160.08,
5010760,300380,504,07-02-2025,08-02-2025,Pending,17787.87,
5010761,302972,538,19-01-2023,23-01-2023,SHIPPED,58697.08,
5010762,301896,508,27-11-2025,12-03-2025,Delivered,0,
5010763,302083,540,15-06-2026,16-06-2026,Delivered,134897.19,
5010764,301812,538,23-08-2025,24-08-2025,Returned,143591.23,
5010765,301280,517,05-05-2026,17-05-2026,Delivered,,
5010766,302141,506,24-06-2026,,Pending,15854.78,
5010767,302696,527,09-08-2025,11-08-2025,Pending,73740.55,
5010768,300057,501,17-06-2026,21-06-2026,Pending,82481.75,
5010769,300173,530,18-11-2025,21-11-2025,Returned,113734.26,
5010770,300940,526,20-04-2023,24-04-2023,Pending,148433.11,
5010771,301850,526,01-08-2021,05-08-2021,SHIPPED,20470.03,
5010772,300272,502,13-May-25,20-05-2025,pending ,44476.99,
5010773,300116,515,04-07-2025,13-07-2025,Returned,122770.52,
5010774,300190,514,23-Nov-21,03-12-2021,Shipped,19681.88,
5010775,302697,501,03-Dec-25,07-12-2025,Pending,,
5010776,301766,536,16-10-2024,21-10-2024,Delivered,,
5010777,301134,540,12-08-2025,18-08-2025,SHIPPED,80083.08,
5010778,302131,527,11-07-2024,21-07-2024,Returned,46588.27,
5010779,300469,526,31-01-2023,02-02-2023,Returned,8142.65,
5010780,300362,537,02-01-2026,03-01-2026,Delivered,28641.69,
5010781,302212,534,11-07-2024,14-07-2024,SHIPPED,51805.72,
5010782,300061,531,29-10-2024,09-Nov-24,Delivered,49684.59,
5010783,301917,514,17-09-2025,18-09-2025,delivered,50002.38,
5010784,302319,533,29-12-2025,30-Dec-25,Returned,52138.39,
5010785,302466,523,03-07-2022,10-07-2022,delivered,106338.3,
5010786,300159,518,24-03-2025,04-04-2025,pending ,39249.18,
5010787,301013,520,14-06-2024,25-06-2024,Cancelled,,
5010788,300282,531,31-Mar-24,01-04-2024,delivered,33835.96,
5010789,300402,536,05-11-2025,07-11-2025,Delivered,,
5010790,300364,504,30-03-2022,31-03-2022,SHIPPED,77063.97,
5010791,301560,525,24-07-2024,05-08-2024,Cancelled,20266.41,
5010792,302274,507,01-06-2025,06-06-2025,pending ,,
5010793,300641,503,22-06-2025,01-Jul-25,delivered,72131.18,
5010794,300054,531,03-07-2026,04-07-2026,Returned,108245.53,
5010795,302515,517,14-09-2025,,Shipped,,
5010796,301441,501,19-06-2026,28-06-2026,Shipped,77964.54,
5010797,301987,514,10-07-2025,16-07-2025,Pending,72193.04,
5010798,301825,516,09-03-2025,03-18-2025,delivered,99407.14,
5010799,302571,528,20-06-2025,25-06-2025,Pending,97442,
5010800,301313,514,02-03-2024,06-03-2024,Returned,26750.88,
5010801,302260,539,20-02-2025,22-02-2025,Cancelled,,
5010802,300139,501,03-06-2024,05-06-2024,pending ,93544.34,
5010803,301587,506,15-10-2020,19-10-2020,Returned,66940.17,
5010804,301998,509,04-Jan-26,04-01-2026,delivered,37020.02,
5010805,302542,517,08-05-2023,16-05-2023,Shipped,15569.93,
5010806,302878,521,22-02-2025,22-02-2025,pending ,,
5010807,302580,528,16-04-2026,23-04-2026,pending ,28263.85,
5010808,300209,528,13-06-2025,19-06-2025,Delivered,60061.26,
5010809,300643,507,17-04-2026,29-04-2026,SHIPPED,48683.5,
5010810,301154,514,18-08-2024,29-08-2024,delivered,103114.09,
5010811,301057,511,14-04-2023,25-Apr-23,Cancelled,21280.71,
5010812,300155,517,24-02-2023,02-03-2023,Pending,51112.06,
5010813,302125,538,25-07-2023,30-07-2023,Pending,57090.94,
5010814,302569,527,19-02-2023,01-03-2023,Shipped,63312.52,
5010815,302898,509,27-10-2025,04-11-2025,delivered,0,
5010816,300145,534,29-10-2025,04-11-2025,Delivered,120710.19,
5010817,301690,538,03-02-2024,13-02-2024,pending ,,
5010818,301527,509,10-Nov-24,11-11-2024,SHIPPED,80922.79,
5010819,301195,525,05-Jun-26,08-06-2026,Cancelled,,
5010820,300624,503,09-06-2024,06-11-2024,Shipped,244915.7,
5010821,301499,537,10-07-2025,14-07-2025,Shipped,209048.93,
5010822,300162,527,27-12-2022,30-12-2022,Pending,107196.32,
5010823,300199,511,21-11-2022,28-11-2022,Delivered,73894.8,
5010824,300601,517,23-07-2024,26-07-2024,delivered,3686.02,
5010825,302540,523,30-09-2024,01-10-2024,Cancelled,94479.52,
5010826,301547,504,05-07-2026,16-07-2026,Shipped,85457.08,
5010827,300847,515,28-08-2024,31-08-2024,Pending,96134.27,
5010828,301362,515,25-10-2025,01-11-2025,delivered,52368.72,
5010829,302993,512,12-06-2026,18-06-2026,Delivered,86744.99,
5010830,300836,521,17-06-2022,20-06-2022,pending ,97388.4,
5010831,301690,510,29-Jul-25,,Cancelled,75831.78,
5010832,300580,512,30-01-2026,03-02-2026,Delivered,,
5010833,302536,506,07-01-2024,14-01-2024,pending ,106671.1,
5010834,301381,516,21-07-2024,31-07-2024,SHIPPED,,
5010835,302415,538,22-03-2026,27-03-2026,pending ,110643.99,
5010836,301738,536,17-03-2025,29-03-2025,Delivered,122514.58,
5010837,302339,512,15-04-2026,19-04-2026,Returned,128609.95,
5010838,300744,501,23-08-2022,28-08-2022,SHIPPED,173875.58,
5010839,301363,517,20-03-2026,25-03-2026,SHIPPED,98480.77,
5010840,301471,540,31-03-2024,06-04-2024,Returned,33002.37,
5010841,300423,532,30-07-2026,02-Aug-26,Shipped,146372.9,
5010842,300430,520,17-07-2026,28-07-2026,Returned,34585.51,
5010843,302739,519,01-10-2025,10-10-2025,Cancelled,42405.35,
5010844,302568,536,27-07-2026,08-08-2026,Delivered,155573.41,
5010845,300379,529,25-12-2024,03-01-2025,Delivered,28593.94,
5010846,301329,539,14-05-2025,,pending ,164.44,
5010847,300273,538,12-07-2025,19-07-2025,Returned,21377.92,
5010848,300406,513,13-05-2025,23-05-2025,pending ,48330.74,
5010849,302346,536,16-02-2023,16-02-2023,Delivered,130185.93,
5010850,300388,524,18-02-2026,20-02-2026,pending ,,
5010851,301784,520,27-10-2023,04-11-2023,Pending,,
5010852,300308,505,18-12-2024,18-12-2024,delivered,,
5010853,300905,528,20-02-2025,25-02-2025,SHIPPED,,
5010854,300637,504,10-11-2022,11-10-2022,Shipped,81975.13,
5010855,300219,503,02-05-2024,13-05-2024,Pending,225589.56,
5010856,301457,507,17-07-2026,23-07-2026,Cancelled,70491.58,
5010857,300414,532,25-01-2026,28-Jan-26,Shipped,139797.13,
5010858,302739,526,16-12-2025,27-12-2025,Delivered,42364.51,
5010859,300551,523,13-04-2026,25-04-2026,SHIPPED,13500.79,
5010860,300735,530,11-02-2025,20-02-2025,Cancelled,32430.89,
5010861,300156,524,05-04-2025,12-04-2025,Shipped,43558.99,
5010862,300353,504,03-10-2025,14-10-2025,Returned,72928.52,
5010863,302213,533,06-02-2025,13-02-2025,Shipped,,
5010864,301086,512,28-12-2024,30-12-2024,Shipped,28504.32,
5010865,302336,517,19-06-2025,22-06-2025,Delivered,39761.32,
5010866,300480,525,06-11-2024,07-11-2024,Returned,1497.24,
5010867,301064,522,16-10-2023,26-10-2023,Returned,,
5010868,302450,532,10-05-2025,15-05-2025,delivered,,
5010869,300658,515,03-05-2022,10-05-2022,Pending,6322.8,
5010870,301165,512,02-Feb-23,14-02-2023,SHIPPED,10681.24,
5010871,302164,501,17-08-2025,25-08-2025,Delivered,,
5010872,302553,513,30-09-2022,01-10-2022,Pending,206413.46,
5010873,300047,534,22-09-2022,30-09-2022,Pending,78346.83,
5010874,302115,506,09-06-2023,16-06-2023,pending ,35115.85,
5010875,300642,518,07-11-2025,11-11-2025,delivered,19779.97,
5010876,301576,515,19-12-2025,20-12-2025,Shipped,171169.42,
5010877,302820,537,20-07-2025,26-07-2025,Delivered,2394.02,
5010878,301515,514,11-05-2025,15-05-2025,SHIPPED,61245.78,
5010879,300927,517,08-24-2025,01-09-2025,SHIPPED,61545.07,
5010880,302010,519,25-07-2025,25-07-2025,SHIPPED,19755.03,
5010881,301095,539,07-10-2023,14-10-2023,pending ,39655.48,
5010882,300507,520,21-04-2026,23-04-2026,Shipped,467.6,
5010883,300321,536,07-02-2026,09-02-2026,Shipped,,
5010884,301015,523,24-01-2026,28-01-2026,delivered,-1324,
5010885,301976,539,06-11-2024,11-11-2024,Delivered,880.71,
5010886,302324,509,02-07-2025,02-07-2025,Returned,,
5010887,300405,529,07-04-2026,08-04-2026,Shipped,34107.63,
5010888,300978,520,08-05-2022,18-05-2022,Delivered,123336.9,
5010889,302580,509,10-01-2024,12-01-2024,Returned,6348.93,
5010890,301817,521,24-11-2025,,Cancelled,120003.77,
5010891,300434,523,30-01-2026,01-02-2026,Pending,,
5010892,302868,514,26-07-2024,27-07-2024,SHIPPED,55176.13,
5010893,301187,518,06-05-2026,17-05-2026,Pending,28229.03,
5010894,302465,517,30-03-2023,,Returned,329.79,
5010895,300688,510,17-05-2022,19-05-2022,Cancelled,31803.84,
5010896,302185,513,27-03-2023,06-04-2023,Returned,,
5010897,302975,522,21-09-2022,03-10-2022,pending ,27733.24,
5010898,302118,514,28-03-2024,03-04-2024,Pending,,
5010899,302984,517,16-01-2025,28-01-2025,Delivered,7302.82,
5010900,301106,534,19-05-2026,26-05-2026,Delivered,,
5010901,302816,535,15-09-2025,18-09-2025,Delivered,208085.51,
5010902,302465,539,01-01-2026,13-01-2026,delivered,12754.68,
5010903,301663,538,30-04-2026,02-05-2026,Delivered,66674.02,
5010904,302254,528,02-14-2026,,Delivered,26900.47,
5010905,301949,529,10-07-2024,12-07-2024,Shipped,0,
5010906,300465,535,14-10-2023,10-16-2023,Pending,77312.6,
5010907,302395,521,22-09-2024,30-Sep-24,SHIPPED,83265.49,
5010908,302585,532,20-12-2025,27-12-2025,Delivered,205367.34,
5010909,301740,505,03-05-2026,03-05-2026,delivered,18336.17,
5010910,302657,509,09-02-2024,02-13-2024,Shipped,,
5010911,301131,505,13-12-2024,12-23-2024,Shipped,44774.03,
5010912,302938,527,08-10-2023,16-10-2023,Pending,13251.1,
5010913,300053,535,27-02-2024,28-02-2024,SHIPPED,,
5010914,301929,525,25-12-2021,31-12-2021,Shipped,,
5010915,301741,521,14-08-2025,17-08-2025,Pending,73202.76,
5010916,300805,520,27-11-2025,07-Dec-25,Delivered,98409.98,
5010917,302415,520,09-10-2024,17-10-2024,delivered,,
5010918,302714,540,19-05-2025,20-05-2025,Cancelled,31882.45,
5010919,300931,536,27-03-2023,04-04-2023,SHIPPED,217564.17,
5010920,300307,534,12-12-2025,12-12-2025,Returned,64674.92,
5010921,301464,520,11-07-2022,13-07-2022,pending ,,
5010922,302940,513,07-04-2024,11-04-2024,Returned,45594.61,
5010923,301204,525,14-01-2025,17-01-2025,Shipped,155673.46,
5010924,302718,526,21-07-2025,24-07-2025,pending ,228503.41,
5010925,300791,519,11-03-2026,11-03-2026,Cancelled,49448.2,
5010926,301246,506,27-08-2022,07-09-2022,pending ,83467.72,
5010927,300546,530,12-11-2025,16-11-2025,Shipped,28385.17,
5010928,301149,522,11-10-2025,12-10-2025,SHIPPED,66907.35,
5010929,300102,522,15-04-2025,16-04-2025,Pending,0,
5010930,302980,518,02-05-2025,17-02-2025,Pending,123337.57,
5010931,301176,538,31-10-2024,08-11-2024,Cancelled,33536.47,
5010932,301767,531,24-Jan-25,30-01-2025,Pending,,
5010933,300453,516,24-02-2026,26-Feb-26,SHIPPED,96224.94,
5010934,301210,520,10-02-2023,21-02-2023,pending ,72211.09,
5010935,302774,537,19-11-2025,24-11-2025,Pending,,
5010936,302265,515,03-Apr-25,09-04-2025,Cancelled,19584.53,
5010937,300054,514,13-03-2024,19-03-2024,Pending,98636.28,
5010938,300624,523,23-08-2023,25-08-2023,Returned,16674.61,
5010939,301714,505,25-08-2023,04-09-2023,Delivered,38116.59,
5010940,300715,514,19-05-2022,21-05-2022,delivered,86946.6,
5010941,302511,539,17-01-2026,19-01-2026,Cancelled,108509.04,
5010942,302715,529,02-04-2025,09-04-2025,SHIPPED,67587.77,
5010943,302334,520,21-04-2025,27-04-2025,pending ,68055.01,
5010944,300375,521,09-10-2022,10-12-2022,Cancelled,173559.97,
5010945,302541,516,27-10-2025,28-10-2025,Shipped,64193.28,
5010946,301697,505,29-07-2026,06-08-2026,delivered,14311.92,
5010947,300807,502,12-05-2022,20-05-2022,Returned,94562.72,
5010948,302022,525,20-Jan-24,25-01-2024,SHIPPED,87400.13,
5010949,302857,529,14-04-2024,19-04-2024,SHIPPED,29726.06,
5010950,301058,516,20-02-2022,26-02-2022,pending ,44356.13,
5010951,301354,504,12-09-2025,12-Dec-25,pending ,,
5010952,302431,539,17-05-2025,22-05-2025,SHIPPED,,
5010953,302084,510,17-05-2026,27-05-2026,Cancelled,,
5010954,300424,501,29-05-2025,09-06-2025,Cancelled,82889.65,
5010955,300094,538,28-02-2026,06-03-2026,SHIPPED,109632.9,
5010956,302897,507,05-11-2024,17-11-2024,SHIPPED,68384.94,
5010957,300188,514,03-Aug-25,,Cancelled,111775.99,
5010958,302313,538,16-10-2024,24-10-2024,Shipped,30622.85,
5010959,302164,535,13-04-2025,15-04-2025,Delivered,62661.61,
5010960,302015,513,13-08-2025,,delivered,71440.83,
5010961,300791,524,12-02-2024,09-12-2024,Cancelled,67244.28,
5010962,302549,536,31-07-2024,04-Aug-24,Delivered,101271.15,
5010963,302531,519,28-Jul-25,31-07-2025,Cancelled,7185.02,
5010964,300386,521,30-07-2025,30-07-2025,SHIPPED,9956.88,
5010965,302465,524,16-07-2025,16-07-2025,Delivered,,
5010966,301887,523,23-02-2023,03-07-2023,Delivered,875.63,
5010967,300473,511,29-07-2024,04-08-2024,Returned,292.51,
5010968,302382,530,29-06-2022,11-Jul-22,Cancelled,,
5010969,301575,506,02-02-2026,03-02-2026,Returned,,
5010970,301570,511,28-11-2024,07-12-2024,pending ,67733.77,
5010971,302278,509,20-02-2026,21-02-2026,SHIPPED,17918.54,
5010972,302651,534,18-11-2025,30-Nov-25,Delivered,69354.39,
5010973,301863,520,16-03-2025,26-03-2025,Returned,397335.78,
5010974,302658,513,06-Sep-25,12-09-2025,SHIPPED,19385.65,
5010975,300609,540,04-02-2025,11-02-2025,pending ,221973.87,
5010976,301946,529,06-07-2024,18-07-2024,pending ,91787.51,
5010977,300028,519,10-09-2023,19-09-2023,Cancelled,90536.92,
5010978,302003,521,03-06-2026,11-06-2026,pending ,8581.93,
5010979,301582,508,26-02-2024,28-02-2024,Pending,21820.3,
5010980,300293,533,11-09-2025,20-09-2025,SHIPPED,25861.52,
5010981,301396,527,25-06-2026,03-07-2026,Cancelled,64843.2,
5010982,302789,515,06-11-2025,11-11-2025,Shipped,70569.2,
5010983,300445,512,04-09-2025,09-14-2025,pending ,17322.93,
5010984,302077,521,01-10-2022,04-10-2022,Pending,9822.24,
5010985,301522,515,21-10-2024,02-11-2024,SHIPPED,93036.07,
5010986,302420,503,10-07-2025,07-14-2025,Pending,121362.59,
5010987,300072,520,31-07-2026,09-08-2026,Shipped,107134.19,
5010988,301582,526,14-10-2024,16-10-2024,pending ,61145.66,
5010989,300299,535,29-12-2025,03-01-2026,Returned,4755.01,
5010990,302466,540,29-10-2022,09-11-2022,pending ,59357.68,
5010991,301956,517,18-10-2021,23-10-2021,Returned,114647.89,
5010992,301099,515,03-04-2024,03-Apr-24,delivered,8668.58,
5010993,300640,531,07-08-2024,10-08-2024,Pending,269197.64,
5010994,302500,509,02-01-2024,11-01-2024,Cancelled,11403.75,
5010995,301205,503,09-10-2025,21-10-2025,pending ,,
5010996,302756,535,22-03-2026,31-03-2026,Returned,15586.71,
5010997,300743,524,05-02-2024,06-02-2024,SHIPPED,40461.04,
5010998,300609,511,19-09-2024,28-09-2024,SHIPPED,,
5010999,301203,535,20-10-2025,31-10-2025,Delivered,10168.66,
5011000,302778,530,28-09-2024,06-Oct-24,Cancelled,39659.52,
5011001,300198,520,13-02-2025,16-02-2025,Shipped,81573.1,
5011002,301735,538,14-11-2024,26-11-2024,pending ,63313.27,
5011003,302959,532,02-05-2025,02-05-2025,Shipped,60876.51,
5011004,302091,539,12-03-2025,14-03-2025,Delivered,59346.35,
5011005,302195,535,02-10-2025,13-10-2025,pending ,129894.86,
5011006,300119,526,21-07-2025,31-07-2025,Shipped,24556.42,
5011007,301886,521,27-11-2025,09-12-2025,SHIPPED,36099.02,
5011008,300859,531,13-05-2026,25-05-2026,SHIPPED,111339,
5011009,301344,529,26-04-2022,29-04-2022,Returned,11293.83,
5011010,300006,511,28-04-2026,10-05-2026,Delivered,75199.48,
5011011,302573,511,19-07-2026,20-07-2026,Shipped,,
5011012,301408,523,17-07-2024,28-07-2024,Returned,454.79,
5011013,301970,508,14-09-2025,25-09-2025,Shipped,44255.71,
5011014,301953,531,16-02-2026,17-02-2026,Pending,54432.58,
5011015,302776,530,06-08-2024,13-08-2024,Returned,9015.36,
5011016,302163,529,22-11-2025,25-11-2025,Delivered,9324.51,
5011017,301811,540,27-04-2025,28-04-2025,Shipped,18306.01,
5011018,302728,524,25-02-2026,04-03-2026,Delivered,168249.84,
5011019,300560,521,24-05-2026,,pending ,2101.42,
5011020,302791,530,25-04-2022,05-03-2022,Returned,19400.47,
5011021,302866,523,18-09-2023,25-09-2023,Pending,,
5011022,302123,517,31-05-2025,02-06-2025,pending ,117385.17,
5011023,301688,516,09-02-2025,16-02-2025,pending ,,
5011024,302919,536,28-09-2023,08-10-2023,Pending,9938.12,
5011025,302916,531,08-09-2024,20-09-2024,Shipped,67991.69,
5011026,302717,507,07-09-2021,09-09-2021,Delivered,56662.99,
5011027,301959,538,29-01-2022,05-Feb-22,Pending,20366.79,
5011028,302068,505,26-Nov-22,08-12-2022,SHIPPED,,
5011029,302943,540,05-16-2025,18-05-2025,Pending,81467.99,
5011030,302592,527,31-05-2026,12-Jun-26,delivered,96633.39,
5011031,300204,531,06-11-2025,13-11-2025,Returned,99763.81,
5011032,302740,521,07-04-2024,07-04-2024,pending ,43893.89,
5011033,300190,529,17-04-2025,22-04-2025,Returned,74915.02,
5011034,302683,534,18-10-2024,25-10-2024,delivered,243057.06,
5011035,301071,507,13-Sep-25,16-09-2025,Cancelled,54197.17,
5011036,301552,507,10-09-2025,12-09-2025,Returned,43178.11,
5011037,302130,520,05-10-2024,20-05-2024,Cancelled,160926.43,
5011038,301416,521,02-01-2026,04-01-2026,Delivered,100923.2,
5011039,302558,526,29-10-2025,01-11-2025,Cancelled,93328.4,
5011040,300790,534,12-07-2024,14-07-2024,SHIPPED,21513.06,
5011041,302467,522,07-07-2022,11-07-2022,pending ,0,
5011042,300069,513,08-02-2024,02-11-2024,Pending,,
5011043,300978,536,12-04-2023,15-04-2023,delivered,60881.47,
5011044,301684,536,06-09-2024,08-09-2024,Pending,92473.87,
5011045,302260,504,16-01-2022,16-01-2022,Delivered,35124.18,
5011046,302736,502,17-08-2023,18-08-2023,Shipped,37365.59,
5011047,302746,539,17-10-2023,25-10-2023,delivered,108073.52,
5011048,300651,509,01-11-2021,02-11-2021,Shipped,5544.92,
5011049,301136,521,08-Jul-25,07-16-2025,pending ,13869.18,
5011050,300073,505,20-08-2024,01-09-2024,Pending,32807.52,
5011051,302601,539,20-05-2023,20-05-2023,delivered,39203.12,
5011052,300469,516,04-03-2024,03-08-2024,Returned,33922.9,
5011053,300055,539,14-01-2024,17-01-2024,SHIPPED,114691.13,
5011054,302410,536,24-05-2026,30-05-2026,Returned,100950.61,
5011055,301510,536,16-06-2025,24-06-2025,Returned,180528.16,
5011056,300385,511,14-05-2026,20-05-2026,Shipped,38846.74,
5011057,301516,503,04-12-2025,15-12-2025,Pending,169796.69,
5011058,302558,517,04-08-2025,10-08-2025,pending ,21046.8,
5011059,300686,539,04-07-2023,14-07-2023,SHIPPED,-8172.82,
5011060,302127,501,19-03-2023,29-03-2023,Delivered,64283.63,
5011061,301540,510,22-02-2026,03-03-2026,Shipped,72967.94,
5011062,300805,513,31-05-2026,03-06-2026,Returned,61941.38,
5011063,302099,501,20-Mar-22,30-03-2022,Delivered,19069.25,
5011064,301164,535,13-06-2025,18-06-2025,SHIPPED,,
5011065,300783,513,16-01-2025,20-01-2025,Shipped,,
5011066,302663,537,27-07-2026,08-08-2026,Pending,30553.29,
5011067,301394,505,08-05-2025,12-05-2025,Shipped,25095.82,
5011068,300297,539,18-12-2023,22-12-2023,Shipped,27141.39,
5011069,301329,529,02-05-2021,07-05-2021,Returned,8938.26,
5011070,301836,539,21-04-2024,21-04-2024,Pending,77806.52,
5011071,302436,506,25-08-2025,05-09-2025,SHIPPED,-1964.89,
5011072,301724,537,14-05-2024,24-May-24,pending ,66392.56,
5011073,301409,539,21-05-2025,29-05-2025,Shipped,72927.29,
5011074,301768,504,29-06-2026,06-07-2026,delivered,69641.59,
5011075,302753,520,14-06-2026,20-06-2026,delivered,101522.28,
5011076,302873,512,03-12-2025,12-12-2025,Cancelled,70872.47,
5011077,301285,520,11-05-2024,20-05-2024,pending ,,
5011078,302013,521,12-02-2026,19-02-2026,Cancelled,5104.36,
5011079,302732,525,23-04-2024,01-05-2024,Cancelled,4409.99,
5011080,300909,515,29-05-2025,08-06-2025,Shipped,148934.16,
5011081,302565,531,06-10-2025,11-10-2025,pending ,10562.89,
5011082,300829,538,25-07-2026,03-08-2026,pending ,,
5011083,301714,505,06-01-2025,08-01-2025,Shipped,,
5011084,302841,530,11-10-2022,19-11-2022,Delivered,,
5011085,300762,540,10-Oct-25,,Shipped,,
5011086,300581,506,24-Apr-23,,Delivered,3160.07,
5011087,302222,508,12-10-2025,21-10-2025,pending ,30636.99,
5011088,301879,538,05-03-2024,13-03-2024,SHIPPED,164463.94,
5011089,302686,505,12-01-2026,24-01-2026,delivered,20682.98,
5011090,301452,521,26-12-2022,31-Dec-22,SHIPPED,28921.25,
5011091,301298,533,24-04-2025,04-05-2025,pending ,82867.66,
5011092,302400,525,20-10-2024,22-10-2024,pending ,95618.41,
5011093,301102,519,10-02-2025,20-02-2025,pending ,8880.84,
5011094,300326,535,10-01-2026,10-01-2026,SHIPPED,26188.84,
5011095,301084,530,14-01-2026,26-01-2026,delivered,1776.57,
5011096,300288,514,10-01-2023,14-01-2023,SHIPPED,27990.77,
5011097,302742,523,28-02-2024,01-03-2024,pending ,43900.31,
5011098,301336,534,22-12-2024,30-12-2024,Cancelled,133938.69,
5011099,300609,517,02-09-2025,05-09-2025,Cancelled,44280.38,
5011100,301975,539,23-11-2024,03-12-2024,Pending,,
5011101,301260,515,23-Feb-24,02-26-2024,Pending,,
5011102,302643,537,01-11-2025,04-11-2025,Cancelled,25201.25,
5011103,302102,524,24-02-2023,08-03-2023,Returned,161977.02,
5011104,301178,505,28-04-2026,07-05-2026,pending ,,
5011105,302585,523,07-21-2026,27-07-2026,delivered,,
5011106,300235,533,21-12-2024,02-01-2025,Pending,80495.56,
5011107,301714,515,18-01-2025,21-01-2025,delivered,69821.13,
5011108,300416,521,01-04-2025,13-04-2025,Shipped,,
5011109,302371,531,23-01-2025,25-01-2025,delivered,139490.04,
5011110,302303,503,30-07-2022,08-05-2022,Delivered,79135.74,
5011111,302995,514,24-Jun-25,26-06-2025,Shipped,,
5011112,301195,505,13-11-2025,20-11-2025,Returned,33943.28,
5011113,302529,518,22-12-2023,,pending ,,
5011114,300424,511,07-05-2024,07-May-24,Returned,0,
5011115,301201,508,16-01-2026,,Delivered,108675.73,
5011116,302336,501,12-03-2025,20-03-2025,Delivered,76070.24,
5011117,301852,510,08-02-2026,18-02-2026,Delivered,156881.52,
5011118,300255,525,15-06-2022,06-25-2022,SHIPPED,56663,
5011119,301143,537,11-07-2025,07-19-2025,SHIPPED,13286.17,
5011120,300394,536,19-05-2026,27-05-2026,SHIPPED,74238.42,
5011121,300962,527,07-11-2025,15-11-2025,Cancelled,57444.42,
5011122,302554,506,19-07-2023,23-07-2023,Returned,20936.04,
5011123,301871,524,24-04-2026,24-04-2026,Returned,7065.75,
5011124,302984,504,10-30-2025,03-11-2025,Returned,33744.87,
5011125,302966,532,25-03-2024,31-03-2024,SHIPPED,60735.59,
5011126,301142,527,07-06-2024,10-06-2024,Returned,,
5011127,300340,505,25-07-2025,29-07-2025,delivered,123974.76,
5011128,301020,535,28-06-2025,06-07-2025,Pending,116160.48,
5011129,301526,518,24-06-2025,24-06-2025,pending ,11553.8,
5011130,302268,512,20-03-2024,,Returned,,
5011131,302541,534,10-Mar-26,16-03-2026,delivered,19387.97,
5011132,301495,513,11-03-2026,22-03-2026,Pending,12701.17,
5011133,301409,534,31-03-2026,11-04-2026,Shipped,,
5011134,301031,515,16-11-2024,18-11-2024,delivered,12972.32,
5011135,301529,540,23-Aug-24,,pending ,1225.58,
5011136,302755,509,15-07-2026,17-07-2026,Returned,97468.3,
5011137,300125,540,30-06-2025,01-07-2025,Cancelled,,
5011138,300435,509,03-10-2025,,Delivered,60975.68,
5011139,301352,518,22-07-2026,07-27-2026,pending ,,
5011140,301326,521,04-08-2024,09-08-2024,delivered,12905.89,
5011141,302916,505,21-04-2024,26-04-2024,pending ,64021.29,
5011142,300834,525,07-12-2023,16-12-2023,pending ,,
5011143,300834,523,02-04-2025,11-04-2025,pending ,,
5011144,302670,540,16-12-2024,24-Dec-24,delivered,117133.33,
5011145,301207,519,18-04-2022,21-04-2022,pending ,,
5011146,302003,537,19-04-2026,24-04-2026,Cancelled,114502.13,
5011147,302814,511,16-03-2024,25-03-2024,pending ,104405.72,
5011148,302260,519,10-11-2021,13-11-2021,Shipped,60835.65,
5011149,301512,526,13-04-2025,21-04-2025,Pending,23648.73,
5011150,301033,530,30-10-2024,06-11-2024,Shipped,303578.04,
5011151,301919,532,05-08-2025,17-08-2025,Shipped,114119.27,
5011152,302111,534,20-05-2021,26-05-2021,Delivered,30911.51,
5011153,301349,504,06-08-2025,09-08-2025,SHIPPED,2888.51,
5011154,301278,529,18-10-2024,10-22-2024,Pending,48621.48,
5011155,300627,538,22-Nov-25,24-11-2025,Pending,23697.04,
5011156,300390,535,12-05-2024,13-05-2024,Pending,108027.12,
5011157,302684,527,20-09-2025,20-Sep-25,Returned,130353.37,
5011158,300591,523,11-05-2026,14-05-2026,Pending,60111.89,
5011159,302018,521,02-10-2025,13-10-2025,Delivered,,
5011160,301792,509,03-06-2025,06-06-2025,SHIPPED,53506.02,
5011161,301306,520,17-02-2023,19-02-2023,delivered,29664.97,
5011162,302174,516,06-10-2024,10-10-2024,Shipped,71798.49,
5011163,300744,532,09-08-2024,10-08-2024,Delivered,,
5011164,302202,526,02-17-2026,27-02-2026,pending ,2127.54,
5011165,300193,522,15-09-2025,23-09-2025,delivered,32985.81,
5011166,302802,520,19-01-2026,20-01-2026,pending ,31684.03,
5011167,300937,505,12-07-2026,23-07-2026,Returned,30124.44,
5011168,301462,509,26-01-2025,01-02-2025,Shipped,4402.27,
5011169,302813,512,20-07-2025,23-07-2025,SHIPPED,79325.01,
5011170,301402,534,25-02-2024,03-01-2024,Delivered,64418.48,
5011171,300389,508,19-09-2021,23-09-2021,Pending,,
5011172,302559,529,14-01-2024,15-01-2024,pending ,144554.15,
5011173,301304,533,30-12-2025,01-01-2026,SHIPPED,,
5011174,301827,527,17-03-2025,26-03-2025,Shipped,54271.98,
5011175,301589,530,24-11-2024,28-11-2024,pending ,34379.64,
5011176,302070,507,24-08-2025,,SHIPPED,14108.57,
5011177,301898,524,13-04-2025,16-04-2025,Shipped,1293.43,
5011178,300944,515,02-04-2022,06-04-2022,pending ,70232.3,
5011179,302663,510,11-03-2026,21-03-2026,pending ,70771.74,
5011180,301656,531,25-06-2023,05-07-2023,Shipped,147933.94,
5011181,300703,506,19-09-2024,27-09-2024,pending ,26687.91,
5011182,301762,539,14-06-2026,26-06-2026,Pending,90668.62,
5011183,302969,516,29-11-2022,07-12-2022,Shipped,,
5011184,301564,530,13-11-2024,24-11-2024,Pending,29181.75,
5011185,302773,505,21-09-2021,,Cancelled,1168.45,
5011186,302510,517,28-11-2025,01-12-2025,SHIPPED,14256.12,
5011187,301930,517,23-11-2021,05-12-2021,Delivered,,
5011188,302668,530,23-10-2025,31-10-2025,Shipped,12301.22,
5011189,302595,502,10-08-2024,17-08-2024,Returned,2425.07,
5011190,302401,511,05-01-2025,16-01-2025,Pending,79862.65,
5011191,302161,511,09-07-2025,18-07-2025,Pending,,
5011192,302560,537,19-05-2025,24-05-2025,Pending,58656.77,
5011193,300293,508,14-12-2025,16-12-2025,Shipped,,
5011194,300349,518,26-03-2026,28-03-2026,Returned,49373.26,
5011195,301895,501,25-09-2024,09-25-2024,Shipped,,
5011196,302957,519,15-03-2026,26-03-2026,Pending,184908.5,
5011197,301087,522,27-03-2025,03-04-2025,delivered,61085.67,
5011198,301392,534,03-16-2023,20-03-2023,Delivered,61146.41,
5011199,301094,532,22-11-2023,23-11-2023,Delivered,114263.97,
5011200,301102,538,26-02-2024,04-03-2024,Pending,,
5011201,302264,525,16-07-2024,26-07-2024,pending ,13504.36,
5011202,301096,538,10-02-2024,02-10-2024,Shipped,615.46,
5011203,300820,510,13-05-2026,24-May-26,Pending,20593.49,
5011204,300428,529,15-11-2023,27-11-2023,Cancelled,97072.37,
5011205,300498,539,31-12-2023,08-01-2024,pending ,18794.03,
5011206,300924,516,13-09-2023,18-09-2023,Shipped,656.09,
5011207,302281,503,08-06-2026,12-06-2026,pending ,2847.72,
5011208,301088,534,05-05-2022,11-05-2022,Delivered,62896.64,
5011209,302073,514,10-03-2026,21-Mar-26,Delivered,26183.91,
5011210,302130,535,13-12-2023,18-Dec-23,Returned,,
5011211,300732,520,17-09-2025,28-09-2025,Pending,105029.61,
5011212,300985,521,22-09-2024,28-09-2024,Returned,86738.97,
5011213,300808,519,01-20-2025,28-01-2025,SHIPPED,256264.69,
5011214,301587,525,28-02-2026,06-03-2026,pending ,30384.88,
5011215,302007,527,17-04-2024,19-04-2024,Cancelled,40584.62,
5011216,302004,509,11-Jul-26,15-07-2026,delivered,117428.85,
5011217,302519,532,05-07-2025,11-07-2025,Pending,19321.67,
5011218,302421,517,19-07-2025,19-07-2025,Cancelled,10388.47,
5011219,301904,532,31-01-2026,05-02-2026,Delivered,24421.8,
5011220,302467,511,13-11-2022,13-11-2022,SHIPPED,17327.3,
5011221,300140,507,18-11-2024,29-11-2024,Returned,86266.94,
5011222,302372,511,02-04-2026,15-02-2026,delivered,17220.86,
5011223,301973,537,18-10-2024,23-10-2024,Cancelled,,
5011224,302418,511,01-06-2024,03-06-2024,delivered,29624.99,
5011225,300913,539,14-11-2023,22-11-2023,delivered,10624.83,
5011226,300602,528,12-May-26,22-05-2026,Shipped,,
5011227,300399,505,30-03-2025,04-04-2025,Shipped,72041.05,
5011228,301341,514,02-01-2025,12-01-2025,Returned,88856.76,
5011229,300987,540,29-05-2026,31-05-2026,delivered,,
5011230,301553,528,27-Apr-24,01-05-2024,pending ,118736.38,
5011231,302316,532,29-12-2022,02-01-2023,pending ,5714.9,
5011232,300178,504,29-04-2024,29-04-2024,Pending,49115.24,
5011233,300279,529,07-07-2026,17-07-2026,SHIPPED,101347.26,
5011234,301134,517,04-02-2026,14-02-2026,pending ,87778.8,
5011235,300099,525,17-06-2026,23-06-2026,SHIPPED,42503.26,
5011236,302667,504,02-04-2024,03-04-2024,delivered,2578.13,
5011237,302605,502,21-08-2024,21-08-2024,delivered,182018.41,
5011238,301248,521,03-09-2023,04-09-2023,pending ,40618.03,
5011239,300467,519,02-05-2026,09-05-2026,Pending,,
5011240,302428,525,17-04-2026,18-04-2026,Delivered,14225.23,
5011241,301941,525,07-08-2024,09-08-2024,Delivered,80720.49,
5011242,300670,538,17-01-2023,29-01-2023,delivered,7531.13,
5011243,302168,509,17-01-2025,20-01-2025,SHIPPED,,
5011244,301279,510,06-10-2021,07-Oct-21,Cancelled,53409.24,
5011245,300199,522,24-11-2025,29-11-2025,Cancelled,140738.52,
5011246,302127,531,12-12-2024,,Cancelled,,
5011247,302620,515,10-08-2022,21-08-2022,Shipped,95799.04,
5011248,300055,538,26-12-2023,29-12-2023,Returned,101016.54,
5011249,302234,540,31-07-2025,31-07-2025,delivered,,
5011250,301665,511,11-08-2024,,Cancelled,,
5011251,300785,505,21-Sep-25,25-09-2025,delivered,17741.33,
5011252,301815,527,20-07-2023,26-07-2023,Pending,,
5011253,300717,530,17-07-2026,18-07-2026,Returned,,
5011254,302056,508,20-02-2024,23-02-2024,Cancelled,108024.51,
5011255,300603,524,20-02-2026,02-03-2026,Shipped,13652.89,
5011256,302543,508,16-05-2024,05-17-2024,Delivered,,
5011257,302415,507,10-03-2026,15-03-2026,Shipped,8591.51,
5011258,301830,523,17-Oct-25,24-10-2025,Cancelled,68800.59,
5011259,300427,504,18-09-2022,23-09-2022,Returned,190651.38,
5011260,302503,511,01-11-2023,10-11-2023,Cancelled,39243.09,
5011261,301743,528,28-05-2022,05-29-2022,Shipped,,
5011262,301733,526,19-07-2024,25-07-2024,Cancelled,12920.76,
5011263,300845,531,12-09-2023,22-09-2023,Returned,9385.49,
5011264,300882,505,18-12-2024,19-12-2024,Delivered,8887.53,
5011265,302872,510,09-11-2025,09-11-2025,pending ,117856.15,
5011266,300928,507,01-12-2025,09-Dec-25,Delivered,43276.48,
5011267,301171,532,13-08-2025,23-08-2025,Returned,26235.12,
5011268,302550,536,22-07-2025,,Delivered,39684.95,
5011269,302894,525,09-12-2024,09-12-2024,pending ,50826.15,
5011270,302796,534,26-12-2022,30-12-2022,SHIPPED,,
5011271,300402,523,03-07-2023,13-07-2023,Pending,24022.6,
5011272,302163,510,09-16-2024,16-09-2024,Returned,8272.91,
5011273,301693,537,07-02-2026,12-02-2026,delivered,39487.04,
5011274,302957,522,01-10-2025,08-10-2025,Pending,8598.58,
5011275,300320,526,22-09-2023,27-09-2023,Returned,13185.06,
5011276,301939,518,06-11-2024,06-11-2024,Cancelled,12976.28,
5011277,300724,513,29-10-2025,31-10-2025,Cancelled,44625.4,
5011278,301512,506,03-10-2025,09-10-2025,delivered,42286.2,
5011279,302829,516,21-09-2024,29-09-2024,Cancelled,50304.77,
5011280,301363,523,22-03-2023,29-03-2023,Returned,13981.37,
5011281,301206,537,21-12-2025,26-12-2025,Pending,138293.07,
5011282,301436,524,10-12-2024,12-12-2024,SHIPPED,266.06,
5011283,301575,508,01-Jan-25,01-09-2025,Returned,148210.41,
5011284,301518,518,01-10-2024,06-10-2024,SHIPPED,10074.65,
5011285,301858,530,09-11-2025,18-11-2025,Cancelled,8743.03,
5011286,301099,503,09-07-2024,17-07-2024,Cancelled,,
5011287,301182,514,31-07-2026,31-07-2026,Returned,60013.57,
5011288,300381,527,20-02-2026,26-02-2026,pending ,20311.9,
5011289,302350,523,07-06-2024,15-06-2024,Delivered,94263.34,
5011290,302590,520,11-07-2025,13-07-2025,Returned,8261.87,
5011291,302288,530,08-Nov-25,11-11-2025,Pending,67082.47,
5011292,300691,501,08-May-25,13-05-2025,Pending,159383.53,
5011293,302983,534,15-09-2022,,Pending,103530.34,
5011294,300089,513,09-10-2025,10-15-2025,Returned,63266.36,
5011295,300154,538,13-07-2023,21-07-2023,Delivered,10933.36,
5011296,300099,530,25-01-2026,31-01-2026,Pending,67650.78,
5011297,300149,511,04-07-2023,05-07-2023,delivered,47591.83,
5011298,302577,522,17-01-2024,25-01-2024,SHIPPED,,
5011299,302048,526,07-15-2024,25-07-2024,Pending,75839.62,
5011300,301281,532,11-07-2024,18-07-2024,Returned,30045.79,
5011301,301718,539,07-09-2025,17-09-2025,Cancelled,,
5011302,302524,510,12-06-2025,06-23-2025,SHIPPED,,
5011303,300552,526,17-04-2026,28-04-2026,Pending,66718.17,
5011304,302361,525,22-12-2025,03-Jan-26,Returned,93086.24,
5011305,302877,518,05-06-2024,10-05-2024,SHIPPED,,
5011306,301011,520,27-05-2025,07-06-2025,Pending,23714.56,
5011307,301658,511,04-18-2026,27-04-2026,Returned,3349.98,
5011308,300787,532,04-09-2025,07-09-2025,Returned,12418.15,
5011309,301882,520,10-01-2026,22-01-2026,Returned,,
5011310,302570,518,29-10-2025,08-11-2025,Cancelled,,
5011311,301785,506,05-02-2025,14-02-2025,delivered,36920.75,
5011312,300040,503,08-27-2021,28-08-2021,SHIPPED,83188.04,
5011313,302342,534,14-04-2026,20-04-2026,Pending,35422.01,
5011314,300190,535,06-01-2026,08-01-2026,Shipped,277733.9,
5011315,301502,525,01-08-2026,08-08-2026,Pending,,
5011316,302227,509,07-12-2024,24-07-2024,SHIPPED,2507.76,
5011317,302322,519,23-09-2025,28-09-2025,Pending,24938.93,
5011318,302726,520,07-09-2025,18-09-2025,pending ,76393.88,
5011319,300336,512,18-03-2024,28-03-2024,Pending,,
5011320,300254,539,28-12-2025,01-09-2026,pending ,88971.77,
5011321,302274,510,29-04-2026,29-04-2026,Delivered,38061.22,
5011322,301682,512,13-01-2024,18-01-2024,SHIPPED,33488.27,
5011323,301404,535,04-06-2026,13-06-2026,SHIPPED,143314.41,
5011324,302852,508,31-05-2024,01-06-2024,pending ,1466.47,
5011325,302517,540,03-04-2026,06-04-2026,Delivered,68415.34,
5011326,302694,519,08-03-2025,19-03-2025,Pending,68733.2,
5011327,302127,540,09-07-2025,17-07-2025,Returned,85620.81,
5011328,300847,519,23-07-2024,28-07-2024,Delivered,34768.41,
5011329,302101,512,16-03-2026,21-03-2026,Returned,47557.2,
5011330,301036,506,24-06-2026,06-07-2026,Pending,111690.51,
5011331,301244,510,09-06-2026,17-06-2026,delivered,239893.93,
5011332,302667,519,15-10-2024,18-10-2024,pending ,11347.88,
5011333,300729,537,03-08-2025,10-08-2025,delivered,104874.68,
5011334,301182,503,18-02-2024,01-03-2024,delivered,143249.47,
5011335,301912,516,20-01-2024,25-Jan-24,delivered,0,
5011336,300849,520,27-05-2022,29-05-2022,Returned,3154.04,
5011337,302994,501,10-06-2025,21-06-2025,pending ,103489.1,
5011338,302588,522,09-11-2024,11-11-2024,delivered,163787.06,
5011339,302400,525,28-10-2025,01-Nov-25,SHIPPED,102162.03,
5011340,300808,532,23-Jul-26,07-26-2026,Pending,93087.69,
5011341,302709,512,06-03-2023,08-03-2023,Pending,,
5011342,300660,537,05-04-2026,06-04-2026,Returned,116285.41,
5011343,301180,505,12-08-2021,23-08-2021,Pending,82303.45,
5011344,300724,520,20-03-2026,23-03-2026,delivered,117513.78,
5011345,302434,535,11-02-2021,07-11-2021,pending ,163103.99,
5011346,302689,507,14-04-2024,04-20-2024,pending ,60592.04,
5011347,300586,534,16-02-2024,18-02-2024,pending ,,
5011348,302594,511,01-11-2024,01-11-2024,Delivered,142735.95,
5011349,300150,523,08-Dec-25,16-12-2025,delivered,17949.06,
5011350,300657,531,23-05-2026,01-06-2026,Delivered,90151.44,
5011351,300249,519,05-09-2025,06-09-2025,Delivered,32052.1,
5011352,300785,505,16-11-2025,27-11-2025,Cancelled,21577.61,
5011353,302753,523,03-02-2026,04-02-2026,pending ,,
5011354,301349,523,29-05-2026,02-06-2026,Cancelled,71520.9,
5011355,302822,502,28-05-2025,29-05-2025,pending ,24333.48,
5011356,301377,522,11-Apr-24,13-04-2024,Pending,48871.44,
5011357,301154,517,20-Mar-26,27-03-2026,pending ,,
5011358,300459,540,11-05-2025,17-05-2025,SHIPPED,40346.03,
5011359,300224,532,14-May-25,19-05-2025,Returned,72618.06,
5011360,300529,508,15-07-2026,21-07-2026,delivered,40474.18,
5011361,300615,528,08-07-2025,16-07-2025,pending ,16019.78,
5011362,301233,509,10-05-2025,16-05-2025,Shipped,,
5011363,301250,517,11-10-2025,23-10-2025,Shipped,362.93,
5011364,302238,536,09-01-2026,20-01-2026,SHIPPED,148414.31,
5011365,300289,530,08-20-2023,26-08-2023,delivered,72913.91,
5011366,301072,530,22-12-2021,31-12-2021,Delivered,,
5011367,302294,513,24-09-2025,27-09-2025,Pending,62456.95,
5011368,302784,516,12-05-2025,17-05-2025,Pending,86791.59,
5011369,300413,503,07-Jul-26,11-07-2026,Shipped,161437.39,
5011370,302780,529,19-04-2026,29-04-2026,Delivered,93654.17,
5011371,301499,514,04-05-2026,,Cancelled,73819.95,
5011372,300102,518,02-04-2024,03-04-2024,delivered,165771.28,
5011373,302161,526,21-04-2023,27-04-2023,pending ,164372.1,
5011374,301563,514,24-Jun-21,28-06-2021,pending ,125,
5011375,300534,503,27-10-2025,27-10-2025,SHIPPED,265568.64,
5011376,302846,508,17-07-2022,24-07-2022,delivered,29019.12,
5011377,301691,504,29-04-2023,02-05-2023,delivered,,
5011378,302128,508,29-Apr-23,03-05-2023,SHIPPED,137535.48,
5011379,301851,512,30-11-2025,,Cancelled,130969.95,
5011380,302121,509,12-05-2024,,delivered,,
5011381,301538,506,01-01-2024,08-01-2024,SHIPPED,36403.6,
5011382,300854,518,06-10-2023,20-06-2023,Delivered,86991.51,
5011383,300282,522,08-02-2024,17-02-2024,delivered,36086.42,
5011384,301837,504,30-01-2026,02-02-2026,Returned,129387.66,
5011385,301773,536,30-05-2025,06-03-2025,Delivered,105440.14,
5011386,301290,512,12-03-2023,24-03-2023,Pending,573.74,
5011387,302185,527,28-Dec-25,02-01-2026,Cancelled,16268.08,
5011388,301274,540,27-06-2026,08-07-2026,SHIPPED,108372.86,
5011389,300138,516,23-03-2022,27-03-2022,pending ,121570.7,
5011390,300213,506,25-01-2022,03-02-2022,Delivered,,
5011391,301808,538,11-15-2023,11-25-2023,Cancelled,71608.37,
5011392,301596,522,10-10-2023,17-10-2023,Shipped,55434.7,
5011393,302067,519,28-03-2025,04-04-2025,Cancelled,93837.27,
5011394,302349,533,14-05-2026,05-14-2026,Delivered,78254.38,
5011395,301089,540,03-12-2024,04-12-2024,Returned,108262.56,
5011396,300675,525,12-06-2024,21-06-2024,Cancelled,139959.37,
5011397,301309,520,01-07-2025,01-07-2025,pending ,,
5011398,301036,507,28-07-2024,09-08-2024,Returned,30055.96,
5011399,300659,535,02-11-2025,08-11-2025,delivered,8883.06,
5011400,300513,539,21-02-2026,21-02-2026,Pending,239.36,
5011401,301926,516,24-05-2023,25-05-2023,Delivered,101337.78,
5011402,301206,521,17-04-2026,21-04-2026,Delivered,208041.62,
5011403,302760,524,29-Jul-22,05-08-2022,Delivered,94493.95,
5011404,300389,525,21-10-2023,25-10-2023,SHIPPED,4999.47,
5011405,302401,522,31-12-2024,09-01-2025,Delivered,11885.05,
5011406,301238,512,06-06-2026,14-06-2026,delivered,143492.53,
5011407,300166,525,08-06-2023,12-06-2023,Cancelled,45773.63,
5011408,300267,505,01-Nov-23,13-11-2023,Pending,33539.29,
5011409,301924,536,02-07-2024,14-07-2024,SHIPPED,10510.27,
5011410,302404,504,27-01-2026,31-01-2026,Pending,106193.05,
5011411,300052,533,21-12-2025,25-12-2025,Returned,42268.09,
5011412,301260,536,24-01-2025,29-01-2025,Delivered,133531.15,
5011413,301961,536,02-07-2025,02-07-2025,SHIPPED,13522.64,
5011414,302174,525,19-07-2021,29-07-2021,Pending,9853.95,
5011415,300168,525,17-03-2025,22-03-2025,Delivered,51210.3,
5011416,301543,511,09-04-2025,14-04-2025,Cancelled,105654.14,
5011417,301294,537,17-Jul-25,25-07-2025,SHIPPED,117589.59,
5011418,302581,513,24-05-2026,25-05-2026,pending ,,
5011419,300283,522,12-05-2023,,Delivered,,
5011420,301992,533,24-05-2025,29-05-2025,Returned,47574.68,
5011421,302744,515,03-22-2025,03-04-2025,SHIPPED,,
5011422,301154,506,30-03-2026,31-03-2026,delivered,155565.73,
5011423,301601,507,07-12-2023,16-12-2023,SHIPPED,8881.32,
5011424,302787,532,24-01-2022,03-02-2022,Pending,10084.26,
5011425,302294,512,01-06-2026,12-06-2026,Shipped,90530.19,
5011426,302954,522,06-08-2025,,Delivered,36943.56,
5011427,302194,501,28-01-2021,28-01-2021,SHIPPED,23618.44,
5011428,302530,514,02-02-2023,05-02-2023,pending ,57752.09,
5011429,300076,523,02-01-2026,11-01-2026,Delivered,,
5011430,302543,520,17-04-2026,26-04-2026,Pending,7979.25,
5011431,302682,526,29-11-2025,09-12-2025,Cancelled,123033.03,
5011432,300205,515,04-03-2022,14-03-2022,delivered,31671.39,
5011433,300325,532,23-10-2021,29-10-2021,Shipped,,
5011434,301666,540,08-07-2025,16-07-2025,Cancelled,,
5011435,300113,535,23-07-2026,04-08-2026,Pending,-11178.08,
5011436,301163,520,08-10-2025,19-10-2025,Cancelled,3448.61,
5011437,301274,511,19-04-2026,01-05-2026,Delivered,0,
5011438,300481,501,25-12-2023,28-12-2023,Delivered,109939.46,
5011439,302373,505,17-08-2025,18-08-2025,Shipped,,
5011440,301263,537,29-11-2025,29-11-2025,Returned,23551.61,
5011441,301695,529,01-09-2022,03-09-2022,pending ,40626.82,
5011442,302385,527,21-05-2025,31-05-2025,Shipped,71700.1,
5011443,302810,525,30-05-2024,09-06-2024,Pending,,
5011444,302642,527,06-05-2023,16-05-2023,Delivered,117950.79,
5011445,300600,535,01-05-2026,06-05-2026,Delivered,94807.31,
5011446,300209,518,04-09-2024,15-09-2024,Pending,66061.68,
5011447,302576,516,03-05-2024,12-05-2024,delivered,109139.09,
5011448,300068,520,17-02-2025,17-02-2025,delivered,144638.25,
5011449,302215,520,04-02-2024,04-02-2024,delivered,28.62,
5011450,302396,510,16-08-2025,21-08-2025,Pending,,
5011451,301600,514,22-02-2026,01-03-2026,delivered,13592.08,
5011452,300765,515,12-11-2025,15-11-2025,Pending,69790.67,
5011453,301515,526,27-11-2025,27-11-2025,Delivered,39847.86,
5011454,300520,535,27-10-2022,,Delivered,2111.44,
5011455,300557,524,16-04-2026,23-04-2026,Returned,,
5011456,301203,539,02-04-2024,04-04-2024,Delivered,32578.79,
5011457,301169,527,18-08-2023,26-08-2023,Shipped,2656.12,
5011458,301910,526,29-06-2026,05-07-2026,Returned,106275.29,
5011459,301042,521,07-12-2021,07-12-2021,Delivered,103585.44,
5011460,301048,531,26-06-2023,07-07-2023,Shipped,,
5011461,301834,531,10-11-2023,11-11-2023,Delivered,93773.71,
5011462,301659,523,26-12-2024,04-01-2025,delivered,33518.63,
5011463,302618,528,05-03-2026,08-03-2026,Delivered,21597.16,
5011464,302466,504,23-08-2025,27-08-2025,Returned,7560.5,
5011465,302833,526,09-05-2023,18-05-2023,pending ,,
5011466,301689,535,31-10-2024,07-11-2024,pending ,101829.2,
5011467,301739,540,25-02-2026,09-03-2026,Cancelled,72195.92,
5011468,301613,516,16-04-2026,19-04-2026,Shipped,68221.95,
5011469,302213,512,06-30-2025,,SHIPPED,,
5011470,301530,534,07-07-2025,08-07-2025,Pending,,
5011471,301813,520,02-03-2025,14-03-2025,pending ,65431.87,
5011472,300891,535,05-03-2023,15-03-2023,SHIPPED,,
5011473,302655,511,07-22-2024,27-07-2024,delivered,113329.59,
5011474,301370,524,12-05-2021,19-05-2021,delivered,1404.31,
5011475,300968,536,13-09-2023,20-09-2023,Cancelled,1546.68,
5011476,300045,518,15-05-2026,17-05-2026,SHIPPED,19022.17,
5011477,300653,508,17-08-2021,19-08-2021,Shipped,46079.17,
5011478,301390,501,24-11-2024,03-12-2024,pending ,67715.69,
5011479,300846,531,01-Jun-26,13-06-2026,Cancelled,9771.29,
5011480,301462,510,01-08-2024,08-Aug-24,Cancelled,43648.05,
5011481,301323,527,15-05-2025,25-05-2025,delivered,22423.21,
5011482,301444,533,24-01-2024,04-Feb-24,Pending,,
5011483,302122,516,25-06-2026,07-07-2026,Cancelled,71295.77,
5011484,301529,513,08-09-2025,20-09-2025,pending ,205579.12,
5011485,302036,516,18-05-2024,29-05-2024,Cancelled,,
5011486,301100,529,30-07-2026,07-30-2026,Cancelled,2153.09,
5011487,302405,528,19-09-2023,30-09-2023,delivered,77764.36,
5011488,302676,527,03-04-2024,03-04-2024,delivered,53029.26,
5011489,300778,529,07-10-2024,09-10-2024,Returned,108530.47,
5011490,300119,504,12-22-2025,22-12-2025,pending ,13419,
5011491,302631,507,29-08-2025,29-08-2025,pending ,120672.9,
5011492,301962,501,29-03-2024,01-04-2024,Returned,,
5011493,302665,504,15-06-2026,16-06-2026,Delivered,33766.38,
5011494,302517,507,24-05-2026,04-06-2026,Delivered,117683.07,
5011495,302720,505,14-03-2026,22-03-2026,pending ,135194.81,
5011496,301598,517,01-06-2024,06-06-2024,delivered,,
5011497,302792,518,20-07-2021,31-07-2021,SHIPPED,45430.79,
5011498,302707,526,21-06-2026,,pending ,31718.73,
5011499,301619,528,21-07-2024,27-07-2024,Cancelled,,
5011500,301961,530,18-02-2025,26-02-2025,Cancelled,32746.68,
5011501,300576,510,02-12-2025,02-12-2025,Delivered,64958.88,
5011502,300681,508,25-06-2023,01-07-2023,Cancelled,20021.52,
5011503,302653,524,14-05-2025,24-05-2025,SHIPPED,57940.76,
5011504,301002,534,08-02-2023,15-02-2023,Cancelled,,
5011505,302876,503,12-08-2025,14-08-2025,Delivered,37312.26,
5011506,300094,523,04-03-2026,12-03-2026,Cancelled,28741.82,
5011507,302856,522,06-09-2021,09-09-2021,Returned,109192.6,
5011508,301244,513,20-08-2022,27-08-2022,delivered,71551.24,
5011509,302810,519,20-11-2023,02-12-2023,Pending,50624.58,
5011510,301121,506,19-05-2024,24-05-2024,delivered,65303.48,
5011511,301635,529,05-05-2026,17-05-2026,pending ,,
5011512,300214,526,13-03-2024,15-03-2024,pending ,173864.72,
5011513,302955,537,13-03-2025,16-03-2025,delivered,110876.72,
5011514,302358,540,18-05-2026,23-05-2026,SHIPPED,47980.84,
5011515,301401,519,21-04-2025,02-05-2025,SHIPPED,35700.45,
5011516,302181,506,25-12-2024,,pending ,82674.95,
5011517,301254,530,07-11-2024,16-11-2024,Cancelled,103497.79,
5011518,300863,513,13-01-2026,23-01-2026,Returned,29310.54,
5011519,302261,525,14-05-2024,26-05-2024,Shipped,34978.96,
5011520,301307,514,01-05-2021,09-05-2021,delivered,154240.98,
5011521,301985,534,24-09-2025,28-09-2025,Shipped,143852.91,
5011522,300218,528,23-12-2024,29-Dec-24,Returned,,
5011523,300277,532,14-02-2026,16-02-2026,Pending,34081.56,
5011524,300094,521,26-03-2026,07-04-2026,Returned,56678.7,
5011525,300719,502,21-05-2025,31-05-2025,pending ,,
5011526,301667,514,03-09-2025,11-09-2025,Delivered,18406.99,
5011527,301263,516,20-05-2024,01-06-2024,pending ,,
5011528,302376,522,07-20-2025,30-07-2025,Shipped,93117.25,
5011529,300098,503,28-03-2024,09-04-2024,Pending,13814.91,
5011530,301534,504,21-09-2023,30-09-2023,Pending,137402.63,
5011531,302528,534,16-06-2024,18-06-2024,Delivered,110481.8,
5011532,301171,508,23-07-2026,28-Jul-26,Returned,60960.36,
5011533,302207,540,19-03-2025,21-03-2025,SHIPPED,187583.48,
5011534,300389,540,01-12-2024,03-12-2024,Delivered,7897.02,
5011535,301669,533,16-01-2026,17-Jan-26,SHIPPED,124887.93,
5011536,300557,539,04-11-2025,06-11-2025,pending ,7440.55,
5011537,300727,531,08-11-2023,17-11-2023,Pending,33452.54,
5011538,300424,511,10-07-2026,12-07-2026,delivered,8327.94,
5011539,300719,502,24-03-2026,05-04-2026,Delivered,5901.82,
5011540,302393,521,16-02-2023,27-02-2023,Shipped,44632.75,
5011541,301090,513,06-03-2022,15-03-2022,Pending,194779.8,
5011542,301869,508,16-05-2025,27-05-2025,Delivered,,
5011543,300881,517,19-05-2025,25-05-2025,pending ,16963.96,
5011544,301514,525,07-03-2026,12-03-2026,Shipped,7532.67,
5011545,302109,509,30-04-2025,08-05-2025,Delivered,,
5011546,301091,539,01-11-2025,03-11-2025,Cancelled,,
5011547,302770,508,02-22-2023,22-02-2023,Returned,12208.45,
5011548,302170,518,28-Dec-25,29-12-2025,SHIPPED,,
5011549,301454,520,26-04-2025,29-04-2025,Returned,,
5011550,302870,519,23-01-2023,29-01-2023,Cancelled,874.98,
5011551,301126,536,10-08-2025,12-08-2025,Pending,16946.35,
5011552,301719,507,06-10-2024,14-10-2024,SHIPPED,81521.58,
5011553,302511,538,13-01-2025,,pending ,878.76,
5011554,301040,538,01-12-2025,05-12-2025,Cancelled,78083.22,
5011555,302708,535,25-11-2023,05-12-2023,pending ,13855.27,
5011556,300784,529,08-04-2025,17-04-2025,delivered,3350.48,
5011557,300010,514,09-11-2025,15-11-2025,Pending,73543.09,
5011558,300218,514,19-11-2024,25-11-2024,pending ,76114.91,
5011559,301994,526,25-06-2026,25-06-2026,SHIPPED,73307.02,
5011560,301063,529,13-02-2026,16-02-2026,Shipped,88015,
5011561,302942,533,10-22-2023,26-Oct-23,Delivered,8648.53,
5011562,300645,528,11-12-2025,23-12-2025,pending ,,
5011563,300164,531,19-11-2021,20-11-2021,Returned,11724.98,
5011564,302620,517,19-10-2021,22-Oct-21,delivered,44799.78,
5011565,301207,534,24-02-2024,26-02-2024,Pending,,
5011566,302840,515,16-09-2025,16-09-2025,Shipped,35623.16,
5011567,301334,533,04-05-2026,10-05-2026,pending ,44352.25,
5011568,300333,532,20-09-2025,01-10-2025,pending ,647.47,
5011569,300133,530,04-02-2025,16-02-2025,Cancelled,,
5011570,300213,528,17-12-2023,28-12-2023,pending ,77048.87,
5011571,301702,523,01-08-2025,05-08-2025,Delivered,,
5011572,302964,511,10-05-2026,18-05-2026,Cancelled,31115.04,
5011573,300857,537,13-03-2024,23-03-2024,Cancelled,4554.06,
5011574,300248,515,19-04-2024,21-04-2024,Returned,92948.91,
5011575,300125,502,28-03-2026,31-03-2026,Shipped,155707.09,
5011576,300971,504,20-05-2025,27-05-2025,Shipped,0,
5011577,302352,502,10-04-2026,10-04-2026,Cancelled,,
5011578,300380,515,04-09-2025,12-09-2025,Shipped,-19430.77,
5011579,302542,517,25-06-2025,06-07-2025,pending ,110392.45,
5011580,302570,520,18-11-2023,20-Nov-23,Returned,44168.56,
5011581,302956,533,25-05-2025,27-05-2025,pending ,15085.65,
5011582,300686,521,08-01-2023,,Shipped,48698.08,
5011583,302604,509,23-11-2023,29-11-2023,SHIPPED,60631.59,
5011584,301147,516,23-01-2026,28-01-2026,Pending,,
5011585,300749,507,12-05-2025,24-05-2025,Pending,114590.21,
5011586,301887,533,04-09-2023,04-09-2023,Delivered,92166.44,
5011587,302485,531,11-08-2025,21-08-2025,Returned,65617.64,
5011588,301145,522,18-06-2025,22-06-2025,pending ,,
5011589,301283,508,10-Jan-24,19-01-2024,Shipped,15081.54,
5011590,301302,538,12-06-2026,20-06-2026,SHIPPED,69276.6,
5011591,301632,528,12-06-2025,22-06-2025,delivered,161062.56,
5011592,300962,520,22-Apr-26,,Cancelled,60463.05,
5011593,301973,514,05-05-2025,05-05-2025,Shipped,26484.08,
5011594,302032,536,20-05-2026,27-05-2026,Shipped,173290.26,
5011595,301124,516,25-02-2026,08-03-2026,Delivered,173159.78,
5011596,302207,519,11-03-2022,14-03-2022,SHIPPED,100201.57,
5011597,302516,533,01-06-2024,07-06-2024,Delivered,75486.67,
5011598,300384,513,03-08-2024,08-08-2024,Delivered,113730.09,
5011599,302813,526,27-11-2021,06-12-2021,Cancelled,18246.25,
5011600,302355,512,27-01-2025,02-02-2025,Pending,9970.23,
5011601,300829,516,31-12-2025,31-12-2025,Cancelled,60916.47,
5011602,300314,509,18-Oct-25,25-10-2025,SHIPPED,33504.59,
5011603,302216,516,12-06-2026,14-06-2026,Shipped,42286.21,
5011604,301758,506,16-01-2026,27-01-2026,delivered,68939.95,
5011605,302661,502,14-01-2026,20-01-2026,Delivered,29860.82,
5011606,301488,517,28-07-2025,09-08-2025,Pending,38088.34,
5011607,302066,525,19-Mar-26,19-03-2026,SHIPPED,,
5011608,302840,524,20-03-2025,21-Mar-25,Returned,103110.23,
5011609,301649,536,04-10-2025,10-12-2025,Pending,78110.03,
5011610,301100,523,10-12-2023,14-12-2023,pending ,13251.43,
5011611,302256,507,05-05-2024,10-05-2024,pending ,20803.4,
5011612,301881,507,04-30-2025,03-05-2025,delivered,267239.26,
5011613,300825,511,01-02-2023,10-02-2023,Shipped,,
5011614,301013,522,24-01-2024,29-01-2024,Delivered,,
5011615,301829,527,29-05-2026,30-05-2026,Cancelled,57831.28,
5011616,301623,524,06-25-2026,30-06-2026,Pending,78051.55,
5011617,300010,504,12-03-2024,22-03-2024,Shipped,,
5011618,300239,518,10-10-2025,10-21-2025,Delivered,52116.72,
5011619,301343,504,16-12-2025,27-12-2025,Returned,61915.1,
5011620,300548,505,24-06-2024,,pending ,81716.93,
5011621,300505,505,21-04-2025,26-04-2025,pending ,-4227.19,
5011622,301362,511,21-Jan-25,24-01-2025,delivered,88944.22,
5011623,301069,519,15-03-2025,21-03-2025,Cancelled,,
5011624,302057,503,03-29-2026,09-04-2026,Delivered,113682.08,
5011625,301688,529,28-12-2025,06-01-2026,Shipped,183177.48,
5011626,302281,521,30-04-2026,08-05-2026,delivered,15684.37,
5011627,300114,519,13-03-2025,13-03-2025,SHIPPED,72817.19,
5011628,301526,513,28-03-2022,08-04-2022,Returned,47495.7,
5011629,301842,515,15-12-2024,24-12-2024,Returned,144107.33,
5011630,300086,522,26-10-2024,01-11-2024,Shipped,37041.14,
5011631,300769,534,04-Dec-24,07-12-2024,Returned,155246.06,
5011632,300571,535,16-12-2022,20-12-2022,pending ,58372.83,
5011633,301445,540,05-01-2022,14-01-2022,delivered,26307.29,
5011634,302884,504,10-10-2025,22-10-2025,pending ,,
5011635,300895,513,09-04-2026,11-04-2026,Returned,9845.7,
5011636,301743,528,09-01-2025,,Shipped,23215.06,
5011637,301067,539,02-05-2022,13-05-2022,Returned,63187.8,
5011638,300158,525,01-07-2024,11-07-2024,Cancelled,40378.89,
5011639,301214,535,13-01-2023,23-01-2023,Delivered,127782.98,
5011640,302972,522,04-02-2025,06-02-2025,pending ,197495.88,
5011641,302038,527,22-02-2025,27-02-2025,Cancelled,,
5011642,301539,526,16-10-2023,28-10-2023,Returned,42296.05,
5011643,300765,528,24-02-2026,07-03-2026,Returned,80376.76,
5011644,301014,522,23-Jun-26,27-Jun-26,Delivered,,
5011645,300709,513,11-09-2024,20-11-2024,Delivered,17874.04,
5011646,301012,532,09-10-2020,11-10-2020,Delivered,93726.11,
5011647,302480,534,05-05-2025,05-05-2025,Cancelled,,
5011648,302133,515,06-07-2026,12-07-2026,Delivered,38232.35,
5011649,302761,536,04-01-2024,12-01-2024,SHIPPED,19006.25,
5011650,300082,516,22-02-2026,02-03-2026,Delivered,-6330.67,
5011651,300927,538,04-11-2025,09-Nov-25,Cancelled,127551.52,
5011652,301785,531,15-03-2025,16-Mar-25,Cancelled,,
5011653,300704,511,17-08-2022,17-08-2022,delivered,176553.88,
5011654,302295,502,26-05-2025,03-06-2025,delivered,180847.9,
5011655,302101,522,06-10-2024,15-10-2024,Shipped,42806.42,
5011656,302285,530,03-03-2024,07-03-2024,SHIPPED,81592.23,
5011657,302288,514,10-05-2026,17-05-2026,SHIPPED,126892.23,
5011658,301528,532,24-07-2021,02-08-2021,Pending,85198.83,
5011659,300895,511,04-05-2025,12-04-2025,delivered,219534.42,
5011660,301228,523,31-01-2026,01-Feb-26,pending ,12339.54,
5011661,301764,534,23-07-2026,23-07-2026,delivered,42779.49,
5011662,302952,536,10-03-2024,11-03-2024,pending ,71386.44,
5011663,300870,510,26-04-2025,01-05-2025,Cancelled,178297.55,
5011664,300169,511,30-12-2023,10-01-2024,Shipped,95693.04,
5011665,301492,516,28-06-2026,28-06-2026,pending ,3477.63,
5011666,301835,523,21-Feb-26,,Returned,2118.11,
5011667,301761,511,21-06-2026,30-06-2026,Pending,21575,
5011668,300343,521,23-04-2025,23-04-2025,Delivered,231129.3,
5011669,300506,535,14-06-2025,06-18-2025,delivered,63649.25,
5011670,300895,516,20-05-2026,26-05-2026,pending ,65859.62,
5011671,300903,516,22-08-2025,,delivered,15783.16,
5011672,301197,517,03-10-2024,10-10-2024,delivered,45466.88,
5011673,301157,513,21-04-2026,27-04-2026,Returned,,
5011674,301439,538,07-06-2026,06-16-2026,Returned,37315.72,
5011675,302557,501,26-01-2026,,Pending,193302.69,
5011676,300518,536,21-12-2024,27-12-2024,Cancelled,6370.33,
5011677,300608,532,31-05-2026,,Returned,229735.43,
5011678,302739,509,07-03-2026,13-03-2026,Pending,24606.27,
5011679,301177,535,17-06-2026,27-06-2026,Shipped,8543.75,
5011680,301624,509,21-05-2024,21-05-2024,Returned,80667.18,
5011681,301317,516,21-05-2025,,Pending,85424.53,
5011682,301639,534,31-08-2025,05-09-2025,Returned,11609.99,
5011683,301061,539,11-06-2021,18-06-2021,Returned,,
5011684,302504,516,21-09-2023,21-09-2023,SHIPPED,23431.42,
5011685,302252,526,24-02-2023,02-03-2023,Pending,35424.34,
5011686,300755,532,22-03-2026,29-03-2026,Cancelled,89239.33,
5011687,301583,505,01-10-2023,03-10-2023,Pending,,
5011688,302405,507,25-06-2025,06-07-2025,SHIPPED,174823.37,
5011689,301146,502,27-04-2022,30-04-2022,delivered,,
5011690,300037,536,09-03-2024,13-03-2024,Shipped,118327.63,
5011691,300745,506,01-02-2024,02-01-2024,delivered,39669.44,
5011692,301908,510,03-12-2024,19-03-2024,SHIPPED,,
5011693,302880,538,07-02-2025,17-02-2025,Shipped,66364.46,
5011694,302819,508,04-07-2023,11-07-2023,Cancelled,102073.47,
5011695,301236,507,24-06-2023,27-06-2023,Shipped,16863.99,
5011696,301511,530,11-09-2023,12-09-2023,Returned,16706.91,
5011697,301658,535,23-06-2026,25-06-2026,Pending,30216.72,
5011698,300098,538,20-Apr-24,01-05-2024,Returned,,
5011699,300726,533,01-02-2025,07-02-2025,delivered,10682.86,
5011700,301535,519,07-05-2026,08-05-2026,Cancelled,,
5011701,302558,506,14-06-2026,19-06-2026,SHIPPED,20312.48,
5011702,300880,525,02-09-2023,09-09-2023,SHIPPED,86743.45,
5011703,300374,533,11-06-2026,17-06-2026,SHIPPED,,
5011704,301580,515,06-02-2026,15-02-2026,pending ,145994.35,
5011705,300588,510,06-03-2023,16-03-2023,Returned,32451.89,
5011706,302897,534,13-02-2026,17-02-2026,delivered,29771.8,
5011707,300997,528,08-12-2024,18-12-2024,delivered,,
5011708,301409,532,13-04-2024,22-04-2024,Returned,26414.87,
5011709,302753,517,31-10-2024,01-11-2024,pending ,153215.34,
5011710,300808,538,07-12-2025,08-12-2025,delivered,,
5011711,301907,517,24-01-2026,25-01-2026,Delivered,53472.04,
5011712,301715,527,04-07-2025,16-07-2025,Cancelled,,
5011713,300182,532,11-07-2025,16-11-2025,pending ,,
5011714,301661,511,08-Aug-24,13-08-2024,Cancelled,69092.01,
5011715,300071,514,19-01-2026,24-01-2026,Pending,92059.7,
5011716,302579,502,01-01-2024,10-01-2024,pending ,52293.14,
5011717,302367,524,06-05-2022,18-05-2022,Pending,80657.61,
5011718,301317,526,13-10-2025,16-10-2025,Pending,47800.49,
5011719,301420,510,23-02-2026,26-02-2026,Pending,184174.37,
5011720,302204,516,17-02-2025,24-02-2025,pending ,21106.34,
5011721,301894,508,23-01-2025,03-02-2025,Pending,,
5011722,300811,513,12-01-2025,18-01-2025,pending ,42242.58,
5011723,301915,540,04-05-2025,16-05-2025,pending ,162009.27,
5011724,301101,521,07-03-2026,08-03-2026,delivered,119936.72,
5011725,302955,508,13-09-2025,24-09-2025,pending ,15994.41,
5011726,300543,502,08-04-2026,18-04-2026,Delivered,,
5011727,302672,526,28-05-2022,09-Jun-22,Shipped,15166.25,
5011728,302985,521,19-08-2024,25-08-2024,Cancelled,111.08,
5011729,300107,514,09-12-2024,21-12-2024,Returned,90553.74,
5011730,302574,503,16-02-2026,24-02-2026,Pending,98039.74,
5011731,302784,509,17-08-2025,29-08-2025,Shipped,,
5011732,301344,536,06-09-2022,09-09-2022,Returned,164808.86,
5011733,301271,516,12-08-2023,20-08-2023,Shipped,101215.75,
5011734,301108,517,09-07-2026,,Delivered,17004.8,
5011735,300827,517,30-06-2026,06-07-2026,Shipped,,
5011736,302739,520,22-08-2025,01-09-2025,Delivered,50417.66,
5011737,300413,507,27-11-2025,30-11-2025,Shipped,19569.37,
5011738,301444,525,20-08-2024,24-08-2024,Shipped,52270.58,
5011739,300582,502,06-01-2026,07-01-2026,Delivered,10863.32,
5011740,302387,516,14-04-2026,24-04-2026,Pending,86014.16,
5011741,300966,513,14-02-2026,15-02-2026,Pending,41713.36,
5011742,302681,509,31-Aug-22,12-09-2022,Shipped,35415.35,
5011743,300175,506,25-12-2023,05-01-2024,delivered,56136.81,
5011744,301489,527,30-09-2025,02-10-2025,pending ,459.19,
5011745,302782,532,01-06-2022,12-Jun-22,Cancelled,4099.28,
5011746,300162,506,26-06-2023,08-07-2023,Pending,28096.69,
5011747,302887,523,26-04-2025,01-05-2025,Pending,3280,
5011748,300452,538,06-10-2025,09-10-2025,Delivered,35694.42,
5011749,302273,514,07-12-2025,13-12-2025,Returned,30619.67,
5011750,300266,514,26-09-2022,29-09-2022,Cancelled,181753.19,
5011751,302114,514,26-03-2025,03-28-2025,Cancelled,71056.97,
5011752,300615,503,27-07-2025,,delivered,81778.41,
5011753,300352,539,29-11-2023,01-12-2023,Shipped,76024.45,
5011754,300477,508,18-05-2026,29-05-2026,pending ,195634.06,
5011755,302080,518,20-02-2023,23-02-2023,SHIPPED,-3789.85,
5011756,300563,532,13-12-2025,16-12-2025,pending ,101693.06,
5011757,301134,512,17-04-2022,21-04-2022,delivered,39822.32,
5011758,302895,527,24-09-2022,27-09-2022,pending ,26680.51,
5011759,302839,535,21-12-2024,29-12-2024,delivered,114371.18,
5011760,301034,533,11-06-2025,19-06-2025,Delivered,,
5011761,300055,523,10-02-2023,16-02-2023,Cancelled,,
5011762,300320,515,16-09-2024,27-Sep-24,Shipped,102537.75,
5011763,301413,516,05-04-2024,16-04-2024,SHIPPED,27447.41,
5011764,302225,505,17-03-2026,22-03-2026,Shipped,56305.59,
5011765,300539,518,15-06-2024,20-06-2024,SHIPPED,21524.5,
5011766,300320,512,08-07-2024,12-08-2024,Returned,15079.05,
5011767,302683,519,16-Oct-22,10-18-2022,delivered,47152.39,
5011768,300037,532,05-02-2026,06-02-2026,Returned,33605.89,
5011769,301022,515,25-06-2026,07-07-2026,SHIPPED,20996.9,
5011770,300536,528,18-05-2022,29-05-2022,SHIPPED,,
5011771,300192,517,25-04-2024,07-05-2024,Cancelled,22627.64,
5011772,301255,525,06-06-2023,08-Jun-23,Shipped,185799.58,
5011773,301931,511,11-07-2024,14-07-2024,Cancelled,7655.9,
5011774,302487,513,10-04-2025,,Shipped,310870.61,
5011775,300520,538,10-09-2023,21-09-2023,Cancelled,23578.33,
5011776,301807,508,15-09-2024,25-09-2024,Shipped,,
5011777,302178,506,15-Jan-23,19-01-2023,Returned,,
5011778,301232,535,04-Jan-26,15-01-2026,Pending,64047.3,
5011779,301759,536,05-05-2026,11-05-2026,delivered,79667.99,
5011780,302671,503,08-12-2023,09-12-2023,Delivered,101169.77,
5011781,301204,525,10-05-2023,13-05-2023,Pending,139580.25,
5011782,301523,504,29-01-2026,08-02-2026,Pending,,
5011783,300790,521,01-09-2024,09-02-2024,pending ,56120.24,
5011784,301470,525,17-04-2026,19-04-2026,Cancelled,,
5011785,300260,520,15-03-2025,26-03-2025,Returned,116027.17,
5011786,302285,520,28-02-2023,01-03-2023,Returned,53503.9,
5011787,302056,516,04-09-2023,16-09-2023,Pending,,
5011788,302182,540,09-06-2026,21-06-2026,SHIPPED,134477.42,
5011789,301276,505,11-02-2026,11-02-2026,Cancelled,69494.7,
5011790,302791,503,30-12-2021,07-01-2022,Pending,140107.73,
5011791,300900,508,12-12-2024,12-12-2024,Delivered,,
5011792,300315,533,26-08-2025,27-08-2025,SHIPPED,92171.4,
5011793,302819,519,10-11-2023,21-11-2023,Cancelled,46094.27,
5011794,302133,507,24-02-2025,04-03-2025,delivered,7740.21,
5011795,300434,510,07-06-2024,06-09-2024,delivered,120821.2,
5011796,302244,533,15-08-2025,18-08-2025,Pending,163209.55,
5011797,302152,501,28-01-2026,03-02-2026,delivered,123203.64,
5011798,300627,540,17-04-2023,28-04-2023,Returned,102062.82,
5011799,300500,508,30-04-2024,05-05-2024,pending ,193732.38,
5011800,300101,534,10-12-2022,22-12-2022,pending ,135965.89,
5011801,302174,513,23-01-2025,,Shipped,63656.76,
5011802,301242,514,10-01-2026,15-01-2026,pending ,835.27,
5011803,300596,525,27-07-2025,30-07-2025,Cancelled,10811.4,
5011804,301762,515,26-10-2024,30-10-2024,delivered,173124.76,
5011805,301249,536,07-01-2023,19-01-2023,Returned,,
5011806,302281,514,01-06-2024,06-06-2024,Cancelled,,
5011807,301124,503,30-03-2025,05-04-2025,Delivered,65031.13,
5011808,301333,506,02-12-2024,13-12-2024,Shipped,22384.95,
5011809,300202,504,11-02-2026,18-02-2026,Pending,38540.46,
5011810,301137,517,13-02-2026,13-02-2026,pending ,93757.56,
5011811,302920,511,17-12-2021,20-12-2021,delivered,9066.6,
5011812,300313,512,29-11-2025,03-12-2025,Pending,77259.11,
5011813,302046,518,08-06-2026,11-06-2026,Pending,174757.5,
5011814,301741,505,03-05-2025,03-05-2025,SHIPPED,134971.29,
5011815,302134,527,21-01-2022,24-01-2022,Shipped,43490.29,
5011816,302776,525,14-10-2022,17-Oct-22,Delivered,101002.67,
5011817,300899,519,11-08-2025,21-08-2025,delivered,102309.38,
5011818,302786,526,01-02-2026,02-11-2026,delivered,61542.36,
5011819,301861,519,19-09-2025,27-09-2025,SHIPPED,25373.37,
5011820,300008,523,12-08-2024,14-08-2024,Returned,2242.23,
5011821,302975,533,06-07-2026,11-07-2026,Delivered,9474.2,
5011822,300502,505,23-11-2025,28-11-2025,SHIPPED,127584.9,
5011823,301598,521,06-05-2024,06-05-2024,Delivered,52634.9,
5011824,300423,508,29-03-2025,05-04-2025,pending ,,
5011825,301527,535,05-06-2025,10-06-2025,pending ,78419.86,
5011826,302595,527,15-05-2026,,Pending,,
5011827,302478,502,18-09-2023,30-09-2023,Pending,61117.88,
5011828,300484,512,08-03-2024,12-03-2024,delivered,78459.8,
5011829,301244,526,10-04-2023,16-04-2023,Shipped,44521.43,
5011830,302841,509,28-02-2026,,Cancelled,85126.54,
5011831,300868,539,16-03-2026,03-25-2026,delivered,,
5011832,302091,505,26-11-2025,12-02-2025,Shipped,77739.31,
5011833,300048,519,21-10-2023,21-10-2023,Delivered,13233.26,
5011834,302634,533,05-03-2024,07-03-2024,Delivered,35584.23,
5011835,301109,518,07-30-2026,08-06-2026,delivered,,
5011836,300149,504,01-07-2024,13-07-2024,Delivered,,
5011837,300256,513,15-11-2025,16-11-2025,Pending,33774.08,
5011838,302726,519,23-04-2024,04-05-2024,delivered,67346.88,
5011839,300333,515,30-08-2023,05-09-2023,Cancelled,,
5011840,301706,528,17-09-2025,24-09-2025,SHIPPED,21424.67,
5011841,300102,503,13-06-2026,22-06-2026,Cancelled,42297.76,
5011842,300419,520,16-06-2026,16-06-2026,Returned,4173.73,
5011843,300324,506,06-02-2025,02-08-2025,Shipped,76878.66,
5011844,302957,516,14-10-2025,,Pending,41809.39,
5011845,301138,530,15-01-2025,24-01-2025,Shipped,10687,
5011846,302529,535,12-01-2026,19-01-2026,Pending,21579.67,
5011847,300429,536,10-06-2025,11-06-2025,delivered,94197.87,
5011848,302752,538,12-04-2026,20-04-2026,Cancelled,,
5011849,301962,532,04-02-2026,08-02-2026,Delivered,235958.7,
5011850,300023,509,08-02-2026,,Pending,4696.63,
5011851,301786,522,30-Oct-24,07-11-2024,Pending,,
5011852,300329,516,03-07-2026,14-07-2026,Shipped,173869.43,
5011853,301479,523,01-09-2024,03-Sep-24,Pending,65796.09,
5011854,301314,535,19-06-2023,30-06-2023,Shipped,34167.59,
5011855,302302,512,21-12-2023,23-12-2023,Pending,,
5011856,301713,510,18-04-2026,21-04-2026,Pending,84195.91,
5011857,302474,520,06-03-2024,11-03-2024,Delivered,-4499.34,
5011858,301313,512,07-10-2021,17-10-2021,Shipped,76670.77,
5011859,302487,536,18-12-2024,25-12-2024,delivered,,
5011860,300149,513,23-03-2026,23-03-2026,SHIPPED,,
5011861,302878,530,31-07-2024,09-08-2024,delivered,133774.23,
5011862,300579,535,26-Sep-24,27-09-2024,SHIPPED,71295.37,
5011863,300755,535,11-12-2025,19-12-2025,pending ,97439.93,
5011864,300714,524,29-03-2026,,delivered,113565,
5011865,301924,531,18-Dec-21,29-12-2021,Delivered,30019.43,
5011866,301972,534,03-10-2025,05-10-2025,Shipped,54786.76,
5011867,300598,504,29-05-2026,30-05-2026,Pending,49924.04,
5011868,302189,534,27-01-2025,03-02-2025,Delivered,60884.61,
5011869,300680,540,06-02-2026,14-02-2026,Pending,15929.36,
5011870,302621,517,29-Jan-26,05-02-2026,Shipped,139121.26,
5011871,302202,539,16-06-2025,19-06-2025,Shipped,100114.54,
5011872,301482,517,30-04-2025,30-04-2025,SHIPPED,95126.87,
5011873,301632,511,17-10-2025,22-10-2025,Pending,111529.57,
5011874,302573,511,09-08-2023,08-09-2023,delivered,,
5011875,302166,533,10-07-2025,21-07-2025,Pending,60343.63,
5011876,302807,519,06-05-2024,15-05-2024,Pending,72594.28,
5011877,301723,530,07-12-2024,07-12-2024,Pending,54333.36,
5011878,302038,523,22-03-2024,30-03-2024,Returned,154105,
5011879,301966,534,16-01-2026,01-24-2026,pending ,33596.87,
5011880,300642,515,24-02-2024,26-02-2024,delivered,26065.97,
5011881,302459,518,11-10-2022,14-10-2022,Cancelled,61765.83,
5011882,300899,530,02-12-2025,07-12-2025,Returned,23520.09,
5011883,300774,501,17-05-2024,17-05-2024,Shipped,6509.77,
5011884,300066,514,08-01-2026,13-01-2026,pending ,125737.53,
5011885,300222,538,03-03-2026,03-03-2026,pending ,98031.58,
5011886,301593,528,25-08-2024,06-09-2024,delivered,109974.97,
5011887,302795,525,07-03-2025,18-03-2025,Pending,,
5011888,302766,529,24-07-2025,26-07-2025,Returned,132419.1,
5011889,300722,529,09-03-2025,14-03-2025,Delivered,654.94,
5011890,300070,504,21-05-2024,30-05-2024,Returned,65517.12,
5011891,302609,525,03-Sep-25,10-09-2025,Returned,88701.35,
5011892,302834,531,05-10-2023,,Returned,43700.47,
5011893,302254,536,17-12-2024,,Cancelled,1766.32,
5011894,301753,511,15-02-2026,23-02-2026,Returned,161258.8,
5011895,301325,531,12-Sep-24,15-09-2024,Pending,63642.8,
5011896,302595,534,25-06-2024,25-06-2024,Delivered,222093.51,
5011897,302565,521,16-08-2025,27-08-2025,Cancelled,12066.96,
5011898,300582,517,13-03-2024,15-03-2024,Shipped,190327.67,
5011899,301726,511,08-07-2026,18-07-2026,Cancelled,59322.08,
5011900,302744,506,18-03-2026,23-03-2026,Delivered,117384.12,
5011901,302201,530,24-10-2025,27-10-2025,Delivered,122393.54,
5011902,301401,536,09-09-2025,11-09-2025,Delivered,64896.23,
5011903,301007,529,02-05-2023,06-05-2023,Pending,117808.16,
5011904,302574,529,14-05-2025,17-05-2025,Cancelled,57811.77,
5011905,301786,537,17-08-2024,28-08-2024,Shipped,96130.59,
5011906,302793,501,12-03-2025,16-03-2025,Delivered,98855.96,
5011907,302344,512,09-06-2025,21-06-2025,pending ,169070.34,
5011908,300578,522,22-01-2023,24-01-2023,Pending,69292.47,
5011909,301999,535,12-27-2024,07-01-2025,Shipped,185454.47,
5011910,302736,528,25-12-2025,30-12-2025,Returned,171252.46,
5011911,302006,531,29-11-2025,30-11-2025,Shipped,57270.39,
5011912,300298,528,19-11-2024,29-11-2024,Delivered,,
5011913,300644,533,20-12-2021,23-12-2021,pending ,104568.13,
5011914,302344,532,13-09-2024,20-09-2024,Delivered,52850.78,
5011915,301323,516,05-12-2025,07-12-2025,Shipped,67489.36,
5011916,302221,512,24-03-2026,31-Mar-26,Returned,,
5011917,300638,518,07-29-2025,09-08-2025,Pending,60592.51,
5011918,300902,521,10-06-2025,10-06-2025,Cancelled,,
5011919,302098,524,18-06-2026,21-06-2026,Shipped,73917.87,
5011920,301759,522,07-03-2026,13-07-2026,Returned,,
5011921,300919,518,03-07-2026,07-07-2026,Shipped,,
5011922,302995,527,05-11-2025,13-Nov-25,pending ,57905.86,
5011923,300966,512,14-Nov-24,11-16-2024,Returned,77337.81,
5011924,300505,528,14-10-2024,10-18-2024,Pending,77960.89,
5011925,301637,509,12-03-2025,20-03-2025,Returned,52706.12,
5011926,300918,509,22-01-2025,01-24-2025,Cancelled,121968.98,
5011927,301195,522,13-12-2025,12-19-2025,Pending,222830.18,
5011928,301832,516,05-01-2024,01-11-2024,SHIPPED,18777.95,
5011929,300047,519,08-05-2021,,SHIPPED,101637.84,
5011930,301280,501,02-04-2026,03-04-2026,Delivered,6254.25,
5011931,300965,518,06-02-2025,07-02-2025,Delivered,7476.05,
5011932,302722,528,21-10-2025,23-10-2025,SHIPPED,56677.78,
5011933,300489,529,09-01-2024,10-01-2024,Cancelled,40330.9,
5011934,300037,514,27-07-2025,29-07-2025,Pending,102878.76,
5011935,302962,530,09-05-2024,12-05-2024,SHIPPED,71957.56,
5011936,302401,533,26-02-2026,06-03-2026,Delivered,116426.31,
5011937,300090,538,30-01-2026,07-02-2026,delivered,78895.09,
5011938,302521,527,23-02-2026,01-03-2026,Shipped,,
5011939,301806,510,02-07-2026,07-07-2026,SHIPPED,3859.87,
5011940,301246,521,30-11-2022,07-12-2022,Delivered,138187.99,
5011941,302655,505,15-12-2022,27-12-2022,Cancelled,135887.64,
5011942,301043,505,18-02-2026,02-22-2026,Delivered,126827.35,
5011943,302956,507,25-02-2021,02-26-2021,Shipped,,
5011944,300217,501,31-12-2025,07-01-2026,Returned,69298.72,
5011945,301240,535,11-06-2023,16-06-2023,Shipped,,
5011946,302723,538,03-06-2026,13-06-2026,Delivered,29717.28,
5011947,300199,510,27-12-2025,05-01-2026,delivered,,
5011948,302473,534,22-01-2026,02-02-2026,Cancelled,114535.1,
5011949,300163,534,18-01-2023,20-01-2023,SHIPPED,,
5011950,301063,527,07-06-2025,15-06-2025,Cancelled,77072.15,
5011951,302475,502,26-01-2023,06-02-2023,Returned,99482.99,
5011952,302849,504,03-26-2026,30-03-2026,Shipped,,
5011953,301535,511,25-11-2024,05-12-2024,SHIPPED,48092.48,
5011954,302979,501,06-Mar-22,16-03-2022,pending ,0,
5011955,301358,517,05-08-2022,08-12-2022,Cancelled,81384.51,
5011956,302896,532,26-05-2025,01-06-2025,Shipped,108145.75,
5011957,301125,522,23-02-2026,03-03-2026,Cancelled,,
5011958,302490,536,19-10-2022,25-10-2022,Returned,-4392.96,
5011959,300155,533,01-01-2023,07-01-2023,Cancelled,157693.9,
5011960,300086,513,26-05-2022,03-06-2022,delivered,,
5011961,302384,524,23-04-2026,29-04-2026,Returned,15427.21,
5011962,302279,529,24-01-2026,05-02-2026,pending ,,
5011963,301032,520,15-07-2023,26-07-2023,Shipped,216431.54,
5011964,302727,501,13-12-2024,20-12-2024,Returned,91584.08,
5011965,300898,508,27-12-2023,05-01-2024,Returned,172090.44,
5011966,300462,528,10-17-2024,27-10-2024,Delivered,3803.46,
5011967,300887,530,09-09-2023,12-09-2023,Shipped,38246.88,
5011968,300733,518,18-07-2026,,SHIPPED,-2287.94,
5011969,301212,513,12-05-2026,22-05-2026,delivered,62365.02,
5011970,302716,513,26-07-2024,03-08-2024,Shipped,65694.48,
5011971,302931,523,29-03-2024,06-04-2024,Cancelled,101853.01,
5011972,301492,509,19-12-2025,31-12-2025,SHIPPED,46289.29,
5011973,300567,513,09-12-2023,,Pending,73833.14,
5011974,300581,532,03-07-2021,15-07-2021,Cancelled,46064.85,
5011975,301924,529,29-03-2023,08-04-2023,Pending,60847.39,
5011976,302900,520,17-03-2023,28-03-2023,delivered,1310.96,
5011977,302517,507,20-05-2025,30-05-2025,Shipped,39672.27,
5011978,300790,503,18-11-2024,18-11-2024,Returned,30630.17,
5011979,302056,511,13-06-2022,23-06-2022,Cancelled,36159.14,
5011980,301504,508,20-03-2023,,Pending,68901.73,
5011981,300585,523,09-06-2026,11-06-2026,Returned,19206.38,
5011982,300134,527,05-09-2024,06-09-2024,Cancelled,6661.79,
5011983,301642,505,12-03-2026,13-03-2026,Pending,,
5011984,300432,504,02-Jan-26,11-01-2026,delivered,22630.74,
5011985,302927,520,24-04-2025,02-05-2025,pending ,52813.38,
5011986,302079,526,07-07-2025,08-07-2025,Pending,28789.31,
5011987,301469,519,27-11-2023,04-12-2023,Returned,108751.14,
5011988,300960,539,31-08-2023,02-Sep-23,pending ,79968.04,
5011989,302704,509,10-02-2023,02-22-2023,Delivered,44547.57,
5011990,302495,540,25-11-2025,26-11-2025,Delivered,51684.63,
5011991,302302,528,17-10-2023,19-10-2023,SHIPPED,146839.24,
5011992,302979,501,07-09-2021,13-09-2021,Delivered,6348.99,
5011993,301633,534,09-09-2024,14-09-2024,Returned,71348.04,
5011994,301784,519,22-03-2024,25-03-2024,delivered,176589.98,
5011995,302577,507,07-03-2025,08-03-2025,SHIPPED,9174.48,
5011996,302770,533,22-11-2020,04-12-2020,Pending,60855.54,
5011997,300053,520,04-06-2026,11-06-2026,Shipped,60250.81,
5011998,300723,540,31-07-2021,02-Aug-21,Cancelled,98106.16,
5011999,302337,528,05-04-2026,05-04-2026,SHIPPED,127121.68,
5012000,300954,537,09-02-2026,09-02-2026,pending ,39578.29,
5012001,302238,508,03-12-2023,10-12-2023,Returned,51717.23,
5012002,302857,529,14-04-2024,19-04-2024,SHIPPED,29726.06,
5012003,301244,526,10-04-2023,16-04-2023,Shipped,44521.43,
5012004,300857,504,05-25-2026,30-05-2026,pending ,10741.08,
5012005,300638,505,13-08-2025,17-08-2025,Returned,,
5012006,301912,534,29-03-2023,03-04-2023,SHIPPED,7848.66,
5012007,302203,527,07-09-2023,07-09-2023,Cancelled,3210.25,
5012008,301973,530,10-08-2024,18-Aug-24,Pending,27828.76,
5012009,301036,530,21-05-2026,22-05-2026,delivered,,
5012010,302878,504,04-04-2026,06-04-2026,delivered,,
5012011,301647,527,28-02-2026,,pending ,6819.43,
5012012,302556,507,12-02-2026,20-02-2026,delivered,29960.07,
5012013,302796,520,10-09-2024,15-09-2024,Cancelled,123.36,
5012014,302760,512,21-08-2025,26-08-2025,SHIPPED,59455.3,
5012015,302340,529,31-10-2023,09-11-2023,Shipped,137097.29,
5012016,300089,513,09-10-2025,10-15-2025,Returned,63266.36,
5012017,301020,501,19-Mar-25,24-03-2025,delivered,63283.43,
5012018,301130,530,31-Jul-25,09-08-2025,Pending,147048.37,
5012019,302296,517,05-11-2024,09-11-2024,pending ,156294.16,
5012020,300154,535,15-12-2023,27-12-2023,Returned,37303,
5012021,301731,515,19-01-2026,28-01-2026,Pending,2027.99,
5012022,300940,502,14-08-2021,20-08-2021,pending ,15917.04,
5012023,301968,507,18-09-2025,29-09-2025,pending ,,
5012024,300742,536,20-09-2025,30-09-2025,Delivered,95275.65,
5012025,300520,506,17-06-2026,20-06-2026,Returned,34222.02,
5012026,300726,533,01-02-2025,07-02-2025,delivered,10682.86,
5012027,300303,506,12-04-2024,18-04-2024,Returned,124285.57,
5012028,301139,516,03-05-2026,10-05-2026,Shipped,69750.95,
5012029,300763,503,02-16-2022,17-02-2022,pending ,47445.41,
5012030,301402,521,05-02-2026,12-02-2026,pending ,,
5012031,301405,503,08-05-2022,12-05-2022,Returned,23656.5,
5012032,300229,522,01-10-2025,07-10-2025,delivered,69934.39,
5012033,300033,504,12-03-2026,15-03-2026,Returned,68452.08,
5012034,300021,522,08-07-2025,09-Jul-25,Pending,23225.8,
5012035,300284,510,11-02-2024,19-02-2024,pending ,,
5012036,300919,511,21-05-2026,30-05-2026,Cancelled,,
5012037,301401,504,14-02-2025,,Shipped,56340.5,
5012038,302618,528,05-03-2026,08-03-2026,Delivered,21597.16,
5012039,300423,508,29-03-2025,05-04-2025,pending ,,
5012040,302206,539,24-03-2026,31-03-2026,Returned,,
