inventory_id,warehouse_id,product_id,stock_quantity,reorder_level,last_restock_date
700001,501,20637,5315,70,16-10-2025
700002,501,20423,34094,196,22-04-2026
700003,501,20629,14914,148,12-01-2026
700004,501,21036,10340,177,14-03-2026
700005,501,20770,1921,121,12-07-2025
700006,501,21266,1921,453,12-04-2026
700007,501,20896,678,470,26-Jun-26
700008,501,20154,22780,80,28-04-2026
700009,501,21079,10410,217,20-08-2026
700010,501,20904,13946,246,05-11-2025
700011,501,21264,236,418,09-11-2025
700012,501,20336,39683,186,10-11-2025
700013,501,20620,20234,430,22-03-2026
700014,501,21415,2703,,05-04-2026
700015,501,21070,2273,343,29-06-2026
700016,501,20276,2295,260,06-03-2026
700017,501,20869,4109,237,11-05-2026
700018,501,20357,8426,,13-08-2026
700019,501,20546,6406,168,27-05-2026
700020,501,20864,3899,19,18-04-2026
700021,501,21120,,499,17-07-2026
700022,501,20605,1702,441,01-11-2025
700023,501,20022,3913,146,08-03-2026
700024,501,20174,5168,144,31-12-2025
700025,501,20749,6897,285,04-08-2026
700026,501,21371,17419,201,28-02-2026
700027,501,21316,2523,277,16-09-2025
700028,501,21092,8178,359,28-02-2026
700029,501,20275,10166,476,01-05-2026
700030,501,20991,539,,02-10-2025
700031,501,20077,10594,72,09-05-2026
700032,501,21318,2118,359,23-07-2026
700033,501,20792,762,197,27-06-2026
700034,501,20662,33681,248,22-06-2026
700035,501,20928,38177,200,10-01-2026
700036,501,21281,18715,337,15-06-2026
700037,501,20301,4115,92,28-06-2026
700038,501,20116,1164,109,30-07-2026
700039,501,21005,13057,422,09-01-2026
700040,501,20540,6570,144,11-12-2025
700041,501,21436,1474,155,14-May-26
700042,501,20584,7742,83,27-02-2026
700043,501,20554,396,31,23-02-2026
700044,501,20555,27188,,13-12-2025
700045,501,20852,,332,29-07-2026
700046,501,21337,12303,342,03-25-2026
700047,501,20453,4231,452,05-12-2025
700048,501,20976,8315,,02-04-2026
700049,501,20236,8962,100,12-09-2025
700050,501,20040,2315,243,03-02-2026
700051,501,21103,39561,,22-06-2026
700052,501,20210,16902,354,17-09-2025
700053,501,20315,31772,383,03-09-2025
700054,501,20395,25509,402,26-03-2026
700055,501,21449,10319,,16-07-2026
700056,501,21272,28876,180,04-08-2026
700057,501,20122,1049,256,20-01-2026
700058,501,20220,2471,269,18-03-2026
700059,501,20773,524,201,16-10-2025
700060,501,20444,4457,355,29-05-2026
700061,501,21000,5574,299,14-02-2026
700062,501,21211,3586,413,22-06-2026
700063,501,20099,19986,228,20-06-2026
700064,501,20488,4998,263,28-02-2026
700065,501,21059,3736,93,05-04-2026
700066,501,20365,8862,80,14-06-2026
700067,501,21306,1720,320,25-06-2026
700068,501,20204,18354,296,24-03-2026
700069,501,20003,878,,27-07-2026
700070,501,20934,49091,343,13-07-2026
700071,501,21134,16757,125,27-04-2026
700072,501,20093,2509,354,17-01-2026
700073,501,20835,63,17,01-04-2026
700074,501,21180,19141,271,21-10-2025
700075,501,20026,13899,60,09-08-2025
700076,502,21159,2758,,06-07-2026
700077,502,20450,3117,200,08-09-2025
700078,502,20557,163,360,27-Oct-25
700079,502,21086,938,140,09-01-2026
700080,502,20894,,191,23-06-2026
700081,502,21061,4201,337,07-01-2026
700082,502,20391,2063,439,11-11-2025
700083,502,20580,849,32,06-02-2026
700084,502,20339,139,208,03-10-2025
700085,502,21482,787,83,05-02-2026
700086,502,20459,831,164,03-28-2026
700087,502,20763,2763,348,28-08-2026
700088,502,20501,2144,159,09-07-2026
700089,502,20410,4610,403,25-Jun-26
700090,502,21152,1350,187,21-10-2025
700091,502,20801,269,,19-04-2026
700092,502,20442,2639,442,12-01-2025
700093,502,20594,3022,229,11-09-2025
700094,502,21279,,22,25-03-2026
700095,502,20240,3114,393,23-01-2026
700096,502,21457,1438,173,19-10-2025
700097,502,21384,1563,378,02-05-2026
700098,502,20745,1178,54,23-07-2026
700099,502,20797,54,215,10-08-2025
700100,502,20259,241,264,21-02-2026
700101,502,20004,67,447,12-11-2025
700102,502,21458,2137,202,08-05-2026
700103,502,21338,797,73,10-06-2026
700104,502,20158,1501,292,18-11-2025
700105,502,21113,5031,45,14-01-2026
700106,502,21360,606,353,25-04-2026
700107,502,20543,1116,49,23-11-2025
700108,502,21302,2976,,07-05-2026
700109,502,21442,549,399,05-11-2026
700110,502,21459,169,80,01-04-2026
700111,502,20070,723,193,29-11-2025
700112,502,20648,371,278,20-04-2026
700113,502,20118,5609,475,05-03-2026
700114,502,20509,3488,11,13-03-2026
700115,502,20778,2120,369,12-08-2026
700116,502,20940,4334,289,09-08-2026
700117,502,21372,3439,415,02-15-2026
700118,502,20246,436,120,28-03-2026
700119,502,21127,4713,384,26-10-2025
700120,502,21499,1638,79,04-08-2026
700121,502,20529,3480,196,03-02-2026
700122,502,21056,4784,143,14-06-2026
700123,502,20448,809,440,01-03-2026
700124,502,20168,246,345,30-07-2026
700125,502,20210,547,276,03-27-2026
700126,502,20807,1177,91,23-05-2026
700127,502,20370,3600,250,01-01-2026
700128,502,20831,4165,77,19-06-2026
700129,502,20012,15,147,09-04-2026
700130,502,21142,1510,434,05-31-2026
700131,502,21115,1141,353,07-01-2026
700132,502,20453,531,227,04-16-2026
700133,502,21081,270,16,05-07-2026
700134,502,21431,870,,26-05-2026
700135,502,21493,6049,281,17-07-2026
700136,502,20627,825,401,02-11-2025
700137,502,20667,1545,304,23-05-2026
700138,502,20935,2565,293,23-05-2026
700139,502,20550,955,265,27-02-2026
700140,502,20238,,284,16-07-2026
700141,502,20069,6934,140,07-05-2026
700142,502,20169,613,162,12-07-2026
700143,502,20787,1453,124,20-06-2026
700144,502,21484,756,197,07-02-2026
700145,502,20433,708,172,08-10-2025
700146,502,21213,79,191,22-11-2025
700147,502,20104,1987,,08-07-2026
700148,502,21292,1476,135,07-08-2026
700149,502,20592,112,34,11-12-2025
700150,502,20470,690,80,08-09-2025
700151,503,21085,16254,303,17-11-2025
700152,503,21156,1863,379,19-08-2026
700153,503,21257,1065,,22-01-2026
700154,503,20964,4574,388,01-05-2026
700155,503,20134,28876,96,17-10-2025
700156,503,20887,1886,90,19-01-2026
700157,503,21423,7587,47,02-15-2026
700158,503,20387,9756,103,02-08-2026
700159,503,20940,1846,134,08-Dec-25
700160,503,20229,8864,487,11-09-2025
700161,503,20688,3120,238,01-05-2026
700162,503,20991,6807,415,24-08-2026
700163,503,21335,6830,15,10-12-2025
700164,503,21148,5221,43,08-03-2026
700165,503,20661,644,79,01-01-2026
700166,503,20901,12272,,12-01-2026
700167,503,20499,,381,29-09-2025
700168,503,21445,1405,417,21-03-2026
700169,503,20237,283,312,23-11-2025
700170,503,20003,6081,50,29-09-2025
700171,503,20272,7701,,14-10-2025
700172,503,20815,114,122,05-09-2025
700173,503,20185,4883,286,02-09-2025
700174,503,21316,,353,19-10-2025
700175,503,20273,7050,191,15-07-2026
700176,503,20319,1304,,18-10-2025
700177,503,20545,7989,466,20-05-2026
700178,503,20944,3327,456,29-10-2025
700179,503,20326,18781,175,21-02-2026
700180,503,20182,1007,,25-04-2026
700181,503,20971,2838,458,06-05-2026
700182,503,21132,819,449,01-01-2026
700183,503,20101,17596,458,08-01-2026
700184,503,20707,14277,116,17-06-2026
700185,503,20962,2030,198,07-08-2026
700186,503,20883,7340,346,23-08-2026
700187,503,21168,11563,235,12-08-2026
700188,503,20929,5512,385,08-02-2026
700189,503,20318,5132,206,06-08-2026
700190,503,21166,1884,304,31-01-2026
700191,503,20223,665,53,23-02-2026
700192,503,21169,15480,330,08-12-2025
700193,503,20174,15695,481,14-11-2025
700194,503,20333,6822,101,15-11-2025
700195,503,21041,2817,223,13-05-2026
700196,503,21183,2923,203,18-11-2025
700197,503,21184,8807,416,02-06-2026
700198,503,20345,15473,399,27-06-2026
700199,503,20641,14840,446,30-08-2026
700200,503,20176,10298,273,14-02-2026
700201,503,21142,6990,63,25-05-2026
700202,503,21339,598,308,10-18-2025
700203,503,20875,1199,197,08-02-2026
700204,503,21212,15569,440,18-08-2026
700205,503,20760,6345,135,10-04-2026
700206,503,21152,63,391,08-06-2026
700207,503,20075,728,202,30-03-2026
700208,503,21086,7411,356,29-09-2025
700209,503,21274,35,120,16-08-2026
700210,503,21488,1193,120,13-10-2025
700211,503,20114,5414,89,04-09-2025
700212,503,20984,8010,369,16-01-2026
700213,503,20829,7181,419,26-02-2026
700214,503,21285,1728,17,03-06-2026
700215,503,20903,8474,161,24-09-2025
700216,503,20922,,266,09-Nov-25
700217,503,20638,2678,105,04-17-2026
700218,503,20769,9337,404,01-12-2025
700219,503,20538,7136,368,30-08-2026
700220,503,21327,12873,345,10-03-2026
700221,503,20481,7293,472,16-08-2026
700222,503,20811,5716,81,27-03-2026
700223,503,20652,669,127,15-Jun-26
700224,503,20981,3119,456,21-08-2026
700225,503,20711,2097,14,08-05-2026
700226,504,20791,1077,433,03-01-2026
700227,504,20528,13905,85,17-07-2026
700228,504,20188,1922,486,09-24-2025
700229,504,20870,,23,27-07-2026
700230,504,20947,3839,445,21-02-2026
700231,504,20564,6096,393,10-10-2025
700232,504,20718,2688,266,09-09-2025
700233,504,20040,3311,397,05-11-2025
700234,504,20302,2611,406,24-03-2026
700235,504,20363,836,285,23-03-2026
700236,504,20589,4934,74,23-09-2025
700237,504,20949,1269,328,12-02-2026
700238,504,20917,95,165,11-09-2025
700239,504,20448,3992,367,23-06-2026
700240,504,21018,750,141,27-08-2026
700241,504,20521,10859,26,18-09-2025
700242,504,20182,11846,16,15-04-2026
700243,504,21068,9483,66,04-07-2026
700244,504,20550,1779,207,17-Feb-26
700245,504,20304,60,176,08-07-2026
700246,504,20068,10145,256,28-07-2026
700247,504,20427,2151,180,08-10-2025
700248,504,20703,13091,239,17-10-2025
700249,504,20089,12755,143,21-02-2026
700250,504,20504,7380,164,09-11-2025
700251,504,20741,1343,477,12-08-2026
700252,504,21254,1872,493,10-08-2026
700253,504,21045,7332,393,29-05-2026
700254,504,20482,1467,58,03-08-2026
700255,504,20819,715,249,18-09-2025
700256,504,21272,3132,235,24-08-2026
700257,504,20524,10590,63,28-10-2025
700258,504,20753,4584,390,10-05-2026
700259,504,20939,3249,211,03-05-2026
700260,504,20777,393,479,31-08-2026
700261,504,21416,3674,197,09-04-2026
700262,504,21153,17747,192,30-06-2026
700263,504,20892,581,316,13-05-2026
700264,504,20546,2812,332,11-03-2026
700265,504,20761,8078,76,28-01-2026
700266,504,20342,5197,470,20-05-2026
700267,504,21197,,309,31-08-2025
700268,504,21209,4666,218,21-09-2025
700269,504,20333,1715,196,25-10-2025
700270,504,20985,1338,81,10-09-2025
700271,504,20119,6380,158,27-04-2026
700272,504,21192,6395,429,21-02-2026
700273,504,20970,7768,305,15-07-2026
700274,504,20687,9410,343,11-08-2026
700275,504,20610,2756,197,14-10-2025
700276,504,20998,2680,167,01-04-2026
700277,504,20287,6162,267,02-06-2026
700278,504,21486,4041,374,11-12-2025
700279,504,21281,4660,109,04-11-2025
700280,504,21157,6115,,06-04-2026
700281,504,21167,8496,417,23-Apr-26
700282,504,21237,1588,408,27-12-2025
700283,504,20244,1813,266,01-29-2026
700284,504,20096,380,239,13-09-2025
700285,504,20950,3323,320,24-Nov-25
700286,504,21378,141,120,27-09-2025
700287,504,21411,2412,185,12-28-2025
700288,504,20709,3011,469,15-04-2026
700289,504,21244,1300,153,12-06-2026
700290,504,20796,3440,431,16-04-2026
700291,504,20180,119,377,22-05-2026
700292,504,20356,147,430,12-08-2026
700293,504,21163,6657,,12-10-2025
700294,504,21142,1719,162,10-Jan-26
700295,504,20232,523,319,15-06-2026
700296,504,20683,2843,473,10-09-2025
700297,504,20575,5657,298,31-10-2025
700298,504,21396,936,112,05-09-2025
700299,504,20601,3754,60,08-08-2026
700300,504,21388,,338,11-03-2026
700301,505,21328,279,303,20-09-2025
700302,505,20090,3985,264,05-02-2026
700303,505,21309,4090,208,01-09-2025
700304,505,20950,5334,221,09-04-2026
700305,505,20486,6808,138,09-08-2026
700306,505,20492,,270,17-02-2026
700307,505,21126,3819,296,04-09-2025
700308,505,20146,2051,215,15-08-2026
700309,505,20728,8337,214,26-05-2026
700310,505,21270,1661,206,14-10-2025
700311,505,20535,3039,421,19-11-2025
700312,505,21229,430,124,08-09-2025
700313,505,21099,135,105,09-02-2026
700314,505,21094,17284,460,16-04-2026
700315,505,20456,9504,478,02-01-2026
700316,505,20271,6260,160,25-04-2026
700317,505,20797,2765,120,07-03-2026
700318,505,20167,1001,352,12-06-2026
700319,505,20116,894,365,27-12-2025
700320,505,21361,1514,347,07-05-2026
700321,505,20519,4189,80,01-01-2026
700322,505,20922,6592,59,28-08-2026
700323,505,21161,5675,141,03-04-2026
700324,505,20970,1727,343,29-03-2026
700325,505,20969,16288,264,05-10-2025
700326,505,20351,7040,234,31-12-2025
700327,505,20069,4249,374,17-12-2025
700328,505,20881,4974,353,30-06-2026
700329,505,20609,2860,313,07-02-2026
700330,505,20081,1497,26,26-07-2026
700331,505,20296,2313,425,21-01-2026
700332,505,20287,7456,65,15-04-2026
700333,505,20376,76,382,05-05-2026
700334,505,21210,649,121,16-10-2025
700335,505,20569,248,425,04-11-2025
700336,505,20105,219,251,04-02-2026
700337,505,21004,10169,33,02-01-2026
700338,505,20289,6394,37,16-03-2026
700339,505,20480,3379,232,15-10-2025
700340,505,20465,541,100,07-06-2026
700341,505,20661,3557,146,19-10-2025
700342,505,21145,3372,170,21-12-2025
700343,505,20354,1000,265,20-08-2026
700344,505,20177,,369,21-11-2025
700345,505,20484,2673,410,21-03-2026
700346,505,20577,5030,132,07-06-2026
700347,505,20610,5300,405,27-12-2025
700348,505,21321,244,475,16-09-2025
700349,505,21076,2468,229,15-08-2026
700350,505,20721,5169,127,03-12-2025
700351,505,20207,3677,296,24-01-2026
700352,505,20636,10207,210,08-10-2025
700353,505,20748,5652,58,17-07-2026
700354,505,21050,935,220,04-12-2025
700355,505,21389,385,323,09-11-2025
700356,505,21255,5407,321,17-Dec-25
700357,505,20001,141,58,15-07-2026
700358,505,20277,4634,185,11-07-2026
700359,505,20806,,119,27-07-2026
700360,505,21134,4505,467,09-10-2025
700361,505,20249,2583,253,13-06-2026
700362,505,20601,5420,265,03-08-2026
700363,505,21069,3223,141,19-05-2026
700364,505,20189,4147,413,21-07-2026
700365,505,21088,14922,418,11-02-2026
700366,505,20412,2565,377,20-08-2026
700367,505,21140,17082,278,08-02-2026
700368,505,21298,12395,247,24-07-2026
700369,505,21489,1146,306,23-03-2026
700370,505,20815,,176,17-07-2026
700371,505,20503,558,142,31-01-2026
700372,505,21222,97,80,05-03-2026
700373,505,20889,522,455,02-07-2026
700374,505,20150,6040,401,08-08-2026
700375,505,20076,388,165,25-07-2026
700376,506,20160,927,144,12-08-2026
700377,506,20155,4498,177,14-03-2026
700378,506,20187,57,380,10-Feb-26
700379,506,21335,4066,179,15-04-2026
700380,506,21225,799,70,16-08-2026
700381,506,20443,303,487,01-10-2025
700382,506,21340,2880,347,22-01-2026
700383,506,20404,2393,82,23-06-2026
700384,506,20574,5067,139,06-02-2026
700385,506,20895,3206,61,04-22-2026
700386,506,20552,3927,444,24-08-2026
700387,506,21042,800,485,15-12-2025
700388,506,20375,,58,03-10-2025
700389,506,21194,3352,469,10-02-2026
700390,506,20820,3968,169,25-Nov-25
700391,506,20051,11240,190,30-03-2026
700392,506,20849,1284,289,15-03-2026
700393,506,20545,1123,41,23-07-2026
700394,506,20433,3615,478,18-11-2025
700395,506,20011,1006,455,20-Feb-26
700396,506,21401,6444,53,26-09-2025
700397,506,20755,4718,389,28-10-2025
700398,506,20274,1352,188,29-03-2026
700399,506,20248,3354,275,18-07-2026
700400,506,20502,3390,78,10-10-2025
700401,506,20684,263,41,29-05-2026
700402,506,21010,5620,341,08-01-2026
700403,506,21468,1698,309,03-05-2026
700404,506,20783,4227,100,09-03-2026
700405,506,20137,931,332,23-10-2025
700406,506,21219,5452,278,24-07-2026
700407,506,20816,1190,55,25-08-2026
700408,506,20918,26,309,27-08-2026
700409,506,21221,5691,116,07-02-2026
700410,506,21492,231,154,05-09-2025
700411,506,21159,928,419,08-02-2026
700412,506,20476,7233,140,16-12-2025
700413,506,21309,7260,122,23-02-2026
700414,506,21294,2056,298,03-04-2026
700415,506,20818,2412,477,20-01-2026
700416,506,20196,1436,13,24-09-2025
700417,506,20921,838,35,05-03-2026
700418,506,20184,962,360,02-10-2026
700419,506,21210,2694,399,22-01-2026
700420,506,20776,3369,499,31-03-2026
700421,506,20639,3785,252,26-08-2026
700422,506,21253,,108,26-07-2026
700423,506,20791,,42,27-07-2026
700424,506,21104,1646,265,21-10-2025
700425,506,21308,143,463,18-09-2025
700426,506,20063,1925,485,21-08-2026
700427,506,21384,1406,493,11-06-2026
700428,506,21174,5277,,17-08-2026
700429,506,21250,1043,430,02-05-2026
700430,506,20206,300,29,13-08-2026
700431,506,21032,372,265,28-10-2025
700432,506,21222,3460,265,14-08-2026
700433,506,20532,2324,150,18-08-2026
700434,506,20497,257,377,11-06-2026
700435,506,20259,212,95,13-10-2025
700436,506,21208,2914,53,11-Jan-26
700437,506,20388,182,295,23-07-2026
700438,506,21231,4164,84,28-Aug-26
700439,506,20085,2957,495,27-Aug-26
700440,506,20807,205,234,26-10-2025
700441,506,21059,,120,30-11-2025
700442,506,21040,10415,123,09-09-2025
700443,506,20837,1132,327,12-06-2026
700444,506,20871,1118,350,14-02-2026
700445,506,20456,4044,16,04-03-2026
700446,506,20007,7101,266,29-03-2026
700447,506,20045,10303,166,15-06-2026
700448,506,20853,3379,394,12-10-2025
700449,506,20374,1139,212,24-Nov-25
700450,506,21147,210,266,16-05-2026
700451,507,20257,2342,348,05-11-2025
700452,507,21354,1275,326,10-06-2026
700453,507,20928,,16,17-01-2026
700454,507,20775,3695,494,02-09-2025
700455,507,20797,184,245,16-03-2026
700456,507,21412,1059,184,05-22-2026
700457,507,20790,18,413,31-08-2025
700458,507,20318,987,127,16-07-2026
700459,507,20035,90,463,01-08-2026
700460,507,20293,197,197,23-06-2026
700461,507,21077,195,59,16-11-2025
700462,507,21037,1634,248,27-04-2026
700463,507,21017,2138,210,16-09-2025
700464,507,20433,1366,456,15-08-2026
700465,507,20181,5109,131,11-09-2025
700466,507,21190,733,486,27-07-2026
700467,507,20765,525,240,07-12-2025
700468,507,21132,3166,102,27-06-2026
700469,507,20090,395,14,23-08-2026
700470,507,20691,5153,172,27-06-2026
700471,507,20217,19,141,26-01-2026
700472,507,20684,5464,427,27-04-2026
700473,507,20429,69,82,15-10-2025
700474,507,20144,3460,256,07-03-2026
700475,507,20515,1170,73,05-02-2026
700476,507,21169,7733,259,08-08-2026
700477,507,20462,120,18,06-12-2025
700478,507,20767,1259,56,22-07-2026
700479,507,20273,5435,200,08-04-2026
700480,507,21250,1155,166,07-11-2026
700481,507,20955,1549,,13-07-2026
700482,507,20911,1856,230,20-06-2026
700483,507,20631,946,39,25-06-2026
700484,507,21432,1541,495,10-09-2025
700485,507,20697,1370,374,01-03-2026
700486,507,20542,3611,209,15-09-2025
700487,507,20676,73,370,16-09-2025
700488,507,21484,515,,01-03-2026
700489,507,20067,4687,318,09-08-2026
700490,507,20008,3447,280,06-10-2025
700491,507,20941,949,328,10-12-2025
700492,507,20523,1510,225,26-11-2025
700493,507,21088,507,32,16-07-2026
700494,507,20023,325,468,11-09-2025
700495,507,20046,972,269,09-18-2025
700496,507,20902,680,99,12-10-2025
700497,507,20958,1367,419,04-04-2026
700498,507,20838,,356,05-25-2026
700499,507,21074,5718,,29-04-2026
700500,507,20256,6683,110,29-08-2026
700501,507,20770,1869,482,23-07-2026
700502,507,20120,1198,498,12-12-2025
700503,507,21188,578,114,19-01-2026
700504,507,20771,2622,183,02-07-2026
700505,507,20291,1801,104,29-04-2026
700506,507,20543,277,431,21-04-2026
700507,507,20153,3773,201,07-07-2026
700508,507,20233,2697,141,17-01-2026
700509,507,20225,4668,118,03-03-2026
700510,507,20584,2018,446,15-05-2026
700511,507,20900,1483,26,06-02-2026
700512,507,20617,845,107,17-07-2026
700513,507,20817,4211,110,28-07-2026
700514,507,20918,3136,195,23-07-2026
700515,507,21136,72,81,17-05-2026
700516,507,20101,42,124,19-06-2026
700517,507,20402,737,89,01-07-2026
700518,507,20613,2596,381,28-05-2026
700519,507,20313,6809,29,02-12-2025
700520,507,20470,254,48,15-01-2026
700521,507,20717,1407,257,02-03-2026
700522,507,21401,748,47,04-02-2026
700523,507,21120,5466,156,10-03-2026
700524,507,20182,2880,,15-12-2025
700525,507,20265,2843,476,16-03-2026
700526,508,20259,1794,318,01-03-2026
700527,508,20199,1520,355,24-09-2025
700528,508,20618,906,351,01-11-2025
700529,508,21103,165,205,04-03-2026
700530,508,20817,5676,381,19-07-2026
700531,508,21233,4756,453,17-04-2026
700532,508,21058,23187,473,30-11-2025
700533,508,20273,16158,386,23-05-2026
700534,508,21309,2300,493,09-04-2026
700535,508,20134,4157,420,02-Mar-26
700536,508,20245,8217,80,02-11-2025
700537,508,21224,5376,481,14-11-2025
700538,508,21477,806,294,03-12-2025
700539,508,20987,1699,295,28-03-2026
700540,508,21017,392,365,30-09-2025
700541,508,20869,8739,17,28-10-2025
700542,508,20982,2644,93,14-11-2025
700543,508,20546,737,208,19-11-2025
700544,508,21371,3160,500,15-07-2026
700545,508,20404,2731,14,02-07-2026
700546,508,20330,1258,233,10-03-2026
700547,508,21061,342,137,07-04-2026
700548,508,20685,3159,58,02-08-2026
700549,508,21276,2084,436,14-10-2025
700550,508,20395,4199,132,25-03-2026
700551,508,21248,2083,,08-09-2025
700552,508,20925,5424,337,15-02-2026
700553,508,21462,2278,56,27-06-2026
700554,508,21146,2335,216,16-11-2025
700555,508,20538,5938,485,20-Aug-26
700556,508,21178,1466,323,30-04-2026
700557,508,20498,408,369,09-02-2025
700558,508,20677,83,303,20-05-2026
700559,508,21343,3992,40,08-12-2026
700560,508,21235,2748,454,03-12-2025
700561,508,20041,3455,483,12-06-2026
700562,508,21200,679,342,31-01-2026
700563,508,20656,416,232,04-08-2026
700564,508,21180,42,,23-02-2026
700565,508,21386,1225,250,10-01-2026
700566,508,20986,2529,345,29-06-2026
700567,508,20931,1413,247,06-12-2025
700568,508,21376,1632,143,26-May-26
700569,508,20892,6653,496,17-02-2026
700570,508,20608,1215,21,12-05-2026
700571,508,20338,2047,427,20-01-2026
700572,508,20329,4343,37,12-17-2025
700573,508,21121,1433,301,30-01-2026
700574,508,20227,2761,77,03-04-2026
700575,508,20799,5627,315,23-11-2025
700576,508,20605,8472,249,30-09-2025
700577,508,20073,451,57,06-10-2025
700578,508,20182,7410,72,08-05-2026
700579,508,21337,1922,412,28-May-26
700580,508,21204,848,324,13-01-2026
700581,508,21321,1744,339,26-04-2026
700582,508,20446,11104,243,26-02-2026
700583,508,21295,1925,80,15-06-2026
700584,508,21372,1131,176,02-05-2026
700585,508,20728,2847,334,11-02-2026
700586,508,20794,779,399,25-06-2026
700587,508,21277,224,367,08-07-2026
700588,508,20423,391,145,25-06-2026
700589,508,20507,389,151,21-05-2026
700590,508,20102,467,447,18-01-2026
700591,508,20551,424,333,12-07-2026
700592,508,20891,2906,308,22-02-2026
700593,508,21331,570,90,22-01-2026
700594,508,20250,1203,422,24-03-2026
700595,508,20562,6443,130,16-10-2025
700596,508,20748,1823,496,02-03-2026
700597,508,20304,3125,124,27-05-2026
700598,508,20254,537,393,03-01-2026
700599,508,21080,606,337,22-04-2026
700600,508,20086,118,152,02-04-2026
700601,509,21138,838,460,22-12-2025
700602,509,20569,1478,238,19-07-2026
700603,509,20097,882,180,05-08-2026
700604,509,20756,420,299,25-09-2025
700605,509,20013,582,279,11-01-2026
700606,509,20859,2796,350,14-12-2025
700607,509,21478,1046,67,16-04-2026
700608,509,20661,2050,431,09-03-2026
700609,509,21055,3168,182,12-Mar-26
700610,509,21264,,288,05-04-2026
700611,509,20048,182,173,02-03-2026
700612,509,21038,7271,417,30-08-2026
700613,509,20472,,218,18-02-2026
700614,509,20512,386,304,18-12-2025
700615,509,21182,9361,,09-12-2025
700616,509,20549,11482,92,30-10-2025
700617,509,20641,285,11,04-02-2026
700618,509,21122,1467,373,09-05-2026
700619,509,20447,7427,376,21-03-2026
700620,509,21424,6243,306,11-05-2026
700621,509,20848,923,261,29-01-2026
700622,509,21001,1063,189,10-04-2026
700623,509,20328,2095,20,05-04-2026
700624,509,20629,2999,425,15-03-2026
700625,509,21364,4359,205,13-06-2026
700626,509,20040,2083,397,23-11-2025
700627,509,20041,2810,271,11-03-2026
700628,509,20020,6229,222,14-06-2026
700629,509,20060,169,314,09-12-2025
700630,509,20895,1317,494,22-Sep-25
700631,509,20562,5655,385,19-Jun-26
700632,509,20012,10210,357,21-10-2025
700633,509,20887,3244,,29-01-2026
700634,509,21063,3438,136,17-08-2026
700635,509,20449,513,408,12-11-2025
700636,509,21016,2685,411,13-09-2025
700637,509,20501,3443,353,29-10-2025
700638,509,20515,1257,359,14-07-2026
700639,509,20838,1420,484,03-12-2025
700640,509,20984,2144,,20-09-2025
700641,509,20075,92,419,02-10-2025
700642,509,20721,1759,201,12-05-2026
700643,509,21179,1075,397,31-08-2026
700644,509,20876,1796,186,27-06-2026
700645,509,21435,577,63,26-11-2025
700646,509,21452,10012,171,27-06-2026
700647,509,21347,4075,66,25-07-2026
700648,509,21196,5145,484,09-10-2025
700649,509,21053,7046,125,11-10-2025
700650,509,20061,3123,89,15-07-2026
700651,509,20049,412,457,05-12-2025
700652,509,21130,3486,107,07-09-2025
700653,509,20274,4001,306,07-01-2026
700654,509,21437,6193,500,02-03-2026
700655,509,21050,2557,158,27-12-2025
700656,509,21193,618,181,10-03-2026
700657,509,21243,1511,56,12-26-2025
700658,509,20103,2042,246,18-10-2025
700659,509,20414,4699,297,14-12-2025
700660,509,20152,3828,195,26-10-2025
700661,509,20769,1992,213,21-01-2026
700662,509,20672,19491,307,03-01-2026
700663,509,20837,4213,342,10-12-2025
700664,509,21457,1226,,28-01-2026
700665,509,21329,486,132,14-02-2026
700666,509,20701,751,,01-12-2025
700667,509,20243,1278,131,13-02-2026
700668,509,20466,793,16,15-08-2026
700669,509,20966,935,365,16-11-2025
700670,509,20823,1519,454,26-09-2025
700671,509,20654,862,255,12-02-2026
700672,509,20171,10278,374,28-03-2026
700673,509,20299,379,199,18-03-2026
700674,509,21410,3365,112,25-04-2026
700675,509,21304,2391,468,13-02-2026
700676,510,20889,4907,245,04-08-2026
700677,510,21433,144,141,28-04-2026
700678,510,20865,616,84,29-12-2025
700679,510,20044,,404,20-08-2026
700680,510,20987,2438,312,15-08-2026
700681,510,20488,2064,164,31-07-2026
700682,510,20430,362,364,05-02-2026
700683,510,21377,,115,17-07-2026
700684,510,20085,1342,391,28-04-2026
700685,510,20194,3221,97,13-Nov-25
700686,510,20849,989,384,04-07-2026
700687,510,20678,1030,289,18-05-2026
700688,510,20091,399,23,29-03-2026
700689,510,20539,1783,313,18-05-2026
700690,510,20973,252,347,30-05-2026
700691,510,20597,475,23,07-02-2026
700692,510,20852,673,,30-Nov-25
700693,510,20238,861,283,16-02-2026
700694,510,20439,337,379,14-03-2026
700695,510,21308,148,61,21-10-2025
700696,510,21173,1146,168,11-08-2026
700697,510,21201,414,318,19-01-2026
700698,510,21364,1058,149,16-09-2025
700699,510,20292,204,374,14-10-2025
700700,510,20523,797,230,12-04-2026
700701,510,20702,924,19,01-04-2026
700702,510,20293,65,399,10-10-2025
700703,510,20634,499,190,27-06-2026
700704,510,20122,175,327,26-05-2026
700705,510,20398,80,240,17-10-2025
700706,510,20393,5591,232,12-07-2026
700707,510,21369,473,240,07-08-2026
700708,510,21191,2017,293,21-12-2025
700709,510,20762,357,474,19-02-2026
700710,510,20051,1390,,15-05-2026
700711,510,21051,1735,359,31-10-2025
700712,510,21080,1100,237,10-11-2025
700713,510,20993,775,216,20-06-2026
700714,510,20543,645,,08-05-2026
700715,510,20109,,32,15-03-2026
700716,510,20079,3223,49,20-10-2025
700717,510,20937,2158,70,11-03-2026
700718,510,21161,4075,174,10-01-2026
700719,510,20591,161,316,12-10-2025
700720,510,20636,1595,395,19-08-2026
700721,510,21151,3385,167,14-02-2026
700722,510,21468,243,337,05-02-2026
700723,510,20859,84,,03-25-2026
700724,510,20172,1642,133,03-07-2026
700725,510,20189,1038,463,21-Jul-26
700726,510,20697,2241,146,17-09-2025
700727,510,20727,183,351,24-06-2026
700728,510,20621,1927,428,01-09-2025
700729,510,20780,274,433,27-Apr-26
700730,510,21104,217,67,06-08-2026
700731,510,20637,218,314,07-07-2026
700732,510,20650,2048,113,24-06-2026
700733,510,20307,1330,484,10-04-2026
700734,510,21043,900,198,21-09-2025
700735,510,20728,540,64,14-06-2026
700736,510,20524,2548,69,14-04-2026
700737,510,20796,606,396,10-07-2026
700738,510,20373,2061,435,29-May-26
700739,510,20317,703,276,13-07-2026
700740,510,21127,575,186,03-07-2026
700741,510,20209,755,23,07-11-2025
700742,510,20090,436,447,15-08-2026
700743,510,20110,1673,47,02-13-2026
700744,510,20622,849,22,06-10-2025
700745,510,20407,321,12,17-10-2025
700746,510,20912,2793,302,10-06-2026
700747,510,21406,589,239,20-06-2026
700748,510,20975,953,451,21-04-2026
700749,510,21014,2879,194,28-03-2026
700750,510,20941,1189,37,20-04-2026
700751,511,21137,774,31,26-07-2026
700752,511,21430,17489,177,25-05-2026
700753,511,21191,6148,429,18-01-2026
700754,511,20995,2538,99,29-06-2026
700755,511,20192,933,76,25-06-2026
700756,511,20781,9831,354,22-05-2026
700757,511,20900,,475,30-Jan-26
700758,511,20854,4744,282,05-11-2025
700759,511,20935,13959,293,09-13-2025
700760,511,20584,9670,35,20-01-2026
700761,511,20217,1024,393,02-Feb-26
700762,511,21013,2324,,18-11-2025
700763,511,20254,1778,197,16-06-2026
700764,511,21403,8477,278,08-04-2026
700765,511,21087,212,33,26-08-2026
700766,511,20870,5250,172,07-01-2026
700767,511,20444,8944,33,10-03-2026
700768,511,20704,13028,415,14-12-2025
700769,511,20380,2605,336,25-05-2026
700770,511,20930,10714,30,18-01-2026
700771,511,20102,730,142,27-Dec-25
700772,511,20196,11659,387,04-05-2026
700773,511,20771,849,448,03-10-2025
700774,511,21308,3150,322,10-12-2025
700775,511,20234,9931,217,25-11-2025
700776,511,20811,1011,378,23-04-2026
700777,511,20384,1620,237,23-12-2025
700778,511,20230,7971,63,11-08-2026
700779,511,20204,7922,224,05-04-2026
700780,511,20272,6377,42,11-03-2026
700781,511,20142,7367,265,12-12-2025
700782,511,21293,4869,301,05-04-2026
700783,511,20486,1805,391,24-07-2026
700784,511,20593,2639,104,22-09-2025
700785,511,20083,,115,20-07-2026
700786,511,20376,14877,173,12-03-2026
700787,511,20980,5448,126,08-11-2025
700788,511,20830,3187,82,12-08-2026
700789,511,20062,3857,353,18-09-2025
700790,511,20491,18311,393,11-12-2025
700791,511,20879,1036,321,05-09-2025
700792,511,21170,5491,330,15-08-2026
700793,511,20019,4387,427,07-04-2026
700794,511,20846,5882,20,27-05-2026
700795,511,21404,114,158,29-11-2025
700796,511,20069,12798,26,06-11-2025
700797,511,20116,16738,,19-09-2025
700798,511,21143,5181,279,01-04-2026
700799,511,20849,7423,327,10-08-2026
700800,511,20140,,401,25-03-2026
700801,511,21347,7644,49,06-16-2026
700802,511,21390,1030,282,08-09-2025
700803,511,21155,5343,488,05-12-2025
700804,511,21493,5807,328,01-09-2025
700805,511,20181,3434,224,05-08-2026
700806,511,21359,8298,225,11-13-2025
700807,511,21218,16948,304,08-09-2025
700808,511,20791,16165,217,14-04-2026
700809,511,21112,3729,234,18-02-2026
700810,511,20013,748,38,05-10-2025
700811,511,20307,26067,474,22-03-2026
700812,511,20623,11360,125,25-11-2025
700813,511,21489,828,129,29-12-2025
700814,511,21275,15782,38,10-05-2026
700815,511,21102,12690,65,09-08-2026
700816,511,20402,4552,360,17-10-2025
700817,511,21055,5567,293,15-07-2026
700818,511,20462,3168,386,20-02-2026
700819,511,21007,350,405,23-04-2026
700820,511,20591,2540,486,26-02-2026
700821,511,20835,10104,58,07-01-2026
700822,511,20856,29,137,03-12-2025
700823,511,20165,2525,424,23-01-2026
700824,511,21146,3160,314,07-02-2026
700825,511,21310,4797,12,02-09-2026
700826,512,21082,6744,421,02-21-2026
700827,512,20017,1136,388,21-11-2025
700828,512,20553,1139,211,26-12-2025
700829,512,21379,3574,468,23-03-2026
700830,512,20641,1608,249,09-10-2025
700831,512,20908,680,123,18-02-2026
700832,512,20970,1609,276,05-10-2025
700833,512,20171,406,409,29-07-2026
700834,512,20307,519,70,26-01-2026
700835,512,21285,1843,131,08-10-2025
700836,512,20352,1451,392,23-07-2026
700837,512,20400,6582,103,29-11-2025
700838,512,20165,1202,191,18-11-2025
700839,512,20170,2322,150,09-06-2026
700840,512,20355,2673,244,30-05-2026
700841,512,20730,35,455,16-10-2025
700842,512,21498,2910,183,06-12-2025
700843,512,20074,524,436,16-02-2026
700844,512,20120,8673,425,18-09-2025
700845,512,21177,430,363,20-10-2025
700846,512,20301,1431,450,25-09-2025
700847,512,20835,238,30,21-09-2025
700848,512,20423,15412,306,22-04-2026
700849,512,20918,1864,292,11-15-2025
700850,512,20671,2418,185,02-12-2025
700851,512,20224,186,412,09-07-2026
700852,512,20042,3704,231,20-04-2026
700853,512,20683,630,455,27-03-2026
700854,512,20906,6101,198,06-02-2026
700855,512,21283,613,434,19-02-2026
700856,512,20972,565,68,09-07-2026
700857,512,20767,99,411,16-03-2026
700858,512,20282,1707,477,12-04-2026
700859,512,21058,2223,290,07-21-2026
700860,512,20303,182,198,03-03-2026
700861,512,21476,3992,107,23-07-2026
700862,512,20947,1613,227,24-06-2026
700863,512,20162,1986,311,20-02-2026
700864,512,21298,1553,225,17-11-2025
700865,512,20570,1368,230,20-07-2026
700866,512,20034,2191,436,25-03-2026
700867,512,20289,451,274,01-07-2026
700868,512,20823,537,40,08-04-2026
700869,512,21401,5288,364,08-04-2026
700870,512,20713,7805,233,09-15-2025
700871,512,20132,1249,140,11-02-2026
700872,512,20517,844,277,10-10-2025
700873,512,20764,2760,479,07-04-2026
700874,512,21367,1404,229,24-10-2025
700875,512,20439,69,126,08-02-2026
700876,512,21235,454,13,07-04-2026
700877,512,20362,3363,285,26-03-2026
700878,512,20413,2874,363,15-06-2026
700879,512,20323,73,277,24-Dec-25
700880,512,20782,671,166,02-05-2026
700881,512,21189,,464,02-10-2025
700882,512,21080,2978,466,14-12-2025
700883,512,21468,53,225,05-11-2025
700884,512,21277,294,442,16-06-2026
700885,512,21039,4299,324,02-10-2025
700886,512,21493,526,472,10-08-2026
700887,512,21356,2826,471,07-11-2025
700888,512,20500,727,287,03-11-2025
700889,512,20325,280,442,01-07-2026
700890,512,20172,744,484,16-05-2026
700891,512,21053,3423,141,10-07-2026
700892,512,20311,5172,33,22-05-2026
700893,512,21253,4738,287,28-12-2025
700894,512,20594,1352,158,02-10-2025
700895,512,21069,2947,148,01-09-2025
700896,512,20335,613,85,10-12-2025
700897,512,21364,927,366,01-12-2025
700898,512,20806,6056,310,22-01-2026
700899,512,21200,35,145,17-07-2026
700900,512,20725,239,408,01-21-2026
700901,513,20646,969,174,15-12-2025
700902,513,20475,112,55,15-11-2025
700903,513,20107,832,272,10-28-2025
700904,513,20245,3636,439,11-06-2026
700905,513,20730,2274,249,22-06-2026
700906,513,21010,9277,303,31-Jan-26
700907,513,21403,7069,388,04-10-2025
700908,513,21177,1739,270,23-10-2025
700909,513,20825,1248,18,10-05-2026
700910,513,21323,1985,104,08-24-2026
700911,513,20559,3709,158,16-05-2026
700912,513,20957,1297,190,19-04-2026
700913,513,21104,4067,479,16-02-2026
700914,513,21217,2189,135,24-10-2025
700915,513,21112,3338,299,02-08-2026
700916,513,21107,2381,497,16-08-2026
700917,513,21005,1450,475,23-01-2026
700918,513,20941,12325,31,02-03-2026
700919,513,20745,5995,385,25-12-2025
700920,513,20003,627,465,16-02-2026
700921,513,20308,8432,175,17-09-2025
700922,513,21046,2778,35,17-Apr-26
700923,513,20741,9350,384,07-27-2026
700924,513,21311,6687,191,02-08-2026
700925,513,20803,2302,358,03-08-2026
700926,513,20341,94,162,25-Dec-25
700927,513,21319,1301,423,23-02-2026
700928,513,21212,3242,394,20-09-2025
700929,513,20091,,184,01-08-2026
700930,513,21029,1240,472,07-11-2025
700931,513,21473,624,243,01-06-2026
700932,513,20065,7488,466,18-Nov-25
700933,513,21301,17294,133,05-09-2025
700934,513,21266,3100,282,03-04-2026
700935,513,20404,783,,26-07-2026
700936,513,20315,1321,117,01-05-2026
700937,513,20953,77,280,16-11-2025
700938,513,21164,10212,316,23-Aug-26
700939,513,20066,521,57,03-01-2026
700940,513,20601,3571,374,25-05-2026
700941,513,21277,1331,354,02-02-2026
700942,513,20882,3358,231,16-08-2026
700943,513,20643,4381,75,07-08-2026
700944,513,20193,7359,361,20-07-2026
700945,513,20008,961,253,12-12-2025
700946,513,21007,46,91,13-01-2026
700947,513,21132,612,214,29-01-2026
700948,513,21136,9572,407,22-02-2026
700949,513,20969,8607,125,21-03-2026
700950,513,20830,,402,22-12-2025
700951,513,20052,3814,202,02-16-2026
700952,513,20296,4546,461,10-09-2025
700953,513,20743,801,406,14-12-2025
700954,513,21055,10218,248,21-06-2026
700955,513,20336,2255,112,21-04-2026
700956,513,21368,2008,35,19-11-2025
700957,513,21482,3041,199,18-05-2026
700958,513,20455,200,443,27-06-2026
700959,513,20983,756,197,07-01-2026
700960,513,21386,5568,472,15-06-2026
700961,513,20795,359,109,05-06-2026
700962,513,20900,3842,414,29-01-2026
700963,513,21487,1170,175,13-Jul-26
700964,513,20098,2050,271,13-12-2025
700965,513,21086,1416,26,27-06-2026
700966,513,21230,1827,449,23-09-2025
700967,513,20350,5277,194,17-12-2025
700968,513,21298,1465,388,28-01-2026
700969,513,20752,3473,277,12-11-2025
700970,513,20943,2687,136,14-10-2025
700971,513,20112,4529,236,23-12-2025
700972,513,20272,11480,407,13-11-2025
700973,513,20375,5482,291,22-08-2026
700974,513,20769,1006,,03-06-2026
700975,513,20717,132,457,26-06-2026
700976,514,20241,1654,122,07-03-2026
700977,514,20636,4917,203,09-10-2025
700978,514,20611,287,414,24-05-2026
700979,514,20748,3731,456,29-08-2026
700980,514,21058,4941,469,22-01-2026
700981,514,21267,2213,29,04-05-2026
700982,514,21339,8015,428,09-01-2026
700983,514,20360,613,233,26-06-2026
700984,514,21445,425,337,10-01-2026
700985,514,20969,7085,331,31-03-2026
700986,514,20727,3721,338,12-28-2025
700987,514,20617,6342,219,01-28-2026
700988,514,21395,3104,425,15-09-2025
700989,514,21222,1539,421,05-08-2026
700990,514,20975,9300,465,03-08-2026
700991,514,20141,8738,385,02-08-2026
700992,514,20448,6453,356,22-11-2025
700993,514,20952,1728,279,19-11-2025
700994,514,20983,4852,139,30-05-2026
700995,514,20705,2436,303,26-10-2025
700996,514,20327,522,448,27-03-2026
700997,514,20893,13558,117,22-01-2026
700998,514,21012,800,298,08-12-2025
700999,514,20689,16320,45,02-12-2025
701000,514,20152,3212,369,21-10-2025
701001,514,20875,1114,69,03-09-2025
701002,514,20626,4246,189,28-10-2025
701003,514,21487,11221,21,21-08-2026
701004,514,20263,7166,,16-10-2025
701005,514,20676,8935,376,03-10-2025
701006,514,20333,5848,433,06-12-2025
701007,514,20078,6410,58,07-01-2026
701008,514,21143,10289,323,01-08-2026
701009,514,20134,1562,305,20-04-2026
701010,514,21019,,441,07-04-2026
701011,514,20660,1360,250,11-11-2025
701012,514,20729,23907,206,22-04-2026
701013,514,21473,15683,236,23-11-2025
701014,514,21404,219,356,23-01-2026
701015,514,21247,6650,483,16-09-2025
701016,514,20513,14106,36,25-09-2025
701017,514,20007,1083,329,22-Oct-25
701018,514,21154,4564,221,04-Feb-26
701019,514,20060,,375,17-11-2025
701020,514,20039,188,324,06-11-2025
701021,514,20340,6502,500,06-07-2026
701022,514,21371,1919,362,16-09-2025
701023,514,20927,14045,84,28-09-2025
701024,514,21007,19267,361,16-06-2026
701025,514,20616,15703,224,26-10-2025
701026,514,21428,3497,,04-04-2026
701027,514,21106,10774,495,22-10-2025
701028,514,20805,10124,300,05-09-2025
701029,514,20698,2090,366,12-06-2026
701030,514,20479,9603,220,10-01-2026
701031,514,20219,205,451,04-06-2026
701032,514,20649,4933,424,22-12-2025
701033,514,21155,1422,88,24-08-2026
701034,514,20763,699,146,08-11-2025
701035,514,21316,436,440,25-10-2025
701036,514,20121,6482,208,10-04-2026
701037,514,20883,2259,44,01-13-2026
701038,514,21244,7017,41,01-10-2025
701039,514,21180,368,311,28-08-2026
701040,514,20245,2060,105,02-05-2026
701041,514,20170,4218,287,08-08-2026
701042,514,21479,8507,472,26-03-2026
701043,514,21370,2088,151,07-25-2026
701044,514,20793,5348,285,22-03-2026
701045,514,20211,11810,83,09-Sep-25
701046,514,20366,5204,220,21-06-2026
701047,514,20996,1443,427,05-05-2026
701048,514,21325,134,14,02-May-26
701049,514,20247,11101,76,23-Jun-26
701050,514,20175,117,300,11-11-2025
701051,515,20677,9903,22,19-09-2025
701052,515,20277,3589,473,18-03-2026
701053,515,21100,13341,238,16-03-2026
701054,515,21439,7645,238,16-11-2025
701055,515,21220,29477,175,31-08-2026
701056,515,20158,2059,,16-12-2025
701057,515,21054,6949,479,01-03-2026
701058,515,20944,2451,390,14-Feb-26
701059,515,20194,3117,58,04-16-2026
701060,515,20653,4709,474,18-09-2025
701061,515,20728,9865,474,23-08-2026
701062,515,21497,19741,46,04-03-2026
701063,515,20232,6972,229,22-12-2025
701064,515,20060,2579,247,24-01-2026
701065,515,21230,2608,339,24-08-2026
701066,515,21376,6379,232,16-Jan-26
701067,515,20053,1301,323,21-12-2025
701068,515,20463,558,21,24-03-2026
701069,515,20727,2088,338,04-Feb-26
701070,515,20313,1614,108,08-05-2026
701071,515,20810,1676,126,01-09-2025
701072,515,20997,1269,75,20-08-2026
701073,515,20804,205,191,19-04-2026
701074,515,20937,86,337,15-11-2025
701075,515,20641,20979,,27-01-2026
701076,515,20789,2662,336,28-Oct-25
701077,515,20198,2313,377,07-05-2026
701078,515,20748,5428,394,08-01-2026
701079,515,20949,1174,,24-05-2026
701080,515,20114,14280,414,12-03-2026
701081,515,20927,7359,211,31-12-2025
701082,515,20540,447,319,05-11-2025
701083,515,20201,2577,165,15-06-2026
701084,515,20516,10075,432,03-02-2026
701085,515,21408,13806,128,27-03-2026
701086,515,20794,3004,271,17-06-2026
701087,515,21122,4531,78,15-01-2026
701088,515,20670,871,495,25-03-2026
701089,515,20777,22550,242,08-07-2026
701090,515,21183,1257,166,16-11-2025
701091,515,20586,,144,31-07-2026
701092,515,20886,5001,185,22-10-2025
701093,515,21372,4462,336,10-02-2026
701094,515,20534,3427,441,06-25-2026
701095,515,21082,1250,178,25-02-2026
701096,515,20451,926,181,19-04-2026
701097,515,20200,1188,388,20-12-2025
701098,515,21176,984,303,30-06-2026
701099,515,20767,7210,276,29-01-2026
701100,515,20864,2055,137,16-03-2026
701101,515,20726,284,341,20-05-2026
701102,515,20899,16579,394,05-18-2026
701103,515,20330,10262,115,20-02-2026
701104,515,21099,12529,309,20-09-2025
701105,515,21391,25175,279,07-05-2026
701106,515,20642,911,318,18-02-2026
701107,515,21034,2406,300,09-11-2025
701108,515,20675,6770,99,03-05-2026
701109,515,20460,5678,172,27-11-2025
701110,515,20117,797,292,21-04-2026
701111,515,21051,8067,473,17-07-2026
701112,515,21068,1212,434,23-08-2026
701113,515,20747,1208,393,30-01-2026
701114,515,21335,3671,36,08-10-2025
701115,515,20820,4285,,07-01-2026
701116,515,20425,4137,214,09-08-2026
701117,515,20141,457,,18-12-2025
701118,515,20340,10010,259,24-05-2026
701119,515,20946,1472,477,01-19-2026
701120,515,20553,661,152,19-03-2026
701121,515,20721,10470,387,24-08-2026
701122,515,21474,14856,240,15-07-2026
701123,515,20783,9447,258,22-01-2026
701124,515,20017,7906,,02-Mar-26
701125,515,21161,5077,433,19-03-2026
701126,516,20450,2735,95,04-06-2026
701127,516,20411,311,441,31-05-2026
701128,516,20822,1794,17,12-05-2026
701129,516,21424,1594,432,15-08-2026
701130,516,21111,1028,434,08-11-2026
701131,516,20516,4392,295,13-04-2026
701132,516,20955,2341,136,01-11-2025
701133,516,21143,289,442,21-08-2026
701134,516,20136,850,104,09-04-2026
701135,516,21151,3929,134,26-08-2026
701136,516,20060,271,,22-07-2026
701137,516,20703,6511,,02-06-2026
701138,516,20749,2336,27,06-05-2026
701139,516,21277,2239,381,18-06-2026
701140,516,21295,3067,426,25-04-2026
701141,516,20547,,118,29-07-2026
701142,516,21398,1461,75,09-01-2026
701143,516,20464,3873,45,03-09-2026
701144,516,20915,2851,253,03-02-2026
701145,516,20273,1062,301,16-05-2026
701146,516,21084,7207,333,30-01-2026
701147,516,21298,5457,39,01-10-2025
701148,516,21438,3671,426,02-05-2026
701149,516,20401,6497,212,08-12-2025
701150,516,20250,6902,381,08-07-2026
701151,516,20535,4211,456,22-08-2026
701152,516,21238,6200,,22-11-2025
701153,516,21359,4086,97,28-04-2026
701154,516,21314,3896,13,14-07-2026
701155,516,21272,3294,99,18-Mar-26
701156,516,20718,4775,362,18-03-2026
701157,516,21461,590,25,14-10-2025
701158,516,20058,7271,414,31-03-2026
701159,516,20443,7021,252,08-11-2025
701160,516,21288,101,398,18-02-2026
701161,516,20825,5973,473,02-04-2026
701162,516,20644,471,395,21-06-2026
701163,516,20057,1395,406,24-04-2026
701164,516,20230,4650,113,16-06-2026
701165,516,21456,599,361,13-11-2025
701166,516,21183,5822,271,19-08-2026
701167,516,21380,6099,343,08-04-2026
701168,516,21163,2420,393,14-06-2026
701169,516,20695,22,333,19-04-2026
701170,516,20313,1156,54,11-04-2026
701171,516,20246,3279,498,22-06-2026
701172,516,20294,13578,57,03-10-2025
701173,516,20043,3415,264,04-05-2026
701174,516,21469,1028,11,27-Oct-25
701175,516,21029,3435,244,06-08-2026
701176,516,20604,2654,189,10-09-2025
701177,516,20318,5172,261,19-01-2026
701178,516,20237,387,455,05-10-2025
701179,516,20071,4892,465,06-06-2026
701180,516,20587,2663,251,05-11-2025
701181,516,21351,11266,267,02-09-2025
701182,516,20143,1430,247,26-10-2025
701183,516,20840,3422,230,31-Mar-26
701184,516,21118,9189,481,11-01-2026
701185,516,20360,370,20,18-11-2025
701186,516,20452,9461,185,05-08-2026
701187,516,21202,3979,,27-11-2025
701188,516,21444,240,362,29-06-2026
701189,516,21276,1224,408,21-04-2026
701190,516,20356,4209,37,08-05-2026
701191,516,20041,238,,06-05-2026
701192,516,20872,2982,287,15-12-2025
701193,516,20001,1451,,01-09-2025
701194,516,21474,3315,427,21-03-2026
701195,516,20303,160,381,29-09-2025
701196,516,21010,7013,241,24-Feb-26
701197,516,21494,12406,259,06-11-2025
701198,516,20901,,68,14-10-2025
701199,516,21278,4733,465,05-04-2026
701200,516,21108,476,140,03-02-2026
701201,517,21361,9028,67,07-11-2025
701202,517,20985,158,422,02-07-2026
701203,517,21052,142,487,05-11-2025
701204,517,21062,2486,98,05-01-2026
701205,517,20158,4264,246,06-09-2025
701206,517,21360,9355,157,07-07-2026
701207,517,20381,7310,337,28-11-2025
701208,517,20031,3754,29,30-04-2026
701209,517,21172,2033,149,14-02-2026
701210,517,21311,37204,251,20-04-2026
701211,517,21377,3532,183,23-01-2026
701212,517,20592,3817,488,29-03-2026
701213,517,21016,1136,293,05-10-2026
701214,517,20077,10070,303,02-09-2025
701215,517,20607,7522,468,02-09-2025
701216,517,20530,1586,100,08-10-2025
701217,517,20757,547,365,03-31-2026
701218,517,21425,7254,335,31-08-2026
701219,517,20316,6757,231,01-06-2026
701220,517,20169,2029,21,14-08-2026
701221,517,20622,19158,167,15-01-2026
701222,517,20398,1041,323,03-01-2026
701223,517,21305,3600,221,17-08-2026
701224,517,20280,18283,356,16-11-2025
701225,517,21319,3460,150,04-06-2026
701226,517,21255,6470,205,09-08-2026
701227,517,21077,3222,110,08-07-2026
701228,517,20923,2038,253,12-03-2026
701229,517,20744,26283,105,12-03-2025
701230,517,20092,3348,485,11-19-2025
701231,517,21174,14275,354,13-07-2026
701232,517,20520,1661,286,29-07-2026
701233,517,20560,1524,274,23-02-2026
701234,517,20215,201,154,14-01-2026
701235,517,21459,6705,,26-Sep-25
701236,517,20037,2923,20,13-12-2025
701237,517,20501,12702,407,02-27-2026
701238,517,20145,4075,259,06-02-2026
701239,517,20374,21923,396,12-10-2025
701240,517,20595,1305,53,17-02-2026
701241,517,20988,12905,374,17-04-2026
701242,517,20725,9529,17,25-07-2026
701243,517,21450,9370,19,10-05-2026
701244,517,20751,11845,415,12-02-2026
701245,517,21035,9101,372,18-10-2025
701246,517,20562,6257,80,21-10-2025
701247,517,21013,895,180,20-08-2026
701248,517,20307,210,339,28-07-2026
701249,517,21326,16126,,05-07-2026
701250,517,20481,6096,,19-09-2025
701251,517,20103,10124,150,16-04-2026
701252,517,20692,4176,50,28-04-2026
701253,517,20206,793,444,26-05-2026
701254,517,21117,850,151,09-03-2026
701255,517,20572,7356,99,12-07-2026
701256,517,20458,3577,479,18-03-2026
701257,517,20360,1423,,24-05-2026
701258,517,20704,4301,447,12-12-2025
701259,517,20278,422,102,05-19-2026
701260,517,20238,5545,45,22-04-2026
701261,517,21447,1992,431,04-Nov-25
701262,517,20895,10156,132,13-11-2025
701263,517,20686,2363,303,10-11-2025
701264,517,20079,3862,217,01-05-2026
701265,517,21493,74,,04-09-2025
701266,517,20745,478,113,15-01-2026
701267,517,21321,3169,,07-04-2026
701268,517,20698,4157,428,17-05-2026
701269,517,21136,5826,492,04-11-2025
701270,517,20759,2192,386,13-05-2026
701271,517,21109,7549,159,18-03-2026
701272,517,20805,12506,415,20-10-2025
701273,517,20559,9623,403,27-05-2026
701274,517,20003,257,,01-06-2026
701275,517,21249,4164,294,18-05-2026
701276,518,21124,388,231,18-01-2026
701277,518,20030,970,253,10-01-2026
701278,518,20746,15105,45,27-04-2026
701279,518,21497,,229,15-09-2025
701280,518,20276,2417,423,30-10-2025
701281,518,20035,3368,355,19-11-2025
701282,518,20174,4241,487,10-06-2025
701283,518,20250,2870,76,18-02-2026
701284,518,21377,34,134,04-Jan-26
701285,518,20353,1383,38,15-12-2025
701286,518,21147,2551,217,12-03-2026
701287,518,21399,322,28,28-07-2026
701288,518,20312,1511,262,17-11-2025
701289,518,20922,118,214,22-07-2026
701290,518,20038,,488,27-02-2026
701291,518,20286,1769,334,09-09-2025
701292,518,20427,498,451,01-06-2026
701293,518,20265,2933,121,30-09-2025
701294,518,20258,4092,324,10-02-2026
701295,518,20987,5641,67,10-10-2025
701296,518,20495,781,399,20-06-2026
701297,518,20257,641,420,27-08-2026
701298,518,20259,386,105,18-Feb-26
701299,518,20536,3540,341,30-06-2026
701300,518,20530,4289,321,15-03-2026
701301,518,20369,112,71,27-05-2026
701302,518,20980,9629,466,14-08-2026
701303,518,21091,187,182,02-09-2025
701304,518,21229,2727,336,26-12-2025
701305,518,20664,4320,197,30-Dec-25
701306,518,21168,7165,286,04-03-2026
701307,518,20040,4381,457,07-17-2026
701308,518,20175,5661,13,02-06-2026
701309,518,20950,1451,358,05-02-2026
701310,518,20734,5901,464,24-11-2025
701311,518,21096,292,306,05-09-2025
701312,518,20863,7879,399,01-11-2025
701313,518,21352,2775,48,13-04-2026
701314,518,20351,5948,399,18-12-2025
701315,518,21208,2106,281,23-02-2026
701316,518,20527,3610,188,22-06-2026
701317,518,20450,2615,,11-08-2026
701318,518,20225,4602,166,15-11-2025
701319,518,21438,298,342,10-07-2026
701320,518,20136,218,83,12-12-2025
701321,518,21063,993,470,04-05-2026
701322,518,20800,608,51,10-01-2026
701323,518,20570,7187,,11-11-2025
701324,518,20327,866,148,10-04-2026
701325,518,20535,13030,344,11-12-2025
701326,518,20643,1437,491,27-09-2025
701327,518,21452,703,423,01-05-2026
701328,518,20134,5455,454,10-09-2025
701329,518,21176,3761,273,12-26-2025
701330,518,20173,2413,498,26-12-2025
701331,518,21458,2836,328,12-03-2026
701332,518,20728,,182,02-03-2026
701333,518,20771,907,308,10-29-2025
701334,518,20799,19623,,15-12-2025
701335,518,21010,12878,44,06-08-2026
701336,518,20839,3676,69,10-02-2026
701337,518,21242,779,230,24-11-2025
701338,518,21367,3989,70,28-02-2026
701339,518,21074,262,76,30-11-2025
701340,518,20432,109,76,12-02-2026
701341,518,20313,1043,376,27-02-2026
701342,518,21306,2173,499,26-05-2026
701343,518,20239,7092,70,23-03-2026
701344,518,21021,,319,23-05-2026
701345,518,20589,4750,189,30-08-2026
701346,518,21274,1939,372,26-04-2026
701347,518,21079,1485,,21-01-2026
701348,518,21109,1622,18,29-04-2026
701349,518,20172,15374,84,01-07-2026
701350,518,20094,143,114,02-01-2026
701351,519,20742,4832,166,05-03-2026
701352,519,21261,2070,375,26-12-2025
701353,519,20908,1383,306,20-05-2026
701354,519,20265,3094,397,02-09-2025
701355,519,20097,1597,345,01-03-2026
701356,519,20842,4950,274,29-10-2025
701357,519,20374,5532,385,31-10-2025
701358,519,20159,1312,71,22-04-2026
701359,519,21229,776,427,25-08-2026
701360,519,20886,2149,468,27-11-2025
701361,519,20993,5831,90,23-05-2026
701362,519,21387,567,447,19-03-2026
701363,519,20751,2336,477,25-03-2026
701364,519,20015,2391,493,13-10-2025
701365,519,21360,3164,259,10-May-26
701366,519,20704,338,281,29-07-2026
701367,519,21038,,22,10-17-2025
701368,519,20518,5741,238,10-01-2026
701369,519,20724,474,429,02-10-2025
701370,519,20128,650,227,27-10-2025
701371,519,21087,8512,422,29-06-2026
701372,519,20500,478,333,02-12-2025
701373,519,20380,4615,197,03-02-2026
701374,519,20394,1623,195,10-11-2025
701375,519,21259,680,297,18-01-2026
701376,519,20376,4900,87,11-Sep-25
701377,519,20628,1411,116,21-07-2026
701378,519,21161,1732,373,06-04-2026
701379,519,20755,1066,362,11-01-2026
701380,519,20461,2153,146,04-11-2025
701381,519,21224,428,486,15-09-2025
701382,519,21205,1188,155,24-Dec-25
701383,519,20398,8352,106,24-09-2025
701384,519,20556,715,418,02-18-2026
701385,519,20676,2561,409,19-05-2026
701386,519,21011,942,397,08-12-2025
701387,519,20179,3556,346,14-08-2026
701388,519,20123,336,266,20-06-2026
701389,519,21370,8384,347,05-21-2026
701390,519,20468,1448,174,15-02-2026
701391,519,21263,645,221,02-05-2026
701392,519,20178,183,437,08-Dec-25
701393,519,20410,446,344,06-01-2026
701394,519,21128,1757,150,24-06-2026
701395,519,20226,984,58,08-02-2026
701396,519,20782,4228,336,06-02-2026
701397,519,21464,1350,28,05-03-2026
701398,519,20625,685,211,26-01-2026
701399,519,20771,2299,407,10-11-2025
701400,519,20616,2938,70,28-04-2026
701401,519,20666,438,172,29-10-2025
701402,519,20100,439,119,15-08-2026
701403,519,20006,89,465,17-06-2026
701404,519,21124,3193,54,30-06-2026
701405,519,20096,2611,163,10-02-2026
701406,519,20069,1542,310,29-04-2026
701407,519,21488,4452,241,09-09-2025
701408,519,20498,3923,369,20-04-2026
701409,519,21211,2108,399,17-03-2026
701410,519,20910,4855,267,29-09-2025
701411,519,20885,552,70,29-11-2025
701412,519,21081,284,268,25-08-2026
701413,519,21426,753,332,09-03-2026
701414,519,20493,141,,30-03-2026
701415,519,20167,1814,355,31-07-2026
701416,519,20031,6606,134,06-10-2025
701417,519,20466,96,259,02-06-2026
701418,519,20820,312,31,06-Jul-26
701419,519,20840,1441,205,27-06-2026
701420,519,20448,6505,419,31-12-2025
701421,519,20279,910,500,26-01-2026
701422,519,20950,1695,158,18-06-2026
701423,519,21143,102,345,01-25-2026
701424,519,21457,385,177,07-Feb-26
701425,519,21321,10334,68,27-07-2026
701426,520,20714,9298,491,01-04-2026
701427,520,20574,14,367,01-01-2026
701428,520,20838,8403,419,07-12-2025
701429,520,21355,2824,76,24-01-2026
701430,520,21094,5609,278,10-Sep-25
701431,520,21310,1680,64,24-02-2026
701432,520,21500,2008,495,26-03-2026
701433,520,20700,1859,199,16-06-2026
701434,520,21146,3046,157,11-02-2026
701435,520,20935,417,238,12-21-2025
701436,520,21091,84,404,27-09-2025
701437,520,21176,1020,378,26-07-2026
701438,520,21252,3379,324,15-07-2026
701439,520,20721,625,283,17-02-2026
701440,520,21198,3101,102,19-06-2026
701441,520,20056,9708,220,17-10-2025
701442,520,21268,273,333,25-10-2025
701443,520,20185,3094,340,11-14-2025
701444,520,20694,1625,127,01-09-2025
701445,520,21481,5614,433,15-05-2026
701446,520,20077,540,262,06-01-2026
701447,520,20954,3269,74,23-11-2025
701448,520,21064,5045,444,12-02-2026
701449,520,20876,,221,16-07-2026
701450,520,21495,3185,374,08-02-2026
701451,520,20723,1905,259,28-04-2026
701452,520,20982,2665,392,27-12-2025
701453,520,20676,5630,38,08-11-2025
701454,520,21216,2342,360,24-10-2025
701455,520,21405,86,,13-04-2026
701456,520,21265,7406,277,01-07-2026
701457,520,20525,3241,393,03-04-2026
701458,520,20239,3127,113,10-05-2026
701459,520,20406,673,,13-03-2026
701460,520,20821,2980,468,10-03-2026
701461,520,20885,1387,461,22-03-2026
701462,520,20187,2919,440,13-06-2026
701463,520,21061,312,500,10-01-2026
701464,520,20127,2972,177,02-03-2026
701465,520,20513,,12,02-11-2025
701466,520,21486,137,275,14-02-2026
701467,520,20867,10473,99,01-11-2025
701468,520,20786,1447,139,10-Apr-26
701469,520,20770,5669,,13-08-2026
701470,520,20075,4225,,17-11-2025
701471,520,20972,2319,226,23-05-2026
701472,520,20572,3716,328,14-05-2026
701473,520,21419,5841,35,23-07-2026
701474,520,20976,1435,459,17-04-2026
701475,520,20352,1097,51,10-29-2025
701476,520,20336,3052,227,26-07-2026
701477,520,20803,4570,196,10-09-2025
701478,520,20504,3981,366,25-06-2026
701479,520,20245,4429,289,27-11-2025
701480,520,21054,1585,322,03-03-2026
701481,520,20078,4718,34,01-05-2026
701482,520,21296,355,332,10-11-2025
701483,520,20112,2179,489,09-04-2026
701484,520,20096,16,326,12-03-2026
701485,520,20632,1087,372,06-07-2026
701486,520,21329,1265,239,13-12-2025
701487,520,20417,1398,351,13-12-2025
701488,520,20624,3294,327,19-Oct-25
701489,520,20133,1363,353,13-Feb-26
701490,520,21415,1650,320,02-04-2026
701491,520,20371,751,,24-11-2025
701492,520,20293,1295,285,22-05-2026
701493,520,20493,714,188,21-01-2026
701494,520,20967,211,427,05-05-2026
701495,520,20229,2563,316,17-10-2025
701496,520,20049,,,26-11-2025
701497,520,21455,2677,150,28-09-2025
701498,520,20252,1725,342,26-05-2026
701499,520,20985,1324,270,30-01-2026
701500,520,20924,5514,164,13-02-2026
701501,521,21195,4471,77,30-10-2025
701502,521,21117,3984,108,21-08-2026
701503,521,20126,159,105,20-02-2026
701504,521,21424,2549,261,31-12-2025
701505,521,20084,2921,122,24-08-2026
701506,521,20750,3108,214,21-11-2025
701507,521,20375,5300,32,24-11-2025
701508,521,21106,4658,455,23-12-2025
701509,521,20204,5718,413,01-09-2025
701510,521,20431,8841,208,20-01-2026
701511,521,20250,10239,346,27-10-2025
701512,521,21146,7733,62,08-07-2026
701513,521,21402,19009,492,28-01-2026
701514,521,21162,112,227,10-11-2025
701515,521,20315,1331,191,07-12-2025
701516,521,21055,46,275,21-09-2025
701517,521,20148,6367,246,12-04-2025
701518,521,21381,13943,409,18-07-2026
701519,521,21181,1704,148,03-10-2025
701520,521,21314,15986,122,23-01-2026
701521,521,20670,380,328,10-11-2025
701522,521,20293,16640,446,19-07-2026
701523,521,21160,2646,448,26-08-2026
701524,521,21291,653,364,03-11-2025
701525,521,20283,4063,57,16-07-2026
701526,521,20677,1812,368,16-11-2025
701527,521,20381,2048,419,01-11-2025
701528,521,20712,2242,36,14-07-2026
701529,521,20071,9922,457,22-03-2026
701530,521,21327,4731,344,05-11-2025
701531,521,21085,2278,292,18-11-2025
701532,521,20707,5756,184,11-01-2026
701533,521,20515,7690,43,11-09-2025
701534,521,21357,,62,09-12-2025
701535,521,20344,3259,24,11-01-2026
701536,521,20054,794,332,19-06-2026
701537,521,20166,1220,215,12-10-2025
701538,521,21065,6980,180,29-07-2026
701539,521,20679,1223,49,26-04-2026
701540,521,21104,4548,24,21-12-2025
701541,521,20836,7540,88,08-12-2025
701542,521,20919,690,,15-12-2025
701543,521,20040,5116,11,23-10-2025
701544,521,20695,1811,425,28-09-2025
701545,521,21020,20121,101,17-02-2026
701546,521,20510,4035,,06-12-2025
701547,521,20598,10014,126,29-03-2026
701548,521,21490,4879,380,12-16-2025
701549,521,21077,271,408,03-26-2026
701550,521,21075,6124,221,21-02-2026
701551,521,21148,18468,189,14-12-2025
701552,521,20082,5620,481,07-06-2026
701553,521,20979,10445,500,29-09-2025
701554,521,20907,13166,236,21-03-2026
701555,521,21244,1581,417,21-05-2026
701556,521,21337,1455,342,04-11-2025
701557,521,21378,5766,281,16-04-2026
701558,521,21451,3233,215,18-12-2025
701559,521,21205,11186,115,25-11-2025
701560,521,21331,14063,34,10-10-2025
701561,521,20015,2663,344,12-01-2026
701562,521,21214,1651,254,29-10-2025
701563,521,20269,9261,401,10-10-2025
701564,521,20078,1962,455,24-08-2026
701565,521,20299,10561,387,27-01-2026
701566,521,21323,3366,136,02-06-2026
701567,521,20873,6725,401,22-04-2026
701568,521,20983,613,455,02-11-2025
701569,521,20720,5971,35,01-12-2025
701570,521,20322,3671,244,19-01-2026
701571,521,21116,5395,251,04-11-2025
701572,521,21477,1123,164,06-04-2026
701573,521,21450,8153,408,02-03-2026
701574,521,20095,12130,141,08-02-2026
701575,521,21391,1492,,01-12-2025
701576,522,21181,312,476,24-05-2026
701577,522,20099,74,287,27-12-2025
701578,522,20893,3185,487,26-04-2026
701579,522,20447,2896,280,15-04-2026
701580,522,20105,2453,20,12-03-2026
701581,522,20462,818,221,28-02-2026
701582,522,21452,1537,243,06-06-2026
701583,522,20097,2798,280,27-03-2026
701584,522,21436,2129,18,13-10-2025
701585,522,20259,13658,424,26-11-2025
701586,522,20254,455,474,31-08-2025
701587,522,20600,3683,186,17-02-2026
701588,522,20066,1606,467,23-06-2026
701589,522,21191,1733,65,04-12-2025
701590,522,20884,3920,277,25-08-2026
701591,522,20855,3656,378,04-26-2026
701592,522,20550,14694,348,18-06-2026
701593,522,20132,426,460,19-11-2025
701594,522,21462,341,182,10-12-2025
701595,522,21263,3995,269,20-07-2026
701596,522,20537,2678,417,03-11-2025
701597,522,20441,993,33,09-05-2026
701598,522,21465,257,120,24-11-2025
701599,522,20637,278,240,02-01-2026
701600,522,21354,6964,41,17-02-2026
701601,522,20338,660,322,22-07-2026
701602,522,21377,1211,218,01-11-2025
701603,522,20185,797,142,27-12-2025
701604,522,20149,1360,124,10-11-2025
701605,522,21317,223,201,27-09-2025
701606,522,20557,2270,315,23-05-2026
701607,522,20275,217,380,03-10-2025
701608,522,20448,4995,239,30-11-2025
701609,522,21224,825,71,24-08-2026
701610,522,20050,2408,403,27-07-2026
701611,522,20931,6576,337,26-11-2025
701612,522,20980,3263,172,22-02-2026
701613,522,20848,2360,298,22-04-2026
701614,522,20209,1216,113,29-06-2026
701615,522,21291,1256,194,18-Jan-26
701616,522,21456,3432,444,31-10-2025
701617,522,20478,15934,416,14-11-2025
701618,522,21480,3362,87,17-09-2025
701619,522,20222,2530,76,26-06-2026
701620,522,20142,4067,263,25-09-2025
701621,522,20649,1940,295,07-12-2025
701622,522,21304,192,289,30-01-2026
701623,522,21180,2562,214,02-02-2026
701624,522,21320,9801,451,27-05-2026
701625,522,21153,598,62,04-04-2026
701626,522,20665,3631,194,11-10-2025
701627,522,20144,695,139,09-09-2025
701628,522,20414,2380,411,23-06-2026
701629,522,20790,315,232,05-04-2026
701630,522,21208,1856,310,29-01-2026
701631,522,20489,4375,327,01-Jun-26
701632,522,21155,1324,363,31-07-2026
701633,522,21212,3390,98,10-04-2026
701634,522,21316,4920,27,19-Jul-26
701635,522,20497,8122,52,23-10-2025
701636,522,20835,829,113,11-07-2026
701637,522,20415,1580,71,23-09-2025
701638,522,20383,513,444,31-07-2026
701639,522,20119,15163,105,06-04-2026
701640,522,20440,8115,213,14-05-2026
701641,522,20676,2407,262,13-09-2025
701642,522,20982,5721,67,01-01-2026
701643,522,20346,2282,362,02-02-2026
701644,522,20150,3029,13,07-07-2026
701645,522,20425,289,134,06-12-2025
701646,522,20380,4364,357,30-09-2025
701647,522,20565,424,159,31-03-2026
701648,522,20939,5423,475,07-10-2025
701649,522,20224,4723,365,26-07-2026
701650,522,20538,3824,201,25-12-2025
701651,523,20568,148,418,20-10-2025
701652,523,20746,1448,34,28-08-2026
701653,523,20269,1224,14,29-09-2025
701654,523,21322,1790,493,16-09-2025
701655,523,20890,368,377,29-07-2026
701656,523,20095,11082,338,05-06-2026
701657,523,20039,3236,469,07-11-2025
701658,523,20564,1462,219,08-25-2026
701659,523,20101,2028,281,30-10-2025
701660,523,20029,2377,52,05-08-2026
701661,523,20296,,117,15-04-2026
701662,523,20577,2907,211,30-01-2026
701663,523,20475,10096,,30-08-2026
701664,523,20480,2755,341,11-07-2026
701665,523,21477,19438,73,18-08-2026
701666,523,20364,7644,273,04-21-2026
701667,523,20146,938,363,11-10-2025
701668,523,20117,10696,103,02-11-2025
701669,523,21285,496,336,21-03-2026
701670,523,20273,6819,448,22-07-2026
701671,523,21224,1921,340,05-12-2025
701672,523,20319,8434,298,14-05-2026
701673,523,21116,8120,108,19-03-2026
701674,523,21397,6573,232,21-10-2025
701675,523,21159,6258,141,13-09-2025
701676,523,20883,,332,16-02-2026
701677,523,20299,338,119,22-01-2026
701678,523,21169,2068,323,17-01-2026
701679,523,21460,764,346,09-04-2026
701680,523,20049,4760,286,21-04-2026
701681,523,20934,1703,118,19-08-2026
701682,523,21168,14889,436,03-03-2026
701683,523,21353,4107,26,04-12-2025
701684,523,21390,6931,346,11-09-2025
701685,523,21177,570,434,22-09-2025
701686,523,21022,7941,387,24-09-2025
701687,523,20554,10267,71,01-10-2025
701688,523,20111,2677,421,03-07-2026
701689,523,21060,3737,434,19-10-2025
701690,523,20688,5803,290,21-01-2026
701691,523,20647,771,432,22-04-2026
701692,523,20386,2800,316,20-11-2025
701693,523,21216,2039,85,25-02-2026
701694,523,20786,635,27,29-11-2025
701695,523,20698,1837,464,05-07-2026
701696,523,21145,283,414,01-08-2026
701697,523,20046,105,266,24-09-2025
701698,523,21001,582,256,24-08-2026
701699,523,20636,13231,279,30-03-2026
701700,523,20428,3197,307,01-11-2025
701701,523,20243,13536,,15-May-26
701702,523,21297,2271,140,05-Jul-26
701703,523,21234,1498,448,28-05-2026
701704,523,20819,2829,192,17-05-2026
701705,523,20774,2321,309,07-04-2026
701706,523,20950,448,,14-02-2026
701707,523,20781,4105,331,27-12-2025
701708,523,21068,976,313,19-02-2026
701709,523,20109,3875,182,06-02-2026
701710,523,20582,4211,,24-07-2026
701711,523,21283,661,445,07-25-2026
701712,523,20526,254,60,05-15-2026
701713,523,20469,6085,302,10-04-2026
701714,523,20549,2469,,01-11-2025
701715,523,21161,240,66,23-11-2025
701716,523,20220,21137,458,02-01-2026
701717,523,21252,239,159,01-03-2026
701718,523,21291,4761,67,29-03-2026
701719,523,20713,16500,373,29-04-2026
701720,523,20658,1096,166,07-Apr-26
701721,523,21015,615,133,14-03-2026
701722,523,20154,519,459,01-07-2026
701723,523,20197,1449,220,20-01-2026
701724,523,21118,427,140,06-02-2026
701725,523,20758,4724,441,18-02-2026
701726,524,21195,418,235,21-05-2026
701727,524,20666,4626,490,06-10-2025
701728,524,20853,37109,500,13-01-2026
701729,524,21241,10925,451,18-11-2025
701730,524,20362,6204,347,08-12-2025
701731,524,21470,2375,308,04-05-2026
701732,524,21384,6352,270,07-10-2025
701733,524,21339,4864,204,01-09-2025
701734,524,21376,3607,87,12-11-2025
701735,524,21480,910,46,06-07-2026
701736,524,20737,14140,470,03-27-2026
701737,524,21485,3881,262,22-08-2026
701738,524,20686,1406,153,02-01-2026
701739,524,20077,2978,268,22-06-2026
701740,524,20918,3473,353,29-05-2026
701741,524,20900,11417,124,17-07-2026
701742,524,20824,8592,300,13-03-2026
701743,524,20567,9527,188,06-07-2026
701744,524,21289,72,186,19-Apr-26
701745,524,21489,3495,56,14-04-2026
701746,524,20543,4264,223,18-08-2026
701747,524,20087,126,264,02-02-2026
701748,524,20475,1954,346,05-09-2025
701749,524,21449,9278,57,13-04-2026
701750,524,20384,958,238,16-11-2025
701751,524,21048,4978,137,21-12-2025
701752,524,20762,1574,353,18-02-2026
701753,524,20760,79,174,01-08-2026
701754,524,20054,1793,434,06-09-2025
701755,524,20848,24193,308,24-02-2026
701756,524,20606,10504,434,06-07-2026
701757,524,21152,20840,309,18-06-2026
701758,524,20797,4347,110,01-10-2025
701759,524,20320,755,271,02-10-2025
701760,524,20457,5157,369,15-12-2025
701761,524,21475,3935,154,01-20-2026
701762,524,20705,12083,362,30-04-2026
701763,524,20997,,184,16-01-2026
701764,524,20105,4351,405,03-07-2026
701765,524,21191,1056,113,13-12-2025
701766,524,20628,2550,439,07-10-2025
701767,524,21269,8684,133,09-08-2025
701768,524,20655,4198,304,14-06-2026
701769,524,20332,3062,53,09-07-2026
701770,524,21450,3259,272,04-01-2026
701771,524,20031,3996,408,16-12-2025
701772,524,21331,,275,02-03-2026
701773,524,20801,14462,76,25-08-2026
701774,524,20894,20192,241,09-04-2026
701775,524,20013,10042,337,24-11-2025
701776,524,20127,2461,221,26-01-2026
701777,524,21131,7569,151,26-11-2025
701778,524,21130,3739,361,27-10-2025
701779,524,21395,1909,77,10-12-2025
701780,524,20670,11939,,28-11-2025
701781,524,20393,255,500,09-06-2026
701782,524,21031,15072,91,06-06-2026
701783,524,20564,4020,289,11-08-2026
701784,524,20464,6586,71,30-12-2025
701785,524,21320,6995,497,28-06-2026
701786,524,20477,14647,325,22-05-2026
701787,524,20231,6576,410,30-Jan-26
701788,524,21073,6182,140,07-05-2026
701789,524,20246,448,,10-01-2026
701790,524,21239,,281,10-06-2026
701791,524,21033,1057,260,14-02-2026
701792,524,20898,8686,78,20-11-2025
701793,524,21324,4663,84,17-07-2026
701794,524,21064,7406,73,01-12-2025
701795,524,20611,276,183,24-06-2026
701796,524,20371,576,105,19-06-2026
701797,524,21172,8184,482,07-01-2026
701798,524,21467,486,251,02-08-2026
701799,524,20360,480,402,26-10-2025
701800,524,21124,79,,27-09-2025
701801,525,21024,12641,112,01-11-2025
701802,525,20263,5393,422,30-12-2025
701803,525,20842,1757,435,26-06-2026
701804,525,21331,1418,164,20-03-2026
701805,525,20711,1735,166,15-12-2025
701806,525,20173,6008,446,14-02-2026
701807,525,20516,4366,60,04-04-2026
701808,525,20357,826,336,22-04-2026
701809,525,20610,771,187,30-09-2025
701810,525,20305,418,,26-02-2026
701811,525,20504,4353,477,27-12-2025
701812,525,20532,5828,472,01-11-2025
701813,525,21269,1242,390,27-10-2025
701814,525,21004,85,302,22-02-2026
701815,525,20807,346,308,02-06-2026
701816,525,21360,13861,378,29-07-2026
701817,525,21130,1412,95,15-04-2026
701818,525,20106,5912,455,24-03-2026
701819,525,20374,3951,479,05-06-2026
701820,525,20057,1940,175,29-08-2026
701821,525,20120,928,246,28-12-2025
701822,525,21252,522,350,29-10-2025
701823,525,20090,3849,153,14-Jun-26
701824,525,20202,6008,393,23-01-2026
701825,525,20338,4163,178,02-12-2025
701826,525,21285,3047,248,16-07-2026
701827,525,20195,173,500,13-08-2026
701828,525,20356,13940,479,25-03-2026
701829,525,20435,6463,384,19-09-2025
701830,525,20776,1397,295,22-09-2025
701831,525,20420,15767,454,21-11-2025
701832,525,20881,3714,216,08-03-2026
701833,525,21235,3521,401,07-12-2025
701834,525,20917,5559,54,07-02-2026
701835,525,20937,6734,254,21-09-2025
701836,525,20074,4308,232,04-12-2025
701837,525,20016,553,490,02-Oct-25
701838,525,20294,1665,231,27-03-2026
701839,525,20726,10613,31,30-09-2025
701840,525,20388,1026,111,17-10-2025
701841,525,21282,1877,396,22-10-2025
701842,525,20157,2281,86,25-03-2026
701843,525,20402,2334,372,26-12-2025
701844,525,20690,3827,377,22-07-2026
701845,525,20654,11556,466,20-11-2025
701846,525,21409,1110,295,12-05-2026
701847,525,21143,522,87,02-01-2026
701848,525,21054,887,50,16-05-2026
701849,525,20462,8789,171,12-11-2025
701850,525,21426,4185,409,10-08-2026
701851,525,20445,1358,404,15-07-2026
701852,525,20446,6824,359,15-01-2026
701853,525,21288,7967,412,29-Nov-25
701854,525,21041,7557,,28-10-2025
701855,525,20733,10130,348,13-12-2025
701856,525,21168,1172,59,09-25-2025
701857,525,20034,5672,391,17-10-2025
701858,525,20978,2489,22,05-02-2026
701859,525,20577,,313,31-10-2025
701860,525,21084,5257,336,08-12-2025
701861,525,20984,6040,361,06-03-2026
701862,525,20759,4305,91,21-10-2025
701863,525,20645,788,146,01-23-2026
701864,525,20972,3175,84,29-11-2025
701865,525,21315,16846,495,05-12-2025
701866,525,20796,11172,296,01-27-2026
701867,525,20823,178,227,25-09-2025
701868,525,20784,726,498,07-04-2026
701869,525,21082,570,188,11-Mar-26
701870,525,20739,5220,475,08-11-2025
701871,525,20224,6865,262,10-22-2025
701872,525,20434,968,363,04-11-2025
701873,525,21191,2842,90,17-01-2026
701874,525,20499,7407,295,05-01-2026
701875,525,20194,5321,,08-04-2026
701876,526,21227,3501,119,30-06-2026
701877,526,20384,3999,465,29-04-2026
701878,526,20212,3181,,11-05-2026
701879,526,21224,1582,363,15-09-2025
701880,526,20292,3730,466,07-10-2025
701881,526,20633,5232,417,15-08-2026
701882,526,20222,9258,73,24-09-2025
701883,526,20293,4532,445,01-10-2025
701884,526,21404,6416,59,20-07-2026
701885,526,20053,782,416,18-01-2026
701886,526,20144,2774,113,08-29-2026
701887,526,20246,42,69,13-11-2025
701888,526,20513,1269,201,30-06-2026
701889,526,21159,5808,358,21-06-2026
701890,526,21128,21529,,23-11-2025
701891,526,20014,468,43,03-03-2026
701892,526,20491,2300,406,14-01-2026
701893,526,20851,7213,477,11-12-2025
701894,526,21363,1023,196,12-03-2026
701895,526,20545,3629,132,19-12-2025
701896,526,20092,5918,212,31-01-2026
701897,526,20282,4288,73,21-06-2026
701898,526,21084,933,45,04-02-2026
701899,526,20979,1967,277,01-05-2026
701900,526,20972,6862,60,05-05-2026
701901,526,21199,3620,332,18-04-2026
701902,526,20547,23,366,08-01-2026
701903,526,20572,,425,01-10-2025
701904,526,21189,161,433,19-02-2026
701905,526,20400,6136,170,21-03-2026
701906,526,20841,1014,424,09-17-2025
701907,526,20344,14212,357,27-10-2025
701908,526,20843,2056,353,29-07-2026
701909,526,20360,1774,280,11-09-2025
701910,526,20751,722,208,26-11-2025
701911,526,21459,1634,20,30-01-2026
701912,526,21000,9377,481,23-05-2026
701913,526,20017,25131,457,22-05-2026
701914,526,20011,2058,26,29-01-2026
701915,526,20148,2667,482,09-08-2026
701916,526,21220,5737,15,13-06-2026
701917,526,21017,9738,,13-02-2026
701918,526,21489,4028,272,09-07-2026
701919,526,20213,2226,464,03-Jan-26
701920,526,20797,2384,229,15-08-2026
701921,526,20125,5330,200,16-01-2026
701922,526,20439,14,110,08-01-2026
701923,526,20622,4331,,18-12-2025
701924,526,21491,1968,316,13-04-2026
701925,526,20260,7083,228,21-09-2025
701926,526,20683,437,,30-11-2025
701927,526,21115,3975,380,18-08-2026
701928,526,21289,2938,272,10-10-2025
701929,526,20317,4607,498,30-12-2025
701930,526,20521,300,332,12-07-2026
701931,526,20138,3887,250,30-11-2025
701932,526,21246,3694,26,09-01-2026
701933,526,20161,3685,305,28-05-2026
701934,526,20279,4145,,10-10-2025
701935,526,20485,5056,432,07-27-2026
701936,526,20052,7325,467,21-10-2025
701937,526,20261,1409,452,16-04-2026
701938,526,20842,7811,233,29-03-2026
701939,526,20476,3090,488,13-01-2026
701940,526,20464,359,444,25-11-2025
701941,526,20665,270,82,18-09-2025
701942,526,20881,1823,427,14-04-2026
701943,526,20749,6885,444,01-06-2026
701944,526,21045,5511,234,09-11-2025
701945,526,20825,6963,279,30-Nov-25
701946,526,20101,3263,385,26-04-2026
701947,526,21359,2600,302,18-07-2026
701948,526,20112,715,11,14-11-2025
701949,526,21254,1782,68,06-05-2026
701950,526,20020,2550,235,25-08-2026
701951,527,20578,255,329,22-12-2025
701952,527,21394,685,161,27-04-2026
701953,527,20412,2505,20,24-12-2025
701954,527,20880,3655,169,31-05-2026
701955,527,21124,17594,121,10-09-2025
701956,527,21060,,411,08-09-2025
701957,527,21480,2826,124,15-01-2026
701958,527,20959,1502,283,06-09-2025
701959,527,20075,2777,358,20-10-2025
701960,527,20455,4230,278,18-Jun-26
701961,527,20839,346,256,05-09-2025
701962,527,20585,1449,12,08-02-2026
701963,527,20620,5030,308,20-May-26
701964,527,21365,1330,60,26-12-2025
701965,527,21200,2330,164,31-08-2026
701966,527,20149,2434,261,31-05-2026
701967,527,21406,560,17,17-12-2025
701968,527,20856,1235,334,25-06-2026
701969,527,20365,1119,25,21-02-2026
701970,527,20675,73,198,27-10-2025
701971,527,21234,67,171,07-08-2026
701972,527,21246,4895,280,28-07-2026
701973,527,20824,876,97,31-Jan-26
701974,527,21330,2005,85,13-12-2025
701975,527,20965,,212,26-08-2026
701976,527,20660,7759,387,26-05-2026
701977,527,20912,824,420,02-12-2025
701978,527,21448,1542,420,19-10-2025
701979,527,20751,5662,92,13-05-2026
701980,527,21324,5067,352,02-07-2026
701981,527,20935,566,451,30-03-2026
701982,527,20916,,231,30-11-2025
701983,527,21136,1683,329,02-11-2025
701984,527,20512,1812,222,12-12-2025
701985,527,20360,394,80,06-02-2026
701986,527,20143,231,392,28-12-2025
701987,527,21001,3575,202,21-02-2026
701988,527,21272,1884,218,31-10-2025
701989,527,20213,1577,282,31-10-2025
701990,527,20207,3591,336,12-09-2025
701991,527,21355,3984,337,22-11-2025
701992,527,20747,475,469,18-06-2026
701993,527,20875,2588,336,16-08-2026
701994,527,20354,399,365,04-03-2026
701995,527,20740,3823,101,14-11-2025
701996,527,20165,2939,272,16-02-2026
701997,527,21341,8618,72,10-10-2025
701998,527,20129,196,180,01-14-2026
701999,527,20117,161,73,05-11-2025
702000,527,20033,911,77,05-12-2025
702001,527,21104,833,248,27-08-2026
702002,527,20017,779,393,23-03-2026
702003,527,20211,6502,369,24-07-2026
702004,527,20598,789,360,04-04-2026
702005,527,20021,872,142,22-07-2026
702006,527,20617,3913,,20-05-2026
702007,527,20560,1641,138,15-08-2026
702008,527,20206,,181,18-12-2025
702009,527,20972,186,119,08-04-2026
702010,527,20769,1836,316,14-08-2026
702011,527,20469,94,273,18-01-2026
702012,527,21067,178,318,23-05-2026
702013,527,21445,6507,15,16-04-2026
702014,527,20063,412,142,24-09-2025
702015,527,20840,2088,93,16-05-2026
702016,527,21465,1454,103,01-Apr-26
702017,527,21492,,440,23-12-2025
702018,527,20827,6320,182,25-06-2026
702019,527,20533,61,344,28-04-2026
702020,527,20255,2994,152,16-12-2025
702021,527,20350,9085,241,12-18-2025
702022,527,20555,2256,307,01-12-2025
702023,527,20139,7586,39,26-12-2025
702024,527,21017,147,262,26-11-2025
702025,527,20906,,111,01-04-2026
702026,528,21486,3202,487,11-09-2025
702027,528,20907,13947,361,26-09-2025
702028,528,20539,42288,187,13-01-2026
702029,528,20589,3150,97,19-12-2025
702030,528,20515,11285,464,27-10-2025
702031,528,21292,2346,33,17-07-2026
702032,528,20495,8855,227,09-07-2026
702033,528,20779,6626,285,11-03-2026
702034,528,21389,38002,402,02-28-2026
702035,528,20724,9967,38,01-11-2026
702036,528,21000,4570,123,02-12-2025
702037,528,21454,1287,247,22-07-2026
702038,528,21026,1743,361,15-06-2026
702039,528,20577,2713,108,02-03-2026
702040,528,20809,3071,278,18-02-2026
702041,528,21452,20206,162,25-02-2026
702042,528,21409,8755,227,09-05-2026
702043,528,21374,7876,394,06-06-2026
702044,528,20281,1296,409,15-10-2025
702045,528,21010,,482,08-05-2026
702046,528,20851,13636,151,15-01-2026
702047,528,20257,745,,09-08-2026
702048,528,20151,13077,282,31-05-2026
702049,528,20968,8335,140,13-04-2026
702050,528,21033,906,199,06-02-2026
702051,528,20591,6515,399,02-02-2026
702052,528,20886,7046,500,22-10-2025
702053,528,20704,1926,308,22-04-2026
702054,528,21211,30960,210,03-01-2026
702055,528,20605,20160,215,16-09-2025
702056,528,21238,11751,439,16-10-2025
702057,528,20622,6594,412,03-03-2026
702058,528,20461,5639,140,10-09-2025
702059,528,20994,11187,466,18-06-2026
702060,528,21307,8379,327,12-22-2025
702061,528,20262,683,346,28-09-2025
702062,528,21285,7636,317,23-02-2026
702063,528,20720,17450,90,18-05-2026
702064,528,20298,6534,236,30-06-2026
702065,528,20159,567,,28-02-2026
702066,528,20010,16399,13,07-Dec-25
702067,528,20419,2390,202,08-07-2026
702068,528,20913,3180,479,15-09-2025
702069,528,20283,1913,33,29-Nov-25
702070,528,20219,4260,257,29-Jan-26
702071,528,20123,15024,173,20-11-2025
702072,528,21370,7787,88,18-12-2025
702073,528,20820,2437,54,31-05-2026
702074,528,20238,22343,295,02-04-2026
702075,528,20387,22496,139,16-10-2025
702076,528,20493,21730,110,08-05-2026
702077,528,20245,2900,93,02-10-2025
702078,528,20375,6378,,20-07-2026
702079,528,21127,44626,452,01-06-2026
702080,528,20576,15713,333,27-12-2025
702081,528,20617,293,289,03-11-2025
702082,528,20776,717,241,04-01-2026
702083,528,20797,6626,485,25-04-2026
702084,528,21429,25499,127,20-05-2026
702085,528,21366,8223,175,18-05-2026
702086,528,20417,7320,,01-May-26
702087,528,20343,1185,168,12-11-2025
702088,528,21470,11365,172,15-Oct-25
702089,528,20449,18349,445,24-03-2026
702090,528,20728,5088,473,24-01-2026
702091,528,20810,,221,09-05-2026
702092,528,21488,35470,24,02-03-2026
702093,528,21282,2422,456,02-08-2026
702094,528,20581,7874,459,17-08-2026
702095,528,20106,3597,321,06-05-2026
702096,528,20340,16731,494,01-02-2026
702097,528,20778,,69,20-07-2026
702098,528,21355,10699,298,09-03-2026
702099,528,20637,16994,464,04-03-2026
702100,528,21246,5358,112,05-01-2026
702101,529,21220,7819,226,29-05-2026
702102,529,20711,2414,86,10-10-2025
702103,529,20910,545,260,27-12-2025
702104,529,20323,3774,226,02-07-2026
702105,529,20718,4998,217,05-05-2026
702106,529,21032,1208,57,29-09-2025
702107,529,20977,6170,15,01-02-2026
702108,529,21035,7501,493,23-03-2026
702109,529,20055,1028,171,01-04-2026
702110,529,20419,13017,444,19-Dec-25
702111,529,20377,481,251,15-09-2025
702112,529,20206,715,79,26-11-2025
702113,529,20640,646,195,07-08-2026
702114,529,20468,7115,16,26-11-2025
702115,529,20138,3367,317,30-Nov-25
702116,529,20786,523,186,21-04-2026
702117,529,20948,1840,146,03-01-2026
702118,529,21371,3029,366,20-07-2026
702119,529,21254,276,127,23-12-2025
702120,529,20282,6787,418,12-05-2026
702121,529,20061,5160,125,12-10-2025
702122,529,20923,2231,413,28-07-2026
702123,529,20430,10827,197,19-11-2025
702124,529,21357,1715,133,02-04-2026
702125,529,20364,13132,53,30-Jan-26
702126,529,20929,3495,308,07-11-2025
702127,529,20107,3192,115,18-10-2025
702128,529,21182,575,473,28-07-2026
702129,529,20687,6773,390,06-Aug-26
702130,529,20260,1768,241,05-03-2026
702131,529,21323,561,467,14-01-2026
702132,529,20143,40,157,10-04-2026
702133,529,20192,2601,258,24-09-2025
702134,529,20098,2376,107,17-10-2025
702135,529,20613,4029,192,13-08-2026
702136,529,20489,7005,266,22-04-2026
702137,529,20885,262,141,04-02-2026
702138,529,20411,4169,335,26-03-2026
702139,529,20071,658,454,06-Jul-26
702140,529,20270,6192,150,23-07-2026
702141,529,20841,5420,184,23-03-2026
702142,529,21294,2467,151,05-06-2026
702143,529,20429,3927,466,18-07-2026
702144,529,20597,1196,54,31-03-2026
702145,529,21289,2020,491,21-03-2026
702146,529,21163,5466,,11-03-2026
702147,529,20455,1949,463,28-03-2026
702148,529,20755,1404,451,29-06-2026
702149,529,21261,2161,66,17-04-2026
702150,529,21286,5585,303,28-08-2026
702151,529,20318,1294,458,28-05-2026
702152,529,21161,605,176,01-10-2025
702153,529,20606,3947,432,02-02-2026
702154,529,21485,5544,133,21-11-2025
702155,529,20933,336,398,05-01-2026
702156,529,21170,870,196,28-02-2026
702157,529,20623,485,87,18-09-2025
702158,529,20536,1356,141,17-May-26
702159,529,21414,1897,418,20-01-2026
702160,529,21320,4380,105,17-07-2026
702161,529,20215,3339,499,28-08-2026
702162,529,21268,3075,330,05-11-2025
702163,529,20459,1377,,05-01-2026
702164,529,21404,5839,236,25-03-2026
702165,529,20428,2021,174,28-09-2025
702166,529,20501,12264,120,11-30-2025
702167,529,20084,3188,280,25-11-2025
702168,529,20135,428,234,10-08-2026
702169,529,20070,3575,495,19-10-2025
702170,529,20487,1247,239,12-12-2025
702171,529,21146,3676,295,02-04-2026
702172,529,21300,229,373,20-05-2026
702173,529,20505,609,497,03-09-2025
702174,529,20229,6138,340,25-02-2026
702175,529,20149,817,43,13-11-2025
702176,530,20497,6338,438,09-10-2025
702177,530,20379,1144,306,09-04-2026
702178,530,21171,3597,375,03-27-2026
702179,530,20598,4138,177,02-03-2026
702180,530,20636,2511,223,02-02-2026
702181,530,21404,1273,368,17-02-2026
702182,530,20576,835,185,07-05-2026
702183,530,21362,118,244,06-09-2025
702184,530,21447,1266,19,10-03-2026
702185,530,21411,3699,480,02-05-2026
702186,530,20791,9731,177,21-11-2025
702187,530,20785,7160,360,01-20-2026
702188,530,20767,5075,165,31-01-2026
702189,530,21138,5426,462,24-10-2025
702190,530,20038,3820,154,09-11-2025
702191,530,20458,1053,108,29-01-2026
702192,530,20153,8305,12,05-01-2026
702193,530,20213,3881,340,19-02-2026
702194,530,20715,2871,325,22-04-2026
702195,530,20418,411,495,07-01-2026
702196,530,20299,2070,385,02-13-2026
702197,530,20160,2155,71,21-01-2026
702198,530,20610,6984,319,25-05-2026
702199,530,21015,2764,159,30-10-2025
702200,530,20726,1672,39,10-04-2026
702201,530,21376,13148,486,22-12-2025
702202,530,20232,410,434,23-09-2025
702203,530,20709,1918,379,19-Jun-26
702204,530,20584,150,48,19-07-2026
702205,530,21092,4704,108,03-07-2026
702206,530,21478,,330,17-05-2026
702207,530,21006,1148,48,18-11-2025
702208,530,20714,6827,239,30-05-2026
702209,530,20743,1207,355,18-02-2026
702210,530,21313,8442,298,06-09-2025
702211,530,20580,4899,34,02-06-2026
702212,530,20829,5709,257,21-12-2025
702213,530,20288,63,413,10-03-2026
702214,530,20968,11499,273,17-05-2026
702215,530,20129,4531,25,20-12-2025
702216,530,20975,1270,427,12-05-2026
702217,530,20554,6178,26,17-01-2026
702218,530,20692,1155,234,31-05-2026
702219,530,21377,7202,,27-12-2025
702220,530,20943,417,298,08-05-2026
702221,530,20940,4249,172,22-11-2025
702222,530,20547,2718,493,03-01-2026
702223,530,21316,355,25,29-01-2026
702224,530,21327,967,,12-10-2025
702225,530,20652,44,479,07-03-2026
702226,530,21332,2210,100,02-06-2026
702227,530,20010,1252,468,04-09-2025
702228,530,20254,3187,268,27-11-2025
702229,530,20565,1232,289,23-08-2026
702230,530,20567,1246,190,01-09-2025
702231,530,21279,4749,159,05-07-2026
702232,530,20205,172,166,10-07-2026
702233,530,20660,8146,320,04-05-2026
702234,530,20505,6680,450,21-05-2026
702235,530,20796,3850,149,29-Dec-25
702236,530,21229,,179,01-05-2026
702237,530,20744,7785,16,29-01-2026
702238,530,20409,716,415,20-10-2025
702239,530,20463,287,,24-09-2025
702240,530,21355,956,292,31-12-2025
702241,530,20617,5529,407,02-08-2026
702242,530,20603,123,445,20-08-2026
702243,530,20578,3054,372,17-07-2026
702244,530,21439,18829,383,17-05-2026
702245,530,20488,6763,,04-10-2025
702246,530,21431,2575,142,06-08-2026
702247,530,20355,230,462,02-03-2026
702248,530,20857,6218,421,28-09-2025
702249,530,21178,3192,240,24-Feb-26
702250,530,21213,427,106,08-04-2026
702251,531,20239,529,52,23-06-2026
702252,531,20907,12913,170,15-11-2025
702253,531,21278,5943,153,01-21-2026
702254,531,21062,9496,221,18-01-2026
702255,531,21065,11344,188,22-11-2025
702256,531,20897,4556,181,26-04-2026
702257,531,20289,3914,108,08-09-2026
702258,531,20920,3024,265,20-12-2025
702259,531,21163,2048,497,03-11-2025
702260,531,21470,3063,67,26-09-2025
702261,531,20354,7986,262,29-Nov-25
702262,531,21107,4948,395,29-01-2026
702263,531,21027,11982,375,07-07-2026
702264,531,20050,3147,264,31-Mar-26
702265,531,20537,5018,355,11-12-2025
702266,531,21088,5360,155,03-09-2025
702267,531,20216,4812,389,12-11-2025
702268,531,20297,6515,,08-05-2026
702269,531,20521,1456,46,11-04-2026
702270,531,20707,3858,385,20-05-2026
702271,531,20998,591,412,02-05-2026
702272,531,20926,2607,325,08-04-2026
702273,531,21204,3593,472,27-Aug-26
702274,531,20605,5674,111,11-09-2025
702275,531,21337,16150,188,21-11-2025
702276,531,21483,4931,88,10-01-2026
702277,531,21269,7311,414,04-01-2026
702278,531,20040,3791,319,09-05-2026
702279,531,20499,5401,469,01-05-2026
702280,531,21315,395,256,09-10-2025
702281,531,21011,1577,156,12-11-2025
702282,531,20260,2413,50,18-05-2026
702283,531,21015,3436,,28-05-2026
702284,531,20729,251,85,16-10-2025
702285,531,21147,810,304,10-05-2026
702286,531,21274,1741,286,14-08-2026
702287,531,21481,19119,470,29-12-2025
702288,531,20724,2162,96,12-02-2026
702289,531,20799,3534,420,05-10-2025
702290,531,20187,1173,397,19-04-2026
702291,531,20415,5069,410,17-09-2025
702292,531,20496,,266,22-06-2026
702293,531,20217,1246,,13-06-2026
702294,531,20478,3905,224,30-11-2025
702295,531,20556,30,326,13-01-2026
702296,531,20961,41,65,03-02-2026
702297,531,20360,1328,105,03-22-2026
702298,531,20888,201,271,02-13-2026
702299,531,21100,614,463,24-09-2025
702300,531,20857,,297,14-05-2026
702301,531,21174,8716,293,09-06-2026
702302,531,21008,4559,76,29-12-2025
702303,531,20188,3861,384,12-12-2025
702304,531,21359,1866,252,09-07-2026
702305,531,20347,14422,183,15-Dec-25
702306,531,21330,2717,39,17-03-2026
702307,531,20609,489,430,26-09-2025
702308,531,20373,5157,353,08-01-2026
702309,531,20967,,129,19-06-2026
702310,531,20805,2275,494,07-04-2026
702311,531,20942,3804,442,03-03-2026
702312,531,20483,11137,491,04-03-2026
702313,531,21048,3655,465,26-07-2026
702314,531,21090,6508,497,29-07-2026
702315,531,20515,26516,366,28-07-2026
702316,531,20037,757,339,27-09-2025
702317,531,20751,1726,265,14-10-2025
702318,531,20268,2696,432,02-04-2026
702319,531,20902,2943,301,08-02-2026
702320,531,20690,,348,29-01-2026
702321,531,20464,12795,431,29-03-2026
702322,531,20177,6725,127,29-11-2025
702323,531,20976,5030,209,23-05-2026
702324,531,21479,1988,245,27-01-2026
702325,531,21025,9326,96,06-01-2026
702326,532,20447,22683,486,29-01-2026
702327,532,21228,12586,230,01-04-2026
702328,532,20471,11,478,04-03-2026
702329,532,20464,7397,214,30-08-2026
702330,532,21265,384,494,16-08-2026
702331,532,21373,,289,15-05-2026
702332,532,20360,449,,21-06-2026
702333,532,21356,6769,408,19-01-2026
702334,532,20670,8483,415,04-07-2026
702335,532,20907,889,474,27-04-2026
702336,532,20582,,178,28-Apr-26
702337,532,21257,4454,37,17-May-26
702338,532,20708,3367,89,25-03-2026
702339,532,21165,943,286,25-06-2026
702340,532,21258,3969,202,07-22-2026
702341,532,20650,10170,455,16-08-2026
702342,532,20355,539,177,24-03-2026
702343,532,20269,611,38,24-03-2026
702344,532,21218,3203,433,05-12-2025
702345,532,20498,20783,167,12-06-2026
702346,532,21452,8074,74,08-11-2025
702347,532,21379,8300,85,08-07-2026
702348,532,21417,3285,484,25-06-2026
702349,532,21235,6584,395,28-05-2026
702350,532,20712,74,283,26-12-2025
702351,532,21440,7391,422,22-02-2026
702352,532,21081,17877,72,23-06-2026
702353,532,20707,6933,259,27-01-2026
702354,532,21295,15128,452,22-01-2026
702355,532,20385,9411,,22-May-26
702356,532,21484,939,88,11-26-2025
702357,532,20013,17016,115,17-03-2026
702358,532,20105,503,304,05-07-2026
702359,532,20743,5582,183,03-01-2026
702360,532,20822,1121,290,02-01-2026
702361,532,20684,86,52,11-06-2026
702362,532,20243,4008,495,16-08-2026
702363,532,21206,2556,493,01-08-2026
702364,532,20770,4866,495,16-May-26
702365,532,20211,6294,357,01-04-2026
702366,532,20751,327,220,03-10-2025
702367,532,21363,960,77,12-01-2026
702368,532,20973,5980,424,04-01-2026
702369,532,21329,3073,325,24-01-2026
702370,532,21466,9551,381,09-02-2026
702371,532,20594,7724,90,07-11-2025
702372,532,20135,13659,95,12-08-2026
702373,532,21354,8622,90,25-03-2026
702374,532,20452,4109,260,26-04-2026
702375,532,21290,8172,475,29-05-2026
702376,532,20996,2355,303,06-06-2026
702377,532,20362,2674,437,17-08-2026
702378,532,20251,11375,314,03-06-2026
702379,532,20912,4324,121,03-06-2026
702380,532,20667,11708,79,18-01-2026
702381,532,21239,12636,22,05-09-2025
702382,532,20773,14249,485,12-10-2025
702383,532,20683,18165,177,12-06-2026
702384,532,21101,4122,144,10-01-2025
702385,532,20115,2808,478,21-04-2026
702386,532,21289,6381,319,11-09-2025
702387,532,21345,3392,373,18-01-2026
702388,532,20196,6719,59,24-03-2026
702389,532,20405,8940,44,12-28-2025
702390,532,20746,8525,54,23-11-2025
702391,532,20564,3431,308,12-09-2025
702392,532,20832,1335,294,13-03-2026
702393,532,21201,4117,29,14-03-2026
702394,532,20084,1125,196,08-30-2026
702395,532,20241,16144,483,07-02-2026
702396,532,20856,3103,335,31-08-2025
702397,532,20361,1227,342,21-10-2025
702398,532,20970,188,298,27-07-2026
702399,532,20548,7589,390,27-07-2026
702400,532,21351,7407,314,05-08-2026
702401,533,21440,1989,450,18-05-2026
702402,533,20373,355,391,20-03-2026
702403,533,20996,2517,382,19-03-2026
702404,533,21413,1780,62,11-08-2026
702405,533,20243,5398,407,27-10-2025
702406,533,20715,4445,472,04-06-2026
702407,533,21101,2166,169,30-03-2026
702408,533,20476,1174,167,03-02-2026
702409,533,21020,21135,75,08-Jul-26
702410,533,21178,2890,222,03-02-2026
702411,533,20207,5566,217,19-11-2025
702412,533,20328,723,349,29-10-2025
702413,533,20455,3174,253,06-09-2025
702414,533,20817,133,71,24-04-2026
702415,533,21494,3362,387,20-11-2025
702416,533,21107,,56,10-06-2026
702417,533,20944,2315,465,03-Mar-26
702418,533,20403,190,228,27-08-2026
702419,533,21483,150,136,15-01-2026
702420,533,20983,2345,452,31-01-2026
702421,533,20703,833,326,31-Aug-25
702422,533,20379,113,18,22-04-2026
702423,533,21464,6740,439,31-03-2026
702424,533,20959,2929,200,12-05-2026
702425,533,21312,1630,,05-01-2026
702426,533,20232,10999,37,29-04-2026
702427,533,20928,590,386,28-12-2025
702428,533,20806,14907,257,21-06-2026
702429,533,21338,1799,347,04-07-2026
702430,533,20437,10472,76,06-07-2026
702431,533,21135,4411,105,03-04-2026
702432,533,20124,8370,46,02-26-2026
702433,533,20609,19750,386,12-09-2025
702434,533,20276,1625,,04-12-2025
702435,533,20522,15508,285,26-06-2026
702436,533,20575,2356,291,12-11-2025
702437,533,20660,2325,444,28-11-2025
702438,533,21422,1987,371,21-01-2026
702439,533,20226,3723,42,23-05-2026
702440,533,20845,799,247,02-09-2025
702441,533,20252,3853,353,12-08-2026
702442,533,21476,3726,366,30-08-2026
702443,533,20745,,469,08-12-2025
702444,533,20342,8565,167,02-02-2026
702445,533,21405,2773,105,20-03-2026
702446,533,21389,1719,435,13-03-2026
702447,533,20570,1434,276,31-05-2026
702448,533,20307,1034,153,27-11-2025
702449,533,20681,284,379,29-Apr-26
702450,533,20286,2002,137,03-06-2026
702451,533,20762,1504,450,08-03-2026
702452,533,21212,16206,459,02-03-2026
702453,533,21284,3896,201,14-03-2026
702454,533,21136,2037,73,21-09-2025
702455,533,21063,4148,174,10-28-2025
702456,533,20915,716,83,16-11-2025
702457,533,20127,2803,111,04-Oct-25
702458,533,20772,4699,416,20-Aug-26
702459,533,20689,3205,85,20-06-2026
702460,533,20438,2454,480,01-02-2026
702461,533,20270,24311,69,19-07-2026
702462,533,20636,10137,,16-10-2025
702463,533,20053,,,08-12-2025
702464,533,20301,4023,362,28-02-2026
702465,533,21211,4629,,05-03-2026
702466,533,20397,1073,37,17-09-2025
702467,533,20206,2401,219,11-09-2025
702468,533,20635,192,429,28-12-2025
702469,533,20618,3082,250,18-09-2025
702470,533,20130,3740,452,05-09-2025
702471,533,20555,1234,28,03-10-2025
702472,533,20185,15878,188,16-Dec-25
702473,533,21201,11470,109,14-10-2025
702474,533,20179,6115,,24-12-2025
702475,533,21399,3640,43,15-06-2026
702476,534,20231,10812,305,08-06-2026
702477,534,20326,742,389,04-09-2025
702478,534,20902,8284,251,09-09-2025
702479,534,20353,707,110,08-01-2026
702480,534,20399,8379,351,03-05-2026
702481,534,20780,1710,217,19-08-2026
702482,534,20078,11110,321,04-08-2026
702483,534,20270,15281,197,02-11-2026
702484,534,20717,854,318,08-03-2026
702485,534,20460,3292,130,09-08-2026
702486,534,21320,21002,399,03-12-2025
702487,534,20315,3501,460,08-02-2026
702488,534,20973,10556,106,04-06-2026
702489,534,20385,4709,446,23-11-2025
702490,534,20518,2494,114,22-12-2025
702491,534,20601,1784,87,28-02-2026
702492,534,21169,1204,42,28-11-2025
702493,534,20400,7603,119,25-01-2026
702494,534,20915,2590,37,28-03-2026
702495,534,21398,3795,464,27-06-2026
702496,534,20160,3593,284,20-04-2026
702497,534,20867,4563,401,11-09-2025
702498,534,21354,10636,371,09-04-2026
702499,534,21191,20933,332,08-10-2025
702500,534,20284,2775,412,09-10-2025
702501,534,20116,9314,62,03-13-2026
702502,534,20289,7665,314,12-08-2026
702503,534,20706,4517,282,16-01-2026
702504,534,20858,16560,469,24-09-2025
702505,534,20870,1186,71,19-11-2025
702506,534,20333,613,300,09-10-2025
702507,534,20141,10196,62,17-08-2026
702508,534,21030,3065,153,06-01-2026
702509,534,21425,9949,156,16-10-2025
702510,534,21043,11849,54,04-29-2026
702511,534,20892,342,278,21-04-2026
702512,534,20334,11393,362,27-04-2026
702513,534,20868,3152,485,17-05-2026
702514,534,20258,3785,12,09-01-2026
702515,534,20159,5221,366,24-09-2025
702516,534,21123,13827,111,01-10-2025
702517,534,20221,102,187,27-07-2026
702518,534,20011,3434,177,28-04-2026
702519,534,20091,6168,84,11-10-2025
702520,534,21247,6798,447,07-01-2026
702521,534,21287,6251,429,18-12-2025
702522,534,20154,765,349,31-05-2026
702523,534,21476,1886,335,30-03-2026
702524,534,21379,2355,459,30-10-2025
702525,534,20943,8649,130,30-03-2026
702526,534,20035,1732,197,23-09-2025
702527,534,20583,1254,38,05-11-2025
702528,534,21061,16732,,25-03-2026
702529,534,21444,47,492,15-04-2026
702530,534,21263,32482,256,28-05-2026
702531,534,20634,5987,375,03-04-2026
702532,534,21341,9344,66,24-05-2026
702533,534,20083,1850,414,22-11-2025
702534,534,20981,76,497,09-06-2026
702535,534,20072,7096,268,29-11-2025
702536,534,20036,9522,396,17-03-2026
702537,534,20872,7149,244,10-02-2026
702538,534,21057,817,264,31-01-2026
702539,534,20511,7420,141,18-02-2026
702540,534,20446,7764,212,09-07-2026
702541,534,20514,5695,170,13-09-2025
702542,534,20910,7700,419,19-04-2026
702543,534,21207,9912,271,01-07-2026
702544,534,21091,5040,54,05-07-2026
702545,534,20745,492,231,10-03-2026
702546,534,20362,3544,45,09-08-2026
702547,534,20575,428,114,25-07-2026
702548,534,20254,2774,333,03-07-2026
702549,534,20133,2770,30,24-07-2026
702550,534,20269,362,303,12-06-2026
702551,535,20131,2349,351,01-07-2026
702552,535,20940,644,409,09-06-2025
702553,535,21210,9042,190,16-11-2025
702554,535,20213,16154,236,11-04-2026
702555,535,20438,,11,22-08-2026
702556,535,20684,16992,196,20-03-2026
702557,535,20418,4048,323,14-03-2026
702558,535,21360,1949,173,13-12-2025
702559,535,21285,438,475,02-05-2026
702560,535,21157,3802,145,26-04-2026
702561,535,21153,8664,64,07-09-2025
702562,535,21500,6723,204,06-10-2025
702563,535,21078,282,173,10-11-2025
702564,535,20546,,140,26-11-2025
702565,535,20635,2823,196,10-05-2026
702566,535,20340,1916,152,27-03-2026
702567,535,20609,1448,302,13-11-2025
702568,535,20525,1806,318,16-04-2026
702569,535,21090,8908,381,08-05-2026
702570,535,20628,14499,391,10-02-2026
702571,535,20547,2844,104,03-09-2025
702572,535,21099,12952,372,18-01-2026
702573,535,20852,2124,346,17-01-2026
702574,535,20331,3543,250,05-03-2026
702575,535,21178,1403,291,18-07-2026
702576,535,20929,5601,271,02-19-2026
702577,535,20440,21146,342,05-01-2026
702578,535,20278,5065,356,22-12-2025
702579,535,21402,2425,164,29-09-2025
702580,535,20792,5714,,28-12-2025
702581,535,21494,718,306,20-11-2025
702582,535,20578,12018,31,28-06-2026
702583,535,20044,3829,364,08-10-2025
702584,535,21154,3267,147,24-06-2026
702585,535,20123,4827,350,05-03-2026
702586,535,21398,5367,417,20-09-2025
702587,535,21477,408,20,07-02-2026
702588,535,20397,6283,97,11-02-2026
702589,535,20266,1516,169,05-07-2026
702590,535,20366,6852,115,27-02-2026
702591,535,20822,9466,445,05-04-2026
702592,535,21094,8921,439,27-08-2026
702593,535,20359,4402,,13-06-2026
702594,535,20763,4020,56,24-Jun-26
702595,535,21183,844,268,23-03-2026
702596,535,20630,8175,172,10-04-2026
702597,535,21471,1734,407,06-06-2026
702598,535,20500,3759,57,17-07-2026
702599,535,20186,1831,425,21-09-2025
702600,535,20710,787,43,27-10-2025
702601,535,20219,5437,22,21-08-2026
702602,535,20637,306,165,28-08-2026
702603,535,21133,7560,134,25-12-2025
702604,535,20493,2092,148,07-Feb-26
702605,535,20269,1,399,09-12-2025
702606,535,20713,3918,302,03-03-2026
702607,535,20038,263,484,02-06-2026
702608,535,21134,1770,277,06-11-2025
702609,535,21002,6721,148,06-05-2026
702610,535,20800,354,31,04-09-2025
702611,535,20012,10011,260,01-30-2026
702612,535,20320,21,236,16-01-2026
702613,535,20851,1552,178,25-02-2026
702614,535,20178,7394,307,23-02-2026
702615,535,20829,2082,367,05-04-2026
702616,535,21325,588,35,23-04-2026
702617,535,20466,2445,285,06-12-2025
702618,535,20936,1726,69,06-04-2026
702619,535,20839,10127,347,30-04-2026
702620,535,20944,2058,213,03-11-2025
702621,535,20620,8517,115,27-12-2025
702622,535,21429,12179,498,01-06-2026
702623,535,20496,3114,498,17-02-2026
702624,535,20039,,340,11-08-2025
702625,535,20724,2594,389,26-01-2026
702626,536,20470,,,03-29-2026
702627,536,20288,473,303,29-01-2026
702628,536,20859,5878,462,12-08-2026
702629,536,20346,3446,99,13-05-2026
702630,536,20440,2482,122,04-10-2025
702631,536,20398,5069,428,30-05-2026
702632,536,21292,6158,161,24-12-2025
702633,536,20919,22,79,12-02-2026
702634,536,21366,924,318,07-06-2026
702635,536,20007,6318,118,08-01-2026
702636,536,20108,5555,157,21-05-2026
702637,536,21404,17119,374,21-08-2026
702638,536,21415,7244,270,17-12-2025
702639,536,20589,15239,168,23-06-2026
702640,536,20647,6136,449,28-06-2026
702641,536,20725,1791,182,13-03-2026
702642,536,20918,563,105,25-08-2026
702643,536,21500,7704,,27-12-2025
702644,536,20726,,402,21-05-2026
702645,536,21163,250,454,27-04-2026
702646,536,21066,2259,63,13-08-2026
702647,536,20001,,94,28-03-2026
702648,536,21104,3512,343,17-09-2025
702649,536,20890,2869,217,11-10-2025
702650,536,20621,3097,301,09-03-2026
702651,536,20940,1186,141,13-08-2026
702652,536,20300,2328,104,05-06-2026
702653,536,20123,2337,38,07-10-2025
702654,536,20624,272,464,11-10-2025
702655,536,21102,7384,291,27-05-2026
702656,536,21336,2726,378,21-02-2026
702657,536,20564,,185,30-Nov-25
702658,536,21079,9612,108,23-11-2025
702659,536,20115,1206,,13-07-2026
702660,536,20834,5420,243,27-09-2025
702661,536,21182,3235,468,15-02-2026
702662,536,20770,10736,201,13-12-2025
702663,536,20297,1230,304,31-01-2026
702664,536,20242,5732,100,29-08-2026
702665,536,20860,4736,324,25-04-2026
702666,536,20058,1771,170,22-09-2025
702667,536,20913,743,339,29-01-2026
702668,536,21341,5336,55,13-07-2026
702669,536,20882,6790,114,28-08-2026
702670,536,20586,1919,95,03-09-2025
702671,536,20874,5239,428,10-04-2026
702672,536,21395,,,13-11-2025
702673,536,20307,6321,56,27-May-26
702674,536,20157,1124,51,29-08-2026
702675,536,20295,11180,228,11-07-2026
702676,536,20023,1715,232,20-11-2025
702677,536,20880,2320,162,05-02-2026
702678,536,20761,303,461,15-05-2026
702679,536,20009,598,82,03-11-2025
702680,536,20055,3671,199,24-Feb-26
702681,536,20598,1576,89,05-03-2026
702682,536,21033,9133,303,03-02-2026
702683,536,20485,75,26,29-11-2025
702684,536,21390,2412,414,16-04-2026
702685,536,20436,2082,67,31-05-2026
702686,536,20433,99,217,07-26-2026
702687,536,21198,672,421,15-01-2026
702688,536,20562,2701,343,09-05-2026
702689,536,21439,3436,,09-07-2026
702690,536,20836,2621,145,11-06-2026
702691,536,20548,3831,112,30-03-2026
702692,536,20738,4576,299,28-11-2025
702693,536,21212,50,275,16-04-2026
702694,536,20663,3157,352,21-07-2026
702695,536,20839,16753,252,20-10-2025
702696,536,21112,3704,37,08-06-2026
702697,536,20271,5727,331,12-02-2026
702698,536,20558,1891,417,02-01-2026
702699,536,20964,7526,42,24-12-2025
702700,536,20475,7502,498,19-Jul-26
702701,537,20526,1194,92,01-01-2026
702702,537,20143,6047,47,19-02-2026
702703,537,20998,217,132,13-03-2026
702704,537,20355,28,22,14-08-2026
702705,537,20228,2384,207,18-10-2025
702706,537,21351,2668,,09-11-2025
702707,537,21145,208,417,18-03-2026
702708,537,21184,500,92,28-06-2026
702709,537,20017,29,130,13-11-2025
702710,537,21289,563,217,30-10-2025
702711,537,21414,2405,93,07-12-2025
702712,537,21228,1183,232,05-05-2026
702713,537,20919,694,359,16-07-2026
702714,537,20313,753,129,23-10-2025
702715,537,20602,2,271,02-10-2025
702716,537,20888,578,10,10-10-2025
702717,537,20110,1686,425,03-11-2026
702718,537,20015,5929,471,03-05-2026
702719,537,21456,3044,477,09-06-2026
702720,537,20384,39,132,19-05-2026
702721,537,21137,3710,159,09-05-2026
702722,537,20436,2478,318,29-07-2026
702723,537,20408,2457,379,16-01-2026
702724,537,20730,993,313,08-08-2026
702725,537,21425,823,276,16-08-2026
702726,537,21492,585,17,30-11-2025
702727,537,21113,110,163,30-01-2026
702728,537,20203,420,,21-Jun-26
702729,537,20320,459,285,14-08-2026
702730,537,20478,1073,311,31-08-2026
702731,537,20397,2231,177,19-04-2026
702732,537,20239,1041,240,08-09-2025
702733,537,20299,97,149,08-05-2026
702734,537,20465,5131,296,04-01-2026
702735,537,20382,4636,364,29-08-2026
702736,537,21048,2493,34,18-02-2026
702737,537,21475,7696,181,04-06-2026
702738,537,21487,1275,479,02-06-2026
702739,537,20314,5334,157,12-May-26
702740,537,20354,127,198,29-01-2026
702741,537,20619,738,484,10-05-2025
702742,537,20807,414,296,28-08-2026
702743,537,20030,353,398,08-11-2025
702744,537,20038,246,445,14-10-2025
702745,537,21434,1579,61,11-Apr-26
702746,537,20400,2464,497,04-11-2025
702747,537,21331,1400,202,28-03-2026
702748,537,20645,258,145,11-12-2025
702749,537,20094,,54,09-06-2026
702750,537,20433,1638,320,18-05-2026
702751,537,20244,796,19,03-11-2025
702752,537,21170,1818,275,18-08-2026
702753,537,20426,488,194,20-11-2025
702754,537,20744,686,338,05-03-2026
702755,537,21334,4044,410,13-05-2026
702756,537,20531,556,262,14-07-2026
702757,537,20583,1029,443,06-06-2026
702758,537,21398,3580,11,10-07-2026
702759,537,21077,1994,57,11-06-2025
702760,537,20574,104,306,27-11-2025
702761,537,21060,258,237,31-03-2026
702762,537,21369,13,287,14-Jul-26
702763,537,20873,1616,152,04-10-2025
702764,537,21436,962,373,02-03-2026
702765,537,20638,234,224,09-12-2025
702766,537,21390,5136,12,12-01-2026
702767,537,20512,1223,155,23-09-2025
702768,537,20684,449,437,16-03-2026
702769,537,20177,1126,244,30-10-2025
702770,537,20477,1845,264,16-03-2026
702771,537,21374,129,497,12-03-2026
702772,537,20676,521,299,03-08-2026
702773,537,20771,2666,84,26-11-2025
702774,537,20719,998,351,04-12-2025
702775,537,20392,1282,252,01-09-2025
702776,538,20905,1717,197,22-07-2026
702777,538,21387,,335,05-01-2026
702778,538,20653,549,212,21-11-2025
702779,538,20917,1785,422,13-11-2025
702780,538,20909,710,156,07-31-2026
702781,538,20645,155,124,03-03-2026
702782,538,20403,5617,30,04-02-2026
702783,538,20563,12028,,08-11-2025
702784,538,20118,4770,233,02-05-2026
702785,538,21324,5820,288,15-07-2026
702786,538,20511,839,359,03-09-2025
702787,538,20406,9792,52,26-08-2026
702788,538,20370,664,207,31-03-2026
702789,538,20748,9156,391,03-06-2026
702790,538,20446,15931,285,14-08-2026
702791,538,20987,3765,367,09-01-2026
702792,538,21092,12020,476,06-10-2025
702793,538,21009,2552,290,30-06-2026
702794,538,20110,910,132,03-03-2026
702795,538,21130,1739,48,19-05-2026
702796,538,20152,2725,293,27-04-2026
702797,538,20283,230,148,03-10-2025
702798,538,20759,2948,225,24-10-2025
702799,538,20617,12026,476,28-05-2026
702800,538,21322,638,260,12-01-2026
702801,538,21478,4762,316,10-03-2026
702802,538,21062,7219,240,02-11-2025
702803,538,21226,8709,58,16-03-2026
702804,538,20547,9754,,29-07-2026
702805,538,20371,2231,74,23-12-2025
702806,538,20513,11460,423,15-12-2025
702807,538,20101,4286,35,16-04-2026
702808,538,20128,534,116,18-12-2025
702809,538,20213,1961,18,19-01-2026
702810,538,21052,3835,12,08-05-2026
702811,538,21086,860,337,10-03-2026
702812,538,20228,3098,75,16-07-2026
702813,538,20805,3325,67,16-03-2026
702814,538,21157,538,110,16-11-2025
702815,538,21110,2520,306,30-03-2026
702816,538,20832,4470,122,08-07-2026
702817,538,20796,2092,368,18-03-2026
702818,538,21470,37,311,03-11-2025
702819,538,20590,27,61,06-04-2026
702820,538,20061,1337,285,26-04-2026
702821,538,20794,7889,194,14-12-2025
702822,538,20352,786,255,17-02-2026
702823,538,21456,3046,124,17-07-2026
702824,538,20215,760,145,17-11-2025
702825,538,20999,1175,158,15-11-2025
702826,538,20926,5703,128,23-01-2026
702827,538,21103,3951,83,28-11-2025
702828,538,20299,303,44,08-07-2026
702829,538,20606,1695,495,16-12-2025
702830,538,20463,90,201,15-09-2025
702831,538,20395,1985,475,18-02-2026
702832,538,20766,3287,84,30-05-2026
702833,538,20074,382,159,20-08-2026
702834,538,20381,1032,354,25-10-2025
702835,538,20583,1535,465,08-06-2026
702836,538,20736,7628,75,25-11-2025
702837,538,21029,15132,447,14-11-2025
702838,538,20140,139,266,22-07-2026
702839,538,20544,4333,462,23-12-2025
702840,538,20722,1407,198,17-09-2025
702841,538,20753,1508,159,29-06-2026
702842,538,20823,4248,229,12-12-2025
702843,538,20147,7587,19,21-07-2026
702844,538,20274,9125,,01-03-2026
702845,538,20065,2605,176,27-03-2026
702846,538,20838,1337,106,19-04-2026
702847,538,21051,4689,350,05-02-2026
702848,538,21484,875,173,31-08-2026
702849,538,20730,2513,27,02-12-2025
702850,538,20156,1344,495,26-04-2026
702851,539,20423,5850,23,20-11-2025
702852,539,20211,1505,21,30-08-2026
702853,539,21436,1164,301,12-09-2025
702854,539,21388,13703,495,11-08-2026
702855,539,21152,588,295,09-22-2025
702856,539,20857,3859,339,13-08-2026
702857,539,20137,1366,150,05-10-2025
702858,539,20871,217,426,28-01-2026
702859,539,20092,201,77,08-06-2026
702860,539,21373,1054,399,04-02-2026
702861,539,20201,11031,378,26-08-2026
702862,539,20470,1817,310,21-08-2026
702863,539,21322,16444,348,10-03-2026
702864,539,21053,4769,35,10-Jan-26
702865,539,20610,3140,340,25-12-2025
702866,539,20689,4748,490,26-09-2025
702867,539,21235,3979,306,01-Jun-26
702868,539,21200,7782,,03-14-2026
702869,539,20837,1817,270,30-12-2025
702870,539,20083,2383,160,13-04-2026
702871,539,20997,12287,,05-08-2026
702872,539,20909,16019,357,14-08-2026
702873,539,20188,12208,32,25-10-2025
702874,539,20022,2976,438,24-07-2026
702875,539,20583,8295,387,06-01-2026
702876,539,21143,3540,237,06-06-2026
702877,539,21465,3766,310,08-10-2025
702878,539,21463,1253,272,31-08-2025
702879,539,20229,4894,258,23-12-2025
702880,539,20182,1127,137,03-02-2026
702881,539,20552,2204,400,13-09-2025
702882,539,20615,10568,320,25-05-2026
702883,539,20986,1270,28,10-06-2026
702884,539,21267,404,488,31-05-2026
702885,539,20622,391,287,28-05-2026
702886,539,20665,15468,342,16-06-2026
702887,539,20269,3869,326,05-11-2025
702888,539,20840,2882,430,20-01-2026
702889,539,21275,9114,25,02-09-2025
702890,539,21162,9888,453,31-01-2026
702891,539,20091,2210,444,06-09-2025
702892,539,21392,6473,499,08-10-2025
702893,539,21191,8069,155,04-12-2025
702894,539,21461,5818,117,29-04-2026
702895,539,20762,900,60,11-11-2025
702896,539,20651,11418,390,30-06-2026
702897,539,20481,4239,67,16-04-2026
702898,539,20942,1817,426,29-07-2026
702899,539,20568,3031,418,21-05-2026
702900,539,20139,210,,23-07-2026
702901,539,21444,749,35,19-10-2025
702902,539,20324,7938,309,23-12-2025
702903,539,21256,0,,26-09-2025
702904,539,21453,2949,393,08-09-2025
702905,539,20704,4045,265,20-01-2026
702906,539,21060,307,376,26-02-2026
702907,539,20663,19782,449,18-03-2026
702908,539,21422,1403,19,25-12-2025
702909,539,21082,1985,330,19-Feb-26
702910,539,21149,1983,83,06-08-2026
702911,539,21457,1433,428,07-07-2026
702912,539,20332,8,345,23-10-2025
702913,539,20379,7152,94,27-09-2025
702914,539,21189,18642,103,05-01-2026
702915,539,20635,1390,304,17-Jul-26
702916,539,21310,5953,466,30-07-2026
702917,539,20144,7412,129,09-12-2025
702918,539,21434,10325,151,25-07-2026
702919,539,20290,3006,338,10-06-2026
702920,539,21379,1975,165,28-03-2026
702921,539,20812,2153,198,04-01-2026
702922,539,21454,6824,362,29-05-2026
702923,539,20353,9287,280,07-07-2026
702924,539,20789,1097,72,05-09-2025
702925,539,21219,2537,450,27-09-2025
702926,540,20169,9028,307,24-09-2025
702927,540,21376,6390,470,04-08-2026
702928,540,20800,16292,91,09-05-2026
702929,540,20988,5456,486,03-06-2026
702930,540,20852,1942,500,13-04-2026
702931,540,20490,3473,36,15-01-2026
702932,540,20511,4206,286,31-10-2025
702933,540,20872,318,19,04-30-2026
702934,540,20729,3057,251,09-09-2025
702935,540,20200,4804,474,04-01-2026
702936,540,20100,712,103,06-08-2026
702937,540,21429,5898,125,11-09-2025
702938,540,20215,3408,66,02-02-2026
702939,540,20544,11824,455,09-02-2026
702940,540,20603,169,347,01-12-2025
702941,540,21416,1199,386,02-01-2026
702942,540,21302,3578,322,06-08-2026
702943,540,20313,,129,28-04-2026
702944,540,21103,4873,255,11-06-2026
702945,540,20684,5532,189,01-03-2026
702946,540,20615,421,196,29-09-2025
702947,540,20072,2804,359,13-02-2026
702948,540,20216,2765,315,05-06-2026
702949,540,20728,1792,371,08-01-2026
702950,540,21225,10505,253,27-05-2026
702951,540,21059,6833,271,24-09-2025
702952,540,20581,4645,381,25-03-2026
702953,540,20270,4871,473,19-06-2026
702954,540,20335,2408,204,21-03-2026
702955,540,20241,9869,,10-30-2025
702956,540,20779,4612,204,02-06-2026
702957,540,21008,5076,,30-Mar-26
702958,540,20613,7691,462,27-10-2025
702959,540,20503,1245,37,27-06-2026
702960,540,20229,6397,316,04-11-2025
702961,540,21153,845,420,16-08-2026
702962,540,20762,1647,,26-07-2026
702963,540,20829,1590,434,26-09-2025
702964,540,20265,14933,228,14-06-2026
702965,540,20028,7549,30,05-11-2025
702966,540,20917,4696,93,05-03-2026
702967,540,20010,5048,226,11-07-2026
702968,540,21299,3210,425,06-05-2026
702969,540,21111,11427,186,20-10-2025
702970,540,21481,2666,392,06-Jul-26
702971,540,20331,1862,311,16-07-2026
702972,540,20589,692,187,19-03-2026
702973,540,21205,5998,401,13-10-2025
702974,540,21071,5155,421,25-06-2026
702975,540,21084,1886,152,30-01-2026
702976,540,20209,99,489,04-02-2026
702977,540,20681,7101,216,31-Dec-25
702978,540,20897,45,378,16-09-2025
702979,540,20396,4729,49,28-12-2025
702980,540,20738,13667,,20-09-2025
702981,540,21044,2238,263,27-05-2026
702982,540,21046,1041,,27-08-2026
702983,540,20720,4745,,19-10-2025
702984,540,21127,,369,01-06-2026
702985,540,20906,3074,,07-04-2026
702986,540,20175,13267,428,23-Nov-25
702987,540,20279,206,427,07-04-2026
702988,540,21498,2732,167,26-11-2025
702989,540,20938,4928,137,29-11-2025
702990,540,21105,7718,118,18-08-2026
702991,540,21014,768,274,01-06-2026
702992,540,20318,6257,322,11-01-2026
702993,540,21180,3128,454,29-05-2026
702994,540,20839,1964,302,31-10-2025
702995,540,21349,549,76,30-11-2025
702996,540,20525,7794,437,23-01-2026
702997,540,21164,665,373,25-10-2025
702998,540,20656,1441,375,22-08-2026
702999,540,20944,1332,20,24-03-2026
703000,540,20378,7975,25,04-03-2026
703001,518,20427,498,451,01-06-2026
703002,531,21147,810,304,10-05-2026
703003,517,20520,1661,286,29-07-2026
703004,539,20663,19782,449,18-03-2026
703005,504,20870,,23,27-07-2026
