shipment_id,order_id,carrier,shipment_date,delivery_date,shipping_cost,distance_km
900001,5011359,DHL Express,14-May-25,28-05-2025,404.68,6560.1
900002,5000198,DHL Express,30-08-2025,31-08-2025,54.16,656.1
900003,5005494,UPS,14-03-2026,26-03-2026,659.74,9288.7
900004,5006043,Blue Dart,09-08-2025,16-08-2025,277.2,4009.4
900005,5006276,fedex,16-12-2021,22-12-2021,222.88,3102.2
900006,5005020,Maersk,07-10-2023,08-10-2023,61.53,766.3
900007,5009615,DHL,06-10-2025,19-Oct-25,380.58,6102.1
900008,5009526,Blue Dart,23-09-2025,,461.21,10118.9
900009,5011196,UPS,16-03-2026,21-03-2026,,3646.5
900010,5000167,Blue Dart,13-05-2024,19-05-2024,204.76,2996.9
900011,5006634,UPS,30-06-2025,11-07-2025,433.95,7103.6
900012,5001170,DHL,23-02-2026,24-02-2026,20.64,438.9
900013,5007159,UPS,30-11-2024,16-12-2024,500.7,8712.7
900014,5007439,UPS,08-02-2026,15-02-2026,229.71,4808.7
900015,5006466,Maersk,15-05-2024,18-05-2024,,2260.3
900016,5000239,Blue Dart,05-06-2026,12-06-2026,197.69,3382.6
900017,5011554,Maersk,06-Dec-25,12-18-2025,208.87,5087.1
900018,5007565,UPS,,,488.82,9970
900019,5002338,Maersk,17-Jun-24,07-07-2024,624.95,9665.1
900020,5008393,DHL,25-05-2023,16-06-2023,640.43,10181.1
900021,5009985,Maersk,03-09-2025,,783.16,11773
900022,5000744,DHL,03-04-2026,08-04-2026,234.9,4332.7
900023,5007046,DHL Express,07-07-2025,13-07-2025,137.14,2633.1
900024,5003457,Blue Dart,11-09-2024,22-09-2024,600.38,8445.5
900025,5010843,Maersk,03-10-2025,13-10-2025,237.94,5354
900026,5011257,DHL Express,11-03-2026,19-03-2026,360.37,5988.7
900027,5004918,fedex,14-01-2026,30-01-2026,606.72,8883.2
900028,5004091,DHL,28-11-2023,10-12-2023,382.59,
900029,5005695,Blue Dart,,,428.59,8773.1
900030,5007750,DHL,13-01-2024,24-01-2024,386.1,6050.7
900031,5011136,DHL,15-07-2026,08-08-2026,,11172.2
900032,5005049,fedex,08-19-2024,10-09-2024,651.99,10173.7
900033,5001111,Maersk,10-05-2025,20-05-2025,430.81,8668.8
900034,5008281,Maersk,11-06-2025,12-06-2025,16.96,
900035,5002041,fedex,18-08-2024,24-08-2024,165.5,3058.4
900036,5005778,fedex,29-01-2025,06-02-2025,199.38,4401.5
900037,5011335,DHL,20-01-2024,01-02-2024,,8975.8
900038,5003506,Blue Dart,28-04-2023,05-13-2023,590.34,11120.5
900039,5010290,Blue Dart,19-12-2023,20-12-2023,54.16,624.8
900040,5001233,fedex,13-03-2026,28-03-2026,512.32,11561.4
900041,5004595,Maersk,,,450.4,
900042,5011459,FedEx,09-12-2021,01-01-2022,449.77,10398.2
900043,5000664,UPS,07-06-2023,15-06-2023,224.63,4092.1
900044,5000072,FedEx,12-27-2025,28-12-2025,47.24,936.3
900045,5006879,Blue Dart,,,277.19,6715.7
900046,5011585,Blue Dart,13-05-2025,03-06-2025,609.33,10305.1
900047,5004590,DHL,,,177.66,4356.4
900048,5004629,UPS,16-04-2025,09-May-25,417.3,9541.2
900049,5000137,DHL,09-06-2026,06-14-2026,215.12,4456.3
900050,5004363,FedEx,04-02-2026,25-Feb-26,596.87,11058.6
900051,5007705,UPS,11-06-2024,22-06-2024,540.39,9619.4
900052,5006813,DHL,17-11-2025,20-11-2025,183.69,2779.3
900053,5009072,DHL,08-12-2025,12-12-2025,182.58,3753.3
900054,5003674,FedEx,02-06-2025,12-06-2025,558.64,9092.8
900055,5002429,DHL Express,16-02-2025,23-02-2025,383.57,5754.1
900056,5001320,Blue Dart,03-07-2024,22-07-2024,602.6,9924.4
900057,5010816,fedex,30-10-2025,17-11-2025,479.36,11794.8
900058,5004499,Maersk,25-04-2026,28-Apr-26,120.86,1829.7
900059,5006262,fedex,12-25-2023,02-01-2024,239.25,4729.8
900060,5007977,UPS,28-09-2025,29-09-2025,58.22,1033.9
900061,5004615,fedex,10-02-2026,24-02-2026,333.5,5846.7
900062,5002102,Blue Dart,29-04-2024,16-05-2024,427.17,9603.2
900063,5008214,Maersk,,,,5750
900064,5011966,Blue Dart,18-10-2024,20-10-2024,85.67,1677.3
900065,5003017,Maersk,18-08-2025,29-08-2025,536.52,8312.5
900066,5007947,fedex,06-23-2025,30-06-2025,302.2,5932.6
900067,5003915,FedEx,11-09-2024,22-09-2024,638.92,9773.4
900068,5001790,DHL,11-12-2023,23-12-2023,,5374.6
900069,5004300,Maersk,04-10-2025,05-10-2025,41.69,552.3
900070,5004140,DHL,02-02-2026,14-02-2026,522.93,9868.5
900071,5005808,FedEx,,,126.88,1664
900072,5004883,DHL Express,16-01-2026,19-01-2026,,1521.3
900073,5002458,FedEx,12-07-2024,18-07-2024,142.48,2910.8
900074,5004542,Blue Dart,26-09-2022,13-10-2022,629.53,9143.1
900075,5007708,UPS,29-01-2026,12-02-2026,775.2,11164.8
900076,5011227,fedex,31-03-2025,14-04-2025,474.67,9279.3
900077,5000852,Maersk,22-10-2025,25-10-2025,150.07,2726.5
900078,5003055,Maersk,04-26-2025,12-05-2025,664.06,11579.8
900079,5004197,fedex,31-07-2025,07-08-2025,225.99,3104.2
900080,5000069,FedEx,04-01-2023,05-01-2023,,792.4
900081,5004174,FedEx,11-05-2022,21-05-2022,507.35,7640.5
900082,5005214,Maersk,18-07-2024,,292.93,6633.3
900083,5005079,UPS,25-07-2025,28-07-2025,194.4,3011.7
900084,5010994,fedex,06-01-2024,01-07-2024,33.3,538.9
900085,5006968,Blue Dart,08-07-2024,14-07-2024,225.45,4119.6
900086,5002029,DHL Express,12-10-2023,13-10-2023,24.55,418.3
900087,5007500,DHL,10-11-2023,20-11-2023,,5623.2
900088,5010833,Blue Dart,10-01-2024,03-02-2024,638.41,11908.7
900089,5009221,fedex,01-02-2022,13-02-2022,395.19,9294.3
900090,5006587,Blue Dart,18-12-2023,05-01-2024,548.06,9977.5
900091,5003584,FedEx,16-08-2023,30-08-2023,360.62,8501.5
900092,5000690,fedex,01-31-2023,15-02-2023,444.2,7257.2
900093,5007299,UPS,16-05-2026,31-05-2026,426.82,8716.3
900094,5010880,fedex,27-07-2025,28-Jul-25,77.11,
900095,5003170,DHL Express,,,126.39,2496
900096,5011157,UPS,23-09-2025,01-10-2025,336.75,7039.3
900097,5008936,DHL Express,21-10-2022,28-10-2022,289.38,5629.1
900098,5005886,DHL,24-05-2026,01-06-2026,195.03,3953.3
900099,5006742,FedEx,,,342.89,5342.2
900100,5001964,Maersk,28-01-2024,13-02-2024,709.87,11683.9
900101,5001890,FedEx,,,,4729.4
900102,5009803,DHL Express,,,682.55,
900103,5007180,FedEx,22-Jun-26,28-06-2026,261.15,3745.3
900104,5003113,Maersk,23-07-2024,07-26-2024,87.36,1243.8
900105,5003923,Maersk,13-07-2025,26-07-2025,664.16,11703.5
900106,5007076,FedEx,08-09-2023,17-09-2023,260.38,4377.2
900107,5011383,Maersk,09-02-2024,06-03-2024,590.52,11504.7
900108,5008376,DHL Express,11-01-2024,17-01-2024,257.27,3603.9
900109,5007000,FedEx,,,244.49,3893.9
900110,5005211,FedEx,13-10-2025,,410.74,7144.6
900111,5009774,FedEx,19-03-2022,03-28-2022,435.46,6707.1
900112,5004019,fedex,20-08-2023,28-08-2023,338.33,5195.7
900113,5009279,DHL,20-May-24,22-05-2024,116.03,1529.8
900114,5011292,DHL,13-05-2025,14-05-2025,63.87,1504.5
900115,5008183,DHL Express,29-03-2025,07-04-2025,298.85,5102.8
900116,5001236,Blue Dart,06-24-2024,28-06-2024,205.75,3233.2
900117,5007888,UPS,11-02-2023,27-Feb-23,505.86,9891.8
900118,5004369,DHL,25-09-2023,26-09-2023,64.33,840.5
900119,5010200,FedEx,17-02-2026,22-02-2026,180.92,2618.7
900120,5006351,fedex,02-08-2026,13-08-2026,455.63,6440.5
900121,5005763,UPS,02-06-2025,29-06-2025,606.59,11569.2
900122,5010435,UPS,06-05-2026,18-05-2026,342.14,6539.2
900123,5006686,Maersk,25-02-2025,07-03-2025,,9123.3
900124,5002482,DHL Express,22-02-2026,02-03-2026,230.24,4569
900125,5002676,UPS,14-04-2025,15-04-2025,15.32,131.2
900126,5005137,Blue Dart,03-27-2026,16-04-2026,517.77,9334.2
900127,5003786,Blue Dart,22-04-2025,04-05-2025,464.78,8423.5
900128,5009344,Blue Dart,20-06-2025,05-07-2025,650.07,11976.8
900129,5003356,Blue Dart,12-02-2025,23-02-2025,464.02,8155.3
900130,5008688,DHL,25-01-2024,,292.15,5708.1
900131,5003568,DHL Express,,,436.02,10032.8
900132,5004576,DHL Express,,,,11228.5
900133,5003266,Maersk,11-06-2024,30-06-2024,649.46,10150.2
900134,5010330,DHL,25-08-2024,18-09-2024,594.22,10920.8
900135,5000647,UPS,,,137.7,
900136,5004139,Maersk,30-04-2024,05-07-2024,222.68,4767.6
900137,5010446,Maersk,,,345.67,6758.6
900138,5008697,DHL Express,02-08-2026,25-08-2026,712.89,10546.3
900139,5002156,FedEx,07-08-2023,12-08-2023,132.03,2921.1
900140,5008117,Maersk,23-05-2024,,297.46,5057.2
900141,5004650,Blue Dart,01-06-2026,,469.17,7017.4
900142,5004021,UPS,14-11-2023,15-11-2023,36.14,502.5
900143,5006927,DHL Express,10-Mar-21,03-19-2021,525.16,7593.1
900144,5011241,fedex,11-08-2024,18-08-2024,211.41,4148.3
900145,5001736,Maersk,,,555.45,10513.7
900146,5003543,FedEx,03-11-2025,06-11-2025,156.98,2283.8
900147,5000137,DHL Express,06-06-2026,14-Jun-26,404.86,5913.5
900148,5010963,Maersk,,,678.13,10146.5
900149,5007053,DHL Express,10-04-2025,14-04-2025,239.28,4013.8
900150,5001427,FedEx,07-04-2026,11-04-2026,119.66,2393.2
900151,5003720,DHL Express,24-06-2025,01-07-2025,,6377.4
900152,5010324,FedEx,04-10-2025,13-10-2025,339,5190.5
900153,5011892,FedEx,05-10-2023,10-12-2023,255.38,3595.6
900154,5006198,fedex,12-11-2025,01-12-2025,819.48,11943.5
900155,5007413,Maersk,,,156.95,3151.3
900156,5003333,Blue Dart,05-Jan-24,16-01-2024,350.32,8147.8
900157,5005680,DHL,02-03-2026,03-27-2026,,11655.2
900158,5009104,FedEx,10-12-2022,,96.89,1754.9
900159,5010129,Maersk,17-11-2023,29-11-2023,443.34,8217.5
900160,5011891,Maersk,03-09-2025,07-09-2025,181.68,3221.3
900161,5009652,Maersk,16-11-2025,24-11-2025,234.88,3850.7
900162,5011427,FedEx,31-01-2021,,230.06,3326.2
900163,5002793,UPS,,,302.29,6361.3
900164,5003873,UPS,03-12-2024,12-12-2024,324.86,6918.1
900165,5008666,Maersk,26-06-2025,15-07-2025,706.21,11735.1
900166,5011287,DHL Express,,,408,7794.6
900167,5003007,Blue Dart,19-08-2025,21-08-2025,95.52,1570.2
900168,5000686,UPS,01-08-2026,03-08-2026,64.77,1090.3
900169,5007940,Blue Dart,13-09-2023,19-09-2023,166.09,3169.5
900170,5011241,fedex,09-08-2024,21-08-2024,,7956.8
900171,5010976,Maersk,10-07-2024,21-07-2024,340.78,5160.8
900172,5004539,UPS,19-01-2024,23-01-2024,132.49,1708.8
900173,5009997,Maersk,02-01-2026,05-01-2026,81.8,1371.8
900174,5004459,DHL,03-05-2025,07-05-2025,222.22,3783.8
900175,5003867,Blue Dart,26-09-2023,05-10-2023,345.67,5083.2
900176,5004597,FedEx,28-03-2024,07-04-2024,505.85,7473.8
900177,5007783,DHL Express,,,323.98,6880.8
900178,5005979,UPS,29-10-2023,01-11-2023,89.63,1594.8
900179,5002600,UPS,08-12-2022,26-12-2022,474.76,10633.4
900180,5006527,Maersk,09-08-2025,11-08-2025,110.38,1701.8
900181,5009446,fedex,,,656.96,10073.9
900182,5003356,Blue Dart,14-02-2025,22-02-2025,216.03,4516.4
900183,5000966,Maersk,13-08-2025,,446.5,7128.2
900184,5000474,DHL Express,01-07-2025,04-07-2025,188.31,3165.3
900185,5006138,DHL Express,15-04-2023,06-05-2023,576.58,8795.6
900186,5007655,Blue Dart,10-03-2026,31-03-2026,536.98,10194.2
900187,5011164,fedex,20-02-2026,21-02-2026,77.44,1335.3
900188,5001640,DHL,07-30-2026,11-08-2026,568.06,8014.8
900189,5003674,fedex,02-06-2025,06-06-2025,230.13,3984.8
900190,5007395,fedex,23-02-2024,03-03-2024,292.72,6896
900191,5011862,fedex,28-09-2024,05-10-2024,312.82,6661.5
900192,5009186,fedex,06-06-2026,09-06-2026,200.95,2969.5
900193,5008857,Blue Dart,31-05-2025,01-06-2025,37.05,632.2
900194,5004749,UPS,22-07-2024,06-08-2024,653.23,10521.9
900195,5008518,Maersk,31-12-2025,06-01-2026,364.4,4987.4
900196,5009101,DHL,,,425.4,7348.9
900197,5003495,fedex,21-06-2023,03-07-2023,691.82,10699.2
900198,5000729,Maersk,11-03-2024,15-03-2024,108,2272.9
900199,5004767,Maersk,06-14-2026,07-02-2026,499.76,9846
900200,5006589,UPS,09-11-2023,24-11-2023,531.64,8955.1
900201,5011170,Maersk,28-02-2024,15-03-2024,517.99,
900202,5009059,DHL Express,26-11-2025,09-12-2025,527.34,8510.3
900203,5007283,fedex,17-06-2026,,337.54,4599.5
900204,5006537,DHL Express,23-10-2024,10-24-2024,13.67,66.5
900205,5008343,DHL,05-05-2024,08-05-2024,204.1,3338.4
900206,5003124,Blue Dart,,,473.18,6904.3
900207,5006703,FedEx,,,289.39,4799.6
900208,5004942,UPS,15-07-2025,07-27-2025,310.67,7277.4
900209,5007809,Blue Dart,,,487.61,7111.8
900210,5004308,fedex,20-12-2022,22-12-2022,105.8,2285.8
900211,5004767,UPS,13-06-2026,26-06-2026,629.44,11779.1
900212,5005480,Blue Dart,30-10-2025,31-10-2025,49.06,854.3
900213,5007863,DHL,,,164.54,4005.9
900214,5009563,UPS,28-05-2025,07-06-2025,351.45,5455.7
900215,5003366,DHL,04-01-2024,18-01-2024,713.15,10680.7
900216,5005639,fedex,17-02-2025,02-03-2025,488.42,6992.1
900217,5009603,Blue Dart,01-05-2022,,504.15,7620
900218,5010557,DHL Express,,,76.61,1481.2
900219,5008607,Maersk,09-02-2025,20-02-2025,609.54,8848.5
900220,5009985,Maersk,03-09-2025,12-09-2025,409.95,7687.3
900221,5002894,UPS,25-04-2026,26-04-2026,68.39,899.8
900222,5011115,Blue Dart,18-01-2026,07-02-2026,549.28,10777.2
900223,5002006,Blue Dart,12-10-2025,20-10-2025,448.87,7953.5
900224,5011655,Maersk,11-10-2024,15-10-2024,155.77,3147.8
900225,5010357,Maersk,25-01-2021,08-Feb-21,444.45,10403.5
900226,5000654,UPS,28-04-2026,17-05-2026,520.62,8370.4
900227,5002920,UPS,04-04-2026,05-04-2026,15.56,5.6
900228,5009935,fedex,27-07-2026,28-07-2026,25.73,250.2
900229,5002423,Maersk,03-09-2025,17-09-2025,528.25,8384.8
900230,5007586,DHL,29-04-2026,04-05-2026,237.59,4759.6
900231,5002348,DHL Express,24-02-2026,02-03-2026,334.45,5796.6
900232,5000522,fedex,23-08-2025,24-08-2025,37.08,388.6
900233,5006938,UPS,02-04-2026,04-04-2026,101.08,1759.9
900234,5003653,DHL,,,392.18,7275.8
900235,5008370,UPS,10-06-2026,17-06-2026,204.09,
900236,5011882,Blue Dart,06-12-2025,07-12-2025,84.94,1172.4
900237,5010646,DHL,10-12-2024,14-12-2024,139.56,2612.4
900238,5001409,DHL Express,22-09-2023,16-10-2023,681.47,10572.4
900239,5006582,FedEx,04-08-2024,16-08-2024,525.3,10894.5
900240,5005592,Blue Dart,14-04-2025,25-04-2025,269.67,5033.4
900241,5000444,DHL,19-01-2022,30-Jan-22,446.13,6306.6
900242,5010019,DHL Express,14-05-2024,07-06-2024,443.92,10370.1
900243,5003706,DHL,04-14-2026,06-05-2026,,9803.3
900244,5008604,Blue Dart,24-09-2025,,580.99,11245.2
900245,5002975,Blue Dart,13-11-2024,,121.69,1757.5
900246,5003742,DHL Express,09-05-2022,14-05-2022,142.49,3191.9
900247,5011278,DHL,04-10-2025,18-10-2025,679.28,10744.5
900248,5006298,DHL,11-04-2026,15-04-2026,272.31,4169.4
900249,5004247,DHL Express,11-09-2022,28-09-2022,467.05,9700.1
900250,5005519,UPS,,,,6129.5
900251,5005175,Maersk,18-11-2023,15-12-2023,634.5,11383.8
900252,5004455,DHL,31-10-2025,04-11-2025,217.55,3028.5
900253,5006379,DHL,19-01-2023,31-01-2023,625.26,9481.8
900254,5008001,UPS,28-11-2025,30-11-2025,75.51,1345.8
900255,5008801,UPS,22-11-2024,24-11-2024,87.59,1376.6
900256,5009619,DHL Express,,,769.87,11310.4
900257,5011012,Maersk,22-07-2024,28-07-2024,253.32,4851.9
900258,5011117,fedex,,,543.56,7920.1
900259,5003953,DHL Express,25-10-2025,04-Nov-25,504.77,9355.8
900260,5007578,DHL Express,08-07-2021,17-07-2021,276.76,
900261,5008014,DHL,16-09-2024,21-Sep-24,248.49,4515.7
900262,5004599,Maersk,21-11-2024,18-12-2024,597.63,11207.2
900263,5009497,Blue Dart,19-11-2021,29-11-2021,416.07,8807.3
900264,5008309,DHL Express,11-12-2022,16-12-2022,147.74,2676.6
900265,5009976,fedex,14-07-2026,30-07-2026,329.69,7619.5
900266,5011739,UPS,09-Jan-26,22-01-2026,518.17,11258.5
900267,5009667,Blue Dart,,,366.25,7280.1
900268,5000526,Maersk,03-20-2026,30-03-2026,371.8,6534.5
900269,5007830,fedex,06-08-2024,20-08-2024,390.1,6279.8
900270,5006328,DHL Express,06-12-2025,,314.83,7135.8
900271,5002802,FedEx,10-14-2025,03-11-2025,590.08,10530.7
900272,5001625,DHL Express,24-12-2025,28-12-2025,140.62,2653.3
900273,5010531,fedex,27-11-2021,12-08-2021,249.75,5368
900274,5009898,DHL,02-13-2026,19-02-2026,340.31,4733.2
900275,5008233,DHL Express,22-06-2025,06-07-2025,581.09,9203.1
900276,5000692,UPS,15-06-2025,16-06-2025,51.67,1180.7
900277,5000703,Maersk,14-12-2025,27-12-2025,501.5,10036.4
900278,5000884,FedEx,26-04-2022,09-05-2022,635.88,11434.6
900279,5010977,fedex,14-09-2023,25-09-2023,287.6,6718.9
900280,5007328,UPS,21-02-2026,28-02-2026,249.75,4818.4
900281,5003369,Blue Dart,12-02-2025,14-02-2025,89.64,1217.8
900282,5004236,DHL Express,03-05-2025,04-05-2025,77.2,981.3
900283,5007140,Maersk,13-01-2025,02-01-2025,448.2,8298.4
900284,5008850,fedex,19-12-2025,03-01-2026,537.83,10732.3
900285,5010145,UPS,02-03-2024,12-03-2024,356.3,7185.2
900286,5001387,DHL Express,07-08-2023,08-08-2023,16.05,46.3
900287,5004053,fedex,05-09-2023,07-09-2023,107.82,1493.5
900288,5009118,DHL,,,,263.9
900289,5000076,DHL Express,11-06-2024,15-06-2024,156.82,2577.9
900290,5004162,UPS,20-07-2026,24-07-2026,250.39,
900291,5005172,Maersk,14-12-2024,01-01-2025,496.74,10843.5
900292,5009222,FedEx,16-11-2023,,155.7,3701.1
900293,5001633,Maersk,29-12-2024,11-01-2025,530.62,10698.1
900294,5001692,DHL,22-04-2026,06-05-2026,574.71,11210.8
900295,5004042,Blue Dart,04-05-2025,08-05-2025,127.93,1802.1
900296,5007756,Maersk,25-11-2025,01-12-2025,297.47,5754.3
900297,5002626,fedex,24-03-2025,01-04-2025,366.94,5514.3
900298,5003185,FedEx,12-Jul-23,25-07-2023,399.46,8801.9
900299,5000913,DHL Express,27-05-2022,02-06-2022,213.08,3313.9
900300,5007106,fedex,14-02-2025,27-02-2025,558.87,9914.1
900301,5011624,DHL Express,02-04-2026,09-04-2026,260.36,4514
900302,5003940,DHL,11-04-2023,19-11-2023,,6924
900303,5006871,Maersk,26-10-2025,06-11-2025,491.52,7739.5
900304,5001089,fedex,21-03-2025,22-Mar-25,91.66,1499.9
900305,5007711,DHL Express,10-11-2025,02-12-2025,494.51,9978.2
900306,5006727,Maersk,17-12-2024,24-12-2024,310.46,4911.5
900307,5002865,DHL Express,,,9.85,174.7
900308,5010535,Blue Dart,15-07-2021,31-07-2021,635.32,
900309,5009095,Blue Dart,16-01-2023,20-01-2023,199.66,3136.1
900310,5009842,UPS,30-12-2025,01-01-2026,57.87,1098.9
900311,5009232,FedEx,11-03-2023,15-03-2023,209.61,3315
900312,5009421,DHL,05-02-2024,18-02-2024,388.39,9118.4
900313,5003254,fedex,,,181.72,4152.7
900314,5008227,Blue Dart,03-06-2023,22-06-2023,466.09,9982.8
900315,5005946,Blue Dart,17-05-2023,05-06-2023,622.19,11079
900316,5010565,FedEx,31-03-2026,17-04-2026,478.49,7551.5
900317,5001005,DHL Express,02-07-2026,12-07-2026,523.11,7610.5
900318,5007156,DHL Express,02-04-2023,09-04-2023,256.66,5349.8
900319,5005389,UPS,11-04-2026,04-19-2026,338.04,6512.5
900320,5001218,fedex,04-04-2023,15-04-2023,209.66,4632.9
900321,5003072,DHL Express,06-05-2023,19-05-2023,574.33,11689.2
900322,5005050,UPS,11-05-2024,15-05-2024,187.03,3495
900323,5005692,fedex,31-05-2024,03-06-2024,101.1,1546.7
900324,5002761,fedex,02-07-2026,17-02-2026,291.94,5098.9
900325,5008958,fedex,06-09-2025,09-15-2025,441.55,8397.1
900326,5009992,DHL Express,06-06-2025,25-06-2025,625.23,10089.9
900327,5009484,DHL,09-12-2025,11-12-2025,99.49,1579.7
900328,5011721,DHL Express,28-01-2025,13-02-2025,455.29,7176.8
900329,5001371,FedEx,26-08-2025,06-09-2025,,5703.5
900330,5009864,DHL,10-08-2024,29-08-2024,743.5,11547.4
900331,5002344,fedex,29-11-2024,13-12-2024,648.17,11212.1
900332,5009421,fedex,02-01-2024,09-02-2024,322.49,5382.5
900333,5011885,UPS,,,549.78,10953.5
900334,5002786,Blue Dart,31-08-2023,02-09-2023,104.49,2038.7
900335,5008789,DHL,,,229.9,4738.8
900336,5010063,Blue Dart,24-10-2025,31-10-2025,165.86,3508.1
900337,5003719,FedEx,01-06-2021,07-06-2021,258.9,3669.3
900338,5009113,DHL Express,23-12-2023,28-Dec-23,285.21,
900339,5006601,Maersk,14-07-2024,20-07-2024,202.12,4048.2
900340,5005571,DHL,,,615.37,8722.3
900341,5006630,DHL,11-11-2024,13-11-2024,51.64,1169.3
900342,5009615,fedex,04-10-2025,12-10-2025,483.31,7867
900343,5001165,Blue Dart,02-09-2025,15-09-2025,604.36,9982.2
900344,5009112,fedex,07-31-2026,15-08-2026,337.63,7288.9
900345,5010809,Maersk,21-04-2026,22-04-2026,27.12,406.1
900346,5010759,DHL,26-05-2023,31-05-2023,240.46,4539.5
900347,5003401,DHL,15-09-2023,,,3329.6
900348,5011785,Blue Dart,15-03-2025,30-03-2025,715.73,11820.1
900349,5007132,fedex,02-08-2025,03-08-2025,61.34,
900350,5011448,Maersk,22-02-2025,01-03-2025,286.08,4987.2
900351,5005209,Maersk,30-08-2023,09-09-2023,425.43,7058.5
900352,5004637,Blue Dart,18-Nov-23,25-11-2023,333.92,6172.5
900353,5005807,UPS,29-09-2022,18-10-2022,751.3,11142.6
900354,5005045,Blue Dart,19-10-2022,31-10-2022,683.06,10624.1
900355,5008431,Maersk,18-07-2026,08-08-2026,622.76,10363.7
900356,5001587,Maersk,,,173.88,3653.3
900357,5004372,FedEx,17-01-2025,18-01-2025,15.5,114.9
900358,5011804,DHL Express,27-Oct-24,05-11-2024,202.1,4324.3
900359,5004310,DHL Express,11-07-2025,22-07-2025,397.11,8032.8
900360,5006589,DHL,,,637.15,9782.8
900361,5006466,DHL,13-05-2024,17-05-2024,,3424.5
900362,5011715,UPS,24-01-2026,03-02-2026,320.39,4736
900363,5002388,DHL,,,535.8,11842.7
900364,5005658,Blue Dart,20-05-2021,05-26-2021,141.08,2792.8
900365,5005869,DHL,,,110.02,
900366,5003659,Blue Dart,28-11-2025,02-12-2025,213.14,3143.5
900367,5006892,FedEx,23-08-2024,15-09-2024,563.7,11860
900368,5003791,fedex,10-10-2024,10-20-2024,384.39,5675.5
900369,5002997,Maersk,29-11-2025,,420.1,
900370,5007680,Maersk,12-29-2023,12-01-2024,404.56,8299.9
900371,5007672,Blue Dart,16-06-2022,24-06-2022,331.99,5010.7
900372,5011052,Maersk,08-03-2024,09-03-2024,18.39,205.6
900373,5006280,fedex,26-05-2026,28-05-2026,119.42,2085.9
900374,5001930,DHL,21-07-2026,23-07-2026,145.37,1926.9
900375,5007600,Maersk,03-Nov-24,11-11-2024,420.21,5877.4
900376,5011697,FedEx,24-06-2026,10-07-2026,704.09,
900377,5004577,UPS,,,310.67,6620.9
900378,5011733,FedEx,14-08-2023,23-08-2023,217.55,5009.5
900379,5000432,UPS,09-01-2026,21-01-2026,651.63,9487.1
900380,5005189,fedex,17-06-2023,25-06-2023,432.16,7228.8
900381,5004311,UPS,18-07-2026,23-07-2026,232.44,4326.4
900382,5005128,UPS,15-05-2022,01-06-2022,499.49,
900383,5005544,Maersk,25-02-2024,08-03-2024,337.29,7738.9
900384,5009953,fedex,13-11-2023,29-11-2023,632.1,10531.4
900385,5011511,Maersk,07-05-2026,09-05-2026,118.97,1686.9
900386,5002373,UPS,07-07-2026,22-07-2026,792.83,11365.8
900387,5008904,DHL,28-09-2022,20-10-2022,674.38,11852.8
900388,5007156,DHL,,,726.25,10290.5
900389,5006619,Blue Dart,26-02-2026,05-03-2026,321.15,5876.8
900390,5002008,FedEx,03-04-2025,20-04-2025,450.38,10931.1
900391,5004213,Blue Dart,11-07-2024,19-Jul-24,267.58,4614.3
900392,5005641,Maersk,,,61.96,830.1
900393,5000092,Blue Dart,02-01-2026,12-01-2026,304.41,6894
900394,5003829,DHL Express,05-03-2025,,162.88,2338.9
900395,5010528,Blue Dart,30-04-2024,10-05-2024,263.67,5211.6
900396,5004182,DHL Express,20-11-2022,23-11-2022,161.09,2754.6
900397,5011976,fedex,21-03-2023,04-02-2023,,6021.6
900398,5005839,Blue Dart,24-10-2023,06-11-2023,456.84,7019.6
900399,5004366,FedEx,04-10-2023,08-10-2023,132.99,2135.8
900400,5001080,FedEx,02-10-2023,18-10-2023,,8245.3
900401,5011552,UPS,,,122.23,1819
900402,5004157,DHL,02-10-2024,11-10-2024,329.88,6353.3
900403,5002896,FedEx,18-12-2025,12-22-2025,141.63,3320
900404,5007141,fedex,28-03-2024,01-04-2024,225.9,3789.6
900405,5010712,FedEx,04-12-2025,16-12-2025,610.92,8784
900406,5010735,DHL,12-06-2025,14-06-2025,95.74,1966.9
900407,5005147,DHL,,,132.75,2012.1
900408,5008432,fedex,19-07-2024,22-07-2024,178.64,2894.2
900409,5000289,fedex,05-01-2025,11-01-2025,193.14,4085
900410,5011428,UPS,06-02-2023,16-02-2023,413.97,
900411,5004373,DHL,28-07-2022,10-08-2022,596.4,9019.8
900412,5011849,UPS,09-02-2026,23-02-2026,757.72,10932.2
900413,5011405,fedex,,,197.99,2774.1
900414,5008768,fedex,,,421.25,9789.3
900415,5003562,Maersk,22-04-2023,03-05-2023,351.65,7615.6
900416,5003204,Maersk,,,136.3,2143.8
900417,5008839,fedex,04-05-2024,11-05-2024,260.43,4430.9
900418,5001214,fedex,25-08-2021,14-09-2021,582.96,11563.5
900419,5000869,UPS,,,710.63,10435.1
900420,5010566,DHL Express,28-11-2023,20-12-2023,532.46,11563
900421,5003016,DHL,06-03-2025,,159.2,3417.3
900422,5007942,DHL Express,17-11-2025,,338.51,8345
900423,5003913,fedex,12-04-2026,04-25-2026,432.05,9653.3
900424,5009819,fedex,01-11-2025,11-28-2025,719.62,11776.1
900425,5007227,FedEx,12-04-2025,29-04-2025,436.28,10502.4
900426,5002959,UPS,08-04-2026,15-04-2026,266.33,4963.5
900427,5005410,Blue Dart,06-01-2026,19-01-2026,294.22,5588
900428,5003997,DHL,08-11-2025,19-Nov-25,336.12,8055.1
900429,5011469,Maersk,,,144.53,2310.5
900430,5003103,Maersk,04-07-2023,05-07-2023,,1246.2
900431,5000886,FedEx,02-11-2024,09-11-2024,337.61,6387.8
900432,5006102,UPS,01-04-2023,12-04-2023,422.27,
900433,5003168,UPS,13-12-2024,16-12-2024,99.24,1916.3
900434,5011817,UPS,12-08-2025,23-08-2025,430.48,9991.3
900435,5006345,DHL Express,21-03-2022,31-03-2022,479.34,7694.8
900436,5001582,DHL Express,16-02-2024,20-02-2024,,2158.5
900437,5002641,Maersk,20-01-2025,03-02-2025,584.54,11810.7
900438,5008059,fedex,21-04-2024,,164.17,3097.4
900439,5010728,fedex,06-08-2026,23-06-2026,492.43,8648.3
900440,5008554,FedEx,08-04-2021,10-04-2021,96.21,1579.7
900441,5003171,Maersk,24-03-2024,07-04-2024,515.9,10947.6
900442,5009903,FedEx,30-03-2022,13-04-2022,697.04,11801
900443,5008036,Blue Dart,,,,6382.2
900444,5002869,Blue Dart,31-07-2022,11-08-2022,330.15,6682.7
900445,5010878,DHL Express,16-05-2025,05-06-2025,673.2,10403
900446,5003568,fedex,02-08-2025,09-08-2025,312.48,5487.5
900447,5000531,DHL Express,05-05-2026,,404.44,9475.1
900448,5006933,FedEx,,,163.33,2799.4
900449,5006233,Blue Dart,11-10-2023,06-11-2023,728.46,10992.4
900450,5005425,FedEx,,,455.51,7720.7
900451,5004843,Blue Dart,28-03-2026,16-04-2026,495.17,9939.9
900452,5001444,fedex,06-07-2026,23-07-2026,538.57,11329.8
900453,5006727,fedex,13-12-2024,23-12-2024,286.44,4928.4
900454,5008482,DHL,18-Aug-23,26-08-2023,466.64,6900.4
900455,5004400,FedEx,,,533.22,8927.2
900456,5003418,Blue Dart,30-11-2022,13-12-2022,480.25,10353.8
900457,5008968,fedex,15-05-2026,19-05-2026,186.17,3830.6
900458,5008739,UPS,,,15.54,195.7
900459,5006488,Blue Dart,11-03-2026,18-03-2026,468.83,6705.4
900460,5008451,DHL Express,04-05-2026,20-05-2026,371.61,7535.4
900461,5000538,FedEx,11-06-2026,23-06-2026,662.09,9431.1
900462,5006391,DHL,,,197.96,4673.5
900463,5008250,DHL Express,19-02-2024,04-03-2024,621.05,9287.4
900464,5009788,DHL,29-Oct-23,30-10-2023,33.09,573.9
900465,5001507,FedEx,06-06-2025,14-06-2025,267.74,5074.4
900466,5011169,fedex,23-07-2025,01-08-2025,369.69,5847.2
900467,5010592,UPS,20-12-2025,03-01-2026,480.36,9270.3
900468,5002891,DHL Express,10-08-2025,27-08-2025,598.14,9461.3
900469,5002345,UPS,10-03-2025,13-03-2025,99.59,1798.5
900470,5007484,fedex,01-10-2022,,104.94,1632.7
900471,5006034,Blue Dart,24-09-2024,03-10-2024,240.41,4718.8
900472,5006500,DHL,18-01-2022,22-Jan-22,111.19,2374.7
900473,5008281,FedEx,11-06-2025,06-14-2025,135.73,2460.5
900474,5009258,fedex,18-07-2023,26-07-2023,289.27,5645.5
900475,5011438,DHL Express,,,201.98,4148.5
900476,5008492,Maersk,,,145.35,2259.7
900477,5004356,DHL,10-05-2022,15-05-2022,191.03,3168.7
900478,5004065,UPS,12-01-2024,02-01-2024,387.6,9195.6
900479,5002335,FedEx,27-09-2021,12-10-2021,357.36,6270.6
900480,5005554,FedEx,,,503.29,7828.9
900481,5008188,fedex,09-02-2025,23-09-2025,,9627.1
900482,5006590,FedEx,12-05-2026,27-05-2026,389.93,7500.3
900483,5010065,FedEx,21-03-2025,27-03-2025,216.74,4017.5
900484,5008745,DHL,19-07-2025,01-08-2025,688.86,10386.8
900485,5009330,fedex,29-02-2024,23-03-2024,568.44,10073.9
900486,5006704,UPS,20-03-2026,21-03-2026,50.51,686
900487,5009426,Blue Dart,07-18-2026,23-07-2026,256.83,
900488,5003634,FedEx,03-02-2023,20-02-2023,560.16,11737.3
900489,5011148,fedex,13-11-2021,14-11-2021,38.49,421
900490,5001861,DHL Express,,,615.05,9592.4
900491,5006097,DHL,04-05-2025,,560.49,11516.3
900492,5005062,UPS,17-08-2025,28-08-2025,576.29,8833.2
900493,5011778,DHL,08-01-2026,19-01-2026,297.23,
900494,5005648,DHL,24-06-2026,28-06-2026,209.42,3564.7
900495,5002273,DHL Express,12-09-2025,26-09-2025,735.66,11532.2
900496,5010939,FedEx,26-08-2023,09-09-2023,597.85,9029.6
900497,5010376,Maersk,17-06-2024,29-06-2024,350.25,7765.9
900498,5000856,fedex,08-02-2025,22-02-2025,348.33,7747.5
900499,5002942,Maersk,31-05-2023,08-06-2023,407.85,5831.4
900500,5008711,DHL,24-08-2025,28-08-2025,191.98,4162.1
900501,5001950,FedEx,18-02-2023,28-02-2023,419.8,6159.9
900502,5004216,FedEx,,,540.48,8453.6
900503,5001189,DHL,02-06-2025,13-06-2025,326.66,5141
900504,5004899,UPS,,,20.33,224.5
900505,5003530,Blue Dart,29-Mar-23,04-06-2023,368.42,7421
900506,5003337,DHL Express,12-09-2025,25-09-2025,528.89,11284.6
900507,5001274,DHL Express,15-05-2026,29-05-2026,312.11,6770.3
900508,5011051,FedEx,20-05-2023,21-May-23,7.43,14.2
900509,5007729,UPS,12-11-2024,18-12-2024,268.96,5277.2
900510,5002069,UPS,09-Jan-26,15-01-2026,279.29,4244.2
900511,5002792,FedEx,25-01-2026,02-02-2026,296.21,
900512,5003826,fedex,05-17-2025,27-05-2025,522.63,8209.4
900513,5005816,UPS,25-08-2024,01-09-2024,367.24,5343.6
900514,5002234,FedEx,09-06-2024,17-06-2024,380.24,7694.8
900515,5001285,UPS,19-06-2026,01-07-2026,398.48,6402.4
900516,5003150,fedex,10-08-2025,22-08-2025,335.85,5845.9
900517,5009060,fedex,24-06-2024,26-06-2024,57.9,1093.6
900518,5003557,DHL,09-08-2024,,559.13,8957.1
900519,5006215,FedEx,06-10-2025,28-Oct-25,,11365.8
900520,5008235,DHL Express,13-12-2025,02-01-2026,718.91,11567.3
900521,5005718,DHL,05-01-2025,08-01-2025,128.95,2840.9
900522,5004289,Blue Dart,07-07-2025,24-07-2025,508.12,7936.6
900523,5004888,FedEx,25-05-2022,,158.07,3828.7
900524,5006694,UPS,08-03-2026,12-03-2026,223.51,3271.5
900525,5001320,FedEx,06-07-2024,15-07-2024,544.17,7891.8
900526,5008724,FedEx,23-10-2023,29-10-2023,237.62,4323
900527,5010765,fedex,08-05-2026,22-05-2026,554.11,9097.7
900528,5011057,fedex,04-12-2025,13-12-2025,458.65,6856.3
900529,5000177,DHL Express,,,247.41,4196.1
900530,5006549,Blue Dart,10-02-2023,15-02-2023,275.17,4979.4
900531,5008375,Maersk,05-02-2024,15-02-2024,338.22,6549.4
900532,5006090,fedex,03-02-2025,11-02-2025,356,7421.2
900533,5000959,Maersk,,,731.7,11005.7
900534,5008851,UPS,24-11-2025,08-12-2025,,8888.4
900535,5008076,Maersk,02-03-2024,06-03-2024,106.03,
900536,5009109,Blue Dart,,,78.68,1298.6
900537,5008298,Blue Dart,08-01-2025,19-01-2025,294.5,4618.3
900538,5000872,DHL Express,12-05-2026,02-06-2026,548.69,9955.8
900539,5008455,Maersk,20-01-2025,24-01-2025,247.86,3510.2
900540,5001433,DHL Express,19-04-2026,20-04-2026,41.55,618.4
900541,5003731,Maersk,24-09-2025,25-09-2025,72.85,1309.3
900542,5011843,UPS,08-02-2025,15-02-2025,152.3,3060.2
900543,5007987,UPS,12-09-2025,09-20-2025,337.22,6849.6
900544,5008077,DHL Express,25-10-2025,26-10-2025,11.74,54.7
900545,5005593,FedEx,08-09-2025,18-08-2025,393.99,7132.2
900546,5011797,FedEx,31-01-2026,07-02-2026,253.13,5049.1
900547,5001990,FedEx,29-11-2024,21-12-2024,402.16,9300.7
900548,5003403,Blue Dart,,,231.47,5261.5
900549,5009200,fedex,06-05-2024,17-05-2024,452.25,10627
900550,5006397,fedex,18-12-2023,21-12-2023,127.93,2740.6
900551,5011734,DHL,12-07-2026,23-07-2026,552.56,8361.2
900552,5006099,FedEx,22-06-2024,04-07-2024,678.11,10074.9
900553,5009912,Blue Dart,,,140.08,2152.2
900554,5004825,Blue Dart,27-04-2024,19-05-2024,763.53,11489.8
900555,5006509,UPS,16-01-2024,22-01-2024,,5652.1
900556,5004552,UPS,10-09-2023,27-09-2023,785.38,11374
900557,5005109,DHL,16-08-2025,,230.69,4814.9
900558,5011306,UPS,30-05-2025,06-22-2025,699.03,11402.9
900559,5000059,fedex,,,428.76,9399.6
900560,5005290,FedEx,29-03-2022,13-04-2022,573.47,9728
900561,5000807,FedEx,31-08-2025,07-09-2025,300.7,4530.2
900562,5002234,DHL,08-06-2024,12-06-2024,106.57,2336.7
900563,5000535,fedex,10-07-2025,20-07-2025,393.13,7685.2
900564,5002982,fedex,,,,7730.8
900565,5001971,fedex,24-Dec-24,,114.97,1931.1
900566,5007352,fedex,03-01-2026,12-01-2026,284.78,6213.7
900567,5001250,FedEx,15-07-2026,25-07-2026,432.3,6939.5
900568,5000206,UPS,14-05-2024,25-05-2024,215.3,4977.3
900569,5006744,Maersk,02-01-2023,14-01-2023,429.12,7272.9
900570,5008204,Blue Dart,,,,2563.4
900571,5006950,fedex,,,445.27,6912.4
900572,5000323,UPS,16-05-2022,25-05-2022,518.72,8028.8
900573,5005793,fedex,18-01-2026,31-01-2026,721.66,11220
900574,5004564,Blue Dart,16-02-2022,25-02-2022,471.35,7034.3
900575,5002270,UPS,21-11-2023,03-12-2023,311.55,7147.5
900576,5011136,Blue Dart,16-07-2026,07-08-2026,470.53,10147.4
900577,5007315,Maersk,,,374.37,6136.5
900578,5000601,FedEx,24-10-2025,27-10-2025,130.69,2890.1
900579,5011356,DHL,11-04-2024,14-04-2024,207.12,3084.9
900580,5006481,fedex,04-Jun-25,19-06-2025,474.61,8757.8
900581,5009832,FedEx,,,68.69,959.7
900582,5004647,Maersk,,,510.88,11505
900583,5004607,UPS,19-11-2023,29-11-2023,168.42,4118.5
900584,5001114,Maersk,22-02-2026,09-03-2026,327.96,6605.1
900585,5005823,UPS,15-05-2026,24-05-2026,222.39,5098.9
900586,5009746,UPS,18-12-2025,25-12-2025,,3390.1
900587,5008540,Maersk,,,77.28,1236.4
900588,5007778,Blue Dart,07-04-2023,17-04-2023,412.83,8230.8
900589,5009172,Maersk,25-05-2023,26-05-2023,9.67,146.2
900590,5005837,DHL,15-08-2025,18-08-2025,135.21,1850.4
900591,5001197,Maersk,09-03-2025,17-03-2025,514.06,7554.4
900592,5002110,fedex,26-04-2022,08-05-2022,509.74,10681.7
900593,5009581,UPS,29-05-2025,,321.62,5164.1
900594,5004377,fedex,,,,10695.1
900595,5006027,Blue Dart,24-11-2023,,320.03,6797.3
900596,5000860,FedEx,18-06-2023,20-06-2023,96.78,2129.7
900597,5009230,FedEx,08-17-2024,28-08-2024,620.74,8993.7
900598,5008224,DHL Express,,,52.87,1156.7
900599,5004372,Blue Dart,15-01-2025,19-01-2025,218.16,3684.1
900600,5007953,UPS,21-03-2025,05-04-2025,554.97,11690.9
900601,5006314,Maersk,09-02-2022,20-02-2022,513.86,8006.8
900602,5002124,DHL,02-06-2021,19-06-2021,489.09,11823.3
900603,5004384,DHL,19-07-2025,06-08-2025,490.32,8831.7
900604,5010103,Blue Dart,15-09-2025,01-10-2025,639.12,9495.9
900605,5002280,FedEx,03-06-2025,06-06-2025,157.09,2648.5
900606,5009030,DHL,03-05-2026,05-05-2026,96.79,1987.7
900607,5000735,fedex,01-04-2025,12-04-2025,265.26,6211.9
900608,5008377,UPS,08-06-2026,11-06-2026,136.5,2780.4
900609,5010364,FedEx,02-Dec-25,27-12-2025,769.81,10881.8
900610,5006351,Blue Dart,03-08-2026,18-08-2026,576.38,11317
900611,5001336,FedEx,23-10-2025,31-10-2025,340.71,6771.2
900612,5009771,Blue Dart,29-07-2025,08-08-2025,427.93,7278.4
900613,5006347,Maersk,30-06-2025,05-07-2025,239.32,3457.5
900614,5009551,DHL Express,17-05-2025,,119.07,2257.4
900615,5011486,Maersk,31-07-2026,12-08-2026,425.51,8663.2
900616,5010397,DHL Express,16-02-2024,17-02-2024,19.52,265.9
900617,5004334,UPS,08-28-2025,04-09-2025,179.97,3994.8
900618,5006820,Blue Dart,16-07-2024,29-07-2024,391.35,7639.8
900619,5011255,DHL,20-02-2026,06-03-2026,479.43,7485.5
900620,5001762,fedex,22-12-2021,01-01-2022,459.76,6761.7
900621,5003966,UPS,29-08-2025,12-09-2025,789.3,11524
900622,5002127,FedEx,06-30-2025,,163.94,3778.2
900623,5004244,FedEx,29-Oct-25,25-11-2025,726.1,11474.2
900624,5007755,DHL,22-10-2025,13-11-2025,578.97,11660.5
900625,5008296,DHL Express,04-10-2025,09-10-2025,130.81,2810.2
900626,5001585,Maersk,21-11-2024,22-11-2024,25.58,347.9
900627,5004321,UPS,05-05-2025,,,11757.6
900628,5009428,FedEx,06-06-2026,27-06-2026,722.96,11371.1
900629,5002864,FedEx,14-01-2024,21-01-2024,249.65,5969.5
900630,5000050,DHL Express,26-07-2026,11-08-2026,337.35,6848.3
900631,5004930,FedEx,19-12-2025,29-12-2025,568.11,9430.2
900632,5002783,FedEx,01-08-2025,13-08-2025,563.22,8007.3
900633,5003352,Blue Dart,18-10-2023,20-10-2023,85.42,1760.8
900634,5003672,FedEx,,,385.33,7476
900635,5005133,FedEx,20-07-2026,30-07-2026,379.15,6286.7
900636,5002811,Blue Dart,10-09-2025,09-16-2025,255.51,5046.4
900637,5005826,FedEx,05-07-2025,15-07-2025,424.63,6439.2
900638,5001342,FedEx,03-03-2026,11-03-2026,362.96,5451.7
900639,5000764,DHL Express,29-09-2024,10-10-2024,385.69,5595.1
900640,5008139,FedEx,02-09-2025,28-09-2025,623.63,11891.7
900641,5001688,fedex,09-10-2022,18-10-2022,273.75,4846.6
900642,5011294,FedEx,14-10-2025,01-11-2025,391.81,7528.4
900643,5007778,Blue Dart,05-04-2023,18-04-2023,787.48,11645.5
900644,5009984,DHL,01-12-2025,21-12-2025,619.93,11398.4
900645,5010722,FedEx,05-12-2024,,658.87,10531.1
900646,5001851,Blue Dart,09-12-2025,12-13-2025,194.45,3096.3
900647,5010399,fedex,30-08-2025,07-09-2025,221.34,4636.8
900648,5011464,Blue Dart,27-08-2025,05-09-2025,491.66,7073
900649,5011851,UPS,31-10-2024,06-11-2024,253.21,5261.7
900650,5009002,FedEx,,,444.62,10235.7
900651,5005552,DHL Express,23-May-21,05-06-2021,575.04,
900652,5009441,DHL Express,05-Jul-24,17-07-2024,,9306.4
900653,5005096,Blue Dart,17-07-2024,20-07-2024,146.15,2035.4
900654,5005404,fedex,13-12-2025,26-12-2025,,7541.4
900655,5004950,FedEx,24-01-2022,01-02-2022,396.56,5614.6
900656,5011469,fedex,01-07-2025,11-07-2025,374.52,8044.5
900657,5011443,Maersk,03-06-2024,27-06-2024,571.09,10750.3
900658,5001251,fedex,14-10-2023,17-10-2023,117.46,2687.6
900659,5006701,fedex,26-03-2026,06-04-2026,318.4,7281.2
900660,5005330,UPS,05-10-2025,19-10-2025,545.95,10722.2
900661,5002514,FedEx,11-06-2026,23-06-2026,433.03,7779.8
900662,5004486,Blue Dart,25-03-2025,29-03-2025,157.64,3385.2
900663,5006686,Blue Dart,26-02-2025,06-03-2025,403.54,6789.3
900664,5008645,FedEx,20-08-2023,01-09-2023,425.88,6931.8
900665,5000419,Blue Dart,04-09-2025,11-09-2025,218.49,4930.5
900666,5007469,FedEx,26-03-2026,09-04-2026,534.5,8051.5
900667,5008154,FedEx,,,232.99,5315.8
900668,5000320,Blue Dart,23-10-2023,25-10-2023,71.05,1715.8
900669,5008792,Blue Dart,21-06-2025,22-06-2025,41.8,784.8
900670,5009097,fedex,23-03-2025,,596,8363.4
900671,5001251,DHL,13-10-2023,14-10-2023,31.09,357.6
900672,5009500,DHL Express,26-10-2023,30-10-2023,108.23,2188.9
900673,5004732,Blue Dart,29-02-2024,03-03-2024,106.68,2498.3
900674,5000876,Blue Dart,,,135.7,2413.9
900675,5011638,Maersk,,,,3747.8
900676,5005737,DHL,08-11-2024,,,4628.2
900677,5010621,Maersk,02-01-2024,08-01-2024,195.28,3539.6
900678,5000132,UPS,13-12-2023,22-12-2023,473.71,6838
900679,5005418,Blue Dart,22-07-2024,02-08-2024,459.51,8953.6
900680,5009441,Blue Dart,08-07-2024,13-07-2024,269.81,4241.1
900681,5011704,Maersk,10-02-2026,15-02-2026,266.98,4283.1
900682,5002813,DHL,22-01-2025,01-02-2025,485.25,9142.8
900683,5010132,UPS,21-03-2026,12-04-2026,635.84,10645.6
900684,5009446,FedEx,14-11-2024,25-11-2024,407.66,7726.6
900685,5001700,FedEx,23-02-2023,03-03-2023,250.74,4107.8
900686,5007691,DHL Express,03-02-2026,15-02-2026,541.76,9826.4
900687,5008690,DHL,30-08-2021,12-09-2021,403.91,9586.9
900688,5002573,UPS,06-08-2025,08-07-2025,36.41,481.7
900689,5004710,UPS,27-05-2026,05-06-2026,523.69,8209.1
900690,5008442,DHL,09-07-2025,14-07-2025,202.75,4852.1
900691,5006582,DHL,06-08-2024,16-08-2024,195.46,4545.9
900692,5005286,FedEx,29-07-2023,19-08-2023,,10834.7
900693,5011102,DHL,02-11-2025,11-09-2025,244.54,5305.5
900694,5011395,DHL Express,07-12-2024,19-12-2024,524.4,10240.6
900695,5007380,DHL,28-01-2026,31-01-2026,74.48,1377.9
900696,5007814,DHL Express,08-01-2026,17-01-2026,451.06,7211.2
900697,5002841,fedex,01-08-2026,08-22-2026,515.31,11999.3
900698,5003054,UPS,16-12-2025,25-12-2025,382.47,6221.7
900699,5001291,FedEx,28-08-2025,05-09-2025,203.41,4197.3
900700,5006601,FedEx,13-07-2024,18-07-2024,291.11,3997.6
900701,5004161,Maersk,14-06-2025,22-06-2025,330.44,6910.8
900702,5007566,FedEx,,,489.36,9974.4
900703,5006847,fedex,11-11-2025,12-11-2025,74.42,976.2
900704,5008977,DHL,29-03-2023,09-04-2023,424.95,7153
900705,5005741,DHL,,,63.4,675.9
900706,5005973,DHL Express,17-03-2021,31-03-2021,376.07,6770.9
900707,5007620,DHL,23-09-2022,27-09-2022,114.07,2281.7
900708,5010001,Maersk,,,289.42,6349.4
900709,5007105,DHL Express,14-11-2024,19-11-2024,209.09,
900710,5007689,FedEx,06-11-2024,13-11-2024,184.19,3564.6
900711,5002198,Blue Dart,11-12-2024,21-12-2024,413.29,8001.8
900712,5004502,Blue Dart,08-11-2024,17-11-2024,252,4692.2
900713,5004774,FedEx,,,467.28,9103
900714,5006051,Blue Dart,18-10-2025,26-10-2025,260.37,4312.1
900715,5000799,fedex,,,176.75,3715
900716,5004554,DHL,,,417.11,9444.7
900717,5010375,DHL,15-10-2023,29-10-2023,511.58,8555.6
900718,5002939,Blue Dart,18-09-2025,20-09-2025,107.52,1726.2
900719,5008613,fedex,20-02-2026,,431.74,7809.7
900720,5001594,UPS,02-08-2026,09-08-2026,255.09,5496.6
900721,5001492,UPS,16-05-2026,30-05-2026,600.77,8577
900722,5003512,DHL Express,13-07-2026,03-08-2026,633.05,11973.4
900723,5007066,fedex,24-08-2023,08-29-2023,130.26,2591.5
900724,5009678,DHL,19-04-2025,01-05-2025,447.13,9834.3
900725,5004838,Blue Dart,22-09-2025,04-10-2025,690.43,10785.9
900726,5006021,UPS,11-11-2025,22-11-2025,717.96,10431.3
900727,5011142,Blue Dart,,,481.91,7728.6
900728,5004051,fedex,08-03-2026,28-03-2026,648.75,10894.7
900729,5005366,Blue Dart,03-11-2025,09-11-2025,255.67,4385.5
900730,5010572,UPS,,,695.86,10794.1
900731,5010377,DHL Express,24-11-2023,,393.52,7916.6
900732,5000085,UPS,25-02-2026,10-Mar-26,468.95,9478.4
900733,5006356,DHL Express,25-07-2023,04-08-2023,391.26,7298.7
900734,5011837,FedEx,20-11-2025,26-11-2025,301.19,4470.1
900735,5001163,FedEx,11-02-2024,02-03-2024,471.1,10864.3
900736,5006799,Blue Dart,26-01-2026,05-02-2026,263.71,4760.2
900737,5001689,FedEx,29-09-2021,,461.56,10296
900738,5006529,DHL,25-09-2024,05-10-2024,370.22,5618.6
900739,5009685,Blue Dart,16-03-2025,18-03-2025,,1536.8
900740,5011224,Blue Dart,,,430.71,7328.8
900741,5007734,DHL Express,03-04-2026,21-04-2026,487.25,11754.7
900742,5005683,fedex,,,494.76,8049.2
900743,5002972,FedEx,14-10-2025,16-Oct-25,102.99,1756.7
900744,5003677,fedex,06-03-2026,13-06-2026,508.75,8508.4
900745,5006158,DHL Express,29-05-2026,06-06-2026,371.96,6806.5
900746,5005671,FedEx,23-09-2025,27-09-2025,165.89,3558.3
900747,5006023,Maersk,21-May-26,31-05-2026,504.66,7669.4
900748,5008732,UPS,,,,9518.3
900749,5003804,UPS,07-11-2023,08-11-2023,29.61,327.1
900750,5011577,DHL,13-04-2026,25-04-2026,571.26,9322
900751,5001059,DHL Express,19-06-2025,27-06-2025,312.27,5143.4
900752,5003241,UPS,08-07-2026,18-07-2026,282.34,5899.9
900753,5003999,DHL,17-05-2025,28-05-2025,401.91,6334.4
900754,5011366,UPS,27-12-2021,01-01-2022,195.02,3589.2
900755,5006533,UPS,22-08-2025,27-08-2025,220.33,3670.8
900756,5010690,Blue Dart,06-22-2025,25-06-2025,178.37,2695.5
900757,5011533,Maersk,,,197.2,3153.4
900758,5000096,DHL Express,02-03-2026,,223.9,3744
900759,5009288,fedex,31-05-2026,07-06-2026,417.14,6039.5
900760,5004828,fedex,07-10-2023,25-10-2023,611.3,9733.7
900761,5004164,fedex,30-05-2024,31-05-2024,19.86,375.4
900762,5011835,Blue Dart,03-08-2026,20-08-2026,470.92,10835.4
900763,5011448,DHL,21-02-2025,09-03-2025,456.67,10448.3
900764,5008345,fedex,11-02-2026,12-02-2026,32.7,586.5
900765,5002351,Maersk,16-04-2023,,189.53,2830.4
900766,5000845,Blue Dart,24-02-2025,02-03-2025,241.33,4136.7
900767,5000464,Blue Dart,17-08-2023,29-08-2023,,6034.7
900768,5001420,Maersk,14-01-2026,24-01-2026,301.77,6475.3
900769,5002210,DHL Express,,,464.26,10787.4
900770,5004449,UPS,12-05-2026,26-05-2026,405.44,6056.7
900771,5001588,DHL,04-01-2026,15-01-2026,497.41,9083.8
900772,5006981,Blue Dart,22-01-2026,01-02-2026,232.46,5602
900773,5007621,DHL,23-04-2025,05-03-2025,,7451.5
900774,5011254,DHL Express,25-02-2024,05-03-2024,450.48,6622.4
900775,5010680,fedex,04-07-2025,13-07-2025,365.94,8018.2
900776,5003080,Blue Dart,07-07-2024,13-07-2024,260.02,5642.4
900777,5000506,FedEx,,,590.99,
900778,5004437,DHL Express,15-07-2025,07-16-2025,,406.2
900779,5009032,FedEx,19-08-2024,,92.46,1451.4
900780,5006767,FedEx,16-12-2025,29-12-2025,453.73,10019.3
900781,5005206,DHL Express,,,91.23,1527.1
900782,5008356,UPS,04-08-2022,26-08-2022,510.35,9517.4
900783,5006062,DHL,10-05-2023,14-05-2023,150.61,3163.1
900784,5005133,fedex,22-07-2026,28-07-2026,193.14,2772.9
900785,5008450,Maersk,16-09-2025,17-09-2025,,1732.9
900786,5005071,Maersk,12-03-2026,,400.94,5972.4
900787,5005705,UPS,22-01-2025,23-01-2025,70.53,1374.8
900788,5010247,DHL Express,,,466.05,8243.3
900789,5009517,fedex,20-11-2023,05-12-2023,369.16,6579.7
900790,5007024,FedEx,28-04-2024,21-05-2024,584.38,11564.8
900791,5010020,Maersk,11-Mar-26,29-03-2026,795.58,11355.8
900792,5009309,fedex,,,430.86,7407
900793,5002156,fedex,02-08-2023,04-08-2023,94.29,1449.4
900794,5011995,DHL,10-03-2025,24-03-2025,689.02,10794.2
900795,5010550,Maersk,24-01-2024,25-01-2024,38.71,568.6
900796,5011533,UPS,22-03-2025,06-04-2025,,6695.9
900797,5011365,UPS,24-08-2023,31-08-2023,,4806.6
900798,5004590,UPS,19-06-2025,,791.59,11606.4
900799,5004967,Maersk,12-Sep-23,18-09-2023,300.18,4869.6
900800,5000477,Maersk,10-06-2026,06-20-2026,487.32,7986.3
900801,5002579,FedEx,23-06-2022,04-07-2022,576.63,9931.1
900802,5005278,Maersk,12-19-2025,03-01-2026,584.04,8603.2
900803,5002251,DHL Express,16-11-2025,22-Nov-25,154.71,3569.5
900804,5002869,fedex,30-07-2022,12-08-2022,479.47,10726
900805,5006860,Maersk,,,,2132.4
900806,5000682,DHL,07-11-2024,18-11-2024,371.37,6003.8
900807,5006590,Blue Dart,12-05-2026,15-05-2026,,2527.7
900808,5007532,DHL Express,16-06-2023,03-07-2023,747.92,10820.4
900809,5011676,FedEx,26-12-2024,27-12-2024,68.08,1190.8
900810,5008360,UPS,10-12-2025,11-12-2025,62.55,1231.9
900811,5001662,fedex,28-06-2025,,,6223.8
900812,5000044,Maersk,30-08-2024,04-09-2024,256.86,3794.6
900813,5003516,UPS,09-05-2025,25-05-2025,493.38,11761
900814,5009034,DHL,25-Feb-24,19-03-2024,715,11775.9
900815,5008955,Maersk,13-04-2025,04-18-2025,226.02,4228.7
900816,5006467,DHL Express,07-08-2025,08-17-2025,370.57,6478.4
900817,5006734,fedex,22-07-2022,25-07-2022,174.73,3082.6
900818,5007108,DHL Express,03-11-2022,11-10-2022,476.37,6736.5
900819,5002457,UPS,27-03-2025,05-04-2025,267.14,5843.3
900820,5008476,UPS,17-03-2023,28-03-2023,358.31,6488.6
900821,5000706,Blue Dart,31-03-2026,01-04-2026,,805.8
900822,5004770,Maersk,17-09-2023,20-09-2023,170.89,3058.9
900823,5008334,DHL,30-07-2025,03-08-2025,176.96,3110.2
900824,5007524,DHL,11-24-2024,,343.1,7193.2
900825,5005186,Blue Dart,31-03-2023,13-04-2023,404.79,8593
900826,5009489,Blue Dart,06-Oct-22,10-07-2022,5.32,
900827,5001645,UPS,,,243.19,3516
900828,5008248,fedex,07-02-2024,12-02-2024,246.22,5011.2
900829,5008123,Blue Dart,15-11-2025,22-11-2025,273.29,4881.1
900830,5004243,fedex,27-06-2025,04-07-2025,383.8,6480.5
900831,5006247,DHL Express,19-02-2026,28-02-2026,505.6,8236.3
900832,5007608,DHL Express,01-08-2025,26-08-2025,649.62,10263
900833,5002963,UPS,29-07-2021,08-08-2021,307.25,7132.4
900834,5000478,Maersk,19-09-2024,26-09-2024,196.6,3068.8
900835,5011230,Maersk,02-May-24,03-05-2024,27.1,330.5
900836,5004498,Maersk,24-09-2021,20-10-2021,553.29,11006.3
900837,5011659,DHL,10-04-2025,20-04-2025,263.74,4292.2
900838,5004087,UPS,05-10-2025,09-10-2025,104.46,1996.7
900839,5011808,Blue Dart,07-12-2024,20-12-2024,462.6,9007
900840,5006351,DHL Express,31-07-2026,08-09-2026,296.6,4158
900841,5001886,Blue Dart,22-03-2026,12-04-2026,479.77,8772.8
900842,5004232,DHL,,,458.71,7882.9
900843,5007870,Blue Dart,16-04-2026,27-Apr-26,601.4,
900844,5001453,DHL Express,13-03-2023,29-03-2023,,10518.6
900845,5000040,UPS,22-07-2024,30-07-2024,491.86,7176.4
900846,5003114,DHL,03-06-2025,23-06-2025,551.29,10104
900847,5008320,FedEx,09-06-2026,20-06-2026,437.05,7085.4
900848,5009219,DHL,,,143.43,3519.6
900849,5002302,FedEx,08-05-2024,20-05-2024,759.93,11306.6
900850,5006357,FedEx,14-05-2023,16-05-2023,73.75,970.4
900851,5009373,DHL Express,07-10-2025,20-10-2025,392.09,6839.6
900852,5007698,fedex,13-01-2024,14-01-2024,63.04,793.4
900853,5006249,FedEx,22-Jan-25,15-02-2025,716.32,11329.5
900854,5006085,DHL,,,173.63,3678.5
900855,5003180,UPS,22-04-2025,,223.06,5419.1
900856,5011825,fedex,07-06-2025,16-06-2025,440.81,7138.8
900857,5003560,DHL,09-07-2026,24-07-2026,393.22,6917.2
900858,5008681,FedEx,08-04-2026,09-04-2026,48.41,524.3
900859,5010008,DHL,20-06-2026,23-06-2026,167.46,2700.1
900860,5000335,UPS,,,353.03,6157.9
900861,5007691,DHL Express,31-01-2026,11-Feb-26,520.38,9160
900862,5004797,fedex,30-10-2024,11-11-2024,339.3,7868.4
900863,5006775,fedex,11-04-2025,12-04-2025,65.01,1034.4
900864,5004445,Maersk,30-09-2024,05-10-2024,265.4,
900865,5007013,FedEx,18-09-2025,02-10-2025,425.12,10267.4
900866,5006022,FedEx,22-03-2026,,167.03,2319.4
900867,5008882,DHL Express,25-02-2026,17-03-2026,706.15,10890.8
900868,5004533,FedEx,23-05-2025,30-05-2025,360.89,5973.2
900869,5008277,DHL Express,27-11-2024,01-12-2024,199.57,2822.8
900870,5005764,DHL,18-07-2025,04-08-2025,570.69,8289.1
900871,5001905,DHL,09-02-2026,16-02-2026,244.37,5475.7
900872,5000955,FedEx,09-09-2022,20-09-2022,214.28,4586
900873,5005068,Maersk,22-04-2026,,114.47,1608.3
900874,5009689,UPS,11-19-2025,20-11-2025,109.11,1700.1
900875,5008007,Blue Dart,05-12-2024,15-12-2024,388.58,9102.1
900876,5003547,DHL Express,24-03-2025,31-03-2025,328.93,5059.9
900877,5001436,UPS,27-10-2022,06-Nov-22,543.11,9427.3
900878,5003227,Blue Dart,10-07-2026,16-07-2026,187.74,3047.9
900879,5008998,UPS,25-12-2022,09-01-2023,343.8,7055.6
900880,5008286,UPS,,,469.36,8673.6
900881,5006590,FedEx,05-09-2026,10-05-2026,8.86,53.7
900882,5007412,fedex,08-09-2024,24-09-2024,707.48,11129.1
900883,5002740,DHL,27-12-2023,07-01-2024,,9696.5
900884,5011573,DHL Express,15-03-2024,20-Mar-24,212.26,4090.8
900885,5008535,FedEx,29-05-2026,11-06-2026,610.92,9467.1
900886,5002660,FedEx,20-04-2023,10-05-2023,581.33,10855.9
900887,5006540,fedex,20-Mar-26,29-03-2026,371.92,7963.5
900888,5001006,DHL Express,11-11-2025,,29.6,436.8
900889,5000463,UPS,,,,1861.5
900890,5010493,FedEx,30-10-2023,06-Nov-23,465.96,6673.8
900891,5001588,Maersk,05-01-2026,15-01-2026,421.92,6417.4
900892,5000001,FedEx,14-05-2023,16-05-2023,146.48,2103.8
900893,5006434,Maersk,20-11-2021,21-11-2021,,1007.7
900894,5003114,DHL Express,03-06-2025,04-06-2025,59.12,665.4
900895,5001993,UPS,11-09-2023,12-09-2023,45.62,718.9
900896,5001948,DHL Express,,,41.3,533.5
900897,5008803,Blue Dart,16-04-2025,27-04-2025,396.55,5815.9
900898,5005643,DHL,07-07-2022,25-07-2022,445.11,8746.2
900899,5009655,fedex,19-08-2024,22-08-2024,156.72,2648.3
900900,5005131,fedex,09-03-2026,30-03-2026,616.01,11646.1
900901,5008761,DHL,10-07-2023,,134.51,
900902,5008591,DHL Express,,,192.07,4306.6
900903,5007694,DHL Express,16-06-2026,03-07-2026,510.4,11464.7
900904,5011151,FedEx,10-08-2025,08-16-2025,350.49,5283.8
900905,5003900,DHL,22-Feb-25,23-02-2025,81.75,1470.1
900906,5000269,FedEx,30-05-2023,10-06-2023,475.96,8496
900907,5011050,FedEx,21-08-2024,30-08-2024,347.96,
900908,5004416,DHL Express,13-06-2026,15-06-2026,125.1,1917
900909,5000485,UPS,31-08-2024,11-09-2024,511.11,7758.7
900910,5000779,UPS,13-01-2024,18-01-2024,292.59,4191.2
900911,5006907,Maersk,30-04-2023,07-05-2023,346.77,5652.3
900912,5003582,Blue Dart,05-08-2023,07-08-2023,64.77,1185.8
900913,5000467,FedEx,,,42.67,
900914,5003088,UPS,03-03-2026,07-03-2026,,4044
900915,5008727,DHL Express,07-04-2021,04-08-2021,22.74,174.8
900916,5008687,DHL Express,05-03-2025,24-03-2025,568.19,8278
900917,5000121,DHL Express,21-05-2026,06-06-2026,664.43,9499.5
900918,5004313,DHL,25-07-2025,08-08-2025,559.94,8533.4
900919,5000188,Blue Dart,26-11-2025,08-12-2025,399.4,5804.5
900920,5003698,Blue Dart,01-08-2026,09-01-2026,21.12,
900921,5005577,DHL,11-04-2025,17-04-2025,194.48,3171.3
900922,5008968,DHL,15-May-26,09-06-2026,698.98,11117.9
900923,5001324,UPS,01-03-2024,13-03-2024,,7947.7
900924,5007391,Maersk,21-10-2024,05-11-2024,529.57,10274.5
900925,5003821,Maersk,28-07-2024,07-30-2024,,2514.8
900926,5004790,Blue Dart,17-02-2026,03-01-2026,473.51,8000.8
900927,5005941,FedEx,06-02-2025,25-02-2025,583.77,9083.9
900928,5006498,UPS,12-06-2023,29-06-2023,542.54,11068.4
900929,5000736,fedex,14-05-2026,28-05-2026,371.78,8529.2
900930,5009686,DHL Express,17-02-2026,23-02-2026,290.31,
900931,5008676,DHL Express,14-02-2026,20-02-2026,210.47,3980.2
900932,5006785,DHL,30-05-2021,06-18-2021,391.05,9471.3
900933,5001241,UPS,10-01-2026,11-01-2026,9.99,286.1
900934,5005258,UPS,,,207.52,3539
900935,5005979,Blue Dart,29-10-2023,04-11-2023,214.63,5100.8
900936,5010806,Blue Dart,25-02-2025,08-03-2025,590.47,8231.8
900937,5000314,fedex,12-02-2025,13-02-2025,23.83,414.6
900938,5003527,Maersk,13-02-2026,16-02-2026,82.73,1763
900939,5008219,UPS,14-04-2026,09-05-2026,460.34,10480.1
900940,5005304,DHL,03-04-2026,19-04-2026,484.95,10712.6
900941,5009224,Blue Dart,30-07-2021,03-08-2021,206.33,3729.7
900942,5002930,DHL,31-03-2026,01-04-2026,32.51,665.3
900943,5002234,DHL Express,09-06-2024,23-06-2024,465.43,9477.3
900944,5001560,fedex,04-08-2024,16-08-2024,680.81,11107.3
900945,5010960,fedex,17-08-2025,07-09-2025,514.2,11335.1
900946,5006944,FedEx,25-06-2026,26-06-2026,70.46,1088.2
900947,5001628,DHL,09-03-2021,04-09-2021,37.43,311.6
900948,5008350,DHL Express,10-09-2024,23-09-2024,521.94,11440.1
900949,5005224,fedex,10-01-2026,18-01-2026,289.52,4705.7
900950,5002442,fedex,20-02-2023,13-03-2023,702.4,10394.3
900951,5007186,DHL Express,16-12-2022,26-Dec-22,218.02,4883
900952,5005012,Maersk,03-04-2026,20-04-2026,358.84,7118.5
900953,5011019,UPS,27-May-26,17-06-2026,604.46,
900954,5001449,fedex,,,315.95,6649.2
900955,5004543,DHL,27-10-2024,06-11-2024,348.16,7464.8
900956,5011694,Blue Dart,04-07-2023,05-07-2023,41.24,418.9
900957,5008042,fedex,,,81.8,1138.8
900958,5002340,fedex,27-03-2026,28-03-2026,69.38,
900959,5003303,UPS,,,,11601.1
900960,5002000,Maersk,13-05-2025,,,2254.9
900961,5003694,fedex,05-03-2025,07-03-2025,93.91,1728.8
900962,5002299,UPS,20-11-2025,02-12-2025,306.38,6459.8
900963,5004446,UPS,15-08-2024,20-08-2024,229.29,3431.2
900964,5006908,Maersk,12-07-2023,20-07-2023,374.31,5549.3
900965,5001758,Blue Dart,07-07-2023,14-07-2023,352.63,5532.1
900966,5004337,fedex,20-09-2022,,314.48,6377.4
900967,5000263,UPS,02-06-2026,13-06-2026,405.87,8091.3
900968,5003086,fedex,14-07-2025,24-07-2025,211.64,5149.2
900969,5004558,Maersk,02-01-2025,11-01-2025,549.1,8299.7
900970,5011137,Maersk,30-06-2025,07-14-2025,482.25,8549.5
900971,5010425,fedex,08-22-2025,06-09-2025,458.14,10806.7
900972,5010198,Maersk,30-06-2025,11-07-2025,484.3,10197.9
900973,5001218,Maersk,02-04-2023,16-04-2023,793.12,11448.1
900974,5010405,UPS,09-08-2024,22-08-2024,677.1,9712.6
900975,5001056,UPS,22-01-2025,01-02-2025,303.57,4986
900976,5001039,UPS,05-05-2026,06-05-2026,45.3,720.8
900977,5009967,fedex,15-02-2025,18-02-2025,93.41,1890.2
900978,5011050,FedEx,23-08-2024,09-09-2024,742.33,11943.5
900979,5009259,Blue Dart,11-08-2024,04-09-2024,605.32,11912.8
900980,5011805,Blue Dart,,,564.5,8282.3
900981,5009248,Maersk,06-12-2025,12-12-2025,286.48,4229.7
900982,5006005,FedEx,24-02-2026,28-02-2026,160.96,2847.8
900983,5001153,FedEx,30-Dec-25,12-01-2026,448.77,7712.4
900984,5009119,fedex,03-01-2026,16-01-2026,779.25,11350
900985,5003304,DHL Express,14-07-2025,18-07-2025,140.16,1996
900986,5000210,Maersk,01-10-2022,03-10-2022,128.78,2339.6
900987,5005288,Blue Dart,31-03-2025,18-04-2025,604.27,10367.6
900988,5006959,Blue Dart,25-10-2025,15-11-2025,720.98,11882.6
900989,5011341,FedEx,09-03-2023,21-03-2023,542.25,8091.4
900990,5006678,UPS,31-12-2025,05-01-2026,162.63,2313
900991,5004373,Maersk,27-07-2022,22-08-2022,476.54,10775
900992,5006054,FedEx,03-01-2023,09-01-2023,331.62,4810.5
900993,5009969,fedex,18-12-2023,04-01-2024,654.01,11950.7
900994,5004772,Blue Dart,,,667.04,10214.8
900995,5010184,FedEx,16-04-2025,17-04-2025,65.08,1110.3
900996,5010905,DHL Express,10-07-2024,21-07-2024,567.85,8522.9
900997,5010303,UPS,07-10-2024,22-10-2024,420.55,9905.5
900998,5010408,Maersk,07-14-2024,09-08-2024,740.22,11944.8
900999,5006087,UPS,,,484.97,
901000,5001970,Maersk,07-09-2024,12-09-2024,149.91,2976.9
901001,5005541,Maersk,15-04-2026,29-04-2026,527.44,8895.8
901002,5009835,Blue Dart,25-08-2022,28-08-2022,92.42,1680.2
901003,5002676,fedex,12-04-2025,26-04-2025,492.83,8559
901004,5004200,FedEx,18-07-2026,28-07-2026,,4716.4
901005,5010745,FedEx,11-06-2026,17-06-2026,223.2,3539.8
901006,5008270,Maersk,23-Oct-25,27-10-2025,246.63,4002.5
901007,5005605,fedex,02-06-2024,16-06-2024,643.5,9447.8
901008,5006763,Blue Dart,11-05-2024,12-05-2024,4.79,183.8
901009,5006541,FedEx,04-08-2024,06-08-2024,113.77,1973.9
901010,5006990,UPS,22-12-2025,25-12-2025,163.24,2616.6
901011,5003719,fedex,04-06-2021,23-06-2021,723.53,11381.5
901012,5002306,fedex,08-03-2025,19-03-2025,,8699.8
901013,5008771,FedEx,22-08-2025,27-08-2025,146.82,3021
901014,5001983,Blue Dart,17-10-2021,01-11-2021,630.17,11323.5
901015,5002088,UPS,20-09-2025,28-09-2025,351.15,6817.4
901016,5008632,Maersk,12-02-2026,15-02-2026,93.3,1605.1
901017,5002232,DHL Express,06-10-2022,08-10-2022,129.04,2222.6
901018,5008319,FedEx,14-03-2021,12-04-2021,752.12,11966
901019,5001058,FedEx,03-08-2025,10-08-2025,351.95,6586
901020,5002068,fedex,,,684.59,10184.7
901021,5003542,FedEx,24-11-2022,29-11-2022,232.22,3602.5
901022,5002355,Blue Dart,08-02-2024,20-02-2024,506.09,10363.2
901023,5011684,Blue Dart,26-09-2023,09-10-2023,421.21,8489.1
901024,5010641,fedex,07-02-2026,15-02-2026,341.28,6156
901025,5005766,FedEx,,,,1953.1
901026,5009213,Maersk,08-09-2023,24-09-2023,485.86,7744
901027,5002205,fedex,08-10-2025,14-10-2025,267.84,5343.1
901028,5009764,Blue Dart,13-12-2024,20-12-2024,409.35,5926.4
901029,5011912,UPS,22-11-2024,12-02-2024,358.91,6513.4
901030,5002612,Maersk,10-03-2026,28-03-2026,,11966.6
901031,5006261,Maersk,12-09-2023,,,4949.4
901032,5002865,Maersk,15-Mar-25,03-24-2025,446.55,6375.9
901033,5006208,Maersk,06-05-2025,05-21-2025,652.17,9197.7
901034,5007059,FedEx,02-11-2025,11-12-2025,254.32,4909.1
901035,5004934,FedEx,25-01-2023,28-01-2023,186.71,3213.5
901036,5011260,FedEx,01-11-2023,,86.66,1894.4
901037,5004537,Maersk,05-01-2021,18-01-2021,570.3,
901038,5005387,DHL Express,24-05-2024,10-06-2024,,10533.3
901039,5002649,fedex,02-11-2024,06-11-2024,204.81,3177.1
901040,5008544,fedex,15-11-2025,16-11-2025,9.08,6.6
901041,5000345,Maersk,12-10-2023,27-10-2023,499.88,10968.6
901042,5001422,fedex,01-30-2025,04-02-2025,149.39,3618.1
901043,5007535,Blue Dart,,,73.89,1403
901044,5011501,FedEx,,,249.79,4306.9
901045,5002680,DHL,,,,5050.7
901046,5003937,Blue Dart,20-02-2025,03-03-2025,,6612
901047,5000818,FedEx,01-09-2024,20-Sep-24,499.44,7904
901048,5004678,Blue Dart,14-05-2026,,507.73,7350.3
901049,5006728,Blue Dart,25-10-2024,15-11-2024,442.13,9089.4
901050,5010179,fedex,12-05-2026,17-05-2026,,3543.4
901051,5003590,FedEx,23-12-2024,24-12-2024,44.5,564.4
901052,5004188,DHL,22-11-2024,23-11-2024,35.19,438.6
901053,5002827,UPS,08-08-2022,14-08-2022,375.95,5541.6
901054,5002920,DHL Express,04-04-2026,11-04-2026,357.68,5631.9
901055,5009749,DHL,04-01-2024,01-14-2024,335.35,5151.9
901056,5003375,Maersk,29-07-2025,09-08-2025,286.15,6345.4
901057,5010399,FedEx,01-09-2025,08-09-2025,258.86,5150
901058,5011881,DHL Express,11-10-2022,19-10-2022,255.55,3820.7
901059,5001461,fedex,16-04-2024,25-04-2024,530.17,8158.9
901060,5007026,Blue Dart,07-03-2026,24-03-2026,437.19,7785.8
901061,5003574,fedex,17-04-2026,22-04-2026,213.92,3935.5
901062,5001452,UPS,,,583.3,10946.9
901063,5009781,DHL,31-07-2023,07-08-2023,267.91,5403.5
901064,5007676,UPS,24-06-2025,26-06-2025,103.54,1640.7
901065,5007038,DHL Express,,,667.62,9580.1
901066,5009832,Maersk,31-12-2025,01-01-2026,83.99,1365
901067,5006162,FedEx,24-10-2024,01-11-2024,275.69,4676.8
901068,5007245,Blue Dart,23-10-2024,10-24-2024,60.77,
901069,5008421,fedex,01-08-2025,,547.13,8628.1
901070,5011507,Blue Dart,08-09-2021,09-09-2021,22.93,369.3
901071,5006725,fedex,06-07-2026,07-07-2026,61.86,1234.6
901072,5005340,Maersk,03-30-2024,02-04-2024,108.94,2114.8
901073,5006519,Maersk,22-Jul-25,02-08-2025,403.19,6271
901074,5006557,Blue Dart,08-04-2026,16-04-2026,209.03,4341.6
901075,5005124,Maersk,13-10-2021,25-10-2021,305.57,6123.8
901076,5001526,Maersk,14-06-2026,07-07-2026,635,11483.8
901077,5010807,Blue Dart,21-04-2026,25-04-2026,161.71,2503.1
901078,5009109,DHL Express,23-04-2026,02-05-2026,312.11,7359.4
901079,5005944,DHL Express,27-06-2025,02-07-2025,134.29,
901080,5004109,FedEx,14-09-2025,26-09-2025,373.01,7471.3
901081,5009700,FedEx,,,390.95,6637
901082,5002436,DHL Express,07-06-2023,06-16-2023,226.68,4805.4
901083,5008628,fedex,03-Feb-26,05-02-2026,100.21,
901084,5010067,DHL,29-04-2025,01-05-2025,80.93,1743.6
901085,5009823,Maersk,27-09-2025,09-10-2025,439.18,7231.5
901086,5011987,FedEx,01-12-2023,11-12-2023,571.7,8288.7
901087,5007800,DHL Express,04-03-2026,21-Mar-26,610.61,10869.5
901088,5001595,fedex,08-12-2025,15-12-2025,230.32,3906
901089,5008466,fedex,23-Nov-24,07-12-2024,622.06,10706.6
901090,5009720,UPS,22-01-2026,02-02-2026,619.78,8950.6
901091,5003001,DHL,,,462.09,9028.3
901092,5001783,FedEx,12-31-2022,01-13-2023,606.77,10523.2
901093,5007626,Maersk,13-06-2026,14-06-2026,33.55,523
901094,5011607,DHL Express,22-03-2026,31-03-2026,395.03,7325.7
901095,5000163,Blue Dart,12-30-2023,31-12-2023,26.39,248.7
901096,5008355,Maersk,09-05-2025,12-05-2025,125.64,2271.2
901097,5000151,FedEx,09-05-2025,16-05-2025,228.23,3823.2
901098,5003185,DHL,14-07-2023,23-07-2023,305.01,4341.7
901099,5006618,Blue Dart,21-01-2025,22-01-2025,34.25,406.2
901100,5005078,DHL Express,,,332.48,6932.1
901101,5008924,DHL,,,394.35,9028.6
901102,5000089,FedEx,10-07-2026,,308.88,5117.6
901103,5001820,Maersk,20-10-2021,10-27-2021,233.83,3396.4
901104,5003099,FedEx,,,794.91,11775.8
901105,5003121,UPS,28-07-2023,30-07-2023,76.4,1395.3
901106,5005257,DHL,24-01-2024,02-04-2024,267.28,
901107,5000756,Maersk,10-11-2022,22-11-2022,423.34,
901108,5006179,DHL Express,07-Jun-25,11-06-2025,211.08,3483.4
901109,5009918,FedEx,14-03-2025,16-03-2025,126.04,2151.6
901110,5000111,FedEx,25-06-2024,02-07-2024,202.64,3330.3
901111,5000143,DHL,15-05-2024,19-05-2024,95.71,1831.2
901112,5009548,Blue Dart,03-04-2026,05-04-2026,120.1,
901113,5003051,DHL,16-12-2025,12-25-2025,333.05,7654
901114,5004126,UPS,31-12-2024,08-01-2025,245.28,3692.9
901115,5004917,Blue Dart,,,412.82,6323.8
901116,5002620,FedEx,,,267.66,4605.2
901117,5007983,DHL Express,06-07-2026,14-07-2026,319.43,5426.9
901118,5007839,FedEx,12-Jul-24,,534.2,9558.7
901119,5009409,FedEx,05-02-2025,11-02-2025,147.47,3048
901120,5010845,DHL Express,26-12-2024,31-12-2024,246.84,4578.7
901121,5010903,DHL Express,05-05-2026,16-05-2026,581.65,8288.4
901122,5004013,Maersk,29-06-2025,11-07-2025,559.31,10513.5
901123,5009795,fedex,28-07-2026,08-01-2026,157.59,3703.7
901124,5001475,UPS,22-11-2024,03-12-2024,271.93,5264.8
901125,5010573,fedex,20-07-2026,08-08-2026,599.54,9567.4
901126,5000396,Maersk,20-05-2025,28-May-25,291.28,4922
901127,5006171,Maersk,03-07-2025,06-07-2025,137.25,2875.3
901128,5004100,DHL,15-08-2025,08-19-2025,235.66,3947
901129,5002947,FedEx,09-11-2025,26-11-2025,636.4,11723.1
901130,5001582,FedEx,17-02-2024,22-02-2024,278.88,4270.3
901131,5010840,DHL Express,02-04-2024,05-04-2024,142.45,2157.3
901132,5004511,Blue Dart,06-11-2025,20-11-2025,781.04,11239.6
901133,5011596,Blue Dart,,,72.7,1030
901134,5004453,Blue Dart,30-11-2023,20-12-2023,537.36,11256.2
901135,5002375,FedEx,22-07-2026,03-08-2026,653.03,10346
901136,5009437,Maersk,17-12-2023,30-12-2023,392.04,9040.3
901137,5010498,FedEx,08-05-2023,16-May-23,343.71,5920.6
901138,5010431,fedex,31-07-2026,13-Aug-26,519.86,7348.6
901139,5001337,fedex,30-11-2023,19-12-2023,,9537.8
901140,5009123,Maersk,,,233.81,3688.2
901141,5000150,Blue Dart,19-12-2024,30-12-2024,364.94,5265.4
901142,5008328,FedEx,10-19-2025,03-11-2025,682.38,10469.7
901143,5007320,fedex,04-04-2025,22-04-2025,577.18,9921.4
901144,5005582,DHL,26-11-2025,02-12-2025,,5260.4
901145,5001014,Blue Dart,13-03-2025,01-04-2025,,9732.9
901146,5010536,UPS,,,401.69,5751.2
901147,5007443,FedEx,22-06-2023,19-07-2023,633.63,11995.6
901148,5002402,DHL Express,02-12-2021,,259.66,4021.1
901149,5005830,Maersk,07-09-2024,01-10-2024,691.84,11390.3
901150,5007349,Blue Dart,11-02-2024,28-02-2024,424.49,8871.4
901151,5010139,fedex,,,445.22,8239.3
901152,5002813,Blue Dart,19-01-2025,21-01-2025,66.34,1032.4
901153,5000934,DHL Express,11-11-2023,11-22-2023,469.68,9365.3
901154,5005985,fedex,13-12-2025,16-12-2025,162.18,2553.7
901155,5002798,Maersk,12-10-2025,15-12-2025,225.5,4733.9
901156,5009046,DHL,29-03-2026,02-04-2026,133.5,2518.6
901157,5004430,fedex,23-07-2026,25-07-2026,74.64,1580.7
901158,5002391,DHL,29-05-2026,03-06-2026,221.08,5105
901159,5002047,DHL,02-Jun-26,04-06-2026,88.89,1151.8
901160,5000931,fedex,16-07-2025,21-07-2025,182.37,3558.3
901161,5009821,FedEx,03-10-2023,07-10-2023,119.23,1778.8
901162,5011309,Maersk,12-01-2026,17-01-2026,187.66,3196.5
901163,5011328,Blue Dart,26-07-2024,17-08-2024,581.46,9973.8
901164,5002831,UPS,23-12-2025,29-12-2025,140.16,2766
901165,5002164,fedex,29-04-2026,12-05-2026,443.4,10790.3
901166,5008613,Blue Dart,19-02-2026,06-03-2026,522.44,8303.6
901167,5003375,DHL,28-07-2025,12-08-2025,696.68,10151.4
901168,5005384,DHL,18-04-2026,05-11-2026,680.3,11980.4
901169,5006459,Blue Dart,03-07-2023,11-07-2023,167.99,3752.8
901170,5005282,FedEx,12-11-2025,22-12-2025,414,8749.5
901171,5004631,DHL,28-09-2022,09-10-2022,363.59,6445.8
901172,5003519,fedex,21-07-2026,22-07-2026,54.05,1073
901173,5010943,FedEx,23-04-2025,25-04-2025,113.69,1868.8
901174,5002907,Maersk,20-04-2026,25-04-2026,278.2,4187.1
901175,5005820,FedEx,28-04-2024,09-05-2024,430.53,8366.8
901176,5000368,fedex,,,486.37,11132.2
901177,5003342,Maersk,01-05-2026,,53.29,745.4
901178,5005702,FedEx,04-03-2026,05-03-2026,26.51,156
901179,5009584,fedex,20-09-2022,26-09-2022,239.76,3583.8
901180,5006537,Maersk,22-10-2024,01-11-2024,347.03,5936.7
901181,5003377,UPS,05-04-2026,14-04-2026,422.49,6584.6
901182,5001415,DHL Express,,,386.94,5460.1
901183,5005099,UPS,05-27-2024,07-06-2024,457.37,8433.1
901184,5007992,DHL,15-02-2026,26-02-2026,465.42,7459.3
901185,5004255,Maersk,12-02-2024,13-02-2024,52.72,656.7
901186,5011138,UPS,05-10-2025,07-10-2025,,1553.3
901187,5007575,DHL Express,15-03-2023,04-01-2023,590.47,11659.2
901188,5008209,fedex,05-10-2026,18-05-2026,,5614.1
901189,5004579,FedEx,12-03-2021,,143.61,2753.3
901190,5000965,DHL Express,21-07-2026,06-08-2026,525.87,9538.3
901191,5004230,Maersk,07-02-2025,12-02-2025,147.77,2397.9
901192,5008934,Maersk,24-03-2023,01-04-2023,332.57,6413.6
901193,5000115,fedex,15-07-2024,05-08-2024,583.61,10323.8
901194,5000508,Blue Dart,09-07-2025,18-07-2025,255.37,4495.2
901195,5004897,DHL,13-04-2024,14-04-2024,70.69,856.4
901196,5007457,fedex,03-07-2026,15-07-2026,361.27,6839.9
901197,5005292,fedex,22-09-2025,,424.27,6396.4
901198,5001826,Blue Dart,06-07-2025,25-07-2025,374.16,8084.4
901199,5005749,fedex,07-Aug-25,,31.49,693.8
901200,5005793,Maersk,17-01-2026,25-01-2026,207,
901201,5001151,DHL,29-09-2020,30-09-2020,60.01,940.8
901202,5005067,Blue Dart,13-03-2022,23-03-2022,433.59,7043.6
901203,5005349,DHL Express,28-07-2026,08-06-2026,524.18,7718
901204,5011637,UPS,07-05-2022,18-05-2022,503.73,10121.7
901205,5005104,fedex,30-12-2025,02-Jan-26,96.53,1554.3
901206,5009650,Blue Dart,,,376.11,5363.6
901207,5011574,DHL,22-04-2024,24-04-2024,76.37,1155.8
901208,5000153,FedEx,27-08-2025,05-09-2025,315.62,7090.4
901209,5000030,fedex,04-04-2024,13-04-2024,354.93,6075.9
901210,5008492,FedEx,,,370.6,6864.1
901211,5004732,FedEx,29-02-2024,07-03-2024,151.67,3160.1
901212,5010816,Blue Dart,01-11-2025,13-11-2025,,4981.7
901213,5011963,fedex,15-07-2023,20-07-2023,208.29,3847.8
901214,5002187,DHL Express,11-09-2025,,351.9,5205.6
901215,5008538,Blue Dart,01-07-2025,16-07-2025,322.25,7702.3
901216,5003795,UPS,01-10-2025,07-10-2025,197.99,3786
901217,5008385,FedEx,16-Feb-25,12-03-2025,765.1,11484.6
901218,5010475,Maersk,,,499.49,10643.6
901219,5000083,Blue Dart,04-02-2024,19-Feb-24,654.63,11119.5
901220,5011925,Blue Dart,14-03-2025,17-03-2025,110.77,1972.5
901221,5006655,fedex,10-18-2025,21-10-2025,125.58,1779.5
901222,5004623,UPS,08-10-2025,20-10-2025,364.12,8008.2
901223,5008342,UPS,,,680.27,11094.6
901224,5003208,UPS,22-11-2024,03-12-2024,476.14,8556.9
901225,5008285,UPS,05-03-2026,09-03-2026,116.18,2368.8
901226,5010931,DHL Express,,,420.18,9933.9
901227,5009035,DHL Express,02-08-2026,05-08-2026,98.74,2086.2
901228,5001902,DHL Express,31-07-2026,17-Aug-26,543,7915.3
901229,5009638,UPS,22-06-2022,12-07-2022,678.23,11925.4
901230,5005991,fedex,22-05-2024,28-05-2024,186.51,3485.6
901231,5002622,Maersk,09-12-2021,,484.76,9366.1
901232,5011740,DHL,15-04-2026,25-04-2026,455.88,7244.7
901233,5003195,DHL,23-Oct-24,24-10-2024,34.83,361.3
901234,5011759,Blue Dart,22-12-2024,24-12-2024,137.76,2232.8
901235,5001936,FedEx,05-02-2026,24-02-2026,428.66,8234.7
901236,5001254,DHL,06-03-2024,20-03-2024,702.35,10412
901237,5007868,UPS,06-06-2023,09-06-2023,136.66,2316.2
901238,5001670,DHL,22-11-2025,05-12-2025,298.56,6279.6
901239,5006243,DHL,08-11-2025,09-11-2025,65.7,854.6
901240,5000891,FedEx,17-10-2025,18-10-2025,39.6,813.9
901241,5002947,fedex,10-Nov-25,15-11-2025,172.55,2298
901242,5001028,FedEx,01-10-2024,14-10-2024,685.93,10770.6
901243,5008029,DHL,02-08-2022,23-08-2022,446.17,10320
901244,5003699,DHL Express,01-06-2026,15-06-2026,394.95,6118.3
901245,5003331,Maersk,27-03-2025,02-04-2025,392.47,5632.5
901246,5007557,FedEx,,,149.5,2903.4
901247,5010239,UPS,18-01-2026,07-02-2026,436.11,8442.6
901248,5003132,Maersk,18-06-2024,21-06-2024,185.53,2674.5
901249,5001927,FedEx,20-11-2023,25-11-2023,350.9,4993.4
901250,5005175,fedex,14-11-2023,26-11-2023,625.65,9059.3
901251,5006588,DHL Express,18-01-2026,02-03-2026,411.55,9925.9
901252,5000828,Maersk,15-02-2025,22-02-2025,369.61,6257.6
901253,5001443,DHL,16-02-2025,25-Feb-25,420.6,7854.2
901254,5005605,Blue Dart,29-05-2024,11-Jun-24,715.8,10846.1
901255,5001835,Blue Dart,,,52.62,
901256,5006794,Blue Dart,07-04-2026,17-04-2026,364.85,
901257,5008263,Maersk,07-09-2021,08-09-2021,35.6,617.5
901258,5005045,fedex,17-10-2022,29-10-2022,,5642.1
901259,5007303,DHL,15-10-2025,28-10-2025,718.72,11897.8
901260,5010165,fedex,20-09-2024,,86.31,
901261,5000892,DHL Express,19-02-2023,25-02-2023,338.4,5052.1
901262,5007117,Maersk,21-09-2025,23-09-2025,84.08,1178.9
901263,5007612,Maersk,,,136.2,2800.1
901264,5002013,fedex,,,365.1,8423.4
901265,5005344,Blue Dart,03-11-2025,22-11-2025,474.6,9651.9
901266,5010778,DHL Express,12-07-2024,25-07-2024,626.25,8804.5
901267,5006781,DHL,,,485.02,9566.3
901268,5004228,DHL,22-09-2025,26-09-2025,119.08,2059
901269,5003194,FedEx,,,401.59,6250.4
901270,5009498,FedEx,10-07-2024,28-07-2024,505.9,10136.1
901271,5011761,fedex,13-02-2023,22-02-2023,447.32,6697.8
901272,5003695,Maersk,08-04-2023,25-04-2023,587.58,9777.9
901273,5010642,FedEx,17-01-2023,19-01-2023,91.15,2084.1
901274,5001919,DHL,23-07-2023,04-08-2023,367.96,6701.5
901275,5011129,DHL,,,,2020.9
901276,5011108,UPS,,,30.06,460.9
901277,5010769,DHL Express,20-11-2025,25-11-2025,178.99,3174.1
901278,5008158,Maersk,15-09-2023,06-Oct-23,790.57,11916.2
901279,5005540,Blue Dart,05-19-2026,22-05-2026,55.11,1215.2
901280,5007620,DHL Express,21-09-2022,25-09-2022,,3072.2
901281,5001698,DHL,05-11-2026,25-05-2026,515.98,8841.1
901282,5010913,DHL,,,381.39,8997.2
901283,5008077,DHL Express,27-10-2025,06-11-2025,,7657.2
901284,5010101,FedEx,28-Jan-26,02-11-2026,579.23,9210.9
901285,5005657,fedex,12-03-2026,30-03-2026,527.65,10438
901286,5003863,Maersk,17-03-2025,25-03-2025,402.35,6478
901287,5009738,Maersk,01-10-2026,,693.1,10285.6
901288,5007671,Blue Dart,21-03-2026,22-03-2026,101.91,
901289,5011140,DHL Express,07-08-2024,,520.97,8023.6
901290,5007960,Blue Dart,03-27-2022,11-04-2022,722.57,
901291,5004717,Blue Dart,,,667.27,9934.3
901292,5007996,Blue Dart,14-07-2026,20-07-2026,194.92,
901293,5007876,UPS,05-11-2024,08-11-2024,108.33,2616
901294,5009780,FedEx,30-06-2024,07-07-2024,385.59,6003
901295,5011803,DHL Express,29-07-2025,22-08-2025,542.77,11329.3
901296,5006893,DHL,,,201.01,3064.9
901297,5002302,FedEx,09-05-2024,24-05-2024,439.03,6184.9
901298,5004681,fedex,10-09-2025,17-Sep-25,270.34,5236.5
901299,5008440,FedEx,16-03-2025,26-03-2025,437.66,6192.8
901300,5000686,DHL Express,04-08-2026,12-08-2026,302.4,5196
901301,5001315,DHL,08-03-2026,15-03-2026,292.17,4526.6
901302,5002013,DHL,26-01-2026,02-02-2026,237.86,3650
901303,5006508,DHL Express,24-12-2024,12-01-2025,566.58,8374.2
901304,5004841,fedex,28-09-2025,08-10-2025,305.02,
901305,5008223,Blue Dart,22-12-2025,23-12-2025,29.56,404.3
901306,5006557,fedex,08-04-2026,09-04-2026,55.51,732.2
901307,5001439,UPS,27-07-2025,30-07-2025,99.9,1983.6
901308,5004883,Maersk,13-01-2026,01-02-2026,550.05,9637.6
901309,5003261,FedEx,19-Nov-25,11-12-2025,759.28,11414.3
901310,5002387,UPS,11-06-2021,21-06-2021,574.86,8141.7
901311,5011162,FedEx,06-10-2024,17-10-2024,265.54,5171.3
901312,5006202,UPS,18-02-2026,28-02-2026,448.5,
901313,5001401,fedex,31-07-2023,05-08-2023,279.96,4274.3
901314,5009163,Blue Dart,23-Jun-22,29-06-2022,268.05,4274.7
901315,5010317,DHL Express,22-11-2025,,797.8,11808.2
901316,5010008,DHL Express,24-06-2026,06-07-2026,227.65,5336.7
901317,5003556,fedex,20-09-2025,07-10-2025,408.33,8475.2
901318,5008974,fedex,02-09-2024,09-09-2024,203.36,4374.9
901319,5007226,Maersk,31-07-2025,06-08-2025,188.15,
901320,5002561,Blue Dart,06-01-2023,23-01-2023,387.57,8163.3
901321,5004499,DHL Express,26-04-2026,08-05-2026,607.94,9363.7
901322,5009081,DHL,20-11-2025,21-11-2025,20.89,161.6
901323,5011358,Blue Dart,15-05-2025,23-05-2025,227.9,5220
901324,5003049,FedEx,16-03-2025,21-03-2025,186.31,4198.8
901325,5009124,Maersk,10-10-2024,13-10-2024,156.31,2324.8
901326,5002451,FedEx,09-05-2025,19-05-2025,410.03,8263.5
901327,5000619,UPS,23-10-2022,27-10-2022,124.25,2382.4
901328,5009758,UPS,05-01-2025,11-01-2025,226.13,4556.3
901329,5003387,DHL Express,,,147.62,2834.9
901330,5008128,Blue Dart,,,194.76,4352.7
901331,5004818,FedEx,11-07-2023,19-07-2023,391.18,5575
901332,5005879,FedEx,05-06-2023,16-06-2023,479.73,7820.6
901333,5011798,FedEx,,,396.96,6982.9
901334,5002867,fedex,27-02-2026,,121.43,1551.3
901335,5001955,DHL Express,03-11-2024,10-11-2024,241.28,4489.5
901336,5006870,DHL,11-09-2025,17-09-2025,186.01,2912.2
901337,5009564,Maersk,01-08-2026,02-Aug-26,80.39,1035.5
901338,5004285,Maersk,,,212.39,4520.8
901339,5010753,FedEx,26-02-2024,06-03-2024,,5016.2
901340,5011299,DHL,07-18-2024,27-07-2024,237.32,5568.4
901341,5009679,DHL Express,19-03-2026,12-04-2026,658.2,10790.7
901342,5010600,Blue Dart,06-03-2025,07-03-2025,50.72,788
901343,5003388,FedEx,08-12-2025,09-12-2025,23.63,143.9
901344,5011873,Maersk,22-10-2025,29-10-2025,244.45,4771.5
901345,5004528,DHL Express,14-01-2026,21-01-2026,249.97,5086.6
901346,5001438,FedEx,06-06-2025,06-24-2025,439.46,7413
901347,5011764,DHL Express,22-03-2026,03-04-2026,397.91,6325.1
901348,5009035,DHL,05-08-2026,12-08-2026,132.06,2904.3
901349,5002004,DHL Express,,,69.65,1046.4
901350,5007113,Blue Dart,04-12-2024,19-12-2024,516.04,7596.5
901351,5004808,UPS,23-07-2026,27-07-2026,259.06,
901352,5008339,DHL,10-03-2025,20-03-2025,614.64,9132.9
901353,5010730,UPS,,,249.75,3973.8
901354,5008454,DHL Express,07-07-2026,09-07-2026,93.64,2010.8
901355,5001429,Maersk,,,583.78,11164
901356,5006435,FedEx,,,422.57,7650.8
901357,5003868,FedEx,12-05-2023,13-05-2023,14.74,225.2
901358,5002845,Blue Dart,19-08-2024,21-Aug-24,97.81,1283
901359,5000383,Maersk,30-07-2026,08-03-2026,203.39,4468.9
901360,5001741,Blue Dart,21-06-2025,13-Jul-25,452.67,9929.1
901361,5006910,FedEx,02-02-2025,04-02-2025,126.34,1877.9
901362,5005141,DHL Express,,,119.95,1808.3
901363,5008614,fedex,27-Mar-26,01-04-2026,169.25,2914.1
901364,5010517,fedex,14-03-2026,27-03-2026,730.32,11077.5
901365,5004728,fedex,02-02-2026,05-02-2026,180.14,2561.7
901366,5002771,Maersk,06-10-2023,19-10-2023,401.68,9827.5
901367,5011456,DHL Express,07-04-2024,12-04-2024,263.7,5188.3
901368,5000302,fedex,17-10-2025,,261.29,3607.1
901369,5000685,Blue Dart,07-06-2025,25-06-2025,617.55,9435.7
901370,5010966,DHL,25-02-2023,17-03-2023,560.27,10789.4
901371,5008934,DHL Express,26-03-2023,01-04-2023,178.03,3629.2
901372,5008388,DHL,23-03-2026,25-03-2026,154.59,2482.9
901373,5004232,UPS,,,663.54,11363.3
901374,5003837,FedEx,30-04-2026,17-05-2026,567.27,10767.5
901375,5006871,DHL,28-10-2025,07-11-2025,299.33,4297
901376,5004659,DHL Express,24-11-2020,27-11-2020,127.84,1845
901377,5002779,fedex,09-04-2025,13-04-2025,178.38,3582
901378,5003147,DHL,03-11-2023,15-11-2023,559.73,11096.1
901379,5004999,fedex,11-09-2024,28-09-2024,391.74,9079.7
901380,5010993,fedex,12-08-2024,,344.92,7291.1
901381,5008551,FedEx,08-25-2025,27-08-2025,98.24,1487
901382,5000794,UPS,,,83.38,1935
901383,5008632,UPS,08-02-2026,26-Feb-26,598.61,10474.5
901384,5003814,Blue Dart,,,393.69,6442.7
901385,5004803,DHL Express,23-07-2021,,123.28,2091.3
901386,5005232,Maersk,,,584.2,
901387,5011771,Blue Dart,28-04-2024,05-05-2024,193.26,4238.2
901388,5001630,UPS,,,423.24,8277.1
901389,5009128,DHL Express,22-02-2026,01-03-2026,300.69,7106.8
901390,5008013,Blue Dart,30-03-2024,09-04-2024,244.97,5360.6
901391,5000753,DHL Express,25-11-2025,26-Nov-25,28,428.8
901392,5006632,UPS,04-02-2023,11-02-2023,266.75,4610.8
901393,5011039,UPS,30-10-2025,17-11-2025,678.45,11309.4
901394,5001020,fedex,17-03-2024,21-03-2024,144.36,2486.6
901395,5010550,Blue Dart,21-01-2024,,24.65,407.2
901396,5003920,DHL Express,05-10-2024,11-10-2024,210.27,4627
901397,5002691,fedex,08-Mar-25,27-Mar-25,441.04,9046
901398,5010140,Maersk,09-12-2023,24-12-2023,437.39,10010.6
901399,5007484,Maersk,30-09-2022,19-10-2022,809.06,11677.9
901400,5010087,DHL Express,07-Jul-25,16-07-2025,386.7,7433.3
901401,5006770,DHL Express,01-Feb-26,07-02-2026,271.03,
901402,5002255,Maersk,18-Nov-24,21-11-2024,172.48,3085.1
901403,5011483,DHL,30-06-2026,12-07-2026,,10859.9
901404,5006624,DHL Express,24-05-2023,16-06-2023,,11472.1
901405,5007660,DHL Express,,,436.64,8579.8
901406,5009029,FedEx,01-05-2026,13-05-2026,,
901407,5002061,Maersk,10-03-2025,09-10-2025,137,2793.1
901408,5003473,FedEx,01-Oct-24,21-10-2024,632.2,
901409,5009327,UPS,,,201.9,3235.4
901410,5005493,FedEx,01-Dec-25,06-12-2025,242.44,4574.9
901411,5006809,DHL,,,331.7,7351
901412,5001874,FedEx,11-10-2024,,419.66,
901413,5006385,Maersk,,,673.68,9801.3
901414,5010802,DHL,03-06-2024,11-06-2024,266.97,5331
901415,5010653,Maersk,26-05-2024,12-06-2024,621.85,10265.2
901416,5002905,UPS,17-04-2026,25-04-2026,352.52,6689.7
901417,5002055,DHL,01-09-2023,14-09-2023,285.6,6080.3
901418,5005542,Maersk,,,148.05,2981.3
901419,5006943,Blue Dart,11-05-2023,27-05-2023,604.93,9555.9
901420,5011812,fedex,02-12-2025,03-12-2025,65.52,1041.5
901421,5010260,fedex,08-06-2025,13-06-2025,263.2,4031.4
901422,5001470,DHL,15-03-2024,,738.56,11865.6
901423,5006891,DHL,10-12-2020,19-12-2020,383.05,5878.2
901424,5002365,FedEx,17-02-2025,12-03-2025,607.08,10805.4
901425,5010309,Maersk,,,369.24,6781.1
901426,5001877,UPS,10-08-2025,01-09-2025,696.34,11124.8
901427,5000942,Maersk,13-07-2025,29-07-2025,454.94,
901428,5002708,DHL Express,09-07-2023,18-09-2023,408.84,8418.1
901429,5004507,DHL Express,25-02-2025,02-03-2025,141.33,3567.1
901430,5009773,DHL Express,03-04-2023,15-04-2023,616.41,10869.4
901431,5004275,Maersk,,,386.26,7289.9
901432,5005259,UPS,03-02-2025,14-02-2025,294.26,5487.4
901433,5001514,DHL Express,,,257.12,3766.8
901434,5002106,Maersk,,,620.44,10593.4
901435,5010538,DHL Express,06-10-2024,12-10-2024,214.11,3463.3
901436,5009770,FedEx,14-07-2023,28-07-2023,372.28,7248.1
901437,5003518,fedex,16-07-2023,25-07-2023,444.26,8462.5
901438,5002074,fedex,02-12-2021,15-Dec-21,596.51,8882.3
901439,5004755,Blue Dart,26-02-2026,14-03-2026,432.15,7973.3
901440,5005270,UPS,19-11-2024,12-12-2024,502.81,11498.8
901441,5000469,UPS,11-10-2024,23-10-2024,343.46,6041.6
901442,5004238,Maersk,14-01-2023,01-16-2023,90.56,2037.6
901443,5008935,Maersk,08-02-2025,09-02-2025,88.34,1196.7
901444,5006922,Blue Dart,,,225.67,5292.8
901445,5006789,UPS,12-08-2024,22-08-2024,586.71,8931.9
901446,5008084,Blue Dart,30-03-2024,12-04-2024,714.87,10235.2
901447,5005203,Maersk,03-10-2025,24-03-2025,589.74,10921.6
901448,5004546,UPS,15-12-2025,28-12-2025,540.79,8349.9
901449,5004661,DHL Express,19-11-2022,20-11-2022,9.05,105.3
901450,5002945,Maersk,13-11-2022,21-11-2022,384.14,6923.7
901451,5008659,Blue Dart,,,811.19,11656.2
901452,5000359,fedex,11-23-2023,01-12-2023,287.97,
901453,5004943,Blue Dart,21-01-2025,06-Feb-25,676.95,10188.9
901454,5003309,UPS,21-02-2026,,446.23,7913.9
901455,5002739,FedEx,13-09-2024,16-09-2024,200.84,3083.5
901456,5003447,UPS,23-08-2024,,621.71,9666.9
901457,5011641,Blue Dart,22-02-2025,24-02-2025,117.24,1824.2
901458,5005371,Blue Dart,04-12-2023,12-12-2023,213.15,3467.5
901459,5000188,DHL,11-27-2025,29-11-2025,100.43,1943.6
901460,5008065,UPS,13-04-2025,,604.74,8913.5
901461,5004565,Maersk,21-08-2024,10-09-2024,598.68,11020.5
901462,5005380,FedEx,01-12-2025,15-12-2025,296.69,6856.6
901463,5000589,DHL Express,26-12-2022,14-01-2023,,10415.9
901464,5001432,DHL,10-09-2025,09-15-2025,131.88,2455.5
901465,5003389,DHL,28-07-2026,03-08-2026,161.29,3816.7
901466,5006169,DHL,27-07-2025,16-08-2025,534.09,10730
901467,5003256,FedEx,08-09-2024,12-09-2024,206.24,3032.8
901468,5000749,FedEx,06-02-2026,,30.57,
901469,5005251,DHL Express,11-09-2022,12-09-2022,,970.5
901470,5000063,DHL Express,09-02-2025,18-02-2025,370.52,5789.3
901471,5002962,DHL,03-10-2024,17-10-2024,706.91,10913.3
901472,5006669,fedex,02-06-2025,09-06-2025,347.23,5369
901473,5011503,UPS,,,417.94,9392.1
901474,5010586,fedex,27-02-2026,15-03-2026,539.63,9900.4
901475,5011107,DHL Express,19-01-2025,,31.45,499.5
901476,5011435,FedEx,27-07-2026,07-08-2026,438.45,6552.2
901477,5004206,Blue Dart,09-06-2026,26-06-2026,633.35,11528.3
901478,5008977,DHL,31-03-2023,11-04-2023,482.2,9906.1
901479,5006154,DHL Express,20-05-2023,23-05-2023,141.73,2925.3
901480,5010035,Blue Dart,30-04-2026,11-05-2026,462.37,8509.7
901481,5000624,UPS,13-09-2025,01-10-2025,600.02,
901482,5007845,DHL,22-07-2022,24-07-2022,122.06,2291.4
901483,5003464,Blue Dart,15-06-2025,23-06-2025,314.51,6738.3
901484,5002504,FedEx,30-10-2025,02-11-2025,85.35,1680.9
901485,5006811,UPS,03-31-2026,11-Apr-26,337.05,5275.2
901486,5005692,Blue Dart,02-06-2024,15-06-2024,494.62,9408.3
901487,5007397,DHL Express,21-09-2025,23-09-2025,131.91,2630.5
901488,5005147,UPS,26-09-2025,16-10-2025,789.02,11759.1
901489,5006702,DHL,29-09-2025,23-Oct-25,673.09,10665.2
901490,5011863,DHL Express,16-12-2025,12-24-2025,259.51,5856.2
901491,5009729,Blue Dart,27-12-2025,14-01-2026,450.13,9626.3
901492,5002912,Maersk,21-06-2026,26-06-2026,157.96,3447.4
901493,5004954,fedex,,,515.43,8270.3
901494,5008375,fedex,06-02-2024,12-02-2024,368,5361.6
901495,5011819,FedEx,22-09-2025,28-09-2025,176.31,3978.9
901496,5010501,Maersk,28-02-2026,01-03-2026,28.24,266.9
901497,5004173,FedEx,15-04-2024,28-04-2024,,8758.4
901498,5001617,DHL Express,12-25-2022,03-01-2023,370.14,6329.5
901499,5000260,fedex,19-12-2022,12-31-2022,506.59,9864
901500,5010579,DHL,15-12-2025,21-12-2025,400.18,5723.2
901501,5002117,fedex,,,46.72,610.5
901502,5005970,UPS,26-02-2024,,59.12,699.1
901503,5007332,FedEx,15-12-2024,31-12-2024,544.02,10009.1
901504,5009930,UPS,20-11-2025,24-11-2025,186.62,
901505,5002343,DHL,19-02-2024,29-02-2024,598.62,8835.9
901506,5006444,Maersk,09-27-2025,03-Oct-25,247.52,4734.8
901507,5011832,Maersk,27-11-2025,,336.3,5397.4
901508,5002469,DHL,04-04-2025,25-04-2025,643.62,11366
901509,5011707,fedex,12-12-2024,18-12-2024,286.99,4064.9
901510,5003992,fedex,18-07-2026,07-23-2026,215.23,4427.2
901511,5005995,UPS,30-06-2022,,310.66,5462.3
901512,5000140,Maersk,13-01-2026,24-01-2026,315.28,6711.4
901513,5002579,fedex,27-06-2022,12-07-2022,,9117.4
901514,5007933,Blue Dart,28-08-2024,11-09-2024,522.5,9176.2
901515,5011238,DHL,08-09-2023,14-09-2023,241.28,3937.1
901516,5004035,DHL Express,16-04-2025,05-05-2025,471.14,8267.8
901517,5002990,fedex,28-12-2024,07-01-2025,316.51,4589.3
901518,5010716,UPS,10-10-2022,11-Oct-22,51.61,598.9
901519,5001799,Blue Dart,03-03-2025,,367.61,6851.3
901520,5008404,fedex,,,40.96,445
901521,5004415,fedex,06-08-2026,08-Aug-26,96.66,1720.4
901522,5009007,UPS,16-07-2026,19-07-2026,94.58,1945.2
901523,5011358,DHL,13-05-2025,18-05-2025,251.78,4823.4
901524,5010949,fedex,19-04-2024,26-04-2024,268.74,4490.6
901525,5003116,DHL Express,,,528.84,
901526,5003285,FedEx,27-06-2025,11-07-2025,624.84,10532.6
901527,5005559,Blue Dart,05-10-2025,,189.56,4060.6
901528,5001841,Maersk,05-09-2024,14-09-2024,407.24,6425.1
901529,5000079,Blue Dart,09-03-2026,18-03-2026,499.27,7469
901530,5010828,DHL,27-10-2025,,413.14,9687.9
901531,5011435,DHL,26-07-2026,08-08-2026,,9440.2
901532,5008166,DHL,06-10-2024,14-10-2024,498.47,7091.4
901533,5008825,FedEx,03-01-2026,,22.59,
901534,5005118,Blue Dart,04-10-2021,09-10-2021,247.77,5099.8
901535,5006249,UPS,18-01-2025,21-01-2025,138.7,2066.3
901536,5003372,DHL,14-Mar-26,04-04-2026,819.98,11884.7
901537,5004282,FedEx,10-Apr-26,16-04-2026,281.07,4999.5
901538,5008375,DHL,07-02-2024,13-Feb-24,240.97,5309.4
901539,5007301,DHL Express,27-Jun-24,28-Jun-24,79.02,1409.2
901540,5003639,DHL Express,16-06-2025,28-06-2025,491.13,8083.5
901541,5001103,DHL,12-11-2025,24-11-2025,300.38,7080.5
901542,5006532,fedex,14-05-2026,18-05-2026,169.87,2271.5
901543,5007491,DHL Express,08-Sep-25,09-09-2025,56.53,796.7
901544,5011807,DHL,30-03-2025,02-04-2025,77.8,1823.6
901545,5010464,fedex,18-02-2025,25-02-2025,229.06,3657.5
901546,5008071,Blue Dart,09-18-2025,23-09-2025,243.09,3652.5
901547,5007559,Blue Dart,28-06-2023,10-07-2023,421.7,
901548,5004027,fedex,28-03-2021,08-04-2021,426.31,6077.6
901549,5005665,Blue Dart,29-06-2025,03-07-2025,143.97,2870
901550,5011070,Maersk,26-04-2024,04-05-2024,320.16,
901551,5010076,Maersk,09-10-2025,20-10-2025,621.01,8985
901552,5005501,UPS,14-03-2026,22-03-2026,388.53,6373.1
901553,5005414,Blue Dart,25-06-2025,03-07-2025,269.08,4487.3
901554,5000095,UPS,,,525.57,11524.1
901555,5009813,fedex,16-11-2024,,420.91,6048.4
901556,5002959,DHL,11-04-2026,07-05-2026,696.42,10820.3
901557,5007649,UPS,25-07-2023,29-07-2023,114.54,
901558,5009393,Blue Dart,21-01-2022,04-02-2022,539.24,8022.7
901559,5005224,Maersk,12-01-2026,20-01-2026,279.71,4643.1
901560,5010682,Maersk,28-11-2023,04-12-2023,192.58,3299.9
901561,5003364,Blue Dart,22-08-2025,11-09-2025,575.07,11258.3
901562,5008326,UPS,29-12-2025,13-01-2026,462.47,9197.4
901563,5002591,DHL Express,09-05-2026,,709.77,11363.5
901564,5003722,DHL,29-06-2026,12-07-2026,328.45,5363.5
901565,5003241,FedEx,10-07-2026,04-08-2026,771.35,11394.2
901566,5005434,fedex,14-05-2022,21-05-2022,351.36,5157.7
901567,5002391,UPS,29-05-2026,30-05-2026,76.23,989.6
901568,5006299,UPS,25-04-2021,26-04-2021,90.99,1599.4
901569,5010893,fedex,06-05-2026,10-05-2026,127.55,1959.4
901570,5003979,fedex,15-03-2026,11-04-2026,761.08,11370.7
901571,5000612,Maersk,18-06-2024,29-06-2024,426.92,9660.4
901572,5011155,FedEx,26-11-2025,,168.9,3022
901573,5000398,fedex,23-01-2026,05-02-2026,619.49,10658.1
901574,5003776,DHL Express,18-02-2025,19-02-2025,16.14,241
901575,5010137,Maersk,10-08-2024,26-08-2024,669.86,10435
901576,5011128,UPS,01-07-2025,02-07-2025,16.06,174.3
901577,5008653,DHL,12-12-2024,13-12-2024,68.46,1260.9
901578,5006320,Blue Dart,31-12-2025,17-01-2026,562.87,
901579,5007021,Blue Dart,01-07-2024,07-07-2024,,5798.1
901580,5004574,FedEx,10-12-2025,12-13-2025,134.48,2154.2
901581,5005337,fedex,27-02-2026,06-03-2026,227.03,4099.2
901582,5001942,UPS,09-10-2022,11-10-2022,,1263.3
901583,5011332,fedex,20-10-2024,21-10-2024,81.43,1618.6
901584,5004639,UPS,27-01-2023,28-01-2023,18.9,151
901585,5008716,FedEx,27-01-2026,31-01-2026,189.62,2622.8
901586,5005805,FedEx,11-11-2022,28-11-2022,759.53,11374.6
901587,5001364,Blue Dart,29-11-2022,08-12-2022,479.15,7325.3
901588,5004884,FedEx,27-07-2022,29-07-2022,60.57,1156.1
901589,5004105,FedEx,18-11-2024,02-12-2024,590.11,11712.5
901590,5003057,Maersk,11-05-2026,15-05-2026,220.24,4074.5
901591,5000495,DHL,20-02-2024,05-03-2024,513.45,10780.3
901592,5004747,FedEx,,,553.87,9564
901593,5006039,FedEx,03-09-2023,17-03-2023,333.56,6614.5
901594,5005587,FedEx,23-06-2024,04-07-2024,341.67,5470
901595,5004330,fedex,12-29-2025,14-01-2026,480.84,10403.1
901596,5009567,DHL Express,13-07-2024,17-07-2024,301.95,
901597,5001914,fedex,15-11-2023,29-11-2023,327.34,6888.2
901598,5005126,DHL Express,08-06-2026,09-06-2026,47.7,544.6
901599,5006751,FedEx,30-10-2025,04-11-2025,116.76,2319.8
901600,5010386,DHL Express,30-Mar-25,04-04-2025,248.35,4175.7
901601,5010953,fedex,18-05-2026,06-06-2026,474.72,
901602,5010557,Maersk,,,696.17,10930.9
901603,5002149,DHL Express,14-Feb-23,28-02-2023,606.21,10685.2
901604,5007269,FedEx,18-05-2025,,539.57,7683.7
901605,5000493,UPS,27-03-2025,31-03-2025,253.69,
901606,5000664,FedEx,06-09-2023,,191.63,3712.6
901607,5001204,fedex,18-02-2025,01-03-2025,264.55,6348.4
901608,5006110,DHL,08-06-2023,18-06-2023,420.79,5945.3
901609,5007551,Blue Dart,31-01-2024,06-02-2024,154.62,3161
901610,5009918,DHL Express,14-03-2025,24-03-2025,282.37,6666.4
901611,5000802,FedEx,01-04-2022,02-04-2022,35.73,628.7
901612,5007082,Maersk,14-04-2024,25-04-2024,366.69,8352.8
901613,5010996,Blue Dart,25-03-2026,02-04-2026,228.82,4200.6
901614,5006412,DHL,31-01-2025,08-02-2025,230.34,4035.6
901615,5008740,FedEx,09-09-2025,17-09-2025,316.33,6866.4
901616,5002997,fedex,24-11-2025,02-12-2025,173.17,3822.2
901617,5003835,DHL,,,653.16,11792.7
901618,5009225,Maersk,15-07-2021,23-07-2021,284.45,4205.6
901619,5001862,Maersk,20-Jul-25,26-07-2025,295.54,5069.8
901620,5001859,fedex,13-09-2024,18-09-2024,234.66,4354.3
901621,5001407,DHL,11-06-2024,17-06-2024,201.24,3619.7
901622,5010745,UPS,11-06-2026,19-06-2026,,4980.6
901623,5005612,fedex,08-03-2025,23-03-2025,433.55,7594.4
901624,5006306,fedex,27-03-2025,28-03-2025,27,330.6
901625,5000563,UPS,23-09-2025,24-09-2025,59.22,774.3
901626,5011367,DHL,09-28-2025,18-10-2025,763.3,11168.1
901627,5009384,UPS,18-04-2026,,189,2715.7
901628,5004736,FedEx,22-07-2024,06-08-2024,541.12,10929.3
901629,5008694,Blue Dart,31-05-2024,20-06-2024,644.26,11457.4
901630,5006208,DHL Express,05-05-2025,26-05-2025,717.07,11563.7
901631,5001476,DHL,22-05-2026,26-05-2026,222.56,3026.3
901632,5011631,Maersk,09-12-2024,12-12-2024,188.62,2708.1
901633,5000931,DHL Express,14-07-2025,19-07-2025,293.39,3926.6
901634,5010390,UPS,01-03-2025,04-03-2025,118.85,2571.6
901635,5009641,Blue Dart,08-12-2024,08-19-2024,369.05,5539.3
901636,5006086,Blue Dart,19-02-2024,02-03-2024,378.51,8249.8
901637,5003656,DHL,16-02-2026,21-02-2026,318.86,4608.1
901638,5000677,Blue Dart,14-11-2023,15-11-2023,47.17,651.6
901639,5004298,UPS,03-07-2025,05-07-2025,,2512.7
901640,5002019,FedEx,,,66.09,1112.9
901641,5000722,DHL Express,09-08-2025,03-09-2025,482.42,11806.5
901642,5010381,DHL,16-11-2025,11-26-2025,390.31,
901643,5000083,Maersk,,,,
901644,5007214,DHL,28-12-2024,01-01-2025,253.79,3760.1
901645,5006616,FedEx,11-03-2026,13-Mar-26,64.72,1594.2
901646,5008952,Blue Dart,15-09-2025,16-09-2025,33.56,
901647,5003984,Maersk,30-01-2026,01-02-2026,70.46,1053.9
901648,5010500,fedex,19-05-2023,13-06-2023,791.14,11361.3
901649,5011373,Maersk,23-Apr-23,28-04-2023,,3019.4
901650,5004331,FedEx,16-12-2020,18-12-2020,78,1589.9
901651,5006981,DHL,23-01-2026,31-01-2026,274.86,4162.5
901652,5004158,FedEx,02-20-2026,25-02-2026,155.46,3641.2
901653,5001361,DHL Express,23-12-2025,25-12-2025,,
901654,5008591,UPS,27-05-2023,04-06-2023,301.2,5689.6
901655,5002287,Blue Dart,01-06-2025,14-06-2025,487.03,10359.5
901656,5007420,UPS,23-12-2025,04-01-2026,381.11,9149.7
901657,5005416,Blue Dart,12-08-2025,15-08-2025,148.02,2504.2
901658,5001963,DHL,21-05-2025,03-06-2025,591.03,11319
901659,5000845,Maersk,24-02-2025,25-02-2025,57.15,835.8
901660,5000150,DHL,21-12-2024,12-01-2025,463.76,10682.7
901661,5000048,UPS,09-01-2025,13-01-2025,227.48,4464.8
901662,5004742,UPS,,,,5193.4
901663,5010400,FedEx,27-02-2026,16-03-2026,552.91,
901664,5007852,FedEx,10-06-2023,,203.31,2894.4
901665,5006036,fedex,18-Apr-25,03-05-2025,485.77,9587.8
901666,5002226,UPS,29-01-2023,10-02-2023,428.68,7960.8
901667,5000108,UPS,,,29.69,567.4
901668,5007876,FedEx,11-05-2024,20-Nov-24,339.11,6942.9
901669,5005092,DHL Express,09-Dec-25,24-12-2025,486.37,7857.9
901670,5004501,Blue Dart,12-08-2025,19-08-2025,314,6361.4
901671,5009407,DHL,22-07-2022,24-07-2022,84.72,1423.6
901672,5002560,Blue Dart,,,377.66,7144.4
901673,5011702,DHL,07-09-2023,23-09-2023,589.24,9448.7
901674,5001126,Blue Dart,26-03-2025,27-03-2025,61.35,1038.6
901675,5000986,Maersk,05-Mar-25,26-03-2025,624.85,10192.5
901676,5003619,Maersk,14-02-2023,03-03-2023,533.23,11154.6
901677,5001569,fedex,08-01-2025,27-01-2025,634.91,10898.2
901678,5005589,DHL,11-06-2024,,90.74,2070
901679,5007454,FedEx,,,497.82,10027.6
901680,5004814,Blue Dart,22-11-2023,23-11-2023,55.82,868.3
901681,5003475,Blue Dart,22-01-2025,04-02-2025,313.77,5574.5
901682,5000228,Blue Dart,05-10-2023,21-10-2023,602.61,10458.9
901683,5000205,FedEx,31-07-2023,14-08-2023,401.11,8391
901684,5001739,Maersk,13-05-2025,29-05-2025,540.06,11439
901685,5000644,fedex,01-06-2025,11-06-2025,481.02,8988.1
901686,5003361,fedex,26-05-2024,30-05-2024,162.65,2561.2
901687,5009919,Blue Dart,10-01-2025,,729.95,
901688,5007725,fedex,09-07-2025,12-07-2025,105.72,2074
901689,5008469,DHL Express,18-Aug-25,26-08-2025,246.31,5176.7
901690,5010099,UPS,01-02-2025,,341.03,7447.9
901691,5009565,Blue Dart,26-07-2026,05-08-2026,416.47,8380.8
901692,5004651,DHL,12-02-2023,14-12-2023,501.39,8597.6
901693,5000565,FedEx,12-07-2026,07-13-2026,27.78,590.1
901694,5003416,Blue Dart,09-07-2025,17-07-2025,239.4,
901695,5001645,Blue Dart,21-02-2025,,564.5,8716.5
901696,5003814,DHL,24-03-2026,27-Mar-26,126.96,2061.4
901697,5010122,DHL,07-08-2024,11-08-2024,263.52,
901698,5005596,fedex,19-04-2024,02-05-2024,508.54,7591.9
901699,5004543,DHL,10-29-2024,15-11-2024,550.45,10354.7
901700,5003217,DHL,01-05-2025,18-May-25,424.58,9070.2
901701,5003246,Blue Dart,23-01-2026,07-02-2026,296.32,6494.5
901702,5005792,Maersk,11-12-2023,19-12-2023,459.27,6939.8
901703,5004359,Maersk,21-05-2023,06-06-2023,655.48,11902.2
901704,5003430,DHL Express,25-07-2025,07-08-2025,631.09,9943.8
901705,5011750,UPS,30-09-2022,13-10-2022,588.04,10891.4
901706,5004539,DHL,23-01-2024,06-02-2024,,10255.3
901707,5008777,Maersk,01-05-2026,04-05-2026,166.56,2312
901708,5010925,DHL Express,,,205.63,2855.1
901709,5003792,DHL,14-10-2025,21-10-2025,226.37,3456.1
901710,5009584,DHL,18-09-2022,01-10-2022,708.15,
901711,5009929,UPS,31-07-2022,02-08-2022,152.45,2050.5
901712,5004829,DHL,04-07-2026,17-07-2026,,11358.2
901713,5009816,DHL Express,01-08-2024,05-08-2024,231.85,3516.7
901714,5000068,fedex,25-07-2024,19-08-2024,575.95,11098.3
901715,5003565,FedEx,,,686.64,11446.7
901716,5000295,Maersk,01-11-2025,11-16-2025,449.38,7635.5
901717,5010990,fedex,03-11-2022,19-Nov-22,585.35,11865.1
901718,5000296,FedEx,15-04-2025,26-04-2025,399,8352.7
901719,5004490,DHL Express,13-07-2026,17-07-2026,204.36,3280.8
901720,5008521,Maersk,19-12-2024,02-01-2025,520.15,11785.8
901721,5001639,FedEx,15-04-2025,16-04-2025,46.29,517.3
901722,5005158,fedex,25-12-2025,08-01-2026,794.48,11783.5
901723,5010178,DHL,26-04-2021,07-05-2021,623.88,
901724,5006895,UPS,,,95.39,
901725,5002523,DHL,15-12-2023,16-12-2023,32.71,474.4
901726,5008800,DHL Express,03-06-2025,20-06-2025,496.17,7241.9
901727,5006503,Maersk,16-01-2025,24-01-2025,267.5,6466.5
901728,5004589,DHL Express,23-11-2024,06-12-2024,426.88,10046.2
901729,5005138,FedEx,,,589.47,8857.5
901730,5004981,DHL,14-11-2025,05-12-2025,489.83,11316.9
901731,5006079,FedEx,14-02-2023,28-02-2023,699.1,10053.1
901732,5005444,DHL,04-03-2022,07-03-2022,126.05,2785.8
901733,5003888,fedex,,,552.5,9606
901734,5001787,DHL Express,18-05-2025,01-06-2025,564.56,
901735,5010987,DHL,02-Aug-26,06-08-2026,198.23,4071.4
901736,5007991,DHL,13-11-2022,,359.35,5700.4
901737,5002218,fedex,15-06-2024,24-06-2024,288.16,6111
901738,5005223,DHL Express,19-02-2023,22-02-2023,153.91,2499.7
901739,5005239,Blue Dart,11-11-2020,21-11-2020,420.45,8016.5
901740,5001681,DHL Express,17-08-2025,24-08-2025,315.95,5396.9
901741,5002971,UPS,02-02-2025,03-02-2025,7.05,89.6
901742,5006750,UPS,,,654.1,9677
901743,5004478,DHL,01-12-2023,27-12-2023,775.53,11858.6
901744,5007015,FedEx,21-Feb-26,,696.56,11833.2
901745,5010050,DHL Express,09-08-2025,28-08-2025,630.87,10839.2
901746,5010735,DHL Express,06-12-2025,19-06-2025,214.57,3999.5
901747,5008629,Blue Dart,08-08-2024,22-08-2024,650.81,10992
901748,5006094,DHL,07-19-2026,21-07-2026,91.44,1741.3
901749,5011044,Blue Dart,06-09-2024,12-09-2024,301.49,4894.3
901750,5008223,Blue Dart,17-12-2025,03-01-2026,387.39,9040
901751,5011791,Blue Dart,15-12-2024,12-23-2024,339.65,6854.7
901752,5007504,DHL Express,17-03-2025,18-03-2025,8.22,
901753,5001354,Blue Dart,,,569.91,10945.1
901754,5010121,DHL,29-11-2021,12-01-2021,86.35,1252.5
901755,5011331,fedex,11-Jun-26,16-06-2026,266.98,4095.5
901756,5008555,DHL,29-12-2021,12-01-2022,561.16,11333.4
901757,5005553,fedex,10-09-2025,20-09-2025,391.3,6722.6
901758,5008430,FedEx,15-11-2025,25-11-2025,220.08,4022.4
901759,5002860,DHL,12-05-2026,23-05-2026,315.68,4743
901760,5002785,Maersk,07-04-2022,15-04-2022,247.23,5883.2
901761,5006348,DHL,02-22-2026,,322.01,7321.7
901762,5000031,fedex,08-03-2024,12-03-2024,173.75,3625.5
901763,5001395,Maersk,05-12-2020,16-12-2020,491.96,9032.9
901764,5006274,Blue Dart,30-05-2026,05-06-2026,214.17,3867.9
901765,5007575,fedex,,,376.8,8271.2
901766,5006381,UPS,21-09-2025,30-09-2025,410.1,6342.7
901767,5010702,DHL,12-01-2023,22-01-2023,527.91,9248
901768,5006238,fedex,29-03-2026,09-04-2026,631.26,9589.8
901769,5004055,DHL Express,17-04-2025,30-04-2025,496.7,10894.1
901770,5006527,fedex,04-Aug-25,24-08-2025,676.19,9895.5
901771,5005595,UPS,25-Nov-22,30-11-2022,181.23,2717.6
901772,5007610,DHL,09-06-2026,25-06-2026,509.34,9226.4
901773,5007042,FedEx,15-11-2024,16-11-2024,74.09,1326.2
901774,5005413,DHL Express,26-02-2022,01-03-2022,118.46,2265.4
901775,5010587,FedEx,06-02-2024,11-02-2024,105.38,2310.6
901776,5010307,FedEx,14-Jan-23,19-Jan-23,259.38,3809.6
901777,5003606,UPS,26-12-2023,07-01-2024,521.9,9879.6
901778,5010352,DHL,13-02-2026,22-02-2026,395.73,6255.9
901779,5004082,UPS,19-10-2024,26-10-2024,304.56,4737.7
901780,5002145,UPS,24-08-2024,28-08-2024,139.96,3024.1
901781,5003063,FedEx,04-11-2025,09-11-2025,210.75,3611.2
901782,5004316,FedEx,11-02-2025,26-02-2025,511.06,7751.7
901783,5009202,Blue Dart,06-07-2023,07-07-2023,46.17,532.8
901784,5004886,DHL,26-07-2026,31-07-2026,201.03,3712.5
901785,5011517,FedEx,08-11-2024,,608.91,9957.3
901786,5005571,DHL,13-03-2025,28-03-2025,548.63,9811.7
901787,5001386,FedEx,,,284.78,4963.9
901788,5000390,Blue Dart,03-11-2024,14-11-2024,413.25,7587.7
901789,5011066,UPS,27-07-2026,01-08-2026,154.58,2251.1
901790,5004404,DHL,28-07-2026,14-08-2026,606.34,9281.8
901791,5010476,DHL,15-12-2022,29-12-2022,385.77,7896.7
901792,5005502,UPS,16-05-2021,23-05-2021,399.5,6203.2
901793,5007288,DHL,12-10-2024,28-10-2024,497.66,9895.5
901794,5008813,DHL,06-08-2023,23-Aug-23,621.9,9560.6
901795,5010906,DHL,15-10-2023,28-10-2023,683.44,10759.6
901796,5003354,UPS,09-01-2022,21-01-2022,552.23,9194.3
901797,5010632,DHL,,,376.21,
901798,5002698,DHL Express,09-07-2026,12-07-2026,197.62,3003.4
901799,5006299,Blue Dart,26-04-2021,27-04-2021,7.23,41.5
901800,5008012,UPS,,,441.08,8763.9
901801,5006196,Maersk,17-08-2025,18-08-2025,37.17,506.9
901802,5000039,UPS,30-06-2025,13-07-2025,483.4,7705.3
901803,5000339,FedEx,11-06-2026,12-06-2026,29.39,
901804,5009046,fedex,26-03-2026,05-04-2026,498.67,9416.5
901805,5004752,Maersk,25-09-2023,11-10-2023,659.73,9294.1
901806,5003679,Blue Dart,07-07-2026,18-07-2026,,
901807,5004566,DHL Express,23-01-2024,24-01-2024,53.33,958.6
901808,5006404,DHL Express,23-04-2023,04-05-2023,549.98,8715.1
901809,5006036,FedEx,21-04-2025,25-04-2025,171.36,3176.3
901810,5001402,Maersk,13-01-2026,02-02-2026,518.74,10580.9
901811,5001232,Maersk,04-11-2025,18-11-2025,,7616.4
901812,5001892,DHL,05-09-2023,14-09-2023,314.58,6475.1
901813,5011829,FedEx,13-04-2023,26-04-2023,,7220.1
901814,5008563,Maersk,24-11-2021,04-12-2021,343.08,7108.2
901815,5000075,FedEx,15-07-2024,23-07-2024,239.53,5773.4
901816,5004847,Maersk,15-09-2024,20-09-2024,133.89,2678
901817,5004684,Maersk,,,360.38,7433.5
901818,5000567,fedex,20-11-2024,05-12-2024,469.75,8615.8
901819,5009170,UPS,25-05-2026,11-06-2026,507.31,8131.6
901820,5003699,fedex,29-05-2026,30-05-2026,43.75,669.9
901821,5006725,Blue Dart,05-07-2026,13-07-2026,483.4,7191.1
901822,5008291,fedex,23-11-2025,,302.88,7230.9
901823,5009256,FedEx,01-11-2025,17-11-2025,407.19,6894.3
901824,5000495,Maersk,20-02-2024,02-Mar-24,343.83,6190.2
901825,5008779,Maersk,26-04-2025,,66.11,
901826,5004862,Maersk,01-03-2024,04-03-2024,134.19,1981.9
901827,5001376,Blue Dart,28-05-2026,31-05-2026,192.2,2803
901828,5000060,FedEx,17-07-2025,18-07-2025,61.88,827.6
901829,5010823,DHL,24-11-2022,12-12-2022,572.71,11089.8
901830,5001628,FedEx,04-09-2021,11-09-2021,402.44,5770
901831,5011497,Maersk,,,395.71,
901832,5011112,DHL Express,18-11-2025,12-12-2025,401.28,9840
901833,5009796,FedEx,02-07-2026,14-07-2026,441.58,6773.6
901834,5002943,Blue Dart,19-07-2026,09-08-2026,622.53,11783.1
901835,5001385,DHL Express,23-12-2024,30-12-2024,311.15,4738.5
901836,5007914,fedex,27-01-2025,07-02-2025,302.38,
901837,5002680,FedEx,31-01-2024,09-02-2024,336.49,4684.3
901838,5011304,DHL,22-12-2025,30-12-2025,367.95,5339.8
901839,5010406,Maersk,,,534.5,10787.7
901840,5008940,DHL Express,06-29-2022,09-07-2022,553.58,9298.7
901841,5000414,fedex,06-11-2023,10-11-2023,209.66,3407.1
901842,5004052,DHL Express,24-02-2022,01-03-2022,278.24,4569.5
901843,5004948,Maersk,,,353.06,6869.2
901844,5001903,DHL Express,20-12-2023,30-12-2023,,6414.6
901845,5001259,fedex,23-06-2023,25-06-2023,95.77,1921.1
901846,5010067,FedEx,02-May-25,03-05-2025,24.87,312.9
901847,5005800,fedex,02-03-2025,03-03-2025,51.13,543.1
901848,5002655,DHL Express,,,224.5,5318.5
901849,5000205,Maersk,05-08-2023,13-08-2023,333.28,6248.5
901850,5001246,UPS,31-10-2024,22-11-2024,531.35,11894.1
901851,5004403,Blue Dart,09-Jun-26,,116.41,2568.6
901852,5000519,Blue Dart,13-01-2025,31-01-2025,557.3,11139.9
901853,5011948,Maersk,27-01-2026,30-01-2026,171.85,2870.6
901854,5011963,UPS,,,405.99,8530.1
901855,5011801,Blue Dart,28-01-2025,29-01-2025,43.26,740
901856,5008385,Maersk,15-02-2025,02-27-2025,322.65,5778.2
901857,5010138,fedex,09-01-2024,01-22-2024,395.84,9161.7
901858,5006869,fedex,,,52.44,1224.6
901859,5007146,Blue Dart,30-08-2025,05-09-2025,225.18,4627.3
901860,5011789,DHL Express,14-02-2026,21-02-2026,202.94,3736.3
901861,5009153,UPS,25-10-2025,08-11-2025,493.35,11497.1
901862,5003558,DHL Express,02-07-2025,15-07-2025,,8011.6
901863,5006387,DHL Express,19-07-2026,02-08-2026,619.52,10237.7
901864,5005731,DHL,21-08-2024,31-08-2024,329.34,7452.5
901865,5009410,DHL Express,03-25-2026,03-04-2026,454.08,7371.6
901866,5006833,UPS,23-03-2025,27-03-2025,,2795.7
901867,5002616,DHL Express,10-02-2023,11-Feb-23,69.12,
901868,5001124,fedex,30-03-2026,08-04-2026,259.17,4143.5
901869,5000194,FedEx,19-Jun-24,28-06-2024,,5015.5
901870,5001848,FedEx,04-03-2026,12-03-2026,422.97,7374.7
901871,5005422,Blue Dart,,,,9035.6
901872,5011989,Maersk,11-02-2023,26-02-2023,702.93,10988.4
901873,5010060,FedEx,28-07-2023,08-04-2023,367.31,6402.3
901874,5007326,DHL Express,11-11-2024,03-12-2024,647.99,11316.4
901875,5006959,fedex,,,751.87,11585.9
901876,5006804,DHL,11-12-2024,29-12-2024,525.62,9645.9
901877,5007958,DHL Express,,,163.84,2189.7
901878,5006243,FedEx,06-11-2025,07-11-2025,80.37,1555.6
901879,5006976,DHL Express,05-03-2025,18-03-2025,677.38,11320.2
901880,5003463,DHL,,,522.25,7460.8
901881,5000935,UPS,23-03-2025,08-04-2025,602.24,10082.7
901882,5005486,DHL Express,,,531.74,8136
901883,5010110,fedex,18-03-2026,30-03-2026,388.44,
901884,5006259,UPS,,,105.62,1863.5
901885,5009685,UPS,17-03-2025,03-31-2025,779.53,11699.8
901886,5003820,DHL,,,187.1,3653.3
901887,5001703,DHL,,,114.6,
901888,5000121,DHL Express,05-20-2026,28-05-2026,,4025.4
901889,5005795,Maersk,19-06-2025,22-06-2025,160.16,3215
901890,5001654,Maersk,03-01-2023,16-01-2023,559.33,11819.1
901891,5005363,FedEx,16-Mar-24,17-03-2024,74.47,1237.5
901892,5003877,UPS,10-03-2023,19-03-2023,232.77,4373.7
901893,5005377,DHL,20-04-2025,27-04-2025,272.87,5379.2
901894,5000495,Maersk,02-22-2024,26-02-2024,136.35,2533.8
901895,5002790,DHL,02-23-2025,06-03-2025,534.24,8425.8
901896,5003071,DHL Express,17-01-2023,31-01-2023,418.11,7441.6
901897,5010289,FedEx,10-10-2021,22-10-2021,409.37,9958.8
901898,5002396,DHL,10-05-2026,11-05-2026,80.76,938.9
901899,5009278,FedEx,08-02-2023,18-Feb-23,430.92,9061.1
901900,5002273,UPS,13-09-2025,17-09-2025,106.06,2015.6
901901,5010488,UPS,23-09-2025,30-09-2025,368.02,5271.6
901902,5004017,UPS,26-02-2026,,57.65,805.5
901903,5000482,FedEx,22-07-2026,05-08-2026,411.74,9608.7
901904,5001180,Blue Dart,01-Jun-25,07-06-2025,220.17,5263.7
901905,5001578,UPS,28-04-2025,02-05-2025,120.84,2307.4
901906,5005705,fedex,24-01-2025,08-02-2025,491,11682.5
901907,5009050,Maersk,27-04-2026,,574.28,9277.4
901908,5010185,UPS,03-10-2025,04-10-2025,21.72,163.3
901909,5008514,DHL,18-09-2025,19-09-2025,81.19,1070.4
901910,5001512,FedEx,18-07-2024,19-07-2024,26.06,432.5
901911,5009609,UPS,25-02-2026,02-03-2026,208.72,4823.5
901912,5000357,Blue Dart,19-02-2026,03-03-2026,613.42,10158.8
901913,5003786,fedex,,,29.23,410.4
901914,5005214,FedEx,18-07-2024,02-08-2024,650.05,11888.9
901915,5003431,Maersk,28-10-2024,04-11-2024,258.68,3676.4
901916,5011747,DHL Express,26-04-2025,22-05-2025,652.74,10826
901917,5011002,DHL Express,,,638.15,11150.2
901918,5003091,UPS,02-05-2026,12-05-2026,352.53,5372.7
901919,5011175,fedex,26-11-2024,30-11-2024,242.76,3957.5
901920,5007551,DHL,02-01-2024,17-02-2024,413.47,7569.1
901921,5005976,FedEx,08-01-2026,,247.26,3473.8
901922,5011557,Maersk,14-11-2025,17-11-2025,103.79,1977.3
901923,5002410,Maersk,26-01-2026,06-02-2026,428.04,8705.4
901924,5004841,Maersk,30-09-2025,17-10-2025,488.75,11045.9
901925,5007649,DHL Express,22-Jul-23,01-08-2023,517.33,7799.6
901926,5008873,Maersk,26-02-2024,07-03-2024,540.75,7942.7
901927,5001222,UPS,08-03-2021,26-03-2021,473.92,9917.7
901928,5007488,DHL,18-09-2024,02-10-2024,449.61,9506.3
901929,5003515,DHL Express,07-12-2021,10-12-2021,151.42,3168.1
901930,5007850,Blue Dart,07-12-2024,17-12-2024,534.43,7670.3
901931,5000381,DHL,25-11-2024,17-12-2024,552.99,11987.8
901932,5002994,FedEx,05-06-2026,17-06-2026,621.53,9380.5
901933,5011304,fedex,23-12-2025,04-01-2026,,10764.7
901934,5004016,FedEx,19-Dec-21,01-01-2022,,6357.8
901935,5006575,fedex,15-02-2025,20-02-2025,285.67,4973.6
901936,5010395,DHL,26-04-2026,28-Apr-26,88.17,1599
901937,5003458,Blue Dart,12-08-2024,25-Aug-24,745.46,11743.9
901938,5007789,fedex,23-06-2025,28-06-2025,218.96,3533.5
901939,5008071,fedex,18-09-2025,26-09-2025,250.92,5760.3
901940,5001794,DHL,28-10-2025,12-11-2025,494.64,8245.7
901941,5011553,FedEx,16-01-2025,20-01-2025,,3278.6
901942,5006848,DHL Express,09-05-2023,24-05-2023,478.5,10469.4
901943,5010581,Blue Dart,08-02-2025,24-02-2025,494.3,9240.5
901944,5001998,Maersk,18-10-2025,28-10-2025,439.69,8832.5
901945,5004240,DHL,,,332.78,5712.8
901946,5000578,Blue Dart,11-04-2024,21-04-2024,398.81,6091
901947,5004308,DHL,19-12-2022,01-01-2023,,9566.5
901948,5009900,Maersk,24-04-2025,30-04-2025,349.13,5278.7
901949,5000262,Blue Dart,27-09-2025,08-10-2025,314.36,6788.1
901950,5006552,FedEx,06-02-2025,09-Feb-25,111.83,1650.6
901951,5011661,FedEx,,,185.46,3255
901952,5011510,DHL,22-05-2024,31-05-2024,400.68,8010.6
901953,5008983,DHL,14-04-2023,24-04-2023,311.74,4585.5
901954,5001640,UPS,27-07-2026,,49.49,876.4
901955,5004537,fedex,06-01-2021,14-01-2021,241.04,5237.7
901956,5001560,DHL Express,04-08-2024,11-08-2024,292.81,6453.4
901957,5011052,FedEx,06-03-2024,09-03-2024,151.86,2464.1
901958,5008678,FedEx,12-Apr-25,28-04-2025,618.85,9642
901959,5005574,DHL Express,30-09-2025,10-10-2025,402.83,7611.4
901960,5002609,FedEx,27-04-2025,05-20-2025,,
901961,5001342,DHL Express,01-03-2026,03-05-2026,161.71,3699.8
901962,5003422,UPS,04-17-2024,19-04-2024,53.18,
901963,5003274,FedEx,10-08-2024,28-08-2024,403,9601.7
901964,5003542,fedex,20-11-2022,21-11-2022,53.27,918.8
901965,5010169,Maersk,13-05-2024,19-05-2024,197.58,3431
901966,5002531,UPS,28-05-2021,07-06-2021,540.01,7590.5
901967,5007863,FedEx,01-28-2025,,285.63,5866.5
901968,5008034,DHL,02-04-2024,12-04-2024,258.61,4886
901969,5008502,UPS,07-08-2022,12-08-2022,193.62,3037.9
901970,5008573,FedEx,,,20.41,254.1
901971,5008222,Blue Dart,04-02-2025,03-03-2025,562.95,11686.6
901972,5001753,DHL Express,11-01-2026,12-01-2026,26.99,431.8
901973,5000001,DHL,14-05-2023,02-06-2023,,8306.3
901974,5006098,fedex,17-05-2024,18-05-2024,33.12,592
901975,5005154,Blue Dart,26-Nov-25,12-12-2025,415.56,8512.6
901976,5008236,Blue Dart,06-10-2025,12-10-2025,242.19,3338.1
901977,5000766,Blue Dart,08-29-2024,04-09-2024,280.86,5443.6
901978,5005449,fedex,,,642.95,11976.2
901979,5006632,FedEx,03-02-2023,18-02-2023,727.71,11588.5
901980,5004884,Blue Dart,25-07-2022,08-08-2022,758.53,11125.8
901981,5005351,FedEx,10-09-2024,02-10-2024,749.45,11184
901982,5005399,Maersk,21-02-2025,22-02-2025,44.49,823.7
901983,5008486,FedEx,03-12-2022,04-12-2022,41.86,739.9
901984,5002332,DHL,02-01-2023,06-01-2023,,
901985,5007268,DHL Express,04-21-2026,03-05-2026,,7797.9
901986,5011924,fedex,17-10-2024,30-10-2024,440.64,8420.7
901987,5003854,DHL,07-04-2026,19-Apr-26,553.77,9827.1
901988,5001679,Maersk,29-01-2025,19-02-2025,580.1,10325.4
901989,5010906,Maersk,10-16-2023,25-10-2023,561.77,8862.4
901990,5005471,DHL Express,27-04-2026,30-04-2026,175.17,3066.9
901991,5001467,Blue Dart,14-12-2021,07-01-2022,419.03,9888.2
901992,5003466,UPS,14-10-2024,24-10-2024,420.11,6775.2
901993,5006110,UPS,13-06-2023,21-06-2023,302.44,6087.2
901994,5009667,fedex,,,549.56,9049.8
901995,5009467,FedEx,11-11-2021,18-11-2021,323.26,5817.4
901996,5001365,DHL,17-09-2025,03-10-2025,397.33,7694.1
901997,5007934,Maersk,03-12-2026,20-03-2026,463.88,6724.4
901998,5005811,DHL Express,04-03-2024,07-03-2024,89.65,1485.2
901999,5005479,Blue Dart,25-12-2022,05-01-2023,,6612
902000,5001665,UPS,04-12-2024,17-Dec-24,656.12,9745.5
902001,5007542,fedex,05-02-2026,21-02-2026,508.45,10827.5
902002,5006715,UPS,29-02-2024,11-03-2024,429.11,6727.4
902003,5010874,UPS,12-06-2023,13-06-2023,12.76,95.9
902004,5004528,UPS,12-01-2026,26-Jan-26,480.31,7677
902005,5001817,Blue Dart,27-11-2025,08-12-2025,504.24,9695.4
902006,5011699,fedex,04-02-2025,11-02-2025,259.48,5555.3
902007,5006288,Maersk,08-11-2025,26-11-2025,374.45,8045.7
902008,5006080,Blue Dart,17-07-2022,08-05-2022,474.53,11658.3
902009,5002998,DHL Express,19-12-2025,30-12-2025,410.45,6123.8
902010,5001757,FedEx,,,135.94,1931.6
902011,5003024,DHL Express,14-06-2024,24-06-2024,497.83,7490.3
902012,5003698,DHL,09-01-2026,10-01-2026,16.81,278.4
902013,5000027,Blue Dart,,,252.98,5574.9
902014,5006394,UPS,04-04-2026,17-04-2026,571.24,10470.3
902015,5002688,DHL Express,11-16-2023,18-11-2023,,1975.1
902016,5011037,Blue Dart,13-05-2024,14-05-2024,66.39,813.8
902017,5004391,Maersk,30-03-2023,06-04-2023,362.31,6770.8
902018,5011089,Maersk,13-01-2026,23-01-2026,325.05,5571.2
902019,5006047,FedEx,10-06-2025,17-06-2025,242.35,5831.4
902020,5000157,Maersk,09-03-2025,08-09-2025,234.81,4085.1
902021,5010109,FedEx,24-01-2026,13-02-2026,424.23,9921.4
902022,5008834,Maersk,09-07-2024,17-07-2024,,3431.5
902023,5010481,Blue Dart,22-05-2025,06-01-2025,293.04,6162
902024,5001112,DHL,16-12-2025,18-12-2025,102.64,1726
902025,5004918,Maersk,,,485.46,8463.5
902026,5004354,Maersk,16-06-2026,25-06-2026,263.03,4416.6
902027,5005643,DHL,05-07-2022,15-07-2022,366.2,8856.7
902028,5007300,UPS,13-04-2023,30-04-2023,623.35,9812.1
902029,5005778,DHL Express,29-01-2025,21-02-2025,596.19,11872.6
902030,5009075,Blue Dart,29-11-2020,05-12-2020,266.67,5385.5
902031,5002293,DHL,04-12-2025,,198.19,2773.5
902032,5010620,DHL,13-07-2025,14-07-2025,41.05,652.6
902033,5001823,DHL Express,11-03-2025,24-03-2025,472.57,8359.1
902034,5008576,UPS,27-01-2024,11-02-2024,430.89,
902035,5001703,fedex,30-04-2025,01-05-2025,11.27,95.8
902036,5005236,fedex,07-01-2023,21-01-2023,515.64,8338.9
902037,5010750,DHL,02-04-2025,03-04-2025,79.89,1213.4
902038,5003099,fedex,,,575.18,8724
902039,5008090,UPS,12-02-2025,22-02-2025,,8476.3
902040,5001432,UPS,11-09-2025,15-09-2025,269.18,
902041,5009170,UPS,,,380.49,7257.2
902042,5001149,DHL Express,13-04-2024,29-Apr-24,721.94,10895.7
902043,5004421,UPS,15-03-2022,21-03-2022,151.3,2901.8
902044,5004534,fedex,,,217.65,4241.4
902045,5003831,fedex,27-12-2024,14-01-2025,529.22,10700.9
902046,5006966,UPS,01-08-2025,04-08-2025,149.58,2330.3
902047,5006050,UPS,19-10-2022,20-10-2022,20.25,382.6
902048,5010107,DHL Express,22-07-2026,20-08-2026,578.64,11901.5
902049,5006966,UPS,02-08-2025,07-08-2025,273.6,4416.7
902050,5004067,FedEx,07-04-2026,12-04-2026,152.08,2728.8
902051,5007109,FedEx,30-09-2023,,317.78,4461.1
902052,5009234,DHL,,,484.64,7916
902053,5004757,fedex,14-08-2025,19-08-2025,,2893.6
902054,5003899,DHL Express,05-02-2026,20-02-2026,483.13,6861.5
902055,5001510,UPS,,,,
902056,5010524,Blue Dart,26-05-2025,11-06-2025,665.62,10989.7
902057,5007852,fedex,06-06-2023,,318.53,5668
902058,5006590,FedEx,10-05-2026,05-25-2026,462.59,10187.1
902059,5000141,Maersk,11-09-2024,24-09-2024,421.97,5925.7
902060,5010503,DHL Express,07-12-2023,12-12-2023,180.23,
902061,5003422,DHL,16-Apr-24,29-04-2024,490.8,10691.4
902062,5010846,DHL,14-05-2025,22-05-2025,508.01,7209.4
902063,5001066,DHL Express,,,67.35,1104.4
902064,5003124,fedex,28-02-2026,11-03-2026,598.73,9688.6
902065,5003800,DHL,15-06-2023,27-06-2023,524.38,10318.6
902066,5009342,Blue Dart,10-07-2026,16-07-2026,343.17,4875.3
902067,5001565,DHL Express,05-06-2026,06-27-2026,700.92,10281
902068,5003547,DHL,22-03-2025,04-03-2025,385.88,8867
902069,5004935,DHL Express,28-09-2024,05-10-2024,299.6,4787.7
902070,5005660,Maersk,,,335.02,5517.5
902071,5004489,fedex,13-08-2025,16-08-2025,,2349.9
902072,5005789,Maersk,08-06-2023,10-06-2023,183.51,2662.8
902073,5011291,Blue Dart,,,218.39,4884.7
902074,5006216,Maersk,04-10-2023,06-10-2023,135.74,2234.8
902075,5001442,FedEx,17-01-2024,28-01-2024,418.13,8001.5
902076,5008237,Blue Dart,06-08-2023,07-08-2023,24.56,333.3
902077,5000528,fedex,29-03-2022,07-Apr-22,298.17,6941.5
902078,5004106,FedEx,09-04-2023,04-11-2023,57.29,1328
902079,5003354,UPS,10-01-2022,18-01-2022,251.69,4185.1
902080,5003690,UPS,11-01-2025,12-01-2025,18.94,
902081,5006649,fedex,01-10-2025,03-10-2025,102.68,2242.7
902082,5009657,fedex,09-14-2024,02-10-2024,339.15,7298.1
902083,5005771,UPS,13-Sep-24,28-Sep-24,513.26,9782
902084,5007065,DHL,21-Mar-25,02-04-2025,488.98,9899.8
902085,5009821,FedEx,04-10-2023,11-10-2023,255.99,
902086,5009618,fedex,,,674.15,11353.9
902087,5003367,Maersk,25-05-2026,31-05-2026,194.02,4165.9
902088,5002497,FedEx,,,45.59,723.6
902089,5011211,DHL,22-09-2025,28-09-2025,190.3,2820.3
902090,5004807,Maersk,05-04-2024,16-Apr-24,528.29,9004.7
902091,5002476,Maersk,28-03-2025,14-04-2025,747.67,11161.7
902092,5008113,DHL,14-12-2025,07-01-2026,481.77,11485.3
902093,5006708,fedex,22-04-2022,26-04-2022,178.78,3554.6
902094,5004823,Maersk,11-03-2025,17-03-2025,225.83,3391.4
902095,5001197,UPS,08-03-2025,09-03-2025,10.95,271.2
902096,5005821,DHL Express,03-04-2024,,804.03,11626.9
902097,5006325,FedEx,,,208.66,4516.8
902098,5005782,UPS,28-03-2026,11-04-2026,431.37,7629.6
902099,5002459,Maersk,23-Jul-25,25-07-2025,77.75,1514.5
902100,5006163,UPS,25-03-2025,06-04-2025,475.61,9597.2
902101,5008292,DHL,17-03-2022,20-03-2022,151.32,2743.6
902102,5000773,UPS,21-Dec-24,23-12-2024,86.83,1466
902103,5004091,DHL,27-Nov-23,05-12-2023,463.47,6756.3
902104,5009142,DHL,04-07-2025,05-07-2025,19.51,156.5
902105,5011538,UPS,11-07-2026,25-07-2026,365.1,
902106,5007341,UPS,30-12-2025,19-01-2026,568.72,10936.1
902107,5001558,fedex,,,516.02,10322.4
902108,5011085,Blue Dart,11-10-2025,24-10-2025,494.54,7282.8
902109,5000728,DHL,19-10-2024,21-10-2024,94.05,1375.2
902110,5011699,DHL Express,05-02-2025,22-02-2025,473.68,10251.6
902111,5001240,Blue Dart,,,266.9,3793.3
902112,5008146,Maersk,25-06-2025,28-06-2025,158.94,2768.2
902113,5004076,fedex,,,242.42,3532
902114,5000178,DHL Express,30-05-2023,13-06-2023,635.6,10505.3
902115,5004259,UPS,20-05-2025,03-06-2025,610.12,10404.3
902116,5006113,fedex,03-04-2022,,319.19,5619.9
902117,5003229,Blue Dart,07-20-2024,27-07-2024,227.34,3196.4
902118,5004897,DHL,11-04-2024,23-04-2024,352.79,7565.4
902119,5000210,Blue Dart,28-09-2022,21-10-2022,542.12,10962.2
902120,5010097,FedEx,04-09-2024,24-09-2024,501.28,8189.2
902121,5008617,fedex,,,579.5,10701.5
902122,5003494,Blue Dart,,,529.66,10849.9
902123,5000473,DHL,,,283.38,4959
902124,5000140,Blue Dart,09-01-2026,21-01-2026,299.87,5704.2
902125,5003583,Maersk,11-09-2024,19-09-2024,375.23,6009.1
902126,5003983,FedEx,09-01-2024,16-01-2024,389.14,5743.5
902127,5003114,UPS,06-06-2025,13-06-2025,250.7,
902128,5003814,DHL Express,,,231.72,3333.3
902129,5004185,FedEx,08-12-2025,13-12-2025,252.71,3828.7
902130,5004247,fedex,,,161.15,2365
902131,5010501,UPS,26-02-2026,01-03-2026,,2181.2
902132,5010885,FedEx,11-11-2024,25-11-2024,609.94,8683.8
902133,5002679,fedex,18-02-2025,24-02-2025,213.75,3117.9
902134,5009775,UPS,06-08-2022,,255.51,3689.4
902135,5002476,DHL,01-04-2025,09-04-2025,376.6,7806.8
902136,5008859,fedex,14-05-2024,19-May-24,105.98,
902137,5003050,Blue Dart,08-02-2025,15-08-2025,383.38,6058.8
902138,5002258,fedex,19-12-2023,30-12-2023,381.16,8973.3
902139,5007418,Maersk,25-06-2026,02-07-2026,184.23,3097.8
902140,5008602,FedEx,,,416.19,8031
902141,5006900,FedEx,28-11-2025,17-12-2025,506.47,8291.5
902142,5010771,fedex,06-08-2021,15-08-2021,356.02,7672.5
902143,5005930,UPS,09-03-2024,29-03-2024,739.99,11058.6
902144,5003592,FedEx,02-Nov-23,03-11-2023,81.45,1447.1
902145,5002378,Blue Dart,28-09-2025,08-10-2025,406.49,7897.4
902146,5005457,DHL Express,06-09-2024,09-09-2024,106.68,1347.2
902147,5002930,Maersk,01-04-2026,05-04-2026,159.52,2408.6
902148,5011420,UPS,26-05-2025,10-06-2025,519.67,8387.8
902149,5003136,Maersk,11-02-2025,09-03-2025,632.81,10882.5
902150,5002213,DHL Express,18-07-2025,30-07-2025,448.62,8627.8
902151,5011395,DHL,04-12-2024,17-12-2024,712.4,11518
902152,5001659,DHL Express,22-01-2024,26-01-2024,175.97,3161.3
902153,5008979,DHL,24-08-2023,30-08-2023,274.84,4257
902154,5009513,DHL Express,15-07-2023,21-07-2023,335.07,4906.5
902155,5002691,DHL,05-03-2025,16-03-2025,459.33,7844.2
902156,5000093,Blue Dart,17-07-2025,19-Jul-25,125.91,1777.3
902157,5001249,DHL Express,19-06-2022,23-06-2022,279.04,4022.5
902158,5010488,DHL Express,,,391.1,7831.9
902159,5006192,DHL Express,03-10-2024,08-10-2024,176.23,3580.3
902160,5007877,UPS,13-01-2021,20-01-2021,378.16,6675.9
902161,5009110,fedex,07-11-2025,14-11-2025,258.45,4784.8
902162,5005028,UPS,06-12-2025,07-12-2025,53.52,588.9
902163,5008476,Maersk,16-03-2023,08-04-2023,489.66,10737.6
902164,5002022,Blue Dart,21-11-2025,24-11-2025,161.9,2718.5
902165,5000320,UPS,26-10-2023,03-11-2023,229.67,5132.8
902166,5001936,FedEx,05-Feb-26,18-02-2026,500.33,9211.3
902167,5002356,fedex,26-Apr-25,06-05-2025,619.13,8842.1
902168,5006750,UPS,07-17-2025,30-07-2025,564.99,10246.9
902169,5006516,DHL Express,20-09-2025,24-09-2025,244.94,3857.8
902170,5001434,FedEx,20-07-2025,31-07-2025,375.45,6690.1
902171,5004360,DHL,04-01-2025,15-01-2025,602.8,9623.4
902172,5004937,fedex,20-03-2026,21-03-2026,76.29,953.9
902173,5003604,DHL,01-01-2025,04-01-2025,158.37,
902174,5002671,Blue Dart,25-09-2023,06-10-2023,433.53,9655.8
902175,5009451,UPS,27-02-2026,18-03-2026,543.33,11879
902176,5006760,FedEx,26-06-2022,07-02-2022,250.54,3794.6
902177,5003807,fedex,07-07-2025,,117.43,2051.4
902178,5008355,FedEx,04-05-2025,12-05-2025,381.35,7512.2
902179,5003093,fedex,,,99.8,1514.7
902180,5011016,fedex,26-11-2025,03-12-2025,429.34,6856.2
902181,5009467,fedex,11-08-2021,15-11-2021,163.99,3280.9
902182,5006293,Blue Dart,,,569.39,11541.6
902183,5005064,DHL Express,13-10-2025,29-10-2025,340.96,8206.4
902184,5005517,FedEx,22-03-2023,26-03-2023,,1922.5
902185,5008425,DHL,12-07-2026,23-07-2026,429.34,8366.5
902186,5002266,DHL,15-07-2025,02-08-2025,587.36,11589
902187,5002247,FedEx,,,55.93,1131.2
902188,5010145,Blue Dart,03-02-2024,19-03-2024,466.31,10183.8
902189,5004596,DHL,,,26.87,331.9
902190,5005683,UPS,05-17-2026,21-05-2026,200.21,2911.4
902191,5011790,Blue Dart,30-12-2021,04-01-2022,123.11,2428.4
902192,5002538,Maersk,29-09-2025,,379.93,6451.8
902193,5004696,UPS,,,88.22,1990
902194,5003628,Blue Dart,18-09-2024,28-09-2024,280.76,6186.7
902195,5006706,DHL,,,611.45,8733.3
902196,5003690,fedex,08-01-2025,19-01-2025,425.26,
902197,5007771,UPS,,,,3968.8
902198,5001778,fedex,12-01-2024,24-01-2024,,8953.9
902199,5009681,DHL Express,11-07-2024,18-07-2024,277.44,4847.2
902200,5008362,fedex,09-06-2025,,740.47,10787
902201,5000677,Maersk,16-11-2023,11-28-2023,674.09,10075.7
902202,5005933,FedEx,22-07-2025,12-Aug-25,565.54,10039.7
902203,5003317,Maersk,25-07-2024,26-07-2024,47.33,828.9
902204,5010775,DHL,,,413.72,9278.3
902205,5010465,Blue Dart,17-Mar-25,03-24-2025,275.06,6051.8
902206,5004276,DHL,23-02-2023,24-02-2023,30.54,571.8
902207,5004457,Maersk,04-08-2025,26-08-2025,561.2,9724.9
902208,5008474,FedEx,28-11-2025,10-12-2025,707.76,11438.2
902209,5011780,DHL Express,08-12-2023,19-12-2023,458.06,8833.6
902210,5007991,DHL,11-11-2022,07-12-2022,570.9,11544.7
902211,5007135,Blue Dart,29-07-2025,06-08-2025,228.75,5622.1
902212,5010425,DHL Express,21-08-2025,02-09-2025,533.14,9521.8
902213,5009509,UPS,10-11-2023,13-10-2023,69.03,
902214,5000078,fedex,25-02-2026,02-Mar-26,251.55,4854.2
902215,5000198,UPS,30-08-2025,05-09-2025,296.21,5236.3
902216,5009372,FedEx,,,96.47,2073.4
902217,5010931,fedex,04-11-2024,08-11-2024,149.7,2283.6
902218,5010691,FedEx,14-03-2024,03-15-2024,25.07,383.3
902219,5006502,fedex,16-10-2023,04-11-2023,707.81,11850.2
902220,5003480,DHL,10-05-2026,20-05-2026,394.92,5655.2
902221,5006284,Blue Dart,24-02-2022,17-03-2022,567.05,11515.6
902222,5000493,Blue Dart,26-03-2025,27-03-2025,72.3,1062.8
902223,5004412,DHL,07-07-2026,18-07-2026,552.02,10041
902224,5011400,fedex,,,393.54,7622
902225,5005690,UPS,,,229.65,3669.4
902226,5003547,fedex,20-03-2025,21-03-2025,35.55,652.1
902227,5006548,fedex,05-03-2025,14-03-2025,460.13,7659.6
902228,5002570,FedEx,27-02-2023,12-03-2023,428.35,7678.8
902229,5000828,Maersk,12-02-2025,16-02-2025,118.97,1864.9
902230,5005257,DHL,,,390.28,9414.6
902231,5004939,DHL,09-09-2025,21-09-2025,481.61,8986.5
902232,5010997,UPS,07-02-2024,21-02-2024,419.24,6773.6
902233,5003879,FedEx,13-07-2026,15-07-2026,100.04,1826.1
902234,5003632,FedEx,19-01-2025,21-01-2025,113.24,2095.2
902235,5008495,FedEx,21-12-2025,22-12-2025,41.38,491.7
902236,5000771,DHL Express,31-03-2023,11-Apr-23,382.25,
902237,5006394,UPS,03-04-2026,08-04-2026,244.74,4088
902238,5001160,FedEx,09-02-2025,02-10-2025,71.5,
902239,5002275,FedEx,29-07-2021,23-08-2021,700.52,
902240,5011706,FedEx,16-02-2026,27-02-2026,398.86,9633.8
902241,5009627,Blue Dart,05-14-2026,24-05-2026,417.72,8814.4
902242,5005380,DHL Express,01-Dec-25,14-12-2025,502.86,10109.6
902243,5010866,UPS,07-11-2024,14-Nov-24,341.82,6431.9
902244,5011630,Maersk,31-10-2024,11-11-2024,393.2,8114.2
902245,5006988,Blue Dart,16-05-2026,01-06-2026,747.01,11141.7
902246,5007393,Maersk,,,226.93,3606.7
902247,5008804,DHL Express,26-07-2024,09-08-2024,576.2,9537.2
902248,5011269,DHL,14-12-2024,23-12-2024,,6480.7
902249,5004117,FedEx,17-04-2026,18-04-2026,56.97,1058.3
902250,5005189,FedEx,22-06-2023,07-03-2023,299.44,6228
902251,5006440,UPS,24-03-2025,26-03-2025,,1790
902252,5008028,Blue Dart,,,322.95,6459.6
902253,5000419,fedex,04-09-2025,09-09-2025,314.8,5158
902254,5009535,Blue Dart,29-07-2021,04-08-2021,310.06,
902255,5006411,Maersk,13-06-2024,17-06-2024,219.36,3419.2
902256,5003320,DHL,21-11-2024,29-11-2024,414.11,7471.8
902257,5004346,fedex,08-26-2023,03-09-2023,274.46,5018.3
902258,5010449,Blue Dart,08-07-2025,14-08-2025,263.7,5383.4
902259,5011998,DHL Express,08-02-2021,06-08-2021,236.6,3514.1
902260,5008852,DHL Express,29-05-2023,09-06-2023,424.08,6962.9
902261,5010852,Blue Dart,,,707.08,11929.3
902262,5011080,FedEx,,,383.69,9271.9
902263,5009049,DHL,01-04-2025,05-04-2025,293.31,4270.1
902264,5011791,Maersk,12-15-2024,30-12-2024,769.41,11725.3
902265,5008713,DHL Express,,,396.35,7184.8
902266,5005208,DHL Express,24-10-2025,10-25-2025,63,1143.4
902267,5005232,fedex,28-08-2024,07-09-2024,306.86,7274.6
902268,5000969,Blue Dart,27-07-2026,20-08-2026,767.5,11339.2
902269,5001756,fedex,07-08-2023,20-08-2023,331.43,5671.2
902270,5000913,fedex,23-05-2022,03-06-2022,339.76,5389.9
902271,5007666,Maersk,,,6.88,21.9
902272,5006154,Blue Dart,16-05-2023,21-05-2023,269.05,3779.1
902273,5001569,Blue Dart,,,48.43,708.6
902274,5009395,Maersk,29-12-2023,02-01-2024,141.42,2853.1
902275,5006834,DHL Express,18-01-2025,31-01-2025,495.11,9431.2
902276,5009759,Maersk,,,495.73,7043.3
902277,5010732,Blue Dart,01-12-2024,13-12-2024,453.63,
902278,5009385,DHL,26-09-2025,12-10-2025,606.72,11735.4
902279,5001164,Blue Dart,13-04-2026,15-Apr-26,157.26,2172.8
902280,5003903,Maersk,12-30-2024,02-01-2025,66.79,1352.5
902281,5005851,FedEx,14-01-2024,15-01-2024,5.84,
902282,5004579,DHL Express,16-03-2021,17-03-2021,48.03,622.9
902283,5009772,DHL,17-07-2026,18-07-2026,72.21,894
902284,5007362,fedex,27-09-2024,10-10-2024,250.22,5848.9
902285,5011125,fedex,26-Mar-24,06-04-2024,338.1,5857.7
902286,5001982,fedex,01-02-2024,06-02-2024,259.86,4304.8
902287,5003513,UPS,15-06-2022,29-06-2022,529.38,10666.4
902288,5002307,fedex,30-08-2023,31-08-2023,49.23,995.6
902289,5004194,DHL Express,26-03-2025,07-04-2025,407.75,6786.9
902290,5002077,fedex,14-02-2026,25-02-2026,319.88,5283.2
902291,5010570,fedex,09-03-2026,14-03-2026,119.49,2404
902292,5009875,Blue Dart,30-08-2025,03-09-2025,165.04,2430.1
902293,5000374,UPS,17-12-2025,,503.76,10532.9
902294,5010763,UPS,18-06-2026,02-07-2026,448.4,9305.5
902295,5007642,Maersk,11-02-2026,02-14-2026,112.93,2217.6
902296,5004705,Maersk,27-05-2026,09-06-2026,463.08,10137.4
902297,5004405,FedEx,05-01-2026,20-01-2026,656.26,10557
902298,5001578,fedex,29-04-2025,07-05-2025,226.04,4718.7
902299,5010249,DHL Express,03-12-2025,,89.78,1586
902300,5006611,Maersk,04-07-2024,26-07-2024,698.42,10535.9
902301,5009707,Maersk,13-05-2026,20-05-2026,295.69,4219.5
902302,5003369,fedex,15-02-2025,07-03-2025,523.08,10338.3
902303,5008967,FedEx,01-01-2024,16-01-2024,817.49,11639.4
902304,5001754,FedEx,09-06-2024,10-06-2024,31.61,451.6
902305,5006475,DHL,23-05-2026,01-06-2026,372.9,7358.6
902306,5009920,UPS,21-Jun-26,24-06-2026,99.41,1872.4
902307,5011868,Maersk,29-01-2025,09-02-2025,313.14,6758.8
902308,5006895,Maersk,12-04-2026,17-04-2026,350.2,4980.5
902309,5001690,Maersk,,,468.03,7180
902310,5011424,Maersk,28-01-2022,21-02-2022,565.67,11518.4
902311,5000677,DHL,18-11-2023,25-11-2023,224.39,4506.1
902312,5005520,Maersk,14-09-2023,03-10-2023,598.52,10912
902313,5001463,fedex,05-02-2026,15-02-2026,554.43,9560.3
902314,5006258,Blue Dart,07-03-2025,14-03-2025,,4768.7
902315,5008059,UPS,23-04-2024,28-04-2024,265.36,4043.2
902316,5009740,DHL,,,183.65,2657.2
902317,5002931,Maersk,02-06-2025,14-02-2025,278.08,5198.7
902318,5004606,Blue Dart,29-04-2025,01-05-2025,,1248
902319,5007242,FedEx,02-07-2025,10-07-2025,397.45,6009.8
902320,5011769,DHL Express,28-Jun-26,15-07-2026,526.09,9780.2
902321,5008675,fedex,10-01-2025,14-01-2025,127.91,2041.4
902322,5000397,fedex,29-06-2025,09-07-2025,364.98,8906.4
902323,5010914,DHL,28-12-2021,07-01-2022,233.47,5110.2
902324,5004464,FedEx,08-04-2026,15-04-2026,235.56,4766.7
902325,5004249,Maersk,08-22-2025,11-09-2025,653.23,10532.3
902326,5010117,fedex,02-22-2025,03-03-2025,286.59,6691.5
902327,5005959,fedex,12-06-2024,13-06-2024,88.11,1115
902328,5009171,UPS,30-06-2026,18-07-2026,407.96,
902329,5000351,Maersk,10-12-2024,11-12-2024,96.6,1318.7
902330,5008499,fedex,,,110.28,2128.7
902331,5011306,Blue Dart,05-28-2025,29-05-2025,91.88,1358.6
902332,5004650,Blue Dart,,,149.82,3213.7
902333,5005734,DHL Express,20-03-2024,12-04-2024,495.7,11769.6
902334,5003132,UPS,17-06-2024,25-06-2024,477.17,7694.8
902335,5008318,Blue Dart,20-10-2025,03-11-2025,,8986.6
902336,5011587,Maersk,13-08-2025,21-08-2025,290.91,6398.8
902337,5006479,Maersk,19-04-2026,22-04-2026,181.39,2643.2
902338,5003490,DHL Express,20-05-2025,26-05-2025,254.46,4370.1
902339,5004509,FedEx,08-09-2025,23-09-2025,268.16,6190.1
902340,5001394,fedex,15-07-2026,28-07-2026,408.24,9370.9
902341,5006242,DHL Express,03-01-2026,11-01-2026,431.98,7480.4
902342,5002299,Maersk,,,429.94,9623.9
902343,5010458,fedex,11-02-2026,23-02-2026,323.23,5041.8
902344,5008723,fedex,25-07-2025,07-08-2025,420.71,7430.2
902345,5006977,Blue Dart,30-09-2024,12-10-2024,583.65,10393.2
902346,5002759,fedex,01-07-2025,21-07-2025,717.87,11991.8
902347,5010735,Blue Dart,11-06-2025,12-06-2025,67.91,1127.5
902348,5010542,DHL Express,09-05-2026,14-May-26,231.57,3372.9
902349,5009209,Maersk,,,538.63,10433.8
902350,5001632,DHL,29-11-2021,14-12-2021,694.86,10583
902351,5011515,Maersk,25-04-2025,09-05-2025,508.83,7653.4
902352,5004042,FedEx,06-05-2025,20-05-2025,,11968.5
902353,5008970,DHL,15-04-2025,27-04-2025,512.54,7302.6
902354,5007738,DHL Express,22-01-2025,30-01-2025,338.12,7513.2
902355,5002270,DHL Express,21-11-2023,27-11-2023,,3895.4
902356,5001546,fedex,02-05-2024,,615.09,9313.6
902357,5011266,Maersk,04-12-2025,10-12-2025,217.23,4563
902358,5011767,fedex,16-10-2022,23-10-2022,297.35,5453.5
902359,5010798,Maersk,14-03-2025,20-03-2025,347.46,5019.1
902360,5002641,UPS,22-01-2025,27-01-2025,181.7,2915.4
902361,5009498,Maersk,15-07-2024,,389.26,7187
902362,5000232,DHL,21-11-2025,06-12-2025,741.43,11597.1
902363,5005695,DHL Express,14-07-2025,07-15-2025,62.2,993.5
902364,5011596,UPS,15-03-2022,,468.36,9220.3
902365,5001862,DHL,,,162.18,2797.9
902366,5003711,DHL Express,04-07-2025,17-07-2025,550.2,8184.9
902367,5004584,DHL,27-05-2026,29-05-2026,118.18,1624.2
902368,5001066,Blue Dart,,,116.62,2033.2
902369,5007952,DHL Express,10-08-2024,15-08-2024,191.3,3380
902370,5007991,DHL Express,16-11-2022,23-11-2022,286.55,4632.2
902371,5001133,DHL,15-07-2025,18-07-2025,191.28,2893.8
902372,5010705,DHL,,,245.39,4897.9
902373,5003601,Maersk,15-10-2022,21-10-2022,269.26,4278.8
902374,5006495,UPS,19-02-2024,23-Feb-24,115.26,2316.2
902375,5006699,Blue Dart,30-10-2024,01-Nov-24,,2065.4
902376,5007286,UPS,03-09-2025,14-Sep-25,545,9951.1
902377,5011480,DHL Express,01-08-2024,12-08-2024,207.92,4517
902378,5011400,Maersk,26-02-2026,12-03-2026,522.49,7963
902379,5006688,FedEx,05-08-2026,18-08-2026,512.73,9787
902380,5003501,DHL,27-08-2023,03-09-2023,,5337.3
902381,5007667,Blue Dart,04-09-2022,08-09-2022,140.84,
902382,5002600,Blue Dart,04-12-2022,15-12-2022,274.07,6436.3
902383,5007554,UPS,13-03-2026,,418.34,9728.4
902384,5008218,DHL Express,03-11-2021,06-11-2021,149.11,2367.5
902385,5006819,DHL,,,280.68,5188.4
902386,5001075,DHL Express,17-05-2024,18-05-2024,54.86,742.6
902387,5001227,Blue Dart,23-Aug-25,03-09-2025,359.35,6221.6
902388,5000053,Maersk,20-09-2025,12-10-2025,775.96,
902389,5008848,UPS,30-11-2023,04-12-2023,168.36,3180.1
902390,5001480,FedEx,23-03-2025,13-Apr-25,,9980.2
902391,5005789,FedEx,06-06-2023,21-06-2023,686.08,10459.1
902392,5001860,DHL Express,16-06-2025,18-06-2025,144.82,2156
902393,5003949,Maersk,01-02-2025,11-02-2025,625.82,9510.1
902394,5009528,DHL,17-12-2025,,209.55,4292.1
902395,5001820,DHL,18-10-2021,21-Oct-21,189.91,3118.6
902396,5006421,fedex,26-11-2024,29-11-2024,102.97,1795.6
902397,5002738,DHL,31-01-2025,20-02-2025,632.01,9267.9
902398,5001477,Blue Dart,25-06-2026,08-07-2026,352.91,6261.3
902399,5005013,FedEx,03-10-2023,,247.29,
902400,5010879,DHL Express,,,759.07,11054.5
902401,5010755,Blue Dart,15-02-2026,28-02-2026,372.93,7627.5
902402,5000879,UPS,25-02-2021,27-02-2021,103.37,1535.7
902403,5011362,DHL,12-05-2025,13-05-2025,12.75,120.5
902404,5005691,UPS,,,146.4,2823.9
902405,5007459,FedEx,24-03-2025,,714.08,11227.2
902406,5002447,DHL Express,23-10-2023,28-10-2023,249.58,3834.2
902407,5010961,FedEx,05-12-2024,06-12-2024,49.59,1041.1
902408,5002908,DHL Express,05-22-2025,06-06-2025,383.45,6909.4
902409,5001878,Maersk,16-08-2025,20-08-2025,185.2,3831
902410,5004459,Maersk,06-05-2025,10-05-2025,265.99,3812.1
902411,5004945,Blue Dart,10-10-2024,25-10-2024,419.97,7080
902412,5011816,UPS,19-10-2022,22-10-2022,116.01,2599.7
902413,5010415,DHL Express,24-02-2026,02-03-2026,261.59,5570.7
902414,5011389,FedEx,24-03-2022,05-04-2022,618.69,11099
902415,5010432,DHL,29-05-2026,06-17-2026,664.84,11740.1
902416,5002237,UPS,01-01-2025,08-01-2025,281.7,5457.4
902417,5010385,Maersk,,,603.73,10860.9
902418,5006526,Maersk,20-02-2025,05-03-2025,388.78,8595.9
902419,5010721,FedEx,14-10-2024,30-10-2024,603.42,10634.6
902420,5005364,FedEx,15-10-2024,05-11-2024,639.36,11210.6
902421,5007616,Blue Dart,04-26-2026,28-04-2026,98.01,1765.5
902422,5007307,Maersk,15-01-2025,28-01-2025,554.57,11870.7
902423,5004009,fedex,,,690.1,11111.3
902424,5009900,FedEx,21-04-2025,30-04-2025,546.14,8075.4
902425,5006433,fedex,28-05-2023,13-06-2023,422.6,9704.8
902426,5003117,DHL,17-11-2023,12-08-2023,511.94,10441.6
902427,5005175,DHL,15-11-2023,26-Nov-23,515.08,8492.8
902428,5010544,DHL Express,18-03-2024,26-03-2024,268.9,4841.7
902429,5001103,DHL Express,,,262.46,4872.3
902430,5004843,UPS,27-Mar-26,18-04-2026,577.89,11829.1
902431,5002714,DHL Express,02-02-2024,08-02-2024,263.19,4756.4
902432,5011269,Blue Dart,13-12-2024,19-12-2024,251.15,3866.2
902433,5004452,FedEx,02-08-2026,14-08-2026,,10755
902434,5007160,DHL,09-07-2021,11-07-2021,126.32,1899.7
902435,5001513,UPS,31-05-2026,05-Jun-26,159.18,2978.7
902436,5009436,fedex,05-02-2026,20-02-2026,505.07,8778.9
902437,5004475,FedEx,08-04-2025,24-04-2025,672.79,10828.9
902438,5009888,UPS,23-04-2025,06-05-2025,565.46,9792.7
902439,5003238,DHL,10-17-2023,18-10-2023,71.37,1135.5
902440,5005946,UPS,17-05-2023,29-05-2023,667.55,10685.1
902441,5009664,DHL,24-07-2025,10-08-2025,539.64,10451.2
902442,5011081,DHL Express,08-10-2025,18-10-2025,407.2,6151.1
902443,5005779,fedex,,,182.65,4321.1
902444,5011563,UPS,21-11-2021,,549.76,9270.6
902445,5008635,Maersk,28-01-2025,11-02-2025,589.84,10934.4
902446,5000818,DHL,05-09-2024,09-19-2024,272.79,6547
902447,5009268,Blue Dart,27-05-2026,07-06-2026,511.21,9482.6
902448,5010232,Maersk,30-07-2024,04-08-2024,174.23,2803.3
902449,5001897,UPS,19-Nov-24,,543.08,
902450,5005548,DHL,30-01-2025,16-02-2025,654.97,9273.1
902451,5007646,DHL Express,03-05-2026,19-05-2026,476.91,8250.3
902452,5005380,DHL,30-11-2025,02-12-2025,50.73,979.4
902453,5003720,FedEx,,,567.5,8937.1
902454,5000213,DHL,05-11-2023,13-11-2023,286.93,5169.6
902455,5008463,UPS,07-11-2023,20-07-2023,,5946.5
902456,5004043,Maersk,06-02-2026,17-02-2026,485.89,7354.5
902457,5001296,fedex,04-02-2024,05-02-2024,36.9,499.4
902458,5007736,Blue Dart,17-12-2025,01-Jan-26,689.92,10670.4
902459,5009986,fedex,14-05-2026,24-05-2026,283.59,5801.8
902460,5010678,fedex,05-07-2025,06-07-2025,44.38,868.4
902461,5007882,fedex,04-01-2025,17-01-2025,611.98,10331.1
902462,5002811,Maersk,09-09-2025,27-09-2025,686.74,11331
902463,5010741,Maersk,11-05-2026,,427.13,
902464,5003002,DHL Express,21-05-2026,22-05-2026,41.43,578.2
902465,5006370,Blue Dart,19-06-2025,06-30-2025,465.05,7683
902466,5009393,Maersk,22-01-2022,23-01-2022,21.1,280.8
902467,5005760,UPS,12-Dec-23,23-12-2023,473.59,6669.5
902468,5004609,DHL Express,23-05-2026,04-06-2026,514.4,8962.6
902469,5010545,UPS,27-Aug-25,18-09-2025,,11203.3
902470,5011047,DHL Express,18-10-2023,04-11-2023,392.76,9154.7
902471,5009853,Blue Dart,17-08-2025,01-09-2025,461.33,8100.9
902472,5007221,FedEx,10-02-2026,02-18-2026,200.73,3733.3
902473,5000754,Blue Dart,05-Nov-23,,249.89,5018.2
902474,5011692,DHL,12-03-2024,13-03-2024,35.81,428.1
902475,5010058,DHL Express,28-04-2024,15-05-2024,464.17,10037
902476,5006706,DHL,17-06-2026,18-06-2026,54.63,776.9
902477,5009329,DHL Express,,,561.93,8621.1
902478,5004233,FedEx,22-01-2025,23-01-2025,31.54,422.8
902479,5003651,Maersk,,,396.7,6006.3
902480,5010507,DHL,12-07-2023,20-07-2023,325.42,5347.3
902481,5001136,fedex,,,60.42,907
902482,5003495,UPS,24-06-2023,25-06-2023,53.18,1182.8
902483,5011714,UPS,,,,8856.3
902484,5000296,Blue Dart,16-04-2025,17-04-2025,35.93,434.9
902485,5001826,DHL Express,04-07-2025,14-07-2025,329.7,5914.7
902486,5008004,DHL,21-11-2025,01-12-2025,331.2,7613.3
902487,5008817,Blue Dart,20-09-2023,22-09-2023,151.6,2352.5
902488,5004558,FedEx,06-01-2025,22-01-2025,,8611.1
902489,5000131,fedex,07-05-2026,11-05-2026,250.8,3566.4
902490,5002231,UPS,,,507.73,8763
902491,5011952,FedEx,,,640.43,9500
902492,5004353,DHL Express,24-03-2026,31-03-2026,330.8,5915.3
902493,5010537,fedex,,,494.3,8576.1
902494,5005101,fedex,01-06-2025,03-06-2025,80.48,1802.7
902495,5007072,DHL Express,,,299.36,
902496,5009368,DHL,29-06-2024,30-06-2024,45.93,731.5
902497,5006902,fedex,,,137.12,2168.4
902498,5004554,UPS,23-02-2026,07-Mar-26,620.38,10860.7
902499,5007670,DHL Express,26-07-2024,08-08-2024,544.82,11594.8
902500,5005509,UPS,21-05-2025,26-05-2025,262.99,4432.4
902501,5005704,Blue Dart,,,3,130.4
902502,5007765,fedex,20-08-2024,21-08-2024,35.3,239.6
902503,5001990,DHL,01-Dec-24,12-12-2024,425.61,6799.8
902504,5004806,fedex,06-06-2026,18-06-2026,492.96,9510.7
902505,5006079,Maersk,12-02-2023,19-02-2023,169.63,3277.9
902506,5008205,Maersk,24-02-2024,08-03-2024,348.6,8174.6
902507,5005776,Blue Dart,25-04-2026,07-05-2026,446.35,8102.5
902508,5005355,DHL,07-05-2025,08-05-2025,40.52,473.7
902509,5001476,fedex,18-05-2026,05-28-2026,428.88,6344.7
902510,5000637,Maersk,02-20-2025,23-02-2025,164.48,2650.4
902511,5004458,DHL,04-Sep-25,13-09-2025,292.28,5371.8
902512,5004110,DHL Express,04-13-2026,14-04-2026,16.88,284.5
902513,5008370,FedEx,09-06-2026,25-06-2026,477.75,10497.5
902514,5010647,UPS,09-09-2021,14-09-2021,348.11,5099.6
902515,5008517,DHL Express,21-08-2025,29-08-2025,320.1,7194.4
902516,5002224,DHL,13-12-2022,24-12-2022,285.37,6206.4
902517,5001193,Blue Dart,03-04-2026,,579.31,8602.7
902518,5003123,DHL Express,16-04-2023,22-04-2023,200.11,3040.2
902519,5009068,Maersk,24-01-2026,07-02-2026,578.89,8223.7
902520,5011671,DHL,24-08-2025,09-09-2025,556.56,9095.1
902521,5000106,UPS,14-11-2023,02-12-2023,482.3,8357.4
902522,5004595,UPS,16-09-2025,09-17-2025,70.66,867
902523,5001728,DHL,24-05-2025,,448.8,7937.9
902524,5000815,fedex,02-05-2025,14-05-2025,402.6,6996.5
902525,5006145,DHL Express,19-09-2025,24-09-2025,218.6,3394
902526,5007986,FedEx,14-03-2026,18-03-2026,181.27,2886.6
902527,5009296,FedEx,20-10-2024,29-Oct-24,322.42,7330.3
902528,5007708,UPS,29-01-2026,06-02-2026,263.62,4746.1
902529,5011524,UPS,,,705.96,10704.9
902530,5010825,FedEx,04-10-2024,17-10-2024,540.54,8031.4
902531,5008953,Maersk,01-08-2025,12-08-2025,455.48,8056
902532,5009673,Blue Dart,25-10-2024,06-11-2024,753.25,11266
902533,5005409,fedex,26-04-2026,13-05-2026,671.2,11253.7
902534,5007889,Maersk,01-10-2025,28-10-2025,566.89,11676.1
902535,5011308,DHL,06-09-2025,14-09-2025,197.68,4127.2
902536,5001549,FedEx,,,514.71,9679.1
902537,5001882,fedex,17-10-2022,19-10-2022,108.6,1721.3
902538,5005864,DHL Express,08-07-2026,07-09-2026,23.69,114.6
902539,5007010,DHL Express,15-02-2026,21-02-2026,338.65,
902540,5011589,FedEx,15-01-2024,06-02-2024,525.28,9374.3
902541,5001873,UPS,01-02-2025,03-02-2025,122.43,
902542,5009151,DHL Express,,,713.66,11153.8
902543,5001981,fedex,06-09-2024,16-09-2024,209.86,4349
902544,5011994,FedEx,24-03-2024,08-04-2024,339.14,6964.8
902545,5006684,FedEx,16-09-2025,27-09-2025,442.86,10083.9
902546,5003351,Blue Dart,26-Oct-22,11-02-2022,386.52,5582.7
902547,5008477,fedex,08-06-2026,16-06-2026,312.88,6914.1
902548,5010803,DHL,15-10-2020,16-10-2020,54.13,964.8
902549,5009275,DHL Express,,,83.71,
902550,5005138,fedex,18-02-2026,27-02-2026,382.45,5549
902551,5001566,FedEx,01-10-2023,02-10-2023,37.36,597.1
902552,5006959,fedex,21-10-2025,02-11-2025,290.84,5740.9
902553,5010594,Maersk,,,53.91,1095.7
902554,5006650,UPS,03-07-2025,09-07-2025,121.22,2548.7
902555,5007062,fedex,23-10-2024,06-11-2024,506.02,7462.1
902556,5011391,Blue Dart,18-11-2023,01-12-2023,335.49,5499.3
902557,5008920,FedEx,21-09-2024,23-09-2024,139.58,2370.4
902558,5003528,DHL Express,,,390.79,7727.7
902559,5002985,Maersk,19-12-2022,,523.87,11123.8
902560,5001420,UPS,12-01-2026,29-01-2026,465.99,11506.7
902561,5006877,DHL Express,28-05-2026,29-05-2026,24.43,283.9
902562,5011587,DHL Express,16-08-2025,04-09-2025,621.18,11965.3
902563,5001095,fedex,04-26-2026,01-05-2026,162.19,2328.5
902564,5007655,Maersk,05-03-2026,26-03-2026,763,11308.3
902565,5010532,Maersk,10-10-2023,20-10-2023,311.25,6072.3
902566,5011539,DHL,,,493.38,9997
902567,5000470,Maersk,,,251.83,4494.8
902568,5007665,fedex,25-12-2025,26-12-2025,25.26,283
902569,5000118,fedex,24-01-2025,03-02-2025,,
902570,5007694,DHL,19-06-2026,06-22-2026,146.78,2398.9
902571,5004430,UPS,19-07-2026,30-07-2026,504.61,9376.7
902572,5005625,UPS,22-10-2025,12-Nov-25,425.28,9217.7
902573,5001812,UPS,18-05-2026,,269.03,5001.4
902574,5004977,Maersk,27-12-2023,28-12-2023,96.76,1368
902575,5003153,Maersk,25-08-2024,30-08-2024,301.16,4711.2
902576,5003776,DHL Express,20-02-2025,18-03-2025,529.17,10819.9
902577,5001233,Maersk,12-03-2026,29-03-2026,704.25,10932.6
902578,5010093,UPS,,,,9218.5
902579,5008368,fedex,16-05-2025,22-05-2025,145.58,2860
902580,5001240,fedex,10-04-2026,22-04-2026,,7331
902581,5005072,fedex,02-19-2023,21-02-2023,108.89,2096.5
902582,5009447,FedEx,06-25-2025,02-07-2025,312.26,5829.3
902583,5010478,DHL Express,22-08-2025,30-08-2025,259.17,4245.4
902584,5001935,DHL,02-02-2024,16-02-2024,556.2,7940.7
902585,5003290,DHL Express,03-Jul-26,17-07-2026,708.05,10756.8
902586,5009069,DHL,13-Apr-24,25-04-2024,768.13,11400.7
902587,5001928,FedEx,15-12-2023,17-12-2023,120.65,2279.8
902588,5002808,DHL,,,21.49,163.3
902589,5008238,fedex,30-03-2024,10-04-2024,451.6,
902590,5009393,UPS,25-01-2022,28-01-2022,164.51,2447.8
902591,5002523,DHL,20-12-2023,26-12-2023,273.7,4790.6
902592,5010267,fedex,,,351.7,6331.1
902593,5011246,DHL Express,16-12-2024,26-12-2024,230.29,5259.6
902594,5003489,DHL,22-02-2026,23-02-2026,12.34,149
902595,5003177,FedEx,,,21.82,76.3
902596,5009704,DHL Express,,,608.81,11753.4
902597,5011212,DHL Express,24-09-2024,25-09-2024,35.96,781.5
902598,5003934,DHL,18-Jul-26,19-07-2026,42.16,733.2
902599,5008084,Maersk,29-03-2024,06-04-2024,,7589.3
902600,5009117,FedEx,04-04-2023,15-04-2023,434.73,6941.1
902601,5008002,UPS,,,183.71,3927
902602,5008250,Blue Dart,19-02-2024,09-03-2024,767.83,10989.6
902603,5006173,fedex,29-01-2026,02-02-2026,247.57,3931
902604,5009480,fedex,20-12-2025,28-12-2025,329.34,6940.2
902605,5002821,DHL Express,12-12-2025,08-01-2026,469.5,11239.6
902606,5005660,DHL,12-12-2021,18-12-2021,214.32,3943.4
902607,5010026,DHL Express,20-01-2025,05-02-2025,408.68,7358.7
902608,5001340,Maersk,,,342.85,5831
902609,5009946,Blue Dart,,,24.95,298
902610,5010795,FedEx,,,194.88,2851
902611,5004802,FedEx,29-12-2024,30-12-2024,22.34,319.6
902612,5006739,DHL,12-05-2025,22-05-2025,386.85,8307.1
902613,5006133,Maersk,03-06-2026,15-06-2026,310.48,6713.4
902614,5008512,DHL,18-05-2024,23-05-2024,143.51,2961.7
902615,5008085,DHL Express,31-07-2025,,456.25,9324.4
902616,5002500,Maersk,05-01-2026,16-01-2026,290.21,4980.8
902617,5007747,fedex,06-03-2025,07-Mar-25,8.32,78.1
902618,5008538,FedEx,01-07-2025,09-07-2025,353.19,6385
902619,5008141,Blue Dart,04-08-2023,19-08-2023,406.3,8104.5
902620,5011787,Blue Dart,09-09-2023,21-Sep-23,496.72,10196.8
902621,5001152,Blue Dart,,,93.2,1243.3
902622,5006039,UPS,13-03-2023,21-03-2023,502.23,7407.3
902623,5008798,DHL Express,27-05-2024,,493.89,7042.2
902624,5008753,fedex,05-04-2025,25-04-2025,579.72,11808.1
902625,5005243,DHL Express,01-05-2022,03-05-2022,93.6,1382.7
902626,5004089,FedEx,28-11-2024,09-12-2024,364.24,8307.3
902627,5009691,DHL Express,,,385.97,6919.4
902628,5003054,DHL Express,19-12-2025,02-01-2026,401.96,9002.7
902629,5010242,Blue Dart,05-11-2025,12-May-25,32.93,356.6
902630,5007392,UPS,25-02-2024,02-03-2024,194.11,3311.2
902631,5002163,FedEx,18-04-2022,28-04-2022,383.2,8548.3
902632,5003238,UPS,,,227.47,5141.8
902633,5006160,Blue Dart,15-12-2025,16-12-2025,87.44,1155.1
902634,5005481,Blue Dart,28-06-2026,05-07-2026,267.56,5490.5
902635,5008135,DHL,12-11-2025,14-11-2025,69.09,1434.1
902636,5001490,Maersk,30-08-2025,09-10-2025,570.61,9653.5
902637,5007914,DHL,25-01-2025,08-02-2025,480.09,
902638,5011063,FedEx,25-03-2022,30-03-2022,225.12,
902639,5004785,DHL Express,08-08-2025,22-08-2025,645.88,10362.1
902640,5009497,Blue Dart,,,133.14,2203.9
902641,5002949,FedEx,04-Oct-25,05-10-2025,9.22,237.9
902642,5005671,FedEx,24-09-2025,09-10-2025,676.81,10583.6
902643,5005613,DHL Express,17-11-2023,28-11-2023,368.29,7973.6
902644,5008436,fedex,14-02-2025,01-03-2025,382.69,8318.3
902645,5009919,UPS,12-01-2025,23-01-2025,507.53,8848.4
902646,5004624,fedex,01-08-2026,08-08-2026,277.97,4423.8
902647,5002152,UPS,15-05-2025,01-06-2025,545.46,8073.3
902648,5009123,FedEx,08-08-2024,19-08-2024,305.46,6226.9
902649,5003371,Blue Dart,24-Jul-24,09-08-2024,734.39,10517
902650,5008513,FedEx,08-05-2025,05-17-2025,,7045.3
902651,5007280,Blue Dart,09-03-2025,20-09-2025,428.47,10519.7
902652,5007230,UPS,07-10-2025,25-10-2025,439.83,10364.5
902653,5009771,DHL,02-08-2025,13-08-2025,390.42,7788.5
902654,5005480,UPS,30-10-2025,14-11-2025,633.88,10841.1
902655,5007130,Maersk,25-02-2024,01-03-2024,270.59,5365.7
902656,5010847,DHL,17-07-2025,26-07-2025,295.79,6906.4
902657,5005480,Blue Dart,29-10-2025,14-11-2025,689.93,11066.1
902658,5011268,DHL Express,27-07-2025,28-07-2025,85.83,1547.9
902659,5007034,fedex,21-10-2021,24-10-2021,105.88,2348.6
902660,5001402,DHL,17-01-2026,29-01-2026,550.5,10185.2
902661,5007648,UPS,26-Feb-26,01-03-2026,153.45,2921.6
902662,5011429,UPS,06-01-2026,07-01-2026,52.87,720.6
902663,5007132,Blue Dart,02-Aug-25,15-08-2025,638.45,11625.1
902664,5000120,UPS,03-11-2025,14-11-2025,233.8,4789.4
902665,5011078,DHL,13-02-2026,,474.09,10317.9
902666,5005889,Blue Dart,04-06-2021,06-06-2021,85.09,1592.5
902667,5009739,UPS,,,291.52,7343.5
902668,5004708,Maersk,23-05-2025,05-06-2025,583.39,9074.2
902669,5004489,Maersk,08-17-2025,23-08-2025,368.53,5682.4
902670,5009614,Maersk,26-04-2025,05-05-2025,462.16,7202.6
902671,5009054,fedex,20-07-2026,25-07-2026,317.82,4839.4
902672,5001010,DHL Express,26-06-2024,11-07-2024,474.31,7604.7
902673,5004127,UPS,13-01-2026,,261.83,5337.9
902674,5004814,DHL Express,22-11-2023,27-11-2023,180.9,2803.7
902675,5011656,DHL,07-03-2024,03-08-2024,45.4,594.3
902676,5003580,DHL Express,05-01-2026,,,8881.8
902677,5002285,DHL,,,227.68,3706.7
902678,5010113,Maersk,31-07-2025,16-08-2025,589.78,10396.5
902679,5010318,FedEx,22-02-2026,07-03-2026,508.9,8927.6
902680,5003351,FedEx,27-10-2022,11-07-2022,651.63,9315.4
902681,5010633,UPS,15-01-2025,16-01-2025,5.4,68
902682,5007875,fedex,03-26-2022,31-03-2022,291.76,3994.4
902683,5004723,DHL,01-11-2025,18-11-2025,435.37,7943.4
902684,5009737,DHL,18-01-2025,26-01-2025,368.94,6810.6
902685,5010946,fedex,02-08-2026,13-08-2026,641.99,9683.6
902686,5007850,fedex,12-08-2024,17-12-2024,404.24,6528.6
902687,5001927,Blue Dart,23-11-2023,03-12-2023,619.28,8997.5
902688,5004782,Blue Dart,06-11-2024,07-11-2024,53.49,
902689,5009694,DHL Express,,,177.43,3959.1
902690,5009629,fedex,17-07-2025,06-08-2025,625.08,9319.6
902691,5011749,UPS,11-12-2025,23-12-2025,392.69,6214.9
902692,5006225,Maersk,14-04-2026,25-04-2026,495.56,7940.5
902693,5009564,DHL Express,01-08-2026,11-08-2026,197.24,4713
902694,5011444,UPS,08-05-2023,17-05-2023,343.98,5299.6
902695,5004952,FedEx,20-05-2026,,147.45,1996.1
902696,5008676,FedEx,15-02-2026,23-02-2026,358.71,5928.5
902697,5007813,FedEx,,,384.41,6965.5
902698,5002411,DHL,31-12-2025,,312.26,5462.4
902699,5002674,UPS,20-09-2024,29-09-2024,377.03,7752.1
902700,5003704,Blue Dart,15-06-2025,21-06-2025,387.97,5739.9
902701,5007365,DHL,13-02-2024,24-02-2024,454.77,8827.4
902702,5008069,fedex,31-05-2025,10-06-2025,347.07,7966.7
902703,5007978,DHL Express,02-06-2025,27-06-2025,454.69,10569
902704,5011532,Maersk,26-07-2026,27-07-2026,67.58,1192.1
902705,5011282,FedEx,15-12-2024,28-12-2024,268.07,6599.3
902706,5000830,fedex,30-03-2025,06-04-2025,343.42,6103.9
902707,5004104,FedEx,03-07-2026,15-07-2026,,
902708,5006779,fedex,07-04-2024,14-04-2024,261.86,5312.6
902709,5008727,DHL,11-04-2021,04-15-2021,245.46,4131.3
902710,5002934,FedEx,27-03-2023,13-04-2023,573.29,8176.1
902711,5002814,fedex,28-01-2024,14-02-2024,,10419.5
902712,5004648,Maersk,06-04-2024,08-04-2024,86.44,1456.5
902713,5002512,Maersk,25-07-2026,27-07-2026,87.34,1708.9
902714,5008532,UPS,26-12-2022,27-Dec-22,8.15,99.7
902715,5011578,FedEx,06-09-2025,19-09-2025,442.56,10625.3
902716,5011285,Maersk,12-11-2025,16-11-2025,132.57,2409.8
902717,5005644,UPS,,,344.61,8082.8
902718,5000689,DHL Express,26-03-2025,08-04-2025,401.26,7698.9
902719,5007240,UPS,,,729.08,10941
902720,5000188,Blue Dart,27-11-2025,15-12-2025,704.92,9986
902721,5002296,Maersk,,,458.07,9550.2
902722,5011594,fedex,21-05-2026,27-05-2026,365.22,
902723,5011293,UPS,18-09-2022,29-09-2022,300,6093.2
902724,5008038,Maersk,08-03-2025,12-03-2025,156,2993.3
902725,5002137,UPS,19-01-2025,20-01-2025,46.22,726.4
902726,5003911,fedex,14-03-2023,23-03-2023,342.23,5954.4
902727,5007330,Blue Dart,17-06-2024,28-06-2024,595.05,9951.9
902728,5007233,DHL Express,19-04-2025,14-05-2025,520.23,11617
902729,5011690,FedEx,14-03-2024,23-03-2024,315.08,7143.8
902730,5010322,Blue Dart,01-09-2025,07-09-2025,200.18,4203.8
902731,5007513,Blue Dart,01-09-2025,09-10-2025,521.68,7772.7
902732,5008492,DHL Express,21-05-2026,06-06-2026,439.9,7208.6
902733,5001053,UPS,19-11-2025,14-12-2025,493.36,10331.9
902734,5000659,DHL Express,14-12-2022,18-12-2022,181.67,3361.3
902735,5007741,UPS,15-07-2024,28-07-2024,560.84,8725.9
902736,5009923,DHL Express,14-10-2022,26-10-2022,755.41,10987.2
902737,5010862,Blue Dart,07-10-2025,11-10-2025,152.96,2132.2
902738,5006646,DHL Express,17-12-2024,18-12-2024,21.1,
902739,5011639,FedEx,13-01-2023,21-01-2023,317.16,7226.9
902740,5006853,UPS,25-02-2026,08-03-2026,408.79,7574.1
902741,5009555,UPS,26-04-2026,09-05-2026,457.02,8275.8
902742,5000242,DHL,30-07-2025,13-08-2025,664.8,11609.4
902743,5004895,FedEx,14-01-2023,15-01-2023,20.52,457.6
902744,5001271,DHL,01-07-2023,02-07-2023,34.58,395.1
902745,5009319,UPS,07-10-2022,10-10-2022,98.84,2020.9
902746,5000945,FedEx,13-05-2025,18-05-2025,279.29,3937.3
902747,5004814,Maersk,17-11-2023,26-11-2023,453.12,8275.4
902748,5004539,Maersk,20-01-2024,25-01-2024,206.52,3566.9
902749,5007938,UPS,,,59.36,1297.3
902750,5009926,Maersk,27-Jun-26,11-Jul-26,654.88,9762
902751,5010634,Blue Dart,09-03-2022,18-03-2022,392.16,6000.7
902752,5005365,DHL Express,09-04-2026,27-04-2026,775.66,11884.5
902753,5008934,Maersk,24-03-2023,29-03-2023,146.18,3127.8
902754,5004618,Blue Dart,,,149.26,3413.2
902755,5009887,Blue Dart,16-10-2024,31-10-2024,598.32,9509.2
902756,5009709,fedex,09-06-2022,,767.4,10876.4
902757,5005796,UPS,,,521.67,7778.9
902758,5005651,Maersk,08-09-2025,19-09-2025,534.04,
902759,5008674,UPS,07-Dec-24,19-12-2024,619.73,9592.2
902760,5002555,DHL,15-07-2025,29-07-2025,313.59,5984
902761,5009140,DHL Express,18-10-2023,02-11-2023,718.5,11373.3
902762,5005822,Maersk,09-11-2024,11-11-2024,162.84,2110.8
902763,5010296,Maersk,25-05-2026,14-Jun-26,556.05,11458.8
902764,5000668,Maersk,24-03-2025,03-04-2025,544.16,8102.3
902765,5009062,Blue Dart,12-09-2025,13-09-2025,38.39,604.3
902766,5010573,Blue Dart,18-07-2026,25-07-2026,320.22,5782
902767,5003350,Maersk,,,156.65,3250.1
902768,5001821,UPS,03-07-2024,11-07-2024,366.49,
902769,5001776,FedEx,,,429.72,8233.4
902770,5010483,Blue Dart,07-10-2025,10-10-2025,128.02,2856.5
902771,5005176,UPS,22-11-2022,11-24-2022,86.42,1686.2
902772,5008017,DHL,27-12-2025,30-12-2025,131.74,2179.1
902773,5010250,UPS,20-05-2025,06-06-2025,376.86,8919.5
902774,5007161,DHL Express,05-02-2024,02-15-2024,607.75,8756.7
902775,5003554,FedEx,13-07-2026,20-07-2026,311.14,5613
902776,5002470,UPS,,,,10282.3
902777,5010304,FedEx,24-09-2022,10-01-2022,358.43,6173.6
902778,5000266,fedex,,,453.41,7049.2
902779,5002621,Blue Dart,13-04-2023,14-04-2023,52.85,743.8
902780,5005289,fedex,09-06-2024,06-28-2024,493.99,8655.1
902781,5000907,FedEx,,,164.26,2665.9
902782,5004218,Maersk,22-08-2024,04-09-2024,368.1,7857.9
902783,5007393,UPS,13-03-2026,14-03-2026,47.8,672.9
902784,5011256,fedex,17-05-2024,23-05-2024,290.92,5270.9
902785,5007176,FedEx,22-10-2024,26-10-2024,266.34,3829.1
902786,5009586,FedEx,21-01-2025,24-01-2025,157.12,2230.2
902787,5005540,DHL,22-05-2026,31-05-2026,325.35,6722.7
902788,5002105,DHL,,,235.12,3322.8
902789,5002799,DHL,25-06-2026,02-07-2026,,4439
902790,5011201,fedex,18-07-2024,25-07-2024,341.53,6176.1
902791,5011358,fedex,15-May-25,28-05-2025,539.14,10194.2
902792,5009474,UPS,31-01-2024,01-02-2024,25.63,249.9
902793,5008166,FedEx,04-10-2024,14-10-2024,271.2,6406.4
902794,5006953,FedEx,27-05-2025,05-06-2025,215.76,5225
902795,5001192,Maersk,,,308.39,4437.3
902796,5005893,fedex,05-01-2025,16-01-2025,519.85,10251.5
902797,5010991,UPS,19-10-2021,,233.74,5520.6
902798,5006383,DHL Express,21-11-2024,,,9354.1
902799,5007717,Maersk,01-01-2025,13-01-2025,328.2,5510
902800,5000622,UPS,,,477.44,9828.5
902801,5003026,DHL Express,19-01-2026,27-01-2026,320.06,6688.2
902802,5011189,UPS,12-08-2024,21-08-2024,410.69,
902803,5000721,DHL,04-02-2022,06-02-2022,118.37,1591.6
902804,5006179,DHL,06-06-2025,17-06-2025,426.91,8216.3
902805,5002743,DHL Express,,,139.82,2245.2
902806,5004709,UPS,,,789.71,
902807,5004282,DHL Express,,,238.96,4352.7
902808,5001881,Maersk,,,482.72,9740.9
902809,5006576,Blue Dart,,,501.79,8782.3
902810,5003626,FedEx,15-03-2026,27-03-2026,528.15,10124.1
902811,5008437,UPS,01-10-2024,13-10-2024,235.19,5500.5
902812,5002033,fedex,,,445.21,7311.6
902813,5011348,Blue Dart,11-06-2024,13-11-2024,240.26,
902814,5003082,fedex,11-12-2024,,588.24,10410.7
902815,5010649,Blue Dart,13-07-2025,07-20-2025,151.1,3190.3
902816,5004577,FedEx,07-11-2025,11-08-2025,31.24,
902817,5002796,DHL,24-03-2025,01-04-2025,335.15,6588.6
902818,5006252,Blue Dart,01-12-2024,07-12-2024,327.32,4929.9
902819,5008157,DHL,11-04-2025,07-11-2025,172.33,3499.9
902820,5007629,DHL,02-12-2024,,356.12,7870.3
902821,5009658,FedEx,25-09-2024,27-09-2024,73.22,1354.3
902822,5011091,DHL,26-04-2025,11-05-2025,441.47,10095.7
902823,5011389,DHL,25-03-2022,26-03-2022,16.51,249.6
902824,5007459,UPS,28-03-2025,31-03-2025,111.44,1666.9
902825,5005220,Blue Dart,,,499.11,11579.2
902826,5011764,Blue Dart,,,494.55,9516.6
902827,5000695,DHL,20-Oct-21,06-11-2021,526.96,11095.9
902828,5007809,DHL Express,23-09-2024,24-Sep-24,,880.9
902829,5001231,fedex,10-06-2024,16-06-2024,376.56,5416.6
902830,5007545,UPS,,,731.97,11159.5
902831,5005458,DHL,21-04-2022,,11.15,32.8
902832,5006846,Blue Dart,27-Feb-24,16-03-2024,443.9,10924.6
902833,5011209,Maersk,12-03-2026,28-03-2026,484.88,8408.7
902834,5009479,fedex,03-18-2025,19-03-2025,67.38,1206.6
902835,5004932,DHL Express,10-19-2025,23-10-2025,149.52,2465.3
902836,5000736,DHL,15-May-26,04-06-2026,480.72,8882.1
902837,5011940,DHL,02-12-2022,,416.97,9661.5
902838,5002000,DHL,11-05-2025,25-05-2025,453.75,10603.5
902839,5005485,FedEx,31-10-2023,11-Nov-23,376.05,8446.7
902840,5009901,UPS,04-04-2023,15-04-2023,221.47,4951.1
902841,5009220,Maersk,,,135.4,2556.8
902842,5008114,Maersk,11-02-2026,18-02-2026,332.22,5155
902843,5003534,fedex,25-03-2026,11-04-2026,419.22,9914.8
902844,5008179,FedEx,03-07-2025,15-07-2025,267.41,5470.6
902845,5000427,DHL Express,29-07-2024,08-08-2024,376.73,5899.1
902846,5010552,DHL Express,,,499.9,8767.3
902847,5004200,FedEx,22-07-2026,06-08-2026,439.88,10156.9
902848,5001030,FedEx,,,286.71,6454.9
902849,5009003,DHL,10-09-2021,,526.33,10912.3
902850,5005980,DHL,12-08-2024,27-08-2024,415.66,9876.8
902851,5007855,Maersk,01-12-2024,05-12-2024,170.06,2632.2
902852,5010924,DHL,,,695.88,11714.6
902853,5004078,UPS,28-12-2025,01-02-2026,252.59,4095.1
902854,5006089,DHL Express,11-05-2024,16-05-2024,,4499.2
902855,5003814,fedex,19-03-2026,06-04-2026,630.45,9783.8
902856,5004078,UPS,24-12-2025,01-01-2026,372.75,6936.1
902857,5010351,Blue Dart,26-10-2024,30-10-2024,123.54,1938.6
902858,5009504,DHL Express,,,87.19,1750.8
902859,5003549,DHL Express,06-09-2022,09-10-2022,107.63,2150.3
902860,5011319,FedEx,20-03-2024,28-03-2024,430.26,7000.5
902861,5003987,DHL Express,11-03-2022,30-03-2022,558.39,9582.5
902862,5006141,fedex,04-10-2025,08-Oct-25,103.19,2123.5
902863,5000278,Maersk,10-12-2024,,431.14,8755
902864,5008652,UPS,02-10-2025,11-10-2025,493.5,7787.5
902865,5011351,FedEx,07-09-2025,10-09-2025,83.16,1730.5
902866,5008833,UPS,16-08-2025,17-08-2025,34.55,464.7
902867,5004707,FedEx,30-06-2026,13-07-2026,766.04,11498.5
902868,5005307,UPS,12-12-2025,27-12-2025,433.3,7405.9
902869,5000273,Blue Dart,28-11-2021,30-11-2021,110.86,1740.6
902870,5002429,DHL,12-02-2025,,256.68,5302.1
902871,5004857,FedEx,07-03-2025,19-03-2025,383.54,9158.1
902872,5001928,Blue Dart,17-12-2023,28-12-2023,368.85,
902873,5011221,UPS,21-11-2024,10-12-2024,573.12,9946.3
902874,5005543,fedex,18-02-2026,20-02-2026,77.85,1174.1
902875,5000149,DHL Express,03-07-2026,15-07-2026,636.07,9002.5
902876,5011047,DHL,,,447.98,9597.1
902877,5004801,DHL Express,07-09-2024,18-07-2024,382,6491
902878,5001956,UPS,09-09-2023,,176.9,3264.5
902879,5007430,fedex,21-04-2025,05-14-2025,595.46,11571.3
902880,5011135,DHL Express,23-Aug-24,03-09-2024,577.6,10316.7
902881,5007526,DHL Express,21-Apr-26,27-04-2026,188.2,3899.1
902882,5008286,DHL Express,22-Apr-26,23-04-2026,114.72,1508.6
902883,5000778,FedEx,14-09-2025,16-09-2025,103.52,2132
902884,5000615,FedEx,04-08-2023,08-Aug-23,192.37,3661.7
902885,5000952,DHL,12-07-2021,14-07-2021,63.29,974.6
902886,5006741,FedEx,18-03-2024,06-04-2024,473.72,10339.8
902887,5007303,DHL,10-19-2025,10-11-2025,634.76,11023.9
902888,5004719,DHL Express,21-10-2023,08-11-2023,674.06,10041
902889,5007211,DHL Express,05-Nov-21,01-12-2021,733.18,11719.8
902890,5007604,Blue Dart,11-03-2025,15-03-2025,241.89,3739.1
902891,5011527,fedex,22-05-2024,28-05-2024,,4727.7
902892,5001898,DHL,28-07-2026,30-07-2026,61.69,1049.1
902893,5000416,fedex,,,583.61,8947.7
902894,5002241,FedEx,10-12-2023,14-12-2023,230.04,3197.4
902895,5002763,UPS,20-09-2024,08-10-2024,567.67,
902896,5000737,Blue Dart,06-08-2024,15-08-2024,307.4,7096.9
902897,5007542,fedex,08-02-2026,02-22-2026,651.86,9963.2
902898,5007312,Maersk,17-03-2026,27-03-2026,503.92,8803.1
902899,5010135,FedEx,16-06-2026,26-06-2026,357.82,6319.7
902900,5000773,fedex,16-12-2024,25-12-2024,352.97,7647.8
902901,5004443,Maersk,19-12-2024,20-12-2024,30.58,674.9
902902,5001476,Blue Dart,23-05-2026,31-05-2026,316.06,7277.9
902903,5011687,DHL Express,05-10-2023,16-Oct-23,633.14,9835
902904,5005144,DHL,04-05-2023,07-05-2023,152.47,2492.5
902905,5004746,fedex,31-05-2023,04-06-2023,152.66,2216.6
902906,5006742,FedEx,14-10-2024,21-10-2024,170.89,3509.9
902907,5008138,FedEx,15-03-2026,02-04-2026,412.81,9068.7
902908,5010722,Blue Dart,05-12-2024,10-12-2024,100.79,2377.4
902909,5001838,Maersk,28-05-2024,06-07-2024,405.93,7776.6
902910,5007884,Maersk,06-03-2025,15-03-2025,403.55,7236.4
902911,5003007,UPS,18-08-2025,03-09-2025,334.28,7182.4
902912,5006421,FedEx,27-11-2024,30-11-2024,74.81,1425.9
902913,5001382,Blue Dart,06-10-2026,22-06-2026,685.89,11092.3
902914,5008713,Maersk,28-04-2023,06-05-2023,466.32,6764.1
902915,5000180,fedex,19-05-2025,07-06-2025,562.55,8210.7
902916,5003232,fedex,06-22-2026,04-07-2026,473.01,8063.2
902917,5001729,DHL,04-09-2025,25-09-2025,504.71,11675.2
902918,5006743,UPS,12-09-2025,19-09-2025,279.63,5981.2
902919,5002421,Maersk,08-04-2024,24-04-2024,556.92,11231.8
902920,5008632,FedEx,09-02-2026,15-02-2026,215.27,3017.2
902921,5005942,Blue Dart,,,250.16,5509.8
902922,5001895,DHL Express,30-04-2026,06-05-2026,214.67,3568
902923,5006498,DHL Express,08-06-2023,23-06-2023,439.68,8778.4
902924,5001240,fedex,09-04-2026,24-04-2026,478.58,6718.5
902925,5001096,DHL Express,11-09-2023,,661.79,11551.8
902926,5004664,FedEx,14-09-2024,16-09-2024,95.8,1637.8
902927,5001873,FedEx,03-02-2025,16-02-2025,546.08,10265.8
902928,5003258,FedEx,04-02-2024,11-02-2024,355.36,5216.2
902929,5003526,fedex,01-06-2025,13-06-2025,639.52,9162.2
902930,5009557,DHL,15-10-2025,,183.74,2532.6
902931,5005628,UPS,18-07-2026,06-08-2026,552.24,10242.9
902932,5002155,Maersk,03-10-2024,04-Oct-24,37.66,418.9
902933,5009002,FedEx,14-02-2026,23-02-2026,267.65,5101
902934,5001980,fedex,31-07-2025,09-08-2025,358.41,7926.9
902935,5001137,fedex,07-09-2025,,737.16,11524
902936,5009754,UPS,14-12-2025,17-12-2025,146.47,2017.5
902937,5010053,FedEx,,,445.95,9524.6
902938,5007332,DHL Express,12-16-2024,17-12-2024,46.76,456.7
902939,5005355,fedex,06-05-2025,10-05-2025,249.75,4096.9
902940,5008036,DHL Express,04-03-2025,14-03-2025,443.27,7723.8
902941,5010207,DHL,21-11-2024,23-11-2024,68.71,1191.2
902942,5007284,DHL Express,,,22.7,303
902943,5002370,DHL,,,318.92,7329.8
902944,5005023,UPS,06-15-2023,24-06-2023,425.84,6412.6
902945,5003692,Maersk,07-07-2023,12-07-2023,180.29,3154
902946,5010758,Blue Dart,09-02-2024,02-03-2024,697.57,10534.9
902947,5007777,UPS,13-09-2025,23-09-2025,361.55,7074.8
902948,5011192,Blue Dart,,,274.77,4498.4
902949,5011947,FedEx,01-01-2026,03-01-2026,,1017.1
902950,5011799,DHL Express,02-May-24,20-05-2024,356.69,8673.6
902951,5009068,UPS,26-01-2026,27-01-2026,18.54,257.7
902952,5010057,DHL Express,16-11-2024,19-11-2024,179.62,2716.8
902953,5004600,Maersk,,,357,5096.6
902954,5004330,Blue Dart,29-12-2025,01-03-2026,147.22,2378
902955,5005226,Blue Dart,15-05-2026,25-05-2026,657.17,9318.7
902956,5011976,fedex,19-03-2023,22-03-2023,142.07,2077.5
902957,5011146,Blue Dart,22-04-2026,05-01-2026,463.29,6945.2
902958,5004093,DHL Express,17-06-2026,20-06-2026,106.95,2546.6
902959,5000284,fedex,28-03-2023,30-03-2023,123.82,1791.1
902960,5006648,UPS,05-03-2026,07-03-2026,77.14,1638.7
902961,5001270,FedEx,19-05-2024,24-05-2024,196.14,4333.1
902962,5010703,FedEx,20-10-2022,,643.15,11602.2
902963,5002528,UPS,06-09-2025,25-09-2025,516.05,11257.5
902964,5003175,FedEx,,,261.07,5425.3
902965,5011072,Maersk,05-16-2024,17-05-2024,53.32,715
902966,5000025,DHL Express,05-06-2022,27-06-2022,632.98,10652.6
902967,5000889,fedex,18-03-2025,19-03-2025,5.75,110.9
902968,5003022,DHL,19-03-2026,20-Mar-26,,1737.3
902969,5010969,Maersk,03-02-2026,11-02-2026,381.47,6606.3
902970,5006874,FedEx,21-09-2023,07-10-2023,602.92,11343.7
902971,5009194,DHL Express,12-07-2023,,104.74,1732
902972,5002045,DHL,04-17-2024,18-04-2024,18.61,273.2
902973,5004056,FedEx,24-07-2024,28-Jul-24,130.14,1934.6
902974,5009184,DHL,,,368.36,6658.1
902975,5005356,DHL,31-10-2025,01-11-2025,74.27,1093
902976,5003551,FedEx,31-10-2022,15-Nov-22,,11724.4
902977,5000023,DHL Express,,,190.37,4478.4
902978,5003309,Blue Dart,19-02-2026,24-02-2026,171.35,3385.9
902979,5011044,DHL,09-09-2024,17-09-2024,404.74,
902980,5004944,Blue Dart,28-11-2022,19-12-2022,552.21,11008.7
902981,5003293,DHL Express,05-01-2026,07-01-2026,70.86,1142.6
902982,5007799,Maersk,22-08-2023,25-08-2023,157.82,3267.6
902983,5005495,fedex,11-09-2024,27-09-2024,636.44,10815.4
902984,5008335,DHL,28-07-2025,11-08-2025,381.42,8223.5
902985,5002617,fedex,17-06-2021,22-06-2021,120.29,2900.3
902986,5007000,DHL,01-03-2025,12-03-2025,352.91,5676.7
902987,5011783,DHL,05-09-2024,19-09-2024,531.27,11550.5
902988,5010641,fedex,05-02-2026,17-02-2026,673.3,9721.6
902989,5000827,UPS,,,,5990.9
902990,5011979,DHL,14-06-2022,29-06-2022,674.95,10193.5
902991,5010053,fedex,03-20-2026,28-03-2026,324.72,7120.8
902992,5009983,FedEx,04-10-2025,25-10-2025,738.26,11722.9
902993,5003755,DHL Express,13-06-2026,25-06-2026,626.57,9319.5
902994,5009300,Maersk,10-Jun-22,25-06-2022,422.46,7295
902995,5004198,FedEx,18-07-2025,28-07-2025,340.4,4995.7
902996,5002154,Blue Dart,12-08-2022,20-08-2022,282.93,4703.2
902997,5009321,fedex,10-03-2026,19-03-2026,364.43,6701.4
902998,5007116,Blue Dart,27-11-2022,09-Dec-22,492.79,7797.2
902999,5004092,DHL,,,420.07,6835.7
903000,5006172,DHL,09-21-2023,22-09-2023,61.61,780.4
903001,5008856,Blue Dart,05-08-2024,06-08-2024,77.16,1622.6
903002,5001946,DHL,27-01-2026,06-02-2026,444.23,8018.9
903003,5007720,Maersk,23-05-2021,,515.54,10544.2
903004,5003719,fedex,02-06-2021,16-06-2021,432.91,7886.7
903005,5010238,UPS,20-08-2025,14-09-2025,701.81,11978.4
903006,5009852,UPS,23-12-2024,09-01-2025,598.37,11257.7
903007,5010118,UPS,25-06-2025,26-06-2025,73.86,1232.5
903008,5006650,Blue Dart,01-07-2025,17-07-2025,585.24,11585.3
903009,5003765,fedex,04-04-2026,24-04-2026,535.75,10011.3
903010,5004466,fedex,02-03-2024,19-03-2024,498.23,10844.7
903011,5006959,DHL,10-24-2025,25-10-2025,69.28,920.6
903012,5007819,DHL Express,17-11-2025,,377.7,8503.5
903013,5005905,fedex,10-02-2024,02-03-2024,651.19,11850.2
903014,5010516,Blue Dart,28-09-2023,04-10-2023,,4052.4
903015,5000563,Maersk,24-09-2025,09-28-2025,208.68,3226.4
903016,5004578,Blue Dart,26-02-2023,05-03-2023,409.82,6570.9
903017,5009413,UPS,07-05-2024,13-05-2024,322.5,4952.3
903018,5003880,UPS,28-Jul-25,06-08-2025,441.02,
903019,5007519,Blue Dart,17-03-2023,31-03-2023,549.41,11442.5
903020,5003884,DHL Express,07-Jul-25,15-Jul-25,318.69,4432.3
903021,5004079,fedex,29-07-2025,05-08-2025,236.53,
903022,5000143,FedEx,18-05-2024,20-05-2024,64.71,1263.5
903023,5006156,DHL,31-01-2026,05-02-2026,231.76,3604.2
903024,5003817,UPS,23-07-2024,30-07-2024,245.73,4309.6
903025,5010116,Maersk,,,328.54,6137
903026,5001899,Maersk,04-09-2025,15-09-2025,295.56,4656.4
903027,5002980,DHL,06-04-2026,14-04-2026,398.19,
903028,5009046,UPS,25-03-2026,02-04-2026,452.97,6970.5
903029,5006221,fedex,,,236.2,3439.6
903030,5003476,fedex,07-12-2025,13-12-2025,,4344
903031,5007903,fedex,06-19-2024,03-07-2024,344.44,6321.7
903032,5000562,DHL Express,09-06-2026,19-06-2026,375.88,7534.8
903033,5006277,Blue Dart,07-07-2025,12-07-2025,236.72,4216.1
903034,5003709,DHL,07-05-2024,20-05-2024,522.62,9280.7
903035,5009675,FedEx,17-03-2025,27-03-2025,370.73,6823.2
903036,5001435,Maersk,14-09-2023,,183.11,3754.8
903037,5003286,DHL,20-Apr-26,25-04-2026,202.26,2715.3
903038,5006059,DHL,26-12-2025,05-01-2026,275.2,5436.7
903039,5002985,DHL,18-12-2022,01-01-2023,638.03,10421.3
903040,5007153,fedex,19-04-2024,,22.12,547.3
903041,5002583,DHL Express,24-08-2022,08-26-2022,115.73,2343.1
903042,5004473,Maersk,02-03-2024,03-03-2024,9.17,8
903043,5002718,DHL,19-02-2026,03-03-2026,589.61,10453.7
903044,5003353,fedex,07-10-2025,10-10-2025,149.62,2141.6
903045,5009611,FedEx,06-Oct-25,20-10-2025,583.83,9271.2
903046,5000748,fedex,24-08-2024,08-30-2024,215.28,4592.9
903047,5000586,fedex,15-10-2025,26-10-2025,225.93,5345
903048,5001061,Blue Dart,12-09-2022,,189.41,3139
903049,5000045,Blue Dart,27-10-2025,06-11-2025,236.16,5776.9
903050,5002507,Maersk,17-08-2025,24-08-2025,241.82,5048.5
903051,5004660,UPS,13-09-2025,23-09-2025,,
903052,5010551,FedEx,11-05-2023,12-05-2023,35.3,449.7
903053,5000561,Blue Dart,16-02-2026,04-03-2026,653.29,11335.9
903054,5010837,DHL Express,18-04-2026,01-05-2026,457.47,7068.3
903055,5005736,Blue Dart,29-Jul-24,11-08-2024,,11456.9
903056,5000297,UPS,28-08-2025,02-09-2025,176.69,3449.2
903057,5008922,DHL,,,390.17,7769.8
903058,5007865,Blue Dart,18-07-2025,21-07-2025,125.44,2717
903059,5009472,FedEx,,,629.24,11203.6
903060,5009629,Blue Dart,16-07-2025,17-07-2025,73.62,888.6
903061,5006661,Maersk,03-02-2026,02-15-2026,589.82,11416.1
903062,5005919,Blue Dart,28-07-2025,15-08-2025,490.22,10059
903063,5001037,Blue Dart,22-02-2026,27-02-2026,234.38,3676.7
903064,5006890,Maersk,05-11-2025,06-11-2025,45.24,611.1
903065,5007842,FedEx,23-09-2025,,107.83,1537.8
903066,5008979,Maersk,22-08-2023,04-09-2023,802.04,11345.9
903067,5006364,UPS,17-08-2024,28-08-2024,253.03,5173.6
903068,5010209,UPS,24-04-2026,28-04-2026,149.02,3708
903069,5008422,Blue Dart,18-10-2025,19-10-2025,9.42,92.6
903070,5011933,DHL Express,12-01-2024,27-01-2024,650.56,10301.4
903071,5007257,DHL,29-11-2024,24-12-2024,712.19,11272.5
903072,5010709,fedex,20-12-2024,30-12-2024,433.5,7300.4
903073,5009426,UPS,21-07-2026,01-08-2026,538.74,7748.7
903074,5011303,fedex,,,316.8,6184.9
903075,5004769,FedEx,16-03-2026,24-03-2026,253.8,4998.6
903076,5011218,UPS,22-07-2025,25-07-2025,96.83,
903077,5003702,Maersk,15-06-2024,06-07-2024,634.93,10826.4
903078,5001981,UPS,03-09-2024,09-09-2024,191.38,3972.6
903079,5007803,fedex,,,539.12,10202.9
903080,5004506,FedEx,01-12-2025,,391.57,7606.4
903081,5004433,Blue Dart,01-01-2026,09-01-2026,319.15,6581.9
903082,5005371,Blue Dart,05-12-2023,,756.86,10873.6
903083,5010572,fedex,22-05-2026,01-06-2026,445.14,8843.1
903084,5008378,fedex,19-08-2023,31-08-2023,499.38,8905.3
903085,5005492,UPS,12-28-2022,,256.06,4766.1
903086,5001277,UPS,20-09-2025,22-09-2025,126.83,2397.5
903087,5011255,Blue Dart,23-02-2026,20-03-2026,726.37,10553.2
903088,5002846,DHL Express,29-03-2026,04-03-2026,340.8,
903089,5002300,Blue Dart,05-11-2025,,409.02,
903090,5006897,FedEx,28-Feb-23,02-03-2023,100,1769.5
903091,5007515,fedex,21-05-2026,18-06-2026,483.29,11872.5
903092,5003713,DHL Express,08-09-2023,18-08-2023,333.43,5554.9
903093,5009285,Maersk,27-12-2021,02-01-2022,175.35,3169.6
903094,5004933,Maersk,08-May-26,14-05-2026,,5767.9
903095,5003900,fedex,20-02-2025,21-02-2025,28.18,391.4
903096,5001550,UPS,24-05-2021,15-06-2021,683.97,10672.7
903097,5011467,DHL,27-02-2026,,451.76,8799.9
903098,5006710,DHL,18-02-2021,,122.49,2027.1
903099,5003491,UPS,07-01-2026,15-01-2026,189.26,3644.7
903100,5001741,FedEx,18-Jun-25,20-06-2025,94.77,
903101,5003671,Blue Dart,28-01-2026,29-Jan-26,60.28,1015.9
903102,5006469,Blue Dart,31-03-2024,10-04-2024,603.4,9131.7
903103,5000506,fedex,01-09-2025,03-09-2025,120.38,2395.7
903104,5010086,Blue Dart,,,235.51,3667.9
903105,5001262,DHL,22-08-2024,06-09-2024,344.42,7200.1
903106,5004455,Blue Dart,26-10-2025,06-11-2025,443.17,9235.6
903107,5007074,fedex,18-12-2023,,335.72,7739.3
903108,5008863,DHL Express,29-01-2025,09-02-2025,598.5,10599.6
903109,5008162,Maersk,03-03-2024,01-04-2024,722.07,11763.5
903110,5006187,DHL Express,04-06-2024,16-06-2024,,7518.5
903111,5001340,FedEx,23-08-2024,25-08-2024,103.86,1869.1
903112,5007068,DHL,18-02-2026,03-03-2026,795.54,11606
903113,5010663,fedex,08-04-2026,16-04-2026,291.62,5374.2
903114,5005785,UPS,03-07-2026,06-07-2026,112.68,2517.4
903115,5001537,fedex,12-Aug-25,22-08-2025,430.46,7612.7
903116,5006486,DHL Express,23-08-2025,05-09-2025,385.6,7686.2
903117,5005371,DHL Express,04-12-2023,10-12-2023,257.94,5127.5
903118,5007826,fedex,,,387.76,5900.3
903119,5008269,UPS,01-02-2025,11-02-2025,225.83,4924.1
903120,5007501,fedex,18-12-2022,23-12-2022,164.32,2426.2
903121,5006048,Blue Dart,12-12-2023,,325.96,7567
903122,5010674,FedEx,02-12-2021,03-12-2021,25.91,238.2
903123,5000828,UPS,,,322.36,5626.7
903124,5009168,Blue Dart,08-03-2026,26-03-2026,555.46,11002.9
903125,5008379,Maersk,29-11-2025,02-12-2025,177.18,2581.9
903126,5004977,DHL Express,25-12-2023,06-01-2024,702.08,10744.1
903127,5008764,DHL,17-07-2026,22-07-2026,155.56,2592
903128,5002329,Blue Dart,28-05-2023,08-06-2023,,10013.3
903129,5006821,Maersk,18-01-2025,01-21-2025,155.8,3218.2
903130,5009255,fedex,25-11-2025,06-12-2025,351.97,6051.6
903131,5010141,DHL Express,13-11-2023,24-11-2023,441.75,9232.7
903132,5006009,DHL Express,08-07-2025,22-07-2025,371.1,8038.8
903133,5000440,FedEx,07-09-2021,11-09-2021,111.92,2577
903134,5004191,DHL Express,02-21-2025,24-02-2025,119.6,1780
903135,5001669,fedex,,,699.86,10103.6
903136,5003542,Maersk,21-11-2022,29-11-2022,291.64,4771.1
903137,5000834,DHL,,,59.01,820.1
903138,5003636,FedEx,15-02-2026,18-02-2026,87.37,1237
903139,5005545,Blue Dart,23-05-2024,05-24-2024,,297.4
903140,5002526,UPS,07-18-2025,19-07-2025,64.84,889.1
903141,5007866,DHL Express,12-07-2026,25-07-2026,654.73,9467.4
903142,5000879,Maersk,24-02-2021,09-03-2021,,11449.6
903143,5009780,DHL,29-06-2024,15-07-2024,409.81,8622.8
903144,5010057,DHL Express,16-11-2024,30-11-2024,310.6,7009.9
903145,5008788,UPS,30-12-2024,05-01-2025,180.74,3309.4
903146,5008443,UPS,21-02-2022,07-03-2022,690.53,10919.8
903147,5009461,fedex,,,298.84,5155.1
903148,5010751,DHL,19-01-2024,20-01-2024,11.7,159.5
903149,5003846,UPS,22-11-2025,04-12-2025,465.89,6719.6
903150,5009451,Blue Dart,24-02-2026,26-02-2026,98.16,1191.1
903151,5003825,DHL,03-Jun-22,04-06-2022,67.78,942.1
903152,5010289,DHL,10-10-2021,24-10-2021,496.95,11264.1
903153,5010524,UPS,27-05-2025,13-06-2025,400.57,7696.5
903154,5005274,DHL Express,29-04-2024,09-05-2024,399.03,9255.8
903155,5005631,Blue Dart,13-03-2021,15-03-2021,98.67,1486.8
903156,5010647,Blue Dart,12-09-2021,26-09-2021,605.11,8863.6
903157,5005268,DHL Express,31-12-2024,,94.63,1776.3
903158,5000364,DHL,25-08-2024,14-09-2024,583.89,11972.4
903159,5003469,FedEx,18-04-2025,01-05-2025,600.2,
903160,5007771,Maersk,04-07-2024,20-07-2024,669.08,11595
903161,5003704,fedex,15-06-2025,19-06-2025,167.48,2900.3
903162,5003453,Maersk,26-07-2026,08-11-2026,513.28,8700
903163,5001032,DHL Express,11-03-2025,22-03-2025,301.1,7188.5
903164,5002409,Blue Dart,06-07-2024,08-07-2024,130.28,1884
903165,5000552,fedex,20-09-2024,26-09-2024,313.63,4875.3
903166,5002597,DHL Express,10-06-2025,12-06-2025,92.71,
903167,5007774,Blue Dart,01-12-2024,14-12-2024,251.77,6013.1
903168,5003063,DHL Express,07-11-2025,10-11-2025,164.37,3203.2
903169,5010919,UPS,30-03-2023,18-04-2023,550.22,11940.8
903170,5007437,Blue Dart,28-05-2026,01-06-2026,115.62,2728
903171,5002438,Maersk,10-08-2025,17-08-2025,278.93,3958.6
903172,5009878,Blue Dart,,,291.74,5174.9
903173,5005630,DHL,27-02-2026,28-02-2026,93.97,1220.9
903174,5000094,FedEx,22-05-2026,28-05-2026,152.84,3076.4
903175,5001938,UPS,,,173.68,2451.1
903176,5008308,Blue Dart,18-12-2025,26-12-2025,261.81,4927.9
903177,5007898,fedex,09-09-2021,18-09-2021,592.23,8845.7
903178,5005407,Blue Dart,10-09-2025,09-22-2025,559.24,9631.3
903179,5004379,fedex,18-Sep-24,06-10-2024,443.11,8251.5
903180,5000252,UPS,29-01-2025,06-02-2025,286.26,6955.7
903181,5004155,DHL Express,,,95.42,1458.2
903182,5011344,Blue Dart,03-24-2026,03-04-2026,432.34,8772.7
903183,5009167,DHL Express,06-06-2024,09-06-2024,116.93,1844.3
903184,5001377,DHL,26-08-2023,09-09-2023,443.76,6990.8
903185,5007795,DHL,21-07-2025,04-08-2025,400.33,7688
903186,5001746,UPS,20-09-2024,28-09-2024,227.88,4220.5
903187,5006096,UPS,21-01-2022,22-01-2022,62.93,1077.6
903188,5004255,fedex,11-02-2024,01-03-2024,621.92,9767.4
903189,5009791,fedex,06-07-2025,11-07-2025,291.86,4328.8
903190,5000925,Blue Dart,26-04-2025,06-05-2025,276.08,5516.7
903191,5006073,Maersk,06-12-2023,18-12-2023,485.93,8034
903192,5002391,fedex,29-May-26,22-06-2026,778.99,11463.7
903193,5004364,UPS,,,488.96,7042.1
903194,5011298,UPS,22-01-2024,27-01-2024,174.86,3840.9
903195,5002067,Maersk,20-07-2026,21-07-2026,13.51,134
903196,5003550,Blue Dart,06-02-2022,19-02-2022,586.58,
903197,5011388,Blue Dart,01-07-2026,03-07-2026,,1014.9
903198,5005843,DHL Express,08-02-2025,18-02-2025,625.84,8982.7
903199,5003319,Maersk,04-05-2023,11-05-2023,170.38,3184.2
903200,5003883,FedEx,11-08-2023,19-08-2023,322.52,5129.2
903201,5008652,DHL,29-09-2025,03-10-2025,,4051.3
903202,5004222,Blue Dart,,,62.46,967.1
903203,5002081,UPS,15-Aug-25,08-28-2025,698.08,10125.8
903204,5011722,fedex,13-01-2025,28-01-2025,686.61,11514.6
903205,5004503,UPS,14-01-2025,27-01-2025,561.8,10933.3
903206,5002977,Blue Dart,31-12-2024,11-01-2025,500.39,7642.8
903207,5001650,fedex,09-23-2025,01-10-2025,212.3,4513.6
903208,5003733,Blue Dart,13-04-2023,26-04-2023,467.59,9684.1
903209,5011864,UPS,03-04-2026,21-04-2026,471.37,9778
903210,5005991,UPS,19-05-2024,20-05-2024,25,311.1
903211,5010022,FedEx,07-09-2025,19-09-2025,467.02,7142.1
903212,5011223,Blue Dart,,,93.23,
903213,5010567,fedex,,,270,4006.1
903214,5001093,DHL Express,23-07-2024,25-07-2024,136.13,1985.8
903215,5006396,Maersk,02-08-2026,07-08-2026,171.12,3744.7
903216,5003967,Maersk,05-01-2022,07-01-2022,81.26,1525.2
903217,5009927,FedEx,08-05-2022,04-06-2022,734.89,11775.6
903218,5009160,FedEx,29-03-2026,16-04-2026,771.95,11130.1
903219,5003436,Blue Dart,,,200.47,2773.7
903220,5007955,DHL Express,15-10-2023,,309.54,6342.5
903221,5004890,Maersk,02-03-2026,05-03-2026,71.29,1436.9
903222,5006211,Maersk,10-02-2024,19-02-2024,285.72,7005.2
903223,5007400,UPS,05-12-2024,,714.71,10548.8
903224,5008695,UPS,,,489.89,8238.2
903225,5004480,UPS,,,576.79,8313
903226,5007842,UPS,25-09-2025,01-10-2025,262.55,4982
903227,5005106,FedEx,16-10-2025,10-29-2025,583.94,10233.3
903228,5001527,FedEx,13-10-2024,20-10-2024,165.66,3717.9
903229,5007327,UPS,17-02-2026,04-03-2026,549.35,8951.4
903230,5009097,UPS,23-03-2025,01-04-2025,498.88,8571.1
903231,5005424,DHL Express,04-11-2024,17-11-2024,580.87,11132.1
903232,5000239,DHL Express,02-06-2026,07-Jun-26,199.45,4331.2
903233,5006786,DHL,08-02-2025,13-02-2025,275.49,4110.5
903234,5000750,Maersk,23-06-2026,08-07-2026,363.87,8065.5
903235,5008292,Blue Dart,14-03-2022,26-03-2022,338.42,6919.6
903236,5010104,Maersk,07-10-2025,21-10-2025,605.17,9597.6
903237,5005265,fedex,,,141.01,2578.5
903238,5011841,Blue Dart,14-Jun-26,27-06-2026,,10141.3
903239,5011650,DHL Express,25-02-2026,10-03-2026,548.04,10047.3
903240,5006921,Maersk,11-11-2025,14-11-2025,108.76,1733.7
903241,5008287,UPS,18-07-2024,23-07-2024,290.16,4356.4
903242,5005172,Blue Dart,12-12-2024,13-12-2024,49.32,713.2
903243,5007914,Blue Dart,26-01-2025,03-02-2025,342.62,7805.4
903244,5005007,DHL Express,29-03-2024,06-04-2024,343.55,7359.2
903245,5000273,Blue Dart,28-Nov-21,12-09-2021,448.23,8452.2
903246,5008518,DHL Express,30-12-2025,,114.98,2711.2
903247,5003465,FedEx,10-Aug-24,18-08-2024,274.74,4875.3
903248,5009143,DHL Express,07-06-2026,13-Jun-26,245.63,4871.6
903249,5011405,DHL Express,03-Jan-25,01-04-2025,12.47,72.2
903250,5005364,UPS,17-10-2024,20-10-2024,151.96,2423.3
903251,5005744,DHL Express,12-11-2023,13-11-2023,105.04,1474.9
903252,5008632,UPS,11-02-2026,18-02-2026,185.29,3474.3
903253,5010864,FedEx,02-01-2025,16-01-2025,294.35,6436
903254,5006539,fedex,28-07-2023,09-08-2023,374.08,6716.5
903255,5007409,Maersk,14-07-2025,15-07-2025,30.59,365.1
903256,5006649,DHL Express,26-09-2025,29-09-2025,119.44,1854.5
903257,5001140,fedex,09-01-2026,19-01-2026,492.95,9581
903258,5001773,FedEx,27-05-2025,,212.13,3428.3
903259,5002945,fedex,12-11-2022,16-11-2022,194.12,2959.3
903260,5010889,DHL,11-Jan-24,12-01-2024,10.54,35
903261,5010394,Maersk,23-09-2025,,234.67,5235.3
903262,5000296,DHL,13-04-2025,,462.1,6756.4
903263,5002330,UPS,30-03-2026,03-04-2026,183.46,2821.7
903264,5003097,DHL,16-03-2023,23-03-2023,320.21,6360.6
903265,5007501,Blue Dart,17-12-2022,24-12-2022,290.16,4256.6
903266,5004918,DHL Express,13-01-2026,29-01-2026,513.23,9620.6
903267,5004049,FedEx,26-10-2025,16-11-2025,516.92,10262.8
903268,5003430,UPS,25-07-2025,13-08-2025,372.74,8337
903269,5009384,Blue Dart,16-04-2026,17-04-2026,110.85,1475
903270,5011409,DHL Express,,,714.8,10954.7
903271,5000887,fedex,08-07-2023,21-07-2023,328.68,6274.5
903272,5009410,Blue Dart,,,515.46,
903273,5011923,Maersk,14-11-2024,19-11-2024,193.07,3967.7
903274,5007596,Blue Dart,15-10-2023,20-10-2023,203.81,3928.4
903275,5008233,DHL,23-06-2025,24-06-2025,75.97,1119.8
903276,5005171,UPS,03-05-2026,19-05-2026,704.23,10619.1
903277,5010439,UPS,27-08-2022,10-09-2022,321.56,7509.1
903278,5003326,fedex,17-03-2023,03-04-2023,505.24,9621.1
903279,5003499,Maersk,11-09-2023,,438.6,8358.5
903280,5002781,Maersk,22-07-2025,30-07-2025,213.61,4826.2
903281,5003984,DHL,04-02-2026,,9.77,118.9
903282,5011094,Maersk,11-01-2026,28-01-2026,674.48,11196.2
903283,5007834,fedex,03-02-2026,05-02-2026,75.32,1508.2
903284,5010043,Blue Dart,17-12-2025,14-Jan-26,764.79,11541.3
903285,5006664,FedEx,28-05-2025,03-06-2025,314.91,4697.4
903286,5004737,Blue Dart,12-08-2024,16-Aug-24,179.27,2904.3
903287,5003758,UPS,08-02-2025,22-02-2025,620.76,10529.5
903288,5008873,Maersk,26-02-2024,10-03-2024,645.53,10949.1
903289,5006615,DHL Express,08-10-2025,09-10-2025,62.39,1340.6
903290,5004671,Maersk,08-11-2025,11-18-2025,338.57,7357
903291,5003576,Maersk,,,149.98,2822.4
903292,5000920,UPS,17-08-2023,08-25-2023,180.76,3957
903293,5006220,FedEx,31-12-2024,11-01-2025,461.68,8110.6
903294,5006704,Maersk,,,576.98,8415.5
903295,5009265,Maersk,17-08-2025,21-08-2025,109.01,1743
903296,5007030,DHL,09-07-2025,20-07-2025,329.01,8128.2
903297,5010845,FedEx,26-12-2024,04-01-2025,237.63,5639.1
903298,5000897,FedEx,19-11-2023,25-11-2023,227.03,4247.7
903299,5006765,DHL,27-12-2021,01-03-2022,271.41,5430.6
903300,5011177,DHL,14-Apr-25,15-04-2025,37.39,471.7
903301,5009090,Blue Dart,,,140.07,2701.9
903302,5000322,Maersk,05-02-2023,14-02-2023,266.29,4656.4
903303,5001893,UPS,07-11-2022,18-11-2022,383.73,6863.6
903304,5008446,DHL,18-03-2023,28-03-2023,608.27,9575.4
903305,5008093,Maersk,11-04-2026,26-04-2026,640.94,9474.3
903306,5008592,fedex,,,32.49,524
903307,5000472,DHL,16-10-2025,17-10-2025,75.17,1246.9
903308,5002307,fedex,27-08-2023,09-09-2023,511.27,9885.6
903309,5003482,Maersk,10-05-2024,14-05-2024,176.57,3469.4
903310,5009530,Blue Dart,31-Mar-23,08-04-2023,224.05,4140.6
903311,5011439,fedex,21-08-2025,28-08-2025,257.92,5499.8
903312,5007712,DHL Express,14-04-2025,24-04-2025,250.26,5670.2
903313,5004557,DHL Express,03-02-2026,05-03-2026,126.48,1910.8
903314,5006480,fedex,02-07-2026,11-07-2026,,3842.2
903315,5002797,DHL Express,19-05-2026,30-05-2026,564.75,8284
903316,5001105,Blue Dart,05-05-2023,07-05-2023,113.4,2484.5
903317,5003527,fedex,13-02-2026,02-18-2026,236.09,4666
903318,5007814,fedex,10-01-2026,28-01-2026,602.25,8867.9
903319,5000507,fedex,23-09-2025,24-09-2025,57.66,1080
903320,5003759,fedex,15-09-2023,22-09-2023,193.57,4078.2
903321,5006568,fedex,25-04-2023,03-May-23,267.64,4061.3
903322,5007319,Maersk,23-02-2026,08-03-2026,626.64,
903323,5000801,Blue Dart,,,635.6,11283.1
903324,5009142,fedex,04-07-2025,15-07-2025,452.38,6716.5
903325,5006202,UPS,22-02-2026,05-03-2026,547.09,10109.4
903326,5002340,Blue Dart,27-03-2026,06-04-2026,317.51,6853.2
903327,5007453,DHL,20-07-2022,04-08-2022,433.57,8112.9
903328,5011102,DHL,03-11-2025,13-11-2025,490.54,7589.5
903329,5011121,FedEx,08-11-2025,11-12-2025,170.52,2968.9
903330,5005914,Maersk,03-08-2023,15-08-2023,342.84,6312
903331,5001434,fedex,21-Jul-25,22-07-2025,85.5,1308.9
903332,5001037,FedEx,22-02-2026,03-09-2026,562.97,8611.8
903333,5003642,Blue Dart,13-09-2025,17-09-2025,158.89,2751.2
903334,5003122,fedex,09-09-2025,19-09-2025,360.99,8798.4
903335,5010293,FedEx,28-04-2026,13-05-2026,390.83,8294.4
903336,5010284,fedex,02-06-2021,25-06-2021,687.08,10467.7
903337,5007232,Maersk,11-01-2026,25-01-2026,705.93,9999.7
903338,5001656,FedEx,23-04-2024,14-05-2024,474.49,10306.1
903339,5002894,DHL Express,27-04-2026,12-05-2026,351.94,8212.3
903340,5000028,fedex,12-11-2025,25-11-2025,403.97,8307.5
903341,5005729,Blue Dart,18-05-2025,06-06-2025,693.31,11158
903342,5006556,UPS,12-12-2024,18-12-2024,,2550.1
903343,5004598,DHL Express,23-06-2025,01-07-2025,339.76,5308.6
903344,5009203,UPS,03-10-2024,03-04-2024,546.99,11378.6
903345,5002838,Blue Dart,07-05-2026,17-05-2026,300.96,5140
903346,5008924,UPS,,,369.36,5665.8
903347,5005317,FedEx,14-12-2024,21-12-2024,352.6,4968.2
903348,5007142,fedex,23-04-2022,06-05-2022,490.64,9379.7
903349,5010548,fedex,29-04-2023,20-05-2023,524.94,11317.1
903350,5003364,DHL Express,22-08-2025,,,4407.6
903351,5002322,Maersk,,,36.93,554.3
903352,5007731,DHL Express,12-08-2023,18-12-2023,317.04,4669.1
903353,5008184,fedex,08-08-2025,12-08-2025,,3560.4
903354,5002503,Maersk,01-05-2022,09-05-2022,299.71,6683.2
903355,5003051,UPS,11-12-2025,24-12-2025,661.35,10447
903356,5005102,DHL Express,,,439.22,9401.1
903357,5006505,Maersk,11-04-2025,12-04-2025,42.12,645.5
903358,5009510,DHL Express,02-03-2025,18-03-2025,662.91,9583.5
903359,5011982,Blue Dart,09-09-2024,19-09-2024,,7557.5
903360,5010447,DHL,19-02-2022,15-03-2022,622.36,
903361,5004259,UPS,21-05-2025,28-05-2025,266.14,4324.6
903362,5004300,DHL Express,04-10-2025,05-Oct-25,61.68,1211.6
903363,5000183,fedex,11-09-2025,11-10-2025,27.37,334.2
903364,5001914,FedEx,11-17-2023,21-11-2023,170.41,2586.6
903365,5002862,Blue Dart,22-03-2024,07-04-2024,536.81,10088.2
903366,5007197,fedex,01-09-2024,19-09-2024,453.68,10787.9
903367,5003671,DHL,30-01-2026,11-02-2026,408.74,8717.4
903368,5004566,Maersk,28-01-2024,10-Feb-24,453.16,9296.7
903369,5011626,DHL Express,01-05-2026,13-05-2026,316.59,6358.8
903370,5001738,Blue Dart,11-12-2024,19-12-2024,195.13,4104.9
903371,5002552,Blue Dart,25-08-2024,03-09-2024,293.92,6921.4
903372,5009712,FedEx,08-11-2022,13-11-2022,232.14,4714.8
903373,5005465,DHL,16-07-2023,,338.57,6526.7
903374,5008018,Blue Dart,31-12-2025,19-01-2026,372.14,
903375,5008808,DHL Express,01-12-2024,02-12-2024,75.99,1009.6
903376,5006183,UPS,06-04-2024,18-04-2024,415.07,8443.6
903377,5003987,FedEx,06-03-2022,24-03-2022,452.88,9172.1
903378,5000105,DHL Express,25-07-2026,04-08-2026,564.37,8872.7
903379,5000963,Maersk,13-01-2024,16-01-2024,148.15,2194.5
903380,5007191,fedex,03-01-2026,17-01-2026,792.71,11402.1
903381,5009096,FedEx,20-08-2025,25-08-2025,292.99,
903382,5002222,DHL,23-03-2026,04-02-2026,283.62,6071.2
903383,5011806,FedEx,05-06-2024,25-06-2024,784.55,11459.8
903384,5005351,DHL,12-09-2024,20-09-2024,290.2,6930.3
903385,5005453,fedex,07-07-2023,21-07-2023,617.58,10445.5
903386,5007964,fedex,09-12-2023,23-12-2023,566.87,11351.5
903387,5010537,FedEx,21-03-2024,01-04-2024,464.2,7833.4
903388,5007764,Blue Dart,28-Sep-25,14-10-2025,671.99,
903389,5000071,UPS,25-09-2023,10-13-2023,431.93,8312.7
903390,5011657,Maersk,15-05-2026,17-05-2026,53.55,1031.1
903391,5005183,Blue Dart,17-05-2026,31-05-2026,318.13,
903392,5003912,UPS,09-12-2025,10-12-2025,21.25,430.5
903393,5010435,fedex,08-05-2026,24-05-2026,518.8,11238.1
903394,5002535,fedex,05-05-2025,18-05-2025,467.63,9806
903395,5004226,DHL,12-Jun-25,13-06-2025,57.7,1056.3
903396,5011773,DHL,11-07-2024,12-07-2024,11.45,
903397,5008131,fedex,21-09-2023,25-09-2023,219.19,3283.4
903398,5003824,Blue Dart,30-12-2023,12-31-2023,79.72,1506.3
903399,5009683,DHL,19-02-2025,24-02-2025,128.7,2688.6
903400,5008168,Blue Dart,12-Jun-23,06-15-2023,171.98,2498.2
903401,5009240,DHL Express,15-06-2025,22-06-2025,238.59,4903.4
903402,5007842,DHL Express,24-09-2025,06-10-2025,275.6,6517.5
903403,5011787,UPS,05-09-2023,06-09-2023,25.21,230.2
903404,5001785,DHL Express,04-05-2026,10-05-2026,243,5219.8
903405,5011961,DHL Express,24-04-2026,03-05-2026,,6996.3
903406,5005481,DHL Express,30-06-2026,02-07-2026,118.34,1799.6
903407,5007180,Blue Dart,21-06-2026,12-07-2026,591.28,9570.8
903408,5001682,Blue Dart,22-08-2025,09-09-2025,633.74,11796.2
903409,5002778,DHL,17-05-2026,19-05-2026,66.19,1107
903410,5000212,UPS,04-14-2025,24-04-2025,501.61,8188.7
903411,5009575,Maersk,19-09-2025,07-10-2025,591.93,10084.1
903412,5003430,DHL,20-07-2025,31-Jul-25,471.92,7152.9
903413,5011913,fedex,25-12-2021,28-12-2021,153.52,2289.9
903414,5010545,DHL,27-08-2025,21-09-2025,592.57,11259.6
903415,5006772,DHL Express,05-05-2024,12-05-2024,424.93,6835.5
903416,5002102,Maersk,27-04-2024,03-05-2024,162.36,3123.3
903417,5008047,UPS,24-03-2025,04-04-2025,,9510.8
903418,5000311,Maersk,02-05-2025,04-05-2025,,1772.3
903419,5008782,Maersk,,,288.98,5444.1
903420,5003039,Blue Dart,29-03-2023,,751.89,10842.2
903421,5006113,DHL Express,05-04-2022,25-04-2022,649.52,11540.3
903422,5010028,UPS,30-07-2024,,109.66,2058
903423,5004004,UPS,29-01-2025,09-02-2025,313.63,6256.8
903424,5004638,DHL,12-08-2023,18-08-2023,234.12,4387.3
903425,5004435,Blue Dart,13-07-2024,19-07-2024,359.19,5685.4
903426,5006848,fedex,04-05-2023,05-11-2023,247.6,5893.6
903427,5010960,Maersk,08-15-2025,20-08-2025,127.35,2873.3
903428,5006593,DHL Express,,,564.68,10048.5
903429,5007028,Maersk,05-27-2025,30-05-2025,110.28,1828.9
903430,5005578,DHL Express,27-07-2025,14-08-2025,734.57,11637.5
903431,5011065,Maersk,18-01-2025,24-01-2025,225.52,3586.7
903432,5002908,Maersk,25-05-2025,27-05-2025,76.22,1714.1
903433,5001333,DHL,19-01-2025,08-02-2025,601.07,11877.5
903434,5003158,UPS,11-08-2025,22-08-2025,438.68,6299.4
903435,5005822,Maersk,06-11-2024,15-11-2024,,7899.4
903436,5009387,fedex,18-09-2024,23-09-2024,187.08,
903437,5005669,Blue Dart,20-07-2026,01-08-2026,534.8,10690.7
903438,5004945,FedEx,05-10-2024,09-10-2024,138.92,2081.5
903439,5001338,DHL Express,29-07-2025,06-08-2025,342.25,6479.7
903440,5010525,DHL,29-07-2025,08-08-2025,330.82,4792.8
903441,5011215,DHL,18-04-2024,30-04-2024,366.67,6107
903442,5003871,FedEx,07-06-2022,19-06-2022,535.85,9272.6
903443,5008528,FedEx,21-Jul-25,01-08-2025,429.76,7016
903444,5008186,fedex,18-06-2025,06-07-2025,513.59,9987.7
903445,5001693,fedex,,,30.89,432.6
903446,5008145,DHL,,,79.94,1691.8
903447,5000370,FedEx,,,471.47,8834.6
903448,5011384,Blue Dart,31-01-2026,07-02-2026,335.53,5417.6
903449,5008862,DHL Express,,,363.25,6021.3
903450,5005140,Blue Dart,,,79.52,1487.1
903451,5001718,DHL,,,608.23,8933.3
903452,5010068,Maersk,18-11-2025,22-11-2025,251.32,3559.1
903453,5008479,DHL,04-05-2025,07-05-2025,97.33,2250.5
903454,5009934,DHL Express,26-05-2026,09-06-2026,444.21,9671.9
903455,5004368,DHL Express,08-09-2023,03-10-2023,701.01,11675
903456,5000849,fedex,10-04-2026,29-Apr-26,693.34,11604.3
903457,5005454,fedex,03-09-2023,12-09-2023,267.35,4190.6
903458,5002451,fedex,08-05-2025,,8.17,28.6
903459,5003351,DHL,,,118.26,
903460,5006038,DHL,22-07-2022,23-07-2022,73.02,1082.8
903461,5004229,UPS,15-09-2025,26-09-2025,626.11,8889.9
903462,5007898,DHL,08-09-2021,29-09-2021,567.46,11773.2
903463,5010897,Blue Dart,25-09-2022,30-09-2022,126.54,2913.2
903464,5000394,FedEx,13-01-2025,17-Jan-25,197,3654.4
903465,5002914,UPS,16-07-2025,25-07-2025,269.89,4574.7
903466,5004860,UPS,21-09-2025,05-10-2025,527.92,7422.3
903467,5004033,DHL Express,11-05-2025,15-05-2025,208.77,3023.9
903468,5008426,DHL,11-09-2023,12-09-2023,73.78,1066.9
903469,5004676,DHL,13-12-2025,24-12-2025,631.43,9200.3
903470,5011437,Maersk,,,585.72,11216.4
903471,5005134,fedex,18-09-2022,26-09-2022,394.04,6886.2
903472,5005617,DHL Express,21-12-2022,29-12-2022,323.08,7675.9
903473,5001705,Blue Dart,29-03-2026,03-04-2026,148.21,2949.1
903474,5005749,DHL,04-08-2025,15-08-2025,386.96,7491
903475,5000969,Blue Dart,24-07-2026,30-Jul-26,271.16,5306.7
903476,5006451,FedEx,31-07-2025,06-08-2025,214.94,3922.7
903477,5010471,FedEx,03-10-2024,06-10-2024,115.7,1897.5
903478,5008121,FedEx,06-01-2026,07-01-2026,43.52,824.5
903479,5009412,fedex,03-03-2025,,281.72,6443.2
903480,5008803,DHL Express,13-04-2025,27-04-2025,549.23,9998.8
903481,5011030,fedex,02-06-2026,23-06-2026,491.21,10514.7
903482,5009161,UPS,18-07-2025,08-08-2025,510.34,9409.3
903483,5005918,UPS,03-07-2024,18-07-2024,450.08,8100.2
903484,5000803,Maersk,25-11-2024,29-11-2024,193.42,3496.9
903485,5000619,Blue Dart,,,167.84,3514.7
903486,5006653,DHL,11-05-2025,03-06-2025,593.54,10772.1
903487,5009500,fedex,26-10-2023,05-11-2023,256.9,4774.4
903488,5010494,UPS,22-04-2025,25-04-2025,150.16,2503.7
903489,5003395,Blue Dart,15-05-2024,25-05-2024,403.15,9581.5
903490,5003705,Blue Dart,19-Jan-23,09-02-2023,627.53,9732.8
903491,5006056,Blue Dart,14-07-2026,09-08-2026,467.66,11438.2
903492,5001078,DHL,,,73.71,
903493,5009085,Maersk,16-12-2022,19-12-2022,211.86,3020.6
903494,5009220,FedEx,,,300.04,7546.1
903495,5003838,Blue Dart,30-03-2022,02-04-2022,128.76,1712.9
903496,5010885,UPS,09-11-2024,07-12-2024,639.15,11686.2
903497,5001217,UPS,,,223.39,3442.3
903498,5001310,DHL Express,10-04-2025,23-04-2025,590.48,11074.9
903499,5011234,UPS,,,205.96,3637.3
903500,5002601,DHL,08-09-2025,10-08-2025,59.3,1053.1
903501,5002369,DHL Express,12-03-2026,07-04-2026,450.51,11001.8
903502,5005091,fedex,14-05-2024,23-05-2024,212.11,4406.3
903503,5005624,DHL Express,02-03-2026,08-03-2026,204.19,4560.9
903504,5004329,fedex,,,301.46,7047.6
903505,5010885,FedEx,11-06-2024,22-11-2024,468.57,7000.8
903506,5000861,DHL Express,,,99.43,2089.4
903507,5009015,DHL Express,16-02-2025,07-03-2025,480.9,10090.9
903508,5010893,UPS,06-05-2026,07-05-2026,22.06,377.4
903509,5001761,FedEx,,,279.05,6600.7
903510,5009755,Maersk,11-08-2025,23-08-2025,593.36,9027.2
903511,5008780,Blue Dart,28-12-2024,29-12-2024,45.99,706.1
903512,5011081,DHL Express,10-10-2025,22-10-2025,416.33,7975.5
903513,5000101,fedex,02-10-2025,15-10-2025,554.12,9123.4
903514,5011041,DHL Express,09-07-2022,12-07-2022,,3082.1
903515,5003218,fedex,,,368.85,5934.6
903516,5003123,DHL Express,17-04-2023,01-05-2023,519.94,11955.8
903517,5002840,DHL,,,367.72,7759.6
903518,5001207,DHL,07-06-2026,22-Jun-26,683.52,10119.5
903519,5011196,fedex,03-18-2026,23-03-2026,213.51,4366.8
903520,5011759,fedex,21-Dec-24,31-12-2024,309.77,5893.4
903521,5006012,Blue Dart,19-12-2025,20-12-2025,35.12,657.8
903522,5003970,DHL Express,29-11-2024,12-23-2024,578.73,10544.2
903523,5004265,Maersk,12-06-2026,16-06-2026,121.35,
903524,5003709,Maersk,10-05-2024,15-05-2024,222.22,3720.6
903525,5003993,UPS,20-01-2024,29-01-2024,348.78,5731.1
903526,5010347,fedex,20-05-2026,23-05-2026,163.32,2363.3
903527,5010317,DHL,,,626.15,11160.5
903528,5006610,fedex,16-02-2023,,45.21,616.3
903529,5003747,Blue Dart,24-07-2026,25-07-2026,14.05,212.4
903530,5009116,FedEx,12-04-2026,25-Apr-26,539.28,9024.8
903531,5007075,DHL Express,03-Sep-23,09-09-2023,168.2,3889.2
903532,5003489,fedex,25-02-2026,28-02-2026,144.48,1889
903533,5011197,UPS,31-Mar-25,08-04-2025,381.02,7142
903534,5003622,fedex,14-04-2024,20-04-2024,227.92,3615.3
903535,5009418,Maersk,16-09-2023,25-09-2023,471.24,7152.9
903536,5007459,DHL Express,23-03-2025,08-Apr-25,724.82,11318.7
903537,5004968,UPS,21-11-2025,29-11-2025,440.37,6998.4
903538,5001496,Maersk,04-02-2026,12-02-2026,487.79,7123
903539,5001671,UPS,,,289.97,4200.2
903540,5011890,Blue Dart,21-05-2024,11-06-2024,665.15,11010.4
903541,5006460,DHL Express,26-05-2026,31-05-2026,274.6,5010.6
903542,5008164,Maersk,27-07-2024,28-07-2024,47.72,636.5
903543,5007396,Blue Dart,06-07-2025,09-07-2025,115.98,2357.5
903544,5008588,FedEx,01-01-2026,06-01-2026,174.42,3047.7
903545,5004209,DHL Express,23-12-2023,09-01-2024,808.53,11585.4
903546,5004399,Maersk,28-08-2024,10-09-2024,340.71,6229.1
903547,5010929,fedex,17-Apr-25,20-04-2025,161.85,2659.8
903548,5011149,DHL,13-04-2025,,301.05,5853.7
903549,5006163,Maersk,25-03-2025,29-03-2025,245.05,3642
903550,5006705,fedex,05-Jul-26,27-07-2026,709.9,10611.5
903551,5011780,FedEx,,,64.73,837.7
903552,5010152,DHL,21-05-2025,05-27-2025,199.63,5047
903553,5006261,Maersk,,,59.58,1232.8
903554,5010497,Maersk,24-06-2024,17-07-2024,,11876.8
903555,5011202,UPS,07-10-2024,11-10-2024,266.7,3892.5
903556,5010997,fedex,02-10-2024,17-02-2024,229.03,5104.7
903557,5005818,FedEx,11-11-2025,15-11-2025,195.67,2974.5
903558,5000028,Maersk,16-11-2025,28-11-2025,720.96,10838.8
903559,5007877,UPS,15-01-2021,18-01-2021,173.63,3491.1
903560,5003313,DHL Express,03-19-2026,20-03-2026,49.62,742.3
903561,5009590,UPS,27-06-2026,15-07-2026,504.69,9380.2
903562,5010233,fedex,27-10-2025,05-11-2025,228.74,4270.8
903563,5007249,UPS,10-07-2025,27-07-2025,714.18,10130.1
903564,5000985,Blue Dart,25-12-2025,27-12-2025,103.39,2059
903565,5011893,DHL Express,17-12-2024,01-01-2025,478.48,11396.5
903566,5009246,DHL Express,25-03-2024,26-03-2024,28.04,477.6
903567,5006716,FedEx,,,84.04,1262.9
903568,5010077,Maersk,04-Dec-21,12-12-2021,352.33,5469.8
903569,5002857,Maersk,09-02-2026,13-02-2026,259.16,3619.9
903570,5008048,UPS,11-Feb-24,12-02-2024,11.74,221.4
903571,5005444,Blue Dart,01-03-2022,04-03-2022,136.65,2888.1
903572,5002550,DHL Express,27-06-2026,,332.02,6794.6
903573,5004921,fedex,08-Jul-26,14-Jul-26,338.16,5730.8
903574,5001453,DHL,16-03-2023,17-03-2023,12.56,67.7
903575,5004146,fedex,08-09-2025,19-09-2025,383.3,
903576,5001270,Maersk,19-05-2024,11-06-2024,468.34,10847.2
903577,5003098,fedex,25-06-2026,28-06-2026,100.62,1511.4
903578,5005264,FedEx,08-01-2026,01-19-2026,476.04,10112.5
903579,5007945,Maersk,08-01-2024,17-01-2024,171.56,3925.7
903580,5010575,Maersk,,,256.97,4771.1
903581,5001051,DHL,14-11-2025,23-11-2025,482.62,6957.2
903582,5009159,DHL Express,04-06-2024,20-06-2024,465.69,9533.1
903583,5007270,DHL,24-02-2024,27-02-2024,172.6,2471.1
903584,5006384,UPS,29-05-2024,06-11-2024,539.06,9829.1
903585,5010085,fedex,10-09-2022,15-09-2022,241.95,3440.2
903586,5003138,Maersk,18-12-2023,03-Jan-24,707.33,10461.2
903587,5010544,FedEx,20-03-2024,29-03-2024,,4343.7
903588,5004297,Blue Dart,13-06-2026,21-06-2026,310.23,4769.4
903589,5002966,UPS,24-05-2026,05-06-2026,371.54,7172
903590,5004015,DHL Express,28-01-2026,17-02-2026,539.72,9730.1
903591,5010111,Maersk,16-09-2024,10-08-2024,523.22,11891.6
903592,5003046,FedEx,13-12-2023,29-12-2023,498.99,11975.8
903593,5007519,fedex,20-03-2023,03-04-2023,411.63,7069.3
903594,5006801,Maersk,18-05-2024,28-05-2024,518.19,9164
903595,5010606,UPS,09-07-2025,18-07-2025,223.99,4229.8
903596,5006074,DHL Express,03-01-2023,17-01-2023,664.93,11316.9
903597,5011696,fedex,09-13-2023,21-09-2023,448.98,7007.6
903598,5007361,DHL Express,30-01-2026,10-02-2026,568.59,8169.3
903599,5001828,DHL,30-06-2022,01-07-2022,25.64,476.9
903600,5003441,FedEx,16-07-2026,07-08-2026,559.34,9302.2
903601,5010917,Blue Dart,12-10-2024,15-10-2024,126.18,
903602,5009894,Blue Dart,08-01-2024,29-01-2024,563.95,11329
903603,5011281,fedex,21-12-2025,27-12-2025,338.81,5521.7
903604,5011702,Blue Dart,02-09-2023,06-09-2023,152.87,2346.9
903605,5011647,fedex,07-05-2025,18-05-2025,279.37,6082.2
903606,5004410,DHL Express,21-01-2023,05-02-2023,491.73,11891.8
903607,5003482,DHL,10-05-2024,22-05-2024,633.35,9561.4
903608,5010536,DHL,01-07-2024,15-07-2024,554.9,10753.2
903609,5003331,Maersk,28-03-2025,,652.1,11568.8
903610,5009334,Blue Dart,11-05-2024,27-11-2024,585.55,11869.7
903611,5002846,fedex,26-03-2026,,574.98,9041.6
903612,5000920,FedEx,16-08-2023,19-08-2023,155.04,
903613,5010297,DHL,21-02-2025,06-03-2025,353.64,8579.6
903614,5008597,Maersk,25-01-2026,13-02-2026,613.61,
903615,5005738,Blue Dart,04-05-2026,17-05-2026,456.43,10821.6
903616,5001620,DHL Express,15-08-2025,19-08-2025,130.06,2054.2
903617,5009295,UPS,13-01-2022,21-01-2022,316.91,7252.1
903618,5009955,fedex,09-07-2026,10-07-2026,40.6,525.8
903619,5008468,DHL,21-10-2024,05-11-2024,496.82,8742.3
903620,5009073,FedEx,,,657.54,9797.9
903621,5006575,fedex,18-02-2025,03-03-2025,594.99,11257.4
903622,5002653,UPS,,,367.88,8113.4
903623,5011054,Maersk,24-05-2026,11-06-2026,579.03,10606.1
903624,5003612,UPS,24-11-2022,27-11-2022,101.18,2362
903625,5010378,fedex,09-02-2026,17-02-2026,180.84,3590.2
903626,5007729,FedEx,,,118.73,
903627,5009506,Maersk,04-06-2026,16-06-2026,546.12,7942
903628,5001563,FedEx,21-10-2023,28-10-2023,262.57,4984.5
903629,5002647,Maersk,11-04-2024,22-04-2024,277.23,6031.7
903630,5002517,Maersk,11-09-2022,14-09-2022,91.46,1915
903631,5003591,UPS,17-12-2023,24-12-2023,331.63,4791.8
903632,5011808,Blue Dart,02-12-2024,17-12-2024,697.24,11787.9
903633,5002354,DHL Express,02-22-2026,,355.69,4968.5
903634,5005362,Maersk,05-07-2025,18-07-2025,664.01,11534.6
903635,5006577,UPS,13-05-2025,20-05-2025,254.81,5937.5
903636,5001002,Maersk,20-04-2023,21-04-2023,12.48,136.4
903637,5009038,Maersk,05-02-2025,23-02-2025,488.78,
903638,5007382,DHL Express,29-01-2025,10-02-2025,378.16,8638.3
903639,5002855,UPS,21-05-2022,,188.58,2954.2
903640,5009786,UPS,,,,5933.6
903641,5002930,Maersk,30-03-2026,02-04-2026,214.41,3279.3
903642,5000500,UPS,05-10-2023,12-10-2023,225.18,3212.6
903643,5001057,UPS,29-08-2024,06-09-2024,224.48,
903644,5005651,Maersk,08-09-2025,11-09-2025,99.78,2218.6
903645,5001607,DHL Express,04-01-2025,,101.18,2126.1
903646,5011194,Maersk,,,386.35,6773.5
903647,5001793,DHL Express,16-02-2022,17-02-2022,30.91,343
903648,5003565,DHL,14-01-2025,17-01-2025,121.34,2054.1
903649,5010792,fedex,,,218.21,4133.8
903650,5005804,DHL,,,541.63,11137.6
903651,5006270,Blue Dart,27-04-2026,03-05-2026,314.54,5254
903652,5005174,fedex,,,325.82,6762.7
903653,5005748,fedex,19-07-2025,13-08-2025,673.02,10154.5
903654,5000520,FedEx,20-11-2025,01-12-2025,375.11,6697.6
903655,5001074,DHL Express,13-10-2025,,155.65,3031.8
903656,5007797,Maersk,,,350.84,7167.6
903657,5005995,fedex,04-07-2022,15-07-2022,363.48,8863.9
903658,5004769,DHL,16-03-2026,05-04-2026,553.08,11151.6
903659,5006381,FedEx,,,397.42,5501.1
903660,5000419,FedEx,08-09-2025,13-09-2025,213.47,3160.9
903661,5007025,FedEx,,,493.31,8597
903662,5005126,Blue Dart,07-06-2026,06-19-2026,583.25,
903663,5007626,DHL,15-06-2026,18-06-2026,101.49,2110
903664,5010669,Maersk,01-01-2024,01-16-2024,526.45,
903665,5002714,Maersk,05-02-2024,19-02-2024,521.38,8436.5
903666,5005840,DHL,26-02-2026,27-02-2026,74.41,1025.7
903667,5005424,FedEx,30-10-2024,05-11-2024,,5427.3
903668,5002994,FedEx,02-06-2026,,430.51,7752
903669,5002912,Blue Dart,25-06-2026,09-07-2026,765.67,11872.1
903670,5006482,Blue Dart,03-Apr-26,,696.21,10422
903671,5009108,FedEx,26-01-2025,09-02-2025,700.69,10346.1
903672,5003880,UPS,25-07-2025,12-08-2025,504.23,8112.5
903673,5002566,fedex,14-04-2026,17-04-2026,122.01,2494.6
903674,5008093,UPS,04-10-2026,25-04-2026,546.44,8744.9
903675,5000414,Maersk,11-11-2023,12-11-2023,47.74,724.7
903676,5011269,DHL Express,12-13-2024,22-12-2024,371.95,7236.1
903677,5007379,fedex,,,398.98,8603
903678,5006902,FedEx,,,497.12,7380.3
903679,5001630,UPS,10-11-2021,14-11-2021,246.36,3763.2
903680,5004394,DHL,30-04-2024,01-05-2024,69.2,1056.8
903681,5003315,DHL Express,11-03-2026,03-04-2026,567.45,9697.7
903682,5008509,FedEx,01-08-2025,06-08-2025,209.14,4616.9
903683,5000462,fedex,12-05-2025,20-05-2025,343.49,5614.4
903684,5010949,FedEx,18-04-2024,24-04-2024,,3130
903685,5011671,Maersk,23-08-2025,18-09-2025,789.49,11984.1
903686,5003503,UPS,05-10-2025,17-Oct-25,414.42,8590.9
903687,5007958,DHL,27-12-2025,29-12-2025,81.18,1261.1
903688,5005934,DHL Express,24-03-2024,04-05-2024,510.82,7558
903689,5010323,fedex,17-03-2022,25-03-2022,,5777.7
903690,5007369,Blue Dart,20-07-2026,05-08-2026,457.83,8442.9
903691,5010089,fedex,30-12-2024,07-01-2025,432.5,6167.6
903692,5000350,UPS,05-04-2022,16-04-2022,409.73,5823.1
903693,5000288,DHL,23-06-2023,24-06-2023,73.53,1022
903694,5007528,fedex,11-04-2025,22-04-2025,662.42,10427.9
903695,5006236,DHL Express,18-03-2022,30-03-2022,290.7,5723.7
903696,5009437,UPS,18-12-2023,25-12-2023,250.61,5994.2
903697,5001716,FedEx,30-08-2025,01-09-2025,100.43,1794.3
903698,5008749,Maersk,05-07-2026,19-07-2026,490.58,
903699,5009758,DHL Express,05-Jan-25,20-01-2025,382.38,9257.6
903700,5010293,FedEx,,,238.79,
903701,5000291,Blue Dart,02-01-2025,07-01-2025,,2269
903702,5002099,Maersk,14-07-2026,,74.3,1338
903703,5008737,DHL Express,26-04-2026,28-04-2026,119.25,1689
903704,5006681,UPS,06-07-2024,29-07-2024,742.5,10814.5
903705,5008257,Blue Dart,15-09-2025,27-09-2025,412.63,7736.1
903706,5008102,fedex,16-04-2023,23-04-2023,186.93,3868
903707,5002462,fedex,04-04-2025,24-04-2025,494.22,11008
903708,5002598,Maersk,05-08-2023,09-Aug-23,107.33,1730.1
903709,5003392,DHL Express,04-01-2026,19-01-2026,382.2,7393.3
903710,5003150,FedEx,08-08-2025,27-08-2025,624.98,10260.9
903711,5003819,fedex,30-05-2026,12-06-2026,563.17,11473.8
903712,5004289,fedex,,,75.43,966.7
903713,5010699,fedex,17-Nov-24,,184.72,3568.1
903714,5001039,Blue Dart,,,270.14,4000.4
903715,5010771,fedex,05-08-2021,10-08-2021,285.77,4449.1
903716,5005726,UPS,20-10-2024,30-10-2024,527.29,9674.6
903717,5001835,DHL Express,08-Jan-26,,40.74,853.5
903718,5000618,Blue Dart,02-06-2026,06-15-2026,,10794.8
903719,5002257,Blue Dart,12-23-2025,24-12-2025,18.07,93.3
903720,5004854,DHL,17-07-2021,21-07-2021,189.44,2662.4
903721,5007956,UPS,05-25-2026,07-06-2026,455.05,
903722,5002668,FedEx,23-10-2023,11-11-2023,608.86,
903723,5005616,UPS,26-11-2023,11-27-2023,18.54,181.4
903724,5003261,fedex,23-11-2025,11-28-2025,191.89,3923.8
903725,5002738,DHL Express,29-01-2025,07-02-2025,372.34,8128.5
903726,5000642,FedEx,18-07-2022,21-07-2022,158.56,
903727,5007636,DHL Express,04-02-2023,12-02-2023,323,5029.9
903728,5004039,Maersk,02-11-2025,12-11-2025,364.25,
903729,5004704,UPS,14-05-2026,01-06-2026,617.41,9309.7
903730,5010959,fedex,16-04-2025,18-Apr-25,127.63,1929.3
903731,5002268,fedex,25-06-2024,26-06-2024,57.87,676.8
903732,5009549,DHL Express,02-Oct-25,16-10-2025,416.96,7177.5
903733,5003649,DHL Express,20-12-2022,,344.04,5770
903734,5008557,FedEx,08-02-2025,17-02-2025,488.23,7639.8
903735,5009169,Maersk,20-12-2021,25-12-2021,184.29,3559.6
903736,5006764,DHL Express,,,151.12,3165.4
903737,5004752,DHL Express,26-09-2023,06-10-2023,474.11,7930.1
903738,5008548,fedex,15-07-2023,16-07-2023,64.73,952.1
903739,5008165,FedEx,,,269.99,3799
903740,5005717,FedEx,09-02-2023,20-02-2023,281.2,5619
903741,5005057,UPS,26-05-2025,04-06-2025,380.43,8073.1
903742,5001673,Maersk,24-05-2024,30-05-2024,215.62,4767.9
903743,5004920,UPS,08-09-2023,20-09-2023,541.42,8648.1
903744,5004546,UPS,11-12-2025,18-12-2025,344.42,4903.7
903745,5011175,Blue Dart,,,,10769.7
903746,5011718,fedex,13-10-2025,25-10-2025,492.22,9383.4
903747,5005397,DHL Express,04-29-2026,11-05-2026,594.65,8549.4
903748,5001934,DHL,08-05-2025,18-05-2025,356.38,5737.5
903749,5009941,DHL,22-11-2023,12-01-2023,288.55,5078.5
903750,5002426,FedEx,04-09-2024,09-09-2024,193.44,2803.8
903751,5005168,UPS,27-10-2023,11-13-2023,472.37,7954.7
903752,5002219,Maersk,28-Jul-26,29-07-2026,40.94,639.7
903753,5003902,UPS,24-06-2024,25-06-2024,68.97,1057.2
903754,5007315,Blue Dart,23-12-2025,01-01-2026,201.77,4702.2
903755,5011706,Blue Dart,18-02-2026,20-02-2026,,1813
903756,5007478,Blue Dart,18-04-2024,28-04-2024,430.6,7288.3
903757,5002189,Maersk,03-04-2025,,824.01,11902.9
903758,5005040,UPS,20-10-2024,31-10-2024,408.24,6857.7
903759,5008282,FedEx,20-02-2025,22-02-2025,112.29,2190
903760,5005610,Maersk,17-08-2024,24-08-2024,346.31,5083.4
903761,5002501,DHL,,,277.95,4023.5
903762,5000367,FedEx,21-06-2024,08-07-2024,436.59,10297.6
903763,5007287,Blue Dart,21-07-2026,31-07-2026,308.24,4360.5
903764,5008533,DHL Express,19-02-2025,01-03-2025,380.03,7752.7
903765,5011832,UPS,30-11-2025,01-12-2025,35.79,517.5
903766,5004141,Maersk,08-10-2025,14-10-2025,222.51,3853.2
903767,5005259,fedex,03-Feb-25,14-02-2025,422.38,
903768,5000454,fedex,22-01-2024,31-01-2024,403.11,7165.4
903769,5005315,UPS,19-07-2025,,685.2,11602.7
903770,5007730,Maersk,13-03-2025,25-03-2025,461.44,6680.5
903771,5003292,Blue Dart,08-12-2024,25-12-2024,434.89,9271.8
903772,5000405,Maersk,03-07-2025,22-03-2025,334.86,7418.8
903773,5011222,DHL Express,05-02-2026,25-02-2026,689.31,10324.3
903774,5001703,DHL Express,01-05-2025,,569.64,8026.2
903775,5009530,fedex,29-03-2023,30-03-2023,16.44,12.9
903776,5008280,Blue Dart,24-05-2025,25-May-25,46.13,830.3
903777,5010287,DHL Express,,,508.31,10230.7
903778,5004105,FedEx,21-11-2024,04-12-2024,423.69,6873.6
903779,5003239,DHL,04-06-2023,15-06-2023,297.28,5743.9
903780,5000172,UPS,24-08-2022,02-09-2022,166.39,3995.5
903781,5009922,FedEx,28-09-2024,04-10-2024,147.93,3408.6
903782,5008003,fedex,15-05-2025,21-05-2025,223.38,3626.8
903783,5003171,DHL Express,,,328.54,7616.5
903784,5010189,fedex,29-03-2023,30-03-2023,77.56,1225.9
903785,5000176,fedex,08-01-2026,09-01-2026,65.46,882.4
903786,5004454,DHL,,,379.17,6540.7
903787,5007513,DHL,27-08-2025,30-08-2025,149.54,2478.1
903788,5011767,FedEx,16-10-2022,28-10-2022,466.53,10288.3
903789,5010874,Blue Dart,,,357.65,7528.8
903790,5007723,FedEx,21-05-2026,10-06-2026,437.38,10241
903791,5009126,fedex,14-02-2024,15-02-2024,52.99,748.2
903792,5009811,DHL,12-07-2021,21-07-2021,228.39,4336.3
903793,5005391,DHL Express,05-Mar-23,07-03-2023,125.08,2007.5
903794,5006502,Maersk,19-10-2023,23-10-2023,220.55,4166
903795,5005972,fedex,,,628.99,11612.2
903796,5000941,FedEx,24-06-2026,05-07-2026,581.65,9274.9
903797,5004851,UPS,17-06-2026,19-06-2026,80.1,1159.8
903798,5009421,fedex,04-02-2024,09-02-2024,145.58,3024.8
903799,5007340,DHL,14-07-2026,20-07-2026,234.43,3680.2
903800,5010965,Maersk,17-07-2025,27-07-2025,528.28,8946.6
903801,5010546,DHL,10-02-2026,24-02-2026,602.41,9416.7
903802,5011943,DHL Express,01-03-2021,19-03-2021,354.25,7598.8
903803,5010685,Blue Dart,03-12-2024,16-Dec-24,329.1,7279.9
903804,5010628,DHL Express,24-03-2022,11-04-2022,719.41,11908.6
903805,5003713,Blue Dart,10-08-2023,,,5121.9
903806,5000076,UPS,13-06-2024,20-06-2024,275.92,6168
903807,5001014,Maersk,18-03-2025,21-03-2025,157.24,2396.8
903808,5011809,FedEx,11-02-2026,15-02-2026,134.73,2805.7
903809,5007614,Blue Dart,21-10-2025,23-10-2025,79.04,1334.4
903810,5007885,FedEx,07-09-2025,09-20-2025,666.03,11656.4
903811,5002668,Blue Dart,22-10-2023,04-Nov-23,314.32,6378.8
903812,5009182,DHL Express,19-01-2025,24-01-2025,,4387.9
903813,5003998,fedex,21-08-2024,13-09-2024,536.76,10237.7
903814,5000830,fedex,01-04-2025,13-04-2025,578.63,10472.9
903815,5003049,DHL,18-Mar-25,03-20-2025,128.21,1977
903816,5009515,FedEx,07-12-2023,24-12-2023,464.82,
903817,5001188,UPS,04-02-2026,05-02-2026,57.75,631.8
903818,5006822,fedex,07-03-2024,08-03-2024,54.83,952.1
903819,5006165,UPS,,,550.13,11706.5
903820,5001195,UPS,11-01-2026,25-01-2026,456.03,10719
903821,5008728,UPS,,,326.11,5788.6
903822,5000054,FedEx,12-02-2026,18-02-2026,164.35,2596.2
903823,5005464,Blue Dart,11-24-2023,08-12-2023,593.7,10196.1
903824,5011533,Blue Dart,21-03-2025,,395.27,5668.3
903825,5004924,DHL,25-04-2025,27-04-2025,128.95,1882.7
903826,5005328,fedex,02-07-2023,22-07-2023,409.38,8911.1
903827,5009056,DHL,05-08-2026,10-08-2026,168.14,3721
903828,5007169,DHL Express,28-07-2025,08-08-2025,737.09,10548.8
903829,5006200,DHL Express,18-08-2025,08-09-2025,487.17,10182.7
903830,5002080,UPS,28-04-2025,06-05-2025,373.51,6481.3
903831,5004422,Blue Dart,05-Jun-24,06-10-2024,195.92,2622.9
903832,5009158,FedEx,11-Jan-23,18-01-2023,216.76,3768.3
903833,5007792,DHL Express,30-12-2024,01-10-2025,545.82,9136.1
903834,5010207,UPS,24-11-2024,,587.74,11024.7
903835,5009572,Maersk,20-04-2026,12-05-2026,704.95,10897
903836,5007605,Blue Dart,18-11-2025,30-11-2025,520.29,7788.7
903837,5007680,fedex,27-12-2023,,728.58,10720.7
903838,5005579,Maersk,02-09-2025,12-09-2025,416.85,8224
903839,5011856,fedex,21-04-2026,30-04-2026,259.75,5737.6
903840,5007206,DHL,17-07-2021,26-07-2021,224.84,4939.5
903841,5007252,DHL,10-07-2025,11-07-2025,,929.3
903842,5003211,Maersk,13-11-2025,18-11-2025,238.63,4211.4
903843,5006495,fedex,22-02-2024,01-03-2024,343.56,5935.2
903844,5008439,Maersk,23-03-2025,26-03-2025,180.14,2850.2
903845,5000188,FedEx,,,387.61,7927.5
903846,5011353,FedEx,04-02-2026,02-07-2026,125.52,2423.5
903847,5001069,fedex,10-02-2024,,99.98,1487.1
903848,5004939,Blue Dart,09-09-2025,11-09-2025,125.82,1907.6
903849,5005430,Maersk,22-03-2025,23-03-2025,13.08,134.7
903850,5010276,Blue Dart,22-08-2023,25-08-2023,191.77,2860.8
903851,5004181,FedEx,11-03-2025,28-03-2025,700.87,10371.4
903852,5009048,Maersk,15-01-2021,01-02-2021,482.66,10342.1
903853,5008934,Maersk,22-Mar-23,23-03-2023,45.06,394.6
903854,5001354,fedex,13-08-2024,27-08-2024,,8679.7
903855,5001354,fedex,,,300.32,6746.1
903856,5011816,Blue Dart,18-10-2022,25-10-2022,196.67,3687.6
903857,5007171,DHL Express,10-01-2025,31-01-2025,533.59,9491
903858,5004532,UPS,02-12-2025,,39.43,517.5
903859,5009914,Blue Dart,05-06-2025,13-06-2025,225.89,3787.8
903860,5010956,FedEx,06-11-2024,19-11-2024,455.06,9086.6
903861,5009214,FedEx,21-07-2026,11-08-2026,594.86,9180.1
903862,5010084,DHL Express,27-12-2023,29-12-2023,78.59,1146.7
903863,5008393,Blue Dart,25-May-23,05-06-2023,415.17,6092.5
903864,5000217,Blue Dart,01-05-2022,13-05-2022,404.21,8619.8
903865,5002659,Maersk,27-01-2024,09-02-2024,366.38,6991.9
903866,5007845,Blue Dart,23-07-2022,11-08-2022,538.38,10458.6
903867,5000562,Maersk,06-11-2026,23-06-2026,497.63,9581.1
903868,5006719,UPS,16-05-2026,02-06-2026,487.97,9345.2
903869,5004877,DHL,18-01-2025,28-01-2025,375.47,7850.6
903870,5001779,Maersk,08-03-2025,23-03-2025,584.14,10644.6
903871,5005615,Blue Dart,13-05-2026,25-05-2026,471.42,7245.3
903872,5007822,DHL Express,28-07-2026,07-08-2026,595.09,8991
903873,5009893,DHL,11-11-2024,22-11-2024,289.23,5536.4
903874,5008404,UPS,11-05-2024,30-05-2024,457.11,10867.5
903875,5002124,Blue Dart,,,256.45,5536.8
903876,5001049,FedEx,18-01-2022,26-01-2022,212.67,4576.2
903877,5010883,FedEx,11-02-2026,19-02-2026,299.14,5788.7
903878,5000097,Blue Dart,23-05-2025,27-05-2025,156.04,3268.1
903879,5001925,fedex,01-02-2026,22-02-2026,672.62,10015.2
903880,5005163,Maersk,04-07-2025,11-07-2025,262.75,5953
903881,5009716,fedex,,,404.96,7819.1
903882,5001073,DHL,14-01-2024,28-01-2024,557.87,10251.3
903883,5009777,DHL,03-07-2025,,90.9,1381.8
903884,5010582,UPS,24-01-2025,08-02-2025,549.68,11780.7
903885,5006765,Blue Dart,,,428.43,8029.8
903886,5002877,DHL,12-11-2023,27-11-2023,459.48,7570.6
903887,5007965,DHL,18-12-2023,01-01-2024,363.29,8599.6
903888,5007300,DHL Express,11-04-2023,16-04-2023,163.88,2557.4
903889,5006973,UPS,22-09-2024,10-10-2024,670.37,9628.6
903890,5008383,Blue Dart,26-08-2024,,703.16,10016.6
903891,5010263,FedEx,19-12-2023,26-12-2023,374.39,5885.5
903892,5011179,FedEx,12-03-2026,16-03-2026,210.67,3323.4
903893,5007764,Blue Dart,,,369.93,5448.9
903894,5005332,DHL,16-06-2026,23-06-2026,316.89,5491.8
903895,5000907,DHL,08-Jul-25,07-11-2025,89.21,1483.2
903896,5003416,Maersk,09-Jul-25,07-23-2025,371.11,5959.2
903897,5006337,Maersk,10-01-2025,31-01-2025,540.29,
903898,5011094,UPS,01-12-2026,15-01-2026,177.86,2546.5
903899,5010363,DHL,17-03-2023,04-01-2023,457.62,9764.2
903900,5007362,Maersk,23-09-2024,04-10-2024,504.77,8989.3
903901,5005464,DHL,26-11-2023,28-11-2023,72.53,1074.6
903902,5006273,Blue Dart,28-06-2025,01-07-2025,164.57,2354.7
903903,5000355,DHL,25-10-2022,,176.47,3672.5
903904,5009216,UPS,02-05-2021,03-05-2021,29.94,432.2
903905,5005356,DHL Express,02-11-2025,06-11-2025,211.38,4112.3
903906,5003979,Blue Dart,03-14-2026,27-03-2026,323.94,7187.1
903907,5004523,Maersk,28-07-2026,08-02-2026,211.55,3982.6
903908,5006733,FedEx,16-07-2026,29-07-2026,733.84,10520.3
903909,5001278,DHL Express,16-07-2025,24-07-2025,290.51,
903910,5000736,UPS,13-05-2026,31-05-2026,631.38,11238.1
903911,5011640,Maersk,05-02-2025,,329.01,5354.6
903912,5002123,Blue Dart,02-04-2026,12-02-2026,454.45,7082.9
903913,5004774,fedex,10-11-2025,15-11-2025,255.38,3566.7
903914,5008430,Maersk,15-11-2025,29-11-2025,477.06,6883.4
903915,5002988,DHL Express,,,415.08,5926.8
903916,5008459,Maersk,16-04-2026,18-04-2026,134.7,1935.7
903917,5010722,fedex,10-Dec-24,20-12-2024,611.42,8827.9
903918,5008936,fedex,18-10-2022,,600.8,9233.3
903919,5000013,fedex,26-06-2024,09-07-2024,439.83,10128.5
903920,5008700,FedEx,04-02-2025,15-02-2025,453.36,6798.4
903921,5004616,DHL,27-07-2023,07-28-2023,15.72,158.8
903922,5006807,Maersk,11-09-2024,13-09-2024,121.48,1598.9
903923,5002221,DHL,,,710.47,11499.2
903924,5004201,UPS,01-12-2022,06-12-2022,258.54,3703.1
903925,5009850,DHL Express,03-04-2025,06-04-2025,69.12,1536.4
903926,5011781,Blue Dart,10-05-2023,19-05-2023,,6731.7
903927,5004325,FedEx,,,291.45,4933.7
903928,5009936,DHL Express,18-08-2023,25-08-2023,417.58,6103.2
903929,5007698,DHL Express,08-01-2024,09-01-2024,4.96,65.3
903930,5010578,fedex,25-10-2023,07-11-2023,269.14,6345.9
903931,5008744,DHL,28-09-2024,07-10-2024,365.3,5141.7
903932,5008002,FedEx,11-12-2025,09-12-2025,637.91,11298.6
903933,5005468,Blue Dart,21-12-2024,22-12-2024,23.5,179.1
903934,5007805,FedEx,24-06-2024,25-06-2024,65.7,1230.5
903935,5009752,Maersk,03-06-2026,06-06-2026,133.28,2584.7
903936,5000244,Maersk,14-04-2026,04-05-2026,540.23,
903937,5003075,fedex,06-01-2026,08-01-2026,109.62,1772.7
903938,5003299,DHL,13-02-2025,18-02-2025,299.9,4129.7
903939,5009237,Blue Dart,21-10-2024,13-11-2024,648.23,10720.6
903940,5000451,DHL,09-03-2025,29-03-2025,515.09,8849.1
903941,5003690,fedex,08-01-2025,27-01-2025,674.95,10867.1
903942,5009507,Blue Dart,29-04-2021,05-May-21,269.13,5764.6
903943,5008316,Blue Dart,04-24-2026,09-05-2026,621.65,10700.8
903944,5007249,UPS,05-Jul-25,06-07-2025,32.8,
903945,5008671,Blue Dart,,,571.44,11214.7
903946,5003888,DHL,,,28.97,383.6
903947,5008280,Maersk,20-05-2025,21-05-2025,74.04,1426.9
903948,5001700,Maersk,24-02-2023,07-03-2023,439.54,9233.3
903949,5011148,Blue Dart,10-11-2021,16-11-2021,,
903950,5002379,fedex,15-Dec-24,16-12-2024,,43.5
903951,5001010,DHL,22-06-2024,10-07-2024,485.29,8076.2
903952,5003491,fedex,10-01-2026,02-02-2026,574.51,10146.9
903953,5007719,Maersk,17-07-2025,26-07-2025,208.72,3733.1
903954,5003617,fedex,17-04-2023,23-04-2023,352.48,5077.2
903955,5009524,Maersk,03-02-2026,14-02-2026,,7933.5
903956,5001864,FedEx,17-06-2025,27-06-2025,325.6,
903957,5005634,UPS,06-04-2024,23-04-2024,493.57,11963.4
903958,5004490,UPS,13-07-2026,23-07-2026,259,4608.3
903959,5006329,fedex,04-09-2025,10-09-2025,218.95,4216.7
903960,5005595,DHL Express,27-11-2022,02-12-2022,150.57,2354.5
903961,5011488,DHL Express,04-04-2024,19-04-2024,737.4,
903962,5010289,Maersk,08-10-2021,18-Oct-21,,5187.2
903963,5009970,DHL Express,14-06-2023,26-06-2023,554.42,10652
903964,5004461,fedex,01-09-2025,10-09-2025,333.82,7986.6
903965,5001284,Blue Dart,28-01-2025,11-02-2025,535.92,8666.1
903966,5004755,DHL,26-02-2026,01-03-2026,148.15,3088.2
903967,5009481,fedex,17-12-2024,21-12-2024,178.22,3238.8
903968,5000544,fedex,29-01-2026,02-09-2026,330.53,7284.6
903969,5002985,Blue Dart,17-12-2022,18-12-2022,,1275.5
903970,5001118,Blue Dart,06-23-2025,04-07-2025,409.13,7009.6
903971,5004131,fedex,02-09-2025,03-09-2025,56.93,820.8
903972,5010363,Maersk,17-03-2023,28-03-2023,346.95,7617.1
903973,5004132,fedex,05-12-2021,21-12-2021,373.44,8530.6
903974,5000585,UPS,27-09-2024,13-10-2024,568.95,10533.5
903975,5009160,FedEx,01-04-2026,03-04-2026,120.37,1987.3
903976,5006734,FedEx,22-07-2022,15-Aug-22,679.11,10283.1
903977,5008743,DHL,12-07-2023,19-07-2023,290.52,4954.8
903978,5006899,DHL,,,442.92,7434.3
903979,5007364,Maersk,08-06-2022,15-06-2022,389.47,5747.3
903980,5006590,DHL Express,08-05-2026,09-05-2026,23.59,234
903981,5002679,FedEx,18-02-2025,20-02-2025,114.26,2297.7
903982,5003044,fedex,23-06-2026,30-06-2026,356.37,6200.9
903983,5001683,fedex,30-06-2023,06-07-2023,255.25,3917.5
903984,5007479,FedEx,11-06-2025,19-06-2025,296.79,4427.6
903985,5011466,FedEx,,,247.15,5285.2
903986,5009645,DHL,16-02-2026,02-03-2026,339.05,6419.5
903987,5009428,UPS,06-06-2026,11-06-2026,146.13,3287.7
903988,5010889,Maersk,11-01-2024,24-01-2024,,5736.5
903989,5003431,FedEx,27-10-2024,28-10-2024,18.65,165.3
903990,5007984,Maersk,26-06-2024,08-07-2024,272.04,6090.8
903991,5007343,FedEx,13-12-2023,17-12-2023,195.67,4126.3
903992,5001104,fedex,28-11-2024,03-Dec-24,226.32,3494.4
903993,5005780,Maersk,26-07-2024,01-08-2024,198.03,2837.8
903994,5009568,UPS,16-08-2025,28-08-2025,327.3,6568.8
903995,5001732,DHL,30-04-2022,01-May-22,21.72,224
903996,5008195,UPS,15-09-2025,,128.9,2480.1
903997,5000132,fedex,10-12-2023,14-12-2023,189.1,3245.6
903998,5009288,Blue Dart,01-06-2026,14-Jun-26,561.48,8563.3
903999,5002315,Blue Dart,12-05-2022,16-05-2022,274.2,4218.8
904000,5007739,UPS,25-11-2023,29-11-2023,143.95,3068.2
904001,5007047,DHL,,,,704.6
904002,5006217,UPS,,,143.1,2543.7
904003,5009234,fedex,08-09-2024,18-09-2024,292.88,6370.5
904004,5000310,fedex,13-04-2025,21-04-2025,262.6,5984.6
904005,5008625,DHL Express,08-11-2025,21-Nov-25,557.34,9561.1
904006,5008756,Blue Dart,08-04-2026,24-04-2026,462.29,9223.1
904007,5004401,fedex,02-07-2024,04-07-2024,121.35,1540.7
904008,5000324,UPS,,,500.59,10760.3
904009,5004123,DHL Express,22-05-2024,01-06-2024,458.9,7359.3
904010,5000325,DHL Express,12-06-2024,19-06-2024,362.39,5212.3
904011,5001070,UPS,30-11-2025,08-12-2025,217.59,
904012,5006647,fedex,02-04-2024,07-04-2024,214.13,4952.1
904013,5009443,Maersk,01-01-2023,08-01-2023,,
904014,5007786,fedex,08-10-2024,21-10-2024,436.44,7962.3
904015,5003758,fedex,12-02-2025,27-02-2025,587.69,9533.8
904016,5009669,FedEx,12-01-2025,26-01-2025,683.81,10115.9
904017,5009771,Blue Dart,,,219.74,3352.2
904018,5007436,DHL Express,05-07-2025,28-07-2025,565.23,10879.9
904019,5000748,FedEx,23-08-2024,02-09-2024,491.3,9125.1
904020,5008256,DHL Express,22-01-2026,,,8342.3
904021,5004576,UPS,16-07-2023,22-07-2023,200.27,3693.3
904022,5010422,FedEx,16-11-2025,,281.94,6688.5
904023,5004225,UPS,,,446.22,6760
904024,5011071,FedEx,30-08-2025,12-09-2025,472.65,
904025,5007391,FedEx,17-10-2024,18-10-2024,12.65,110.2
904026,5008457,FedEx,28-Jul-26,08-08-2026,575.26,
904027,5003802,FedEx,23-06-2025,03-07-2025,320.39,7526.8
904028,5005629,DHL,27-Nov-25,03-12-2025,265.41,4205.9
904029,5000684,Blue Dart,26-03-2026,09-04-2026,605.95,11302.2
904030,5005359,FedEx,27-09-2025,06-10-2025,219.87,4289.1
904031,5002529,DHL,26-12-2025,01-08-2026,351.32,5892.9
904032,5004656,Maersk,15-08-2025,24-08-2025,447.81,6860.9
904033,5006794,fedex,10-04-2026,01-05-2026,608.96,9661.7
904034,5007333,DHL,28-09-2024,13-10-2024,526.14,8056.2
904035,5001822,Blue Dart,08-07-2024,07-18-2024,380.81,8989.9
904036,5005045,DHL,21-10-2022,23-10-2022,84.26,1279.2
904037,5009420,UPS,08-03-2025,09-03-2025,56.33,792.2
904038,5002443,DHL,30-12-2021,09-01-2022,423,6122.6
904039,5009746,FedEx,19-12-2025,21-12-2025,60.78,1151.7
904040,5010996,Maersk,22-03-2026,04-02-2026,437.91,9510.3
904041,5001723,fedex,27-06-2025,28-06-2025,47.55,886.3
904042,5011360,DHL,16-07-2026,27-07-2026,591.74,9308.1
904043,5011736,DHL,23-08-2025,29-08-2025,242.34,4232.3
904044,5000683,DHL,05-09-2021,07-09-2021,158.63,2629.9
904045,5010576,FedEx,12-10-2021,02-11-2021,451.82,10778.9
904046,5004652,fedex,11-06-2024,24-06-2024,452.2,10214.3
904047,5003712,FedEx,12-05-2024,,786.58,11235.1
904048,5005714,Maersk,03-03-2024,09-03-2024,280.11,5238.2
904049,5001079,UPS,,,34.04,367
904050,5006084,DHL Express,03-11-2026,27-03-2026,657.21,11910.8
904051,5010573,Maersk,22-07-2026,11-08-2026,438.44,10066.9
904052,5011703,Blue Dart,06-11-2026,16-06-2026,152.09,3556.1
904053,5009097,DHL Express,24-03-2025,09-04-2025,409.41,8881.1
904054,5007795,Maersk,22-07-2025,,281.06,4235.8
904055,5003856,DHL,19-08-2025,02-09-2025,468.82,9347
904056,5004593,Blue Dart,,,490.02,11393.6
904057,5005438,UPS,,,,10431.2
904058,5002455,UPS,12-10-2025,13-10-2025,26.9,335.9
904059,5003387,FedEx,20-02-2021,22-02-2021,88.68,1383.5
904060,5007166,FedEx,21-03-2026,27-03-2026,271.48,5640
904061,5001755,DHL Express,,,120.82,1635.2
904062,5006542,Blue Dart,07-04-2026,10-04-2026,176.03,2613.7
904063,5009410,Maersk,26-03-2026,,741.93,11399.3
904064,5009341,Maersk,10-06-2026,,119.82,1794.7
904065,5010313,DHL,05-09-2024,13-09-2024,293.92,6832
904066,5007166,DHL,22-03-2026,28-03-2026,184.82,3115.1
904067,5009251,fedex,14-07-2022,31-07-2022,477.22,11093.7
904068,5007560,DHL Express,28-03-2026,07-04-2026,299.8,6854.6
904069,5001311,DHL Express,28-07-2025,,172.85,3208.9
904070,5003709,Blue Dart,06-May-24,20-05-2024,603.1,8699.3
904071,5007067,DHL,,,184.88,3336.4
904072,5005206,UPS,15-May-25,23-05-2025,254.25,6192.9
904073,5003153,Maersk,25-08-2024,05-09-2024,581.32,8859.9
904074,5002329,fedex,25-05-2023,11-06-2023,512.06,7554.4
904075,5007139,fedex,19-06-2025,14-07-2025,774.68,11926.1
904076,5011994,DHL,25-03-2024,04-04-2024,610.27,8645.8
904077,5007701,FedEx,20-05-2024,25-May-24,183.68,4407.2
904078,5004776,Maersk,06-11-2025,07-Nov-25,29.5,289.2
904079,5002044,UPS,14-11-2025,15-11-2025,64.19,931.4
904080,5000612,fedex,19-06-2024,24-06-2024,252.45,4138.1
904081,5009682,UPS,27-07-2024,01-08-2024,262.26,3710.1
904082,5011901,UPS,10-24-2025,03-Nov-25,359.11,7163.1
904083,5011442,DHL,26-05-2025,06-06-2025,430.15,8649.4
904084,5003841,Blue Dart,19-06-2026,20-06-2026,62.96,969.9
904085,5007083,DHL Express,13-03-2025,06-04-2025,582.27,11164.1
904086,5011646,UPS,09-10-2020,25-10-2020,774.85,11571.3
904087,5004909,DHL,29-08-2021,07-09-2021,308.95,7445.1
904088,5006576,DHL Express,26-03-2025,28-03-2025,,1788.9
904089,5004076,Maersk,06-08-2026,17-08-2026,492.29,7066.4
904090,5002792,DHL,01-28-2026,,102.4,1941.3
904091,5003439,DHL Express,24-01-2026,25-01-2026,24.84,470.8
904092,5003969,DHL Express,17-12-2023,26-Dec-23,327.75,
904093,5011982,fedex,09-10-2024,18-09-2024,415.36,6605.8
904094,5002574,DHL,,,751.1,11764.4
904095,5002117,fedex,04-07-2026,07-13-2026,265.22,4036.8
904096,5000279,FedEx,12-31-2025,14-01-2026,325.88,6122
904097,5005097,DHL Express,29-01-2023,12-02-2023,621.46,11590.1
904098,5003785,FedEx,04-08-2026,13-Aug-26,,4503.6
904099,5007856,Blue Dart,06-06-2023,07-06-2023,12.44,377.9
904100,5004678,DHL,05-16-2026,28-05-2026,,6710.8
904101,5000654,Maersk,26-04-2026,10-05-2026,408.88,6820.1
904102,5008357,FedEx,20-09-2025,,409.95,9660.7
904103,5006736,UPS,,,9.97,139.2
904104,5011739,UPS,10-Jan-26,17-01-2026,283.25,
904105,5004459,Maersk,08-05-2025,24-05-2025,374.21,8649.2
904106,5009099,FedEx,13-01-2026,22-01-2026,313.71,6267
904107,5004253,DHL Express,16-03-2026,,232.34,4934
904108,5002299,FedEx,17-11-2025,26-11-2025,217.42,4564.9
904109,5004326,UPS,03-02-2026,,351.36,5645.8
904110,5005458,DHL Express,,,84.14,1195.7
904111,5007815,FedEx,02-15-2026,07-03-2026,628.92,10579
904112,5004752,fedex,30-09-2023,,523.67,11969.3
904113,5006028,UPS,25-12-2024,10-01-2025,496.98,8630.8
904114,5006380,DHL Express,14-02-2026,19-02-2026,161.72,2942.6
904115,5008635,FedEx,24-01-2025,31-Jan-25,320.05,5527.9
904116,5009403,fedex,04-06-2026,25-06-2026,590.52,11431.3
904117,5009984,Maersk,29-11-2025,04-12-2025,303,5020.3
904118,5000898,Maersk,16-03-2025,03-04-2025,587.38,9486.8
904119,5006202,fedex,02-23-2026,24-02-2026,14.72,65.5
904120,5002722,FedEx,14-12-2025,21-12-2025,179.04,3400.6
904121,5006103,UPS,01-08-2024,14-08-2024,646.8,10282.2
904122,5005850,DHL,17-06-2024,26-06-2024,234.52,5146.1
904123,5008204,UPS,,,356.95,7342.2
904124,5011711,Blue Dart,25-01-2026,14-02-2026,500.3,11336
904125,5003137,DHL,12-11-2022,14-11-2022,144.48,2676.2
904126,5003696,DHL,08-02-2026,27-Feb-26,511.8,11778
904127,5011850,FedEx,12-02-2026,15-02-2026,204.19,3300.2
904128,5004670,FedEx,30-05-2025,13-06-2025,394.33,6459.1
904129,5007664,DHL,27-08-2022,05-09-2022,428.35,6919.8
904130,5008284,DHL,,,375.05,5233.8
904131,5008536,UPS,24-12-2025,09-01-2026,530.25,8931.4
904132,5000949,FedEx,21-02-2026,05-03-2026,679.32,10877.4
904133,5002430,fedex,17-11-2021,09-12-2021,624.77,10569.3
904134,5010415,DHL,,,51.08,
904135,5007431,FedEx,22-12-2021,04-01-2022,506.46,9353.5
904136,5006204,FedEx,12-Jul-24,04-08-2024,722.43,11216.5
904137,5008419,Maersk,21-05-2026,31-05-2026,458.09,6564.7
904138,5006586,Maersk,13-05-2025,15-May-25,,1160.1
904139,5003899,FedEx,03-02-2026,12-02-2026,336.16,6544.3
904140,5005805,DHL Express,13-11-2022,21-11-2022,240.18,4485
904141,5011117,DHL Express,12-02-2026,24-Feb-26,322.1,5436.3
904142,5007205,DHL,10-17-2023,01-11-2023,424.79,
904143,5011386,Maersk,12-03-2023,,91.67,1595.1
904144,5007330,DHL Express,17-Jun-24,18-Jun-24,46.17,850.2
904145,5002793,DHL,31-05-2023,02-06-2023,111.03,1660.1
904146,5006178,Blue Dart,19-01-2025,21-01-2025,103.76,2111.8
904147,5008903,Blue Dart,22-03-2026,06-04-2026,481.55,9212.1
904148,5006677,Blue Dart,29-08-2025,,658.04,11961.8
904149,5001649,fedex,27-11-2025,30-11-2025,156.39,2616.6
904150,5010844,Maersk,30-Jul-26,01-08-2026,124.43,2141.9
904151,5004588,fedex,12-06-2024,30-06-2024,649.44,11089.2
904152,5000952,Maersk,10-07-2021,15-07-2021,225.74,3640.9
904153,5007366,DHL,31-07-2025,16-08-2025,692.62,11512.2
904154,5010243,FedEx,02-07-2026,17-07-2026,590.22,9979.6
904155,5011761,DHL,13-02-2023,,479.15,10080.6
904156,5009895,UPS,12-30-2021,,382.31,7452
904157,5006371,UPS,07-11-2025,,,9247.5
904158,5009821,DHL Express,30-09-2023,08-10-2023,408.51,7267.9
904159,5006230,FedEx,02-02-2024,09-02-2024,157.63,3506.1
904160,5011485,FedEx,21-05-2024,10-06-2024,669.86,
904161,5008138,fedex,16-03-2026,18-03-2026,138.76,1806.3
904162,5006137,DHL Express,,,185.88,3310.2
904163,5011162,UPS,,,442.15,8849.1
904164,5006210,fedex,30-07-2023,02-08-2023,120.71,2007.3
904165,5001133,Blue Dart,12-07-2025,13-07-2025,18.93,151.5
904166,5009023,Maersk,06-05-2026,,133.28,2269.3
904167,5006445,DHL,18-12-2020,30-12-2020,,7761.9
904168,5011445,UPS,03-05-2026,04-05-2026,30.86,462.6
904169,5005767,UPS,21-09-2023,25-09-2023,154.39,2333
904170,5004872,FedEx,19-01-2026,20-01-2026,83.06,1344.3
904171,5001329,FedEx,01-01-2026,10-01-2026,466.63,6997.3
904172,5000903,FedEx,28-12-2022,01-01-2023,134.9,2727.2
904173,5009329,Maersk,18-02-2025,27-02-2025,327.61,7329.1
904174,5005316,Maersk,27-12-2025,05-01-2026,447.67,7445.8
904175,5005183,DHL,18-05-2026,29-05-2026,390.46,7962.2
904176,5011849,FedEx,07-02-2026,17-02-2026,489.8,8314.2
904177,5006047,Blue Dart,12-06-2025,16-06-2025,112.82,2506.6
904178,5010567,fedex,23-09-2025,30-09-2025,290.45,5385.1
904179,5005157,FedEx,08-07-2024,13-07-2024,240.89,4976.4
904180,5004045,DHL,17-02-2025,07-03-2025,544.28,11725.6
904181,5011149,FedEx,16-04-2025,02-05-2025,434.33,7491.5
904182,5003211,DHL Express,09-11-2025,13-11-2025,113.21,
904183,5011668,DHL Express,24-04-2025,25-04-2025,61.94,796.8
904184,5007149,Blue Dart,05-12-2021,20-12-2021,412.91,7897.3
904185,5011918,Blue Dart,12-06-2025,13-06-2025,11.8,104.6
904186,5010855,DHL Express,,,141.28,2659.3
904187,5006896,Maersk,02-01-2026,20-01-2026,636.54,11315.2
904188,5000524,DHL Express,22-11-2025,28-11-2025,309.58,4304.3
904189,5002245,UPS,26-05-2026,27-05-2026,46.94,848.2
904190,5011328,DHL,23-07-2024,31-07-2024,327.68,7467.8
904191,5007964,UPS,,,827.36,11727.3
904192,5005302,Maersk,10-17-2021,18-Oct-21,48.58,1059.9
904193,5006951,FedEx,04-06-2021,05-06-2021,41.48,644.8
904194,5007448,Maersk,17-03-2026,24-03-2026,264.05,6057.2
904195,5007732,Blue Dart,20-03-2026,07-04-2026,533.29,7800.2
904196,5009774,DHL Express,17-03-2022,31-03-2022,571.55,11861.3
904197,5003742,Blue Dart,06-05-2022,,530.45,8258.7
904198,5002227,FedEx,02-11-2024,04-11-2024,86.57,1516.5
904199,5006108,Maersk,13-05-2023,16-05-2023,,2520.5
904200,5000577,FedEx,30-Dec-24,,49.84,969
904201,5009341,fedex,10-06-2026,26-Jun-26,464.6,9288.2
904202,5010747,DHL,,,77,1525.5
904203,5008973,UPS,09-05-2024,16-05-2024,383.89,5639.8
904204,5002969,DHL Express,25-11-2025,09-12-2025,495.09,7861.7
904205,5005784,DHL,28-06-2025,07-07-2025,431.31,6752.3
904206,5002017,FedEx,03-May-24,06-05-2024,115.33,2364
904207,5011251,fedex,23-09-2025,09-29-2025,238.11,5193.4
904208,5001969,Maersk,12-09-2023,15-09-2023,202.73,
904209,5000515,Maersk,,,148.09,3323.1
904210,5008546,UPS,19-07-2026,23-07-2026,237.73,4159.9
904211,5001268,FedEx,12-04-2026,16-Apr-26,,2974.5
904212,5007443,UPS,21-06-2023,25-06-2023,143.04,2233.6
904213,5007597,FedEx,,,629.52,11614
904214,5010136,fedex,08-12-2022,21-12-2022,,6669.2
904215,5005938,Blue Dart,07-03-2026,11-03-2026,209,3149.8
904216,5007480,DHL Express,01-14-2022,15-01-2022,41.71,583
904217,5005411,Blue Dart,11-13-2020,18-Nov-20,204.56,4139.7
904218,5004156,fedex,10-06-2023,06-15-2023,288.99,5118.3
904219,5003495,fedex,20-06-2023,25-06-2023,271.81,3909.1
904220,5006564,UPS,,,713.28,10292.6
904221,5002092,DHL Express,23-06-2026,,369.18,6447.3
904222,5000175,DHL,25-09-2022,27-09-2022,116.47,1721.1
904223,5009121,fedex,01-01-2026,19-01-2026,355.19,
904224,5009643,DHL Express,19-07-2024,02-08-2024,354.98,7103.8
904225,5004666,FedEx,,,134.11,2202.7
904226,5008534,fedex,01-05-2026,04-05-2026,140.7,1958.9
904227,5010686,DHL,30-01-2026,31-01-2026,24.38,408.1
904228,5001000,DHL Express,01-05-2023,12-05-2023,469.66,8871
904229,5009244,DHL,25-02-2026,24-03-2026,,11684.4
904230,5002879,DHL Express,07-07-2024,,444.87,8340.9
904231,5001115,fedex,25-Oct-25,27-Oct-25,102.12,1517
904232,5000470,DHL Express,09-07-2024,17-07-2024,258.39,4329.7
904233,5011105,FedEx,25-07-2026,27-07-2026,107.49,1730.7
904234,5005797,UPS,24-04-2022,04-05-2022,436.65,7232.3
904235,5011649,Maersk,06-01-2024,12-01-2024,186.12,3625.3
904236,5011993,Blue Dart,,,572.42,11566.7
904237,5002255,FedEx,,,126.02,2577
904238,5001927,Maersk,20-11-2023,28-11-2023,183.12,3663.2
904239,5000553,Blue Dart,,,426.24,10123.4
904240,5006499,FedEx,21-08-2025,28-08-2025,368.55,5358.6
904241,5009497,FedEx,15-11-2021,26-11-2021,587,10433.3
904242,5000037,Maersk,19-01-2026,08-02-2026,,10907.7
904243,5011455,Maersk,20-04-2026,08-05-2026,453.74,9664.4
904244,5003000,Blue Dart,27-04-2026,02-May-26,121.91,2655
904245,5009536,Maersk,10-08-2023,19-08-2023,303.02,5477.4
904246,5003029,UPS,18-10-2024,21-10-2024,97.75,1981.4
904247,5006541,DHL Express,05-08-2024,08-Aug-24,89.63,1693.9
904248,5005337,DHL Express,25-02-2026,09-03-2026,513.76,7646.8
904249,5005735,DHL,02-06-2024,10-06-2024,408.93,7429.3
904250,5002497,Maersk,13-01-2026,01-18-2026,257.65,4140.2
904251,5010428,DHL Express,18-10-2025,29-10-2025,543.09,8325.1
904252,5009990,Maersk,29-05-2024,15-06-2024,390.07,7505.5
904253,5000714,DHL,,,703.17,11396.6
904254,5006350,Blue Dart,20-12-2024,21-Dec-24,45.48,744.5
904255,5010652,UPS,15-08-2024,,211.03,4716.6
904256,5001839,Maersk,05-02-2025,,157.22,2938
904257,5007102,Maersk,19-10-2024,20-10-2024,63.91,989.6
904258,5001859,FedEx,17-09-2024,29-09-2024,396.71,7633.2
904259,5009959,fedex,12-02-2025,15-02-2025,155.42,3239.9
904260,5000547,fedex,19-07-2026,30-07-2026,418.84,6709.1
904261,5004589,DHL,,,154.72,3508.9
904262,5001860,Blue Dart,16-06-2025,19-06-2025,129.87,2132.4
904263,5005456,Blue Dart,01-08-2024,05-08-2024,215.97,4207.3
904264,5001084,DHL Express,21-09-2023,11-10-2023,442.26,8789
904265,5000667,fedex,19-05-2023,30-05-2023,391.61,5647.5
904266,5002215,Blue Dart,27-03-2024,04-10-2024,693.17,10561.8
904267,5004728,UPS,05-02-2026,02-18-2026,374.38,7275.8
904268,5000397,Blue Dart,26-06-2025,,516.55,11820.8
904269,5002900,Blue Dart,11-06-2023,08-11-2023,67.77,1403.2
904270,5003399,UPS,25-02-2025,22-03-2025,641.6,11514.6
904271,5008994,Maersk,20-03-2024,31-03-2024,349.61,5803.5
904272,5006477,DHL Express,04-10-2025,05-10-2025,70.41,1025.3
904273,5004639,DHL,26-01-2023,,163.24,3578.5
904274,5000602,DHL,,,176.58,3656.5
904275,5010878,UPS,11-05-2025,,33.63,552.6
904276,5008584,FedEx,21-01-2023,27-01-2023,122.28,2956.4
904277,5004520,Blue Dart,20-10-2025,28-10-2025,420.46,7577.1
904278,5001343,Maersk,03-Sep-25,15-09-2025,340.19,6875.6
904279,5009565,Blue Dart,24-07-2026,06-08-2026,516.37,9739.6
904280,5007379,DHL,14-04-2024,27-04-2024,570.6,9302
904281,5010032,Blue Dart,,,,527.1
904282,5006501,Blue Dart,31-10-2023,26-11-2023,557.79,10742.9
904283,5009914,fedex,,,72.89,1024.1
904284,5002636,fedex,02-06-2022,11-06-2022,,5574.6
904285,5000272,Maersk,24-10-2025,03-11-2025,255.78,5731.2
904286,5000547,UPS,,,18.56,180.8
904287,5008292,Blue Dart,13-03-2022,24-03-2022,488.81,10003.5
904288,5001820,Maersk,19-10-2021,29-10-2021,198.78,4149.6
904289,5009697,DHL,,,233.53,3576.6
904290,5008488,FedEx,04-06-2024,13-06-2024,257.47,4167.2
904291,5008663,UPS,18-09-2025,10-08-2025,539.98,
904292,5001056,UPS,18-01-2025,29-Jan-25,599.58,9675.2
904293,5004986,fedex,15-12-2025,21-12-2025,155.21,3117.9
904294,5007969,fedex,04-06-2025,05-06-2025,68.23,1555.2
904295,5010899,DHL,18-01-2025,12-02-2025,,11947.2
904296,5007828,UPS,15-04-2022,23-04-2022,,7302.5
904297,5008828,Blue Dart,26-01-2024,04-02-2024,302.02,4363.4
904298,5005069,fedex,24-12-2025,14-01-2026,534.64,10857.6
904299,5002230,DHL,03-06-2023,09-Jun-23,267.94,3941
904300,5000123,UPS,06-11-2021,,804.56,11692.3
904301,5003983,DHL Express,01-08-2024,28-01-2024,511.67,10790.2
904302,5007325,Blue Dart,24-08-2025,03-09-2025,554.12,8233.1
904303,5003418,UPS,30-11-2022,01-Dec-22,35.47,639.4
904304,5001450,Blue Dart,23-Apr-24,27-04-2024,235.84,4133.3
904305,5000253,Maersk,12-06-2025,22-06-2025,331.19,5535.5
904306,5010887,DHL,09-04-2026,12-04-2026,178.56,2512.2
904307,5004758,DHL Express,04-12-2023,07-12-2023,,1581.6
904308,5011892,DHL,08-10-2023,20-10-2023,567.25,
904309,5005059,Blue Dart,19-07-2025,21-07-2025,47.18,976.2
904310,5008291,DHL,,,614.47,8735.9
904311,5011819,FedEx,24-09-2025,26-09-2025,161.99,2436.6
904312,5001091,Maersk,29-04-2024,01-05-2024,74.28,
904313,5011733,DHL,13-08-2023,08-23-2023,611.68,9837.6
904314,5002358,Blue Dart,25-04-2024,01-05-2024,213.04,4619.3
904315,5003315,FedEx,08-03-2026,15-03-2026,303.8,4609.8
904316,5003566,Maersk,27-05-2026,10-06-2026,450.73,6610.2
904317,5003771,fedex,26-04-2022,10-05-2022,252.55,6256.2
904318,5005751,UPS,12-11-2024,16-11-2024,290.47,4318.6
904319,5010245,Blue Dart,13-10-2023,20-10-2023,187.2,
904320,5004451,DHL Express,08-03-2026,20-03-2026,485.29,7584.1
904321,5004467,DHL Express,19-07-2024,21-07-2024,130.11,1835.5
904322,5009630,FedEx,31-03-2026,01-04-2026,33.91,484.9
904323,5007466,fedex,10-02-2026,16-02-2026,204.37,3685.5
904324,5011320,Blue Dart,01-01-2026,10-01-2026,414.62,7736.2
904325,5001271,Blue Dart,04-07-2023,21-07-2023,510.32,10556.9
904326,5010281,Maersk,20-11-2025,,702.08,10204.4
904327,5002973,UPS,,,97.12,1895.4
904328,5005064,Maersk,12-10-2025,22-10-2025,214.62,5202.6
904329,5002336,UPS,07-07-2025,19-07-2025,434.72,8382.2
904330,5002448,Blue Dart,19-03-2026,22-03-2026,,2505.4
904331,5003560,fedex,07-07-2026,25-07-2026,324.01,7379.5
904332,5008998,Blue Dart,25-12-2022,08-01-2023,733.47,11289.5
904333,5004661,Maersk,18-11-2022,27-11-2022,249.2,4845.6
904334,5000603,Maersk,02-10-2023,10-22-2023,719.73,10996.6
904335,5008982,Blue Dart,04-03-2026,08-03-2026,163.65,3285.6
904336,5003178,FedEx,20-08-2025,07-09-2025,490.63,8900.8
904337,5009183,fedex,30-08-2024,,102.56,
904338,5001065,fedex,10-11-2022,18-11-2022,314.9,5486
904339,5008021,fedex,17-09-2024,20-09-2024,146.89,2962
904340,5000296,Maersk,11-04-2025,20-04-2025,228.61,4969.2
904341,5001506,UPS,30-07-2026,04-08-2026,172.08,2398.2
904342,5003414,fedex,,,34.69,469
904343,5003210,UPS,20-03-2024,29-03-2024,530.51,7606.1
904344,5000173,FedEx,10-06-2025,20-06-2025,446.38,8242.8
904345,5006199,Blue Dart,31-12-2023,17-01-2024,547.33,9775.6
904346,5002982,FedEx,,,263.96,5036.4
904347,5000259,DHL,20-12-2025,26-12-2025,256.68,4308.1
904348,5010440,DHL Express,18-02-2026,28-02-2026,304.54,5288.1
904349,5000924,DHL,17-04-2025,27-04-2025,,
904350,5004892,UPS,03-11-2023,11-05-2023,132.75,2087.8
904351,5010899,DHL,18-01-2025,05-02-2025,781.79,11823
904352,5011373,Maersk,,,,1969.1
904353,5009092,FedEx,,,235.37,3665.7
904354,5001051,UPS,13-11-2025,19-11-2025,298.97,5909.8
904355,5011048,DHL Express,05-11-2021,19-11-2021,395.55,8560.1
904356,5011808,Maersk,,,729.32,10988.6
904357,5009076,UPS,20-07-2025,03-08-2025,581.72,9240.6
904358,5010811,DHL Express,16-Apr-23,29-04-2023,292.51,6660
904359,5001261,Maersk,16-01-2026,07-02-2026,597.63,10779.5
904360,5003238,fedex,19-10-2023,08-11-2023,757.8,10827.6
904361,5007092,DHL Express,02-08-2025,16-08-2025,486.55,8794.8
904362,5002405,UPS,11-03-2023,25-03-2023,633.84,10443.6
904363,5005076,Blue Dart,26-10-2023,28-10-2023,143.1,2153.7
904364,5006039,FedEx,10-03-2023,13-03-2023,124.63,2126.2
904365,5011812,DHL,04-12-2025,06-12-2025,82.86,1891.4
904366,5003749,fedex,16-06-2024,25-06-2024,476.52,7309
904367,5011908,Blue Dart,24-01-2023,02-11-2023,439.01,
904368,5001875,DHL,13-12-2025,16-12-2025,156.17,2551.3
904369,5007625,DHL Express,16-08-2024,25-08-2024,449.6,6968.5
904370,5006705,Blue Dart,04-07-2026,07-09-2026,280.25,3886.8
904371,5008944,Maersk,26-06-2026,10-07-2026,629.81,11648.7
904372,5005210,FedEx,31-Mar-26,08-04-2026,221.13,5041.3
904373,5007016,UPS,07-04-2026,14-04-2026,289.38,5984.3
904374,5005386,DHL Express,08-Apr-24,18-04-2024,491.74,9439.8
904375,5004429,DHL,,,93,1888.4
904376,5001747,UPS,24-07-2026,05-08-2026,621.82,11572.7
904377,5004738,UPS,02-08-2023,15-08-2023,619.26,11738.2
904378,5010790,UPS,,,,1417.3
904379,5010409,DHL Express,30-03-2024,05-04-2024,,6191.8
904380,5000256,UPS,29-12-2024,06-01-2025,395.6,6486.3
904381,5005483,DHL,28-03-2026,03-04-2026,171.79,3870.7
904382,5006607,Maersk,29-05-2025,01-06-2025,153.08,2828.9
904383,5007772,Blue Dart,05-11-2024,17-11-2024,318.06,5877.5
904384,5006227,UPS,01-10-2026,12-01-2026,84.33,1430.5
904385,5000666,DHL,05-08-2024,24-08-2024,772.17,11433.8
904386,5010399,fedex,01-09-2025,09-09-2025,351.36,7629.2
904387,5001282,DHL Express,20-05-2022,27-05-2022,358,5362.6
904388,5003288,UPS,24-06-2023,29-06-2023,187.05,4413.1
904389,5008302,DHL,26-11-2024,29-11-2024,111.21,1617.5
904390,5003699,Blue Dart,31-05-2026,12-06-2026,603.18,10462.6
904391,5000804,fedex,24-06-2022,13-Jul-22,617.27,9494.2
904392,5001622,UPS,02-02-2026,11-02-2026,450.48,8474.8
904393,5004270,Blue Dart,30-10-2023,11-11-2023,594.4,10293.4
904394,5008628,DHL Express,06-02-2026,23-02-2026,721.44,10400.8
904395,5004127,DHL,,,11.7,206.2
904396,5001277,FedEx,19-09-2025,04-10-2025,,11552.8
904397,5007907,DHL,14-Jun-25,18-06-2025,230.36,3948.1
904398,5001623,Blue Dart,21-08-2022,24-08-2022,149.73,2162.5
904399,5003673,Blue Dart,23-07-2021,05-08-2021,,6109.4
904400,5007650,UPS,24-08-2023,08-09-2023,404.71,9063
904401,5005439,DHL,16-03-2023,03-04-2023,602.52,9890.6
904402,5009792,fedex,15-03-2022,06-04-2022,732.72,11919.6
904403,5001686,Blue Dart,14-05-2025,29-05-2025,683.98,10704.7
904404,5005611,Maersk,19-12-2022,10-01-2023,663.1,9599.8
904405,5002520,FedEx,02-07-2026,03-07-2026,6.61,164.6
904406,5003361,fedex,21-05-2024,27-05-2024,244.87,3672
904407,5004002,DHL,06-24-2026,06-29-2026,139.8,2470
904408,5003424,UPS,09-02-2026,14-02-2026,218.07,4549.7
904409,5003920,Maersk,05-Oct-24,11-10-2024,189.62,4095.3
904410,5006659,DHL,05-05-2026,17-05-2026,589.82,11248.2
904411,5006433,Blue Dart,29-05-2023,10-Jun-23,433.51,10528.7
904412,5004063,FedEx,06-05-2026,14-05-2026,321.59,
904413,5006490,Maersk,08-01-2025,15-01-2025,176.34,3276.4
904414,5001331,Maersk,02-07-2025,,297.52,4929.1
904415,5001645,UPS,18-02-2025,05-03-2025,366.94,9160.1
904416,5009185,DHL Express,09-01-2024,,436.58,7273.2
904417,5006056,FedEx,11-07-2026,24-07-2026,530.94,8204.5
904418,5002370,fedex,02-05-2026,22-05-2026,552.97,10537.5
904419,5004167,UPS,10-11-2020,16-11-2020,291.29,4397.8
904420,5000110,Maersk,,,469.1,10641.4
904421,5003820,DHL,12-04-2021,29-04-2021,485.44,8561.9
904422,5011951,FedEx,27-01-2023,,80.94,1720.7
904423,5005042,Maersk,,,327.71,6105.5
904424,5003081,DHL Express,27-08-2025,09-14-2025,575.82,10214.7
904425,5003828,UPS,15-Nov-25,28-11-2025,383.51,7198.6
904426,5000853,DHL,12-07-2025,29-07-2025,701.84,10106.6
904427,5000587,UPS,21-10-2025,26-10-2025,182.31,2483.2
904428,5004587,Blue Dart,01-13-2025,22-01-2025,247.03,5723
904429,5005055,Maersk,,,131.32,2848.2
904430,5009510,Maersk,28-02-2025,01-03-2025,65.68,1187.1
904431,5007242,fedex,,,578.5,8188.8
904432,5002057,fedex,,,515.79,9012.4
904433,5010999,UPS,23-10-2025,06-11-2025,391.84,7686.9
904434,5011972,DHL Express,20-12-2025,28-12-2025,433.33,6128.9
904435,5002879,DHL,07-07-2024,08-07-2024,49.56,593.4
904436,5000052,DHL,07-11-2022,21-11-2022,370.77,7580.5
904437,5008715,Blue Dart,12-06-2025,18-06-2025,,
904438,5001988,UPS,26-08-2022,27-08-2022,18.84,238
904439,5000812,Blue Dart,,,132.63,
904440,5005281,Blue Dart,22-06-2025,26-06-2025,154.95,2667.9
904441,5005656,DHL Express,17-06-2026,19-06-2026,42.84,867.3
904442,5006636,DHL Express,12-09-2023,24-09-2023,386.84,5602
904443,5000190,FedEx,23-09-2025,15-10-2025,821.35,11841.3
904444,5008939,UPS,,,512.58,11746.5
904445,5006589,Maersk,14-11-2023,21-11-2023,402.62,7070.1
904446,5011704,DHL,06-02-2026,12-02-2026,229.29,5273.2
904447,5001246,FedEx,28-10-2024,02-11-2024,248.18,4983.7
904448,5004490,DHL,12-07-2026,31-07-2026,575.28,9199.9
904449,5005996,FedEx,01-11-2025,14-11-2025,335.15,6967.4
904450,5007951,UPS,20-05-2026,01-06-2026,465.32,8459.7
904451,5010295,fedex,25-06-2024,29-06-2024,159.31,2572.6
904452,5009221,DHL,03-02-2022,01-03-2022,674.47,11768.4
904453,5006839,DHL,,,367.05,8975.7
904454,5009246,DHL,,,491.41,7373.6
904455,5000959,fedex,23-03-2026,25-03-2026,105.37,2068.2
904456,5002340,Blue Dart,25-03-2026,06-04-2026,573.68,8230.4
904457,5000185,Blue Dart,19-04-2024,01-05-2024,647.27,9789.2
904458,5005115,DHL,03-07-2025,20-07-2025,477.55,8331.5
904459,5011421,Maersk,22-03-2025,04-04-2025,568.5,8461.9
904460,5008477,Maersk,03-06-2026,28-06-2026,577.47,10795.3
904461,5001888,UPS,14-05-2023,30-05-2023,476.79,7473.5
904462,5001958,DHL Express,19-11-2025,20-11-2025,15.04,280.9
904463,5008791,fedex,24-06-2025,04-07-2025,360.45,8426
904464,5003480,Maersk,10-05-2026,11-05-2026,,247.8
904465,5008218,DHL,31-10-2021,11-22-2021,529.69,9140
904466,5000951,FedEx,06-10-2023,15-Oct-23,445.9,6617.4
904467,5010046,fedex,16-10-2025,29-10-2025,743.34,10954.1
904468,5009243,DHL Express,09-10-2024,13-10-2024,202.57,3341.9
904469,5004945,DHL,05-10-2024,11-10-2024,128.88,2611.8
904470,5002560,DHL,25-07-2022,15-08-2022,754.21,11058.3
904471,5008181,DHL,03-10-2024,04-10-2024,33.26,222.2
904472,5006308,UPS,14-05-2022,05-28-2022,761.7,11923.9
904473,5009061,Blue Dart,01-06-2026,12-06-2026,392.62,6847.8
904474,5008770,UPS,19-09-2021,25-09-2021,176,
904475,5010531,FedEx,28-11-2021,11-29-2021,41.21,483.8
904476,5000085,fedex,25-02-2026,01-03-2026,130.65,2132.6
904477,5002819,Maersk,16-05-2024,21-05-2024,307.94,4558.6
904478,5002472,DHL Express,22-10-2025,,185.84,3238
904479,5008025,fedex,29-05-2026,30-05-2026,76.59,1010.1
904480,5008829,DHL Express,22-10-2025,26-10-2025,154.12,3601
904481,5009464,fedex,,,424.36,6183.7
904482,5007571,fedex,19-04-2026,27-04-2026,216.61,5224.5
904483,5008043,Blue Dart,17-08-2022,30-08-2022,434.63,9296.2
904484,5009486,DHL Express,21-07-2023,08-05-2023,569.58,11105.1
904485,5007308,Maersk,22-07-2025,23-07-2025,80.34,1111.8
904486,5005532,UPS,,,480.22,8489.9
904487,5006913,Blue Dart,04-16-2024,17-04-2024,44.97,650.3
904488,5006225,Blue Dart,10-04-2026,12-04-2026,73.69,1247.9
904489,5002905,fedex,18-04-2026,27-04-2026,,7000.7
904490,5011108,fedex,02-04-2025,16-04-2025,,8063.1
904491,5011987,fedex,02-12-2023,18-12-2023,457.4,10206.5
904492,5009157,fedex,,,39.23,544.8
904493,5003079,DHL Express,07-06-2022,11-06-2022,147.32,2157.6
904494,5011480,UPS,02-08-2024,11-08-2024,416.12,7886.9
904495,5000391,DHL Express,21-01-2023,,140.1,2363.2
904496,5000922,UPS,28-02-2023,05-03-2023,264.32,4926.2
904497,5007187,DHL Express,22-06-2026,06-07-2026,434.2,9076.9
904498,5002660,Maersk,18-04-2023,20-04-2023,90.55,1661.3
904499,5001085,Maersk,04-09-2025,08-09-2025,98.82,1844.6
904500,5010329,DHL,29-03-2026,04-04-2026,309.41,
904501,5011027,DHL,01-02-2022,12-02-2022,366.89,6557
904502,5008200,Blue Dart,28-07-2025,07-08-2025,467.02,9125.4
904503,5009319,fedex,09-10-2022,23-10-2022,267.16,5763.7
904504,5001785,DHL,05-05-2026,17-05-2026,275.67,5329.2
904505,5005974,fedex,25-05-2026,03-06-2026,273.5,5162.3
904506,5000267,Maersk,13-02-2025,27-02-2025,549.49,11588.9
904507,5007946,DHL,12-03-2026,,,2791.7
904508,5010050,FedEx,06-08-2025,08-15-2025,,4208.3
904509,5003885,DHL,19-04-2026,04-May-26,512.91,
904510,5004981,DHL,,,331,5052.9
904511,5010488,UPS,09-24-2025,15-10-2025,581.44,11348.5
904512,5002117,fedex,05-07-2026,07-14-2026,358.34,7653.5
904513,5000873,FedEx,13-Jul-24,21-07-2024,482.99,6759.8
904514,5005983,UPS,10-12-2025,11-12-2025,70.12,
904515,5001711,FedEx,20-10-2024,28-10-2024,222.93,4027.9
904516,5008318,FedEx,20-10-2025,28-Oct-25,415.06,6986.8
904517,5010641,DHL,08-02-2026,10-02-2026,113.53,1915.7
904518,5010771,UPS,06-08-2021,09-08-2021,109.5,
904519,5011193,Maersk,18-12-2025,25-Dec-25,293.07,5649.4
904520,5009569,FedEx,09-05-2024,10-05-2024,,618.6
904521,5000177,Maersk,07-01-2024,,490.54,11511.2
904522,5005016,fedex,06-05-2025,11-06-2025,346.7,4852.4
904523,5010336,DHL,12-05-2026,17-05-2026,280.89,4274
904524,5009580,FedEx,10-11-2023,19-11-2023,261.53,4120.1
904525,5009975,DHL,26-12-2024,28-12-2024,60.75,1162.7
904526,5002735,DHL,21-12-2024,28-Dec-24,277.31,4460.5
904527,5006621,fedex,05-08-2025,06-08-2025,99.35,1296.2
904528,5011077,UPS,14-05-2024,29-05-2024,403.65,7394.2
904529,5001237,Maersk,06-01-2026,17-01-2026,303.95,5528.4
904530,5004360,Maersk,05-01-2025,24-01-2025,434.07,9622.7
904531,5004032,fedex,,,138.76,1879.2
904532,5005541,DHL Express,04-13-2026,24-04-2026,337.54,7302.1
904533,5006621,FedEx,02-08-2025,21-08-2025,428.65,10027.3
904534,5010792,Maersk,02-06-2025,,316.17,6467.1
904535,5003084,Maersk,,,97.69,2177.7
904536,5000766,Maersk,29-08-2024,,250.02,5327.4
904537,5004672,FedEx,28-09-2023,04-10-2023,249,3878.4
904538,5000303,Maersk,12-12-2021,14-12-2021,148.36,1924.4
904539,5005657,DHL,12-03-2026,04-01-2026,,9756.3
904540,5003326,UPS,18-03-2023,31-03-2023,630.62,9382.1
904541,5003441,DHL,19-07-2026,,88.13,1764.5
904542,5003315,UPS,09-03-2026,24-03-2026,767.82,
904543,5006032,UPS,27-11-2024,03-12-2024,196.28,4667.3
904544,5005568,Maersk,13-09-2025,24-09-2025,555.06,8367.4
904545,5006580,DHL Express,28-07-2024,15-08-2024,638.58,11671
904546,5010538,UPS,04-10-2024,09-10-2024,238.08,3994.6
904547,5010380,fedex,06-07-2026,10-07-2026,173.14,2693.3
904548,5003286,fedex,16-04-2026,25-04-2026,216.35,4944.1
904549,5007354,DHL Express,08-04-2024,10-08-2024,351.69,5036.2
904550,5003979,Blue Dart,16-03-2026,25-03-2026,296.15,5363.8
904551,5010760,DHL Express,,,835.42,11774.7
904552,5001387,Blue Dart,07-08-2023,11-08-2023,186.76,3248.5
904553,5006068,fedex,02-01-2026,13-Jan-26,243.28,5727.1
904554,5002384,DHL Express,18-05-2026,19-05-2026,28.67,435.6
904555,5004910,DHL Express,07-07-2026,09-07-2026,148.36,2255
904556,5004418,DHL,29-05-2025,10-06-2025,266.16,6035.9
904557,5002316,DHL Express,24-06-2024,01-07-2024,415.16,6589.1
904558,5006140,DHL Express,,,545.13,8895.3
904559,5007579,FedEx,12-03-2021,27-03-2021,467.18,10781
904560,5002362,DHL Express,28-11-2025,11-12-2025,553.98,11554.3
904561,5001810,Maersk,16-02-2023,23-02-2023,366.81,6164.7
904562,5005863,DHL Express,06-03-2025,09-03-2025,169.77,2354.3
904563,5008177,DHL,11-06-2022,12-06-2022,37.16,475.6
904564,5002171,DHL Express,16-04-2026,04-May-26,442.12,9299.2
904565,5006356,DHL Express,29-07-2023,09-08-2023,402.58,9695.1
904566,5008149,Maersk,30-06-2024,04-07-2024,261.7,
904567,5009759,Maersk,01-07-2024,12-07-2024,435.53,7783.4
904568,5009357,Maersk,04-29-2022,30-Apr-22,92.79,
904569,5003200,Blue Dart,08-01-2026,19-01-2026,285.48,5148.7
904570,5007951,Maersk,22-05-2026,24-05-2026,112.55,1574.1
904571,5007894,UPS,23-06-2026,01-07-2026,272.16,4829.7
904572,5006350,DHL Express,20-12-2024,02-01-2025,456.15,10529.2
904573,5007226,Maersk,30-07-2025,10-08-2025,555.01,7948.5
904574,5010568,Maersk,08-01-2026,21-01-2026,688.71,10149.3
904575,5005695,FedEx,10-07-2025,01-08-2025,489.25,11795.8
904576,5004392,Blue Dart,05-06-2026,06-06-2026,49.94,971
904577,5008952,fedex,18-09-2025,,286.52,4056.7
904578,5010076,UPS,11-10-2025,13-10-2025,81.28,1786.3
904579,5005424,DHL,04-11-2024,08-11-2024,268.16,4140.9
904580,5005161,Maersk,28-Dec-24,30-12-2024,52.26,1166.6
904581,5002404,Blue Dart,12-Feb-25,24-02-2025,423.3,7349.8
904582,5007815,DHL,19-02-2026,24-02-2026,150.94,2668.8
904583,5003034,DHL Express,24-09-2024,25-09-2024,50.42,932.7
904584,5008154,Maersk,,,54.66,974.8
904585,5009158,DHL,12-01-2023,21-01-2023,335.5,7327.9
904586,5010880,DHL,27-07-2025,01-08-2025,241.02,3553.7
904587,5009553,DHL,25-01-2025,06-02-2025,261.25,5048.3
904588,5000021,Maersk,04-28-2025,06-05-2025,347.89,
904589,5006546,DHL Express,20-04-2026,24-04-2026,157.76,3417.2
904590,5010546,DHL Express,08-02-2026,13-Feb-26,316.04,4503.3
904591,5000748,DHL,21-08-2024,26-08-2024,272.88,4539
904592,5000129,DHL Express,,,202.79,
904593,5007667,DHL Express,05-09-2022,19-09-2022,419.75,6673.8
904594,5009468,Maersk,18-10-2025,05-11-2025,601.17,10008.6
904595,5001746,Blue Dart,18-09-2024,22-09-2024,195.92,3270.2
904596,5004635,FedEx,31-07-2026,06-08-2026,193.4,2956.4
904597,5002530,Maersk,15-12-2023,03-01-2024,638.88,11974.7
904598,5001375,fedex,29-11-2025,,88.04,1175.6
904599,5007932,Maersk,12-12-2023,21-12-2023,553.06,7862.6
904600,5009812,UPS,21-08-2025,04-09-2025,650.44,9958.1
904601,5004532,FedEx,01-12-2025,04-12-2025,111.39,2481.9
904602,5003089,Blue Dart,,,215.48,4322
904603,5005725,Blue Dart,02-12-2025,06-12-2025,178.09,3349.7
904604,5001855,Maersk,13-03-2023,27-03-2023,433.49,10115.1
904605,5007806,UPS,08-06-2025,21-06-2025,571.54,8231.6
904606,5010735,UPS,11-06-2025,12-06-2025,44.1,871.3
904607,5002369,FedEx,12-03-2026,13-03-2026,53.05,1017.7
904608,5005003,DHL Express,04-Jun-26,11-06-2026,357.16,6411.8
904609,5001617,Blue Dart,28-12-2022,03-01-2023,351.51,4977.6
904610,5011652,FedEx,20-03-2025,04-04-2025,585.88,9367.3
904611,5000128,DHL Express,28-02-2023,08-03-2023,446.97,
904612,5001304,DHL,13-01-2025,22-01-2025,508.59,8036.5
904613,5003764,DHL,28-02-2024,09-03-2024,408.51,9014.2
904614,5011823,FedEx,05-11-2024,12-05-2024,50.88,832.9
904615,5006876,fedex,13-07-2024,25-07-2024,313.71,6875
904616,5011559,Blue Dart,,,387.81,7084.1
904617,5006713,DHL,17-11-2025,01-12-2025,670.01,11949.3
904618,5010715,fedex,11-06-2022,24-06-2022,458.97,10862
904619,5009819,fedex,28-10-2025,10-11-2025,696.2,10695.5
904620,5005708,UPS,18-09-2025,20-09-2025,136.4,2103.8
904621,5007807,DHL,18-08-2025,23-08-2025,259.34,4793.7
904622,5009887,Maersk,18-10-2024,27-10-2024,287.26,5566
904623,5002579,Blue Dart,,,545.07,
904624,5009527,UPS,,,237.21,5117
904625,5006505,fedex,11-04-2025,13-04-2025,97.67,1615.1
904626,5004995,Maersk,,,524.94,11575.1
904627,5007701,fedex,21-05-2024,29-05-2024,339.55,7761.8
904628,5006066,DHL,30-05-2025,,765.89,11612.2
904629,5009334,FedEx,09-11-2024,21-11-2024,559.62,7956.9
904630,5002258,FedEx,18-12-2023,04-01-2024,741.12,11100.5
904631,5004543,fedex,25-10-2024,11-11-2024,487.23,7577.1
904632,5006179,Maersk,03-06-2025,11-06-2025,340.23,5632.1
904633,5000786,fedex,25-09-2025,16-10-2025,587,10568.5
904634,5011339,UPS,,,321.59,7896.3
904635,5003148,DHL Express,01-10-2024,29-01-2024,423.07,8127.3
904636,5006444,DHL Express,02-10-2025,15-10-2025,298.64,
904637,5011200,UPS,27-02-2024,02-03-2024,148.53,3199.3
904638,5010256,Maersk,07-06-2025,17-06-2025,435.47,8293
904639,5006835,DHL Express,28-05-2022,07-06-2022,384.38,6551
904640,5005223,FedEx,20-02-2023,21-02-2023,9.57,45.9
904641,5007172,DHL,07-04-2026,20-04-2026,426.15,9181.4
904642,5008590,DHL Express,13-11-2023,14-11-2023,91.33,1542
904643,5007527,Maersk,10-08-2024,08-26-2024,,7796.3
904644,5002584,UPS,02-06-2026,03-06-2026,27.55,342.3
904645,5011666,DHL Express,21-02-2026,22-Feb-26,15.16,247.3
904646,5006032,fedex,,,285.09,4783.8
904647,5007280,DHL,02-09-2025,09-13-2025,468,8688.9
904648,5007603,Blue Dart,29-04-2026,09-05-2026,318.73,7101.9
904649,5009013,DHL,29-01-2025,07-02-2025,634.88,8979.9
904650,5002472,Maersk,27-10-2025,11-04-2025,378.14,6205
904651,5010273,Maersk,01-09-2024,02-09-2024,83.16,1176.4
904652,5001346,Blue Dart,16-12-2022,30-12-2022,370.23,6210.3
904653,5010410,Maersk,06-04-2026,15-04-2026,327.01,5227.4
904654,5011776,fedex,19-09-2024,10-05-2024,276.98,6720.3
904655,5004637,Blue Dart,22-11-2023,01-12-2023,482.39,7509.5
904656,5007358,UPS,08-11-2025,12-11-2025,219.59,3798.4
904657,5011702,Blue Dart,02-09-2023,20-09-2023,574.19,10614.2
904658,5000056,DHL,02-Feb-22,18-02-2022,508.64,11348.6
904659,5008116,UPS,09-06-2025,06-17-2025,345.57,4793.3
904660,5002447,Blue Dart,27-10-2023,12-11-2023,565.62,8259
904661,5009169,Blue Dart,20-12-2021,25-12-2021,196.99,3607.8
904662,5002184,FedEx,20-08-2023,01-09-2023,,6844.1
904663,5008825,Maersk,,,445.76,8261
904664,5000106,DHL Express,18-11-2023,20-11-2023,158.86,2164.3
904665,5011331,DHL,14-06-2026,22-06-2026,405.31,6698.1
904666,5009698,fedex,10-04-2025,12-04-2025,68.84,985.7
904667,5000614,fedex,02-Nov-22,12-11-2022,423.79,8773.2
904668,5005327,DHL Express,23-02-2026,24-02-2026,36.76,755.7
904669,5009128,UPS,27-02-2026,07-03-2026,314.24,5627.9
904670,5005454,fedex,02-09-2023,,547.26,10729.8
904671,5001813,DHL,13-12-2022,19-Dec-22,269.56,4086.6
904672,5005928,FedEx,27-01-2024,03-Feb-24,202.76,3648.7
904673,5003027,DHL Express,30-05-2025,02-06-2025,127.65,2338.4
904674,5010660,DHL,10-13-2022,14-10-2022,20.34,256.4
904675,5002674,Blue Dart,,,278.24,3844.3
904676,5006796,Maersk,06-Jun-24,16-06-2024,259.95,5742.5
904677,5006979,DHL Express,23-06-2026,,746.51,
904678,5001740,fedex,02-06-2024,07-06-2024,195.3,3762.9
904679,5008596,DHL,21-01-2024,04-02-2024,818.31,11931.4
904680,5001659,UPS,01-20-2024,25-01-2024,126.79,2568.4
904681,5010837,FedEx,17-04-2026,28-04-2026,326.98,4917.6
904682,5003430,Blue Dart,23-07-2025,02-08-2025,513.81,8377.1
904683,5009393,DHL,25-01-2022,08-02-2022,449.06,7964.6
904684,5011810,DHL,15-02-2026,22-02-2026,418.02,6208.2
904685,5003955,Maersk,31-12-2024,02-Jan-25,72.94,1354.8
904686,5011858,UPS,07-10-2021,25-10-2021,507.13,9407.1
904687,5000257,UPS,11-06-2023,05-07-2023,557.55,10002.7
904688,5000567,FedEx,16-11-2024,21-11-2024,224.21,
904689,5003218,UPS,09-11-2022,01-12-2022,523.66,9761.2
904690,5008390,DHL,10-Jan-26,24-01-2026,591.04,9938.5
904691,5008842,DHL Express,23-04-2025,03-05-2025,492.52,9475.4
904692,5006141,fedex,03-10-2025,,540.42,7951.4
904693,5010990,Maersk,02-11-2022,09-11-2022,275.41,5485.6
904694,5008841,UPS,05-10-2022,07-10-2022,68.53,1344.5
904695,5008476,Maersk,18-03-2023,24-03-2023,333,5123.7
904696,5010212,Maersk,13-12-2025,15-12-2025,,1188.9
904697,5008496,FedEx,02-07-2025,13-07-2025,507.43,9561.3
904698,5004830,Blue Dart,06-06-2025,12-Jun-25,280.1,4505.1
904699,5001411,FedEx,16-11-2025,20-11-2025,177.62,3862.4
904700,5005143,Maersk,12-05-2026,19-05-2026,217.36,
904701,5000998,UPS,01-12-2025,02-12-2025,43.84,635.5
904702,5011550,FedEx,28-01-2023,05-02-2023,396.48,7176.1
904703,5007291,DHL Express,09-07-2025,13-07-2025,166.81,2413.2
904704,5011499,UPS,21-07-2024,22-07-2024,27.77,365.8
904705,5005509,fedex,25-05-2025,04-06-2025,372.04,5226.4
904706,5002227,DHL Express,03-11-2024,06-11-2024,94.2,1454.9
904707,5002629,FedEx,29-08-2025,01-09-2025,164.15,2495.1
904708,5005372,FedEx,12-12-2025,13-12-2025,43.13,844.4
904709,5006805,Blue Dart,21-06-2024,07-07-2024,552.22,11837
904710,5008713,UPS,26-04-2023,07-05-2023,363.3,5414.5
904711,5005277,fedex,27-05-2025,06-06-2025,419.56,6777.7
904712,5002201,DHL,14-02-2026,22-02-2026,194.68,
904713,5004365,DHL,16-May-26,05-21-2026,269.99,4078.4
904714,5000686,fedex,05-08-2026,21-08-2026,376.66,9140.3
904715,5003364,fedex,20-08-2025,21-08-2025,,1393.9
904716,5010976,FedEx,07-07-2024,23-07-2024,370.85,7494.3
904717,5000548,FedEx,25-11-2025,04-Dec-25,395.24,7925.6
904718,5000340,Maersk,06-19-2025,29-06-2025,421.41,7717.2
904719,5011307,UPS,21-04-2026,23-04-2026,98.09,1523.9
904720,5006060,DHL,03-02-2026,05-02-2026,80.63,1996.5
904721,5005914,DHL Express,05-08-2023,06-08-2023,,800
904722,5000475,fedex,29-06-2025,24-07-2025,646.17,10503.9
904723,5005105,DHL,18-11-2024,29-11-2024,366.62,7621.7
904724,5008972,fedex,30-05-2025,07-06-2025,324.27,6998.5
904725,5002369,Maersk,09-03-2026,22-03-2026,528.63,7903
904726,5002911,Blue Dart,25-05-2024,,98.72,1893.2
904727,5004001,UPS,10-08-2025,20-Oct-25,383.49,6465.4
904728,5006172,Blue Dart,09-22-2023,25-09-2023,182.56,2577
904729,5000369,DHL,20-06-2023,11-07-2023,633.76,10011.9
904730,5008675,Blue Dart,,,123.7,1999.9
904731,5007621,FedEx,21-04-2025,24-04-2025,106.59,1830.7
904732,5003929,FedEx,06-04-2026,08-04-2026,101.07,1434.2
904733,5009998,DHL Express,,,223.5,3310.7
904734,5001928,Maersk,15-12-2023,23-12-2023,245.85,3949.5
904735,5009664,Maersk,19-07-2025,25-07-2025,351.15,5441.2
904736,5000101,Maersk,,,466.41,8491.7
904737,5003061,Blue Dart,02-03-2026,11-03-2026,331.34,5825.9
904738,5004672,DHL Express,02-10-2023,,8.14,226.2
904739,5011161,fedex,21-02-2023,02-03-2023,387.57,5819.3
904740,5011738,FedEx,24-08-2024,10-09-2024,394.12,8039.8
904741,5010365,DHL Express,09-03-2025,30-03-2025,518.93,10316.4
904742,5009189,DHL,01-12-2023,05-12-2023,203.63,3591.6
904743,5008204,fedex,16-10-2025,19-10-2025,135.33,2237.2
904744,5011590,FedEx,,,599.57,8588.5
904745,5010795,DHL,17-09-2025,03-10-2025,326.21,7486
904746,5011167,fedex,14-07-2026,18-07-2026,169.16,3450.5
904747,5001026,fedex,20-03-2026,31-03-2026,245.25,4760.1
904748,5002728,FedEx,11-01-2025,28-01-2025,486.43,11336.7
904749,5002216,DHL,28-02-2025,15-03-2025,489,10553.7
904750,5006108,Blue Dart,14-05-2023,21-05-2023,470.9,6963.3
904751,5010698,Blue Dart,09-03-2025,16-03-2025,197.35,4396.9
904752,5001404,Maersk,25-11-2023,05-12-2023,352.62,6360.5
904753,5007187,FedEx,17-06-2026,04-07-2026,320.57,7494.6
904754,5011857,UPS,08-03-2024,03-15-2024,253.12,5724
904755,5004019,FedEx,23-Aug-23,04-09-2023,736.93,10576.9
904756,5003639,Blue Dart,16-06-2025,26-06-2025,416.85,5887.1
904757,5002716,UPS,30-12-2024,07-01-2025,256.53,5497.3
904758,5010145,DHL Express,06-03-2024,20-03-2024,796.08,11901.9
904759,5002775,fedex,22-08-2025,26-08-2025,243.72,
904760,5000143,fedex,,,320.82,5863.2
904761,5006603,fedex,15-07-2025,20-07-2025,216.08,5001.9
904762,5005307,fedex,08-12-2025,12-12-2025,172.72,2658
904763,5011261,DHL Express,,,37.1,557.4
904764,5003576,fedex,,,58.92,
904765,5004350,DHL Express,29-06-2025,18-Jul-25,585.49,10120.1
904766,5009396,fedex,08-11-2025,12-08-2025,81.51,1505.9
904767,5003849,DHL Express,06-08-2024,10-08-2024,154.26,3193.6
904768,5006847,fedex,09-11-2025,19-11-2025,363.61,7667.6
904769,5011402,Blue Dart,17-04-2026,18-04-2026,33.24,701.9
904770,5007338,UPS,27-01-2024,03-02-2024,154.57,3206.5
904771,5003568,DHL,07-08-2025,11-08-2025,181.95,2766.6
904772,5002035,FedEx,03-09-2022,08-09-2022,124.85,2852.6
904773,5007372,fedex,11-12-2025,19-12-2025,269,4628.9
904774,5008282,Maersk,18-02-2025,22-02-2025,184.5,3059.8
904775,5003940,DHL,,,433.07,8861.8
904776,5011958,UPS,21-10-2022,02-11-2022,394.57,6881.4
904777,5010372,fedex,07-09-2024,20-09-2024,434.8,8393.4
904778,5007223,Blue Dart,19-09-2025,20-09-2025,42.99,553
904779,5001851,DHL,09-12-2025,,489.94,7161
904780,5007665,Maersk,24-12-2025,31-12-2025,,4975.2
904781,5001240,UPS,09-04-2026,15-04-2026,204.87,3321
904782,5002113,fedex,,,80.36,1329
904783,5000036,fedex,17-04-2022,11-05-2022,507.02,10832.9
904784,5008845,Blue Dart,14-09-2025,15-09-2025,34.33,454.7
904785,5010085,FedEx,05-Sep-22,28-09-2022,450.86,10316.3
904786,5001907,Maersk,03-07-2021,,354.03,
904787,5007954,Maersk,27-06-2026,14-07-2026,515.12,8498.1
904788,5000339,DHL,09-06-2026,22-06-2026,672.53,11753.1
904789,5010638,fedex,05-Sep-25,14-09-2025,,6675.9
904790,5004095,fedex,,,171.82,2965.2
904791,5009867,FedEx,25-05-2025,08-Jun-25,,11450.5
904792,5006498,FedEx,06-07-2023,09-06-2023,59.01,1164.4
904793,5011348,FedEx,01-11-2024,02-11-2024,38.84,683.2
904794,5000308,DHL Express,05-06-2025,19-06-2025,697.29,11615.1
904795,5002341,UPS,,,75.73,1551.8
904796,5005540,fedex,22-05-2026,26-05-2026,205.24,4145.8
904797,5010969,FedEx,04-02-2026,05-02-2026,48.62,549
904798,5002898,Maersk,,,211.37,3552.5
904799,5001451,DHL,03-03-2021,07-03-2021,251.09,3876
904800,5006735,Maersk,11-01-2026,14-01-2026,71.15,1577.9
904801,5007560,fedex,27-03-2026,07-04-2026,450.56,7009.8
904802,5009733,UPS,02-05-2025,11-05-2025,370.54,
904803,5005853,FedEx,27-01-2022,02-08-2022,551.59,9264.5
904804,5002823,Maersk,25-07-2025,05-08-2025,530.35,10177.7
904805,5004748,Maersk,20-12-2023,21-12-2023,57.5,1282.3
904806,5005551,DHL Express,13-12-2024,31-12-2024,335.95,7840.2
904807,5009868,UPS,02-05-2025,19-05-2025,505.83,7411.4
904808,5002706,DHL,26-06-2026,,439.75,9801.5
904809,5004139,FedEx,27-04-2024,13-05-2024,720.41,11784.8
904810,5010133,DHL Express,20-08-2024,05-09-2024,410.84,9614
904811,5001102,Blue Dart,23-07-2024,02-08-2024,342.4,7934.2
904812,5004024,DHL Express,08-09-2025,09-Sep-25,69.91,978
904813,5001517,Maersk,05-09-2025,21-09-2025,478.31,11680.2
904814,5001334,UPS,27-11-2025,05-12-2025,289.06,4937.6
904815,5000348,Maersk,23-09-2024,06-10-2024,449.53,8591.5
904816,5007848,DHL Express,22-06-2023,08-07-2023,604.37,10675.3
904817,5005325,Maersk,03-09-2025,09-09-2025,364.93,5294.6
904818,5002806,DHL,17-08-2023,18-08-2023,81.47,1402.1
904819,5005335,fedex,12-07-2025,13-07-2025,98.27,1345.3
904820,5011212,Blue Dart,25-09-2024,15-10-2024,611.56,10783.1
904821,5010238,DHL Express,22-08-2025,05-09-2025,402.3,8310.8
904822,5010461,DHL,07-10-2023,14-10-2023,326.14,5802
904823,5003575,fedex,19-12-2025,08-01-2026,419.62,10008.8
904824,5007320,fedex,01-04-2025,13-Apr-25,614.44,10606.8
904825,5005423,Maersk,04-01-2026,13-01-2026,334.02,6420.9
904826,5009938,DHL,05-12-2025,,366.25,6386.6
904827,5009621,DHL Express,26-07-2022,07-08-2022,661.25,10950.3
904828,5007081,fedex,03-14-2025,15-03-2025,87.34,1497.5
904829,5008703,fedex,11-Jul-21,25-07-2021,445.98,
904830,5007547,fedex,01-10-2024,15-10-2024,456.71,10702.9
904831,5000597,fedex,13-07-2025,26-07-2025,519.46,8914.6
904832,5003963,DHL,10-10-2022,11-10-2022,65.3,1197.2
904833,5010482,Maersk,10-06-2025,15-06-2025,144.86,2577.4
904834,5010584,UPS,11-12-2025,20-Dec-25,294.1,6027
904835,5001638,FedEx,28-12-2021,10-01-2022,518.12,9710.4
904836,5007130,FedEx,26-02-2024,21-03-2024,620.41,
904837,5002858,Blue Dart,30-01-2025,03-02-2025,199.65,2961.9
904838,5009002,Blue Dart,10-02-2026,22-02-2026,436.9,6901
904839,5010882,fedex,21-04-2026,22-04-2026,,383.3
904840,5004067,Blue Dart,04-08-2026,14-04-2026,,5042.6
904841,5002865,DHL Express,14-03-2025,15-03-2025,12.3,80
904842,5009216,DHL,,,111.54,1849.9
904843,5004396,Maersk,22-Feb-25,24-02-2025,135.61,2079.3
904844,5009158,DHL Express,,,729.49,10285.1
904845,5005276,FedEx,12-12-2023,23-12-2023,264.56,
904846,5003205,DHL Express,03-07-2023,16-07-2023,443.1,7359.9
904847,5008048,DHL Express,14-02-2024,08-03-2024,692.85,10572.4
904848,5004209,DHL Express,,,,4054.2
904849,5008691,DHL,18-02-2025,18-03-2025,781.87,11910.8
904850,5004159,Maersk,13-11-2023,14-11-2023,3,
904851,5007506,DHL Express,03-04-2025,09-04-2025,305.34,5771.8
904852,5001699,UPS,18-10-2025,,415.05,9195.4
904853,5005165,DHL,20-09-2024,,235.22,4213.3
904854,5010382,FedEx,20-Aug-25,23-08-2025,109.87,1954.2
904855,5011306,DHL Express,30-05-2025,31-05-2025,,1311.3
904856,5005324,Maersk,05-07-2023,07-11-2023,248.52,5718.8
904857,5004475,FedEx,08-04-2025,29-04-2025,682.27,11590.4
904858,5001783,Blue Dart,01-01-2023,07-01-2023,257.34,4897.3
904859,5011222,fedex,06-02-2026,10-02-2026,185.6,2806.7
904860,5001972,Maersk,27-06-2025,30-06-2025,161.43,3098.7
904861,5008974,DHL,03-09-2024,21-09-2024,486.73,11054.2
904862,5004552,FedEx,09-09-2023,10-09-2023,11.62,130.6
904863,5007354,DHL,,,170.25,
904864,5007175,DHL,02-05-2026,08-05-2026,138.59,3135.9
904865,5011263,Maersk,14-09-2023,25-09-2023,352.26,8118.1
904866,5010978,FedEx,08-06-2026,20-06-2026,673.47,9718
904867,5010179,DHL,15-May-26,16-05-2026,63.63,851.3
904868,5010672,DHL Express,18-Nov-25,29-11-2025,466.42,8722.6
904869,5004788,FedEx,18-08-2021,,186.45,3300.5
904870,5001978,DHL Express,15-11-2025,17-11-2025,76.39,1287.7
904871,5009173,FedEx,18-09-2025,25-09-2025,314.33,4874.7
904872,5008875,fedex,02-Apr-24,15-04-2024,265.19,5991.9
904873,5006725,DHL,01-07-2026,07-07-2026,,3180
904874,5011085,Blue Dart,12-10-2025,25-10-2025,772.76,10743.6
904875,5003044,Maersk,24-06-2026,09-07-2026,701.16,11766.2
904876,5011379,fedex,03-12-2025,11-12-2025,427.31,6421.9
904877,5010643,DHL Express,13-07-2026,20-07-2026,176.47,4095.3
904878,5005828,UPS,09-04-2025,28-04-2025,719.5,11955.4
904879,5004913,FedEx,11-07-2025,22-07-2025,377.62,8666.8
904880,5002875,FedEx,05-08-2023,09-08-2023,265.47,4378.4
904881,5011150,Maersk,01-11-2024,11-13-2024,310.8,6068.6
904882,5000022,DHL,15-05-2026,,89.71,1460.3
904883,5004435,DHL,,,610.58,11386.6
904884,5008066,UPS,08-11-2025,,209.88,4066.6
904885,5005614,DHL,31-08-2022,07-09-2022,303.9,5556.6
904886,5000447,fedex,30-05-2026,02-06-2026,133.96,2644.7
904887,5005276,DHL,09-12-2023,18-12-2023,447.87,7282.7
904888,5004572,UPS,09-01-2025,14-01-2025,264,3725.3
904889,5000052,UPS,09-11-2022,28-11-2022,663.18,9654.2
904890,5010664,UPS,16-Jan-25,20-01-2025,132.33,2662.4
904891,5002658,DHL,16-01-2024,22-01-2024,269.73,5899
904892,5002620,DHL,27-07-2023,07-31-2023,250.03,3765.6
904893,5008504,FedEx,04-05-2022,09-05-2022,235.32,4204
904894,5009985,fedex,,,420.28,9204.9
904895,5011396,DHL,15-06-2024,21-06-2024,178.19,3198.8
904896,5000281,fedex,,,136.64,2288.8
904897,5004376,DHL Express,23-02-2025,28-02-2025,130.06,
904898,5008726,FedEx,13-09-2024,21-09-2024,308.82,7225.7
904899,5002144,FedEx,05-04-2026,17-04-2026,363.86,7825.5
904900,5011630,DHL Express,28-10-2024,,315.32,4672.5
904901,5010239,UPS,,,207.89,4526.7
904902,5007367,DHL,28-04-2024,12-05-2024,546.19,8834.6
904903,5011477,fedex,08-22-2021,27-08-2021,212.68,3612.7
904904,5008110,Blue Dart,15-06-2025,09-07-2025,550.97,11923.7
904905,5011178,UPS,07-04-2022,19-04-2022,474.04,9682.4
904906,5001711,Maersk,18-10-2024,25-10-2024,,6206.7
904907,5008203,DHL Express,09-11-2025,18-11-2025,386.09,6388.6
904908,5006928,FedEx,27-01-2025,08-02-2025,575.63,8625.4
904909,5001591,DHL,08-02-2025,12-02-2025,81.01,1771.1
904910,5007779,FedEx,27-02-2026,04-Mar-26,154.03,2938.8
904911,5004971,Maersk,18-01-2022,21-01-2022,121.9,1654.4
904912,5007850,UPS,,,643.92,10608.2
904913,5008256,UPS,24-01-2026,05-02-2026,658.05,10817.3
904914,5007185,Maersk,02-10-2025,03-10-2025,47.3,494.2
904915,5000132,Blue Dart,12-12-2023,20-12-2023,221.35,4514.6
904916,5009465,DHL,,,490.1,8078.9
904917,5009556,Maersk,29-07-2023,30-07-2023,46.94,699
904918,5001867,DHL Express,18-01-2024,24-Jan-24,187.43,3615.2
904919,5009137,Maersk,27-08-2024,14-09-2024,400,8817.5
904920,5001342,DHL Express,03-03-2026,14-Mar-26,302.94,6596.4
904921,5011975,fedex,,,51.82,956
904922,5009292,fedex,14-05-2023,08-06-2023,558.9,11866.8
904923,5009005,FedEx,,,163.9,2713.9
904924,5000030,DHL,06-04-2024,16-04-2024,575.27,8262.5
904925,5001928,Maersk,18-12-2023,01-01-2024,603.18,10913.9
904926,5002558,Blue Dart,23-06-2021,04-Jul-21,553.84,9581.5
904927,5003532,FedEx,15-04-2026,21-04-2026,225.5,3901.2
904928,5008533,DHL,17-02-2025,24-02-2025,313.94,5169.4
904929,5010252,Blue Dart,14-03-2026,23-03-2026,456.78,6726
904930,5009252,DHL Express,18-12-2024,29-12-2024,432.2,7227.7
904931,5000640,DHL Express,24-11-2025,08-12-2025,620.43,10705.3
904932,5002157,Blue Dart,15-10-2025,18-10-2025,143.1,2418.9
904933,5009072,FedEx,08-12-2025,09-Dec-25,43.5,617.1
904934,5011621,Maersk,21-04-2025,01-05-2025,518.14,8228.8
904935,5011873,FedEx,17-10-2025,18-10-2025,40.01,550.1
904936,5009217,DHL Express,06-04-2026,08-04-2026,122.15,1734.9
904937,5003899,DHL,,,467.55,7383
904938,5011422,FedEx,30-03-2026,03-04-2026,270.13,4013.9
904939,5000499,UPS,03-02-2026,12-02-2026,368.75,5769
904940,5000660,Blue Dart,08-27-2023,31-08-2023,99.59,2071.3
904941,5010529,DHL,01-10-2025,03-10-2025,71.89,1615.5
904942,5011120,FedEx,24-05-2026,07-06-2026,454.21,9515.7
904943,5011520,fedex,03-05-2021,20-05-2021,458.31,9013.4
904944,5008485,DHL Express,15-07-2025,29-07-2025,372.65,9085.8
904945,5010774,Blue Dart,28-11-2021,01-12-2021,107.1,2277.4
904946,5010219,Blue Dart,26-06-2026,09-07-2026,,8712.6
904947,5004591,Blue Dart,,,270.41,4916.7
904948,5003043,FedEx,17-05-2026,,97.61,1429.2
904949,5006524,DHL Express,15-07-2025,,204.25,2985.2
904950,5004764,FedEx,20-05-2025,01-06-2025,640.36,9070
904951,5005050,DHL,08-05-2024,09-05-2024,40.82,610.6
904952,5002585,DHL,14-08-2025,19-08-2025,,4237.3
904953,5000018,Maersk,18-04-2023,04-20-2023,94,
904954,5007025,Blue Dart,,,639.81,
904955,5006245,fedex,07-12-2022,10-12-2022,143,3244
904956,5008860,DHL Express,02-01-2026,01-26-2026,818.24,11822.4
904957,5011956,DHL Express,27-05-2025,02-06-2025,261.68,
904958,5002882,UPS,28-08-2024,,426.89,6938.6
904959,5008584,DHL Express,22-01-2023,31-01-2023,341.06,7050.9
904960,5004698,DHL,01-07-2026,03-07-2026,97.03,1957.9
904961,5008475,fedex,17-01-2023,21-01-2023,162.77,3539.7
904962,5007054,fedex,01-12-2024,,309.87,4419.5
904963,5006989,UPS,06-12-2023,17-12-2023,518.09,7544.6
904964,5004056,FedEx,26-07-2024,06-Aug-24,,7883.9
904965,5009142,DHL,03-07-2025,06-07-2025,137.83,2299.3
904966,5007471,FedEx,,,32.46,389.7
904967,5006556,UPS,14-12-2024,24-12-2024,339.26,
904968,5007978,UPS,01-06-2025,,137.8,2102
904969,5010773,DHL,04-07-2025,05-07-2025,29.08,369.2
904970,5002415,UPS,05-09-2021,16-09-2021,325.93,4742.5
904971,5002537,FedEx,23-06-2026,06-07-2026,403.27,6395.5
904972,5007597,FedEx,26-04-2022,05-05-2022,420.45,7603.3
904973,5004204,DHL,19-06-2024,20-06-2024,20.39,357.3
904974,5005706,DHL Express,03-08-2026,16-08-2026,678.79,10216.8
904975,5004794,DHL,02-06-2026,13-02-2026,184.89,3452.2
904976,5011008,Blue Dart,13-05-2026,26-05-2026,724.92,11081.7
904977,5000032,fedex,17-07-2024,18-07-2024,18.39,75.9
904978,5003696,UPS,08-02-2026,19-02-2026,443.42,8953.9
904979,5007561,fedex,30-08-2024,31-08-2024,59.08,
904980,5003848,fedex,21-09-2024,15-10-2024,685.4,10908.3
904981,5001918,DHL,22-06-2026,15-07-2026,716.47,10608.6
904982,5003542,UPS,23-Nov-22,26-11-2022,159.03,3134.6
904983,5005971,FedEx,18-11-2025,02-12-2025,422.98,9367.8
904984,5005319,DHL,,,657.32,11002.4
904985,5001404,Maersk,24-11-2023,10-12-2023,560.06,10534.8
904986,5007198,Maersk,20-02-2026,23-02-2026,124.28,2508.7
904987,5003209,Blue Dart,26-04-2025,06-05-2025,381.15,9086.1
904988,5007448,Blue Dart,21-03-2026,,65.36,1325.4
904989,5005363,FedEx,,,629.61,11767
904990,5003594,UPS,21-02-2026,02-03-2026,432.17,7743.2
904991,5007451,Maersk,01-Jul-25,18-07-2025,375.02,7874.7
904992,5006946,Blue Dart,19-06-2023,02-07-2023,506.81,11237.5
904993,5009363,DHL,18-02-2026,27-02-2026,,4709
904994,5002936,UPS,06-08-2024,07-08-2024,12.3,136.4
904995,5000449,UPS,,,550.92,11272.6
904996,5009050,fedex,,,164.45,3798.1
904997,5005277,FedEx,23-05-2025,08-06-2025,388.87,8467.5
904998,5009373,FedEx,10-10-2025,20-10-2025,260.41,5494.8
904999,5006782,Maersk,26-03-2023,27-03-2023,17.18,257.8
905000,5004265,DHL Express,12-06-2026,15-06-2026,74.81,1415.1
905001,5001714,Maersk,27-09-2025,03-10-2025,124.89,2678.2
905002,5006912,FedEx,19-Oct-22,25-Oct-22,259.48,4917.4
905003,5009464,Blue Dart,04-04-2026,05-04-2026,111.43,1607.7
905004,5009331,fedex,18-Dec-23,22-12-2023,176.57,4027
905005,5007570,Maersk,24-08-2024,,248.94,4551
905006,5002468,fedex,06-12-2026,23-06-2026,482.93,8106.4
905007,5002804,Maersk,01-02-2025,14-01-2025,559.91,9085.7
905008,5011448,DHL,,,695.3,11679.6
905009,5006595,Maersk,26-03-2022,08-04-2022,319.41,7328.5
905010,5007208,UPS,,,23.96,133.2
905011,5000186,Blue Dart,12-11-2025,29-11-2025,636.21,10134.1
905012,5009373,FedEx,10-10-2025,11-10-2025,31.86,350.5
905013,5006152,DHL,06-03-2025,22-Mar-25,390.23,6646.3
905014,5007871,Maersk,10-02-2026,15-02-2026,252.33,4342.7
905015,5011411,Blue Dart,25-12-2025,14-01-2026,521.71,11357.1
905016,5001435,Maersk,16-Sep-23,19-09-2023,156.13,2308.3
905017,5006188,Blue Dart,08-10-2022,13-10-2022,250.94,4732.8
905018,5008680,UPS,25-07-2021,01-08-2021,265.82,4825.1
905019,5006584,FedEx,29-Jun-23,04-07-2023,244.27,4221.8
905020,5003686,FedEx,01-03-2024,02-03-2024,16.34,214.3
905021,5009650,UPS,15-03-2024,03-19-2024,180.89,3237.5
905022,5005299,Maersk,12-10-2023,20-10-2023,432.12,7343.8
905023,5009953,DHL,12-11-2023,15-11-2023,133.33,2099
905024,5008646,Blue Dart,07-08-2023,12-08-2023,198.49,3004.1
905025,5007636,DHL Express,03-02-2023,11-02-2023,382.58,7733.3
905026,5002800,DHL,30-06-2025,,145.86,3094.3
905027,5004105,FedEx,,,649.42,11867.1
905028,5008709,FedEx,30-05-2026,04-06-2026,246.16,4078.8
905029,5000118,FedEx,25-01-2025,05-02-2025,331.58,5875.6
905030,5002903,UPS,02-05-2026,09-05-2026,276.19,4602.6
905031,5005066,FedEx,24-04-2024,,659.11,
905032,5010637,UPS,29-03-2024,30-03-2024,36.62,530.1
905033,5002615,Blue Dart,12-04-2025,02-05-2025,491.99,9922.7
905034,5006465,FedEx,16-07-2025,,81.66,1895.9
905035,5004972,DHL Express,14-09-2021,25-09-2021,399.1,8512.3
905036,5010198,UPS,03-07-2025,05-07-2025,110.28,1922
905037,5005367,fedex,06-02-2025,07-02-2025,12.07,92.4
905038,5007412,Blue Dart,09-09-2024,25-09-2024,427.85,7614.6
905039,5008069,fedex,01-06-2025,06-06-2025,283.96,4050.1
905040,5002862,FedEx,23-03-2024,24-03-2024,38.58,569.3
905041,5006818,FedEx,18-06-2025,28-06-2025,390.18,5950.5
905042,5004817,DHL,24-12-2025,05-01-2026,575.19,11012.1
905043,5005379,DHL Express,,,581.43,10522.1
905044,5002013,UPS,,,365.79,6637.8
905045,5004749,Blue Dart,24-07-2024,25-07-2024,60.17,1039.3
905046,5001989,fedex,21-09-2022,01-10-2022,533.01,7984
905047,5010115,FedEx,12-07-2024,04-08-2024,676,10090.6
905048,5004973,DHL,,,325.69,5093.1
905049,5000139,DHL Express,14-07-2021,22-07-2021,426.06,7003.8
905050,5006073,DHL Express,07-12-2023,18-12-2023,251.82,5281.3
905051,5010006,FedEx,08-03-2024,13-03-2024,143.27,3026.4
905052,5006698,DHL,24-08-2024,07-09-2024,548.71,8326.4
905053,5004146,FedEx,,,431.7,6978.1
905054,5009578,Maersk,22-07-2025,04-08-2025,676.26,9942.8
905055,5000222,FedEx,05-01-2026,11-01-2026,185.46,4042.9
905056,5003975,Maersk,21-12-2024,28-12-2024,307.16,5922.6
905057,5011686,FedEx,25-03-2026,09-04-2026,506.39,11244.2
905058,5011254,Blue Dart,22-02-2024,02-03-2024,219.4,3913.9
905059,5010601,Maersk,20-10-2024,30-10-2024,330.31,6976.1
905060,5007099,Maersk,12-11-2024,27-11-2024,458.83,9267.8
905061,5010681,fedex,05-12-2023,13-12-2023,412.1,6128.4
905062,5000979,DHL Express,29-05-2025,08-06-2025,438.25,
905063,5007120,fedex,02-04-2024,09-04-2024,299.67,6673.7
905064,5000919,Maersk,22-06-2025,,444.06,9840.5
905065,5008562,DHL Express,09-05-2026,11-05-2026,149.5,1939.7
905066,5003769,FedEx,12-03-2026,19-03-2026,311.32,5870.1
905067,5004175,UPS,20-05-2026,24-05-2026,126.05,2394.1
905068,5001415,Blue Dart,20-07-2023,10-Aug-23,505.79,9500.4
905069,5011768,Blue Dart,09-02-2026,27-02-2026,568.97,9836.8
905070,5003229,FedEx,24-07-2024,03-08-2024,419.96,6431.7
905071,5009997,DHL Express,05-01-2026,16-01-2026,505.1,9581.8
905072,5008292,UPS,13-03-2022,,321.71,6372
905073,5003229,fedex,22-07-2024,31-07-2024,291.82,6299.1
905074,5009266,UPS,26-07-2025,04-08-2025,325.53,4840.5
905075,5009353,FedEx,26-02-2026,03-04-2026,177.49,
905076,5001631,fedex,03-04-2026,04-04-2026,11.69,22.2
905077,5009910,Maersk,10-07-2026,15-07-2026,181.34,3025
905078,5006752,Blue Dart,23-07-2022,24-07-2022,73.66,1305.7
905079,5003354,UPS,10-01-2022,,317.8,5018.7
905080,5001581,Maersk,,,681.08,10936.7
905081,5002846,DHL Express,28-03-2026,30-03-2026,118.09,1611.2
905082,5003146,Blue Dart,,,603.75,
905083,5002691,UPS,07-03-2025,16-03-2025,436.31,8446.4
905084,5006079,FedEx,15-02-2023,02-03-2023,350.28,
905085,5006500,DHL Express,20-01-2022,24-Jan-22,,3423.2
905086,5009629,FedEx,12-07-2025,14-07-2025,135.32,2058.8
905087,5011807,Blue Dart,04-02-2025,20-04-2025,405.79,9982.3
905088,5010061,Maersk,13-03-2025,26-03-2025,338.81,6197.9
905089,5005507,fedex,10-01-2026,25-01-2026,541.26,9352.1
905090,5011396,UPS,17-06-2024,21-06-2024,181.67,3532.8
905091,5009650,Maersk,18-03-2024,30-03-2024,754.8,11011.5
905092,5007129,UPS,25-04-2025,29-04-2025,247.59,3349.1
905093,5003234,FedEx,,,340.24,6989.6
905094,5003716,Maersk,19-04-2025,04-22-2025,148.27,3206.9
905095,5002917,UPS,19-08-2025,24-08-2025,,4827.1
905096,5010492,FedEx,03-07-2026,05-07-2026,138.05,2411.2
905097,5009159,Maersk,,,87.66,1416.7
905098,5000018,DHL,18-04-2023,26-04-2023,,5456.8
905099,5011249,fedex,02-08-2025,05-08-2025,229.83,3206.1
905100,5007875,Blue Dart,22-03-2022,04-04-2022,598.15,11800.5
905101,5000455,Maersk,,,,2653.4
905102,5004538,UPS,04-02-2024,24-02-2024,535.84,11958.1
905103,5001305,Blue Dart,06-01-2026,08-01-2026,53.45,1015.2
905104,5001564,UPS,06-06-2025,09-06-2025,163.11,2902
905105,5008313,UPS,,,501.29,9035.5
905106,5001341,Maersk,29-09-2024,07-10-2024,406.51,6378.3
905107,5002081,DHL Express,16-08-2025,27-08-2025,468.11,8144.5
905108,5006353,fedex,07-27-2026,05-08-2026,243.42,4001.7
905109,5009159,DHL,07-06-2024,17-06-2024,442.53,
905110,5006972,FedEx,06-05-2022,12-05-2022,210.19,4623.4
905111,5010400,DHL Express,02-03-2026,11-03-2026,274.59,6723.6
905112,5001363,DHL Express,28-09-2025,08-10-2025,258.9,5843.6
905113,5001981,UPS,01-09-2024,07-09-2024,279.65,4202.9
905114,5006566,Maersk,,,577.8,11363
905115,5010128,Blue Dart,13-01-2022,,534.1,11490.5
905116,5005489,Maersk,07-11-2024,21-11-2024,528.56,9653.7
905117,5010948,UPS,23-01-2024,04-02-2024,543.2,8234.2
905118,5005589,DHL,09-06-2024,02-07-2024,532.38,10510.7
905119,5004293,DHL,30-01-2026,06-02-2026,230.7,
905120,5011610,DHL,13-12-2023,01-01-2024,,11803.2
905121,5005481,fedex,29-06-2026,09-07-2026,212.35,4069.1
905122,5005216,Maersk,12-10-2022,13-10-2022,21.35,347.3
905123,5011499,Blue Dart,23-07-2024,31-07-2024,368.84,6510.3
905124,5006024,UPS,17-12-2024,24-12-2024,231.85,5168.2
905125,5002596,Blue Dart,27-09-2025,03-10-2025,176.82,3364.1
905126,5005369,DHL,06-15-2024,19-06-2024,254.6,4032.5
905127,5000315,Blue Dart,24-Jun-26,25-06-2026,104.15,1616.4
905128,5006654,UPS,22-06-2026,06-07-2026,358.39,7558.4
905129,5004126,UPS,02-01-2025,03-01-2025,52.43,706.4
905130,5000477,DHL Express,09-06-2026,10-06-2026,49.97,1075.4
905131,5003687,fedex,11-10-2025,10-13-2025,52.61,1043
905132,5001432,UPS,10-09-2025,02-10-2025,521.77,9369.6
905133,5008620,Maersk,05-03-2026,09-03-2026,133.17,2800.6
905134,5003770,FedEx,11-06-2025,12-06-2025,44.32,888.6
905135,5002657,DHL Express,,,428.16,8736.5
905136,5002279,UPS,03-11-2023,22-11-2023,602.85,9741.8
905137,5011063,DHL Express,25-03-2022,02-04-2022,335.45,5584.8
905138,5002214,fedex,,,311.44,4318.4
905139,5009704,DHL Express,20-04-2025,21-04-2025,11.17,43.5
905140,5010455,fedex,20-07-2024,22-07-2024,123.24,1698.8
905141,5000659,fedex,12-12-2022,29-12-2022,472.99,7910.4
905142,5005098,FedEx,05-07-2026,14-07-2026,327.22,5477.6
905143,5006903,DHL,15-06-2026,30-06-2026,672.39,10785.6
905144,5008765,DHL Express,04-06-2025,09-Jun-25,177.1,3246.7
905145,5005423,DHL,,,391.17,6169
905146,5008177,DHL,16-06-2022,25-Jun-22,319.65,7283.7
905147,5003936,DHL,05-12-2022,06-12-2022,52.06,783.9
905148,5001987,fedex,30-10-2022,03-11-2022,188.83,3452.3
905149,5007260,Blue Dart,18-11-2023,01-12-2023,621.06,9189.4
905150,5002384,UPS,17-05-2026,04-06-2026,678.17,10023.1
905151,5010243,Maersk,30-06-2026,08-07-2026,341.22,5493.5
905152,5006652,Maersk,16-11-2024,24-11-2024,282.86,4762.4
905153,5010176,Maersk,23-12-2023,,401.23,5927
905154,5010323,FedEx,18-03-2022,04-01-2022,291.05,6456.2
905155,5008776,FedEx,17-May-22,14-06-2022,673.61,11757.8
905156,5002477,UPS,21-06-2022,26-06-2022,186.26,2907
905157,5009247,UPS,07-09-2025,11-09-2025,140.37,2668.8
905158,5008670,Maersk,11-02-2026,24-Feb-26,555.41,11056.3
905159,5010407,DHL Express,15-02-2025,10-03-2025,463.72,10925.9
905160,5000874,UPS,06-11-2024,13-11-2024,496.54,7047.4
